kind,cell,surface,system,N,sample_status,finish_N,finish_sample_status,year_counts,division_counts,KO_TKO_N,SUBMISSION_N,DECISION_N,F_all_mean,F_finish_mean,K_all_mean,K_finish_mean,actual_KO_given_finish,conditional_gap,conditional_Wilson95,conditional_log_loss,conditional_brier,conditional_ECE,conditional_calibration_intercept,conditional_calibration_slope,multiclass_log_loss,multiclass_brier,predicted_KO_TKO,actual_KO_TKO,actual_KO_TKO_Wilson95,predicted_SUBMISSION,actual_SUBMISSION,actual_SUBMISSION_Wilson95,predicted_DECISION,actual_DECISION,actual_DECISION_Wilson95
archetype,A1_KD_CREATION_VS_WEAK_STRIKE_DEFENSE::MATCH,C0,S0,763,NORMAL,457,NORMAL,"{""2018"": 70, ""2019"": 60, ""2020"": 56, ""2021"": 86, ""2022"": 86, ""2023"": 101, ""2024"": 113, ""2025"": 110, ""2026"": 81}","{""Bantamweight"": 56, ""Catch Weight"": 10, ""Featherweight"": 68, ""Flyweight"": 35, ""Heavyweight"": 89, ""Light Heavyweight"": 147, ""Lightweight"": 110, ""Middleweight"": 104, ""Welterweight"": 115, ""Women's Bantamweight"": 8, ""Women's Featherweight"": 4, ""Women's Flyweight"": 9, ""Women's Strawweight"": 8}",331,126,306,0.556748778956351,0.57293897296386997,0.64065412056303095,0.64067928164064658,0.72428884026258211,-0.083609558621935531,"[0.681576858688546, 0.7632615907960136]",0.60471974573544296,0.2067076211098571,0.083609558621935531,1.3595319711517271,-0.68069838137555294,1.0301645846719818,0.62548428809935497,0.35664867907066544,0.43381389252948888,"[0.3990665437428925, 0.46922435414971053]",0.20010009988568545,0.16513761467889909,"[0.14048158658250504, 0.19314859978502147]",0.443251221043649,0.40104849279161203,"[0.366851820805088, 0.4362365512917739]"
archetype,A1_KD_CREATION_VS_WEAK_STRIKE_DEFENSE::MATCH,C1,S1,763,NORMAL,457,NORMAL,"{""2018"": 70, ""2019"": 60, ""2020"": 56, ""2021"": 86, ""2022"": 86, ""2023"": 101, ""2024"": 113, ""2025"": 110, ""2026"": 81}","{""Bantamweight"": 56, ""Catch Weight"": 10, ""Featherweight"": 68, ""Flyweight"": 35, ""Heavyweight"": 89, ""Light Heavyweight"": 147, ""Lightweight"": 110, ""Middleweight"": 104, ""Welterweight"": 115, ""Women's Bantamweight"": 8, ""Women's Featherweight"": 4, ""Women's Flyweight"": 9, ""Women's Strawweight"": 8}",331,126,306,0.556748778956351,0.57293897296386997,0.66500469289216901,0.67048976623335954,0.72428884026258211,-0.053799074029222571,"[0.681576858688546, 0.7632615907960136]",0.58476114971529236,0.19818945858347639,0.056860655867726352,0.29011946657195292,0.95832660424023619,1.0182103535039493,0.61902626859172105,0.37476906505296376,0.43381389252948888,"[0.3990665437428925, 0.46922435414971053]",0.18197971390338724,0.16513761467889909,"[0.14048158658250504, 0.19314859978502147]",0.443251221043649,0.40104849279161203,"[0.366851820805088, 0.4362365512917739]"
archetype,A1_KD_CREATION_VS_WEAK_STRIKE_DEFENSE::MATCH,MOV1_MIN,S2,763,NORMAL,457,NORMAL,"{""2018"": 70, ""2019"": 60, ""2020"": 56, ""2021"": 86, ""2022"": 86, ""2023"": 101, ""2024"": 113, ""2025"": 110, ""2026"": 81}","{""Bantamweight"": 56, ""Catch Weight"": 10, ""Featherweight"": 68, ""Flyweight"": 35, ""Heavyweight"": 89, ""Light Heavyweight"": 147, ""Lightweight"": 110, ""Middleweight"": 104, ""Welterweight"": 115, ""Women's Bantamweight"": 8, ""Women's Featherweight"": 4, ""Women's Flyweight"": 9, ""Women's Strawweight"": 8}",331,126,306,0.556748778956351,0.57293897296386997,0.71947503230179588,0.72217023323139351,0.72428884026258211,-0.0021186070311886018,"[0.681576858688546, 0.7632615907960136]",0.55418453579562055,0.18811490472261264,0.04180523302960102,0.18865539144295429,0.79530233229722569,0.999896444511433,0.61062947685509228,0.40286896588171162,0.43381389252948888,"[0.3990665437428925, 0.46922435414971053]",0.15387981307463935,0.16513761467889909,"[0.14048158658250504, 0.19314859978502147]",0.443251221043649,0.40104849279161203,"[0.366851820805088, 0.4362365512917739]"
archetype,A1_KD_CREATION_VS_WEAK_STRIKE_DEFENSE::MATCH,MOV1_FULL,S3,763,NORMAL,457,NORMAL,"{""2018"": 70, ""2019"": 60, ""2020"": 56, ""2021"": 86, ""2022"": 86, ""2023"": 101, ""2024"": 113, ""2025"": 110, ""2026"": 81}","{""Bantamweight"": 56, ""Catch Weight"": 10, ""Featherweight"": 68, ""Flyweight"": 35, ""Heavyweight"": 89, ""Light Heavyweight"": 147, ""Lightweight"": 110, ""Middleweight"": 104, ""Welterweight"": 115, ""Women's Bantamweight"": 8, ""Women's Featherweight"": 4, ""Women's Flyweight"": 9, ""Women's Strawweight"": 8}",331,126,306,0.556748778956351,0.57293897296386997,0.71418426514724576,0.71665013130751565,0.72428884026258211,-0.0076387089550664644,"[0.681576858688546, 0.7632615907960136]",0.55452742760873885,0.18726955865817166,0.032582808439815626,0.22270250911850362,0.78425334009787762,1.0001018200797096,0.61025376802675635,0.39955627736161464,0.43381389252948888,"[0.3990665437428925, 0.46922435414971053]",0.15719250159473636,0.16513761467889909,"[0.14048158658250504, 0.19314859978502147]",0.443251221043649,0.40104849279161203,"[0.366851820805088, 0.4362365512917739]"
archetype,A1_KD_CREATION_VS_WEAK_STRIKE_DEFENSE::NO_MATCH,C0,S0,2948,NORMAL,1349,NORMAL,"{""2018"": 339, ""2019"": 381, ""2020"": 333, ""2021"": 355, ""2022"": 355, ""2023"": 327, ""2024"": 329, ""2025"": 329, ""2026"": 200}","{""Bantamweight"": 362, ""Catch Weight"": 42, ""Featherweight"": 365, ""Flyweight"": 182, ""Heavyweight"": 181, ""Light Heavyweight"": 131, ""Lightweight"": 397, ""Middleweight"": 300, ""Welterweight"": 363, ""Women's Bantamweight"": 135, ""Women's Featherweight"": 15, ""Women's Flyweight"": 232, ""Women's Strawweight"": 243}",819,530,1599,0.44731125835600016,0.47740671681294439,0.64019027066074552,0.64030274244130836,0.60711638250555966,0.033186359935748699,"[0.5807853329305616, 0.6328391077721417]",0.67287583093857384,0.2398545965608142,0.033186359935748699,5.6527000482175342,-9.0438231845396775,0.97508332457367342,0.57933850077535065,0.28634845112296137,0.27781546811397556,"[0.2619434216103833, 0.2942658063325818]",0.16096280723303877,0.17978290366350066,"[0.16634047686072256, 0.1940587768463905]",0.55268874164399995,0.54240162822252369,"[0.5243740363095126, 0.5603188591212191]"
archetype,A1_KD_CREATION_VS_WEAK_STRIKE_DEFENSE::NO_MATCH,C1,S1,2948,NORMAL,1349,NORMAL,"{""2018"": 339, ""2019"": 381, ""2020"": 333, ""2021"": 355, ""2022"": 355, ""2023"": 327, ""2024"": 329, ""2025"": 329, ""2026"": 200}","{""Bantamweight"": 362, ""Catch Weight"": 42, ""Featherweight"": 365, ""Flyweight"": 182, ""Heavyweight"": 181, ""Light Heavyweight"": 131, ""Lightweight"": 397, ""Middleweight"": 300, ""Welterweight"": 363, ""Women's Bantamweight"": 135, ""Women's Featherweight"": 15, ""Women's Flyweight"": 232, ""Women's Strawweight"": 243}",819,530,1599,0.44731125835600016,0.47740671681294439,0.61695008316654332,0.62980941027837822,0.60711638250555966,0.022693027772818564,"[0.5807853329305616, 0.6328391077721417]",0.66367525116138226,0.23519471335525385,0.025840098089281168,0.072712845650100777,0.66967625875289483,0.97087315424822174,0.57806548269544655,0.28274093563477298,0.27781546811397556,"[0.2619434216103833, 0.2942658063325818]",0.16457032272122715,0.17978290366350066,"[0.16634047686072256, 0.1940587768463905]",0.55268874164399995,0.54240162822252369,"[0.5243740363095126, 0.5603188591212191]"
archetype,A1_KD_CREATION_VS_WEAK_STRIKE_DEFENSE::NO_MATCH,MOV1_MIN,S2,2948,NORMAL,1349,NORMAL,"{""2018"": 339, ""2019"": 381, ""2020"": 333, ""2021"": 355, ""2022"": 355, ""2023"": 327, ""2024"": 329, ""2025"": 329, ""2026"": 200}","{""Bantamweight"": 362, ""Catch Weight"": 42, ""Featherweight"": 365, ""Flyweight"": 182, ""Heavyweight"": 181, ""Light Heavyweight"": 131, ""Lightweight"": 397, ""Middleweight"": 300, ""Welterweight"": 363, ""Women's Bantamweight"": 135, ""Women's Featherweight"": 15, ""Women's Flyweight"": 232, ""Women's Strawweight"": 243}",819,530,1599,0.44731125835600016,0.47740671681294439,0.64151653205893344,0.64615817033578371,0.60711638250555966,0.039041787830224051,"[0.5807853329305616, 0.6328391077721417]",0.64409876810467437,0.22607759479278453,0.055039754380222787,-0.037076209586123877,0.74422330568887207,0.96191498747634285,0.57353595617182018,0.29007397695325438,0.27781546811397556,"[0.2619434216103833, 0.2942658063325818]",0.15723728140274573,0.17978290366350066,"[0.16634047686072256, 0.1940587768463905]",0.55268874164399995,0.54240162822252369,"[0.5243740363095126, 0.5603188591212191]"
archetype,A1_KD_CREATION_VS_WEAK_STRIKE_DEFENSE::NO_MATCH,MOV1_FULL,S3,2948,NORMAL,1349,NORMAL,"{""2018"": 339, ""2019"": 381, ""2020"": 333, ""2021"": 355, ""2022"": 355, ""2023"": 327, ""2024"": 329, ""2025"": 329, ""2026"": 200}","{""Bantamweight"": 362, ""Catch Weight"": 42, ""Featherweight"": 365, ""Flyweight"": 182, ""Heavyweight"": 181, ""Light Heavyweight"": 131, ""Lightweight"": 397, ""Middleweight"": 300, ""Welterweight"": 363, ""Women's Bantamweight"": 135, ""Women's Featherweight"": 15, ""Women's Flyweight"": 232, ""Women's Strawweight"": 243}",819,530,1599,0.44731125835600016,0.47740671681294439,0.64408455263707876,0.64695336289923122,0.60711638250555966,0.039836980393671562,"[0.5807853329305616, 0.6328391077721417]",0.65006145192734666,0.22840214696420635,0.064389451539708334,0.0034754397823271816,0.66938326727627095,0.96464350188502157,0.57436975922765332,0.29071929352830017,0.27781546811397556,"[0.2619434216103833, 0.2942658063325818]",0.15659196482769999,0.17978290366350066,"[0.16634047686072256, 0.1940587768463905]",0.55268874164399995,0.54240162822252369,"[0.5243740363095126, 0.5603188591212191]"
archetype,A1_KD_CREATION_VS_WEAK_STRIKE_DEFENSE::UNASSIGNABLE,C0,S0,549,NORMAL,309,NORMAL,"{""2018"": 61, ""2019"": 66, ""2020"": 54, ""2021"": 51, ""2022"": 64, ""2023"": 77, ""2024"": 60, ""2025"": 65, ""2026"": 51}","{""Bantamweight"": 70, ""Catch Weight"": 7, ""Featherweight"": 69, ""Flyweight"": 35, ""Heavyweight"": 46, ""Light Heavyweight"": 41, ""Lightweight"": 69, ""Middleweight"": 72, ""Welterweight"": 68, ""Women's Bantamweight"": 15, ""Women's Featherweight"": 8, ""Women's Flyweight"": 25, ""Women's Strawweight"": 24}",211,98,240,0.49641777239349999,0.50563086784343236,0.64045269798326565,0.64050876236359944,0.68284789644012944,-0.042339134076530005,"[0.6289856358005774, 0.7322196866204711]",0.62800242269693829,0.21805116131436772,0.042339134076530005,-8.5426453839654055,16.134303536598303,1.0433026184709902,0.63343666061844883,0.31793544734478763,0.38433515482695813,"[0.34458237469513825, 0.42569534602625486]",0.17848232504871234,0.1785063752276867,"[0.1487412048792715, 0.21273938893688393]",0.50358222760649995,0.43715846994535518,"[0.39624427130954737, 0.4789459864052253]"
archetype,A1_KD_CREATION_VS_WEAK_STRIKE_DEFENSE::UNASSIGNABLE,C1,S1,549,NORMAL,309,NORMAL,"{""2018"": 61, ""2019"": 66, ""2020"": 54, ""2021"": 51, ""2022"": 64, ""2023"": 77, ""2024"": 60, ""2025"": 65, ""2026"": 51}","{""Bantamweight"": 70, ""Catch Weight"": 7, ""Featherweight"": 69, ""Flyweight"": 35, ""Heavyweight"": 46, ""Light Heavyweight"": 41, ""Lightweight"": 69, ""Middleweight"": 72, ""Welterweight"": 68, ""Women's Bantamweight"": 15, ""Women's Featherweight"": 8, ""Women's Flyweight"": 25, ""Women's Strawweight"": 24}",211,98,240,0.49641777239349999,0.50563086784343236,0.60981126169132371,0.62210148429957191,0.68284789644012944,-0.060746412140557537,"[0.6289856358005774, 0.7322196866204711]",0.62932117559782963,0.2189743190740428,0.060746412140557607,0.44673451098483996,0.64295381685415864,1.0440448673714917,0.63315521638358518,0.30659832374838214,0.38433515482695813,"[0.34458237469513825, 0.42569534602625486]",0.18981944864511785,0.1785063752276867,"[0.1487412048792715, 0.21273938893688393]",0.50358222760649995,0.43715846994535518,"[0.39624427130954737, 0.4789459864052253]"
archetype,A1_KD_CREATION_VS_WEAK_STRIKE_DEFENSE::UNASSIGNABLE,MOV1_MIN,S2,549,NORMAL,309,NORMAL,"{""2018"": 61, ""2019"": 66, ""2020"": 54, ""2021"": 51, ""2022"": 64, ""2023"": 77, ""2024"": 60, ""2025"": 65, ""2026"": 51}","{""Bantamweight"": 70, ""Catch Weight"": 7, ""Featherweight"": 69, ""Flyweight"": 35, ""Heavyweight"": 46, ""Light Heavyweight"": 41, ""Lightweight"": 69, ""Middleweight"": 72, ""Welterweight"": 68, ""Women's Bantamweight"": 15, ""Women's Featherweight"": 8, ""Women's Flyweight"": 25, ""Women's Strawweight"": 24}",211,98,240,0.49641777239349999,0.50563086784343236,0.64622106633261811,0.65005800742646103,0.68284789644012944,-0.032789889013668416,"[0.6289856358005774, 0.7322196866204711]",0.5804098630743787,0.19691545760513851,0.059830843059295605,-0.19246101374736768,1.6243187407820645,1.0165155493938116,0.62029871603236164,0.32432119994171177,0.38433515482695813,"[0.34458237469513825, 0.42569534602625486]",0.17209657245178817,0.1785063752276867,"[0.1487412048792715, 0.21273938893688393]",0.50358222760649995,0.43715846994535518,"[0.39624427130954737, 0.4789459864052253]"
archetype,A1_KD_CREATION_VS_WEAK_STRIKE_DEFENSE::UNASSIGNABLE,MOV1_FULL,S3,549,NORMAL,309,NORMAL,"{""2018"": 61, ""2019"": 66, ""2020"": 54, ""2021"": 51, ""2022"": 64, ""2023"": 77, ""2024"": 60, ""2025"": 65, ""2026"": 51}","{""Bantamweight"": 70, ""Catch Weight"": 7, ""Featherweight"": 69, ""Flyweight"": 35, ""Heavyweight"": 46, ""Light Heavyweight"": 41, ""Lightweight"": 69, ""Middleweight"": 72, ""Welterweight"": 68, ""Women's Bantamweight"": 15, ""Women's Featherweight"": 8, ""Women's Flyweight"": 25, ""Women's Strawweight"": 24}",211,98,240,0.49641777239349999,0.50563086784343236,0.63477091602592883,0.63886489171284411,0.68284789644012944,-0.043983004727285335,"[0.6289856358005774, 0.7322196866204711]",0.58346531090446285,0.19818702496048657,0.059994455951346032,0.031753308360605935,1.3568244480978007,1.0182352823254985,0.62148573467582569,0.31949556340844942,0.38433515482695813,"[0.34458237469513825, 0.42569534602625486]",0.17692220898505054,0.1785063752276867,"[0.1487412048792715, 0.21273938893688393]",0.50358222760649995,0.43715846994535518,"[0.39624427130954737, 0.4789459864052253]"
archetype,A2_BOTH_HIGH_DAMAGE_EXCHANGE::MATCH,C0,S0,143,NORMAL,79,MODERATE_UNCERTAINTY,"{""2018"": 3, ""2019"": 11, ""2020"": 7, ""2021"": 23, ""2022"": 16, ""2023"": 18, ""2024"": 22, ""2025"": 28, ""2026"": 15}","{""Bantamweight"": 28, ""Catch Weight"": 2, ""Featherweight"": 16, ""Heavyweight"": 4, ""Light Heavyweight"": 16, ""Lightweight"": 32, ""Middleweight"": 14, ""Welterweight"": 31}",70,9,64,0.54983146889466827,0.58301119856356942,0.64068207095724716,0.64083266873600564,0.88607594936708856,-0.24524328063108292,"[0.7974520728901779, 0.9388942067188184]",0.51105949237814219,0.16114432990436089,0.24524328063108292,5.4274093474964777,-5.8271333666549321,0.93079939199487471,0.56126867193159824,0.35219816880049221,0.48951048951048953,"[0.40893105959920256, 0.5706387429341319]",0.19763330009417604,0.062937062937062943,"[0.03346148829563163, 0.11528028392664248]",0.45016853110533173,0.44755244755244755,"[0.3684877717153971, 0.5293612409512758]"
archetype,A2_BOTH_HIGH_DAMAGE_EXCHANGE::MATCH,C1,S1,143,NORMAL,79,MODERATE_UNCERTAINTY,"{""2018"": 3, ""2019"": 11, ""2020"": 7, ""2021"": 23, ""2022"": 16, ""2023"": 18, ""2024"": 22, ""2025"": 28, ""2026"": 15}","{""Bantamweight"": 28, ""Catch Weight"": 2, ""Featherweight"": 16, ""Heavyweight"": 4, ""Light Heavyweight"": 16, ""Lightweight"": 32, ""Middleweight"": 14, ""Welterweight"": 31}",70,9,64,0.54983146889466827,0.58301119856356942,0.67644514632276886,0.6909777384250505,0.88607594936708856,-0.19509821094203805,"[0.7974520728901779, 0.9388942067188184]",0.45040297191841344,0.13644199179369626,0.19509821094203819,0.66559357942576236,1.8530253148970619,0.89728984572691284,0.54152707773232156,0.37660481816401326,0.48951048951048953,"[0.40893105959920256, 0.5706387429341319]",0.17322665073065494,0.062937062937062943,"[0.03346148829563163, 0.11528028392664248]",0.45016853110533173,0.44755244755244755,"[0.3684877717153971, 0.5293612409512758]"
archetype,A2_BOTH_HIGH_DAMAGE_EXCHANGE::MATCH,MOV1_MIN,S2,143,NORMAL,79,MODERATE_UNCERTAINTY,"{""2018"": 3, ""2019"": 11, ""2020"": 7, ""2021"": 23, ""2022"": 16, ""2023"": 18, ""2024"": 22, ""2025"": 28, ""2026"": 15}","{""Bantamweight"": 28, ""Catch Weight"": 2, ""Featherweight"": 16, ""Heavyweight"": 4, ""Light Heavyweight"": 16, ""Lightweight"": 32, ""Middleweight"": 14, ""Welterweight"": 31}",70,9,64,0.54983146889466827,0.58301119856356942,0.81459575831857378,0.82065462266364142,0.88607594936708856,-0.065421326703447136,"[0.7974520728901779, 0.9388942067188184]",0.35082029815663596,0.1028451188438029,0.065421326703447163,0.23990725999748588,1.2277552934525742,0.84227564134103594,0.52050606459299786,0.44762170538140372,0.48951048951048953,"[0.40893105959920256, 0.5706387429341319]",0.10220976351326455,0.062937062937062943,"[0.03346148829563163, 0.11528028392664248]",0.45016853110533173,0.44755244755244755,"[0.3684877717153971, 0.5293612409512758]"
archetype,A2_BOTH_HIGH_DAMAGE_EXCHANGE::MATCH,MOV1_FULL,S3,143,NORMAL,79,MODERATE_UNCERTAINTY,"{""2018"": 3, ""2019"": 11, ""2020"": 7, ""2021"": 23, ""2022"": 16, ""2023"": 18, ""2024"": 22, ""2025"": 28, ""2026"": 15}","{""Bantamweight"": 28, ""Catch Weight"": 2, ""Featherweight"": 16, ""Heavyweight"": 4, ""Light Heavyweight"": 16, ""Lightweight"": 32, ""Middleweight"": 14, ""Welterweight"": 31}",70,9,64,0.54983146889466827,0.58301119856356942,0.81727039637278565,0.81771810211517748,0.88607594936708856,-0.068357847251911075,"[0.7974520728901779, 0.9388942067188184]",0.36960023269745224,0.10967248679401222,0.068357847251911144,1.1467353175521795,0.59162381206557868,0.85265057021323509,0.52718480138317569,0.44819099109622268,0.48951048951048953,"[0.40893105959920256, 0.5706387429341319]",0.10164047779844558,0.062937062937062943,"[0.03346148829563163, 0.11528028392664248]",0.45016853110533173,0.44755244755244755,"[0.3684877717153971, 0.5293612409512758]"
archetype,A2_BOTH_HIGH_DAMAGE_EXCHANGE::NO_MATCH,C0,S0,3913,NORMAL,1930,NORMAL,"{""2018"": 444, ""2019"": 473, ""2020"": 417, ""2021"": 448, ""2022"": 471, ""2023"": 458, ""2024"": 454, ""2025"": 456, ""2026"": 292}","{""Bantamweight"": 435, ""Catch Weight"": 55, ""Featherweight"": 454, ""Flyweight"": 238, ""Heavyweight"": 300, ""Light Heavyweight"": 294, ""Lightweight"": 510, ""Middleweight"": 435, ""Welterweight"": 488, ""Women's Bantamweight"": 154, ""Women's Featherweight"": 23, ""Women's Flyweight"": 261, ""Women's Strawweight"": 266}",1218,712,1983,0.47066551899139925,0.50024702505024987,0.64029155853329267,0.64040840696335022,0.63108808290155438,0.0093203240617958372,"[0.609320882951181, 0.6523344857927343]",0.65882911837916758,0.23302574519728106,0.0093203240617958372,3.3547449969107155,-4.8810807336916406,0.99490900060352927,0.59481153546683363,0.30135317128164074,0.31127012522361358,"[0.29695386542826235, 0.3259565802641952]",0.16931234770975856,0.18195757730641451,"[0.17018307670214947, 0.19435592081208666]",0.52933448100860059,0.50677229746997188,"[0.4911085925752229, 0.5224227184459685]"
archetype,A2_BOTH_HIGH_DAMAGE_EXCHANGE::NO_MATCH,C1,S1,3913,NORMAL,1930,NORMAL,"{""2018"": 444, ""2019"": 473, ""2020"": 417, ""2021"": 448, ""2022"": 471, ""2023"": 458, ""2024"": 454, ""2025"": 456, ""2026"": 292}","{""Bantamweight"": 435, ""Catch Weight"": 55, ""Featherweight"": 454, ""Flyweight"": 238, ""Heavyweight"": 300, ""Light Heavyweight"": 294, ""Lightweight"": 510, ""Middleweight"": 435, ""Welterweight"": 488, ""Women's Bantamweight"": 154, ""Women's Featherweight"": 23, ""Women's Flyweight"": 261, ""Women's Strawweight"": 266}",1218,712,1983,0.47066551899139925,0.50024702505024987,0.62397546727566378,0.63657528062858748,0.63108808290155438,0.0054871977270330996,"[0.609320882951181, 0.6523344857927343]",0.65022117357067633,0.22882746656749747,0.020026226506103452,0.13514905680648762,0.70822518714142613,0.99066332376213184,0.5932801680042028,0.30052177293101939,0.31127012522361358,"[0.29695386542826235, 0.3259565802641952]",0.17014374606037996,0.18195757730641451,"[0.17018307670214947, 0.19435592081208666]",0.52933448100860059,0.50677229746997188,"[0.4911085925752229, 0.5224227184459685]"
archetype,A2_BOTH_HIGH_DAMAGE_EXCHANGE::NO_MATCH,MOV1_MIN,S2,3913,NORMAL,1930,NORMAL,"{""2018"": 444, ""2019"": 473, ""2020"": 417, ""2021"": 448, ""2022"": 471, ""2023"": 458, ""2024"": 454, ""2025"": 456, ""2026"": 292}","{""Bantamweight"": 435, ""Catch Weight"": 55, ""Featherweight"": 454, ""Flyweight"": 238, ""Heavyweight"": 300, ""Light Heavyweight"": 294, ""Lightweight"": 510, ""Middleweight"": 435, ""Welterweight"": 488, ""Women's Bantamweight"": 154, ""Women's Featherweight"": 23, ""Women's Flyweight"": 261, ""Women's Strawweight"": 266}",1218,712,1983,0.47066551899139925,0.50024702505024987,0.65069254819199429,0.65748632113202954,0.63108808290155438,0.026398238230475157,"[0.609320882951181, 0.6523344857927343]",0.62624754101543623,0.21823888198026178,0.039772361269324638,-0.00074999889899861132,0.79326420661975361,0.97883886405561171,0.58730203951562876,0.31018308373871922,0.31127012522361358,"[0.29695386542826235, 0.3259565802641952]",0.16048243525268005,0.18195757730641451,"[0.17018307670214947, 0.19435592081208666]",0.52933448100860059,0.50677229746997188,"[0.4911085925752229, 0.5224227184459685]"
archetype,A2_BOTH_HIGH_DAMAGE_EXCHANGE::NO_MATCH,MOV1_FULL,S3,3913,NORMAL,1930,NORMAL,"{""2018"": 444, ""2019"": 473, ""2020"": 417, ""2021"": 448, ""2022"": 471, ""2023"": 458, ""2024"": 454, ""2025"": 456, ""2026"": 292}","{""Bantamweight"": 435, ""Catch Weight"": 55, ""Featherweight"": 454, ""Flyweight"": 238, ""Heavyweight"": 300, ""Light Heavyweight"": 294, ""Lightweight"": 510, ""Middleweight"": 435, ""Welterweight"": 488, ""Women's Bantamweight"": 154, ""Women's Featherweight"": 23, ""Women's Flyweight"": 261, ""Women's Strawweight"": 266}",1218,712,1983,0.47066551899139925,0.50024702505024987,0.65103131572671014,0.65616643479811132,0.63108808290155438,0.025078351896556939,"[0.609320882951181, 0.6523344857927343]",0.62953618518673593,0.21925685758548008,0.043281649074619399,0.039201480751015823,0.73595631283333662,0.98046091446466066,0.58763450083140178,0.30979822224660508,0.31127012522361358,"[0.29695386542826235, 0.3259565802641952]",0.16086729674479422,0.18195757730641451,"[0.17018307670214947, 0.19435592081208666]",0.52933448100860059,0.50677229746997188,"[0.4911085925752229, 0.5224227184459685]"
archetype,A2_BOTH_HIGH_DAMAGE_EXCHANGE::UNASSIGNABLE,C0,S0,204,NORMAL,106,NORMAL,"{""2018"": 23, ""2019"": 23, ""2020"": 19, ""2021"": 21, ""2022"": 18, ""2023"": 29, ""2024"": 26, ""2025"": 20, ""2026"": 25}","{""Bantamweight"": 25, ""Catch Weight"": 2, ""Featherweight"": 32, ""Flyweight"": 14, ""Heavyweight"": 12, ""Light Heavyweight"": 9, ""Lightweight"": 34, ""Middleweight"": 27, ""Welterweight"": 27, ""Women's Bantamweight"": 4, ""Women's Featherweight"": 4, ""Women's Flyweight"": 5, ""Women's Strawweight"": 9}",73,33,98,0.4689519076271213,0.47698176184214036,0.64034381569913046,0.6402078543777554,0.68867924528301883,-0.048471390905263423,"[0.5952376131106485, 0.7689236100691732]",0.62457801868793106,0.21638634113854432,0.048471390905263423,-11.899217361500732,22.05393641258836,1.0154466866255281,0.61339304126044747,0.30032078073610663,0.35784313725490197,"[0.2952474498721925, 0.4256936928185116]",0.16863112689101467,0.16176470588235295,"[0.11756552380962933, 0.21846685017859746]",0.53104809237287876,0.48039215686274511,"[0.41283044718134293, 0.5486786759484094]"
archetype,A2_BOTH_HIGH_DAMAGE_EXCHANGE::UNASSIGNABLE,C1,S1,204,NORMAL,106,NORMAL,"{""2018"": 23, ""2019"": 23, ""2020"": 19, ""2021"": 21, ""2022"": 18, ""2023"": 29, ""2024"": 26, ""2025"": 20, ""2026"": 25}","{""Bantamweight"": 25, ""Catch Weight"": 2, ""Featherweight"": 32, ""Flyweight"": 14, ""Heavyweight"": 12, ""Light Heavyweight"": 9, ""Lightweight"": 34, ""Middleweight"": 27, ""Welterweight"": 27, ""Women's Bantamweight"": 4, ""Women's Featherweight"": 4, ""Women's Flyweight"": 5, ""Women's Strawweight"": 9}",73,33,98,0.4689519076271213,0.47698176184214036,0.60101053503138613,0.61394852201879735,0.68867924528301883,-0.074730723264221477,"[0.5952376131106485, 0.7689236100691732]",0.62721983701285355,0.21789988354521933,0.074730723264221602,0.45341312602459261,0.73944279170422722,1.0168193961473015,0.61329720686313782,0.28429102033358494,0.35784313725490197,"[0.2952474498721925, 0.4256936928185116]",0.18466088729353636,0.16176470588235295,"[0.11756552380962933, 0.21846685017859746]",0.53104809237287876,0.48039215686274511,"[0.41283044718134293, 0.5486786759484094]"
archetype,A2_BOTH_HIGH_DAMAGE_EXCHANGE::UNASSIGNABLE,MOV1_MIN,S2,204,NORMAL,106,NORMAL,"{""2018"": 23, ""2019"": 23, ""2020"": 19, ""2021"": 21, ""2022"": 18, ""2023"": 29, ""2024"": 26, ""2025"": 20, ""2026"": 25}","{""Bantamweight"": 25, ""Catch Weight"": 2, ""Featherweight"": 32, ""Flyweight"": 14, ""Heavyweight"": 12, ""Light Heavyweight"": 9, ""Lightweight"": 34, ""Middleweight"": 27, ""Welterweight"": 27, ""Women's Bantamweight"": 4, ""Women's Featherweight"": 4, ""Women's Flyweight"": 5, ""Women's Strawweight"": 9}",73,33,98,0.4689519076271213,0.47698176184214036,0.64842361302834983,0.64893186499293276,0.68867924528301883,-0.039747380290086065,"[0.5952376131106485, 0.7689236100691732]",0.61439302837378451,0.21196468512379577,0.073731502808229502,0.28188652327022312,0.83408772796494202,1.0101544857760205,0.61124037683957633,0.3079565355626997,0.35784313725490197,"[0.2952474498721925, 0.4256936928185116]",0.1609953720644216,0.16176470588235295,"[0.11756552380962933, 0.21846685017859746]",0.53104809237287876,0.48039215686274511,"[0.41283044718134293, 0.5486786759484094]"
archetype,A2_BOTH_HIGH_DAMAGE_EXCHANGE::UNASSIGNABLE,MOV1_FULL,S3,204,NORMAL,106,NORMAL,"{""2018"": 23, ""2019"": 23, ""2020"": 19, ""2021"": 21, ""2022"": 18, ""2023"": 29, ""2024"": 26, ""2025"": 20, ""2026"": 25}","{""Bantamweight"": 25, ""Catch Weight"": 2, ""Featherweight"": 32, ""Flyweight"": 14, ""Heavyweight"": 12, ""Light Heavyweight"": 9, ""Lightweight"": 34, ""Middleweight"": 27, ""Welterweight"": 27, ""Women's Bantamweight"": 4, ""Women's Featherweight"": 4, ""Women's Flyweight"": 5, ""Women's Strawweight"": 9}",73,33,98,0.4689519076271213,0.47698176184214036,0.62655825127336484,0.62884432896615317,0.68867924528301883,-0.059834916316865661,"[0.5952376131106485, 0.7689236100691732]",0.62678734286003945,0.21798692148665633,0.10120574977828169,0.5108719531985032,0.52837672932117463,1.0165946687933882,0.61402017251713659,0.29888836216595205,0.35784313725490197,"[0.2952474498721925, 0.4256936928185116]",0.17006354546116922,0.16176470588235295,"[0.11756552380962933, 0.21846685017859746]",0.53104809237287876,0.48039215686274511,"[0.41283044718134293, 0.5486786759484094]"
archetype,A3_ACCURACY_VS_ABSORPTION::MATCH,C0,S0,973,NORMAL,467,NORMAL,"{""2018"": 44, ""2019"": 64, ""2020"": 61, ""2021"": 100, ""2022"": 139, ""2023"": 154, ""2024"": 154, ""2025"": 159, ""2026"": 98}","{""Bantamweight"": 93, ""Catch Weight"": 13, ""Featherweight"": 111, ""Flyweight"": 39, ""Heavyweight"": 71, ""Light Heavyweight"": 94, ""Lightweight"": 137, ""Middleweight"": 114, ""Welterweight"": 99, ""Women's Bantamweight"": 44, ""Women's Featherweight"": 6, ""Women's Flyweight"": 78, ""Women's Strawweight"": 74}",301,166,506,0.47931916335099584,0.51306240503627054,0.64115507728442622,0.64134399207852666,0.64453961456102782,-0.0031956224825011592,"[0.600109707210148, 0.6866110083745234]",0.65148854377704513,0.22944265720008927,0.0031956224825011592,9.9209709796996304,-16.033101126150214,0.97966372994840745,0.58401510842843107,0.30728749817779355,0.30935251798561153,"[0.28110636356324226, 0.33909812647970183]",0.17203166517320226,0.17060637204522097,"[0.14827693978844375, 0.19552650527227633]",0.52068083664900422,0.52004110996916753,"[0.4886324501292032, 0.551292145257118]"
archetype,A3_ACCURACY_VS_ABSORPTION::MATCH,C1,S1,973,NORMAL,467,NORMAL,"{""2018"": 44, ""2019"": 64, ""2020"": 61, ""2021"": 100, ""2022"": 139, ""2023"": 154, ""2024"": 154, ""2025"": 159, ""2026"": 98}","{""Bantamweight"": 93, ""Catch Weight"": 13, ""Featherweight"": 111, ""Flyweight"": 39, ""Heavyweight"": 71, ""Light Heavyweight"": 94, ""Lightweight"": 137, ""Middleweight"": 114, ""Welterweight"": 99, ""Women's Bantamweight"": 44, ""Women's Featherweight"": 6, ""Women's Flyweight"": 78, ""Women's Strawweight"": 74}",301,166,506,0.47931916335099584,0.51306240503627054,0.62524338630109777,0.63956265674316493,0.64453961456102782,-0.0049769578178628926,"[0.600109707210148, 0.6866110083745234]",0.63215956230684978,0.2209034931151026,0.010991568518580221,0.00572479785779062,1.0301577675444313,0.97038661345654598,0.58027999511876327,0.30780455914087407,0.30935251798561153,"[0.28110636356324226, 0.33909812647970183]",0.17151460421012177,0.17060637204522097,"[0.14827693978844375, 0.19552650527227633]",0.52068083664900422,0.52004110996916753,"[0.4886324501292032, 0.551292145257118]"
archetype,A3_ACCURACY_VS_ABSORPTION::MATCH,MOV1_MIN,S2,973,NORMAL,467,NORMAL,"{""2018"": 44, ""2019"": 64, ""2020"": 61, ""2021"": 100, ""2022"": 139, ""2023"": 154, ""2024"": 154, ""2025"": 159, ""2026"": 98}","{""Bantamweight"": 93, ""Catch Weight"": 13, ""Featherweight"": 111, ""Flyweight"": 39, ""Heavyweight"": 71, ""Light Heavyweight"": 94, ""Lightweight"": 137, ""Middleweight"": 114, ""Welterweight"": 99, ""Women's Bantamweight"": 44, ""Women's Featherweight"": 6, ""Women's Flyweight"": 78, ""Women's Strawweight"": 74}",301,166,506,0.47931916335099584,0.51306240503627054,0.6827096736360575,0.68972554552522114,0.64453961456102782,0.045185930964193322,"[0.600109707210148, 0.6866110083745234]",0.61042382866103162,0.21203416443335166,0.063419914999769317,-0.12906810015128142,0.86822118215227395,0.9599543548618934,0.57595827773808683,0.33275298376746937,0.30935251798561153,"[0.28110636356324226, 0.33909812647970183]",0.1465661795835265,0.17060637204522097,"[0.14827693978844375, 0.19552650527227633]",0.52068083664900422,0.52004110996916753,"[0.4886324501292032, 0.551292145257118]"
archetype,A3_ACCURACY_VS_ABSORPTION::MATCH,MOV1_FULL,S3,973,NORMAL,467,NORMAL,"{""2018"": 44, ""2019"": 64, ""2020"": 61, ""2021"": 100, ""2022"": 139, ""2023"": 154, ""2024"": 154, ""2025"": 159, ""2026"": 98}","{""Bantamweight"": 93, ""Catch Weight"": 13, ""Featherweight"": 111, ""Flyweight"": 39, ""Heavyweight"": 71, ""Light Heavyweight"": 94, ""Lightweight"": 137, ""Middleweight"": 114, ""Welterweight"": 99, ""Women's Bantamweight"": 44, ""Women's Featherweight"": 6, ""Women's Flyweight"": 78, ""Women's Strawweight"": 74}",301,166,506,0.47931916335099584,0.51306240503627054,0.68488066316584739,0.68871137435149088,0.64453961456102782,0.044171759790463061,"[0.600109707210148, 0.6866110083745234]",0.61178852156015473,0.21185348054342931,0.060306437273141569,-0.10511312746593138,0.84206854707940038,0.96060935135098946,0.57622834860838146,0.33265664319841087,0.30935251798561153,"[0.28110636356324226, 0.33909812647970183]",0.14666252015258499,0.17060637204522097,"[0.14827693978844375, 0.19552650527227633]",0.52068083664900422,0.52004110996916753,"[0.4886324501292032, 0.551292145257118]"
archetype,A3_ACCURACY_VS_ABSORPTION::NO_MATCH,C0,S0,2710,NORMAL,1335,NORMAL,"{""2018"": 375, ""2019"": 373, ""2020"": 326, ""2021"": 332, ""2022"": 300, ""2023"": 267, ""2024"": 286, ""2025"": 277, ""2026"": 174}","{""Bantamweight"": 327, ""Catch Weight"": 37, ""Featherweight"": 313, ""Flyweight"": 178, ""Heavyweight"": 194, ""Light Heavyweight"": 189, ""Lightweight"": 363, ""Middleweight"": 299, ""Welterweight"": 381, ""Women's Bantamweight"": 91, ""Women's Featherweight"": 15, ""Women's Flyweight"": 156, ""Women's Strawweight"": 167}",842,493,1375,0.4696832893751624,0.5006307540964654,0.63996419335981314,0.64008315284651385,0.63071161048689139,0.0093715423596224534,"[0.6044825846880689, 0.6561905500589035]",0.65895597233185776,0.23309006495110055,0.0093715423596224534,2.4613291184867561,-3.3447421449500871,0.99249503016404939,0.59282892472319415,0.30057232141621465,0.31070110701107012,"[0.2935557051305248, 0.328382416322653]",0.16911096795894776,0.18191881918819189,"[0.16784789092328609, 0.19689023908185868]",0.53031671062483765,0.50738007380073802,"[0.48856006829479004, 0.5261791862294526]"
archetype,A3_ACCURACY_VS_ABSORPTION::NO_MATCH,C1,S1,2710,NORMAL,1335,NORMAL,"{""2018"": 375, ""2019"": 373, ""2020"": 326, ""2021"": 332, ""2022"": 300, ""2023"": 267, ""2024"": 286, ""2025"": 277, ""2026"": 174}","{""Bantamweight"": 327, ""Catch Weight"": 37, ""Featherweight"": 313, ""Flyweight"": 178, ""Heavyweight"": 194, ""Light Heavyweight"": 189, ""Lightweight"": 363, ""Middleweight"": 299, ""Welterweight"": 381, ""Women's Bantamweight"": 91, ""Women's Featherweight"": 15, ""Women's Flyweight"": 156, ""Women's Strawweight"": 167}",842,493,1375,0.4696832893751624,0.5006307540964654,0.62874572984517429,0.64149028363560168,0.63071161048689139,0.010778673148710283,"[0.6044825846880689, 0.6561905500589035]",0.64763305650897374,0.22753317305982204,0.019942743720094455,0.081489037144396648,0.77086213262971226,0.98691713620702004,0.59055903318277303,0.30203892486823569,0.31070110701107012,"[0.2935557051305248, 0.328382416322653]",0.16764436450692671,0.18191881918819189,"[0.16784789092328609, 0.19689023908185868]",0.53031671062483765,0.50738007380073802,"[0.48856006829479004, 0.5261791862294526]"
archetype,A3_ACCURACY_VS_ABSORPTION::NO_MATCH,MOV1_MIN,S2,2710,NORMAL,1335,NORMAL,"{""2018"": 375, ""2019"": 373, ""2020"": 326, ""2021"": 332, ""2022"": 300, ""2023"": 267, ""2024"": 286, ""2025"": 277, ""2026"": 174}","{""Bantamweight"": 327, ""Catch Weight"": 37, ""Featherweight"": 313, ""Flyweight"": 178, ""Heavyweight"": 194, ""Light Heavyweight"": 189, ""Lightweight"": 363, ""Middleweight"": 299, ""Welterweight"": 381, ""Women's Bantamweight"": 91, ""Women's Featherweight"": 15, ""Women's Flyweight"": 156, ""Women's Strawweight"": 167}",842,493,1375,0.4696832893751624,0.5006307540964654,0.64932135132144009,0.65705658442513237,0.63071161048689139,0.026344973938240979,"[0.6044825846880689, 0.6561905500589035]",0.62199110345422892,0.2166296185395454,0.042339706682394063,-0.011198084430345982,0.80744786930997792,0.97428539918558643,0.5840956273923551,0.30886530868493273,0.31070110701107012,"[0.2935557051305248, 0.328382416322653]",0.16081798069022962,0.18191881918819189,"[0.16784789092328609, 0.19689023908185868]",0.53031671062483765,0.50738007380073802,"[0.48856006829479004, 0.5261791862294526]"
archetype,A3_ACCURACY_VS_ABSORPTION::NO_MATCH,MOV1_FULL,S3,2710,NORMAL,1335,NORMAL,"{""2018"": 375, ""2019"": 373, ""2020"": 326, ""2021"": 332, ""2022"": 300, ""2023"": 267, ""2024"": 286, ""2025"": 277, ""2026"": 174}","{""Bantamweight"": 327, ""Catch Weight"": 37, ""Featherweight"": 313, ""Flyweight"": 178, ""Heavyweight"": 194, ""Light Heavyweight"": 189, ""Lightweight"": 363, ""Middleweight"": 299, ""Welterweight"": 381, ""Women's Bantamweight"": 91, ""Women's Featherweight"": 15, ""Women's Flyweight"": 156, ""Women's Strawweight"": 167}",842,493,1375,0.4696832893751624,0.5006307540964654,0.64908140989344398,0.65543321783032893,0.63071161048689139,0.024721607343437535,"[0.6044825846880689, 0.6561905500589035]",0.62770805992413703,0.21875382122186679,0.046759267741995056,0.043271468025937468,0.72827222824411797,0.97710168585987711,0.5848273596813276,0.30834327907541342,0.31070110701107012,"[0.2935557051305248, 0.328382416322653]",0.16134001029974898,0.18191881918819189,"[0.16784789092328609, 0.19689023908185868]",0.53031671062483765,0.50738007380073802,"[0.48856006829479004, 0.5261791862294526]"
archetype,A3_ACCURACY_VS_ABSORPTION::UNASSIGNABLE,C0,S0,577,NORMAL,313,NORMAL,"{""2018"": 51, ""2019"": 70, ""2020"": 56, ""2021"": 60, ""2022"": 66, ""2023"": 84, ""2024"": 62, ""2025"": 68, ""2026"": 60}","{""Bantamweight"": 68, ""Catch Weight"": 9, ""Featherweight"": 78, ""Flyweight"": 35, ""Heavyweight"": 51, ""Light Heavyweight"": 36, ""Lightweight"": 76, ""Middleweight"": 63, ""Welterweight"": 66, ""Women's Bantamweight"": 23, ""Women's Featherweight"": 6, ""Women's Flyweight"": 32, ""Women's Strawweight"": 34}",218,95,264,0.47970018175737728,0.4925000316870653,0.64048819564548187,0.64043893125458429,0.69648562300319494,-0.056046691748610655,"[0.643421463032217, 0.7447853090796606]",0.62034439406925701,0.21431975984575624,0.056046691748610655,-5.9501619788403577,11.755120565939054,1.023327583196032,0.62058587917565067,0.30724958382800954,0.37781629116117849,"[0.3391867980063797, 0.4180619350880554]",0.17245059792936779,0.16464471403812825,"[0.13662135863517366, 0.19710388751763758]",0.52029981824262272,0.45753899480069327,"[0.4173036776425225, 0.4983359530073167]"
archetype,A3_ACCURACY_VS_ABSORPTION::UNASSIGNABLE,C1,S1,577,NORMAL,313,NORMAL,"{""2018"": 51, ""2019"": 70, ""2020"": 56, ""2021"": 60, ""2022"": 66, ""2023"": 84, ""2024"": 62, ""2025"": 68, ""2026"": 60}","{""Bantamweight"": 68, ""Catch Weight"": 9, ""Featherweight"": 78, ""Flyweight"": 35, ""Heavyweight"": 51, ""Light Heavyweight"": 36, ""Lightweight"": 76, ""Middleweight"": 63, ""Welterweight"": 66, ""Women's Bantamweight"": 23, ""Women's Featherweight"": 6, ""Women's Flyweight"": 32, ""Women's Strawweight"": 34}",218,95,264,0.47970018175737728,0.4925000316870653,0.60431727169643079,0.61722296143820832,0.69648562300319494,-0.079262661564986625,"[0.643421463032217, 0.7447853090796606]",0.62998516440748842,0.21915207080878588,0.093418883374136535,0.63146284367675143,0.41405932106909382,1.0285573251646047,0.62223376870082481,0.29423263810675004,0.37781629116117849,"[0.3391867980063797, 0.4180619350880554]",0.18546754365062726,0.16464471403812825,"[0.13662135863517366, 0.19710388751763758]",0.52029981824262272,0.45753899480069327,"[0.4173036776425225, 0.4983359530073167]"
archetype,A3_ACCURACY_VS_ABSORPTION::UNASSIGNABLE,MOV1_MIN,S2,577,NORMAL,313,NORMAL,"{""2018"": 51, ""2019"": 70, ""2020"": 56, ""2021"": 60, ""2022"": 66, ""2023"": 84, ""2024"": 62, ""2025"": 68, ""2026"": 60}","{""Bantamweight"": 68, ""Catch Weight"": 9, ""Featherweight"": 78, ""Flyweight"": 35, ""Heavyweight"": 51, ""Light Heavyweight"": 36, ""Lightweight"": 76, ""Middleweight"": 63, ""Welterweight"": 66, ""Women's Bantamweight"": 23, ""Women's Featherweight"": 6, ""Women's Flyweight"": 32, ""Women's Strawweight"": 34}",218,95,264,0.47970018175737728,0.4925000316870653,0.64296044548288878,0.64950390637912303,0.69648562300319494,-0.046981716624071912,"[0.643421463032217, 0.7447853090796606]",0.59447976877217268,0.20311043991380118,0.051369454134498761,0.14484340424683464,1.1372601416742254,1.0092970325582722,0.6133998791408779,0.31158718206590003,0.37781629116117849,"[0.3391867980063797, 0.4180619350880554]",0.16811299969147725,0.16464471403812825,"[0.13662135863517366, 0.19710388751763758]",0.52029981824262272,0.45753899480069327,"[0.4173036776425225, 0.4983359530073167]"
archetype,A3_ACCURACY_VS_ABSORPTION::UNASSIGNABLE,MOV1_FULL,S3,577,NORMAL,313,NORMAL,"{""2018"": 51, ""2019"": 70, ""2020"": 56, ""2021"": 60, ""2022"": 66, ""2023"": 84, ""2024"": 62, ""2025"": 68, ""2026"": 60}","{""Bantamweight"": 68, ""Catch Weight"": 9, ""Featherweight"": 78, ""Flyweight"": 35, ""Heavyweight"": 51, ""Light Heavyweight"": 36, ""Lightweight"": 76, ""Middleweight"": 63, ""Welterweight"": 66, ""Women's Bantamweight"": 23, ""Women's Featherweight"": 6, ""Women's Flyweight"": 32, ""Women's Strawweight"": 34}",218,95,264,0.47970018175737728,0.4925000316870653,0.63565612185110743,0.64225843601351762,0.69648562300319494,-0.054227186989677323,"[0.643421463032217, 0.7447853090796606]",0.59727544590846027,0.20435957996586396,0.061259692331574973,0.26297507743943355,0.99061939255964371,1.0108135783878356,0.61440037367801115,0.30852648376630071,0.37781629116117849,"[0.3391867980063797, 0.4180619350880554]",0.17117369799107657,0.16464471403812825,"[0.13662135863517366, 0.19710388751763758]",0.52029981824262272,0.45753899480069327,"[0.4173036776425225, 0.4983359530073167]"
archetype,A4_KO_HISTORY_VS_KO_VULNERABILITY::MATCH,C0,S0,789,NORMAL,484,NORMAL,"{""2018"": 82, ""2019"": 93, ""2020"": 79, ""2021"": 94, ""2022"": 84, ""2023"": 89, ""2024"": 96, ""2025"": 98, ""2026"": 74}","{""Bantamweight"": 24, ""Catch Weight"": 6, ""Featherweight"": 40, ""Flyweight"": 5, ""Heavyweight"": 218, ""Light Heavyweight"": 172, ""Lightweight"": 83, ""Middleweight"": 140, ""Welterweight"": 88, ""Women's Bantamweight"": 6, ""Women's Featherweight"": 4, ""Women's Flyweight"": 3}",364,120,305,0.57724504951086908,0.59416521106458509,0.64023700404434669,0.64036125513389952,0.75206611570247939,-0.11170486056857987,"[0.7117117089211856, 0.788450783602194]",0.58923602450854451,0.19915977900181764,0.11170486056857987,7.7691356096225883,-11.53026571079366,1.0151448323540533,0.61431495394642466,0.36956889453771807,0.46134347275031684,"[0.4268307769023758, 0.49623076418966794]",0.20767615497315103,0.15209125475285171,"[0.12872352379848473, 0.17883034602990971]",0.42275495048913098,0.38656527249683142,"[0.3532142676129806, 0.42101550050957426]"
archetype,A4_KO_HISTORY_VS_KO_VULNERABILITY::MATCH,C1,S1,789,NORMAL,484,NORMAL,"{""2018"": 82, ""2019"": 93, ""2020"": 79, ""2021"": 94, ""2022"": 84, ""2023"": 89, ""2024"": 96, ""2025"": 98, ""2026"": 74}","{""Bantamweight"": 24, ""Catch Weight"": 6, ""Featherweight"": 40, ""Flyweight"": 5, ""Heavyweight"": 218, ""Light Heavyweight"": 172, ""Lightweight"": 83, ""Middleweight"": 140, ""Welterweight"": 88, ""Women's Bantamweight"": 6, ""Women's Featherweight"": 4, ""Women's Flyweight"": 3}",364,120,305,0.57724504951086908,0.59416521106458509,0.69731850258405759,0.70132669394865688,0.75206611570247939,-0.050739421753822511,"[0.7117117089211856, 0.788450783602194]",0.56583582861513659,0.18923120820655312,0.059578169391536401,0.65643072493119481,0.52522626779409709,1.0007903395626598,0.60569782808182648,0.40494909833493814,0.46134347275031684,"[0.4268307769023758, 0.49623076418966794]",0.17229595117593097,0.15209125475285171,"[0.12872352379848473, 0.17883034602990971]",0.42275495048913098,0.38656527249683142,"[0.3532142676129806, 0.42101550050957426]"
archetype,A4_KO_HISTORY_VS_KO_VULNERABILITY::MATCH,MOV1_MIN,S2,789,NORMAL,484,NORMAL,"{""2018"": 82, ""2019"": 93, ""2020"": 79, ""2021"": 94, ""2022"": 84, ""2023"": 89, ""2024"": 96, ""2025"": 98, ""2026"": 74}","{""Bantamweight"": 24, ""Catch Weight"": 6, ""Featherweight"": 40, ""Flyweight"": 5, ""Heavyweight"": 218, ""Light Heavyweight"": 172, ""Lightweight"": 83, ""Middleweight"": 140, ""Welterweight"": 88, ""Women's Bantamweight"": 6, ""Women's Featherweight"": 4, ""Women's Flyweight"": 3}",364,120,305,0.57724504951086908,0.59416521106458509,0.76929944199645417,0.7708495359624089,0.75206611570247939,0.018783420259929517,"[0.7117117089211856, 0.788450783602194]",0.53852366309996025,0.18013478321522627,0.047516571233496396,0.17429071707743155,0.74857750043212046,0.98403610875233616,0.59647016488788773,0.44338120797912001,0.46134347275031684,"[0.4268307769023758, 0.49623076418966794]",0.13386384153174904,0.15209125475285171,"[0.12872352379848473, 0.17883034602990971]",0.42275495048913098,0.38656527249683142,"[0.3532142676129806, 0.42101550050957426]"
archetype,A4_KO_HISTORY_VS_KO_VULNERABILITY::MATCH,MOV1_FULL,S3,789,NORMAL,484,NORMAL,"{""2018"": 82, ""2019"": 93, ""2020"": 79, ""2021"": 94, ""2022"": 84, ""2023"": 89, ""2024"": 96, ""2025"": 98, ""2026"": 74}","{""Bantamweight"": 24, ""Catch Weight"": 6, ""Featherweight"": 40, ""Flyweight"": 5, ""Heavyweight"": 218, ""Light Heavyweight"": 172, ""Lightweight"": 83, ""Middleweight"": 140, ""Welterweight"": 88, ""Women's Bantamweight"": 6, ""Women's Featherweight"": 4, ""Women's Flyweight"": 3}",364,120,305,0.57724504951086908,0.59416521106458509,0.76473164740261657,0.76642709096996109,0.75206611570247939,0.014360975267481702,"[0.7117117089211856, 0.788450783602194]",0.54578038371022142,0.18254787819370569,0.051813439379598793,0.30996170541495038,0.64718804598175206,0.98848763318245836,0.59837798112230933,0.44052265958527759,0.46134347275031684,"[0.4268307769023758, 0.49623076418966794]",0.13672238992559152,0.15209125475285171,"[0.12872352379848473, 0.17883034602990971]",0.42275495048913098,0.38656527249683142,"[0.3532142676129806, 0.42101550050957426]"
archetype,A4_KO_HISTORY_VS_KO_VULNERABILITY::NO_MATCH,C0,S0,2977,NORMAL,1349,NORMAL,"{""2018"": 327, ""2019"": 358, ""2020"": 315, ""2021"": 352, ""2022"": 370, ""2023"": 354, ""2024"": 353, ""2025"": 343, ""2026"": 205}","{""Bantamweight"": 421, ""Catch Weight"": 47, ""Featherweight"": 406, ""Flyweight"": 226, ""Heavyweight"": 36, ""Light Heavyweight"": 97, ""Lightweight"": 424, ""Middleweight"": 261, ""Welterweight"": 394, ""Women's Bantamweight"": 143, ""Women's Featherweight"": 16, ""Women's Flyweight"": 249, ""Women's Strawweight"": 257}",791,558,1628,0.43954524698422087,0.4659796319077949,0.64032350611847433,0.64046937110026003,0.58636026686434395,0.054109104235916083,"[0.5598706220615196, 0.6123594633493105]",0.68465467830451487,0.24559072437632423,0.054109104235916083,2.9796574363171735,-4.5552345010493545,0.98160754369130954,0.58357068507920307,0.28144092799062703,0.26570372858582464,"[0.250146083507388, 0.28186525648789584]",0.15810431899359384,0.18743701713134028,"[0.17382413865151125, 0.20185550560026166]",0.56045475301577907,0.54685925428283511,"[0.5289284166813957, 0.5646693153195477]"
archetype,A4_KO_HISTORY_VS_KO_VULNERABILITY::NO_MATCH,C1,S1,2977,NORMAL,1349,NORMAL,"{""2018"": 327, ""2019"": 358, ""2020"": 315, ""2021"": 352, ""2022"": 370, ""2023"": 354, ""2024"": 353, ""2025"": 343, ""2026"": 205}","{""Bantamweight"": 421, ""Catch Weight"": 47, ""Featherweight"": 406, ""Flyweight"": 226, ""Heavyweight"": 36, ""Light Heavyweight"": 97, ""Lightweight"": 424, ""Middleweight"": 261, ""Welterweight"": 394, ""Women's Bantamweight"": 143, ""Women's Featherweight"": 16, ""Women's Flyweight"": 249, ""Women's Strawweight"": 257}",791,558,1628,0.43954524698422087,0.4659796319077949,0.60480677912357095,0.61529749406451584,0.58636026686434395,0.028937227200171889,"[0.5598706220615196, 0.6123594633493105]",0.67637696565033945,0.24122713643202512,0.034266781598939887,0.065702314033623754,0.59165476467662403,0.97785657480636401,0.58269917756686862,0.27150898831497555,0.26570372858582464,"[0.250146083507388, 0.28186525648789584]",0.16803625866924529,0.18743701713134028,"[0.17382413865151125, 0.20185550560026166]",0.56045475301577907,0.54685925428283511,"[0.5289284166813957, 0.5646693153195477]"
archetype,A4_KO_HISTORY_VS_KO_VULNERABILITY::NO_MATCH,MOV1_MIN,S2,2977,NORMAL,1349,NORMAL,"{""2018"": 327, ""2019"": 358, ""2020"": 315, ""2021"": 352, ""2022"": 370, ""2023"": 354, ""2024"": 353, ""2025"": 343, ""2026"": 205}","{""Bantamweight"": 421, ""Catch Weight"": 47, ""Featherweight"": 406, ""Flyweight"": 226, ""Heavyweight"": 36, ""Light Heavyweight"": 97, ""Lightweight"": 424, ""Middleweight"": 261, ""Welterweight"": 394, ""Women's Bantamweight"": 143, ""Women's Featherweight"": 16, ""Women's Flyweight"": 249, ""Women's Strawweight"": 257}",791,558,1628,0.43954524698422087,0.4659796319077949,0.62351402307186476,0.62209691570923775,0.58636026686434395,0.035736648844893804,"[0.5598706220615196, 0.6123594633493105]",0.65177935322432068,0.2299013123417856,0.049620005573663473,-0.054265985626308563,0.77159852813502916,0.96671039436877604,0.57765690432249694,0.27542091318855838,0.26570372858582464,"[0.250146083507388, 0.28186525648789584]",0.16412433379566252,0.18743701713134028,"[0.17382413865151125, 0.20185550560026166]",0.56045475301577907,0.54685925428283511,"[0.5289284166813957, 0.5646693153195477]"
archetype,A4_KO_HISTORY_VS_KO_VULNERABILITY::NO_MATCH,MOV1_FULL,S3,2977,NORMAL,1349,NORMAL,"{""2018"": 327, ""2019"": 358, ""2020"": 315, ""2021"": 352, ""2022"": 370, ""2023"": 354, ""2024"": 353, ""2025"": 343, ""2026"": 205}","{""Bantamweight"": 421, ""Catch Weight"": 47, ""Featherweight"": 406, ""Flyweight"": 226, ""Heavyweight"": 36, ""Light Heavyweight"": 97, ""Lightweight"": 424, ""Middleweight"": 261, ""Welterweight"": 394, ""Women's Bantamweight"": 143, ""Women's Featherweight"": 16, ""Women's Flyweight"": 249, ""Women's Strawweight"": 257}",791,558,1628,0.43954524698422087,0.4659796319077949,0.62535996880839129,0.62201703576194178,0.58636026686434395,0.035656768897597835,"[0.5598706220615196, 0.6123594633493105]",0.65418678739713521,0.23059447717847764,0.059702621732543017,-0.028026818189842838,0.71570629661034446,0.9678013008851104,0.57767432088763082,0.27571447830714735,0.26570372858582464,"[0.250146083507388, 0.28186525648789584]",0.1638307686770735,0.18743701713134028,"[0.17382413865151125, 0.20185550560026166]",0.56045475301577907,0.54685925428283511,"[0.5289284166813957, 0.5646693153195477]"
archetype,A4_KO_HISTORY_VS_KO_VULNERABILITY::UNASSIGNABLE,C0,S0,494,NORMAL,282,NORMAL,"{""2018"": 61, ""2019"": 56, ""2020"": 49, ""2021"": 46, ""2022"": 51, ""2023"": 62, ""2024"": 53, ""2025"": 63, ""2026"": 53}","{""Bantamweight"": 43, ""Catch Weight"": 6, ""Featherweight"": 56, ""Flyweight"": 21, ""Heavyweight"": 62, ""Light Heavyweight"": 50, ""Lightweight"": 69, ""Middleweight"": 75, ""Welterweight"": 64, ""Women's Bantamweight"": 9, ""Women's Featherweight"": 7, ""Women's Flyweight"": 14, ""Women's Strawweight"": 18}",206,76,212,0.51018971798606161,0.51741923471594564,0.64032078782306812,0.64024116927090313,0.73049645390070927,-0.090255284629806143,"[0.6758684572354205, 0.7789291096967714]",0.60046018246688437,0.20465185189128204,0.090255284629806143,-12.498868292641598,23.453107407969622,1.0326709032228918,0.62936581101326594,0.32669076156951454,0.41700404858299595,"[0.37432800647622755, 0.46096092226376795]",0.18349895641654712,0.15384615384615385,"[0.12471127946231095, 0.188323033087426]",0.48981028201393845,0.4291497975708502,"[0.38621520333431086, 0.47317778461446575]"
archetype,A4_KO_HISTORY_VS_KO_VULNERABILITY::UNASSIGNABLE,C1,S1,494,NORMAL,282,NORMAL,"{""2018"": 61, ""2019"": 56, ""2020"": 49, ""2021"": 46, ""2022"": 51, ""2023"": 62, ""2024"": 53, ""2025"": 63, ""2026"": 53}","{""Bantamweight"": 43, ""Catch Weight"": 6, ""Featherweight"": 56, ""Flyweight"": 21, ""Heavyweight"": 62, ""Light Heavyweight"": 50, ""Lightweight"": 69, ""Middleweight"": 75, ""Welterweight"": 64, ""Women's Bantamweight"": 9, ""Women's Featherweight"": 7, ""Women's Flyweight"": 14, ""Women's Strawweight"": 18}",206,76,212,0.51018971798606161,0.51741923471594564,0.62805613062862142,0.6339632514842678,0.73049645390070927,-0.096533202416441477,"[0.6758684572354205, 0.7789291096967714]",0.60530827937691001,0.2074822824964247,0.096533202416441283,0.7465217406359882,0.45454980739242179,1.035438440325376,0.63049648126137392,0.32389566361262234,0.41700404858299595,"[0.37432800647622755, 0.46096092226376795]",0.18629405437343929,0.15384615384615385,"[0.12471127946231095, 0.188323033087426]",0.48981028201393845,0.4291497975708502,"[0.38621520333431086, 0.47317778461446575]"
archetype,A4_KO_HISTORY_VS_KO_VULNERABILITY::UNASSIGNABLE,MOV1_MIN,S2,494,NORMAL,282,NORMAL,"{""2018"": 61, ""2019"": 56, ""2020"": 49, ""2021"": 46, ""2022"": 51, ""2023"": 62, ""2024"": 53, ""2025"": 63, ""2026"": 53}","{""Bantamweight"": 43, ""Catch Weight"": 6, ""Featherweight"": 56, ""Flyweight"": 21, ""Heavyweight"": 62, ""Light Heavyweight"": 50, ""Lightweight"": 69, ""Middleweight"": 75, ""Welterweight"": 64, ""Women's Bantamweight"": 9, ""Women's Featherweight"": 7, ""Women's Flyweight"": 14, ""Women's Strawweight"": 18}",206,76,212,0.51018971798606161,0.51741923471594564,0.67155272298070812,0.67470630484726202,0.73049645390070927,-0.055790149053447258,"[0.6758684572354205, 0.7789291096967714]",0.5730582208574404,0.19316297095194976,0.061891246429309724,0.24074952220689155,1.0527838053635064,1.0170284878911848,0.62133344225123588,0.34579678570055827,0.41700404858299595,"[0.37432800647622755, 0.46096092226376795]",0.16439293228550331,0.15384615384615385,"[0.12471127946231095, 0.188323033087426]",0.48981028201393845,0.4291497975708502,"[0.38621520333431086, 0.47317778461446575]"
archetype,A4_KO_HISTORY_VS_KO_VULNERABILITY::UNASSIGNABLE,MOV1_FULL,S3,494,NORMAL,282,NORMAL,"{""2018"": 61, ""2019"": 56, ""2020"": 49, ""2021"": 46, ""2022"": 51, ""2023"": 62, ""2024"": 53, ""2025"": 63, ""2026"": 53}","{""Bantamweight"": 43, ""Catch Weight"": 6, ""Featherweight"": 56, ""Flyweight"": 21, ""Heavyweight"": 62, ""Light Heavyweight"": 50, ""Lightweight"": 69, ""Middleweight"": 75, ""Welterweight"": 64, ""Women's Bantamweight"": 9, ""Women's Featherweight"": 7, ""Women's Flyweight"": 14, ""Women's Strawweight"": 18}",206,76,212,0.51018971798606161,0.51741923471594564,0.66215220938551855,0.66527218023243129,0.73049645390070927,-0.065224273668277988,"[0.6758684572354205, 0.7789291096967714]",0.5815142986602152,0.19684876778286958,0.074155822026668178,0.4731627606489382,0.7656537940294964,1.0218556416166555,0.62389607926434421,0.34196477920327517,0.41700404858299595,"[0.37432800647622755, 0.46096092226376795]",0.16822493878278649,0.15384615384615385,"[0.12471127946231095, 0.188323033087426]",0.48981028201393845,0.4291497975708502,"[0.38621520333431086, 0.47317778461446575]"
archetype,B1_TD_PRESSURE_VS_WEAK_TD_DEFENSE::MATCH,C0,S0,662,NORMAL,352,NORMAL,"{""2018"": 84, ""2019"": 65, ""2020"": 68, ""2021"": 72, ""2022"": 83, ""2023"": 68, ""2024"": 87, ""2025"": 82, ""2026"": 53}","{""Bantamweight"": 65, ""Catch Weight"": 11, ""Featherweight"": 100, ""Flyweight"": 55, ""Heavyweight"": 29, ""Light Heavyweight"": 39, ""Lightweight"": 106, ""Middleweight"": 68, ""Welterweight"": 87, ""Women's Bantamweight"": 17, ""Women's Featherweight"": 3, ""Women's Flyweight"": 41, ""Women's Strawweight"": 41}",175,177,310,0.48367075877096688,0.51462753018353014,0.64037248575479278,0.64062819910948088,0.49715909090909088,0.14346910820038999,"[0.4452400784059941, 0.5491394410389063]",0.73594875523685499,0.27055339405328477,0.14346910820038999,-0.83097115436008828,1.4177074545018575,1.0570053826448724,0.63056724492728311,0.3097383247906354,0.26435045317220546,"[0.2321867804991014, 0.299233205645049]",0.17393243398033145,0.26737160120845921,"[0.2350696808003404, 0.30235774141888494]",0.51632924122903312,0.46827794561933533,"[0.43055897811281957, 0.5063629430988928]"
archetype,B1_TD_PRESSURE_VS_WEAK_TD_DEFENSE::MATCH,C1,S1,662,NORMAL,352,NORMAL,"{""2018"": 84, ""2019"": 65, ""2020"": 68, ""2021"": 72, ""2022"": 83, ""2023"": 68, ""2024"": 87, ""2025"": 82, ""2026"": 53}","{""Bantamweight"": 65, ""Catch Weight"": 11, ""Featherweight"": 100, ""Flyweight"": 55, ""Heavyweight"": 29, ""Light Heavyweight"": 39, ""Lightweight"": 106, ""Middleweight"": 68, ""Welterweight"": 87, ""Women's Bantamweight"": 17, ""Women's Featherweight"": 3, ""Women's Flyweight"": 41, ""Women's Strawweight"": 41}",175,177,310,0.48367075877096688,0.51462753018353014,0.62010593184388318,0.63142593918142542,0.49715909090909088,0.13426684827233454,"[0.4452400784059941, 0.5491394410389063]",0.73200771915987672,0.26697228890781871,0.13833901232639678,-0.283580310776892,0.48814896948850761,1.054909846845633,0.63049414230291156,0.30558089776154845,0.26435045317220546,"[0.2321867804991014, 0.299233205645049]",0.17808986100941851,0.26737160120845921,"[0.2350696808003404, 0.30235774141888494]",0.51632924122903312,0.46827794561933533,"[0.43055897811281957, 0.5063629430988928]"
archetype,B1_TD_PRESSURE_VS_WEAK_TD_DEFENSE::MATCH,MOV1_MIN,S2,662,NORMAL,352,NORMAL,"{""2018"": 84, ""2019"": 65, ""2020"": 68, ""2021"": 72, ""2022"": 83, ""2023"": 68, ""2024"": 87, ""2025"": 82, ""2026"": 53}","{""Bantamweight"": 65, ""Catch Weight"": 11, ""Featherweight"": 100, ""Flyweight"": 55, ""Heavyweight"": 29, ""Light Heavyweight"": 39, ""Lightweight"": 106, ""Middleweight"": 68, ""Welterweight"": 87, ""Women's Bantamweight"": 17, ""Women's Featherweight"": 3, ""Women's Flyweight"": 41, ""Women's Strawweight"": 41}",175,177,310,0.48367075877096688,0.51462753018353014,0.56360975848064865,0.56658139535401475,0.49715909090909088,0.069422304444923866,"[0.4452400784059941, 0.5491394410389063]",0.69198177240774428,0.24795332916923163,0.086249405818608071,-0.18931257361201162,0.59533475478667941,1.0336271682100584,0.61929560583153032,0.27460435448947579,0.26435045317220546,"[0.2321867804991014, 0.299233205645049]",0.20906640428149112,0.26737160120845921,"[0.2350696808003404, 0.30235774141888494]",0.51632924122903312,0.46827794561933533,"[0.43055897811281957, 0.5063629430988928]"
archetype,B1_TD_PRESSURE_VS_WEAK_TD_DEFENSE::MATCH,MOV1_FULL,S3,662,NORMAL,352,NORMAL,"{""2018"": 84, ""2019"": 65, ""2020"": 68, ""2021"": 72, ""2022"": 83, ""2023"": 68, ""2024"": 87, ""2025"": 82, ""2026"": 53}","{""Bantamweight"": 65, ""Catch Weight"": 11, ""Featherweight"": 100, ""Flyweight"": 55, ""Heavyweight"": 29, ""Light Heavyweight"": 39, ""Lightweight"": 106, ""Middleweight"": 68, ""Welterweight"": 87, ""Women's Bantamweight"": 17, ""Women's Featherweight"": 3, ""Women's Flyweight"": 41, ""Women's Strawweight"": 41}",175,177,310,0.48367075877096688,0.51462753018353014,0.56373509508308361,0.56479071950533599,0.49715909090909088,0.067631628596245108,"[0.4452400784059941, 0.5491394410389063]",0.6862077137154976,0.24508912506158786,0.099287224247534958,-0.19374476612953678,0.62384762960263762,1.0305569738601021,0.61694339734330339,0.27372859328867916,0.26435045317220546,"[0.2321867804991014, 0.299233205645049]",0.2099421654822877,0.26737160120845921,"[0.2350696808003404, 0.30235774141888494]",0.51632924122903312,0.46827794561933533,"[0.43055897811281957, 0.5063629430988928]"
archetype,B1_TD_PRESSURE_VS_WEAK_TD_DEFENSE::NO_MATCH,C0,S0,3075,NORMAL,1479,NORMAL,"{""2018"": 323, ""2019"": 370, ""2020"": 321, ""2021"": 368, ""2022"": 366, ""2023"": 360, ""2024"": 360, ""2025"": 373, ""2026"": 234}","{""Bantamweight"": 355, ""Catch Weight"": 40, ""Featherweight"": 329, ""Flyweight"": 157, ""Heavyweight"": 244, ""Light Heavyweight"": 251, ""Lightweight"": 397, ""Middleweight"": 348, ""Welterweight"": 405, ""Women's Bantamweight"": 130, ""Women's Featherweight"": 18, ""Women's Flyweight"": 200, ""Women's Strawweight"": 201}",1010,469,1596,0.46970214240751151,0.50042106504540207,0.64029549980440492,0.64034994043127424,0.68289384719405,-0.042543906762775752,"[0.6587299603279285, 0.7061101220570473]",0.62906350365030661,0.21853971289414034,0.042543906762775752,5.3753790095591345,-7.9835922243534974,0.97188474729062391,0.58101668807029516,0.30072789445940612,0.32845528455284551,"[0.3120785646221501, 0.34526007586630736]",0.16897424794810542,0.15252032520325204,"[0.1402470837158316, 0.16566066483756514]",0.53029785759248849,0.51902439024390246,"[0.5013520547571401, 0.5366492524114387]"
archetype,B1_TD_PRESSURE_VS_WEAK_TD_DEFENSE::NO_MATCH,C1,S1,3075,NORMAL,1479,NORMAL,"{""2018"": 323, ""2019"": 370, ""2020"": 321, ""2021"": 368, ""2022"": 366, ""2023"": 360, ""2024"": 360, ""2025"": 373, ""2026"": 234}","{""Bantamweight"": 355, ""Catch Weight"": 40, ""Featherweight"": 329, ""Flyweight"": 157, ""Heavyweight"": 244, ""Light Heavyweight"": 251, ""Lightweight"": 397, ""Middleweight"": 348, ""Welterweight"": 405, ""Women's Bantamweight"": 130, ""Women's Featherweight"": 18, ""Women's Flyweight"": 200, ""Women's Strawweight"": 201}",1010,469,1596,0.46970214240751151,0.50042106504540207,0.62946894878273896,0.64312678117550115,0.68289384719405,-0.039767066018548847,"[0.6587299603279285, 0.7061101220570473]",0.61740911300341494,0.21351347412205221,0.043897157595841479,0.30253216522895104,0.78983286226236116,0.96627926964289934,0.57872843876363345,0.30306128144802241,0.32845528455284551,"[0.3120785646221501, 0.34526007586630736]",0.16664086095948913,0.15252032520325204,"[0.1402470837158316, 0.16566066483756514]",0.53029785759248849,0.51902439024390246,"[0.5013520547571401, 0.5366492524114387]"
archetype,B1_TD_PRESSURE_VS_WEAK_TD_DEFENSE::NO_MATCH,MOV1_MIN,S2,3075,NORMAL,1479,NORMAL,"{""2018"": 323, ""2019"": 370, ""2020"": 321, ""2021"": 368, ""2022"": 366, ""2023"": 360, ""2024"": 360, ""2025"": 373, ""2026"": 234}","{""Bantamweight"": 355, ""Catch Weight"": 40, ""Featherweight"": 329, ""Flyweight"": 157, ""Heavyweight"": 244, ""Light Heavyweight"": 251, ""Lightweight"": 397, ""Middleweight"": 348, ""Welterweight"": 405, ""Women's Bantamweight"": 130, ""Women's Featherweight"": 18, ""Women's Flyweight"": 200, ""Women's Strawweight"": 201}",1010,469,1596,0.46970214240751151,0.50042106504540207,0.68337633001778908,0.69476332339279956,0.68289384719405,0.011869476198749562,"[0.6587299603279285, 0.7061101220570473]",0.59607339710924112,0.20508002985294219,0.034723802740155345,0.11599961593133233,0.76819647880024489,0.95601731068111628,0.57398139493935196,0.32621982596124915,0.32845528455284551,"[0.3120785646221501, 0.34526007586630736]",0.14348231644626241,0.15252032520325204,"[0.1402470837158316, 0.16566066483756514]",0.53029785759248849,0.51902439024390246,"[0.5013520547571401, 0.5366492524114387]"
archetype,B1_TD_PRESSURE_VS_WEAK_TD_DEFENSE::NO_MATCH,MOV1_FULL,S3,3075,NORMAL,1479,NORMAL,"{""2018"": 323, ""2019"": 370, ""2020"": 321, ""2021"": 368, ""2022"": 366, ""2023"": 360, ""2024"": 360, ""2025"": 373, ""2026"": 234}","{""Bantamweight"": 355, ""Catch Weight"": 40, ""Featherweight"": 329, ""Flyweight"": 157, ""Heavyweight"": 244, ""Light Heavyweight"": 251, ""Lightweight"": 397, ""Middleweight"": 348, ""Welterweight"": 405, ""Women's Bantamweight"": 130, ""Women's Featherweight"": 18, ""Women's Flyweight"": 200, ""Women's Strawweight"": 201}",1010,469,1596,0.46970214240751151,0.50042106504540207,0.68480627283959083,0.69437189380543396,0.68289384719405,0.011478046611383963,"[0.6587299603279285, 0.7061101220570473]",0.6021003989685324,0.20727371145066953,0.042026931329994889,0.17719254630584949,0.69135580777197714,0.95891615157539001,0.57502397751478573,0.32636637134881497,0.32845528455284551,"[0.3120785646221501, 0.34526007586630736]",0.14333577105869658,0.15252032520325204,"[0.1402470837158316, 0.16566066483756514]",0.53029785759248849,0.51902439024390246,"[0.5013520547571401, 0.5366492524114387]"
archetype,B1_TD_PRESSURE_VS_WEAK_TD_DEFENSE::UNASSIGNABLE,C0,S0,523,NORMAL,284,NORMAL,"{""2018"": 63, ""2019"": 72, ""2020"": 54, ""2021"": 52, ""2022"": 56, ""2023"": 77, ""2024"": 55, ""2025"": 49, ""2026"": 45}","{""Bantamweight"": 68, ""Catch Weight"": 8, ""Featherweight"": 73, ""Flyweight"": 40, ""Heavyweight"": 43, ""Light Heavyweight"": 29, ""Lightweight"": 73, ""Middleweight"": 60, ""Welterweight"": 54, ""Women's Bantamweight"": 11, ""Women's Featherweight"": 6, ""Women's Flyweight"": 25, ""Women's Strawweight"": 33}",176,108,239,0.48084538204921157,0.49585585902119317,0.64029310826398711,0.640483629750214,0.61971830985915488,0.02076531989105912,"[0.5620161098780242, 0.6742250496776582]",0.66436719932539123,0.23574652245314368,0.02076531989105912,-9.2341982533985725,16.847956933081921,1.042162897244572,0.6287367243347054,0.30791527755185827,0.33652007648183557,"[0.2973459746727507, 0.37807820249285395]",0.17293010449735327,0.20650095602294455,"[0.1740093551544286, 0.24327264712534113]",0.51915461795078843,0.45697896749521988,"[0.41475472416227493, 0.49983058561814736]"
archetype,B1_TD_PRESSURE_VS_WEAK_TD_DEFENSE::UNASSIGNABLE,C1,S1,523,NORMAL,284,NORMAL,"{""2018"": 63, ""2019"": 72, ""2020"": 54, ""2021"": 52, ""2022"": 56, ""2023"": 77, ""2024"": 55, ""2025"": 49, ""2026"": 45}","{""Bantamweight"": 68, ""Catch Weight"": 8, ""Featherweight"": 73, ""Flyweight"": 40, ""Heavyweight"": 43, ""Light Heavyweight"": 29, ""Lightweight"": 73, ""Middleweight"": 60, ""Welterweight"": 54, ""Women's Bantamweight"": 11, ""Women's Featherweight"": 6, ""Women's Flyweight"": 25, ""Women's Strawweight"": 33}",176,108,239,0.48084538204921157,0.49585585902119317,0.60196302893433706,0.615526888494075,0.61971830985915488,-0.0041914213650798837,"[0.5620161098780242, 0.6742250496776582]",0.65556058880280021,0.23152338577710546,0.027236873324780659,0.11462035440369414,0.7905619749853473,1.0373807225057272,0.6253904939073569,0.29365881425195028,0.33652007648183557,"[0.2973459746727507, 0.37807820249285395]",0.18718656779726131,0.20650095602294455,"[0.1740093551544286, 0.24327264712534113]",0.51915461795078843,0.45697896749521988,"[0.41475472416227493, 0.49983058561814736]"
archetype,B1_TD_PRESSURE_VS_WEAK_TD_DEFENSE::UNASSIGNABLE,MOV1_MIN,S2,523,NORMAL,284,NORMAL,"{""2018"": 63, ""2019"": 72, ""2020"": 54, ""2021"": 52, ""2022"": 56, ""2023"": 77, ""2024"": 55, ""2025"": 49, ""2026"": 45}","{""Bantamweight"": 68, ""Catch Weight"": 8, ""Featherweight"": 73, ""Flyweight"": 40, ""Heavyweight"": 43, ""Light Heavyweight"": 29, ""Lightweight"": 73, ""Middleweight"": 60, ""Welterweight"": 54, ""Women's Bantamweight"": 11, ""Women's Featherweight"": 6, ""Women's Flyweight"": 25, ""Women's Strawweight"": 33}",176,108,239,0.48084538204921157,0.49585585902119317,0.61268389417537783,0.61822354296454818,0.61971830985915488,-0.0014947668946067028,"[0.5620161098780242, 0.6742250496776582]",0.62087352292145681,0.21549692680851062,0.057365936454168841,-0.22411714924984058,1.5151406690921632,1.018544916176279,0.61619847846605591,0.29763938105366289,0.33652007648183557,"[0.2973459746727507, 0.37807820249285395]",0.18320600099554868,0.20650095602294455,"[0.1740093551544286, 0.24327264712534113]",0.51915461795078843,0.45697896749521988,"[0.41475472416227493, 0.49983058561814736]"
archetype,B1_TD_PRESSURE_VS_WEAK_TD_DEFENSE::UNASSIGNABLE,MOV1_FULL,S3,523,NORMAL,284,NORMAL,"{""2018"": 63, ""2019"": 72, ""2020"": 54, ""2021"": 52, ""2022"": 56, ""2023"": 77, ""2024"": 55, ""2025"": 49, ""2026"": 45}","{""Bantamweight"": 68, ""Catch Weight"": 8, ""Featherweight"": 73, ""Flyweight"": 40, ""Heavyweight"": 43, ""Light Heavyweight"": 29, ""Lightweight"": 73, ""Middleweight"": 60, ""Welterweight"": 54, ""Women's Bantamweight"": 11, ""Women's Featherweight"": 6, ""Women's Flyweight"": 25, ""Women's Strawweight"": 33}",176,108,239,0.48084538204921157,0.49585585902119317,0.59885500277810366,0.60519747849912375,0.61971830985915488,-0.014520831360031128,"[0.5620161098780242, 0.6742250496776582]",0.62884193251531251,0.21868761977841528,0.053723863954563675,0.0056043312687276917,1.1526864505635321,1.0228719301813554,0.61844375457998524,0.29162535488502467,0.33652007648183557,"[0.2973459746727507, 0.37807820249285395]",0.1892200271641869,0.20650095602294455,"[0.1740093551544286, 0.24327264712534113]",0.51915461795078843,0.45697896749521988,"[0.41475472416227493, 0.49983058561814736]"
archetype,B2_TD_CONVERSION_VS_WEAK_TD_DEFENSE::MATCH,C0,S0,698,NORMAL,341,NORMAL,"{""2018"": 99, ""2019"": 73, ""2020"": 83, ""2021"": 98, ""2022"": 86, ""2023"": 73, ""2024"": 74, ""2025"": 70, ""2026"": 42}","{""Bantamweight"": 40, ""Catch Weight"": 12, ""Featherweight"": 78, ""Flyweight"": 50, ""Heavyweight"": 66, ""Light Heavyweight"": 52, ""Lightweight"": 62, ""Middleweight"": 66, ""Welterweight"": 103, ""Women's Bantamweight"": 24, ""Women's Featherweight"": 3, ""Women's Flyweight"": 102, ""Women's Strawweight"": 40}",185,156,357,0.47324435584446756,0.50892127472786508,0.64017933535616767,0.64026580677783695,0.54252199413489732,0.097743812642939631,"[0.48946477558857066, 0.5946318411557604]",0.71031459324036261,0.25806611926544487,0.097743812642939631,7.1829395134312293,-12.160669639416128,1.0091783301556889,0.60010979538443354,0.30293466766712573,0.26504297994269344,"[0.2336510834870898, 0.2990069037581506]",0.17030968817734182,0.22349570200573066,"[0.19415180979097924, 0.2558664312964072]",0.52675564415553244,0.51146131805157591,"[0.4744170380986947, 0.5483801332551959]"
archetype,B2_TD_CONVERSION_VS_WEAK_TD_DEFENSE::MATCH,C1,S1,698,NORMAL,341,NORMAL,"{""2018"": 99, ""2019"": 73, ""2020"": 83, ""2021"": 98, ""2022"": 86, ""2023"": 73, ""2024"": 74, ""2025"": 70, ""2026"": 42}","{""Bantamweight"": 40, ""Catch Weight"": 12, ""Featherweight"": 78, ""Flyweight"": 50, ""Heavyweight"": 66, ""Light Heavyweight"": 52, ""Lightweight"": 62, ""Middleweight"": 66, ""Welterweight"": 103, ""Women's Bantamweight"": 24, ""Women's Featherweight"": 3, ""Women's Flyweight"": 102, ""Women's Strawweight"": 40}",185,156,357,0.47324435584446756,0.50892127472786508,0.62548881651164923,0.64130637023003556,0.54252199413489732,0.098784376095138238,"[0.48946477558857066, 0.5946318411557604]",0.70090100854049675,0.25215848196984281,0.098784376095138154,-0.25538095814564565,0.70695389443161338,1.0045794298940067,0.59899992950304037,0.30394929731242171,0.26504297994269344,"[0.2336510834870898, 0.2990069037581506]",0.16929505853204591,0.22349570200573066,"[0.19415180979097924, 0.2558664312964072]",0.52675564415553244,0.51146131805157591,"[0.4744170380986947, 0.5483801332551959]"
archetype,B2_TD_CONVERSION_VS_WEAK_TD_DEFENSE::MATCH,MOV1_MIN,S2,698,NORMAL,341,NORMAL,"{""2018"": 99, ""2019"": 73, ""2020"": 83, ""2021"": 98, ""2022"": 86, ""2023"": 73, ""2024"": 74, ""2025"": 70, ""2026"": 42}","{""Bantamweight"": 40, ""Catch Weight"": 12, ""Featherweight"": 78, ""Flyweight"": 50, ""Heavyweight"": 66, ""Light Heavyweight"": 52, ""Lightweight"": 62, ""Middleweight"": 66, ""Welterweight"": 103, ""Women's Bantamweight"": 24, ""Women's Featherweight"": 3, ""Women's Flyweight"": 102, ""Women's Strawweight"": 40}",185,156,357,0.47324435584446756,0.50892127472786508,0.58204857742082239,0.59551209508161385,0.54252199413489732,0.052990100946716523,"[0.48946477558857066, 0.5946318411557604]",0.66687461152175398,0.23675626321534116,0.08015004768302722,-0.12504213811987666,0.69013512909785357,0.98795621874301642,0.58847761843380042,0.27948678302498348,0.26504297994269344,"[0.2336510834870898, 0.2990069037581506]",0.19375757281948416,0.22349570200573066,"[0.19415180979097924, 0.2558664312964072]",0.52675564415553244,0.51146131805157591,"[0.4744170380986947, 0.5483801332551959]"
archetype,B2_TD_CONVERSION_VS_WEAK_TD_DEFENSE::MATCH,MOV1_FULL,S3,698,NORMAL,341,NORMAL,"{""2018"": 99, ""2019"": 73, ""2020"": 83, ""2021"": 98, ""2022"": 86, ""2023"": 73, ""2024"": 74, ""2025"": 70, ""2026"": 42}","{""Bantamweight"": 40, ""Catch Weight"": 12, ""Featherweight"": 78, ""Flyweight"": 50, ""Heavyweight"": 66, ""Light Heavyweight"": 52, ""Lightweight"": 62, ""Middleweight"": 66, ""Welterweight"": 103, ""Women's Bantamweight"": 24, ""Women's Featherweight"": 3, ""Women's Flyweight"": 102, ""Women's Strawweight"": 40}",185,156,357,0.47324435584446756,0.50892127472786508,0.58226671010054731,0.59504877865933692,0.54252199413489732,0.052526784524439596,"[0.48946477558857066, 0.5946318411557604]",0.67293475056779073,0.23846233769550973,0.085203021189240058,-0.098971766238872924,0.62840691758558065,0.9909168310849914,0.58896085860252623,0.27870135186507933,0.26504297994269344,"[0.2336510834870898, 0.2990069037581506]",0.19454300397938826,0.22349570200573066,"[0.19415180979097924, 0.2558664312964072]",0.52675564415553244,0.51146131805157591,"[0.4744170380986947, 0.5483801332551959]"
archetype,B2_TD_CONVERSION_VS_WEAK_TD_DEFENSE::NO_MATCH,C0,S0,3085,NORMAL,1506,NORMAL,"{""2018"": 315, ""2019"": 371, ""2020"": 311, ""2021"": 349, ""2022"": 365, ""2023"": 362, ""2024"": 376, ""2025"": 386, ""2026"": 250}","{""Bantamweight"": 393, ""Catch Weight"": 41, ""Featherweight"": 361, ""Flyweight"": 173, ""Heavyweight"": 207, ""Light Heavyweight"": 245, ""Lightweight"": 446, ""Middleweight"": 356, ""Welterweight"": 381, ""Women's Bantamweight"": 124, ""Women's Featherweight"": 17, ""Women's Flyweight"": 132, ""Women's Strawweight"": 209}",1001,505,1579,0.47221527415004511,0.50274901048354725,0.64032535124027068,0.64042949897148138,0.66467463479415667,-0.02424513582267529,"[0.6404386385801262, 0.6880726743807826]",0.63943192533947446,0.22358845906147701,0.02424513582267529,3.5881324740159095,-5.0290827125190285,0.98097329448207893,0.58637724638309652,0.30236121616919648,0.32447325769854135,"[0.3081795798796588, 0.3412035255862059]",0.1698540579808486,0.16369529983792544,"[0.15105864440632819, 0.17716845055366184]",0.52778472584995484,0.51183144246353318,"[0.49418889973574215, 0.5294445566825328]"
archetype,B2_TD_CONVERSION_VS_WEAK_TD_DEFENSE::NO_MATCH,C1,S1,3085,NORMAL,1506,NORMAL,"{""2018"": 315, ""2019"": 371, ""2020"": 311, ""2021"": 349, ""2022"": 365, ""2023"": 362, ""2024"": 376, ""2025"": 386, ""2026"": 250}","{""Bantamweight"": 393, ""Catch Weight"": 41, ""Featherweight"": 361, ""Flyweight"": 173, ""Heavyweight"": 207, ""Light Heavyweight"": 245, ""Lightweight"": 446, ""Middleweight"": 356, ""Welterweight"": 381, ""Women's Bantamweight"": 124, ""Women's Featherweight"": 17, ""Women's Flyweight"": 132, ""Women's Strawweight"": 209}",1001,505,1579,0.47221527415004511,0.50274901048354725,0.62715448410209407,0.64019323365290581,0.66467463479415667,-0.024481401141250858,"[0.6404386385801262, 0.6880726743807826]",0.62719898547850661,0.21819317073932853,0.028127420055355366,0.20579582042002323,0.83012716348630711,0.97500155787571996,0.58380392644054913,0.3030024894673099,0.32447325769854135,"[0.3081795798796588, 0.3412035255862059]",0.16921278468273523,0.16369529983792544,"[0.15105864440632819, 0.17716845055366184]",0.52778472584995484,0.51183144246353318,"[0.49418889973574215, 0.5294445566825328]"
archetype,B2_TD_CONVERSION_VS_WEAK_TD_DEFENSE::NO_MATCH,MOV1_MIN,S2,3085,NORMAL,1506,NORMAL,"{""2018"": 315, ""2019"": 371, ""2020"": 311, ""2021"": 349, ""2022"": 365, ""2023"": 362, ""2024"": 376, ""2025"": 386, ""2026"": 250}","{""Bantamweight"": 393, ""Catch Weight"": 41, ""Featherweight"": 361, ""Flyweight"": 173, ""Heavyweight"": 207, ""Light Heavyweight"": 245, ""Lightweight"": 446, ""Middleweight"": 356, ""Welterweight"": 381, ""Women's Bantamweight"": 124, ""Women's Featherweight"": 17, ""Women's Flyweight"": 132, ""Women's Strawweight"": 209}",1001,505,1579,0.47221527415004511,0.50274901048354725,0.67909699611946661,0.68666966047595945,0.66467463479415667,0.021995025681802782,"[0.6404386385801262, 0.6880726743807826]",0.60429014976690054,0.20881678011927632,0.036107811191748856,0.019765561660405693,0.82167322517498054,0.96381818459154522,0.57900611387125345,0.3252318129434662,0.32447325769854135,"[0.3081795798796588, 0.3412035255862059]",0.1469834612065789,0.16369529983792544,"[0.15105864440632819, 0.17716845055366184]",0.52778472584995484,0.51183144246353318,"[0.49418889973574215, 0.5294445566825328]"
archetype,B2_TD_CONVERSION_VS_WEAK_TD_DEFENSE::NO_MATCH,MOV1_FULL,S3,3085,NORMAL,1506,NORMAL,"{""2018"": 315, ""2019"": 371, ""2020"": 311, ""2021"": 349, ""2022"": 365, ""2023"": 362, ""2024"": 376, ""2025"": 386, ""2026"": 250}","{""Bantamweight"": 393, ""Catch Weight"": 41, ""Featherweight"": 361, ""Flyweight"": 173, ""Heavyweight"": 207, ""Light Heavyweight"": 245, ""Lightweight"": 446, ""Middleweight"": 356, ""Welterweight"": 381, ""Women's Bantamweight"": 124, ""Women's Featherweight"": 17, ""Women's Flyweight"": 132, ""Women's Strawweight"": 209}",1001,505,1579,0.47221527415004511,0.50274901048354725,0.68026195307832771,0.6858299593552758,0.66467463479415667,0.021155324561119127,"[0.6404386385801262, 0.6880726743807826]",0.60747964212675487,0.20982802814235163,0.046854537438171084,0.064454080968325236,0.76512610567664241,0.96537519447612907,0.57940374018758556,0.32525477158559607,0.32447325769854135,"[0.3081795798796588, 0.3412035255862059]",0.14696050256444904,0.16369529983792544,"[0.15105864440632819, 0.17716845055366184]",0.52778472584995484,0.51183144246353318,"[0.49418889973574215, 0.5294445566825328]"
archetype,B2_TD_CONVERSION_VS_WEAK_TD_DEFENSE::UNASSIGNABLE,C0,S0,477,NORMAL,268,NORMAL,"{""2018"": 56, ""2019"": 63, ""2020"": 49, ""2021"": 45, ""2022"": 54, ""2023"": 70, ""2024"": 52, ""2025"": 48, ""2026"": 40}","{""Bantamweight"": 55, ""Catch Weight"": 6, ""Featherweight"": 63, ""Flyweight"": 29, ""Heavyweight"": 43, ""Light Heavyweight"": 22, ""Lightweight"": 68, ""Middleweight"": 54, ""Welterweight"": 62, ""Women's Bantamweight"": 10, ""Women's Featherweight"": 7, ""Women's Flyweight"": 32, ""Women's Strawweight"": 26}",175,93,209,0.4798691486140213,0.49034531835204037,0.64037664242231207,0.64051706444462386,0.65298507462686572,-0.012468010182241862,"[0.5941950171925162, 0.7074513922835565]",0.64521422572528131,0.22642640461858773,0.012468010182241862,-8.5949187455245024,15.98788200665877,1.0537217370285126,0.63949831554482839,0.30732072687645978,0.3668763102725367,"[0.3248491376379325, 0.41103054230589214]",0.1725484217375616,0.19496855345911951,"[0.16191089870383527, 0.2329000214824086]",0.5201308513859787,0.43815513626834379,"[0.39429894878264415, 0.48299948520700664]"
archetype,B2_TD_CONVERSION_VS_WEAK_TD_DEFENSE::UNASSIGNABLE,C1,S1,477,NORMAL,268,NORMAL,"{""2018"": 56, ""2019"": 63, ""2020"": 49, ""2021"": 45, ""2022"": 54, ""2023"": 70, ""2024"": 52, ""2025"": 48, ""2026"": 40}","{""Bantamweight"": 55, ""Catch Weight"": 6, ""Featherweight"": 63, ""Flyweight"": 29, ""Heavyweight"": 43, ""Light Heavyweight"": 22, ""Lightweight"": 68, ""Middleweight"": 54, ""Welterweight"": 62, ""Women's Bantamweight"": 10, ""Women's Featherweight"": 7, ""Women's Flyweight"": 32, ""Women's Strawweight"": 26}",175,93,209,0.4798691486140213,0.49034531835204037,0.60710907995836438,0.61731191848144407,0.65298507462686572,-0.035673156145421658,"[0.5941950171925162, 0.7074513922835565]",0.64710853154247083,0.22734461939410525,0.056639212460965316,0.37051273335004659,0.54327422486108612,1.0547860430222376,0.63924368103570495,0.29532969621354843,0.3668763102725367,"[0.3248491376379325, 0.41103054230589214]",0.18453945240047293,0.19496855345911951,"[0.16191089870383527, 0.2329000214824086]",0.5201308513859787,0.43815513626834379,"[0.39429894878264415, 0.48299948520700664]"
archetype,B2_TD_CONVERSION_VS_WEAK_TD_DEFENSE::UNASSIGNABLE,MOV1_MIN,S2,477,NORMAL,268,NORMAL,"{""2018"": 56, ""2019"": 63, ""2020"": 49, ""2021"": 45, ""2022"": 54, ""2023"": 70, ""2024"": 52, ""2025"": 48, ""2026"": 40}","{""Bantamweight"": 55, ""Catch Weight"": 6, ""Featherweight"": 63, ""Flyweight"": 29, ""Heavyweight"": 43, ""Light Heavyweight"": 22, ""Lightweight"": 68, ""Middleweight"": 54, ""Welterweight"": 62, ""Women's Bantamweight"": 10, ""Women's Featherweight"": 7, ""Women's Flyweight"": 32, ""Women's Strawweight"": 26}",175,93,209,0.4798691486140213,0.49034531835204037,0.61560044340529363,0.61706328195847093,0.65298507462686572,-0.035921792668394792,"[0.5941950171925162, 0.7074513922835565]",0.61206347255192939,0.21112726349860658,0.066840484817864768,-0.046034078474498613,1.4786682120657733,1.0350961566292287,0.62944873328536233,0.29802416417590788,0.3668763102725367,"[0.3248491376379325, 0.41103054230589214]",0.18184498443811345,0.19496855345911951,"[0.16191089870383527, 0.2329000214824086]",0.5201308513859787,0.43815513626834379,"[0.39429894878264415, 0.48299948520700664]"
archetype,B2_TD_CONVERSION_VS_WEAK_TD_DEFENSE::UNASSIGNABLE,MOV1_FULL,S3,477,NORMAL,268,NORMAL,"{""2018"": 56, ""2019"": 63, ""2020"": 49, ""2021"": 45, ""2022"": 54, ""2023"": 70, ""2024"": 52, ""2025"": 48, ""2026"": 40}","{""Bantamweight"": 55, ""Catch Weight"": 6, ""Featherweight"": 63, ""Flyweight"": 29, ""Heavyweight"": 43, ""Light Heavyweight"": 22, ""Lightweight"": 68, ""Middleweight"": 54, ""Welterweight"": 62, ""Women's Bantamweight"": 10, ""Women's Featherweight"": 7, ""Women's Flyweight"": 32, ""Women's Strawweight"": 26}",175,93,209,0.4798691486140213,0.49034531835204037,0.60197651883200942,0.60405558129099579,0.65298507462686572,-0.048929493335869934,"[0.5941950171925162, 0.7074513922835565]",0.62055083264982758,0.21499928260350276,0.069545417927063119,0.16626723207224214,1.1450319270082148,1.0398647363068738,0.63208831396499032,0.29216030883897331,0.3668763102725367,"[0.3248491376379325, 0.41103054230589214]",0.18770883977504801,0.19496855345911951,"[0.16191089870383527, 0.2329000214824086]",0.5201308513859787,0.43815513626834379,"[0.39429894878264415, 0.48299948520700664]"
archetype,B3_TD_ACCESS_PLUS_SUB_PRESSURE::MATCH,C0,S0,412,NORMAL,224,NORMAL,"{""2018"": 46, ""2019"": 45, ""2020"": 41, ""2021"": 46, ""2022"": 48, ""2023"": 49, ""2024"": 55, ""2025"": 56, ""2026"": 26}","{""Bantamweight"": 22, ""Catch Weight"": 8, ""Featherweight"": 50, ""Flyweight"": 51, ""Heavyweight"": 28, ""Light Heavyweight"": 32, ""Lightweight"": 51, ""Middleweight"": 71, ""Welterweight"": 40, ""Women's Bantamweight"": 4, ""Women's Featherweight"": 2, ""Women's Flyweight"": 26, ""Women's Strawweight"": 27}",103,121,188,0.51343522613568449,0.54838270564789349,0.64035996927426941,0.64059802220574447,0.45982142857142855,0.18077659363431592,"[0.39578178729813035, 0.5252159095513899]",0.75785513951907435,0.28120169638789394,0.18077659363431592,2.7030798465300396,-4.9557220930368429,1.0673004549717167,0.63485146883145194,0.3287867127319139,0.25,"[0.21062707373300651, 0.293991824574522]",0.1846485134037707,0.2936893203883495,"[0.2517787072712492, 0.33941164570098303]",0.48656477386431551,0.4563106796116505,"[0.4088396516791842, 0.5045888936561121]"
archetype,B3_TD_ACCESS_PLUS_SUB_PRESSURE::MATCH,C1,S1,412,NORMAL,224,NORMAL,"{""2018"": 46, ""2019"": 45, ""2020"": 41, ""2021"": 46, ""2022"": 48, ""2023"": 49, ""2024"": 55, ""2025"": 56, ""2026"": 26}","{""Bantamweight"": 22, ""Catch Weight"": 8, ""Featherweight"": 50, ""Flyweight"": 51, ""Heavyweight"": 28, ""Light Heavyweight"": 32, ""Lightweight"": 51, ""Middleweight"": 71, ""Welterweight"": 40, ""Women's Bantamweight"": 4, ""Women's Featherweight"": 2, ""Women's Flyweight"": 26, ""Women's Strawweight"": 27}",103,121,188,0.51343522613568449,0.54838270564789349,0.63181439727533462,0.64713607055119748,0.45982142857142855,0.18731464197976894,"[0.39578178729813035, 0.5252159095513899]",0.77134741609896218,0.28496714107650051,0.19649396087785459,-0.38001559520670564,0.34716451165425211,1.0746360616559276,0.6409538243024876,0.33269434003574339,0.25,"[0.21062707373300651, 0.293991824574522]",0.18074088609994118,0.2936893203883495,"[0.2517787072712492, 0.33941164570098303]",0.48656477386431551,0.4563106796116505,"[0.4088396516791842, 0.5045888936561121]"
archetype,B3_TD_ACCESS_PLUS_SUB_PRESSURE::MATCH,MOV1_MIN,S2,412,NORMAL,224,NORMAL,"{""2018"": 46, ""2019"": 45, ""2020"": 41, ""2021"": 46, ""2022"": 48, ""2023"": 49, ""2024"": 55, ""2025"": 56, ""2026"": 26}","{""Bantamweight"": 22, ""Catch Weight"": 8, ""Featherweight"": 50, ""Flyweight"": 51, ""Heavyweight"": 28, ""Light Heavyweight"": 32, ""Lightweight"": 51, ""Middleweight"": 71, ""Welterweight"": 40, ""Women's Bantamweight"": 4, ""Women's Featherweight"": 2, ""Women's Flyweight"": 26, ""Women's Strawweight"": 27}",103,121,188,0.51343522613568449,0.54838270564789349,0.53901524866686445,0.55210619973259156,0.45982142857142855,0.092284771161163015,"[0.39578178729813035, 0.5252159095513899]",0.70246421689008254,0.25312769434860422,0.10962280354588617,-0.29407333274714031,0.55055295890453326,1.0371850018918762,0.6226447416616272,0.28256670893694613,0.25,"[0.21062707373300651, 0.293991824574522]",0.23086851719873838,0.2936893203883495,"[0.2517787072712492, 0.33941164570098303]",0.48656477386431551,0.4563106796116505,"[0.4088396516791842, 0.5045888936561121]"
archetype,B3_TD_ACCESS_PLUS_SUB_PRESSURE::MATCH,MOV1_FULL,S3,412,NORMAL,224,NORMAL,"{""2018"": 46, ""2019"": 45, ""2020"": 41, ""2021"": 46, ""2022"": 48, ""2023"": 49, ""2024"": 55, ""2025"": 56, ""2026"": 26}","{""Bantamweight"": 22, ""Catch Weight"": 8, ""Featherweight"": 50, ""Flyweight"": 51, ""Heavyweight"": 28, ""Light Heavyweight"": 32, ""Lightweight"": 51, ""Middleweight"": 71, ""Welterweight"": 40, ""Women's Bantamweight"": 4, ""Women's Featherweight"": 2, ""Women's Flyweight"": 26, ""Women's Strawweight"": 27}",103,121,188,0.51343522613568449,0.54838270564789349,0.53453574355065792,0.54855400989157432,0.45982142857142855,0.088732581320145776,"[0.39578178729813035, 0.5252159095513899]",0.70606429180919605,0.25342504210312761,0.12269268217269036,-0.27617059551005951,0.49964793909402089,1.0391423241779965,0.62244507473674993,0.27993025618966394,0.25,"[0.21062707373300651, 0.293991824574522]",0.23350496994602063,0.2936893203883495,"[0.2517787072712492, 0.33941164570098303]",0.48656477386431551,0.4563106796116505,"[0.4088396516791842, 0.5045888936561121]"
archetype,B3_TD_ACCESS_PLUS_SUB_PRESSURE::NO_MATCH,C0,S0,3054,NORMAL,1475,NORMAL,"{""2018"": 331, ""2019"": 351, ""2020"": 309, ""2021"": 370, ""2022"": 378, ""2023"": 348, ""2024"": 370, ""2025"": 365, ""2026"": 232}","{""Bantamweight"": 364, ""Catch Weight"": 39, ""Featherweight"": 344, ""Flyweight"": 148, ""Heavyweight"": 227, ""Light Heavyweight"": 236, ""Lightweight"": 420, ""Middleweight"": 323, ""Welterweight"": 412, ""Women's Bantamweight"": 126, ""Women's Featherweight"": 15, ""Women's Flyweight"": 198, ""Women's Strawweight"": 202}",980,495,1579,0.46652613434880857,0.49836276129160934,0.64032988351649722,0.64043453399372541,0.66440677966101691,-0.023972245667291503,"[0.6399095382770988, 0.6880498904413551]",0.63970199726521826,0.22371694246162174,0.023972245667291503,4.9469940886019748,-7.3831160564291238,0.97682639316554321,0.58338305517332467,0.29871343214220691,0.32089063523248201,"[0.3045682676885654, 0.33766302038419216]",0.16781270220660169,0.16208251473477406,"[0.14943814294359686, 0.17557591426131297]",0.53347386565119137,0.51702685003274396,"[0.4992938119873057, 0.5347171076108966]"
archetype,B3_TD_ACCESS_PLUS_SUB_PRESSURE::NO_MATCH,C1,S1,3054,NORMAL,1475,NORMAL,"{""2018"": 331, ""2019"": 351, ""2020"": 309, ""2021"": 370, ""2022"": 378, ""2023"": 348, ""2024"": 370, ""2025"": 365, ""2026"": 232}","{""Bantamweight"": 364, ""Catch Weight"": 39, ""Featherweight"": 344, ""Flyweight"": 148, ""Heavyweight"": 227, ""Light Heavyweight"": 236, ""Lightweight"": 420, ""Middleweight"": 323, ""Welterweight"": 412, ""Women's Bantamweight"": 126, ""Women's Featherweight"": 15, ""Women's Flyweight"": 198, ""Women's Strawweight"": 202}",980,495,1579,0.46652613434880857,0.49836276129160934,0.62908848300688869,0.64227978187797541,0.66440677966101691,-0.022126997783041502,"[0.6399095382770988, 0.6880498904413551]",0.62348767122783133,0.21646572544923548,0.024019108152061274,0.1515082982308103,0.91044855079152776,0.96899530904467046,0.57981189967157021,0.30066579556844841,0.32089063523248201,"[0.3045682676885654, 0.33766302038419216]",0.16586033878036016,0.16208251473477406,"[0.14943814294359686, 0.17557591426131297]",0.53347386565119137,0.51702685003274396,"[0.4992938119873057, 0.5347171076108966]"
archetype,B3_TD_ACCESS_PLUS_SUB_PRESSURE::NO_MATCH,MOV1_MIN,S2,3054,NORMAL,1475,NORMAL,"{""2018"": 331, ""2019"": 351, ""2020"": 309, ""2021"": 370, ""2022"": 378, ""2023"": 348, ""2024"": 370, ""2025"": 365, ""2026"": 232}","{""Bantamweight"": 364, ""Catch Weight"": 39, ""Featherweight"": 344, ""Flyweight"": 148, ""Heavyweight"": 227, ""Light Heavyweight"": 236, ""Lightweight"": 420, ""Middleweight"": 323, ""Welterweight"": 412, ""Women's Bantamweight"": 126, ""Women's Featherweight"": 15, ""Women's Flyweight"": 198, ""Women's Strawweight"": 202}",980,495,1579,0.46652613434880857,0.49836276129160934,0.67641415349883294,0.68606802991009352,0.66440677966101691,0.021661250249076613,"[0.6399095382770988, 0.6880498904413551]",0.60406453793115733,0.20870992084934573,0.040160855534216569,0.041708559489205273,0.7913793364455578,0.95961445717414173,0.5752628612272298,0.32074274247618839,0.32089063523248201,"[0.3045682676885654, 0.33766302038419216]",0.14578339187262021,0.16208251473477406,"[0.14943814294359686, 0.17557591426131297]",0.53347386565119137,0.51702685003274396,"[0.4992938119873057, 0.5347171076108966]"
archetype,B3_TD_ACCESS_PLUS_SUB_PRESSURE::NO_MATCH,MOV1_FULL,S3,3054,NORMAL,1475,NORMAL,"{""2018"": 331, ""2019"": 351, ""2020"": 309, ""2021"": 370, ""2022"": 378, ""2023"": 348, ""2024"": 370, ""2025"": 365, ""2026"": 232}","{""Bantamweight"": 364, ""Catch Weight"": 39, ""Featherweight"": 344, ""Flyweight"": 148, ""Heavyweight"": 227, ""Light Heavyweight"": 236, ""Lightweight"": 420, ""Middleweight"": 323, ""Welterweight"": 412, ""Women's Bantamweight"": 126, ""Women's Featherweight"": 15, ""Women's Flyweight"": 198, ""Women's Strawweight"": 202}",980,495,1579,0.46652613434880857,0.49836276129160934,0.67816446806059083,0.6857307555344474,0.66440677966101691,0.02132397587343049,"[0.6399095382770988, 0.6880498904413551]",0.60868259858155271,0.21035414861055793,0.052160514654254538,0.087905302921104919,0.73066259450798854,0.96184485647320317,0.57586823135888221,0.32089500110254576,0.32089063523248201,"[0.3045682676885654, 0.33766302038419216]",0.14563113324626284,0.16208251473477406,"[0.14943814294359686, 0.17557591426131297]",0.53347386565119137,0.51702685003274396,"[0.4992938119873057, 0.5347171076108966]"
archetype,B3_TD_ACCESS_PLUS_SUB_PRESSURE::UNASSIGNABLE,C0,S0,794,NORMAL,416,NORMAL,"{""2018"": 93, ""2019"": 111, ""2020"": 93, ""2021"": 76, ""2022"": 79, ""2023"": 108, ""2024"": 77, ""2025"": 83, ""2026"": 74}","{""Bantamweight"": 102, ""Catch Weight"": 12, ""Featherweight"": 108, ""Flyweight"": 53, ""Heavyweight"": 61, ""Light Heavyweight"": 51, ""Lightweight"": 105, ""Middleweight"": 82, ""Welterweight"": 94, ""Women's Bantamweight"": 28, ""Women's Featherweight"": 10, ""Women's Flyweight"": 42, ""Women's Strawweight"": 46}",278,138,378,0.47821176014112365,0.49079786254451724,0.64019240741801242,0.6402431351409158,0.66826923076923073,-0.028026095628314929,"[0.6216658191840235, 0.711793387996826]",0.63653646906759132,0.22220041425986148,0.028026095628314929,-7.4299089199815365,14.115766987944273,1.0206281666405148,0.61672604927856189,0.30616346250106791,0.3501259445843829,"[0.31774056827062486, 0.3839545525221794]",0.17204829764005575,0.17380352644836272,"[0.14903299016186963, 0.20171521391658667]",0.52178823985887635,0.47607052896725438,"[0.4415308765355438, 0.5108406133389375]"
archetype,B3_TD_ACCESS_PLUS_SUB_PRESSURE::UNASSIGNABLE,C1,S1,794,NORMAL,416,NORMAL,"{""2018"": 93, ""2019"": 111, ""2020"": 93, ""2021"": 76, ""2022"": 79, ""2023"": 108, ""2024"": 77, ""2025"": 83, ""2026"": 74}","{""Bantamweight"": 102, ""Catch Weight"": 12, ""Featherweight"": 108, ""Flyweight"": 53, ""Heavyweight"": 61, ""Light Heavyweight"": 51, ""Lightweight"": 105, ""Middleweight"": 82, ""Welterweight"": 94, ""Women's Bantamweight"": 28, ""Women's Featherweight"": 10, ""Women's Flyweight"": 42, ""Women's Strawweight"": 46}",278,138,378,0.47821176014112365,0.49079786254451724,0.60379099463445252,0.61522816877226805,0.66826923076923073,-0.05304106199696268,"[0.6216658191840235, 0.711793387996826]",0.63598044766611472,0.22210031452886275,0.060095441739588917,0.37042109136183221,0.70499239362543231,1.0203368506417563,0.6161684918219742,0.29280623030707315,0.3501259445843829,"[0.31774056827062486, 0.3839545525221794]",0.18540552983405048,0.17380352644836272,"[0.14903299016186963, 0.20171521391658667]",0.52178823985887635,0.47607052896725438,"[0.4415308765355438, 0.5108406133389375]"
archetype,B3_TD_ACCESS_PLUS_SUB_PRESSURE::UNASSIGNABLE,MOV1_MIN,S2,794,NORMAL,416,NORMAL,"{""2018"": 93, ""2019"": 111, ""2020"": 93, ""2021"": 76, ""2022"": 79, ""2023"": 108, ""2024"": 77, ""2025"": 83, ""2026"": 74}","{""Bantamweight"": 102, ""Catch Weight"": 12, ""Featherweight"": 108, ""Flyweight"": 53, ""Heavyweight"": 61, ""Light Heavyweight"": 51, ""Lightweight"": 105, ""Middleweight"": 82, ""Welterweight"": 94, ""Women's Bantamweight"": 28, ""Women's Featherweight"": 10, ""Women's Flyweight"": 42, ""Women's Strawweight"": 46}",278,138,378,0.47821176014112365,0.49079786254451724,0.63864287699802236,0.64169461492069013,0.66826923076923073,-0.026574615848540595,"[0.6216658191840235, 0.711793387996826]",0.60853615550469209,0.20972674626638405,0.04251438819939523,0.040100700948195525,1.1536811741932547,1.0059579771667539,0.60939026824203679,0.30807761232951952,0.3501259445843829,"[0.31774056827062486, 0.3839545525221794]",0.1701341478116041,0.17380352644836272,"[0.14903299016186963, 0.20171521391658667]",0.52178823985887635,0.47607052896725438,"[0.4415308765355438, 0.5108406133389375]"
archetype,B3_TD_ACCESS_PLUS_SUB_PRESSURE::UNASSIGNABLE,MOV1_FULL,S3,794,NORMAL,416,NORMAL,"{""2018"": 93, ""2019"": 111, ""2020"": 93, ""2021"": 76, ""2022"": 79, ""2023"": 108, ""2024"": 77, ""2025"": 83, ""2026"": 74}","{""Bantamweight"": 102, ""Catch Weight"": 12, ""Featherweight"": 108, ""Flyweight"": 53, ""Heavyweight"": 61, ""Light Heavyweight"": 51, ""Lightweight"": 105, ""Middleweight"": 82, ""Welterweight"": 94, ""Women's Bantamweight"": 28, ""Women's Featherweight"": 10, ""Women's Flyweight"": 42, ""Women's Strawweight"": 46}",278,138,378,0.47821176014112365,0.49079786254451724,0.63076835841281609,0.63300357083856662,0.66826923076923073,-0.035265659930664106,"[0.6216658191840235, 0.711793387996826]",0.6122054804413779,0.21129061692936432,0.039766789435736243,0.1735806701472338,0.98100241350989692,1.007880444639879,0.61072089947480845,0.30473599791217032,0.3501259445843829,"[0.31774056827062486, 0.3839545525221794]",0.17347576222895325,0.17380352644836272,"[0.14903299016186963, 0.20171521391658667]",0.52178823985887635,0.47607052896725438,"[0.4415308765355438, 0.5108406133389375]"
archetype,B4_SUB_PRESSURE_POOR_TD_ACCESS::MATCH,C0,S0,1628,NORMAL,861,NORMAL,"{""2018"": 210, ""2019"": 228, ""2020"": 177, ""2021"": 187, ""2022"": 174, ""2023"": 195, ""2024"": 180, ""2025"": 173, ""2026"": 104}","{""Bantamweight"": 201, ""Catch Weight"": 23, ""Featherweight"": 227, ""Flyweight"": 122, ""Heavyweight"": 41, ""Light Heavyweight"": 77, ""Lightweight"": 259, ""Middleweight"": 197, ""Welterweight"": 198, ""Women's Bantamweight"": 65, ""Women's Featherweight"": 6, ""Women's Flyweight"": 108, ""Women's Strawweight"": 104}",493,368,767,0.49921798524328276,0.52458697056861692,0.64008028901081993,0.64024653874329118,0.57259001161440182,0.067656527128889365,"[0.5392956162268385, 0.6052395453627215]",0.69266577107815508,0.24948686153216609,0.067656527128889365,4.1841309409338416,-6.749760772268842,1.0396367214879918,0.62286611971013994,0.31953293645811948,0.30282555282555285,"[0.2809914932390299, 0.32558793484832654]",0.17968504878516328,0.22604422604422605,"[0.20638506676077473, 0.24699320403972674]",0.50078201475671724,0.47113022113022113,"[0.44697921201347346, 0.495417152846669]"
archetype,B4_SUB_PRESSURE_POOR_TD_ACCESS::MATCH,C1,S1,1628,NORMAL,861,NORMAL,"{""2018"": 210, ""2019"": 228, ""2020"": 177, ""2021"": 187, ""2022"": 174, ""2023"": 195, ""2024"": 180, ""2025"": 173, ""2026"": 104}","{""Bantamweight"": 201, ""Catch Weight"": 23, ""Featherweight"": 227, ""Flyweight"": 122, ""Heavyweight"": 41, ""Light Heavyweight"": 77, ""Lightweight"": 259, ""Middleweight"": 197, ""Welterweight"": 198, ""Women's Bantamweight"": 65, ""Women's Featherweight"": 6, ""Women's Flyweight"": 108, ""Women's Strawweight"": 104}",493,368,767,0.49921798524328276,0.52458697056861692,0.61877843403162536,0.62786057148246543,0.57259001161440182,0.055270559868063618,"[0.5392956162268385, 0.6052395453627215]",0.68802306946039871,0.24643630355490079,0.055270559868063646,0.0099535431170897186,0.52710109808595473,1.0371813369100509,0.62250606545938303,0.3147772432735248,0.30282555282555285,"[0.2809914932390299, 0.32558793484832654]",0.18444074196975788,0.22604422604422605,"[0.20638506676077473, 0.24699320403972674]",0.50078201475671724,0.47113022113022113,"[0.44697921201347346, 0.495417152846669]"
archetype,B4_SUB_PRESSURE_POOR_TD_ACCESS::MATCH,MOV1_MIN,S2,1628,NORMAL,861,NORMAL,"{""2018"": 210, ""2019"": 228, ""2020"": 177, ""2021"": 187, ""2022"": 174, ""2023"": 195, ""2024"": 180, ""2025"": 173, ""2026"": 104}","{""Bantamweight"": 201, ""Catch Weight"": 23, ""Featherweight"": 227, ""Flyweight"": 122, ""Heavyweight"": 41, ""Light Heavyweight"": 77, ""Lightweight"": 259, ""Middleweight"": 197, ""Welterweight"": 198, ""Women's Bantamweight"": 65, ""Women's Featherweight"": 6, ""Women's Flyweight"": 108, ""Women's Strawweight"": 104}",493,368,767,0.49921798524328276,0.52458697056861692,0.60164277271525735,0.60857956892787934,0.57259001161440182,0.035989557313477527,"[0.5392956162268385, 0.6052395453627215]",0.66228909731869101,0.2346605699996227,0.049914337498139082,-0.03834031484249787,0.70901400491352262,1.0235714167540249,0.6149509278353561,0.3043624132027084,0.30282555282555285,"[0.2809914932390299, 0.32558793484832654]",0.19485557204057433,0.22604422604422605,"[0.20638506676077473, 0.24699320403972674]",0.50078201475671724,0.47113022113022113,"[0.44697921201347346, 0.495417152846669]"
archetype,B4_SUB_PRESSURE_POOR_TD_ACCESS::MATCH,MOV1_FULL,S3,1628,NORMAL,861,NORMAL,"{""2018"": 210, ""2019"": 228, ""2020"": 177, ""2021"": 187, ""2022"": 174, ""2023"": 195, ""2024"": 180, ""2025"": 173, ""2026"": 104}","{""Bantamweight"": 201, ""Catch Weight"": 23, ""Featherweight"": 227, ""Flyweight"": 122, ""Heavyweight"": 41, ""Light Heavyweight"": 77, ""Lightweight"": 259, ""Middleweight"": 197, ""Welterweight"": 198, ""Women's Bantamweight"": 65, ""Women's Featherweight"": 6, ""Women's Flyweight"": 108, ""Women's Strawweight"": 104}",493,368,767,0.49921798524328276,0.52458697056861692,0.60050222469455539,0.60588594068379276,0.57259001161440182,0.033295929069390939,"[0.5392956162268385, 0.6052395453627215]",0.66407371266137516,0.23523702439321714,0.05969361424383228,-0.010821339506144981,0.66212715592545413,1.0245152458756777,0.61525490293451179,0.30334539018944179,0.30282555282555285,"[0.2809914932390299, 0.32558793484832654]",0.19587259505384091,0.22604422604422605,"[0.20638506676077473, 0.24699320403972674]",0.50078201475671724,0.47113022113022113,"[0.44697921201347346, 0.495417152846669]"
archetype,B4_SUB_PRESSURE_POOR_TD_ACCESS::NO_MATCH,C0,S0,1978,NORMAL,916,NORMAL,"{""2018"": 188, ""2019"": 200, ""2020"": 189, ""2021"": 239, ""2022"": 265, ""2023"": 228, ""2024"": 251, ""2025"": 254, ""2026"": 164}","{""Bantamweight"": 207, ""Catch Weight"": 24, ""Featherweight"": 186, ""Flyweight"": 85, ""Heavyweight"": 217, ""Light Heavyweight"": 197, ""Lightweight"": 238, ""Middleweight"": 215, ""Welterweight"": 270, ""Women's Bantamweight"": 72, ""Women's Featherweight"": 11, ""Women's Flyweight"": 123, ""Women's Strawweight"": 133}",638,278,1062,0.45318338573486555,0.48852887714380278,0.64050865920722633,0.64058921372687017,0.69650655021834063,-0.05591733649147046,"[0.6659627714042176, 0.7254090204929939]",0.62104545294663838,0.21464305616872717,0.05591733649147046,4.2300155120944627,-5.8791867704338703,0.94982357421799002,0.56588325893311209,0.29025331399233345,0.32254802831142571,"[0.3023088907767627, 0.34347508610213007]",0.16293007174253216,0.14054600606673406,"[0.12592538424594774, 0.15656010738052722]",0.54681661426513439,0.53690596562184023,"[0.5148811379548835, 0.5587877215546345]"
archetype,B4_SUB_PRESSURE_POOR_TD_ACCESS::NO_MATCH,C1,S1,1978,NORMAL,916,NORMAL,"{""2018"": 188, ""2019"": 200, ""2020"": 189, ""2021"": 239, ""2022"": 265, ""2023"": 228, ""2024"": 251, ""2025"": 254, ""2026"": 164}","{""Bantamweight"": 207, ""Catch Weight"": 24, ""Featherweight"": 186, ""Flyweight"": 85, ""Heavyweight"": 217, ""Light Heavyweight"": 197, ""Lightweight"": 238, ""Middleweight"": 215, ""Welterweight"": 270, ""Women's Bantamweight"": 72, ""Women's Featherweight"": 11, ""Women's Flyweight"": 123, ""Women's Strawweight"": 133}",638,278,1062,0.45318338573486555,0.48852887714380278,0.63567472292497496,0.65423641108129194,0.69650655021834063,-0.04227013913704869,"[0.6659627714042176, 0.7254090204929939]",0.60449159619906845,0.20757282016574671,0.044261999867019848,0.29251621806655881,0.84780326268648365,0.94215758191223986,0.56229191541316148,0.2965931497590607,0.32254802831142571,"[0.3023088907767627, 0.34347508610213007]",0.15659023597580488,0.14054600606673406,"[0.12592538424594774, 0.15656010738052722]",0.54681661426513439,0.53690596562184023,"[0.5148811379548835, 0.5587877215546345]"
archetype,B4_SUB_PRESSURE_POOR_TD_ACCESS::NO_MATCH,MOV1_MIN,S2,1978,NORMAL,916,NORMAL,"{""2018"": 188, ""2019"": 200, ""2020"": 189, ""2021"": 239, ""2022"": 265, ""2023"": 228, ""2024"": 251, ""2025"": 254, ""2026"": 164}","{""Bantamweight"": 207, ""Catch Weight"": 24, ""Featherweight"": 186, ""Flyweight"": 85, ""Heavyweight"": 217, ""Light Heavyweight"": 197, ""Lightweight"": 238, ""Middleweight"": 215, ""Welterweight"": 270, ""Women's Bantamweight"": 72, ""Women's Featherweight"": 11, ""Women's Flyweight"": 123, ""Women's Strawweight"": 133}",638,278,1062,0.45318338573486555,0.48852887714380278,0.70309213371525381,0.71759876215115725,0.69650655021834063,0.021092211932816629,"[0.6659627714042176, 0.7254090204929939]",0.57810208811046504,0.19724473481188406,0.039404335571694343,0.039943867554255517,0.82324865304849648,0.92993675814623322,0.55718649686869737,0.32536650224657265,0.32254802831142571,"[0.3023088907767627, 0.34347508610213007]",0.1278168834882929,0.14054600606673406,"[0.12592538424594774, 0.15656010738052722]",0.54681661426513439,0.53690596562184023,"[0.5148811379548835, 0.5587877215546345]"
archetype,B4_SUB_PRESSURE_POOR_TD_ACCESS::NO_MATCH,MOV1_FULL,S3,1978,NORMAL,916,NORMAL,"{""2018"": 188, ""2019"": 200, ""2020"": 189, ""2021"": 239, ""2022"": 265, ""2023"": 228, ""2024"": 251, ""2025"": 254, ""2026"": 164}","{""Bantamweight"": 207, ""Catch Weight"": 24, ""Featherweight"": 186, ""Flyweight"": 85, ""Heavyweight"": 217, ""Light Heavyweight"": 197, ""Lightweight"": 238, ""Middleweight"": 215, ""Welterweight"": 270, ""Women's Bantamweight"": 72, ""Women's Featherweight"": 11, ""Women's Flyweight"": 123, ""Women's Strawweight"": 133}",638,278,1062,0.45318338573486555,0.48852887714380278,0.70552204610450753,0.71832789571471778,0.69650655021834063,0.021821345496377154,"[0.6659627714042176, 0.7254090204929939]",0.58511709383217636,0.19960300461720784,0.050354463203763633,0.10605719563844325,0.74543211113662278,0.93318536544708641,0.55798250249438441,0.32573768508075501,0.32254802831142571,"[0.3023088907767627, 0.34347508610213007]",0.12744570065411054,0.14054600606673406,"[0.12592538424594774, 0.15656010738052722]",0.54681661426513439,0.53690596562184023,"[0.5148811379548835, 0.5587877215546345]"
archetype,B4_SUB_PRESSURE_POOR_TD_ACCESS::UNASSIGNABLE,C0,S0,654,NORMAL,338,NORMAL,"{""2018"": 72, ""2019"": 79, ""2020"": 77, ""2021"": 66, ""2022"": 66, ""2023"": 82, ""2024"": 71, ""2025"": 77, ""2026"": 64}","{""Bantamweight"": 80, ""Catch Weight"": 12, ""Featherweight"": 89, ""Flyweight"": 45, ""Heavyweight"": 58, ""Light Heavyweight"": 45, ""Lightweight"": 79, ""Middleweight"": 64, ""Welterweight"": 78, ""Women's Bantamweight"": 21, ""Women's Featherweight"": 10, ""Women's Flyweight"": 35, ""Women's Strawweight"": 38}",230,108,316,0.46923952302994992,0.4820499309629247,0.64026254536509908,0.64036700947238434,0.68047337278106512,-0.040106363308680781,"[0.6289732286089866, 0.727917361610477]",0.62975238033483827,0.21889294445009932,0.040106363308680781,-4.1375281843046139,8.4852967641578214,1.0123161224814221,0.61092967848205904,0.30046492508110451,0.35168195718654433,"[0.3160492344776029, 0.38904688344147453]",0.16877459794884547,0.16513761467889909,"[0.13865191223624646, 0.19553416842641308]",0.53076047697005013,0.48318042813455658,"[0.44509186486669755, 0.5214654268560844]"
archetype,B4_SUB_PRESSURE_POOR_TD_ACCESS::UNASSIGNABLE,C1,S1,654,NORMAL,338,NORMAL,"{""2018"": 72, ""2019"": 79, ""2020"": 77, ""2021"": 66, ""2022"": 66, ""2023"": 82, ""2024"": 71, ""2025"": 77, ""2026"": 64}","{""Bantamweight"": 80, ""Catch Weight"": 12, ""Featherweight"": 89, ""Flyweight"": 45, ""Heavyweight"": 58, ""Light Heavyweight"": 45, ""Lightweight"": 79, ""Middleweight"": 64, ""Welterweight"": 78, ""Women's Bantamweight"": 21, ""Women's Featherweight"": 10, ""Women's Flyweight"": 35, ""Women's Strawweight"": 38}",230,108,316,0.46923952302994992,0.4820499309629247,0.60583779200480814,0.61653127717715728,0.68047337278106512,-0.063942095603907845,"[0.6289732286089866, 0.727917361610477]",0.62394034784784747,0.21655312085849651,0.063942095603907873,0.31852411344291331,0.9344837229866727,1.0093123503398271,0.60917892425250597,0.28849075283159531,0.35168195718654433,"[0.3160492344776029, 0.38904688344147453]",0.1807487701983547,0.16513761467889909,"[0.13865191223624646, 0.19553416842641308]",0.53076047697005013,0.48318042813455658,"[0.44509186486669755, 0.5214654268560844]"
archetype,B4_SUB_PRESSURE_POOR_TD_ACCESS::UNASSIGNABLE,MOV1_MIN,S2,654,NORMAL,338,NORMAL,"{""2018"": 72, ""2019"": 79, ""2020"": 77, ""2021"": 66, ""2022"": 66, ""2023"": 82, ""2024"": 71, ""2025"": 77, ""2026"": 64}","{""Bantamweight"": 80, ""Catch Weight"": 12, ""Featherweight"": 89, ""Flyweight"": 45, ""Heavyweight"": 58, ""Light Heavyweight"": 45, ""Lightweight"": 79, ""Middleweight"": 64, ""Welterweight"": 78, ""Women's Bantamweight"": 21, ""Women's Featherweight"": 10, ""Women's Flyweight"": 35, ""Women's Strawweight"": 38}",230,108,316,0.46923952302994992,0.4820499309629247,0.64944170810917812,0.65461425351222291,0.68047337278106512,-0.025859119268842212,"[0.6289732286089866, 0.727917361610477]",0.59682187343552784,0.20436430584712154,0.041966298070370466,-0.057839023830025454,1.3017706155847453,0.99529699200440824,0.60242092265211655,0.30810778846515252,0.35168195718654433,"[0.3160492344776029, 0.38904688344147453]",0.16113173456479751,0.16513761467889909,"[0.13865191223624646, 0.19553416842641308]",0.53076047697005013,0.48318042813455658,"[0.44509186486669755, 0.5214654268560844]"
archetype,B4_SUB_PRESSURE_POOR_TD_ACCESS::UNASSIGNABLE,MOV1_FULL,S3,654,NORMAL,338,NORMAL,"{""2018"": 72, ""2019"": 79, ""2020"": 77, ""2021"": 66, ""2022"": 66, ""2023"": 82, ""2024"": 71, ""2025"": 77, ""2026"": 64}","{""Bantamweight"": 80, ""Catch Weight"": 12, ""Featherweight"": 89, ""Flyweight"": 45, ""Heavyweight"": 58, ""Light Heavyweight"": 45, ""Lightweight"": 79, ""Middleweight"": 64, ""Welterweight"": 78, ""Women's Bantamweight"": 21, ""Women's Featherweight"": 10, ""Women's Flyweight"": 35, ""Women's Strawweight"": 38}",230,108,316,0.46923952302994992,0.4820499309629247,0.64072302657834812,0.64497722098946519,0.68047337278106512,-0.035496151791599928,"[0.6289732286089866, 0.727917361610477]",0.60031949581344934,0.20580190840936924,0.041876807661048433,0.12735456822304803,1.0738894698186563,0.99710463170431285,0.603573351121235,0.30451000755571078,0.35168195718654433,"[0.3160492344776029, 0.38904688344147453]",0.16472951547423922,0.16513761467889909,"[0.13865191223624646, 0.19553416842641308]",0.53076047697005013,0.48318042813455658,"[0.44509186486669755, 0.5214654268560844]"
archetype,B5_SUB_PRESSURE_VS_SUB_VULNERABILITY::MATCH,C0,S0,591,NORMAL,355,NORMAL,"{""2018"": 92, ""2019"": 79, ""2020"": 68, ""2021"": 76, ""2022"": 54, ""2023"": 67, ""2024"": 60, ""2025"": 66, ""2026"": 29}","{""Bantamweight"": 67, ""Catch Weight"": 6, ""Featherweight"": 90, ""Flyweight"": 67, ""Heavyweight"": 4, ""Light Heavyweight"": 26, ""Lightweight"": 105, ""Middleweight"": 76, ""Welterweight"": 72, ""Women's Bantamweight"": 20, ""Women's Featherweight"": 3, ""Women's Flyweight"": 31, ""Women's Strawweight"": 24}",160,195,236,0.53495293684410594,0.54618404838266166,0.63987849634905458,0.6400745705448424,0.45070422535211269,0.18937034519272972,"[0.399748388014849, 0.5027155019854177]",0.76255234079219059,0.28350194472956641,0.18937034519272972,1.2883606711578395,-2.5815748149333908,1.1464217777159889,0.69044738789953508,0.34231615616012012,0.27072758037225042,"[0.23647009437173594, 0.3079463278842507]",0.19263678068398571,0.32994923857868019,"[0.2932459877827774, 0.368848849388637]",0.46504706315589411,0.39932318104906939,"[0.3606102356329029, 0.43933645901086976]"
archetype,B5_SUB_PRESSURE_VS_SUB_VULNERABILITY::MATCH,C1,S1,591,NORMAL,355,NORMAL,"{""2018"": 92, ""2019"": 79, ""2020"": 68, ""2021"": 76, ""2022"": 54, ""2023"": 67, ""2024"": 60, ""2025"": 66, ""2026"": 29}","{""Bantamweight"": 67, ""Catch Weight"": 6, ""Featherweight"": 90, ""Flyweight"": 67, ""Heavyweight"": 4, ""Light Heavyweight"": 26, ""Lightweight"": 105, ""Middleweight"": 76, ""Welterweight"": 72, ""Women's Bantamweight"": 20, ""Women's Featherweight"": 3, ""Women's Flyweight"": 31, ""Women's Strawweight"": 24}",160,195,236,0.53495293684410594,0.54618404838266166,0.61862173772521922,0.61927125569708419,0.45070422535211269,0.1685670303449715,"[0.399748388014849, 0.5027155019854177]",0.75327426109224194,0.27745554787909299,0.16856703034497147,-0.37445422477705881,0.35036545973684236,1.1408486503158506,0.69000202700338187,0.33526551004252297,0.27072758037225042,"[0.23647009437173594, 0.3079463278842507]",0.19968742680158286,0.32994923857868019,"[0.2932459877827774, 0.368848849388637]",0.46504706315589411,0.39932318104906939,"[0.3606102356329029, 0.43933645901086976]"
archetype,B5_SUB_PRESSURE_VS_SUB_VULNERABILITY::MATCH,MOV1_MIN,S2,591,NORMAL,355,NORMAL,"{""2018"": 92, ""2019"": 79, ""2020"": 68, ""2021"": 76, ""2022"": 54, ""2023"": 67, ""2024"": 60, ""2025"": 66, ""2026"": 29}","{""Bantamweight"": 67, ""Catch Weight"": 6, ""Featherweight"": 90, ""Flyweight"": 67, ""Heavyweight"": 4, ""Light Heavyweight"": 26, ""Lightweight"": 105, ""Middleweight"": 76, ""Welterweight"": 72, ""Women's Bantamweight"": 20, ""Women's Featherweight"": 3, ""Women's Flyweight"": 31, ""Women's Strawweight"": 24}",160,195,236,0.53495293684410594,0.54618404838266166,0.53430701553142679,0.54051438143102171,0.45070422535211269,0.08981015607890902,"[0.399748388014849, 0.5027155019854177]",0.70675141067750924,0.25612191578465315,0.12712165957961924,-0.28953057298914903,0.48006265250186791,1.1129034525201991,0.67498467029830267,0.28904124835825712,0.27072758037225042,"[0.23647009437173594, 0.3079463278842507]",0.24591168848584874,0.32994923857868019,"[0.2932459877827774, 0.368848849388637]",0.46504706315589411,0.39932318104906939,"[0.3606102356329029, 0.43933645901086976]"
archetype,B5_SUB_PRESSURE_VS_SUB_VULNERABILITY::MATCH,MOV1_FULL,S3,591,NORMAL,355,NORMAL,"{""2018"": 92, ""2019"": 79, ""2020"": 68, ""2021"": 76, ""2022"": 54, ""2023"": 67, ""2024"": 60, ""2025"": 66, ""2026"": 29}","{""Bantamweight"": 67, ""Catch Weight"": 6, ""Featherweight"": 90, ""Flyweight"": 67, ""Heavyweight"": 4, ""Light Heavyweight"": 26, ""Lightweight"": 105, ""Middleweight"": 76, ""Welterweight"": 72, ""Women's Bantamweight"": 20, ""Women's Featherweight"": 3, ""Women's Flyweight"": 31, ""Women's Strawweight"": 24}",160,195,236,0.53495293684410594,0.54618404838266166,0.5323631660685455,0.53732649892889206,0.45070422535211269,0.086622273576779374,"[0.399748388014849, 0.5027155019854177]",0.70561839353251754,0.25499776149523751,0.11436333862797279,-0.28454547246869405,0.48091519555326079,1.1122228753857286,0.67425409571276351,0.28805974824636954,0.27072758037225042,"[0.23647009437173594, 0.3079463278842507]",0.24689318859773626,0.32994923857868019,"[0.2932459877827774, 0.368848849388637]",0.46504706315589411,0.39932318104906939,"[0.3606102356329029, 0.43933645901086976]"
archetype,B5_SUB_PRESSURE_VS_SUB_VULNERABILITY::NO_MATCH,C0,S0,3196,NORMAL,1499,NORMAL,"{""2018"": 316, ""2019"": 344, ""2020"": 329, ""2021"": 379, ""2022"": 400, ""2023"": 371, ""2024"": 396, ""2025"": 395, ""2026"": 266}","{""Bantamweight"": 356, ""Catch Weight"": 48, ""Featherweight"": 340, ""Flyweight"": 145, ""Heavyweight"": 290, ""Light Heavyweight"": 265, ""Lightweight"": 397, ""Middleweight"": 341, ""Welterweight"": 427, ""Women's Bantamweight"": 125, ""Women's Featherweight"": 18, ""Women's Flyweight"": 213, ""Women's Strawweight"": 231}",1045,454,1697,0.45827501951659871,0.49066594114454354,0.64041863699732626,0.64051848102313325,0.69713142094729819,-0.05661293992416494,"[0.6733906330484307, 0.7198644215890477]",0.62091932803510697,0.21457550059934288,0.05661293992416494,7.1349089662424792,-10.900201127400928,0.95603435818177218,0.57037468787776335,0.29348021120168571,0.32697121401752188,"[0.31092379064481995, 0.34343408482079213]",0.16479480831491297,0.14205256570713393,"[0.1303787409087748, 0.15458583329133405]",0.54172498048340134,0.53097622027534419,"[0.5136480439534141, 0.5482300217408071]"
archetype,B5_SUB_PRESSURE_VS_SUB_VULNERABILITY::NO_MATCH,C1,S1,3196,NORMAL,1499,NORMAL,"{""2018"": 316, ""2019"": 344, ""2020"": 329, ""2021"": 379, ""2022"": 400, ""2023"": 371, ""2024"": 396, ""2025"": 395, ""2026"": 266}","{""Bantamweight"": 356, ""Catch Weight"": 48, ""Featherweight"": 340, ""Flyweight"": 145, ""Heavyweight"": 290, ""Light Heavyweight"": 265, ""Lightweight"": 397, ""Middleweight"": 341, ""Welterweight"": 427, ""Women's Bantamweight"": 125, ""Women's Featherweight"": 18, ""Women's Flyweight"": 213, ""Women's Strawweight"": 231}",1045,454,1697,0.45827501951659871,0.49066594114454354,0.62929171165564002,0.64584000320573676,0.69713142094729819,-0.051291417741561429,"[0.6733906330484307, 0.7198644215890477]",0.60925675694322656,0.20959332125951771,0.052750743278838309,0.37174797193944709,0.7710779754169147,0.95056433500695081,0.56777207408790464,0.29624145690214371,0.32697121401752188,"[0.31092379064481995, 0.34343408482079213]",0.16203356261445492,0.14205256570713393,"[0.1303787409087748, 0.15458583329133405]",0.54172498048340134,0.53097622027534419,"[0.5136480439534141, 0.5482300217408071]"
archetype,B5_SUB_PRESSURE_VS_SUB_VULNERABILITY::NO_MATCH,MOV1_MIN,S2,3196,NORMAL,1499,NORMAL,"{""2018"": 316, ""2019"": 344, ""2020"": 329, ""2021"": 379, ""2022"": 400, ""2023"": 371, ""2024"": 396, ""2025"": 395, ""2026"": 266}","{""Bantamweight"": 356, ""Catch Weight"": 48, ""Featherweight"": 340, ""Flyweight"": 145, ""Heavyweight"": 290, ""Light Heavyweight"": 265, ""Lightweight"": 397, ""Middleweight"": 341, ""Welterweight"": 427, ""Women's Bantamweight"": 125, ""Women's Featherweight"": 18, ""Women's Flyweight"": 213, ""Women's Strawweight"": 231}",1045,454,1697,0.45827501951659871,0.49066594114454354,0.687672836326916,0.70368154169289721,0.69713142094729819,0.0065501207455990196,"[0.6733906330484307, 0.7198644215890477]",0.58880386762399461,0.20142654885410419,0.030633808446184487,0.16984269340175434,0.74693291023999286,0.94097144355215478,0.56341310139449652,0.32184508297669989,0.32697121401752188,"[0.31092379064481995, 0.34343408482079213]",0.13642993653989877,0.14205256570713393,"[0.1303787409087748, 0.15458583329133405]",0.54172498048340134,0.53097622027534419,"[0.5136480439534141, 0.5482300217408071]"
archetype,B5_SUB_PRESSURE_VS_SUB_VULNERABILITY::NO_MATCH,MOV1_FULL,S3,3196,NORMAL,1499,NORMAL,"{""2018"": 316, ""2019"": 344, ""2020"": 329, ""2021"": 379, ""2022"": 400, ""2023"": 371, ""2024"": 396, ""2025"": 395, ""2026"": 266}","{""Bantamweight"": 356, ""Catch Weight"": 48, ""Featherweight"": 340, ""Flyweight"": 145, ""Heavyweight"": 290, ""Light Heavyweight"": 265, ""Lightweight"": 397, ""Middleweight"": 341, ""Welterweight"": 427, ""Women's Bantamweight"": 125, ""Women's Featherweight"": 18, ""Women's Flyweight"": 213, ""Women's Strawweight"": 231}",1045,454,1697,0.45827501951659871,0.49066594114454354,0.68949766973764282,0.70378831509346196,0.69713142094729819,0.0066568941461637721,"[0.6733906330484307, 0.7198644215890477]",0.59397412475382072,0.20322480939277013,0.0409065668818289,0.22876243417143083,0.67500356981074827,0.94339641709333399,0.56412082515312845,0.32203958457840287,0.32697121401752188,"[0.31092379064481995, 0.34343408482079213]",0.13623543493819587,0.14205256570713393,"[0.1303787409087748, 0.15458583329133405]",0.54172498048340134,0.53097622027534419,"[0.5136480439534141, 0.5482300217408071]"
archetype,B5_SUB_PRESSURE_VS_SUB_VULNERABILITY::UNASSIGNABLE,C0,S0,473,NORMAL,261,NORMAL,"{""2018"": 62, ""2019"": 84, ""2020"": 46, ""2021"": 37, ""2022"": 51, ""2023"": 67, ""2024"": 46, ""2025"": 43, ""2026"": 37}","{""Bantamweight"": 65, ""Catch Weight"": 5, ""Featherweight"": 72, ""Flyweight"": 40, ""Heavyweight"": 22, ""Light Heavyweight"": 28, ""Lightweight"": 74, ""Middleweight"": 59, ""Welterweight"": 47, ""Women's Bantamweight"": 13, ""Women's Featherweight"": 6, ""Women's Flyweight"": 22, ""Women's Strawweight"": 20}",156,105,212,0.4972560612501053,0.50839512198182191,0.64008961502016337,0.64027725377914524,0.5977011494252874,0.042576104353857835,"[0.5372099961034574, 0.6553580414957033]",0.67683913656986427,0.24182060029299443,0.042576104353857835,-10.279246394360804,18.527657539662901,1.0577447719014628,0.63830704033639174,0.31829415082976265,0.32980972515856238,"[0.2889605179309981, 0.37340105524642875]",0.17896191042034271,0.22198731501057081,"[0.18685898929294653, 0.26159500912732203]",0.50274393874989465,0.44820295983086683,"[0.40398199488005165, 0.4932584839130783]"
archetype,B5_SUB_PRESSURE_VS_SUB_VULNERABILITY::UNASSIGNABLE,C1,S1,473,NORMAL,261,NORMAL,"{""2018"": 62, ""2019"": 84, ""2020"": 46, ""2021"": 37, ""2022"": 51, ""2023"": 67, ""2024"": 46, ""2025"": 43, ""2026"": 37}","{""Bantamweight"": 65, ""Catch Weight"": 5, ""Featherweight"": 72, ""Flyweight"": 40, ""Heavyweight"": 22, ""Light Heavyweight"": 28, ""Lightweight"": 74, ""Middleweight"": 59, ""Welterweight"": 47, ""Women's Bantamweight"": 13, ""Women's Featherweight"": 6, ""Women's Flyweight"": 22, ""Women's Strawweight"": 20}",156,105,212,0.4972560612501053,0.50839512198182191,0.60070201072558316,0.61417860423326032,0.5977011494252874,0.016477454807972913,"[0.5372099961034574, 0.6553580414957033]",0.67550100057731843,0.24075175255812362,0.049222590756892552,0.17860737067853957,0.46057385614337992,1.0570063924214321,0.63777072510001254,0.30203370386934758,0.32980972515856238,"[0.2889605179309981, 0.37340105524642875]",0.1952223573807578,0.22198731501057081,"[0.18685898929294653, 0.26159500912732203]",0.50274393874989465,0.44820295983086683,"[0.40398199488005165, 0.4932584839130783]"
archetype,B5_SUB_PRESSURE_VS_SUB_VULNERABILITY::UNASSIGNABLE,MOV1_MIN,S2,473,NORMAL,261,NORMAL,"{""2018"": 62, ""2019"": 84, ""2020"": 46, ""2021"": 37, ""2022"": 51, ""2023"": 67, ""2024"": 46, ""2025"": 43, ""2026"": 37}","{""Bantamweight"": 65, ""Catch Weight"": 5, ""Featherweight"": 72, ""Flyweight"": 40, ""Heavyweight"": 22, ""Light Heavyweight"": 28, ""Lightweight"": 74, ""Middleweight"": 59, ""Welterweight"": 47, ""Women's Bantamweight"": 13, ""Women's Featherweight"": 6, ""Women's Flyweight"": 22, ""Women's Strawweight"": 20}",156,105,212,0.4972560612501053,0.50839512198182191,0.59481547672878754,0.5971871887311494,0.5977011494252874,-0.00051396069413800483,"[0.5372099961034574, 0.6553580414957033]",0.64361866039426729,0.22579458389974705,0.05196906140010106,-0.10565407952570367,1.288816138355084,1.0394138114747591,0.62928979394000006,0.29839150279212867,0.32980972515856238,"[0.2889605179309981, 0.37340105524642875]",0.19886455845797663,0.22198731501057081,"[0.18685898929294653, 0.26159500912732203]",0.50274393874989465,0.44820295983086683,"[0.40398199488005165, 0.4932584839130783]"
archetype,B5_SUB_PRESSURE_VS_SUB_VULNERABILITY::UNASSIGNABLE,MOV1_FULL,S3,473,NORMAL,261,NORMAL,"{""2018"": 62, ""2019"": 84, ""2020"": 46, ""2021"": 37, ""2022"": 51, ""2023"": 67, ""2024"": 46, ""2025"": 43, ""2026"": 37}","{""Bantamweight"": 65, ""Catch Weight"": 5, ""Featherweight"": 72, ""Flyweight"": 40, ""Heavyweight"": 22, ""Light Heavyweight"": 28, ""Lightweight"": 74, ""Middleweight"": 59, ""Welterweight"": 47, ""Women's Bantamweight"": 13, ""Women's Featherweight"": 6, ""Women's Flyweight"": 22, ""Women's Strawweight"": 20}",156,105,212,0.4972560612501053,0.50839512198182191,0.57909493605005269,0.58210289905367851,0.5977011494252874,-0.01559825037160889,"[0.5372099961034574, 0.6553580414957033]",0.65050180623234621,0.22903555809853404,0.04719836414526403,0.061327295347286793,1.020211311417865,1.0432119109752636,0.63138903972288274,0.29138088315729355,0.32980972515856238,"[0.2889605179309981, 0.37340105524642875]",0.20587517809281178,0.22198731501057081,"[0.18685898929294653, 0.26159500912732203]",0.50274393874989465,0.44820295983086683,"[0.40398199488005165, 0.4932584839130783]"
archetype,C1_DAMAGE_PLUS_SUBMISSION_ACCESS::MATCH,C0,S0,29,THIN_EXPLORATORY,19,INSUFFICIENT,"{""2018"": 3, ""2019"": 1, ""2020"": 2, ""2021"": 2, ""2022"": 4, ""2023"": 4, ""2024"": 6, ""2025"": 5, ""2026"": 2}","{""Bantamweight"": 2, ""Catch Weight"": 1, ""Featherweight"": 1, ""Flyweight"": 5, ""Lightweight"": 5, ""Middleweight"": 10, ""Welterweight"": 3, ""Women's Featherweight"": 2}",8,11,10,0.61793207539963335,0.6117300085616183,0.64116283689876974,0.64148770558088641,0.42105263157894735,0.22043507400193907,"[0.23141891282454238, 0.6372409646574496]",,,,,,1.2016720587044443,0.74052083976047356,0.3962211588632425,0.27586206896551724,"[0.14698755102087954, 0.45717132416865935]",0.221710916536391,0.37931034482758619,"[0.2268802210080984, 0.5599745579401147]",0.38206792460036654,0.34482758620689657,"[0.19940718526674994, 0.5265489590952386]"
archetype,C1_DAMAGE_PLUS_SUBMISSION_ACCESS::MATCH,C1,S1,29,THIN_EXPLORATORY,19,INSUFFICIENT,"{""2018"": 3, ""2019"": 1, ""2020"": 2, ""2021"": 2, ""2022"": 4, ""2023"": 4, ""2024"": 6, ""2025"": 5, ""2026"": 2}","{""Bantamweight"": 2, ""Catch Weight"": 1, ""Featherweight"": 1, ""Flyweight"": 5, ""Lightweight"": 5, ""Middleweight"": 10, ""Welterweight"": 3, ""Women's Featherweight"": 2}",8,11,10,0.61793207539963335,0.6117300085616183,0.66547453323552841,0.66679487411904004,0.42105263157894735,0.24574224254009269,"[0.23141891282454238, 0.6372409646574496]",,,,,,1.2352756814565173,0.76279446648337501,0.41436306243751725,0.27586206896551724,"[0.14698755102087954, 0.45717132416865935]",0.20356901296211619,0.37931034482758619,"[0.2268802210080984, 0.5599745579401147]",0.38206792460036654,0.34482758620689657,"[0.19940718526674994, 0.5265489590952386]"
archetype,C1_DAMAGE_PLUS_SUBMISSION_ACCESS::MATCH,MOV1_MIN,S2,29,THIN_EXPLORATORY,19,INSUFFICIENT,"{""2018"": 3, ""2019"": 1, ""2020"": 2, ""2021"": 2, ""2022"": 4, ""2023"": 4, ""2024"": 6, ""2025"": 5, ""2026"": 2}","{""Bantamweight"": 2, ""Catch Weight"": 1, ""Featherweight"": 1, ""Flyweight"": 5, ""Lightweight"": 5, ""Middleweight"": 10, ""Welterweight"": 3, ""Women's Featherweight"": 2}",8,11,10,0.61793207539963335,0.6117300085616183,0.65997342728725783,0.67310749613403009,0.42105263157894735,0.25205486455508275,"[0.23141891282454238, 0.6372409646574496]",,,,,,1.2034972190346331,0.73121229116463016,0.40671289919539239,0.27586206896551724,"[0.14698755102087954, 0.45717132416865935]",0.21121917620424108,0.37931034482758619,"[0.2268802210080984, 0.5599745579401147]",0.38206792460036654,0.34482758620689657,"[0.19940718526674994, 0.5265489590952386]"
archetype,C1_DAMAGE_PLUS_SUBMISSION_ACCESS::MATCH,MOV1_FULL,S3,29,THIN_EXPLORATORY,19,INSUFFICIENT,"{""2018"": 3, ""2019"": 1, ""2020"": 2, ""2021"": 2, ""2022"": 4, ""2023"": 4, ""2024"": 6, ""2025"": 5, ""2026"": 2}","{""Bantamweight"": 2, ""Catch Weight"": 1, ""Featherweight"": 1, ""Flyweight"": 5, ""Lightweight"": 5, ""Middleweight"": 10, ""Welterweight"": 3, ""Women's Featherweight"": 2}",8,11,10,0.61793207539963335,0.6117300085616183,0.66938039740754651,0.68755940909112123,0.42105263157894735,0.26650677751217389,"[0.23141891282454238, 0.6372409646574496]",,,,,,1.2281690952621693,0.73892856462444678,0.41274561862457282,0.27586206896551724,"[0.14698755102087954, 0.45717132416865935]",0.20518645677506064,0.37931034482758619,"[0.2268802210080984, 0.5599745579401147]",0.38206792460036654,0.34482758620689657,"[0.19940718526674994, 0.5265489590952386]"
archetype,C1_DAMAGE_PLUS_SUBMISSION_ACCESS::NO_MATCH,C0,S0,3412,NORMAL,1664,NORMAL,"{""2018"": 371, ""2019"": 390, ""2020"": 346, ""2021"": 413, ""2022"": 416, ""2023"": 390, ""2024"": 416, ""2025"": 414, ""2026"": 256}","{""Bantamweight"": 379, ""Catch Weight"": 44, ""Featherweight"": 389, ""Flyweight"": 190, ""Heavyweight"": 254, ""Light Heavyweight"": 268, ""Lightweight"": 462, ""Middleweight"": 381, ""Welterweight"": 449, ""Women's Bantamweight"": 130, ""Women's Featherweight"": 15, ""Women's Flyweight"": 222, ""Women's Strawweight"": 229}",1069,595,1748,0.47064527549546181,0.50365669874088226,0.64032344778888306,0.64043158198230232,0.64242788461538458,-0.0019963026330822586,"[0.6190955446559794, 0.665104130015232]",0.65237601785844723,0.22988369380071783,0.0019963026330822586,4.5413206350849578,-6.8495161112578975,0.98429016831609484,0.58734212364834071,0.30134883127473222,0.31330597889800704,"[0.29795969029039565, 0.32907218008222877]",0.16929644422072962,0.17438452520515826,"[0.16202090380624384, 0.1874805216003273]",0.52935472450453813,0.51230949589683472,"[0.4955331932208808, 0.529058112029276]"
archetype,C1_DAMAGE_PLUS_SUBMISSION_ACCESS::NO_MATCH,C1,S1,3412,NORMAL,1664,NORMAL,"{""2018"": 371, ""2019"": 390, ""2020"": 346, ""2021"": 413, ""2022"": 416, ""2023"": 390, ""2024"": 416, ""2025"": 414, ""2026"": 256}","{""Bantamweight"": 379, ""Catch Weight"": 44, ""Featherweight"": 389, ""Flyweight"": 190, ""Heavyweight"": 254, ""Light Heavyweight"": 268, ""Lightweight"": 462, ""Middleweight"": 381, ""Welterweight"": 449, ""Women's Bantamweight"": 130, ""Women's Featherweight"": 15, ""Women's Flyweight"": 222, ""Women's Strawweight"": 229}",1069,595,1748,0.47064527549546181,0.50365669874088226,0.62922814973063856,0.64283222982209753,0.64242788461538458,0.00040434520671295271,"[0.6190955446559794, 0.665104130015232]",0.6399443540995674,0.22407769635942418,0.015523171906745055,0.11006042442115195,0.80365444153514565,0.97822736395068566,0.58486770081286388,0.30349630022422053,0.31330597889800704,"[0.29795969029039565, 0.32907218008222877]",0.16714897527124128,0.17438452520515826,"[0.16202090380624384, 0.1874805216003273]",0.52935472450453813,0.51230949589683472,"[0.4955331932208808, 0.529058112029276]"
archetype,C1_DAMAGE_PLUS_SUBMISSION_ACCESS::NO_MATCH,MOV1_MIN,S2,3412,NORMAL,1664,NORMAL,"{""2018"": 371, ""2019"": 390, ""2020"": 346, ""2021"": 413, ""2022"": 416, ""2023"": 390, ""2024"": 416, ""2025"": 414, ""2026"": 256}","{""Bantamweight"": 379, ""Catch Weight"": 44, ""Featherweight"": 389, ""Flyweight"": 190, ""Heavyweight"": 254, ""Light Heavyweight"": 268, ""Lightweight"": 462, ""Middleweight"": 381, ""Welterweight"": 449, ""Women's Bantamweight"": 130, ""Women's Featherweight"": 15, ""Women's Flyweight"": 222, ""Women's Strawweight"": 229}",1069,595,1748,0.47064527549546181,0.50365669874088226,0.66105322463627814,0.6694365404351712,0.64242788461538458,0.02700865581978662,"[0.6190955446559794, 0.665104130015232]",0.61537578395290027,0.21390814089126989,0.046254933783266762,0.00020318980731823144,0.79584999808547385,0.96624550559076339,0.57917937633004335,0.31578267003004912,0.31330597889800704,"[0.29795969029039565, 0.32907218008222877]",0.15486260546541264,0.17438452520515826,"[0.16202090380624384, 0.1874805216003273]",0.52935472450453813,0.51230949589683472,"[0.4955331932208808, 0.529058112029276]"
archetype,C1_DAMAGE_PLUS_SUBMISSION_ACCESS::NO_MATCH,MOV1_FULL,S3,3412,NORMAL,1664,NORMAL,"{""2018"": 371, ""2019"": 390, ""2020"": 346, ""2021"": 413, ""2022"": 416, ""2023"": 390, ""2024"": 416, ""2025"": 414, ""2026"": 256}","{""Bantamweight"": 379, ""Catch Weight"": 44, ""Featherweight"": 389, ""Flyweight"": 190, ""Heavyweight"": 254, ""Light Heavyweight"": 268, ""Lightweight"": 462, ""Middleweight"": 381, ""Welterweight"": 449, ""Women's Bantamweight"": 130, ""Women's Featherweight"": 15, ""Women's Flyweight"": 222, ""Women's Strawweight"": 229}",1069,595,1748,0.47064527549546181,0.50365669874088226,0.66215392903925008,0.66867039793142691,0.64242788461538458,0.026242513316042326,"[0.6190955446559794, 0.665104130015232]",0.6196290437419294,0.21532240259007518,0.052462867173050376,0.041589203921794396,0.73812547097303804,0.96831978000135677,0.57964634570301921,0.31562127844602261,0.31330597889800704,"[0.29795969029039565, 0.32907218008222877]",0.15502399704943917,0.17438452520515826,"[0.16202090380624384, 0.1874805216003273]",0.52935472450453813,0.51230949589683472,"[0.4955331932208808, 0.529058112029276]"
archetype,C1_DAMAGE_PLUS_SUBMISSION_ACCESS::UNASSIGNABLE,C0,S0,819,NORMAL,432,NORMAL,"{""2018"": 96, ""2019"": 116, ""2020"": 95, ""2021"": 77, ""2022"": 85, ""2023"": 111, ""2024"": 80, ""2025"": 85, ""2026"": 74}","{""Bantamweight"": 107, ""Catch Weight"": 14, ""Featherweight"": 112, ""Flyweight"": 57, ""Heavyweight"": 62, ""Light Heavyweight"": 51, ""Lightweight"": 109, ""Middleweight"": 85, ""Welterweight"": 94, ""Women's Bantamweight"": 28, ""Women's Featherweight"": 10, ""Women's Flyweight"": 44, ""Women's Strawweight"": 46}",284,148,387,0.47893108039573951,0.49163678916961151,0.64020905612277146,0.64030004631681647,0.65740740740740744,-0.017107361090590967,"[0.6114440914557084, 0.7005959801060717]",0.64289607373392588,0.22529235268213174,0.017107361090590967,-5.8802458577009533,11.333756650736149,1.0257482448004163,0.61954176867384381,0.30663261381840773,0.34676434676434675,"[0.314952490644676, 0.3800069729198652]",0.17229846657733175,0.1807081807081807,"[0.15586611734890493, 0.20853148999872478]",0.52106891960426049,0.47252747252747251,"[0.4385437799256882, 0.5067676776854846]"
archetype,C1_DAMAGE_PLUS_SUBMISSION_ACCESS::UNASSIGNABLE,C1,S1,819,NORMAL,432,NORMAL,"{""2018"": 96, ""2019"": 116, ""2020"": 95, ""2021"": 77, ""2022"": 85, ""2023"": 111, ""2024"": 80, ""2025"": 85, ""2026"": 74}","{""Bantamweight"": 107, ""Catch Weight"": 14, ""Featherweight"": 112, ""Flyweight"": 57, ""Heavyweight"": 62, ""Light Heavyweight"": 51, ""Lightweight"": 109, ""Middleweight"": 85, ""Welterweight"": 94, ""Women's Bantamweight"": 28, ""Women's Featherweight"": 10, ""Women's Flyweight"": 44, ""Women's Strawweight"": 46}",284,148,387,0.47893108039573951,0.49163678916961151,0.60406422487846423,0.61554199826507683,0.65740740740740744,-0.041865409142330612,"[0.6114440914557084, 0.7005959801060717]",0.63962435517073335,0.22392086685203261,0.051109122077801397,0.3000120743890729,0.74888095700704371,1.0240225031407104,0.61827431625731177,0.29334023131728382,0.34676434676434675,"[0.314952490644676, 0.3800069729198652]",0.18559084907845569,0.1807081807081807,"[0.15586611734890493, 0.20853148999872478]",0.52106891960426049,0.47252747252747251,"[0.4385437799256882, 0.5067676776854846]"
archetype,C1_DAMAGE_PLUS_SUBMISSION_ACCESS::UNASSIGNABLE,MOV1_MIN,S2,819,NORMAL,432,NORMAL,"{""2018"": 96, ""2019"": 116, ""2020"": 95, ""2021"": 77, ""2022"": 85, ""2023"": 111, ""2024"": 80, ""2025"": 85, ""2026"": 74}","{""Bantamweight"": 107, ""Catch Weight"": 14, ""Featherweight"": 112, ""Flyweight"": 57, ""Heavyweight"": 62, ""Light Heavyweight"": 51, ""Lightweight"": 109, ""Middleweight"": 85, ""Welterweight"": 94, ""Women's Bantamweight"": 28, ""Women's Featherweight"": 10, ""Women's Flyweight"": 44, ""Women's Strawweight"": 46}",284,148,387,0.47893108039573951,0.49163678916961151,0.6352536260345566,0.63850844202274137,0.65740740740740744,-0.018898965384666067,"[0.6114440914557084, 0.7005959801060717]",0.60792966155905204,0.20945234926258785,0.041843764745642636,-0.071524519921136523,1.3012467257091358,1.0073044229938894,0.61034566087282704,0.30687948666025111,0.34676434676434675,"[0.314952490644676, 0.3800069729198652]",0.17205159373548831,0.1807081807081807,"[0.15586611734890493, 0.20853148999872478]",0.52106891960426049,0.47252747252747251,"[0.4385437799256882, 0.5067676776854846]"
archetype,C1_DAMAGE_PLUS_SUBMISSION_ACCESS::UNASSIGNABLE,MOV1_FULL,S3,819,NORMAL,432,NORMAL,"{""2018"": 96, ""2019"": 116, ""2020"": 95, ""2021"": 77, ""2022"": 85, ""2023"": 111, ""2024"": 80, ""2025"": 85, ""2026"": 74}","{""Bantamweight"": 107, ""Catch Weight"": 14, ""Featherweight"": 112, ""Flyweight"": 57, ""Heavyweight"": 62, ""Light Heavyweight"": 51, ""Lightweight"": 109, ""Middleweight"": 85, ""Welterweight"": 94, ""Women's Bantamweight"": 28, ""Women's Featherweight"": 10, ""Women's Flyweight"": 44, ""Women's Strawweight"": 46}",284,148,387,0.47893108039573951,0.49163678916961151,0.62697417701215097,0.62946128973898274,0.65740740740740744,-0.027946117668424697,"[0.6114440914557084, 0.7005959801060717]",0.61105833451121172,0.21073796087267696,0.044034183350877679,0.075438428930447027,1.1114968839041934,1.0089547120236,0.61157397268834512,0.30334011753557732,0.34676434676434675,"[0.314952490644676, 0.3800069729198652]",0.17559096286016221,0.1807081807081807,"[0.15586611734890493, 0.20853148999872478]",0.52106891960426049,0.47252747252747251,"[0.4385437799256882, 0.5067676776854846]"
archetype,C2_BOTH_HIGH_FINISH_HISTORY::MATCH,C0,S0,1483,NORMAL,826,NORMAL,"{""2018"": 165, ""2019"": 170, ""2020"": 152, ""2021"": 171, ""2022"": 163, ""2023"": 170, ""2024"": 186, ""2025"": 185, ""2026"": 121}","{""Bantamweight"": 127, ""Catch Weight"": 17, ""Featherweight"": 140, ""Flyweight"": 56, ""Heavyweight"": 188, ""Light Heavyweight"": 180, ""Lightweight"": 201, ""Middleweight"": 209, ""Welterweight"": 225, ""Women's Bantamweight"": 29, ""Women's Featherweight"": 5, ""Women's Flyweight"": 57, ""Women's Strawweight"": 49}",552,274,657,0.53968448101204014,0.56496861768183415,0.64026921300448325,0.64028863996609942,0.66828087167070216,-0.027992231704602744,"[0.6354580998394945, 0.6995456494249395]",0.63734717847000943,0.22257432217018241,0.027992231704602744,3.3222514464154367,-4.5454256028515818,1.0186920079436896,0.61295677477745558,0.34553645478322803,0.3722184760620364,"[0.3479756167789183, 0.3971216175283572]",0.19414802622881216,0.18476062036412677,"[0.1658311878044965, 0.20531898126490358]",0.46031551898795986,0.44302090357383683,"[0.41791850547196463, 0.46841772829565964]"
archetype,C2_BOTH_HIGH_FINISH_HISTORY::MATCH,C1,S1,1483,NORMAL,826,NORMAL,"{""2018"": 165, ""2019"": 170, ""2020"": 152, ""2021"": 171, ""2022"": 163, ""2023"": 170, ""2024"": 186, ""2025"": 185, ""2026"": 121}","{""Bantamweight"": 127, ""Catch Weight"": 17, ""Featherweight"": 140, ""Flyweight"": 56, ""Heavyweight"": 188, ""Light Heavyweight"": 180, ""Lightweight"": 201, ""Middleweight"": 209, ""Welterweight"": 225, ""Women's Bantamweight"": 29, ""Women's Featherweight"": 5, ""Women's Flyweight"": 57, ""Women's Strawweight"": 49}",552,274,657,0.53968448101204014,0.56496861768183415,0.6676116675702799,0.67769565044060809,0.66828087167070216,0.0094147787699059293,"[0.6354580998394945, 0.6995456494249395]",0.62727275875844246,0.21780442658797511,0.033922506450751524,0.15434783986269315,0.72620234886620283,1.0130807667557231,0.60964027674699162,0.36594217357381714,0.3722184760620364,"[0.3479756167789183, 0.3971216175283572]",0.17374230743822305,0.18476062036412677,"[0.1658311878044965, 0.20531898126490358]",0.46031551898795986,0.44302090357383683,"[0.41791850547196463, 0.46841772829565964]"
archetype,C2_BOTH_HIGH_FINISH_HISTORY::MATCH,MOV1_MIN,S2,1483,NORMAL,826,NORMAL,"{""2018"": 165, ""2019"": 170, ""2020"": 152, ""2021"": 171, ""2022"": 163, ""2023"": 170, ""2024"": 186, ""2025"": 185, ""2026"": 121}","{""Bantamweight"": 127, ""Catch Weight"": 17, ""Featherweight"": 140, ""Flyweight"": 56, ""Heavyweight"": 188, ""Light Heavyweight"": 180, ""Lightweight"": 201, ""Middleweight"": 209, ""Welterweight"": 225, ""Women's Bantamweight"": 29, ""Women's Featherweight"": 5, ""Women's Flyweight"": 57, ""Women's Strawweight"": 49}",552,274,657,0.53968448101204014,0.56496861768183415,0.67896049055088903,0.68806606690678362,0.66828087167070216,0.019785195236081465,"[0.6354580998394945, 0.6995456494249395]",0.58091670800905237,0.19955550019573567,0.038477354278064757,-0.02938131007138204,0.89580261532779648,0.98726141549544244,0.59747193308669322,0.37074788497402572,0.3722184760620364,"[0.3479756167789183, 0.3971216175283572]",0.16893659603801436,0.18476062036412677,"[0.1658311878044965, 0.20531898126490358]",0.46031551898795986,0.44302090357383683,"[0.41791850547196463, 0.46841772829565964]"
archetype,C2_BOTH_HIGH_FINISH_HISTORY::MATCH,MOV1_FULL,S3,1483,NORMAL,826,NORMAL,"{""2018"": 165, ""2019"": 170, ""2020"": 152, ""2021"": 171, ""2022"": 163, ""2023"": 170, ""2024"": 186, ""2025"": 185, ""2026"": 121}","{""Bantamweight"": 127, ""Catch Weight"": 17, ""Featherweight"": 140, ""Flyweight"": 56, ""Heavyweight"": 188, ""Light Heavyweight"": 180, ""Lightweight"": 201, ""Middleweight"": 209, ""Welterweight"": 225, ""Women's Bantamweight"": 29, ""Women's Featherweight"": 5, ""Women's Flyweight"": 57, ""Women's Strawweight"": 49}",552,274,657,0.53968448101204014,0.56496861768183415,0.67703133825527573,0.68655736825644864,0.66828087167070216,0.018276496585746482,"[0.6354580998394945, 0.6995456494249395]",0.58159979464415346,0.19925586269070991,0.037467369698097053,-0.0033250027358873559,0.86931383735972756,0.98764188047224177,0.59733826996256667,0.36932111520324296,0.3722184760620364,"[0.3479756167789183, 0.3971216175283572]",0.17036336580879718,0.18476062036412677,"[0.1658311878044965, 0.20531898126490358]",0.46031551898795986,0.44302090357383683,"[0.41791850547196463, 0.46841772829565964]"
archetype,C2_BOTH_HIGH_FINISH_HISTORY::NO_MATCH,C0,S0,2328,NORMAL,1039,NORMAL,"{""2018"": 246, ""2019"": 270, ""2020"": 240, ""2021"": 283, ""2022"": 297, ""2023"": 272, ""2024"": 275, ""2025"": 272, ""2026"": 173}","{""Bantamweight"": 312, ""Catch Weight"": 36, ""Featherweight"": 311, ""Flyweight"": 172, ""Heavyweight"": 77, ""Light Heavyweight"": 108, ""Lightweight"": 313, ""Middleweight"": 208, ""Welterweight"": 264, ""Women's Bantamweight"": 115, ""Women's Featherweight"": 14, ""Women's Flyweight"": 190, ""Women's Strawweight"": 208}",646,393,1289,0.4270661514867517,0.45194959409981594,0.64036033209556253,0.64056782133177148,0.62175168431183836,0.018816137019933121,"[0.5918666823575615, 0.6507397060440919]",0.66432588445205176,0.23569728994974043,0.018816137019933121,4.4705197771464791,-6.874249485097832,0.96769106019293116,0.57541348681230053,0.27346800794637754,0.27749140893470792,"[0.25968050867959763, 0.2960354272897599]",0.15359814354037421,0.16881443298969073,"[0.1541464318842591, 0.1845736195295916]",0.57293384851324825,0.55369415807560141,"[0.533428822700368, 0.573782582712432]"
archetype,C2_BOTH_HIGH_FINISH_HISTORY::NO_MATCH,C1,S1,2328,NORMAL,1039,NORMAL,"{""2018"": 246, ""2019"": 270, ""2020"": 240, ""2021"": 283, ""2022"": 297, ""2023"": 272, ""2024"": 275, ""2025"": 272, ""2026"": 173}","{""Bantamweight"": 312, ""Catch Weight"": 36, ""Featherweight"": 311, ""Flyweight"": 172, ""Heavyweight"": 77, ""Light Heavyweight"": 108, ""Lightweight"": 313, ""Middleweight"": 208, ""Welterweight"": 264, ""Women's Bantamweight"": 115, ""Women's Featherweight"": 14, ""Women's Flyweight"": 190, ""Women's Strawweight"": 208}",646,393,1289,0.4270661514867517,0.45194959409981594,0.5984991919097421,0.60733654826987815,0.62175168431183836,-0.014415136041960208,"[0.5918666823575615, 0.6507397060440919]",0.65655137275087172,0.23206617177476552,0.019301370065579269,0.18078620007230001,0.72235719791446029,0.96422125020258498,0.5746760157998192,0.26058028890950952,0.27749140893470792,"[0.25968050867959763, 0.2960354272897599]",0.16648586257724218,0.16881443298969073,"[0.1541464318842591, 0.1845736195295916]",0.57293384851324825,0.55369415807560141,"[0.533428822700368, 0.573782582712432]"
archetype,C2_BOTH_HIGH_FINISH_HISTORY::NO_MATCH,MOV1_MIN,S2,2328,NORMAL,1039,NORMAL,"{""2018"": 246, ""2019"": 270, ""2020"": 240, ""2021"": 283, ""2022"": 297, ""2023"": 272, ""2024"": 275, ""2025"": 272, ""2026"": 173}","{""Bantamweight"": 312, ""Catch Weight"": 36, ""Featherweight"": 311, ""Flyweight"": 172, ""Heavyweight"": 77, ""Light Heavyweight"": 108, ""Lightweight"": 313, ""Middleweight"": 208, ""Welterweight"": 264, ""Women's Bantamweight"": 115, ""Women's Featherweight"": 14, ""Women's Flyweight"": 190, ""Women's Strawweight"": 208}",646,393,1289,0.4270661514867517,0.45194959409981594,0.64545147558455462,0.64904678597848697,0.62175168431183836,0.027295101666648613,"[0.5918666823575615, 0.6507397060440919]",0.64696241865935633,0.22686330711941136,0.049029314325948169,0.065147860265518498,0.67428756682484758,0.95994164397359694,0.57237465115046982,0.27857159355552508,0.27749140893470792,"[0.25968050867959763, 0.2960354272897599]",0.14849455793122662,0.16881443298969073,"[0.1541464318842591, 0.1845736195295916]",0.57293384851324825,0.55369415807560141,"[0.533428822700368, 0.573782582712432]"
archetype,C2_BOTH_HIGH_FINISH_HISTORY::NO_MATCH,MOV1_FULL,S3,2328,NORMAL,1039,NORMAL,"{""2018"": 246, ""2019"": 270, ""2020"": 240, ""2021"": 283, ""2022"": 297, ""2023"": 272, ""2024"": 275, ""2025"": 272, ""2026"": 173}","{""Bantamweight"": 312, ""Catch Weight"": 36, ""Featherweight"": 311, ""Flyweight"": 172, ""Heavyweight"": 77, ""Light Heavyweight"": 108, ""Lightweight"": 313, ""Middleweight"": 208, ""Welterweight"": 264, ""Women's Bantamweight"": 115, ""Women's Featherweight"": 14, ""Women's Flyweight"": 190, ""Women's Strawweight"": 208}",646,393,1289,0.4270661514867517,0.45194959409981594,0.64798250316823869,0.64883028010562283,0.62175168431183836,0.027078595793784466,"[0.5918666823575615, 0.6507397060440919]",0.65302958274848677,0.22903881848483226,0.055148818913776397,0.113094791145521,0.59435007215554636,0.96264945475048969,0.57303685925392234,0.27914169150292939,0.27749140893470792,"[0.25968050867959763, 0.2960354272897599]",0.14792445998382228,0.16881443298969073,"[0.1541464318842591, 0.1845736195295916]",0.57293384851324825,0.55369415807560141,"[0.533428822700368, 0.573782582712432]"
archetype,C2_BOTH_HIGH_FINISH_HISTORY::UNASSIGNABLE,C0,S0,449,NORMAL,250,NORMAL,"{""2018"": 59, ""2019"": 67, ""2020"": 51, ""2021"": 38, ""2022"": 45, ""2023"": 63, ""2024"": 41, ""2025"": 47, ""2026"": 38}","{""Bantamweight"": 49, ""Catch Weight"": 6, ""Featherweight"": 51, ""Flyweight"": 24, ""Heavyweight"": 51, ""Light Heavyweight"": 31, ""Lightweight"": 62, ""Middleweight"": 59, ""Welterweight"": 57, ""Women's Bantamweight"": 14, ""Women's Featherweight"": 8, ""Women's Flyweight"": 19, ""Women's Strawweight"": 18}",163,87,199,0.4931941626262854,0.50342001325546915,0.64015689774201523,0.64019062343097521,0.65200000000000002,-0.01180937656902481,"[0.5910569526851392, 0.7083425242682457]",0.64574321995471129,0.22668467233412662,0.01180937656902481,-9.2427487019549144,17.146208113238895,1.0463904689952102,0.63321524385538552,0.31572528216258877,0.36302895322939865,"[0.3198856619577526, 0.4084960981392117]",0.17746888046369666,0.19376391982182628,"[0.1598656975813203, 0.23285774978994117]",0.50680583737371454,0.44320712694877507,"[0.3979327723254871, 0.48944503064154693]"
archetype,C2_BOTH_HIGH_FINISH_HISTORY::UNASSIGNABLE,C1,S1,449,NORMAL,250,NORMAL,"{""2018"": 59, ""2019"": 67, ""2020"": 51, ""2021"": 38, ""2022"": 45, ""2023"": 63, ""2024"": 41, ""2025"": 47, ""2026"": 38}","{""Bantamweight"": 49, ""Catch Weight"": 6, ""Featherweight"": 51, ""Flyweight"": 24, ""Heavyweight"": 51, ""Light Heavyweight"": 31, ""Lightweight"": 62, ""Middleweight"": 59, ""Welterweight"": 57, ""Women's Bantamweight"": 14, ""Women's Featherweight"": 8, ""Women's Flyweight"": 19, ""Women's Strawweight"": 18}",163,87,199,0.4931941626262854,0.50342001325546915,0.61821734242233028,0.62982718146559791,0.65200000000000002,-0.022172818534402117,"[0.5910569526851392, 0.7083425242682457]",0.62683930989477399,0.21796042658846615,0.035808504580709812,-0.039936559975624709,1.2727026263953571,1.0358649066010357,0.62831626841532295,0.30839287000729398,0.36302895322939865,"[0.3198856619577526, 0.4084960981392117]",0.1848012926189915,0.19376391982182628,"[0.1598656975813203, 0.23285774978994117]",0.50680583737371454,0.44320712694877507,"[0.3979327723254871, 0.48944503064154693]"
archetype,C2_BOTH_HIGH_FINISH_HISTORY::UNASSIGNABLE,MOV1_MIN,S2,449,NORMAL,250,NORMAL,"{""2018"": 59, ""2019"": 67, ""2020"": 51, ""2021"": 38, ""2022"": 45, ""2023"": 63, ""2024"": 41, ""2025"": 47, ""2026"": 38}","{""Bantamweight"": 49, ""Catch Weight"": 6, ""Featherweight"": 51, ""Flyweight"": 24, ""Heavyweight"": 51, ""Light Heavyweight"": 31, ""Lightweight"": 62, ""Middleweight"": 59, ""Welterweight"": 57, ""Women's Bantamweight"": 14, ""Women's Featherweight"": 8, ""Women's Flyweight"": 19, ""Women's Strawweight"": 18}",163,87,199,0.4931941626262854,0.50342001325546915,0.63567062121336726,0.63945964307137748,0.65200000000000002,-0.012540356928622542,"[0.5910569526851392, 0.7083425242682457]",0.59786825967695523,0.20500097589976798,0.047242447671933092,-0.27015475346790713,1.6311013403911836,1.0197340323149449,0.62071095788611963,0.31680548013406928,0.36302895322939865,"[0.3198856619577526, 0.4084960981392117]",0.17638868249221615,0.19376391982182628,"[0.1598656975813203, 0.23285774978994117]",0.50680583737371454,0.44320712694877507,"[0.3979327723254871, 0.48944503064154693]"
archetype,C2_BOTH_HIGH_FINISH_HISTORY::UNASSIGNABLE,MOV1_FULL,S3,449,NORMAL,250,NORMAL,"{""2018"": 59, ""2019"": 67, ""2020"": 51, ""2021"": 38, ""2022"": 45, ""2023"": 63, ""2024"": 41, ""2025"": 47, ""2026"": 38}","{""Bantamweight"": 49, ""Catch Weight"": 6, ""Featherweight"": 51, ""Flyweight"": 24, ""Heavyweight"": 51, ""Light Heavyweight"": 31, ""Lightweight"": 62, ""Middleweight"": 59, ""Welterweight"": 57, ""Women's Bantamweight"": 14, ""Women's Featherweight"": 8, ""Women's Flyweight"": 19, ""Women's Strawweight"": 18}",163,87,199,0.4931941626262854,0.50342001325546915,0.62278919013687739,0.62570960355319039,0.65200000000000002,-0.026290396446809638,"[0.5910569526851392, 0.7083425242682457]",0.60697418913965906,0.20951920114408798,0.044285593223344744,-0.0016195947112852133,1.2676692224721207,1.0248041489422859,0.62400641614019514,0.31126928640167167,0.36302895322939865,"[0.3198856619577526, 0.4084960981392117]",0.18192487622461373,0.19376391982182628,"[0.1598656975813203, 0.23285774978994117]",0.50680583737371454,0.44320712694877507,"[0.3979327723254871, 0.48944503064154693]"
archetype,C3_HIGH_FINISH_PRESSURE_FIVE_ROUNDS::MATCH,C0,S0,417,NORMAL,232,NORMAL,"{""2018"": 45, ""2019"": 45, ""2020"": 45, ""2021"": 51, ""2022"": 49, ""2023"": 49, ""2024"": 54, ""2025"": 49, ""2026"": 30}","{""Bantamweight"": 35, ""Catch Weight"": 5, ""Featherweight"": 40, ""Flyweight"": 29, ""Heavyweight"": 50, ""Light Heavyweight"": 43, ""Lightweight"": 50, ""Middleweight"": 56, ""Welterweight"": 53, ""Women's Bantamweight"": 10, ""Women's Featherweight"": 5, ""Women's Flyweight"": 19, ""Women's Strawweight"": 22}",171,61,185,0.59352158661275145,0.62288159246167274,0.64034439523157871,0.64017875660056212,0.73706896551724133,-0.09689020891667921,"[0.6768909279151648, 0.7895240974584313]",0.59797342177124879,0.20340891688189186,0.09689020891667921,7.4759807424167093,-11.17556144287075,0.98860877989156326,0.59421763128739202,0.37997505762508071,0.41007194244604317,"[0.3638942402791896, 0.45789137891771814]",0.21354652898767068,0.14628297362110312,"[0.11559455839793423, 0.18342887710990333]",0.40647841338724866,0.44364508393285373,"[0.39669070674982515, 0.491628281280237]"
archetype,C3_HIGH_FINISH_PRESSURE_FIVE_ROUNDS::MATCH,C1,S1,417,NORMAL,232,NORMAL,"{""2018"": 45, ""2019"": 45, ""2020"": 45, ""2021"": 51, ""2022"": 49, ""2023"": 49, ""2024"": 54, ""2025"": 49, ""2026"": 30}","{""Bantamweight"": 35, ""Catch Weight"": 5, ""Featherweight"": 40, ""Flyweight"": 29, ""Heavyweight"": 50, ""Light Heavyweight"": 43, ""Lightweight"": 50, ""Middleweight"": 56, ""Welterweight"": 53, ""Women's Bantamweight"": 10, ""Women's Featherweight"": 5, ""Women's Flyweight"": 19, ""Women's Strawweight"": 22}",171,61,185,0.59352158661275145,0.62288159246167274,0.73745159044382047,0.74832988178089888,0.73706896551724133,0.01126091626365755,"[0.6768909279151648, 0.7895240974584313]",0.5739047373778593,0.19348755800417775,0.04550842447493833,0.39742018040641625,0.57199832901289993,0.97521804900603248,0.588105296593601,0.44297638515221671,0.41007194244604317,"[0.3638942402791896, 0.45789137891771814]",0.15054520146053468,0.14628297362110312,"[0.11559455839793423, 0.18342887710990333]",0.40647841338724866,0.44364508393285373,"[0.39669070674982515, 0.491628281280237]"
archetype,C3_HIGH_FINISH_PRESSURE_FIVE_ROUNDS::MATCH,MOV1_MIN,S2,417,NORMAL,232,NORMAL,"{""2018"": 45, ""2019"": 45, ""2020"": 45, ""2021"": 51, ""2022"": 49, ""2023"": 49, ""2024"": 54, ""2025"": 49, ""2026"": 30}","{""Bantamweight"": 35, ""Catch Weight"": 5, ""Featherweight"": 40, ""Flyweight"": 29, ""Heavyweight"": 50, ""Light Heavyweight"": 43, ""Lightweight"": 50, ""Middleweight"": 56, ""Welterweight"": 53, ""Women's Bantamweight"": 10, ""Women's Featherweight"": 5, ""Women's Flyweight"": 19, ""Women's Strawweight"": 22}",171,61,185,0.59352158661275145,0.62288159246167274,0.74979192066543476,0.76222827027131701,0.73706896551724133,0.025159304754075684,"[0.6768909279151648, 0.7895240974584313]",0.51102635088598525,0.17077037196458486,0.039667662174557847,-0.29126060673813048,1.135789609375575,0.94023534956690835,0.57153951651256929,0.4493750015935733,0.41007194244604317,"[0.3638942402791896, 0.45789137891771814]",0.14414658501917804,0.14628297362110312,"[0.11559455839793423, 0.18342887710990333]",0.40647841338724866,0.44364508393285373,"[0.39669070674982515, 0.491628281280237]"
archetype,C3_HIGH_FINISH_PRESSURE_FIVE_ROUNDS::MATCH,MOV1_FULL,S3,417,NORMAL,232,NORMAL,"{""2018"": 45, ""2019"": 45, ""2020"": 45, ""2021"": 51, ""2022"": 49, ""2023"": 49, ""2024"": 54, ""2025"": 49, ""2026"": 30}","{""Bantamweight"": 35, ""Catch Weight"": 5, ""Featherweight"": 40, ""Flyweight"": 29, ""Heavyweight"": 50, ""Light Heavyweight"": 43, ""Lightweight"": 50, ""Middleweight"": 56, ""Welterweight"": 53, ""Women's Bantamweight"": 10, ""Women's Featherweight"": 5, ""Women's Flyweight"": 19, ""Women's Strawweight"": 22}",171,61,185,0.59352158661275145,0.62288159246167274,0.74594596084814824,0.7572096727780484,0.73706896551724133,0.020140707260807078,"[0.6768909279151648, 0.7895240974584313]",0.50343448564776261,0.1680258156504591,0.046294637040585826,-0.33115897671581845,1.2116410671076259,0.93601157801950385,0.57030090272538181,0.44703584721122019,0.41007194244604317,"[0.3638942402791896, 0.45789137891771814]",0.1464857394015312,0.14628297362110312,"[0.11559455839793423, 0.18342887710990333]",0.40647841338724866,0.44364508393285373,"[0.39669070674982515, 0.491628281280237]"
archetype,C3_HIGH_FINISH_PRESSURE_FIVE_ROUNDS::NO_MATCH,C0,S0,3843,NORMAL,1883,NORMAL,"{""2018"": 425, ""2019"": 462, ""2020"": 398, ""2021"": 441, ""2022"": 456, ""2023"": 456, ""2024"": 448, ""2025"": 455, ""2026"": 302}","{""Bantamweight"": 453, ""Catch Weight"": 54, ""Featherweight"": 462, ""Flyweight"": 223, ""Heavyweight"": 266, ""Light Heavyweight"": 276, ""Lightweight"": 526, ""Middleweight"": 420, ""Welterweight"": 493, ""Women's Bantamweight"": 148, ""Women's Featherweight"": 22, ""Women's Flyweight"": 247, ""Women's Strawweight"": 253}",1190,693,1960,0.46018937377145419,0.48730014887820666,0.64030313043942622,0.64044321152529071,0.63197026022304836,0.0084729513022423486,"[0.609939355808301, 0.6534638027753741]",0.65819932793396585,0.23272234399218467,0.0084729513022423486,1.9727551807051114,-2.4802760884339632,0.9942972925510547,0.59461420414734001,0.29465915628520367,0.30965391621129323,"[0.2952321724438729, 0.32445581946819724]",0.16553021748625052,0.18032786885245902,"[0.16849370681721876, 0.19280048055664062]",0.53981062622854581,0.51001821493624777,"[0.49421105697819023, 0.525805364500122]"
archetype,C3_HIGH_FINISH_PRESSURE_FIVE_ROUNDS::NO_MATCH,C1,S1,3843,NORMAL,1883,NORMAL,"{""2018"": 425, ""2019"": 462, ""2020"": 398, ""2021"": 441, ""2022"": 456, ""2023"": 456, ""2024"": 448, ""2025"": 455, ""2026"": 302}","{""Bantamweight"": 453, ""Catch Weight"": 54, ""Featherweight"": 462, ""Flyweight"": 223, ""Heavyweight"": 266, ""Light Heavyweight"": 276, ""Lightweight"": 526, ""Middleweight"": 420, ""Welterweight"": 493, ""Women's Bantamweight"": 148, ""Women's Featherweight"": 22, ""Women's Flyweight"": 247, ""Women's Strawweight"": 253}",1190,693,1960,0.46018937377145419,0.48730014887820666,0.61239565321497735,0.62381494620795375,0.63197026022304836,-0.0081553140150946168,"[0.609939355808301, 0.6534638027753741]",0.64994588604602188,0.22869049496855876,0.021248837905558916,0.14997603392648301,0.76952611999627574,0.99025325636187989,0.59297850404286134,0.28703367213533948,0.30965391621129323,"[0.2952321724438729, 0.32445581946819724]",0.17315570163611474,0.18032786885245902,"[0.16849370681721876, 0.19280048055664062]",0.53981062622854581,0.51001821493624777,"[0.49421105697819023, 0.525805364500122]"
archetype,C3_HIGH_FINISH_PRESSURE_FIVE_ROUNDS::NO_MATCH,MOV1_MIN,S2,3843,NORMAL,1883,NORMAL,"{""2018"": 425, ""2019"": 462, ""2020"": 398, ""2021"": 441, ""2022"": 456, ""2023"": 456, ""2024"": 448, ""2025"": 455, ""2026"": 302}","{""Bantamweight"": 453, ""Catch Weight"": 54, ""Featherweight"": 462, ""Flyweight"": 223, ""Heavyweight"": 266, ""Light Heavyweight"": 276, ""Lightweight"": 526, ""Middleweight"": 420, ""Welterweight"": 493, ""Women's Bantamweight"": 148, ""Women's Featherweight"": 22, ""Women's Flyweight"": 247, ""Women's Strawweight"": 253}",1190,693,1960,0.46018937377145419,0.48730014887820666,0.64591785601226304,0.65094537119572482,0.63197026022304836,0.018975110972676457,"[0.609939355808301, 0.6534638027753741]",0.62822097998738113,0.21889290331274794,0.031189157857939419,0.032843536360913042,0.7897073500684495,0.97960844811092473,0.58779763371089933,0.30007547960692676,0.30965391621129323,"[0.2952321724438729, 0.32445581946819724]",0.1601138941645274,0.18032786885245902,"[0.16849370681721876, 0.19280048055664062]",0.53981062622854581,0.51001821493624777,"[0.49421105697819023, 0.525805364500122]"
archetype,C3_HIGH_FINISH_PRESSURE_FIVE_ROUNDS::NO_MATCH,MOV1_FULL,S3,3843,NORMAL,1883,NORMAL,"{""2018"": 425, ""2019"": 462, ""2020"": 398, ""2021"": 441, ""2022"": 456, ""2023"": 456, ""2024"": 448, ""2025"": 455, ""2026"": 302}","{""Bantamweight"": 453, ""Catch Weight"": 54, ""Featherweight"": 462, ""Flyweight"": 223, ""Heavyweight"": 266, ""Light Heavyweight"": 276, ""Lightweight"": 526, ""Middleweight"": 420, ""Welterweight"": 493, ""Women's Bantamweight"": 148, ""Women's Featherweight"": 22, ""Women's Flyweight"": 247, ""Women's Strawweight"": 253}",1190,693,1960,0.46018937377145419,0.48730014887820666,0.64561894944210607,0.64895687945478442,0.63197026022304836,0.016986619231736055,"[0.609939355808301, 0.6534638027753741]",0.63401269966350615,0.22089988637460573,0.039831005949790679,0.091473679079414574,0.70182755171747158,0.98244628525642141,0.58866663208641201,0.29947723990957609,0.30965391621129323,"[0.2952321724438729, 0.32445581946819724]",0.1607121338618781,0.18032786885245902,"[0.16849370681721876, 0.19280048055664062]",0.53981062622854581,0.51001821493624777,"[0.49421105697819023, 0.525805364500122]"
archetype,C3_HIGH_FINISH_PRESSURE_FIVE_ROUNDS::UNASSIGNABLE,C0,S0,0,INSUFFICIENT,0,INSUFFICIENT,{},{},0,0,0,,,,,,,"[null, null]",,,,,,,,,,"[null, null]",,,"[null, null]",,,"[null, null]"
archetype,C3_HIGH_FINISH_PRESSURE_FIVE_ROUNDS::UNASSIGNABLE,C1,S1,0,INSUFFICIENT,0,INSUFFICIENT,{},{},0,0,0,,,,,,,"[null, null]",,,,,,,,,,"[null, null]",,,"[null, null]",,,"[null, null]"
archetype,C3_HIGH_FINISH_PRESSURE_FIVE_ROUNDS::UNASSIGNABLE,MOV1_MIN,S2,0,INSUFFICIENT,0,INSUFFICIENT,{},{},0,0,0,,,,,,,"[null, null]",,,,,,,,,,"[null, null]",,,"[null, null]",,,"[null, null]"
archetype,C3_HIGH_FINISH_PRESSURE_FIVE_ROUNDS::UNASSIGNABLE,MOV1_FULL,S3,0,INSUFFICIENT,0,INSUFFICIENT,{},{},0,0,0,,,,,,,"[null, null]",,,,,,,,,,"[null, null]",,,"[null, null]",,,"[null, null]"
archetype,D1_LOW_DAMAGE_STRONG_DEFENSE::MATCH,C0,S0,74,MODERATE_UNCERTAINTY,20,INSUFFICIENT,"{""2018"": 17, ""2019"": 15, ""2020"": 11, ""2021"": 10, ""2022"": 5, ""2023"": 4, ""2024"": 7, ""2025"": 3, ""2026"": 2}","{""Bantamweight"": 6, ""Featherweight"": 5, ""Flyweight"": 3, ""Lightweight"": 6, ""Welterweight"": 3, ""Women's Bantamweight"": 3, ""Women's Flyweight"": 29, ""Women's Strawweight"": 19}",9,11,54,0.31178645539364447,0.33495598229597512,0.63888927554608188,0.63815754911192202,0.45000000000000001,0.18815754911192201,"[0.2581978582556243, 0.6579146575496577]",,,,,,0.78267670189246319,0.43558413132032803,0.1990889972126208,0.12162162162162163,"[0.06532315657822622, 0.21526586566768757]",0.11269745818102371,0.14864864864864866,"[0.085080595484994, 0.246894925171926]",0.68821354460635553,0.72972972972972971,"[0.6190875157143347, 0.8176977207792175]"
archetype,D1_LOW_DAMAGE_STRONG_DEFENSE::MATCH,C1,S1,74,MODERATE_UNCERTAINTY,20,INSUFFICIENT,"{""2018"": 17, ""2019"": 15, ""2020"": 11, ""2021"": 10, ""2022"": 5, ""2023"": 4, ""2024"": 7, ""2025"": 3, ""2026"": 2}","{""Bantamweight"": 6, ""Featherweight"": 5, ""Flyweight"": 3, ""Lightweight"": 6, ""Welterweight"": 3, ""Women's Bantamweight"": 3, ""Women's Flyweight"": 29, ""Women's Strawweight"": 19}",9,11,54,0.31178645539364447,0.33495598229597512,0.52166167963573673,0.55516991106215563,0.45000000000000001,0.10516991106215562,"[0.2581978582556243, 0.6579146575496577]",,,,,,0.79397665956401964,0.44024547604676145,0.16513381462312404,0.12162162162162163,"[0.06532315657822622, 0.21526586566768757]",0.14665264077052045,0.14864864864864866,"[0.085080595484994, 0.246894925171926]",0.68821354460635553,0.72972972972972971,"[0.6190875157143347, 0.8176977207792175]"
archetype,D1_LOW_DAMAGE_STRONG_DEFENSE::MATCH,MOV1_MIN,S2,74,MODERATE_UNCERTAINTY,20,INSUFFICIENT,"{""2018"": 17, ""2019"": 15, ""2020"": 11, ""2021"": 10, ""2022"": 5, ""2023"": 4, ""2024"": 7, ""2025"": 3, ""2026"": 2}","{""Bantamweight"": 6, ""Featherweight"": 5, ""Flyweight"": 3, ""Lightweight"": 6, ""Welterweight"": 3, ""Women's Bantamweight"": 3, ""Women's Flyweight"": 29, ""Women's Strawweight"": 19}",9,11,54,0.31178645539364447,0.33495598229597512,0.56535386601800763,0.55334431042627363,0.45000000000000001,0.10334431042627362,"[0.2581978582556243, 0.6579146575496577]",,,,,,0.79605165818859147,0.4373950664403719,0.17656783376243065,0.12162162162162163,"[0.06532315657822622, 0.21526586566768757]",0.13521862163121384,0.14864864864864866,"[0.085080595484994, 0.246894925171926]",0.68821354460635553,0.72972972972972971,"[0.6190875157143347, 0.8176977207792175]"
archetype,D1_LOW_DAMAGE_STRONG_DEFENSE::MATCH,MOV1_FULL,S3,74,MODERATE_UNCERTAINTY,20,INSUFFICIENT,"{""2018"": 17, ""2019"": 15, ""2020"": 11, ""2021"": 10, ""2022"": 5, ""2023"": 4, ""2024"": 7, ""2025"": 3, ""2026"": 2}","{""Bantamweight"": 6, ""Featherweight"": 5, ""Flyweight"": 3, ""Lightweight"": 6, ""Welterweight"": 3, ""Women's Bantamweight"": 3, ""Women's Flyweight"": 29, ""Women's Strawweight"": 19}",9,11,54,0.31178645539364447,0.33495598229597512,0.59391412741454697,0.58378544953235756,0.45000000000000001,0.13378544953235755,"[0.2581978582556243, 0.6579146575496577]",,,,,,0.80481153907938308,0.43954892189403905,0.1845082906576368,0.12162162162162163,"[0.06532315657822622, 0.21526586566768757]",0.1272781647360077,0.14864864864864866,"[0.085080595484994, 0.246894925171926]",0.68821354460635553,0.72972972972972971,"[0.6190875157143347, 0.8176977207792175]"
archetype,D1_LOW_DAMAGE_STRONG_DEFENSE::NO_MATCH,C0,S0,3991,NORMAL,2005,NORMAL,"{""2018"": 427, ""2019"": 459, ""2020"": 404, ""2021"": 465, ""2022"": 485, ""2023"": 481, ""2024"": 474, ""2025"": 489, ""2026"": 307}","{""Bantamweight"": 460, ""Catch Weight"": 59, ""Featherweight"": 461, ""Flyweight"": 231, ""Heavyweight"": 306, ""Light Heavyweight"": 310, ""Lightweight"": 544, ""Middleweight"": 459, ""Welterweight"": 531, ""Women's Bantamweight"": 145, ""Women's Featherweight"": 25, ""Women's Flyweight"": 222, ""Women's Strawweight"": 238}",1290,715,1986,0.47877357053015135,0.50708003280301783,0.64036072391967958,0.64046560795031748,0.64339152119700749,-0.002925913246690004,"[0.6221691529521377, 0.6640654811824834]",0.65171583473721062,0.22956508790584387,0.002925913246690004,3.3630166561152333,-4.8010775382473856,0.99875474104296547,0.59804893381394442,0.30657348637040499,0.3232272613380105,"[0.308892720127297, 0.33790177358546786]",0.17220008415974639,0.17915309446254071,"[0.1675659860818845, 0.19135725870790354]",0.52122642946984876,0.49761964419944876,"[0.48211723184598426, 0.5131266344761578]"
archetype,D1_LOW_DAMAGE_STRONG_DEFENSE::NO_MATCH,C1,S1,3991,NORMAL,2005,NORMAL,"{""2018"": 427, ""2019"": 459, ""2020"": 404, ""2021"": 465, ""2022"": 485, ""2023"": 481, ""2024"": 474, ""2025"": 489, ""2026"": 307}","{""Bantamweight"": 460, ""Catch Weight"": 59, ""Featherweight"": 461, ""Flyweight"": 231, ""Heavyweight"": 306, ""Light Heavyweight"": 310, ""Lightweight"": 544, ""Middleweight"": 459, ""Welterweight"": 531, ""Women's Bantamweight"": 145, ""Women's Featherweight"": 25, ""Women's Flyweight"": 222, ""Women's Strawweight"": 238}",1290,715,1986,0.47877357053015135,0.50708003280301783,0.6289068007782872,0.64027537522049127,0.64339152119700749,-0.0031161459765162158,"[0.6221691529521377, 0.6640654811824834]",0.64021664078650098,0.22416199211810026,0.021927045627065,0.1250551135516226,0.80145948178967752,0.99297777189458836,0.59566216455688636,0.30764905916909202,0.3232272613380105,"[0.308892720127297, 0.33790177358546786]",0.17112451136105936,0.17915309446254071,"[0.1675659860818845, 0.19135725870790354]",0.52122642946984876,0.49761964419944876,"[0.48211723184598426, 0.5131266344761578]"
archetype,D1_LOW_DAMAGE_STRONG_DEFENSE::NO_MATCH,MOV1_MIN,S2,3991,NORMAL,2005,NORMAL,"{""2018"": 427, ""2019"": 459, ""2020"": 404, ""2021"": 465, ""2022"": 485, ""2023"": 481, ""2024"": 474, ""2025"": 489, ""2026"": 307}","{""Bantamweight"": 460, ""Catch Weight"": 59, ""Featherweight"": 461, ""Flyweight"": 231, ""Heavyweight"": 306, ""Light Heavyweight"": 310, ""Lightweight"": 544, ""Middleweight"": 459, ""Welterweight"": 531, ""Women's Bantamweight"": 145, ""Women's Featherweight"": 25, ""Women's Flyweight"": 222, ""Women's Strawweight"": 238}",1290,715,1986,0.47877357053015135,0.50708003280301783,0.66057025691792459,0.66716867255287016,0.64339152119700749,0.023777151355862669,"[0.6221691529521377, 0.6640654811824834]",0.61254510206005319,0.21241100044433528,0.03492991570011289,-0.022180841925740175,0.85377736928518122,0.97907613442364672,0.58897840842036175,0.32029339462362505,0.3232272613380105,"[0.308892720127297, 0.33790177358546786]",0.15848017590652633,0.17915309446254071,"[0.1675659860818845, 0.19135725870790354]",0.52122642946984876,0.49761964419944876,"[0.48211723184598426, 0.5131266344761578]"
archetype,D1_LOW_DAMAGE_STRONG_DEFENSE::NO_MATCH,MOV1_FULL,S3,3991,NORMAL,2005,NORMAL,"{""2018"": 427, ""2019"": 459, ""2020"": 404, ""2021"": 465, ""2022"": 485, ""2023"": 481, ""2024"": 474, ""2025"": 489, ""2026"": 307}","{""Bantamweight"": 460, ""Catch Weight"": 59, ""Featherweight"": 461, ""Flyweight"": 231, ""Heavyweight"": 306, ""Light Heavyweight"": 310, ""Lightweight"": 544, ""Middleweight"": 459, ""Welterweight"": 531, ""Women's Bantamweight"": 145, ""Women's Featherweight"": 25, ""Women's Flyweight"": 222, ""Women's Strawweight"": 238}",1290,715,1986,0.47877357053015135,0.50708003280301783,0.66032182676712126,0.66555341817610658,0.64339152119700749,0.022161896979099094,"[0.6221691529521377, 0.6640654811824834]",0.61646483166001875,0.21369257737172773,0.038759447896614167,0.028778074316503591,0.78506572447808176,0.98104532957471946,0.58955098451260157,0.31975199494707829,0.3232272613380105,"[0.308892720127297, 0.33790177358546786]",0.15902157558307303,0.17915309446254071,"[0.1675659860818845, 0.19135725870790354]",0.52122642946984876,0.49761964419944876,"[0.48211723184598426, 0.5131266344761578]"
archetype,D1_LOW_DAMAGE_STRONG_DEFENSE::UNASSIGNABLE,C0,S0,195,NORMAL,90,MODERATE_UNCERTAINTY,"{""2018"": 26, ""2019"": 33, ""2020"": 28, ""2021"": 17, ""2022"": 15, ""2023"": 20, ""2024"": 21, ""2025"": 12, ""2026"": 23}","{""Bantamweight"": 22, ""Featherweight"": 36, ""Flyweight"": 18, ""Heavyweight"": 10, ""Light Heavyweight"": 9, ""Lightweight"": 26, ""Middleweight"": 17, ""Welterweight"": 12, ""Women's Bantamweight"": 10, ""Women's Featherweight"": 2, ""Women's Flyweight"": 15, ""Women's Strawweight"": 18}",62,28,105,0.42127562736539503,0.43000138192000936,0.63974916685349736,0.63977048789808599,0.68888888888888888,-0.049118400990802891,"[0.5871717545902345, 0.7751414535299087]",0.62437885551358241,0.216292230303547,0.049118400990802891,-15.062119832074664,27.651165538570332,0.97121081562034672,0.58381855495340484,0.2695249576188527,0.31794871794871793,"[0.25664388609755884, 0.38628772172159087]",0.15175066974654239,0.14358974358974358,"[0.1012500387008023, 0.1997005737902091]",0.57872437263460497,0.53846153846153844,"[0.46842365425558796, 0.6070133300079719]"
archetype,D1_LOW_DAMAGE_STRONG_DEFENSE::UNASSIGNABLE,C1,S1,195,NORMAL,90,MODERATE_UNCERTAINTY,"{""2018"": 26, ""2019"": 33, ""2020"": 28, ""2021"": 17, ""2022"": 15, ""2023"": 20, ""2024"": 21, ""2025"": 12, ""2026"": 23}","{""Bantamweight"": 22, ""Featherweight"": 36, ""Flyweight"": 18, ""Heavyweight"": 10, ""Light Heavyweight"": 9, ""Lightweight"": 26, ""Middleweight"": 17, ""Welterweight"": 12, ""Women's Bantamweight"": 10, ""Women's Featherweight"": 2, ""Women's Flyweight"": 15, ""Women's Strawweight"": 18}",62,28,105,0.42127562736539503,0.43000138192000936,0.57632719138996069,0.5933394527157464,0.68888888888888888,-0.095549436173142488,"[0.5871717545902345, 0.7751414535299087]",0.63654020161594815,0.22255551500910675,0.10437371121340693,0.56045027814077197,0.62677576606049246,0.97682374459066923,0.58559197816540476,0.24484234460834134,0.31794871794871793,"[0.25664388609755884, 0.38628772172159087]",0.17643328275705369,0.14358974358974358,"[0.1012500387008023, 0.1997005737902091]",0.57872437263460497,0.53846153846153844,"[0.46842365425558796, 0.6070133300079719]"
archetype,D1_LOW_DAMAGE_STRONG_DEFENSE::UNASSIGNABLE,MOV1_MIN,S2,195,NORMAL,90,MODERATE_UNCERTAINTY,"{""2018"": 26, ""2019"": 33, ""2020"": 28, ""2021"": 17, ""2022"": 15, ""2023"": 20, ""2024"": 21, ""2025"": 12, ""2026"": 23}","{""Bantamweight"": 22, ""Featherweight"": 36, ""Flyweight"": 18, ""Heavyweight"": 10, ""Light Heavyweight"": 9, ""Lightweight"": 26, ""Middleweight"": 17, ""Welterweight"": 12, ""Women's Bantamweight"": 10, ""Women's Featherweight"": 2, ""Women's Flyweight"": 15, ""Women's Strawweight"": 18}",62,28,105,0.42127562736539503,0.43000138192000936,0.59873574424535247,0.59807797763850512,0.68888888888888888,-0.090810911250383763,"[0.5871717545902345, 0.7751414535299087]",0.63467466243566184,0.22115643631990997,0.10080614151458092,0.51008044088749172,0.72356747998207815,0.97596272650746008,0.58593959904859849,0.25242300591093603,0.31794871794871793,"[0.25664388609755884, 0.38628772172159087]",0.16885262145445903,0.14358974358974358,"[0.1012500387008023, 0.1997005737902091]",0.57872437263460497,0.53846153846153844,"[0.46842365425558796, 0.6070133300079719]"
archetype,D1_LOW_DAMAGE_STRONG_DEFENSE::UNASSIGNABLE,MOV1_FULL,S3,195,NORMAL,90,MODERATE_UNCERTAINTY,"{""2018"": 26, ""2019"": 33, ""2020"": 28, ""2021"": 17, ""2022"": 15, ""2023"": 20, ""2024"": 21, ""2025"": 12, ""2026"": 23}","{""Bantamweight"": 22, ""Featherweight"": 36, ""Flyweight"": 18, ""Heavyweight"": 10, ""Light Heavyweight"": 9, ""Lightweight"": 26, ""Middleweight"": 17, ""Welterweight"": 12, ""Women's Bantamweight"": 10, ""Women's Featherweight"": 2, ""Women's Flyweight"": 15, ""Women's Strawweight"": 18}",62,28,105,0.42127562736539503,0.43000138192000936,0.57886683242786852,0.57275706293472606,0.68888888888888888,-0.11613182595416283,"[0.5871717545902345, 0.7751414535299087]",0.64175473333595301,0.22439541758743514,0.13445459054405418,0.55330239877290233,0.85052122203460911,0.97923045153836397,0.58788073915186356,0.24369823547243574,0.31794871794871793,"[0.25664388609755884, 0.38628772172159087]",0.17757739189295935,0.14358974358974358,"[0.1012500387008023, 0.1997005737902091]",0.57872437263460497,0.53846153846153844,"[0.46842365425558796, 0.6070133300079719]"
archetype,D2_LOW_TD_ACCESS_LOW_SUB_PRESSURE::MATCH,C0,S0,499,NORMAL,222,NORMAL,"{""2018"": 34, ""2019"": 36, ""2020"": 48, ""2021"": 62, ""2022"": 69, ""2023"": 55, ""2024"": 71, ""2025"": 71, ""2026"": 53}","{""Bantamweight"": 54, ""Catch Weight"": 4, ""Featherweight"": 36, ""Flyweight"": 6, ""Heavyweight"": 89, ""Light Heavyweight"": 66, ""Lightweight"": 43, ""Middleweight"": 53, ""Welterweight"": 43, ""Women's Bantamweight"": 29, ""Women's Featherweight"": 2, ""Women's Flyweight"": 21, ""Women's Strawweight"": 53}",181,41,277,0.42951336467033896,0.46286264216173528,0.64073625015873892,0.64083867334388611,0.81531531531531531,-0.1744766419714292,"[0.7590599230705205, 0.8608439720382709]",0.55236546653382157,0.18122961138262569,0.1744766419714292,10.400189642553968,-15.372825566873793,0.91001189728205345,0.54527489885607983,0.27523332878491591,0.36272545090180358,"[0.32173828941341615, 0.4058100310426897]",0.15428003588542313,0.082164328657314628,"[0.061142551613460605, 0.10957021940986891]",0.57048663532966104,0.55511022044088176,"[0.5112513100274154, 0.5981271014683085]"
archetype,D2_LOW_TD_ACCESS_LOW_SUB_PRESSURE::MATCH,C1,S1,499,NORMAL,222,NORMAL,"{""2018"": 34, ""2019"": 36, ""2020"": 48, ""2021"": 62, ""2022"": 69, ""2023"": 55, ""2024"": 71, ""2025"": 71, ""2026"": 53}","{""Bantamweight"": 54, ""Catch Weight"": 4, ""Featherweight"": 36, ""Flyweight"": 6, ""Heavyweight"": 89, ""Light Heavyweight"": 66, ""Lightweight"": 43, ""Middleweight"": 53, ""Welterweight"": 43, ""Women's Bantamweight"": 29, ""Women's Featherweight"": 2, ""Women's Flyweight"": 21, ""Women's Strawweight"": 53}",181,41,277,0.42951336467033896,0.46286264216173528,0.63728341915402864,0.65851546380720849,0.81531531531531531,-0.15679985150810682,"[0.7590599230705205, 0.8608439720382709]",0.50805699300452045,0.1626286150525347,0.15679985150810682,0.49693711133859364,1.674249354007354,0.89029951026100163,0.53663082440590471,0.28406903341533368,0.36272545090180358,"[0.32173828941341615, 0.4058100310426897]",0.14544433125500536,0.082164328657314628,"[0.061142551613460605, 0.10957021940986891]",0.57048663532966104,0.55511022044088176,"[0.5112513100274154, 0.5981271014683085]"
archetype,D2_LOW_TD_ACCESS_LOW_SUB_PRESSURE::MATCH,MOV1_MIN,S2,499,NORMAL,222,NORMAL,"{""2018"": 34, ""2019"": 36, ""2020"": 48, ""2021"": 62, ""2022"": 69, ""2023"": 55, ""2024"": 71, ""2025"": 71, ""2026"": 53}","{""Bantamweight"": 54, ""Catch Weight"": 4, ""Featherweight"": 36, ""Flyweight"": 6, ""Heavyweight"": 89, ""Light Heavyweight"": 66, ""Lightweight"": 43, ""Middleweight"": 53, ""Welterweight"": 43, ""Women's Bantamweight"": 29, ""Women's Featherweight"": 2, ""Women's Flyweight"": 21, ""Women's Strawweight"": 53}",181,41,277,0.42951336467033896,0.46286264216173528,0.76370548323618614,0.78092564163754108,0.81531531531531531,-0.034389673677774235,"[0.7590599230705205, 0.8608439720382709]",0.44752259532735933,0.14278025443857711,0.040215051189511242,0.28626627726239773,0.95318422852402862,0.86336837542266542,0.52634552775670207,0.33766132719018915,0.36272545090180358,"[0.32173828941341615, 0.4058100310426897]",0.09185203748014982,0.082164328657314628,"[0.061142551613460605, 0.10957021940986891]",0.57048663532966104,0.55511022044088176,"[0.5112513100274154, 0.5981271014683085]"
archetype,D2_LOW_TD_ACCESS_LOW_SUB_PRESSURE::MATCH,MOV1_FULL,S3,499,NORMAL,222,NORMAL,"{""2018"": 34, ""2019"": 36, ""2020"": 48, ""2021"": 62, ""2022"": 69, ""2023"": 55, ""2024"": 71, ""2025"": 71, ""2026"": 53}","{""Bantamweight"": 54, ""Catch Weight"": 4, ""Featherweight"": 36, ""Flyweight"": 6, ""Heavyweight"": 89, ""Light Heavyweight"": 66, ""Lightweight"": 43, ""Middleweight"": 53, ""Welterweight"": 43, ""Women's Bantamweight"": 29, ""Women's Featherweight"": 2, ""Women's Flyweight"": 21, ""Women's Strawweight"": 53}",181,41,277,0.42951336467033896,0.46286264216173528,0.76684306530240109,0.78034426286221492,0.81531531531531531,-0.034971052453100393,"[0.7590599230705205, 0.8608439720382709]",0.44941335699223134,0.14367185836199806,0.072163261687472224,0.30643508739534481,0.93848367556656298,0.86420955596294902,0.52645338131380526,0.33807183858174888,0.36272545090180358,"[0.32173828941341615, 0.4058100310426897]",0.091441526088590117,0.082164328657314628,"[0.061142551613460605, 0.10957021940986891]",0.57048663532966104,0.55511022044088176,"[0.5112513100274154, 0.5981271014683085]"
archetype,D2_LOW_TD_ACCESS_LOW_SUB_PRESSURE::NO_MATCH,C0,S0,3385,NORMAL,1699,NORMAL,"{""2018"": 396, ""2019"": 426, ""2020"": 350, ""2021"": 399, ""2022"": 398, ""2023"": 411, ""2024"": 382, ""2025"": 388, ""2026"": 235}","{""Bantamweight"": 392, ""Catch Weight"": 49, ""Featherweight"": 411, ""Flyweight"": 229, ""Heavyweight"": 189, ""Light Heavyweight"": 222, ""Lightweight"": 488, ""Middleweight"": 387, ""Welterweight"": 468, ""Women's Bantamweight"": 117, ""Women's Featherweight"": 19, ""Women's Flyweight"": 224, ""Women's Strawweight"": 190}",1040,659,1686,0.48203614722865584,0.51160555136245767,0.64025008351416568,0.64036727471983379,0.61212477928193054,0.028242495437903248,"[0.5887270631353735, 0.6350166083769834]",0.66978330610992498,0.23835526492126335,0.028242495437903248,3.3270289790874688,-4.974415960574408,1.0052623089318986,0.60045859987888028,0.30860874105897151,0.30723781388478583,"[0.2919219083912638, 0.3229907348062329]",0.17342740616968425,0.1946824224519941,"[0.1816928212073393, 0.2083642159491557]",0.51796385277134427,0.4980797636632201,"[0.48124786487684573, 0.5149160158599876]"
archetype,D2_LOW_TD_ACCESS_LOW_SUB_PRESSURE::NO_MATCH,C1,S1,3385,NORMAL,1699,NORMAL,"{""2018"": 396, ""2019"": 426, ""2020"": 350, ""2021"": 399, ""2022"": 398, ""2023"": 411, ""2024"": 382, ""2025"": 388, ""2026"": 235}","{""Bantamweight"": 392, ""Catch Weight"": 49, ""Featherweight"": 411, ""Flyweight"": 229, ""Heavyweight"": 189, ""Light Heavyweight"": 222, ""Lightweight"": 488, ""Middleweight"": 387, ""Welterweight"": 468, ""Women's Bantamweight"": 117, ""Women's Featherweight"": 19, ""Women's Flyweight"": 224, ""Women's Strawweight"": 190}",1040,659,1686,0.48203614722865584,0.51160555136245767,0.62507385301017604,0.63723944451608128,0.61212477928193054,0.025114665234150735,"[0.5887270631353735, 0.6350166083769834]",0.66181835134130473,0.23424885623323705,0.027044819599793109,0.062804781079821195,0.68683676864030963,1.0012645369520208,0.59888167226768041,0.30771566860662519,0.30723781388478583,"[0.2919219083912638, 0.3229907348062329]",0.17432047862203054,0.1946824224519941,"[0.1816928212073393, 0.2083642159491557]",0.51796385277134427,0.4980797636632201,"[0.48124786487684573, 0.5149160158599876]"
archetype,D2_LOW_TD_ACCESS_LOW_SUB_PRESSURE::NO_MATCH,MOV1_MIN,S2,3385,NORMAL,1699,NORMAL,"{""2018"": 396, ""2019"": 426, ""2020"": 350, ""2021"": 399, ""2022"": 398, ""2023"": 411, ""2024"": 382, ""2025"": 388, ""2026"": 235}","{""Bantamweight"": 392, ""Catch Weight"": 49, ""Featherweight"": 411, ""Flyweight"": 229, ""Heavyweight"": 189, ""Light Heavyweight"": 222, ""Lightweight"": 488, ""Middleweight"": 387, ""Welterweight"": 468, ""Women's Bantamweight"": 117, ""Women's Featherweight"": 19, ""Women's Flyweight"": 224, ""Women's Strawweight"": 190}",1040,659,1686,0.48203614722865584,0.51160555136245767,0.64020734479187547,0.64763543833714798,0.61212477928193054,0.035510659055217442,"[0.5887270631353735, 0.6350166083769834]",0.64027883904811778,0.22440163177703945,0.047193153184359897,-0.029555908371994337,0.7610315014808301,0.99045341985124546,0.59319702058883073,0.31295109011290773,0.30723781388478583,"[0.2919219083912638, 0.3229907348062329]",0.16908505711574809,0.1946824224519941,"[0.1816928212073393, 0.2083642159491557]",0.51796385277134427,0.4980797636632201,"[0.48124786487684573, 0.5149160158599876]"
archetype,D2_LOW_TD_ACCESS_LOW_SUB_PRESSURE::NO_MATCH,MOV1_FULL,S3,3385,NORMAL,1699,NORMAL,"{""2018"": 396, ""2019"": 426, ""2020"": 350, ""2021"": 399, ""2022"": 398, ""2023"": 411, ""2024"": 382, ""2025"": 388, ""2026"": 235}","{""Bantamweight"": 392, ""Catch Weight"": 49, ""Featherweight"": 411, ""Flyweight"": 229, ""Heavyweight"": 189, ""Light Heavyweight"": 222, ""Lightweight"": 488, ""Middleweight"": 387, ""Welterweight"": 468, ""Women's Bantamweight"": 117, ""Women's Featherweight"": 19, ""Women's Flyweight"": 224, ""Women's Strawweight"": 190}",1040,659,1686,0.48203614722865584,0.51160555136245767,0.64046946215106237,0.64634996888958229,0.61212477928193054,0.034225189607651751,"[0.5887270631353735, 0.6350166083769834]",0.64560117829961916,0.22617614255502116,0.051523288264545386,0.018232347926334491,0.68603569990722946,0.99312480962622363,0.59401291124775568,0.31258255771438354,0.30723781388478583,"[0.2919219083912638, 0.3229907348062329]",0.16945358951427228,0.1946824224519941,"[0.1816928212073393, 0.2083642159491557]",0.51796385277134427,0.4980797636632201,"[0.48124786487684573, 0.5149160158599876]"
archetype,D2_LOW_TD_ACCESS_LOW_SUB_PRESSURE::UNASSIGNABLE,C0,S0,376,NORMAL,194,NORMAL,"{""2018"": 40, ""2019"": 45, ""2020"": 45, ""2021"": 31, ""2022"": 38, ""2023"": 39, ""2024"": 49, ""2025"": 45, ""2026"": 44}","{""Bantamweight"": 42, ""Catch Weight"": 6, ""Featherweight"": 55, ""Flyweight"": 17, ""Heavyweight"": 38, ""Light Heavyweight"": 31, ""Lightweight"": 45, ""Middleweight"": 36, ""Welterweight"": 35, ""Women's Bantamweight"": 12, ""Women's Featherweight"": 6, ""Women's Flyweight"": 21, ""Women's Strawweight"": 32}",140,54,182,0.45209238745137437,0.46454315187654704,0.64025165310005816,0.64033945155728,0.72164948453608246,-0.08131003297880246,"[0.6547453098655929, 0.7799461876225182]",0.60583607061503408,0.20726017332841912,0.08131003297880246,-7.6908079932707922,14.998306895433197,1.0011316596017661,0.60703883953690596,0.28947531139735283,0.37234042553191488,"[0.3249983636728792, 0.42226461204848026]",0.16261707605402162,0.14361702127659576,"[0.11176930260001525, 0.18267317128878005]",0.54790761254862552,0.48404255319148937,"[0.43394678543729726, 0.5344610865278727]"
archetype,D2_LOW_TD_ACCESS_LOW_SUB_PRESSURE::UNASSIGNABLE,C1,S1,376,NORMAL,194,NORMAL,"{""2018"": 40, ""2019"": 45, ""2020"": 45, ""2021"": 31, ""2022"": 38, ""2023"": 39, ""2024"": 49, ""2025"": 45, ""2026"": 44}","{""Bantamweight"": 42, ""Catch Weight"": 6, ""Featherweight"": 55, ""Flyweight"": 17, ""Heavyweight"": 38, ""Light Heavyweight"": 31, ""Lightweight"": 45, ""Middleweight"": 36, ""Welterweight"": 35, ""Women's Bantamweight"": 12, ""Women's Featherweight"": 6, ""Women's Flyweight"": 21, ""Women's Strawweight"": 32}",140,54,182,0.45209238745137437,0.46454315187654704,0.60392124979501294,0.61544240765321101,0.72164948453608246,-0.10620707688287145,"[0.6547453098655929, 0.7799461876225182]",0.61740191299197034,0.21351008350944789,0.10620707688287136,0.72332526878327519,0.48880109945160927,1.0070991421047597,0.60921025987128552,0.27772225722581406,0.37234042553191488,"[0.3249983636728792, 0.42226461204848026]",0.17437013022556036,0.14361702127659576,"[0.11176930260001525, 0.18267317128878005]",0.54790761254862552,0.48404255319148937,"[0.43394678543729726, 0.5344610865278727]"
archetype,D2_LOW_TD_ACCESS_LOW_SUB_PRESSURE::UNASSIGNABLE,MOV1_MIN,S2,376,NORMAL,194,NORMAL,"{""2018"": 40, ""2019"": 45, ""2020"": 45, ""2021"": 31, ""2022"": 38, ""2023"": 39, ""2024"": 49, ""2025"": 45, ""2026"": 44}","{""Bantamweight"": 42, ""Catch Weight"": 6, ""Featherweight"": 55, ""Flyweight"": 17, ""Heavyweight"": 38, ""Light Heavyweight"": 31, ""Lightweight"": 45, ""Middleweight"": 36, ""Welterweight"": 35, ""Women's Bantamweight"": 12, ""Women's Featherweight"": 6, ""Women's Flyweight"": 21, ""Women's Strawweight"": 32}",140,54,182,0.45209238745137437,0.46454315187654704,0.65620918435440989,0.66427314683580885,0.72164948453608246,-0.057376337700273616,"[0.6547453098655929, 0.7799461876225182]",0.58924976812557472,0.20019832143883454,0.06203527744841647,0.37960841222224029,0.84347581522807147,0.99257383331731108,0.60271263748122617,0.29985904652617762,0.37234042553191488,"[0.3249983636728792, 0.42226461204848026]",0.1522333409251968,0.14361702127659576,"[0.11176930260001525, 0.18267317128878005]",0.54790761254862552,0.48404255319148937,"[0.43394678543729726, 0.5344610865278727]"
archetype,D2_LOW_TD_ACCESS_LOW_SUB_PRESSURE::UNASSIGNABLE,MOV1_FULL,S3,376,NORMAL,194,NORMAL,"{""2018"": 40, ""2019"": 45, ""2020"": 45, ""2021"": 31, ""2022"": 38, ""2023"": 39, ""2024"": 49, ""2025"": 45, ""2026"": 44}","{""Bantamweight"": 42, ""Catch Weight"": 6, ""Featherweight"": 55, ""Flyweight"": 17, ""Heavyweight"": 38, ""Light Heavyweight"": 31, ""Lightweight"": 45, ""Middleweight"": 36, ""Welterweight"": 35, ""Women's Bantamweight"": 12, ""Women's Featherweight"": 6, ""Women's Flyweight"": 21, ""Women's Strawweight"": 32}",140,54,182,0.45209238745137437,0.46454315187654704,0.64236507822459432,0.65089394123223876,0.72164948453608246,-0.070755543303843704,"[0.6547453098655929, 0.7799461876225182]",0.5876110667697676,0.19983534287084828,0.073348376427254586,0.3986309274164902,0.90329012822770327,0.99172833314968711,0.60273245131734887,0.29392334027685846,0.37234042553191488,"[0.3249983636728792, 0.42226461204848026]",0.15816904717451594,0.14361702127659576,"[0.11176930260001525, 0.18267317128878005]",0.54790761254862552,0.48404255319148937,"[0.43394678543729726, 0.5344610865278727]"
archetype,D3_EXPERIENCE_STRONG_DEFENSIVE_PROFILE::MATCH,C0,S0,124,NORMAL,39,THIN_EXPLORATORY,"{""2018"": 22, ""2019"": 20, ""2020"": 11, ""2021"": 18, ""2022"": 16, ""2023"": 12, ""2024"": 11, ""2025"": 8, ""2026"": 6}","{""Bantamweight"": 25, ""Catch Weight"": 2, ""Featherweight"": 15, ""Flyweight"": 6, ""Heavyweight"": 2, ""Light Heavyweight"": 1, ""Lightweight"": 22, ""Middleweight"": 14, ""Welterweight"": 20, ""Women's Bantamweight"": 3, ""Women's Flyweight"": 11, ""Women's Strawweight"": 3}",29,10,85,0.42996633876769924,0.42731857953538338,0.63979207804551608,0.6399651526922483,0.74358974358974361,-0.10362459089749532,"[0.5891834407831603, 0.8543121945900741]",0.59383260659268144,0.20140386145026623,0.10362459089749532,0.76703074506984126,0.51750909967275238,0.8827628027986455,0.51992736228986358,0.27507331279595876,0.23387096774193547,"[0.16805775181083993, 0.3156778015156498]",0.15489302597174065,0.080645161290322578,"[0.04439298476897466, 0.14209940229094858]",0.5700336612323007,0.68548387096774188,"[0.5992293760058301, 0.7605912989484346]"
archetype,D3_EXPERIENCE_STRONG_DEFENSIVE_PROFILE::MATCH,C1,S1,124,NORMAL,39,THIN_EXPLORATORY,"{""2018"": 22, ""2019"": 20, ""2020"": 11, ""2021"": 18, ""2022"": 16, ""2023"": 12, ""2024"": 11, ""2025"": 8, ""2026"": 6}","{""Bantamweight"": 25, ""Catch Weight"": 2, ""Featherweight"": 15, ""Flyweight"": 6, ""Heavyweight"": 2, ""Light Heavyweight"": 1, ""Lightweight"": 22, ""Middleweight"": 14, ""Welterweight"": 20, ""Women's Bantamweight"": 3, ""Women's Flyweight"": 11, ""Women's Strawweight"": 3}",29,10,85,0.42996633876769924,0.42731857953538338,0.66172826269572338,0.6572639392602978,0.74358974358974361,-0.08632580432944581,"[0.5891834407831603, 0.8543121945900741]",0.58334632989899604,0.19658025738446958,0.12513780881925851,0.65931274056444877,0.62435275181510397,0.87946469964498641,0.52502375478254126,0.29170102272851628,0.23387096774193547,"[0.16805775181083993, 0.3156778015156498]",0.13826531603918299,0.080645161290322578,"[0.04439298476897466, 0.14209940229094858]",0.5700336612323007,0.68548387096774188,"[0.5992293760058301, 0.7605912989484346]"
archetype,D3_EXPERIENCE_STRONG_DEFENSIVE_PROFILE::MATCH,MOV1_MIN,S2,124,NORMAL,39,THIN_EXPLORATORY,"{""2018"": 22, ""2019"": 20, ""2020"": 11, ""2021"": 18, ""2022"": 16, ""2023"": 12, ""2024"": 11, ""2025"": 8, ""2026"": 6}","{""Bantamweight"": 25, ""Catch Weight"": 2, ""Featherweight"": 15, ""Flyweight"": 6, ""Heavyweight"": 2, ""Light Heavyweight"": 1, ""Lightweight"": 22, ""Middleweight"": 14, ""Welterweight"": 20, ""Women's Bantamweight"": 3, ""Women's Flyweight"": 11, ""Women's Strawweight"": 3}",29,10,85,0.42996633876769924,0.42731857953538338,0.74254136625456202,0.74511012408383859,0.74358974358974361,0.001520380494094975,"[0.5891834407831603, 0.8543121945900741]",0.50114154531459432,0.16573811157042589,0.11972205854813844,-0.6422823077540657,1.6721724155691633,0.85360996900956965,0.52182368004582935,0.3236281595630181,0.23387096774193547,"[0.16805775181083993, 0.3156778015156498]",0.10633817920468122,0.080645161290322578,"[0.04439298476897466, 0.14209940229094858]",0.5700336612323007,0.68548387096774188,"[0.5992293760058301, 0.7605912989484346]"
archetype,D3_EXPERIENCE_STRONG_DEFENSIVE_PROFILE::MATCH,MOV1_FULL,S3,124,NORMAL,39,THIN_EXPLORATORY,"{""2018"": 22, ""2019"": 20, ""2020"": 11, ""2021"": 18, ""2022"": 16, ""2023"": 12, ""2024"": 11, ""2025"": 8, ""2026"": 6}","{""Bantamweight"": 25, ""Catch Weight"": 2, ""Featherweight"": 15, ""Flyweight"": 6, ""Heavyweight"": 2, ""Light Heavyweight"": 1, ""Lightweight"": 22, ""Middleweight"": 14, ""Welterweight"": 20, ""Women's Bantamweight"": 3, ""Women's Flyweight"": 11, ""Women's Strawweight"": 3}",29,10,85,0.42996633876769924,0.42731857953538338,0.74864947392323111,0.75863658839028481,0.74358974358974361,0.015046844800541193,"[0.5891834407831603, 0.8543121945900741]",0.51113930618298675,0.16931870802157239,0.16745449895682119,-0.49386691195721516,1.3911356341328609,0.85675442605688668,0.52163547397332144,0.32599489658333508,0.23387096774193547,"[0.16805775181083993, 0.3156778015156498]",0.10397144218436417,0.080645161290322578,"[0.04439298476897466, 0.14209940229094858]",0.5700336612323007,0.68548387096774188,"[0.5992293760058301, 0.7605912989484346]"
archetype,D3_EXPERIENCE_STRONG_DEFENSIVE_PROFILE::NO_MATCH,C0,S0,4136,NORMAL,2076,NORMAL,"{""2018"": 448, ""2019"": 487, ""2020"": 432, ""2021"": 474, ""2022"": 489, ""2023"": 493, ""2024"": 491, ""2025"": 496, ""2026"": 326}","{""Bantamweight"": 463, ""Catch Weight"": 57, ""Featherweight"": 487, ""Flyweight"": 246, ""Heavyweight"": 314, ""Light Heavyweight"": 318, ""Lightweight"": 554, ""Middleweight"": 462, ""Welterweight"": 526, ""Women's Bantamweight"": 155, ""Women's Featherweight"": 27, ""Women's Flyweight"": 255, ""Women's Strawweight"": 272}",1332,744,2060,0.4745383073051308,0.50357865375091093,0.64032261252723377,0.64042263866977589,0.64161849710982655,-0.0011958584400506567,"[0.6207468716815127, 0.6619669849474469]",0.65267808125889826,0.2300348226673036,0.0011958584400506567,2.6273254632491025,-3.5420342273407464,0.99706764239396817,0.59681338149446972,0.30384807684888726,0.32205029013539654,"[0.30798078848072286, 0.3364500394526433]",0.1706902304562436,0.17988394584139264,"[0.1684771051164009, 0.19188487339416532]",0.52546169269486931,0.49806576402321084,"[0.4828367490750713, 0.5132983686198567]"
archetype,D3_EXPERIENCE_STRONG_DEFENSIVE_PROFILE::NO_MATCH,C1,S1,4136,NORMAL,2076,NORMAL,"{""2018"": 448, ""2019"": 487, ""2020"": 432, ""2021"": 474, ""2022"": 489, ""2023"": 493, ""2024"": 491, ""2025"": 496, ""2026"": 326}","{""Bantamweight"": 463, ""Catch Weight"": 57, ""Featherweight"": 487, ""Flyweight"": 246, ""Heavyweight"": 314, ""Light Heavyweight"": 318, ""Lightweight"": 554, ""Middleweight"": 462, ""Welterweight"": 526, ""Women's Bantamweight"": 155, ""Women's Featherweight"": 27, ""Women's Flyweight"": 255, ""Women's Strawweight"": 272}",1332,744,2060,0.4745383073051308,0.50357865375091093,0.62352502513200225,0.6371015330691685,0.64161849710982655,-0.0045169640406580447,"[0.6207468716815127, 0.6619669849474469]",0.64269917901265017,0.22535967506973559,0.022143017857701893,0.15265839171672246,0.75757691337585564,0.99205888971911083,0.59452450534893919,0.30261620594928618,0.32205029013539654,"[0.30798078848072286, 0.3364500394526433]",0.1719221013558446,0.17988394584139264,"[0.1684771051164009, 0.19188487339416532]",0.52546169269486931,0.49806576402321084,"[0.4828367490750713, 0.5132983686198567]"
archetype,D3_EXPERIENCE_STRONG_DEFENSIVE_PROFILE::NO_MATCH,MOV1_MIN,S2,4136,NORMAL,2076,NORMAL,"{""2018"": 448, ""2019"": 487, ""2020"": 432, ""2021"": 474, ""2022"": 489, ""2023"": 493, ""2024"": 491, ""2025"": 496, ""2026"": 326}","{""Bantamweight"": 463, ""Catch Weight"": 57, ""Featherweight"": 487, ""Flyweight"": 246, ""Heavyweight"": 314, ""Light Heavyweight"": 318, ""Lightweight"": 554, ""Middleweight"": 462, ""Welterweight"": 526, ""Women's Bantamweight"": 155, ""Women's Featherweight"": 27, ""Women's Flyweight"": 255, ""Women's Strawweight"": 272}",1332,744,2060,0.4745383073051308,0.50357865375091093,0.65349381580199417,0.66161261937631299,0.64161849710982655,0.019994122266486447,"[0.6207468716815127, 0.6619669849474469]",0.61751141544051946,0.21451362084896025,0.031463406192348428,0.014878867137849637,0.81993432332874627,0.97941628885456933,0.58813639951911134,0.31442203868668411,0.32205029013539654,"[0.30798078848072286, 0.3364500394526433]",0.16011626861844669,0.17988394584139264,"[0.1684771051164009, 0.19188487339416532]",0.52546169269486931,0.49806576402321084,"[0.4828367490750713, 0.5132983686198567]"
archetype,D3_EXPERIENCE_STRONG_DEFENSIVE_PROFILE::NO_MATCH,MOV1_FULL,S3,4136,NORMAL,2076,NORMAL,"{""2018"": 448, ""2019"": 487, ""2020"": 432, ""2021"": 474, ""2022"": 489, ""2023"": 493, ""2024"": 491, ""2025"": 496, ""2026"": 326}","{""Bantamweight"": 463, ""Catch Weight"": 57, ""Featherweight"": 487, ""Flyweight"": 246, ""Heavyweight"": 314, ""Light Heavyweight"": 318, ""Lightweight"": 554, ""Middleweight"": 462, ""Welterweight"": 526, ""Women's Bantamweight"": 155, ""Women's Featherweight"": 27, ""Women's Flyweight"": 255, ""Women's Strawweight"": 272}",1332,744,2060,0.4745383073051308,0.50357865375091093,0.65264520155058303,0.65899403716312388,0.64161849710982655,0.017375540053297334,"[0.6207468716815127, 0.6619669849474469]",0.62172845915006103,0.21596004126273979,0.037201434652722458,0.068545279041592244,0.74987733648898314,0.98153296746699881,0.58882459979977597,0.31355938444952758,0.32205029013539654,"[0.30798078848072286, 0.3364500394526433]",0.16097892285560325,0.17988394584139264,"[0.1684771051164009, 0.19188487339416532]",0.52546169269486931,0.49806576402321084,"[0.4828367490750713, 0.5132983686198567]"
archetype,D3_EXPERIENCE_STRONG_DEFENSIVE_PROFILE::UNASSIGNABLE,C0,S0,0,INSUFFICIENT,0,INSUFFICIENT,{},{},0,0,0,,,,,,,"[null, null]",,,,,,,,,,"[null, null]",,,"[null, null]",,,"[null, null]"
archetype,D3_EXPERIENCE_STRONG_DEFENSIVE_PROFILE::UNASSIGNABLE,C1,S1,0,INSUFFICIENT,0,INSUFFICIENT,{},{},0,0,0,,,,,,,"[null, null]",,,,,,,,,,"[null, null]",,,"[null, null]",,,"[null, null]"
archetype,D3_EXPERIENCE_STRONG_DEFENSIVE_PROFILE::UNASSIGNABLE,MOV1_MIN,S2,0,INSUFFICIENT,0,INSUFFICIENT,{},{},0,0,0,,,,,,,"[null, null]",,,,,,,,,,"[null, null]",,,"[null, null]",,,"[null, null]"
archetype,D3_EXPERIENCE_STRONG_DEFENSIVE_PROFILE::UNASSIGNABLE,MOV1_FULL,S3,0,INSUFFICIENT,0,INSUFFICIENT,{},{},0,0,0,,,,,,,"[null, null]",,,,,,,,,,"[null, null]",,,"[null, null]",,,"[null, null]"
