fight_id,event_id,event_date,outer_year,surface,P_KO_given_finish,P_SUB_given_finish,selected_C,train_finish_N
083b028b-cbfb-5411-b5f4-75bcb2c61ace,f9d0ca50-fcd7-5b13-a34b-0d7ecc52958f,2018-01-14,2018,MOV1_FULL,0.73473245738470871,0.26526754261529129,0.029999999999999999,707
24ea1a04-e6b7-5670-99db-9c5bdf9e4c82,f9d0ca50-fcd7-5b13-a34b-0d7ecc52958f,2018-01-14,2018,MOV1_FULL,0.57393752653851782,0.42606247346148218,0.029999999999999999,707
69a3667f-5d10-5ada-b233-8d835ddc8ca6,f9d0ca50-fcd7-5b13-a34b-0d7ecc52958f,2018-01-14,2018,MOV1_FULL,0.52192132153845217,0.47807867846154783,0.029999999999999999,707
7e0980e7-cc6e-56ea-af1f-8c505acc1208,f9d0ca50-fcd7-5b13-a34b-0d7ecc52958f,2018-01-14,2018,MOV1_FULL,0.79615654943832481,0.20384345056167519,0.029999999999999999,707
8d7a0acb-7605-5223-b741-41c25bf4c46b,f9d0ca50-fcd7-5b13-a34b-0d7ecc52958f,2018-01-14,2018,MOV1_FULL,0.71309052527051042,0.28690947472948958,0.029999999999999999,707
9c185f0e-417f-5213-b694-a924d8ade6ae,f9d0ca50-fcd7-5b13-a34b-0d7ecc52958f,2018-01-14,2018,MOV1_FULL,0.65634676417063409,0.34365323582936591,0.029999999999999999,707
9ea5d52a-d2df-5075-aaca-21858e9778a3,f9d0ca50-fcd7-5b13-a34b-0d7ecc52958f,2018-01-14,2018,MOV1_FULL,0.47993026792402088,0.52006973207597906,0.029999999999999999,707
a252e168-73d6-5f58-9ca7-be1ae165a08e,f9d0ca50-fcd7-5b13-a34b-0d7ecc52958f,2018-01-14,2018,MOV1_FULL,0.55605021820100708,0.44394978179899292,0.029999999999999999,707
e4f1e234-8b88-5b86-bc53-d6754aced7ad,f9d0ca50-fcd7-5b13-a34b-0d7ecc52958f,2018-01-14,2018,MOV1_FULL,0.82905917805053575,0.17094082194946425,0.029999999999999999,707
eaea158f-9403-57c5-8f73-08fc23a508aa,f9d0ca50-fcd7-5b13-a34b-0d7ecc52958f,2018-01-14,2018,MOV1_FULL,0.67513816678080774,0.32486183321919226,0.029999999999999999,707
edaa18c1-5c93-53e0-b5a1-972c7a7cbbfd,f9d0ca50-fcd7-5b13-a34b-0d7ecc52958f,2018-01-14,2018,MOV1_FULL,0.61901969120563138,0.38098030879436862,0.029999999999999999,707
32f27945-4b51-5a6e-b370-32851ab4d700,28df4fec-83ce-5290-b3c8-c73a9f62e256,2018-01-20,2018,MOV1_FULL,0.51152176648477343,0.48847823351522657,0.029999999999999999,707
6b05570d-8cb4-5f7c-bedc-28a55773ea54,28df4fec-83ce-5290-b3c8-c73a9f62e256,2018-01-20,2018,MOV1_FULL,0.84429890698175503,0.15570109301824497,0.029999999999999999,707
815ec652-1934-51f9-84b1-52e38075d956,28df4fec-83ce-5290-b3c8-c73a9f62e256,2018-01-20,2018,MOV1_FULL,0.76020153809341517,0.23979846190658483,0.029999999999999999,707
a322b91e-6fa0-538a-958e-0390ebd5edb1,28df4fec-83ce-5290-b3c8-c73a9f62e256,2018-01-20,2018,MOV1_FULL,0.82968716571393597,0.17031283428606403,0.029999999999999999,707
bb08f420-13a8-54df-bead-fe65c187d385,28df4fec-83ce-5290-b3c8-c73a9f62e256,2018-01-20,2018,MOV1_FULL,0.81265252534900179,0.18734747465099821,0.029999999999999999,707
cca98814-0995-5296-9218-b3d2b6183f68,28df4fec-83ce-5290-b3c8-c73a9f62e256,2018-01-20,2018,MOV1_FULL,0.74689333118374346,0.25310666881625654,0.029999999999999999,707
ce2b15c0-e9d6-5e87-9f18-52055929a6d8,28df4fec-83ce-5290-b3c8-c73a9f62e256,2018-01-20,2018,MOV1_FULL,0.8519725273640496,0.1480274726359504,0.029999999999999999,707
d022bb47-35e4-50f0-9428-fe5a0f5dcdb1,28df4fec-83ce-5290-b3c8-c73a9f62e256,2018-01-20,2018,MOV1_FULL,0.41522821477263294,0.58477178522736706,0.029999999999999999,707
dd82a851-c63b-51b4-b41a-1b2488bef8c1,28df4fec-83ce-5290-b3c8-c73a9f62e256,2018-01-20,2018,MOV1_FULL,0.53148253315481597,0.46851746684518403,0.029999999999999999,707
e13a0341-cbc7-5724-9e23-28af833cd3b9,28df4fec-83ce-5290-b3c8-c73a9f62e256,2018-01-20,2018,MOV1_FULL,0.66792757979778317,0.33207242020221683,0.029999999999999999,707
e5dbeee7-6a62-528d-ace4-4f1be561b672,28df4fec-83ce-5290-b3c8-c73a9f62e256,2018-01-20,2018,MOV1_FULL,0.81747935114622228,0.18252064885377772,0.029999999999999999,707
2fad6a2f-c635-53cf-8f23-6d4303e8670a,1eb33285-c47d-566f-963e-a9fcf819a0e5,2018-01-27,2018,MOV1_FULL,0.72998612907309401,0.27001387092690599,0.029999999999999999,707
45cb0f7f-cd8c-5ff5-b70c-06420afe99c4,1eb33285-c47d-566f-963e-a9fcf819a0e5,2018-01-27,2018,MOV1_FULL,0.63030393378261662,0.36969606621738338,0.029999999999999999,707
676c710f-1476-5c65-b187-fb63398ef802,1eb33285-c47d-566f-963e-a9fcf819a0e5,2018-01-27,2018,MOV1_FULL,0.83801573587400102,0.16198426412599898,0.029999999999999999,707
67862f9b-d226-5018-b340-837adbc33208,1eb33285-c47d-566f-963e-a9fcf819a0e5,2018-01-27,2018,MOV1_FULL,0.56244635619968353,0.43755364380031647,0.029999999999999999,707
6a760d8f-5e3b-5412-ade0-b2e32877356b,1eb33285-c47d-566f-963e-a9fcf819a0e5,2018-01-27,2018,MOV1_FULL,0.74951730333072397,0.25048269666927603,0.029999999999999999,707
6ade4c4d-c67e-5f1b-902d-255316429a42,1eb33285-c47d-566f-963e-a9fcf819a0e5,2018-01-27,2018,MOV1_FULL,0.72841163674269682,0.27158836325730318,0.029999999999999999,707
8c88f391-fbf2-5c85-b484-68de5f9cf9d3,1eb33285-c47d-566f-963e-a9fcf819a0e5,2018-01-27,2018,MOV1_FULL,0.41062854020432699,0.58937145979567296,0.029999999999999999,707
977e0062-70ba-5f70-b8ae-b199295a5c77,1eb33285-c47d-566f-963e-a9fcf819a0e5,2018-01-27,2018,MOV1_FULL,0.51013448293552721,0.48986551706447279,0.029999999999999999,707
ba2aa461-fe65-5d92-8df9-2ad2c18ff890,1eb33285-c47d-566f-963e-a9fcf819a0e5,2018-01-27,2018,MOV1_FULL,0.45509951447357094,0.544900485526429,0.029999999999999999,707
c4e174cb-993b-5616-9f8d-bbb2bd96f738,1eb33285-c47d-566f-963e-a9fcf819a0e5,2018-01-27,2018,MOV1_FULL,0.53148253315481597,0.46851746684518403,0.029999999999999999,707
dd5dcbd1-2884-5286-87fd-7f12a8f28c7b,1eb33285-c47d-566f-963e-a9fcf819a0e5,2018-01-27,2018,MOV1_FULL,0.80764817918294185,0.19235182081705815,0.029999999999999999,707
ebbe6903-eaa5-5c44-ad7b-3e1a18bf8452,1eb33285-c47d-566f-963e-a9fcf819a0e5,2018-01-27,2018,MOV1_FULL,0.85855697725820768,0.14144302274179232,0.029999999999999999,707
363c2bc2-f6df-55f1-b425-b55c5169f57b,2778356d-17c2-54e6-8375-14bfe97898c0,2018-02-03,2018,MOV1_FULL,0.56709531104894484,0.43290468895105516,0.029999999999999999,707
456c007f-f676-5a1a-85aa-7f4526101fb7,2778356d-17c2-54e6-8375-14bfe97898c0,2018-02-03,2018,MOV1_FULL,0.69036164580426218,0.30963835419573782,0.029999999999999999,707
56100de4-295a-5117-a0dd-593012a2298c,2778356d-17c2-54e6-8375-14bfe97898c0,2018-02-03,2018,MOV1_FULL,0.53008537594087268,0.46991462405912732,0.029999999999999999,707
818c4377-c2ef-586b-8ac1-7903bdeb88d9,2778356d-17c2-54e6-8375-14bfe97898c0,2018-02-03,2018,MOV1_FULL,0.75539594107975516,0.24460405892024484,0.029999999999999999,707
8ea33e12-1533-5ba1-989c-52547c614422,2778356d-17c2-54e6-8375-14bfe97898c0,2018-02-03,2018,MOV1_FULL,0.90400220109631735,0.095997798903682652,0.029999999999999999,707
b63aa430-3ca0-5531-b233-2eb891f9329d,2778356d-17c2-54e6-8375-14bfe97898c0,2018-02-03,2018,MOV1_FULL,0.47190042533539361,0.52809957466460644,0.029999999999999999,707
cb848d8c-1218-5a5d-a059-8f730f5aa1c3,2778356d-17c2-54e6-8375-14bfe97898c0,2018-02-03,2018,MOV1_FULL,0.49526806718186395,0.50473193281813611,0.029999999999999999,707
ceae30e6-8fa3-57e0-9e52-be07c8a5c918,2778356d-17c2-54e6-8375-14bfe97898c0,2018-02-03,2018,MOV1_FULL,0.72515875308322764,0.27484124691677236,0.029999999999999999,707
d5fb57d1-7cd4-5598-8a41-bbf5579e92aa,2778356d-17c2-54e6-8375-14bfe97898c0,2018-02-03,2018,MOV1_FULL,0.86931552792279509,0.13068447207720491,0.029999999999999999,707
d9f32dbb-8fae-5d48-9ed3-95bca99f56b8,2778356d-17c2-54e6-8375-14bfe97898c0,2018-02-03,2018,MOV1_FULL,0.13654241383104571,0.86345758616895429,0.029999999999999999,707
e1174a6f-5d14-50a0-ba4a-fbc2327f54d4,2778356d-17c2-54e6-8375-14bfe97898c0,2018-02-03,2018,MOV1_FULL,0.70842522743221603,0.29157477256778397,0.029999999999999999,707
0da48894-3bea-5134-affc-87a6601f9ddd,3c6a62ce-738c-5c65-917d-8c03c1d0bb0f,2018-02-10,2018,MOV1_FULL,0.8618530442528537,0.1381469557471463,0.029999999999999999,707
287c66a7-32b7-5b42-bbc9-933b9f66465b,3c6a62ce-738c-5c65-917d-8c03c1d0bb0f,2018-02-10,2018,MOV1_FULL,0.36765082455843917,0.63234917544156088,0.029999999999999999,707
2e75ae23-b412-5d1d-b0c7-e3353a9431c4,3c6a62ce-738c-5c65-917d-8c03c1d0bb0f,2018-02-10,2018,MOV1_FULL,0.62537842741986782,0.37462157258013218,0.029999999999999999,707
53c4110a-2244-52ff-bba7-e888a4bb48e3,3c6a62ce-738c-5c65-917d-8c03c1d0bb0f,2018-02-10,2018,MOV1_FULL,0.30023436083840827,0.69976563916159173,0.029999999999999999,707
57dc3875-79ca-5073-9c34-f7c4439202c8,3c6a62ce-738c-5c65-917d-8c03c1d0bb0f,2018-02-10,2018,MOV1_FULL,0.79976218606330063,0.20023781393669937,0.029999999999999999,707
5afd6abd-b5a1-54a4-acc7-51fbf1dd1079,3c6a62ce-738c-5c65-917d-8c03c1d0bb0f,2018-02-10,2018,MOV1_FULL,0.92158914242479395,0.07841085757520605,0.029999999999999999,707
7b643ca1-0223-5be1-9677-c110d868b0be,3c6a62ce-738c-5c65-917d-8c03c1d0bb0f,2018-02-10,2018,MOV1_FULL,0.71832174736989596,0.28167825263010404,0.029999999999999999,707
8f0c66fd-e210-5449-8ae7-cfb2556f9aa3,3c6a62ce-738c-5c65-917d-8c03c1d0bb0f,2018-02-10,2018,MOV1_FULL,0.85041089828460292,0.14958910171539708,0.029999999999999999,707
962ab8b4-5c85-5f9a-8707-a0a9d54af20c,3c6a62ce-738c-5c65-917d-8c03c1d0bb0f,2018-02-10,2018,MOV1_FULL,0.71828214060395645,0.28171785939604355,0.029999999999999999,707
9a8e7ef9-53f0-57c7-b4da-1d7a931dccdc,3c6a62ce-738c-5c65-917d-8c03c1d0bb0f,2018-02-10,2018,MOV1_FULL,0.82467871707372409,0.17532128292627591,0.029999999999999999,707
c33630cc-379d-5d9d-8740-ff7b5326e8a4,3c6a62ce-738c-5c65-917d-8c03c1d0bb0f,2018-02-10,2018,MOV1_FULL,0.74535483866836783,0.25464516133163217,0.029999999999999999,707
c3f5a4bd-fd6d-54c6-8226-bf4b428cb4a9,3c6a62ce-738c-5c65-917d-8c03c1d0bb0f,2018-02-10,2018,MOV1_FULL,0.8817685189888067,0.1182314810111933,0.029999999999999999,707
072c39b7-3c09-56c4-87db-7ebf7cf09234,824848dd-1ded-54d7-8151-d47a6a497c22,2018-02-18,2018,MOV1_FULL,0.84541102893040443,0.15458897106959557,0.029999999999999999,707
07f64848-0887-507d-8a03-3b6e2e2bcc34,824848dd-1ded-54d7-8151-d47a6a497c22,2018-02-18,2018,MOV1_FULL,0.55726699065862573,0.44273300934137427,0.029999999999999999,707
240f5efd-edd0-5147-a734-be8474ff2dff,824848dd-1ded-54d7-8151-d47a6a497c22,2018-02-18,2018,MOV1_FULL,0.95499576058076863,0.045004239419231373,0.029999999999999999,707
34535a8d-af11-5a77-97fc-9655640e4e1a,824848dd-1ded-54d7-8151-d47a6a497c22,2018-02-18,2018,MOV1_FULL,0.80859511720089716,0.19140488279910284,0.029999999999999999,707
3b77ebef-22e1-5d9e-8d47-d6136c64665d,824848dd-1ded-54d7-8151-d47a6a497c22,2018-02-18,2018,MOV1_FULL,0.71023257185860456,0.28976742814139544,0.029999999999999999,707
5ab2aca4-4ab2-566f-9ba5-efc060548802,824848dd-1ded-54d7-8151-d47a6a497c22,2018-02-18,2018,MOV1_FULL,0.61708317451769235,0.38291682548230765,0.029999999999999999,707
64ffd241-65cf-541f-8f42-37c21a79cb2f,824848dd-1ded-54d7-8151-d47a6a497c22,2018-02-18,2018,MOV1_FULL,0.78745005622321873,0.21254994377678127,0.029999999999999999,707
6536c14c-1f67-5e5d-b0dd-09e3f1310603,824848dd-1ded-54d7-8151-d47a6a497c22,2018-02-18,2018,MOV1_FULL,0.86788485930819059,0.13211514069180941,0.029999999999999999,707
74959013-6456-5871-894a-95af9ac2e441,824848dd-1ded-54d7-8151-d47a6a497c22,2018-02-18,2018,MOV1_FULL,0.75837294471591654,0.24162705528408346,0.029999999999999999,707
89a96e1f-7413-5686-ad5c-a77bffba5e44,824848dd-1ded-54d7-8151-d47a6a497c22,2018-02-18,2018,MOV1_FULL,0.7419224523951794,0.2580775476048206,0.029999999999999999,707
b2557e1d-2499-5262-8d6b-7865c58d88fe,824848dd-1ded-54d7-8151-d47a6a497c22,2018-02-18,2018,MOV1_FULL,0.84274720041891171,0.15725279958108829,0.029999999999999999,707
c522be78-816f-5c3a-8e3e-bcb6bd02d549,824848dd-1ded-54d7-8151-d47a6a497c22,2018-02-18,2018,MOV1_FULL,0.65715702334478676,0.34284297665521324,0.029999999999999999,707
049b04f5-98b1-54e5-9b43-8a02a50d1dbb,d8cdce55-a198-5cf7-ac0f-23b3c5bb8fd0,2018-02-24,2018,MOV1_FULL,0.55046902357552385,0.44953097642447615,0.029999999999999999,707
21fd15ff-028b-5f96-9068-b3bc7d69c2bf,d8cdce55-a198-5cf7-ac0f-23b3c5bb8fd0,2018-02-24,2018,MOV1_FULL,0.18026176314693584,0.81973823685306413,0.029999999999999999,707
3358c2af-2244-54e6-b8dc-2d891903cb68,d8cdce55-a198-5cf7-ac0f-23b3c5bb8fd0,2018-02-24,2018,MOV1_FULL,0.5569645867830223,0.4430354132169777,0.029999999999999999,707
49be7d49-f25f-5ce3-8488-ad08ef815afd,d8cdce55-a198-5cf7-ac0f-23b3c5bb8fd0,2018-02-24,2018,MOV1_FULL,0.68069651377456963,0.31930348622543037,0.029999999999999999,707
4a435fa1-73e2-5183-8bd7-ec4adf0d99cb,d8cdce55-a198-5cf7-ac0f-23b3c5bb8fd0,2018-02-24,2018,MOV1_FULL,0.85811871073455093,0.14188128926544907,0.029999999999999999,707
4fd101d9-0a26-5523-a16f-0423ec0b57d7,d8cdce55-a198-5cf7-ac0f-23b3c5bb8fd0,2018-02-24,2018,MOV1_FULL,0.6802312387578251,0.3197687612421749,0.029999999999999999,707
7db7089a-a75a-5411-8d29-70edb0b48afc,d8cdce55-a198-5cf7-ac0f-23b3c5bb8fd0,2018-02-24,2018,MOV1_FULL,0.72178409688193423,0.27821590311806577,0.029999999999999999,707
958d5edf-ec8d-581a-b4d0-99b8c20e2b71,d8cdce55-a198-5cf7-ac0f-23b3c5bb8fd0,2018-02-24,2018,MOV1_FULL,0.51554545439637478,0.48445454560362522,0.029999999999999999,707
a84fe8a1-3415-5f2f-89b9-8f4ac91507c2,d8cdce55-a198-5cf7-ac0f-23b3c5bb8fd0,2018-02-24,2018,MOV1_FULL,0.76636139183252638,0.23363860816747362,0.029999999999999999,707
b343241e-200c-515e-9f4d-41987c25f6f0,d8cdce55-a198-5cf7-ac0f-23b3c5bb8fd0,2018-02-24,2018,MOV1_FULL,0.7576026171712883,0.2423973828287117,0.029999999999999999,707
d3ed5d43-67c8-5bac-a88a-dd63ad36b46b,d8cdce55-a198-5cf7-ac0f-23b3c5bb8fd0,2018-02-24,2018,MOV1_FULL,0.70573800267455955,0.29426199732544045,0.029999999999999999,707
fcacac67-a101-5b24-9e4d-c6a632bdcb19,d8cdce55-a198-5cf7-ac0f-23b3c5bb8fd0,2018-02-24,2018,MOV1_FULL,0.21542969478257476,0.78457030521742521,0.029999999999999999,707
136e95ff-df72-5b88-9709-76d87848024b,14f39243-fa99-529c-8044-a323c97cb799,2018-03-03,2018,MOV1_FULL,0.44964898361805189,0.55035101638194805,0.029999999999999999,707
18d983dc-70de-5aba-a588-d25e695a82c9,14f39243-fa99-529c-8044-a323c97cb799,2018-03-03,2018,MOV1_FULL,0.76226760253917947,0.23773239746082053,0.029999999999999999,707
1c1b57c3-e753-5a33-b82c-1eac76c90aba,14f39243-fa99-529c-8044-a323c97cb799,2018-03-03,2018,MOV1_FULL,0.89825472547874485,0.10174527452125515,0.029999999999999999,707
2bb515d8-10e7-514d-99d3-537f153a741e,14f39243-fa99-529c-8044-a323c97cb799,2018-03-03,2018,MOV1_FULL,0.74426922119876815,0.25573077880123185,0.029999999999999999,707
506da53f-ec17-5bf2-a9f9-325a2adb134f,14f39243-fa99-529c-8044-a323c97cb799,2018-03-03,2018,MOV1_FULL,0.48375285083816338,0.51624714916183656,0.029999999999999999,707
84eba8c2-fac2-5d0c-9655-82f267827f25,14f39243-fa99-529c-8044-a323c97cb799,2018-03-03,2018,MOV1_FULL,0.6990798222764899,0.3009201777235101,0.029999999999999999,707
8985d169-e207-5a7d-9f9b-a295156054e4,14f39243-fa99-529c-8044-a323c97cb799,2018-03-03,2018,MOV1_FULL,0.46272446885530094,0.53727553114469906,0.029999999999999999,707
c5beb35e-95b8-5335-bbb5-a5b2e8d1241b,14f39243-fa99-529c-8044-a323c97cb799,2018-03-03,2018,MOV1_FULL,0.62884226964533829,0.37115773035466171,0.029999999999999999,707
db4d044b-fd08-500f-b644-ef92c4c81919,14f39243-fa99-529c-8044-a323c97cb799,2018-03-03,2018,MOV1_FULL,0.62421206036465826,0.37578793963534174,0.029999999999999999,707
e28953e7-f150-5e7d-bbbf-4b1e635ebcec,14f39243-fa99-529c-8044-a323c97cb799,2018-03-03,2018,MOV1_FULL,0.88847585835480725,0.11152414164519275,0.029999999999999999,707
fc36365c-4bf0-5a4c-adfd-748129d07bcf,14f39243-fa99-529c-8044-a323c97cb799,2018-03-03,2018,MOV1_FULL,0.71836458029939332,0.28163541970060668,0.029999999999999999,707
18b7e5d4-ed6f-5464-a964-9d24aa855612,b1a6fd46-b199-5b6b-878b-9641b70407e1,2018-03-17,2018,MOV1_FULL,0.72669901567987261,0.27330098432012739,0.029999999999999999,707
8503c333-3bc6-510c-9d88-6dd6ba700e08,b1a6fd46-b199-5b6b-878b-9641b70407e1,2018-03-17,2018,MOV1_FULL,0.73168476788132919,0.26831523211867081,0.029999999999999999,707
8a7dcf50-6957-50c1-a6af-dbda8de01e35,b1a6fd46-b199-5b6b-878b-9641b70407e1,2018-03-17,2018,MOV1_FULL,0.56702796672448397,0.43297203327551603,0.029999999999999999,707
a4865f00-853a-5c58-a55e-d5e6741178f3,b1a6fd46-b199-5b6b-878b-9641b70407e1,2018-03-17,2018,MOV1_FULL,0.76815239376410649,0.23184760623589351,0.029999999999999999,707
a81d3341-0029-562c-8ddd-cb2cd3276508,b1a6fd46-b199-5b6b-878b-9641b70407e1,2018-03-17,2018,MOV1_FULL,0.60403763622104978,0.39596236377895022,0.029999999999999999,707
cf0115a0-d974-525f-a9d6-0eaa7059c5c7,b1a6fd46-b199-5b6b-878b-9641b70407e1,2018-03-17,2018,MOV1_FULL,0.73147214630299229,0.26852785369700771,0.029999999999999999,707
d35a437d-2d55-5288-996b-f2fd7e4b14cb,b1a6fd46-b199-5b6b-878b-9641b70407e1,2018-03-17,2018,MOV1_FULL,0.90636389217187929,0.093636107828120707,0.029999999999999999,707
d96f7c32-cc3f-5d1d-9470-0741898327cd,b1a6fd46-b199-5b6b-878b-9641b70407e1,2018-03-17,2018,MOV1_FULL,0.61192253579042533,0.38807746420957467,0.029999999999999999,707
defaa3fd-6083-5abd-b112-9234457a2bcf,b1a6fd46-b199-5b6b-878b-9641b70407e1,2018-03-17,2018,MOV1_FULL,0.63164894925780557,0.36835105074219443,0.029999999999999999,707
f042eff3-9545-5650-b1bc-d6722771f1aa,b1a6fd46-b199-5b6b-878b-9641b70407e1,2018-03-17,2018,MOV1_FULL,0.60275096441521236,0.39724903558478764,0.029999999999999999,707
18b6e501-1df6-5af3-ab41-18848828cbf6,7efa2a93-0e2c-5d44-8813-64e69ea0b904,2018-04-07,2018,MOV1_FULL,0.74116621710850661,0.25883378289149339,0.029999999999999999,707
42f0711c-2659-5058-9a99-f082c5cde1ed,7efa2a93-0e2c-5d44-8813-64e69ea0b904,2018-04-07,2018,MOV1_FULL,0.77098541665166409,0.22901458334833591,0.029999999999999999,707
81b43a96-1150-593c-9ae6-83619db5196e,7efa2a93-0e2c-5d44-8813-64e69ea0b904,2018-04-07,2018,MOV1_FULL,0.63970562012791155,0.36029437987208845,0.029999999999999999,707
8ee3e36a-736d-5060-b2cd-1f599751a1f3,7efa2a93-0e2c-5d44-8813-64e69ea0b904,2018-04-07,2018,MOV1_FULL,0.65360634044661015,0.34639365955338985,0.029999999999999999,707
9fb052aa-53c2-5f0c-95bb-57e7a4811a34,7efa2a93-0e2c-5d44-8813-64e69ea0b904,2018-04-07,2018,MOV1_FULL,0.71035757454631476,0.28964242545368524,0.029999999999999999,707
a877f7c9-9858-5e25-99b0-a1c28a43f8eb,7efa2a93-0e2c-5d44-8813-64e69ea0b904,2018-04-07,2018,MOV1_FULL,0.433170672403282,0.566829327596718,0.029999999999999999,707
d0fac65f-1a15-5624-8d0d-43867f809a3a,7efa2a93-0e2c-5d44-8813-64e69ea0b904,2018-04-07,2018,MOV1_FULL,0.48606977506860105,0.51393022493139895,0.029999999999999999,707
e0dcdea3-3d25-5052-91a3-0e6ad590bceb,7efa2a93-0e2c-5d44-8813-64e69ea0b904,2018-04-07,2018,MOV1_FULL,0.66797926696517629,0.33202073303482371,0.029999999999999999,707
f962b766-634e-5c6e-937a-9955529bf25c,7efa2a93-0e2c-5d44-8813-64e69ea0b904,2018-04-07,2018,MOV1_FULL,0.74618986819968047,0.25381013180031953,0.029999999999999999,707
068da6b8-6c0b-5c8a-a521-ade0c87bf829,0ca3d72e-aa67-5b12-be5a-5345cad0db6c,2018-04-14,2018,MOV1_FULL,0.87892518331911362,0.12107481668088638,0.029999999999999999,707
1505919f-ca80-59f6-ad1e-686b1f0017b8,0ca3d72e-aa67-5b12-be5a-5345cad0db6c,2018-04-14,2018,MOV1_FULL,0.72893428796935267,0.27106571203064733,0.029999999999999999,707
1a433bb7-805d-5cc2-a555-f960ec1281b5,0ca3d72e-aa67-5b12-be5a-5345cad0db6c,2018-04-14,2018,MOV1_FULL,0.52299203801264227,0.47700796198735773,0.029999999999999999,707
60d4e311-bf6c-5955-a995-25d2c5ff50fe,0ca3d72e-aa67-5b12-be5a-5345cad0db6c,2018-04-14,2018,MOV1_FULL,0.5076311952983078,0.4923688047016922,0.029999999999999999,707
74df4695-87e0-5b14-8b8f-dfa117e6479e,0ca3d72e-aa67-5b12-be5a-5345cad0db6c,2018-04-14,2018,MOV1_FULL,0.87399416139544917,0.12600583860455083,0.029999999999999999,707
80f9f624-e0c2-5523-8ae0-82ea09c69d69,0ca3d72e-aa67-5b12-be5a-5345cad0db6c,2018-04-14,2018,MOV1_FULL,0.55508023013055618,0.44491976986944382,0.029999999999999999,707
8be331a4-b94a-5c5b-8375-dd0184333046,0ca3d72e-aa67-5b12-be5a-5345cad0db6c,2018-04-14,2018,MOV1_FULL,0.29600809457370747,0.70399190542629253,0.029999999999999999,707
8f76c785-5e49-5be3-9ce3-7fef25c176dd,0ca3d72e-aa67-5b12-be5a-5345cad0db6c,2018-04-14,2018,MOV1_FULL,0.9355069986397081,0.064493001360291902,0.029999999999999999,707
9d27fb99-9a15-5328-a6ab-c74f48105378,0ca3d72e-aa67-5b12-be5a-5345cad0db6c,2018-04-14,2018,MOV1_FULL,0.71411406041853154,0.28588593958146846,0.029999999999999999,707
bc0b6f9c-8981-5544-80c0-575f4e52e232,0ca3d72e-aa67-5b12-be5a-5345cad0db6c,2018-04-14,2018,MOV1_FULL,0.75277481249945588,0.24722518750054412,0.029999999999999999,707
bc729a47-a104-5d70-b93e-d1ec6a45c539,0ca3d72e-aa67-5b12-be5a-5345cad0db6c,2018-04-14,2018,MOV1_FULL,0.8166523761901705,0.1833476238098295,0.029999999999999999,707
c1dca7f7-6b4c-5c68-824d-f8fc1357a8a0,0ca3d72e-aa67-5b12-be5a-5345cad0db6c,2018-04-14,2018,MOV1_FULL,0.86367714655300376,0.13632285344699624,0.029999999999999999,707
c8badd48-dce1-5abd-a540-447a4da3dd97,0ca3d72e-aa67-5b12-be5a-5345cad0db6c,2018-04-14,2018,MOV1_FULL,0.7031312381949949,0.2968687618050051,0.029999999999999999,707
e5384474-be7c-5637-85e6-7685749aa084,0ca3d72e-aa67-5b12-be5a-5345cad0db6c,2018-04-14,2018,MOV1_FULL,0.7051356343683759,0.2948643656316241,0.029999999999999999,707
027d6d67-3317-5b36-a606-cba469bf9695,cc8714ae-eae7-52c0-a55b-63c2bc3474ec,2018-04-21,2018,MOV1_FULL,0.61550562103558681,0.38449437896441319,0.029999999999999999,707
20ce9a8b-f9ba-5cb3-a85b-4c8f7ae3c7e0,cc8714ae-eae7-52c0-a55b-63c2bc3474ec,2018-04-21,2018,MOV1_FULL,0.29254063187174156,0.70745936812825838,0.029999999999999999,707
2c6a58ec-0bde-5411-8b57-9071c4085e10,cc8714ae-eae7-52c0-a55b-63c2bc3474ec,2018-04-21,2018,MOV1_FULL,0.88116529448050551,0.11883470551949449,0.029999999999999999,707
430016f9-6b74-557a-a7cf-9ae8c8437060,cc8714ae-eae7-52c0-a55b-63c2bc3474ec,2018-04-21,2018,MOV1_FULL,0.79116045386822553,0.20883954613177447,0.029999999999999999,707
4ca8a1f8-63d4-56d8-a07e-f05c73b2964e,cc8714ae-eae7-52c0-a55b-63c2bc3474ec,2018-04-21,2018,MOV1_FULL,0.75616763771269979,0.24383236228730021,0.029999999999999999,707
511b4ee0-9b9d-5e8f-ab6f-f01d88a1cf7e,cc8714ae-eae7-52c0-a55b-63c2bc3474ec,2018-04-21,2018,MOV1_FULL,0.53153455165068386,0.46846544834931614,0.029999999999999999,707
9f341198-c642-56f4-9d6d-0ca29df18ebd,cc8714ae-eae7-52c0-a55b-63c2bc3474ec,2018-04-21,2018,MOV1_FULL,0.53287767568389555,0.46712232431610445,0.029999999999999999,707
dc22c206-35c9-56c3-a07d-0d5d89425c04,cc8714ae-eae7-52c0-a55b-63c2bc3474ec,2018-04-21,2018,MOV1_FULL,0.61720619435861135,0.38279380564138865,0.029999999999999999,707
e8797ffd-7ce7-58b7-be19-af333cf2f5d4,cc8714ae-eae7-52c0-a55b-63c2bc3474ec,2018-04-21,2018,MOV1_FULL,0.89066708408880457,0.10933291591119543,0.029999999999999999,707
f2f1bba3-cf02-5fe6-8795-dc1b3d5b69d6,cc8714ae-eae7-52c0-a55b-63c2bc3474ec,2018-04-21,2018,MOV1_FULL,0.57977135489004827,0.42022864510995173,0.029999999999999999,707
fa9b8a95-9551-5676-ae16-d0818f6862b2,cc8714ae-eae7-52c0-a55b-63c2bc3474ec,2018-04-21,2018,MOV1_FULL,0.88684153999717041,0.11315846000282959,0.029999999999999999,707
090dee6b-a8f8-5716-bda6-114c57d0f413,719a1f83-c8c9-51a5-8514-1bd2341395fd,2018-05-12,2018,MOV1_FULL,0.59055697959763453,0.40944302040236547,0.029999999999999999,707
15ff0946-6a9c-58be-9005-5c44e49bc3b8,719a1f83-c8c9-51a5-8514-1bd2341395fd,2018-05-12,2018,MOV1_FULL,0.77880467363095318,0.22119532636904682,0.029999999999999999,707
293cf563-e4b8-5536-9d56-64974151cd07,719a1f83-c8c9-51a5-8514-1bd2341395fd,2018-05-12,2018,MOV1_FULL,0.46695195075455737,0.53304804924544258,0.029999999999999999,707
4da90621-a541-5089-8153-b6d172be3a9f,719a1f83-c8c9-51a5-8514-1bd2341395fd,2018-05-12,2018,MOV1_FULL,0.50648681887549196,0.49351318112450804,0.029999999999999999,707
6139f008-edeb-5439-9e65-28122c6b2078,719a1f83-c8c9-51a5-8514-1bd2341395fd,2018-05-12,2018,MOV1_FULL,0.85038461250892849,0.14961538749107151,0.029999999999999999,707
66b1e8f0-128a-5ef4-b503-8b18402092b5,719a1f83-c8c9-51a5-8514-1bd2341395fd,2018-05-12,2018,MOV1_FULL,0.69830586250765792,0.30169413749234208,0.029999999999999999,707
6cc2722a-6788-527e-9354-f0e0b4552a6b,719a1f83-c8c9-51a5-8514-1bd2341395fd,2018-05-12,2018,MOV1_FULL,0.68720228304085629,0.31279771695914371,0.029999999999999999,707
83fad6f7-3752-59bc-b666-d3fa791b6122,719a1f83-c8c9-51a5-8514-1bd2341395fd,2018-05-12,2018,MOV1_FULL,0.60782863679202637,0.39217136320797363,0.029999999999999999,707
bbb8db51-a024-5554-a713-8b061a957843,719a1f83-c8c9-51a5-8514-1bd2341395fd,2018-05-12,2018,MOV1_FULL,0.63524897937540536,0.36475102062459464,0.029999999999999999,707
d586a8c8-a50b-50a7-a65a-d671c122fbca,719a1f83-c8c9-51a5-8514-1bd2341395fd,2018-05-12,2018,MOV1_FULL,0.70657410265404552,0.29342589734595448,0.029999999999999999,707
dbb35b18-29a3-5c39-ba7b-9b730eb3c0e0,719a1f83-c8c9-51a5-8514-1bd2341395fd,2018-05-12,2018,MOV1_FULL,0.56604680929285744,0.43395319070714256,0.029999999999999999,707
e2bc811d-8d3b-5275-9d2b-d323dc28e082,719a1f83-c8c9-51a5-8514-1bd2341395fd,2018-05-12,2018,MOV1_FULL,0.68679195525295222,0.31320804474704778,0.029999999999999999,707
fe2b9b6b-d26a-573e-a007-207ef1a366fd,719a1f83-c8c9-51a5-8514-1bd2341395fd,2018-05-12,2018,MOV1_FULL,0.58500724053480768,0.41499275946519232,0.029999999999999999,707
185c55a7-9a7c-528f-b417-3b25cfe924e7,570eeeb4-4619-56a0-938f-7d001bc5eb52,2018-05-19,2018,MOV1_FULL,0.69255491302278138,0.30744508697721862,0.029999999999999999,707
235cbf8a-9d59-5d94-b9c3-751577ea28e9,570eeeb4-4619-56a0-938f-7d001bc5eb52,2018-05-19,2018,MOV1_FULL,0.32588373897321088,0.67411626102678912,0.029999999999999999,707
2862551a-8dcb-531c-9b37-613dabf3cc9a,570eeeb4-4619-56a0-938f-7d001bc5eb52,2018-05-19,2018,MOV1_FULL,0.60753280830096323,0.39246719169903677,0.029999999999999999,707
6a4d4190-b2a5-51b9-b9df-2abba0cce31b,570eeeb4-4619-56a0-938f-7d001bc5eb52,2018-05-19,2018,MOV1_FULL,0.75632532055992385,0.24367467944007615,0.029999999999999999,707
6d9feb65-e5f9-558a-af5c-7bfe1928d43a,570eeeb4-4619-56a0-938f-7d001bc5eb52,2018-05-19,2018,MOV1_FULL,0.62048885360405015,0.37951114639594985,0.029999999999999999,707
93dabb54-bdb4-50fd-9403-21ee55a9f37a,570eeeb4-4619-56a0-938f-7d001bc5eb52,2018-05-19,2018,MOV1_FULL,0.90585062776193104,0.094149372238068962,0.029999999999999999,707
be2184a5-44aa-500f-952b-b4ac9cde6f6c,570eeeb4-4619-56a0-938f-7d001bc5eb52,2018-05-19,2018,MOV1_FULL,0.65932807527327375,0.34067192472672625,0.029999999999999999,707
d08cbe2f-e601-5056-8c41-885412a1b40a,570eeeb4-4619-56a0-938f-7d001bc5eb52,2018-05-19,2018,MOV1_FULL,0.67004190117119689,0.32995809882880311,0.029999999999999999,707
d1fccb58-bc5b-5f94-a2b6-2f3abbc5a5d1,570eeeb4-4619-56a0-938f-7d001bc5eb52,2018-05-19,2018,MOV1_FULL,0.42709395566157365,0.5729060443384264,0.029999999999999999,707
df7eebc1-8932-5910-afe4-1fb387e3f23c,570eeeb4-4619-56a0-938f-7d001bc5eb52,2018-05-19,2018,MOV1_FULL,0.34960497230459303,0.65039502769540691,0.029999999999999999,707
edbbf032-89ea-594a-85d2-a4380cbc6ad0,570eeeb4-4619-56a0-938f-7d001bc5eb52,2018-05-19,2018,MOV1_FULL,0.56501149732966571,0.43498850267033429,0.029999999999999999,707
f13560b9-61dd-5b75-9ce0-c6f20218a3a9,570eeeb4-4619-56a0-938f-7d001bc5eb52,2018-05-19,2018,MOV1_FULL,0.6925762537573279,0.3074237462426721,0.029999999999999999,707
f7f0b17d-fbb4-5280-8e28-56d9a25bb831,570eeeb4-4619-56a0-938f-7d001bc5eb52,2018-05-19,2018,MOV1_FULL,0.7816440572997656,0.2183559427002344,0.029999999999999999,707
1fb18839-60e9-5e96-a5e3-ea5da40da501,b3b044ef-5a1d-59be-853e-343acfa30c01,2018-05-27,2018,MOV1_FULL,0.81328400840310411,0.18671599159689589,0.029999999999999999,707
3141f3d4-80b5-569e-bc1d-dbb8a2e99edf,b3b044ef-5a1d-59be-853e-343acfa30c01,2018-05-27,2018,MOV1_FULL,0.43572126716601017,0.56427873283398977,0.029999999999999999,707
4b898426-dcec-5750-a7a6-f62d4841f1c2,b3b044ef-5a1d-59be-853e-343acfa30c01,2018-05-27,2018,MOV1_FULL,0.37915417724523576,0.62084582275476419,0.029999999999999999,707
6fc66058-9c77-59dc-b7b0-56579526bdee,b3b044ef-5a1d-59be-853e-343acfa30c01,2018-05-27,2018,MOV1_FULL,0.58376140684571365,0.41623859315428635,0.029999999999999999,707
72c0fe58-4d6f-5151-bbcc-62458f95c7a5,b3b044ef-5a1d-59be-853e-343acfa30c01,2018-05-27,2018,MOV1_FULL,0.77374350818000903,0.22625649181999097,0.029999999999999999,707
b1875afe-4954-5fc7-9e96-c68cf7cdc03d,b3b044ef-5a1d-59be-853e-343acfa30c01,2018-05-27,2018,MOV1_FULL,0.64730648919199951,0.35269351080800049,0.029999999999999999,707
bb822f4b-9c1b-5e02-a5b4-f53587aad6e4,b3b044ef-5a1d-59be-853e-343acfa30c01,2018-05-27,2018,MOV1_FULL,0.63784325879129788,0.36215674120870212,0.029999999999999999,707
beb171fb-cdc3-597c-b00d-e1ecca7425fc,b3b044ef-5a1d-59be-853e-343acfa30c01,2018-05-27,2018,MOV1_FULL,0.64111804800519789,0.35888195199480211,0.029999999999999999,707
e2f9de4b-35ec-5d03-b4af-223e4a0986a1,b3b044ef-5a1d-59be-853e-343acfa30c01,2018-05-27,2018,MOV1_FULL,0.76593223051051362,0.23406776948948638,0.029999999999999999,707
ecaf0578-dfd3-5557-b98a-4c2b404e1607,b3b044ef-5a1d-59be-853e-343acfa30c01,2018-05-27,2018,MOV1_FULL,0.57179564256254989,0.42820435743745011,0.029999999999999999,707
f60b0494-c48d-56a9-a78d-02c5c0c89700,b3b044ef-5a1d-59be-853e-343acfa30c01,2018-05-27,2018,MOV1_FULL,0.30639496636331193,0.69360503363668813,0.029999999999999999,707
09bf1bca-e9e7-5462-9e81-e67760f06345,70dbfde2-e56a-5e53-8947-835e8e2e7187,2018-06-01,2018,MOV1_FULL,0.46114140975263818,0.53885859024736182,0.029999999999999999,707
2e6fd16d-fb76-5f2c-b5fe-701b01d6a765,70dbfde2-e56a-5e53-8947-835e8e2e7187,2018-06-01,2018,MOV1_FULL,0.74969867433049597,0.25030132566950403,0.029999999999999999,707
39505ce6-274e-5480-b795-a2c2086a2e72,70dbfde2-e56a-5e53-8947-835e8e2e7187,2018-06-01,2018,MOV1_FULL,0.60003207598260677,0.39996792401739323,0.029999999999999999,707
659b84b8-5bee-56e2-a699-45a05d24a2aa,70dbfde2-e56a-5e53-8947-835e8e2e7187,2018-06-01,2018,MOV1_FULL,0.86657051305882737,0.13342948694117263,0.029999999999999999,707
a4f95824-f3e9-5a21-a5b5-79b35b9e502e,70dbfde2-e56a-5e53-8947-835e8e2e7187,2018-06-01,2018,MOV1_FULL,0.22595177043401396,0.77404822956598607,0.029999999999999999,707
a539e1c5-33e6-513f-9c6f-c7b3c185dbad,70dbfde2-e56a-5e53-8947-835e8e2e7187,2018-06-01,2018,MOV1_FULL,0.65617993062818014,0.34382006937181986,0.029999999999999999,707
b1d7dc19-6bdb-5d93-b575-154ba6912b70,70dbfde2-e56a-5e53-8947-835e8e2e7187,2018-06-01,2018,MOV1_FULL,0.7704654411405506,0.2295345588594494,0.029999999999999999,707
b536be13-5962-5b40-86ff-fb40488702e2,70dbfde2-e56a-5e53-8947-835e8e2e7187,2018-06-01,2018,MOV1_FULL,0.82563289133325368,0.17436710866674632,0.029999999999999999,707
da8fc3e1-480e-5181-ba2d-636d82d22663,70dbfde2-e56a-5e53-8947-835e8e2e7187,2018-06-01,2018,MOV1_FULL,0.71667547690848932,0.28332452309151068,0.029999999999999999,707
e095006b-7d94-550e-9da3-fa28b37928bc,70dbfde2-e56a-5e53-8947-835e8e2e7187,2018-06-01,2018,MOV1_FULL,0.80184177799331602,0.19815822200668398,0.029999999999999999,707
e6207357-c6a5-585d-b9e1-4ef99095fc94,70dbfde2-e56a-5e53-8947-835e8e2e7187,2018-06-01,2018,MOV1_FULL,0.75230203448417376,0.24769796551582624,0.029999999999999999,707
ed15c86a-a6de-54dd-8719-901d8a4548f2,70dbfde2-e56a-5e53-8947-835e8e2e7187,2018-06-01,2018,MOV1_FULL,0.88393548005229738,0.11606451994770262,0.029999999999999999,707
137eb9a5-3625-55e4-92d1-1f271187a1dd,b3abc1ec-64f8-5630-847b-b799af466635,2018-06-09,2018,MOV1_FULL,0.75841313975375391,0.24158686024624609,0.029999999999999999,707
1ffe9cb6-c485-59b1-97f0-dc80e3d18ef5,b3abc1ec-64f8-5630-847b-b799af466635,2018-06-09,2018,MOV1_FULL,0.95341686901793832,0.046583130982061682,0.029999999999999999,707
25260445-1dce-501a-a2d3-de3b493b645a,b3abc1ec-64f8-5630-847b-b799af466635,2018-06-09,2018,MOV1_FULL,0.89106151696090385,0.10893848303909615,0.029999999999999999,707
38d42b73-8aec-5ea3-b6b2-dc20425b52be,b3abc1ec-64f8-5630-847b-b799af466635,2018-06-09,2018,MOV1_FULL,0.76351992932135782,0.23648007067864218,0.029999999999999999,707
580c3936-a1de-5da1-a32b-a7eda86fbae9,b3abc1ec-64f8-5630-847b-b799af466635,2018-06-09,2018,MOV1_FULL,0.94600927653951616,0.053990723460483836,0.029999999999999999,707
7150d4c1-2e79-57c9-b579-40b4bf474ab3,b3abc1ec-64f8-5630-847b-b799af466635,2018-06-09,2018,MOV1_FULL,0.70119356855489245,0.29880643144510755,0.029999999999999999,707
7b0ac00c-d184-5910-860e-01817cbfeb58,b3abc1ec-64f8-5630-847b-b799af466635,2018-06-09,2018,MOV1_FULL,0.66094169870894703,0.33905830129105297,0.029999999999999999,707
9c692b6b-7ec2-5b76-904b-418a73603533,b3abc1ec-64f8-5630-847b-b799af466635,2018-06-09,2018,MOV1_FULL,0.36871305697050399,0.63128694302949606,0.029999999999999999,707
a460c31f-c555-5698-97fd-b13fce06aa09,b3abc1ec-64f8-5630-847b-b799af466635,2018-06-09,2018,MOV1_FULL,0.49050348057940918,0.50949651942059082,0.029999999999999999,707
a601c4fe-a6e1-5e2a-85d3-8935489db6e7,b3abc1ec-64f8-5630-847b-b799af466635,2018-06-09,2018,MOV1_FULL,0.74681102672961175,0.25318897327038825,0.029999999999999999,707
a697a953-e9d5-57b0-a4e1-7f473090db0c,b3abc1ec-64f8-5630-847b-b799af466635,2018-06-09,2018,MOV1_FULL,0.89181980044732168,0.10818019955267832,0.029999999999999999,707
e88f08c1-5de3-5a78-9927-31a1cbe7e45a,b3abc1ec-64f8-5630-847b-b799af466635,2018-06-09,2018,MOV1_FULL,0.89107673693411327,0.10892326306588673,0.029999999999999999,707
050b10e7-281f-59f0-b103-64e35ad2680e,885c8f6e-3098-5632-9231-4432f4c0191f,2018-06-23,2018,MOV1_FULL,0.61967054902016727,0.38032945097983273,0.029999999999999999,707
14295020-17ba-59ad-b421-c4fbb375da05,885c8f6e-3098-5632-9231-4432f4c0191f,2018-06-23,2018,MOV1_FULL,0.69868316250212292,0.30131683749787708,0.029999999999999999,707
33d9a3c3-36e8-58b0-8884-b7e78573c23e,885c8f6e-3098-5632-9231-4432f4c0191f,2018-06-23,2018,MOV1_FULL,0.3438028597414704,0.6561971402585296,0.029999999999999999,707
3f038c32-7fa6-50cb-b654-ba40f83136be,885c8f6e-3098-5632-9231-4432f4c0191f,2018-06-23,2018,MOV1_FULL,0.92670719037962779,0.073292809620372212,0.029999999999999999,707
40989c1d-9498-50d5-a30f-6bb2c3c87b35,885c8f6e-3098-5632-9231-4432f4c0191f,2018-06-23,2018,MOV1_FULL,0.52325330573238671,0.47674669426761329,0.029999999999999999,707
4569594a-6f97-5fb1-b4e0-d7e20fbe0e0a,885c8f6e-3098-5632-9231-4432f4c0191f,2018-06-23,2018,MOV1_FULL,0.71259440232139515,0.28740559767860485,0.029999999999999999,707
7061d491-ec0f-597f-b7d6-a839ce2b359f,885c8f6e-3098-5632-9231-4432f4c0191f,2018-06-23,2018,MOV1_FULL,0.71541947146703289,0.28458052853296711,0.029999999999999999,707
712a5fb3-62fe-57f4-8d11-08db68c78ae3,885c8f6e-3098-5632-9231-4432f4c0191f,2018-06-23,2018,MOV1_FULL,0.70039006330364539,0.29960993669635461,0.029999999999999999,707
8e0cff8d-87cc-539d-84e1-63ef569feb58,885c8f6e-3098-5632-9231-4432f4c0191f,2018-06-23,2018,MOV1_FULL,0.55630388689638477,0.44369611310361523,0.029999999999999999,707
ceb10843-2aa5-529c-a572-ac102a679b4f,885c8f6e-3098-5632-9231-4432f4c0191f,2018-06-23,2018,MOV1_FULL,0.6987327851420968,0.3012672148579032,0.029999999999999999,707
d5ae4c6c-6fb2-588a-81ec-6f12cf0c3edd,885c8f6e-3098-5632-9231-4432f4c0191f,2018-06-23,2018,MOV1_FULL,0.52614436986347934,0.47385563013652066,0.029999999999999999,707
eedba547-08be-524f-a7bf-ac37ad8aef31,885c8f6e-3098-5632-9231-4432f4c0191f,2018-06-23,2018,MOV1_FULL,0.6277561309666867,0.3722438690333133,0.029999999999999999,707
f5ea4f8f-eb24-5d9d-8a63-6a9521bd6f80,885c8f6e-3098-5632-9231-4432f4c0191f,2018-06-23,2018,MOV1_FULL,0.66434833434465479,0.33565166565534521,0.029999999999999999,707
18fc8786-712b-5748-960f-4a96142c94fa,e2a1b649-9826-5b67-b3ea-6794709fc3e7,2018-07-06,2018,MOV1_FULL,0.53148253315481597,0.46851746684518403,0.029999999999999999,707
331e2a55-a4b7-5a64-993a-9139af917f7d,e2a1b649-9826-5b67-b3ea-6794709fc3e7,2018-07-06,2018,MOV1_FULL,0.55556881979016637,0.44443118020983363,0.029999999999999999,707
3a5d149d-13fa-524c-8a1d-79ea5db0b90a,e2a1b649-9826-5b67-b3ea-6794709fc3e7,2018-07-06,2018,MOV1_FULL,0.89323078400307543,0.10676921599692457,0.029999999999999999,707
56dc5c40-c651-5415-ada7-878e1cb57fc2,e2a1b649-9826-5b67-b3ea-6794709fc3e7,2018-07-06,2018,MOV1_FULL,0.7121653882320097,0.2878346117679903,0.029999999999999999,707
696f2923-3f8f-541e-87d5-8eaddfb01f0a,e2a1b649-9826-5b67-b3ea-6794709fc3e7,2018-07-06,2018,MOV1_FULL,0.5101721378733779,0.4898278621266221,0.029999999999999999,707
72ec81c2-d9c2-5f6c-9074-56916ad3d6b6,e2a1b649-9826-5b67-b3ea-6794709fc3e7,2018-07-06,2018,MOV1_FULL,0.51483945207932758,0.48516054792067242,0.029999999999999999,707
739aab71-6808-51a2-ae36-7c395ab11002,e2a1b649-9826-5b67-b3ea-6794709fc3e7,2018-07-06,2018,MOV1_FULL,0.56209136869506116,0.43790863130493884,0.029999999999999999,707
b1920206-8c44-58d5-8411-a41139ce9c6b,e2a1b649-9826-5b67-b3ea-6794709fc3e7,2018-07-06,2018,MOV1_FULL,0.51483945207932758,0.48516054792067242,0.029999999999999999,707
bcc1aef5-fe61-5989-ad00-eb25c206f096,e2a1b649-9826-5b67-b3ea-6794709fc3e7,2018-07-06,2018,MOV1_FULL,0.5773874897414335,0.4226125102585665,0.029999999999999999,707
e5d8e060-46a4-598b-9e88-c44484c1115b,e2a1b649-9826-5b67-b3ea-6794709fc3e7,2018-07-06,2018,MOV1_FULL,0.52682817707671747,0.47317182292328253,0.029999999999999999,707
ee3547c7-b061-538b-a6b3-c820a675b981,e2a1b649-9826-5b67-b3ea-6794709fc3e7,2018-07-06,2018,MOV1_FULL,0.87407117958116787,0.12592882041883213,0.029999999999999999,707
fc328c7b-ddac-5b95-aa8d-c00d63a00f76,e2a1b649-9826-5b67-b3ea-6794709fc3e7,2018-07-06,2018,MOV1_FULL,0.52755101382129355,0.47244898617870645,0.029999999999999999,707
1ea31d2e-8176-599d-99bb-b41f4bcbbd8c,6bf29ee4-adfc-5d42-a9cb-562382427d4b,2018-07-07,2018,MOV1_FULL,0.74674369024035758,0.25325630975964242,0.029999999999999999,707
3203d623-e8f4-5495-9ab3-5ec8646bb6c0,6bf29ee4-adfc-5d42-a9cb-562382427d4b,2018-07-07,2018,MOV1_FULL,0.74802871932531878,0.25197128067468122,0.029999999999999999,707
366ef091-93d3-525a-af16-fb97197da075,6bf29ee4-adfc-5d42-a9cb-562382427d4b,2018-07-07,2018,MOV1_FULL,0.3705731084117585,0.6294268915882415,0.029999999999999999,707
3fb955a8-0da7-5c79-b321-78448cb9579e,6bf29ee4-adfc-5d42-a9cb-562382427d4b,2018-07-07,2018,MOV1_FULL,0.57702746909068792,0.42297253090931208,0.029999999999999999,707
3ff3c7a9-71d2-58e4-8bda-559befc174e6,6bf29ee4-adfc-5d42-a9cb-562382427d4b,2018-07-07,2018,MOV1_FULL,0.72067085010106346,0.27932914989893654,0.029999999999999999,707
4d20aeab-d830-5d06-8c49-ac8c2ee63d12,6bf29ee4-adfc-5d42-a9cb-562382427d4b,2018-07-07,2018,MOV1_FULL,0.46694825078330482,0.53305174921669518,0.029999999999999999,707
aab17e6d-aa63-5ddc-bcdc-a26ec2821152,6bf29ee4-adfc-5d42-a9cb-562382427d4b,2018-07-07,2018,MOV1_FULL,0.74635944250511466,0.25364055749488534,0.029999999999999999,707
c53de87c-43bb-5366-b73c-db6846b5a06a,6bf29ee4-adfc-5d42-a9cb-562382427d4b,2018-07-07,2018,MOV1_FULL,0.85566557197378101,0.14433442802621899,0.029999999999999999,707
c83e96a7-353e-55fe-8f53-5252afa5b49f,6bf29ee4-adfc-5d42-a9cb-562382427d4b,2018-07-07,2018,MOV1_FULL,0.4248314469598326,0.57516855304016734,0.029999999999999999,707
dac7a79f-85e7-5993-91ab-5be90843f3ad,6bf29ee4-adfc-5d42-a9cb-562382427d4b,2018-07-07,2018,MOV1_FULL,0.73485590140701429,0.26514409859298571,0.029999999999999999,707
e5682923-db34-5c57-baa9-5cf16bcfd025,6bf29ee4-adfc-5d42-a9cb-562382427d4b,2018-07-07,2018,MOV1_FULL,0.75196161512422977,0.24803838487577023,0.029999999999999999,707
042795fa-9961-5caf-8da3-fb4275113197,bdaf5167-d399-59db-a235-ab3eb3e5a6f4,2018-07-14,2018,MOV1_FULL,0.58852449396056472,0.41147550603943528,0.029999999999999999,707
05959166-f2ff-5880-b226-86efe2c7934b,bdaf5167-d399-59db-a235-ab3eb3e5a6f4,2018-07-14,2018,MOV1_FULL,0.52309822266331019,0.47690177733668981,0.029999999999999999,707
487ae2d5-684d-5911-a8f8-3f8070b11767,bdaf5167-d399-59db-a235-ab3eb3e5a6f4,2018-07-14,2018,MOV1_FULL,0.70836152266932551,0.29163847733067449,0.029999999999999999,707
4d6ab785-086a-5009-b620-b9f5847cc99d,bdaf5167-d399-59db-a235-ab3eb3e5a6f4,2018-07-14,2018,MOV1_FULL,0.37854913577633387,0.62145086422366613,0.029999999999999999,707
4e36c076-2590-5ad4-87ab-2464d68e099a,bdaf5167-d399-59db-a235-ab3eb3e5a6f4,2018-07-14,2018,MOV1_FULL,0.73160820159920992,0.26839179840079008,0.029999999999999999,707
52b3fead-44b2-5180-8064-6c3373778685,bdaf5167-d399-59db-a235-ab3eb3e5a6f4,2018-07-14,2018,MOV1_FULL,0.89492623725613307,0.10507376274386693,0.029999999999999999,707
5b256d57-d500-56db-b760-96a3acf61e54,bdaf5167-d399-59db-a235-ab3eb3e5a6f4,2018-07-14,2018,MOV1_FULL,0.91647811373552746,0.083521886264472545,0.029999999999999999,707
5ba810fe-5fdf-5d56-9c56-a64d79b215d2,bdaf5167-d399-59db-a235-ab3eb3e5a6f4,2018-07-14,2018,MOV1_FULL,0.50488547287085894,0.49511452712914106,0.029999999999999999,707
c801a019-1b5d-53f3-8660-9c472e130ee7,bdaf5167-d399-59db-a235-ab3eb3e5a6f4,2018-07-14,2018,MOV1_FULL,0.36744124443003595,0.6325587555699641,0.029999999999999999,707
eb77b425-513e-51a5-a3dc-f900f1547b1c,bdaf5167-d399-59db-a235-ab3eb3e5a6f4,2018-07-14,2018,MOV1_FULL,0.57292055703498679,0.42707944296501321,0.029999999999999999,707
ef14b42b-9a93-51ab-9b01-97d4f586c62a,bdaf5167-d399-59db-a235-ab3eb3e5a6f4,2018-07-14,2018,MOV1_FULL,0.64825906848003712,0.35174093151996288,0.029999999999999999,707
f4569f35-c976-5efe-a38d-276f81ce234d,bdaf5167-d399-59db-a235-ab3eb3e5a6f4,2018-07-14,2018,MOV1_FULL,0.39296873128320309,0.60703126871679691,0.029999999999999999,707
fecdab22-8c59-599f-887d-a2473cedc4d9,bdaf5167-d399-59db-a235-ab3eb3e5a6f4,2018-07-14,2018,MOV1_FULL,0.78340255565252925,0.21659744434747075,0.029999999999999999,707
109f3755-6ce9-53df-9480-62e2005cd460,68a678d6-9b96-5583-9230-aca3748067d1,2018-07-22,2018,MOV1_FULL,0.45895700436826825,0.54104299563173175,0.029999999999999999,707
39f0bdf1-3c5c-59dd-b12f-e21da2571637,68a678d6-9b96-5583-9230-aca3748067d1,2018-07-22,2018,MOV1_FULL,0.60788636702131926,0.39211363297868074,0.029999999999999999,707
4e73a0ff-b475-5897-ab6f-e326fa74de68,68a678d6-9b96-5583-9230-aca3748067d1,2018-07-22,2018,MOV1_FULL,0.83294739341378443,0.16705260658621557,0.029999999999999999,707
5b3f7f19-4f7b-5fd8-bed6-86e96335fda8,68a678d6-9b96-5583-9230-aca3748067d1,2018-07-22,2018,MOV1_FULL,0.65027920293704411,0.34972079706295589,0.029999999999999999,707
5c966f16-96a1-5084-932d-c0625ffb8159,68a678d6-9b96-5583-9230-aca3748067d1,2018-07-22,2018,MOV1_FULL,0.43050370850705955,0.56949629149294045,0.029999999999999999,707
5db6eaae-2a0c-5472-a280-7c38f4ac8335,68a678d6-9b96-5583-9230-aca3748067d1,2018-07-22,2018,MOV1_FULL,0.78210764892086326,0.21789235107913674,0.029999999999999999,707
76e710a8-5949-575d-b0de-a6b298bc04cc,68a678d6-9b96-5583-9230-aca3748067d1,2018-07-22,2018,MOV1_FULL,0.53148253315481597,0.46851746684518403,0.029999999999999999,707
7be348e2-d154-51c8-b155-dfdf24990364,68a678d6-9b96-5583-9230-aca3748067d1,2018-07-22,2018,MOV1_FULL,0.72356002831019062,0.27643997168980938,0.029999999999999999,707
83aff53a-0ce7-59b3-bd50-fe3bccee7271,68a678d6-9b96-5583-9230-aca3748067d1,2018-07-22,2018,MOV1_FULL,0.23290464745228176,0.76709535254771821,0.029999999999999999,707
8c9feb08-1604-524b-80b5-6833765f84e8,68a678d6-9b96-5583-9230-aca3748067d1,2018-07-22,2018,MOV1_FULL,0.75621463207028417,0.24378536792971583,0.029999999999999999,707
cdc6355e-51c9-5ee8-9b89-84bbaaa9ce7d,68a678d6-9b96-5583-9230-aca3748067d1,2018-07-22,2018,MOV1_FULL,0.73180705176323912,0.26819294823676088,0.029999999999999999,707
f83de07a-ec41-55fa-8899-b714d9d189aa,68a678d6-9b96-5583-9230-aca3748067d1,2018-07-22,2018,MOV1_FULL,0.86408786769776291,0.13591213230223709,0.029999999999999999,707
fd5152c3-412f-54f1-9ee6-c137e6153b8f,68a678d6-9b96-5583-9230-aca3748067d1,2018-07-22,2018,MOV1_FULL,0.78616272317345703,0.21383727682654297,0.029999999999999999,707
03711a0b-a32b-5093-ade6-cb9a5a87badf,f20b2128-21c2-58e1-a753-e6a2f1732986,2018-07-28,2018,MOV1_FULL,0.3687656215022701,0.6312343784977299,0.029999999999999999,707
0b1d06cc-e14a-54ec-a243-8cafae4fbf48,f20b2128-21c2-58e1-a753-e6a2f1732986,2018-07-28,2018,MOV1_FULL,0.67742075457628248,0.32257924542371752,0.029999999999999999,707
115cd072-32a0-5fec-815f-eef5f8aa3bad,f20b2128-21c2-58e1-a753-e6a2f1732986,2018-07-28,2018,MOV1_FULL,0.51033504727981227,0.48966495272018773,0.029999999999999999,707
4304244e-2937-5e7e-a994-030af09a91b3,f20b2128-21c2-58e1-a753-e6a2f1732986,2018-07-28,2018,MOV1_FULL,0.58094724492353478,0.41905275507646522,0.029999999999999999,707
47460490-424f-5f4d-8f05-8564653fa480,f20b2128-21c2-58e1-a753-e6a2f1732986,2018-07-28,2018,MOV1_FULL,0.92989245252766484,0.070107547472335163,0.029999999999999999,707
54324df3-6649-5a0c-b482-6a846cb01e36,f20b2128-21c2-58e1-a753-e6a2f1732986,2018-07-28,2018,MOV1_FULL,0.76112845310415678,0.23887154689584322,0.029999999999999999,707
573d70a4-a4d9-5a03-b0e8-3c2c8dbfd38f,f20b2128-21c2-58e1-a753-e6a2f1732986,2018-07-28,2018,MOV1_FULL,0.86469942097804875,0.13530057902195125,0.029999999999999999,707
57d9a082-ba8a-5715-900c-51278e0821c3,f20b2128-21c2-58e1-a753-e6a2f1732986,2018-07-28,2018,MOV1_FULL,0.93801168149227787,0.061988318507722129,0.029999999999999999,707
6527faf6-1442-5ba4-83ff-b6c6be0657be,f20b2128-21c2-58e1-a753-e6a2f1732986,2018-07-28,2018,MOV1_FULL,0.4095405948508401,0.59045940514915984,0.029999999999999999,707
8632912c-3cb9-5e71-91ad-d3e1ed225f98,f20b2128-21c2-58e1-a753-e6a2f1732986,2018-07-28,2018,MOV1_FULL,0.56712774311934,0.43287225688066,0.029999999999999999,707
8ab9eb96-558d-5172-ac67-70f6fc0396b2,f20b2128-21c2-58e1-a753-e6a2f1732986,2018-07-28,2018,MOV1_FULL,0.48094949663672493,0.51905050336327507,0.029999999999999999,707
a899e0d0-dd9d-5511-a57b-f327428c5e9f,f20b2128-21c2-58e1-a753-e6a2f1732986,2018-07-28,2018,MOV1_FULL,0.4395292845342138,0.5604707154657862,0.029999999999999999,707
aadaa224-c99c-55f9-9a5e-b2626b17fd94,f20b2128-21c2-58e1-a753-e6a2f1732986,2018-07-28,2018,MOV1_FULL,0.64201442538982512,0.35798557461017488,0.029999999999999999,707
2d08e65d-c097-5ff9-b274-a3e29c0e7fea,ec14ec9e-eada-5720-bb2b-f63be10920ec,2018-08-04,2018,MOV1_FULL,0.92862997101923628,0.071370028980763722,0.029999999999999999,707
33a8aaac-4657-569e-b437-f72ea032f729,ec14ec9e-eada-5720-bb2b-f63be10920ec,2018-08-04,2018,MOV1_FULL,0.24220405380747626,0.75779594619252377,0.029999999999999999,707
4404dbfb-b171-54c1-b44b-8b2221a54f04,ec14ec9e-eada-5720-bb2b-f63be10920ec,2018-08-04,2018,MOV1_FULL,0.49201156496723025,0.50798843503276969,0.029999999999999999,707
4ab02dc6-a88b-594e-9623-9c7eda098814,ec14ec9e-eada-5720-bb2b-f63be10920ec,2018-08-04,2018,MOV1_FULL,0.73162308505969409,0.26837691494030591,0.029999999999999999,707
4d344f57-c84e-550a-b8b6-70f4309ece9b,ec14ec9e-eada-5720-bb2b-f63be10920ec,2018-08-04,2018,MOV1_FULL,0.63287844037680518,0.36712155962319482,0.029999999999999999,707
6fda5204-01e8-597b-b663-4dd465ee2933,ec14ec9e-eada-5720-bb2b-f63be10920ec,2018-08-04,2018,MOV1_FULL,0.82905354143882226,0.17094645856117774,0.029999999999999999,707
8dfe7847-9fa1-5cb1-8fd0-ff2ff451d35f,ec14ec9e-eada-5720-bb2b-f63be10920ec,2018-08-04,2018,MOV1_FULL,0.41177223344904484,0.58822776655095521,0.029999999999999999,707
a93017cd-3159-5474-a485-2187e158b70f,ec14ec9e-eada-5720-bb2b-f63be10920ec,2018-08-04,2018,MOV1_FULL,0.39320123249346117,0.60679876750653883,0.029999999999999999,707
aed78bb6-ad83-5767-a834-0c817ed43448,ec14ec9e-eada-5720-bb2b-f63be10920ec,2018-08-04,2018,MOV1_FULL,0.59132745223471939,0.40867254776528061,0.029999999999999999,707
cf1f4e06-92cd-5592-835a-facbcec3266b,ec14ec9e-eada-5720-bb2b-f63be10920ec,2018-08-04,2018,MOV1_FULL,0.6849301437319667,0.3150698562680333,0.029999999999999999,707
df59c1b0-5cea-58ab-a777-e072617fea9c,ec14ec9e-eada-5720-bb2b-f63be10920ec,2018-08-04,2018,MOV1_FULL,0.86919126830862636,0.13080873169137364,0.029999999999999999,707
e36af320-96f9-5523-be15-208c197c2ede,ec14ec9e-eada-5720-bb2b-f63be10920ec,2018-08-04,2018,MOV1_FULL,0.56547185683511625,0.43452814316488375,0.029999999999999999,707
07f4e07f-82f3-53a6-a876-41b37cff53e8,3cfb6050-ac63-51de-801e-d0bdcd9b33da,2018-08-25,2018,MOV1_FULL,0.63301232706663701,0.36698767293336299,0.029999999999999999,707
0a2fff54-b620-5943-83a9-523966f203e4,3cfb6050-ac63-51de-801e-d0bdcd9b33da,2018-08-25,2018,MOV1_FULL,0.44986036006043684,0.55013963993956316,0.029999999999999999,707
19f1dcb4-7768-5119-81cb-1f27587ebc46,3cfb6050-ac63-51de-801e-d0bdcd9b33da,2018-08-25,2018,MOV1_FULL,0.79451136374788356,0.20548863625211644,0.029999999999999999,707
21843ae9-389f-5bdc-b5fd-e3d983b1ea90,3cfb6050-ac63-51de-801e-d0bdcd9b33da,2018-08-25,2018,MOV1_FULL,0.63942777186375732,0.36057222813624268,0.029999999999999999,707
3bc840bf-7191-58d2-a99d-9fbc1873cb09,3cfb6050-ac63-51de-801e-d0bdcd9b33da,2018-08-25,2018,MOV1_FULL,0.88491214423432274,0.11508785576567726,0.029999999999999999,707
3cf2e9cc-63e5-579d-ae19-5b9463ea0490,3cfb6050-ac63-51de-801e-d0bdcd9b33da,2018-08-25,2018,MOV1_FULL,0.56599466004897936,0.43400533995102064,0.029999999999999999,707
3e1f17db-2f9a-528b-8102-cfe92194597a,3cfb6050-ac63-51de-801e-d0bdcd9b33da,2018-08-25,2018,MOV1_FULL,0.62653465664188579,0.37346534335811421,0.029999999999999999,707
99442add-342e-5417-99ca-52aa9e5610a7,3cfb6050-ac63-51de-801e-d0bdcd9b33da,2018-08-25,2018,MOV1_FULL,0.85770615315466348,0.14229384684533652,0.029999999999999999,707
ace5c9e4-1be1-58e9-8c76-e86151424339,3cfb6050-ac63-51de-801e-d0bdcd9b33da,2018-08-25,2018,MOV1_FULL,0.49326375815533507,0.50673624184466493,0.029999999999999999,707
b6103aa1-5560-5565-8c4f-e96f128cb486,3cfb6050-ac63-51de-801e-d0bdcd9b33da,2018-08-25,2018,MOV1_FULL,0.48416604865978347,0.51583395134021659,0.029999999999999999,707
bd66644f-ec17-50b2-bf7a-3859d964465e,3cfb6050-ac63-51de-801e-d0bdcd9b33da,2018-08-25,2018,MOV1_FULL,0.45022969306057492,0.54977030693942508,0.029999999999999999,707
d3633216-3dcf-5b6b-b673-2536fc110804,3cfb6050-ac63-51de-801e-d0bdcd9b33da,2018-08-25,2018,MOV1_FULL,0.19629045804291506,0.80370954195708499,0.029999999999999999,707
efb90d36-f33d-5c6a-8b0b-c9e4b7c3405e,3cfb6050-ac63-51de-801e-d0bdcd9b33da,2018-08-25,2018,MOV1_FULL,0.95662428336367422,0.043375716636325778,0.029999999999999999,707
045bf815-54b3-5ac9-b46b-36ad0143d971,598ab1f4-be70-5334-bd97-9239531bc9ae,2018-09-08,2018,MOV1_FULL,0.25957072332164038,0.74042927667835956,0.029999999999999999,707
08abfe39-9127-52bc-95b7-c6582ba99741,598ab1f4-be70-5334-bd97-9239531bc9ae,2018-09-08,2018,MOV1_FULL,0.77680682218459662,0.22319317781540338,0.029999999999999999,707
0d7f9afe-b796-56b9-ab12-448285643174,598ab1f4-be70-5334-bd97-9239531bc9ae,2018-09-08,2018,MOV1_FULL,0.66403683315591722,0.33596316684408278,0.029999999999999999,707
32cf60cf-03c8-570d-9e47-5ed49a8c57a6,598ab1f4-be70-5334-bd97-9239531bc9ae,2018-09-08,2018,MOV1_FULL,0.93477569307693864,0.065224306923061359,0.029999999999999999,707
39e60eb5-d8e2-5dbd-8bbe-d0061394ad77,598ab1f4-be70-5334-bd97-9239531bc9ae,2018-09-08,2018,MOV1_FULL,0.51962640236176705,0.48037359763823295,0.029999999999999999,707
5440be95-5844-577f-9930-4ee1ed0e6a6e,598ab1f4-be70-5334-bd97-9239531bc9ae,2018-09-08,2018,MOV1_FULL,0.72699613936115803,0.27300386063884197,0.029999999999999999,707
5bb884f1-0bbe-5701-b980-8636962eaac9,598ab1f4-be70-5334-bd97-9239531bc9ae,2018-09-08,2018,MOV1_FULL,0.5272196518597918,0.4727803481402082,0.029999999999999999,707
6beb96aa-01cb-5344-8d1c-b39f5ae61d24,598ab1f4-be70-5334-bd97-9239531bc9ae,2018-09-08,2018,MOV1_FULL,0.65069150262985653,0.34930849737014347,0.029999999999999999,707
7303b806-555a-59d2-9550-3890730e1aa5,598ab1f4-be70-5334-bd97-9239531bc9ae,2018-09-08,2018,MOV1_FULL,0.54527862834362539,0.45472137165637461,0.029999999999999999,707
87f7015c-bcc3-5aa5-9bd9-b59c214f810e,598ab1f4-be70-5334-bd97-9239531bc9ae,2018-09-08,2018,MOV1_FULL,0.72518401273991129,0.27481598726008871,0.029999999999999999,707
9eb2c5c3-eae8-5291-8381-ee1dbeb89f42,598ab1f4-be70-5334-bd97-9239531bc9ae,2018-09-08,2018,MOV1_FULL,0.31551823781947103,0.68448176218052903,0.029999999999999999,707
def94969-c5ca-52ec-8b14-c32ec32f08a5,598ab1f4-be70-5334-bd97-9239531bc9ae,2018-09-08,2018,MOV1_FULL,0.69387650875433127,0.30612349124566873,0.029999999999999999,707
e6703ae3-76f5-5192-b736-4ca97df21cb5,598ab1f4-be70-5334-bd97-9239531bc9ae,2018-09-08,2018,MOV1_FULL,0.7230050511510675,0.2769949488489325,0.029999999999999999,707
04f0b785-fd19-5ab2-9bc6-5bf1bb6378d5,8410c507-a78e-533b-a706-dbaca0905cbd,2018-09-15,2018,MOV1_FULL,0.67319419102313072,0.32680580897686928,0.029999999999999999,707
0611e796-8c05-59c8-be9e-a9095734a701,8410c507-a78e-533b-a706-dbaca0905cbd,2018-09-15,2018,MOV1_FULL,0.27327968814770731,0.72672031185229269,0.029999999999999999,707
22a58c97-d186-560d-80a2-d80fdc8faae6,8410c507-a78e-533b-a706-dbaca0905cbd,2018-09-15,2018,MOV1_FULL,0.62301009339995261,0.37698990660004739,0.029999999999999999,707
4e691ef9-8be0-502b-9b53-5e58395501a8,8410c507-a78e-533b-a706-dbaca0905cbd,2018-09-15,2018,MOV1_FULL,0.76493077362288275,0.23506922637711725,0.029999999999999999,707
54d0c5b8-b8ae-5c6e-9bee-c3838d44c996,8410c507-a78e-533b-a706-dbaca0905cbd,2018-09-15,2018,MOV1_FULL,0.70579490504337594,0.29420509495662406,0.029999999999999999,707
57bc46dc-461f-5aa5-ac59-8ba7754a38b1,8410c507-a78e-533b-a706-dbaca0905cbd,2018-09-15,2018,MOV1_FULL,0.60743746588182768,0.39256253411817232,0.029999999999999999,707
7112949c-f449-51b4-8b21-e0b98d77409d,8410c507-a78e-533b-a706-dbaca0905cbd,2018-09-15,2018,MOV1_FULL,0.72328505669834908,0.27671494330165092,0.029999999999999999,707
75bf036f-a399-5150-9477-24dbfa6bc024,8410c507-a78e-533b-a706-dbaca0905cbd,2018-09-15,2018,MOV1_FULL,0.76465100127325614,0.23534899872674386,0.029999999999999999,707
8b45bc73-4414-51fb-b940-2eaa4c35021e,8410c507-a78e-533b-a706-dbaca0905cbd,2018-09-15,2018,MOV1_FULL,0.91096862098070785,0.089031379019292145,0.029999999999999999,707
9dfd50b7-2c8f-551f-8492-a64d43ee4414,8410c507-a78e-533b-a706-dbaca0905cbd,2018-09-15,2018,MOV1_FULL,0.57861057611894628,0.42138942388105372,0.029999999999999999,707
9fb04ee7-a167-5eba-9957-6db494e62e52,8410c507-a78e-533b-a706-dbaca0905cbd,2018-09-15,2018,MOV1_FULL,0.83926396195578112,0.16073603804421888,0.029999999999999999,707
adc381df-256b-57cb-b40b-d233b2bb77bd,8410c507-a78e-533b-a706-dbaca0905cbd,2018-09-15,2018,MOV1_FULL,0.91355728575250994,0.08644271424749006,0.029999999999999999,707
09d89f54-7b5b-57b5-8935-53d5b4a6af38,a1cc3723-a39c-5d78-a62b-53cc621f7b19,2018-09-22,2018,MOV1_FULL,0.89388421316255207,0.10611578683744793,0.029999999999999999,707
27c8883f-90f9-50fb-a122-733e4d6867d5,a1cc3723-a39c-5d78-a62b-53cc621f7b19,2018-09-22,2018,MOV1_FULL,0.83848449604435094,0.16151550395564906,0.029999999999999999,707
4490a873-8cff-5550-8a71-1a300e1c121f,a1cc3723-a39c-5d78-a62b-53cc621f7b19,2018-09-22,2018,MOV1_FULL,0.77938317073500007,0.22061682926499993,0.029999999999999999,707
567deca9-689e-508e-92d2-75b278413950,a1cc3723-a39c-5d78-a62b-53cc621f7b19,2018-09-22,2018,MOV1_FULL,0.70564608681547225,0.29435391318452775,0.029999999999999999,707
6a58bb6e-73a6-51f6-95be-4ddb7d6c8f7b,a1cc3723-a39c-5d78-a62b-53cc621f7b19,2018-09-22,2018,MOV1_FULL,0.81994665431923852,0.18005334568076148,0.029999999999999999,707
7182cafb-f57e-50b4-b8b5-f5fda9a664d6,a1cc3723-a39c-5d78-a62b-53cc621f7b19,2018-09-22,2018,MOV1_FULL,0.5589698523779576,0.4410301476220424,0.029999999999999999,707
82359e28-43c9-5ab1-a720-8448f1a2b9e0,a1cc3723-a39c-5d78-a62b-53cc621f7b19,2018-09-22,2018,MOV1_FULL,0.86600651371025572,0.13399348628974428,0.029999999999999999,707
909ca217-3ad5-58c1-872a-7380bb1ea507,a1cc3723-a39c-5d78-a62b-53cc621f7b19,2018-09-22,2018,MOV1_FULL,0.43814310748178931,0.56185689251821069,0.029999999999999999,707
a90ea3bc-9dc0-51da-8c39-5cfc7c65c522,a1cc3723-a39c-5d78-a62b-53cc621f7b19,2018-09-22,2018,MOV1_FULL,0.62552109040802406,0.37447890959197594,0.029999999999999999,707
bce234e7-4c46-5e29-a95b-2db635f8b907,a1cc3723-a39c-5d78-a62b-53cc621f7b19,2018-09-22,2018,MOV1_FULL,0.50527290622594168,0.49472709377405832,0.029999999999999999,707
c00cf60d-3c17-529e-8654-393945985c90,a1cc3723-a39c-5d78-a62b-53cc621f7b19,2018-09-22,2018,MOV1_FULL,0.79669168820017766,0.20330831179982234,0.029999999999999999,707
d6fc5c53-7ee3-52d1-a8ba-5b9e311180ae,a1cc3723-a39c-5d78-a62b-53cc621f7b19,2018-09-22,2018,MOV1_FULL,0.73666271380885118,0.26333728619114882,0.029999999999999999,707
d9323e94-20d0-5906-a1c8-fff518cddef7,a1cc3723-a39c-5d78-a62b-53cc621f7b19,2018-09-22,2018,MOV1_FULL,0.63486428803389228,0.36513571196610772,0.029999999999999999,707
e71c8941-f63e-5837-b8ce-5b33ec9ffb98,a1cc3723-a39c-5d78-a62b-53cc621f7b19,2018-09-22,2018,MOV1_FULL,0.3511246893915636,0.6488753106084364,0.029999999999999999,707
072beddf-5afa-562a-a58f-3bdcbb63a45f,756e41b1-d00a-554a-9644-606af9de0052,2018-10-06,2018,MOV1_FULL,0.62650298132370641,0.37349701867629359,0.029999999999999999,707
1ec87d0e-3f55-5282-a5fa-a954f8987cc7,756e41b1-d00a-554a-9644-606af9de0052,2018-10-06,2018,MOV1_FULL,0.82944975332360993,0.17055024667639007,0.029999999999999999,707
24e32f5f-696b-581c-b97e-2205bbeeb01b,756e41b1-d00a-554a-9644-606af9de0052,2018-10-06,2018,MOV1_FULL,0.56421585068261493,0.43578414931738507,0.029999999999999999,707
4dcd2037-20e7-5527-981b-c53b8a6b7dd7,756e41b1-d00a-554a-9644-606af9de0052,2018-10-06,2018,MOV1_FULL,0.38925401510992319,0.61074598489007681,0.029999999999999999,707
648bdd6a-ccc9-5cdc-a9af-2fe5cdef0852,756e41b1-d00a-554a-9644-606af9de0052,2018-10-06,2018,MOV1_FULL,0.69351978045340201,0.30648021954659799,0.029999999999999999,707
91f4d8d6-bb09-5c36-b207-693d921c04b3,756e41b1-d00a-554a-9644-606af9de0052,2018-10-06,2018,MOV1_FULL,0.74435939257466055,0.25564060742533945,0.029999999999999999,707
b0f1802c-013e-56d7-b757-5620196e62eb,756e41b1-d00a-554a-9644-606af9de0052,2018-10-06,2018,MOV1_FULL,0.69871636040190588,0.30128363959809412,0.029999999999999999,707
e3c6838f-792d-51f8-a08d-c18e01707c40,756e41b1-d00a-554a-9644-606af9de0052,2018-10-06,2018,MOV1_FULL,0.21134372052738429,0.78865627947261574,0.029999999999999999,707
eab00749-8d39-588e-8fae-33313968f255,756e41b1-d00a-554a-9644-606af9de0052,2018-10-06,2018,MOV1_FULL,0.4478475023737179,0.55215249762628216,0.029999999999999999,707
ef48c8be-48e2-5a02-97f5-b498256463e5,756e41b1-d00a-554a-9644-606af9de0052,2018-10-06,2018,MOV1_FULL,0.74263752050375531,0.25736247949624469,0.029999999999999999,707
f56106a2-f9d0-5291-a6e0-2ae7a367d8f8,756e41b1-d00a-554a-9644-606af9de0052,2018-10-06,2018,MOV1_FULL,0.60019610914689814,0.39980389085310186,0.029999999999999999,707
fb48769f-f089-5997-8816-1b6c541a5fe9,756e41b1-d00a-554a-9644-606af9de0052,2018-10-06,2018,MOV1_FULL,0.80398992348742049,0.19601007651257951,0.029999999999999999,707
0bc17cfa-3eac-52fa-960f-99c9147e0b0b,56100fb3-4167-5262-be7f-aebbbc5e15c5,2018-10-27,2018,MOV1_FULL,0.80212181648112613,0.19787818351887387,0.029999999999999999,707
3b7e15f3-0b2d-5376-8c75-de7ec32ed7bc,56100fb3-4167-5262-be7f-aebbbc5e15c5,2018-10-27,2018,MOV1_FULL,0.83521550943539313,0.16478449056460687,0.029999999999999999,707
3e14a0f8-2403-5498-a4a0-3ff11c813717,56100fb3-4167-5262-be7f-aebbbc5e15c5,2018-10-27,2018,MOV1_FULL,0.71669899821969341,0.28330100178030659,0.029999999999999999,707
64f28bac-497f-5351-87b7-a20d70fdeecb,56100fb3-4167-5262-be7f-aebbbc5e15c5,2018-10-27,2018,MOV1_FULL,0.78866965813783252,0.21133034186216748,0.029999999999999999,707
6dc4c62d-3db8-5b7a-bb6f-4c12f6a9cdb0,56100fb3-4167-5262-be7f-aebbbc5e15c5,2018-10-27,2018,MOV1_FULL,0.60049235645644683,0.39950764354355317,0.029999999999999999,707
727c9231-62bf-5302-bba6-b5875e33dd60,56100fb3-4167-5262-be7f-aebbbc5e15c5,2018-10-27,2018,MOV1_FULL,0.51483945207932758,0.48516054792067242,0.029999999999999999,707
79ae5f85-d57a-534f-bc6d-5c6a2d0d498d,56100fb3-4167-5262-be7f-aebbbc5e15c5,2018-10-27,2018,MOV1_FULL,0.39270656368028989,0.60729343631971011,0.029999999999999999,707
bc7f1238-f483-5412-81f4-b05904dd418b,56100fb3-4167-5262-be7f-aebbbc5e15c5,2018-10-27,2018,MOV1_FULL,0.64603119279791477,0.35396880720208523,0.029999999999999999,707
c782763e-42f7-59d7-ae06-7b2c0c312625,56100fb3-4167-5262-be7f-aebbbc5e15c5,2018-10-27,2018,MOV1_FULL,0.653990774928499,0.346009225071501,0.029999999999999999,707
d9fa7e77-aff8-5661-85ef-447d172fe960,56100fb3-4167-5262-be7f-aebbbc5e15c5,2018-10-27,2018,MOV1_FULL,0.61665735754664208,0.38334264245335792,0.029999999999999999,707
e7580863-70b5-5802-b25a-d1c3e6c0966f,56100fb3-4167-5262-be7f-aebbbc5e15c5,2018-10-27,2018,MOV1_FULL,0.80875497358931314,0.19124502641068686,0.029999999999999999,707
ef58ba52-8061-520a-9571-2c98372961d3,56100fb3-4167-5262-be7f-aebbbc5e15c5,2018-10-27,2018,MOV1_FULL,0.71520509177029779,0.28479490822970221,0.029999999999999999,707
f10f2d43-0efb-57c5-9d84-5f05d9b7148d,56100fb3-4167-5262-be7f-aebbbc5e15c5,2018-10-27,2018,MOV1_FULL,0.80770436724614314,0.19229563275385686,0.029999999999999999,707
03c88fd3-93ac-5ac5-b26a-586adec8944e,0126e120-cdc2-5b1d-904d-a5762176eb2c,2018-11-03,2018,MOV1_FULL,0.70643614493044438,0.29356385506955562,0.029999999999999999,707
1cbfd3cd-1b2c-5e9c-a4d7-956668df1d58,0126e120-cdc2-5b1d-904d-a5762176eb2c,2018-11-03,2018,MOV1_FULL,0.91865018981177948,0.081349810188220517,0.029999999999999999,707
31c9d5aa-2f4b-57bc-8337-78940fd980bd,0126e120-cdc2-5b1d-904d-a5762176eb2c,2018-11-03,2018,MOV1_FULL,0.69325069236538539,0.30674930763461461,0.029999999999999999,707
4d1f1779-8de5-5cad-9efe-ef455d060b3f,0126e120-cdc2-5b1d-904d-a5762176eb2c,2018-11-03,2018,MOV1_FULL,0.56853581273966269,0.43146418726033731,0.029999999999999999,707
56716b52-ca39-5ec1-bc9b-160e4e29eba0,0126e120-cdc2-5b1d-904d-a5762176eb2c,2018-11-03,2018,MOV1_FULL,0.80468587346296316,0.19531412653703684,0.029999999999999999,707
704c7176-28e3-568d-911d-d6e965b75040,0126e120-cdc2-5b1d-904d-a5762176eb2c,2018-11-03,2018,MOV1_FULL,0.86244630866459482,0.13755369133540518,0.029999999999999999,707
71e07bc0-3c37-557e-bb3b-a63ec2f3c0d3,0126e120-cdc2-5b1d-904d-a5762176eb2c,2018-11-03,2018,MOV1_FULL,0.8481379646924857,0.1518620353075143,0.029999999999999999,707
7eddc009-0721-5b2b-b45f-ec211e7c27fc,0126e120-cdc2-5b1d-904d-a5762176eb2c,2018-11-03,2018,MOV1_FULL,0.5930424128837849,0.4069575871162151,0.029999999999999999,707
c4bdde2e-02ba-5962-b8e4-8913671e41d6,0126e120-cdc2-5b1d-904d-a5762176eb2c,2018-11-03,2018,MOV1_FULL,0.72064262714507066,0.27935737285492934,0.029999999999999999,707
df5c1b57-c8b0-58f8-9839-437f22f85204,0126e120-cdc2-5b1d-904d-a5762176eb2c,2018-11-03,2018,MOV1_FULL,0.7179868529730743,0.2820131470269257,0.029999999999999999,707
f4a18ee8-fe08-57f8-b21f-915c0eb7f7f4,0126e120-cdc2-5b1d-904d-a5762176eb2c,2018-11-03,2018,MOV1_FULL,0.42407645776342129,0.57592354223657871,0.029999999999999999,707
fdc4783e-93b7-5a48-b3ef-1f8553a28f43,0126e120-cdc2-5b1d-904d-a5762176eb2c,2018-11-03,2018,MOV1_FULL,0.66288711460279559,0.33711288539720441,0.029999999999999999,707
13894adf-38f0-50f4-bf8d-175a92a98fa6,4c5930df-b815-583c-86f0-e14438a38189,2018-11-10,2018,MOV1_FULL,0.47190042533539361,0.52809957466460644,0.029999999999999999,707
31955bf1-e764-51b4-a697-d42e90268179,4c5930df-b815-583c-86f0-e14438a38189,2018-11-10,2018,MOV1_FULL,0.34174720549758369,0.65825279450241636,0.029999999999999999,707
34815582-4a5b-55fb-b4e5-21c26b3ccdbe,4c5930df-b815-583c-86f0-e14438a38189,2018-11-10,2018,MOV1_FULL,0.4099094844934672,0.5900905155065328,0.029999999999999999,707
3a6a486f-dea3-5aee-97cf-bf672ae02395,4c5930df-b815-583c-86f0-e14438a38189,2018-11-10,2018,MOV1_FULL,0.94479392307111842,0.055206076928881576,0.029999999999999999,707
6b033fd6-f665-59fe-80ea-95d8ad081e2d,4c5930df-b815-583c-86f0-e14438a38189,2018-11-10,2018,MOV1_FULL,0.60184829919227356,0.39815170080772644,0.029999999999999999,707
86624099-046d-5f35-a11e-98c181f355d9,4c5930df-b815-583c-86f0-e14438a38189,2018-11-10,2018,MOV1_FULL,0.60717207647045213,0.39282792352954787,0.029999999999999999,707
8b110cb9-eb3e-54ee-97ae-8f3b5783acb0,4c5930df-b815-583c-86f0-e14438a38189,2018-11-10,2018,MOV1_FULL,0.74760212792082603,0.25239787207917397,0.029999999999999999,707
8b6419d6-8990-5a3b-9c16-1c426e72c6cb,4c5930df-b815-583c-86f0-e14438a38189,2018-11-10,2018,MOV1_FULL,0.53542683245132194,0.46457316754867806,0.029999999999999999,707
b56e6f97-0572-5933-a903-c516f8fae181,4c5930df-b815-583c-86f0-e14438a38189,2018-11-10,2018,MOV1_FULL,0.55347606440091157,0.44652393559908843,0.029999999999999999,707
cafd3412-2770-5c11-9fc4-17b2ddaf96f4,4c5930df-b815-583c-86f0-e14438a38189,2018-11-10,2018,MOV1_FULL,0.33218618142998707,0.66781381857001287,0.029999999999999999,707
edcff672-cbd6-5b7e-a7bf-708af69c8f8c,4c5930df-b815-583c-86f0-e14438a38189,2018-11-10,2018,MOV1_FULL,0.61624558673040097,0.38375441326959903,0.029999999999999999,707
07d79159-e905-5cd4-ac50-50e0e84d24d3,fc929cb7-48bf-5c10-8457-759f8543867d,2018-11-17,2018,MOV1_FULL,0.81239376325376988,0.18760623674623012,0.029999999999999999,707
0b914654-0313-51ce-90e6-7d3c6fc80bef,fc929cb7-48bf-5c10-8457-759f8543867d,2018-11-17,2018,MOV1_FULL,0.88417705894477239,0.11582294105522761,0.029999999999999999,707
15ad0af5-629f-5e21-a754-e962e8ccaffe,fc929cb7-48bf-5c10-8457-759f8543867d,2018-11-17,2018,MOV1_FULL,0.78072957219100814,0.21927042780899186,0.029999999999999999,707
17a79c86-1989-5bb1-89b2-bea2020489e7,fc929cb7-48bf-5c10-8457-759f8543867d,2018-11-17,2018,MOV1_FULL,0.72220807644087981,0.27779192355912019,0.029999999999999999,707
1c6135a4-d615-5fc7-93a5-0a677cd5c0f8,fc929cb7-48bf-5c10-8457-759f8543867d,2018-11-17,2018,MOV1_FULL,0.24522713751596323,0.75477286248403674,0.029999999999999999,707
301983d6-dc78-5269-8c31-6b35964e2b21,fc929cb7-48bf-5c10-8457-759f8543867d,2018-11-17,2018,MOV1_FULL,0.52520610777267707,0.47479389222732293,0.029999999999999999,707
460eaf45-7b51-5ad9-858d-2ceffa0bc65a,fc929cb7-48bf-5c10-8457-759f8543867d,2018-11-17,2018,MOV1_FULL,0.52709584040622703,0.47290415959377297,0.029999999999999999,707
5e29a057-5c4c-5d97-a646-1d9509c4e8e8,fc929cb7-48bf-5c10-8457-759f8543867d,2018-11-17,2018,MOV1_FULL,0.54414245482941748,0.45585754517058252,0.029999999999999999,707
71eb0b12-3880-5e28-baed-56a8c5eb698e,fc929cb7-48bf-5c10-8457-759f8543867d,2018-11-17,2018,MOV1_FULL,0.4047093181247674,0.5952906818752326,0.029999999999999999,707
77fb25da-d4de-58d8-abb7-113256b7e907,fc929cb7-48bf-5c10-8457-759f8543867d,2018-11-17,2018,MOV1_FULL,0.57106798738840825,0.42893201261159175,0.029999999999999999,707
b3da972f-0de1-5c2c-8d61-f5abdeeb28a0,fc929cb7-48bf-5c10-8457-759f8543867d,2018-11-17,2018,MOV1_FULL,0.34534610447561109,0.65465389552438891,0.029999999999999999,707
d412dd28-65ac-5fef-a6db-aea806f7c7bc,fc929cb7-48bf-5c10-8457-759f8543867d,2018-11-17,2018,MOV1_FULL,0.77881827829848171,0.22118172170151829,0.029999999999999999,707
400c0f78-679b-55af-8b3e-ffc27ff8b621,4f684f58-57a9-5eac-94f5-39d02557de14,2018-11-24,2018,MOV1_FULL,0.42864670887254147,0.57135329112745858,0.029999999999999999,707
4192c4a7-c12c-5958-847f-01fdd6d6ee44,4f684f58-57a9-5eac-94f5-39d02557de14,2018-11-24,2018,MOV1_FULL,0.77324449214972968,0.22675550785027032,0.029999999999999999,707
4b85e7ee-b6a0-54b9-97af-9a858a2b2908,4f684f58-57a9-5eac-94f5-39d02557de14,2018-11-24,2018,MOV1_FULL,0.60878450211849022,0.39121549788150978,0.029999999999999999,707
5571fea1-86e2-52f4-be5c-0ad29a76b488,4f684f58-57a9-5eac-94f5-39d02557de14,2018-11-24,2018,MOV1_FULL,0.64594752983118064,0.35405247016881936,0.029999999999999999,707
6abbbe4c-9ecd-5a3a-a95d-a008ffb0a9d7,4f684f58-57a9-5eac-94f5-39d02557de14,2018-11-24,2018,MOV1_FULL,0.76983074232796811,0.23016925767203189,0.029999999999999999,707
7417103a-3ddb-5007-b24e-15c4c657d659,4f684f58-57a9-5eac-94f5-39d02557de14,2018-11-24,2018,MOV1_FULL,0.57411179599497675,0.42588820400502325,0.029999999999999999,707
7b727d34-a955-55da-bf4b-d0dc1a7b76c8,4f684f58-57a9-5eac-94f5-39d02557de14,2018-11-24,2018,MOV1_FULL,0.6557819522747782,0.3442180477252218,0.029999999999999999,707
c59da3bf-272e-5b92-8436-9045b7612d14,4f684f58-57a9-5eac-94f5-39d02557de14,2018-11-24,2018,MOV1_FULL,0.45374932225528652,0.54625067774471348,0.029999999999999999,707
db579026-788d-5585-87c8-501a13f40aa6,4f684f58-57a9-5eac-94f5-39d02557de14,2018-11-24,2018,MOV1_FULL,0.89560366711872164,0.10439633288127836,0.029999999999999999,707
eeb35981-d134-5420-a9c3-a06071a74307,4f684f58-57a9-5eac-94f5-39d02557de14,2018-11-24,2018,MOV1_FULL,0.64551684875987314,0.35448315124012686,0.029999999999999999,707
f0e246f1-e2cc-515a-a0d8-46e26693617e,4f684f58-57a9-5eac-94f5-39d02557de14,2018-11-24,2018,MOV1_FULL,0.64850695577130857,0.35149304422869143,0.029999999999999999,707
f10cffc8-cae2-5b37-b7f1-95a3f1a98b65,4f684f58-57a9-5eac-94f5-39d02557de14,2018-11-24,2018,MOV1_FULL,0.71903657150788403,0.28096342849211597,0.029999999999999999,707
16897ab1-a230-5c21-8950-ae669f50ce2e,41927f5a-6518-5b9b-b03a-7d857e4adb55,2018-11-30,2018,MOV1_FULL,0.80070138360904475,0.19929861639095525,0.029999999999999999,707
27572bf4-64d8-5d41-9d27-deee81fd3eb8,41927f5a-6518-5b9b-b03a-7d857e4adb55,2018-11-30,2018,MOV1_FULL,0.52126315421068592,0.47873684578931408,0.029999999999999999,707
292b844f-d0b7-5736-8027-211441aa9d6c,41927f5a-6518-5b9b-b03a-7d857e4adb55,2018-11-30,2018,MOV1_FULL,0.53757151369348199,0.46242848630651801,0.029999999999999999,707
4af31c3a-5a81-520d-bc15-a69e2541b62d,41927f5a-6518-5b9b-b03a-7d857e4adb55,2018-11-30,2018,MOV1_FULL,0.60739810823214146,0.39260189176785854,0.029999999999999999,707
52841017-340c-51af-a5ff-9f2548729279,41927f5a-6518-5b9b-b03a-7d857e4adb55,2018-11-30,2018,MOV1_FULL,0.89505112474169357,0.10494887525830643,0.029999999999999999,707
53eb89da-6f10-549a-a68c-ee64e24a2efd,41927f5a-6518-5b9b-b03a-7d857e4adb55,2018-11-30,2018,MOV1_FULL,0.51300391163612069,0.48699608836387931,0.029999999999999999,707
61b421d2-af4b-560d-896d-95fc374bbf03,41927f5a-6518-5b9b-b03a-7d857e4adb55,2018-11-30,2018,MOV1_FULL,0.64069279724397254,0.35930720275602746,0.029999999999999999,707
68b7d37a-9545-5634-810f-284050af9b7d,41927f5a-6518-5b9b-b03a-7d857e4adb55,2018-11-30,2018,MOV1_FULL,0.51659961368211116,0.48340038631788884,0.029999999999999999,707
764d8953-38c8-560d-b172-6b5cba81a854,41927f5a-6518-5b9b-b03a-7d857e4adb55,2018-11-30,2018,MOV1_FULL,0.54110401874281266,0.45889598125718734,0.029999999999999999,707
b2762f89-d667-54a9-a6ba-201c1e168901,41927f5a-6518-5b9b-b03a-7d857e4adb55,2018-11-30,2018,MOV1_FULL,0.53958845306069414,0.46041154693930586,0.029999999999999999,707
cfbbb04d-acfe-5bd9-a4ed-b4b1d42408b0,41927f5a-6518-5b9b-b03a-7d857e4adb55,2018-11-30,2018,MOV1_FULL,0.64556323996720388,0.35443676003279612,0.029999999999999999,707
e35e23ff-1ea3-5803-92f5-5c2f176931cc,41927f5a-6518-5b9b-b03a-7d857e4adb55,2018-11-30,2018,MOV1_FULL,0.62043036309729416,0.37956963690270584,0.029999999999999999,707
f7fba021-8a1f-50ca-a984-fa21ed494bc9,41927f5a-6518-5b9b-b03a-7d857e4adb55,2018-11-30,2018,MOV1_FULL,0.69313844629223464,0.30686155370776536,0.029999999999999999,707
1227b649-361e-5c44-b52c-557ec0619b33,903ec4cf-2c30-5ac2-8550-7fc6d7cd19cb,2018-12-01,2018,MOV1_FULL,0.69442566797919913,0.30557433202080087,0.029999999999999999,707
171e5ab6-b7f8-5d60-9aca-c6c3ea842d95,903ec4cf-2c30-5ac2-8550-7fc6d7cd19cb,2018-12-01,2018,MOV1_FULL,0.54481011418993985,0.45518988581006015,0.029999999999999999,707
211c0de9-3dc9-59e5-9036-249d00023611,903ec4cf-2c30-5ac2-8550-7fc6d7cd19cb,2018-12-01,2018,MOV1_FULL,0.45641639679368295,0.54358360320631705,0.029999999999999999,707
22d81b99-aaf7-5304-b992-716406d9d9ae,903ec4cf-2c30-5ac2-8550-7fc6d7cd19cb,2018-12-01,2018,MOV1_FULL,0.83387508970233593,0.16612491029766407,0.029999999999999999,707
3852a9e9-df17-5cfa-9a0d-46fa180443a2,903ec4cf-2c30-5ac2-8550-7fc6d7cd19cb,2018-12-01,2018,MOV1_FULL,0.51483945207932758,0.48516054792067242,0.029999999999999999,707
3d5168b4-a73c-579b-99fd-1c80c71c97c7,903ec4cf-2c30-5ac2-8550-7fc6d7cd19cb,2018-12-01,2018,MOV1_FULL,0.49245630882061631,0.50754369117938369,0.029999999999999999,707
5935bdbd-f7bf-5fd6-a12e-939d903acc94,903ec4cf-2c30-5ac2-8550-7fc6d7cd19cb,2018-12-01,2018,MOV1_FULL,0.45174403220981779,0.54825596779018215,0.029999999999999999,707
608639b0-080b-5d7f-bda4-225a2b73199a,903ec4cf-2c30-5ac2-8550-7fc6d7cd19cb,2018-12-01,2018,MOV1_FULL,0.88514732878395475,0.11485267121604525,0.029999999999999999,707
7c69283b-1073-55d0-9db5-bf2a26b56c08,903ec4cf-2c30-5ac2-8550-7fc6d7cd19cb,2018-12-01,2018,MOV1_FULL,0.55826967498771063,0.44173032501228937,0.029999999999999999,707
8afc7baf-78f9-55c0-b735-a445bd95e9c2,903ec4cf-2c30-5ac2-8550-7fc6d7cd19cb,2018-12-01,2018,MOV1_FULL,0.85305098763530252,0.14694901236469748,0.029999999999999999,707
8e5d876d-630a-532f-9c98-2c5d8ccc43f7,903ec4cf-2c30-5ac2-8550-7fc6d7cd19cb,2018-12-01,2018,MOV1_FULL,0.8932640829541203,0.1067359170458797,0.029999999999999999,707
b5ab64de-d638-535c-98a9-ef6dbf72f52c,903ec4cf-2c30-5ac2-8550-7fc6d7cd19cb,2018-12-01,2018,MOV1_FULL,0.53148253315481597,0.46851746684518403,0.029999999999999999,707
087b8eb2-7319-5a67-8172-2bc7f669f198,3486bac2-2204-5c3d-a259-2eeaf14fc76d,2018-12-08,2018,MOV1_FULL,0.6295334150163876,0.3704665849836124,0.029999999999999999,707
211ae632-a15d-5ada-96b8-91459fb699de,3486bac2-2204-5c3d-a259-2eeaf14fc76d,2018-12-08,2018,MOV1_FULL,0.6984615294645572,0.3015384705354428,0.029999999999999999,707
38470acf-654b-584e-9d95-4a4ee31a1b99,3486bac2-2204-5c3d-a259-2eeaf14fc76d,2018-12-08,2018,MOV1_FULL,0.5207170042717848,0.4792829957282152,0.029999999999999999,707
5ee6536a-1c6f-5d47-a507-09079e0a1846,3486bac2-2204-5c3d-a259-2eeaf14fc76d,2018-12-08,2018,MOV1_FULL,0.7487533207706587,0.2512466792293413,0.029999999999999999,707
96a449c3-65cf-5be1-ba01-cb01a14956e5,3486bac2-2204-5c3d-a259-2eeaf14fc76d,2018-12-08,2018,MOV1_FULL,0.45209579948821704,0.5479042005117829,0.029999999999999999,707
99d5b624-c0ba-5cc1-a368-03071b9eb325,3486bac2-2204-5c3d-a259-2eeaf14fc76d,2018-12-08,2018,MOV1_FULL,0.66548223449530819,0.33451776550469181,0.029999999999999999,707
aa60b1fd-b807-5a7e-9800-facd37fabbcc,3486bac2-2204-5c3d-a259-2eeaf14fc76d,2018-12-08,2018,MOV1_FULL,0.4231432407041219,0.5768567592958781,0.029999999999999999,707
b4724697-2162-54ed-91a8-9f73f22b63fb,3486bac2-2204-5c3d-a259-2eeaf14fc76d,2018-12-08,2018,MOV1_FULL,0.81103425267602802,0.18896574732397198,0.029999999999999999,707
d07ed731-3b06-5093-b9a7-e7bdf82291b9,3486bac2-2204-5c3d-a259-2eeaf14fc76d,2018-12-08,2018,MOV1_FULL,0.94474343573211494,0.055256564267885055,0.029999999999999999,707
e21c5447-ee18-5ab0-bd3f-f057ccf421d6,3486bac2-2204-5c3d-a259-2eeaf14fc76d,2018-12-08,2018,MOV1_FULL,0.79310888702603943,0.20689111297396057,0.029999999999999999,707
e9cc1e0f-e997-54d5-9dba-4a92be1f65dc,3486bac2-2204-5c3d-a259-2eeaf14fc76d,2018-12-08,2018,MOV1_FULL,0.80821146165442914,0.19178853834557086,0.029999999999999999,707
efb61d8c-adc3-5e5c-b80e-c5edced82767,3486bac2-2204-5c3d-a259-2eeaf14fc76d,2018-12-08,2018,MOV1_FULL,0.92724790578144267,0.072752094218557328,0.029999999999999999,707
fd483b64-a727-5d1d-aad3-c9b9da0a2519,3486bac2-2204-5c3d-a259-2eeaf14fc76d,2018-12-08,2018,MOV1_FULL,0.42918197565400945,0.5708180243459906,0.029999999999999999,707
003fe3c7-3447-57c0-9fbe-135fe615a069,d0c82e60-da2b-5afb-a935-6208d6c1431f,2018-12-15,2018,MOV1_FULL,0.61155805578320099,0.38844194421679901,0.029999999999999999,707
32988a2b-4098-50f5-8201-6f94cc8615c9,d0c82e60-da2b-5afb-a935-6208d6c1431f,2018-12-15,2018,MOV1_FULL,0.7727778765702713,0.2272221234297287,0.029999999999999999,707
39656041-a8e6-5836-bc30-677c7761542e,d0c82e60-da2b-5afb-a935-6208d6c1431f,2018-12-15,2018,MOV1_FULL,0.62520777052518539,0.37479222947481461,0.029999999999999999,707
3d27129b-6387-5709-b927-f2f19e3a1b96,d0c82e60-da2b-5afb-a935-6208d6c1431f,2018-12-15,2018,MOV1_FULL,0.70699877631729835,0.29300122368270165,0.029999999999999999,707
59b6f991-caee-5fcc-9262-84f052813b32,d0c82e60-da2b-5afb-a935-6208d6c1431f,2018-12-15,2018,MOV1_FULL,0.58221459900641825,0.41778540099358175,0.029999999999999999,707
5f325d37-706b-564f-b6b2-d23c25664031,d0c82e60-da2b-5afb-a935-6208d6c1431f,2018-12-15,2018,MOV1_FULL,0.77158663002603789,0.22841336997396211,0.029999999999999999,707
870f1cdc-fedf-5054-964d-3e9daccaf9cf,d0c82e60-da2b-5afb-a935-6208d6c1431f,2018-12-15,2018,MOV1_FULL,0.7187225287094442,0.2812774712905558,0.029999999999999999,707
8c6c3a37-b815-5175-a9a0-bb616bf897bd,d0c82e60-da2b-5afb-a935-6208d6c1431f,2018-12-15,2018,MOV1_FULL,0.5919202413678174,0.4080797586321826,0.029999999999999999,707
8f6eae14-e69b-51b8-b3a7-0926b8d8a093,d0c82e60-da2b-5afb-a935-6208d6c1431f,2018-12-15,2018,MOV1_FULL,0.45268505704080375,0.54731494295919625,0.029999999999999999,707
9c6779fb-9f31-554f-bfb9-a7eff80b8767,d0c82e60-da2b-5afb-a935-6208d6c1431f,2018-12-15,2018,MOV1_FULL,0.7683188261280367,0.2316811738719633,0.029999999999999999,707
a58194f9-fd40-5750-8ecb-c4d7ce309884,d0c82e60-da2b-5afb-a935-6208d6c1431f,2018-12-15,2018,MOV1_FULL,0.72316557095383727,0.27683442904616273,0.029999999999999999,707
b0d146e0-d79b-5a62-a9a0-dd6f9ff140df,d0c82e60-da2b-5afb-a935-6208d6c1431f,2018-12-15,2018,MOV1_FULL,0.70093152560243233,0.29906847439756767,0.029999999999999999,707
0545009b-75e6-5cad-916c-b09ce2a7eb20,4484c5f7-e7ef-5516-8270-85800f6d3ddf,2018-12-29,2018,MOV1_FULL,0.83158462468262939,0.16841537531737061,0.029999999999999999,707
1571ef3d-4921-573f-b45a-c435db2c21c7,4484c5f7-e7ef-5516-8270-85800f6d3ddf,2018-12-29,2018,MOV1_FULL,0.73925046221348156,0.26074953778651844,0.029999999999999999,707
34ad1ad0-8490-58bd-9d01-e3c28278c35c,4484c5f7-e7ef-5516-8270-85800f6d3ddf,2018-12-29,2018,MOV1_FULL,0.45407914591616089,0.54592085408383917,0.029999999999999999,707
3893f104-1b5d-5488-869b-93a3089c4a3c,4484c5f7-e7ef-5516-8270-85800f6d3ddf,2018-12-29,2018,MOV1_FULL,0.84859140835078894,0.15140859164921106,0.029999999999999999,707
57b542d9-3a9a-5439-9d6f-410aaeb53ace,4484c5f7-e7ef-5516-8270-85800f6d3ddf,2018-12-29,2018,MOV1_FULL,0.61208942704028513,0.38791057295971487,0.029999999999999999,707
88a4903b-0ed0-5dde-a480-aa84f6468a39,4484c5f7-e7ef-5516-8270-85800f6d3ddf,2018-12-29,2018,MOV1_FULL,0.8473485352294825,0.1526514647705175,0.029999999999999999,707
8cf9c02d-bd8d-5160-9891-b8b3fb14a747,4484c5f7-e7ef-5516-8270-85800f6d3ddf,2018-12-29,2018,MOV1_FULL,0.66907378241276838,0.33092621758723162,0.029999999999999999,707
9429ab4e-6988-5c6a-bc3c-653a12a54373,4484c5f7-e7ef-5516-8270-85800f6d3ddf,2018-12-29,2018,MOV1_FULL,0.37890996442352998,0.62109003557647002,0.029999999999999999,707
a95d177b-28bb-51a4-ba02-44f9f5f3be15,4484c5f7-e7ef-5516-8270-85800f6d3ddf,2018-12-29,2018,MOV1_FULL,0.74575912287642931,0.25424087712357069,0.029999999999999999,707
b6e9f044-48a1-5af0-adc0-e63b2544de81,4484c5f7-e7ef-5516-8270-85800f6d3ddf,2018-12-29,2018,MOV1_FULL,0.84266290798309262,0.15733709201690738,0.029999999999999999,707
c4ee2aeb-252c-50ff-9d14-c48364be6e84,4484c5f7-e7ef-5516-8270-85800f6d3ddf,2018-12-29,2018,MOV1_FULL,0.50297750555755749,0.49702249444244251,0.029999999999999999,707
db0d5848-f820-58b4-b4f3-ae59536788dd,4484c5f7-e7ef-5516-8270-85800f6d3ddf,2018-12-29,2018,MOV1_FULL,0.71302465358139322,0.28697534641860678,0.029999999999999999,707
0e8f2d80-3ad7-5a49-a8f2-4763821e0ece,ad0bc440-9d5b-5e4f-bed4-cfc74025c7b9,2019-01-19,2019,MOV1_FULL,0.66517020036702257,0.33482979963297743,0.029999999999999999,948
1a1e456a-01e4-5c48-b469-e65d7f0732c5,ad0bc440-9d5b-5e4f-bed4-cfc74025c7b9,2019-01-19,2019,MOV1_FULL,0.51614999828241481,0.48385000171758519,0.029999999999999999,948
2c3abd2b-4b84-5919-85a4-6be0ae5efc37,ad0bc440-9d5b-5e4f-bed4-cfc74025c7b9,2019-01-19,2019,MOV1_FULL,0.66188924741546629,0.33811075258453371,0.029999999999999999,948
2ec2a3d1-5579-589f-b927-088dee5cb405,ad0bc440-9d5b-5e4f-bed4-cfc74025c7b9,2019-01-19,2019,MOV1_FULL,0.54243505754361399,0.45756494245638601,0.029999999999999999,948
49f75752-b230-5e39-8348-bb109e97e67e,ad0bc440-9d5b-5e4f-bed4-cfc74025c7b9,2019-01-19,2019,MOV1_FULL,0.81075436013067881,0.18924563986932119,0.029999999999999999,948
4a497fcb-b34f-5ea1-8251-808ee49f6366,ad0bc440-9d5b-5e4f-bed4-cfc74025c7b9,2019-01-19,2019,MOV1_FULL,0.84939044017574694,0.15060955982425306,0.029999999999999999,948
5452e10a-0741-58de-a4fa-1d8d29cc823d,ad0bc440-9d5b-5e4f-bed4-cfc74025c7b9,2019-01-19,2019,MOV1_FULL,0.61525395823500784,0.38474604176499216,0.029999999999999999,948
6bf023a4-676d-59a1-a08c-c39cdf941bce,ad0bc440-9d5b-5e4f-bed4-cfc74025c7b9,2019-01-19,2019,MOV1_FULL,0.91987321513402975,0.080126784865970246,0.029999999999999999,948
830eb5c2-5f3a-5a49-93a8-6fb9ca30de2a,ad0bc440-9d5b-5e4f-bed4-cfc74025c7b9,2019-01-19,2019,MOV1_FULL,0.66734765416912556,0.33265234583087444,0.029999999999999999,948
aaf0d22a-eaad-5a2f-b9c7-e2f23d7526b7,ad0bc440-9d5b-5e4f-bed4-cfc74025c7b9,2019-01-19,2019,MOV1_FULL,0.71947023247996511,0.28052976752003489,0.029999999999999999,948
d27e2f39-416e-52e2-a2d1-b18775fc3453,ad0bc440-9d5b-5e4f-bed4-cfc74025c7b9,2019-01-19,2019,MOV1_FULL,0.7147461292961097,0.2852538707038903,0.029999999999999999,948
d2e587c0-c20e-5833-9962-4fd45c5f1b93,ad0bc440-9d5b-5e4f-bed4-cfc74025c7b9,2019-01-19,2019,MOV1_FULL,0.84801406866388629,0.15198593133611371,0.029999999999999999,948
00af503b-e1eb-50ca-8c28-12e7792376af,80f640a1-9473-502d-a145-8d8be3023664,2019-02-02,2019,MOV1_FULL,0.58274532375508703,0.41725467624491297,0.029999999999999999,948
0b5b801a-4883-51ea-8197-9429b65f1901,80f640a1-9473-502d-a145-8d8be3023664,2019-02-02,2019,MOV1_FULL,0.70463483668011628,0.29536516331988372,0.029999999999999999,948
34c0be4a-e4d4-5c36-a112-4fa4e95dfea9,80f640a1-9473-502d-a145-8d8be3023664,2019-02-02,2019,MOV1_FULL,0.85260100645308912,0.14739899354691088,0.029999999999999999,948
51983ed4-350a-5684-8fed-ad2e6c1727bc,80f640a1-9473-502d-a145-8d8be3023664,2019-02-02,2019,MOV1_FULL,0.52714351006269899,0.47285648993730101,0.029999999999999999,948
7e7bcc01-89b5-5ced-80cb-66d9438c3884,80f640a1-9473-502d-a145-8d8be3023664,2019-02-02,2019,MOV1_FULL,0.81106733807931408,0.18893266192068592,0.029999999999999999,948
b9b8cd5d-fb43-5dfe-a89c-59dd7d5a03e1,80f640a1-9473-502d-a145-8d8be3023664,2019-02-02,2019,MOV1_FULL,0.53818058616570175,0.46181941383429825,0.029999999999999999,948
c43e6161-d1d5-577c-8a65-d104317bc315,80f640a1-9473-502d-a145-8d8be3023664,2019-02-02,2019,MOV1_FULL,0.76616156977084504,0.23383843022915496,0.029999999999999999,948
e601e633-860a-5866-8331-5a585ddd0566,80f640a1-9473-502d-a145-8d8be3023664,2019-02-02,2019,MOV1_FULL,0.60430283536333784,0.39569716463666216,0.029999999999999999,948
e8dd761d-2546-57a7-8e98-19994b3a9cef,80f640a1-9473-502d-a145-8d8be3023664,2019-02-02,2019,MOV1_FULL,0.7740254564984036,0.2259745435015964,0.029999999999999999,948
ee1908aa-fb87-5ba5-82ca-24837744fb0b,80f640a1-9473-502d-a145-8d8be3023664,2019-02-02,2019,MOV1_FULL,0.38016364771618333,0.61983635228381662,0.029999999999999999,948
f2fc5194-a0ab-5284-aae8-3a6fd816bf4e,80f640a1-9473-502d-a145-8d8be3023664,2019-02-02,2019,MOV1_FULL,0.56837273152275691,0.43162726847724309,0.029999999999999999,948
f6876e6f-a104-55d8-b5d8-5f17063e9e53,80f640a1-9473-502d-a145-8d8be3023664,2019-02-02,2019,MOV1_FULL,0.52668577713429965,0.47331422286570035,0.029999999999999999,948
29e5aac8-5242-52b0-bfa7-008b97b20209,336f9e50-975a-532d-b99c-082f4cc2ca7b,2019-02-09,2019,MOV1_FULL,0.22044783555482672,0.77955216444517328,0.029999999999999999,948
2cefcf07-f52a-55ce-822d-b5e3cd3d7434,336f9e50-975a-532d-b99c-082f4cc2ca7b,2019-02-09,2019,MOV1_FULL,0.4933311502868013,0.5066688497131987,0.029999999999999999,948
375ba51e-ef30-5d26-bc44-b4aa2af608bf,336f9e50-975a-532d-b99c-082f4cc2ca7b,2019-02-09,2019,MOV1_FULL,0.73762155844728716,0.26237844155271284,0.029999999999999999,948
4a7ae9f8-d920-5f90-b264-506d4656b03b,336f9e50-975a-532d-b99c-082f4cc2ca7b,2019-02-09,2019,MOV1_FULL,0.71080145689019358,0.28919854310980642,0.029999999999999999,948
5cbb77dc-712b-521b-bb90-6483d15632e1,336f9e50-975a-532d-b99c-082f4cc2ca7b,2019-02-09,2019,MOV1_FULL,0.39980539170397844,0.60019460829602156,0.029999999999999999,948
7028ed1c-1fc1-5b69-896f-e49058a73188,336f9e50-975a-532d-b99c-082f4cc2ca7b,2019-02-09,2019,MOV1_FULL,0.64991244972103401,0.35008755027896599,0.029999999999999999,948
99e5ace8-f0ef-5224-8a4c-99fac637217c,336f9e50-975a-532d-b99c-082f4cc2ca7b,2019-02-09,2019,MOV1_FULL,0.73023780199545518,0.26976219800454482,0.029999999999999999,948
c7d81219-dbb3-5ceb-8ad4-2c4863cb54e3,336f9e50-975a-532d-b99c-082f4cc2ca7b,2019-02-09,2019,MOV1_FULL,0.72034844695324307,0.27965155304675693,0.029999999999999999,948
e2c1756b-bddb-5245-bb66-163da431316e,336f9e50-975a-532d-b99c-082f4cc2ca7b,2019-02-09,2019,MOV1_FULL,0.85699105893946359,0.14300894106053641,0.029999999999999999,948
f10c7bfe-b396-5922-89ce-9dccdaa5ca95,336f9e50-975a-532d-b99c-082f4cc2ca7b,2019-02-09,2019,MOV1_FULL,0.76116688033299174,0.23883311966700826,0.029999999999999999,948
fce4dee3-0331-596d-a005-729ec19a2dfb,336f9e50-975a-532d-b99c-082f4cc2ca7b,2019-02-09,2019,MOV1_FULL,0.92891496054633527,0.071085039453664733,0.029999999999999999,948
0260609b-9fe8-5d56-be02-ebf33924a4a9,60330d18-dc6a-5441-a867-cd3155c693cc,2019-02-17,2019,MOV1_FULL,0.87981599837435376,0.12018400162564624,0.029999999999999999,948
03ea12d4-186d-5a9a-bcc4-33e0179f3b8a,60330d18-dc6a-5441-a867-cd3155c693cc,2019-02-17,2019,MOV1_FULL,0.70828260137263999,0.29171739862736001,0.029999999999999999,948
26ea1a9e-c1d2-5ed9-ace0-46a5cfb418a7,60330d18-dc6a-5441-a867-cd3155c693cc,2019-02-17,2019,MOV1_FULL,0.71918253536192855,0.28081746463807145,0.029999999999999999,948
39dfb85c-5aff-590e-9098-361573d27cfe,60330d18-dc6a-5441-a867-cd3155c693cc,2019-02-17,2019,MOV1_FULL,0.43623033965621505,0.56376966034378495,0.029999999999999999,948
744620fa-0646-5af5-9153-db755dac10b5,60330d18-dc6a-5441-a867-cd3155c693cc,2019-02-17,2019,MOV1_FULL,0.49022700270299358,0.50977299729700642,0.029999999999999999,948
8bdd32ee-3451-5c28-be16-adaeb5e57bbd,60330d18-dc6a-5441-a867-cd3155c693cc,2019-02-17,2019,MOV1_FULL,0.64490677603491742,0.35509322396508258,0.029999999999999999,948
8f801b84-a33e-5699-817e-1e0e4e105ecd,60330d18-dc6a-5441-a867-cd3155c693cc,2019-02-17,2019,MOV1_FULL,0.71612954729311162,0.28387045270688838,0.029999999999999999,948
9a54b63b-65d5-5062-afbc-832bb53775b9,60330d18-dc6a-5441-a867-cd3155c693cc,2019-02-17,2019,MOV1_FULL,0.45504581603780575,0.54495418396219431,0.029999999999999999,948
9ff57061-3a1e-5137-bfbf-ebd6a07e67a9,60330d18-dc6a-5441-a867-cd3155c693cc,2019-02-17,2019,MOV1_FULL,0.75834842014356507,0.24165157985643493,0.029999999999999999,948
acb9a0d4-c18b-553a-8aa9-7cc16d9644f9,60330d18-dc6a-5441-a867-cd3155c693cc,2019-02-17,2019,MOV1_FULL,0.24845167778687274,0.75154832221312728,0.029999999999999999,948
bee861fe-12ab-5f15-85ac-287b3aeef2cb,60330d18-dc6a-5441-a867-cd3155c693cc,2019-02-17,2019,MOV1_FULL,0.28833603326079177,0.71166396673920818,0.029999999999999999,948
c158d3ad-660a-5a34-b7ac-9e0786f0e6c5,60330d18-dc6a-5441-a867-cd3155c693cc,2019-02-17,2019,MOV1_FULL,0.73957109330566606,0.26042890669433394,0.029999999999999999,948
00540e6b-23ce-5e92-ab53-4d069f972890,6e2ab1fb-94ea-5805-9a45-86aadcba4474,2019-02-23,2019,MOV1_FULL,0.73511949600360427,0.26488050399639573,0.029999999999999999,948
05e73943-a03e-5c6f-b669-0bdc58e9cc5e,6e2ab1fb-94ea-5805-9a45-86aadcba4474,2019-02-23,2019,MOV1_FULL,0.85656673263498084,0.14343326736501916,0.029999999999999999,948
06660c43-8fb2-5a81-86e7-13e423ff216d,6e2ab1fb-94ea-5805-9a45-86aadcba4474,2019-02-23,2019,MOV1_FULL,0.75942257095604682,0.24057742904395318,0.029999999999999999,948
34031c6c-0c43-598e-8feb-fdbfd3e0c383,6e2ab1fb-94ea-5805-9a45-86aadcba4474,2019-02-23,2019,MOV1_FULL,0.57032464782601566,0.42967535217398434,0.029999999999999999,948
353b24eb-bf67-52c7-a399-b2863eb1e9c1,6e2ab1fb-94ea-5805-9a45-86aadcba4474,2019-02-23,2019,MOV1_FULL,0.46864109094868794,0.531358909051312,0.029999999999999999,948
35b2715f-6a84-54ef-95d6-de339220ba65,6e2ab1fb-94ea-5805-9a45-86aadcba4474,2019-02-23,2019,MOV1_FULL,0.80241731555517226,0.19758268444482774,0.029999999999999999,948
42bf78f6-c100-54e1-9d7e-4cad9095b5ab,6e2ab1fb-94ea-5805-9a45-86aadcba4474,2019-02-23,2019,MOV1_FULL,0.79151871214564262,0.20848128785435738,0.029999999999999999,948
63f27718-4cd0-5c37-b10f-ba7163c1c369,6e2ab1fb-94ea-5805-9a45-86aadcba4474,2019-02-23,2019,MOV1_FULL,0.81569400380482548,0.18430599619517452,0.029999999999999999,948
6886cdf9-7a3c-5212-99b5-e67d23f9eb34,6e2ab1fb-94ea-5805-9a45-86aadcba4474,2019-02-23,2019,MOV1_FULL,0.36782664766453277,0.63217335233546723,0.029999999999999999,948
70a7221e-5016-5e57-bf6a-669312c3d4cb,6e2ab1fb-94ea-5805-9a45-86aadcba4474,2019-02-23,2019,MOV1_FULL,0.84484770789210462,0.15515229210789538,0.029999999999999999,948
7c90717c-21ce-511c-8381-d2c1a0d58d70,6e2ab1fb-94ea-5805-9a45-86aadcba4474,2019-02-23,2019,MOV1_FULL,0.73708690784190589,0.26291309215809411,0.029999999999999999,948
ccbee82f-b284-5c9c-99e6-bdcad9be112c,6e2ab1fb-94ea-5805-9a45-86aadcba4474,2019-02-23,2019,MOV1_FULL,0.65987734088159866,0.34012265911840134,0.029999999999999999,948
f27a5506-b7a2-5125-9582-2f4c8ec241e7,6e2ab1fb-94ea-5805-9a45-86aadcba4474,2019-02-23,2019,MOV1_FULL,0.87362219767117955,0.12637780232882045,0.029999999999999999,948
39184e2c-94ef-57d5-aefc-643601877b27,b8f7e567-9e0d-5d58-ae4f-4bdd8603ce59,2019-03-02,2019,MOV1_FULL,0.65319916341112438,0.34680083658887562,0.029999999999999999,948
4bfdc769-c5ad-56b4-84ec-b989a4e0d4e6,b8f7e567-9e0d-5d58-ae4f-4bdd8603ce59,2019-03-02,2019,MOV1_FULL,0.46087652529337986,0.53912347470662014,0.029999999999999999,948
546b5cf8-a775-5b41-bf7a-729ecece5a74,b8f7e567-9e0d-5d58-ae4f-4bdd8603ce59,2019-03-02,2019,MOV1_FULL,0.45508550416506494,0.54491449583493501,0.029999999999999999,948
5660f70e-bc7a-52c0-ace2-9ea049f4ca84,b8f7e567-9e0d-5d58-ae4f-4bdd8603ce59,2019-03-02,2019,MOV1_FULL,0.83494846763781505,0.16505153236218495,0.029999999999999999,948
7bcf1421-6a3e-5b30-9f31-afb27862f8aa,b8f7e567-9e0d-5d58-ae4f-4bdd8603ce59,2019-03-02,2019,MOV1_FULL,0.55441900984670012,0.44558099015329988,0.029999999999999999,948
80d0281c-b8fb-533a-be93-eb892bc81404,b8f7e567-9e0d-5d58-ae4f-4bdd8603ce59,2019-03-02,2019,MOV1_FULL,0.54080268788583974,0.45919731211416026,0.029999999999999999,948
82ca674b-eb2a-550b-ada3-7a36a9bb9675,b8f7e567-9e0d-5d58-ae4f-4bdd8603ce59,2019-03-02,2019,MOV1_FULL,0.82345250545919568,0.17654749454080432,0.029999999999999999,948
98eef774-9cd7-5d90-b4aa-6a12164caebc,b8f7e567-9e0d-5d58-ae4f-4bdd8603ce59,2019-03-02,2019,MOV1_FULL,0.6992954361698327,0.3007045638301673,0.029999999999999999,948
dd5b41ec-fc67-5bd1-b9aa-cdf0bdaa5395,b8f7e567-9e0d-5d58-ae4f-4bdd8603ce59,2019-03-02,2019,MOV1_FULL,0.17192252431712512,0.82807747568287482,0.029999999999999999,948
ee962485-86e4-503d-b02d-637b859bef8b,b8f7e567-9e0d-5d58-ae4f-4bdd8603ce59,2019-03-02,2019,MOV1_FULL,0.65833338620930071,0.34166661379069929,0.029999999999999999,948
f8e3b23e-e9a9-5dd9-9c30-c8fbd49f5532,b8f7e567-9e0d-5d58-ae4f-4bdd8603ce59,2019-03-02,2019,MOV1_FULL,0.53300117998464447,0.46699882001535553,0.029999999999999999,948
ff9594be-0e1a-50db-962d-fa528187f89c,b8f7e567-9e0d-5d58-ae4f-4bdd8603ce59,2019-03-02,2019,MOV1_FULL,0.75975008427055024,0.24024991572944976,0.029999999999999999,948
03c24bd3-b7b9-5ce5-931f-64ca6dabde74,234b6ffa-ee90-5eb4-bd6a-511c4d973a97,2019-03-09,2019,MOV1_FULL,0.52843603429302144,0.47156396570697856,0.029999999999999999,948
09f5414d-bfe7-5212-aa61-61375312aec2,234b6ffa-ee90-5eb4-bd6a-511c4d973a97,2019-03-09,2019,MOV1_FULL,0.65251233987833079,0.34748766012166921,0.029999999999999999,948
171e8287-53b1-5700-bfcc-81f05f3f8911,234b6ffa-ee90-5eb4-bd6a-511c4d973a97,2019-03-09,2019,MOV1_FULL,0.66203633435502618,0.33796366564497382,0.029999999999999999,948
2fd509d3-43a6-536e-a48d-980ed11fce34,234b6ffa-ee90-5eb4-bd6a-511c4d973a97,2019-03-09,2019,MOV1_FULL,0.69938608429500249,0.30061391570499751,0.029999999999999999,948
312c109c-0cdf-5c36-80eb-36eaedcc770c,234b6ffa-ee90-5eb4-bd6a-511c4d973a97,2019-03-09,2019,MOV1_FULL,0.51743260111287037,0.48256739888712963,0.029999999999999999,948
3db94633-a1fe-5f25-be3c-8c0ff1135775,234b6ffa-ee90-5eb4-bd6a-511c4d973a97,2019-03-09,2019,MOV1_FULL,0.90981044382590737,0.090189556174092633,0.029999999999999999,948
4bfd4727-b12c-5c98-a92a-d915ddf8397d,234b6ffa-ee90-5eb4-bd6a-511c4d973a97,2019-03-09,2019,MOV1_FULL,0.82735651821124101,0.17264348178875899,0.029999999999999999,948
9d4256ba-4796-5ca6-9b47-9bba2e7c339f,234b6ffa-ee90-5eb4-bd6a-511c4d973a97,2019-03-09,2019,MOV1_FULL,0.50086602273762248,0.49913397726237752,0.029999999999999999,948
a9b00ceb-7aa8-5927-b247-88aa71d2997c,234b6ffa-ee90-5eb4-bd6a-511c4d973a97,2019-03-09,2019,MOV1_FULL,0.65824059252367062,0.34175940747632938,0.029999999999999999,948
c8059c7f-9fa0-5e64-b94d-db4cb7b08486,234b6ffa-ee90-5eb4-bd6a-511c4d973a97,2019-03-09,2019,MOV1_FULL,0.75678454855804045,0.24321545144195955,0.029999999999999999,948
f52eec29-21d6-5aa8-b093-c48ff5b2b37c,234b6ffa-ee90-5eb4-bd6a-511c4d973a97,2019-03-09,2019,MOV1_FULL,0.83080972203653902,0.16919027796346098,0.029999999999999999,948
f7c1ea61-d3ac-516d-a89f-92bf943e663e,234b6ffa-ee90-5eb4-bd6a-511c4d973a97,2019-03-09,2019,MOV1_FULL,0.78479660530981787,0.21520339469018213,0.029999999999999999,948
fea411af-2e2a-57fb-a29d-7e030bf17da7,234b6ffa-ee90-5eb4-bd6a-511c4d973a97,2019-03-09,2019,MOV1_FULL,0.73585158342517398,0.26414841657482602,0.029999999999999999,948
05e6f4f7-b145-599c-8e71-d2ef322951bf,6cae1adb-2d19-51d4-9acf-8a9b273dd8d6,2019-03-16,2019,MOV1_FULL,0.73999661314530651,0.26000338685469349,0.029999999999999999,948
108d4d78-6414-5f20-a593-a661aaa2ca68,6cae1adb-2d19-51d4-9acf-8a9b273dd8d6,2019-03-16,2019,MOV1_FULL,0.82455155471658093,0.17544844528341907,0.029999999999999999,948
1d6987cf-8145-5f90-ae6d-3e31bc06d9d3,6cae1adb-2d19-51d4-9acf-8a9b273dd8d6,2019-03-16,2019,MOV1_FULL,0.6022348173605212,0.3977651826394788,0.029999999999999999,948
2b920ecc-a2ac-5295-91b7-8d6e0554fd6e,6cae1adb-2d19-51d4-9acf-8a9b273dd8d6,2019-03-16,2019,MOV1_FULL,0.6489095745053518,0.3510904254946482,0.029999999999999999,948
60d035da-081b-503e-a162-405098b72e07,6cae1adb-2d19-51d4-9acf-8a9b273dd8d6,2019-03-16,2019,MOV1_FULL,0.67449576453805271,0.32550423546194729,0.029999999999999999,948
6e085a2b-4234-57ea-8dce-9c39dadffba1,6cae1adb-2d19-51d4-9acf-8a9b273dd8d6,2019-03-16,2019,MOV1_FULL,0.57789583106204723,0.42210416893795277,0.029999999999999999,948
7285a3eb-294c-5b70-a20c-5e51f6026972,6cae1adb-2d19-51d4-9acf-8a9b273dd8d6,2019-03-16,2019,MOV1_FULL,0.45478660012383831,0.54521339987616169,0.029999999999999999,948
7c1e06ed-985b-5b08-b6e9-fce8f9aab270,6cae1adb-2d19-51d4-9acf-8a9b273dd8d6,2019-03-16,2019,MOV1_FULL,0.60108854029417358,0.39891145970582642,0.029999999999999999,948
aa67adf5-2fc4-59b3-b69e-e244e030e166,6cae1adb-2d19-51d4-9acf-8a9b273dd8d6,2019-03-16,2019,MOV1_FULL,0.62029651456811974,0.37970348543188026,0.029999999999999999,948
b25ad56e-7ab3-5417-a0bb-29105c02b64a,6cae1adb-2d19-51d4-9acf-8a9b273dd8d6,2019-03-16,2019,MOV1_FULL,0.34248546187333107,0.65751453812666893,0.029999999999999999,948
b65224e3-3f0d-52eb-b78a-4d326392f21b,6cae1adb-2d19-51d4-9acf-8a9b273dd8d6,2019-03-16,2019,MOV1_FULL,0.35129659331040203,0.64870340668959803,0.029999999999999999,948
c7b90866-c550-54f8-ae21-565200d70237,6cae1adb-2d19-51d4-9acf-8a9b273dd8d6,2019-03-16,2019,MOV1_FULL,0.38692154303068138,0.61307845696931862,0.029999999999999999,948
0804400d-77a9-5779-949e-cc28c6cd2b00,7103be98-69e4-519c-8bb2-de1ca342d4ba,2019-03-23,2019,MOV1_FULL,0.44960073845716947,0.55039926154283059,0.029999999999999999,948
4d315a41-2191-5e19-a200-9108cce05418,7103be98-69e4-519c-8bb2-de1ca342d4ba,2019-03-23,2019,MOV1_FULL,0.34770821461731671,0.65229178538268329,0.029999999999999999,948
4fbfccb6-678e-5a4c-a420-8e24c9d16bb8,7103be98-69e4-519c-8bb2-de1ca342d4ba,2019-03-23,2019,MOV1_FULL,0.59382506171641691,0.40617493828358309,0.029999999999999999,948
598ab76d-6c66-5c18-a634-1f128bcb1b24,7103be98-69e4-519c-8bb2-de1ca342d4ba,2019-03-23,2019,MOV1_FULL,0.45478051248237811,0.54521948751762195,0.029999999999999999,948
784f4b92-067c-5f90-afa2-073a206f2031,7103be98-69e4-519c-8bb2-de1ca342d4ba,2019-03-23,2019,MOV1_FULL,0.62759809962353885,0.37240190037646115,0.029999999999999999,948
7d763a30-9705-5474-afdb-2054fd198622,7103be98-69e4-519c-8bb2-de1ca342d4ba,2019-03-23,2019,MOV1_FULL,0.57627101245238299,0.42372898754761701,0.029999999999999999,948
bfd23682-7fbc-54e7-a21e-83828a122f3e,7103be98-69e4-519c-8bb2-de1ca342d4ba,2019-03-23,2019,MOV1_FULL,0.86481307142789532,0.13518692857210468,0.029999999999999999,948
cb3b1761-2649-5b3b-80bb-ff1439198908,7103be98-69e4-519c-8bb2-de1ca342d4ba,2019-03-23,2019,MOV1_FULL,0.72865573165544573,0.27134426834455427,0.029999999999999999,948
cd6673a6-a494-54ed-a4e8-6848cd8a8ae2,7103be98-69e4-519c-8bb2-de1ca342d4ba,2019-03-23,2019,MOV1_FULL,0.70523507974426636,0.29476492025573364,0.029999999999999999,948
ec1082b2-3d06-51ca-b63f-621ea41f37d4,7103be98-69e4-519c-8bb2-de1ca342d4ba,2019-03-23,2019,MOV1_FULL,0.52417327945234549,0.47582672054765451,0.029999999999999999,948
ef38f09f-453e-590f-a297-06d7b235f3c8,7103be98-69e4-519c-8bb2-de1ca342d4ba,2019-03-23,2019,MOV1_FULL,0.71275113329581086,0.28724886670418914,0.029999999999999999,948
ffc04849-d8a1-5391-afd1-efc2c018c574,7103be98-69e4-519c-8bb2-de1ca342d4ba,2019-03-23,2019,MOV1_FULL,0.51124641324720121,0.48875358675279879,0.029999999999999999,948
39249f05-37e0-5150-82cf-7abb9e828fef,b69e99a7-94be-5c69-a91a-37e63de51533,2019-03-30,2019,MOV1_FULL,0.40931955972453116,0.59068044027546884,0.029999999999999999,948
3c15a34a-361a-5d96-9853-ce2f9a46115c,b69e99a7-94be-5c69-a91a-37e63de51533,2019-03-30,2019,MOV1_FULL,0.42488019826942847,0.57511980173057153,0.029999999999999999,948
4122db21-0e57-5704-84fe-09c1033a30ce,b69e99a7-94be-5c69-a91a-37e63de51533,2019-03-30,2019,MOV1_FULL,0.48310246018108305,0.51689753981891695,0.029999999999999999,948
5d8b4792-bb84-5d44-80a7-e4458be4f554,b69e99a7-94be-5c69-a91a-37e63de51533,2019-03-30,2019,MOV1_FULL,0.68458721068503692,0.31541278931496308,0.029999999999999999,948
7c1062bb-9a54-56cc-afec-17d6062f412a,b69e99a7-94be-5c69-a91a-37e63de51533,2019-03-30,2019,MOV1_FULL,0.53224850078153019,0.46775149921846981,0.029999999999999999,948
893cb912-ec7b-5d3f-968a-0fa39096edba,b69e99a7-94be-5c69-a91a-37e63de51533,2019-03-30,2019,MOV1_FULL,0.55840857764565399,0.44159142235434601,0.029999999999999999,948
b59e1ec7-e858-543d-bcaf-417c915887f2,b69e99a7-94be-5c69-a91a-37e63de51533,2019-03-30,2019,MOV1_FULL,0.85901011482491618,0.14098988517508382,0.029999999999999999,948
c33db9a6-1d59-5ce8-ac18-6cb77133c9e0,b69e99a7-94be-5c69-a91a-37e63de51533,2019-03-30,2019,MOV1_FULL,0.56821857917503793,0.43178142082496207,0.029999999999999999,948
ce4ea466-cb66-5346-a0fb-777532a315c8,b69e99a7-94be-5c69-a91a-37e63de51533,2019-03-30,2019,MOV1_FULL,0.60893600539745274,0.39106399460254726,0.029999999999999999,948
f4c9f6e9-5d37-535d-a193-b26565234541,b69e99a7-94be-5c69-a91a-37e63de51533,2019-03-30,2019,MOV1_FULL,0.79248885818522752,0.20751114181477248,0.029999999999999999,948
fae27287-d1d5-58a6-a4e5-ddd3b0357bc7,b69e99a7-94be-5c69-a91a-37e63de51533,2019-03-30,2019,MOV1_FULL,0.82473778559607891,0.17526221440392109,0.029999999999999999,948
fc5645a5-1055-53d8-af36-c36f7a6e1441,b69e99a7-94be-5c69-a91a-37e63de51533,2019-03-30,2019,MOV1_FULL,0.62022278497023764,0.37977721502976236,0.029999999999999999,948
fc80cb0d-9390-52dd-aaed-274c896741ce,b69e99a7-94be-5c69-a91a-37e63de51533,2019-03-30,2019,MOV1_FULL,0.97749712787243481,0.022502872127565188,0.029999999999999999,948
018e9a0d-9516-585a-9963-edf6113fa7c4,0c620c48-a08f-52bc-92cd-8d4e18b002f9,2019-04-13,2019,MOV1_FULL,0.39017339100240123,0.60982660899759877,0.029999999999999999,948
022661d6-ab62-503f-ab09-f410583aaeea,0c620c48-a08f-52bc-92cd-8d4e18b002f9,2019-04-13,2019,MOV1_FULL,0.90843575516215713,0.091564244837842867,0.029999999999999999,948
09d2a585-0eb4-58c0-ad23-ce08f1b1d6b9,0c620c48-a08f-52bc-92cd-8d4e18b002f9,2019-04-13,2019,MOV1_FULL,0.64044979356173515,0.35955020643826485,0.029999999999999999,948
1050cf31-8f64-572b-8166-80e4f0417285,0c620c48-a08f-52bc-92cd-8d4e18b002f9,2019-04-13,2019,MOV1_FULL,0.81192350544599645,0.18807649455400355,0.029999999999999999,948
4ccf77f8-5b93-5a61-a925-f5486ea55625,0c620c48-a08f-52bc-92cd-8d4e18b002f9,2019-04-13,2019,MOV1_FULL,0.8049194588063403,0.1950805411936597,0.029999999999999999,948
5dd59ec2-2fc0-5c4b-b08c-d5e6c6831165,0c620c48-a08f-52bc-92cd-8d4e18b002f9,2019-04-13,2019,MOV1_FULL,0.73381636091600599,0.26618363908399401,0.029999999999999999,948
6e653a38-16d9-55b9-b209-7a1aa382e613,0c620c48-a08f-52bc-92cd-8d4e18b002f9,2019-04-13,2019,MOV1_FULL,0.86123844249167358,0.13876155750832642,0.029999999999999999,948
86f33c49-849e-57d6-a03d-a128bc5348e7,0c620c48-a08f-52bc-92cd-8d4e18b002f9,2019-04-13,2019,MOV1_FULL,0.61247090472950727,0.38752909527049273,0.029999999999999999,948
b9782c28-3b01-5ee2-a375-a6f66ca78f6e,0c620c48-a08f-52bc-92cd-8d4e18b002f9,2019-04-13,2019,MOV1_FULL,0.57190520975640091,0.42809479024359909,0.029999999999999999,948
cc6e8211-67f5-55b9-9a86-53dea32ddede,0c620c48-a08f-52bc-92cd-8d4e18b002f9,2019-04-13,2019,MOV1_FULL,0.64174172530730278,0.35825827469269722,0.029999999999999999,948
d1a68834-9aad-5bbb-b6fe-945120111367,0c620c48-a08f-52bc-92cd-8d4e18b002f9,2019-04-13,2019,MOV1_FULL,0.51375656728839703,0.48624343271160297,0.029999999999999999,948
d49f98f2-2181-54c1-8e85-ab18dd05af8f,0c620c48-a08f-52bc-92cd-8d4e18b002f9,2019-04-13,2019,MOV1_FULL,0.68939856277044198,0.31060143722955802,0.029999999999999999,948
fe1265bf-6f51-55c2-a0c0-8223ad741dcb,0c620c48-a08f-52bc-92cd-8d4e18b002f9,2019-04-13,2019,MOV1_FULL,0.93706757100232985,0.062932428997670153,0.029999999999999999,948
141265e3-c3c4-593c-a2a0-1e3901312e76,2aa19c7f-bfb6-58bd-a277-a60528e549c5,2019-04-20,2019,MOV1_FULL,0.6597688278640238,0.3402311721359762,0.029999999999999999,948
4f96a39d-ff9f-5035-8d70-0ba22c8887f9,2aa19c7f-bfb6-58bd-a277-a60528e549c5,2019-04-20,2019,MOV1_FULL,0.52714351006269899,0.47285648993730101,0.029999999999999999,948
519507b9-3d39-52c9-8970-ed64901f52cd,2aa19c7f-bfb6-58bd-a277-a60528e549c5,2019-04-20,2019,MOV1_FULL,0.64494482701336764,0.35505517298663236,0.029999999999999999,948
6391d1c2-b43c-5da2-9721-c58e5b8cc5c4,2aa19c7f-bfb6-58bd-a277-a60528e549c5,2019-04-20,2019,MOV1_FULL,0.50538281435195931,0.49461718564804069,0.029999999999999999,948
8b7b6b13-edd5-5997-ad13-362578b16dbf,2aa19c7f-bfb6-58bd-a277-a60528e549c5,2019-04-20,2019,MOV1_FULL,0.71085660780569415,0.28914339219430585,0.029999999999999999,948
a7c6fec1-f718-5226-94e0-249b690639da,2aa19c7f-bfb6-58bd-a277-a60528e549c5,2019-04-20,2019,MOV1_FULL,0.52667362411947038,0.47332637588052962,0.029999999999999999,948
b25a2754-e717-5f84-ba18-df3d3f04d340,2aa19c7f-bfb6-58bd-a277-a60528e549c5,2019-04-20,2019,MOV1_FULL,0.73335711397788317,0.26664288602211683,0.029999999999999999,948
cbe1b828-0578-542d-89f7-c4b54c16e75a,2aa19c7f-bfb6-58bd-a277-a60528e549c5,2019-04-20,2019,MOV1_FULL,0.67751485983963522,0.32248514016036478,0.029999999999999999,948
ccbcaadc-66a7-5e98-be0c-41a3f0e04206,2aa19c7f-bfb6-58bd-a277-a60528e549c5,2019-04-20,2019,MOV1_FULL,0.70321007225476251,0.29678992774523749,0.029999999999999999,948
d344103a-063e-5b11-9e87-f2b8f0a5f706,2aa19c7f-bfb6-58bd-a277-a60528e549c5,2019-04-20,2019,MOV1_FULL,0.44401785588075682,0.55598214411924318,0.029999999999999999,948
f4ffd867-4e6f-5950-a6c7-d0fd3ebaadf9,2aa19c7f-bfb6-58bd-a277-a60528e549c5,2019-04-20,2019,MOV1_FULL,0.75422106170213088,0.24577893829786912,0.029999999999999999,948
112ca140-94f2-535b-8f38-83bcae86fb45,0a42e4b2-83f4-5662-8d8c-12a507de2aef,2019-04-27,2019,MOV1_FULL,0.4990294406887878,0.50097055931121215,0.029999999999999999,948
1b5bac6b-e5b3-5b3b-b723-499d5760aeb0,0a42e4b2-83f4-5662-8d8c-12a507de2aef,2019-04-27,2019,MOV1_FULL,0.94490100894765194,0.055098991052348056,0.029999999999999999,948
207a4b8a-1e21-57de-b26b-cc5ef34785b3,0a42e4b2-83f4-5662-8d8c-12a507de2aef,2019-04-27,2019,MOV1_FULL,0.73917174176885148,0.26082825823114852,0.029999999999999999,948
3517863b-2a78-5c53-b642-6dde2dd4f844,0a42e4b2-83f4-5662-8d8c-12a507de2aef,2019-04-27,2019,MOV1_FULL,0.68333214387393482,0.31666785612606518,0.029999999999999999,948
43272068-6ed5-5be9-af7e-eacb2f9254d5,0a42e4b2-83f4-5662-8d8c-12a507de2aef,2019-04-27,2019,MOV1_FULL,0.44529526181811335,0.55470473818188659,0.029999999999999999,948
44e3d645-1892-5bc9-a96e-c65aed8175f0,0a42e4b2-83f4-5662-8d8c-12a507de2aef,2019-04-27,2019,MOV1_FULL,0.65103586847383232,0.34896413152616768,0.029999999999999999,948
49102b64-ecae-5486-839a-9baf5f07e0cf,0a42e4b2-83f4-5662-8d8c-12a507de2aef,2019-04-27,2019,MOV1_FULL,0.86401238130604441,0.13598761869395559,0.029999999999999999,948
5b8af643-cdde-5eec-8b43-e058b1ad70de,0a42e4b2-83f4-5662-8d8c-12a507de2aef,2019-04-27,2019,MOV1_FULL,0.71857130760792309,0.28142869239207691,0.029999999999999999,948
962550fe-dc2a-59b6-bafd-1b521bff1132,0a42e4b2-83f4-5662-8d8c-12a507de2aef,2019-04-27,2019,MOV1_FULL,0.78179772917408297,0.21820227082591703,0.029999999999999999,948
bdfbaf11-7beb-5bc9-b1ac-8397a1447242,0a42e4b2-83f4-5662-8d8c-12a507de2aef,2019-04-27,2019,MOV1_FULL,0.66798465823653674,0.33201534176346326,0.029999999999999999,948
bfa27024-fb1f-5b99-ac04-2c7a10842077,0a42e4b2-83f4-5662-8d8c-12a507de2aef,2019-04-27,2019,MOV1_FULL,0.79359757183582358,0.20640242816417642,0.029999999999999999,948
db3dcc04-8900-5402-8267-54fd6675a474,0a42e4b2-83f4-5662-8d8c-12a507de2aef,2019-04-27,2019,MOV1_FULL,0.74040890569857654,0.25959109430142346,0.029999999999999999,948
2735eefb-a274-598a-bf5d-08569ba0e9ce,edfa81cf-1699-529c-ac25-ad4676123e8b,2019-05-04,2019,MOV1_FULL,0.51200087303673503,0.48799912696326497,0.029999999999999999,948
2e08100b-b95e-57b3-8d05-a2759357a70c,edfa81cf-1699-529c-ac25-ad4676123e8b,2019-05-04,2019,MOV1_FULL,0.47464442730385942,0.52535557269614053,0.029999999999999999,948
3fcbf73e-27e3-5a6a-a57b-640565a525f7,edfa81cf-1699-529c-ac25-ad4676123e8b,2019-05-04,2019,MOV1_FULL,0.88864959208209005,0.11135040791790995,0.029999999999999999,948
53233aa4-df49-5af8-a9ce-76315dbf97a3,edfa81cf-1699-529c-ac25-ad4676123e8b,2019-05-04,2019,MOV1_FULL,0.76425993358200872,0.23574006641799128,0.029999999999999999,948
67c1f3e6-0d4a-566f-9c3f-97ffa2e1cf76,edfa81cf-1699-529c-ac25-ad4676123e8b,2019-05-04,2019,MOV1_FULL,0.68099148260509068,0.31900851739490932,0.029999999999999999,948
7c6bb88b-9f61-5214-a007-1c3ef11a7c26,edfa81cf-1699-529c-ac25-ad4676123e8b,2019-05-04,2019,MOV1_FULL,0.919019169960959,0.080980830039040996,0.029999999999999999,948
8a5e2a9a-62c4-533f-b853-90523b42c88b,edfa81cf-1699-529c-ac25-ad4676123e8b,2019-05-04,2019,MOV1_FULL,0.68318478706462826,0.31681521293537174,0.029999999999999999,948
a49529b3-655a-5a8e-9edc-7e0c1b71951d,edfa81cf-1699-529c-ac25-ad4676123e8b,2019-05-04,2019,MOV1_FULL,0.84145841575829583,0.15854158424170417,0.029999999999999999,948
b7f644b8-3dac-5c4a-8af0-80e951bb73d6,edfa81cf-1699-529c-ac25-ad4676123e8b,2019-05-04,2019,MOV1_FULL,0.70450287751877294,0.29549712248122706,0.029999999999999999,948
d245d2cc-bfde-546c-aa66-0814ed2436c1,edfa81cf-1699-529c-ac25-ad4676123e8b,2019-05-04,2019,MOV1_FULL,0.94651156791926661,0.053488432080733395,0.029999999999999999,948
d2d85ece-4140-5fc7-b4c5-8c71d670ac68,edfa81cf-1699-529c-ac25-ad4676123e8b,2019-05-04,2019,MOV1_FULL,0.7272068025519306,0.2727931974480694,0.029999999999999999,948
e614ab97-e6f1-58fe-bc70-2a035374890e,edfa81cf-1699-529c-ac25-ad4676123e8b,2019-05-04,2019,MOV1_FULL,0.42058616007091287,0.57941383992908713,0.029999999999999999,948
2cca7cd8-c782-5014-a055-be85c8bc7a1e,f265e576-837d-5237-afc5-cc53fcbf1bdb,2019-05-11,2019,MOV1_FULL,0.8741614364842738,0.1258385635157262,0.029999999999999999,948
34cce1de-1830-5352-9a96-7c2019b6daa2,f265e576-837d-5237-afc5-cc53fcbf1bdb,2019-05-11,2019,MOV1_FULL,0.6859157039372531,0.3140842960627469,0.029999999999999999,948
367f8ec0-db45-5f53-9745-e4cc66884bf3,f265e576-837d-5237-afc5-cc53fcbf1bdb,2019-05-11,2019,MOV1_FULL,0.89355581383894422,0.10644418616105578,0.029999999999999999,948
4f88da40-9ef9-53a0-9404-f9dc4156f7e6,f265e576-837d-5237-afc5-cc53fcbf1bdb,2019-05-11,2019,MOV1_FULL,0.39613792816943449,0.60386207183056551,0.029999999999999999,948
6c89b218-370c-59ac-9e2c-60d39bc8191d,f265e576-837d-5237-afc5-cc53fcbf1bdb,2019-05-11,2019,MOV1_FULL,0.85375804207326844,0.14624195792673156,0.029999999999999999,948
b0591c0d-527b-5a89-89e2-46eb995da16b,f265e576-837d-5237-afc5-cc53fcbf1bdb,2019-05-11,2019,MOV1_FULL,0.50989990861668644,0.49010009138331356,0.029999999999999999,948
b556b065-f640-53ba-ad16-57083ec28750,f265e576-837d-5237-afc5-cc53fcbf1bdb,2019-05-11,2019,MOV1_FULL,0.66527744101892938,0.33472255898107062,0.029999999999999999,948
b7e2cb7a-b99f-5875-85b0-d76110adc107,f265e576-837d-5237-afc5-cc53fcbf1bdb,2019-05-11,2019,MOV1_FULL,0.50915537552080847,0.49084462447919153,0.029999999999999999,948
e3bbda45-e953-5068-b7cb-b75b3feaa6dd,f265e576-837d-5237-afc5-cc53fcbf1bdb,2019-05-11,2019,MOV1_FULL,0.92563463756514464,0.074365362434855364,0.029999999999999999,948
f6406ebb-e324-5fd3-8356-780e2ece1c3f,f265e576-837d-5237-afc5-cc53fcbf1bdb,2019-05-11,2019,MOV1_FULL,0.45993830138633252,0.54006169861366748,0.029999999999999999,948
fe082949-6960-5c81-91d4-f9245f31dc67,f265e576-837d-5237-afc5-cc53fcbf1bdb,2019-05-11,2019,MOV1_FULL,0.55229610719707667,0.44770389280292333,0.029999999999999999,948
fec9dda6-4b57-59b3-af33-4200af49f9c5,f265e576-837d-5237-afc5-cc53fcbf1bdb,2019-05-11,2019,MOV1_FULL,0.53703205443146729,0.46296794556853271,0.029999999999999999,948
003d7849-1d3b-5225-ab95-46f271730738,a02d5dcd-13f2-535a-8a7a-3b16cbfc4bf0,2019-05-18,2019,MOV1_FULL,0.76213870922543447,0.23786129077456553,0.029999999999999999,948
2fc5665c-7f3a-5f33-8681-58ce804ff6c5,a02d5dcd-13f2-535a-8a7a-3b16cbfc4bf0,2019-05-18,2019,MOV1_FULL,0.57730968785326742,0.42269031214673258,0.029999999999999999,948
33c42b9f-14c3-59fb-8b06-67fa076a8dbe,a02d5dcd-13f2-535a-8a7a-3b16cbfc4bf0,2019-05-18,2019,MOV1_FULL,0.69600293928971391,0.30399706071028609,0.029999999999999999,948
3b65098d-c812-5d03-a931-c77940529521,a02d5dcd-13f2-535a-8a7a-3b16cbfc4bf0,2019-05-18,2019,MOV1_FULL,0.61399308443104383,0.38600691556895617,0.029999999999999999,948
4876ebfd-6be7-5873-b759-4c537d467c9a,a02d5dcd-13f2-535a-8a7a-3b16cbfc4bf0,2019-05-18,2019,MOV1_FULL,0.61816809208049561,0.38183190791950439,0.029999999999999999,948
78548de2-37a6-5a9f-a779-a32efa1336de,a02d5dcd-13f2-535a-8a7a-3b16cbfc4bf0,2019-05-18,2019,MOV1_FULL,0.69965821577777232,0.30034178422222768,0.029999999999999999,948
95d093fb-0a76-5df2-9a6e-618a9a0bf64f,a02d5dcd-13f2-535a-8a7a-3b16cbfc4bf0,2019-05-18,2019,MOV1_FULL,0.22947266483543108,0.77052733516456895,0.029999999999999999,948
9d7567ce-da6b-53b0-a832-9833635e5079,a02d5dcd-13f2-535a-8a7a-3b16cbfc4bf0,2019-05-18,2019,MOV1_FULL,0.32902107890872956,0.67097892109127044,0.029999999999999999,948
9d7c91cd-1dd9-54e0-b7d0-0e82d374bd9e,a02d5dcd-13f2-535a-8a7a-3b16cbfc4bf0,2019-05-18,2019,MOV1_FULL,0.79769920282695961,0.20230079717304039,0.029999999999999999,948
c80bcf5f-a471-5686-a334-988cded1ef60,a02d5dcd-13f2-535a-8a7a-3b16cbfc4bf0,2019-05-18,2019,MOV1_FULL,0.30592747542878673,0.69407252457121327,0.029999999999999999,948
ca5b603e-db45-51aa-9e9f-66656bb62dea,a02d5dcd-13f2-535a-8a7a-3b16cbfc4bf0,2019-05-18,2019,MOV1_FULL,0.76885241512296676,0.23114758487703324,0.029999999999999999,948
e70c112c-5826-5b3a-b9f5-e154f8efb026,a02d5dcd-13f2-535a-8a7a-3b16cbfc4bf0,2019-05-18,2019,MOV1_FULL,0.82111658925544018,0.17888341074455982,0.029999999999999999,948
fa45b2c1-0d13-5a74-9d38-be261f623fb6,a02d5dcd-13f2-535a-8a7a-3b16cbfc4bf0,2019-05-18,2019,MOV1_FULL,0.594649614942379,0.405350385057621,0.029999999999999999,948
211dc4bc-cd5e-55fd-b801-6531b05bbe96,0362ffd9-bd45-5508-9810-8042e4637384,2019-06-01,2019,MOV1_FULL,0.94160754490975884,0.058392455090241158,0.029999999999999999,948
25103a71-0bf9-5f58-b44e-4a2d0f87a575,0362ffd9-bd45-5508-9810-8042e4637384,2019-06-01,2019,MOV1_FULL,0.52964557898635067,0.47035442101364933,0.029999999999999999,948
2f7df1ba-f3b8-5c6b-942c-1394e2109d39,0362ffd9-bd45-5508-9810-8042e4637384,2019-06-01,2019,MOV1_FULL,0.55877815811366982,0.44122184188633018,0.029999999999999999,948
6f51dd82-9ab7-5858-b892-1401532fa690,0362ffd9-bd45-5508-9810-8042e4637384,2019-06-01,2019,MOV1_FULL,0.57591027775431358,0.42408972224568642,0.029999999999999999,948
861ed82a-6705-5f45-8506-cc43b2e40915,0362ffd9-bd45-5508-9810-8042e4637384,2019-06-01,2019,MOV1_FULL,0.84724262576206233,0.15275737423793767,0.029999999999999999,948
89657cdc-b604-5f95-9f0a-aa4d81eb625d,0362ffd9-bd45-5508-9810-8042e4637384,2019-06-01,2019,MOV1_FULL,0.58585344187922483,0.41414655812077517,0.029999999999999999,948
929a5071-3b1e-51fb-8c30-80146474c8b1,0362ffd9-bd45-5508-9810-8042e4637384,2019-06-01,2019,MOV1_FULL,0.50186968719251457,0.49813031280748543,0.029999999999999999,948
b48d3e3e-2796-571b-9937-279cadb9b1fe,0362ffd9-bd45-5508-9810-8042e4637384,2019-06-01,2019,MOV1_FULL,0.85538319340239344,0.14461680659760656,0.029999999999999999,948
ce1cdfec-0afe-51c1-b73f-b3d5cbc440a6,0362ffd9-bd45-5508-9810-8042e4637384,2019-06-01,2019,MOV1_FULL,0.79389205088179771,0.20610794911820229,0.029999999999999999,948
daaf229b-0d13-5c2d-86f8-53f267f5faf1,0362ffd9-bd45-5508-9810-8042e4637384,2019-06-01,2019,MOV1_FULL,0.51934051324565222,0.48065948675434778,0.029999999999999999,948
e11163f7-36bd-5495-a045-5c9ecb59d862,0362ffd9-bd45-5508-9810-8042e4637384,2019-06-01,2019,MOV1_FULL,0.52473231568998291,0.47526768431001709,0.029999999999999999,948
e4cf5ab3-b13f-528b-89c5-7691adafcb40,0362ffd9-bd45-5508-9810-8042e4637384,2019-06-01,2019,MOV1_FULL,0.73204864745651443,0.26795135254348557,0.029999999999999999,948
0771d526-01ed-5988-92be-1a59a88826e0,770cb354-5c66-54fc-be7b-b1fc81bf3ace,2019-06-08,2019,MOV1_FULL,0.87636879997499573,0.12363120002500427,0.029999999999999999,948
0ab04d2d-c2de-5852-84ef-7ef4abde324a,770cb354-5c66-54fc-be7b-b1fc81bf3ace,2019-06-08,2019,MOV1_FULL,0.71775905539317997,0.28224094460682003,0.029999999999999999,948
0cef9845-e0fd-513d-a7d3-75504c1fc457,770cb354-5c66-54fc-be7b-b1fc81bf3ace,2019-06-08,2019,MOV1_FULL,0.38033918881169243,0.61966081118830751,0.029999999999999999,948
3312c8c7-58d9-55eb-8ac7-1c00fa9beaf0,770cb354-5c66-54fc-be7b-b1fc81bf3ace,2019-06-08,2019,MOV1_FULL,0.77830503582942079,0.22169496417057921,0.029999999999999999,948
4b01d88d-5387-5b64-a908-b7cc87fd230c,770cb354-5c66-54fc-be7b-b1fc81bf3ace,2019-06-08,2019,MOV1_FULL,0.81793094214304163,0.18206905785695837,0.029999999999999999,948
5704d7f0-0f99-5e4a-bdd9-3e3881d11897,770cb354-5c66-54fc-be7b-b1fc81bf3ace,2019-06-08,2019,MOV1_FULL,0.71935807915286809,0.28064192084713191,0.029999999999999999,948
6c49d852-568c-526f-8654-e2003f464ceb,770cb354-5c66-54fc-be7b-b1fc81bf3ace,2019-06-08,2019,MOV1_FULL,0.42502037336326742,0.57497962663673263,0.029999999999999999,948
95df6848-73de-50a4-a679-9405f6d26183,770cb354-5c66-54fc-be7b-b1fc81bf3ace,2019-06-08,2019,MOV1_FULL,0.7918146878075133,0.2081853121924867,0.029999999999999999,948
97edb22c-ae89-59d9-b6dc-4be9e4aed92c,770cb354-5c66-54fc-be7b-b1fc81bf3ace,2019-06-08,2019,MOV1_FULL,0.90545682567986574,0.09454317432013426,0.029999999999999999,948
a8c5d8a2-b8bc-58c3-828c-977008d2e0d9,770cb354-5c66-54fc-be7b-b1fc81bf3ace,2019-06-08,2019,MOV1_FULL,0.83287913020436521,0.16712086979563479,0.029999999999999999,948
b30933a8-92eb-5c65-ac23-27ca2a584587,770cb354-5c66-54fc-be7b-b1fc81bf3ace,2019-06-08,2019,MOV1_FULL,0.7062236324974791,0.2937763675025209,0.029999999999999999,948
d7eb7041-f412-5353-919d-6313c4b2b049,770cb354-5c66-54fc-be7b-b1fc81bf3ace,2019-06-08,2019,MOV1_FULL,0.63807185049572135,0.36192814950427865,0.029999999999999999,948
fa1f8b6f-f75d-5620-9d5e-7636e1472f3c,770cb354-5c66-54fc-be7b-b1fc81bf3ace,2019-06-08,2019,MOV1_FULL,0.8614339469199227,0.1385660530800773,0.029999999999999999,948
21ef431a-5fa8-573d-9401-795550212a4e,4dbf2a79-1b8a-5fca-b091-75cbf022dfa8,2019-06-22,2019,MOV1_FULL,0.34946381680596167,0.65053618319403839,0.029999999999999999,948
2a5b13d2-c41f-54af-a944-bee42d0464d5,4dbf2a79-1b8a-5fca-b091-75cbf022dfa8,2019-06-22,2019,MOV1_FULL,0.45394519787902488,0.54605480212097512,0.029999999999999999,948
2fe69ce3-8feb-5cec-9738-1b87bf4e9372,4dbf2a79-1b8a-5fca-b091-75cbf022dfa8,2019-06-22,2019,MOV1_FULL,0.82996419685671552,0.17003580314328448,0.029999999999999999,948
42d13739-9b93-50e3-9225-f7898b381833,4dbf2a79-1b8a-5fca-b091-75cbf022dfa8,2019-06-22,2019,MOV1_FULL,0.72731277485270696,0.27268722514729304,0.029999999999999999,948
72636813-8f9b-5e4a-b0b1-6e469eadd465,4dbf2a79-1b8a-5fca-b091-75cbf022dfa8,2019-06-22,2019,MOV1_FULL,0.7498354997752259,0.2501645002247741,0.029999999999999999,948
9f3a13cb-3737-590b-a105-94b0336c55fe,4dbf2a79-1b8a-5fca-b091-75cbf022dfa8,2019-06-22,2019,MOV1_FULL,0.6919692518242937,0.3080307481757063,0.029999999999999999,948
c0188ef8-d04e-563d-81e2-1cf2f08ac352,4dbf2a79-1b8a-5fca-b091-75cbf022dfa8,2019-06-22,2019,MOV1_FULL,0.56422314023506481,0.43577685976493519,0.029999999999999999,948
c089c74d-5882-554f-8f6f-ba286771a348,4dbf2a79-1b8a-5fca-b091-75cbf022dfa8,2019-06-22,2019,MOV1_FULL,0.53044846093582532,0.46955153906417468,0.029999999999999999,948
c228b2f3-693e-5d97-a027-aa7844d6f4a3,4dbf2a79-1b8a-5fca-b091-75cbf022dfa8,2019-06-22,2019,MOV1_FULL,0.68009509233434595,0.31990490766565405,0.029999999999999999,948
e08438fd-4aa8-5695-8d34-609247f37bcd,4dbf2a79-1b8a-5fca-b091-75cbf022dfa8,2019-06-22,2019,MOV1_FULL,0.5221647927828027,0.4778352072171973,0.029999999999999999,948
e48ee92b-d4e6-50ff-b393-68466c49315f,4dbf2a79-1b8a-5fca-b091-75cbf022dfa8,2019-06-22,2019,MOV1_FULL,0.47558554847724638,0.52441445152275357,0.029999999999999999,948
1463de78-0608-5ff9-a0e1-139632e1f825,69dea6d5-3872-5ef7-ad11-9db59ac3ec3d,2019-06-29,2019,MOV1_FULL,0.94066572083853128,0.059334279161468717,0.029999999999999999,948
2a78252f-100b-5fce-a0e9-63411dbc1b9b,69dea6d5-3872-5ef7-ad11-9db59ac3ec3d,2019-06-29,2019,MOV1_FULL,0.50571145144087282,0.49428854855912718,0.029999999999999999,948
55e9ea24-bdd6-5a75-9e8c-fe62d99728a5,69dea6d5-3872-5ef7-ad11-9db59ac3ec3d,2019-06-29,2019,MOV1_FULL,0.82565865031318475,0.17434134968681525,0.029999999999999999,948
56b6171d-f317-5fe4-805d-38d47b33406e,69dea6d5-3872-5ef7-ad11-9db59ac3ec3d,2019-06-29,2019,MOV1_FULL,0.51614999828241481,0.48385000171758519,0.029999999999999999,948
601422f3-d4fb-553b-8e95-b4eb89bb5fb6,69dea6d5-3872-5ef7-ad11-9db59ac3ec3d,2019-06-29,2019,MOV1_FULL,0.62801827949155076,0.37198172050844924,0.029999999999999999,948
62691856-1cb7-5bc9-9f0a-81ca9f7f9f91,69dea6d5-3872-5ef7-ad11-9db59ac3ec3d,2019-06-29,2019,MOV1_FULL,0.73707585639188455,0.26292414360811545,0.029999999999999999,948
93bfda7b-7106-5b65-ac47-aa9e15765cd4,69dea6d5-3872-5ef7-ad11-9db59ac3ec3d,2019-06-29,2019,MOV1_FULL,0.80964083097785033,0.19035916902214967,0.029999999999999999,948
a0bc5cb8-7cfe-58da-b99c-709f46962538,69dea6d5-3872-5ef7-ad11-9db59ac3ec3d,2019-06-29,2019,MOV1_FULL,0.29385359640688985,0.70614640359311021,0.029999999999999999,948
a5ab666b-8004-5361-8be2-b155b6f9151f,69dea6d5-3872-5ef7-ad11-9db59ac3ec3d,2019-06-29,2019,MOV1_FULL,0.70246081614853928,0.29753918385146072,0.029999999999999999,948
a7c3510b-90fe-52cd-86df-4ecbb8b6dc39,69dea6d5-3872-5ef7-ad11-9db59ac3ec3d,2019-06-29,2019,MOV1_FULL,0.80078275043860581,0.19921724956139419,0.029999999999999999,948
aa8fcd4d-28f4-5cba-9ce0-4b0dbc444ca1,69dea6d5-3872-5ef7-ad11-9db59ac3ec3d,2019-06-29,2019,MOV1_FULL,0.64257885670831216,0.35742114329168784,0.029999999999999999,948
fc7f8032-c6a0-5d88-8d05-c222bb11ed9e,69dea6d5-3872-5ef7-ad11-9db59ac3ec3d,2019-06-29,2019,MOV1_FULL,0.62101378748907921,0.37898621251092079,0.029999999999999999,948
063aee83-9580-5019-b80a-9b83dc6b9023,357d7a82-70c6-56fa-8458-1df50450ecae,2019-07-06,2019,MOV1_FULL,0.66376490378441733,0.33623509621558267,0.029999999999999999,948
1731786f-0d14-5742-a8a0-c4376efaa4b2,357d7a82-70c6-56fa-8458-1df50450ecae,2019-07-06,2019,MOV1_FULL,0.80785002546797746,0.19214997453202254,0.029999999999999999,948
192c7814-62f4-5a62-9b2a-cfd5a61e5c4c,357d7a82-70c6-56fa-8458-1df50450ecae,2019-07-06,2019,MOV1_FULL,0.55769384459950988,0.44230615540049012,0.029999999999999999,948
1ed0bb9a-0aa6-5329-9616-002e35020430,357d7a82-70c6-56fa-8458-1df50450ecae,2019-07-06,2019,MOV1_FULL,0.71268099771471249,0.28731900228528751,0.029999999999999999,948
44b8efcf-9991-5d5c-a301-fa4ec19189f5,357d7a82-70c6-56fa-8458-1df50450ecae,2019-07-06,2019,MOV1_FULL,0.85415213854365657,0.14584786145634343,0.029999999999999999,948
50c3a362-4d0f-5f2f-927e-b7c3fe01f04b,357d7a82-70c6-56fa-8458-1df50450ecae,2019-07-06,2019,MOV1_FULL,0.67933636623108506,0.32066363376891494,0.029999999999999999,948
588d7c52-8903-531a-88c0-d368d3b960f9,357d7a82-70c6-56fa-8458-1df50450ecae,2019-07-06,2019,MOV1_FULL,0.42008816812923272,0.57991183187076722,0.029999999999999999,948
67968f07-3c30-5731-9bfd-dd068485d71e,357d7a82-70c6-56fa-8458-1df50450ecae,2019-07-06,2019,MOV1_FULL,0.42980138612725277,0.57019861387274728,0.029999999999999999,948
6cef458c-4904-5036-afc4-5957c1d3ec3c,357d7a82-70c6-56fa-8458-1df50450ecae,2019-07-06,2019,MOV1_FULL,0.68718905945938036,0.31281094054061964,0.029999999999999999,948
7c9511ff-f571-5303-9d14-596b932fbf93,357d7a82-70c6-56fa-8458-1df50450ecae,2019-07-06,2019,MOV1_FULL,0.58509197590704709,0.41490802409295291,0.029999999999999999,948
81a2945b-50b2-5c15-989d-5947896d9d29,357d7a82-70c6-56fa-8458-1df50450ecae,2019-07-06,2019,MOV1_FULL,0.35913150783469105,0.64086849216530895,0.029999999999999999,948
eb1a18c3-4775-53a0-8f3d-2a3f9fc6152a,357d7a82-70c6-56fa-8458-1df50450ecae,2019-07-06,2019,MOV1_FULL,0.72630471931057394,0.27369528068942606,0.029999999999999999,948
1f4c28ff-1f05-5947-a4df-a76553384b0e,1a0a315a-faf8-5750-b9d8-eddbb3c23faf,2019-07-13,2019,MOV1_FULL,0.63221937949730134,0.36778062050269866,0.029999999999999999,948
3fc3f8c1-99dd-5831-aa57-c274dd6ca321,1a0a315a-faf8-5750-b9d8-eddbb3c23faf,2019-07-13,2019,MOV1_FULL,0.49617098074673865,0.50382901925326129,0.029999999999999999,948
449f9ba4-938d-5a32-bb0e-19b78b105962,1a0a315a-faf8-5750-b9d8-eddbb3c23faf,2019-07-13,2019,MOV1_FULL,0.58881195404162257,0.41118804595837743,0.029999999999999999,948
57e09ab4-9f80-58bc-a271-86a557cb35ba,1a0a315a-faf8-5750-b9d8-eddbb3c23faf,2019-07-13,2019,MOV1_FULL,0.35342419873133901,0.64657580126866099,0.029999999999999999,948
afe6f76a-348e-599e-b4c0-30f2403d0951,1a0a315a-faf8-5750-b9d8-eddbb3c23faf,2019-07-13,2019,MOV1_FULL,0.78640390459938614,0.21359609540061386,0.029999999999999999,948
c29aefd4-552a-51de-ac1c-f3f1617b495d,1a0a315a-faf8-5750-b9d8-eddbb3c23faf,2019-07-13,2019,MOV1_FULL,0.78238780619786219,0.21761219380213781,0.029999999999999999,948
c6eb2c9a-ff76-5ef7-be05-125af1fd497d,1a0a315a-faf8-5750-b9d8-eddbb3c23faf,2019-07-13,2019,MOV1_FULL,0.67798083733456316,0.32201916266543684,0.029999999999999999,948
cbb53fd0-6423-5ec2-987d-5bf24f41300c,1a0a315a-faf8-5750-b9d8-eddbb3c23faf,2019-07-13,2019,MOV1_FULL,0.65658935929216267,0.34341064070783733,0.029999999999999999,948
e8a4384f-9c15-5964-89a1-a56ff51e3067,1a0a315a-faf8-5750-b9d8-eddbb3c23faf,2019-07-13,2019,MOV1_FULL,0.82951693359084655,0.17048306640915345,0.029999999999999999,948
f14fb10c-f003-5582-8df5-d2d48810da74,1a0a315a-faf8-5750-b9d8-eddbb3c23faf,2019-07-13,2019,MOV1_FULL,0.55003749191765305,0.44996250808234695,0.029999999999999999,948
f4121272-1826-547b-a524-5e7021dc6f22,1a0a315a-faf8-5750-b9d8-eddbb3c23faf,2019-07-13,2019,MOV1_FULL,0.75928891668378351,0.24071108331621649,0.029999999999999999,948
1ebebf13-62cd-53e1-bf9a-f9349a68e0a8,901b4681-aeb5-5e82-8425-e2f26b7ec44d,2019-07-20,2019,MOV1_FULL,0.79320668334055244,0.20679331665944756,0.029999999999999999,948
3941504c-3ef3-5732-b500-528a64b2660f,901b4681-aeb5-5e82-8425-e2f26b7ec44d,2019-07-20,2019,MOV1_FULL,0.7109749852156958,0.2890250147843042,0.029999999999999999,948
4131defc-9269-55ff-952d-36ddd4b228e4,901b4681-aeb5-5e82-8425-e2f26b7ec44d,2019-07-20,2019,MOV1_FULL,0.65812738366075296,0.34187261633924704,0.029999999999999999,948
4fe0cc4e-f905-527f-80e0-1836d80fe462,901b4681-aeb5-5e82-8425-e2f26b7ec44d,2019-07-20,2019,MOV1_FULL,0.73633652687616258,0.26366347312383742,0.029999999999999999,948
74e7b1e5-bc1e-5c86-ba4f-89c73c56b829,901b4681-aeb5-5e82-8425-e2f26b7ec44d,2019-07-20,2019,MOV1_FULL,0.56392668493648668,0.43607331506351332,0.029999999999999999,948
86cbee49-17b9-5ab7-8441-f30d9bff16aa,901b4681-aeb5-5e82-8425-e2f26b7ec44d,2019-07-20,2019,MOV1_FULL,0.89578017144670108,0.10421982855329892,0.029999999999999999,948
939c3d69-d4f2-50a3-903b-5822983ef2f2,901b4681-aeb5-5e82-8425-e2f26b7ec44d,2019-07-20,2019,MOV1_FULL,0.61341376012876747,0.38658623987123253,0.029999999999999999,948
beaab20d-9d27-5e6f-8157-52e206f73fcb,901b4681-aeb5-5e82-8425-e2f26b7ec44d,2019-07-20,2019,MOV1_FULL,0.84899903200010329,0.15100096799989671,0.029999999999999999,948
d154e65e-5eb4-5738-9128-98fd74065461,901b4681-aeb5-5e82-8425-e2f26b7ec44d,2019-07-20,2019,MOV1_FULL,0.65063265838047735,0.34936734161952265,0.029999999999999999,948
d30b513f-6823-5e66-869e-e1775ef1e9ad,901b4681-aeb5-5e82-8425-e2f26b7ec44d,2019-07-20,2019,MOV1_FULL,0.75433514240474175,0.24566485759525825,0.029999999999999999,948
edd3ceb0-7986-5317-8f9e-f6cb76a9743c,901b4681-aeb5-5e82-8425-e2f26b7ec44d,2019-07-20,2019,MOV1_FULL,0.52948905153776626,0.47051094846223374,0.029999999999999999,948
fed78a5d-53e4-5b16-9c72-06584c59547f,901b4681-aeb5-5e82-8425-e2f26b7ec44d,2019-07-20,2019,MOV1_FULL,0.55374631006497599,0.44625368993502401,0.029999999999999999,948
ff69e8fc-410b-5c59-8edf-5e6e49d9849b,901b4681-aeb5-5e82-8425-e2f26b7ec44d,2019-07-20,2019,MOV1_FULL,0.41202525048343402,0.58797474951656592,0.029999999999999999,948
1399ac80-ed7c-59f5-a6be-0f86a994f2c9,945b62bc-da7f-5ff6-9de5-a86b3442f145,2019-07-27,2019,MOV1_FULL,0.39414225641875444,0.60585774358124556,0.029999999999999999,948
16c4f32d-5a09-5699-9cfa-1f804077bb3c,945b62bc-da7f-5ff6-9de5-a86b3442f145,2019-07-27,2019,MOV1_FULL,0.58806088794518807,0.41193911205481193,0.029999999999999999,948
23225c21-895a-51f8-b8ab-92a4e40f928f,945b62bc-da7f-5ff6-9de5-a86b3442f145,2019-07-27,2019,MOV1_FULL,0.79323785405128289,0.20676214594871711,0.029999999999999999,948
319c31d9-16af-5f9e-8d97-c2030049cf86,945b62bc-da7f-5ff6-9de5-a86b3442f145,2019-07-27,2019,MOV1_FULL,0.7430527762629433,0.2569472237370567,0.029999999999999999,948
48849028-0274-50cd-8d16-1972cc5cb5e5,945b62bc-da7f-5ff6-9de5-a86b3442f145,2019-07-27,2019,MOV1_FULL,0.6477309175205177,0.3522690824794823,0.029999999999999999,948
4d1a1514-9ba6-5ef3-bc69-cb5bf176b5f4,945b62bc-da7f-5ff6-9de5-a86b3442f145,2019-07-27,2019,MOV1_FULL,0.81510258924808132,0.18489741075191868,0.029999999999999999,948
6caaf824-6dfc-5033-b0c9-18b524da8085,945b62bc-da7f-5ff6-9de5-a86b3442f145,2019-07-27,2019,MOV1_FULL,0.25051855692254182,0.74948144307745812,0.029999999999999999,948
99582145-497f-5063-8416-dfbf2032db90,945b62bc-da7f-5ff6-9de5-a86b3442f145,2019-07-27,2019,MOV1_FULL,0.6311327024707305,0.3688672975292695,0.029999999999999999,948
d544fb9e-5c47-598f-b804-394b5b023cc2,945b62bc-da7f-5ff6-9de5-a86b3442f145,2019-07-27,2019,MOV1_FULL,0.6849762602350643,0.3150237397649357,0.029999999999999999,948
f1663305-c1e0-540d-a526-8c168fdcb7fa,945b62bc-da7f-5ff6-9de5-a86b3442f145,2019-07-27,2019,MOV1_FULL,0.78825589674877206,0.21174410325122794,0.029999999999999999,948
fae56996-6b6f-551b-9412-41812e585a53,945b62bc-da7f-5ff6-9de5-a86b3442f145,2019-07-27,2019,MOV1_FULL,0.89876671567390087,0.10123328432609913,0.029999999999999999,948
04d73dee-29b7-5561-9475-2e37d378714d,e8a8ac96-3be3-5f2f-9ec6-605c4a18db42,2019-08-03,2019,MOV1_FULL,0.77560179653122807,0.22439820346877193,0.029999999999999999,948
5668d58a-c266-5f71-8377-ba25635b7412,e8a8ac96-3be3-5f2f-9ec6-605c4a18db42,2019-08-03,2019,MOV1_FULL,0.59013127658975251,0.40986872341024749,0.029999999999999999,948
56b8b586-ebc1-5ae1-90ba-5c981a617e7b,e8a8ac96-3be3-5f2f-9ec6-605c4a18db42,2019-08-03,2019,MOV1_FULL,0.47242196086101457,0.52757803913898549,0.029999999999999999,948
89309e47-e4e9-52f4-9ff1-437a56cd2658,e8a8ac96-3be3-5f2f-9ec6-605c4a18db42,2019-08-03,2019,MOV1_FULL,0.43694012158130718,0.56305987841869287,0.029999999999999999,948
8a329c90-68eb-598c-b65d-776de3d26060,e8a8ac96-3be3-5f2f-9ec6-605c4a18db42,2019-08-03,2019,MOV1_FULL,0.48419177387816409,0.51580822612183597,0.029999999999999999,948
90ef8a71-5784-56a8-89a1-2856bdbdfc59,e8a8ac96-3be3-5f2f-9ec6-605c4a18db42,2019-08-03,2019,MOV1_FULL,0.38559773636129724,0.61440226363870276,0.029999999999999999,948
91f774b1-ef2d-5e28-a031-7cda612ad91c,e8a8ac96-3be3-5f2f-9ec6-605c4a18db42,2019-08-03,2019,MOV1_FULL,0.6865322289889173,0.3134677710110827,0.029999999999999999,948
93ad9f9b-3525-5daf-9f5e-31077820aee8,e8a8ac96-3be3-5f2f-9ec6-605c4a18db42,2019-08-03,2019,MOV1_FULL,0.70722590976034572,0.29277409023965428,0.029999999999999999,948
9456c660-fb48-5be6-892b-2d694f65fbc3,e8a8ac96-3be3-5f2f-9ec6-605c4a18db42,2019-08-03,2019,MOV1_FULL,0.49724348812038349,0.50275651187961645,0.029999999999999999,948
a6e15abe-7d9c-5cfe-8198-0f1e927ebfd8,e8a8ac96-3be3-5f2f-9ec6-605c4a18db42,2019-08-03,2019,MOV1_FULL,0.49590808385632251,0.50409191614367743,0.029999999999999999,948
a73d0d83-6e87-560a-a078-2608496c2b66,e8a8ac96-3be3-5f2f-9ec6-605c4a18db42,2019-08-03,2019,MOV1_FULL,0.65649438170057695,0.34350561829942305,0.029999999999999999,948
ede47f91-36b2-5be9-9881-27c72e8047e4,e8a8ac96-3be3-5f2f-9ec6-605c4a18db42,2019-08-03,2019,MOV1_FULL,0.679205978664703,0.320794021335297,0.029999999999999999,948
06f473a7-2c8c-5165-b628-a7dc6823e772,8b915399-0afb-5d1e-8b5a-9b1fa0a298ab,2019-08-10,2019,MOV1_FULL,0.68062309534844956,0.31937690465155044,0.029999999999999999,948
08ba55dd-8b91-55b1-8488-d9b28851dcd5,8b915399-0afb-5d1e-8b5a-9b1fa0a298ab,2019-08-10,2019,MOV1_FULL,0.78368370437414847,0.21631629562585153,0.029999999999999999,948
22c2a17a-4f89-58c4-8ec3-1e4e878fa7d1,8b915399-0afb-5d1e-8b5a-9b1fa0a298ab,2019-08-10,2019,MOV1_FULL,0.52816171047657789,0.47183828952342211,0.029999999999999999,948
2cd3633d-5db9-5e1b-b943-ad28efbc30c2,8b915399-0afb-5d1e-8b5a-9b1fa0a298ab,2019-08-10,2019,MOV1_FULL,0.40694691426862578,0.59305308573137427,0.029999999999999999,948
5550c583-aae2-520e-8d7d-9e8c0fa59f05,8b915399-0afb-5d1e-8b5a-9b1fa0a298ab,2019-08-10,2019,MOV1_FULL,0.35798554141834349,0.64201445858165651,0.029999999999999999,948
71e529f0-f384-570a-9dfc-d222bbf239ca,8b915399-0afb-5d1e-8b5a-9b1fa0a298ab,2019-08-10,2019,MOV1_FULL,0.72554290086630657,0.27445709913369343,0.029999999999999999,948
76cafb23-f1e0-5e1f-9cc5-399c88601552,8b915399-0afb-5d1e-8b5a-9b1fa0a298ab,2019-08-10,2019,MOV1_FULL,0.47930774448338814,0.5206922555166118,0.029999999999999999,948
78bc0123-c3f0-5945-8223-173c881e048d,8b915399-0afb-5d1e-8b5a-9b1fa0a298ab,2019-08-10,2019,MOV1_FULL,0.49740407857932656,0.50259592142067344,0.029999999999999999,948
e9a60827-71ea-53ee-943f-7f4f7fb2bbc3,8b915399-0afb-5d1e-8b5a-9b1fa0a298ab,2019-08-10,2019,MOV1_FULL,0.39558674322797338,0.60441325677202662,0.029999999999999999,948
ea540d01-1878-5471-8048-ddd80d15e966,8b915399-0afb-5d1e-8b5a-9b1fa0a298ab,2019-08-10,2019,MOV1_FULL,0.56522422798351346,0.43477577201648654,0.029999999999999999,948
eb3ed483-c019-530f-ab85-63411b2988e4,8b915399-0afb-5d1e-8b5a-9b1fa0a298ab,2019-08-10,2019,MOV1_FULL,0.53867518303328432,0.46132481696671568,0.029999999999999999,948
f7e3240a-88e8-5e9b-b0f9-6e7f50871a0d,8b915399-0afb-5d1e-8b5a-9b1fa0a298ab,2019-08-10,2019,MOV1_FULL,0.74961560640461766,0.25038439359538234,0.029999999999999999,948
fea6f9a3-77ac-588e-a6ad-496088c80819,8b915399-0afb-5d1e-8b5a-9b1fa0a298ab,2019-08-10,2019,MOV1_FULL,0.62842230933785603,0.37157769066214397,0.029999999999999999,948
04fd6cb5-cbf7-5fac-b031-ccd19181722a,82b4cccc-aaee-501f-b524-55798ef39619,2019-08-17,2019,MOV1_FULL,0.71356623652150553,0.28643376347849447,0.029999999999999999,948
08bc4556-ef1a-5689-9cd8-5029f736f9ae,82b4cccc-aaee-501f-b524-55798ef39619,2019-08-17,2019,MOV1_FULL,0.6761889699393534,0.3238110300606466,0.029999999999999999,948
11e885a0-a91c-53ba-9b4c-b14435e1f67b,82b4cccc-aaee-501f-b524-55798ef39619,2019-08-17,2019,MOV1_FULL,0.94446223862115564,0.055537761378844364,0.029999999999999999,948
1685b130-bebd-571d-a0fc-52ecd8149894,82b4cccc-aaee-501f-b524-55798ef39619,2019-08-17,2019,MOV1_FULL,0.14518948132729809,0.85481051867270197,0.029999999999999999,948
1e08e372-d33d-5406-ae02-6f3d2df58c08,82b4cccc-aaee-501f-b524-55798ef39619,2019-08-17,2019,MOV1_FULL,0.80809978509978297,0.19190021490021703,0.029999999999999999,948
240e73dd-b4a6-5df6-9da5-6ab801021914,82b4cccc-aaee-501f-b524-55798ef39619,2019-08-17,2019,MOV1_FULL,0.737834663850926,0.262165336149074,0.029999999999999999,948
4ccfcc4b-bfc7-595d-b73b-3d87a18c769b,82b4cccc-aaee-501f-b524-55798ef39619,2019-08-17,2019,MOV1_FULL,0.6838146980018377,0.3161853019981623,0.029999999999999999,948
607c3c24-6d33-5b7e-b07c-b2a61e3c8dac,82b4cccc-aaee-501f-b524-55798ef39619,2019-08-17,2019,MOV1_FULL,0.50205332607871611,0.49794667392128389,0.029999999999999999,948
717f9279-5b50-52dc-9959-32ec0961f917,82b4cccc-aaee-501f-b524-55798ef39619,2019-08-17,2019,MOV1_FULL,0.46111906032915756,0.5388809396708425,0.029999999999999999,948
9f336712-9d3a-5607-b553-845f8b34aff7,82b4cccc-aaee-501f-b524-55798ef39619,2019-08-17,2019,MOV1_FULL,0.41602192693985501,0.58397807306014493,0.029999999999999999,948
a417cc39-3872-5e0c-bdf2-4424a212f7fa,82b4cccc-aaee-501f-b524-55798ef39619,2019-08-17,2019,MOV1_FULL,0.89375606137106045,0.10624393862893955,0.029999999999999999,948
e3a64bc0-3dd0-5b30-af91-8eb5e5037ba3,82b4cccc-aaee-501f-b524-55798ef39619,2019-08-17,2019,MOV1_FULL,0.82476919512671754,0.17523080487328246,0.029999999999999999,948
0d3d61f6-8b8f-5847-851a-b645d637f0a7,65594ba6-6d0b-5666-9ab5-925c53297ca2,2019-08-31,2019,MOV1_FULL,0.51614999828241481,0.48385000171758519,0.029999999999999999,948
1b7ab57e-9121-5664-acab-c4c8d966c31f,65594ba6-6d0b-5666-9ab5-925c53297ca2,2019-08-31,2019,MOV1_FULL,0.43630661435316437,0.56369338564683558,0.029999999999999999,948
1cb77228-2f43-565a-8946-919b7731d53e,65594ba6-6d0b-5666-9ab5-925c53297ca2,2019-08-31,2019,MOV1_FULL,0.47700300418533464,0.52299699581466541,0.029999999999999999,948
3242f222-9245-5fbd-843e-0cd2c7410c1c,65594ba6-6d0b-5666-9ab5-925c53297ca2,2019-08-31,2019,MOV1_FULL,0.85027002304818278,0.14972997695181722,0.029999999999999999,948
45ed1ebd-bb04-555e-aec2-a6af59f06e50,65594ba6-6d0b-5666-9ab5-925c53297ca2,2019-08-31,2019,MOV1_FULL,0.34289832509211698,0.65710167490788307,0.029999999999999999,948
60007e65-5e3b-5f39-a824-453164427dd7,65594ba6-6d0b-5666-9ab5-925c53297ca2,2019-08-31,2019,MOV1_FULL,0.50186968719251457,0.49813031280748543,0.029999999999999999,948
916e21a6-ebed-5e60-a3c0-6d9ec4c07f13,65594ba6-6d0b-5666-9ab5-925c53297ca2,2019-08-31,2019,MOV1_FULL,0.60252093638944748,0.39747906361055252,0.029999999999999999,948
92d35494-548a-5cbd-b767-912941faa6ac,65594ba6-6d0b-5666-9ab5-925c53297ca2,2019-08-31,2019,MOV1_FULL,0.77172750428098502,0.22827249571901498,0.029999999999999999,948
9958ed27-1695-58fa-a47c-db8cf72ce876,65594ba6-6d0b-5666-9ab5-925c53297ca2,2019-08-31,2019,MOV1_FULL,0.4412424469620414,0.5587575530379586,0.029999999999999999,948
b6f679fe-8fe2-5766-ab4d-c05bf6301cc7,65594ba6-6d0b-5666-9ab5-925c53297ca2,2019-08-31,2019,MOV1_FULL,0.58650635596789424,0.41349364403210576,0.029999999999999999,948
c039c362-fa41-5286-8d38-0c4e0f93e8ea,65594ba6-6d0b-5666-9ab5-925c53297ca2,2019-08-31,2019,MOV1_FULL,0.54777694489554429,0.45222305510445571,0.029999999999999999,948
0f9b72d4-9e3d-5216-80b8-de155892586a,c4e5024d-7f6b-5033-ac57-4dae336edc27,2019-09-07,2019,MOV1_FULL,0.5470647131737314,0.4529352868262686,0.029999999999999999,948
1860a4fa-0374-5208-893d-20cdb7c863b2,c4e5024d-7f6b-5033-ac57-4dae336edc27,2019-09-07,2019,MOV1_FULL,0.70947859273857583,0.29052140726142417,0.029999999999999999,948
1e6d4861-e394-55e0-89be-e1ff1a5589df,c4e5024d-7f6b-5033-ac57-4dae336edc27,2019-09-07,2019,MOV1_FULL,0.40884538721056563,0.59115461278943437,0.029999999999999999,948
204d1271-c567-5aaa-8871-d9bdb7087f5e,c4e5024d-7f6b-5033-ac57-4dae336edc27,2019-09-07,2019,MOV1_FULL,0.65099939395365347,0.34900060604634653,0.029999999999999999,948
605db9df-cd2d-50c7-aad7-b34db6cb7881,c4e5024d-7f6b-5033-ac57-4dae336edc27,2019-09-07,2019,MOV1_FULL,0.59472280145603185,0.40527719854396815,0.029999999999999999,948
6e114ac2-4aea-5ade-ac99-e715bfab624c,c4e5024d-7f6b-5033-ac57-4dae336edc27,2019-09-07,2019,MOV1_FULL,0.67628033281652022,0.32371966718347978,0.029999999999999999,948
8607be9d-16f6-5c0f-a6fe-2e4334503ba0,c4e5024d-7f6b-5033-ac57-4dae336edc27,2019-09-07,2019,MOV1_FULL,0.73129670463101304,0.26870329536898696,0.029999999999999999,948
8c6e0d32-0fba-516e-80f3-f75b38fa181b,c4e5024d-7f6b-5033-ac57-4dae336edc27,2019-09-07,2019,MOV1_FULL,0.85112591960515538,0.14887408039484462,0.029999999999999999,948
978a9cc0-aedc-5042-9857-7a7364f6ca35,c4e5024d-7f6b-5033-ac57-4dae336edc27,2019-09-07,2019,MOV1_FULL,0.73192434188671773,0.26807565811328227,0.029999999999999999,948
a17e18d6-b14b-5619-95d4-3883c4e6e5a1,c4e5024d-7f6b-5033-ac57-4dae336edc27,2019-09-07,2019,MOV1_FULL,0.75017081754859039,0.24982918245140961,0.029999999999999999,948
c85cbb1c-ce82-5274-80c1-034ccdbf6362,c4e5024d-7f6b-5033-ac57-4dae336edc27,2019-09-07,2019,MOV1_FULL,0.52070843498412611,0.47929156501587389,0.029999999999999999,948
cba28f91-2d2d-51da-8cb7-86b29b8e4d2d,c4e5024d-7f6b-5033-ac57-4dae336edc27,2019-09-07,2019,MOV1_FULL,0.80786842482202825,0.19213157517797175,0.029999999999999999,948
fa285e9a-8239-54cd-8c1a-2fe47a9773ff,c4e5024d-7f6b-5033-ac57-4dae336edc27,2019-09-07,2019,MOV1_FULL,0.81570045095318644,0.18429954904681356,0.029999999999999999,948
07e2eaf1-33be-5d30-b4be-f41f9917339a,05320a1c-7dac-51c8-8a4c-0befd6cf375f,2019-09-14,2019,MOV1_FULL,0.73485652435073512,0.26514347564926488,0.029999999999999999,948
1218c7f0-2bc3-5990-83ba-a937e63092e3,05320a1c-7dac-51c8-8a4c-0befd6cf375f,2019-09-14,2019,MOV1_FULL,0.29623534544435404,0.70376465455564596,0.029999999999999999,948
40643caa-5b51-51df-a358-d5d848cd53f4,05320a1c-7dac-51c8-8a4c-0befd6cf375f,2019-09-14,2019,MOV1_FULL,0.53710919050669659,0.46289080949330341,0.029999999999999999,948
484d9e0b-111c-546f-9523-13ad7c5487f2,05320a1c-7dac-51c8-8a4c-0befd6cf375f,2019-09-14,2019,MOV1_FULL,0.70207813018535503,0.29792186981464497,0.029999999999999999,948
90351694-b1f9-5b33-8ea7-a4fced8bfd05,05320a1c-7dac-51c8-8a4c-0befd6cf375f,2019-09-14,2019,MOV1_FULL,0.53905766837856772,0.46094233162143228,0.029999999999999999,948
b2c29e2c-65d6-5b88-a096-b6f08ae234a7,05320a1c-7dac-51c8-8a4c-0befd6cf375f,2019-09-14,2019,MOV1_FULL,0.59611409987982922,0.40388590012017078,0.029999999999999999,948
d34d2873-264e-50ba-850d-c1ea4c6f8b9d,05320a1c-7dac-51c8-8a4c-0befd6cf375f,2019-09-14,2019,MOV1_FULL,0.49509291063198624,0.50490708936801376,0.029999999999999999,948
d8a60d3f-2cc4-5044-be67-71c7fe938a25,05320a1c-7dac-51c8-8a4c-0befd6cf375f,2019-09-14,2019,MOV1_FULL,0.7683535203009153,0.2316464796990847,0.029999999999999999,948
dade2628-cb86-56f2-9ae3-873ff5418d10,05320a1c-7dac-51c8-8a4c-0befd6cf375f,2019-09-14,2019,MOV1_FULL,0.9791930899785054,0.020806910021494596,0.029999999999999999,948
df87341b-d78f-5fb6-97ad-24630959c1da,05320a1c-7dac-51c8-8a4c-0befd6cf375f,2019-09-14,2019,MOV1_FULL,0.48098291077863353,0.51901708922136647,0.029999999999999999,948
edfafa9b-4d13-5953-9d43-020de29f93d6,05320a1c-7dac-51c8-8a4c-0befd6cf375f,2019-09-14,2019,MOV1_FULL,0.56499236141027509,0.43500763858972491,0.029999999999999999,948
0371af1a-61c9-5a73-89fc-6b5e418c196c,8ee88917-0968-5531-b5fd-090fb2b4d781,2019-09-21,2019,MOV1_FULL,0.73159239594017644,0.26840760405982356,0.029999999999999999,948
038aa4a7-7da4-5435-b7f4-9e8693f8b96b,8ee88917-0968-5531-b5fd-090fb2b4d781,2019-09-21,2019,MOV1_FULL,0.8065427986046354,0.1934572013953646,0.029999999999999999,948
0bb26152-6fa0-583e-b2a7-705d389c9605,8ee88917-0968-5531-b5fd-090fb2b4d781,2019-09-21,2019,MOV1_FULL,0.50290524866145314,0.49709475133854686,0.029999999999999999,948
335eb216-172d-5e83-ad4e-50e49ad02450,8ee88917-0968-5531-b5fd-090fb2b4d781,2019-09-21,2019,MOV1_FULL,0.73218977105627969,0.26781022894372031,0.029999999999999999,948
4eb067db-7cc6-5e57-94bb-9d3e31c28f0e,8ee88917-0968-5531-b5fd-090fb2b4d781,2019-09-21,2019,MOV1_FULL,0.82314847089309373,0.17685152910690627,0.029999999999999999,948
8e503c5a-9909-5256-a1bd-fad89dedff96,8ee88917-0968-5531-b5fd-090fb2b4d781,2019-09-21,2019,MOV1_FULL,0.78192969970536286,0.21807030029463714,0.029999999999999999,948
94cf83b9-19fa-5755-bdc8-12409a40853b,8ee88917-0968-5531-b5fd-090fb2b4d781,2019-09-21,2019,MOV1_FULL,0.71433445427982079,0.28566554572017921,0.029999999999999999,948
c0315c62-1065-5ae3-8e7a-6c9fee39318c,8ee88917-0968-5531-b5fd-090fb2b4d781,2019-09-21,2019,MOV1_FULL,0.81735066455603056,0.18264933544396944,0.029999999999999999,948
c9189e0e-9e52-528c-a69b-63ef5468de51,8ee88917-0968-5531-b5fd-090fb2b4d781,2019-09-21,2019,MOV1_FULL,0.69319975260738109,0.30680024739261891,0.029999999999999999,948
cdaa5ae3-5e90-5025-92b9-281a1a35cdc6,8ee88917-0968-5531-b5fd-090fb2b4d781,2019-09-21,2019,MOV1_FULL,0.66007781714042035,0.33992218285957965,0.029999999999999999,948
f532ab66-7e0e-5797-8a6c-163d52bff63e,8ee88917-0968-5531-b5fd-090fb2b4d781,2019-09-21,2019,MOV1_FULL,0.51845562818017066,0.48154437181982934,0.029999999999999999,948
0afe52a2-48b8-55a6-a96b-2424358144fd,4f1553d9-d172-5918-82d2-c18afb6d4169,2019-09-28,2019,MOV1_FULL,0.67214377768688882,0.32785622231311118,0.029999999999999999,948
18853b3a-a79a-5945-ab40-225ca66561f5,4f1553d9-d172-5918-82d2-c18afb6d4169,2019-09-28,2019,MOV1_FULL,0.69162111042934071,0.30837888957065929,0.029999999999999999,948
39913190-114d-58bc-b131-cf057cfa97ec,4f1553d9-d172-5918-82d2-c18afb6d4169,2019-09-28,2019,MOV1_FULL,0.34969330921438274,0.6503066907856172,0.029999999999999999,948
407f339d-da84-577e-b87a-d391815f93cc,4f1553d9-d172-5918-82d2-c18afb6d4169,2019-09-28,2019,MOV1_FULL,0.72982012225193116,0.27017987774806884,0.029999999999999999,948
4adcf345-598f-5edd-94b5-401e204b0fb4,4f1553d9-d172-5918-82d2-c18afb6d4169,2019-09-28,2019,MOV1_FULL,0.86743223044864182,0.13256776955135818,0.029999999999999999,948
742d5bf3-160e-5c0e-8eb6-7f0b702ea48b,4f1553d9-d172-5918-82d2-c18afb6d4169,2019-09-28,2019,MOV1_FULL,0.81332689369980316,0.18667310630019684,0.029999999999999999,948
759d12b3-0237-5910-a9f5-a93a6918cfdb,4f1553d9-d172-5918-82d2-c18afb6d4169,2019-09-28,2019,MOV1_FULL,0.64807779316945691,0.35192220683054309,0.029999999999999999,948
9b8643aa-2a66-5f4a-a79d-10d38048e24c,4f1553d9-d172-5918-82d2-c18afb6d4169,2019-09-28,2019,MOV1_FULL,0.68734431157940323,0.31265568842059677,0.029999999999999999,948
a5153c42-a49c-5737-be1b-227db269655c,4f1553d9-d172-5918-82d2-c18afb6d4169,2019-09-28,2019,MOV1_FULL,0.66710584451771793,0.33289415548228207,0.029999999999999999,948
c2b75a3a-76d1-52f4-9b03-b36308586a8b,4f1553d9-d172-5918-82d2-c18afb6d4169,2019-09-28,2019,MOV1_FULL,0.58303933828897914,0.41696066171102086,0.029999999999999999,948
da8b6d4c-6ab5-599a-9c9c-2a4020e59854,4f1553d9-d172-5918-82d2-c18afb6d4169,2019-09-28,2019,MOV1_FULL,0.50642178624959366,0.49357821375040634,0.029999999999999999,948
db3c7991-e464-5599-b2fb-780fd9186b3e,4f1553d9-d172-5918-82d2-c18afb6d4169,2019-09-28,2019,MOV1_FULL,0.60395854256788073,0.39604145743211927,0.029999999999999999,948
fedf97c2-0236-54b0-a2c6-2e2aa724d6f8,4f1553d9-d172-5918-82d2-c18afb6d4169,2019-09-28,2019,MOV1_FULL,0.40738514213602939,0.59261485786397061,0.029999999999999999,948
03e1f4a6-9f56-54a4-96d1-9b9e4b97505f,c67080b9-609b-526d-b779-d19ab6273dc6,2019-10-05,2019,MOV1_FULL,0.49740407857932656,0.50259592142067344,0.029999999999999999,948
04dcbf98-73f4-5b1f-9b1f-f9577cd6bbea,c67080b9-609b-526d-b779-d19ab6273dc6,2019-10-05,2019,MOV1_FULL,0.65354902306497864,0.34645097693502136,0.029999999999999999,948
1768de1f-97b2-5469-92b9-c8e95ed3e557,c67080b9-609b-526d-b779-d19ab6273dc6,2019-10-05,2019,MOV1_FULL,0.5666165836882141,0.4333834163117859,0.029999999999999999,948
1f64560f-bccf-5c09-87f7-b0c883d0ac0b,c67080b9-609b-526d-b779-d19ab6273dc6,2019-10-05,2019,MOV1_FULL,0.35857524343941077,0.64142475656058928,0.029999999999999999,948
2f5725eb-2068-51d8-b8e1-e555a0b245ec,c67080b9-609b-526d-b779-d19ab6273dc6,2019-10-05,2019,MOV1_FULL,0.51430469072360485,0.48569530927639515,0.029999999999999999,948
47de6a6f-3ea0-52c0-9494-530597a48ae2,c67080b9-609b-526d-b779-d19ab6273dc6,2019-10-05,2019,MOV1_FULL,0.81776431296024799,0.18223568703975201,0.029999999999999999,948
87666eec-7f81-5de1-86f9-e58e2b3cefd6,c67080b9-609b-526d-b779-d19ab6273dc6,2019-10-05,2019,MOV1_FULL,0.89823971276196102,0.10176028723803898,0.029999999999999999,948
91f10270-b88a-536f-927e-c4ef42618ddc,c67080b9-609b-526d-b779-d19ab6273dc6,2019-10-05,2019,MOV1_FULL,0.75466886099973884,0.24533113900026116,0.029999999999999999,948
9cc59406-3e7f-5015-b542-598965b85630,c67080b9-609b-526d-b779-d19ab6273dc6,2019-10-05,2019,MOV1_FULL,0.93123989790777462,0.068760102092225384,0.029999999999999999,948
a8ba0272-ed14-519a-b246-d6015d9fac42,c67080b9-609b-526d-b779-d19ab6273dc6,2019-10-05,2019,MOV1_FULL,0.79703061340029302,0.20296938659970698,0.029999999999999999,948
1068f29f-1815-5c91-af98-e2ac0a0a948d,14c8d4a7-cccc-58a8-9541-3a5757e42c80,2019-10-12,2019,MOV1_FULL,0.54965371440771582,0.45034628559228418,0.029999999999999999,948
249edb6b-d256-59b2-ac0c-857967fc18fb,14c8d4a7-cccc-58a8-9541-3a5757e42c80,2019-10-12,2019,MOV1_FULL,0.57385068525771887,0.42614931474228113,0.029999999999999999,948
2be973e9-1681-5295-a9b7-93ce6d92dc3f,14c8d4a7-cccc-58a8-9541-3a5757e42c80,2019-10-12,2019,MOV1_FULL,0.41736771468573092,0.58263228531426914,0.029999999999999999,948
44b2ff5f-f64f-5eb0-ba65-602825ed08ae,14c8d4a7-cccc-58a8-9541-3a5757e42c80,2019-10-12,2019,MOV1_FULL,0.24916816131416156,0.75083183868583847,0.029999999999999999,948
678d825b-617e-50c2-ad37-3a8de7db406a,14c8d4a7-cccc-58a8-9541-3a5757e42c80,2019-10-12,2019,MOV1_FULL,0.6829469404680244,0.3170530595319756,0.029999999999999999,948
81dbfe25-6d57-5d33-8ec1-be184c48d7a1,14c8d4a7-cccc-58a8-9541-3a5757e42c80,2019-10-12,2019,MOV1_FULL,0.64189354945866994,0.35810645054133006,0.029999999999999999,948
9e2bc6a0-8325-52a2-8eb6-59dd79849b8e,14c8d4a7-cccc-58a8-9541-3a5757e42c80,2019-10-12,2019,MOV1_FULL,0.71630311353613862,0.28369688646386138,0.029999999999999999,948
9f887ba9-53f1-5c83-8e05-48f5b8fae035,14c8d4a7-cccc-58a8-9541-3a5757e42c80,2019-10-12,2019,MOV1_FULL,0.81038560496355583,0.18961439503644417,0.029999999999999999,948
b4369740-72ee-5f10-a460-ffa305b4d78e,14c8d4a7-cccc-58a8-9541-3a5757e42c80,2019-10-12,2019,MOV1_FULL,0.78338946972173218,0.21661053027826782,0.029999999999999999,948
bf68d31c-d732-5d98-abaf-481657047c51,14c8d4a7-cccc-58a8-9541-3a5757e42c80,2019-10-12,2019,MOV1_FULL,0.7545600127537333,0.2454399872462667,0.029999999999999999,948
ca87e07d-a7af-542d-b11a-13a53c7dfbbf,14c8d4a7-cccc-58a8-9541-3a5757e42c80,2019-10-12,2019,MOV1_FULL,0.45347040194470722,0.54652959805529278,0.029999999999999999,948
e03ccfb4-be3b-515b-b07f-5a917dd451f5,14c8d4a7-cccc-58a8-9541-3a5757e42c80,2019-10-12,2019,MOV1_FULL,0.26435636138120427,0.73564363861879567,0.029999999999999999,948
e17c50cd-3448-5f9a-887e-46661d17195b,14c8d4a7-cccc-58a8-9541-3a5757e42c80,2019-10-12,2019,MOV1_FULL,0.70574329260289115,0.29425670739710885,0.029999999999999999,948
1a24fc11-feda-592f-920c-65064219d71b,8bfcd1d2-eb13-52a6-9134-16004ac77ed3,2019-10-18,2019,MOV1_FULL,0.76931134263524847,0.23068865736475153,0.029999999999999999,948
2e6a13aa-609a-563b-9190-3ded8bcc551d,8bfcd1d2-eb13-52a6-9134-16004ac77ed3,2019-10-18,2019,MOV1_FULL,0.69731589858397935,0.30268410141602065,0.029999999999999999,948
31a60890-8f24-5c89-8745-327c89d77e80,8bfcd1d2-eb13-52a6-9134-16004ac77ed3,2019-10-18,2019,MOV1_FULL,0.8419166296145254,0.1580833703854746,0.029999999999999999,948
4f9cb173-87c6-5b01-9207-88aa4e309341,8bfcd1d2-eb13-52a6-9134-16004ac77ed3,2019-10-18,2019,MOV1_FULL,0.32196203904417775,0.67803796095582225,0.029999999999999999,948
a0be5710-346a-5952-92c9-408fde119073,8bfcd1d2-eb13-52a6-9134-16004ac77ed3,2019-10-18,2019,MOV1_FULL,0.77575266204383408,0.22424733795616592,0.029999999999999999,948
bfea161f-0d86-58f4-ad54-f1e86611539d,8bfcd1d2-eb13-52a6-9134-16004ac77ed3,2019-10-18,2019,MOV1_FULL,0.47266259055069976,0.52733740944930019,0.029999999999999999,948
c7bb2ee8-0f4f-5796-a10e-d10d8d36e4d6,8bfcd1d2-eb13-52a6-9134-16004ac77ed3,2019-10-18,2019,MOV1_FULL,0.44705064607194334,0.55294935392805666,0.029999999999999999,948
c7c48bee-8eef-5d83-a784-3d8c7939a4a4,8bfcd1d2-eb13-52a6-9134-16004ac77ed3,2019-10-18,2019,MOV1_FULL,0.69005829390910822,0.30994170609089178,0.029999999999999999,948
cdf92396-499f-5ddb-9401-c4292295988d,8bfcd1d2-eb13-52a6-9134-16004ac77ed3,2019-10-18,2019,MOV1_FULL,0.70042182370028094,0.29957817629971906,0.029999999999999999,948
e030ec9a-3176-5267-a3d8-753e67a1be2a,8bfcd1d2-eb13-52a6-9134-16004ac77ed3,2019-10-18,2019,MOV1_FULL,0.85489628957931585,0.14510371042068415,0.029999999999999999,948
f3b01f6d-05b4-5ef2-a04f-1792db6d5e31,8bfcd1d2-eb13-52a6-9134-16004ac77ed3,2019-10-18,2019,MOV1_FULL,0.82542446637850198,0.17457553362149802,0.029999999999999999,948
fc353eb5-1b63-50b5-b007-1a8bac4d939a,8bfcd1d2-eb13-52a6-9134-16004ac77ed3,2019-10-18,2019,MOV1_FULL,0.69066444163654273,0.30933555836345727,0.029999999999999999,948
054146e7-ac88-5cfd-a54e-8ea99caca1b3,ab8d7100-83b1-56db-aac4-18bb5fda55b6,2019-10-26,2019,MOV1_FULL,0.84701135244961034,0.15298864755038966,0.029999999999999999,948
0837309f-3474-5a53-a1f0-fc28cf57595e,ab8d7100-83b1-56db-aac4-18bb5fda55b6,2019-10-26,2019,MOV1_FULL,0.70322918857061634,0.29677081142938366,0.029999999999999999,948
268ad706-3a03-5463-9a69-6075a5c94184,ab8d7100-83b1-56db-aac4-18bb5fda55b6,2019-10-26,2019,MOV1_FULL,0.66674915870538443,0.33325084129461557,0.029999999999999999,948
6650f39c-7b9f-599e-9118-b183c0a63f3b,ab8d7100-83b1-56db-aac4-18bb5fda55b6,2019-10-26,2019,MOV1_FULL,0.77034650991223974,0.22965349008776026,0.029999999999999999,948
7e8d445e-a381-53e1-a253-0e1f6e253996,ab8d7100-83b1-56db-aac4-18bb5fda55b6,2019-10-26,2019,MOV1_FULL,0.42003830096386024,0.57996169903613981,0.029999999999999999,948
80d64a1f-6f44-569a-932d-6684c7f18965,ab8d7100-83b1-56db-aac4-18bb5fda55b6,2019-10-26,2019,MOV1_FULL,0.69782949446317188,0.30217050553682812,0.029999999999999999,948
a8b8f676-d9b4-5eae-be3d-719b6c536abd,ab8d7100-83b1-56db-aac4-18bb5fda55b6,2019-10-26,2019,MOV1_FULL,0.67004477849511823,0.32995522150488177,0.029999999999999999,948
acb217c9-5a98-5f9e-aeb5-576eee21f29c,ab8d7100-83b1-56db-aac4-18bb5fda55b6,2019-10-26,2019,MOV1_FULL,0.80595889474071247,0.19404110525928753,0.029999999999999999,948
c5692375-e279-5857-b533-3469d1e6743f,ab8d7100-83b1-56db-aac4-18bb5fda55b6,2019-10-26,2019,MOV1_FULL,0.75967742167828234,0.24032257832171766,0.029999999999999999,948
de87ddfa-3c35-58d1-ac6d-790c135e5dc4,ab8d7100-83b1-56db-aac4-18bb5fda55b6,2019-10-26,2019,MOV1_FULL,0.88121730331572656,0.11878269668427344,0.029999999999999999,948
ff504072-8c86-5695-bb85-e2c98cae30ae,ab8d7100-83b1-56db-aac4-18bb5fda55b6,2019-10-26,2019,MOV1_FULL,0.57491168907172374,0.42508831092827626,0.029999999999999999,948
19d3e2c8-0c2f-58fd-9954-ccaf8a2025ad,28e07de2-d30e-560b-82ed-26c6efc2a338,2019-11-02,2019,MOV1_FULL,0.80195773547317839,0.19804226452682161,0.029999999999999999,948
2439bae4-f030-5303-b29d-aba0dd4ecb57,28e07de2-d30e-560b-82ed-26c6efc2a338,2019-11-02,2019,MOV1_FULL,0.7957808083498521,0.2042191916501479,0.029999999999999999,948
2c2d0ce8-bcad-5628-80c6-69226bc3e276,28e07de2-d30e-560b-82ed-26c6efc2a338,2019-11-02,2019,MOV1_FULL,0.56793833598018995,0.43206166401981005,0.029999999999999999,948
38c12a7b-6644-560f-9e7c-314945aed170,28e07de2-d30e-560b-82ed-26c6efc2a338,2019-11-02,2019,MOV1_FULL,0.60684549131044108,0.39315450868955892,0.029999999999999999,948
39d63684-f281-5591-b1f9-fdfa05183574,28e07de2-d30e-560b-82ed-26c6efc2a338,2019-11-02,2019,MOV1_FULL,0.65345954395208561,0.34654045604791439,0.029999999999999999,948
4ef74d28-fe80-5683-b52a-d138c9844524,28e07de2-d30e-560b-82ed-26c6efc2a338,2019-11-02,2019,MOV1_FULL,0.86446575841135365,0.13553424158864635,0.029999999999999999,948
808ff87a-0fdb-5598-8fa8-b2a1db27d552,28e07de2-d30e-560b-82ed-26c6efc2a338,2019-11-02,2019,MOV1_FULL,0.95112332938722499,0.048876670612775008,0.029999999999999999,948
839c504b-1e43-58af-9656-b7d5f54daa42,28e07de2-d30e-560b-82ed-26c6efc2a338,2019-11-02,2019,MOV1_FULL,0.81772188843755633,0.18227811156244367,0.029999999999999999,948
98c699ce-77f3-591c-9ede-563913b1180a,28e07de2-d30e-560b-82ed-26c6efc2a338,2019-11-02,2019,MOV1_FULL,0.72920967192118147,0.27079032807881853,0.029999999999999999,948
990037a3-c623-5e5d-a9c7-c076bcf0f6af,28e07de2-d30e-560b-82ed-26c6efc2a338,2019-11-02,2019,MOV1_FULL,0.80818331653600783,0.19181668346399217,0.029999999999999999,948
b8d52581-80b3-561e-a29c-8bbc03938e9c,28e07de2-d30e-560b-82ed-26c6efc2a338,2019-11-02,2019,MOV1_FULL,0.8305531919011202,0.1694468080988798,0.029999999999999999,948
ed2fa574-06aa-5224-a92a-80123bdc32d7,28e07de2-d30e-560b-82ed-26c6efc2a338,2019-11-02,2019,MOV1_FULL,0.64375402282623873,0.35624597717376127,0.029999999999999999,948
03fdbd4a-8baa-5b63-838e-89700b6b110b,877c68ef-a5d6-5497-826b-676cf37fe901,2019-11-09,2019,MOV1_FULL,0.73036292271206671,0.26963707728793329,0.029999999999999999,948
066678b8-7129-5d03-a7aa-f09e2cd72fdc,877c68ef-a5d6-5497-826b-676cf37fe901,2019-11-09,2019,MOV1_FULL,0.8576726526447972,0.1423273473552028,0.029999999999999999,948
3f65040a-4e62-5246-816b-ec3c57c1f63b,877c68ef-a5d6-5497-826b-676cf37fe901,2019-11-09,2019,MOV1_FULL,0.5518149464614811,0.4481850535385189,0.029999999999999999,948
6b660269-4270-565f-877b-7389b88eed6e,877c68ef-a5d6-5497-826b-676cf37fe901,2019-11-09,2019,MOV1_FULL,0.80005530880126796,0.19994469119873204,0.029999999999999999,948
6e4820ca-6283-5bbf-9dbc-502df43332dc,877c68ef-a5d6-5497-826b-676cf37fe901,2019-11-09,2019,MOV1_FULL,0.57551335227721923,0.42448664772278077,0.029999999999999999,948
788c6fc6-2e4f-5ca2-8452-c248e4f79cc8,877c68ef-a5d6-5497-826b-676cf37fe901,2019-11-09,2019,MOV1_FULL,0.65637303773971301,0.34362696226028699,0.029999999999999999,948
98d922c4-dd15-5170-8eff-fcffada6ef19,877c68ef-a5d6-5497-826b-676cf37fe901,2019-11-09,2019,MOV1_FULL,0.84584677010743425,0.15415322989256575,0.029999999999999999,948
98f4315b-340e-5e88-9f04-1cbcbcde7665,877c68ef-a5d6-5497-826b-676cf37fe901,2019-11-09,2019,MOV1_FULL,0.54699042042856694,0.45300957957143306,0.029999999999999999,948
b235fc3e-b02c-54bf-8619-9ff420b0cf59,877c68ef-a5d6-5497-826b-676cf37fe901,2019-11-09,2019,MOV1_FULL,0.67776948280616967,0.32223051719383033,0.029999999999999999,948
b33d6765-eb91-59d8-bd10-52764ad4460a,877c68ef-a5d6-5497-826b-676cf37fe901,2019-11-09,2019,MOV1_FULL,0.65945005089140396,0.34054994910859604,0.029999999999999999,948
c7533595-af17-53dc-ae05-aabbfe04a84e,877c68ef-a5d6-5497-826b-676cf37fe901,2019-11-09,2019,MOV1_FULL,0.47792445444165849,0.52207554555834146,0.029999999999999999,948
d7457b7d-4923-5dfa-b0df-64f76db3796a,877c68ef-a5d6-5497-826b-676cf37fe901,2019-11-09,2019,MOV1_FULL,0.46255823997576295,0.53744176002423705,0.029999999999999999,948
ef0bf665-28aa-54e9-9cc0-1235eec0f168,877c68ef-a5d6-5497-826b-676cf37fe901,2019-11-09,2019,MOV1_FULL,0.5102348248773072,0.4897651751226928,0.029999999999999999,948
3c85973a-f645-50f3-a052-b38a2cb18dbe,c515c11a-c05e-5c83-9d15-43e6f89b9d24,2019-11-16,2019,MOV1_FULL,0.73785012703463748,0.26214987296536252,0.029999999999999999,948
4070bf50-528c-5b33-bd0b-24fdb88fa7a3,c515c11a-c05e-5c83-9d15-43e6f89b9d24,2019-11-16,2019,MOV1_FULL,0.56405498578607272,0.43594501421392728,0.029999999999999999,948
414fa216-f03c-5066-b1c5-56c1de8e41de,c515c11a-c05e-5c83-9d15-43e6f89b9d24,2019-11-16,2019,MOV1_FULL,0.43533824732118787,0.56466175267881213,0.029999999999999999,948
5ea18c08-cdca-5285-9888-d367abe42dc1,c515c11a-c05e-5c83-9d15-43e6f89b9d24,2019-11-16,2019,MOV1_FULL,0.68073305016151087,0.31926694983848913,0.029999999999999999,948
7f96c8c8-65ef-5025-a4c1-fa5f1edfe368,c515c11a-c05e-5c83-9d15-43e6f89b9d24,2019-11-16,2019,MOV1_FULL,0.56297769132012698,0.43702230867987302,0.029999999999999999,948
ccee21c4-829c-5830-a6ba-f5034ec8eca8,c515c11a-c05e-5c83-9d15-43e6f89b9d24,2019-11-16,2019,MOV1_FULL,0.55682972206051107,0.44317027793948893,0.029999999999999999,948
cfb414f8-65ba-51f0-885b-083ee4f0f010,c515c11a-c05e-5c83-9d15-43e6f89b9d24,2019-11-16,2019,MOV1_FULL,0.68234035967754914,0.31765964032245086,0.029999999999999999,948
d97fb1e5-33ca-50c0-a132-647e2aa26caf,c515c11a-c05e-5c83-9d15-43e6f89b9d24,2019-11-16,2019,MOV1_FULL,0.79676157643427514,0.20323842356572486,0.029999999999999999,948
db5e9cb4-304e-5673-b953-a077a67175f3,c515c11a-c05e-5c83-9d15-43e6f89b9d24,2019-11-16,2019,MOV1_FULL,0.6626799433542282,0.3373200566457718,0.029999999999999999,948
e6d536b4-a9d4-5446-a8e1-5bd0a32ee95c,c515c11a-c05e-5c83-9d15-43e6f89b9d24,2019-11-16,2019,MOV1_FULL,0.56617932747564703,0.43382067252435297,0.029999999999999999,948
eda4dd5a-b0a7-5891-adb1-2a962b4151a7,c515c11a-c05e-5c83-9d15-43e6f89b9d24,2019-11-16,2019,MOV1_FULL,0.71378683307069724,0.28621316692930276,0.029999999999999999,948
fd9ee072-6dd1-5b38-a457-e41e66f3a6e7,c515c11a-c05e-5c83-9d15-43e6f89b9d24,2019-11-16,2019,MOV1_FULL,0.48179788984295435,0.51820211015704565,0.029999999999999999,948
1913bf09-c6a1-5867-b55b-38e93da304f2,b1454376-f0b6-5f4c-92da-02b567eeab7d,2019-12-07,2019,MOV1_FULL,0.93202061014173609,0.067979389858263906,0.029999999999999999,948
29c347d4-8288-5422-a15c-187160030109,b1454376-f0b6-5f4c-92da-02b567eeab7d,2019-12-07,2019,MOV1_FULL,0.37059884506242213,0.62940115493757787,0.029999999999999999,948
2e298426-f425-5038-af51-4214aabb2283,b1454376-f0b6-5f4c-92da-02b567eeab7d,2019-12-07,2019,MOV1_FULL,0.42661199741247235,0.57338800258752765,0.029999999999999999,948
31166182-b81a-5dff-9b8c-056574ea15c2,b1454376-f0b6-5f4c-92da-02b567eeab7d,2019-12-07,2019,MOV1_FULL,0.55619461269670434,0.44380538730329566,0.029999999999999999,948
6aedb0e4-d655-5515-94a3-74500831daf4,b1454376-f0b6-5f4c-92da-02b567eeab7d,2019-12-07,2019,MOV1_FULL,0.57908580572998802,0.42091419427001198,0.029999999999999999,948
7ae5f8fb-dce5-56b4-b5f4-94298f2b304d,b1454376-f0b6-5f4c-92da-02b567eeab7d,2019-12-07,2019,MOV1_FULL,0.59063603468158488,0.40936396531841512,0.029999999999999999,948
ab523858-5548-5aa7-afe5-43ccf3dbe3c5,b1454376-f0b6-5f4c-92da-02b567eeab7d,2019-12-07,2019,MOV1_FULL,0.47603332268265164,0.52396667731734836,0.029999999999999999,948
af2a1484-dfd1-5fc0-b890-a2d89e4e2b12,b1454376-f0b6-5f4c-92da-02b567eeab7d,2019-12-07,2019,MOV1_FULL,0.86355721063498991,0.13644278936501009,0.029999999999999999,948
b565392e-01de-5c0b-ba5f-6bb17f3c0ed5,b1454376-f0b6-5f4c-92da-02b567eeab7d,2019-12-07,2019,MOV1_FULL,0.79816409659924892,0.20183590340075108,0.029999999999999999,948
bb0cdd5c-eb93-5fbc-88f3-bc59c4172968,b1454376-f0b6-5f4c-92da-02b567eeab7d,2019-12-07,2019,MOV1_FULL,0.52714351006269899,0.47285648993730101,0.029999999999999999,948
c1c039df-5ab2-581e-83c9-bf91345543b6,b1454376-f0b6-5f4c-92da-02b567eeab7d,2019-12-07,2019,MOV1_FULL,0.57234703108342766,0.42765296891657234,0.029999999999999999,948
f1720ae0-30d6-5e23-bf3b-4e245123e8db,b1454376-f0b6-5f4c-92da-02b567eeab7d,2019-12-07,2019,MOV1_FULL,0.79488738950361904,0.20511261049638096,0.029999999999999999,948
06de6696-d157-5143-aa15-49ec256b2efc,5cf232f8-9e0c-5cf5-b1c5-a3f4f63df736,2019-12-14,2019,MOV1_FULL,0.60852398907391914,0.39147601092608086,0.029999999999999999,948
0f2602f5-c385-5a44-8eaa-8bf2ba3c54d1,5cf232f8-9e0c-5cf5-b1c5-a3f4f63df736,2019-12-14,2019,MOV1_FULL,0.91195003023045629,0.088049969769543712,0.029999999999999999,948
338677a4-cdb5-5e2c-954e-2ba6e70a1771,5cf232f8-9e0c-5cf5-b1c5-a3f4f63df736,2019-12-14,2019,MOV1_FULL,0.60814827002363414,0.39185172997636586,0.029999999999999999,948
3e0ba7cd-5ab8-58d7-a336-7f23861f8451,5cf232f8-9e0c-5cf5-b1c5-a3f4f63df736,2019-12-14,2019,MOV1_FULL,0.8418354546622292,0.1581645453377708,0.029999999999999999,948
3fe90d8c-c89b-59b5-8394-0a58171ded62,5cf232f8-9e0c-5cf5-b1c5-a3f4f63df736,2019-12-14,2019,MOV1_FULL,0.70431386388741846,0.29568613611258154,0.029999999999999999,948
4d29954e-eb9a-5c4a-afc0-66b0f8f8bdb6,5cf232f8-9e0c-5cf5-b1c5-a3f4f63df736,2019-12-14,2019,MOV1_FULL,0.73596230507835048,0.26403769492164952,0.029999999999999999,948
62b3bea9-a999-5a27-9919-5ea1c6530d6b,5cf232f8-9e0c-5cf5-b1c5-a3f4f63df736,2019-12-14,2019,MOV1_FULL,0.52000128274199242,0.47999871725800758,0.029999999999999999,948
6720b722-cf7e-52a4-938d-5d9411900e76,5cf232f8-9e0c-5cf5-b1c5-a3f4f63df736,2019-12-14,2019,MOV1_FULL,0.73839026208753411,0.26160973791246589,0.029999999999999999,948
6efb603a-80c7-5cb1-af23-92bf364119d9,5cf232f8-9e0c-5cf5-b1c5-a3f4f63df736,2019-12-14,2019,MOV1_FULL,0.73550427846316924,0.26449572153683076,0.029999999999999999,948
7c74031f-934b-54aa-abb3-0246dc12f628,5cf232f8-9e0c-5cf5-b1c5-a3f4f63df736,2019-12-14,2019,MOV1_FULL,0.86707303755362874,0.13292696244637126,0.029999999999999999,948
a9f84eb2-35cc-58f2-9e25-66b041b8515b,5cf232f8-9e0c-5cf5-b1c5-a3f4f63df736,2019-12-14,2019,MOV1_FULL,0.56543747996262728,0.43456252003737272,0.029999999999999999,948
c1d9cbf2-ce44-5312-ace0-1f6e94417cef,5cf232f8-9e0c-5cf5-b1c5-a3f4f63df736,2019-12-14,2019,MOV1_FULL,0.50474127605985786,0.49525872394014214,0.029999999999999999,948
fba25294-9ff0-59ed-9759-8793af68d767,5cf232f8-9e0c-5cf5-b1c5-a3f4f63df736,2019-12-14,2019,MOV1_FULL,0.81092991121136915,0.18907008878863085,0.029999999999999999,948
10b99187-b88c-5427-92d3-956a2c1349a1,696e86cf-4f4d-5eea-8623-183f04ee9325,2019-12-21,2019,MOV1_FULL,0.58562685137418358,0.41437314862581642,0.029999999999999999,948
2ddb0b7a-b2d4-50d7-a1c3-f9e5840ebdef,696e86cf-4f4d-5eea-8623-183f04ee9325,2019-12-21,2019,MOV1_FULL,0.53275621562678199,0.46724378437321801,0.029999999999999999,948
5884c2b5-2d5b-55e2-86e3-a7d13a2f7696,696e86cf-4f4d-5eea-8623-183f04ee9325,2019-12-21,2019,MOV1_FULL,0.67920955201426281,0.32079044798573719,0.029999999999999999,948
64ce81a7-e11f-540e-ae15-56e65ab06f5e,696e86cf-4f4d-5eea-8623-183f04ee9325,2019-12-21,2019,MOV1_FULL,0.84949144839762758,0.15050855160237242,0.029999999999999999,948
884978e6-b93c-5e90-b0bd-8de38e304542,696e86cf-4f4d-5eea-8623-183f04ee9325,2019-12-21,2019,MOV1_FULL,0.7940780328108924,0.2059219671891076,0.029999999999999999,948
886afbca-aad4-53b3-8003-f2462f5b3d8d,696e86cf-4f4d-5eea-8623-183f04ee9325,2019-12-21,2019,MOV1_FULL,0.67015058335589794,0.32984941664410206,0.029999999999999999,948
8b205703-4a21-5b3b-9778-4667ab166e3a,696e86cf-4f4d-5eea-8623-183f04ee9325,2019-12-21,2019,MOV1_FULL,0.72719188726851713,0.27280811273148287,0.029999999999999999,948
8e682644-69ad-5544-abfe-b7760090a9d3,696e86cf-4f4d-5eea-8623-183f04ee9325,2019-12-21,2019,MOV1_FULL,0.48746871728112567,0.51253128271887438,0.029999999999999999,948
a38e032a-6c86-5e19-ab9a-e3625d2361b0,696e86cf-4f4d-5eea-8623-183f04ee9325,2019-12-21,2019,MOV1_FULL,0.73318049583722922,0.26681950416277078,0.029999999999999999,948
a3bb513d-5f42-5968-8647-0a91d4720b3c,696e86cf-4f4d-5eea-8623-183f04ee9325,2019-12-21,2019,MOV1_FULL,0.43358285037929034,0.56641714962070966,0.029999999999999999,948
a6e5b57d-4dea-5bd6-8f2a-f82643b8ee61,696e86cf-4f4d-5eea-8623-183f04ee9325,2019-12-21,2019,MOV1_FULL,0.49300110169019129,0.50699889830980871,0.029999999999999999,948
e9a862c8-cc47-57d2-adda-e81716d157c9,696e86cf-4f4d-5eea-8623-183f04ee9325,2019-12-21,2019,MOV1_FULL,0.88409369764892787,0.11590630235107213,0.029999999999999999,948
fd24aee0-f8b3-5f76-ae4c-8d8987db410d,696e86cf-4f4d-5eea-8623-183f04ee9325,2019-12-21,2019,MOV1_FULL,0.61984747824227682,0.38015252175772318,0.029999999999999999,948
081294d3-b7be-50aa-9e1b-ccfdc8b24697,667fb6d7-bd5b-5607-bc36-cda6c4f9c044,2020-01-18,2020,MOV1_FULL,0.76537798054235706,0.23462201945764294,0.029999999999999999,1179
19f99fe5-f868-5b13-9500-910e491095c9,667fb6d7-bd5b-5607-bc36-cda6c4f9c044,2020-01-18,2020,MOV1_FULL,0.80726629023243346,0.19273370976756654,0.029999999999999999,1179
270c5f01-f4e9-547f-a169-737cb91da9e9,667fb6d7-bd5b-5607-bc36-cda6c4f9c044,2020-01-18,2020,MOV1_FULL,0.68170610849428992,0.31829389150571008,0.029999999999999999,1179
3799d243-ee3c-5006-b45c-074bba92f549,667fb6d7-bd5b-5607-bc36-cda6c4f9c044,2020-01-18,2020,MOV1_FULL,0.94125631033760782,0.058743689662392184,0.029999999999999999,1179
3a4173ea-3e96-50b5-a01c-21445f4d0815,667fb6d7-bd5b-5607-bc36-cda6c4f9c044,2020-01-18,2020,MOV1_FULL,0.60097972861531268,0.39902027138468732,0.029999999999999999,1179
455d383d-2775-5b1d-84e0-477d9c355b79,667fb6d7-bd5b-5607-bc36-cda6c4f9c044,2020-01-18,2020,MOV1_FULL,0.60081638866352483,0.39918361133647517,0.029999999999999999,1179
560d3909-a2dd-5e82-9225-5cff0fca1374,667fb6d7-bd5b-5607-bc36-cda6c4f9c044,2020-01-18,2020,MOV1_FULL,0.75049329900161987,0.24950670099838013,0.029999999999999999,1179
6a39dd4c-2d04-5916-905c-93e8879a0349,667fb6d7-bd5b-5607-bc36-cda6c4f9c044,2020-01-18,2020,MOV1_FULL,0.81865586672621626,0.18134413327378374,0.029999999999999999,1179
8f35e49c-14a6-58b1-b9f6-93a2392f3c51,667fb6d7-bd5b-5607-bc36-cda6c4f9c044,2020-01-18,2020,MOV1_FULL,0.81763240940794424,0.18236759059205576,0.029999999999999999,1179
ab3237b2-13c5-5cac-81e1-b97f8d0e6a9b,667fb6d7-bd5b-5607-bc36-cda6c4f9c044,2020-01-18,2020,MOV1_FULL,0.43169181554435115,0.56830818445564879,0.029999999999999999,1179
bd44c8c1-9674-5236-877e-4dbc3287d929,667fb6d7-bd5b-5607-bc36-cda6c4f9c044,2020-01-18,2020,MOV1_FULL,0.6395262750437809,0.3604737249562191,0.029999999999999999,1179
05661db3-8566-5515-a025-f99e378b513e,56cd1357-bdb9-504a-bed2-290891c5247c,2020-01-25,2020,MOV1_FULL,0.35593680185777388,0.64406319814222612,0.029999999999999999,1179
1a59207d-7f11-5ebf-a070-674d7a7428bd,56cd1357-bdb9-504a-bed2-290891c5247c,2020-01-25,2020,MOV1_FULL,0.57187825628113165,0.42812174371886835,0.029999999999999999,1179
2a840995-ce2f-50c5-a4b3-173630b9f7e6,56cd1357-bdb9-504a-bed2-290891c5247c,2020-01-25,2020,MOV1_FULL,0.53718826571519263,0.46281173428480737,0.029999999999999999,1179
43ad903e-b420-5869-9a66-1e54326a0b36,56cd1357-bdb9-504a-bed2-290891c5247c,2020-01-25,2020,MOV1_FULL,0.91912391926697257,0.080876080733027433,0.029999999999999999,1179
63032143-662a-5333-885c-57144ba19a28,56cd1357-bdb9-504a-bed2-290891c5247c,2020-01-25,2020,MOV1_FULL,0.36426415564769243,0.63573584435230757,0.029999999999999999,1179
91616493-14e5-5e4c-9859-0bdfe15c6e90,56cd1357-bdb9-504a-bed2-290891c5247c,2020-01-25,2020,MOV1_FULL,0.49183165537026574,0.50816834462973426,0.029999999999999999,1179
9897d15d-1e5d-5a2c-8847-74b7c75d2db8,56cd1357-bdb9-504a-bed2-290891c5247c,2020-01-25,2020,MOV1_FULL,0.77111507331984519,0.22888492668015481,0.029999999999999999,1179
a6819d75-11ab-542d-aaae-419fbea97805,56cd1357-bdb9-504a-bed2-290891c5247c,2020-01-25,2020,MOV1_FULL,0.52915864342733465,0.47084135657266535,0.029999999999999999,1179
ad5c4a93-9c7b-53d7-bf6d-1a4072eece28,56cd1357-bdb9-504a-bed2-290891c5247c,2020-01-25,2020,MOV1_FULL,0.43948799517426179,0.56051200482573815,0.029999999999999999,1179
d1f08eb5-ead6-5016-a18d-dc0543705b53,56cd1357-bdb9-504a-bed2-290891c5247c,2020-01-25,2020,MOV1_FULL,0.523455279453508,0.476544720546492,0.029999999999999999,1179
d3f0328d-d8e5-5c9f-b7c8-46ecca91a20b,56cd1357-bdb9-504a-bed2-290891c5247c,2020-01-25,2020,MOV1_FULL,0.82681013515883117,0.17318986484116883,0.029999999999999999,1179
fa0c819d-6c29-5803-bf16-016847ffb414,56cd1357-bdb9-504a-bed2-290891c5247c,2020-01-25,2020,MOV1_FULL,0.64353406742726926,0.35646593257273074,0.029999999999999999,1179
095d45a2-2781-55ec-8306-0461fc9e4c95,17cd5980-c1f9-5d6c-b6d1-2e4b5d1311ea,2020-02-08,2020,MOV1_FULL,0.6660423749656329,0.3339576250343671,0.029999999999999999,1179
13e07e5b-f377-5b39-912b-9a619ed82b33,17cd5980-c1f9-5d6c-b6d1-2e4b5d1311ea,2020-02-08,2020,MOV1_FULL,0.68782059293176046,0.31217940706823954,0.029999999999999999,1179
16ae375d-7b7d-5dba-a23d-6a7ee6ec8ca9,17cd5980-c1f9-5d6c-b6d1-2e4b5d1311ea,2020-02-08,2020,MOV1_FULL,0.71350661723426423,0.28649338276573577,0.029999999999999999,1179
2ce63026-77da-5543-8d86-ca6d9e83228a,17cd5980-c1f9-5d6c-b6d1-2e4b5d1311ea,2020-02-08,2020,MOV1_FULL,0.87772437738628428,0.12227562261371572,0.029999999999999999,1179
727d458d-407e-5e7c-b466-e58f32b43132,17cd5980-c1f9-5d6c-b6d1-2e4b5d1311ea,2020-02-08,2020,MOV1_FULL,0.82419330721412687,0.17580669278587313,0.029999999999999999,1179
85569e4b-93dd-57b2-b48c-87239e477525,17cd5980-c1f9-5d6c-b6d1-2e4b5d1311ea,2020-02-08,2020,MOV1_FULL,0.50910762057808789,0.49089237942191211,0.029999999999999999,1179
8aeca2b7-dd20-523c-97ed-adf21c109638,17cd5980-c1f9-5d6c-b6d1-2e4b5d1311ea,2020-02-08,2020,MOV1_FULL,0.76844309351532558,0.23155690648467442,0.029999999999999999,1179
a321b7be-6ae5-5f0a-83b2-912bf29871f7,17cd5980-c1f9-5d6c-b6d1-2e4b5d1311ea,2020-02-08,2020,MOV1_FULL,0.65545899342972502,0.34454100657027498,0.029999999999999999,1179
c23277c4-e44c-5f40-a69c-45464a544a2e,17cd5980-c1f9-5d6c-b6d1-2e4b5d1311ea,2020-02-08,2020,MOV1_FULL,0.61415668910335719,0.38584331089664281,0.029999999999999999,1179
d1400754-48cd-50ab-a5f4-990d896c5c79,17cd5980-c1f9-5d6c-b6d1-2e4b5d1311ea,2020-02-08,2020,MOV1_FULL,0.74240145676488123,0.25759854323511877,0.029999999999999999,1179
f027ba8b-3e97-5bf7-b4bd-4b0b25f5df0e,17cd5980-c1f9-5d6c-b6d1-2e4b5d1311ea,2020-02-08,2020,MOV1_FULL,0.85796653427627645,0.14203346572372355,0.029999999999999999,1179
038058fe-3d9e-5361-b81d-ee652aa85526,ce425894-34a1-5b94-b590-a35d3abbc8d9,2020-02-15,2020,MOV1_FULL,0.48514473632339072,0.51485526367660928,0.029999999999999999,1179
10d9c227-6b40-54b2-bbcd-60b6aad621b2,ce425894-34a1-5b94-b590-a35d3abbc8d9,2020-02-15,2020,MOV1_FULL,0.72423652661463278,0.27576347338536722,0.029999999999999999,1179
18b9c026-d05a-5736-b8be-d0634a5bbab8,ce425894-34a1-5b94-b590-a35d3abbc8d9,2020-02-15,2020,MOV1_FULL,0.78416296960414644,0.21583703039585356,0.029999999999999999,1179
1ebedce7-c015-5e47-9891-b10b3e36b82e,ce425894-34a1-5b94-b590-a35d3abbc8d9,2020-02-15,2020,MOV1_FULL,0.81208372003093754,0.18791627996906246,0.029999999999999999,1179
20575045-4c93-56bb-8d3f-1b2d8f6693a4,ce425894-34a1-5b94-b590-a35d3abbc8d9,2020-02-15,2020,MOV1_FULL,0.47174874730184813,0.52825125269815187,0.029999999999999999,1179
7c143073-d411-522e-b54c-019c5d43152b,ce425894-34a1-5b94-b590-a35d3abbc8d9,2020-02-15,2020,MOV1_FULL,0.60521012990118606,0.39478987009881394,0.029999999999999999,1179
7e29b12f-4dd4-5616-96a1-986a8eebaec3,ce425894-34a1-5b94-b590-a35d3abbc8d9,2020-02-15,2020,MOV1_FULL,0.36605127631432599,0.63394872368567401,0.029999999999999999,1179
7fcf5cf1-4dc2-5829-8986-a607fe03d67d,ce425894-34a1-5b94-b590-a35d3abbc8d9,2020-02-15,2020,MOV1_FULL,0.68409818213725748,0.31590181786274252,0.029999999999999999,1179
d8cbfc11-5f25-5b66-9950-65872d80d98a,ce425894-34a1-5b94-b590-a35d3abbc8d9,2020-02-15,2020,MOV1_FULL,0.64937065021087947,0.35062934978912053,0.029999999999999999,1179
fa4e2251-4d9d-5b3b-aa86-d37e99cd0f91,ce425894-34a1-5b94-b590-a35d3abbc8d9,2020-02-15,2020,MOV1_FULL,0.7017159342512761,0.2982840657487239,0.029999999999999999,1179
faa834b4-8155-517f-b9b5-825e0c2bc801,ce425894-34a1-5b94-b590-a35d3abbc8d9,2020-02-15,2020,MOV1_FULL,0.64117517120181522,0.35882482879818478,0.029999999999999999,1179
08f092c1-0d5b-5484-a5f7-11a4a42cea87,8e9bc9b9-7db9-5577-b0f7-8e730138eba2,2020-02-22,2020,MOV1_FULL,0.6914955052749221,0.3085044947250779,0.029999999999999999,1179
2889a1bb-5da6-5cc8-971c-1f0b4c168662,8e9bc9b9-7db9-5577-b0f7-8e730138eba2,2020-02-22,2020,MOV1_FULL,0.76228197882002791,0.23771802117997209,0.029999999999999999,1179
3f5c62db-f6b4-5fb3-b3c7-6477ef3c18a4,8e9bc9b9-7db9-5577-b0f7-8e730138eba2,2020-02-22,2020,MOV1_FULL,0.79390193526425101,0.20609806473574899,0.029999999999999999,1179
4919be9e-979f-5c8f-b74d-bad14cd41167,8e9bc9b9-7db9-5577-b0f7-8e730138eba2,2020-02-22,2020,MOV1_FULL,0.63787462761261682,0.36212537238738318,0.029999999999999999,1179
5f774ae7-c6d9-54a0-9edb-4fe04d283af3,8e9bc9b9-7db9-5577-b0f7-8e730138eba2,2020-02-22,2020,MOV1_FULL,0.73746315633238546,0.26253684366761454,0.029999999999999999,1179
65550409-2762-5677-a6c1-96ec82e3e557,8e9bc9b9-7db9-5577-b0f7-8e730138eba2,2020-02-22,2020,MOV1_FULL,0.44088918691464951,0.55911081308535049,0.029999999999999999,1179
91584625-1e66-537b-ab6c-75c16cc2909c,8e9bc9b9-7db9-5577-b0f7-8e730138eba2,2020-02-22,2020,MOV1_FULL,0.63610161261071796,0.36389838738928204,0.029999999999999999,1179
b332faa2-7f8e-5d24-8f85-99515861857b,8e9bc9b9-7db9-5577-b0f7-8e730138eba2,2020-02-22,2020,MOV1_FULL,0.75541788661261566,0.24458211338738434,0.029999999999999999,1179
c1970152-253c-5c50-8b6c-530704db74e8,8e9bc9b9-7db9-5577-b0f7-8e730138eba2,2020-02-22,2020,MOV1_FULL,0.79971622636284811,0.20028377363715189,0.029999999999999999,1179
dd325296-5d74-5c66-869f-7569c55b28b9,8e9bc9b9-7db9-5577-b0f7-8e730138eba2,2020-02-22,2020,MOV1_FULL,0.68066469900988502,0.31933530099011498,0.029999999999999999,1179
e9781b72-dff5-5fb9-b5df-4a497185cbac,8e9bc9b9-7db9-5577-b0f7-8e730138eba2,2020-02-22,2020,MOV1_FULL,0.69977116021710561,0.30022883978289439,0.029999999999999999,1179
efa04daf-5cc7-546a-9d8c-eabe58501ad9,8e9bc9b9-7db9-5577-b0f7-8e730138eba2,2020-02-22,2020,MOV1_FULL,0.43716323425633502,0.56283676574366504,0.029999999999999999,1179
091ca610-6419-5531-8ef1-0a24c75a9950,289dddd8-4bfa-5866-9756-396f2004cbf1,2020-02-29,2020,MOV1_FULL,0.81125739847720069,0.18874260152279931,0.029999999999999999,1179
1be6af9f-6c57-527a-a39a-4cc792183395,289dddd8-4bfa-5866-9756-396f2004cbf1,2020-02-29,2020,MOV1_FULL,0.54561271112164988,0.45438728887835012,0.029999999999999999,1179
6ec430f1-912a-504a-ad5d-b4d7657a2269,289dddd8-4bfa-5866-9756-396f2004cbf1,2020-02-29,2020,MOV1_FULL,0.49769127355716541,0.50230872644283453,0.029999999999999999,1179
71f61ba8-f021-5e21-b592-b08becc93966,289dddd8-4bfa-5866-9756-396f2004cbf1,2020-02-29,2020,MOV1_FULL,0.38726202788239955,0.6127379721176005,0.029999999999999999,1179
95585c80-5f93-5b18-878e-bb5c45f70ed6,289dddd8-4bfa-5866-9756-396f2004cbf1,2020-02-29,2020,MOV1_FULL,0.50910762057808789,0.49089237942191211,0.029999999999999999,1179
b3a3b1e0-c4a3-52c7-85d0-d4a1e1b3c44a,289dddd8-4bfa-5866-9756-396f2004cbf1,2020-02-29,2020,MOV1_FULL,0.39998035827648909,0.60001964172351085,0.029999999999999999,1179
bf8b8148-6d73-5b6b-9076-26069fa29ca6,289dddd8-4bfa-5866-9756-396f2004cbf1,2020-02-29,2020,MOV1_FULL,0.45896776259729793,0.54103223740270212,0.029999999999999999,1179
d6ede06d-fc93-5998-a190-7e6b8a3ea8c6,289dddd8-4bfa-5866-9756-396f2004cbf1,2020-02-29,2020,MOV1_FULL,0.40557529751607968,0.59442470248392032,0.029999999999999999,1179
e0431b95-85c6-50fb-8f36-80815284c9cd,289dddd8-4bfa-5866-9756-396f2004cbf1,2020-02-29,2020,MOV1_FULL,0.74650996846452888,0.25349003153547112,0.029999999999999999,1179
e0e22a95-be37-5872-9db5-26caa1dbbb3d,289dddd8-4bfa-5866-9756-396f2004cbf1,2020-02-29,2020,MOV1_FULL,0.46152473048329423,0.53847526951670577,0.029999999999999999,1179
e9aec9d1-e16a-580c-9c11-986f6105f191,289dddd8-4bfa-5866-9756-396f2004cbf1,2020-02-29,2020,MOV1_FULL,0.75450824893187096,0.24549175106812904,0.029999999999999999,1179
eb4aefbe-21b2-5833-a13b-ef875f7d32ef,289dddd8-4bfa-5866-9756-396f2004cbf1,2020-02-29,2020,MOV1_FULL,0.76099743442106704,0.23900256557893296,0.029999999999999999,1179
2e74458e-e7f1-5c7f-89dd-d1cf386bc839,e5941356-d256-5653-9834-685d6c41d873,2020-03-07,2020,MOV1_FULL,0.72077005233693059,0.27922994766306941,0.029999999999999999,1179
40462f4e-cacf-5802-bc47-17e1b9cfaca3,e5941356-d256-5653-9834-685d6c41d873,2020-03-07,2020,MOV1_FULL,0.45013218852197745,0.54986781147802255,0.029999999999999999,1179
4db2192d-3e80-57c6-bcdb-b72273753f0c,e5941356-d256-5653-9834-685d6c41d873,2020-03-07,2020,MOV1_FULL,0.8745536156196394,0.1254463843803606,0.029999999999999999,1179
516d339d-63b5-530b-aa9e-98f64941355c,e5941356-d256-5653-9834-685d6c41d873,2020-03-07,2020,MOV1_FULL,0.59722618125607985,0.40277381874392015,0.029999999999999999,1179
a223b430-47c5-5bbd-81ad-9c2b7873aa60,e5941356-d256-5653-9834-685d6c41d873,2020-03-07,2020,MOV1_FULL,0.51883819676694809,0.48116180323305191,0.029999999999999999,1179
a65d561a-d8a6-5273-9b9c-adc58beb6006,e5941356-d256-5653-9834-685d6c41d873,2020-03-07,2020,MOV1_FULL,0.76283494589356882,0.23716505410643118,0.029999999999999999,1179
ad6e93ff-a26c-5b08-ace3-1514fc584e31,e5941356-d256-5653-9834-685d6c41d873,2020-03-07,2020,MOV1_FULL,0.46780326825686985,0.5321967317431302,0.029999999999999999,1179
b584a5eb-1c5b-5045-86af-7ac7cae35495,e5941356-d256-5653-9834-685d6c41d873,2020-03-07,2020,MOV1_FULL,0.59238348834723265,0.40761651165276735,0.029999999999999999,1179
b6b352a4-6a5f-5729-93cf-b852bd816f2c,e5941356-d256-5653-9834-685d6c41d873,2020-03-07,2020,MOV1_FULL,0.90730300079998016,0.092696999200019836,0.029999999999999999,1179
cc10628b-7658-5bbd-b6b4-5a83de9782ab,e5941356-d256-5653-9834-685d6c41d873,2020-03-07,2020,MOV1_FULL,0.57318714447464847,0.42681285552535153,0.029999999999999999,1179
e67d5431-97fd-5f7b-9588-cd9c53b97fe8,e5941356-d256-5653-9834-685d6c41d873,2020-03-07,2020,MOV1_FULL,0.61858577451141972,0.38141422548858028,0.029999999999999999,1179
02689488-109c-54e6-b321-abe4d46f157b,4bee5119-5cc9-502f-999a-f47f23ebdaba,2020-03-14,2020,MOV1_FULL,0.69557536330373781,0.30442463669626219,0.029999999999999999,1179
3d8b90a3-6ec2-52d3-bd93-5a143d8582d6,4bee5119-5cc9-502f-999a-f47f23ebdaba,2020-03-14,2020,MOV1_FULL,0.55510703128135841,0.44489296871864159,0.029999999999999999,1179
53319eb7-1099-5d60-ac8e-a97f8b7db2e8,4bee5119-5cc9-502f-999a-f47f23ebdaba,2020-03-14,2020,MOV1_FULL,0.77018418497811159,0.22981581502188841,0.029999999999999999,1179
775cbc01-27e3-5fcb-b05a-3805a662a5da,4bee5119-5cc9-502f-999a-f47f23ebdaba,2020-03-14,2020,MOV1_FULL,0.35080940676693689,0.64919059323306305,0.029999999999999999,1179
990c0461-12fc-507d-9056-410915d70a24,4bee5119-5cc9-502f-999a-f47f23ebdaba,2020-03-14,2020,MOV1_FULL,0.79036843162072712,0.20963156837927288,0.029999999999999999,1179
a87b105d-1b2d-597b-869d-11613e9bb4ce,4bee5119-5cc9-502f-999a-f47f23ebdaba,2020-03-14,2020,MOV1_FULL,0.51725020777383668,0.48274979222616332,0.029999999999999999,1179
b0206d37-a742-5013-8178-0e7f7d30349d,4bee5119-5cc9-502f-999a-f47f23ebdaba,2020-03-14,2020,MOV1_FULL,0.72995898360496103,0.27004101639503897,0.029999999999999999,1179
c3416e5c-9b60-55ff-ad2c-47637ad7e5d9,4bee5119-5cc9-502f-999a-f47f23ebdaba,2020-03-14,2020,MOV1_FULL,0.65586321800780678,0.34413678199219322,0.029999999999999999,1179
cd2c4786-f693-586c-a29f-4da08ab811f5,4bee5119-5cc9-502f-999a-f47f23ebdaba,2020-03-14,2020,MOV1_FULL,0.8615758804217597,0.1384241195782403,0.029999999999999999,1179
d27247e8-467a-5fbd-8802-6762af48318a,4bee5119-5cc9-502f-999a-f47f23ebdaba,2020-03-14,2020,MOV1_FULL,0.3825321077187237,0.6174678922812763,0.029999999999999999,1179
e33ea70a-a3ba-528f-a69b-0de2d62255a8,4bee5119-5cc9-502f-999a-f47f23ebdaba,2020-03-14,2020,MOV1_FULL,0.59410644701982096,0.40589355298017904,0.029999999999999999,1179
2e581eb7-e22f-5f13-8fb4-46e49b1435df,95cf20da-6818-517f-9e18-57f67a591888,2020-05-09,2020,MOV1_FULL,0.72794499670154544,0.27205500329845456,0.029999999999999999,1179
3a88ed03-c639-5dda-a92d-01bf46459ac8,95cf20da-6818-517f-9e18-57f67a591888,2020-05-09,2020,MOV1_FULL,0.81949316441164888,0.18050683558835112,0.029999999999999999,1179
5e149318-4c3e-5f1b-9bfb-3949bccbf8af,95cf20da-6818-517f-9e18-57f67a591888,2020-05-09,2020,MOV1_FULL,0.35767955063136869,0.64232044936863131,0.029999999999999999,1179
630fba2d-e43c-579d-80d3-a22b03fb7388,95cf20da-6818-517f-9e18-57f67a591888,2020-05-09,2020,MOV1_FULL,0.73748495764791389,0.26251504235208611,0.029999999999999999,1179
784b25fe-422f-5cea-a0c1-6bfc88c1950b,95cf20da-6818-517f-9e18-57f67a591888,2020-05-09,2020,MOV1_FULL,0.88032020604534555,0.11967979395465445,0.029999999999999999,1179
7893dec2-824a-595c-8a00-051acf553764,95cf20da-6818-517f-9e18-57f67a591888,2020-05-09,2020,MOV1_FULL,0.56327729700558071,0.43672270299441929,0.029999999999999999,1179
83385e21-ed2a-5d82-ac7f-523b9e468d95,95cf20da-6818-517f-9e18-57f67a591888,2020-05-09,2020,MOV1_FULL,0.85152762805923554,0.14847237194076446,0.029999999999999999,1179
c142a0d5-3791-597b-8716-7533efcae0b9,95cf20da-6818-517f-9e18-57f67a591888,2020-05-09,2020,MOV1_FULL,0.40993187380067686,0.59006812619932314,0.029999999999999999,1179
e593a1a4-c9d4-5b98-bc2e-2f4da54e7266,95cf20da-6818-517f-9e18-57f67a591888,2020-05-09,2020,MOV1_FULL,0.85179435760783517,0.14820564239216483,0.029999999999999999,1179
ee524746-7e4c-5414-bc52-ee52e4b53ebb,95cf20da-6818-517f-9e18-57f67a591888,2020-05-09,2020,MOV1_FULL,0.92305082680016204,0.076949173199837961,0.029999999999999999,1179
ff87326f-2910-5b02-9d69-193f9679bd38,95cf20da-6818-517f-9e18-57f67a591888,2020-05-09,2020,MOV1_FULL,0.78069318715847136,0.21930681284152864,0.029999999999999999,1179
0e1b7182-279e-5e76-b38a-d44bb6a94888,fdf9e547-220d-5d4b-8472-31eccaa5cec0,2020-05-13,2020,MOV1_FULL,0.81119387428875056,0.18880612571124944,0.029999999999999999,1179
1c8b5a89-2776-564f-845c-ed4006bbb555,fdf9e547-220d-5d4b-8472-31eccaa5cec0,2020-05-13,2020,MOV1_FULL,0.66540833790879406,0.33459166209120594,0.029999999999999999,1179
3c3b2d20-99e8-5531-89c6-92b2b5beeb48,fdf9e547-220d-5d4b-8472-31eccaa5cec0,2020-05-13,2020,MOV1_FULL,0.61607319770091107,0.38392680229908893,0.029999999999999999,1179
67b0590c-fd2f-5a56-a118-17fed3044150,fdf9e547-220d-5d4b-8472-31eccaa5cec0,2020-05-13,2020,MOV1_FULL,0.72779087879120241,0.27220912120879759,0.029999999999999999,1179
68b7a452-59c4-5b60-953d-8df03da76715,fdf9e547-220d-5d4b-8472-31eccaa5cec0,2020-05-13,2020,MOV1_FULL,0.81847917270414028,0.18152082729585972,0.029999999999999999,1179
6ab2051b-bdbe-58bf-a608-f0a10738389f,fdf9e547-220d-5d4b-8472-31eccaa5cec0,2020-05-13,2020,MOV1_FULL,0.72216655058221557,0.27783344941778443,0.029999999999999999,1179
6df3f170-e321-5dd6-99ae-5a7ced4f97bf,fdf9e547-220d-5d4b-8472-31eccaa5cec0,2020-05-13,2020,MOV1_FULL,0.70116901689779298,0.29883098310220702,0.029999999999999999,1179
88d9d9fa-c9e0-519b-b05f-5e3fd95b4671,fdf9e547-220d-5d4b-8472-31eccaa5cec0,2020-05-13,2020,MOV1_FULL,0.81705380003468642,0.18294619996531358,0.029999999999999999,1179
9d9cc9b2-16e0-580a-8da1-73c8dd442123,fdf9e547-220d-5d4b-8472-31eccaa5cec0,2020-05-13,2020,MOV1_FULL,0.56953345443469705,0.43046654556530295,0.029999999999999999,1179
cee008c1-87c6-551b-aaa3-0a8d247e3ba0,fdf9e547-220d-5d4b-8472-31eccaa5cec0,2020-05-13,2020,MOV1_FULL,0.89671769408358759,0.10328230591641241,0.029999999999999999,1179
13fbd9ab-9a56-51de-9599-6b6f463854b3,450533a7-b9c4-5757-b9c0-44886eb4dfbd,2020-05-16,2020,MOV1_FULL,0.76727480706651485,0.23272519293348515,0.029999999999999999,1179
2a5f3ddc-62db-5321-adb5-96431ab3fb6b,450533a7-b9c4-5757-b9c0-44886eb4dfbd,2020-05-16,2020,MOV1_FULL,0.63497342610044571,0.36502657389955429,0.029999999999999999,1179
34105d19-161f-5bf7-9e11-60bf346f7023,450533a7-b9c4-5757-b9c0-44886eb4dfbd,2020-05-16,2020,MOV1_FULL,0.76628970029584964,0.23371029970415036,0.029999999999999999,1179
389cbb6e-5acb-5a57-b583-ddffc626b705,450533a7-b9c4-5757-b9c0-44886eb4dfbd,2020-05-16,2020,MOV1_FULL,0.34389065414643133,0.65610934585356873,0.029999999999999999,1179
572b2523-4f2d-5acd-9354-0eb2ca0b700a,450533a7-b9c4-5757-b9c0-44886eb4dfbd,2020-05-16,2020,MOV1_FULL,0.62444239770744625,0.37555760229255375,0.029999999999999999,1179
66fad9a1-5576-5e56-aed9-0cfb4b73f01f,450533a7-b9c4-5757-b9c0-44886eb4dfbd,2020-05-16,2020,MOV1_FULL,0.79606285585817249,0.20393714414182751,0.029999999999999999,1179
7f0c6225-d4eb-538c-9cf0-5d15f6e33274,450533a7-b9c4-5757-b9c0-44886eb4dfbd,2020-05-16,2020,MOV1_FULL,0.83717211603624397,0.16282788396375603,0.029999999999999999,1179
82182bc4-4957-55d3-8f78-e4b767f43f1c,450533a7-b9c4-5757-b9c0-44886eb4dfbd,2020-05-16,2020,MOV1_FULL,0.67454818233585889,0.32545181766414111,0.029999999999999999,1179
9bd6dde4-7adb-5acd-8c79-0168f6908cdd,450533a7-b9c4-5757-b9c0-44886eb4dfbd,2020-05-16,2020,MOV1_FULL,0.5523283688538011,0.4476716311461989,0.029999999999999999,1179
cbbefac3-eecd-5561-ad82-b626fb52b892,450533a7-b9c4-5757-b9c0-44886eb4dfbd,2020-05-16,2020,MOV1_FULL,0.63042083380622671,0.36957916619377329,0.029999999999999999,1179
f7cfcff5-9087-5b2f-bace-16e6c6e49409,450533a7-b9c4-5757-b9c0-44886eb4dfbd,2020-05-16,2020,MOV1_FULL,0.95740449347439227,0.042595506525607729,0.029999999999999999,1179
20a01cb9-6282-5297-8ffb-9d98da95f416,e74609c6-2a42-5022-a06e-5edb10887783,2020-05-30,2020,MOV1_FULL,0.65208477930951314,0.34791522069048686,0.029999999999999999,1179
2df697dc-4b49-5773-8ccc-29890b50037c,e74609c6-2a42-5022-a06e-5edb10887783,2020-05-30,2020,MOV1_FULL,0.70544468106330949,0.29455531893669051,0.029999999999999999,1179
52c36507-987b-505e-b0fa-640758acd649,e74609c6-2a42-5022-a06e-5edb10887783,2020-05-30,2020,MOV1_FULL,0.77718333777927828,0.22281666222072172,0.029999999999999999,1179
54f43e52-5004-5243-9678-bd50241ec928,e74609c6-2a42-5022-a06e-5edb10887783,2020-05-30,2020,MOV1_FULL,0.59540304503321151,0.40459695496678849,0.029999999999999999,1179
8933f9f9-2289-5093-a501-fa7f421745c2,e74609c6-2a42-5022-a06e-5edb10887783,2020-05-30,2020,MOV1_FULL,0.68204151892541265,0.31795848107458735,0.029999999999999999,1179
89b665e4-cb07-5d2c-a5e6-0657a4a38a59,e74609c6-2a42-5022-a06e-5edb10887783,2020-05-30,2020,MOV1_FULL,0.51471622400516137,0.48528377599483863,0.029999999999999999,1179
9b08c6a2-55ec-5aea-ba95-ec4db713b8a7,e74609c6-2a42-5022-a06e-5edb10887783,2020-05-30,2020,MOV1_FULL,0.28224577965340136,0.71775422034659864,0.029999999999999999,1179
a102c3b9-ad52-557c-8142-8e9db3990318,e74609c6-2a42-5022-a06e-5edb10887783,2020-05-30,2020,MOV1_FULL,0.49121667725852353,0.50878332274147642,0.029999999999999999,1179
f764823a-39c0-5ac8-a422-870031f76c96,e74609c6-2a42-5022-a06e-5edb10887783,2020-05-30,2020,MOV1_FULL,0.34735558337349043,0.65264441662650952,0.029999999999999999,1179
fa9c56b3-ebf6-5dd6-98c8-66983fd6f160,e74609c6-2a42-5022-a06e-5edb10887783,2020-05-30,2020,MOV1_FULL,0.48938462843119829,0.51061537156880177,0.029999999999999999,1179
2a54e14a-8b81-5191-8b2a-1017719a4b63,7e985b10-850a-5f42-b999-73f3c4946039,2020-06-06,2020,MOV1_FULL,0.6921503405224072,0.3078496594775928,0.029999999999999999,1179
3407ff7e-ce5e-5bec-85a7-b5828505d0f6,7e985b10-850a-5f42-b999-73f3c4946039,2020-06-06,2020,MOV1_FULL,0.70792988704321791,0.29207011295678209,0.029999999999999999,1179
46a2f9c7-6c78-598d-ae16-67a48d80e854,7e985b10-850a-5f42-b999-73f3c4946039,2020-06-06,2020,MOV1_FULL,0.65308110554937804,0.34691889445062196,0.029999999999999999,1179
48ebe4fd-d176-56aa-a4c8-69d504a0a051,7e985b10-850a-5f42-b999-73f3c4946039,2020-06-06,2020,MOV1_FULL,0.89851417226650332,0.10148582773349668,0.029999999999999999,1179
4915a1f4-d942-512c-9f9f-565a46289248,7e985b10-850a-5f42-b999-73f3c4946039,2020-06-06,2020,MOV1_FULL,0.61614335033392953,0.38385664966607047,0.029999999999999999,1179
4b3d4d97-b658-548f-b37f-7e3f0221df5b,7e985b10-850a-5f42-b999-73f3c4946039,2020-06-06,2020,MOV1_FULL,0.78593321163552843,0.21406678836447157,0.029999999999999999,1179
5c4a986d-8598-5c4b-8afd-03a8ab9a1806,7e985b10-850a-5f42-b999-73f3c4946039,2020-06-06,2020,MOV1_FULL,0.89471544786952462,0.10528455213047538,0.029999999999999999,1179
a51d1938-1334-58aa-b0d7-2dc904b8392c,7e985b10-850a-5f42-b999-73f3c4946039,2020-06-06,2020,MOV1_FULL,0.46335235165378869,0.53664764834621126,0.029999999999999999,1179
b0b199d9-9ed4-59b9-8093-d280c7a0127a,7e985b10-850a-5f42-b999-73f3c4946039,2020-06-06,2020,MOV1_FULL,0.75252960051635631,0.24747039948364369,0.029999999999999999,1179
d948700f-e653-504c-85bc-e289d384de58,7e985b10-850a-5f42-b999-73f3c4946039,2020-06-06,2020,MOV1_FULL,0.91180829406746633,0.088191705932533671,0.029999999999999999,1179
ddcb29de-c290-51f6-81e2-9738b9f94e6f,7e985b10-850a-5f42-b999-73f3c4946039,2020-06-06,2020,MOV1_FULL,0.60398681567570722,0.39601318432429278,0.029999999999999999,1179
e9d2d344-ce7d-53f8-9db0-705b0a82b0b2,7e985b10-850a-5f42-b999-73f3c4946039,2020-06-06,2020,MOV1_FULL,0.71929346198502053,0.28070653801497947,0.029999999999999999,1179
000e31d6-0b78-5ac9-af58-b392985e2d1a,9f327be9-aa05-5f6c-9dfd-b93a6140abaa,2020-06-13,2020,MOV1_FULL,0.70468620407944293,0.29531379592055707,0.029999999999999999,1179
3786d891-da89-5587-bc86-8726367467d8,9f327be9-aa05-5f6c-9dfd-b93a6140abaa,2020-06-13,2020,MOV1_FULL,0.66175435100275337,0.33824564899724663,0.029999999999999999,1179
468540ef-e6c9-52a3-9306-ae876edaa44f,9f327be9-aa05-5f6c-9dfd-b93a6140abaa,2020-06-13,2020,MOV1_FULL,0.80121777217114021,0.19878222782885979,0.029999999999999999,1179
4d739bc7-9cbc-5092-9962-c387341beddb,9f327be9-aa05-5f6c-9dfd-b93a6140abaa,2020-06-13,2020,MOV1_FULL,0.51718725464168247,0.48281274535831753,0.029999999999999999,1179
be1ece08-9555-5c4b-ad37-568a7af6ce02,9f327be9-aa05-5f6c-9dfd-b93a6140abaa,2020-06-13,2020,MOV1_FULL,0.6079301571098944,0.3920698428901056,0.029999999999999999,1179
cec22862-d384-5061-9e63-8868b0a72e1d,9f327be9-aa05-5f6c-9dfd-b93a6140abaa,2020-06-13,2020,MOV1_FULL,0.58332808438687844,0.41667191561312156,0.029999999999999999,1179
daa8d036-f3fd-5705-b0c7-14068ca83203,9f327be9-aa05-5f6c-9dfd-b93a6140abaa,2020-06-13,2020,MOV1_FULL,0.56150529768586555,0.43849470231413445,0.029999999999999999,1179
e34a8bea-0868-512d-a211-fe0942e70388,9f327be9-aa05-5f6c-9dfd-b93a6140abaa,2020-06-13,2020,MOV1_FULL,0.56509669787884098,0.43490330212115902,0.029999999999999999,1179
fc77995e-7e3d-54f5-81d6-8a059d530ea8,9f327be9-aa05-5f6c-9dfd-b93a6140abaa,2020-06-13,2020,MOV1_FULL,0.50409176140697221,0.49590823859302779,0.029999999999999999,1179
fd7eeae5-45d7-575b-ac50-49da0909ace4,9f327be9-aa05-5f6c-9dfd-b93a6140abaa,2020-06-13,2020,MOV1_FULL,0.43565528023453814,0.56434471976546186,0.029999999999999999,1179
00981552-2414-598c-8545-bc6bbeda6e08,e064ba11-9990-540f-bdb8-4044dd8f45ac,2020-06-20,2020,MOV1_FULL,0.85695276860932867,0.14304723139067133,0.029999999999999999,1179
13d51325-6cd4-50e4-88ba-18505837cdb1,e064ba11-9990-540f-bdb8-4044dd8f45ac,2020-06-20,2020,MOV1_FULL,0.91000981987439056,0.089990180125609442,0.029999999999999999,1179
1916c2cc-ec4c-5b9a-b2e9-44d8dc9c95ff,e064ba11-9990-540f-bdb8-4044dd8f45ac,2020-06-20,2020,MOV1_FULL,0.52770126857486355,0.47229873142513645,0.029999999999999999,1179
32134b21-40e0-5b9d-aee9-800b842e2b37,e064ba11-9990-540f-bdb8-4044dd8f45ac,2020-06-20,2020,MOV1_FULL,0.66216073907340212,0.33783926092659788,0.029999999999999999,1179
3fa68c63-53d5-5a2f-987f-9a50e95fd9b1,e064ba11-9990-540f-bdb8-4044dd8f45ac,2020-06-20,2020,MOV1_FULL,0.47561542822679592,0.52438457177320408,0.029999999999999999,1179
426516c9-3b40-5ca4-b7be-6ae6a01d8107,e064ba11-9990-540f-bdb8-4044dd8f45ac,2020-06-20,2020,MOV1_FULL,0.43736292657687814,0.56263707342312186,0.029999999999999999,1179
56696170-1918-5ab3-8652-7fe019982051,e064ba11-9990-540f-bdb8-4044dd8f45ac,2020-06-20,2020,MOV1_FULL,0.84197893124421563,0.15802106875578437,0.029999999999999999,1179
77dd1e3a-a5ed-5184-8a54-84843e5721e1,e064ba11-9990-540f-bdb8-4044dd8f45ac,2020-06-20,2020,MOV1_FULL,0.48059109171744152,0.51940890828255848,0.029999999999999999,1179
8fc9914a-a057-5b32-bbf3-2599eee6bf65,e064ba11-9990-540f-bdb8-4044dd8f45ac,2020-06-20,2020,MOV1_FULL,0.7764843837570039,0.2235156162429961,0.029999999999999999,1179
f64952dd-1b9f-58be-a15b-ac9b5b912661,e064ba11-9990-540f-bdb8-4044dd8f45ac,2020-06-20,2020,MOV1_FULL,0.56923811065998986,0.43076188934001014,0.029999999999999999,1179
fd48aa60-6d80-5b88-8b4b-527970571cbb,e064ba11-9990-540f-bdb8-4044dd8f45ac,2020-06-20,2020,MOV1_FULL,0.766194886360276,0.233805113639724,0.029999999999999999,1179
2076dcde-876d-51ed-a914-2680c142cff4,d1b1246c-038d-5d50-97f1-942ec74613d0,2020-06-27,2020,MOV1_FULL,0.69741354439114966,0.30258645560885034,0.029999999999999999,1179
510f227e-4913-5c97-8b99-364fa8c8c288,d1b1246c-038d-5d50-97f1-942ec74613d0,2020-06-27,2020,MOV1_FULL,0.47219774388410096,0.52780225611589904,0.029999999999999999,1179
6bf1f1fa-f9c5-5e4b-a79e-084f88c9f192,d1b1246c-038d-5d50-97f1-942ec74613d0,2020-06-27,2020,MOV1_FULL,0.44876170029589119,0.55123829970410876,0.029999999999999999,1179
860b3e04-27f6-508d-9bba-b4f36ea9d448,d1b1246c-038d-5d50-97f1-942ec74613d0,2020-06-27,2020,MOV1_FULL,0.68323133416814497,0.31676866583185503,0.029999999999999999,1179
9bbc4102-6fdd-53c4-927c-8f0c113510c7,d1b1246c-038d-5d50-97f1-942ec74613d0,2020-06-27,2020,MOV1_FULL,0.56344626794064634,0.43655373205935366,0.029999999999999999,1179
db48216e-f56e-5088-9c8c-385cd0310b62,d1b1246c-038d-5d50-97f1-942ec74613d0,2020-06-27,2020,MOV1_FULL,0.29115756030850903,0.70884243969149097,0.029999999999999999,1179
eb1528bd-66b8-575c-a219-9298f66f9b1d,d1b1246c-038d-5d50-97f1-942ec74613d0,2020-06-27,2020,MOV1_FULL,0.82497754634761256,0.17502245365238744,0.029999999999999999,1179
f1809481-ce40-586c-a3cf-bf63c9544205,d1b1246c-038d-5d50-97f1-942ec74613d0,2020-06-27,2020,MOV1_FULL,0.63997222712445712,0.36002777287554288,0.029999999999999999,1179
fee55c6d-fd29-513f-9fc8-10401f8cf5bd,d1b1246c-038d-5d50-97f1-942ec74613d0,2020-06-27,2020,MOV1_FULL,0.79943172472184754,0.20056827527815246,0.029999999999999999,1179
ff6fafda-0fd5-5626-8d70-9f9868ae498e,d1b1246c-038d-5d50-97f1-942ec74613d0,2020-06-27,2020,MOV1_FULL,0.88932767388099243,0.11067232611900757,0.029999999999999999,1179
1cf95278-5c7a-5ef1-b09a-909448b52f4f,5611546a-d119-5d2d-9b5c-70c794dfd567,2020-07-11,2020,MOV1_FULL,0.89311548243660144,0.10688451756339856,0.029999999999999999,1179
29be308a-0644-5a23-bbb4-b04e6842a22e,5611546a-d119-5d2d-9b5c-70c794dfd567,2020-07-11,2020,MOV1_FULL,0.8755559345426781,0.1244440654573219,0.029999999999999999,1179
4c3bc5d4-a479-59ba-9677-75b6c52d04af,5611546a-d119-5d2d-9b5c-70c794dfd567,2020-07-11,2020,MOV1_FULL,0.74231109630050807,0.25768890369949193,0.029999999999999999,1179
4f660b5c-7163-5221-bc72-ac9363d6697b,5611546a-d119-5d2d-9b5c-70c794dfd567,2020-07-11,2020,MOV1_FULL,0.77028800557308252,0.22971199442691748,0.029999999999999999,1179
834c4b62-4949-5315-b67b-5f57af0c2f81,5611546a-d119-5d2d-9b5c-70c794dfd567,2020-07-11,2020,MOV1_FULL,0.90929892199318563,0.090701078006814373,0.029999999999999999,1179
a1886c7c-6a4b-5f0a-9be0-0964824f3e56,5611546a-d119-5d2d-9b5c-70c794dfd567,2020-07-11,2020,MOV1_FULL,0.72630417071633724,0.27369582928366276,0.029999999999999999,1179
b350cae4-add7-594d-a000-8e4582be4119,5611546a-d119-5d2d-9b5c-70c794dfd567,2020-07-11,2020,MOV1_FULL,0.50112915636749267,0.49887084363250733,0.029999999999999999,1179
c497d198-d578-5cde-a57e-fc148605c28f,5611546a-d119-5d2d-9b5c-70c794dfd567,2020-07-11,2020,MOV1_FULL,0.76577732902984508,0.23422267097015492,0.029999999999999999,1179
c4bb98a4-acec-5029-a4e8-6afe0e99610d,5611546a-d119-5d2d-9b5c-70c794dfd567,2020-07-11,2020,MOV1_FULL,0.3943400910486381,0.6056599089513619,0.029999999999999999,1179
c81dffee-21ab-5dd5-affb-2ddc662774c7,5611546a-d119-5d2d-9b5c-70c794dfd567,2020-07-11,2020,MOV1_FULL,0.76939273985605139,0.23060726014394861,0.029999999999999999,1179
cce4cf49-1fad-57c7-8a03-5a4cdbc732d5,5611546a-d119-5d2d-9b5c-70c794dfd567,2020-07-11,2020,MOV1_FULL,0.53077528370547633,0.46922471629452367,0.029999999999999999,1179
cf18759a-9556-5b79-972f-7e7378077319,5611546a-d119-5d2d-9b5c-70c794dfd567,2020-07-11,2020,MOV1_FULL,0.66833967016480667,0.33166032983519333,0.029999999999999999,1179
f125e984-ff8d-5447-ab70-3b1db515235a,5611546a-d119-5d2d-9b5c-70c794dfd567,2020-07-11,2020,MOV1_FULL,0.55025778838922246,0.44974221161077754,0.029999999999999999,1179
0a49c0c5-3fcd-5b31-8c8c-118aaa3d784b,ceb5d9f1-15f9-5880-aded-313537ac3db0,2020-07-15,2020,MOV1_FULL,0.81515766630985798,0.18484233369014202,0.029999999999999999,1179
0f645b9c-78a5-5411-a557-03cd4199a626,ceb5d9f1-15f9-5880-aded-313537ac3db0,2020-07-15,2020,MOV1_FULL,0.63270003883195325,0.36729996116804675,0.029999999999999999,1179
32c55e28-738e-5884-84bc-b8c8ab9edceb,ceb5d9f1-15f9-5880-aded-313537ac3db0,2020-07-15,2020,MOV1_FULL,0.52186248270640956,0.47813751729359044,0.029999999999999999,1179
45b2045f-b613-5c9f-8828-93986e74350c,ceb5d9f1-15f9-5880-aded-313537ac3db0,2020-07-15,2020,MOV1_FULL,0.89060862150356401,0.10939137849643599,0.029999999999999999,1179
563ee703-5258-5432-9947-249735e19696,ceb5d9f1-15f9-5880-aded-313537ac3db0,2020-07-15,2020,MOV1_FULL,0.63728998973465456,0.36271001026534544,0.029999999999999999,1179
86b85de6-356d-5d51-8a60-31ecb9c413dc,ceb5d9f1-15f9-5880-aded-313537ac3db0,2020-07-15,2020,MOV1_FULL,0.43854430905222397,0.56145569094777603,0.029999999999999999,1179
b41d6c93-f712-5035-b2cf-905addbb09e1,ceb5d9f1-15f9-5880-aded-313537ac3db0,2020-07-15,2020,MOV1_FULL,0.76478205501887653,0.23521794498112347,0.029999999999999999,1179
b666c6b9-df31-55a2-ba56-9983bebbb688,ceb5d9f1-15f9-5880-aded-313537ac3db0,2020-07-15,2020,MOV1_FULL,0.65434767486037992,0.34565232513962008,0.029999999999999999,1179
c38ece30-e7da-51c7-9f4a-31a55746f711,ceb5d9f1-15f9-5880-aded-313537ac3db0,2020-07-15,2020,MOV1_FULL,0.75866801310745624,0.24133198689254376,0.029999999999999999,1179
d21b079d-0fcf-5560-9460-8c86063d3f55,ceb5d9f1-15f9-5880-aded-313537ac3db0,2020-07-15,2020,MOV1_FULL,0.67666550556530125,0.32333449443469875,0.029999999999999999,1179
ee53c2cc-14bc-574c-b34c-a455beff3ae0,ceb5d9f1-15f9-5880-aded-313537ac3db0,2020-07-15,2020,MOV1_FULL,0.64069656677855269,0.35930343322144731,0.029999999999999999,1179
1c31a8d5-952b-5350-8764-6ff938f93ea2,cd15f53b-d419-5854-9d48-b27f6917ea5f,2020-07-18,2020,MOV1_FULL,0.788635455225006,0.211364544774994,0.029999999999999999,1179
2c0821b1-9bde-5fe4-a37f-9cfbc15c8b69,cd15f53b-d419-5854-9d48-b27f6917ea5f,2020-07-18,2020,MOV1_FULL,0.46127609802482705,0.53872390197517295,0.029999999999999999,1179
2e94b8f7-4bb3-510d-b256-9ea460471668,cd15f53b-d419-5854-9d48-b27f6917ea5f,2020-07-18,2020,MOV1_FULL,0.50244025127150482,0.49755974872849518,0.029999999999999999,1179
3500ebb6-dfd9-57b4-84d7-43f4f879c924,cd15f53b-d419-5854-9d48-b27f6917ea5f,2020-07-18,2020,MOV1_FULL,0.67439692016518793,0.32560307983481207,0.029999999999999999,1179
377641da-95cd-5044-ae27-3605073afb85,cd15f53b-d419-5854-9d48-b27f6917ea5f,2020-07-18,2020,MOV1_FULL,0.34308012168239521,0.65691987831760479,0.029999999999999999,1179
6684105e-f2cc-5f6e-bd61-3bf58c913fa5,cd15f53b-d419-5854-9d48-b27f6917ea5f,2020-07-18,2020,MOV1_FULL,0.66093264202332813,0.33906735797667187,0.029999999999999999,1179
6c610215-e1a4-5c4a-a193-2d43ee49977a,cd15f53b-d419-5854-9d48-b27f6917ea5f,2020-07-18,2020,MOV1_FULL,0.79158914310032735,0.20841085689967265,0.029999999999999999,1179
82513857-2b58-5f48-95e1-426e2587b9f2,cd15f53b-d419-5854-9d48-b27f6917ea5f,2020-07-18,2020,MOV1_FULL,0.48423445695050504,0.51576554304949496,0.029999999999999999,1179
82be99f2-7d6a-504d-bb38-fcee51603546,cd15f53b-d419-5854-9d48-b27f6917ea5f,2020-07-18,2020,MOV1_FULL,0.6072862786549853,0.3927137213450147,0.029999999999999999,1179
8730f895-61cd-54f3-bc84-a48f74413103,cd15f53b-d419-5854-9d48-b27f6917ea5f,2020-07-18,2020,MOV1_FULL,0.82037018228999747,0.17962981771000253,0.029999999999999999,1179
8dfaa02b-b710-50fb-9910-ebe44f6d9901,cd15f53b-d419-5854-9d48-b27f6917ea5f,2020-07-18,2020,MOV1_FULL,0.30525264528472562,0.69474735471527438,0.029999999999999999,1179
b0c5d829-5c7b-5b4c-8f4d-bf48219d3bec,cd15f53b-d419-5854-9d48-b27f6917ea5f,2020-07-18,2020,MOV1_FULL,0.68413450005918519,0.31586549994081481,0.029999999999999999,1179
0765b5cb-7d97-54dc-9cae-43e0e7b39e58,2ca9bec6-a64a-55af-90b7-f1ab9c80ebb2,2020-07-25,2020,MOV1_FULL,0.57651374895336793,0.42348625104663207,0.029999999999999999,1179
1c4cb9b0-0169-59b5-9430-04d5acb3d0e6,2ca9bec6-a64a-55af-90b7-f1ab9c80ebb2,2020-07-25,2020,MOV1_FULL,0.67353309555984398,0.32646690444015602,0.029999999999999999,1179
63c3161e-54dd-5e9d-b532-4c482637673f,2ca9bec6-a64a-55af-90b7-f1ab9c80ebb2,2020-07-25,2020,MOV1_FULL,0.79875961379673832,0.20124038620326168,0.029999999999999999,1179
6971789e-a79a-56b8-aa47-11cebab502e1,2ca9bec6-a64a-55af-90b7-f1ab9c80ebb2,2020-07-25,2020,MOV1_FULL,0.75033221584782883,0.24966778415217117,0.029999999999999999,1179
6f9a2d3c-208a-56f7-8d3e-bd2fd3fd65ec,2ca9bec6-a64a-55af-90b7-f1ab9c80ebb2,2020-07-25,2020,MOV1_FULL,0.92687324057201759,0.073126759427982413,0.029999999999999999,1179
804adfb4-48b9-5c9c-9fb2-1e14c2ecbe16,2ca9bec6-a64a-55af-90b7-f1ab9c80ebb2,2020-07-25,2020,MOV1_FULL,0.83245329316000727,0.16754670683999273,0.029999999999999999,1179
81621cbc-be97-57a1-9d32-65a0bb32d817,2ca9bec6-a64a-55af-90b7-f1ab9c80ebb2,2020-07-25,2020,MOV1_FULL,0.68141698610049473,0.31858301389950527,0.029999999999999999,1179
90cf7347-7036-53a1-a3a4-51f6c249e1d7,2ca9bec6-a64a-55af-90b7-f1ab9c80ebb2,2020-07-25,2020,MOV1_FULL,0.67533450231183101,0.32466549768816899,0.029999999999999999,1179
93d59fdd-287e-5cff-9c60-efdf6c859d14,2ca9bec6-a64a-55af-90b7-f1ab9c80ebb2,2020-07-25,2020,MOV1_FULL,0.83742944493884575,0.16257055506115425,0.029999999999999999,1179
a6d05c3a-d410-5cb7-81b0-3dd7a03b6c32,2ca9bec6-a64a-55af-90b7-f1ab9c80ebb2,2020-07-25,2020,MOV1_FULL,0.61116378629509149,0.38883621370490851,0.029999999999999999,1179
ab2b5bed-c800-528a-ba25-380ff6e11fc4,2ca9bec6-a64a-55af-90b7-f1ab9c80ebb2,2020-07-25,2020,MOV1_FULL,0.6710361982931875,0.3289638017068125,0.029999999999999999,1179
b44fc4e5-40be-5ace-91cf-a77a857097d2,2ca9bec6-a64a-55af-90b7-f1ab9c80ebb2,2020-07-25,2020,MOV1_FULL,0.4307777228413226,0.56922227715867746,0.029999999999999999,1179
bf52fd8d-5d67-5153-bdd1-2a5288171d02,2ca9bec6-a64a-55af-90b7-f1ab9c80ebb2,2020-07-25,2020,MOV1_FULL,0.62050263342445788,0.37949736657554212,0.029999999999999999,1179
df276c50-dcd8-522a-9eca-02e060a6b7b5,2ca9bec6-a64a-55af-90b7-f1ab9c80ebb2,2020-07-25,2020,MOV1_FULL,0.76565490443571271,0.23434509556428729,0.029999999999999999,1179
13e06847-0abd-5435-bc0e-0d270a37a7ad,2255f38e-dee5-5028-a5a3-5ac1a0821c96,2020-08-01,2020,MOV1_FULL,0.50910762057808789,0.49089237942191211,0.029999999999999999,1179
14a78965-52fc-5b5e-b9ff-d294194342db,2255f38e-dee5-5028-a5a3-5ac1a0821c96,2020-08-01,2020,MOV1_FULL,0.88295853560832926,0.11704146439167074,0.029999999999999999,1179
3e061487-8a1f-584d-9387-0a6e8f849fa6,2255f38e-dee5-5028-a5a3-5ac1a0821c96,2020-08-01,2020,MOV1_FULL,0.7083311096375009,0.2916688903624991,0.029999999999999999,1179
7f4b045d-48cd-5dfa-a014-a575ef3ff1d4,2255f38e-dee5-5028-a5a3-5ac1a0821c96,2020-08-01,2020,MOV1_FULL,0.6566605655700074,0.3433394344299926,0.029999999999999999,1179
996b9757-cbdb-5a59-8630-f757fd57a1ed,2255f38e-dee5-5028-a5a3-5ac1a0821c96,2020-08-01,2020,MOV1_FULL,0.59740615696206245,0.40259384303793755,0.029999999999999999,1179
c40b39c8-85ad-5790-94b4-c5d08b5ec28e,2255f38e-dee5-5028-a5a3-5ac1a0821c96,2020-08-01,2020,MOV1_FULL,0.69296158142463804,0.30703841857536196,0.029999999999999999,1179
d81079ed-5e12-564c-b20c-69b71bbf49d1,2255f38e-dee5-5028-a5a3-5ac1a0821c96,2020-08-01,2020,MOV1_FULL,0.7125717283168288,0.2874282716831712,0.029999999999999999,1179
ef8a31e4-9ed7-5cd8-9f87-8939b9ddba21,2255f38e-dee5-5028-a5a3-5ac1a0821c96,2020-08-01,2020,MOV1_FULL,0.65037284397181871,0.34962715602818129,0.029999999999999999,1179
1416a007-2055-5fec-817d-72294d42f5a5,f3411e04-172d-5edf-974c-50959ed7a1da,2020-08-08,2020,MOV1_FULL,0.67552170303759607,0.32447829696240393,0.029999999999999999,1179
1d4ed905-bd73-5e6a-bbe7-928bf9bb538e,f3411e04-172d-5edf-974c-50959ed7a1da,2020-08-08,2020,MOV1_FULL,0.64356603911618271,0.35643396088381729,0.029999999999999999,1179
1d9d4f2e-2905-55f7-a77e-c63abd1afa68,f3411e04-172d-5edf-974c-50959ed7a1da,2020-08-08,2020,MOV1_FULL,0.58571013630154989,0.41428986369845011,0.029999999999999999,1179
3841c37b-fcd5-5b0e-b19f-5b673ae972a4,f3411e04-172d-5edf-974c-50959ed7a1da,2020-08-08,2020,MOV1_FULL,0.45258675409545379,0.54741324590454621,0.029999999999999999,1179
41394295-4e5c-51b4-b00e-a75ed2b0ab59,f3411e04-172d-5edf-974c-50959ed7a1da,2020-08-08,2020,MOV1_FULL,0.68878708150406109,0.31121291849593891,0.029999999999999999,1179
9501d22f-75bb-59a2-b93d-537efa7f2b97,f3411e04-172d-5edf-974c-50959ed7a1da,2020-08-08,2020,MOV1_FULL,0.83871265261893801,0.16128734738106199,0.029999999999999999,1179
9db6753e-0a40-5670-9f72-cc2fa9ea1b9b,f3411e04-172d-5edf-974c-50959ed7a1da,2020-08-08,2020,MOV1_FULL,0.52567178220397703,0.47432821779602297,0.029999999999999999,1179
bfb399bc-3944-533c-9e0f-3e2f9a33e907,f3411e04-172d-5edf-974c-50959ed7a1da,2020-08-08,2020,MOV1_FULL,0.72622488552315834,0.27377511447684166,0.029999999999999999,1179
c2f01bf7-bba9-5e8d-acdb-624ec434c15f,f3411e04-172d-5edf-974c-50959ed7a1da,2020-08-08,2020,MOV1_FULL,0.63406176129710479,0.36593823870289521,0.029999999999999999,1179
ce2920b0-6c06-5658-90a5-933fc7dfccbe,f3411e04-172d-5edf-974c-50959ed7a1da,2020-08-08,2020,MOV1_FULL,0.8177994335756269,0.1822005664243731,0.029999999999999999,1179
e85d13a1-4579-523d-8cfb-be634e3b42c8,f3411e04-172d-5edf-974c-50959ed7a1da,2020-08-08,2020,MOV1_FULL,0.69431777791933258,0.30568222208066742,0.029999999999999999,1179
ee326788-0947-54c5-9981-6bec19f76b4e,f3411e04-172d-5edf-974c-50959ed7a1da,2020-08-08,2020,MOV1_FULL,0.61945652754863156,0.38054347245136844,0.029999999999999999,1179
100ca6ff-224e-5e29-a551-22fc36b15c09,2eb2e789-af65-5d38-aba7-4d4d30da01a8,2020-08-15,2020,MOV1_FULL,0.76684574513036352,0.23315425486963648,0.029999999999999999,1179
46ddbe79-aaa8-5d5c-97ec-a70913c834c9,2eb2e789-af65-5d38-aba7-4d4d30da01a8,2020-08-15,2020,MOV1_FULL,0.71183404502037328,0.28816595497962672,0.029999999999999999,1179
480e196a-d8ba-5bc7-9f79-fb1ff4447b6d,2eb2e789-af65-5d38-aba7-4d4d30da01a8,2020-08-15,2020,MOV1_FULL,0.6458547225826502,0.3541452774173498,0.029999999999999999,1179
62d97ffc-fa28-51ee-8bb2-e2eeaedb89cb,2eb2e789-af65-5d38-aba7-4d4d30da01a8,2020-08-15,2020,MOV1_FULL,0.50505892995703139,0.49494107004296861,0.029999999999999999,1179
6c370001-34f4-586a-a495-e3ee59546204,2eb2e789-af65-5d38-aba7-4d4d30da01a8,2020-08-15,2020,MOV1_FULL,0.95307179350803195,0.04692820649196805,0.029999999999999999,1179
8ac90246-05c6-5f3c-849d-809fd8ac2c2c,2eb2e789-af65-5d38-aba7-4d4d30da01a8,2020-08-15,2020,MOV1_FULL,0.24442138250291934,0.75557861749708066,0.029999999999999999,1179
8ee1db9c-d022-544c-9b16-9b5a4a26c39d,2eb2e789-af65-5d38-aba7-4d4d30da01a8,2020-08-15,2020,MOV1_FULL,0.46362288917384487,0.53637711082615513,0.029999999999999999,1179
99995784-119a-526f-b381-c9c935acd1e3,2eb2e789-af65-5d38-aba7-4d4d30da01a8,2020-08-15,2020,MOV1_FULL,0.33602127869681497,0.66397872130318503,0.029999999999999999,1179
a0485f5f-74d3-5cab-b171-31401c06960c,2eb2e789-af65-5d38-aba7-4d4d30da01a8,2020-08-15,2020,MOV1_FULL,0.28048287604919486,0.71951712395080514,0.029999999999999999,1179
c8781491-a171-5b4d-b8d1-92c948e79da9,2eb2e789-af65-5d38-aba7-4d4d30da01a8,2020-08-15,2020,MOV1_FULL,0.64485433762805233,0.35514566237194767,0.029999999999999999,1179
06af82bb-e57d-5022-b418-e45828e745df,98bcbf56-b0b3-5cb0-8397-205560a0e300,2020-08-22,2020,MOV1_FULL,0.51718725464168247,0.48281274535831753,0.029999999999999999,1179
0fb85d69-0496-545c-94de-6e0aee583272,98bcbf56-b0b3-5cb0-8397-205560a0e300,2020-08-22,2020,MOV1_FULL,0.63906088213942536,0.36093911786057464,0.029999999999999999,1179
1bfe5451-e50d-5c95-9c35-3138a4e08589,98bcbf56-b0b3-5cb0-8397-205560a0e300,2020-08-22,2020,MOV1_FULL,0.92720558334332182,0.072794416656678185,0.029999999999999999,1179
32192a65-0a75-5b3b-98b9-87385549a1c8,98bcbf56-b0b3-5cb0-8397-205560a0e300,2020-08-22,2020,MOV1_FULL,0.58724603357135441,0.41275396642864559,0.029999999999999999,1179
5547d090-e845-5c6a-9c62-703340e8232e,98bcbf56-b0b3-5cb0-8397-205560a0e300,2020-08-22,2020,MOV1_FULL,0.86494565337418561,0.13505434662581439,0.029999999999999999,1179
655a62bc-f5c5-5d6c-9a6c-9c85da5b3b07,98bcbf56-b0b3-5cb0-8397-205560a0e300,2020-08-22,2020,MOV1_FULL,0.68632443034788349,0.31367556965211651,0.029999999999999999,1179
7b940c39-1d3a-59d0-b631-bf0acb22bc41,98bcbf56-b0b3-5cb0-8397-205560a0e300,2020-08-22,2020,MOV1_FULL,0.74033267099366318,0.25966732900633682,0.029999999999999999,1179
c5d22e36-4ec3-5f86-8b20-322d7cd3255c,98bcbf56-b0b3-5cb0-8397-205560a0e300,2020-08-22,2020,MOV1_FULL,0.80776160369231864,0.19223839630768136,0.029999999999999999,1179
0e5b1e8b-bbe3-5ab7-8e5e-6d4e157225c0,9094f27f-f4e3-5081-b2a2-cf73538027b6,2020-08-29,2020,MOV1_FULL,0.74627145498720315,0.25372854501279685,0.029999999999999999,1179
68949481-79ea-5104-b6f9-4a6641a09bd4,9094f27f-f4e3-5081-b2a2-cf73538027b6,2020-08-29,2020,MOV1_FULL,0.70481921585840357,0.29518078414159643,0.029999999999999999,1179
b220d9b3-eb44-57f5-ab6e-d411e140078e,9094f27f-f4e3-5081-b2a2-cf73538027b6,2020-08-29,2020,MOV1_FULL,0.40599901189795068,0.59400098810204938,0.029999999999999999,1179
b38d0a80-c850-5b15-8e6e-faccad812cc7,9094f27f-f4e3-5081-b2a2-cf73538027b6,2020-08-29,2020,MOV1_FULL,0.66833348819793947,0.33166651180206053,0.029999999999999999,1179
b7d816b2-cb77-585b-906d-4a324c41fb6c,9094f27f-f4e3-5081-b2a2-cf73538027b6,2020-08-29,2020,MOV1_FULL,0.62990160072666956,0.37009839927333044,0.029999999999999999,1179
bbe367e6-e202-528a-9995-e318050ec2ab,9094f27f-f4e3-5081-b2a2-cf73538027b6,2020-08-29,2020,MOV1_FULL,0.54590189387016741,0.45409810612983259,0.029999999999999999,1179
c83bc319-b320-58ee-9bd5-c1c72fef44e2,9094f27f-f4e3-5081-b2a2-cf73538027b6,2020-08-29,2020,MOV1_FULL,0.49974709392372418,0.50025290607627582,0.029999999999999999,1179
db5d5893-0960-51d1-82ed-1c4ea2261396,9094f27f-f4e3-5081-b2a2-cf73538027b6,2020-08-29,2020,MOV1_FULL,0.86758998390934339,0.13241001609065661,0.029999999999999999,1179
f9d4c20b-9023-5f5a-bb42-80b9debdbfb9,9094f27f-f4e3-5081-b2a2-cf73538027b6,2020-08-29,2020,MOV1_FULL,0.62467056190360315,0.37532943809639685,0.029999999999999999,1179
fb76a883-4e9c-5bf7-9c4e-5c0ea2371c1f,9094f27f-f4e3-5081-b2a2-cf73538027b6,2020-08-29,2020,MOV1_FULL,0.69272534941164543,0.30727465058835457,0.029999999999999999,1179
096d31a0-0372-552e-987e-1a32d0eda190,2506d7db-5b61-59e3-9ecc-d9fc61827ca3,2020-09-05,2020,MOV1_FULL,0.66377463799201608,0.33622536200798392,0.029999999999999999,1179
4130acff-c6ad-5f6b-a6f9-e0323df5a7a8,2506d7db-5b61-59e3-9ecc-d9fc61827ca3,2020-09-05,2020,MOV1_FULL,0.25490870530570325,0.74509129469429669,0.029999999999999999,1179
71ac6235-8fed-5d66-baf0-a1e2ca2a200b,2506d7db-5b61-59e3-9ecc-d9fc61827ca3,2020-09-05,2020,MOV1_FULL,0.47040644670126358,0.52959355329873636,0.029999999999999999,1179
7b15dc60-7427-5a27-9346-8d59e9206dfb,2506d7db-5b61-59e3-9ecc-d9fc61827ca3,2020-09-05,2020,MOV1_FULL,0.77831978666661883,0.22168021333338117,0.029999999999999999,1179
82db7956-b899-5832-8658-27bc91821e5e,2506d7db-5b61-59e3-9ecc-d9fc61827ca3,2020-09-05,2020,MOV1_FULL,0.74189496420031686,0.25810503579968314,0.029999999999999999,1179
be08338f-4e70-58b7-bb26-93243b627503,2506d7db-5b61-59e3-9ecc-d9fc61827ca3,2020-09-05,2020,MOV1_FULL,0.7854192681214307,0.2145807318785693,0.029999999999999999,1179
ce5fae59-8f56-55df-9c54-82f82046cd52,2506d7db-5b61-59e3-9ecc-d9fc61827ca3,2020-09-05,2020,MOV1_FULL,0.94077843610148715,0.059221563898512852,0.029999999999999999,1179
0aa28a02-e0d2-53a3-9bcd-d123a7cb78dc,1c430f01-57bc-51da-b947-a25026b16490,2020-09-12,2020,MOV1_FULL,0.77031832965390268,0.22968167034609732,0.029999999999999999,1179
2db6a8c4-cfa7-5b9b-81d4-c812735aaa4c,1c430f01-57bc-51da-b947-a25026b16490,2020-09-12,2020,MOV1_FULL,0.49433192711204771,0.50566807288795235,0.029999999999999999,1179
52aaf7e4-2833-56b8-8498-dec20d192ce4,1c430f01-57bc-51da-b947-a25026b16490,2020-09-12,2020,MOV1_FULL,0.6353953331845954,0.3646046668154046,0.029999999999999999,1179
5addf1ef-ffeb-5ab2-81a3-68235c222429,1c430f01-57bc-51da-b947-a25026b16490,2020-09-12,2020,MOV1_FULL,0.39250179784677214,0.60749820215322781,0.029999999999999999,1179
6e0cd6ad-47c1-5ad9-8b2d-6c527b885d0b,1c430f01-57bc-51da-b947-a25026b16490,2020-09-12,2020,MOV1_FULL,0.63381837216597758,0.36618162783402242,0.029999999999999999,1179
83856cba-5ee4-588a-8007-50b61411003d,1c430f01-57bc-51da-b947-a25026b16490,2020-09-12,2020,MOV1_FULL,0.36264548956343129,0.63735451043656877,0.029999999999999999,1179
b0e6ef56-87e4-54ab-8ae7-04f6befaa164,1c430f01-57bc-51da-b947-a25026b16490,2020-09-12,2020,MOV1_FULL,0.65597285009674344,0.34402714990325656,0.029999999999999999,1179
be0126c0-1c89-5f5b-83b3-7a9221460f6a,1c430f01-57bc-51da-b947-a25026b16490,2020-09-12,2020,MOV1_FULL,0.56370387515979525,0.43629612484020475,0.029999999999999999,1179
c2c86eba-76da-5bb2-b932-6598854b7a66,1c430f01-57bc-51da-b947-a25026b16490,2020-09-12,2020,MOV1_FULL,0.49259540766251558,0.50740459233748436,0.029999999999999999,1179
c454ced0-8e2e-5d51-a5ea-c1a88207877b,1c430f01-57bc-51da-b947-a25026b16490,2020-09-12,2020,MOV1_FULL,0.74395941265447407,0.25604058734552593,0.029999999999999999,1179
e5746d6f-c011-5b63-932c-8131fd055e96,1c430f01-57bc-51da-b947-a25026b16490,2020-09-12,2020,MOV1_FULL,0.76463760202470654,0.23536239797529346,0.029999999999999999,1179
0413384f-bb02-57a3-b512-e25398baa3f6,80421bb4-e9ab-5b1b-bbb0-a9b39ce49859,2020-09-19,2020,MOV1_FULL,0.53496957930338074,0.46503042069661926,0.029999999999999999,1179
356d571c-6629-5e32-bca4-c8b2a5068439,80421bb4-e9ab-5b1b-bbb0-a9b39ce49859,2020-09-19,2020,MOV1_FULL,0.64015677263604598,0.35984322736395402,0.029999999999999999,1179
38d20576-b187-5043-bc1d-2b8c50602f83,80421bb4-e9ab-5b1b-bbb0-a9b39ce49859,2020-09-19,2020,MOV1_FULL,0.70120588947530793,0.29879411052469207,0.029999999999999999,1179
3e507082-4f24-54a2-b000-64cbc6cf7f14,80421bb4-e9ab-5b1b-bbb0-a9b39ce49859,2020-09-19,2020,MOV1_FULL,0.62507894268324204,0.37492105731675796,0.029999999999999999,1179
78a21a88-210f-53ad-b650-fce711326676,80421bb4-e9ab-5b1b-bbb0-a9b39ce49859,2020-09-19,2020,MOV1_FULL,0.67243064602888014,0.32756935397111986,0.029999999999999999,1179
78aa8274-5491-5900-82c5-28be137dd19d,80421bb4-e9ab-5b1b-bbb0-a9b39ce49859,2020-09-19,2020,MOV1_FULL,0.55643194126576301,0.44356805873423699,0.029999999999999999,1179
8289b073-cd2d-5764-8201-128d82e0f19e,80421bb4-e9ab-5b1b-bbb0-a9b39ce49859,2020-09-19,2020,MOV1_FULL,0.58514383356664412,0.41485616643335588,0.029999999999999999,1179
832817ee-52a6-57f8-a044-a265376b5b8f,80421bb4-e9ab-5b1b-bbb0-a9b39ce49859,2020-09-19,2020,MOV1_FULL,0.80989498680370564,0.19010501319629436,0.029999999999999999,1179
900e4b79-f9b1-5603-ac45-bad7881f0533,80421bb4-e9ab-5b1b-bbb0-a9b39ce49859,2020-09-19,2020,MOV1_FULL,0.30516497275264376,0.69483502724735624,0.029999999999999999,1179
a5d726a0-8baf-57f1-b57e-0a2759d83f1f,80421bb4-e9ab-5b1b-bbb0-a9b39ce49859,2020-09-19,2020,MOV1_FULL,0.50701915958844368,0.49298084041155632,0.029999999999999999,1179
c464d9b7-2567-5783-980a-db823988a2c7,80421bb4-e9ab-5b1b-bbb0-a9b39ce49859,2020-09-19,2020,MOV1_FULL,0.65416514860147079,0.34583485139852921,0.029999999999999999,1179
cadb2d77-68f9-5499-8263-9c7fd42972ac,80421bb4-e9ab-5b1b-bbb0-a9b39ce49859,2020-09-19,2020,MOV1_FULL,0.6321763544226261,0.3678236455773739,0.029999999999999999,1179
f08dc9ad-749b-5493-a9b9-495d7ec44e8f,80421bb4-e9ab-5b1b-bbb0-a9b39ce49859,2020-09-19,2020,MOV1_FULL,0.72355847008767271,0.27644152991232729,0.029999999999999999,1179
16695071-da7c-53ce-bf56-844fd8f4749f,c864e7d3-58ea-5d72-a5ea-4da455c4b9b6,2020-09-26,2020,MOV1_FULL,0.80848736450496683,0.19151263549503317,0.029999999999999999,1179
36f3ab41-1e20-5a2b-940f-c1b89d26e64d,c864e7d3-58ea-5d72-a5ea-4da455c4b9b6,2020-09-26,2020,MOV1_FULL,0.71704673968378263,0.28295326031621737,0.029999999999999999,1179
4b6384ae-769b-5c30-a318-e5d68792ebb6,c864e7d3-58ea-5d72-a5ea-4da455c4b9b6,2020-09-26,2020,MOV1_FULL,0.51243523033277538,0.48756476966722462,0.029999999999999999,1179
856f4091-6fb9-5bb1-884a-6d996f93e5ad,c864e7d3-58ea-5d72-a5ea-4da455c4b9b6,2020-09-26,2020,MOV1_FULL,0.65255592221966729,0.34744407778033271,0.029999999999999999,1179
919c08e0-356a-57a6-91de-8468c3d01d01,c864e7d3-58ea-5d72-a5ea-4da455c4b9b6,2020-09-26,2020,MOV1_FULL,0.95294538191465405,0.047054618085345945,0.029999999999999999,1179
9f4b81e1-9812-5ee6-9d96-2517c79f6bb2,c864e7d3-58ea-5d72-a5ea-4da455c4b9b6,2020-09-26,2020,MOV1_FULL,0.74495938188953037,0.25504061811046963,0.029999999999999999,1179
bdc06a05-576e-56fe-89e7-29f3f76c8b0a,c864e7d3-58ea-5d72-a5ea-4da455c4b9b6,2020-09-26,2020,MOV1_FULL,0.65910616310090009,0.34089383689909991,0.029999999999999999,1179
d4620dc5-7d37-5526-9480-2d6e35eea0fc,c864e7d3-58ea-5d72-a5ea-4da455c4b9b6,2020-09-26,2020,MOV1_FULL,0.81693738226932977,0.18306261773067023,0.029999999999999999,1179
dc430ebf-e711-55ed-942f-bf948e3792e8,c864e7d3-58ea-5d72-a5ea-4da455c4b9b6,2020-09-26,2020,MOV1_FULL,0.68054557665574822,0.31945442334425178,0.029999999999999999,1179
e75cc6ff-4d8b-532a-a742-a688b28c95b4,c864e7d3-58ea-5d72-a5ea-4da455c4b9b6,2020-09-26,2020,MOV1_FULL,0.65493181792574673,0.34506818207425327,0.029999999999999999,1179
ed079464-8aa9-55c6-b2de-14fd286cfeef,c864e7d3-58ea-5d72-a5ea-4da455c4b9b6,2020-09-26,2020,MOV1_FULL,0.61467483977214532,0.38532516022785468,0.029999999999999999,1179
0332b79a-7fe0-50c1-a917-cf94aacb6365,f295a2a8-54bd-56f8-9ef8-29eae2172553,2020-10-03,2020,MOV1_FULL,0.54454068946513956,0.45545931053486044,0.029999999999999999,1179
2932859a-e77d-592f-9db9-89b5477fe0b5,f295a2a8-54bd-56f8-9ef8-29eae2172553,2020-10-03,2020,MOV1_FULL,0.50564887776399592,0.49435112223600408,0.029999999999999999,1179
4bdf8930-fa38-5052-b463-bc0584dfdade,f295a2a8-54bd-56f8-9ef8-29eae2172553,2020-10-03,2020,MOV1_FULL,0.5003472769838776,0.4996527230161224,0.029999999999999999,1179
6d5c1be0-313a-5018-8bb6-9625813f762b,f295a2a8-54bd-56f8-9ef8-29eae2172553,2020-10-03,2020,MOV1_FULL,0.62403719392142254,0.37596280607857746,0.029999999999999999,1179
7b714122-baa1-55a7-9688-4d827e3baf04,f295a2a8-54bd-56f8-9ef8-29eae2172553,2020-10-03,2020,MOV1_FULL,0.51648480872254787,0.48351519127745213,0.029999999999999999,1179
88f62bb4-bee5-54ec-96e5-d0c933b481a5,f295a2a8-54bd-56f8-9ef8-29eae2172553,2020-10-03,2020,MOV1_FULL,0.88748045745663584,0.11251954254336416,0.029999999999999999,1179
95d86110-9695-54d4-a153-26c3329e0af0,f295a2a8-54bd-56f8-9ef8-29eae2172553,2020-10-03,2020,MOV1_FULL,0.54745123779460092,0.45254876220539908,0.029999999999999999,1179
9c15620a-8741-5c5d-a5b2-f3b702ad4c81,f295a2a8-54bd-56f8-9ef8-29eae2172553,2020-10-03,2020,MOV1_FULL,0.80673310624703209,0.19326689375296791,0.029999999999999999,1179
a808a595-34f8-5577-9755-ae8a2b6b7388,f295a2a8-54bd-56f8-9ef8-29eae2172553,2020-10-03,2020,MOV1_FULL,0.61808087556412705,0.38191912443587295,0.029999999999999999,1179
c8ed59a9-04aa-55a7-b905-16daaa901117,f295a2a8-54bd-56f8-9ef8-29eae2172553,2020-10-03,2020,MOV1_FULL,0.70001947613274751,0.29998052386725249,0.029999999999999999,1179
d96ad65c-6693-565c-adc6-648377ea312f,f295a2a8-54bd-56f8-9ef8-29eae2172553,2020-10-03,2020,MOV1_FULL,0.69776586683081787,0.30223413316918213,0.029999999999999999,1179
0527b44d-a508-53fc-91d0-09ae2bab9ffb,87771685-1753-522e-9f0a-67123836ddfe,2020-10-10,2020,MOV1_FULL,0.82073902031665502,0.17926097968334498,0.029999999999999999,1179
065baee0-5b93-5486-badf-25a84a8cdf75,87771685-1753-522e-9f0a-67123836ddfe,2020-10-10,2020,MOV1_FULL,0.85070328122124572,0.14929671877875428,0.029999999999999999,1179
13e5cabb-39e1-526f-803b-cfbec0d93358,87771685-1753-522e-9f0a-67123836ddfe,2020-10-10,2020,MOV1_FULL,0.70820132062439189,0.29179867937560811,0.029999999999999999,1179
1ba1baf6-d8ac-5ee2-ba82-62ef556dc322,87771685-1753-522e-9f0a-67123836ddfe,2020-10-10,2020,MOV1_FULL,0.4969903385122445,0.5030096614877555,0.029999999999999999,1179
2bd6b05d-da0f-52c7-abe5-eecd7c3b66b4,87771685-1753-522e-9f0a-67123836ddfe,2020-10-10,2020,MOV1_FULL,0.47873508902186179,0.52126491097813821,0.029999999999999999,1179
37460007-4ced-5de9-9f1c-c69e54d9d86b,87771685-1753-522e-9f0a-67123836ddfe,2020-10-10,2020,MOV1_FULL,0.6711632122440282,0.3288367877559718,0.029999999999999999,1179
38448e84-2edf-5473-8254-eeb197be5184,87771685-1753-522e-9f0a-67123836ddfe,2020-10-10,2020,MOV1_FULL,0.61920644041958317,0.38079355958041683,0.029999999999999999,1179
7cd88cf3-26fc-5982-969e-8e55f8a062ef,87771685-1753-522e-9f0a-67123836ddfe,2020-10-10,2020,MOV1_FULL,0.79530258236249884,0.20469741763750116,0.029999999999999999,1179
9793753c-8025-5ffc-87c9-e1ea12db3a8c,87771685-1753-522e-9f0a-67123836ddfe,2020-10-10,2020,MOV1_FULL,0.65486968630995812,0.34513031369004188,0.029999999999999999,1179
a7e1d836-3343-5bbd-86e6-117c1fefa9ce,87771685-1753-522e-9f0a-67123836ddfe,2020-10-10,2020,MOV1_FULL,0.78937235028444341,0.21062764971555659,0.029999999999999999,1179
b1dd1b3e-1ed0-5c04-8c3b-9f0371811a01,87771685-1753-522e-9f0a-67123836ddfe,2020-10-10,2020,MOV1_FULL,0.7881237563629957,0.2118762436370043,0.029999999999999999,1179
cc1057ad-9362-5cfa-9914-d21be98bcbdc,87771685-1753-522e-9f0a-67123836ddfe,2020-10-10,2020,MOV1_FULL,0.55650077481403093,0.44349922518596907,0.029999999999999999,1179
083fc692-d48b-58e7-bebe-3e6f9a5f1673,eb5817a3-fa80-5199-b9b3-0f3b108c0891,2020-10-17,2020,MOV1_FULL,0.64591727791745079,0.35408272208254921,0.029999999999999999,1179
10fe3262-4e1a-54e2-882e-cd52d0af269f,eb5817a3-fa80-5199-b9b3-0f3b108c0891,2020-10-17,2020,MOV1_FULL,0.80761728497367502,0.19238271502632498,0.029999999999999999,1179
3fda9890-a060-561f-a47d-c1f6cf935db4,eb5817a3-fa80-5199-b9b3-0f3b108c0891,2020-10-17,2020,MOV1_FULL,0.94056809747367731,0.059431902526322689,0.029999999999999999,1179
4fe956da-101f-5525-a035-c44c76d428b1,eb5817a3-fa80-5199-b9b3-0f3b108c0891,2020-10-17,2020,MOV1_FULL,0.51986442541232503,0.48013557458767497,0.029999999999999999,1179
519453bd-2248-5e4b-8b65-1fc9bf58c143,eb5817a3-fa80-5199-b9b3-0f3b108c0891,2020-10-17,2020,MOV1_FULL,0.62292807538477413,0.37707192461522587,0.029999999999999999,1179
7a3a25c8-790b-580d-b1be-8141a7457dff,eb5817a3-fa80-5199-b9b3-0f3b108c0891,2020-10-17,2020,MOV1_FULL,0.7040868163887164,0.2959131836112836,0.029999999999999999,1179
8dacb0da-727a-5fc5-8c46-450609153faf,eb5817a3-fa80-5199-b9b3-0f3b108c0891,2020-10-17,2020,MOV1_FULL,0.56035134763987315,0.43964865236012685,0.029999999999999999,1179
cea4d11a-5b31-5252-a514-a494701bc658,eb5817a3-fa80-5199-b9b3-0f3b108c0891,2020-10-17,2020,MOV1_FULL,0.5376275016933596,0.4623724983066404,0.029999999999999999,1179
e17e0077-02a4-5106-bffe-d255f387cf28,eb5817a3-fa80-5199-b9b3-0f3b108c0891,2020-10-17,2020,MOV1_FULL,0.72073230120116238,0.27926769879883762,0.029999999999999999,1179
e8fbbb5e-8814-528b-97cb-f95716121c57,eb5817a3-fa80-5199-b9b3-0f3b108c0891,2020-10-17,2020,MOV1_FULL,0.51841352211429392,0.48158647788570608,0.029999999999999999,1179
f9180333-5e3c-51c3-838d-013490ab7a59,eb5817a3-fa80-5199-b9b3-0f3b108c0891,2020-10-17,2020,MOV1_FULL,0.54946105678159463,0.45053894321840537,0.029999999999999999,1179
0f023df3-b198-5395-9bee-eb9721d630d5,e18661a6-7892-5498-87ec-aea67db81c04,2020-10-24,2020,MOV1_FULL,0.85616759251731223,0.14383240748268777,0.029999999999999999,1179
1b781726-c212-5182-9224-71a36b4fc535,e18661a6-7892-5498-87ec-aea67db81c04,2020-10-24,2020,MOV1_FULL,0.82249781704651059,0.17750218295348941,0.029999999999999999,1179
2c146300-ba61-511b-94ef-6e95d8936156,e18661a6-7892-5498-87ec-aea67db81c04,2020-10-24,2020,MOV1_FULL,0.54454068946513956,0.45545931053486044,0.029999999999999999,1179
473cb247-3142-5303-9f51-3008b882cb0e,e18661a6-7892-5498-87ec-aea67db81c04,2020-10-24,2020,MOV1_FULL,0.65050258436728414,0.34949741563271586,0.029999999999999999,1179
6986a8df-2705-5d9a-a1cd-6bac1d61d54a,e18661a6-7892-5498-87ec-aea67db81c04,2020-10-24,2020,MOV1_FULL,0.75750116923714816,0.24249883076285184,0.029999999999999999,1179
94242eb1-80ad-53d4-be15-58a327657e0c,e18661a6-7892-5498-87ec-aea67db81c04,2020-10-24,2020,MOV1_FULL,0.62562075955648511,0.37437924044351489,0.029999999999999999,1179
9c6db762-5545-5011-af6a-bed4bbb842d1,e18661a6-7892-5498-87ec-aea67db81c04,2020-10-24,2020,MOV1_FULL,0.59714674912314136,0.40285325087685864,0.029999999999999999,1179
9ecfac50-786a-52d6-8681-4425780eef81,e18661a6-7892-5498-87ec-aea67db81c04,2020-10-24,2020,MOV1_FULL,0.82427100319996649,0.17572899680003351,0.029999999999999999,1179
c122821a-31a6-51f6-8bae-04ebf951b813,e18661a6-7892-5498-87ec-aea67db81c04,2020-10-24,2020,MOV1_FULL,0.39692201661942067,0.60307798338057927,0.029999999999999999,1179
cade8cdb-5577-5f19-bed3-522cbbf49ead,e18661a6-7892-5498-87ec-aea67db81c04,2020-10-24,2020,MOV1_FULL,0.87911415150308914,0.12088584849691086,0.029999999999999999,1179
d85dea65-ce48-5e56-bc3f-9875ad67ff33,e18661a6-7892-5498-87ec-aea67db81c04,2020-10-24,2020,MOV1_FULL,0.94719656839247846,0.052803431607521545,0.029999999999999999,1179
fb2ac8b2-2c12-5270-b767-054f7ae89d0b,e18661a6-7892-5498-87ec-aea67db81c04,2020-10-24,2020,MOV1_FULL,0.69477276116751152,0.30522723883248848,0.029999999999999999,1179
02085c91-4f4f-5976-aceb-4305e7fb923e,2cf67c16-ac00-5e8a-9342-c40614b3a288,2020-10-31,2020,MOV1_FULL,0.60642969173839711,0.39357030826160289,0.029999999999999999,1179
4a76c9c4-d024-5880-b06e-991f265d39a1,2cf67c16-ac00-5e8a-9342-c40614b3a288,2020-10-31,2020,MOV1_FULL,0.7308166181636705,0.2691833818363295,0.029999999999999999,1179
5dee4339-fceb-51ec-af2d-69147a62608f,2cf67c16-ac00-5e8a-9342-c40614b3a288,2020-10-31,2020,MOV1_FULL,0.65228037214110723,0.34771962785889277,0.029999999999999999,1179
688489ec-5de5-5650-bf6b-5e770e758974,2cf67c16-ac00-5e8a-9342-c40614b3a288,2020-10-31,2020,MOV1_FULL,0.59290068879355018,0.40709931120644982,0.029999999999999999,1179
7c7b27ff-9eec-5328-b018-adcb1f19452c,2cf67c16-ac00-5e8a-9342-c40614b3a288,2020-10-31,2020,MOV1_FULL,0.8800713595938674,0.1199286404061326,0.029999999999999999,1179
a68eae2f-8f96-503e-a778-49e4ea4b7ec8,2cf67c16-ac00-5e8a-9342-c40614b3a288,2020-10-31,2020,MOV1_FULL,0.71513782096342682,0.28486217903657318,0.029999999999999999,1179
cd5523f5-6fcd-5b5b-9be4-3ff357884e1f,2cf67c16-ac00-5e8a-9342-c40614b3a288,2020-10-31,2020,MOV1_FULL,0.67556734060346846,0.32443265939653154,0.029999999999999999,1179
e4ba6084-f20a-5e19-a049-57248c1b8a9b,2cf67c16-ac00-5e8a-9342-c40614b3a288,2020-10-31,2020,MOV1_FULL,0.60542525704774819,0.39457474295225181,0.029999999999999999,1179
e578e4fc-a5fa-571e-b786-e3a9d38d23f5,2cf67c16-ac00-5e8a-9342-c40614b3a288,2020-10-31,2020,MOV1_FULL,0.84865863963611166,0.15134136036388834,0.029999999999999999,1179
e729079f-ade8-59fe-b3aa-64e896474520,2cf67c16-ac00-5e8a-9342-c40614b3a288,2020-10-31,2020,MOV1_FULL,0.77682544066342873,0.22317455933657127,0.029999999999999999,1179
eaf67166-a2a0-56f1-b670-e9d01be680c7,2cf67c16-ac00-5e8a-9342-c40614b3a288,2020-10-31,2020,MOV1_FULL,0.475156850498759,0.524843149501241,0.029999999999999999,1179
04d271a0-bb2f-5c18-aab2-ea2b8a75ad0c,192563f4-506c-5590-84ad-b9c84724302e,2020-11-07,2020,MOV1_FULL,0.64328791982332612,0.35671208017667388,0.029999999999999999,1179
19cd7892-8918-5c86-9d71-96c7e3945026,192563f4-506c-5590-84ad-b9c84724302e,2020-11-07,2020,MOV1_FULL,0.72465838829851292,0.27534161170148708,0.029999999999999999,1179
1b3d5929-e188-5d42-bf6a-12648de6f530,192563f4-506c-5590-84ad-b9c84724302e,2020-11-07,2020,MOV1_FULL,0.92486031653959078,0.075139683460409223,0.029999999999999999,1179
2246d0b1-6075-5b47-8564-7e0f41dc806e,192563f4-506c-5590-84ad-b9c84724302e,2020-11-07,2020,MOV1_FULL,0.67275195825164302,0.32724804174835698,0.029999999999999999,1179
590053f9-5099-53ca-9198-3106ff978569,192563f4-506c-5590-84ad-b9c84724302e,2020-11-07,2020,MOV1_FULL,0.69573812342553265,0.30426187657446735,0.029999999999999999,1179
ac539e1e-1387-5952-8a25-8345d3870bf4,192563f4-506c-5590-84ad-b9c84724302e,2020-11-07,2020,MOV1_FULL,0.61246995694527528,0.38753004305472472,0.029999999999999999,1179
b88e472b-312b-5222-a12e-23574f8e3c10,192563f4-506c-5590-84ad-b9c84724302e,2020-11-07,2020,MOV1_FULL,0.59486193745357319,0.40513806254642681,0.029999999999999999,1179
c4a6a163-be34-505d-9190-3b452af9d848,192563f4-506c-5590-84ad-b9c84724302e,2020-11-07,2020,MOV1_FULL,0.52989241342527493,0.47010758657472507,0.029999999999999999,1179
cfb893ea-852a-5398-bf68-3a659689df7b,192563f4-506c-5590-84ad-b9c84724302e,2020-11-07,2020,MOV1_FULL,0.79669249756024418,0.20330750243975582,0.029999999999999999,1179
ee771517-62b7-5257-92d4-85c4b39bfce4,192563f4-506c-5590-84ad-b9c84724302e,2020-11-07,2020,MOV1_FULL,0.76453842496003377,0.23546157503996623,0.029999999999999999,1179
0054cebd-1f87-5255-a698-c558c85aa39e,0c88d0d9-d6e6-529e-b030-f2f1de845736,2020-11-14,2020,MOV1_FULL,0.76207401122855845,0.23792598877144155,0.029999999999999999,1179
0bbf2d80-bb2a-55ba-9e1b-1e62b303c4fc,0c88d0d9-d6e6-529e-b030-f2f1de845736,2020-11-14,2020,MOV1_FULL,0.41329489580506928,0.58670510419493072,0.029999999999999999,1179
3a0a316c-f210-5f9d-9280-bc03815be50b,0c88d0d9-d6e6-529e-b030-f2f1de845736,2020-11-14,2020,MOV1_FULL,0.69493793304689377,0.30506206695310623,0.029999999999999999,1179
3ebc5084-a935-5596-a526-988d7e5a34ec,0c88d0d9-d6e6-529e-b030-f2f1de845736,2020-11-14,2020,MOV1_FULL,0.61568550369899344,0.38431449630100656,0.029999999999999999,1179
5002180e-de8a-5f38-8df4-61568dc5361f,0c88d0d9-d6e6-529e-b030-f2f1de845736,2020-11-14,2020,MOV1_FULL,0.7988996798410658,0.2011003201589342,0.029999999999999999,1179
8b00c4bc-b9ad-5c8c-aefb-25a66a013710,0c88d0d9-d6e6-529e-b030-f2f1de845736,2020-11-14,2020,MOV1_FULL,0.49370099365968451,0.50629900634031544,0.029999999999999999,1179
94f17371-223c-5ae6-af5f-99bc74133445,0c88d0d9-d6e6-529e-b030-f2f1de845736,2020-11-14,2020,MOV1_FULL,0.6195727324827629,0.3804272675172371,0.029999999999999999,1179
9ea6bd86-46ab-5b39-abc3-cf33178be36c,0c88d0d9-d6e6-529e-b030-f2f1de845736,2020-11-14,2020,MOV1_FULL,0.75135589699774241,0.24864410300225759,0.029999999999999999,1179
e3ff96ed-4f88-5735-b971-cece437fe819,0c88d0d9-d6e6-529e-b030-f2f1de845736,2020-11-14,2020,MOV1_FULL,0.18474122019062031,0.81525877980937966,0.029999999999999999,1179
09f8b03a-35ce-53ca-bb52-90360bc242c6,43e9b4d6-2365-5287-949d-c80f04d1e213,2020-11-21,2020,MOV1_FULL,0.67264294247492773,0.32735705752507227,0.029999999999999999,1179
1d86d205-397b-505a-8a3c-8049953a5aad,43e9b4d6-2365-5287-949d-c80f04d1e213,2020-11-21,2020,MOV1_FULL,0.88026763289303356,0.11973236710696644,0.029999999999999999,1179
33ee9127-0bfa-5a2f-856a-6efc6055c50f,43e9b4d6-2365-5287-949d-c80f04d1e213,2020-11-21,2020,MOV1_FULL,0.54400683599606381,0.45599316400393619,0.029999999999999999,1179
55b860ba-0deb-5acb-98fc-d3d5d3ecf9bc,43e9b4d6-2365-5287-949d-c80f04d1e213,2020-11-21,2020,MOV1_FULL,0.81192129436424243,0.18807870563575757,0.029999999999999999,1179
6eb8fa31-5bda-5130-a1ad-96fc93a903ed,43e9b4d6-2365-5287-949d-c80f04d1e213,2020-11-21,2020,MOV1_FULL,0.80006810469752143,0.19993189530247857,0.029999999999999999,1179
86cca729-98d5-5204-b773-0158d627b97c,43e9b4d6-2365-5287-949d-c80f04d1e213,2020-11-21,2020,MOV1_FULL,0.64515865378287529,0.35484134621712471,0.029999999999999999,1179
bf4a84ee-3242-5914-aefa-11ece2561236,43e9b4d6-2365-5287-949d-c80f04d1e213,2020-11-21,2020,MOV1_FULL,0.60897682770229988,0.39102317229770012,0.029999999999999999,1179
cd37fb5c-cdf0-5969-bd3a-714645b1aba7,43e9b4d6-2365-5287-949d-c80f04d1e213,2020-11-21,2020,MOV1_FULL,0.51718725464168247,0.48281274535831753,0.029999999999999999,1179
cd640242-d407-54d8-9795-33aa815c9950,43e9b4d6-2365-5287-949d-c80f04d1e213,2020-11-21,2020,MOV1_FULL,0.66864452031109367,0.33135547968890633,0.029999999999999999,1179
d7d0b12f-ff0d-589f-a57c-576900d7963f,43e9b4d6-2365-5287-949d-c80f04d1e213,2020-11-21,2020,MOV1_FULL,0.83191156995862481,0.16808843004137519,0.029999999999999999,1179
e4c2a468-6878-549b-9050-e0a2b2dce52d,43e9b4d6-2365-5287-949d-c80f04d1e213,2020-11-21,2020,MOV1_FULL,0.25470084934606219,0.74529915065393781,0.029999999999999999,1179
ec42fb8d-e4c9-56cd-a60a-004912499f9c,43e9b4d6-2365-5287-949d-c80f04d1e213,2020-11-21,2020,MOV1_FULL,0.57144852454156225,0.42855147545843775,0.029999999999999999,1179
01af4c45-136d-5998-a647-a35053f6ed47,b050ecb0-01fa-5551-8292-26c9ae46c488,2020-11-28,2020,MOV1_FULL,0.81883137836877895,0.18116862163122105,0.029999999999999999,1179
118ae057-f12d-5668-a069-99efdcec95ee,b050ecb0-01fa-5551-8292-26c9ae46c488,2020-11-28,2020,MOV1_FULL,0.7031387471068743,0.2968612528931257,0.029999999999999999,1179
33ff15ee-393c-551c-b3eb-2afcbe3bf5aa,b050ecb0-01fa-5551-8292-26c9ae46c488,2020-11-28,2020,MOV1_FULL,0.75220157357041428,0.24779842642958572,0.029999999999999999,1179
36884e30-c2a2-5187-984c-16c81a8cf68b,b050ecb0-01fa-5551-8292-26c9ae46c488,2020-11-28,2020,MOV1_FULL,0.80595566693590692,0.19404433306409308,0.029999999999999999,1179
7bd77594-1931-50aa-9b77-4cfd18a55bd2,b050ecb0-01fa-5551-8292-26c9ae46c488,2020-11-28,2020,MOV1_FULL,0.59537490542487537,0.40462509457512463,0.029999999999999999,1179
7f1d9fd4-3164-5f3e-b59f-52b979777e59,b050ecb0-01fa-5551-8292-26c9ae46c488,2020-11-28,2020,MOV1_FULL,0.30934526215367725,0.69065473784632281,0.029999999999999999,1179
80705457-b71e-5f1e-9712-33a73785a2d9,b050ecb0-01fa-5551-8292-26c9ae46c488,2020-11-28,2020,MOV1_FULL,0.55344898535497988,0.44655101464502012,0.029999999999999999,1179
aff19785-9870-5dc5-b04a-c3ada220935e,b050ecb0-01fa-5551-8292-26c9ae46c488,2020-11-28,2020,MOV1_FULL,0.73133168298394757,0.26866831701605243,0.029999999999999999,1179
f345e9f1-1f13-5a91-bec0-f234b10de016,b050ecb0-01fa-5551-8292-26c9ae46c488,2020-11-28,2020,MOV1_FULL,0.86235261082188908,0.13764738917811092,0.029999999999999999,1179
27d9ad46-0045-501c-92cb-decdceac2328,0ba761df-75f9-5842-8dc9-9e61cf94ab0d,2020-12-05,2020,MOV1_FULL,0.68115626120178607,0.31884373879821393,0.029999999999999999,1179
3310d8fb-ef77-5720-ad77-cf95efcac416,0ba761df-75f9-5842-8dc9-9e61cf94ab0d,2020-12-05,2020,MOV1_FULL,0.61735597970074318,0.38264402029925682,0.029999999999999999,1179
3c3df0ae-40b5-593a-8d3f-4da773caae7b,0ba761df-75f9-5842-8dc9-9e61cf94ab0d,2020-12-05,2020,MOV1_FULL,0.45431277198918751,0.54568722801081249,0.029999999999999999,1179
504a82d6-0784-5b33-9e99-cde7ca4b2a3d,0ba761df-75f9-5842-8dc9-9e61cf94ab0d,2020-12-05,2020,MOV1_FULL,0.53101084947340582,0.46898915052659418,0.029999999999999999,1179
54498a96-5e6e-548f-8bd7-3c1bd4a4c425,0ba761df-75f9-5842-8dc9-9e61cf94ab0d,2020-12-05,2020,MOV1_FULL,0.48056423545500465,0.5194357645449954,0.029999999999999999,1179
59785162-c899-526e-a728-998dda90fcd5,0ba761df-75f9-5842-8dc9-9e61cf94ab0d,2020-12-05,2020,MOV1_FULL,0.91981565419109734,0.080184345808902657,0.029999999999999999,1179
64d341fc-1b4f-5057-afb0-03a95cc1d1d5,0ba761df-75f9-5842-8dc9-9e61cf94ab0d,2020-12-05,2020,MOV1_FULL,0.18503670761958335,0.81496329238041665,0.029999999999999999,1179
a08c25c2-2dd1-5175-a0fa-fdb607615ffb,0ba761df-75f9-5842-8dc9-9e61cf94ab0d,2020-12-05,2020,MOV1_FULL,0.80578476653997899,0.19421523346002101,0.029999999999999999,1179
0053bb68-c45d-589a-917f-9676a419134f,b393677a-f85f-560c-85f0-6fca8e21cf5b,2020-12-12,2020,MOV1_FULL,0.81288580395174204,0.18711419604825796,0.029999999999999999,1179
1dec5e6b-4b94-5643-9be5-748ff874ddad,b393677a-f85f-560c-85f0-6fca8e21cf5b,2020-12-12,2020,MOV1_FULL,0.49002971703715059,0.50997028296284941,0.029999999999999999,1179
20fac4bd-b1c4-54f7-ac0a-25a72dfd348c,b393677a-f85f-560c-85f0-6fca8e21cf5b,2020-12-12,2020,MOV1_FULL,0.48518824890785894,0.51481175109214106,0.029999999999999999,1179
3a8c5ed1-6b0c-56d7-b959-3f4afca95977,b393677a-f85f-560c-85f0-6fca8e21cf5b,2020-12-12,2020,MOV1_FULL,0.53451686666901499,0.46548313333098501,0.029999999999999999,1179
5076e9e8-d5fc-5f6e-8287-65bc331496a9,b393677a-f85f-560c-85f0-6fca8e21cf5b,2020-12-12,2020,MOV1_FULL,0.83791376944729579,0.16208623055270421,0.029999999999999999,1179
98a2d697-192f-5b19-9eed-7a7c715a9ed9,b393677a-f85f-560c-85f0-6fca8e21cf5b,2020-12-12,2020,MOV1_FULL,0.22004992653174987,0.77995007346825007,0.029999999999999999,1179
cfd1bd31-8607-5850-90cd-47a0014dfaec,b393677a-f85f-560c-85f0-6fca8e21cf5b,2020-12-12,2020,MOV1_FULL,0.65848465952965451,0.34151534047034549,0.029999999999999999,1179
dd9cded5-c9ec-52f5-908f-20a85c0b84eb,b393677a-f85f-560c-85f0-6fca8e21cf5b,2020-12-12,2020,MOV1_FULL,0.7235244253076567,0.2764755746923433,0.029999999999999999,1179
eaca3fcf-8f40-5bdf-83e5-75af27833ccc,b393677a-f85f-560c-85f0-6fca8e21cf5b,2020-12-12,2020,MOV1_FULL,0.54653932731475319,0.45346067268524681,0.029999999999999999,1179
ec74c6a6-a504-5be9-b492-51eb22f67dd0,b393677a-f85f-560c-85f0-6fca8e21cf5b,2020-12-12,2020,MOV1_FULL,0.52448858384181074,0.47551141615818926,0.029999999999999999,1179
02322719-6a26-5c11-9a54-179f165e8700,2bd1e431-b14d-5809-8d9b-cf7349fc6220,2020-12-19,2020,MOV1_FULL,0.51031681053022449,0.48968318946977551,0.029999999999999999,1179
1cbf73fa-3119-57db-9529-9e0f93a739f0,2bd1e431-b14d-5809-8d9b-cf7349fc6220,2020-12-19,2020,MOV1_FULL,0.76997604899229311,0.23002395100770689,0.029999999999999999,1179
3b64b726-0b1e-514a-8eac-fd9dc0cdddfd,2bd1e431-b14d-5809-8d9b-cf7349fc6220,2020-12-19,2020,MOV1_FULL,0.91359220796768825,0.086407792032311748,0.029999999999999999,1179
62e4f428-63f4-5731-b894-b525653bbdb8,2bd1e431-b14d-5809-8d9b-cf7349fc6220,2020-12-19,2020,MOV1_FULL,0.61372241731327248,0.38627758268672752,0.029999999999999999,1179
82bb2cca-b6eb-557d-8724-7da1687eda4f,2bd1e431-b14d-5809-8d9b-cf7349fc6220,2020-12-19,2020,MOV1_FULL,0.74764256036395238,0.25235743963604762,0.029999999999999999,1179
b37bdcce-7ea7-5c59-8a3d-4b2f611fdefa,2bd1e431-b14d-5809-8d9b-cf7349fc6220,2020-12-19,2020,MOV1_FULL,0.54454068946513956,0.45545931053486044,0.029999999999999999,1179
c572dcfa-d9b9-53fc-8208-92e8c4ee1b24,2bd1e431-b14d-5809-8d9b-cf7349fc6220,2020-12-19,2020,MOV1_FULL,0.74492587435038404,0.25507412564961596,0.029999999999999999,1179
cf945e8d-f0d8-553e-b188-8dc7d35d6a4f,2bd1e431-b14d-5809-8d9b-cf7349fc6220,2020-12-19,2020,MOV1_FULL,0.52144604296930441,0.47855395703069559,0.029999999999999999,1179
d377b64c-cc00-5544-8982-eae466b5e073,2bd1e431-b14d-5809-8d9b-cf7349fc6220,2020-12-19,2020,MOV1_FULL,0.39172128894669905,0.608278711053301,0.029999999999999999,1179
d8cf45dd-bfbc-589c-a93f-42f1659ef55b,2bd1e431-b14d-5809-8d9b-cf7349fc6220,2020-12-19,2020,MOV1_FULL,0.80672439760500936,0.19327560239499064,0.029999999999999999,1179
ee0e4ceb-5483-5035-9c69-610126060914,2bd1e431-b14d-5809-8d9b-cf7349fc6220,2020-12-19,2020,MOV1_FULL,0.72397107419830797,0.27602892580169203,0.029999999999999999,1179
fd07acac-7e1c-52c6-902b-94ba171be297,2bd1e431-b14d-5809-8d9b-cf7349fc6220,2020-12-19,2020,MOV1_FULL,0.38631546617559259,0.61368453382440746,0.029999999999999999,1179
09340822-4fbc-5909-a046-0469ee740fa0,de8ca7c2-5a65-51e2-bace-88305a704b77,2021-01-16,2021,MOV1_FULL,0.84487281019754179,0.15512718980245821,0.029999999999999999,1399
15bbaecc-805a-55ba-9ada-baf90fb23559,de8ca7c2-5a65-51e2-bace-88305a704b77,2021-01-16,2021,MOV1_FULL,0.86241658161956591,0.13758341838043409,0.029999999999999999,1399
2b28f4a8-01e3-575a-a46d-7e2dfec52df7,de8ca7c2-5a65-51e2-bace-88305a704b77,2021-01-16,2021,MOV1_FULL,0.68221563295564813,0.31778436704435187,0.029999999999999999,1399
3b80780a-b408-51c7-8585-207992aecf91,de8ca7c2-5a65-51e2-bace-88305a704b77,2021-01-16,2021,MOV1_FULL,0.2202853112306479,0.77971468876935213,0.029999999999999999,1399
4838b441-05c9-57ec-9ae1-f01bddba85bf,de8ca7c2-5a65-51e2-bace-88305a704b77,2021-01-16,2021,MOV1_FULL,0.62017679202691145,0.37982320797308855,0.029999999999999999,1399
55f735e7-1cf3-54df-ac29-538d41c1e568,de8ca7c2-5a65-51e2-bace-88305a704b77,2021-01-16,2021,MOV1_FULL,0.54323698013466737,0.45676301986533263,0.029999999999999999,1399
5640f6e5-50c5-5496-a94f-17359d3dd691,de8ca7c2-5a65-51e2-bace-88305a704b77,2021-01-16,2021,MOV1_FULL,0.58802365157563985,0.41197634842436015,0.029999999999999999,1399
60f9b169-58e7-50f7-a9c4-5d3abfaaf443,de8ca7c2-5a65-51e2-bace-88305a704b77,2021-01-16,2021,MOV1_FULL,0.88675012354424909,0.11324987645575091,0.029999999999999999,1399
82440901-c75f-55f5-8b90-092837f82354,de8ca7c2-5a65-51e2-bace-88305a704b77,2021-01-16,2021,MOV1_FULL,0.92282818604005801,0.077171813959941993,0.029999999999999999,1399
892e87a1-9f2d-5cf9-85d5-81b029624a41,de8ca7c2-5a65-51e2-bace-88305a704b77,2021-01-16,2021,MOV1_FULL,0.74780562969704278,0.25219437030295722,0.029999999999999999,1399
05cd221d-d394-5238-b144-818eabdd518b,8b130f4e-35bb-567f-a4be-533d91e1125f,2021-01-20,2021,MOV1_FULL,0.51854448060329561,0.48145551939670439,0.029999999999999999,1399
42ffe22a-e127-5fa3-9be9-226a67faac7d,8b130f4e-35bb-567f-a4be-533d91e1125f,2021-01-20,2021,MOV1_FULL,0.85754111924257181,0.14245888075742819,0.029999999999999999,1399
634e70aa-69f2-59b3-bcfe-99cc01173878,8b130f4e-35bb-567f-a4be-533d91e1125f,2021-01-20,2021,MOV1_FULL,0.62832094862457266,0.37167905137542734,0.029999999999999999,1399
76522514-f176-509e-8d0b-ed82d8f80b55,8b130f4e-35bb-567f-a4be-533d91e1125f,2021-01-20,2021,MOV1_FULL,0.72880491307085593,0.27119508692914407,0.029999999999999999,1399
78b4771b-61d6-5106-9d56-144fea2813ae,8b130f4e-35bb-567f-a4be-533d91e1125f,2021-01-20,2021,MOV1_FULL,0.7398558405269603,0.2601441594730397,0.029999999999999999,1399
839c52f1-4dcf-565e-97ec-d0753d8ddda8,8b130f4e-35bb-567f-a4be-533d91e1125f,2021-01-20,2021,MOV1_FULL,0.4998901814367967,0.50010981856320336,0.029999999999999999,1399
917666c0-8dfd-533d-902d-84f8d6ac92ba,8b130f4e-35bb-567f-a4be-533d91e1125f,2021-01-20,2021,MOV1_FULL,0.58549557936119978,0.41450442063880022,0.029999999999999999,1399
b2da6230-7737-5ab5-bff1-6b9effdd135a,8b130f4e-35bb-567f-a4be-533d91e1125f,2021-01-20,2021,MOV1_FULL,0.57134099786397508,0.42865900213602492,0.029999999999999999,1399
cae5e09f-4824-570b-9183-d7e65e682b08,8b130f4e-35bb-567f-a4be-533d91e1125f,2021-01-20,2021,MOV1_FULL,0.83685440750349838,0.16314559249650162,0.029999999999999999,1399
dee84889-64ab-505d-8f3e-859b815ff659,8b130f4e-35bb-567f-a4be-533d91e1125f,2021-01-20,2021,MOV1_FULL,0.79829875352421553,0.20170124647578447,0.029999999999999999,1399
e3a7688a-17e5-57f1-bc76-fae8dc87e91b,8b130f4e-35bb-567f-a4be-533d91e1125f,2021-01-20,2021,MOV1_FULL,0.69027941087549505,0.30972058912450495,0.029999999999999999,1399
e94bf22d-05f1-5878-ad5f-97a89b53085b,8b130f4e-35bb-567f-a4be-533d91e1125f,2021-01-20,2021,MOV1_FULL,0.79597681130258968,0.20402318869741032,0.029999999999999999,1399
f6f94cbd-4863-58e2-8532-801f1d536bd6,8b130f4e-35bb-567f-a4be-533d91e1125f,2021-01-20,2021,MOV1_FULL,0.53430661415209368,0.46569338584790632,0.029999999999999999,1399
0ca920fd-75ff-505b-b472-6ba66ab6b51c,d64fe046-3b3b-5a23-8e48-2fba2a93e81f,2021-01-23,2021,MOV1_FULL,0.8182687497668345,0.1817312502331655,0.029999999999999999,1399
173a845c-ab4c-5e5d-9514-b8480e9e0717,d64fe046-3b3b-5a23-8e48-2fba2a93e81f,2021-01-23,2021,MOV1_FULL,0.32612494668604214,0.67387505331395792,0.029999999999999999,1399
1844f0f6-4037-5162-9a3c-5c8f43044f38,d64fe046-3b3b-5a23-8e48-2fba2a93e81f,2021-01-23,2021,MOV1_FULL,0.67323362167446421,0.32676637832553579,0.029999999999999999,1399
2a650087-d998-5aac-b2e7-7f802a3406e8,d64fe046-3b3b-5a23-8e48-2fba2a93e81f,2021-01-23,2021,MOV1_FULL,0.47790009136648592,0.52209990863351408,0.029999999999999999,1399
2d5e98ac-de75-5810-b744-f873c8f56a32,d64fe046-3b3b-5a23-8e48-2fba2a93e81f,2021-01-23,2021,MOV1_FULL,0.96120290553833443,0.038797094461665571,0.029999999999999999,1399
3e08a332-43d4-550c-a4bf-b6b93fd84b4e,d64fe046-3b3b-5a23-8e48-2fba2a93e81f,2021-01-23,2021,MOV1_FULL,0.71276287677132,0.28723712322868,0.029999999999999999,1399
4f8d8d2f-fb72-5ba2-ad42-6265a3741ca9,d64fe046-3b3b-5a23-8e48-2fba2a93e81f,2021-01-23,2021,MOV1_FULL,0.498600545926003,0.501399454073997,0.029999999999999999,1399
5f585ba0-a95f-54b5-9ecb-23e884eb194b,d64fe046-3b3b-5a23-8e48-2fba2a93e81f,2021-01-23,2021,MOV1_FULL,0.79405402418344095,0.20594597581655905,0.029999999999999999,1399
615a6dc8-9aaf-5c92-8846-ef9ba012a183,d64fe046-3b3b-5a23-8e48-2fba2a93e81f,2021-01-23,2021,MOV1_FULL,0.38140324426420968,0.61859675573579032,0.029999999999999999,1399
63d9b41c-7402-5cc1-811c-f7a455418ea4,d64fe046-3b3b-5a23-8e48-2fba2a93e81f,2021-01-23,2021,MOV1_FULL,0.60578000677836508,0.39421999322163492,0.029999999999999999,1399
a085c93f-259a-575e-99a8-e313d7a71241,d64fe046-3b3b-5a23-8e48-2fba2a93e81f,2021-01-23,2021,MOV1_FULL,0.63671658674514475,0.36328341325485525,0.029999999999999999,1399
08f6996c-6a6a-5e24-a28f-a5d8305e1884,5ae0ce13-7eef-5523-8fff-eaac44d3b16a,2021-02-06,2021,MOV1_FULL,0.38299669395107455,0.6170033060489255,0.029999999999999999,1399
2b7ec356-78de-5037-8b13-c167b2c6a737,5ae0ce13-7eef-5523-8fff-eaac44d3b16a,2021-02-06,2021,MOV1_FULL,0.71317191345159747,0.28682808654840253,0.029999999999999999,1399
2df29db8-a42d-5c8e-afdb-0080667d7c2e,5ae0ce13-7eef-5523-8fff-eaac44d3b16a,2021-02-06,2021,MOV1_FULL,0.58806920487439418,0.41193079512560582,0.029999999999999999,1399
305d8383-311d-599a-86ad-0637d27b6068,5ae0ce13-7eef-5523-8fff-eaac44d3b16a,2021-02-06,2021,MOV1_FULL,0.69128588814745595,0.30871411185254405,0.029999999999999999,1399
41613cb5-e753-58b8-ae71-5d964f6d69df,5ae0ce13-7eef-5523-8fff-eaac44d3b16a,2021-02-06,2021,MOV1_FULL,0.78787403322117577,0.21212596677882423,0.029999999999999999,1399
4698341b-4512-57de-a77a-fb6e79561daa,5ae0ce13-7eef-5523-8fff-eaac44d3b16a,2021-02-06,2021,MOV1_FULL,0.93383211158988322,0.066167888410116782,0.029999999999999999,1399
4f136c23-e883-5bc5-a55a-645d73be90b4,5ae0ce13-7eef-5523-8fff-eaac44d3b16a,2021-02-06,2021,MOV1_FULL,0.77738848368204316,0.22261151631795684,0.029999999999999999,1399
5ca9012e-ed4e-5c92-9118-0961e3f82076,5ae0ce13-7eef-5523-8fff-eaac44d3b16a,2021-02-06,2021,MOV1_FULL,0.69988542628723471,0.30011457371276529,0.029999999999999999,1399
6cf84961-5724-5f5b-a393-ccb89a2a76b0,5ae0ce13-7eef-5523-8fff-eaac44d3b16a,2021-02-06,2021,MOV1_FULL,0.7514708373433211,0.2485291626566789,0.029999999999999999,1399
774d8775-13f0-5f41-b0a6-104b85a82997,5ae0ce13-7eef-5523-8fff-eaac44d3b16a,2021-02-06,2021,MOV1_FULL,0.6790700121309301,0.3209299878690699,0.029999999999999999,1399
de15a3b2-b0a9-5d29-bb05-bdf804a2ee78,5ae0ce13-7eef-5523-8fff-eaac44d3b16a,2021-02-06,2021,MOV1_FULL,0.64404049302410027,0.35595950697589973,0.029999999999999999,1399
e5f05cb0-c958-5849-9090-13eb35d7f0e4,5ae0ce13-7eef-5523-8fff-eaac44d3b16a,2021-02-06,2021,MOV1_FULL,0.50438217148282682,0.49561782851717318,0.029999999999999999,1399
09264f28-a062-519d-8880-621d7338a27d,51bfa819-c36c-5242-a491-c2a17a34ffb1,2021-02-13,2021,MOV1_FULL,0.47103507280350992,0.52896492719649002,0.029999999999999999,1399
327aa418-2068-5631-b5ed-81d94cc8eb3b,51bfa819-c36c-5242-a491-c2a17a34ffb1,2021-02-13,2021,MOV1_FULL,0.77694157932076435,0.22305842067923565,0.029999999999999999,1399
46d7369c-b5dc-5461-b024-0d811a5f2d33,51bfa819-c36c-5242-a491-c2a17a34ffb1,2021-02-13,2021,MOV1_FULL,0.65080690057820501,0.34919309942179499,0.029999999999999999,1399
6dead2db-52bf-5b1a-9884-326844c5e194,51bfa819-c36c-5242-a491-c2a17a34ffb1,2021-02-13,2021,MOV1_FULL,0.84587045000887617,0.15412954999112383,0.029999999999999999,1399
8d0fcbee-32bb-5552-aa7f-4de9b0601ab3,51bfa819-c36c-5242-a491-c2a17a34ffb1,2021-02-13,2021,MOV1_FULL,0.70935260334187256,0.29064739665812744,0.029999999999999999,1399
95bd256d-3598-5173-b8e8-2e7d8a54edcd,51bfa819-c36c-5242-a491-c2a17a34ffb1,2021-02-13,2021,MOV1_FULL,0.2988352805807365,0.7011647194192635,0.029999999999999999,1399
9c393ac0-922a-5b21-afdf-3bdcaf359584,51bfa819-c36c-5242-a491-c2a17a34ffb1,2021-02-13,2021,MOV1_FULL,0.63916352687771938,0.36083647312228062,0.029999999999999999,1399
9dca6706-b551-5879-9294-d39f93d6a8b9,51bfa819-c36c-5242-a491-c2a17a34ffb1,2021-02-13,2021,MOV1_FULL,0.71847582468431748,0.28152417531568252,0.029999999999999999,1399
cefe9c45-c849-5678-ab1b-66f3cfedf15f,51bfa819-c36c-5242-a491-c2a17a34ffb1,2021-02-13,2021,MOV1_FULL,0.63409739958724043,0.36590260041275957,0.029999999999999999,1399
e187f9b5-b5f7-5b56-9de7-6fb1efed41a7,51bfa819-c36c-5242-a491-c2a17a34ffb1,2021-02-13,2021,MOV1_FULL,0.51298388349956614,0.48701611650043386,0.029999999999999999,1399
2de40dae-75ba-574c-913a-8545d0aca98e,7660e8a6-4a42-5257-b127-f5bb459ed389,2021-02-20,2021,MOV1_FULL,0.71023872142949718,0.28976127857050282,0.029999999999999999,1399
3dbbbf34-dcbb-5674-b398-5e4c48e7c6df,7660e8a6-4a42-5257-b127-f5bb459ed389,2021-02-20,2021,MOV1_FULL,0.73383685985370861,0.26616314014629139,0.029999999999999999,1399
55f5b079-2a6e-5f43-9f66-f408f87cf97f,7660e8a6-4a42-5257-b127-f5bb459ed389,2021-02-20,2021,MOV1_FULL,0.6132751509396186,0.3867248490603814,0.029999999999999999,1399
7f01e707-cbf1-5806-bae1-c99f6c81c6c8,7660e8a6-4a42-5257-b127-f5bb459ed389,2021-02-20,2021,MOV1_FULL,0.87811192733085242,0.12188807266914758,0.029999999999999999,1399
86120765-5a25-5815-9381-700c2add2384,7660e8a6-4a42-5257-b127-f5bb459ed389,2021-02-20,2021,MOV1_FULL,0.93797107867011165,0.062028921329888353,0.029999999999999999,1399
a32569d8-867e-5737-9f0e-56ec3cda791e,7660e8a6-4a42-5257-b127-f5bb459ed389,2021-02-20,2021,MOV1_FULL,0.76058785451288202,0.23941214548711798,0.029999999999999999,1399
a5b9b045-7525-5fc3-86b4-9c247b787875,7660e8a6-4a42-5257-b127-f5bb459ed389,2021-02-20,2021,MOV1_FULL,0.66616780844307144,0.33383219155692856,0.029999999999999999,1399
c052906f-b1dc-5979-b68e-43147f1dadcd,7660e8a6-4a42-5257-b127-f5bb459ed389,2021-02-20,2021,MOV1_FULL,0.77852859329059909,0.22147140670940091,0.029999999999999999,1399
c800ea03-6ff8-5922-a70e-445ffdcfbb1f,7660e8a6-4a42-5257-b127-f5bb459ed389,2021-02-20,2021,MOV1_FULL,0.65423069213277218,0.34576930786722782,0.029999999999999999,1399
e820546f-a89f-569a-970f-49da4aabbb30,7660e8a6-4a42-5257-b127-f5bb459ed389,2021-02-20,2021,MOV1_FULL,0.75873907568693211,0.24126092431306789,0.029999999999999999,1399
ec8d0c11-34e1-5487-a2b6-65bfa37f7e8a,7660e8a6-4a42-5257-b127-f5bb459ed389,2021-02-20,2021,MOV1_FULL,0.21543765716453855,0.78456234283546145,0.029999999999999999,1399
efb9472e-78fe-5f86-9043-264896c949f0,7660e8a6-4a42-5257-b127-f5bb459ed389,2021-02-20,2021,MOV1_FULL,0.56417598070655428,0.43582401929344572,0.029999999999999999,1399
13f60aea-8a05-5824-9633-d84fd7ec49d1,4e6bdd1a-dcf4-5e36-9227-99f2eed5fae8,2021-02-27,2021,MOV1_FULL,0.56024680208168753,0.43975319791831247,0.029999999999999999,1399
141ae45b-f8cd-55b7-9d95-849fa0cc4ee7,4e6bdd1a-dcf4-5e36-9227-99f2eed5fae8,2021-02-27,2021,MOV1_FULL,0.25029283002809805,0.74970716997190201,0.029999999999999999,1399
543d4bf9-dde9-55c7-9254-059a6f31e032,4e6bdd1a-dcf4-5e36-9227-99f2eed5fae8,2021-02-27,2021,MOV1_FULL,0.84511875691578353,0.15488124308421647,0.029999999999999999,1399
55e9053b-f9e2-5947-b4a2-ae5bc3d56cd7,4e6bdd1a-dcf4-5e36-9227-99f2eed5fae8,2021-02-27,2021,MOV1_FULL,0.64042850574733501,0.35957149425266499,0.029999999999999999,1399
5796f14a-769e-52eb-be67-3fe36971eef2,4e6bdd1a-dcf4-5e36-9227-99f2eed5fae8,2021-02-27,2021,MOV1_FULL,0.89517357693276145,0.10482642306723855,0.029999999999999999,1399
879b9abe-4f8d-53e2-bb73-c6b20be2d68c,4e6bdd1a-dcf4-5e36-9227-99f2eed5fae8,2021-02-27,2021,MOV1_FULL,0.66047323830404736,0.33952676169595264,0.029999999999999999,1399
b34dbfe5-7e6b-5af1-bf79-6adbe94b1567,4e6bdd1a-dcf4-5e36-9227-99f2eed5fae8,2021-02-27,2021,MOV1_FULL,0.69053886425119593,0.30946113574880407,0.029999999999999999,1399
d53a01e5-4cd3-5404-a7ef-b5fec6263746,4e6bdd1a-dcf4-5e36-9227-99f2eed5fae8,2021-02-27,2021,MOV1_FULL,0.56377564504601108,0.43622435495398892,0.029999999999999999,1399
e61cf16d-55c4-5a5a-9f95-6d9f9e303ae9,4e6bdd1a-dcf4-5e36-9227-99f2eed5fae8,2021-02-27,2021,MOV1_FULL,0.60525979458758838,0.39474020541241162,0.029999999999999999,1399
109c90dd-3a9f-5233-afc6-c333e9c77ac0,a3bc326f-a1b1-5a10-bf97-49b5f9a0433f,2021-03-06,2021,MOV1_FULL,0.6710359440542798,0.3289640559457202,0.029999999999999999,1399
18cc7227-bc66-51e8-ac9c-721ad91b07f5,a3bc326f-a1b1-5a10-bf97-49b5f9a0433f,2021-03-06,2021,MOV1_FULL,0.73712682679303287,0.26287317320696713,0.029999999999999999,1399
431f3cc7-db7f-5e32-ae5d-08e16a035b3c,a3bc326f-a1b1-5a10-bf97-49b5f9a0433f,2021-03-06,2021,MOV1_FULL,0.50715013672148967,0.49284986327851033,0.029999999999999999,1399
6ac78b93-6bf9-58b1-9f9c-b004eee5e46d,a3bc326f-a1b1-5a10-bf97-49b5f9a0433f,2021-03-06,2021,MOV1_FULL,0.60717872064166356,0.39282127935833644,0.029999999999999999,1399
7c377415-bc0c-53e4-b098-611aa65532bb,a3bc326f-a1b1-5a10-bf97-49b5f9a0433f,2021-03-06,2021,MOV1_FULL,0.58466941216412771,0.41533058783587229,0.029999999999999999,1399
89222a63-f8ad-5e95-a432-fab094d67ca1,a3bc326f-a1b1-5a10-bf97-49b5f9a0433f,2021-03-06,2021,MOV1_FULL,0.6902281064312098,0.3097718935687902,0.029999999999999999,1399
8ac63ea7-dca5-57af-8219-840d4a0af954,a3bc326f-a1b1-5a10-bf97-49b5f9a0433f,2021-03-06,2021,MOV1_FULL,0.64757141341325419,0.35242858658674581,0.029999999999999999,1399
a1da8fb7-e221-540f-a377-b478b2fc1a7a,a3bc326f-a1b1-5a10-bf97-49b5f9a0433f,2021-03-06,2021,MOV1_FULL,0.73930712158116718,0.26069287841883282,0.029999999999999999,1399
a5535562-a149-530f-a5b3-752d2799b0df,a3bc326f-a1b1-5a10-bf97-49b5f9a0433f,2021-03-06,2021,MOV1_FULL,0.43612612811723367,0.56387387188276628,0.029999999999999999,1399
afddf075-44ea-55de-9dfa-866eb721e86f,a3bc326f-a1b1-5a10-bf97-49b5f9a0433f,2021-03-06,2021,MOV1_FULL,0.83936243802524535,0.16063756197475465,0.029999999999999999,1399
be07a268-8873-5652-88c1-aff8411fbe8a,a3bc326f-a1b1-5a10-bf97-49b5f9a0433f,2021-03-06,2021,MOV1_FULL,0.57018902490640988,0.42981097509359012,0.029999999999999999,1399
ea2bbc4f-9553-50b1-886a-c0862f10ba11,a3bc326f-a1b1-5a10-bf97-49b5f9a0433f,2021-03-06,2021,MOV1_FULL,0.86221568696942863,0.13778431303057137,0.029999999999999999,1399
f4be6b3c-7868-5a77-bea0-b204e24b0128,a3bc326f-a1b1-5a10-bf97-49b5f9a0433f,2021-03-06,2021,MOV1_FULL,0.82804377558501785,0.17195622441498215,0.029999999999999999,1399
fb19282d-5645-5ad4-a9d4-5efbd6b51332,a3bc326f-a1b1-5a10-bf97-49b5f9a0433f,2021-03-06,2021,MOV1_FULL,0.80772337019366935,0.19227662980633065,0.029999999999999999,1399
095747ab-24cc-5179-8261-87c6db225683,ddb5f0bf-0dd1-5602-8e80-f97800befcfb,2021-03-13,2021,MOV1_FULL,0.80426974864309231,0.19573025135690769,0.029999999999999999,1399
35b23394-088e-5a28-832a-b72a2c04369e,ddb5f0bf-0dd1-5602-8e80-f97800befcfb,2021-03-13,2021,MOV1_FULL,0.59925135469931767,0.40074864530068233,0.029999999999999999,1399
362b12ae-c005-5186-88c1-a86b0b7286ba,ddb5f0bf-0dd1-5602-8e80-f97800befcfb,2021-03-13,2021,MOV1_FULL,0.63964288307081052,0.36035711692918948,0.029999999999999999,1399
476e07c2-2219-53da-8601-458d8fc81878,ddb5f0bf-0dd1-5602-8e80-f97800befcfb,2021-03-13,2021,MOV1_FULL,0.58405819907282652,0.41594180092717348,0.029999999999999999,1399
5b362ee9-1e88-56a9-b513-190e149f3240,ddb5f0bf-0dd1-5602-8e80-f97800befcfb,2021-03-13,2021,MOV1_FULL,0.55620129947169517,0.44379870052830483,0.029999999999999999,1399
6576c37d-c812-5ef4-9a15-b9b4ea0cff70,ddb5f0bf-0dd1-5602-8e80-f97800befcfb,2021-03-13,2021,MOV1_FULL,0.77118030733273446,0.22881969266726554,0.029999999999999999,1399
6fed5e94-8e25-56b2-a69f-1c3f50420ce6,ddb5f0bf-0dd1-5602-8e80-f97800befcfb,2021-03-13,2021,MOV1_FULL,0.61129893205420749,0.38870106794579251,0.029999999999999999,1399
b04eaa9a-dde8-5b67-bcbc-502a5dd11462,ddb5f0bf-0dd1-5602-8e80-f97800befcfb,2021-03-13,2021,MOV1_FULL,0.52904199078291647,0.47095800921708353,0.029999999999999999,1399
bcadc43e-e123-5056-becc-31a1bcd52ab3,ddb5f0bf-0dd1-5602-8e80-f97800befcfb,2021-03-13,2021,MOV1_FULL,0.28496725788241106,0.71503274211758894,0.029999999999999999,1399
c7e08991-1763-57c0-a9e3-d161bf22c333,ddb5f0bf-0dd1-5602-8e80-f97800befcfb,2021-03-13,2021,MOV1_FULL,0.64855917516453498,0.35144082483546502,0.029999999999999999,1399
d9960f69-64ea-5ef5-8e45-62697aae0449,ddb5f0bf-0dd1-5602-8e80-f97800befcfb,2021-03-13,2021,MOV1_FULL,0.54223207091088632,0.45776792908911368,0.029999999999999999,1399
0945bc3a-71f4-5337-b365-94cad9d350ed,1f5e6236-f83c-5597-84b0-8241667252ac,2021-03-20,2021,MOV1_FULL,0.46683206985448161,0.53316793014551833,0.029999999999999999,1399
0d22c3ec-2b02-5ef2-99b8-440e780e51ed,1f5e6236-f83c-5597-84b0-8241667252ac,2021-03-20,2021,MOV1_FULL,0.45112600505529099,0.54887399494470901,0.029999999999999999,1399
100cecc6-6dea-555f-ba3a-746e1ac5a834,1f5e6236-f83c-5597-84b0-8241667252ac,2021-03-20,2021,MOV1_FULL,0.43094876410181676,0.56905123589818318,0.029999999999999999,1399
575fe5ab-913f-53d3-a8a9-4a0253ce23d4,1f5e6236-f83c-5597-84b0-8241667252ac,2021-03-20,2021,MOV1_FULL,0.43152656041101256,0.56847343958898744,0.029999999999999999,1399
d1e128e2-9208-5fd1-8f24-0054cf4d41f6,1f5e6236-f83c-5597-84b0-8241667252ac,2021-03-20,2021,MOV1_FULL,0.69625035327536644,0.30374964672463356,0.029999999999999999,1399
d431564f-5b94-5f18-af0a-004f02683c9d,1f5e6236-f83c-5597-84b0-8241667252ac,2021-03-20,2021,MOV1_FULL,0.54700162508826511,0.45299837491173489,0.029999999999999999,1399
d9a5bb2c-ae46-537d-b23e-6bab63b9e135,1f5e6236-f83c-5597-84b0-8241667252ac,2021-03-20,2021,MOV1_FULL,0.6334659679807122,0.3665340320192878,0.029999999999999999,1399
dcc6ebea-c09a-57a2-ad29-b3cf2f77df91,1f5e6236-f83c-5597-84b0-8241667252ac,2021-03-20,2021,MOV1_FULL,0.7603463024237781,0.2396536975762219,0.029999999999999999,1399
de9ffd50-63e3-59f3-9dc2-1d67faa00f4c,1f5e6236-f83c-5597-84b0-8241667252ac,2021-03-20,2021,MOV1_FULL,0.78386759414374929,0.21613240585625071,0.029999999999999999,1399
04a16e00-ad17-57e9-988a-37b0f2e8e995,85dd8d31-ba5a-515a-a83f-2b148f07d847,2021-03-27,2021,MOV1_FULL,0.41377269862740629,0.58622730137259371,0.029999999999999999,1399
16a028aa-6d97-5fed-bfff-2ee56b832242,85dd8d31-ba5a-515a-a83f-2b148f07d847,2021-03-27,2021,MOV1_FULL,0.64573532493897623,0.35426467506102377,0.029999999999999999,1399
78fe8974-53c6-5fd8-aca9-b00195c0af35,85dd8d31-ba5a-515a-a83f-2b148f07d847,2021-03-27,2021,MOV1_FULL,0.41564185378703117,0.58435814621296878,0.029999999999999999,1399
7c62c8e5-c906-5445-bece-dec2b5afd2bf,85dd8d31-ba5a-515a-a83f-2b148f07d847,2021-03-27,2021,MOV1_FULL,0.84647416464208725,0.15352583535791275,0.029999999999999999,1399
8644c2c7-9992-5fe9-8630-0a27f8a6fb6f,85dd8d31-ba5a-515a-a83f-2b148f07d847,2021-03-27,2021,MOV1_FULL,0.89990354588170951,0.10009645411829049,0.029999999999999999,1399
8a774aaa-ad56-5dc3-9f58-dcf9829c713f,85dd8d31-ba5a-515a-a83f-2b148f07d847,2021-03-27,2021,MOV1_FULL,0.85736262727825507,0.14263737272174493,0.029999999999999999,1399
9a8a3bda-07a5-5406-922e-e281d16475c2,85dd8d31-ba5a-515a-a83f-2b148f07d847,2021-03-27,2021,MOV1_FULL,0.79051479785792567,0.20948520214207433,0.029999999999999999,1399
b8e8bc11-cb8a-5f9a-a29d-60a5e671b3a3,85dd8d31-ba5a-515a-a83f-2b148f07d847,2021-03-27,2021,MOV1_FULL,0.87148980291061573,0.12851019708938427,0.029999999999999999,1399
e7ada91d-5cb9-5a85-a2d7-4fbf6fc1331a,85dd8d31-ba5a-515a-a83f-2b148f07d847,2021-03-27,2021,MOV1_FULL,0.90108524963263992,0.098914750367360083,0.029999999999999999,1399
f92d28d9-572b-522d-91f3-bde282128a4a,85dd8d31-ba5a-515a-a83f-2b148f07d847,2021-03-27,2021,MOV1_FULL,0.45167278733157024,0.54832721266842976,0.029999999999999999,1399
19c4e802-f07a-5db2-861a-4af694090fd8,42bf7659-b296-5d54-a089-0c5d006e0f57,2021-04-10,2021,MOV1_FULL,0.85242903570762452,0.14757096429237548,0.029999999999999999,1399
2b1d38d2-ed83-5ace-936f-99e7e818078d,42bf7659-b296-5d54-a089-0c5d006e0f57,2021-04-10,2021,MOV1_FULL,0.53565487456905148,0.46434512543094852,0.029999999999999999,1399
2ce0cb5a-9dbe-5d3a-882a-cfc3d95de090,42bf7659-b296-5d54-a089-0c5d006e0f57,2021-04-10,2021,MOV1_FULL,0.56297383829989001,0.43702616170010999,0.029999999999999999,1399
9d7a7dde-2985-5e76-bc4e-39539bc94bdb,42bf7659-b296-5d54-a089-0c5d006e0f57,2021-04-10,2021,MOV1_FULL,0.43231587192101228,0.56768412807898772,0.029999999999999999,1399
a6b178ba-725a-5fc5-b1ff-653cc38cc3cf,42bf7659-b296-5d54-a089-0c5d006e0f57,2021-04-10,2021,MOV1_FULL,0.59061592023864118,0.40938407976135882,0.029999999999999999,1399
b4fdd815-bd35-51d9-94e1-f0c98ace7044,42bf7659-b296-5d54-a089-0c5d006e0f57,2021-04-10,2021,MOV1_FULL,0.64825000260952692,0.35174999739047308,0.029999999999999999,1399
be269cb8-2372-5a1e-8f5f-230592ecbcda,42bf7659-b296-5d54-a089-0c5d006e0f57,2021-04-10,2021,MOV1_FULL,0.8651328122869808,0.1348671877130192,0.029999999999999999,1399
daec675c-7007-5989-aa2e-d4ef448858ce,42bf7659-b296-5d54-a089-0c5d006e0f57,2021-04-10,2021,MOV1_FULL,0.62816779283929824,0.37183220716070176,0.029999999999999999,1399
dea86742-c40f-5b61-8d4a-798c8fb40c4e,42bf7659-b296-5d54-a089-0c5d006e0f57,2021-04-10,2021,MOV1_FULL,0.86559714121904141,0.13440285878095859,0.029999999999999999,1399
dec71e77-f9e6-50e7-a618-0bd1134fd64b,42bf7659-b296-5d54-a089-0c5d006e0f57,2021-04-10,2021,MOV1_FULL,0.65931739045214155,0.34068260954785845,0.029999999999999999,1399
e3a877af-34da-5a3b-ba7a-81c3dd55f343,42bf7659-b296-5d54-a089-0c5d006e0f57,2021-04-10,2021,MOV1_FULL,0.47446400128327526,0.52553599871672474,0.029999999999999999,1399
ed5f13b5-3661-5439-a8cd-bb1c6579c2c3,42bf7659-b296-5d54-a089-0c5d006e0f57,2021-04-10,2021,MOV1_FULL,0.70719629927836047,0.29280370072163953,0.029999999999999999,1399
fddf31b2-011e-5ec5-98be-7c767b239b49,42bf7659-b296-5d54-a089-0c5d006e0f57,2021-04-10,2021,MOV1_FULL,0.72195993409745995,0.27804006590254005,0.029999999999999999,1399
243c36af-bfd5-5f6c-9074-49ef370b5274,6c819065-f7bf-5d3e-8e31-615c6592377f,2021-04-17,2021,MOV1_FULL,0.37780409288956734,0.6221959071104326,0.029999999999999999,1399
30a04181-9e94-5742-a842-abc50b67adde,6c819065-f7bf-5d3e-8e31-615c6592377f,2021-04-17,2021,MOV1_FULL,0.5845617546653018,0.4154382453346982,0.029999999999999999,1399
3a1bd909-67d9-5136-a9b7-060bc20182bf,6c819065-f7bf-5d3e-8e31-615c6592377f,2021-04-17,2021,MOV1_FULL,0.615035428521295,0.384964571478705,0.029999999999999999,1399
3fc07dd9-4d2b-5734-816e-45d12bfc4961,6c819065-f7bf-5d3e-8e31-615c6592377f,2021-04-17,2021,MOV1_FULL,0.23446187436898669,0.76553812563101331,0.029999999999999999,1399
4fd8b99b-c8bd-5693-a568-9764410bdd0b,6c819065-f7bf-5d3e-8e31-615c6592377f,2021-04-17,2021,MOV1_FULL,0.94066868370634782,0.059331316293652181,0.029999999999999999,1399
5ff6461c-db2c-5cb7-a735-b5716e71c85a,6c819065-f7bf-5d3e-8e31-615c6592377f,2021-04-17,2021,MOV1_FULL,0.94206122964435912,0.057938770355640878,0.029999999999999999,1399
95f009d1-ae0e-5737-a84c-b852772583f7,6c819065-f7bf-5d3e-8e31-615c6592377f,2021-04-17,2021,MOV1_FULL,0.62331904328417975,0.37668095671582025,0.029999999999999999,1399
a1025f4e-55c0-5951-8677-d89e9f134dec,6c819065-f7bf-5d3e-8e31-615c6592377f,2021-04-17,2021,MOV1_FULL,0.53889353489892933,0.46110646510107067,0.029999999999999999,1399
a58e99b2-dc72-5934-bb92-c8610666d570,6c819065-f7bf-5d3e-8e31-615c6592377f,2021-04-17,2021,MOV1_FULL,0.49216584125554697,0.50783415874445303,0.029999999999999999,1399
ff87a941-da0f-59fc-b0f7-40a63cd52467,6c819065-f7bf-5d3e-8e31-615c6592377f,2021-04-17,2021,MOV1_FULL,0.90140477379385398,0.098595226206146025,0.029999999999999999,1399
0d424043-f499-5041-9b3a-d48d9afad1a9,440d0da3-1386-5d6c-ad8b-0794deb61e43,2021-04-24,2021,MOV1_FULL,0.53030724023519105,0.46969275976480895,0.029999999999999999,1399
30c1e8b2-900f-5ec8-b3b1-b473fde35c30,440d0da3-1386-5d6c-ad8b-0794deb61e43,2021-04-24,2021,MOV1_FULL,0.54833149973397255,0.45166850026602745,0.029999999999999999,1399
4844f025-34ce-58f3-95db-6bd56fb6f981,440d0da3-1386-5d6c-ad8b-0794deb61e43,2021-04-24,2021,MOV1_FULL,0.77165285395040406,0.22834714604959594,0.029999999999999999,1399
4fa44361-a041-5b58-8793-502172893f9c,440d0da3-1386-5d6c-ad8b-0794deb61e43,2021-04-24,2021,MOV1_FULL,0.51034549151886333,0.48965450848113667,0.029999999999999999,1399
6b1f6308-9119-5ba7-b75d-433bb8d3ea28,440d0da3-1386-5d6c-ad8b-0794deb61e43,2021-04-24,2021,MOV1_FULL,0.60273949588961606,0.39726050411038394,0.029999999999999999,1399
76391b5b-dbc6-5ef9-8e3d-6b8b8990c9b0,440d0da3-1386-5d6c-ad8b-0794deb61e43,2021-04-24,2021,MOV1_FULL,0.86349130601668389,0.13650869398331611,0.029999999999999999,1399
87a7c88f-1b30-56bf-b9af-9697f024943e,440d0da3-1386-5d6c-ad8b-0794deb61e43,2021-04-24,2021,MOV1_FULL,0.86321277213544712,0.13678722786455288,0.029999999999999999,1399
8a34f794-2531-526f-860b-19a29cc8540b,440d0da3-1386-5d6c-ad8b-0794deb61e43,2021-04-24,2021,MOV1_FULL,0.58712104825369693,0.41287895174630307,0.029999999999999999,1399
9d80962f-ab5f-5e53-a45d-0c3df5a5e532,440d0da3-1386-5d6c-ad8b-0794deb61e43,2021-04-24,2021,MOV1_FULL,0.39947524909027726,0.60052475090972268,0.029999999999999999,1399
a6b5b9a9-8902-5318-8662-02da18e77493,440d0da3-1386-5d6c-ad8b-0794deb61e43,2021-04-24,2021,MOV1_FULL,0.60902405619847932,0.39097594380152068,0.029999999999999999,1399
ac09f334-47a3-56b3-b806-25676affb217,440d0da3-1386-5d6c-ad8b-0794deb61e43,2021-04-24,2021,MOV1_FULL,0.5908434135234476,0.4091565864765524,0.029999999999999999,1399
b717a4d2-cf6a-55dc-aef6-cde7b85e9648,440d0da3-1386-5d6c-ad8b-0794deb61e43,2021-04-24,2021,MOV1_FULL,0.6473702171765009,0.3526297828234991,0.029999999999999999,1399
c2b19c02-89ac-5ccb-8115-d0db3a5896c1,440d0da3-1386-5d6c-ad8b-0794deb61e43,2021-04-24,2021,MOV1_FULL,0.75457179524901452,0.24542820475098548,0.029999999999999999,1399
078ef58a-9619-5093-957a-31582d3af438,d7a79d74-a12e-56a9-9f0e-30bad4b75832,2021-05-01,2021,MOV1_FULL,0.86847550841476973,0.13152449158523027,0.029999999999999999,1399
59eb88f5-7929-5f24-8fae-530226d190b0,d7a79d74-a12e-56a9-9f0e-30bad4b75832,2021-05-01,2021,MOV1_FULL,0.52424262842144009,0.47575737157855991,0.029999999999999999,1399
63c1905f-3f44-5720-ab01-c79d71929595,d7a79d74-a12e-56a9-9f0e-30bad4b75832,2021-05-01,2021,MOV1_FULL,0.84029536753391365,0.15970463246608635,0.029999999999999999,1399
66d10ad8-a8ef-5448-9593-2186ebc03045,d7a79d74-a12e-56a9-9f0e-30bad4b75832,2021-05-01,2021,MOV1_FULL,0.86363078769626955,0.13636921230373045,0.029999999999999999,1399
792afd40-9927-5b64-a321-bf79e7f9dd9e,d7a79d74-a12e-56a9-9f0e-30bad4b75832,2021-05-01,2021,MOV1_FULL,0.64191122184420446,0.35808877815579554,0.029999999999999999,1399
8b492602-83d7-587d-8fcd-5852798efda9,d7a79d74-a12e-56a9-9f0e-30bad4b75832,2021-05-01,2021,MOV1_FULL,0.5054819369587048,0.4945180630412952,0.029999999999999999,1399
beb0e61b-f73e-5ab9-a0d5-f633168de03d,d7a79d74-a12e-56a9-9f0e-30bad4b75832,2021-05-01,2021,MOV1_FULL,0.42115956055296466,0.57884043944703534,0.029999999999999999,1399
bfb45ba7-178b-542d-8e8e-d11f5c93b84f,d7a79d74-a12e-56a9-9f0e-30bad4b75832,2021-05-01,2021,MOV1_FULL,0.85401256350971877,0.14598743649028123,0.029999999999999999,1399
fc78fad0-38f4-550b-81db-3317be63de63,d7a79d74-a12e-56a9-9f0e-30bad4b75832,2021-05-01,2021,MOV1_FULL,0.80306764218022597,0.19693235781977403,0.029999999999999999,1399
09f9f449-4466-5d03-81a0-ecf0b62d0168,fdbf3505-1b0f-58f4-986f-8e3615d63c39,2021-05-08,2021,MOV1_FULL,0.65066744610024074,0.34933255389975926,0.029999999999999999,1399
1266a08c-9afa-5e83-a538-8c60324691c4,fdbf3505-1b0f-58f4-986f-8e3615d63c39,2021-05-08,2021,MOV1_FULL,0.40219626088875998,0.59780373911124007,0.029999999999999999,1399
38e8566e-5570-5234-a3a6-0eb3576bfa91,fdbf3505-1b0f-58f4-986f-8e3615d63c39,2021-05-08,2021,MOV1_FULL,0.63684226978744773,0.36315773021255227,0.029999999999999999,1399
5aca14db-4be5-5fd7-b2b7-d5d49c13a961,fdbf3505-1b0f-58f4-986f-8e3615d63c39,2021-05-08,2021,MOV1_FULL,0.81035314969819394,0.18964685030180606,0.029999999999999999,1399
6507a673-3671-57d7-a58b-162da93154a6,fdbf3505-1b0f-58f4-986f-8e3615d63c39,2021-05-08,2021,MOV1_FULL,0.71855037903736096,0.28144962096263904,0.029999999999999999,1399
669331a3-74e7-5a47-9834-004066a9f5fe,fdbf3505-1b0f-58f4-986f-8e3615d63c39,2021-05-08,2021,MOV1_FULL,0.45379765871043093,0.54620234128956913,0.029999999999999999,1399
7232d76d-31d4-5ec1-afe6-c2d5aa64dd67,fdbf3505-1b0f-58f4-986f-8e3615d63c39,2021-05-08,2021,MOV1_FULL,0.67947081917757113,0.32052918082242887,0.029999999999999999,1399
ae646141-bd83-5e1a-b14a-7224449449ea,fdbf3505-1b0f-58f4-986f-8e3615d63c39,2021-05-08,2021,MOV1_FULL,0.71517303244326758,0.28482696755673242,0.029999999999999999,1399
e456e938-1fc7-513b-aa92-8e5daa956195,fdbf3505-1b0f-58f4-986f-8e3615d63c39,2021-05-08,2021,MOV1_FULL,0.88977564000598908,0.11022435999401092,0.029999999999999999,1399
1497e553-dee1-566b-bc19-581407b465b3,7a9fe2a0-9ce3-5766-87af-b4ee6da04bef,2021-05-15,2021,MOV1_FULL,0.31596095829109877,0.68403904170890129,0.029999999999999999,1399
4a742034-c4dc-5bc1-baba-d49385d57e5c,7a9fe2a0-9ce3-5766-87af-b4ee6da04bef,2021-05-15,2021,MOV1_FULL,0.41913257705318757,0.58086742294681248,0.029999999999999999,1399
5371a73a-8484-5850-8dab-b46ea6c7ee08,7a9fe2a0-9ce3-5766-87af-b4ee6da04bef,2021-05-15,2021,MOV1_FULL,0.83550093618827637,0.16449906381172363,0.029999999999999999,1399
6f57bc68-3598-584b-9759-68c9c15ba918,7a9fe2a0-9ce3-5766-87af-b4ee6da04bef,2021-05-15,2021,MOV1_FULL,0.43247529178078814,0.56752470821921186,0.029999999999999999,1399
72f0eb40-a0fb-5c5f-bacd-b5335375a25b,7a9fe2a0-9ce3-5766-87af-b4ee6da04bef,2021-05-15,2021,MOV1_FULL,0.74197958174318246,0.25802041825681754,0.029999999999999999,1399
78da2db1-a9b8-5310-8074-9e8909713521,7a9fe2a0-9ce3-5766-87af-b4ee6da04bef,2021-05-15,2021,MOV1_FULL,0.64492548600583588,0.35507451399416412,0.029999999999999999,1399
97cc861b-a28f-5f1f-ac8a-ea303aecd93f,7a9fe2a0-9ce3-5766-87af-b4ee6da04bef,2021-05-15,2021,MOV1_FULL,0.17490853130805589,0.82509146869194416,0.029999999999999999,1399
a582845e-0934-5d92-b3bc-11a004a666bc,7a9fe2a0-9ce3-5766-87af-b4ee6da04bef,2021-05-15,2021,MOV1_FULL,0.56022796340209269,0.43977203659790731,0.029999999999999999,1399
dcd4c596-bf04-5955-b5d1-1439f2c1407d,7a9fe2a0-9ce3-5766-87af-b4ee6da04bef,2021-05-15,2021,MOV1_FULL,0.71896040792060123,0.28103959207939877,0.029999999999999999,1399
ef215b82-43a4-5095-b3f5-ff9794c9e8fc,7a9fe2a0-9ce3-5766-87af-b4ee6da04bef,2021-05-15,2021,MOV1_FULL,0.62069015981815656,0.37930984018184344,0.029999999999999999,1399
fe313ad9-98cf-5e2b-9e40-ea7aae1cb594,7a9fe2a0-9ce3-5766-87af-b4ee6da04bef,2021-05-15,2021,MOV1_FULL,0.93003820284004401,0.069961797159955985,0.029999999999999999,1399
0011ab91-3c0f-505e-984a-21c025393445,dbe744b9-b0c6-53ff-80aa-ded4bd3c0cd5,2021-05-22,2021,MOV1_FULL,0.66064441113226502,0.33935558886773498,0.029999999999999999,1399
029b5393-c68b-5b94-9563-e3e806c6f1d2,dbe744b9-b0c6-53ff-80aa-ded4bd3c0cd5,2021-05-22,2021,MOV1_FULL,0.72275957013792624,0.27724042986207376,0.029999999999999999,1399
06e4a90d-b560-5f9c-ae3a-18e90bc0604c,dbe744b9-b0c6-53ff-80aa-ded4bd3c0cd5,2021-05-22,2021,MOV1_FULL,0.64773119485432717,0.35226880514567283,0.029999999999999999,1399
1f253696-ae39-5a74-b1cf-f389168a546e,dbe744b9-b0c6-53ff-80aa-ded4bd3c0cd5,2021-05-22,2021,MOV1_FULL,0.51050883549590076,0.48949116450409924,0.029999999999999999,1399
3e6cfd84-41bf-57ed-8096-6e7c48b5de0e,dbe744b9-b0c6-53ff-80aa-ded4bd3c0cd5,2021-05-22,2021,MOV1_FULL,0.6478605416322829,0.3521394583677171,0.029999999999999999,1399
79bae24e-0408-5890-b8a4-0785a2101adc,dbe744b9-b0c6-53ff-80aa-ded4bd3c0cd5,2021-05-22,2021,MOV1_FULL,0.54335735037913224,0.45664264962086776,0.029999999999999999,1399
79e2808e-0349-5e85-a91a-26be67eb7b80,dbe744b9-b0c6-53ff-80aa-ded4bd3c0cd5,2021-05-22,2021,MOV1_FULL,0.91369259671935532,0.086307403280644679,0.029999999999999999,1399
92c619b5-3aaf-5256-9aab-9c59c8abb285,dbe744b9-b0c6-53ff-80aa-ded4bd3c0cd5,2021-05-22,2021,MOV1_FULL,0.6728944164466768,0.3271055835533232,0.029999999999999999,1399
d77a65b3-c101-590b-ade7-1da070534af2,dbe744b9-b0c6-53ff-80aa-ded4bd3c0cd5,2021-05-22,2021,MOV1_FULL,0.80874131099437352,0.19125868900562648,0.029999999999999999,1399
e9c29bb4-1457-553a-80ff-a73ef3e988b7,dbe744b9-b0c6-53ff-80aa-ded4bd3c0cd5,2021-05-22,2021,MOV1_FULL,0.64105017191889579,0.35894982808110421,0.029999999999999999,1399
f759e66f-3343-5134-b5cd-3b4467592244,dbe744b9-b0c6-53ff-80aa-ded4bd3c0cd5,2021-05-22,2021,MOV1_FULL,0.78291727352540874,0.21708272647459126,0.029999999999999999,1399
0d3e3745-4768-5989-85dd-7e493f44dd04,7ddb1105-8441-57af-aaa9-3cef5ab8c342,2021-06-05,2021,MOV1_FULL,0.19841827694739614,0.80158172305260389,0.029999999999999999,1399
173f082c-481b-58fd-954f-d7ab8f68a370,7ddb1105-8441-57af-aaa9-3cef5ab8c342,2021-06-05,2021,MOV1_FULL,0.82083505397834722,0.17916494602165278,0.029999999999999999,1399
1bf8f8a4-9756-5923-871b-a135a310df51,7ddb1105-8441-57af-aaa9-3cef5ab8c342,2021-06-05,2021,MOV1_FULL,0.62555508993207376,0.37444491006792624,0.029999999999999999,1399
222bd454-fc2a-5a31-b892-06add7213c6f,7ddb1105-8441-57af-aaa9-3cef5ab8c342,2021-06-05,2021,MOV1_FULL,0.86655084284916617,0.13344915715083383,0.029999999999999999,1399
4e7f7306-00a0-5e22-b96d-fad033b0b61a,7ddb1105-8441-57af-aaa9-3cef5ab8c342,2021-06-05,2021,MOV1_FULL,0.78901799261360261,0.21098200738639739,0.029999999999999999,1399
4e8f8885-c0d3-5532-8fc6-5f14ae5d8940,7ddb1105-8441-57af-aaa9-3cef5ab8c342,2021-06-05,2021,MOV1_FULL,0.86465590883523358,0.13534409116476642,0.029999999999999999,1399
6188d17e-cf74-5ce1-ab0f-0c2ceb218da3,7ddb1105-8441-57af-aaa9-3cef5ab8c342,2021-06-05,2021,MOV1_FULL,0.45552378818772077,0.54447621181227923,0.029999999999999999,1399
69a7f987-aea5-52e7-b1b7-bfa478d8e72c,7ddb1105-8441-57af-aaa9-3cef5ab8c342,2021-06-05,2021,MOV1_FULL,0.65414445429694534,0.34585554570305466,0.029999999999999999,1399
84c0666e-16c1-5d44-9cc6-6761c7c02dc9,7ddb1105-8441-57af-aaa9-3cef5ab8c342,2021-06-05,2021,MOV1_FULL,0.8601258912513271,0.1398741087486729,0.029999999999999999,1399
bc732277-c642-5184-a128-8b9df4612a8c,7ddb1105-8441-57af-aaa9-3cef5ab8c342,2021-06-05,2021,MOV1_FULL,0.64024947298727797,0.35975052701272203,0.029999999999999999,1399
e19e7d98-8195-534f-94f7-f1feb1e40794,7ddb1105-8441-57af-aaa9-3cef5ab8c342,2021-06-05,2021,MOV1_FULL,0.54990940671178645,0.45009059328821355,0.029999999999999999,1399
e9cfba3b-036d-513e-a3c2-bb4cc557e493,7ddb1105-8441-57af-aaa9-3cef5ab8c342,2021-06-05,2021,MOV1_FULL,0.86756348219117507,0.13243651780882493,0.029999999999999999,1399
07eb0990-d609-51eb-aca3-bc6ee11cb50d,34d227a6-a453-501b-bdb7-8104ad49d551,2021-06-12,2021,MOV1_FULL,0.66180723102407257,0.33819276897592743,0.029999999999999999,1399
18512f43-2754-5aea-8c51-5a78ba28ba0c,34d227a6-a453-501b-bdb7-8104ad49d551,2021-06-12,2021,MOV1_FULL,0.68181408720908898,0.31818591279091102,0.029999999999999999,1399
2bd1643d-a379-5cc8-8259-74a47d59f068,34d227a6-a453-501b-bdb7-8104ad49d551,2021-06-12,2021,MOV1_FULL,0.77563419717330184,0.22436580282669816,0.029999999999999999,1399
327f1e85-9a52-540c-bdca-13e576dd31b1,34d227a6-a453-501b-bdb7-8104ad49d551,2021-06-12,2021,MOV1_FULL,0.59929432439553665,0.40070567560446335,0.029999999999999999,1399
4831272f-9aec-5ef4-af04-e4a76dab8ab1,34d227a6-a453-501b-bdb7-8104ad49d551,2021-06-12,2021,MOV1_FULL,0.77474406207743851,0.22525593792256149,0.029999999999999999,1399
60741298-4226-555e-89ce-dceef0875c7f,34d227a6-a453-501b-bdb7-8104ad49d551,2021-06-12,2021,MOV1_FULL,0.70828030763508942,0.29171969236491058,0.029999999999999999,1399
617aae73-131d-5d94-9368-ac5814328ae8,34d227a6-a453-501b-bdb7-8104ad49d551,2021-06-12,2021,MOV1_FULL,0.52091268751395636,0.47908731248604364,0.029999999999999999,1399
638d91e5-0098-52e8-be50-e23cbcb7178d,34d227a6-a453-501b-bdb7-8104ad49d551,2021-06-12,2021,MOV1_FULL,0.73035291572355854,0.26964708427644146,0.029999999999999999,1399
6ede9b87-d9cd-59d3-b77b-215726a379a0,34d227a6-a453-501b-bdb7-8104ad49d551,2021-06-12,2021,MOV1_FULL,0.57346353011910123,0.42653646988089877,0.029999999999999999,1399
972aa37e-cd32-5df7-99a2-94205b7bf591,34d227a6-a453-501b-bdb7-8104ad49d551,2021-06-12,2021,MOV1_FULL,0.80402900324840565,0.19597099675159435,0.029999999999999999,1399
b2c9559c-17da-5998-8d36-907bca2eb63d,34d227a6-a453-501b-bdb7-8104ad49d551,2021-06-12,2021,MOV1_FULL,0.59104739145963792,0.40895260854036208,0.029999999999999999,1399
d4027004-3c78-53cc-8f98-20c873096295,34d227a6-a453-501b-bdb7-8104ad49d551,2021-06-12,2021,MOV1_FULL,0.76786832060162069,0.23213167939837931,0.029999999999999999,1399
e0c0fb30-579c-5e08-9add-b0fd1c818dd3,34d227a6-a453-501b-bdb7-8104ad49d551,2021-06-12,2021,MOV1_FULL,0.6211512454353969,0.3788487545646031,0.029999999999999999,1399
e3c81c1b-c131-571a-aa97-cdf135a85d04,34d227a6-a453-501b-bdb7-8104ad49d551,2021-06-12,2021,MOV1_FULL,0.6612230314446027,0.3387769685553973,0.029999999999999999,1399
0a4a761f-5e0f-5812-8bd6-22b036e7782c,42a6ece5-07eb-58c4-9fb8-a109a3fc0148,2021-06-19,2021,MOV1_FULL,0.38138489737443387,0.61861510262556618,0.029999999999999999,1399
195278b7-1e80-5b22-9e34-8ecb16889928,42a6ece5-07eb-58c4-9fb8-a109a3fc0148,2021-06-19,2021,MOV1_FULL,0.67578597000512231,0.32421402999487769,0.029999999999999999,1399
47abea85-6f5a-54e9-ab10-fc83e0690b97,42a6ece5-07eb-58c4-9fb8-a109a3fc0148,2021-06-19,2021,MOV1_FULL,0.84166658655644633,0.15833341344355367,0.029999999999999999,1399
593d6463-fad9-5491-a405-a959f0cb124f,42a6ece5-07eb-58c4-9fb8-a109a3fc0148,2021-06-19,2021,MOV1_FULL,0.57132744388724177,0.42867255611275823,0.029999999999999999,1399
5fc17110-7e9a-5f83-8582-6f40e04d4ed1,42a6ece5-07eb-58c4-9fb8-a109a3fc0148,2021-06-19,2021,MOV1_FULL,0.71767703947807115,0.28232296052192885,0.029999999999999999,1399
65804ec7-8b3b-5943-8eb2-d747b4101038,42a6ece5-07eb-58c4-9fb8-a109a3fc0148,2021-06-19,2021,MOV1_FULL,0.71290932300088328,0.28709067699911672,0.029999999999999999,1399
7e013f08-7e62-501f-bc3c-a4b3f2e4e004,42a6ece5-07eb-58c4-9fb8-a109a3fc0148,2021-06-19,2021,MOV1_FULL,0.27433174080574391,0.72566825919425604,0.029999999999999999,1399
8c74b051-ac0d-51a3-b92a-de8c6e3e7838,42a6ece5-07eb-58c4-9fb8-a109a3fc0148,2021-06-19,2021,MOV1_FULL,0.59416029867697795,0.40583970132302205,0.029999999999999999,1399
bc4cbcfc-8751-59af-82af-b73688744ae7,42a6ece5-07eb-58c4-9fb8-a109a3fc0148,2021-06-19,2021,MOV1_FULL,0.80494670082959252,0.19505329917040748,0.029999999999999999,1399
d96c6d52-0d7a-5ec0-89d9-db8ba47a97ea,42a6ece5-07eb-58c4-9fb8-a109a3fc0148,2021-06-19,2021,MOV1_FULL,0.57567699420329033,0.42432300579670967,0.029999999999999999,1399
e53a4ef2-4d52-5706-a689-cd10313bc121,42a6ece5-07eb-58c4-9fb8-a109a3fc0148,2021-06-19,2021,MOV1_FULL,0.60948505540611275,0.39051494459388725,0.029999999999999999,1399
18fc01ad-c528-5932-8f78-2fb45f4e4a66,1d6d352c-7b52-503b-9bfc-adac6157d643,2021-06-26,2021,MOV1_FULL,0.834339731479116,0.165660268520884,0.029999999999999999,1399
20343747-7c61-510b-9da1-f1773ea4d1b5,1d6d352c-7b52-503b-9bfc-adac6157d643,2021-06-26,2021,MOV1_FULL,0.40484179808642734,0.5951582019135726,0.029999999999999999,1399
3ed974a2-4490-5b81-9e17-e2716f411b88,1d6d352c-7b52-503b-9bfc-adac6157d643,2021-06-26,2021,MOV1_FULL,0.74570752190889988,0.25429247809110012,0.029999999999999999,1399
44c2d9fd-5e19-52cd-9419-382736524348,1d6d352c-7b52-503b-9bfc-adac6157d643,2021-06-26,2021,MOV1_FULL,0.59962713213573204,0.40037286786426796,0.029999999999999999,1399
4dd8669b-2b9c-599a-b469-029dae06a638,1d6d352c-7b52-503b-9bfc-adac6157d643,2021-06-26,2021,MOV1_FULL,0.44797485433928297,0.55202514566071703,0.029999999999999999,1399
4eef05ba-7cb8-5c0d-b3e2-472df0e52ca5,1d6d352c-7b52-503b-9bfc-adac6157d643,2021-06-26,2021,MOV1_FULL,0.50794598973704863,0.49205401026295137,0.029999999999999999,1399
60933b47-b68c-55f3-9573-73db7f9a146a,1d6d352c-7b52-503b-9bfc-adac6157d643,2021-06-26,2021,MOV1_FULL,0.70327961491109092,0.29672038508890908,0.029999999999999999,1399
89017303-e460-56f8-bc22-7964d71f6acf,1d6d352c-7b52-503b-9bfc-adac6157d643,2021-06-26,2021,MOV1_FULL,0.94605028739826535,0.053949712601734645,0.029999999999999999,1399
b0e79c25-b609-55de-afb7-2def02d402ec,1d6d352c-7b52-503b-9bfc-adac6157d643,2021-06-26,2021,MOV1_FULL,0.75412722355702033,0.24587277644297967,0.029999999999999999,1399
bafa2c5f-7ad9-5fa0-8b4a-a558d2f173fc,1d6d352c-7b52-503b-9bfc-adac6157d643,2021-06-26,2021,MOV1_FULL,0.50424345226671707,0.49575654773328293,0.029999999999999999,1399
e3d038c2-4a03-5cb2-b3aa-f79bd57dd346,1d6d352c-7b52-503b-9bfc-adac6157d643,2021-06-26,2021,MOV1_FULL,0.82211430334628721,0.17788569665371279,0.029999999999999999,1399
f8ba3455-8d2b-5604-bff9-fd072f771e8d,1d6d352c-7b52-503b-9bfc-adac6157d643,2021-06-26,2021,MOV1_FULL,0.81345092562905874,0.18654907437094126,0.029999999999999999,1399
03c269ea-91f3-5b49-b08c-54aa03fb4016,996bd67f-5a0a-59bc-a58a-5b0b47e7e33a,2021-07-10,2021,MOV1_FULL,0.76689359700731285,0.23310640299268715,0.029999999999999999,1399
2d3fb37f-cd72-5814-a04f-53ebc273609b,996bd67f-5a0a-59bc-a58a-5b0b47e7e33a,2021-07-10,2021,MOV1_FULL,0.41564729269715739,0.58435270730284261,0.029999999999999999,1399
2e117cbf-170c-5515-886d-7d6d5769da5d,996bd67f-5a0a-59bc-a58a-5b0b47e7e33a,2021-07-10,2021,MOV1_FULL,0.77453813549512651,0.22546186450487349,0.029999999999999999,1399
395d6409-77c2-5e90-b911-0b0bc809096b,996bd67f-5a0a-59bc-a58a-5b0b47e7e33a,2021-07-10,2021,MOV1_FULL,0.78915536176799927,0.21084463823200073,0.029999999999999999,1399
452150a2-9df7-532d-9723-52eb2de1e389,996bd67f-5a0a-59bc-a58a-5b0b47e7e33a,2021-07-10,2021,MOV1_FULL,0.75842891810513346,0.24157108189486654,0.029999999999999999,1399
5076f8e3-2011-5e43-8767-0427d3a73e08,996bd67f-5a0a-59bc-a58a-5b0b47e7e33a,2021-07-10,2021,MOV1_FULL,0.83459017286540815,0.16540982713459185,0.029999999999999999,1399
707d3afb-edae-52ee-91b1-641fd8b1a7c2,996bd67f-5a0a-59bc-a58a-5b0b47e7e33a,2021-07-10,2021,MOV1_FULL,0.61814763297635278,0.38185236702364722,0.029999999999999999,1399
8f28e2a6-825e-5a1c-99bc-e08027efed24,996bd67f-5a0a-59bc-a58a-5b0b47e7e33a,2021-07-10,2021,MOV1_FULL,0.79873772383020314,0.20126227616979686,0.029999999999999999,1399
9dd1bb9a-5a55-5a93-bdb4-b40b3ca72ab5,996bd67f-5a0a-59bc-a58a-5b0b47e7e33a,2021-07-10,2021,MOV1_FULL,0.43105144353153679,0.56894855646846321,0.029999999999999999,1399
a99f8007-920a-5e68-82ea-aeeba865b561,996bd67f-5a0a-59bc-a58a-5b0b47e7e33a,2021-07-10,2021,MOV1_FULL,0.74528151612327131,0.25471848387672869,0.029999999999999999,1399
affc0039-4cca-5929-94bb-98aa444f2e33,996bd67f-5a0a-59bc-a58a-5b0b47e7e33a,2021-07-10,2021,MOV1_FULL,0.77082240238574506,0.22917759761425494,0.029999999999999999,1399
f4e8553a-c236-5223-b10b-47a6e56c36a1,996bd67f-5a0a-59bc-a58a-5b0b47e7e33a,2021-07-10,2021,MOV1_FULL,0.75580746905208718,0.24419253094791282,0.029999999999999999,1399
17b5dfca-f823-505a-93cc-47d95abdbb69,fd43de59-e2f7-5649-bb75-bcf93d4fd9d7,2021-07-17,2021,MOV1_FULL,0.61214964921834669,0.38785035078165331,0.029999999999999999,1399
2e132af6-19a6-5ad6-a6d2-7f261e63c989,fd43de59-e2f7-5649-bb75-bcf93d4fd9d7,2021-07-17,2021,MOV1_FULL,0.73382435789573852,0.26617564210426148,0.029999999999999999,1399
3ea5f973-c3e0-5879-8fb3-d4e1d05ab2b6,fd43de59-e2f7-5649-bb75-bcf93d4fd9d7,2021-07-17,2021,MOV1_FULL,0.71980971059620769,0.28019028940379231,0.029999999999999999,1399
750161fb-9ee0-5a3a-971f-62ad1d131d16,fd43de59-e2f7-5649-bb75-bcf93d4fd9d7,2021-07-17,2021,MOV1_FULL,0.47367292370011288,0.52632707629988706,0.029999999999999999,1399
7798eded-33cf-57f7-b22b-38b59ffdde28,fd43de59-e2f7-5649-bb75-bcf93d4fd9d7,2021-07-17,2021,MOV1_FULL,0.3827748990353313,0.61722510096466876,0.029999999999999999,1399
c24fbc34-e43c-59d4-8487-52c7c7bb4551,fd43de59-e2f7-5649-bb75-bcf93d4fd9d7,2021-07-17,2021,MOV1_FULL,0.80541714799512387,0.19458285200487613,0.029999999999999999,1399
c3370ecc-5766-5d91-b38c-3e860d3292fe,fd43de59-e2f7-5649-bb75-bcf93d4fd9d7,2021-07-17,2021,MOV1_FULL,0.70981829983981704,0.29018170016018296,0.029999999999999999,1399
c4a17f68-761b-5828-98ec-4cfd6ea58a6b,fd43de59-e2f7-5649-bb75-bcf93d4fd9d7,2021-07-17,2021,MOV1_FULL,0.39031105647722741,0.60968894352277259,0.029999999999999999,1399
f3fb954e-de82-58b2-acd1-5a9f43541996,fd43de59-e2f7-5649-bb75-bcf93d4fd9d7,2021-07-17,2021,MOV1_FULL,0.50505897982646264,0.49494102017353736,0.029999999999999999,1399
2310813d-4e62-579f-8245-b35b0171321b,9ef242c7-0a32-540b-ab2c-d9f0b671d076,2021-07-24,2021,MOV1_FULL,0.73204801508938588,0.26795198491061412,0.029999999999999999,1399
2b802e81-b768-5da1-8372-d238fe794f67,9ef242c7-0a32-540b-ab2c-d9f0b671d076,2021-07-24,2021,MOV1_FULL,0.63134179596333606,0.36865820403666394,0.029999999999999999,1399
74cb501c-f6d4-5970-b28b-46cc25477e10,9ef242c7-0a32-540b-ab2c-d9f0b671d076,2021-07-24,2021,MOV1_FULL,0.80810110110627342,0.19189889889372658,0.029999999999999999,1399
7dfc1f79-f5d9-5e1a-abe0-27e15b9951a0,9ef242c7-0a32-540b-ab2c-d9f0b671d076,2021-07-24,2021,MOV1_FULL,0.80190402787642978,0.19809597212357022,0.029999999999999999,1399
8a4340d9-2668-53be-8884-748e0ade83cf,9ef242c7-0a32-540b-ab2c-d9f0b671d076,2021-07-24,2021,MOV1_FULL,0.38179722722274079,0.61820277277725921,0.029999999999999999,1399
9a6c8d21-089a-52fa-b678-1a4e189b2dc9,9ef242c7-0a32-540b-ab2c-d9f0b671d076,2021-07-24,2021,MOV1_FULL,0.46555344728611481,0.53444655271388519,0.029999999999999999,1399
a87b7dcd-612a-50c6-b3c6-4f20afcc0fba,9ef242c7-0a32-540b-ab2c-d9f0b671d076,2021-07-24,2021,MOV1_FULL,0.30377472633140945,0.69622527366859055,0.029999999999999999,1399
b43edcc9-5621-54da-a991-d6fbdf1ec1c1,9ef242c7-0a32-540b-ab2c-d9f0b671d076,2021-07-24,2021,MOV1_FULL,0.6307474026267782,0.3692525973732218,0.029999999999999999,1399
cd802660-557d-549b-8f2d-9f824b7d5d7d,9ef242c7-0a32-540b-ab2c-d9f0b671d076,2021-07-24,2021,MOV1_FULL,0.72611517167111939,0.27388482832888061,0.029999999999999999,1399
e8a1c4e9-c8b3-5be1-bf2a-e6c782fc6a4a,9ef242c7-0a32-540b-ab2c-d9f0b671d076,2021-07-24,2021,MOV1_FULL,0.33039397854623304,0.66960602145376691,0.029999999999999999,1399
ef34e0f1-f46e-5b98-9aff-a7b3057a8ca3,9ef242c7-0a32-540b-ab2c-d9f0b671d076,2021-07-24,2021,MOV1_FULL,0.53017358636010403,0.46982641363989597,0.029999999999999999,1399
01ab26e8-8046-51f4-9dac-c9dcdfa15628,dc272dd4-5ee6-5e87-8a33-d50413ddf3f9,2021-07-31,2021,MOV1_FULL,0.84407512145620045,0.15592487854379955,0.029999999999999999,1399
0f799b62-41b7-56e6-8e8b-b1f21ffd07d8,dc272dd4-5ee6-5e87-8a33-d50413ddf3f9,2021-07-31,2021,MOV1_FULL,0.54451730396927089,0.45548269603072911,0.029999999999999999,1399
2335b095-96d3-5a85-bd84-4ddc3dd4bab9,dc272dd4-5ee6-5e87-8a33-d50413ddf3f9,2021-07-31,2021,MOV1_FULL,0.77808542152974736,0.22191457847025264,0.029999999999999999,1399
3fef9b4a-cbad-5ba2-8691-d86434de4962,dc272dd4-5ee6-5e87-8a33-d50413ddf3f9,2021-07-31,2021,MOV1_FULL,0.58649718963087372,0.41350281036912628,0.029999999999999999,1399
64898a3a-0961-5bb1-9cf9-e8a95f688349,dc272dd4-5ee6-5e87-8a33-d50413ddf3f9,2021-07-31,2021,MOV1_FULL,0.93232992413321125,0.067670075866788748,0.029999999999999999,1399
a75b721a-5b74-5873-8b25-1a9fb542606d,dc272dd4-5ee6-5e87-8a33-d50413ddf3f9,2021-07-31,2021,MOV1_FULL,0.49903665702053063,0.50096334297946932,0.029999999999999999,1399
a75fe62e-8384-5616-822a-207530e6a1d7,dc272dd4-5ee6-5e87-8a33-d50413ddf3f9,2021-07-31,2021,MOV1_FULL,0.29683126679586896,0.70316873320413098,0.029999999999999999,1399
b8ac2acb-01e4-56d7-97a4-b17099b33f3f,dc272dd4-5ee6-5e87-8a33-d50413ddf3f9,2021-07-31,2021,MOV1_FULL,0.34472183187836292,0.65527816812163708,0.029999999999999999,1399
d2eb822c-b6f1-5c68-9b6e-2f8991f11cbb,dc272dd4-5ee6-5e87-8a33-d50413ddf3f9,2021-07-31,2021,MOV1_FULL,0.76870875188033116,0.23129124811966884,0.029999999999999999,1399
078e5dde-5332-5860-917a-4a121e54750b,ed11f74c-ff18-532c-b132-52c8dac8bffd,2021-08-07,2021,MOV1_FULL,0.59375778487933462,0.40624221512066538,0.029999999999999999,1399
453bda44-e95c-510d-94cc-7f21c4121530,ed11f74c-ff18-532c-b132-52c8dac8bffd,2021-08-07,2021,MOV1_FULL,0.50751554206749927,0.49248445793250073,0.029999999999999999,1399
800a55bb-8c3b-5820-a57f-cd1b58be3ba5,ed11f74c-ff18-532c-b132-52c8dac8bffd,2021-08-07,2021,MOV1_FULL,0.86251312738990449,0.13748687261009551,0.029999999999999999,1399
835c6583-06c9-5d2f-a884-e9f107fe9b60,ed11f74c-ff18-532c-b132-52c8dac8bffd,2021-08-07,2021,MOV1_FULL,0.48685163692126587,0.51314836307873413,0.029999999999999999,1399
a34a43c9-4e53-5754-a193-4c1f314aa6fb,ed11f74c-ff18-532c-b132-52c8dac8bffd,2021-08-07,2021,MOV1_FULL,0.69597615490874165,0.30402384509125835,0.029999999999999999,1399
c292ee35-64d9-5542-9baf-f87b063fd60e,ed11f74c-ff18-532c-b132-52c8dac8bffd,2021-08-07,2021,MOV1_FULL,0.86849236336194557,0.13150763663805443,0.029999999999999999,1399
c600997c-1939-5d17-89a6-2b8286e058ee,ed11f74c-ff18-532c-b132-52c8dac8bffd,2021-08-07,2021,MOV1_FULL,0.57411344005854326,0.42588655994145674,0.029999999999999999,1399
d090f98e-3e78-5f39-82f5-0cc85c2f1579,ed11f74c-ff18-532c-b132-52c8dac8bffd,2021-08-07,2021,MOV1_FULL,0.7643473366635819,0.2356526633364181,0.029999999999999999,1399
d4f372c4-bdc3-5413-8ceb-37245ec4b9d6,ed11f74c-ff18-532c-b132-52c8dac8bffd,2021-08-07,2021,MOV1_FULL,0.84638730849525812,0.15361269150474188,0.029999999999999999,1399
dcaff6d9-5001-5e92-915a-97a9176a5c68,ed11f74c-ff18-532c-b132-52c8dac8bffd,2021-08-07,2021,MOV1_FULL,0.7800492380398838,0.2199507619601162,0.029999999999999999,1399
e25931a9-e00a-53e4-a0fc-098f54f53eb0,ed11f74c-ff18-532c-b132-52c8dac8bffd,2021-08-07,2021,MOV1_FULL,0.69899678859715697,0.30100321140284303,0.029999999999999999,1399
ece18123-10af-5d82-bf8c-593611a0d03d,ed11f74c-ff18-532c-b132-52c8dac8bffd,2021-08-07,2021,MOV1_FULL,0.78868158426180668,0.21131841573819332,0.029999999999999999,1399
ef748cdc-e65c-5fcd-b289-f720e54538fa,ed11f74c-ff18-532c-b132-52c8dac8bffd,2021-08-07,2021,MOV1_FULL,0.73721769813356797,0.26278230186643203,0.029999999999999999,1399
04388838-0a94-54ab-a9a6-fff834db11f6,5833db1a-cc50-5599-8b7e-62691d25bf93,2021-08-21,2021,MOV1_FULL,0.53234949711391233,0.46765050288608767,0.029999999999999999,1399
50764469-d72b-5ce4-a061-4e3d48c39045,5833db1a-cc50-5599-8b7e-62691d25bf93,2021-08-21,2021,MOV1_FULL,0.59510011091801429,0.40489988908198571,0.029999999999999999,1399
6e5c895c-9352-5254-830c-6ce119d81945,5833db1a-cc50-5599-8b7e-62691d25bf93,2021-08-21,2021,MOV1_FULL,0.8216884335904997,0.1783115664095003,0.029999999999999999,1399
6f1a62fb-9dcb-5584-98b3-4a06e5345a23,5833db1a-cc50-5599-8b7e-62691d25bf93,2021-08-21,2021,MOV1_FULL,0.63661884435873073,0.36338115564126927,0.029999999999999999,1399
7b895baa-8935-51c2-80ca-73620c0dab5d,5833db1a-cc50-5599-8b7e-62691d25bf93,2021-08-21,2021,MOV1_FULL,0.41935691277471465,0.58064308722528535,0.029999999999999999,1399
7dfe5681-e551-5474-ad47-af4436a65bc5,5833db1a-cc50-5599-8b7e-62691d25bf93,2021-08-21,2021,MOV1_FULL,0.77838760252033967,0.22161239747966033,0.029999999999999999,1399
901ff8bf-515f-5a4a-910e-7127774d8882,5833db1a-cc50-5599-8b7e-62691d25bf93,2021-08-21,2021,MOV1_FULL,0.40942312228216765,0.5905768777178324,0.029999999999999999,1399
9bc58194-4cda-509b-8adb-1589a6eb91f4,5833db1a-cc50-5599-8b7e-62691d25bf93,2021-08-21,2021,MOV1_FULL,0.7133274320262033,0.2866725679737967,0.029999999999999999,1399
b44d1560-08eb-50bf-b19d-6db0645bd79d,5833db1a-cc50-5599-8b7e-62691d25bf93,2021-08-21,2021,MOV1_FULL,0.89059001523880155,0.10940998476119845,0.029999999999999999,1399
b5e72153-09bf-518e-9c13-829c6c0737b7,5833db1a-cc50-5599-8b7e-62691d25bf93,2021-08-21,2021,MOV1_FULL,0.4947292598047982,0.5052707401952018,0.029999999999999999,1399
c1f3d955-b29d-58d8-bdd2-6672318f1a9e,5833db1a-cc50-5599-8b7e-62691d25bf93,2021-08-21,2021,MOV1_FULL,0.81241788457411301,0.18758211542588699,0.029999999999999999,1399
e2d635e9-610d-52ae-b42e-674099a34d86,5833db1a-cc50-5599-8b7e-62691d25bf93,2021-08-21,2021,MOV1_FULL,0.58390323943802813,0.41609676056197187,0.029999999999999999,1399
196e04f0-b97b-5b8f-8811-d5780cfed2a1,8ad58ce2-7ffe-54d0-b07d-2fc661e104e0,2021-08-28,2021,MOV1_FULL,0.56976083114536114,0.43023916885463886,0.029999999999999999,1399
3a83a19f-d5f8-5f26-819e-02d76e7c926f,8ad58ce2-7ffe-54d0-b07d-2fc661e104e0,2021-08-28,2021,MOV1_FULL,0.69806652471968689,0.30193347528031311,0.029999999999999999,1399
3cf05c5b-652a-5117-a1b4-9d6764dcfac4,8ad58ce2-7ffe-54d0-b07d-2fc661e104e0,2021-08-28,2021,MOV1_FULL,0.70554215213101179,0.29445784786898821,0.029999999999999999,1399
45972d46-a759-5d42-b30e-cf98852ecb44,8ad58ce2-7ffe-54d0-b07d-2fc661e104e0,2021-08-28,2021,MOV1_FULL,0.57483112981349893,0.42516887018650107,0.029999999999999999,1399
722ae1c5-1630-5b75-adff-c288cd698481,8ad58ce2-7ffe-54d0-b07d-2fc661e104e0,2021-08-28,2021,MOV1_FULL,0.91402832898547093,0.085971671014529072,0.029999999999999999,1399
982c4a93-be97-5568-9f53-1170744a6750,8ad58ce2-7ffe-54d0-b07d-2fc661e104e0,2021-08-28,2021,MOV1_FULL,0.86441375755075034,0.13558624244924966,0.029999999999999999,1399
983f4cdc-276d-5855-90bd-4b05b1a4869a,8ad58ce2-7ffe-54d0-b07d-2fc661e104e0,2021-08-28,2021,MOV1_FULL,0.61405092259040783,0.38594907740959217,0.029999999999999999,1399
b781d659-8ec1-5f3a-b819-201522593cd9,8ad58ce2-7ffe-54d0-b07d-2fc661e104e0,2021-08-28,2021,MOV1_FULL,0.54566669879408236,0.45433330120591764,0.029999999999999999,1399
c9ddcc4b-d36f-5f1b-9273-f9a97f88368b,8ad58ce2-7ffe-54d0-b07d-2fc661e104e0,2021-08-28,2021,MOV1_FULL,0.54929009823971475,0.45070990176028525,0.029999999999999999,1399
ca9519f0-a448-585f-8eb2-587927a13a09,8ad58ce2-7ffe-54d0-b07d-2fc661e104e0,2021-08-28,2021,MOV1_FULL,0.85737346556345451,0.14262653443654549,0.029999999999999999,1399
cd934cd4-c92d-5023-9b5d-09551a9beb7c,8ad58ce2-7ffe-54d0-b07d-2fc661e104e0,2021-08-28,2021,MOV1_FULL,0.72191986910388728,0.27808013089611272,0.029999999999999999,1399
e950993d-5043-55a4-893e-27c34adf9000,8ad58ce2-7ffe-54d0-b07d-2fc661e104e0,2021-08-28,2021,MOV1_FULL,0.57483112981349893,0.42516887018650107,0.029999999999999999,1399
00d58820-d631-5835-98f4-8c498ddee5d3,fadf6ee2-2e47-525e-be4e-0c78362ad476,2021-09-04,2021,MOV1_FULL,0.75895550376882537,0.24104449623117463,0.029999999999999999,1399
0dad6ca7-5b52-5c94-af3f-61c3fc701450,fadf6ee2-2e47-525e-be4e-0c78362ad476,2021-09-04,2021,MOV1_FULL,0.85590471132322388,0.14409528867677612,0.029999999999999999,1399
3444281f-d0ca-5d5b-b654-0d0809243154,fadf6ee2-2e47-525e-be4e-0c78362ad476,2021-09-04,2021,MOV1_FULL,0.81720402752179233,0.18279597247820767,0.029999999999999999,1399
6737f4a5-7ba5-56d5-9304-a2789248e695,fadf6ee2-2e47-525e-be4e-0c78362ad476,2021-09-04,2021,MOV1_FULL,0.82196705204968801,0.17803294795031199,0.029999999999999999,1399
6eea16b5-ba1b-5b5c-bbbc-e4ccf5133b68,fadf6ee2-2e47-525e-be4e-0c78362ad476,2021-09-04,2021,MOV1_FULL,0.90880625498966527,0.091193745010334726,0.029999999999999999,1399
83e55b56-fa2f-5611-90c5-5d2ff1247e98,fadf6ee2-2e47-525e-be4e-0c78362ad476,2021-09-04,2021,MOV1_FULL,0.43012954313471502,0.56987045686528504,0.029999999999999999,1399
bc4c6c69-0f97-5260-a42e-2b6562b47cc0,fadf6ee2-2e47-525e-be4e-0c78362ad476,2021-09-04,2021,MOV1_FULL,0.42517149250800168,0.57482850749199832,0.029999999999999999,1399
ee169757-0c0d-562c-bc61-bf05d1da4836,fadf6ee2-2e47-525e-be4e-0c78362ad476,2021-09-04,2021,MOV1_FULL,0.63807597171938257,0.36192402828061743,0.029999999999999999,1399
f752c632-17f3-548b-ad17-83682cb3c8e7,fadf6ee2-2e47-525e-be4e-0c78362ad476,2021-09-04,2021,MOV1_FULL,0.6820957639642099,0.3179042360357901,0.029999999999999999,1399
0ccce70f-778a-5df3-9543-96a6329bd8a0,e82d596a-2f1c-5165-84ed-43a03c53dd19,2021-09-18,2021,MOV1_FULL,0.80029438381420048,0.19970561618579952,0.029999999999999999,1399
100b59fd-7aa9-5464-9cec-f86f60d2aa3f,e82d596a-2f1c-5165-84ed-43a03c53dd19,2021-09-18,2021,MOV1_FULL,0.5312918693187284,0.4687081306812716,0.029999999999999999,1399
21cbefcb-32b2-5b70-b582-f7aec5cabd00,e82d596a-2f1c-5165-84ed-43a03c53dd19,2021-09-18,2021,MOV1_FULL,0.46717332182131888,0.53282667817868112,0.029999999999999999,1399
744f3f93-e6b9-5669-9ba3-af9d37d16348,e82d596a-2f1c-5165-84ed-43a03c53dd19,2021-09-18,2021,MOV1_FULL,0.49958254851029343,0.50041745148970662,0.029999999999999999,1399
75691263-a82f-548a-a6e6-e1c3f07a6a64,e82d596a-2f1c-5165-84ed-43a03c53dd19,2021-09-18,2021,MOV1_FULL,0.34932402245513727,0.65067597754486273,0.029999999999999999,1399
75dbb37f-44f6-5660-97a1-33dc31c30d72,e82d596a-2f1c-5165-84ed-43a03c53dd19,2021-09-18,2021,MOV1_FULL,0.54359793304599469,0.45640206695400531,0.029999999999999999,1399
7db2b831-6ab9-547e-9bf7-46a464ff2452,e82d596a-2f1c-5165-84ed-43a03c53dd19,2021-09-18,2021,MOV1_FULL,0.33834352211184004,0.66165647788815996,0.029999999999999999,1399
b35b452a-58a0-5c27-8f3e-c3ffbb360ec3,e82d596a-2f1c-5165-84ed-43a03c53dd19,2021-09-18,2021,MOV1_FULL,0.65331652662374873,0.34668347337625127,0.029999999999999999,1399
b80749ab-4563-5460-8047-fe4e8cf931a5,e82d596a-2f1c-5165-84ed-43a03c53dd19,2021-09-18,2021,MOV1_FULL,0.59493044740339041,0.40506955259660959,0.029999999999999999,1399
bc41c0cd-85db-5775-9e37-bbb9d6669599,e82d596a-2f1c-5165-84ed-43a03c53dd19,2021-09-18,2021,MOV1_FULL,0.4622113192102234,0.5377886807897766,0.029999999999999999,1399
ca93323e-7586-58c0-b314-fdb56f65b6a4,e82d596a-2f1c-5165-84ed-43a03c53dd19,2021-09-18,2021,MOV1_FULL,0.81196656896184694,0.18803343103815306,0.029999999999999999,1399
dab21c59-57f6-54f6-a441-9771f3dc7779,e82d596a-2f1c-5165-84ed-43a03c53dd19,2021-09-18,2021,MOV1_FULL,0.51549215751217314,0.48450784248782686,0.029999999999999999,1399
f02f79af-e9c9-5f1e-a868-0c5f8c923fac,e82d596a-2f1c-5165-84ed-43a03c53dd19,2021-09-18,2021,MOV1_FULL,0.63719827397005258,0.36280172602994742,0.029999999999999999,1399
fc75feeb-6910-5d89-8cf3-0a52e0322489,e82d596a-2f1c-5165-84ed-43a03c53dd19,2021-09-18,2021,MOV1_FULL,0.70351838404176359,0.29648161595823641,0.029999999999999999,1399
07aa0be9-ab27-554f-9d44-33d4d700bddc,b8f03792-109c-5bab-baa1-9723618a6b50,2021-09-25,2021,MOV1_FULL,0.75231585362347742,0.24768414637652258,0.029999999999999999,1399
1de7056f-8f8f-5bb4-960f-0c4a3dd50db5,b8f03792-109c-5bab-baa1-9723618a6b50,2021-09-25,2021,MOV1_FULL,0.59554239547834409,0.40445760452165591,0.029999999999999999,1399
1f23ae83-139d-5b57-9593-6099ca3c4252,b8f03792-109c-5bab-baa1-9723618a6b50,2021-09-25,2021,MOV1_FULL,0.81734605114939063,0.18265394885060937,0.029999999999999999,1399
5b76df72-4847-5011-80ad-b6a62e10fc11,b8f03792-109c-5bab-baa1-9723618a6b50,2021-09-25,2021,MOV1_FULL,0.56983795123605263,0.43016204876394737,0.029999999999999999,1399
693d9d6c-5814-5fef-a0b8-a1ec3a407c92,b8f03792-109c-5bab-baa1-9723618a6b50,2021-09-25,2021,MOV1_FULL,0.83550960513257877,0.16449039486742123,0.029999999999999999,1399
8a21151a-dbe6-59d4-9a4e-5d6a03139114,b8f03792-109c-5bab-baa1-9723618a6b50,2021-09-25,2021,MOV1_FULL,0.88421143031557925,0.11578856968442075,0.029999999999999999,1399
b1ff740e-fa59-5cf4-b6fe-dd1264247e15,b8f03792-109c-5bab-baa1-9723618a6b50,2021-09-25,2021,MOV1_FULL,0.57483112981349893,0.42516887018650107,0.029999999999999999,1399
c2087a52-8e50-5467-8fcb-dd6230ca065e,b8f03792-109c-5bab-baa1-9723618a6b50,2021-09-25,2021,MOV1_FULL,0.50173844901623099,0.49826155098376901,0.029999999999999999,1399
d42c75bf-d0da-5249-968e-a0ac4198874d,b8f03792-109c-5bab-baa1-9723618a6b50,2021-09-25,2021,MOV1_FULL,0.7436565892750201,0.2563434107249799,0.029999999999999999,1399
de1168af-aea8-5998-aafe-3265efbefff9,b8f03792-109c-5bab-baa1-9723618a6b50,2021-09-25,2021,MOV1_FULL,0.89764498608596344,0.10235501391403656,0.029999999999999999,1399
e739c561-90c8-5237-a579-f6e8557cd7e6,b8f03792-109c-5bab-baa1-9723618a6b50,2021-09-25,2021,MOV1_FULL,0.38472984700690732,0.61527015299309262,0.029999999999999999,1399
ee5fcccb-54b1-55d0-a267-8a2a99cc971d,b8f03792-109c-5bab-baa1-9723618a6b50,2021-09-25,2021,MOV1_FULL,0.81925520334393354,0.18074479665606646,0.029999999999999999,1399
ff2f1e13-f80b-5256-9356-72263de25a13,b8f03792-109c-5bab-baa1-9723618a6b50,2021-09-25,2021,MOV1_FULL,0.68704062164938817,0.31295937835061183,0.029999999999999999,1399
1d3fc6cb-c6c2-54d9-922f-f125272f6cc2,790497cb-0637-53fb-977c-74f7060d66e5,2021-10-02,2021,MOV1_FULL,0.80923708753885948,0.19076291246114052,0.029999999999999999,1399
2e94f9d4-a75b-5c33-b56b-56588d3c5d18,790497cb-0637-53fb-977c-74f7060d66e5,2021-10-02,2021,MOV1_FULL,0.78837093843848993,0.21162906156151007,0.029999999999999999,1399
3cff8092-7c06-5e2f-930b-78e2cfcaa0eb,790497cb-0637-53fb-977c-74f7060d66e5,2021-10-02,2021,MOV1_FULL,0.75861285652099963,0.24138714347900037,0.029999999999999999,1399
5a8ea5cf-77d2-53d0-a250-ab5337443dba,790497cb-0637-53fb-977c-74f7060d66e5,2021-10-02,2021,MOV1_FULL,0.58504143774749473,0.41495856225250527,0.029999999999999999,1399
642bd43b-f764-5097-83f2-1b0ee4ba9138,790497cb-0637-53fb-977c-74f7060d66e5,2021-10-02,2021,MOV1_FULL,0.54493894319780789,0.45506105680219211,0.029999999999999999,1399
6a193dcc-77e3-50ac-81f8-e63777786d1f,790497cb-0637-53fb-977c-74f7060d66e5,2021-10-02,2021,MOV1_FULL,0.95512219105030127,0.044877808949698728,0.029999999999999999,1399
72627fbc-eb09-57f6-ba6c-6ccd6d046b16,790497cb-0637-53fb-977c-74f7060d66e5,2021-10-02,2021,MOV1_FULL,0.17668615985514299,0.82331384014485698,0.029999999999999999,1399
773d2583-dff3-58f6-a7ae-d4a73f573c39,790497cb-0637-53fb-977c-74f7060d66e5,2021-10-02,2021,MOV1_FULL,0.78151254667560277,0.21848745332439723,0.029999999999999999,1399
ae4b9652-c2a7-5eb1-8a01-bb1f7fc7f2e2,790497cb-0637-53fb-977c-74f7060d66e5,2021-10-02,2021,MOV1_FULL,0.5653909921003667,0.4346090078996333,0.029999999999999999,1399
b621c8f2-6044-5c0e-bf2c-d850729c46a5,790497cb-0637-53fb-977c-74f7060d66e5,2021-10-02,2021,MOV1_FULL,0.8564568722736311,0.1435431277263689,0.029999999999999999,1399
e1c7c046-90c4-5a5a-ba9f-21a8cd286078,790497cb-0637-53fb-977c-74f7060d66e5,2021-10-02,2021,MOV1_FULL,0.78651675870518256,0.21348324129481744,0.029999999999999999,1399
0a545998-e185-589a-840a-00d582a2a5bd,202626b5-4289-5b24-b46e-b263dd61eb52,2021-10-09,2021,MOV1_FULL,0.62499785560442744,0.37500214439557256,0.029999999999999999,1399
197de460-4703-57cc-8335-3803cdfc656c,202626b5-4289-5b24-b46e-b263dd61eb52,2021-10-09,2021,MOV1_FULL,0.54556385095552407,0.45443614904447593,0.029999999999999999,1399
2d75e535-6d38-52ff-b4d4-b1bf82c98c3d,202626b5-4289-5b24-b46e-b263dd61eb52,2021-10-09,2021,MOV1_FULL,0.51665821052253325,0.48334178947746675,0.029999999999999999,1399
4607e856-d654-539b-8460-46f1ae13a743,202626b5-4289-5b24-b46e-b263dd61eb52,2021-10-09,2021,MOV1_FULL,0.25495159907777276,0.74504840092222724,0.029999999999999999,1399
d9c7857a-48fa-5e51-9162-223b890bd573,202626b5-4289-5b24-b46e-b263dd61eb52,2021-10-09,2021,MOV1_FULL,0.49305854583002906,0.50694145416997094,0.029999999999999999,1399
e0f329c0-f588-529a-b169-1836d017d177,202626b5-4289-5b24-b46e-b263dd61eb52,2021-10-09,2021,MOV1_FULL,0.47827519263653923,0.52172480736346083,0.029999999999999999,1399
f65edfc0-3c7e-5817-95e2-9a4758643de6,202626b5-4289-5b24-b46e-b263dd61eb52,2021-10-09,2021,MOV1_FULL,0.49164455768553028,0.50835544231446972,0.029999999999999999,1399
fcba37d2-9138-5fc0-ab18-50f964e64a86,202626b5-4289-5b24-b46e-b263dd61eb52,2021-10-09,2021,MOV1_FULL,0.46932265869663314,0.53067734130336686,0.029999999999999999,1399
ff5fa251-3e1c-5ffc-b5e2-5316858a64e0,202626b5-4289-5b24-b46e-b263dd61eb52,2021-10-09,2021,MOV1_FULL,0.43803803471271124,0.5619619652872887,0.029999999999999999,1399
06a1b680-16e6-5d5b-bfdf-2137bcc2373f,bebb7995-b295-5437-ac20-814e7f26a355,2021-10-16,2021,MOV1_FULL,0.71897645259322318,0.28102354740677682,0.029999999999999999,1399
070e88a2-4813-5a0f-841e-5bd7772ca053,bebb7995-b295-5437-ac20-814e7f26a355,2021-10-16,2021,MOV1_FULL,0.81488942777390339,0.18511057222609661,0.029999999999999999,1399
0a373687-a072-535d-82c3-abfe1a6e475f,bebb7995-b295-5437-ac20-814e7f26a355,2021-10-16,2021,MOV1_FULL,0.83261467899920838,0.16738532100079162,0.029999999999999999,1399
1c81e3d2-9c0d-5fbd-9daa-579a69a06c88,bebb7995-b295-5437-ac20-814e7f26a355,2021-10-16,2021,MOV1_FULL,0.28486378179231325,0.7151362182076868,0.029999999999999999,1399
243ec13c-fa05-5abb-b2c9-e9a6d18ac932,bebb7995-b295-5437-ac20-814e7f26a355,2021-10-16,2021,MOV1_FULL,0.683473826542637,0.316526173457363,0.029999999999999999,1399
35faf9ef-05ad-5af4-8893-c3d18deb10df,bebb7995-b295-5437-ac20-814e7f26a355,2021-10-16,2021,MOV1_FULL,0.88697288147450493,0.11302711852549507,0.029999999999999999,1399
3b476796-fcb7-5ed9-9b19-e6cbc14c6c50,bebb7995-b295-5437-ac20-814e7f26a355,2021-10-16,2021,MOV1_FULL,0.52006186015320965,0.47993813984679035,0.029999999999999999,1399
6f9da24e-3ada-528f-90bc-044eb890dea7,bebb7995-b295-5437-ac20-814e7f26a355,2021-10-16,2021,MOV1_FULL,0.60161072159397933,0.39838927840602067,0.029999999999999999,1399
9e1b1536-718b-5d7c-aae8-55b078415dad,bebb7995-b295-5437-ac20-814e7f26a355,2021-10-16,2021,MOV1_FULL,0.64322398327730779,0.35677601672269221,0.029999999999999999,1399
045c5057-c872-5c32-9e8e-df58ded72270,567f0f4b-9dbe-5eeb-a79a-f05820007b83,2021-10-23,2021,MOV1_FULL,0.8230820680346671,0.1769179319653329,0.029999999999999999,1399
2ec7a0b2-ba06-5d55-8d4d-6afbb0f36505,567f0f4b-9dbe-5eeb-a79a-f05820007b83,2021-10-23,2021,MOV1_FULL,0.64845212884503567,0.35154787115496433,0.029999999999999999,1399
31e1103d-93b1-59bf-8593-105cc72b3c1d,567f0f4b-9dbe-5eeb-a79a-f05820007b83,2021-10-23,2021,MOV1_FULL,0.68072198401019579,0.31927801598980421,0.029999999999999999,1399
51e3fea2-6961-58ce-b1f8-d1e4d32694cc,567f0f4b-9dbe-5eeb-a79a-f05820007b83,2021-10-23,2021,MOV1_FULL,0.71542587590383233,0.28457412409616767,0.029999999999999999,1399
5a3320bc-ca22-5636-846c-587dfa5d979f,567f0f4b-9dbe-5eeb-a79a-f05820007b83,2021-10-23,2021,MOV1_FULL,0.65132431164005711,0.34867568835994289,0.029999999999999999,1399
67ed10f7-f986-560e-ac5c-474a9b34e335,567f0f4b-9dbe-5eeb-a79a-f05820007b83,2021-10-23,2021,MOV1_FULL,0.63782181520132586,0.36217818479867414,0.029999999999999999,1399
a02bd2c7-1dc8-52f2-913b-eaa2e2a86fa6,567f0f4b-9dbe-5eeb-a79a-f05820007b83,2021-10-23,2021,MOV1_FULL,0.58668642404928606,0.41331357595071394,0.029999999999999999,1399
a633591d-2110-56b7-a86b-885040432749,567f0f4b-9dbe-5eeb-a79a-f05820007b83,2021-10-23,2021,MOV1_FULL,0.84544737775455636,0.15455262224544364,0.029999999999999999,1399
c728ab9d-2a56-5b20-b4c4-2331a4857791,567f0f4b-9dbe-5eeb-a79a-f05820007b83,2021-10-23,2021,MOV1_FULL,0.48797971160682607,0.51202028839317393,0.029999999999999999,1399
dd1ca049-f295-53ef-91f5-adcbbce92533,567f0f4b-9dbe-5eeb-a79a-f05820007b83,2021-10-23,2021,MOV1_FULL,0.42011795643355843,0.57988204356644157,0.029999999999999999,1399
e22e2386-a98f-50dd-9a21-f7e4579249dc,567f0f4b-9dbe-5eeb-a79a-f05820007b83,2021-10-23,2021,MOV1_FULL,0.80683200987647152,0.19316799012352848,0.029999999999999999,1399
ed101e22-4998-5960-85ab-086070a196ce,567f0f4b-9dbe-5eeb-a79a-f05820007b83,2021-10-23,2021,MOV1_FULL,0.58385846409053321,0.41614153590946679,0.029999999999999999,1399
fb4021af-a907-5775-86a2-40e0876fa845,567f0f4b-9dbe-5eeb-a79a-f05820007b83,2021-10-23,2021,MOV1_FULL,0.69574308576636223,0.30425691423363777,0.029999999999999999,1399
fbc0836b-a67a-5ddc-b023-8b0ebc4362dd,567f0f4b-9dbe-5eeb-a79a-f05820007b83,2021-10-23,2021,MOV1_FULL,0.86612683880987296,0.13387316119012704,0.029999999999999999,1399
17e7134d-ade6-552c-9c39-08c5a637311b,b59e76e6-67bd-51e0-ab51-090ed0abbaf3,2021-10-30,2021,MOV1_FULL,0.90166994615129614,0.098330053848703858,0.029999999999999999,1399
2163fb7e-539b-5772-a950-7d595ad6ff84,b59e76e6-67bd-51e0-ab51-090ed0abbaf3,2021-10-30,2021,MOV1_FULL,0.4728937175347227,0.52710628246527724,0.029999999999999999,1399
270d19e4-87a7-50b6-96c7-cd1b338369fd,b59e76e6-67bd-51e0-ab51-090ed0abbaf3,2021-10-30,2021,MOV1_FULL,0.73456581230848961,0.26543418769151039,0.029999999999999999,1399
2c373f6e-6e0e-5432-b92e-4f6eda12522a,b59e76e6-67bd-51e0-ab51-090ed0abbaf3,2021-10-30,2021,MOV1_FULL,0.84972976430023528,0.15027023569976472,0.029999999999999999,1399
3456b97a-079c-5883-addb-465788d3616c,b59e76e6-67bd-51e0-ab51-090ed0abbaf3,2021-10-30,2021,MOV1_FULL,0.61213313622491439,0.38786686377508561,0.029999999999999999,1399
5adeb162-86f5-5efa-9f62-30b2872a0f9e,b59e76e6-67bd-51e0-ab51-090ed0abbaf3,2021-10-30,2021,MOV1_FULL,0.83319298220484661,0.16680701779515339,0.029999999999999999,1399
5ccf0fb5-b91b-5659-ba00-aeab2c7e2121,b59e76e6-67bd-51e0-ab51-090ed0abbaf3,2021-10-30,2021,MOV1_FULL,0.43057177643982875,0.56942822356017131,0.029999999999999999,1399
7583663e-263a-5743-95d5-5b271773beae,b59e76e6-67bd-51e0-ab51-090ed0abbaf3,2021-10-30,2021,MOV1_FULL,0.69493551036302237,0.30506448963697763,0.029999999999999999,1399
786e5a45-9f06-5bef-915d-eafcdffecce7,b59e76e6-67bd-51e0-ab51-090ed0abbaf3,2021-10-30,2021,MOV1_FULL,0.76273307324211992,0.23726692675788008,0.029999999999999999,1399
88f06b98-1c06-5cb2-a63f-3adfd02ba971,b59e76e6-67bd-51e0-ab51-090ed0abbaf3,2021-10-30,2021,MOV1_FULL,0.71482991659496609,0.28517008340503391,0.029999999999999999,1399
9037630c-4d2f-53b6-9d1d-863584b7dd74,b59e76e6-67bd-51e0-ab51-090ed0abbaf3,2021-10-30,2021,MOV1_FULL,0.53030724023519105,0.46969275976480895,0.029999999999999999,1399
a1f1f83a-c6a3-5490-ac47-ac640367d054,b59e76e6-67bd-51e0-ab51-090ed0abbaf3,2021-10-30,2021,MOV1_FULL,0.71107054239211354,0.28892945760788646,0.029999999999999999,1399
d2c3acca-07a9-52a6-b8b5-7c4e437ed708,b59e76e6-67bd-51e0-ab51-090ed0abbaf3,2021-10-30,2021,MOV1_FULL,0.65511950662789031,0.34488049337210969,0.029999999999999999,1399
fddc075f-d9cd-502a-85b6-87ba12a8cc67,b59e76e6-67bd-51e0-ab51-090ed0abbaf3,2021-10-30,2021,MOV1_FULL,0.47662555072076673,0.52337444927923327,0.029999999999999999,1399
0ebcc0cb-e40a-5e58-bfeb-39ab5787fa3a,03d21603-451e-5127-befc-17671c8337ca,2021-11-06,2021,MOV1_FULL,0.43401897408134116,0.56598102591865884,0.029999999999999999,1399
42651394-7028-5abf-840e-1d4825d9b2c2,03d21603-451e-5127-befc-17671c8337ca,2021-11-06,2021,MOV1_FULL,0.7662842266324319,0.2337157733675681,0.029999999999999999,1399
50a67fc7-e94e-5197-a0d5-8fd2e4e5a0cd,03d21603-451e-5127-befc-17671c8337ca,2021-11-06,2021,MOV1_FULL,0.69072213489279288,0.30927786510720712,0.029999999999999999,1399
56f6dc1f-e11e-5bcb-9ee4-e4837407da22,03d21603-451e-5127-befc-17671c8337ca,2021-11-06,2021,MOV1_FULL,0.7694448160390337,0.2305551839609663,0.029999999999999999,1399
7d1a4aa0-34a8-528c-a09e-f5725c0f2131,03d21603-451e-5127-befc-17671c8337ca,2021-11-06,2021,MOV1_FULL,0.71417532214555979,0.28582467785444021,0.029999999999999999,1399
87523036-9bcb-5ec3-a78a-81e24072fa50,03d21603-451e-5127-befc-17671c8337ca,2021-11-06,2021,MOV1_FULL,0.65391572869079662,0.34608427130920338,0.029999999999999999,1399
8b1754e4-086c-5ea1-8a76-4032c2619eb7,03d21603-451e-5127-befc-17671c8337ca,2021-11-06,2021,MOV1_FULL,0.75384638150639138,0.24615361849360862,0.029999999999999999,1399
abab570f-fa39-5e28-8348-23cb37473b8f,03d21603-451e-5127-befc-17671c8337ca,2021-11-06,2021,MOV1_FULL,0.72847375012854776,0.27152624987145224,0.029999999999999999,1399
d7892ae7-6b06-5320-9237-a655f9ce2a44,03d21603-451e-5127-befc-17671c8337ca,2021-11-06,2021,MOV1_FULL,0.67892080429566692,0.32107919570433308,0.029999999999999999,1399
d91c8e5f-bc40-5f3b-97c4-0337f415d4f9,03d21603-451e-5127-befc-17671c8337ca,2021-11-06,2021,MOV1_FULL,0.60021277981205734,0.39978722018794266,0.029999999999999999,1399
de20b2b2-2d08-5597-bbac-033b9747d133,03d21603-451e-5127-befc-17671c8337ca,2021-11-06,2021,MOV1_FULL,0.89704440284805953,0.10295559715194047,0.029999999999999999,1399
e6f743fb-ea90-5af5-9799-9f64baabf7e8,03d21603-451e-5127-befc-17671c8337ca,2021-11-06,2021,MOV1_FULL,0.83582356099129029,0.16417643900870971,0.029999999999999999,1399
ef8e16b3-0e8d-5ad2-a625-3a0017826518,03d21603-451e-5127-befc-17671c8337ca,2021-11-06,2021,MOV1_FULL,0.80856253391159827,0.19143746608840173,0.029999999999999999,1399
fa5dae14-7a06-5c49-8f40-d368e8fe64fc,03d21603-451e-5127-befc-17671c8337ca,2021-11-06,2021,MOV1_FULL,0.55305849858905398,0.44694150141094602,0.029999999999999999,1399
20931a7d-c3cf-5aca-9125-b372de10ac32,5f73fe88-017f-575e-a72a-e27ede762eb9,2021-11-13,2021,MOV1_FULL,0.42905207145586877,0.57094792854413123,0.029999999999999999,1399
248e291b-1e43-5724-9a7f-db33862f1623,5f73fe88-017f-575e-a72a-e27ede762eb9,2021-11-13,2021,MOV1_FULL,0.75582695693618152,0.24417304306381848,0.029999999999999999,1399
2ddce5b0-bdef-5e69-baec-307e40ec705f,5f73fe88-017f-575e-a72a-e27ede762eb9,2021-11-13,2021,MOV1_FULL,0.79767119701442002,0.20232880298557998,0.029999999999999999,1399
3806f2fa-7292-55dc-bb11-30d007db697f,5f73fe88-017f-575e-a72a-e27ede762eb9,2021-11-13,2021,MOV1_FULL,0.61774519900469638,0.38225480099530362,0.029999999999999999,1399
3d01d76d-a4d3-5bfb-8c1a-2133d9378dec,5f73fe88-017f-575e-a72a-e27ede762eb9,2021-11-13,2021,MOV1_FULL,0.80877683110381204,0.19122316889618796,0.029999999999999999,1399
497f92a9-af2e-5ee8-b437-e99c38d0ff5c,5f73fe88-017f-575e-a72a-e27ede762eb9,2021-11-13,2021,MOV1_FULL,0.65389557767161433,0.34610442232838567,0.029999999999999999,1399
52425469-d5c5-51d2-9fc5-bc7fe1533bc1,5f73fe88-017f-575e-a72a-e27ede762eb9,2021-11-13,2021,MOV1_FULL,0.62441541728094174,0.37558458271905826,0.029999999999999999,1399
615b2e4b-bb1c-54bc-89ea-dcbfb1be51ab,5f73fe88-017f-575e-a72a-e27ede762eb9,2021-11-13,2021,MOV1_FULL,0.39019532516454614,0.60980467483545386,0.029999999999999999,1399
7bb844b5-baeb-5cbe-acd3-abe70288b30a,5f73fe88-017f-575e-a72a-e27ede762eb9,2021-11-13,2021,MOV1_FULL,0.89852004678447939,0.10147995321552061,0.029999999999999999,1399
c502df0d-610a-517f-b197-d474faeee8cf,5f73fe88-017f-575e-a72a-e27ede762eb9,2021-11-13,2021,MOV1_FULL,0.67019835249553972,0.32980164750446028,0.029999999999999999,1399
ff815bdb-8d98-56a6-b208-ae3a238779ad,5f73fe88-017f-575e-a72a-e27ede762eb9,2021-11-13,2021,MOV1_FULL,0.43810364803034485,0.56189635196965515,0.029999999999999999,1399
01935d0a-586b-559b-a10a-c6944a8650a4,156fdcbd-00dd-50c1-9605-ce470c3c326f,2021-11-20,2021,MOV1_FULL,0.50258559555379478,0.49741440444620522,0.029999999999999999,1399
0f38841e-4c65-5a6f-9388-005f00432145,156fdcbd-00dd-50c1-9605-ce470c3c326f,2021-11-20,2021,MOV1_FULL,0.40752013800726788,0.59247986199273206,0.029999999999999999,1399
15105fe2-0a19-56da-99db-c1fc28d21fde,156fdcbd-00dd-50c1-9605-ce470c3c326f,2021-11-20,2021,MOV1_FULL,0.56117224168969893,0.43882775831030107,0.029999999999999999,1399
21fd6dda-84fd-5d95-ac63-3e33bf1608db,156fdcbd-00dd-50c1-9605-ce470c3c326f,2021-11-20,2021,MOV1_FULL,0.50425307313700785,0.49574692686299215,0.029999999999999999,1399
2428c83e-034c-52e5-b27f-cf7f54f774df,156fdcbd-00dd-50c1-9605-ce470c3c326f,2021-11-20,2021,MOV1_FULL,0.37041513222830075,0.62958486777169931,0.029999999999999999,1399
39a6c5dd-3e4f-5e8c-ad86-63106cc6bdcd,156fdcbd-00dd-50c1-9605-ce470c3c326f,2021-11-20,2021,MOV1_FULL,0.7550628821057993,0.2449371178942007,0.029999999999999999,1399
3db4218d-d8ad-5dbe-b511-299ab8f74756,156fdcbd-00dd-50c1-9605-ce470c3c326f,2021-11-20,2021,MOV1_FULL,0.40207195803003837,0.59792804196996163,0.029999999999999999,1399
75267b19-77a2-5bfc-99da-1b7527ec3802,156fdcbd-00dd-50c1-9605-ce470c3c326f,2021-11-20,2021,MOV1_FULL,0.25595028519406621,0.74404971480593374,0.029999999999999999,1399
75cfdce9-2895-58d1-b96d-50793002ae9d,156fdcbd-00dd-50c1-9605-ce470c3c326f,2021-11-20,2021,MOV1_FULL,0.47966543309232423,0.52033456690767577,0.029999999999999999,1399
7700d11d-7557-5038-a3cd-a85359a20b7b,156fdcbd-00dd-50c1-9605-ce470c3c326f,2021-11-20,2021,MOV1_FULL,0.2830025606183279,0.71699743938167204,0.029999999999999999,1399
be9046c3-34a7-5dda-94d1-6d55b298359d,156fdcbd-00dd-50c1-9605-ce470c3c326f,2021-11-20,2021,MOV1_FULL,0.61565029726500986,0.38434970273499014,0.029999999999999999,1399
1cbb98ba-2431-5b3e-b451-874348673d1c,78494a9a-3baf-5008-96c5-063059a489b1,2021-12-04,2021,MOV1_FULL,0.69712428230722512,0.30287571769277488,0.029999999999999999,1399
205c6b4d-f43a-57cf-846d-af751967c965,78494a9a-3baf-5008-96c5-063059a489b1,2021-12-04,2021,MOV1_FULL,0.85276273361266519,0.14723726638733481,0.029999999999999999,1399
25450b40-9e69-5933-bf8c-01397cf153db,78494a9a-3baf-5008-96c5-063059a489b1,2021-12-04,2021,MOV1_FULL,0.69651378663455055,0.30348621336544945,0.029999999999999999,1399
2708cc2a-25f9-521b-b54a-6cfd4ad5889e,78494a9a-3baf-5008-96c5-063059a489b1,2021-12-04,2021,MOV1_FULL,0.54683385379684857,0.45316614620315143,0.029999999999999999,1399
2ef69b06-c4a9-5711-bd60-9108f1557e70,78494a9a-3baf-5008-96c5-063059a489b1,2021-12-04,2021,MOV1_FULL,0.53484523833959363,0.46515476166040637,0.029999999999999999,1399
30bf97a1-4d76-5d8d-9357-64c08dd95221,78494a9a-3baf-5008-96c5-063059a489b1,2021-12-04,2021,MOV1_FULL,0.59326316907114329,0.40673683092885671,0.029999999999999999,1399
3c84acec-b2fb-57a3-b154-ecc55401af67,78494a9a-3baf-5008-96c5-063059a489b1,2021-12-04,2021,MOV1_FULL,0.69592976332643508,0.30407023667356492,0.029999999999999999,1399
4f400265-2584-5579-86b8-06917c556072,78494a9a-3baf-5008-96c5-063059a489b1,2021-12-04,2021,MOV1_FULL,0.76907616997243777,0.23092383002756223,0.029999999999999999,1399
8f362dd1-3ecb-562f-8888-92fe8d492456,78494a9a-3baf-5008-96c5-063059a489b1,2021-12-04,2021,MOV1_FULL,0.12006669849247263,0.87993330150752735,0.029999999999999999,1399
aae3c628-c575-50dc-8715-a075ff4d913e,78494a9a-3baf-5008-96c5-063059a489b1,2021-12-04,2021,MOV1_FULL,0.71474690752658798,0.28525309247341202,0.029999999999999999,1399
c062cd87-c840-52f5-9b79-cedd6eea5379,78494a9a-3baf-5008-96c5-063059a489b1,2021-12-04,2021,MOV1_FULL,0.54973993256341591,0.45026006743658409,0.029999999999999999,1399
d47a6c05-68ff-56b3-ba3a-a93fa1db32f8,78494a9a-3baf-5008-96c5-063059a489b1,2021-12-04,2021,MOV1_FULL,0.579013254012954,0.420986745987046,0.029999999999999999,1399
db61d9b5-626d-5974-93df-9d6814eb1557,78494a9a-3baf-5008-96c5-063059a489b1,2021-12-04,2021,MOV1_FULL,0.49087870064487804,0.50912129935512196,0.029999999999999999,1399
0b5ebb86-c4f5-539f-9b13-75840bcbb774,7533bb31-9f97-51f8-8834-cb730f6af76f,2021-12-11,2021,MOV1_FULL,0.50568057445578196,0.49431942554421804,0.029999999999999999,1399
4dcc2b1a-9547-5094-8767-dcbe1cdbad4d,7533bb31-9f97-51f8-8834-cb730f6af76f,2021-12-11,2021,MOV1_FULL,0.31321624687428296,0.68678375312571704,0.029999999999999999,1399
572a1e86-73cd-507d-a132-20d91829534c,7533bb31-9f97-51f8-8834-cb730f6af76f,2021-12-11,2021,MOV1_FULL,0.55799961866985626,0.44200038133014374,0.029999999999999999,1399
6dec9f67-c696-53ce-b7ea-d5627d40d88b,7533bb31-9f97-51f8-8834-cb730f6af76f,2021-12-11,2021,MOV1_FULL,0.33242547725638194,0.66757452274361806,0.029999999999999999,1399
783c1646-2d95-55e6-8ec2-8c3e86f04522,7533bb31-9f97-51f8-8834-cb730f6af76f,2021-12-11,2021,MOV1_FULL,0.84250212053190288,0.15749787946809712,0.029999999999999999,1399
9ca70ce8-9c9c-538e-9484-a82209bad621,7533bb31-9f97-51f8-8834-cb730f6af76f,2021-12-11,2021,MOV1_FULL,0.74268708779341086,0.25731291220658914,0.029999999999999999,1399
a61f4b16-86f4-5ef1-937b-28975c7c92b8,7533bb31-9f97-51f8-8834-cb730f6af76f,2021-12-11,2021,MOV1_FULL,0.52231888694198059,0.47768111305801941,0.029999999999999999,1399
addd838e-9cdc-5b0b-b7a3-f43a7ac549c1,7533bb31-9f97-51f8-8834-cb730f6af76f,2021-12-11,2021,MOV1_FULL,0.8528161562723694,0.1471838437276306,0.029999999999999999,1399
b470cff7-d37b-57ba-9f14-4dea0b3e3d73,7533bb31-9f97-51f8-8834-cb730f6af76f,2021-12-11,2021,MOV1_FULL,0.89450791916935091,0.10549208083064909,0.029999999999999999,1399
d311fdba-7505-566d-b624-bb0e41edc4ce,7533bb31-9f97-51f8-8834-cb730f6af76f,2021-12-11,2021,MOV1_FULL,0.91003794850422326,0.08996205149577674,0.029999999999999999,1399
d9eee472-dc62-53d1-987a-f22640ec3dfa,7533bb31-9f97-51f8-8834-cb730f6af76f,2021-12-11,2021,MOV1_FULL,0.72007181790300967,0.27992818209699033,0.029999999999999999,1399
f15fcc80-f5de-50a5-8c18-752ebccb8bd8,7533bb31-9f97-51f8-8834-cb730f6af76f,2021-12-11,2021,MOV1_FULL,0.45779347742827908,0.54220652257172097,0.029999999999999999,1399
f2b9d1e1-0d50-5ee5-ba9c-a16c289dc415,7533bb31-9f97-51f8-8834-cb730f6af76f,2021-12-11,2021,MOV1_FULL,0.89290945380727837,0.10709054619272163,0.029999999999999999,1399
0ceb4a15-e4f7-5c7d-8d9f-390e66d290fe,ae8a5aee-4533-57de-93ab-e6fa8291005d,2021-12-18,2021,MOV1_FULL,0.83004361188024089,0.16995638811975911,0.029999999999999999,1399
1e5973d6-ede0-5b83-8276-8061840015e2,ae8a5aee-4533-57de-93ab-e6fa8291005d,2021-12-18,2021,MOV1_FULL,0.88477686774341135,0.11522313225658865,0.029999999999999999,1399
2c5a82c2-5e2c-54f4-be95-6f1931d9d0e4,ae8a5aee-4533-57de-93ab-e6fa8291005d,2021-12-18,2021,MOV1_FULL,0.52719084507823011,0.47280915492176989,0.029999999999999999,1399
4d6004b5-4d7c-5401-9295-0076ba40ac06,ae8a5aee-4533-57de-93ab-e6fa8291005d,2021-12-18,2021,MOV1_FULL,0.74382773053886453,0.25617226946113547,0.029999999999999999,1399
5309a33b-dcb0-5981-b24f-48319d5ed8dc,ae8a5aee-4533-57de-93ab-e6fa8291005d,2021-12-18,2021,MOV1_FULL,0.64076388037409182,0.35923611962590818,0.029999999999999999,1399
58431cc7-77ea-559e-9b9e-517fafe55376,ae8a5aee-4533-57de-93ab-e6fa8291005d,2021-12-18,2021,MOV1_FULL,0.65993897668365609,0.34006102331634391,0.029999999999999999,1399
74f2ed84-6353-596f-8912-a1685654a6e8,ae8a5aee-4533-57de-93ab-e6fa8291005d,2021-12-18,2021,MOV1_FULL,0.9458697521285323,0.054130247871467696,0.029999999999999999,1399
7990c455-03dd-5767-9d6c-1032af740fd2,ae8a5aee-4533-57de-93ab-e6fa8291005d,2021-12-18,2021,MOV1_FULL,0.77679745862568128,0.22320254137431872,0.029999999999999999,1399
93672260-367f-5d75-8cd2-938ef7f4bc84,ae8a5aee-4533-57de-93ab-e6fa8291005d,2021-12-18,2021,MOV1_FULL,0.8358784554229336,0.1641215445770664,0.029999999999999999,1399
94328ae1-9291-57a5-b4ba-d0370a870884,ae8a5aee-4533-57de-93ab-e6fa8291005d,2021-12-18,2021,MOV1_FULL,0.52132441354343706,0.47867558645656294,0.029999999999999999,1399
c7797151-4d15-594a-bf44-983ca5e6d2bc,ae8a5aee-4533-57de-93ab-e6fa8291005d,2021-12-18,2021,MOV1_FULL,0.64836050926028399,0.35163949073971601,0.029999999999999999,1399
cb8b5682-f69b-53f1-8716-fb8e88eb0b7f,ae8a5aee-4533-57de-93ab-e6fa8291005d,2021-12-18,2021,MOV1_FULL,0.58713107724325986,0.41286892275674014,0.029999999999999999,1399
d464f5e3-52c0-5e70-bea7-6b00be88c3dc,ae8a5aee-4533-57de-93ab-e6fa8291005d,2021-12-18,2021,MOV1_FULL,0.46855688339262147,0.53144311660737853,0.029999999999999999,1399
0a63fe11-8fd0-591b-997d-e4aa92187c0f,2e238719-ce65-5c0b-90bb-cba0941a9e27,2022-01-15,2022,MOV1_FULL,0.88117429177094608,0.11882570822905392,0.029999999999999999,1638
12e20253-aa4c-5aeb-9b65-126236016206,2e238719-ce65-5c0b-90bb-cba0941a9e27,2022-01-15,2022,MOV1_FULL,0.42429378084355707,0.57570621915644293,0.029999999999999999,1638
2610f8c3-1186-5862-bbcb-99063b4350f4,2e238719-ce65-5c0b-90bb-cba0941a9e27,2022-01-15,2022,MOV1_FULL,0.75567469315346159,0.24432530684653841,0.029999999999999999,1638
2adc2ce2-108d-56bc-8181-49e2d5241bf6,2e238719-ce65-5c0b-90bb-cba0941a9e27,2022-01-15,2022,MOV1_FULL,0.88485651467081938,0.11514348532918062,0.029999999999999999,1638
56def45c-dd5c-54d1-90b4-6df117e370de,2e238719-ce65-5c0b-90bb-cba0941a9e27,2022-01-15,2022,MOV1_FULL,0.29562532128569308,0.70437467871430692,0.029999999999999999,1638
819a294f-0efb-5d9d-89dc-e4e529e27bf5,2e238719-ce65-5c0b-90bb-cba0941a9e27,2022-01-15,2022,MOV1_FULL,0.67729438094593364,0.32270561905406636,0.029999999999999999,1638
856aa7f6-7411-5dad-b589-28dbd3f30261,2e238719-ce65-5c0b-90bb-cba0941a9e27,2022-01-15,2022,MOV1_FULL,0.75412446280770773,0.24587553719229227,0.029999999999999999,1638
abc7e2da-679e-5ece-a5a6-94e5ef161779,2e238719-ce65-5c0b-90bb-cba0941a9e27,2022-01-15,2022,MOV1_FULL,0.55772887871938104,0.44227112128061896,0.029999999999999999,1638
c6d2c840-b827-577c-ad15-3a5c123656c7,2e238719-ce65-5c0b-90bb-cba0941a9e27,2022-01-15,2022,MOV1_FULL,0.69078352601911996,0.30921647398088004,0.029999999999999999,1638
d000ca4b-4dfe-5d42-8ecc-a01c03c6e42f,2e238719-ce65-5c0b-90bb-cba0941a9e27,2022-01-15,2022,MOV1_FULL,0.62428942417697197,0.37571057582302803,0.029999999999999999,1638
466b5bcb-36aa-591e-8c5f-cd2f09662bba,feef94ff-d572-5e90-86e2-b9326eed75d4,2022-01-22,2022,MOV1_FULL,0.90180869001415964,0.098191309985840358,0.029999999999999999,1638
55e27332-e09c-5972-b867-19225b14b92b,feef94ff-d572-5e90-86e2-b9326eed75d4,2022-01-22,2022,MOV1_FULL,0.63402320953375713,0.36597679046624287,0.029999999999999999,1638
621eec65-3571-5936-bf66-abab0305d64d,feef94ff-d572-5e90-86e2-b9326eed75d4,2022-01-22,2022,MOV1_FULL,0.74337532450363575,0.25662467549636425,0.029999999999999999,1638
67051301-5d31-524c-8412-b70d279fadaa,feef94ff-d572-5e90-86e2-b9326eed75d4,2022-01-22,2022,MOV1_FULL,0.57814288209706777,0.42185711790293223,0.029999999999999999,1638
814cbbb7-e7f9-5229-a8cb-c460ac68106a,feef94ff-d572-5e90-86e2-b9326eed75d4,2022-01-22,2022,MOV1_FULL,0.67038741858980588,0.32961258141019412,0.029999999999999999,1638
99be9bc6-a1b1-5649-87d2-4895ba82c319,feef94ff-d572-5e90-86e2-b9326eed75d4,2022-01-22,2022,MOV1_FULL,0.75231703201375333,0.24768296798624667,0.029999999999999999,1638
9d1f0385-9f2f-543a-81b6-cbb5cf28c49b,feef94ff-d572-5e90-86e2-b9326eed75d4,2022-01-22,2022,MOV1_FULL,0.49813758127288166,0.50186241872711834,0.029999999999999999,1638
b895e6e8-593a-5fb1-89b7-d762f8b09e75,feef94ff-d572-5e90-86e2-b9326eed75d4,2022-01-22,2022,MOV1_FULL,0.39156293281169557,0.60843706718830437,0.029999999999999999,1638
bc9f5616-c15c-5bb7-95ea-71ad13e12d02,feef94ff-d572-5e90-86e2-b9326eed75d4,2022-01-22,2022,MOV1_FULL,0.58847705898542735,0.41152294101457265,0.029999999999999999,1638
d084feb1-2c22-599e-a0c0-c948aaab9e2d,feef94ff-d572-5e90-86e2-b9326eed75d4,2022-01-22,2022,MOV1_FULL,0.74140367432708587,0.25859632567291413,0.029999999999999999,1638
d358d8ed-0583-5b9b-8b8b-a698d868f562,feef94ff-d572-5e90-86e2-b9326eed75d4,2022-01-22,2022,MOV1_FULL,0.48844870165213061,0.51155129834786939,0.029999999999999999,1638
0a0e80a5-5f1b-50b3-a8a2-08e2e9c34da3,6e6aaf69-7f23-5555-95b4-e4821fa5cb6e,2022-02-05,2022,MOV1_FULL,0.81492029637614638,0.18507970362385362,0.029999999999999999,1638
27542226-64d5-5b8b-851e-4833845a85f1,6e6aaf69-7f23-5555-95b4-e4821fa5cb6e,2022-02-05,2022,MOV1_FULL,0.60146149167118756,0.39853850832881244,0.029999999999999999,1638
2ac02514-7e02-5a24-a660-6fd88d86c6f1,6e6aaf69-7f23-5555-95b4-e4821fa5cb6e,2022-02-05,2022,MOV1_FULL,0.78728647136070584,0.21271352863929416,0.029999999999999999,1638
2cb50a2b-d990-5de7-b5bc-28467cb53bdb,6e6aaf69-7f23-5555-95b4-e4821fa5cb6e,2022-02-05,2022,MOV1_FULL,0.56498780736904575,0.43501219263095425,0.029999999999999999,1638
32d65fbb-5044-577a-8f3e-a193942cb5a9,6e6aaf69-7f23-5555-95b4-e4821fa5cb6e,2022-02-05,2022,MOV1_FULL,0.69840799254425823,0.30159200745574177,0.029999999999999999,1638
6575a521-0814-5f2f-bb09-28c5be566572,6e6aaf69-7f23-5555-95b4-e4821fa5cb6e,2022-02-05,2022,MOV1_FULL,0.79530663732525608,0.20469336267474392,0.029999999999999999,1638
6b079b8e-8b2d-5892-97a5-e48be4205bb0,6e6aaf69-7f23-5555-95b4-e4821fa5cb6e,2022-02-05,2022,MOV1_FULL,0.71485695892062273,0.28514304107937727,0.029999999999999999,1638
6dd8211d-b670-5ca3-b6f3-a582cc226f6c,6e6aaf69-7f23-5555-95b4-e4821fa5cb6e,2022-02-05,2022,MOV1_FULL,0.81723064870929829,0.18276935129070171,0.029999999999999999,1638
787343aa-c2df-50ed-8753-8c9e796fcc89,6e6aaf69-7f23-5555-95b4-e4821fa5cb6e,2022-02-05,2022,MOV1_FULL,0.49662830925531032,0.50337169074468968,0.029999999999999999,1638
7a8d4b16-4e55-585b-b183-5dc0303b7a23,6e6aaf69-7f23-5555-95b4-e4821fa5cb6e,2022-02-05,2022,MOV1_FULL,0.74983038698281057,0.25016961301718943,0.029999999999999999,1638
a99faaa9-46fa-5767-8335-89a79b1ee1e8,6e6aaf69-7f23-5555-95b4-e4821fa5cb6e,2022-02-05,2022,MOV1_FULL,0.58654943007032256,0.41345056992967744,0.029999999999999999,1638
b70216fc-7ce7-5ddb-a6c8-5e647e86f105,6e6aaf69-7f23-5555-95b4-e4821fa5cb6e,2022-02-05,2022,MOV1_FULL,0.61720358624985072,0.38279641375014928,0.029999999999999999,1638
d550d60b-1609-5f3f-a3bb-6b5cc27e8b9e,6e6aaf69-7f23-5555-95b4-e4821fa5cb6e,2022-02-05,2022,MOV1_FULL,0.86021083921081209,0.13978916078918791,0.029999999999999999,1638
05448928-5271-560d-bcd8-1a8f09c32191,e27e2048-5154-5fb9-860f-4c8d3290f688,2022-02-12,2022,MOV1_FULL,0.63715118202969423,0.36284881797030577,0.029999999999999999,1638
089276eb-8787-57f6-921e-279b409b7f5b,e27e2048-5154-5fb9-860f-4c8d3290f688,2022-02-12,2022,MOV1_FULL,0.86164864554146281,0.13835135445853719,0.029999999999999999,1638
287fb189-bc28-51d7-b4cb-a3fbf5c5e6ad,e27e2048-5154-5fb9-860f-4c8d3290f688,2022-02-12,2022,MOV1_FULL,0.89252147246539726,0.10747852753460274,0.029999999999999999,1638
28da1f0e-4e95-585a-91db-3ee64de4ea1a,e27e2048-5154-5fb9-860f-4c8d3290f688,2022-02-12,2022,MOV1_FULL,0.71086740130523562,0.28913259869476438,0.029999999999999999,1638
335cf09a-ab59-5637-b892-c9eb597d90c4,e27e2048-5154-5fb9-860f-4c8d3290f688,2022-02-12,2022,MOV1_FULL,0.77760901235818958,0.22239098764181042,0.029999999999999999,1638
464a639e-5926-5da2-8f0f-b6d3786bad74,e27e2048-5154-5fb9-860f-4c8d3290f688,2022-02-12,2022,MOV1_FULL,0.84757696643968694,0.15242303356031306,0.029999999999999999,1638
49329e8c-d3b6-5d73-927b-50363d6b8e4d,e27e2048-5154-5fb9-860f-4c8d3290f688,2022-02-12,2022,MOV1_FULL,0.62860669748775122,0.37139330251224878,0.029999999999999999,1638
4eb3950e-fbbd-5ebf-9805-bee2efc46d46,e27e2048-5154-5fb9-860f-4c8d3290f688,2022-02-12,2022,MOV1_FULL,0.67621289114073457,0.32378710885926543,0.029999999999999999,1638
4f007aba-f3bf-5bcd-8ce2-c85b5e00b045,e27e2048-5154-5fb9-860f-4c8d3290f688,2022-02-12,2022,MOV1_FULL,0.60332062807251974,0.39667937192748026,0.029999999999999999,1638
61bf83eb-b10c-56bf-987d-694c1c69cabb,e27e2048-5154-5fb9-860f-4c8d3290f688,2022-02-12,2022,MOV1_FULL,0.80404594777433969,0.19595405222566031,0.029999999999999999,1638
7192adab-0f08-5ef9-9923-3bec6d349062,e27e2048-5154-5fb9-860f-4c8d3290f688,2022-02-12,2022,MOV1_FULL,0.61277439322047922,0.38722560677952078,0.029999999999999999,1638
ccad8ba7-0d5e-5ace-9b2c-06d3436f09b4,e27e2048-5154-5fb9-860f-4c8d3290f688,2022-02-12,2022,MOV1_FULL,0.89460369017042629,0.10539630982957371,0.029999999999999999,1638
d4b2036d-5af2-50da-9120-23dc12f0912c,e27e2048-5154-5fb9-860f-4c8d3290f688,2022-02-12,2022,MOV1_FULL,0.92609166802507015,0.073908331974929853,0.029999999999999999,1638
d64f29c6-c378-5710-87d0-333aa028d160,e27e2048-5154-5fb9-860f-4c8d3290f688,2022-02-12,2022,MOV1_FULL,0.89848330928188114,0.10151669071811886,0.029999999999999999,1638
1c178481-6ce9-5b1d-9145-0888e86d9414,2ff5f0d0-a468-5940-ac92-33feb195d04a,2022-02-19,2022,MOV1_FULL,0.71387446641233865,0.28612553358766135,0.029999999999999999,1638
52f6a192-122c-5b07-8e7c-318d5dacc20a,2ff5f0d0-a468-5940-ac92-33feb195d04a,2022-02-19,2022,MOV1_FULL,0.75884393331708511,0.24115606668291489,0.029999999999999999,1638
54f10a5a-e457-57ab-b258-c9482bddf7a0,2ff5f0d0-a468-5940-ac92-33feb195d04a,2022-02-19,2022,MOV1_FULL,0.57709622354810519,0.42290377645189481,0.029999999999999999,1638
58ef48a1-fbed-5aa0-97ff-c5ec0c5337d6,2ff5f0d0-a468-5940-ac92-33feb195d04a,2022-02-19,2022,MOV1_FULL,0.82069678089913611,0.17930321910086389,0.029999999999999999,1638
643825df-4adb-5b31-8b99-380728095eb9,2ff5f0d0-a468-5940-ac92-33feb195d04a,2022-02-19,2022,MOV1_FULL,0.61294596831486892,0.38705403168513108,0.029999999999999999,1638
6ac75820-496a-51c1-9103-cb1bad62b448,2ff5f0d0-a468-5940-ac92-33feb195d04a,2022-02-19,2022,MOV1_FULL,0.86571907572671147,0.13428092427328853,0.029999999999999999,1638
8c545d42-71e5-543f-8da6-bd7a617d315f,2ff5f0d0-a468-5940-ac92-33feb195d04a,2022-02-19,2022,MOV1_FULL,0.54141103190959805,0.45858896809040195,0.029999999999999999,1638
a05a5fce-aadc-52ca-bd4d-6e38bd2cbf5c,2ff5f0d0-a468-5940-ac92-33feb195d04a,2022-02-19,2022,MOV1_FULL,0.41501138488220607,0.58498861511779388,0.029999999999999999,1638
a92c9b55-b76b-51d4-b9df-80eac29b77d5,2ff5f0d0-a468-5940-ac92-33feb195d04a,2022-02-19,2022,MOV1_FULL,0.55020911497291791,0.44979088502708209,0.029999999999999999,1638
bcd1db1a-7917-54e8-a0ee-117ebba25c3b,2ff5f0d0-a468-5940-ac92-33feb195d04a,2022-02-19,2022,MOV1_FULL,0.823904683982431,0.176095316017569,0.029999999999999999,1638
c9488a64-e0ec-545f-8dd3-bee7701c9c97,2ff5f0d0-a468-5940-ac92-33feb195d04a,2022-02-19,2022,MOV1_FULL,0.95673152042825638,0.043268479571743623,0.029999999999999999,1638
ea1b0e0f-b9c8-5387-8338-ddd8f40e3554,2ff5f0d0-a468-5940-ac92-33feb195d04a,2022-02-19,2022,MOV1_FULL,0.61139194216628445,0.38860805783371555,0.029999999999999999,1638
1fc5d41f-097e-53d4-9d7d-42667ff08232,22bf10f5-db53-50f5-b138-e779aa1b8988,2022-02-26,2022,MOV1_FULL,0.55830778303102235,0.44169221696897765,0.029999999999999999,1638
584f239d-98ff-5234-8a20-28d7a8c1fdb0,22bf10f5-db53-50f5-b138-e779aa1b8988,2022-02-26,2022,MOV1_FULL,0.56830589627242434,0.43169410372757566,0.029999999999999999,1638
81275686-b16e-5c8f-835d-36bb5b172afd,22bf10f5-db53-50f5-b138-e779aa1b8988,2022-02-26,2022,MOV1_FULL,0.7263871873847394,0.2736128126152606,0.029999999999999999,1638
834d4889-64ff-526e-9ccb-e639a6b6a3ac,22bf10f5-db53-50f5-b138-e779aa1b8988,2022-02-26,2022,MOV1_FULL,0.76420045839126527,0.23579954160873473,0.029999999999999999,1638
8cbb3384-5d16-569b-bc03-803099e003ad,22bf10f5-db53-50f5-b138-e779aa1b8988,2022-02-26,2022,MOV1_FULL,0.73472683003036388,0.26527316996963612,0.029999999999999999,1638
a364ae52-706f-5346-8851-232b52bea9cc,22bf10f5-db53-50f5-b138-e779aa1b8988,2022-02-26,2022,MOV1_FULL,0.80689290121242452,0.19310709878757548,0.029999999999999999,1638
be4b2d71-d805-5dad-994e-b8c63e4252ab,22bf10f5-db53-50f5-b138-e779aa1b8988,2022-02-26,2022,MOV1_FULL,0.84972465347829784,0.15027534652170216,0.029999999999999999,1638
c99f6da8-b081-56a7-a5a8-75b5e75b93a3,22bf10f5-db53-50f5-b138-e779aa1b8988,2022-02-26,2022,MOV1_FULL,0.53425146793312794,0.46574853206687206,0.029999999999999999,1638
d825338d-328c-5831-8e1b-f84676911e4b,22bf10f5-db53-50f5-b138-e779aa1b8988,2022-02-26,2022,MOV1_FULL,0.6079517507885176,0.3920482492114824,0.029999999999999999,1638
da1e4f1f-55dd-5a3a-a3bb-45aa4f66ae4e,22bf10f5-db53-50f5-b138-e779aa1b8988,2022-02-26,2022,MOV1_FULL,0.6935148150444187,0.3064851849555813,0.029999999999999999,1638
f94303fd-69da-5db9-8d5d-79f681f51088,22bf10f5-db53-50f5-b138-e779aa1b8988,2022-02-26,2022,MOV1_FULL,0.66482431700459366,0.33517568299540634,0.029999999999999999,1638
095f880a-226b-522a-8485-5a1613b5ef57,f2f364ff-9464-55a4-8206-9cea7ffd71bc,2022-03-05,2022,MOV1_FULL,0.67385648655823249,0.32614351344176751,0.029999999999999999,1638
174c89ab-a932-5a8a-b561-d89eb680ff94,f2f364ff-9464-55a4-8206-9cea7ffd71bc,2022-03-05,2022,MOV1_FULL,0.83135332315759469,0.16864667684240531,0.029999999999999999,1638
254094e4-83ec-5e5f-885a-0000194ba84e,f2f364ff-9464-55a4-8206-9cea7ffd71bc,2022-03-05,2022,MOV1_FULL,0.65580833112602221,0.34419166887397779,0.029999999999999999,1638
3c4e8b8e-c3d6-5153-a987-044b466f790a,f2f364ff-9464-55a4-8206-9cea7ffd71bc,2022-03-05,2022,MOV1_FULL,0.81816366172015054,0.18183633827984946,0.029999999999999999,1638
42a28296-61ca-5eaf-9886-03a6ea9f590b,f2f364ff-9464-55a4-8206-9cea7ffd71bc,2022-03-05,2022,MOV1_FULL,0.47673891395228468,0.52326108604771537,0.029999999999999999,1638
7d77cd96-093a-580b-855e-1baffd6f3635,f2f364ff-9464-55a4-8206-9cea7ffd71bc,2022-03-05,2022,MOV1_FULL,0.63345638646952418,0.36654361353047582,0.029999999999999999,1638
86f36a98-4eed-5ab1-a6ff-2512bf83d713,f2f364ff-9464-55a4-8206-9cea7ffd71bc,2022-03-05,2022,MOV1_FULL,0.77722738384886769,0.22277261615113231,0.029999999999999999,1638
8e528ec7-68e3-584c-9d57-e50e21cc6e16,f2f364ff-9464-55a4-8206-9cea7ffd71bc,2022-03-05,2022,MOV1_FULL,0.65578643941295645,0.34421356058704355,0.029999999999999999,1638
bce19f9f-7f0e-5d1c-a375-32e937a5a2df,f2f364ff-9464-55a4-8206-9cea7ffd71bc,2022-03-05,2022,MOV1_FULL,0.73269326084067832,0.26730673915932168,0.029999999999999999,1638
c8c666cb-de37-58f6-b848-f066a78765f8,f2f364ff-9464-55a4-8206-9cea7ffd71bc,2022-03-05,2022,MOV1_FULL,0.30462192820388351,0.69537807179611644,0.029999999999999999,1638
d32dd950-3623-596e-a092-e0537c270263,f2f364ff-9464-55a4-8206-9cea7ffd71bc,2022-03-05,2022,MOV1_FULL,0.80771265911526002,0.19228734088473998,0.029999999999999999,1638
f8abde51-1ce7-5653-9fd9-f5f0afd5205a,f2f364ff-9464-55a4-8206-9cea7ffd71bc,2022-03-05,2022,MOV1_FULL,0.54953140247551291,0.45046859752448709,0.029999999999999999,1638
fd9f7bae-3ea9-57f4-b939-3976c1223a25,f2f364ff-9464-55a4-8206-9cea7ffd71bc,2022-03-05,2022,MOV1_FULL,0.719934097796882,0.280065902203118,0.029999999999999999,1638
03a17e80-d0ed-5a85-978b-a569ada6a933,6aad583e-b153-58ee-883d-4df5e136b9a6,2022-03-12,2022,MOV1_FULL,0.74456756156741855,0.25543243843258145,0.029999999999999999,1638
13966eb7-3151-5cbc-8e60-68adc7a70f24,6aad583e-b153-58ee-883d-4df5e136b9a6,2022-03-12,2022,MOV1_FULL,0.71007437989850763,0.28992562010149237,0.029999999999999999,1638
24016d84-1041-5904-9369-9c84eed7ceff,6aad583e-b153-58ee-883d-4df5e136b9a6,2022-03-12,2022,MOV1_FULL,0.88308665865183511,0.11691334134816489,0.029999999999999999,1638
3d715b4b-858d-5f6c-bdb8-0c212852436d,6aad583e-b153-58ee-883d-4df5e136b9a6,2022-03-12,2022,MOV1_FULL,0.3694305039180274,0.63056949608197255,0.029999999999999999,1638
46290356-0d10-5ba8-9658-70e5eaf337dd,6aad583e-b153-58ee-883d-4df5e136b9a6,2022-03-12,2022,MOV1_FULL,0.55371013236827482,0.44628986763172518,0.029999999999999999,1638
4f65d88d-0a16-5fd4-9b15-db474f8a168a,6aad583e-b153-58ee-883d-4df5e136b9a6,2022-03-12,2022,MOV1_FULL,0.77087288218098282,0.22912711781901718,0.029999999999999999,1638
65d888f0-7f1e-5f70-9dac-ea5e87368cf0,6aad583e-b153-58ee-883d-4df5e136b9a6,2022-03-12,2022,MOV1_FULL,0.73896069134967113,0.26103930865032887,0.029999999999999999,1638
7291f44c-2788-5a98-871c-9612658a400a,6aad583e-b153-58ee-883d-4df5e136b9a6,2022-03-12,2022,MOV1_FULL,0.83331070939752683,0.16668929060247317,0.029999999999999999,1638
8f27a707-b66c-596e-aa4b-b4c0560b77e4,6aad583e-b153-58ee-883d-4df5e136b9a6,2022-03-12,2022,MOV1_FULL,0.4199233854625915,0.58007661453740855,0.029999999999999999,1638
a5e9faaf-b2f6-5f11-b130-f7938c111d8d,6aad583e-b153-58ee-883d-4df5e136b9a6,2022-03-12,2022,MOV1_FULL,0.67412205895521127,0.32587794104478873,0.029999999999999999,1638
abed5ad6-4822-5d1b-be6a-01a5235d30a5,6aad583e-b153-58ee-883d-4df5e136b9a6,2022-03-12,2022,MOV1_FULL,0.68161415172003048,0.31838584827996952,0.029999999999999999,1638
ba28e750-5731-510e-9cf7-1a056cf3a32c,6aad583e-b153-58ee-883d-4df5e136b9a6,2022-03-12,2022,MOV1_FULL,0.63469210499896034,0.36530789500103966,0.029999999999999999,1638
dbad7e16-e745-5124-93c4-6b875352de2d,6aad583e-b153-58ee-883d-4df5e136b9a6,2022-03-12,2022,MOV1_FULL,0.62580905222359995,0.37419094777640005,0.029999999999999999,1638
01457706-7997-501b-b250-1b76f2e4be09,ca4a09f3-d7e2-5c7f-bb7f-5d8231a388da,2022-03-19,2022,MOV1_FULL,0.58218419260873633,0.41781580739126367,0.029999999999999999,1638
11de594e-c840-5df9-b5c5-91d2cf2f37e9,ca4a09f3-d7e2-5c7f-bb7f-5d8231a388da,2022-03-19,2022,MOV1_FULL,0.47696810953361651,0.52303189046638354,0.029999999999999999,1638
20213671-3ce4-50f2-b4ef-67d4e134af3a,ca4a09f3-d7e2-5c7f-bb7f-5d8231a388da,2022-03-19,2022,MOV1_FULL,0.88916808201137454,0.11083191798862546,0.029999999999999999,1638
4289a353-02c9-59fa-870d-72d683550299,ca4a09f3-d7e2-5c7f-bb7f-5d8231a388da,2022-03-19,2022,MOV1_FULL,0.88200399804774798,0.11799600195225202,0.029999999999999999,1638
5390e35b-6ad2-506b-9b28-f5bc86c2cc6c,ca4a09f3-d7e2-5c7f-bb7f-5d8231a388da,2022-03-19,2022,MOV1_FULL,0.74164004594009236,0.25835995405990764,0.029999999999999999,1638
744122ca-6d00-5625-ac0e-3c94b447e616,ca4a09f3-d7e2-5c7f-bb7f-5d8231a388da,2022-03-19,2022,MOV1_FULL,0.44779729924760109,0.55220270075239886,0.029999999999999999,1638
81d852cb-3ca7-5138-ad03-edd141c9e0be,ca4a09f3-d7e2-5c7f-bb7f-5d8231a388da,2022-03-19,2022,MOV1_FULL,0.54685878569242585,0.45314121430757415,0.029999999999999999,1638
a1b003c5-a405-53e6-9bb5-4e9b9c25af31,ca4a09f3-d7e2-5c7f-bb7f-5d8231a388da,2022-03-19,2022,MOV1_FULL,0.48296689898858042,0.51703310101141953,0.029999999999999999,1638
a2166bd5-3980-5325-abfe-be8306fff418,ca4a09f3-d7e2-5c7f-bb7f-5d8231a388da,2022-03-19,2022,MOV1_FULL,0.65211148738789704,0.34788851261210296,0.029999999999999999,1638
a3e95a47-4d4a-5aee-8632-d7139fbcb103,ca4a09f3-d7e2-5c7f-bb7f-5d8231a388da,2022-03-19,2022,MOV1_FULL,0.58916768249020224,0.41083231750979776,0.029999999999999999,1638
dd8b974d-7b2d-503d-88af-4f6c3c99f343,ca4a09f3-d7e2-5c7f-bb7f-5d8231a388da,2022-03-19,2022,MOV1_FULL,0.46088616279592548,0.53911383720407446,0.029999999999999999,1638
ddc84dec-2fc9-5606-9994-c39abc600b53,ca4a09f3-d7e2-5c7f-bb7f-5d8231a388da,2022-03-19,2022,MOV1_FULL,0.51264341084358778,0.48735658915641222,0.029999999999999999,1638
3486d2da-97db-5b35-9942-e0975b496895,cff44dd5-9e39-51ca-9d29-8d9c3504ba7a,2022-03-26,2022,MOV1_FULL,0.62096521740966493,0.37903478259033507,0.029999999999999999,1638
5876817d-8d58-5433-aaac-03a70ad1a70c,cff44dd5-9e39-51ca-9d29-8d9c3504ba7a,2022-03-26,2022,MOV1_FULL,0.67697050887510435,0.32302949112489565,0.029999999999999999,1638
656e4b96-595d-5a75-82aa-c40b0d7ab4ff,cff44dd5-9e39-51ca-9d29-8d9c3504ba7a,2022-03-26,2022,MOV1_FULL,0.71580401770209146,0.28419598229790854,0.029999999999999999,1638
7807f1e0-76a7-5798-9229-baa2fde933f4,cff44dd5-9e39-51ca-9d29-8d9c3504ba7a,2022-03-26,2022,MOV1_FULL,0.72832024621676439,0.27167975378323561,0.029999999999999999,1638
86534a75-b7fa-587c-bddd-689851c532fe,cff44dd5-9e39-51ca-9d29-8d9c3504ba7a,2022-03-26,2022,MOV1_FULL,0.70929968492602036,0.29070031507397964,0.029999999999999999,1638
8a4c8020-cc31-5bd7-91ef-7545ec364a72,cff44dd5-9e39-51ca-9d29-8d9c3504ba7a,2022-03-26,2022,MOV1_FULL,0.68439929172455438,0.31560070827544562,0.029999999999999999,1638
cab50550-8e52-5f67-a5d7-b8063ca7e10d,cff44dd5-9e39-51ca-9d29-8d9c3504ba7a,2022-03-26,2022,MOV1_FULL,0.84606340261070245,0.15393659738929755,0.029999999999999999,1638
d3087aec-026e-54c1-b312-c61834ad2c50,cff44dd5-9e39-51ca-9d29-8d9c3504ba7a,2022-03-26,2022,MOV1_FULL,0.91666518705911049,0.083334812940889513,0.029999999999999999,1638
daeec735-3ad9-562d-b73d-4a27ad959db2,cff44dd5-9e39-51ca-9d29-8d9c3504ba7a,2022-03-26,2022,MOV1_FULL,0.77657099767753346,0.22342900232246654,0.029999999999999999,1638
dce92695-8777-5040-a817-9e3429cfc4e3,cff44dd5-9e39-51ca-9d29-8d9c3504ba7a,2022-03-26,2022,MOV1_FULL,0.58223608093228829,0.41776391906771171,0.029999999999999999,1638
ee62bb8d-d406-57e4-80d0-042a49285064,cff44dd5-9e39-51ca-9d29-8d9c3504ba7a,2022-03-26,2022,MOV1_FULL,0.60747224781433218,0.39252775218566782,0.029999999999999999,1638
f7487dd9-2aae-5d31-9e96-1da2feb1db80,cff44dd5-9e39-51ca-9d29-8d9c3504ba7a,2022-03-26,2022,MOV1_FULL,0.76479118493598208,0.23520881506401792,0.029999999999999999,1638
03ad69cf-aea1-53a4-a530-6ec38c6e96d5,62b04efc-821b-5f35-b751-647064cd806f,2022-04-09,2022,MOV1_FULL,0.51885314705771401,0.48114685294228599,0.029999999999999999,1638
200691c1-9ce9-5c02-a2c9-336507845806,62b04efc-821b-5f35-b751-647064cd806f,2022-04-09,2022,MOV1_FULL,0.59997737251960515,0.40002262748039485,0.029999999999999999,1638
373835d5-6776-5c33-8d74-cd5877f9c506,62b04efc-821b-5f35-b751-647064cd806f,2022-04-09,2022,MOV1_FULL,0.4889596163308299,0.51104038366917015,0.029999999999999999,1638
6616b180-1d26-5a15-a22e-28d1df04cf81,62b04efc-821b-5f35-b751-647064cd806f,2022-04-09,2022,MOV1_FULL,0.5419339814108215,0.4580660185891785,0.029999999999999999,1638
73527f6b-5e1d-54e6-8f48-f82ca7b99939,62b04efc-821b-5f35-b751-647064cd806f,2022-04-09,2022,MOV1_FULL,0.79051082302569131,0.20948917697430869,0.029999999999999999,1638
7886373d-4b17-57d6-a42b-1079177d7707,62b04efc-821b-5f35-b751-647064cd806f,2022-04-09,2022,MOV1_FULL,0.69492051359979579,0.30507948640020421,0.029999999999999999,1638
80dfc426-1c37-5157-864a-177f1ca4a197,62b04efc-821b-5f35-b751-647064cd806f,2022-04-09,2022,MOV1_FULL,0.45175954127673396,0.5482404587232661,0.029999999999999999,1638
85564e26-8b2c-5ecc-a9fd-eec5c4dec95d,62b04efc-821b-5f35-b751-647064cd806f,2022-04-09,2022,MOV1_FULL,0.63155968687960462,0.36844031312039538,0.029999999999999999,1638
934f14c1-d86a-56f8-bbe4-1ccd7d28b1cc,62b04efc-821b-5f35-b751-647064cd806f,2022-04-09,2022,MOV1_FULL,0.66272904215709727,0.33727095784290273,0.029999999999999999,1638
967ba809-c72a-5499-b0ec-6cd7232804a4,62b04efc-821b-5f35-b751-647064cd806f,2022-04-09,2022,MOV1_FULL,0.77349276122079536,0.22650723877920464,0.029999999999999999,1638
d809686e-b032-54b5-85be-28e696f54069,62b04efc-821b-5f35-b751-647064cd806f,2022-04-09,2022,MOV1_FULL,0.54341877228313107,0.45658122771686893,0.029999999999999999,1638
e0d6ae2a-139f-5ff0-a5a4-812ac86d65cc,62b04efc-821b-5f35-b751-647064cd806f,2022-04-09,2022,MOV1_FULL,0.86639424881266314,0.13360575118733686,0.029999999999999999,1638
0d1c40af-9d04-5ae6-8394-8a2f25b0fd7d,98a01919-ffc8-5cc6-8f6a-2c9b0e908771,2022-04-16,2022,MOV1_FULL,0.60071410687254212,0.39928589312745788,0.029999999999999999,1638
312e02e6-a1e0-5d5b-99bf-07568458f875,98a01919-ffc8-5cc6-8f6a-2c9b0e908771,2022-04-16,2022,MOV1_FULL,0.69665417896270743,0.30334582103729257,0.029999999999999999,1638
37d505b2-551a-53b1-9857-f2cce2186537,98a01919-ffc8-5cc6-8f6a-2c9b0e908771,2022-04-16,2022,MOV1_FULL,0.68519463231530475,0.31480536768469525,0.029999999999999999,1638
6ad3cdc7-a9d1-545d-b854-fedd675cabfc,98a01919-ffc8-5cc6-8f6a-2c9b0e908771,2022-04-16,2022,MOV1_FULL,0.55415326302643098,0.44584673697356902,0.029999999999999999,1638
7687fe8e-0332-5c14-84d1-fd76772c8a1b,98a01919-ffc8-5cc6-8f6a-2c9b0e908771,2022-04-16,2022,MOV1_FULL,0.64120204141090831,0.35879795858909169,0.029999999999999999,1638
76b4afdf-f42e-5a4f-b9bf-bd2ccb25dbe1,98a01919-ffc8-5cc6-8f6a-2c9b0e908771,2022-04-16,2022,MOV1_FULL,0.63565668599456271,0.36434331400543729,0.029999999999999999,1638
776f029a-ab93-5097-8fe6-40cb38a53678,98a01919-ffc8-5cc6-8f6a-2c9b0e908771,2022-04-16,2022,MOV1_FULL,0.6415188227663513,0.3584811772336487,0.029999999999999999,1638
7e5c4d89-81b1-503d-b00e-b0b7fe33fc1f,98a01919-ffc8-5cc6-8f6a-2c9b0e908771,2022-04-16,2022,MOV1_FULL,0.35270306684317665,0.64729693315682335,0.029999999999999999,1638
a15d594b-95f2-5951-88e7-2386427ef14d,98a01919-ffc8-5cc6-8f6a-2c9b0e908771,2022-04-16,2022,MOV1_FULL,0.85996151948350052,0.14003848051649948,0.029999999999999999,1638
af5d3564-9499-5550-afc8-484d075488f1,98a01919-ffc8-5cc6-8f6a-2c9b0e908771,2022-04-16,2022,MOV1_FULL,0.56660559168811953,0.43339440831188047,0.029999999999999999,1638
b1e7a81c-e90c-5c75-87b8-41024b1535e2,98a01919-ffc8-5cc6-8f6a-2c9b0e908771,2022-04-16,2022,MOV1_FULL,0.74077788077445961,0.25922211922554039,0.029999999999999999,1638
d3198a34-c07b-502f-af92-d2face325172,98a01919-ffc8-5cc6-8f6a-2c9b0e908771,2022-04-16,2022,MOV1_FULL,0.60747224781433218,0.39252775218566782,0.029999999999999999,1638
d42f673d-a3ad-50cc-b908-65c08f146348,98a01919-ffc8-5cc6-8f6a-2c9b0e908771,2022-04-16,2022,MOV1_FULL,0.45459870074581288,0.54540129925418712,0.029999999999999999,1638
f3cda013-77af-5d45-8cf7-a1f2bdf1b78c,98a01919-ffc8-5cc6-8f6a-2c9b0e908771,2022-04-16,2022,MOV1_FULL,0.76860684409797664,0.23139315590202336,0.029999999999999999,1638
4394685f-28a2-591b-b178-7301b97877fc,64c94a2e-55b3-5745-a524-4fdf9168836a,2022-04-23,2022,MOV1_FULL,0.79633951152625781,0.20366048847374219,0.029999999999999999,1638
48a9a0e3-acc5-57d0-9cea-e3eb80567c9e,64c94a2e-55b3-5745-a524-4fdf9168836a,2022-04-23,2022,MOV1_FULL,0.72387751340559425,0.27612248659440575,0.029999999999999999,1638
5d583925-01c0-530c-b399-4bf91e547a69,64c94a2e-55b3-5745-a524-4fdf9168836a,2022-04-23,2022,MOV1_FULL,0.92222164905481019,0.077778350945189811,0.029999999999999999,1638
97eca689-420a-52bb-a564-8e02b0df685b,64c94a2e-55b3-5745-a524-4fdf9168836a,2022-04-23,2022,MOV1_FULL,0.78591539451021408,0.21408460548978592,0.029999999999999999,1638
ad2c0330-099c-5133-b76c-e0ebf3876242,64c94a2e-55b3-5745-a524-4fdf9168836a,2022-04-23,2022,MOV1_FULL,0.699562653330428,0.300437346669572,0.029999999999999999,1638
b90eee2b-da22-5b42-a492-74d0dfbccd5c,64c94a2e-55b3-5745-a524-4fdf9168836a,2022-04-23,2022,MOV1_FULL,0.45000922582791902,0.54999077417208098,0.029999999999999999,1638
bc4c5890-5d7c-5252-ba4a-c66e68c61a2c,64c94a2e-55b3-5745-a524-4fdf9168836a,2022-04-23,2022,MOV1_FULL,0.89457616769106785,0.10542383230893215,0.029999999999999999,1638
c53a5ef3-4c91-5219-9ce1-b1ed6ed8ef0b,64c94a2e-55b3-5745-a524-4fdf9168836a,2022-04-23,2022,MOV1_FULL,0.78903524254590218,0.21096475745409782,0.029999999999999999,1638
fa38736e-2b63-5548-93b8-a979648a451d,64c94a2e-55b3-5745-a524-4fdf9168836a,2022-04-23,2022,MOV1_FULL,0.88209944911745708,0.11790055088254292,0.029999999999999999,1638
fe9c0588-895e-5319-b1f5-cb5ba458a3ac,64c94a2e-55b3-5745-a524-4fdf9168836a,2022-04-23,2022,MOV1_FULL,0.6436531717031847,0.3563468282968153,0.029999999999999999,1638
0cff0c16-071e-5117-b710-8b79eb1f2fac,fc603738-bf30-5875-a8a1-fd02d39e24e9,2022-04-30,2022,MOV1_FULL,0.51915790850045529,0.48084209149954471,0.029999999999999999,1638
2a02225d-e11c-578c-bc18-62293148e2bd,fc603738-bf30-5875-a8a1-fd02d39e24e9,2022-04-30,2022,MOV1_FULL,0.58973000494235606,0.41026999505764394,0.029999999999999999,1638
34c81468-4585-55fc-b4e4-be39502b6f5e,fc603738-bf30-5875-a8a1-fd02d39e24e9,2022-04-30,2022,MOV1_FULL,0.68226788767880719,0.31773211232119281,0.029999999999999999,1638
5375c670-8adf-5acc-a544-0bb1c43bb728,fc603738-bf30-5875-a8a1-fd02d39e24e9,2022-04-30,2022,MOV1_FULL,0.55618375700417866,0.44381624299582134,0.029999999999999999,1638
7aeccc95-1f38-5bbd-a936-a463d1f09d57,fc603738-bf30-5875-a8a1-fd02d39e24e9,2022-04-30,2022,MOV1_FULL,0.7411456584394065,0.2588543415605935,0.029999999999999999,1638
7d82d8e1-bde3-507e-88e4-b323f82cad7d,fc603738-bf30-5875-a8a1-fd02d39e24e9,2022-04-30,2022,MOV1_FULL,0.89602874274125799,0.10397125725874201,0.029999999999999999,1638
ac2fb383-1341-5046-95ee-809f60aa47ff,fc603738-bf30-5875-a8a1-fd02d39e24e9,2022-04-30,2022,MOV1_FULL,0.75965148019210516,0.24034851980789484,0.029999999999999999,1638
ade98e91-06b7-53a0-8fe6-a274c19d1f17,fc603738-bf30-5875-a8a1-fd02d39e24e9,2022-04-30,2022,MOV1_FULL,0.68280358184835066,0.31719641815164934,0.029999999999999999,1638
b52c33be-1213-56f5-87c6-818f714f71f5,fc603738-bf30-5875-a8a1-fd02d39e24e9,2022-04-30,2022,MOV1_FULL,0.68737702015085067,0.31262297984914933,0.029999999999999999,1638
eabc92d3-6199-532a-87d1-57415a875f66,fc603738-bf30-5875-a8a1-fd02d39e24e9,2022-04-30,2022,MOV1_FULL,0.52104041482936791,0.47895958517063209,0.029999999999999999,1638
ff7f06b6-7179-56f7-a08c-0371ebea36ed,fc603738-bf30-5875-a8a1-fd02d39e24e9,2022-04-30,2022,MOV1_FULL,0.72634983080257332,0.27365016919742668,0.029999999999999999,1638
2b72ae25-1f27-5089-a0ed-405f80c2924e,960da368-7e9c-505b-9f6c-226cf2358bdc,2022-05-07,2022,MOV1_FULL,0.78132614267159162,0.21867385732840838,0.029999999999999999,1638
36b49f98-6f35-52a4-9db0-161e2acf1b84,960da368-7e9c-505b-9f6c-226cf2358bdc,2022-05-07,2022,MOV1_FULL,0.65781239407782754,0.34218760592217246,0.029999999999999999,1638
3bc1a679-21b6-5cf3-b0c7-ba9b481ab34c,960da368-7e9c-505b-9f6c-226cf2358bdc,2022-05-07,2022,MOV1_FULL,0.67440376009766123,0.32559623990233877,0.029999999999999999,1638
3f0e9b79-490c-5e41-bd61-c5097636ca3a,960da368-7e9c-505b-9f6c-226cf2358bdc,2022-05-07,2022,MOV1_FULL,0.51604032947988276,0.48395967052011724,0.029999999999999999,1638
3f8efbb0-9705-545e-bf64-80509584dfac,960da368-7e9c-505b-9f6c-226cf2358bdc,2022-05-07,2022,MOV1_FULL,0.72410800364147598,0.27589199635852402,0.029999999999999999,1638
48184481-06e9-5a3c-9397-cf96057bab60,960da368-7e9c-505b-9f6c-226cf2358bdc,2022-05-07,2022,MOV1_FULL,0.72816682085273221,0.27183317914726779,0.029999999999999999,1638
498d6238-4420-5b8a-81f7-96e20d370d00,960da368-7e9c-505b-9f6c-226cf2358bdc,2022-05-07,2022,MOV1_FULL,0.66729849152325282,0.33270150847674718,0.029999999999999999,1638
5b1ea2ff-ff5f-5e2a-b4f4-50fc369f802f,960da368-7e9c-505b-9f6c-226cf2358bdc,2022-05-07,2022,MOV1_FULL,0.63029119543281853,0.36970880456718147,0.029999999999999999,1638
778969a8-1576-5774-92bb-827f70fc4e3c,960da368-7e9c-505b-9f6c-226cf2358bdc,2022-05-07,2022,MOV1_FULL,0.66566036295355679,0.33433963704644321,0.029999999999999999,1638
934d2c96-a092-5370-bd0b-6eb2a9fea7e4,960da368-7e9c-505b-9f6c-226cf2358bdc,2022-05-07,2022,MOV1_FULL,0.42717285599061389,0.57282714400938617,0.029999999999999999,1638
c0fb9a5f-38a2-5cc1-bdf4-2a1d0bcd9263,960da368-7e9c-505b-9f6c-226cf2358bdc,2022-05-07,2022,MOV1_FULL,0.81692863375443669,0.18307136624556331,0.029999999999999999,1638
c46feb4c-274f-52a9-a446-9ae84bdf7d1c,960da368-7e9c-505b-9f6c-226cf2358bdc,2022-05-07,2022,MOV1_FULL,0.76772088612352452,0.23227911387647548,0.029999999999999999,1638
e7fa6e23-ad06-5829-9311-a02ade3fb028,960da368-7e9c-505b-9f6c-226cf2358bdc,2022-05-07,2022,MOV1_FULL,0.46950376533427768,0.53049623466572227,0.029999999999999999,1638
f229d1d9-09d8-53c4-8641-2d30e2ab4941,960da368-7e9c-505b-9f6c-226cf2358bdc,2022-05-07,2022,MOV1_FULL,0.76123854371367694,0.23876145628632306,0.029999999999999999,1638
07c75b08-80c8-588d-b888-4bc9bca92418,db14e2d5-fa6f-5d64-accd-5e7f2f04c5ce,2022-05-14,2022,MOV1_FULL,0.79821825125545953,0.20178174874454047,0.029999999999999999,1638
4b2d2a7a-0df6-5cf8-a62a-d0ff866c2027,db14e2d5-fa6f-5d64-accd-5e7f2f04c5ce,2022-05-14,2022,MOV1_FULL,0.64791124872856476,0.35208875127143524,0.029999999999999999,1638
73f4b577-6c33-5b33-b87a-4d4e61e241c8,db14e2d5-fa6f-5d64-accd-5e7f2f04c5ce,2022-05-14,2022,MOV1_FULL,0.45022609133168784,0.54977390866831222,0.029999999999999999,1638
7811aa40-705b-5559-b756-9101e3acef94,db14e2d5-fa6f-5d64-accd-5e7f2f04c5ce,2022-05-14,2022,MOV1_FULL,0.78317802229195443,0.21682197770804557,0.029999999999999999,1638
94c4cea2-4cf2-5879-8d5d-bf578a22c513,db14e2d5-fa6f-5d64-accd-5e7f2f04c5ce,2022-05-14,2022,MOV1_FULL,0.66178059048991322,0.33821940951008678,0.029999999999999999,1638
a042f96a-9bd3-5125-8e7e-b6287e763a9b,db14e2d5-fa6f-5d64-accd-5e7f2f04c5ce,2022-05-14,2022,MOV1_FULL,0.55354702257913035,0.44645297742086965,0.029999999999999999,1638
d1c5b392-f92d-5fd0-8788-8eb3b0a4147a,db14e2d5-fa6f-5d64-accd-5e7f2f04c5ce,2022-05-14,2022,MOV1_FULL,0.55830778303102235,0.44169221696897765,0.029999999999999999,1638
dfb94ba2-6a51-5310-8263-bc089badd5b1,db14e2d5-fa6f-5d64-accd-5e7f2f04c5ce,2022-05-14,2022,MOV1_FULL,0.32878789394495106,0.67121210605504888,0.029999999999999999,1638
e431d873-b0bc-5fc6-b53a-a353151ffa59,db14e2d5-fa6f-5d64-accd-5e7f2f04c5ce,2022-05-14,2022,MOV1_FULL,0.75315702617339453,0.24684297382660547,0.029999999999999999,1638
e5512254-488b-554b-bf95-a5dd8f5cda06,db14e2d5-fa6f-5d64-accd-5e7f2f04c5ce,2022-05-14,2022,MOV1_FULL,0.72403305310333099,0.27596694689666901,0.029999999999999999,1638
fbf3c068-cc1a-5ad9-805e-3ebdef80e8c3,db14e2d5-fa6f-5d64-accd-5e7f2f04c5ce,2022-05-14,2022,MOV1_FULL,0.68009994105765326,0.31990005894234674,0.029999999999999999,1638
090e3ce4-5cac-530b-aeb5-1607dbf27209,91ef54e5-0293-5dc9-b271-969b5d892bea,2022-05-21,2022,MOV1_FULL,0.82749360863200216,0.17250639136799784,0.029999999999999999,1638
0dab6338-b40e-5afe-b7c0-139f6abd2e1d,91ef54e5-0293-5dc9-b271-969b5d892bea,2022-05-21,2022,MOV1_FULL,0.82947418790087546,0.17052581209912454,0.029999999999999999,1638
479fff31-447f-5b31-b1d2-471650713783,91ef54e5-0293-5dc9-b271-969b5d892bea,2022-05-21,2022,MOV1_FULL,0.45607545890768919,0.54392454109231081,0.029999999999999999,1638
74b2641d-5157-5c31-9f00-6885f889c863,91ef54e5-0293-5dc9-b271-969b5d892bea,2022-05-21,2022,MOV1_FULL,0.7642651016040577,0.2357348983959423,0.029999999999999999,1638
89591d43-62c5-5cb0-b457-f2e7236c2a19,91ef54e5-0293-5dc9-b271-969b5d892bea,2022-05-21,2022,MOV1_FULL,0.74511974483222643,0.25488025516777357,0.029999999999999999,1638
8ae4eb3a-b1b2-563d-a8f4-4356b93beb39,91ef54e5-0293-5dc9-b271-969b5d892bea,2022-05-21,2022,MOV1_FULL,0.43805317862822696,0.5619468213717731,0.029999999999999999,1638
a6816679-be83-516f-9568-4ee51a92595e,91ef54e5-0293-5dc9-b271-969b5d892bea,2022-05-21,2022,MOV1_FULL,0.74616810372547093,0.25383189627452907,0.029999999999999999,1638
a85fe4a4-f727-5532-a048-d8d167a9dd85,91ef54e5-0293-5dc9-b271-969b5d892bea,2022-05-21,2022,MOV1_FULL,0.7378249552280568,0.2621750447719432,0.029999999999999999,1638
ab98c34c-de44-5d50-a883-0454c51fa996,91ef54e5-0293-5dc9-b271-969b5d892bea,2022-05-21,2022,MOV1_FULL,0.85355502828572738,0.14644497171427262,0.029999999999999999,1638
b42efeab-a29b-5548-b226-a49318cffce4,91ef54e5-0293-5dc9-b271-969b5d892bea,2022-05-21,2022,MOV1_FULL,0.82694770897399261,0.17305229102600739,0.029999999999999999,1638
faa6b7bb-7a79-58d2-a679-0454a0543bf9,91ef54e5-0293-5dc9-b271-969b5d892bea,2022-05-21,2022,MOV1_FULL,0.62523315971956717,0.37476684028043283,0.029999999999999999,1638
1c24b542-c8f3-5693-b67c-b62d87c92afb,bd6ae66b-312f-55e4-84bd-193f5e737d9b,2022-06-04,2022,MOV1_FULL,0.83838611306876898,0.16161388693123102,0.029999999999999999,1638
324a9c82-53c8-529b-877c-eaa0f28b21d3,bd6ae66b-312f-55e4-84bd-193f5e737d9b,2022-06-04,2022,MOV1_FULL,0.47435305991609333,0.52564694008390667,0.029999999999999999,1638
5e1b5797-365d-50e8-9f5c-812e34796442,bd6ae66b-312f-55e4-84bd-193f5e737d9b,2022-06-04,2022,MOV1_FULL,0.65472400022823019,0.34527599977176981,0.029999999999999999,1638
7fafdab5-3f41-54b3-aaab-78f7f620d9b1,bd6ae66b-312f-55e4-84bd-193f5e737d9b,2022-06-04,2022,MOV1_FULL,0.6080880267264186,0.3919119732735814,0.029999999999999999,1638
8d9b0566-723f-58a8-a365-8f56cb05f0a9,bd6ae66b-312f-55e4-84bd-193f5e737d9b,2022-06-04,2022,MOV1_FULL,0.7912447009623812,0.2087552990376188,0.029999999999999999,1638
91edeb8c-8736-56eb-8a18-ad56b0597035,bd6ae66b-312f-55e4-84bd-193f5e737d9b,2022-06-04,2022,MOV1_FULL,0.61361082077953633,0.38638917922046367,0.029999999999999999,1638
a164ceae-f062-56b2-bf4f-c80ea9cf982e,bd6ae66b-312f-55e4-84bd-193f5e737d9b,2022-06-04,2022,MOV1_FULL,0.42430018981928019,0.57569981018071981,0.029999999999999999,1638
a2d8dd0b-8dc5-5bcc-a21e-880b7ce21024,bd6ae66b-312f-55e4-84bd-193f5e737d9b,2022-06-04,2022,MOV1_FULL,0.67163513854155155,0.32836486145844845,0.029999999999999999,1638
a584b6d8-c0cd-5829-8712-91c7dc93d655,bd6ae66b-312f-55e4-84bd-193f5e737d9b,2022-06-04,2022,MOV1_FULL,0.72593254491807735,0.27406745508192265,0.029999999999999999,1638
acbf6242-cbb5-5105-b742-c814a6b6589f,bd6ae66b-312f-55e4-84bd-193f5e737d9b,2022-06-04,2022,MOV1_FULL,0.78901250890298413,0.21098749109701587,0.029999999999999999,1638
b805c120-82b9-53a1-bb55-5b4290d8c6a1,bd6ae66b-312f-55e4-84bd-193f5e737d9b,2022-06-04,2022,MOV1_FULL,0.64390880620217139,0.35609119379782861,0.029999999999999999,1638
f258c0ab-95c7-5e51-b24a-61998257d8c5,bd6ae66b-312f-55e4-84bd-193f5e737d9b,2022-06-04,2022,MOV1_FULL,0.91718855817345935,0.082811441826540655,0.029999999999999999,1638
f7c72adb-1397-54a3-b3fc-346263451ec2,bd6ae66b-312f-55e4-84bd-193f5e737d9b,2022-06-04,2022,MOV1_FULL,0.59606243810033321,0.40393756189966679,0.029999999999999999,1638
f9c2cc89-954a-529d-9128-28b9d10dbb10,bd6ae66b-312f-55e4-84bd-193f5e737d9b,2022-06-04,2022,MOV1_FULL,0.43420789064679105,0.56579210935320901,0.029999999999999999,1638
2e7fda36-e48c-5886-bf0f-9e7a22291753,cac157bd-3b3a-5ddb-9886-9ba1da7b47f6,2022-06-11,2022,MOV1_FULL,0.46464932959408373,0.53535067040591633,0.029999999999999999,1638
44880018-572f-50bc-8b09-d332ae0b56dd,cac157bd-3b3a-5ddb-9886-9ba1da7b47f6,2022-06-11,2022,MOV1_FULL,0.28849978465721482,0.71150021534278518,0.029999999999999999,1638
4dc84f81-4dfe-52d0-bd25-e5c39dd86727,cac157bd-3b3a-5ddb-9886-9ba1da7b47f6,2022-06-11,2022,MOV1_FULL,0.69983000806617091,0.30016999193382909,0.029999999999999999,1638
60f726b5-d85d-5cd7-bdfc-c3409111ff77,cac157bd-3b3a-5ddb-9886-9ba1da7b47f6,2022-06-11,2022,MOV1_FULL,0.48916510600381763,0.51083489399618243,0.029999999999999999,1638
6432d109-cd8b-546a-81a2-5d3598d82f6a,cac157bd-3b3a-5ddb-9886-9ba1da7b47f6,2022-06-11,2022,MOV1_FULL,0.78484206377184529,0.21515793622815471,0.029999999999999999,1638
6555af48-8a54-5c14-a489-1cba66c888b4,cac157bd-3b3a-5ddb-9886-9ba1da7b47f6,2022-06-11,2022,MOV1_FULL,0.62155270184259803,0.37844729815740197,0.029999999999999999,1638
7be5f063-6d20-5e83-9194-94a0c78c4fdd,cac157bd-3b3a-5ddb-9886-9ba1da7b47f6,2022-06-11,2022,MOV1_FULL,0.71446120040112271,0.28553879959887729,0.029999999999999999,1638
968d0f85-318f-54c8-89c3-b8f6e52eba7f,cac157bd-3b3a-5ddb-9886-9ba1da7b47f6,2022-06-11,2022,MOV1_FULL,0.69043618622844138,0.30956381377155862,0.029999999999999999,1638
997c3d13-8e9c-539d-a6b6-d8afcf7015ea,cac157bd-3b3a-5ddb-9886-9ba1da7b47f6,2022-06-11,2022,MOV1_FULL,0.71464031947701201,0.28535968052298799,0.029999999999999999,1638
a89aecc8-bd1f-5981-a764-93fadd4c04af,cac157bd-3b3a-5ddb-9886-9ba1da7b47f6,2022-06-11,2022,MOV1_FULL,0.75200540793304504,0.24799459206695496,0.029999999999999999,1638
b95ad9e9-abb2-59ec-95d5-4f225fb7776d,cac157bd-3b3a-5ddb-9886-9ba1da7b47f6,2022-06-11,2022,MOV1_FULL,0.5910494622097815,0.4089505377902185,0.029999999999999999,1638
1b6c6f52-69e3-5dc8-b52c-af45db779a54,3fafc138-43fb-5456-a517-17c187d588d2,2022-06-18,2022,MOV1_FULL,0.48144793837104199,0.51855206162895806,0.029999999999999999,1638
3273ada8-866e-56e3-a99c-985e79193ef0,3fafc138-43fb-5456-a517-17c187d588d2,2022-06-18,2022,MOV1_FULL,0.88964698725986091,0.11035301274013909,0.029999999999999999,1638
3a6e386f-bd39-5366-a334-829a8ba3734b,3fafc138-43fb-5456-a517-17c187d588d2,2022-06-18,2022,MOV1_FULL,0.68854473347663825,0.31145526652336175,0.029999999999999999,1638
45028258-a0e0-5a4b-ade7-5c64a2307ae0,3fafc138-43fb-5456-a517-17c187d588d2,2022-06-18,2022,MOV1_FULL,0.7604910452189716,0.2395089547810284,0.029999999999999999,1638
619bd1e9-0fac-5f42-8672-b3fa75b65d53,3fafc138-43fb-5456-a517-17c187d588d2,2022-06-18,2022,MOV1_FULL,0.86959841553585449,0.13040158446414551,0.029999999999999999,1638
76e501d4-8ec1-5f5e-a545-583379474c42,3fafc138-43fb-5456-a517-17c187d588d2,2022-06-18,2022,MOV1_FULL,0.89693485056782674,0.10306514943217326,0.029999999999999999,1638
7ba88247-37ef-5427-a0ba-047b27410ce6,3fafc138-43fb-5456-a517-17c187d588d2,2022-06-18,2022,MOV1_FULL,0.64235372712056993,0.35764627287943007,0.029999999999999999,1638
ae65e1c7-96c1-553b-b991-469edee270df,3fafc138-43fb-5456-a517-17c187d588d2,2022-06-18,2022,MOV1_FULL,0.49765354834109393,0.50234645165890601,0.029999999999999999,1638
bf5d2766-40d4-54e5-b956-fbdc9060212b,3fafc138-43fb-5456-a517-17c187d588d2,2022-06-18,2022,MOV1_FULL,0.72647346208470609,0.27352653791529391,0.029999999999999999,1638
c0aeea6e-2948-5340-8f96-25fd24019f14,3fafc138-43fb-5456-a517-17c187d588d2,2022-06-18,2022,MOV1_FULL,0.66229745296834341,0.33770254703165659,0.029999999999999999,1638
c5ac3a9a-9060-5e92-933f-67a2d53313b9,3fafc138-43fb-5456-a517-17c187d588d2,2022-06-18,2022,MOV1_FULL,0.55521807279185931,0.44478192720814069,0.029999999999999999,1638
d79a2ee7-f7c5-548d-9a38-1eaf5e02b323,3fafc138-43fb-5456-a517-17c187d588d2,2022-06-18,2022,MOV1_FULL,0.77419671171546389,0.22580328828453611,0.029999999999999999,1638
e6958041-27fb-58d4-81a8-6983620fa736,3fafc138-43fb-5456-a517-17c187d588d2,2022-06-18,2022,MOV1_FULL,0.74773088837328694,0.25226911162671306,0.029999999999999999,1638
0c316b16-2b7b-5b33-b7b5-a203b0f097c9,894fc40d-6ac6-555f-b99d-c030cdc7d3c1,2022-06-25,2022,MOV1_FULL,0.71391346001976175,0.28608653998023825,0.029999999999999999,1638
5e333318-4c47-59b3-84bb-d7a9ef59c5ae,894fc40d-6ac6-555f-b99d-c030cdc7d3c1,2022-06-25,2022,MOV1_FULL,0.59131031132992418,0.40868968867007582,0.029999999999999999,1638
712d38d8-e15b-5d61-9292-957ea33101b3,894fc40d-6ac6-555f-b99d-c030cdc7d3c1,2022-06-25,2022,MOV1_FULL,0.69839487490814023,0.30160512509185977,0.029999999999999999,1638
9d3debc7-cd3d-56d8-9108-eec064829c07,894fc40d-6ac6-555f-b99d-c030cdc7d3c1,2022-06-25,2022,MOV1_FULL,0.57120932363556853,0.42879067636443147,0.029999999999999999,1638
a0c2a941-4435-53cf-9ef6-5ca69ab0411d,894fc40d-6ac6-555f-b99d-c030cdc7d3c1,2022-06-25,2022,MOV1_FULL,0.77042018219991615,0.22957981780008385,0.029999999999999999,1638
b6314e37-6c80-5f8b-a6ac-3ad54e416c33,894fc40d-6ac6-555f-b99d-c030cdc7d3c1,2022-06-25,2022,MOV1_FULL,0.81588515795903105,0.18411484204096895,0.029999999999999999,1638
cb0bee7b-3b0a-5fbb-8a82-0ffe4363249b,894fc40d-6ac6-555f-b99d-c030cdc7d3c1,2022-06-25,2022,MOV1_FULL,0.49879135722326129,0.50120864277673871,0.029999999999999999,1638
d8cb95fe-a619-5a90-8761-1aeb03fcdff9,894fc40d-6ac6-555f-b99d-c030cdc7d3c1,2022-06-25,2022,MOV1_FULL,0.43779686574733989,0.56220313425266011,0.029999999999999999,1638
dcfeda61-2f06-5043-a7f0-62cbfb467b8c,894fc40d-6ac6-555f-b99d-c030cdc7d3c1,2022-06-25,2022,MOV1_FULL,0.46267956210376249,0.53732043789623751,0.029999999999999999,1638
f5bf888a-b744-59bc-99da-e14e0695e51c,894fc40d-6ac6-555f-b99d-c030cdc7d3c1,2022-06-25,2022,MOV1_FULL,0.75270798115392545,0.24729201884607455,0.029999999999999999,1638
f77e0f36-1eb9-57cd-b634-419e1db7bade,894fc40d-6ac6-555f-b99d-c030cdc7d3c1,2022-06-25,2022,MOV1_FULL,0.64826126626211655,0.35173873373788345,0.029999999999999999,1638
f9f52b2c-b054-5b81-a794-2d49cbf12355,894fc40d-6ac6-555f-b99d-c030cdc7d3c1,2022-06-25,2022,MOV1_FULL,0.70626212227169927,0.29373787772830073,0.029999999999999999,1638
108ccd5e-6856-5d7d-a7a2-64a92f6a4e2a,4f3b715a-a650-5aa2-b103-454d03d5b771,2022-07-02,2022,MOV1_FULL,0.64850243008585207,0.35149756991414793,0.029999999999999999,1638
3219e551-e59e-5757-88aa-7edb7c0d73a8,4f3b715a-a650-5aa2-b103-454d03d5b771,2022-07-02,2022,MOV1_FULL,0.8860284942108837,0.1139715057891163,0.029999999999999999,1638
687e27dc-fdd9-535f-b893-3ec2a0eab4f0,4f3b715a-a650-5aa2-b103-454d03d5b771,2022-07-02,2022,MOV1_FULL,0.76748930788705549,0.23251069211294451,0.029999999999999999,1638
6e1c0413-0513-5d0d-9ac0-4b178f04b974,4f3b715a-a650-5aa2-b103-454d03d5b771,2022-07-02,2022,MOV1_FULL,0.85339417592034972,0.14660582407965028,0.029999999999999999,1638
78bad35c-1491-50e8-819f-e14c07ecbe95,4f3b715a-a650-5aa2-b103-454d03d5b771,2022-07-02,2022,MOV1_FULL,0.60173562764265931,0.39826437235734069,0.029999999999999999,1638
7964acc4-814c-5892-9799-531860bd3f59,4f3b715a-a650-5aa2-b103-454d03d5b771,2022-07-02,2022,MOV1_FULL,0.82742523305974613,0.17257476694025387,0.029999999999999999,1638
8e4480b4-c629-5a67-a307-c18db3750b45,4f3b715a-a650-5aa2-b103-454d03d5b771,2022-07-02,2022,MOV1_FULL,0.90543274034025278,0.094567259659747216,0.029999999999999999,1638
9c2c78ac-0f5e-5431-b8e2-16368ce48d1d,4f3b715a-a650-5aa2-b103-454d03d5b771,2022-07-02,2022,MOV1_FULL,0.80282730118541656,0.19717269881458344,0.029999999999999999,1638
b8b88a2c-dbf5-51ac-bfb2-26b28eccd4be,4f3b715a-a650-5aa2-b103-454d03d5b771,2022-07-02,2022,MOV1_FULL,0.63783177364608279,0.36216822635391721,0.029999999999999999,1638
d7a8f2e8-d3e7-55f7-85ac-ddb14b56c7e6,4f3b715a-a650-5aa2-b103-454d03d5b771,2022-07-02,2022,MOV1_FULL,0.48583362799008467,0.51416637200991533,0.029999999999999999,1638
d9664023-0b5c-5f14-ae5e-c701a63d58bb,4f3b715a-a650-5aa2-b103-454d03d5b771,2022-07-02,2022,MOV1_FULL,0.89976716939460821,0.10023283060539179,0.029999999999999999,1638
3ff2ef04-fc00-5bbc-b329-3ad4b58c4891,b9718822-2e68-577b-be1d-b84098ec3154,2022-07-09,2022,MOV1_FULL,0.48033655570968953,0.51966344429031053,0.029999999999999999,1638
4689ffbd-9ca6-5209-88af-7c56c1cd76a1,b9718822-2e68-577b-be1d-b84098ec3154,2022-07-09,2022,MOV1_FULL,0.62926332816615649,0.37073667183384351,0.029999999999999999,1638
58a33697-ecce-5eee-a805-3def6db33b00,b9718822-2e68-577b-be1d-b84098ec3154,2022-07-09,2022,MOV1_FULL,0.84456033792417262,0.15543966207582738,0.029999999999999999,1638
7520ad38-9943-5cb3-b523-f75e4eafd055,b9718822-2e68-577b-be1d-b84098ec3154,2022-07-09,2022,MOV1_FULL,0.56832094708655279,0.43167905291344721,0.029999999999999999,1638
7e1981c1-daea-510d-83d2-7ddf0c902042,b9718822-2e68-577b-be1d-b84098ec3154,2022-07-09,2022,MOV1_FULL,0.81378476268637867,0.18621523731362133,0.029999999999999999,1638
aa8a76de-a9fd-595a-b9b2-d4970d11d15e,b9718822-2e68-577b-be1d-b84098ec3154,2022-07-09,2022,MOV1_FULL,0.75953436809062724,0.24046563190937276,0.029999999999999999,1638
b27ba51b-57ab-5f15-856c-9a3b97c18fd5,b9718822-2e68-577b-be1d-b84098ec3154,2022-07-09,2022,MOV1_FULL,0.83260594851087411,0.16739405148912589,0.029999999999999999,1638
b5e279af-8137-5ea0-9f31-f7ba78a888a9,b9718822-2e68-577b-be1d-b84098ec3154,2022-07-09,2022,MOV1_FULL,0.65159732563369432,0.34840267436630568,0.029999999999999999,1638
f490a4e7-48b5-5d51-b45b-8b53db454918,b9718822-2e68-577b-be1d-b84098ec3154,2022-07-09,2022,MOV1_FULL,0.81397154207779743,0.18602845792220257,0.029999999999999999,1638
fb2d4374-961c-5227-89c8-41f19587cad3,b9718822-2e68-577b-be1d-b84098ec3154,2022-07-09,2022,MOV1_FULL,0.59897554042234413,0.40102445957765587,0.029999999999999999,1638
fc4dff17-6704-5bdb-b784-ecd7045329fb,b9718822-2e68-577b-be1d-b84098ec3154,2022-07-09,2022,MOV1_FULL,0.74242080570461555,0.25757919429538445,0.029999999999999999,1638
147b8ed9-3af9-5e77-8602-1eaa1715e84f,59b6935c-6fbd-5ba7-8b0c-aaff80894ed5,2022-07-16,2022,MOV1_FULL,0.77986340934938547,0.22013659065061453,0.029999999999999999,1638
39272a5a-1462-5e3d-b601-820c452688fd,59b6935c-6fbd-5ba7-8b0c-aaff80894ed5,2022-07-16,2022,MOV1_FULL,0.57640001771036953,0.42359998228963047,0.029999999999999999,1638
39be180c-4478-5d92-9d45-ade77c46ffcf,59b6935c-6fbd-5ba7-8b0c-aaff80894ed5,2022-07-16,2022,MOV1_FULL,0.61525851431905543,0.38474148568094457,0.029999999999999999,1638
436aa16a-f4b4-507a-9e08-da87983a8ff7,59b6935c-6fbd-5ba7-8b0c-aaff80894ed5,2022-07-16,2022,MOV1_FULL,0.75960104938239037,0.24039895061760963,0.029999999999999999,1638
472932b7-f20d-558f-8827-9afc6847b5fc,59b6935c-6fbd-5ba7-8b0c-aaff80894ed5,2022-07-16,2022,MOV1_FULL,0.69574463845844481,0.30425536154155519,0.029999999999999999,1638
515b9152-0423-52f6-9fc4-a86b03829756,59b6935c-6fbd-5ba7-8b0c-aaff80894ed5,2022-07-16,2022,MOV1_FULL,0.8287895158657772,0.1712104841342228,0.029999999999999999,1638
525bcd0f-abd4-5a27-9aca-a8345b144a86,59b6935c-6fbd-5ba7-8b0c-aaff80894ed5,2022-07-16,2022,MOV1_FULL,0.67138960157649141,0.32861039842350859,0.029999999999999999,1638
544351a9-07ba-53fc-afb3-cb1f8c7b4486,59b6935c-6fbd-5ba7-8b0c-aaff80894ed5,2022-07-16,2022,MOV1_FULL,0.51751578116149721,0.48248421883850279,0.029999999999999999,1638
81f0af0b-5507-5064-91f8-956333bfc3a1,59b6935c-6fbd-5ba7-8b0c-aaff80894ed5,2022-07-16,2022,MOV1_FULL,0.60566531477279162,0.39433468522720838,0.029999999999999999,1638
89d7ec42-0ff9-500d-bc7f-bd32e18fb76b,59b6935c-6fbd-5ba7-8b0c-aaff80894ed5,2022-07-16,2022,MOV1_FULL,0.62512905040707056,0.37487094959292944,0.029999999999999999,1638
bbc06785-7bce-542e-ab27-2ddf07e985aa,59b6935c-6fbd-5ba7-8b0c-aaff80894ed5,2022-07-16,2022,MOV1_FULL,0.77213518916287827,0.22786481083712173,0.029999999999999999,1638
bf8e1519-8004-552b-a467-a3cb74ad68dc,59b6935c-6fbd-5ba7-8b0c-aaff80894ed5,2022-07-16,2022,MOV1_FULL,0.90109391564465724,0.09890608435534276,0.029999999999999999,1638
0a2f2838-f6d8-58ef-bdd0-94427c74ee19,e00ac8a1-e1e1-5182-80e9-fd6ce83510a8,2022-07-23,2022,MOV1_FULL,0.85527029613411731,0.14472970386588269,0.029999999999999999,1638
392cef84-a593-59d2-9917-47ae2efab2f5,e00ac8a1-e1e1-5182-80e9-fd6ce83510a8,2022-07-23,2022,MOV1_FULL,0.50044420285912206,0.49955579714087794,0.029999999999999999,1638
39c9381c-9525-57a4-9530-7c8a7b83b2cd,e00ac8a1-e1e1-5182-80e9-fd6ce83510a8,2022-07-23,2022,MOV1_FULL,0.66784415178537959,0.33215584821462041,0.029999999999999999,1638
401d8f02-9290-5fbd-b490-d30f87cfe179,e00ac8a1-e1e1-5182-80e9-fd6ce83510a8,2022-07-23,2022,MOV1_FULL,0.62300235265200032,0.37699764734799968,0.029999999999999999,1638
48d1b984-092e-569e-a83f-157493acdaa5,e00ac8a1-e1e1-5182-80e9-fd6ce83510a8,2022-07-23,2022,MOV1_FULL,0.59547101196781071,0.40452898803218929,0.029999999999999999,1638
544beea7-7e04-52cf-b8e2-27c7ecbfb2fa,e00ac8a1-e1e1-5182-80e9-fd6ce83510a8,2022-07-23,2022,MOV1_FULL,0.65703684941611085,0.34296315058388915,0.029999999999999999,1638
56c4deca-08ac-5f4b-918b-7063fcad2d04,e00ac8a1-e1e1-5182-80e9-fd6ce83510a8,2022-07-23,2022,MOV1_FULL,0.71678210944933496,0.28321789055066504,0.029999999999999999,1638
5d084393-e721-5f90-9c75-429880f97af1,e00ac8a1-e1e1-5182-80e9-fd6ce83510a8,2022-07-23,2022,MOV1_FULL,0.81292701629772524,0.18707298370227476,0.029999999999999999,1638
660e4b1c-cdd0-5192-af9c-cc4fc14fdc54,e00ac8a1-e1e1-5182-80e9-fd6ce83510a8,2022-07-23,2022,MOV1_FULL,0.63276765407679181,0.36723234592320819,0.029999999999999999,1638
817fc7f9-c1b4-5038-bc7f-6da3c331a456,e00ac8a1-e1e1-5182-80e9-fd6ce83510a8,2022-07-23,2022,MOV1_FULL,0.48558455808127077,0.51441544191872923,0.029999999999999999,1638
a30988cf-0b96-5a03-88ba-db03bac1b1ff,e00ac8a1-e1e1-5182-80e9-fd6ce83510a8,2022-07-23,2022,MOV1_FULL,0.46772085465592067,0.53227914534407939,0.029999999999999999,1638
b6d44d15-a91d-5aca-a81d-e16ce28b8c76,e00ac8a1-e1e1-5182-80e9-fd6ce83510a8,2022-07-23,2022,MOV1_FULL,0.33065028339491898,0.66934971660508102,0.029999999999999999,1638
c3e245da-1983-503a-a0d1-78da4304ac99,e00ac8a1-e1e1-5182-80e9-fd6ce83510a8,2022-07-23,2022,MOV1_FULL,0.57482257148453475,0.42517742851546525,0.029999999999999999,1638
cab669c3-18c4-50ef-a4e0-c0f279630146,e00ac8a1-e1e1-5182-80e9-fd6ce83510a8,2022-07-23,2022,MOV1_FULL,0.76672657454570836,0.23327342545429164,0.029999999999999999,1638
032a3cf3-ebf7-50f2-ae3a-15f004fbac64,aaa19c66-e484-59d3-b5ec-5431667dc953,2022-07-30,2022,MOV1_FULL,0.70201867689656861,0.29798132310343139,0.029999999999999999,1638
0b3da651-7bce-5b33-8893-07a43329a66f,aaa19c66-e484-59d3-b5ec-5431667dc953,2022-07-30,2022,MOV1_FULL,0.63252935808358024,0.36747064191641976,0.029999999999999999,1638
1d24f1af-5b77-5c48-a096-c3fcad910992,aaa19c66-e484-59d3-b5ec-5431667dc953,2022-07-30,2022,MOV1_FULL,0.75018648359152884,0.24981351640847116,0.029999999999999999,1638
31d71026-e229-561e-8c1a-7e9f66c0b7e0,aaa19c66-e484-59d3-b5ec-5431667dc953,2022-07-30,2022,MOV1_FULL,0.61651669283642063,0.38348330716357937,0.029999999999999999,1638
3a18d9e6-c7f8-54df-ab63-1bf10da6aeba,aaa19c66-e484-59d3-b5ec-5431667dc953,2022-07-30,2022,MOV1_FULL,0.70256977047462099,0.29743022952537901,0.029999999999999999,1638
983e6a6f-34a5-5223-92af-64bca2889e6a,aaa19c66-e484-59d3-b5ec-5431667dc953,2022-07-30,2022,MOV1_FULL,0.60517663959381796,0.39482336040618204,0.029999999999999999,1638
b739034c-3ecf-527e-8e7c-2ee2d3154dfb,aaa19c66-e484-59d3-b5ec-5431667dc953,2022-07-30,2022,MOV1_FULL,0.63590144666857296,0.36409855333142704,0.029999999999999999,1638
bc1f05cb-d562-503c-8d40-f78e24fc5ebe,aaa19c66-e484-59d3-b5ec-5431667dc953,2022-07-30,2022,MOV1_FULL,0.80892524981680147,0.19107475018319853,0.029999999999999999,1638
c2608341-c85c-5899-98eb-7c6d1aa331ed,aaa19c66-e484-59d3-b5ec-5431667dc953,2022-07-30,2022,MOV1_FULL,0.46121489592147952,0.53878510407852054,0.029999999999999999,1638
c5bd425c-d52b-5831-b92a-3c49ee1e9ae2,aaa19c66-e484-59d3-b5ec-5431667dc953,2022-07-30,2022,MOV1_FULL,0.71782252226081977,0.28217747773918023,0.029999999999999999,1638
f2f35424-5e19-5e40-9eae-8c5630b20445,aaa19c66-e484-59d3-b5ec-5431667dc953,2022-07-30,2022,MOV1_FULL,0.78539906633153056,0.21460093366846944,0.029999999999999999,1638
fd996f87-46b0-5fa4-bbda-959f9b3ce550,aaa19c66-e484-59d3-b5ec-5431667dc953,2022-07-30,2022,MOV1_FULL,0.87425852728013498,0.12574147271986502,0.029999999999999999,1638
03e1d39e-103f-5e9e-b553-48fc97e765c3,98e5d806-11d6-5a42-89ba-43f5b4265a5e,2022-08-06,2022,MOV1_FULL,0.57303615755253046,0.42696384244746954,0.029999999999999999,1638
17fe55c8-2d4a-5d1f-8ac7-cdbe7c76076b,98e5d806-11d6-5a42-89ba-43f5b4265a5e,2022-08-06,2022,MOV1_FULL,0.38222529432474839,0.61777470567525161,0.029999999999999999,1638
67101c10-6509-5a58-8323-62663099b3a9,98e5d806-11d6-5a42-89ba-43f5b4265a5e,2022-08-06,2022,MOV1_FULL,0.54994139101916317,0.45005860898083683,0.029999999999999999,1638
7251fb25-9b0b-5ba2-8c8c-1ce2456b3bf8,98e5d806-11d6-5a42-89ba-43f5b4265a5e,2022-08-06,2022,MOV1_FULL,0.89244140150114348,0.10755859849885652,0.029999999999999999,1638
796ef265-a0fa-5f8e-a7cd-d15dd0076704,98e5d806-11d6-5a42-89ba-43f5b4265a5e,2022-08-06,2022,MOV1_FULL,0.80370539193017998,0.19629460806982002,0.029999999999999999,1638
8e4c722b-6c70-5931-9906-8143319dc0d3,98e5d806-11d6-5a42-89ba-43f5b4265a5e,2022-08-06,2022,MOV1_FULL,0.33831265768498409,0.66168734231501591,0.029999999999999999,1638
b01ea57c-bc9f-5c65-9557-efba09e97e5a,98e5d806-11d6-5a42-89ba-43f5b4265a5e,2022-08-06,2022,MOV1_FULL,0.60481316271607599,0.39518683728392401,0.029999999999999999,1638
b26df35d-84ae-51f3-a5e4-bd6d5a3a2e64,98e5d806-11d6-5a42-89ba-43f5b4265a5e,2022-08-06,2022,MOV1_FULL,0.86668170263602484,0.13331829736397516,0.029999999999999999,1638
c94f8390-aa16-576f-ab7a-6efc40f0f32d,98e5d806-11d6-5a42-89ba-43f5b4265a5e,2022-08-06,2022,MOV1_FULL,0.85696329984494435,0.14303670015505565,0.029999999999999999,1638
ee46eeb4-5feb-5541-89c8-89ddaf39bcd0,98e5d806-11d6-5a42-89ba-43f5b4265a5e,2022-08-06,2022,MOV1_FULL,0.82055688978524932,0.17944311021475068,0.029999999999999999,1638
07481c11-7f05-593d-8329-978c5d003386,99e296ce-6705-50c2-af19-f91ed3f4257d,2022-08-13,2022,MOV1_FULL,0.6323643135261886,0.3676356864738114,0.029999999999999999,1638
0c8bbbb5-8da0-5344-926b-f818c3d69eea,99e296ce-6705-50c2-af19-f91ed3f4257d,2022-08-13,2022,MOV1_FULL,0.83369405614654146,0.16630594385345854,0.029999999999999999,1638
0f847b65-7cf5-5b0b-b1ab-de8961dd248f,99e296ce-6705-50c2-af19-f91ed3f4257d,2022-08-13,2022,MOV1_FULL,0.67462221203664385,0.32537778796335615,0.029999999999999999,1638
522097b3-7787-5ff9-8575-6ff366dcc8c1,99e296ce-6705-50c2-af19-f91ed3f4257d,2022-08-13,2022,MOV1_FULL,0.63865565940886027,0.36134434059113973,0.029999999999999999,1638
6c69ec25-991a-56fe-8296-f02c42cc8be2,99e296ce-6705-50c2-af19-f91ed3f4257d,2022-08-13,2022,MOV1_FULL,0.79262543461308743,0.20737456538691257,0.029999999999999999,1638
862eb01e-d55c-5377-8abe-55a72e3e4f99,99e296ce-6705-50c2-af19-f91ed3f4257d,2022-08-13,2022,MOV1_FULL,0.82892168594203108,0.17107831405796892,0.029999999999999999,1638
86e04e2d-b76d-5676-8b65-398ae16f5733,99e296ce-6705-50c2-af19-f91ed3f4257d,2022-08-13,2022,MOV1_FULL,0.48273300374733064,0.51726699625266936,0.029999999999999999,1638
9c9e5d85-c06b-5215-8a1c-42875a589a28,99e296ce-6705-50c2-af19-f91ed3f4257d,2022-08-13,2022,MOV1_FULL,0.72798850779619306,0.27201149220380694,0.029999999999999999,1638
9cccc109-f678-5494-88a0-a6f8639a37fb,99e296ce-6705-50c2-af19-f91ed3f4257d,2022-08-13,2022,MOV1_FULL,0.76391686904631861,0.23608313095368139,0.029999999999999999,1638
ce6b0049-777c-5a00-9e8d-71daf4d4105c,99e296ce-6705-50c2-af19-f91ed3f4257d,2022-08-13,2022,MOV1_FULL,0.50942440904013431,0.49057559095986569,0.029999999999999999,1638
db2cf41e-1089-549d-a299-a943748b55bc,99e296ce-6705-50c2-af19-f91ed3f4257d,2022-08-13,2022,MOV1_FULL,0.74498723758449326,0.25501276241550674,0.029999999999999999,1638
e301f19b-dd80-5977-8c91-324d2a068fda,99e296ce-6705-50c2-af19-f91ed3f4257d,2022-08-13,2022,MOV1_FULL,0.68234841754390718,0.31765158245609282,0.029999999999999999,1638
03af213d-8d6b-5b2e-892f-2d2e32a39f1d,42057677-a23a-5f11-80ec-8b4cfdb2bd49,2022-08-20,2022,MOV1_FULL,0.72861093341950101,0.27138906658049899,0.029999999999999999,1638
1d2643ca-065c-5dbd-bea1-d24e696502e3,42057677-a23a-5f11-80ec-8b4cfdb2bd49,2022-08-20,2022,MOV1_FULL,0.90107519187536544,0.098924808124634556,0.029999999999999999,1638
22ea969a-54a6-51a3-b414-7c5eed073616,42057677-a23a-5f11-80ec-8b4cfdb2bd49,2022-08-20,2022,MOV1_FULL,0.89943067611586902,0.10056932388413098,0.029999999999999999,1638
2f7ad461-b8c7-5bdc-99df-aaa542b927dc,42057677-a23a-5f11-80ec-8b4cfdb2bd49,2022-08-20,2022,MOV1_FULL,0.59856158375435831,0.40143841624564169,0.029999999999999999,1638
3c0a04f7-f708-5288-ba50-1e10533e5b28,42057677-a23a-5f11-80ec-8b4cfdb2bd49,2022-08-20,2022,MOV1_FULL,0.51419761645207129,0.48580238354792871,0.029999999999999999,1638
3c17ca84-7671-54b4-9326-21d5b7b3aa3b,42057677-a23a-5f11-80ec-8b4cfdb2bd49,2022-08-20,2022,MOV1_FULL,0.74177700457991746,0.25822299542008254,0.029999999999999999,1638
5d4f6c08-e124-5318-97df-d12b6858c249,42057677-a23a-5f11-80ec-8b4cfdb2bd49,2022-08-20,2022,MOV1_FULL,0.64697515125681115,0.35302484874318885,0.029999999999999999,1638
76ef5de1-f658-5d65-8e92-06d9436a7c77,42057677-a23a-5f11-80ec-8b4cfdb2bd49,2022-08-20,2022,MOV1_FULL,0.62741337157627342,0.37258662842372658,0.029999999999999999,1638
9ad8b3c4-39d9-582b-96c8-6c132ac236cc,42057677-a23a-5f11-80ec-8b4cfdb2bd49,2022-08-20,2022,MOV1_FULL,0.55247542236608693,0.44752457763391307,0.029999999999999999,1638
bdb8e746-5940-5569-9c16-5e9c60a26edf,42057677-a23a-5f11-80ec-8b4cfdb2bd49,2022-08-20,2022,MOV1_FULL,0.76730250612722128,0.23269749387277872,0.029999999999999999,1638
dd9b5f4c-3fbf-555b-8ce5-8b598576661e,42057677-a23a-5f11-80ec-8b4cfdb2bd49,2022-08-20,2022,MOV1_FULL,0.78399120501096708,0.21600879498903292,0.029999999999999999,1638
f079df69-e640-56c6-abcb-fd1de9ed247d,42057677-a23a-5f11-80ec-8b4cfdb2bd49,2022-08-20,2022,MOV1_FULL,0.75253490905721743,0.24746509094278257,0.029999999999999999,1638
23b14e1d-6b56-51a2-aff8-64b9594b21f6,d67c88dc-612d-53c1-b1f0-49c5a266407b,2022-09-03,2022,MOV1_FULL,0.73270816837796682,0.26729183162203318,0.029999999999999999,1638
4b218dbc-89b7-5669-b798-ad7774d3c161,d67c88dc-612d-53c1-b1f0-49c5a266407b,2022-09-03,2022,MOV1_FULL,0.90893608848875374,0.091063911511246265,0.029999999999999999,1638
50b0ad9e-ccd2-578a-8443-fb0607782b15,d67c88dc-612d-53c1-b1f0-49c5a266407b,2022-09-03,2022,MOV1_FULL,0.67681518217846559,0.32318481782153441,0.029999999999999999,1638
53005b16-0a61-5444-b61c-b5c1c6e2dbfa,d67c88dc-612d-53c1-b1f0-49c5a266407b,2022-09-03,2022,MOV1_FULL,0.52156544633404012,0.47843455366595988,0.029999999999999999,1638
9add9997-2fe5-5af1-8ced-c42f766e24a7,d67c88dc-612d-53c1-b1f0-49c5a266407b,2022-09-03,2022,MOV1_FULL,0.85990618389522866,0.14009381610477134,0.029999999999999999,1638
a29516a4-f42a-5364-ac0f-2a7170dc685d,d67c88dc-612d-53c1-b1f0-49c5a266407b,2022-09-03,2022,MOV1_FULL,0.81320715458217085,0.18679284541782915,0.029999999999999999,1638
ab67b785-7e01-5d55-bb24-e9c42807f17f,d67c88dc-612d-53c1-b1f0-49c5a266407b,2022-09-03,2022,MOV1_FULL,0.71478831127694153,0.28521168872305847,0.029999999999999999,1638
abe7d5d1-c75a-505b-a5a5-c8ed38319d65,d67c88dc-612d-53c1-b1f0-49c5a266407b,2022-09-03,2022,MOV1_FULL,0.42732330336961827,0.57267669663038179,0.029999999999999999,1638
c12816d2-2f2a-5a8a-8001-67c676e79865,d67c88dc-612d-53c1-b1f0-49c5a266407b,2022-09-03,2022,MOV1_FULL,0.69808385915184046,0.30191614084815954,0.029999999999999999,1638
c975a723-748e-5f5c-b0ea-f057d032855f,d67c88dc-612d-53c1-b1f0-49c5a266407b,2022-09-03,2022,MOV1_FULL,0.58344533523545539,0.41655466476454461,0.029999999999999999,1638
e0f507ac-748c-5291-9e6d-a6d2c89a91ff,d67c88dc-612d-53c1-b1f0-49c5a266407b,2022-09-03,2022,MOV1_FULL,0.49945147855722305,0.50054852144277695,0.029999999999999999,1638
fed0b766-930a-5f96-94af-3b22bc2a610f,d67c88dc-612d-53c1-b1f0-49c5a266407b,2022-09-03,2022,MOV1_FULL,0.83675727017864743,0.16324272982135257,0.029999999999999999,1638
0c765272-6ef7-5748-af48-b29a6eff4f95,b52a6e50-b857-5ad0-b311-ab7c09f92d30,2022-09-10,2022,MOV1_FULL,0.61368515244085631,0.38631484755914369,0.029999999999999999,1638
11854f33-b534-5e8f-b012-8050603cc289,b52a6e50-b857-5ad0-b311-ab7c09f92d30,2022-09-10,2022,MOV1_FULL,0.55808886323219375,0.44191113676780625,0.029999999999999999,1638
2ee3eb39-91f0-5019-b78c-3abe78b5a3b6,b52a6e50-b857-5ad0-b311-ab7c09f92d30,2022-09-10,2022,MOV1_FULL,0.81494066339357363,0.18505933660642637,0.029999999999999999,1638
3358568e-e1d3-5970-92b9-2576e860f870,b52a6e50-b857-5ad0-b311-ab7c09f92d30,2022-09-10,2022,MOV1_FULL,0.63652994837424892,0.36347005162575108,0.029999999999999999,1638
5d8e24bb-d74f-5f94-b6be-d14ce5f74c1d,b52a6e50-b857-5ad0-b311-ab7c09f92d30,2022-09-10,2022,MOV1_FULL,0.73262008482175589,0.26737991517824411,0.029999999999999999,1638
6ffa4e5c-ecfb-5fac-87d8-9f1c2f32afe6,b52a6e50-b857-5ad0-b311-ab7c09f92d30,2022-09-10,2022,MOV1_FULL,0.68414690047482274,0.31585309952517726,0.029999999999999999,1638
82f893e4-66b4-5b31-a6d1-d04eeda12ed4,b52a6e50-b857-5ad0-b311-ab7c09f92d30,2022-09-10,2022,MOV1_FULL,0.49351852848124389,0.50648147151875611,0.029999999999999999,1638
9cc3f830-56cc-5a96-b342-4bd83deeb2ab,b52a6e50-b857-5ad0-b311-ab7c09f92d30,2022-09-10,2022,MOV1_FULL,0.74764270666056543,0.25235729333943457,0.029999999999999999,1638
a3e42e09-5178-59ac-b6aa-56f16abade5d,b52a6e50-b857-5ad0-b311-ab7c09f92d30,2022-09-10,2022,MOV1_FULL,0.83315646718399483,0.16684353281600517,0.029999999999999999,1638
b38538d6-eef4-5884-9667-f760b8ded587,b52a6e50-b857-5ad0-b311-ab7c09f92d30,2022-09-10,2022,MOV1_FULL,0.77418712159069092,0.22581287840930908,0.029999999999999999,1638
b39a5b03-17c1-5fba-ac5e-8d15cbff10f3,b52a6e50-b857-5ad0-b311-ab7c09f92d30,2022-09-10,2022,MOV1_FULL,0.63081938973109197,0.36918061026890803,0.029999999999999999,1638
b68e78d0-74fa-54d3-9f8a-00944f22f90c,b52a6e50-b857-5ad0-b311-ab7c09f92d30,2022-09-10,2022,MOV1_FULL,0.84540731931629043,0.15459268068370957,0.029999999999999999,1638
df8e62ae-3d7e-5b41-b7af-89ee80c7370f,b52a6e50-b857-5ad0-b311-ab7c09f92d30,2022-09-10,2022,MOV1_FULL,0.69467693769088579,0.30532306230911421,0.029999999999999999,1638
04282bc5-8fc3-5e4d-b330-90f8d4590fc2,619f3ac2-9d52-50b1-b60a-e3980e69c61a,2022-09-17,2022,MOV1_FULL,0.79161473449198649,0.20838526550801351,0.029999999999999999,1638
0f58004b-41b7-51ca-a4a1-023bcb11ec5a,619f3ac2-9d52-50b1-b60a-e3980e69c61a,2022-09-17,2022,MOV1_FULL,0.58017336740321657,0.41982663259678343,0.029999999999999999,1638
1aaafb59-7739-58d2-b420-d5c342395452,619f3ac2-9d52-50b1-b60a-e3980e69c61a,2022-09-17,2022,MOV1_FULL,0.79571053001368186,0.20428946998631814,0.029999999999999999,1638
2f5085e0-0b58-59dd-bef0-570af2735ad8,619f3ac2-9d52-50b1-b60a-e3980e69c61a,2022-09-17,2022,MOV1_FULL,0.59257303787042004,0.40742696212957996,0.029999999999999999,1638
4cba4cd0-fe99-5c8d-a9a8-e2b34a32ac34,619f3ac2-9d52-50b1-b60a-e3980e69c61a,2022-09-17,2022,MOV1_FULL,0.29993534044615894,0.70006465955384112,0.029999999999999999,1638
50551e2f-9e3d-5277-b668-06d27672b60f,619f3ac2-9d52-50b1-b60a-e3980e69c61a,2022-09-17,2022,MOV1_FULL,0.57255610709511429,0.42744389290488571,0.029999999999999999,1638
6d902a54-c5e1-52ce-af7e-ccbb1e3fee34,619f3ac2-9d52-50b1-b60a-e3980e69c61a,2022-09-17,2022,MOV1_FULL,0.80484734213549813,0.19515265786450187,0.029999999999999999,1638
80c2ee88-4b44-5c80-a7ed-4ef96cc8a88c,619f3ac2-9d52-50b1-b60a-e3980e69c61a,2022-09-17,2022,MOV1_FULL,0.81548997423096126,0.18451002576903874,0.029999999999999999,1638
9e75b646-5575-59fc-8d7f-0571027f209b,619f3ac2-9d52-50b1-b60a-e3980e69c61a,2022-09-17,2022,MOV1_FULL,0.72099653798885988,0.27900346201114012,0.029999999999999999,1638
a909cff0-74b5-53df-8b3c-f9b2060c9925,619f3ac2-9d52-50b1-b60a-e3980e69c61a,2022-09-17,2022,MOV1_FULL,0.70865142721315144,0.29134857278684856,0.029999999999999999,1638
cd382ca4-8e93-572f-9502-23117b7dc938,619f3ac2-9d52-50b1-b60a-e3980e69c61a,2022-09-17,2022,MOV1_FULL,0.33266803198986505,0.66733196801013495,0.029999999999999999,1638
d1bb2a09-e3e0-5e06-bfcf-17c3d16699cf,619f3ac2-9d52-50b1-b60a-e3980e69c61a,2022-09-17,2022,MOV1_FULL,0.57239082445860323,0.42760917554139677,0.029999999999999999,1638
eb544e15-4cb9-5545-93b2-e495ed7ab425,619f3ac2-9d52-50b1-b60a-e3980e69c61a,2022-09-17,2022,MOV1_FULL,0.72519674707521742,0.27480325292478258,0.029999999999999999,1638
138ed6f0-4c52-5985-92ca-4c189dc05070,e5bf746b-2346-5e00-a0d6-cbfbe1c481b0,2022-10-01,2022,MOV1_FULL,0.69854357913390752,0.30145642086609248,0.029999999999999999,1638
4b61d778-f079-5651-b62a-edd1542c871d,e5bf746b-2346-5e00-a0d6-cbfbe1c481b0,2022-10-01,2022,MOV1_FULL,0.75031769777135204,0.24968230222864796,0.029999999999999999,1638
5f765365-5c5a-5bfb-b2b1-15e9c8537eb5,e5bf746b-2346-5e00-a0d6-cbfbe1c481b0,2022-10-01,2022,MOV1_FULL,0.71370182312767683,0.28629817687232317,0.029999999999999999,1638
60eac4f9-6ebc-5aa0-bf25-2ed447c13faf,e5bf746b-2346-5e00-a0d6-cbfbe1c481b0,2022-10-01,2022,MOV1_FULL,0.74615919868207792,0.25384080131792208,0.029999999999999999,1638
900ae8f8-03ae-5b19-8b58-b708402a2ba8,e5bf746b-2346-5e00-a0d6-cbfbe1c481b0,2022-10-01,2022,MOV1_FULL,0.51591536385052428,0.48408463614947572,0.029999999999999999,1638
a0aed029-138e-558a-9185-8fc23ecd79d0,e5bf746b-2346-5e00-a0d6-cbfbe1c481b0,2022-10-01,2022,MOV1_FULL,0.75306632553753705,0.24693367446246295,0.029999999999999999,1638
c478dd05-acb9-5660-9e12-b2b646b675ac,e5bf746b-2346-5e00-a0d6-cbfbe1c481b0,2022-10-01,2022,MOV1_FULL,0.75724906945895076,0.24275093054104924,0.029999999999999999,1638
ddf09edd-fd55-526c-b7cd-f11f0de9662c,e5bf746b-2346-5e00-a0d6-cbfbe1c481b0,2022-10-01,2022,MOV1_FULL,0.60420982300417392,0.39579017699582608,0.029999999999999999,1638
ec8f7a4f-2080-5e96-8073-7e536fefefc2,e5bf746b-2346-5e00-a0d6-cbfbe1c481b0,2022-10-01,2022,MOV1_FULL,0.85048152331285731,0.14951847668714269,0.029999999999999999,1638
f1b1078d-6ff3-5ba6-9efb-220b5e395ebf,e5bf746b-2346-5e00-a0d6-cbfbe1c481b0,2022-10-01,2022,MOV1_FULL,0.63833748429192805,0.36166251570807195,0.029999999999999999,1638
22386c19-6a8b-521e-a1b3-c7d1bba68800,4aef0746-ac9a-51a9-a9b2-1cdf8403b4aa,2022-10-15,2022,MOV1_FULL,0.88770541281543758,0.11229458718456242,0.029999999999999999,1638
34607faf-7950-5369-a3ac-438bf564a757,4aef0746-ac9a-51a9-a9b2-1cdf8403b4aa,2022-10-15,2022,MOV1_FULL,0.48102847827820339,0.51897152172179661,0.029999999999999999,1638
5f92e991-b3fb-5db3-999b-8bcbdd1602a9,4aef0746-ac9a-51a9-a9b2-1cdf8403b4aa,2022-10-15,2022,MOV1_FULL,0.83317805296854675,0.16682194703145325,0.029999999999999999,1638
65cf7d41-018b-563e-81a9-61724f055dc6,4aef0746-ac9a-51a9-a9b2-1cdf8403b4aa,2022-10-15,2022,MOV1_FULL,0.66035103175208654,0.33964896824791346,0.029999999999999999,1638
6a820195-30d2-59e1-9b79-50c2623e03db,4aef0746-ac9a-51a9-a9b2-1cdf8403b4aa,2022-10-15,2022,MOV1_FULL,0.64739898910864158,0.35260101089135842,0.029999999999999999,1638
8a18834b-7b73-58cd-b169-ec1d181d6960,4aef0746-ac9a-51a9-a9b2-1cdf8403b4aa,2022-10-15,2022,MOV1_FULL,0.57873076225289954,0.42126923774710046,0.029999999999999999,1638
9c4e4760-86b8-5980-8a1d-b65598922146,4aef0746-ac9a-51a9-a9b2-1cdf8403b4aa,2022-10-15,2022,MOV1_FULL,0.63701818392020648,0.36298181607979352,0.029999999999999999,1638
a4b1dfaa-99c9-5bef-a0bf-e5d48e62c255,4aef0746-ac9a-51a9-a9b2-1cdf8403b4aa,2022-10-15,2022,MOV1_FULL,0.876048963518681,0.123951036481319,0.029999999999999999,1638
ca3c5051-a8df-562f-b62e-c0bf90a80db0,4aef0746-ac9a-51a9-a9b2-1cdf8403b4aa,2022-10-15,2022,MOV1_FULL,0.88856517076003672,0.11143482923996328,0.029999999999999999,1638
ce000feb-f21b-5669-a147-5eca218bac52,4aef0746-ac9a-51a9-a9b2-1cdf8403b4aa,2022-10-15,2022,MOV1_FULL,0.77387607528609803,0.22612392471390197,0.029999999999999999,1638
d46568fe-21d7-53fe-be04-81a2076b7ac2,4aef0746-ac9a-51a9-a9b2-1cdf8403b4aa,2022-10-15,2022,MOV1_FULL,0.47210708139154373,0.52789291860845622,0.029999999999999999,1638
3503f7f8-92a7-551e-abfb-24eeb2fcb0d4,1b20bdf6-7ed3-598a-909a-36db44afbfaa,2022-10-22,2022,MOV1_FULL,0.91602482599733104,0.083975174002668962,0.029999999999999999,1638
45943aca-a078-540a-8255-86422f34ec02,1b20bdf6-7ed3-598a-909a-36db44afbfaa,2022-10-22,2022,MOV1_FULL,0.60392335256928786,0.39607664743071214,0.029999999999999999,1638
4d435ec1-36b6-542f-ab81-c5e535b9d43d,1b20bdf6-7ed3-598a-909a-36db44afbfaa,2022-10-22,2022,MOV1_FULL,0.76771565234781736,0.23228434765218264,0.029999999999999999,1638
55c6eeb9-8d2d-57b5-a452-f06b62d7aa1e,1b20bdf6-7ed3-598a-909a-36db44afbfaa,2022-10-22,2022,MOV1_FULL,0.70071814601464599,0.29928185398535401,0.029999999999999999,1638
7aa66289-d29a-523d-aef4-d07d13c938cb,1b20bdf6-7ed3-598a-909a-36db44afbfaa,2022-10-22,2022,MOV1_FULL,0.36175847561668695,0.63824152438331305,0.029999999999999999,1638
7dbe0aeb-9bdc-5d57-a664-6ac9bfa02565,1b20bdf6-7ed3-598a-909a-36db44afbfaa,2022-10-22,2022,MOV1_FULL,0.46280698959152938,0.53719301040847056,0.029999999999999999,1638
7e3d90c8-3814-51b8-82a8-80c6fbef5169,1b20bdf6-7ed3-598a-909a-36db44afbfaa,2022-10-22,2022,MOV1_FULL,0.8116947765507071,0.1883052234492929,0.029999999999999999,1638
8fba18d4-dd11-5b4a-8dd5-ed1e3428a50a,1b20bdf6-7ed3-598a-909a-36db44afbfaa,2022-10-22,2022,MOV1_FULL,0.70832775174035378,0.29167224825964622,0.029999999999999999,1638
ac9de985-db7d-5668-8ad3-2c3787e33f7e,1b20bdf6-7ed3-598a-909a-36db44afbfaa,2022-10-22,2022,MOV1_FULL,0.6158395258126016,0.3841604741873984,0.029999999999999999,1638
acb555fd-f6c1-5633-9f50-b877a7c9b9f5,1b20bdf6-7ed3-598a-909a-36db44afbfaa,2022-10-22,2022,MOV1_FULL,0.66055712279347878,0.33944287720652122,0.029999999999999999,1638
b95c4481-d90b-5e21-ad60-6bcfa4201428,1b20bdf6-7ed3-598a-909a-36db44afbfaa,2022-10-22,2022,MOV1_FULL,0.8029437408296578,0.1970562591703422,0.029999999999999999,1638
f9e0c48a-023c-5838-8471-0f422b58f50a,1b20bdf6-7ed3-598a-909a-36db44afbfaa,2022-10-22,2022,MOV1_FULL,0.65705908735103113,0.34294091264896887,0.029999999999999999,1638
1116b5cf-e467-5366-bb59-0a087f96957f,e91325bd-f5fc-5ca5-a9fb-f7885cdd14c0,2022-10-29,2022,MOV1_FULL,0.79740460849727279,0.20259539150272721,0.029999999999999999,1638
1f7c079c-8fb2-54e5-935b-1dbb87f24a2f,e91325bd-f5fc-5ca5-a9fb-f7885cdd14c0,2022-10-29,2022,MOV1_FULL,0.41517281996687111,0.58482718003312884,0.029999999999999999,1638
239a9db3-2e5e-5f36-b112-fc156a48b56f,e91325bd-f5fc-5ca5-a9fb-f7885cdd14c0,2022-10-29,2022,MOV1_FULL,0.80533484318756432,0.19466515681243568,0.029999999999999999,1638
332ae732-d7e0-5d88-9ded-80b83ceedd9a,e91325bd-f5fc-5ca5-a9fb-f7885cdd14c0,2022-10-29,2022,MOV1_FULL,0.88141934204691752,0.11858065795308248,0.029999999999999999,1638
546185ec-d1b5-5b29-b105-76defcc291c3,e91325bd-f5fc-5ca5-a9fb-f7885cdd14c0,2022-10-29,2022,MOV1_FULL,0.48073259302674204,0.51926740697325791,0.029999999999999999,1638
5b19214f-5762-5aae-be4a-3ba63e655ceb,e91325bd-f5fc-5ca5-a9fb-f7885cdd14c0,2022-10-29,2022,MOV1_FULL,0.83797565706238042,0.16202434293761958,0.029999999999999999,1638
6f739287-f643-5452-bca0-4b5c8380491f,e91325bd-f5fc-5ca5-a9fb-f7885cdd14c0,2022-10-29,2022,MOV1_FULL,0.82548796188777662,0.17451203811222338,0.029999999999999999,1638
9618b144-3b57-550f-afd6-cb3817542eee,e91325bd-f5fc-5ca5-a9fb-f7885cdd14c0,2022-10-29,2022,MOV1_FULL,0.69795231218160103,0.30204768781839897,0.029999999999999999,1638
a1be6480-88d2-5210-88b0-5e98abf46607,e91325bd-f5fc-5ca5-a9fb-f7885cdd14c0,2022-10-29,2022,MOV1_FULL,0.76832409696208792,0.23167590303791208,0.029999999999999999,1638
a907bc06-44c2-5c0e-bc54-ebf336d51a9e,e91325bd-f5fc-5ca5-a9fb-f7885cdd14c0,2022-10-29,2022,MOV1_FULL,0.68571132194922146,0.31428867805077854,0.029999999999999999,1638
cfca09ef-dbac-5e88-85bb-3760ed276557,e91325bd-f5fc-5ca5-a9fb-f7885cdd14c0,2022-10-29,2022,MOV1_FULL,0.50051593474278999,0.49948406525721001,0.029999999999999999,1638
0811e076-606f-5a89-93d9-46b9dc46bb2b,fe187a2b-0709-5ed8-bab6-8e49e163c88e,2022-11-05,2022,MOV1_FULL,0.64655924444409241,0.35344075555590759,0.029999999999999999,1638
1b31ac70-f129-514a-83f0-e87cdef594e1,fe187a2b-0709-5ed8-bab6-8e49e163c88e,2022-11-05,2022,MOV1_FULL,0.725709538497463,0.274290461502537,0.029999999999999999,1638
58faee28-c8da-5145-9a50-e8ac89cfdbd6,fe187a2b-0709-5ed8-bab6-8e49e163c88e,2022-11-05,2022,MOV1_FULL,0.74890659217849065,0.25109340782150935,0.029999999999999999,1638
65b91c83-7231-5a1e-a086-2a0eb45c0871,fe187a2b-0709-5ed8-bab6-8e49e163c88e,2022-11-05,2022,MOV1_FULL,0.67292743310106173,0.32707256689893827,0.029999999999999999,1638
763f8b46-0c2c-519d-b3ff-afd532ef6dff,fe187a2b-0709-5ed8-bab6-8e49e163c88e,2022-11-05,2022,MOV1_FULL,0.82397897911905871,0.17602102088094129,0.029999999999999999,1638
9afb04bb-6393-517e-a9a8-1ea74fdf61ed,fe187a2b-0709-5ed8-bab6-8e49e163c88e,2022-11-05,2022,MOV1_FULL,0.17873687957799142,0.82126312042200855,0.029999999999999999,1638
b6ef9d56-943e-57ae-af08-dfa0071a8ac0,fe187a2b-0709-5ed8-bab6-8e49e163c88e,2022-11-05,2022,MOV1_FULL,0.41121062180968726,0.58878937819031274,0.029999999999999999,1638
d5e36a71-3cad-5eb4-8e30-0f9191c9b56d,fe187a2b-0709-5ed8-bab6-8e49e163c88e,2022-11-05,2022,MOV1_FULL,0.41674286648420694,0.583257133515793,0.029999999999999999,1638
d660e865-634f-56b2-acc6-e1994caf5ee2,fe187a2b-0709-5ed8-bab6-8e49e163c88e,2022-11-05,2022,MOV1_FULL,0.51281699317899321,0.48718300682100679,0.029999999999999999,1638
d85d100b-7107-5df6-b5ad-0dc004c01250,fe187a2b-0709-5ed8-bab6-8e49e163c88e,2022-11-05,2022,MOV1_FULL,0.57791803660639862,0.42208196339360138,0.029999999999999999,1638
f2d7785e-092b-5fc2-853f-2905aed7e37f,fe187a2b-0709-5ed8-bab6-8e49e163c88e,2022-11-05,2022,MOV1_FULL,0.3668220280505009,0.6331779719494991,0.029999999999999999,1638
0b9b186a-b0ab-5fe0-bc2c-bd355a40026f,b2198f74-f164-5edd-add4-8b13d28cc97a,2022-11-12,2022,MOV1_FULL,0.76707932763431841,0.23292067236568159,0.029999999999999999,1638
24e288c5-406b-5732-b027-17a11ea3aeee,b2198f74-f164-5edd-add4-8b13d28cc97a,2022-11-12,2022,MOV1_FULL,0.88556096944416385,0.11443903055583615,0.029999999999999999,1638
2d6fe5d1-f369-5a22-8a0f-147e523cca25,b2198f74-f164-5edd-add4-8b13d28cc97a,2022-11-12,2022,MOV1_FULL,0.61420059330471899,0.38579940669528101,0.029999999999999999,1638
2f612449-94ca-59fb-ad60-23728c091dbb,b2198f74-f164-5edd-add4-8b13d28cc97a,2022-11-12,2022,MOV1_FULL,0.87374596793703607,0.12625403206296393,0.029999999999999999,1638
41ee0e96-b013-5150-b2b0-9bffc158f80c,b2198f74-f164-5edd-add4-8b13d28cc97a,2022-11-12,2022,MOV1_FULL,0.5752203300090637,0.4247796699909363,0.029999999999999999,1638
76d4c8fc-00f6-582e-8a0e-967e33c23e94,b2198f74-f164-5edd-add4-8b13d28cc97a,2022-11-12,2022,MOV1_FULL,0.56808239300699892,0.43191760699300108,0.029999999999999999,1638
8429f88e-3782-5274-874d-e4eea62157d5,b2198f74-f164-5edd-add4-8b13d28cc97a,2022-11-12,2022,MOV1_FULL,0.69825974909735578,0.30174025090264422,0.029999999999999999,1638
86e72886-0ef9-567e-aa7a-51e74e33e2a8,b2198f74-f164-5edd-add4-8b13d28cc97a,2022-11-12,2022,MOV1_FULL,0.78027721973084641,0.21972278026915359,0.029999999999999999,1638
9b98083c-f09f-5e76-912d-e16caa9444e1,b2198f74-f164-5edd-add4-8b13d28cc97a,2022-11-12,2022,MOV1_FULL,0.77242206768153987,0.22757793231846013,0.029999999999999999,1638
a1cf02a1-306b-59e9-8f26-133c5e02fee1,b2198f74-f164-5edd-add4-8b13d28cc97a,2022-11-12,2022,MOV1_FULL,0.71749518263294509,0.28250481736705491,0.029999999999999999,1638
af3f538e-7e02-541a-bd4e-1af87dcf5e2b,b2198f74-f164-5edd-add4-8b13d28cc97a,2022-11-12,2022,MOV1_FULL,0.5977586620686931,0.4022413379313069,0.029999999999999999,1638
b2fc23ff-9885-53b0-98de-0470a0926a79,b2198f74-f164-5edd-add4-8b13d28cc97a,2022-11-12,2022,MOV1_FULL,0.45344352266177324,0.54655647733822676,0.029999999999999999,1638
b726aa36-f785-533a-8bb8-e54ceaebdf35,b2198f74-f164-5edd-add4-8b13d28cc97a,2022-11-12,2022,MOV1_FULL,0.74067735725160222,0.25932264274839778,0.029999999999999999,1638
cd66aa5d-5cd3-58cf-afef-77422cc2ff9e,b2198f74-f164-5edd-add4-8b13d28cc97a,2022-11-12,2022,MOV1_FULL,0.83766802688420938,0.16233197311579062,0.029999999999999999,1638
1e0a0eb0-fd64-5798-be6b-1552b24824ff,4e91cfad-06f1-5292-a200-e9764b399519,2022-11-19,2022,MOV1_FULL,0.66980813957090479,0.33019186042909521,0.029999999999999999,1638
2c7da6cb-8b9f-5bc5-8ad3-28c1e8966358,4e91cfad-06f1-5292-a200-e9764b399519,2022-11-19,2022,MOV1_FULL,0.7574634881767609,0.2425365118232391,0.029999999999999999,1638
3705aaa5-4b19-5d8d-9f01-2a2baf188f97,4e91cfad-06f1-5292-a200-e9764b399519,2022-11-19,2022,MOV1_FULL,0.85776228315342684,0.14223771684657316,0.029999999999999999,1638
43426990-89e4-58bc-959a-6aac0a4d29b2,4e91cfad-06f1-5292-a200-e9764b399519,2022-11-19,2022,MOV1_FULL,0.84407691520283978,0.15592308479716022,0.029999999999999999,1638
6068ae92-6c75-523b-b06f-a9db750de27d,4e91cfad-06f1-5292-a200-e9764b399519,2022-11-19,2022,MOV1_FULL,0.86521434857083257,0.13478565142916743,0.029999999999999999,1638
637b0837-c081-5a3e-9c7d-7ec88b8fdf2b,4e91cfad-06f1-5292-a200-e9764b399519,2022-11-19,2022,MOV1_FULL,0.56183391093748702,0.43816608906251298,0.029999999999999999,1638
6557861c-d151-559a-b43c-a2dc7c3f0f9a,4e91cfad-06f1-5292-a200-e9764b399519,2022-11-19,2022,MOV1_FULL,0.86178629209202307,0.13821370790797693,0.029999999999999999,1638
85c6d821-bf23-511a-8deb-07ebcc5210b6,4e91cfad-06f1-5292-a200-e9764b399519,2022-11-19,2022,MOV1_FULL,0.5015657330263541,0.4984342669736459,0.029999999999999999,1638
8cf76aa0-7e9e-5bdd-a0a8-49be2f73ec0d,4e91cfad-06f1-5292-a200-e9764b399519,2022-11-19,2022,MOV1_FULL,0.64589107020481651,0.35410892979518349,0.029999999999999999,1638
d102f338-c7c2-5065-920b-e3577d288bf1,4e91cfad-06f1-5292-a200-e9764b399519,2022-11-19,2022,MOV1_FULL,0.65067204064820572,0.34932795935179428,0.029999999999999999,1638
dedf4087-58a0-50e5-8665-9f53814e4408,4e91cfad-06f1-5292-a200-e9764b399519,2022-11-19,2022,MOV1_FULL,0.85531322882703242,0.14468677117296758,0.029999999999999999,1638
1d2507f8-77a6-5e09-86ff-1227a22f8518,3f0f3f95-bde3-5aac-a0cf-920c543244b2,2022-12-03,2022,MOV1_FULL,0.91159100298944917,0.088408997010550827,0.029999999999999999,1638
2e57bd31-2be4-5425-8099-41a186142be9,3f0f3f95-bde3-5aac-a0cf-920c543244b2,2022-12-03,2022,MOV1_FULL,0.66845762446759882,0.33154237553240118,0.029999999999999999,1638
4c0296b8-2102-527c-9f38-45ade3a2c100,3f0f3f95-bde3-5aac-a0cf-920c543244b2,2022-12-03,2022,MOV1_FULL,0.7832389819353387,0.2167610180646613,0.029999999999999999,1638
5410c1fd-7f60-5e9a-a545-fe6d4736b43c,3f0f3f95-bde3-5aac-a0cf-920c543244b2,2022-12-03,2022,MOV1_FULL,0.72979161415290705,0.27020838584709295,0.029999999999999999,1638
56e8af3b-457f-5d57-952c-17d4505ba0ab,3f0f3f95-bde3-5aac-a0cf-920c543244b2,2022-12-03,2022,MOV1_FULL,0.69672085001738859,0.30327914998261141,0.029999999999999999,1638
639db301-3167-5108-b28f-8b2ab4133586,3f0f3f95-bde3-5aac-a0cf-920c543244b2,2022-12-03,2022,MOV1_FULL,0.57864868199561514,0.42135131800438486,0.029999999999999999,1638
6924584b-1bc8-5e18-8c55-709ee8bc6f01,3f0f3f95-bde3-5aac-a0cf-920c543244b2,2022-12-03,2022,MOV1_FULL,0.80723101940764563,0.19276898059235437,0.029999999999999999,1638
8bf21ca6-b316-5008-9e66-62b062ffe23f,3f0f3f95-bde3-5aac-a0cf-920c543244b2,2022-12-03,2022,MOV1_FULL,0.72622079229007119,0.27377920770992881,0.029999999999999999,1638
9e64f17e-04d5-524c-9cc6-e7f3787700f6,3f0f3f95-bde3-5aac-a0cf-920c543244b2,2022-12-03,2022,MOV1_FULL,0.85951997590933338,0.14048002409066662,0.029999999999999999,1638
a986b994-31fa-5348-8fc5-353e4ac2a730,3f0f3f95-bde3-5aac-a0cf-920c543244b2,2022-12-03,2022,MOV1_FULL,0.72851735596519229,0.27148264403480771,0.029999999999999999,1638
ba7084d8-58ee-5c24-9fbe-5a9b166489c7,3f0f3f95-bde3-5aac-a0cf-920c543244b2,2022-12-03,2022,MOV1_FULL,0.7810648003156857,0.2189351996843143,0.029999999999999999,1638
c7a481ab-652a-548f-ab8e-9ecaaa8661d3,3f0f3f95-bde3-5aac-a0cf-920c543244b2,2022-12-03,2022,MOV1_FULL,0.77174147969932338,0.22825852030067662,0.029999999999999999,1638
cb23a305-72c8-5a40-a803-de028fe87161,3f0f3f95-bde3-5aac-a0cf-920c543244b2,2022-12-03,2022,MOV1_FULL,0.53724121966769556,0.46275878033230444,0.029999999999999999,1638
db0a98cd-cf82-5ec5-9a01-40e6ab5c1c32,3f0f3f95-bde3-5aac-a0cf-920c543244b2,2022-12-03,2022,MOV1_FULL,0.66918924852399686,0.33081075147600314,0.029999999999999999,1638
1e8cead8-b38e-5c12-8346-94404be08ac4,2c013d06-53f1-5d8b-8e2c-f3ca55d4d265,2022-12-10,2022,MOV1_FULL,0.69246191532698986,0.30753808467301014,0.029999999999999999,1638
36daa709-0bbd-550c-b555-d6c5835752ea,2c013d06-53f1-5d8b-8e2c-f3ca55d4d265,2022-12-10,2022,MOV1_FULL,0.85031804210869832,0.14968195789130168,0.029999999999999999,1638
418e06aa-86a0-591a-b3c5-032ed3fff253,2c013d06-53f1-5d8b-8e2c-f3ca55d4d265,2022-12-10,2022,MOV1_FULL,0.95683449286468703,0.043165507135312975,0.029999999999999999,1638
6e26baf8-7ece-5a4c-b1be-c09366d44b2c,2c013d06-53f1-5d8b-8e2c-f3ca55d4d265,2022-12-10,2022,MOV1_FULL,0.82725932930033319,0.17274067069966681,0.029999999999999999,1638
7ecd5801-7e01-5616-a3ab-fc817940bc67,2c013d06-53f1-5d8b-8e2c-f3ca55d4d265,2022-12-10,2022,MOV1_FULL,0.93673156274768299,0.063268437252317011,0.029999999999999999,1638
818a0900-3155-5de9-934e-6e8e6bbdb4d3,2c013d06-53f1-5d8b-8e2c-f3ca55d4d265,2022-12-10,2022,MOV1_FULL,0.82367321131932902,0.17632678868067098,0.029999999999999999,1638
91278f3f-c4cf-5761-91bc-1ed4c7b37adc,2c013d06-53f1-5d8b-8e2c-f3ca55d4d265,2022-12-10,2022,MOV1_FULL,0.56835358224846888,0.43164641775153112,0.029999999999999999,1638
c3cb4b9a-dfc4-58cf-a348-a38e89a42b12,2c013d06-53f1-5d8b-8e2c-f3ca55d4d265,2022-12-10,2022,MOV1_FULL,0.85690284423143936,0.14309715576856064,0.029999999999999999,1638
c48b3135-bcf5-5538-a2b6-bc3f28e2b9bb,2c013d06-53f1-5d8b-8e2c-f3ca55d4d265,2022-12-10,2022,MOV1_FULL,0.42885786297807532,0.57114213702192473,0.029999999999999999,1638
dcfd3e3d-455b-5f6a-9c74-f63d377a9a83,2c013d06-53f1-5d8b-8e2c-f3ca55d4d265,2022-12-10,2022,MOV1_FULL,0.62106644129795163,0.37893355870204837,0.029999999999999999,1638
e3850d54-0dbb-549c-9883-d3d87db66731,2c013d06-53f1-5d8b-8e2c-f3ca55d4d265,2022-12-10,2022,MOV1_FULL,0.62547643630124439,0.37452356369875561,0.029999999999999999,1638
ffa0287b-4123-5abd-b471-6a646f145d5d,2c013d06-53f1-5d8b-8e2c-f3ca55d4d265,2022-12-10,2022,MOV1_FULL,0.49566961341910537,0.50433038658089457,0.029999999999999999,1638
2da7b989-21a6-59c7-94ea-addb3d65e481,4be450f2-7cf8-5496-82ad-e50a36de936c,2022-12-17,2022,MOV1_FULL,0.45573608428321799,0.54426391571678201,0.029999999999999999,1638
375b3e80-5a2b-56c0-a4ec-c248ac65824f,4be450f2-7cf8-5496-82ad-e50a36de936c,2022-12-17,2022,MOV1_FULL,0.77326283222354131,0.22673716777645869,0.029999999999999999,1638
461338f9-362a-5b21-8577-27775a2251c3,4be450f2-7cf8-5496-82ad-e50a36de936c,2022-12-17,2022,MOV1_FULL,0.71413667838228589,0.28586332161771411,0.029999999999999999,1638
5770226d-c9fb-50da-99e5-92aa4d04d945,4be450f2-7cf8-5496-82ad-e50a36de936c,2022-12-17,2022,MOV1_FULL,0.71594896763452565,0.28405103236547435,0.029999999999999999,1638
5fc3ab21-ab38-5f5f-b846-39c8fa5bf7d5,4be450f2-7cf8-5496-82ad-e50a36de936c,2022-12-17,2022,MOV1_FULL,0.4710553575930716,0.5289446424069284,0.029999999999999999,1638
6690eeb3-5a60-5936-afd7-8faf2c513d20,4be450f2-7cf8-5496-82ad-e50a36de936c,2022-12-17,2022,MOV1_FULL,0.72585892952781372,0.27414107047218628,0.029999999999999999,1638
68bb875a-f450-51d7-b901-9370211f4b5e,4be450f2-7cf8-5496-82ad-e50a36de936c,2022-12-17,2022,MOV1_FULL,0.86289406006863256,0.13710593993136744,0.029999999999999999,1638
78babdc3-681f-5cb3-89b6-9f6aaf099f76,4be450f2-7cf8-5496-82ad-e50a36de936c,2022-12-17,2022,MOV1_FULL,0.72063493663934897,0.27936506336065103,0.029999999999999999,1638
b66ea6b7-43b1-559e-9c9b-aa92e6195a6b,4be450f2-7cf8-5496-82ad-e50a36de936c,2022-12-17,2022,MOV1_FULL,0.92007518012217249,0.079924819877827513,0.029999999999999999,1638
d4aa95f6-81cd-5b90-b8cd-97c1eacc055a,4be450f2-7cf8-5496-82ad-e50a36de936c,2022-12-17,2022,MOV1_FULL,0.55569650349385036,0.44430349650614964,0.029999999999999999,1638
e008e487-9dc5-5998-b94b-726c4f001339,4be450f2-7cf8-5496-82ad-e50a36de936c,2022-12-17,2022,MOV1_FULL,0.6025545709636636,0.3974454290363364,0.029999999999999999,1638
e7d76136-b612-56f5-8dda-787d31f3a89c,4be450f2-7cf8-5496-82ad-e50a36de936c,2022-12-17,2022,MOV1_FULL,0.74445766664384105,0.25554233335615895,0.029999999999999999,1638
f357d8f8-d925-5399-9502-86e5098ec41b,4be450f2-7cf8-5496-82ad-e50a36de936c,2022-12-17,2022,MOV1_FULL,0.64151477288151071,0.35848522711848929,0.029999999999999999,1638
437a9536-1988-523c-a832-18fa41b15535,b840bf5b-8b0d-5d78-be63-c991e534e4fb,2023-01-14,2023,MOV1_FULL,0.53717386922539789,0.46282613077460211,0.029999999999999999,1906
48662afc-f4ce-5fef-a63b-8101b413f737,b840bf5b-8b0d-5d78-be63-c991e534e4fb,2023-01-14,2023,MOV1_FULL,0.37158219808713011,0.62841780191286989,0.029999999999999999,1906
54eb0b37-b1b9-5ff7-9feb-57a123879339,b840bf5b-8b0d-5d78-be63-c991e534e4fb,2023-01-14,2023,MOV1_FULL,0.80345557144133961,0.19654442855866039,0.029999999999999999,1906
5d66960c-7db2-5f77-be4a-63f5caca467e,b840bf5b-8b0d-5d78-be63-c991e534e4fb,2023-01-14,2023,MOV1_FULL,0.8371122668030252,0.1628877331969748,0.029999999999999999,1906
676f364d-0370-5870-9ef6-58bfc8af5a3c,b840bf5b-8b0d-5d78-be63-c991e534e4fb,2023-01-14,2023,MOV1_FULL,0.60106294092854051,0.39893705907145949,0.029999999999999999,1906
9958a00b-37dc-59d3-9612-a5bda8eff3c1,b840bf5b-8b0d-5d78-be63-c991e534e4fb,2023-01-14,2023,MOV1_FULL,0.71461648934532829,0.28538351065467171,0.029999999999999999,1906
9bb4f597-549f-5925-86ed-a70f63df2891,b840bf5b-8b0d-5d78-be63-c991e534e4fb,2023-01-14,2023,MOV1_FULL,0.80013096158578556,0.19986903841421444,0.029999999999999999,1906
a3c88319-f7ff-5ced-bba7-26d61557ef35,b840bf5b-8b0d-5d78-be63-c991e534e4fb,2023-01-14,2023,MOV1_FULL,0.66749248358863866,0.33250751641136134,0.029999999999999999,1906
b7b00eac-1032-5851-a729-bec19e98acde,b840bf5b-8b0d-5d78-be63-c991e534e4fb,2023-01-14,2023,MOV1_FULL,0.54302411078082136,0.45697588921917864,0.029999999999999999,1906
be1b01e0-aad1-5a6e-b930-1d2df268e8c8,b840bf5b-8b0d-5d78-be63-c991e534e4fb,2023-01-14,2023,MOV1_FULL,0.58557713629031094,0.41442286370968906,0.029999999999999999,1906
c909374a-6e39-58c2-9afc-9f387d63bcd7,b840bf5b-8b0d-5d78-be63-c991e534e4fb,2023-01-14,2023,MOV1_FULL,0.46601446485032766,0.53398553514967229,0.029999999999999999,1906
1ca49ac5-f86c-5f5b-af42-53042f9c8a30,57451653-8a28-52a2-9575-cf5fa5b5285a,2023-01-21,2023,MOV1_FULL,0.65932159023242698,0.34067840976757302,0.029999999999999999,1906
2a3e40d0-a55b-51f6-a74f-56e8552a1686,57451653-8a28-52a2-9575-cf5fa5b5285a,2023-01-21,2023,MOV1_FULL,0.65576902160101747,0.34423097839898253,0.029999999999999999,1906
2aba77fd-ce4a-5d01-a96d-491b4fd5ed91,57451653-8a28-52a2-9575-cf5fa5b5285a,2023-01-21,2023,MOV1_FULL,0.52135733879372681,0.47864266120627319,0.029999999999999999,1906
3fb96c4f-6f18-56bd-8c7a-d6263fd8d3bd,57451653-8a28-52a2-9575-cf5fa5b5285a,2023-01-21,2023,MOV1_FULL,0.72261446253254547,0.27738553746745453,0.029999999999999999,1906
59c9481d-ed92-58b0-843c-a5f2fd012068,57451653-8a28-52a2-9575-cf5fa5b5285a,2023-01-21,2023,MOV1_FULL,0.76551743633440428,0.23448256366559572,0.029999999999999999,1906
6a9b0174-1746-5dc5-81d2-8acad7ed626e,57451653-8a28-52a2-9575-cf5fa5b5285a,2023-01-21,2023,MOV1_FULL,0.60169939165363684,0.39830060834636316,0.029999999999999999,1906
816cf790-c892-5bcd-b9aa-4fe9ecf4991b,57451653-8a28-52a2-9575-cf5fa5b5285a,2023-01-21,2023,MOV1_FULL,0.49899927161276214,0.50100072838723786,0.029999999999999999,1906
819249a2-981c-555c-84ff-84c762eca065,57451653-8a28-52a2-9575-cf5fa5b5285a,2023-01-21,2023,MOV1_FULL,0.73137827949635392,0.26862172050364608,0.029999999999999999,1906
8ab1de52-5359-5f7c-a0dd-d30037fe622f,57451653-8a28-52a2-9575-cf5fa5b5285a,2023-01-21,2023,MOV1_FULL,0.72065967193831848,0.27934032806168152,0.029999999999999999,1906
be484f64-0a89-56c3-b489-1ccb8619e236,57451653-8a28-52a2-9575-cf5fa5b5285a,2023-01-21,2023,MOV1_FULL,0.68314965873043698,0.31685034126956302,0.029999999999999999,1906
be865745-b81b-5017-a84f-a89e9c86f9c0,57451653-8a28-52a2-9575-cf5fa5b5285a,2023-01-21,2023,MOV1_FULL,0.71976638243027158,0.28023361756972842,0.029999999999999999,1906
bf53346d-5ad2-51a9-b452-2672210cdf75,57451653-8a28-52a2-9575-cf5fa5b5285a,2023-01-21,2023,MOV1_FULL,0.70235217187055243,0.29764782812944757,0.029999999999999999,1906
d8f87479-033c-5577-a104-1a08177b5abd,57451653-8a28-52a2-9575-cf5fa5b5285a,2023-01-21,2023,MOV1_FULL,0.55679756430415417,0.44320243569584583,0.029999999999999999,1906
d93a1cf8-df04-5bb7-b07a-1f81cdfc8db1,57451653-8a28-52a2-9575-cf5fa5b5285a,2023-01-21,2023,MOV1_FULL,0.72867739973198087,0.27132260026801913,0.029999999999999999,1906
e3f2c29b-282b-5bfa-bf8c-f335cba0cc34,57451653-8a28-52a2-9575-cf5fa5b5285a,2023-01-21,2023,MOV1_FULL,0.71844738038091616,0.28155261961908384,0.029999999999999999,1906
225e3895-013d-5606-b05c-eacacc651813,3d166007-4749-5b5b-bc90-d256de730d5e,2023-02-04,2023,MOV1_FULL,0.52437776635082167,0.47562223364917833,0.029999999999999999,1906
2937eff5-6adf-547e-92b5-7a4a3a325f3d,3d166007-4749-5b5b-bc90-d256de730d5e,2023-02-04,2023,MOV1_FULL,0.57065588469707385,0.42934411530292615,0.029999999999999999,1906
30634eed-18d9-5830-b94e-d5d8fc5ff748,3d166007-4749-5b5b-bc90-d256de730d5e,2023-02-04,2023,MOV1_FULL,0.78467017056341426,0.21532982943658574,0.029999999999999999,1906
33dd45b0-3526-5971-81b6-98f952378297,3d166007-4749-5b5b-bc90-d256de730d5e,2023-02-04,2023,MOV1_FULL,0.76206787351551752,0.23793212648448248,0.029999999999999999,1906
6a1c5bbe-6329-56cb-8430-c5c79effc3ed,3d166007-4749-5b5b-bc90-d256de730d5e,2023-02-04,2023,MOV1_FULL,0.3824736651946648,0.61752633480533525,0.029999999999999999,1906
6f9af87b-a40d-5f37-9cae-e4b5368a38a0,3d166007-4749-5b5b-bc90-d256de730d5e,2023-02-04,2023,MOV1_FULL,0.76964658950017384,0.23035341049982616,0.029999999999999999,1906
ac33318f-8b2b-531a-b555-789cc8809fd2,3d166007-4749-5b5b-bc90-d256de730d5e,2023-02-04,2023,MOV1_FULL,0.75129902261060677,0.24870097738939323,0.029999999999999999,1906
acdba982-6e6e-5b33-b8d7-d9ffc5a4e312,3d166007-4749-5b5b-bc90-d256de730d5e,2023-02-04,2023,MOV1_FULL,0.76711984013190793,0.23288015986809207,0.029999999999999999,1906
addc098d-9c33-54c1-a590-0f7a8ca29e20,3d166007-4749-5b5b-bc90-d256de730d5e,2023-02-04,2023,MOV1_FULL,0.63695955120720937,0.36304044879279063,0.029999999999999999,1906
d4b28807-3771-566e-963e-3d213ad6978c,3d166007-4749-5b5b-bc90-d256de730d5e,2023-02-04,2023,MOV1_FULL,0.5681675171615499,0.4318324828384501,0.029999999999999999,1906
f5be60e6-e5e4-5936-8e43-e8009079979e,3d166007-4749-5b5b-bc90-d256de730d5e,2023-02-04,2023,MOV1_FULL,0.54202200104473652,0.45797799895526348,0.029999999999999999,1906
00a7f1fb-16eb-516c-8ab0-61872449c22a,978063c0-caeb-525a-8fd5-c050dc6fc83e,2023-02-11,2023,MOV1_FULL,0.68098320440577054,0.31901679559422946,0.029999999999999999,1906
04387fbd-41d9-5ccc-a48d-a2466c4ffa0b,978063c0-caeb-525a-8fd5-c050dc6fc83e,2023-02-11,2023,MOV1_FULL,0.74444851017770253,0.25555148982229747,0.029999999999999999,1906
25ffe82a-b43a-582f-89b6-b85834b17c7c,978063c0-caeb-525a-8fd5-c050dc6fc83e,2023-02-11,2023,MOV1_FULL,0.53590013740292786,0.46409986259707214,0.029999999999999999,1906
48d0e24d-9211-574f-8917-68c14c788654,978063c0-caeb-525a-8fd5-c050dc6fc83e,2023-02-11,2023,MOV1_FULL,0.75362220662548185,0.24637779337451815,0.029999999999999999,1906
6706d9ca-ec18-56cf-8d95-1bdb21cf87e5,978063c0-caeb-525a-8fd5-c050dc6fc83e,2023-02-11,2023,MOV1_FULL,0.67564859412413758,0.32435140587586242,0.029999999999999999,1906
716f054a-d1c3-503e-9b01-66f0f8a7608a,978063c0-caeb-525a-8fd5-c050dc6fc83e,2023-02-11,2023,MOV1_FULL,0.83439391934058182,0.16560608065941818,0.029999999999999999,1906
83a323ac-8767-5a2c-a3e3-283317142e37,978063c0-caeb-525a-8fd5-c050dc6fc83e,2023-02-11,2023,MOV1_FULL,0.64803549018113416,0.35196450981886584,0.029999999999999999,1906
a3c979da-e403-5dd1-af38-7710fe720a0b,978063c0-caeb-525a-8fd5-c050dc6fc83e,2023-02-11,2023,MOV1_FULL,0.76320171201101028,0.23679828798898972,0.029999999999999999,1906
cab622e5-09be-5e97-bfe0-c8f885835aba,978063c0-caeb-525a-8fd5-c050dc6fc83e,2023-02-11,2023,MOV1_FULL,0.89059880132841307,0.10940119867158693,0.029999999999999999,1906
d0288ff4-5c15-5d7c-ac70-f6741f817e65,978063c0-caeb-525a-8fd5-c050dc6fc83e,2023-02-11,2023,MOV1_FULL,0.80625981146130987,0.19374018853869013,0.029999999999999999,1906
d952d321-073b-5f07-8d3f-6edaaed06b67,978063c0-caeb-525a-8fd5-c050dc6fc83e,2023-02-11,2023,MOV1_FULL,0.53606859142012353,0.46393140857987647,0.029999999999999999,1906
ea5413fe-0a96-53d2-89ec-028b0bf0856f,978063c0-caeb-525a-8fd5-c050dc6fc83e,2023-02-11,2023,MOV1_FULL,0.58111859988708259,0.41888140011291741,0.029999999999999999,1906
fc8a01e1-85b8-546e-83da-e3f5869a9364,978063c0-caeb-525a-8fd5-c050dc6fc83e,2023-02-11,2023,MOV1_FULL,0.85566632889135386,0.14433367110864614,0.029999999999999999,1906
181c87c5-d6eb-56dc-b482-ed49822a1fe3,6e09468f-df89-5576-8c37-43faea4ea809,2023-02-18,2023,MOV1_FULL,0.51982144127513397,0.48017855872486603,0.029999999999999999,1906
274bd6d6-3987-5115-9272-18fc46a5388f,6e09468f-df89-5576-8c37-43faea4ea809,2023-02-18,2023,MOV1_FULL,0.5576456498939002,0.4423543501060998,0.029999999999999999,1906
4a6fbd1d-163b-5324-929e-38054d765a51,6e09468f-df89-5576-8c37-43faea4ea809,2023-02-18,2023,MOV1_FULL,0.7312952833834252,0.2687047166165748,0.029999999999999999,1906
57c2c621-c4c9-5495-8181-877700d0b9c6,6e09468f-df89-5576-8c37-43faea4ea809,2023-02-18,2023,MOV1_FULL,0.87438552685890414,0.12561447314109586,0.029999999999999999,1906
79f81d8b-84c9-5a1f-8915-0a2bc1f6c040,6e09468f-df89-5576-8c37-43faea4ea809,2023-02-18,2023,MOV1_FULL,0.64264360816050126,0.35735639183949874,0.029999999999999999,1906
7a3bd359-26d5-5795-b384-1bf8820cf974,6e09468f-df89-5576-8c37-43faea4ea809,2023-02-18,2023,MOV1_FULL,0.63498744102689408,0.36501255897310592,0.029999999999999999,1906
7aacec63-7df7-50c1-8f6d-707e3d0a1518,6e09468f-df89-5576-8c37-43faea4ea809,2023-02-18,2023,MOV1_FULL,0.77561855173720529,0.22438144826279471,0.029999999999999999,1906
8c45e95a-6c3b-5a39-b087-4b13b7985ad9,6e09468f-df89-5576-8c37-43faea4ea809,2023-02-18,2023,MOV1_FULL,0.4491026546113735,0.55089734538862656,0.029999999999999999,1906
a4680664-0bcc-5eb8-bc4f-cd9f08fb3833,6e09468f-df89-5576-8c37-43faea4ea809,2023-02-18,2023,MOV1_FULL,0.57698376287516684,0.42301623712483316,0.029999999999999999,1906
b127dfcb-7746-5d18-b92c-95e69ded7c17,6e09468f-df89-5576-8c37-43faea4ea809,2023-02-18,2023,MOV1_FULL,0.85039099792448491,0.14960900207551509,0.029999999999999999,1906
f1dd8a0c-1443-56d3-bad8-388fbbf580fb,6e09468f-df89-5576-8c37-43faea4ea809,2023-02-18,2023,MOV1_FULL,0.41156241922982612,0.58843758077017383,0.029999999999999999,1906
04e60c85-8b9b-5128-b543-77ad33281973,8af15967-c153-53ad-89ae-457debd78938,2023-02-25,2023,MOV1_FULL,0.62708566310846403,0.37291433689153597,0.029999999999999999,1906
19129029-0a9c-5733-9020-f44b2c617149,8af15967-c153-53ad-89ae-457debd78938,2023-02-25,2023,MOV1_FULL,0.78981535744766862,0.21018464255233138,0.029999999999999999,1906
336c56be-9dbc-5e83-80f7-46e80d0436aa,8af15967-c153-53ad-89ae-457debd78938,2023-02-25,2023,MOV1_FULL,0.78275794846215796,0.21724205153784204,0.029999999999999999,1906
558b2d77-372b-5bdf-acbc-650fddd8bf79,8af15967-c153-53ad-89ae-457debd78938,2023-02-25,2023,MOV1_FULL,0.28673885705137497,0.71326114294862508,0.029999999999999999,1906
6e0cb573-92cd-53bc-a9d8-123aca67e183,8af15967-c153-53ad-89ae-457debd78938,2023-02-25,2023,MOV1_FULL,0.26757363691727132,0.73242636308272868,0.029999999999999999,1906
7beb1117-0264-5f6c-a1e7-2f98f8a63fa4,8af15967-c153-53ad-89ae-457debd78938,2023-02-25,2023,MOV1_FULL,0.53335269356419079,0.46664730643580921,0.029999999999999999,1906
8f1d2fa1-2eef-56fe-ac17-49f25ba9e61f,8af15967-c153-53ad-89ae-457debd78938,2023-02-25,2023,MOV1_FULL,0.41571957601563364,0.58428042398436641,0.029999999999999999,1906
bfa835be-1358-5153-8ca1-39ced0e22cc7,8af15967-c153-53ad-89ae-457debd78938,2023-02-25,2023,MOV1_FULL,0.64293481874550429,0.35706518125449571,0.029999999999999999,1906
d7fb3734-d4ed-5bfb-9727-426d90aac812,8af15967-c153-53ad-89ae-457debd78938,2023-02-25,2023,MOV1_FULL,0.60987018178150942,0.39012981821849058,0.029999999999999999,1906
e1942c82-39e8-5d7a-bab3-8828cb1deb21,8af15967-c153-53ad-89ae-457debd78938,2023-02-25,2023,MOV1_FULL,0.81618412196845624,0.18381587803154376,0.029999999999999999,1906
0a7b981a-a885-5166-9647-e1752da506ba,87ef4cd1-dc8e-5351-860c-57a0529dd4d7,2023-03-04,2023,MOV1_FULL,0.58557713629031094,0.41442286370968906,0.029999999999999999,1906
14bec431-7db1-51d7-b51c-2a3fa057e2e6,87ef4cd1-dc8e-5351-860c-57a0529dd4d7,2023-03-04,2023,MOV1_FULL,0.78599267219309055,0.21400732780690945,0.029999999999999999,1906
25949ee7-8693-50ad-b5ca-df35986f5ab9,87ef4cd1-dc8e-5351-860c-57a0529dd4d7,2023-03-04,2023,MOV1_FULL,0.78305533638591207,0.21694466361408793,0.029999999999999999,1906
28b61fe2-350a-58d2-bc64-9ebdc1d73748,87ef4cd1-dc8e-5351-860c-57a0529dd4d7,2023-03-04,2023,MOV1_FULL,0.90923736062229932,0.090762639377700682,0.029999999999999999,1906
4197c1f2-c31a-59b5-a5af-7dda06fa5928,87ef4cd1-dc8e-5351-860c-57a0529dd4d7,2023-03-04,2023,MOV1_FULL,0.67229062239782666,0.32770937760217334,0.029999999999999999,1906
44945b82-065e-5bb9-847b-9412e8ec4739,87ef4cd1-dc8e-5351-860c-57a0529dd4d7,2023-03-04,2023,MOV1_FULL,0.68613557882373533,0.31386442117626467,0.029999999999999999,1906
47685eae-6b85-5055-a079-bec7087891f3,87ef4cd1-dc8e-5351-860c-57a0529dd4d7,2023-03-04,2023,MOV1_FULL,0.52155169755279529,0.47844830244720471,0.029999999999999999,1906
52d6b7d5-32d1-5751-8f43-5a462efd37e5,87ef4cd1-dc8e-5351-860c-57a0529dd4d7,2023-03-04,2023,MOV1_FULL,0.55051221366250125,0.44948778633749875,0.029999999999999999,1906
8f8a9e4e-63e4-552e-a770-a68165655405,87ef4cd1-dc8e-5351-860c-57a0529dd4d7,2023-03-04,2023,MOV1_FULL,0.61865010225812667,0.38134989774187333,0.029999999999999999,1906
a2910109-0a72-5816-bc3b-40622db6923e,87ef4cd1-dc8e-5351-860c-57a0529dd4d7,2023-03-04,2023,MOV1_FULL,0.76037207713036559,0.23962792286963441,0.029999999999999999,1906
a82cf7b1-cec4-528e-9a01-9675c198c4c3,87ef4cd1-dc8e-5351-860c-57a0529dd4d7,2023-03-04,2023,MOV1_FULL,0.61639819006320118,0.38360180993679882,0.029999999999999999,1906
c4e2a45a-e520-5b03-bf02-b4c2112d43a3,87ef4cd1-dc8e-5351-860c-57a0529dd4d7,2023-03-04,2023,MOV1_FULL,0.6046421803446842,0.3953578196553158,0.029999999999999999,1906
cd2aa17f-8989-5ee0-ac6b-e0a93b1b5cdf,87ef4cd1-dc8e-5351-860c-57a0529dd4d7,2023-03-04,2023,MOV1_FULL,0.56160034418444782,0.43839965581555218,0.029999999999999999,1906
e8b655f0-9fdf-5b8d-a80f-ce89c141ca69,87ef4cd1-dc8e-5351-860c-57a0529dd4d7,2023-03-04,2023,MOV1_FULL,0.82252360505374067,0.17747639494625933,0.029999999999999999,1906
0bfdcf24-034d-5cdc-bddb-02fbc415c642,dfb29506-8e5b-5593-bc3e-54292855ca7e,2023-03-11,2023,MOV1_FULL,0.52450753155161189,0.47549246844838811,0.029999999999999999,1906
10115acb-4c9e-5ab7-82cf-b4f58f73e204,dfb29506-8e5b-5593-bc3e-54292855ca7e,2023-03-11,2023,MOV1_FULL,0.77158969775784925,0.22841030224215075,0.029999999999999999,1906
2e179572-10e2-582d-af11-558e8775f8f2,dfb29506-8e5b-5593-bc3e-54292855ca7e,2023-03-11,2023,MOV1_FULL,0.74362194671025006,0.25637805328974994,0.029999999999999999,1906
73763cf4-88ec-5598-b864-97a9bfa1a60b,dfb29506-8e5b-5593-bc3e-54292855ca7e,2023-03-11,2023,MOV1_FULL,0.46039811073578568,0.53960188926421426,0.029999999999999999,1906
9c1856a1-3790-5bf0-b443-97776f46ba77,dfb29506-8e5b-5593-bc3e-54292855ca7e,2023-03-11,2023,MOV1_FULL,0.53323742533923746,0.46676257466076254,0.029999999999999999,1906
b9277133-b649-5037-8f27-d524a31c4b4d,dfb29506-8e5b-5593-bc3e-54292855ca7e,2023-03-11,2023,MOV1_FULL,0.71384940243543105,0.28615059756456895,0.029999999999999999,1906
c73b1c44-54ca-53e2-9773-0bb790f24c77,dfb29506-8e5b-5593-bc3e-54292855ca7e,2023-03-11,2023,MOV1_FULL,0.50751653522007023,0.49248346477992977,0.029999999999999999,1906
c9772e7f-e066-5722-bdc9-e53a9126330e,dfb29506-8e5b-5593-bc3e-54292855ca7e,2023-03-11,2023,MOV1_FULL,0.80980251266908576,0.19019748733091424,0.029999999999999999,1906
d4ab6cfb-2397-517b-97ca-13ddcca1ea00,dfb29506-8e5b-5593-bc3e-54292855ca7e,2023-03-11,2023,MOV1_FULL,0.80693058167077858,0.19306941832922142,0.029999999999999999,1906
d61a5fd1-1717-54c7-9d69-82ee6e246548,dfb29506-8e5b-5593-bc3e-54292855ca7e,2023-03-11,2023,MOV1_FULL,0.73733758634586177,0.26266241365413823,0.029999999999999999,1906
e8708d0f-5bac-5374-b165-f14be4621dce,dfb29506-8e5b-5593-bc3e-54292855ca7e,2023-03-11,2023,MOV1_FULL,0.54677948689170086,0.45322051310829914,0.029999999999999999,1906
fe9e9f57-be93-5c96-9ca5-24ff963b4657,dfb29506-8e5b-5593-bc3e-54292855ca7e,2023-03-11,2023,MOV1_FULL,0.49489022255162274,0.50510977744837726,0.029999999999999999,1906
08377c65-d623-5017-9af6-5cc516297c39,9cb5790d-1b4f-5ae4-90fd-8947a85f7219,2023-03-18,2023,MOV1_FULL,0.58758922896460808,0.41241077103539192,0.029999999999999999,1906
1ae25cea-3cfb-5d03-9be6-8604655f1f3f,9cb5790d-1b4f-5ae4-90fd-8947a85f7219,2023-03-18,2023,MOV1_FULL,0.7125664107310492,0.2874335892689508,0.029999999999999999,1906
1d3a7da1-44f4-5185-972c-b170b59d5708,9cb5790d-1b4f-5ae4-90fd-8947a85f7219,2023-03-18,2023,MOV1_FULL,0.51252853611776283,0.48747146388223717,0.029999999999999999,1906
1f95049d-83b4-5b97-a72d-e0b84e62235e,9cb5790d-1b4f-5ae4-90fd-8947a85f7219,2023-03-18,2023,MOV1_FULL,0.78401579100685947,0.21598420899314053,0.029999999999999999,1906
32d2e910-e374-5bdf-9942-fa53e565287b,9cb5790d-1b4f-5ae4-90fd-8947a85f7219,2023-03-18,2023,MOV1_FULL,0.38350645827814078,0.61649354172185922,0.029999999999999999,1906
54baaf38-50d3-512d-8a8b-a0630f3f8df8,9cb5790d-1b4f-5ae4-90fd-8947a85f7219,2023-03-18,2023,MOV1_FULL,0.52107114969540502,0.47892885030459498,0.029999999999999999,1906
71055932-11e8-5b48-99b3-d13d3039600a,9cb5790d-1b4f-5ae4-90fd-8947a85f7219,2023-03-18,2023,MOV1_FULL,0.41619108243520503,0.58380891756479492,0.029999999999999999,1906
7a4b6f2e-2738-5ccd-a7b3-d1cb211d4b75,9cb5790d-1b4f-5ae4-90fd-8947a85f7219,2023-03-18,2023,MOV1_FULL,0.76521846275920302,0.23478153724079698,0.029999999999999999,1906
9ff9f240-15c7-5458-92cc-48476ad1209f,9cb5790d-1b4f-5ae4-90fd-8947a85f7219,2023-03-18,2023,MOV1_FULL,0.58557713629031094,0.41442286370968906,0.029999999999999999,1906
a642c364-a7b6-5d68-82c4-8f38124d777e,9cb5790d-1b4f-5ae4-90fd-8947a85f7219,2023-03-18,2023,MOV1_FULL,0.79355461339728761,0.20644538660271239,0.029999999999999999,1906
bbdc7e56-8e8c-5c63-b15c-97cb1add94d4,9cb5790d-1b4f-5ae4-90fd-8947a85f7219,2023-03-18,2023,MOV1_FULL,0.59197235870554832,0.40802764129445168,0.029999999999999999,1906
c9cbdf83-46e9-546b-9952-5836531810a6,9cb5790d-1b4f-5ae4-90fd-8947a85f7219,2023-03-18,2023,MOV1_FULL,0.36698873142076088,0.63301126857923906,0.029999999999999999,1906
cbdab587-9715-5111-83aa-63af97acd425,9cb5790d-1b4f-5ae4-90fd-8947a85f7219,2023-03-18,2023,MOV1_FULL,0.90599352080435858,0.094006479195641424,0.029999999999999999,1906
d9ce246b-131e-5f25-8b10-9fb6cd2e24d3,9cb5790d-1b4f-5ae4-90fd-8947a85f7219,2023-03-18,2023,MOV1_FULL,0.59816311783996023,0.40183688216003977,0.029999999999999999,1906
f5856bce-ba20-51f9-b7ea-41cca673322a,9cb5790d-1b4f-5ae4-90fd-8947a85f7219,2023-03-18,2023,MOV1_FULL,0.68954884855894816,0.31045115144105184,0.029999999999999999,1906
27e84bc7-8a36-538a-af43-43f8dc2ad6d2,31f34478-c7ab-5b47-8fce-f40091e22421,2023-03-25,2023,MOV1_FULL,0.5154238872054917,0.4845761127945083,0.029999999999999999,1906
5b25164f-ba96-5bc2-ab3e-55689703019e,31f34478-c7ab-5b47-8fce-f40091e22421,2023-03-25,2023,MOV1_FULL,0.43754317784163721,0.56245682215836279,0.029999999999999999,1906
5d5c6583-8656-59d2-890e-8a57375e5017,31f34478-c7ab-5b47-8fce-f40091e22421,2023-03-25,2023,MOV1_FULL,0.83091966371355053,0.16908033628644947,0.029999999999999999,1906
7a84324a-2f98-544f-8bd6-29fe27be6f8e,31f34478-c7ab-5b47-8fce-f40091e22421,2023-03-25,2023,MOV1_FULL,0.92154863261492781,0.07845136738507219,0.029999999999999999,1906
8289ff7f-4f9e-5711-8a90-dd602395a884,31f34478-c7ab-5b47-8fce-f40091e22421,2023-03-25,2023,MOV1_FULL,0.70628687670641643,0.29371312329358357,0.029999999999999999,1906
98f3c5a4-75bb-5a40-80e9-bf3fb4390b9f,31f34478-c7ab-5b47-8fce-f40091e22421,2023-03-25,2023,MOV1_FULL,0.61086685615514524,0.38913314384485476,0.029999999999999999,1906
9a6847d8-c9cd-5e78-aad3-8e6c1f44417a,31f34478-c7ab-5b47-8fce-f40091e22421,2023-03-25,2023,MOV1_FULL,0.5823336396091332,0.4176663603908668,0.029999999999999999,1906
a0326dae-2e11-5fcc-bd43-c43e3092e3e5,31f34478-c7ab-5b47-8fce-f40091e22421,2023-03-25,2023,MOV1_FULL,0.78003074294998853,0.21996925705001147,0.029999999999999999,1906
b3eb055f-019e-55d0-bed1-419b610ffe81,31f34478-c7ab-5b47-8fce-f40091e22421,2023-03-25,2023,MOV1_FULL,0.75020734074425433,0.24979265925574567,0.029999999999999999,1906
ce6ddc51-04d9-5dd7-b668-f0d5ec30d9c8,31f34478-c7ab-5b47-8fce-f40091e22421,2023-03-25,2023,MOV1_FULL,0.5565277619827268,0.4434722380172732,0.029999999999999999,1906
068f8f1b-a9ed-5842-a0ab-9598bbc6e1ff,08a2f43a-bdf3-5df8-a55e-c09fa08c1585,2023-04-08,2023,MOV1_FULL,0.87980087864597134,0.12019912135402866,0.029999999999999999,1906
09fb615f-306f-53a8-9ad9-8a1f1b810068,08a2f43a-bdf3-5df8-a55e-c09fa08c1585,2023-04-08,2023,MOV1_FULL,0.55469651790382102,0.44530348209617898,0.029999999999999999,1906
110d3c8b-87c7-5a0f-bf02-801e2f06e2e5,08a2f43a-bdf3-5df8-a55e-c09fa08c1585,2023-04-08,2023,MOV1_FULL,0.58797638316733813,0.41202361683266187,0.029999999999999999,1906
39cd0a1a-a725-50f8-acce-b5ca772f683a,08a2f43a-bdf3-5df8-a55e-c09fa08c1585,2023-04-08,2023,MOV1_FULL,0.73467203611807574,0.26532796388192426,0.029999999999999999,1906
42b150eb-ca95-5d25-9e59-8ece94e44014,08a2f43a-bdf3-5df8-a55e-c09fa08c1585,2023-04-08,2023,MOV1_FULL,0.88357563607791212,0.11642436392208788,0.029999999999999999,1906
48fe800b-8540-5823-83ea-57c6a0e4b32d,08a2f43a-bdf3-5df8-a55e-c09fa08c1585,2023-04-08,2023,MOV1_FULL,0.74895156029976884,0.25104843970023116,0.029999999999999999,1906
4b67ca10-ad09-5981-8a19-8befbfe0cc1b,08a2f43a-bdf3-5df8-a55e-c09fa08c1585,2023-04-08,2023,MOV1_FULL,0.43890978975626294,0.56109021024373706,0.029999999999999999,1906
89835266-430e-557c-aa21-5a8d2dd952d4,08a2f43a-bdf3-5df8-a55e-c09fa08c1585,2023-04-08,2023,MOV1_FULL,0.44433443480939872,0.55566556519060128,0.029999999999999999,1906
8d993627-c078-54e7-8eef-7f854c5d276f,08a2f43a-bdf3-5df8-a55e-c09fa08c1585,2023-04-08,2023,MOV1_FULL,0.76825511363719312,0.23174488636280688,0.029999999999999999,1906
8f490fba-2cf3-5ffe-b418-374b07117e5d,08a2f43a-bdf3-5df8-a55e-c09fa08c1585,2023-04-08,2023,MOV1_FULL,0.69465847794476443,0.30534152205523557,0.029999999999999999,1906
cffa260a-dd5a-58c1-b73c-09c68faa9fc2,08a2f43a-bdf3-5df8-a55e-c09fa08c1585,2023-04-08,2023,MOV1_FULL,0.23900286945468047,0.76099713054531959,0.029999999999999999,1906
d43db8c3-f570-5bff-9377-dc7bcb7ace7a,08a2f43a-bdf3-5df8-a55e-c09fa08c1585,2023-04-08,2023,MOV1_FULL,0.87345674109351423,0.12654325890648577,0.029999999999999999,1906
1713f0df-121a-561e-9cba-41ed1853175b,83b6a6a9-e5a8-5c8c-a4e9-16f384aafb74,2023-04-15,2023,MOV1_FULL,0.37356781377356912,0.62643218622643082,0.029999999999999999,1906
343b9e14-3fc2-5470-a069-bda82eaaf0f4,83b6a6a9-e5a8-5c8c-a4e9-16f384aafb74,2023-04-15,2023,MOV1_FULL,0.88179070989302299,0.11820929010697701,0.029999999999999999,1906
3a58ea01-0808-574a-8c29-99f8eabea0ad,83b6a6a9-e5a8-5c8c-a4e9-16f384aafb74,2023-04-15,2023,MOV1_FULL,0.82285561329516943,0.17714438670483057,0.029999999999999999,1906
766e8553-dd11-5068-a3ae-eebbc836b5fd,83b6a6a9-e5a8-5c8c-a4e9-16f384aafb74,2023-04-15,2023,MOV1_FULL,0.45336028703714004,0.54663971296285996,0.029999999999999999,1906
8094be40-d35f-59e8-a63e-5d806719b0d1,83b6a6a9-e5a8-5c8c-a4e9-16f384aafb74,2023-04-15,2023,MOV1_FULL,0.76305044900087249,0.23694955099912751,0.029999999999999999,1906
9c2e7600-d3c8-5067-bcc0-dfd406fcc33d,83b6a6a9-e5a8-5c8c-a4e9-16f384aafb74,2023-04-15,2023,MOV1_FULL,0.55556829129310525,0.44443170870689475,0.029999999999999999,1906
a64a78e1-9c5b-58f0-8e73-7ceef9842525,83b6a6a9-e5a8-5c8c-a4e9-16f384aafb74,2023-04-15,2023,MOV1_FULL,0.78467330255894374,0.21532669744105626,0.029999999999999999,1906
afc9f61b-1758-5b76-9886-7df6e8bb884e,83b6a6a9-e5a8-5c8c-a4e9-16f384aafb74,2023-04-15,2023,MOV1_FULL,0.54766791195326636,0.45233208804673364,0.029999999999999999,1906
b378cdcc-6512-56a5-9dbc-1c61aa9a610f,83b6a6a9-e5a8-5c8c-a4e9-16f384aafb74,2023-04-15,2023,MOV1_FULL,0.64240634470787272,0.35759365529212728,0.029999999999999999,1906
c16c0d56-b47f-5acb-b435-c0f9aaade244,83b6a6a9-e5a8-5c8c-a4e9-16f384aafb74,2023-04-15,2023,MOV1_FULL,0.54047118753497858,0.45952881246502142,0.029999999999999999,1906
c5a7e9a8-88ac-5ad0-b2b8-22d1a17b1ef8,83b6a6a9-e5a8-5c8c-a4e9-16f384aafb74,2023-04-15,2023,MOV1_FULL,0.8477741582960111,0.1522258417039889,0.029999999999999999,1906
e5014a0e-fd6d-56aa-9bc0-e12138290c76,83b6a6a9-e5a8-5c8c-a4e9-16f384aafb74,2023-04-15,2023,MOV1_FULL,0.7448280986613105,0.2551719013386895,0.029999999999999999,1906
ec2a1541-3af7-5c63-a255-cd92a9f2cd3a,83b6a6a9-e5a8-5c8c-a4e9-16f384aafb74,2023-04-15,2023,MOV1_FULL,0.37510935926415595,0.62489064073584411,0.029999999999999999,1906
fb847828-a4df-5740-8086-0c6809356f9a,83b6a6a9-e5a8-5c8c-a4e9-16f384aafb74,2023-04-15,2023,MOV1_FULL,0.67477826264983154,0.32522173735016846,0.029999999999999999,1906
2d724dd9-c60d-5d76-9808-a7e628750348,f3d8d138-b778-5f6f-9929-b1e2d287887f,2023-04-22,2023,MOV1_FULL,0.83977494879995795,0.16022505120004205,0.029999999999999999,1906
63ee4f59-1ba3-521a-a2df-bc3fca1b09fe,f3d8d138-b778-5f6f-9929-b1e2d287887f,2023-04-22,2023,MOV1_FULL,0.63313825079749086,0.36686174920250914,0.029999999999999999,1906
766916e3-4af7-562f-87c0-1bf463d8f5d5,f3d8d138-b778-5f6f-9929-b1e2d287887f,2023-04-22,2023,MOV1_FULL,0.38583094668673235,0.61416905331326765,0.029999999999999999,1906
83bc8857-849c-5956-9312-5959dda180e4,f3d8d138-b778-5f6f-9929-b1e2d287887f,2023-04-22,2023,MOV1_FULL,0.88564410210141209,0.11435589789858791,0.029999999999999999,1906
9eb31d6a-db5d-5004-86fc-76c7dd760a69,f3d8d138-b778-5f6f-9929-b1e2d287887f,2023-04-22,2023,MOV1_FULL,0.71362795078599339,0.28637204921400661,0.029999999999999999,1906
a6f37e5a-d9b9-57b2-8cb8-ced613ff2d5f,f3d8d138-b778-5f6f-9929-b1e2d287887f,2023-04-22,2023,MOV1_FULL,0.67182970657297159,0.32817029342702841,0.029999999999999999,1906
b1971d48-0ed1-5dd9-9948-f6b76038633a,f3d8d138-b778-5f6f-9929-b1e2d287887f,2023-04-22,2023,MOV1_FULL,0.55505668366840777,0.44494331633159223,0.029999999999999999,1906
c97f49f5-c61e-5786-8de2-60e571b380af,f3d8d138-b778-5f6f-9929-b1e2d287887f,2023-04-22,2023,MOV1_FULL,0.71557890225629794,0.28442109774370206,0.029999999999999999,1906
e38f4139-f135-553d-a130-70bd33118b56,f3d8d138-b778-5f6f-9929-b1e2d287887f,2023-04-22,2023,MOV1_FULL,0.71652899758002975,0.28347100241997025,0.029999999999999999,1906
11b256f4-6df9-5876-84c8-6853645ce0d6,9c776e33-5840-5150-bd95-76f9df6d2ebc,2023-04-29,2023,MOV1_FULL,0.53602137354649604,0.46397862645350396,0.029999999999999999,1906
546b840c-cb19-54cb-a583-d115f11ec1ed,9c776e33-5840-5150-bd95-76f9df6d2ebc,2023-04-29,2023,MOV1_FULL,0.48434953921396223,0.51565046078603771,0.029999999999999999,1906
575f0564-f484-59a2-a1ed-7a8c26f124cf,9c776e33-5840-5150-bd95-76f9df6d2ebc,2023-04-29,2023,MOV1_FULL,0.68156282040705407,0.31843717959294593,0.029999999999999999,1906
7d630e45-16d0-5821-a2d0-04889ba2ba7b,9c776e33-5840-5150-bd95-76f9df6d2ebc,2023-04-29,2023,MOV1_FULL,0.74351393827544709,0.25648606172455291,0.029999999999999999,1906
851bbe2f-08de-579f-8c5c-074a2e30442a,9c776e33-5840-5150-bd95-76f9df6d2ebc,2023-04-29,2023,MOV1_FULL,0.67973635840136493,0.32026364159863507,0.029999999999999999,1906
8a8fda6c-3fe2-5666-a7ae-e282ccbff171,9c776e33-5840-5150-bd95-76f9df6d2ebc,2023-04-29,2023,MOV1_FULL,0.43129470925858754,0.56870529074141252,0.029999999999999999,1906
9dc15593-c200-5b74-bacf-45ab5ca9f550,9c776e33-5840-5150-bd95-76f9df6d2ebc,2023-04-29,2023,MOV1_FULL,0.72663466932285115,0.27336533067714885,0.029999999999999999,1906
b6557c57-25cf-59fd-b105-fef5bbc3b699,9c776e33-5840-5150-bd95-76f9df6d2ebc,2023-04-29,2023,MOV1_FULL,0.79074441151557429,0.20925558848442571,0.029999999999999999,1906
b7784a38-162d-50f8-b4bd-6532e5dc6678,9c776e33-5840-5150-bd95-76f9df6d2ebc,2023-04-29,2023,MOV1_FULL,0.57487342730408242,0.42512657269591758,0.029999999999999999,1906
c243b395-b153-5ac7-8cf8-9917b81af85c,9c776e33-5840-5150-bd95-76f9df6d2ebc,2023-04-29,2023,MOV1_FULL,0.84914640902633776,0.15085359097366224,0.029999999999999999,1906
fdc85d14-7622-5f9c-970a-9a28d36eb06c,9c776e33-5840-5150-bd95-76f9df6d2ebc,2023-04-29,2023,MOV1_FULL,0.71441400850308368,0.28558599149691632,0.029999999999999999,1906
073299bd-9001-52ad-b432-9e2b067392cf,ab33e18e-ab56-5549-9fdd-68e705f23c29,2023-05-06,2023,MOV1_FULL,0.67542961706888749,0.32457038293111251,0.029999999999999999,1906
1afd4fc7-d1bf-548e-8bd5-ce63c4fff405,ab33e18e-ab56-5549-9fdd-68e705f23c29,2023-05-06,2023,MOV1_FULL,0.83696971806972864,0.16303028193027136,0.029999999999999999,1906
1ef869e2-28fe-50f7-af9a-3dcf85baa944,ab33e18e-ab56-5549-9fdd-68e705f23c29,2023-05-06,2023,MOV1_FULL,0.72173249540334472,0.27826750459665528,0.029999999999999999,1906
27ceacf6-c6a3-533d-a91e-b0f5da4c443e,ab33e18e-ab56-5549-9fdd-68e705f23c29,2023-05-06,2023,MOV1_FULL,0.832850477333404,0.167149522666596,0.029999999999999999,1906
36ba40d1-c407-50ea-8d2f-8bb7a2220740,ab33e18e-ab56-5549-9fdd-68e705f23c29,2023-05-06,2023,MOV1_FULL,0.74753093594199649,0.25246906405800351,0.029999999999999999,1906
3cb5596d-2833-5457-a193-6f9555991967,ab33e18e-ab56-5549-9fdd-68e705f23c29,2023-05-06,2023,MOV1_FULL,0.71977808577569413,0.28022191422430587,0.029999999999999999,1906
858c5544-db8c-5e96-a59b-426b5ea91a4d,ab33e18e-ab56-5549-9fdd-68e705f23c29,2023-05-06,2023,MOV1_FULL,0.78179170593772351,0.21820829406227649,0.029999999999999999,1906
9cf0d5e2-cb7a-5e61-a375-d93e1b3b99d4,ab33e18e-ab56-5549-9fdd-68e705f23c29,2023-05-06,2023,MOV1_FULL,0.57537508412690463,0.42462491587309537,0.029999999999999999,1906
b86c1fc0-3160-5df9-8725-a2c25f48995f,ab33e18e-ab56-5549-9fdd-68e705f23c29,2023-05-06,2023,MOV1_FULL,0.83097002187919466,0.16902997812080534,0.029999999999999999,1906
c77a3ae0-bc69-5b5a-9c1a-bf6d826abcf7,ab33e18e-ab56-5549-9fdd-68e705f23c29,2023-05-06,2023,MOV1_FULL,0.57146412684650094,0.42853587315349906,0.029999999999999999,1906
cd826e50-44b0-590f-9c7c-8233137d35f5,ab33e18e-ab56-5549-9fdd-68e705f23c29,2023-05-06,2023,MOV1_FULL,0.78131576101596034,0.21868423898403966,0.029999999999999999,1906
e000dfa0-6ffc-51ce-9e54-589278fae6de,ab33e18e-ab56-5549-9fdd-68e705f23c29,2023-05-06,2023,MOV1_FULL,0.53334551534165109,0.46665448465834891,0.029999999999999999,1906
3024885a-77cd-5ea2-867f-618e750f3905,c91f3e2e-cbb9-55d2-a856-818468ef9fc0,2023-05-13,2023,MOV1_FULL,0.64271247269324971,0.35728752730675029,0.029999999999999999,1906
48de8e83-c91c-5502-9ff7-f551ccb3d76f,c91f3e2e-cbb9-55d2-a856-818468ef9fc0,2023-05-13,2023,MOV1_FULL,0.74226113268228588,0.25773886731771412,0.029999999999999999,1906
5fc12a6c-461c-5404-9a91-1209c51d0003,c91f3e2e-cbb9-55d2-a856-818468ef9fc0,2023-05-13,2023,MOV1_FULL,0.72188063529193558,0.27811936470806442,0.029999999999999999,1906
70cbd086-3519-5824-953c-2f01c367d9dc,c91f3e2e-cbb9-55d2-a856-818468ef9fc0,2023-05-13,2023,MOV1_FULL,0.72038086017545744,0.27961913982454256,0.029999999999999999,1906
83f20313-749e-58e2-a7ca-4883377ffa2a,c91f3e2e-cbb9-55d2-a856-818468ef9fc0,2023-05-13,2023,MOV1_FULL,0.73124872805732055,0.26875127194267945,0.029999999999999999,1906
93c5e452-c957-56be-8fd9-d40ad2e73f5e,c91f3e2e-cbb9-55d2-a856-818468ef9fc0,2023-05-13,2023,MOV1_FULL,0.68243392102491418,0.31756607897508582,0.029999999999999999,1906
99170266-48d9-515d-8632-9693f24bb4a1,c91f3e2e-cbb9-55d2-a856-818468ef9fc0,2023-05-13,2023,MOV1_FULL,0.78705169564410671,0.21294830435589329,0.029999999999999999,1906
9aafb5d5-cfcd-5bb6-aa85-8137f4bec196,c91f3e2e-cbb9-55d2-a856-818468ef9fc0,2023-05-13,2023,MOV1_FULL,0.80731943875813494,0.19268056124186506,0.029999999999999999,1906
acca87fb-d6f3-54f9-aeee-38f7c07597bc,c91f3e2e-cbb9-55d2-a856-818468ef9fc0,2023-05-13,2023,MOV1_FULL,0.68737072232158858,0.31262927767841142,0.029999999999999999,1906
bb878891-bef7-547e-8104-0eb711226f26,c91f3e2e-cbb9-55d2-a856-818468ef9fc0,2023-05-13,2023,MOV1_FULL,0.81694937315510363,0.18305062684489637,0.029999999999999999,1906
f21242b1-daba-5c00-9a99-49eec2a66479,c91f3e2e-cbb9-55d2-a856-818468ef9fc0,2023-05-13,2023,MOV1_FULL,0.85467004379888467,0.14532995620111533,0.029999999999999999,1906
02d2afc0-0fde-50b5-8f2d-d07687bf4e98,ad1b2bba-7c77-59a3-9881-b382c23b65ca,2023-05-20,2023,MOV1_FULL,0.61146451731742124,0.38853548268257876,0.029999999999999999,1906
18674553-d658-5728-b738-4949f4fdca6f,ad1b2bba-7c77-59a3-9881-b382c23b65ca,2023-05-20,2023,MOV1_FULL,0.54162115151275603,0.45837884848724397,0.029999999999999999,1906
2a72d5f4-c141-5c14-a6e6-787ee95c0f83,ad1b2bba-7c77-59a3-9881-b382c23b65ca,2023-05-20,2023,MOV1_FULL,0.77966858103812431,0.22033141896187569,0.029999999999999999,1906
362b96bd-f232-5670-ad79-97a467a31de3,ad1b2bba-7c77-59a3-9881-b382c23b65ca,2023-05-20,2023,MOV1_FULL,0.58628685017430515,0.41371314982569485,0.029999999999999999,1906
546a779b-cae5-5f34-8fd2-45faefda141b,ad1b2bba-7c77-59a3-9881-b382c23b65ca,2023-05-20,2023,MOV1_FULL,0.84545502731261735,0.15454497268738265,0.029999999999999999,1906
579a4f4a-aef9-5726-a585-9a4a33d7c210,ad1b2bba-7c77-59a3-9881-b382c23b65ca,2023-05-20,2023,MOV1_FULL,0.91272451706696067,0.087275482933039328,0.029999999999999999,1906
845b4ed4-8925-560a-b802-cb810e4dea3f,ad1b2bba-7c77-59a3-9881-b382c23b65ca,2023-05-20,2023,MOV1_FULL,0.7591531562761199,0.2408468437238801,0.029999999999999999,1906
98c3d527-07e2-5357-83bb-5a0523ea87ca,ad1b2bba-7c77-59a3-9881-b382c23b65ca,2023-05-20,2023,MOV1_FULL,0.57212180548440428,0.42787819451559572,0.029999999999999999,1906
99a5dcf8-b70c-5389-b20e-0c4deea461cb,ad1b2bba-7c77-59a3-9881-b382c23b65ca,2023-05-20,2023,MOV1_FULL,0.39754501237930706,0.60245498762069294,0.029999999999999999,1906
d0b48a5e-bbb9-599b-bf90-54b5bedd9958,ad1b2bba-7c77-59a3-9881-b382c23b65ca,2023-05-20,2023,MOV1_FULL,0.75493568345696238,0.24506431654303762,0.029999999999999999,1906
e38d75ad-4f67-57a5-b497-64a272a4ac55,ad1b2bba-7c77-59a3-9881-b382c23b65ca,2023-05-20,2023,MOV1_FULL,0.63526817439183469,0.36473182560816531,0.029999999999999999,1906
fdc0b4fc-a327-5a3c-8733-eb1110e35d7b,ad1b2bba-7c77-59a3-9881-b382c23b65ca,2023-05-20,2023,MOV1_FULL,0.73968456953820139,0.26031543046179861,0.029999999999999999,1906
50b77050-9734-5297-8e8c-85bd1ba58938,d0e89b1a-6b61-500b-8319-f2ff71dfe477,2023-06-03,2023,MOV1_FULL,0.64564207480467473,0.35435792519532527,0.029999999999999999,1906
7c5f0ca4-c67f-5186-aa75-a10e6969867b,d0e89b1a-6b61-500b-8319-f2ff71dfe477,2023-06-03,2023,MOV1_FULL,0.53706103504594016,0.46293896495405984,0.029999999999999999,1906
804565a7-1209-57c6-9221-3834f9641f95,d0e89b1a-6b61-500b-8319-f2ff71dfe477,2023-06-03,2023,MOV1_FULL,0.52053091298653054,0.47946908701346946,0.029999999999999999,1906
885889df-5510-5328-8af5-fdbc203f5fa1,d0e89b1a-6b61-500b-8319-f2ff71dfe477,2023-06-03,2023,MOV1_FULL,0.82425146514691405,0.17574853485308595,0.029999999999999999,1906
a445189c-8543-53c3-9d4c-075d50b15c67,d0e89b1a-6b61-500b-8319-f2ff71dfe477,2023-06-03,2023,MOV1_FULL,0.72329778904780617,0.27670221095219383,0.029999999999999999,1906
ab97ee10-6f78-5e79-96da-025fcc300116,d0e89b1a-6b61-500b-8319-f2ff71dfe477,2023-06-03,2023,MOV1_FULL,0.66785519483525846,0.33214480516474154,0.029999999999999999,1906
aff53176-2a0d-5db4-84fc-62a3f9e90142,d0e89b1a-6b61-500b-8319-f2ff71dfe477,2023-06-03,2023,MOV1_FULL,0.5783955829734212,0.4216044170265788,0.029999999999999999,1906
b725382b-a4c2-5114-bedb-6cf07f572eaf,d0e89b1a-6b61-500b-8319-f2ff71dfe477,2023-06-03,2023,MOV1_FULL,0.59461402794606111,0.40538597205393889,0.029999999999999999,1906
b7539e0f-200a-587d-be6f-5433ec1a0642,d0e89b1a-6b61-500b-8319-f2ff71dfe477,2023-06-03,2023,MOV1_FULL,0.81434380846770726,0.18565619153229274,0.029999999999999999,1906
d3aa5527-1029-5f66-b7aa-702e953a9021,d0e89b1a-6b61-500b-8319-f2ff71dfe477,2023-06-03,2023,MOV1_FULL,0.72463366025251996,0.27536633974748004,0.029999999999999999,1906
dc98e018-680b-538e-9a09-0c314e0e950c,d0e89b1a-6b61-500b-8319-f2ff71dfe477,2023-06-03,2023,MOV1_FULL,0.73094655029613576,0.26905344970386424,0.029999999999999999,1906
df99fa8c-c92c-5273-887e-1e904d971bc9,d0e89b1a-6b61-500b-8319-f2ff71dfe477,2023-06-03,2023,MOV1_FULL,0.75303783032051286,0.24696216967948714,0.029999999999999999,1906
ef3e0534-a33e-5676-81bb-ee424b4cb645,d0e89b1a-6b61-500b-8319-f2ff71dfe477,2023-06-03,2023,MOV1_FULL,0.53784994759289262,0.46215005240710738,0.029999999999999999,1906
163122a4-074c-571d-ba28-743dd1b0f340,e29a3c73-aa09-5185-9010-cdc810317a1c,2023-06-10,2023,MOV1_FULL,0.46409947671084212,0.53590052328915783,0.029999999999999999,1906
1fb96048-fd06-56fb-87ee-8832e22d898c,e29a3c73-aa09-5185-9010-cdc810317a1c,2023-06-10,2023,MOV1_FULL,0.70534851080024563,0.29465148919975437,0.029999999999999999,1906
36974443-4e32-5a4a-a8e7-414625cb5c06,e29a3c73-aa09-5185-9010-cdc810317a1c,2023-06-10,2023,MOV1_FULL,0.75397178677960475,0.24602821322039525,0.029999999999999999,1906
4244b2ca-4cb4-5e53-aeec-413b73f6526c,e29a3c73-aa09-5185-9010-cdc810317a1c,2023-06-10,2023,MOV1_FULL,0.76166788460611834,0.23833211539388166,0.029999999999999999,1906
658e6703-aca1-5670-943c-33360d6fe985,e29a3c73-aa09-5185-9010-cdc810317a1c,2023-06-10,2023,MOV1_FULL,0.5320275075094969,0.4679724924905031,0.029999999999999999,1906
65942c87-e14f-522e-9a52-377d57f178d7,e29a3c73-aa09-5185-9010-cdc810317a1c,2023-06-10,2023,MOV1_FULL,0.41226593577036325,0.5877340642296367,0.029999999999999999,1906
670802f6-b638-5831-9479-a6665f360e71,e29a3c73-aa09-5185-9010-cdc810317a1c,2023-06-10,2023,MOV1_FULL,0.77228570434205523,0.22771429565794477,0.029999999999999999,1906
8c9b4f4b-4357-5bda-a80c-e71217447d4b,e29a3c73-aa09-5185-9010-cdc810317a1c,2023-06-10,2023,MOV1_FULL,0.79911472862034993,0.20088527137965007,0.029999999999999999,1906
ad8e5ac3-49dc-5721-b391-769a531ec42f,e29a3c73-aa09-5185-9010-cdc810317a1c,2023-06-10,2023,MOV1_FULL,0.61012726882952772,0.38987273117047228,0.029999999999999999,1906
dc07b933-fcb7-5934-bd25-b3830853cb61,e29a3c73-aa09-5185-9010-cdc810317a1c,2023-06-10,2023,MOV1_FULL,0.82349473136006757,0.17650526863993243,0.029999999999999999,1906
138ab1f4-2f30-508c-9a3e-a2e6a7952f15,461912dc-2d9e-59fd-834e-ebf8584e1952,2023-06-17,2023,MOV1_FULL,0.53992470714440088,0.46007529285559912,0.029999999999999999,1906
1d580a74-7a61-57c2-be9d-6f1644b4b415,461912dc-2d9e-59fd-834e-ebf8584e1952,2023-06-17,2023,MOV1_FULL,0.86090799560399367,0.13909200439600633,0.029999999999999999,1906
22c7f76f-4a80-55dd-982b-5da7ad04bbb9,461912dc-2d9e-59fd-834e-ebf8584e1952,2023-06-17,2023,MOV1_FULL,0.51592741766301198,0.48407258233698802,0.029999999999999999,1906
34bfa1c8-8610-5e70-a867-14cdea524378,461912dc-2d9e-59fd-834e-ebf8584e1952,2023-06-17,2023,MOV1_FULL,0.61584139117351366,0.38415860882648634,0.029999999999999999,1906
4ca72208-559d-51c0-89bc-ebf605a6145c,461912dc-2d9e-59fd-834e-ebf8584e1952,2023-06-17,2023,MOV1_FULL,0.64945961207327974,0.35054038792672026,0.029999999999999999,1906
50c08101-fcd2-5d04-862f-98465be2d6b1,461912dc-2d9e-59fd-834e-ebf8584e1952,2023-06-17,2023,MOV1_FULL,0.82621323030834215,0.17378676969165785,0.029999999999999999,1906
6fcc9bb9-cd18-5e9d-8537-3ee9a950235c,461912dc-2d9e-59fd-834e-ebf8584e1952,2023-06-17,2023,MOV1_FULL,0.6456351168486999,0.3543648831513001,0.029999999999999999,1906
73027d92-a4cf-5317-b037-ea9e25a1eb3f,461912dc-2d9e-59fd-834e-ebf8584e1952,2023-06-17,2023,MOV1_FULL,0.57002442842604595,0.42997557157395405,0.029999999999999999,1906
7520eac3-1d24-56a5-93e8-0bd0c7b92782,461912dc-2d9e-59fd-834e-ebf8584e1952,2023-06-17,2023,MOV1_FULL,0.75701908380095473,0.24298091619904527,0.029999999999999999,1906
a6cc3ca6-b90c-5059-9276-eb6d8b80abd0,461912dc-2d9e-59fd-834e-ebf8584e1952,2023-06-17,2023,MOV1_FULL,0.81928915602758257,0.18071084397241743,0.029999999999999999,1906
fdda7870-06da-52b8-bb51-49a31f71d5a5,461912dc-2d9e-59fd-834e-ebf8584e1952,2023-06-17,2023,MOV1_FULL,0.81818662197399561,0.18181337802600439,0.029999999999999999,1906
004843c0-522b-5546-b84d-822c3d044135,c63c3523-20ee-5429-8157-4704f6030b1b,2023-06-24,2023,MOV1_FULL,0.5993234949841425,0.4006765050158575,0.029999999999999999,1906
07a10d9b-cdab-51a1-aff9-e1516aaf95fe,c63c3523-20ee-5429-8157-4704f6030b1b,2023-06-24,2023,MOV1_FULL,0.50187565394001832,0.49812434605998168,0.029999999999999999,1906
18cd9bf4-b66a-55cf-8434-2c3ebe883aea,c63c3523-20ee-5429-8157-4704f6030b1b,2023-06-24,2023,MOV1_FULL,0.78839140039755351,0.21160859960244649,0.029999999999999999,1906
1eeb1fc8-5bff-5906-a7e3-0ead913ed4dd,c63c3523-20ee-5429-8157-4704f6030b1b,2023-06-24,2023,MOV1_FULL,0.64194151123421428,0.35805848876578572,0.029999999999999999,1906
6b6a6028-3921-51ac-93a9-7ef21fd45033,c63c3523-20ee-5429-8157-4704f6030b1b,2023-06-24,2023,MOV1_FULL,0.57573998828211503,0.42426001171788497,0.029999999999999999,1906
6bdba2aa-13cc-5cc8-a397-ab5f81dfb1b7,c63c3523-20ee-5429-8157-4704f6030b1b,2023-06-24,2023,MOV1_FULL,0.59027876687890302,0.40972123312109698,0.029999999999999999,1906
7b791c6f-31b5-565e-9ff4-aaed3d6e5fe1,c63c3523-20ee-5429-8157-4704f6030b1b,2023-06-24,2023,MOV1_FULL,0.85899603321430107,0.14100396678569893,0.029999999999999999,1906
a117142e-4c43-5e4c-9a76-c085d0395777,c63c3523-20ee-5429-8157-4704f6030b1b,2023-06-24,2023,MOV1_FULL,0.28497559395294247,0.71502440604705753,0.029999999999999999,1906
a70c8aba-2099-5803-9899-6a9a07a5194f,c63c3523-20ee-5429-8157-4704f6030b1b,2023-06-24,2023,MOV1_FULL,0.70075987187456956,0.29924012812543044,0.029999999999999999,1906
a894acb0-97cc-564c-baab-ab22b59c85f4,c63c3523-20ee-5429-8157-4704f6030b1b,2023-06-24,2023,MOV1_FULL,0.54425791567498438,0.45574208432501562,0.029999999999999999,1906
c953bd8c-182d-5c62-a187-41f85149a3b3,c63c3523-20ee-5429-8157-4704f6030b1b,2023-06-24,2023,MOV1_FULL,0.49110325059766669,0.50889674940233331,0.029999999999999999,1906
331557de-340a-5296-b87d-1f471f5630b5,47183d4f-57e3-59c3-99da-bab5ccd76acb,2023-07-01,2023,MOV1_FULL,0.48832114147352584,0.51167885852647421,0.029999999999999999,1906
4572d5a5-138b-5025-9c19-faae1439f81a,47183d4f-57e3-59c3-99da-bab5ccd76acb,2023-07-01,2023,MOV1_FULL,0.70361326097481036,0.29638673902518964,0.029999999999999999,1906
727d419c-8afd-5bb9-8776-f96c5f356664,47183d4f-57e3-59c3-99da-bab5ccd76acb,2023-07-01,2023,MOV1_FULL,0.52169604258348767,0.47830395741651233,0.029999999999999999,1906
78e2e59a-5dfc-5626-826c-33f0e220b288,47183d4f-57e3-59c3-99da-bab5ccd76acb,2023-07-01,2023,MOV1_FULL,0.61198432823803528,0.38801567176196472,0.029999999999999999,1906
7a2e1746-63c1-5cee-a9f8-298488f39c3e,47183d4f-57e3-59c3-99da-bab5ccd76acb,2023-07-01,2023,MOV1_FULL,0.73534745107219224,0.26465254892780776,0.029999999999999999,1906
9207b8f8-7254-55c2-8778-dcf4112bac19,47183d4f-57e3-59c3-99da-bab5ccd76acb,2023-07-01,2023,MOV1_FULL,0.58699241053113804,0.41300758946886196,0.029999999999999999,1906
b5272efc-0025-56dc-bd9e-1cbbc4463a28,47183d4f-57e3-59c3-99da-bab5ccd76acb,2023-07-01,2023,MOV1_FULL,0.87189589137099788,0.12810410862900212,0.029999999999999999,1906
c2b1c351-ae8c-555d-afd3-5346245908bd,47183d4f-57e3-59c3-99da-bab5ccd76acb,2023-07-01,2023,MOV1_FULL,0.67980402207691593,0.32019597792308407,0.029999999999999999,1906
c7ed7d95-2237-5948-bec4-7ff2ea0ffefc,47183d4f-57e3-59c3-99da-bab5ccd76acb,2023-07-01,2023,MOV1_FULL,0.72492582144232598,0.27507417855767402,0.029999999999999999,1906
df8033be-1b5e-56bf-95c3-19fead6e3f57,47183d4f-57e3-59c3-99da-bab5ccd76acb,2023-07-01,2023,MOV1_FULL,0.81077546930534961,0.18922453069465039,0.029999999999999999,1906
e76f022d-78ff-5738-8499-0122011891b2,47183d4f-57e3-59c3-99da-bab5ccd76acb,2023-07-01,2023,MOV1_FULL,0.47376524177607832,0.52623475822392174,0.029999999999999999,1906
fe24a86f-a2ad-5e6c-b7ab-d63fb0d32552,47183d4f-57e3-59c3-99da-bab5ccd76acb,2023-07-01,2023,MOV1_FULL,0.76120887266008341,0.23879112733991659,0.029999999999999999,1906
1ba0b75d-d7d9-520f-9395-99cb973a0dc7,09e03d3a-c9de-59d7-9f3c-9960705e60fc,2023-07-08,2023,MOV1_FULL,0.70897734864661943,0.29102265135338057,0.029999999999999999,1906
366892a6-60c9-5b64-adad-c3f3e1f87a2a,09e03d3a-c9de-59d7-9f3c-9960705e60fc,2023-07-08,2023,MOV1_FULL,0.57902524510527853,0.42097475489472147,0.029999999999999999,1906
42b22fa2-ad0a-52ae-833d-1fe3772d1044,09e03d3a-c9de-59d7-9f3c-9960705e60fc,2023-07-08,2023,MOV1_FULL,0.79823435330216463,0.20176564669783537,0.029999999999999999,1906
4530bbf2-d6b4-5eb4-b6c2-7c6cd9539439,09e03d3a-c9de-59d7-9f3c-9960705e60fc,2023-07-08,2023,MOV1_FULL,0.61860817573889748,0.38139182426110252,0.029999999999999999,1906
66542c51-f41e-5da3-a5b8-6445aad6bbdd,09e03d3a-c9de-59d7-9f3c-9960705e60fc,2023-07-08,2023,MOV1_FULL,0.61652416510201413,0.38347583489798587,0.029999999999999999,1906
6d5a21de-0271-5b2f-875f-9ae825c4d0b1,09e03d3a-c9de-59d7-9f3c-9960705e60fc,2023-07-08,2023,MOV1_FULL,0.3241868902521462,0.6758131097478538,0.029999999999999999,1906
8137f211-70a2-5347-b911-dfea97f7c9f1,09e03d3a-c9de-59d7-9f3c-9960705e60fc,2023-07-08,2023,MOV1_FULL,0.50571783004962723,0.49428216995037277,0.029999999999999999,1906
91589876-cdeb-5dca-8a64-bbfa8fe9f632,09e03d3a-c9de-59d7-9f3c-9960705e60fc,2023-07-08,2023,MOV1_FULL,0.84218396371938031,0.15781603628061969,0.029999999999999999,1906
9d8a3e2b-d891-5968-999a-25ddc062a790,09e03d3a-c9de-59d7-9f3c-9960705e60fc,2023-07-08,2023,MOV1_FULL,0.52913257488969712,0.47086742511030288,0.029999999999999999,1906
bdd33a56-3a4d-5255-bf8e-e3a500f1faf9,09e03d3a-c9de-59d7-9f3c-9960705e60fc,2023-07-08,2023,MOV1_FULL,0.66805598443322745,0.33194401556677255,0.029999999999999999,1906
be500281-a20f-527e-800f-49e30af11b02,09e03d3a-c9de-59d7-9f3c-9960705e60fc,2023-07-08,2023,MOV1_FULL,0.83367284363500405,0.16632715636499595,0.029999999999999999,1906
c18003d8-eda8-5723-89d4-01517b811014,09e03d3a-c9de-59d7-9f3c-9960705e60fc,2023-07-08,2023,MOV1_FULL,0.51485926413269378,0.48514073586730622,0.029999999999999999,1906
e90ffa28-0480-59ec-ad3b-9ed0988e53d3,09e03d3a-c9de-59d7-9f3c-9960705e60fc,2023-07-08,2023,MOV1_FULL,0.80107903207970343,0.19892096792029657,0.029999999999999999,1906
01045610-f759-5bb5-be07-d56be199181e,98298300-ef0f-584a-a2c3-2723efc3855a,2023-07-15,2023,MOV1_FULL,0.79630668856109565,0.20369331143890435,0.029999999999999999,1906
0c2f56aa-5e59-5b51-8f37-cc67dded9d90,98298300-ef0f-584a-a2c3-2723efc3855a,2023-07-15,2023,MOV1_FULL,0.81387625711133038,0.18612374288866962,0.029999999999999999,1906
28a657fb-c954-55e7-89fd-26ecf4aabb16,98298300-ef0f-584a-a2c3-2723efc3855a,2023-07-15,2023,MOV1_FULL,0.61536779405250674,0.38463220594749326,0.029999999999999999,1906
43bd45a7-3294-5cb8-96da-dc7019bb979e,98298300-ef0f-584a-a2c3-2723efc3855a,2023-07-15,2023,MOV1_FULL,0.69519977512870024,0.30480022487129976,0.029999999999999999,1906
47081b13-bb89-5af4-b69c-795d0c3266b4,98298300-ef0f-584a-a2c3-2723efc3855a,2023-07-15,2023,MOV1_FULL,0.82749120311970736,0.17250879688029264,0.029999999999999999,1906
4e216eda-23d6-5fbd-8919-85717372379b,98298300-ef0f-584a-a2c3-2723efc3855a,2023-07-15,2023,MOV1_FULL,0.69228635701540164,0.30771364298459836,0.029999999999999999,1906
59f247a1-e024-5e65-b436-961f694b4af3,98298300-ef0f-584a-a2c3-2723efc3855a,2023-07-15,2023,MOV1_FULL,0.4990267940517279,0.5009732059482721,0.029999999999999999,1906
665b5384-ef21-5c92-b7d7-ccf3232b99e8,98298300-ef0f-584a-a2c3-2723efc3855a,2023-07-15,2023,MOV1_FULL,0.59583611596200092,0.40416388403799908,0.029999999999999999,1906
9c9dae35-0a1f-57b0-bfb8-f58799defe2b,98298300-ef0f-584a-a2c3-2723efc3855a,2023-07-15,2023,MOV1_FULL,0.64305965298302081,0.35694034701697919,0.029999999999999999,1906
be4bdce3-118d-5c38-9882-d076a11f6404,98298300-ef0f-584a-a2c3-2723efc3855a,2023-07-15,2023,MOV1_FULL,0.59804546669184189,0.40195453330815811,0.029999999999999999,1906
c519b685-ebeb-595f-b80c-f0d3dcce6444,98298300-ef0f-584a-a2c3-2723efc3855a,2023-07-15,2023,MOV1_FULL,0.69292998332059019,0.30707001667940981,0.029999999999999999,1906
d1890e58-a63d-5dc0-93be-0f3c960f95b7,98298300-ef0f-584a-a2c3-2723efc3855a,2023-07-15,2023,MOV1_FULL,0.77575446939804993,0.22424553060195007,0.029999999999999999,1906
1093f10c-d9fa-5694-8684-632e8f6d7060,859bda62-41b1-59c4-8c9f-6ef89917d0b4,2023-07-22,2023,MOV1_FULL,0.60322741271046787,0.39677258728953213,0.029999999999999999,1906
1d8d9c90-42db-5bd2-9c98-40f8927f37ba,859bda62-41b1-59c4-8c9f-6ef89917d0b4,2023-07-22,2023,MOV1_FULL,0.73213841108324595,0.26786158891675405,0.029999999999999999,1906
2a45fdc4-30dd-5800-898b-5f40196b190b,859bda62-41b1-59c4-8c9f-6ef89917d0b4,2023-07-22,2023,MOV1_FULL,0.48802712436053358,0.51197287563946636,0.029999999999999999,1906
4e273cc0-af1f-5dae-bf49-dc76d2d4be03,859bda62-41b1-59c4-8c9f-6ef89917d0b4,2023-07-22,2023,MOV1_FULL,0.66156641833223895,0.33843358166776105,0.029999999999999999,1906
5b6f2ca1-67d7-5ad7-a414-7f588539a57b,859bda62-41b1-59c4-8c9f-6ef89917d0b4,2023-07-22,2023,MOV1_FULL,0.79431015279472061,0.20568984720527939,0.029999999999999999,1906
663eb4f2-0122-58d3-9ed3-df0b3ad07484,859bda62-41b1-59c4-8c9f-6ef89917d0b4,2023-07-22,2023,MOV1_FULL,0.61703651562889283,0.38296348437110717,0.029999999999999999,1906
774ff18b-c587-5d3e-9325-36fee25c3d5a,859bda62-41b1-59c4-8c9f-6ef89917d0b4,2023-07-22,2023,MOV1_FULL,0.72825098998019522,0.27174901001980478,0.029999999999999999,1906
7c4beb2d-5b62-5d67-9863-65bf475687ac,859bda62-41b1-59c4-8c9f-6ef89917d0b4,2023-07-22,2023,MOV1_FULL,0.60359975565718627,0.39640024434281373,0.029999999999999999,1906
7d46b94f-b7c3-5b6d-b4b8-a120527b3c56,859bda62-41b1-59c4-8c9f-6ef89917d0b4,2023-07-22,2023,MOV1_FULL,0.66704946498605511,0.33295053501394489,0.029999999999999999,1906
847c365c-b6ae-5f02-99b4-717639be6cc1,859bda62-41b1-59c4-8c9f-6ef89917d0b4,2023-07-22,2023,MOV1_FULL,0.83035300840411996,0.16964699159588004,0.029999999999999999,1906
be0a7f9e-0cf6-5d52-95b1-8d813e13ae59,859bda62-41b1-59c4-8c9f-6ef89917d0b4,2023-07-22,2023,MOV1_FULL,0.83445462180226493,0.16554537819773507,0.029999999999999999,1906
c62eeb8c-936e-5927-9601-6dad0c6a1d0e,859bda62-41b1-59c4-8c9f-6ef89917d0b4,2023-07-22,2023,MOV1_FULL,0.3727704085640976,0.6272295914359024,0.029999999999999999,1906
cf2a3099-a7e6-5429-aed8-82ae5f166f17,859bda62-41b1-59c4-8c9f-6ef89917d0b4,2023-07-22,2023,MOV1_FULL,0.72373706808178662,0.27626293191821338,0.029999999999999999,1906
d38b2aac-2a51-5ef9-8c6b-8427c4509d78,859bda62-41b1-59c4-8c9f-6ef89917d0b4,2023-07-22,2023,MOV1_FULL,0.46088529052050575,0.53911470947949425,0.029999999999999999,1906
efc92785-2fec-530c-b6ec-9df0bd219162,859bda62-41b1-59c4-8c9f-6ef89917d0b4,2023-07-22,2023,MOV1_FULL,0.72879934849172068,0.27120065150827932,0.029999999999999999,1906
0fc4aa51-4ddc-551d-aa64-2b63fbbe3d03,f93c1917-bae9-59ba-9bd7-b764e87f998e,2023-07-29,2023,MOV1_FULL,0.73662035112052804,0.26337964887947196,0.029999999999999999,1906
146f09dc-5f46-55e6-97a8-2c88084775c5,f93c1917-bae9-59ba-9bd7-b764e87f998e,2023-07-29,2023,MOV1_FULL,0.8104677502552361,0.1895322497447639,0.029999999999999999,1906
2e4bde5a-604d-56ca-8df6-d5dbe8f33ba6,f93c1917-bae9-59ba-9bd7-b764e87f998e,2023-07-29,2023,MOV1_FULL,0.80038114342284727,0.19961885657715273,0.029999999999999999,1906
33de221c-379b-5b4e-b6ae-9b6b40a5bd07,f93c1917-bae9-59ba-9bd7-b764e87f998e,2023-07-29,2023,MOV1_FULL,0.6221594915771308,0.3778405084228692,0.029999999999999999,1906
4177afd4-1dea-5c91-aad5-a93cec89fdd1,f93c1917-bae9-59ba-9bd7-b764e87f998e,2023-07-29,2023,MOV1_FULL,0.83743999893838317,0.16256000106161683,0.029999999999999999,1906
4f246a07-3213-5dca-bc92-2fdf9f7c8de1,f93c1917-bae9-59ba-9bd7-b764e87f998e,2023-07-29,2023,MOV1_FULL,0.78412429115028115,0.21587570884971885,0.029999999999999999,1906
5504317d-3ccd-5d66-a23e-34a55a7db215,f93c1917-bae9-59ba-9bd7-b764e87f998e,2023-07-29,2023,MOV1_FULL,0.8695156385660503,0.1304843614339497,0.029999999999999999,1906
5a94e1b6-8d29-5fe7-a230-7914a0a275dc,f93c1917-bae9-59ba-9bd7-b764e87f998e,2023-07-29,2023,MOV1_FULL,0.31578747168347215,0.6842125283165279,0.029999999999999999,1906
6c885c5b-646a-5367-b7f6-571d8fcac6a5,f93c1917-bae9-59ba-9bd7-b764e87f998e,2023-07-29,2023,MOV1_FULL,0.60881228233108464,0.39118771766891536,0.029999999999999999,1906
7eb6289f-935c-5593-b48d-ea1d8eb2497f,f93c1917-bae9-59ba-9bd7-b764e87f998e,2023-07-29,2023,MOV1_FULL,0.45761258482436867,0.54238741517563138,0.029999999999999999,1906
c7000f8f-f157-5098-9a92-21a049f7dff2,f93c1917-bae9-59ba-9bd7-b764e87f998e,2023-07-29,2023,MOV1_FULL,0.6053036347881311,0.3946963652118689,0.029999999999999999,1906
5a5eb41f-c132-5d22-a9a0-d869e151be14,eb0af67b-c11f-5cac-8fdb-6f8744f01ec7,2023-08-05,2023,MOV1_FULL,0.73849305192751469,0.26150694807248531,0.029999999999999999,1906
6c955dc6-f8c2-51a9-8242-43d6c7e7d599,eb0af67b-c11f-5cac-8fdb-6f8744f01ec7,2023-08-05,2023,MOV1_FULL,0.75245330179800818,0.24754669820199182,0.029999999999999999,1906
6f35c323-0f6e-5f3d-8512-1331be061117,eb0af67b-c11f-5cac-8fdb-6f8744f01ec7,2023-08-05,2023,MOV1_FULL,0.65610719254271266,0.34389280745728734,0.029999999999999999,1906
8ce45144-f04f-5672-92b9-5fbdfe193db8,eb0af67b-c11f-5cac-8fdb-6f8744f01ec7,2023-08-05,2023,MOV1_FULL,0.63975071692517138,0.36024928307482862,0.029999999999999999,1906
8e09ace0-3b7a-5c65-9820-e49f4d64eb0e,eb0af67b-c11f-5cac-8fdb-6f8744f01ec7,2023-08-05,2023,MOV1_FULL,0.40716755389293297,0.59283244610706709,0.029999999999999999,1906
8ee40474-856c-5517-be66-0a3d4ea45d47,eb0af67b-c11f-5cac-8fdb-6f8744f01ec7,2023-08-05,2023,MOV1_FULL,0.87801108265913197,0.12198891734086803,0.029999999999999999,1906
a1010ef0-1c67-5ce3-80da-c397beb486af,eb0af67b-c11f-5cac-8fdb-6f8744f01ec7,2023-08-05,2023,MOV1_FULL,0.74248217065737299,0.25751782934262701,0.029999999999999999,1906
a6be6d77-9ddf-59a1-9c16-85c459826791,eb0af67b-c11f-5cac-8fdb-6f8744f01ec7,2023-08-05,2023,MOV1_FULL,0.46070564629780142,0.53929435370219858,0.029999999999999999,1906
b86a4849-2075-5135-b27a-4a8a0585efdd,eb0af67b-c11f-5cac-8fdb-6f8744f01ec7,2023-08-05,2023,MOV1_FULL,0.80043960554150928,0.19956039445849072,0.029999999999999999,1906
d3a33d7d-206c-5e29-a706-eb102c317374,eb0af67b-c11f-5cac-8fdb-6f8744f01ec7,2023-08-05,2023,MOV1_FULL,0.3587784118583634,0.64122158814163654,0.029999999999999999,1906
d9bee7de-cce3-55a8-86ca-d073acca1040,eb0af67b-c11f-5cac-8fdb-6f8744f01ec7,2023-08-05,2023,MOV1_FULL,0.74562403097457397,0.25437596902542603,0.029999999999999999,1906
f37c809c-60af-5beb-909d-ca0427f3831c,eb0af67b-c11f-5cac-8fdb-6f8744f01ec7,2023-08-05,2023,MOV1_FULL,0.7019108929253759,0.2980891070746241,0.029999999999999999,1906
0c56b76d-ed9c-554f-bc55-eef21c776f1b,651dc82b-e976-5d50-9b61-71e1dd852a71,2023-08-12,2023,MOV1_FULL,0.57817903904790235,0.42182096095209765,0.029999999999999999,1906
36a30e03-9a25-5758-a00f-7a37807d1bff,651dc82b-e976-5d50-9b61-71e1dd852a71,2023-08-12,2023,MOV1_FULL,0.55147958117625728,0.44852041882374272,0.029999999999999999,1906
65fc73c5-0825-5422-b74d-428f35c4d663,651dc82b-e976-5d50-9b61-71e1dd852a71,2023-08-12,2023,MOV1_FULL,0.69639901754176825,0.30360098245823175,0.029999999999999999,1906
65fdf951-e3de-51b1-b5ba-adb435eb9720,651dc82b-e976-5d50-9b61-71e1dd852a71,2023-08-12,2023,MOV1_FULL,0.65956272231808866,0.34043727768191134,0.029999999999999999,1906
6bdc0875-8643-519c-8100-49554b540e78,651dc82b-e976-5d50-9b61-71e1dd852a71,2023-08-12,2023,MOV1_FULL,0.78755098604587315,0.21244901395412685,0.029999999999999999,1906
760896db-aca0-5af6-9f71-fe8b3bf93391,651dc82b-e976-5d50-9b61-71e1dd852a71,2023-08-12,2023,MOV1_FULL,0.96182914774473782,0.038170852255262178,0.029999999999999999,1906
7bcb6c35-4420-5c0d-baec-42be1d5c8807,651dc82b-e976-5d50-9b61-71e1dd852a71,2023-08-12,2023,MOV1_FULL,0.74364093103316742,0.25635906896683258,0.029999999999999999,1906
8a048aaa-ce9b-59e0-840a-e331d43dd26f,651dc82b-e976-5d50-9b61-71e1dd852a71,2023-08-12,2023,MOV1_FULL,0.77406025514006993,0.22593974485993007,0.029999999999999999,1906
8c110824-7b00-5340-9f76-f86197f8ae0c,651dc82b-e976-5d50-9b61-71e1dd852a71,2023-08-12,2023,MOV1_FULL,0.49428171545337546,0.5057182845466246,0.029999999999999999,1906
9574dac4-b1f3-5d3a-ac3c-cb124396ebe0,651dc82b-e976-5d50-9b61-71e1dd852a71,2023-08-12,2023,MOV1_FULL,0.77173669438735804,0.22826330561264196,0.029999999999999999,1906
b6bb7b02-81e7-590a-895e-da6273b5f216,651dc82b-e976-5d50-9b61-71e1dd852a71,2023-08-12,2023,MOV1_FULL,0.52625426764557937,0.47374573235442063,0.029999999999999999,1906
e2fc4616-20a3-5e93-9733-001b358db237,651dc82b-e976-5d50-9b61-71e1dd852a71,2023-08-12,2023,MOV1_FULL,0.86008941879472378,0.13991058120527622,0.029999999999999999,1906
e5187a62-17ee-5246-bf61-73c30221427f,651dc82b-e976-5d50-9b61-71e1dd852a71,2023-08-12,2023,MOV1_FULL,0.49147886319105055,0.5085211368089495,0.029999999999999999,1906
13d36144-fcb5-5599-983d-2c53f98c3bc8,2afaf9c9-d416-5259-84f3-631062aaf903,2023-08-19,2023,MOV1_FULL,0.85815272239813434,0.14184727760186566,0.029999999999999999,1906
281fd227-b258-5a44-bf81-31904a87dc65,2afaf9c9-d416-5259-84f3-631062aaf903,2023-08-19,2023,MOV1_FULL,0.27251373997783118,0.72748626002216876,0.029999999999999999,1906
385ea3da-8123-5503-82ec-ad41b1752b57,2afaf9c9-d416-5259-84f3-631062aaf903,2023-08-19,2023,MOV1_FULL,0.59393396412610788,0.40606603587389212,0.029999999999999999,1906
594c9440-68e6-53ed-bf34-5b5fef0b99b8,2afaf9c9-d416-5259-84f3-631062aaf903,2023-08-19,2023,MOV1_FULL,0.7631297133882835,0.2368702866117165,0.029999999999999999,1906
64706a55-66f7-57c6-ab36-5658cdc7d769,2afaf9c9-d416-5259-84f3-631062aaf903,2023-08-19,2023,MOV1_FULL,0.61463642887322845,0.38536357112677155,0.029999999999999999,1906
682e0b20-4c01-5681-bce6-a9cde2a07970,2afaf9c9-d416-5259-84f3-631062aaf903,2023-08-19,2023,MOV1_FULL,0.6098282533882059,0.3901717466117941,0.029999999999999999,1906
6dbf9786-59a4-5808-81ec-83c2e74f2f3e,2afaf9c9-d416-5259-84f3-631062aaf903,2023-08-19,2023,MOV1_FULL,0.77320048916455575,0.22679951083544425,0.029999999999999999,1906
8e741a77-d8eb-54d1-98d5-34c39991dbb8,2afaf9c9-d416-5259-84f3-631062aaf903,2023-08-19,2023,MOV1_FULL,0.42571269006145795,0.57428730993854205,0.029999999999999999,1906
9e28d0b6-0bd9-531a-aca7-6787c855a1d1,2afaf9c9-d416-5259-84f3-631062aaf903,2023-08-19,2023,MOV1_FULL,0.59577061826100697,0.40422938173899303,0.029999999999999999,1906
abc8de68-65b2-5b78-939e-4f2bada10fbe,2afaf9c9-d416-5259-84f3-631062aaf903,2023-08-19,2023,MOV1_FULL,0.81660847926163249,0.18339152073836751,0.029999999999999999,1906
dcdc338f-34f2-5312-a5d5-7e3dd3634423,2afaf9c9-d416-5259-84f3-631062aaf903,2023-08-19,2023,MOV1_FULL,0.76656286288085529,0.23343713711914471,0.029999999999999999,1906
eb638e28-e5b0-57cb-adae-268934d7deb7,2afaf9c9-d416-5259-84f3-631062aaf903,2023-08-19,2023,MOV1_FULL,0.38059649731808776,0.61940350268191224,0.029999999999999999,1906
285c95f4-f216-50e0-99ba-c01b31c64475,4cfbc3c0-b84f-565d-b872-223935f42baf,2023-08-26,2023,MOV1_FULL,0.85266327448541746,0.14733672551458254,0.029999999999999999,1906
42f24316-2fa8-5aab-b182-0750bf085317,4cfbc3c0-b84f-565d-b872-223935f42baf,2023-08-26,2023,MOV1_FULL,0.85065053205659147,0.14934946794340853,0.029999999999999999,1906
47469b3c-3e62-55fa-a095-bbf7ba5e1bfa,4cfbc3c0-b84f-565d-b872-223935f42baf,2023-08-26,2023,MOV1_FULL,0.65982790851186424,0.34017209148813576,0.029999999999999999,1906
55662075-ad83-50c7-aee9-b8927e7ca245,4cfbc3c0-b84f-565d-b872-223935f42baf,2023-08-26,2023,MOV1_FULL,0.83134322330469868,0.16865677669530132,0.029999999999999999,1906
9a4f6357-a32c-52fa-8ad0-c0aafab025d0,4cfbc3c0-b84f-565d-b872-223935f42baf,2023-08-26,2023,MOV1_FULL,0.91875833072015889,0.081241669279841111,0.029999999999999999,1906
a2010ecc-484c-5d2d-8b4c-647666ef00ef,4cfbc3c0-b84f-565d-b872-223935f42baf,2023-08-26,2023,MOV1_FULL,0.72583358884558613,0.27416641115441387,0.029999999999999999,1906
a7472c9b-01b6-51e1-b85e-6e0f63468653,4cfbc3c0-b84f-565d-b872-223935f42baf,2023-08-26,2023,MOV1_FULL,0.22151957273589548,0.77848042726410449,0.029999999999999999,1906
b86d5a6a-9bc3-5401-bda2-8265b371f7d5,4cfbc3c0-b84f-565d-b872-223935f42baf,2023-08-26,2023,MOV1_FULL,0.73812809892024611,0.26187190107975389,0.029999999999999999,1906
d4780951-6328-5153-a1c3-8adb8b4ae94a,4cfbc3c0-b84f-565d-b872-223935f42baf,2023-08-26,2023,MOV1_FULL,0.77136784784727441,0.22863215215272559,0.029999999999999999,1906
daf08d19-5596-5bbc-bc5a-574b52a6d6fc,4cfbc3c0-b84f-565d-b872-223935f42baf,2023-08-26,2023,MOV1_FULL,0.7264598010564981,0.2735401989435019,0.029999999999999999,1906
dced71a9-2f96-5638-a4ea-c82587000eb9,4cfbc3c0-b84f-565d-b872-223935f42baf,2023-08-26,2023,MOV1_FULL,0.8164688017438102,0.1835311982561898,0.029999999999999999,1906
e0b78b77-8fdf-5d74-9985-84fc89a07996,4cfbc3c0-b84f-565d-b872-223935f42baf,2023-08-26,2023,MOV1_FULL,0.71539846496526127,0.28460153503473873,0.029999999999999999,1906
e4638d97-bb2c-562e-a947-a0557fc5bfdf,4cfbc3c0-b84f-565d-b872-223935f42baf,2023-08-26,2023,MOV1_FULL,0.61538059650536392,0.38461940349463608,0.029999999999999999,1906
02620854-511e-5e1f-8950-3bf2baab78a6,fb618f4e-594e-54d0-9b5b-7c835af38aa1,2023-09-02,2023,MOV1_FULL,0.58803792293791679,0.41196207706208321,0.029999999999999999,1906
06a1d14c-ef6b-57dd-9339-22f43076d515,fb618f4e-594e-54d0-9b5b-7c835af38aa1,2023-09-02,2023,MOV1_FULL,0.63875066906971667,0.36124933093028333,0.029999999999999999,1906
1bf94c7e-397a-598e-9963-008524f1ff3c,fb618f4e-594e-54d0-9b5b-7c835af38aa1,2023-09-02,2023,MOV1_FULL,0.4428539522509205,0.5571460477490795,0.029999999999999999,1906
267042a6-3f21-5f8a-9da8-4dc4b6745213,fb618f4e-594e-54d0-9b5b-7c835af38aa1,2023-09-02,2023,MOV1_FULL,0.68972245756343109,0.31027754243656891,0.029999999999999999,1906
347693b3-809c-5a4b-a10f-9ac01e25a6e0,fb618f4e-594e-54d0-9b5b-7c835af38aa1,2023-09-02,2023,MOV1_FULL,0.64554603805963184,0.35445396194036816,0.029999999999999999,1906
5243be47-e329-564a-8118-7ecc06b4e4f3,fb618f4e-594e-54d0-9b5b-7c835af38aa1,2023-09-02,2023,MOV1_FULL,0.68944059846620431,0.31055940153379569,0.029999999999999999,1906
6a9cc438-8bcb-52e4-aeba-6693bb082dc3,fb618f4e-594e-54d0-9b5b-7c835af38aa1,2023-09-02,2023,MOV1_FULL,0.64292527390215237,0.35707472609784763,0.029999999999999999,1906
8bb7d27c-11b8-5f46-8c50-256234b97892,fb618f4e-594e-54d0-9b5b-7c835af38aa1,2023-09-02,2023,MOV1_FULL,0.75372883574387117,0.24627116425612883,0.029999999999999999,1906
8f301e3f-4ede-598c-adcf-80cbbcd5f8d2,fb618f4e-594e-54d0-9b5b-7c835af38aa1,2023-09-02,2023,MOV1_FULL,0.76143399275650825,0.23856600724349175,0.029999999999999999,1906
f04ce73e-7add-5dcd-b42f-7f57d05e23fa,fb618f4e-594e-54d0-9b5b-7c835af38aa1,2023-09-02,2023,MOV1_FULL,0.69665364472081259,0.30334635527918741,0.029999999999999999,1906
f592776c-4f23-5bcd-a730-e11ce9dc0ca6,fb618f4e-594e-54d0-9b5b-7c835af38aa1,2023-09-02,2023,MOV1_FULL,0.75891506677751031,0.24108493322248969,0.029999999999999999,1906
0a14008f-9f43-58c0-8912-928cb44b548b,02dcce46-801d-58b3-ad17-6bd224f6f5c8,2023-09-09,2023,MOV1_FULL,0.45220519687760408,0.54779480312239592,0.029999999999999999,1906
0ffb0d32-bfdc-5899-b726-6b03016bb171,02dcce46-801d-58b3-ad17-6bd224f6f5c8,2023-09-09,2023,MOV1_FULL,0.684702309948787,0.315297690051213,0.029999999999999999,1906
21ff0e3b-b25e-5d0e-89dc-0d0aa6bcbf2b,02dcce46-801d-58b3-ad17-6bd224f6f5c8,2023-09-09,2023,MOV1_FULL,0.74284307126674265,0.25715692873325735,0.029999999999999999,1906
2804da2b-6cd5-547c-bf84-2fbe851ac25d,02dcce46-801d-58b3-ad17-6bd224f6f5c8,2023-09-09,2023,MOV1_FULL,0.85681363665516908,0.14318636334483092,0.029999999999999999,1906
352fe9c8-3635-5fe3-9f90-cd8477c63a12,02dcce46-801d-58b3-ad17-6bd224f6f5c8,2023-09-09,2023,MOV1_FULL,0.60600785641783872,0.39399214358216128,0.029999999999999999,1906
3dc90b3b-90fd-5f71-8879-4b382016da42,02dcce46-801d-58b3-ad17-6bd224f6f5c8,2023-09-09,2023,MOV1_FULL,0.87528726445117455,0.12471273554882545,0.029999999999999999,1906
4fd64b31-f4fb-5935-8797-5750c88b8998,02dcce46-801d-58b3-ad17-6bd224f6f5c8,2023-09-09,2023,MOV1_FULL,0.47131671074727843,0.52868328925272157,0.029999999999999999,1906
52c9cf0a-7226-572c-82b1-90c973c65386,02dcce46-801d-58b3-ad17-6bd224f6f5c8,2023-09-09,2023,MOV1_FULL,0.86393656779359684,0.13606343220640316,0.029999999999999999,1906
7d82b029-5b3f-53a4-9697-e31ae4210701,02dcce46-801d-58b3-ad17-6bd224f6f5c8,2023-09-09,2023,MOV1_FULL,0.8304111735445967,0.1695888264554033,0.029999999999999999,1906
95b2c23c-d1b0-5fff-bd28-ef62b2a219fb,02dcce46-801d-58b3-ad17-6bd224f6f5c8,2023-09-09,2023,MOV1_FULL,0.89654419779550298,0.10345580220449702,0.029999999999999999,1906
a3af2458-3c65-5f8e-9731-697a19c84a6c,02dcce46-801d-58b3-ad17-6bd224f6f5c8,2023-09-09,2023,MOV1_FULL,0.60413142700108713,0.39586857299891287,0.029999999999999999,1906
b8e06409-85a6-55ec-8349-5d4ec6ae9474,02dcce46-801d-58b3-ad17-6bd224f6f5c8,2023-09-09,2023,MOV1_FULL,0.89526078287982558,0.10473921712017442,0.029999999999999999,1906
25669c0b-de02-59a6-9c7e-d7194ac2c94f,241a13a7-b43b-58ff-8314-8ecadc37113c,2023-09-16,2023,MOV1_FULL,0.58062132491763652,0.41937867508236348,0.029999999999999999,1906
3bd4c6d3-6c33-5e9a-8252-f0f88f23ec89,241a13a7-b43b-58ff-8314-8ecadc37113c,2023-09-16,2023,MOV1_FULL,0.70795561580890276,0.29204438419109724,0.029999999999999999,1906
413f45af-000c-544e-8257-e3505537715c,241a13a7-b43b-58ff-8314-8ecadc37113c,2023-09-16,2023,MOV1_FULL,0.77404773904878843,0.22595226095121157,0.029999999999999999,1906
46e1b829-f31e-51ac-ab75-b1127497be60,241a13a7-b43b-58ff-8314-8ecadc37113c,2023-09-16,2023,MOV1_FULL,0.57462188337691122,0.42537811662308878,0.029999999999999999,1906
4d4e3cb1-3223-5822-91a2-10bfee6c26f3,241a13a7-b43b-58ff-8314-8ecadc37113c,2023-09-16,2023,MOV1_FULL,0.51667934402311144,0.48332065597688856,0.029999999999999999,1906
62494e8a-d58b-52ae-8922-276389247d73,241a13a7-b43b-58ff-8314-8ecadc37113c,2023-09-16,2023,MOV1_FULL,0.52406935353249495,0.47593064646750505,0.029999999999999999,1906
74c55776-70fb-598a-a180-79fc64b7a175,241a13a7-b43b-58ff-8314-8ecadc37113c,2023-09-16,2023,MOV1_FULL,0.47649545990423103,0.52350454009576897,0.029999999999999999,1906
a14037da-371c-5b72-a73c-1016bde8b9e2,241a13a7-b43b-58ff-8314-8ecadc37113c,2023-09-16,2023,MOV1_FULL,0.54784627226283489,0.45215372773716511,0.029999999999999999,1906
b37e0293-053e-5906-a6e5-e63968747064,241a13a7-b43b-58ff-8314-8ecadc37113c,2023-09-16,2023,MOV1_FULL,0.51020580649744851,0.48979419350255149,0.029999999999999999,1906
ca286484-c7dc-5ebc-b333-5cd21372de7b,241a13a7-b43b-58ff-8314-8ecadc37113c,2023-09-16,2023,MOV1_FULL,0.78714866641070846,0.21285133358929154,0.029999999999999999,1906
359f190b-b317-575a-ad9c-5723a91813fd,edeb8c10-8690-5e01-9e28-4572b20d96ea,2023-09-23,2023,MOV1_FULL,0.90325975764260835,0.096740242357391648,0.029999999999999999,1906
5e2085e2-95c1-5809-8546-d02802192538,edeb8c10-8690-5e01-9e28-4572b20d96ea,2023-09-23,2023,MOV1_FULL,0.75903123292700558,0.24096876707299442,0.029999999999999999,1906
71ab3260-77ab-58d2-8444-68e642177934,edeb8c10-8690-5e01-9e28-4572b20d96ea,2023-09-23,2023,MOV1_FULL,0.77881475872739636,0.22118524127260364,0.029999999999999999,1906
ac57c641-d03a-5c74-95b0-0b59595f451d,edeb8c10-8690-5e01-9e28-4572b20d96ea,2023-09-23,2023,MOV1_FULL,0.6515765720217167,0.3484234279782833,0.029999999999999999,1906
b6817e94-bc60-57b7-a7f5-060310109bca,edeb8c10-8690-5e01-9e28-4572b20d96ea,2023-09-23,2023,MOV1_FULL,0.82782633816129414,0.17217366183870586,0.029999999999999999,1906
c10b5aef-f227-5a12-afba-d0d3750584d4,edeb8c10-8690-5e01-9e28-4572b20d96ea,2023-09-23,2023,MOV1_FULL,0.54129973880920512,0.45870026119079488,0.029999999999999999,1906
d21a1424-55b0-5e6d-bc09-5bc96bb10faf,edeb8c10-8690-5e01-9e28-4572b20d96ea,2023-09-23,2023,MOV1_FULL,0.56188923286052006,0.43811076713947994,0.029999999999999999,1906
d5828cde-f13f-55d3-ac7f-8d8b5e52add3,edeb8c10-8690-5e01-9e28-4572b20d96ea,2023-09-23,2023,MOV1_FULL,0.83888869228906338,0.16111130771093662,0.029999999999999999,1906
f7803bca-3fa9-51ac-99f8-65bc29a1161d,edeb8c10-8690-5e01-9e28-4572b20d96ea,2023-09-23,2023,MOV1_FULL,0.52770390694328373,0.47229609305671627,0.029999999999999999,1906
254c9deb-2876-53b9-9e9e-453ec3f0ce7b,e09aabd7-7b97-59de-a6ae-184f14a65a05,2023-10-07,2023,MOV1_FULL,0.86345597557381792,0.13654402442618208,0.029999999999999999,1906
41d992b9-b7b9-54db-a5c4-e2248d54ed35,e09aabd7-7b97-59de-a6ae-184f14a65a05,2023-10-07,2023,MOV1_FULL,0.63150971406227785,0.36849028593772215,0.029999999999999999,1906
423a9f25-67c1-5283-830f-7ac09a49678c,e09aabd7-7b97-59de-a6ae-184f14a65a05,2023-10-07,2023,MOV1_FULL,0.51928148231007121,0.48071851768992879,0.029999999999999999,1906
a371cba6-f4cc-51dd-be30-e9159dd3a4b0,e09aabd7-7b97-59de-a6ae-184f14a65a05,2023-10-07,2023,MOV1_FULL,0.79194542135953638,0.20805457864046362,0.029999999999999999,1906
ab348a8c-fd5d-5a8f-a2e2-cec2cfd3c091,e09aabd7-7b97-59de-a6ae-184f14a65a05,2023-10-07,2023,MOV1_FULL,0.89700619999584785,0.10299380000415215,0.029999999999999999,1906
b83e5140-8ba9-5d92-844f-42f77b4eed65,e09aabd7-7b97-59de-a6ae-184f14a65a05,2023-10-07,2023,MOV1_FULL,0.60433411939725956,0.39566588060274044,0.029999999999999999,1906
c05e1ff0-06e2-53ec-9acb-69f31f852e42,e09aabd7-7b97-59de-a6ae-184f14a65a05,2023-10-07,2023,MOV1_FULL,0.51708320853969925,0.48291679146030075,0.029999999999999999,1906
c4ecd1dd-1ed7-5b55-8e30-416f4f2460a7,e09aabd7-7b97-59de-a6ae-184f14a65a05,2023-10-07,2023,MOV1_FULL,0.66154491378469726,0.33845508621530274,0.029999999999999999,1906
d1fa16c7-4608-5610-ab47-547a4f27243e,e09aabd7-7b97-59de-a6ae-184f14a65a05,2023-10-07,2023,MOV1_FULL,0.56784295356278747,0.43215704643721253,0.029999999999999999,1906
d9a9312c-b120-51a6-97eb-87b193f90188,e09aabd7-7b97-59de-a6ae-184f14a65a05,2023-10-07,2023,MOV1_FULL,0.82128876317929744,0.17871123682070256,0.029999999999999999,1906
0190d0cc-66a3-526e-b16a-ceeb7aa234b1,3fb2937e-9b55-5890-9b19-e1ea601d32b0,2023-10-14,2023,MOV1_FULL,0.88069753026115294,0.11930246973884706,0.029999999999999999,1906
0c406039-e2f9-588c-9862-65aaf0816b09,3fb2937e-9b55-5890-9b19-e1ea601d32b0,2023-10-14,2023,MOV1_FULL,0.52912933288177155,0.47087066711822845,0.029999999999999999,1906
1b34cef8-2e86-56a1-a66f-152fb892499b,3fb2937e-9b55-5890-9b19-e1ea601d32b0,2023-10-14,2023,MOV1_FULL,0.48858983559147096,0.51141016440852904,0.029999999999999999,1906
1f56186e-04c4-56d2-a1da-7fbf26a01693,3fb2937e-9b55-5890-9b19-e1ea601d32b0,2023-10-14,2023,MOV1_FULL,0.77964106779597531,0.22035893220402469,0.029999999999999999,1906
1fff6e95-46dd-55fd-83c5-82e410443530,3fb2937e-9b55-5890-9b19-e1ea601d32b0,2023-10-14,2023,MOV1_FULL,0.91341921895140743,0.08658078104859257,0.029999999999999999,1906
5335d26c-f8c8-5971-8b40-30287de1e973,3fb2937e-9b55-5890-9b19-e1ea601d32b0,2023-10-14,2023,MOV1_FULL,0.37627368799635308,0.62372631200364692,0.029999999999999999,1906
91a9ff33-25ac-5d77-826d-596b1f7f967c,3fb2937e-9b55-5890-9b19-e1ea601d32b0,2023-10-14,2023,MOV1_FULL,0.643351497250788,0.356648502749212,0.029999999999999999,1906
a15e6d51-cb51-5fef-99d4-0adb0f6dc6e0,3fb2937e-9b55-5890-9b19-e1ea601d32b0,2023-10-14,2023,MOV1_FULL,0.5122053767818282,0.4877946232181718,0.029999999999999999,1906
bfcd4604-557f-546c-8a4c-e13d925db8f0,3fb2937e-9b55-5890-9b19-e1ea601d32b0,2023-10-14,2023,MOV1_FULL,0.54893360992563855,0.45106639007436145,0.029999999999999999,1906
c6873359-d60c-5753-b2cd-c7322c1aa046,3fb2937e-9b55-5890-9b19-e1ea601d32b0,2023-10-14,2023,MOV1_FULL,0.62591817450231169,0.37408182549768831,0.029999999999999999,1906
edcfb600-2034-5c44-9027-fd2d4742e941,3fb2937e-9b55-5890-9b19-e1ea601d32b0,2023-10-14,2023,MOV1_FULL,0.73066099049965794,0.26933900950034206,0.029999999999999999,1906
0126bb47-fe84-5935-9647-0b67547c0fe7,f13f9cea-0ff9-5134-b37c-3bbda61c3dee,2023-10-21,2023,MOV1_FULL,0.67126726478119092,0.32873273521880908,0.029999999999999999,1906
01cbe874-fdfd-52cb-a0d6-1263085c0c69,f13f9cea-0ff9-5134-b37c-3bbda61c3dee,2023-10-21,2023,MOV1_FULL,0.72687423373543258,0.27312576626456742,0.029999999999999999,1906
1b80565e-0d87-519d-a704-419bed68d955,f13f9cea-0ff9-5134-b37c-3bbda61c3dee,2023-10-21,2023,MOV1_FULL,0.63679992458744594,0.36320007541255406,0.029999999999999999,1906
37226f64-d3d2-56f4-8049-e7b50b48b841,f13f9cea-0ff9-5134-b37c-3bbda61c3dee,2023-10-21,2023,MOV1_FULL,0.26600956929084368,0.73399043070915626,0.029999999999999999,1906
499e0b5f-05bd-5188-89f0-d4167ec474be,f13f9cea-0ff9-5134-b37c-3bbda61c3dee,2023-10-21,2023,MOV1_FULL,0.73272383123905971,0.26727616876094029,0.029999999999999999,1906
6ceca10b-b8d4-5d8e-a917-e0894d4581f9,f13f9cea-0ff9-5134-b37c-3bbda61c3dee,2023-10-21,2023,MOV1_FULL,0.59945482500972858,0.40054517499027142,0.029999999999999999,1906
8b757829-b89a-5c92-8dab-2f2e6a970425,f13f9cea-0ff9-5134-b37c-3bbda61c3dee,2023-10-21,2023,MOV1_FULL,0.7114063257115677,0.2885936742884323,0.029999999999999999,1906
beff964b-1ecb-5565-b8bd-e61fa65640fc,f13f9cea-0ff9-5134-b37c-3bbda61c3dee,2023-10-21,2023,MOV1_FULL,0.67859074840151801,0.32140925159848199,0.029999999999999999,1906
c49c86cb-fc1b-5c11-8f01-b8e6846b6bc9,f13f9cea-0ff9-5134-b37c-3bbda61c3dee,2023-10-21,2023,MOV1_FULL,0.6748355874237002,0.3251644125762998,0.029999999999999999,1906
d9dcac23-a8e1-576c-8caf-5a250d0f0278,f13f9cea-0ff9-5134-b37c-3bbda61c3dee,2023-10-21,2023,MOV1_FULL,0.70362856047000044,0.29637143952999956,0.029999999999999999,1906
01a064d9-f2b8-50dd-b2b8-61202bb8aa8f,5f4c19de-351c-569d-bb49-eee344ed23dd,2023-11-04,2023,MOV1_FULL,0.70658180980298446,0.29341819019701554,0.029999999999999999,1906
0c0e9975-532f-5b6c-8c9f-0020149a98c3,5f4c19de-351c-569d-bb49-eee344ed23dd,2023-11-04,2023,MOV1_FULL,0.65778427577146836,0.34221572422853164,0.029999999999999999,1906
298a373a-82db-5961-aa8f-329805a0bb15,5f4c19de-351c-569d-bb49-eee344ed23dd,2023-11-04,2023,MOV1_FULL,0.66091513480313735,0.33908486519686265,0.029999999999999999,1906
3cf431b8-2b17-5721-86ba-892c37e7049e,5f4c19de-351c-569d-bb49-eee344ed23dd,2023-11-04,2023,MOV1_FULL,0.53959359193873058,0.46040640806126942,0.029999999999999999,1906
826d5db4-0cf4-5a05-a433-a51204f50a23,5f4c19de-351c-569d-bb49-eee344ed23dd,2023-11-04,2023,MOV1_FULL,0.63677863946429403,0.36322136053570597,0.029999999999999999,1906
87da91e8-9c3b-5b4e-8085-cb3d2a49501e,5f4c19de-351c-569d-bb49-eee344ed23dd,2023-11-04,2023,MOV1_FULL,0.67202250036531752,0.32797749963468248,0.029999999999999999,1906
a24abeb7-8b4e-5c3a-a9c2-c3e77736968d,5f4c19de-351c-569d-bb49-eee344ed23dd,2023-11-04,2023,MOV1_FULL,0.57344419417496451,0.42655580582503549,0.029999999999999999,1906
c8fe9037-e859-5155-ba7b-67c3292f07c9,5f4c19de-351c-569d-bb49-eee344ed23dd,2023-11-04,2023,MOV1_FULL,0.66540351930713304,0.33459648069286696,0.029999999999999999,1906
dea4b3ed-2c76-556a-bbdc-ef7403ead5f8,5f4c19de-351c-569d-bb49-eee344ed23dd,2023-11-04,2023,MOV1_FULL,0.67054879028428327,0.32945120971571673,0.029999999999999999,1906
fc4471be-3937-59b7-9775-1faba252f44d,5f4c19de-351c-569d-bb49-eee344ed23dd,2023-11-04,2023,MOV1_FULL,0.72923167395876176,0.27076832604123824,0.029999999999999999,1906
099d1545-81b9-51a1-bcd6-822f044633f5,6d3f03ab-49dd-5bce-9f4b-897590ea3bbd,2023-11-11,2023,MOV1_FULL,0.52915977211573817,0.47084022788426183,0.029999999999999999,1906
1774119f-d83a-5b6d-afbc-ce55c6fb9fcf,6d3f03ab-49dd-5bce-9f4b-897590ea3bbd,2023-11-11,2023,MOV1_FULL,0.87191291655640124,0.12808708344359876,0.029999999999999999,1906
435a63b6-4c12-57f5-a13f-5d0850332fc0,6d3f03ab-49dd-5bce-9f4b-897590ea3bbd,2023-11-11,2023,MOV1_FULL,0.74660406142913238,0.25339593857086762,0.029999999999999999,1906
483c6bc6-363f-5c55-a4fa-b79cb279fdef,6d3f03ab-49dd-5bce-9f4b-897590ea3bbd,2023-11-11,2023,MOV1_FULL,0.52248056138043086,0.47751943861956914,0.029999999999999999,1906
69eae701-5093-5a6c-ada5-833476e6b06f,6d3f03ab-49dd-5bce-9f4b-897590ea3bbd,2023-11-11,2023,MOV1_FULL,0.80683042988492593,0.19316957011507407,0.029999999999999999,1906
6bd10c28-99f1-5732-ad30-111ab867dbc8,6d3f03ab-49dd-5bce-9f4b-897590ea3bbd,2023-11-11,2023,MOV1_FULL,0.53734581026619177,0.46265418973380823,0.029999999999999999,1906
7581eafd-76c0-55a7-93b3-67cc5230ec96,6d3f03ab-49dd-5bce-9f4b-897590ea3bbd,2023-11-11,2023,MOV1_FULL,0.73263955781475332,0.26736044218524668,0.029999999999999999,1906
99d54cdd-bec4-5c42-87bb-a768f7493dfa,6d3f03ab-49dd-5bce-9f4b-897590ea3bbd,2023-11-11,2023,MOV1_FULL,0.1955183818078027,0.80448161819219732,0.029999999999999999,1906
bf6fe7d9-26d0-5182-a0b0-fe1838550e1b,6d3f03ab-49dd-5bce-9f4b-897590ea3bbd,2023-11-11,2023,MOV1_FULL,0.65663969172181058,0.34336030827818942,0.029999999999999999,1906
c0fc3996-320a-5cd4-ad94-009cab75f2c6,6d3f03ab-49dd-5bce-9f4b-897590ea3bbd,2023-11-11,2023,MOV1_FULL,0.69233269395144648,0.30766730604855352,0.029999999999999999,1906
c3be8c87-b444-50d0-9e7f-fe3e6be06fc4,6d3f03ab-49dd-5bce-9f4b-897590ea3bbd,2023-11-11,2023,MOV1_FULL,0.68928111467087805,0.31071888532912195,0.029999999999999999,1906
c9a892ef-34c8-5e76-8acc-5e10be03af3c,6d3f03ab-49dd-5bce-9f4b-897590ea3bbd,2023-11-11,2023,MOV1_FULL,0.73691965736011167,0.26308034263988833,0.029999999999999999,1906
f4659a6c-7e4f-534c-8bf3-2487dd9b1178,6d3f03ab-49dd-5bce-9f4b-897590ea3bbd,2023-11-11,2023,MOV1_FULL,0.6560755133611037,0.3439244866388963,0.029999999999999999,1906
09a734a3-456b-5951-98b8-7b70042bd506,9ae1b215-cf0d-53e4-9591-45bd0305205a,2023-11-18,2023,MOV1_FULL,0.59989582208495196,0.40010417791504804,0.029999999999999999,1906
0a2f939d-eacb-591b-83f1-7cf274f07b75,9ae1b215-cf0d-53e4-9591-45bd0305205a,2023-11-18,2023,MOV1_FULL,0.48460061721016989,0.51539938278983011,0.029999999999999999,1906
30dc5b09-508e-5648-b9fb-e4464dfc7099,9ae1b215-cf0d-53e4-9591-45bd0305205a,2023-11-18,2023,MOV1_FULL,0.76760731525627901,0.23239268474372099,0.029999999999999999,1906
3712003d-0f37-5a41-b1e1-004cfd5297a0,9ae1b215-cf0d-53e4-9591-45bd0305205a,2023-11-18,2023,MOV1_FULL,0.5293864870123135,0.4706135129876865,0.029999999999999999,1906
5c159309-5a98-5571-b3f9-f7b5fe33d3aa,9ae1b215-cf0d-53e4-9591-45bd0305205a,2023-11-18,2023,MOV1_FULL,0.45556054800327622,0.54443945199672372,0.029999999999999999,1906
7f73377a-6f70-5fcb-a3c9-1e4d33c9fcfd,9ae1b215-cf0d-53e4-9591-45bd0305205a,2023-11-18,2023,MOV1_FULL,0.76618545622543566,0.23381454377456434,0.029999999999999999,1906
a4e8db10-87ac-5521-a25d-7de1a7e85fc8,9ae1b215-cf0d-53e4-9591-45bd0305205a,2023-11-18,2023,MOV1_FULL,0.76192635488441063,0.23807364511558937,0.029999999999999999,1906
ad4f2521-a661-5eee-84d0-f78c121d43b6,9ae1b215-cf0d-53e4-9591-45bd0305205a,2023-11-18,2023,MOV1_FULL,0.58692305801333744,0.41307694198666256,0.029999999999999999,1906
c44d9bd8-3df5-591b-a100-607216cf1570,9ae1b215-cf0d-53e4-9591-45bd0305205a,2023-11-18,2023,MOV1_FULL,0.6564439575825376,0.3435560424174624,0.029999999999999999,1906
cbc5ad8f-a996-58ea-ba5b-cbd077be7acd,9ae1b215-cf0d-53e4-9591-45bd0305205a,2023-11-18,2023,MOV1_FULL,0.79124386996663976,0.20875613003336024,0.029999999999999999,1906
cd1225e2-a563-587e-a7d9-dc06f5e26c22,9ae1b215-cf0d-53e4-9591-45bd0305205a,2023-11-18,2023,MOV1_FULL,0.40607354945408214,0.59392645054591786,0.029999999999999999,1906
d95f9e74-18c0-5e02-9c86-e14a041e4dd1,9ae1b215-cf0d-53e4-9591-45bd0305205a,2023-11-18,2023,MOV1_FULL,0.49893943406819036,0.5010605659318097,0.029999999999999999,1906
ffac29f3-3efe-554b-9569-534fe38001f0,9ae1b215-cf0d-53e4-9591-45bd0305205a,2023-11-18,2023,MOV1_FULL,0.68173574285593208,0.31826425714406792,0.029999999999999999,1906
13a45098-eb2d-562a-83db-714a63abca47,a209329c-a577-505e-89d5-845621a23efe,2023-12-02,2023,MOV1_FULL,0.68266424349922761,0.31733575650077239,0.029999999999999999,1906
50df0ad8-51de-5a62-af79-a16ea0a84b19,a209329c-a577-505e-89d5-845621a23efe,2023-12-02,2023,MOV1_FULL,0.59416972223483466,0.40583027776516534,0.029999999999999999,1906
5c0d0f7c-ae7c-5574-aef8-f0f986dda48a,a209329c-a577-505e-89d5-845621a23efe,2023-12-02,2023,MOV1_FULL,0.71308890958353344,0.28691109041646656,0.029999999999999999,1906
90a72bf0-2870-59bd-bd55-30543282c29b,a209329c-a577-505e-89d5-845621a23efe,2023-12-02,2023,MOV1_FULL,0.73757288965257328,0.26242711034742672,0.029999999999999999,1906
b3d0d217-12fa-501d-912b-5e14a434b982,a209329c-a577-505e-89d5-845621a23efe,2023-12-02,2023,MOV1_FULL,0.69984423086000114,0.30015576913999886,0.029999999999999999,1906
cdbd5303-549c-5723-9d7e-4218aa0bd9e0,a209329c-a577-505e-89d5-845621a23efe,2023-12-02,2023,MOV1_FULL,0.49135077189473914,0.50864922810526081,0.029999999999999999,1906
d07215d2-17fe-5261-8db7-0e9d2cd01ccc,a209329c-a577-505e-89d5-845621a23efe,2023-12-02,2023,MOV1_FULL,0.65652215500431677,0.34347784499568323,0.029999999999999999,1906
d3aadee9-66c5-5f59-aeb8-30181ccad169,a209329c-a577-505e-89d5-845621a23efe,2023-12-02,2023,MOV1_FULL,0.48678456887406446,0.51321543112593559,0.029999999999999999,1906
d7196eb1-8f13-5b96-9a91-08558f06c554,a209329c-a577-505e-89d5-845621a23efe,2023-12-02,2023,MOV1_FULL,0.78026734624180605,0.21973265375819395,0.029999999999999999,1906
e2eda86e-6840-58c2-9ddf-d6d8d320bde8,a209329c-a577-505e-89d5-845621a23efe,2023-12-02,2023,MOV1_FULL,0.52616894359551758,0.47383105640448242,0.029999999999999999,1906
f9c0f6a1-f713-5d72-880a-07a847f7b45e,a209329c-a577-505e-89d5-845621a23efe,2023-12-02,2023,MOV1_FULL,0.70183060350782578,0.29816939649217422,0.029999999999999999,1906
fd228746-4287-50aa-b5c2-97e2cb863a70,a209329c-a577-505e-89d5-845621a23efe,2023-12-02,2023,MOV1_FULL,0.84448283283207148,0.15551716716792852,0.029999999999999999,1906
01b4fd42-a990-5669-bb4d-7b322bf9a67d,4818d1af-e4dc-5906-9839-7ce902c75fc6,2023-12-09,2023,MOV1_FULL,0.43169737238693345,0.56830262761306649,0.029999999999999999,1906
0a70343c-0ab6-5126-a63a-98817569420a,4818d1af-e4dc-5906-9839-7ce902c75fc6,2023-12-09,2023,MOV1_FULL,0.86450079087535803,0.13549920912464197,0.029999999999999999,1906
29a9289d-4ef3-597e-b74c-66137b78e495,4818d1af-e4dc-5906-9839-7ce902c75fc6,2023-12-09,2023,MOV1_FULL,0.64556644660823581,0.35443355339176419,0.029999999999999999,1906
3e2441a5-9c5f-5d73-a08a-924849e37b33,4818d1af-e4dc-5906-9839-7ce902c75fc6,2023-12-09,2023,MOV1_FULL,0.49768340363111074,0.50231659636888926,0.029999999999999999,1906
47191304-5215-590b-b9a5-465b1c69721c,4818d1af-e4dc-5906-9839-7ce902c75fc6,2023-12-09,2023,MOV1_FULL,0.31850904154549409,0.68149095845450591,0.029999999999999999,1906
754c26a1-0509-58e3-b1d3-10a4c1d7e870,4818d1af-e4dc-5906-9839-7ce902c75fc6,2023-12-09,2023,MOV1_FULL,0.83176777266817992,0.16823222733182008,0.029999999999999999,1906
b04065a9-c664-578d-8991-b2dd2edc16b2,4818d1af-e4dc-5906-9839-7ce902c75fc6,2023-12-09,2023,MOV1_FULL,0.51020580649744851,0.48979419350255149,0.029999999999999999,1906
bd852f2d-efae-5850-ba7e-51a3cdef3a26,4818d1af-e4dc-5906-9839-7ce902c75fc6,2023-12-09,2023,MOV1_FULL,0.83856273114318469,0.16143726885681531,0.029999999999999999,1906
c3b4453c-bdf4-508c-9507-6e8c7cfdd369,4818d1af-e4dc-5906-9839-7ce902c75fc6,2023-12-09,2023,MOV1_FULL,0.83291134903362463,0.16708865096637537,0.029999999999999999,1906
f33a7837-2fef-55ad-8f81-71baa1ae28ee,4818d1af-e4dc-5906-9839-7ce902c75fc6,2023-12-09,2023,MOV1_FULL,0.33205077095071189,0.66794922904928811,0.029999999999999999,1906
f5a94e3f-1b95-56a3-be87-00796e5d04a8,4818d1af-e4dc-5906-9839-7ce902c75fc6,2023-12-09,2023,MOV1_FULL,0.84682504887005206,0.15317495112994794,0.029999999999999999,1906
01b51bc6-e6b6-5b81-88ec-91f50755c824,39c4dbe8-d98c-5dc2-8411-d133b42e360f,2023-12-16,2023,MOV1_FULL,0.85520953074463357,0.14479046925536643,0.029999999999999999,1906
3a1c1aa4-f972-5a2f-86d7-0afce7e83261,39c4dbe8-d98c-5dc2-8411-d133b42e360f,2023-12-16,2023,MOV1_FULL,0.49522805841469469,0.50477194158530536,0.029999999999999999,1906
5823b2fa-e965-54bc-acd3-fe779d4dc5d3,39c4dbe8-d98c-5dc2-8411-d133b42e360f,2023-12-16,2023,MOV1_FULL,0.75345204330792193,0.24654795669207807,0.029999999999999999,1906
61b099c0-ac5d-5c9e-a73e-5672c7fd3dca,39c4dbe8-d98c-5dc2-8411-d133b42e360f,2023-12-16,2023,MOV1_FULL,0.76344228355284616,0.23655771644715384,0.029999999999999999,1906
6bb701a4-abd3-5101-beeb-0d02c93778e2,39c4dbe8-d98c-5dc2-8411-d133b42e360f,2023-12-16,2023,MOV1_FULL,0.35818706563770869,0.64181293436229137,0.029999999999999999,1906
78534bc3-a594-5b34-a523-44f6c61e0fc3,39c4dbe8-d98c-5dc2-8411-d133b42e360f,2023-12-16,2023,MOV1_FULL,0.73839241373055653,0.26160758626944347,0.029999999999999999,1906
a776ad45-2bf7-5113-a1d0-b3b77ac3944e,39c4dbe8-d98c-5dc2-8411-d133b42e360f,2023-12-16,2023,MOV1_FULL,0.40168813059658304,0.59831186940341696,0.029999999999999999,1906
bbb577cf-7725-5316-9826-72706bd529f0,39c4dbe8-d98c-5dc2-8411-d133b42e360f,2023-12-16,2023,MOV1_FULL,0.61393602761460964,0.38606397238539036,0.029999999999999999,1906
c046fb0a-17c8-5876-a675-59cc04b5794d,39c4dbe8-d98c-5dc2-8411-d133b42e360f,2023-12-16,2023,MOV1_FULL,0.6249462490253429,0.3750537509746571,0.029999999999999999,1906
c98f2477-97c5-57ae-8f3f-b3cf70e7d628,39c4dbe8-d98c-5dc2-8411-d133b42e360f,2023-12-16,2023,MOV1_FULL,0.75525932386723971,0.24474067613276029,0.029999999999999999,1906
dbc4118e-1d41-5d0f-94ab-cbd3b60f3bf9,39c4dbe8-d98c-5dc2-8411-d133b42e360f,2023-12-16,2023,MOV1_FULL,0.61381375218655421,0.38618624781344579,0.029999999999999999,1906
eafb24e2-8721-51d8-a4ea-a873a1810755,39c4dbe8-d98c-5dc2-8411-d133b42e360f,2023-12-16,2023,MOV1_FULL,0.82999024525646869,0.17000975474353131,0.029999999999999999,1906
05605339-db0d-5ab0-8d1d-9ac29eb6bf30,a959dc96-7bd3-5f1d-b309-3cead2a640aa,2024-01-13,2024,MOV1_FULL,0.90680878966316025,0.093191210336839747,0.029999999999999999,2164
1418893e-1ef2-5333-9b85-654163b3abc4,a959dc96-7bd3-5f1d-b309-3cead2a640aa,2024-01-13,2024,MOV1_FULL,0.55951588756012383,0.44048411243987617,0.029999999999999999,2164
8451c508-e5c5-5e63-88be-b23b0770f82e,a959dc96-7bd3-5f1d-b309-3cead2a640aa,2024-01-13,2024,MOV1_FULL,0.64109594461565333,0.35890405538434667,0.029999999999999999,2164
9873a34a-3b19-5613-8ec2-0b82c4d4cf4a,a959dc96-7bd3-5f1d-b309-3cead2a640aa,2024-01-13,2024,MOV1_FULL,0.66776105516885442,0.33223894483114558,0.029999999999999999,2164
9aacbfe4-b269-5cb4-9c54-6720a8e57da6,a959dc96-7bd3-5f1d-b309-3cead2a640aa,2024-01-13,2024,MOV1_FULL,0.83388145261266544,0.16611854738733456,0.029999999999999999,2164
9e4f6c71-fc06-5b50-9387-b6eda389f2b6,a959dc96-7bd3-5f1d-b309-3cead2a640aa,2024-01-13,2024,MOV1_FULL,0.82352347298401141,0.17647652701598859,0.029999999999999999,2164
a1d9f746-d7d9-5980-9ad1-642d4ef0286b,a959dc96-7bd3-5f1d-b309-3cead2a640aa,2024-01-13,2024,MOV1_FULL,0.66250951524454937,0.33749048475545063,0.029999999999999999,2164
b3caf115-3824-5f21-9f97-4349ea4ccc73,a959dc96-7bd3-5f1d-b309-3cead2a640aa,2024-01-13,2024,MOV1_FULL,0.5451459431297403,0.4548540568702597,0.029999999999999999,2164
ce5855e3-5eaa-53fb-8d2c-5deb2c9e5572,a959dc96-7bd3-5f1d-b309-3cead2a640aa,2024-01-13,2024,MOV1_FULL,0.61928059562286031,0.38071940437713969,0.029999999999999999,2164
f7dc4dd8-bb39-5a13-a476-7a87cd63a48a,a959dc96-7bd3-5f1d-b309-3cead2a640aa,2024-01-13,2024,MOV1_FULL,0.89332698894138107,0.10667301105861893,0.029999999999999999,2164
16f117e5-6833-5c66-abe7-0e27530898b2,01fd0234-ade1-59b2-b69e-b968a84c8b63,2024-01-20,2024,MOV1_FULL,0.24720201229634958,0.75279798770365036,0.029999999999999999,2164
28b85245-c665-5e17-b191-3a3e3348d322,01fd0234-ade1-59b2-b69e-b968a84c8b63,2024-01-20,2024,MOV1_FULL,0.82112696505938276,0.17887303494061724,0.029999999999999999,2164
7a896ce6-3f53-5b9b-a7a2-ab4b0f48ce27,01fd0234-ade1-59b2-b69e-b968a84c8b63,2024-01-20,2024,MOV1_FULL,0.55735340077515305,0.44264659922484695,0.029999999999999999,2164
8b049c6f-3bdc-5239-bc65-3f448b2a98b2,01fd0234-ade1-59b2-b69e-b968a84c8b63,2024-01-20,2024,MOV1_FULL,0.59003625465627274,0.40996374534372726,0.029999999999999999,2164
9ada6b8e-4dae-502e-9999-d30bad8c7508,01fd0234-ade1-59b2-b69e-b968a84c8b63,2024-01-20,2024,MOV1_FULL,0.59965451058537012,0.40034548941462988,0.029999999999999999,2164
9c0d4179-d461-54fe-b035-6fe1cdaaa92f,01fd0234-ade1-59b2-b69e-b968a84c8b63,2024-01-20,2024,MOV1_FULL,0.62500639653243251,0.37499360346756749,0.029999999999999999,2164
a5efe87d-9f54-5d08-b838-423dca222f3d,01fd0234-ade1-59b2-b69e-b968a84c8b63,2024-01-20,2024,MOV1_FULL,0.70539416155336176,0.29460583844663824,0.029999999999999999,2164
a89b1b4c-ac56-59e8-b7f1-92db249276f1,01fd0234-ade1-59b2-b69e-b968a84c8b63,2024-01-20,2024,MOV1_FULL,0.73373247081576687,0.26626752918423313,0.029999999999999999,2164
abab79a0-8343-5a3a-8ad2-c4dd7e30629f,01fd0234-ade1-59b2-b69e-b968a84c8b63,2024-01-20,2024,MOV1_FULL,0.51530230709308555,0.48469769290691445,0.029999999999999999,2164
cb526ba1-91f2-56be-8a6f-41f1bb461694,01fd0234-ade1-59b2-b69e-b968a84c8b63,2024-01-20,2024,MOV1_FULL,0.82867299163443997,0.17132700836556003,0.029999999999999999,2164
ec6a9fee-645c-555d-a4c4-96d0343afad4,01fd0234-ade1-59b2-b69e-b968a84c8b63,2024-01-20,2024,MOV1_FULL,0.47101331563200016,0.52898668436799978,0.029999999999999999,2164
fcdbdebb-b7bf-5566-9ced-0c9f90ccab81,01fd0234-ade1-59b2-b69e-b968a84c8b63,2024-01-20,2024,MOV1_FULL,0.50218956669064951,0.49781043330935049,0.029999999999999999,2164
1cd300c0-8ea5-57c6-b13b-a00f78fb39bf,7c46b698-f943-5998-a742-3e57111dfac5,2024-02-03,2024,MOV1_FULL,0.6971217343044287,0.3028782656955713,0.029999999999999999,2164
341e9ff9-b216-57d8-a53d-4e70166f9d65,7c46b698-f943-5998-a742-3e57111dfac5,2024-02-03,2024,MOV1_FULL,0.78549178865294345,0.21450821134705655,0.029999999999999999,2164
4ae271a8-3849-59b7-94a8-2e9e9876c2de,7c46b698-f943-5998-a742-3e57111dfac5,2024-02-03,2024,MOV1_FULL,0.67449730957932985,0.32550269042067015,0.029999999999999999,2164
65f9f678-685c-53be-863e-83f091855314,7c46b698-f943-5998-a742-3e57111dfac5,2024-02-03,2024,MOV1_FULL,0.64316902785265229,0.35683097214734771,0.029999999999999999,2164
7bfbdc6c-cb6f-5603-b9c6-7248690e9719,7c46b698-f943-5998-a742-3e57111dfac5,2024-02-03,2024,MOV1_FULL,0.67358148593434897,0.32641851406565103,0.029999999999999999,2164
82f3e5bc-7acd-5640-b673-1dd23a376b07,7c46b698-f943-5998-a742-3e57111dfac5,2024-02-03,2024,MOV1_FULL,0.72700029660655341,0.27299970339344659,0.029999999999999999,2164
8515584c-8b8b-5c79-a1be-76970da0529a,7c46b698-f943-5998-a742-3e57111dfac5,2024-02-03,2024,MOV1_FULL,0.57154706657345733,0.42845293342654267,0.029999999999999999,2164
8fc91511-77a6-5327-9b8a-e94d8f888b49,7c46b698-f943-5998-a742-3e57111dfac5,2024-02-03,2024,MOV1_FULL,0.48538416725790912,0.51461583274209088,0.029999999999999999,2164
c3f1574b-7948-57a5-a1d5-21b23e9aab3c,7c46b698-f943-5998-a742-3e57111dfac5,2024-02-03,2024,MOV1_FULL,0.6890321977199354,0.3109678022800646,0.029999999999999999,2164
cd699a6a-5981-538c-9f0e-3a54f0716bfe,7c46b698-f943-5998-a742-3e57111dfac5,2024-02-03,2024,MOV1_FULL,0.68820959675694759,0.31179040324305241,0.029999999999999999,2164
ee600817-8cde-5aad-a3f6-1daf970bdb72,7c46b698-f943-5998-a742-3e57111dfac5,2024-02-03,2024,MOV1_FULL,0.61623765864880664,0.38376234135119336,0.029999999999999999,2164
f0a323f7-06ad-5fa9-9a6f-6fdc0fbe8ea0,7c46b698-f943-5998-a742-3e57111dfac5,2024-02-03,2024,MOV1_FULL,0.74152156340566999,0.25847843659433001,0.029999999999999999,2164
273197e5-6b90-546a-adab-7831344f3571,49299228-08d0-5bb0-a9c2-879d035dfe2b,2024-02-10,2024,MOV1_FULL,0.80132008788447473,0.19867991211552527,0.029999999999999999,2164
3a39b327-f4b8-5d53-8e3e-38e02bb96cc1,49299228-08d0-5bb0-a9c2-879d035dfe2b,2024-02-10,2024,MOV1_FULL,0.69064812513903195,0.30935187486096805,0.029999999999999999,2164
7084933f-bfbf-5798-b66e-7ccfc0dc23e4,49299228-08d0-5bb0-a9c2-879d035dfe2b,2024-02-10,2024,MOV1_FULL,0.5973659118385416,0.4026340881614584,0.029999999999999999,2164
7631d103-1bfe-51c1-a2ef-82b4eaf5acec,49299228-08d0-5bb0-a9c2-879d035dfe2b,2024-02-10,2024,MOV1_FULL,0.55940490029812373,0.44059509970187627,0.029999999999999999,2164
78fa5efb-fd40-5d4f-a712-584a135d078a,49299228-08d0-5bb0-a9c2-879d035dfe2b,2024-02-10,2024,MOV1_FULL,0.73310363818552582,0.26689636181447418,0.029999999999999999,2164
8ff300e8-3f3e-55cb-bbf8-030311cb59ff,49299228-08d0-5bb0-a9c2-879d035dfe2b,2024-02-10,2024,MOV1_FULL,0.61835262895275078,0.38164737104724922,0.029999999999999999,2164
926e5736-9c21-5607-a344-c019b66608a0,49299228-08d0-5bb0-a9c2-879d035dfe2b,2024-02-10,2024,MOV1_FULL,0.78442290071229526,0.21557709928770474,0.029999999999999999,2164
a8ce0c71-8b84-522c-a503-a8cb589837ee,49299228-08d0-5bb0-a9c2-879d035dfe2b,2024-02-10,2024,MOV1_FULL,0.45648449314983974,0.54351550685016026,0.029999999999999999,2164
c46cf3ed-bfbe-5aca-8b23-aee90b6c7b36,49299228-08d0-5bb0-a9c2-879d035dfe2b,2024-02-10,2024,MOV1_FULL,0.84331298036046887,0.15668701963953113,0.029999999999999999,2164
e9a5e720-126e-5d1b-a457-fb8413ec3e8c,49299228-08d0-5bb0-a9c2-879d035dfe2b,2024-02-10,2024,MOV1_FULL,0.86543475846428786,0.13456524153571214,0.029999999999999999,2164
ed01a31d-198e-5710-aecc-7c4adbabde9d,49299228-08d0-5bb0-a9c2-879d035dfe2b,2024-02-10,2024,MOV1_FULL,0.65501037179492461,0.34498962820507539,0.029999999999999999,2164
f9e6d949-9f76-5f15-b107-3af75ad9ff97,49299228-08d0-5bb0-a9c2-879d035dfe2b,2024-02-10,2024,MOV1_FULL,0.37732171365096379,0.62267828634903621,0.029999999999999999,2164
fcd62df7-1336-51ef-a8b1-0acc96a38f55,49299228-08d0-5bb0-a9c2-879d035dfe2b,2024-02-10,2024,MOV1_FULL,0.7330198815223592,0.2669801184776408,0.029999999999999999,2164
0550e9ca-2327-51e2-9e87-33d84a680fd1,df5e60ac-d770-536f-9268-5f5e054664ee,2024-02-17,2024,MOV1_FULL,0.91778533898141823,0.082214661018581769,0.029999999999999999,2164
2f07845f-9da5-5446-af2b-8946a3478763,df5e60ac-d770-536f-9268-5f5e054664ee,2024-02-17,2024,MOV1_FULL,0.70654053747766654,0.29345946252233346,0.029999999999999999,2164
3e79dce6-fc8a-5c71-bfcf-044dc1b83f7d,df5e60ac-d770-536f-9268-5f5e054664ee,2024-02-17,2024,MOV1_FULL,0.84498436233376373,0.15501563766623627,0.029999999999999999,2164
48d9f46e-58ca-51e0-9fd6-1aef97b82387,df5e60ac-d770-536f-9268-5f5e054664ee,2024-02-17,2024,MOV1_FULL,0.5898429883524603,0.4101570116475397,0.029999999999999999,2164
498fe313-edd7-5642-8648-d47df7ecd25c,df5e60ac-d770-536f-9268-5f5e054664ee,2024-02-17,2024,MOV1_FULL,0.68291053813888714,0.31708946186111286,0.029999999999999999,2164
4a36104a-259d-543d-b41e-35a1d80d8f04,df5e60ac-d770-536f-9268-5f5e054664ee,2024-02-17,2024,MOV1_FULL,0.57102786894789759,0.42897213105210241,0.029999999999999999,2164
643d4568-9cb0-55ac-a885-01e4d10c8117,df5e60ac-d770-536f-9268-5f5e054664ee,2024-02-17,2024,MOV1_FULL,0.8288944829789503,0.1711055170210497,0.029999999999999999,2164
8090e0d8-1e59-5c08-87f9-24d7a5b2b034,df5e60ac-d770-536f-9268-5f5e054664ee,2024-02-17,2024,MOV1_FULL,0.79211361713628259,0.20788638286371741,0.029999999999999999,2164
858e13ac-08f5-5a96-b4b6-12e1d49cf52c,df5e60ac-d770-536f-9268-5f5e054664ee,2024-02-17,2024,MOV1_FULL,0.4486051765363096,0.5513948234636904,0.029999999999999999,2164
c1775120-fdda-538e-b5b6-7dcc6b631e4e,df5e60ac-d770-536f-9268-5f5e054664ee,2024-02-17,2024,MOV1_FULL,0.84067630510904023,0.15932369489095977,0.029999999999999999,2164
c8fdc324-135b-5201-9f26-75e575053197,df5e60ac-d770-536f-9268-5f5e054664ee,2024-02-17,2024,MOV1_FULL,0.37846250523781971,0.62153749476218034,0.029999999999999999,2164
e00e2883-52b2-568b-bd41-2cb1e907aad6,df5e60ac-d770-536f-9268-5f5e054664ee,2024-02-17,2024,MOV1_FULL,0.69078339150918444,0.30921660849081556,0.029999999999999999,2164
41a8b64a-31dc-5043-b2c2-630a26aa961b,9f760ebf-4469-5860-8732-66c218a2c170,2024-02-24,2024,MOV1_FULL,0.65789548818011701,0.34210451181988299,0.029999999999999999,2164
61025cc0-f2e4-5ba7-b4ee-e625bb7f2033,9f760ebf-4469-5860-8732-66c218a2c170,2024-02-24,2024,MOV1_FULL,0.48268244493592766,0.51731755506407229,0.029999999999999999,2164
63c75ceb-656f-5b2a-bd2e-d4f10b8493f2,9f760ebf-4469-5860-8732-66c218a2c170,2024-02-24,2024,MOV1_FULL,0.78873073694083129,0.21126926305916871,0.029999999999999999,2164
66896711-1286-5343-9db2-b4367c3ce0e1,9f760ebf-4469-5860-8732-66c218a2c170,2024-02-24,2024,MOV1_FULL,0.75278148043998894,0.24721851956001106,0.029999999999999999,2164
a057dd8b-e3bb-5046-b2a6-3f4ae8e2ec71,9f760ebf-4469-5860-8732-66c218a2c170,2024-02-24,2024,MOV1_FULL,0.7078737324751031,0.2921262675248969,0.029999999999999999,2164
afcad2f8-9d73-55bb-a0b6-3666e69bf161,9f760ebf-4469-5860-8732-66c218a2c170,2024-02-24,2024,MOV1_FULL,0.51362693998117526,0.48637306001882474,0.029999999999999999,2164
b13ee67a-2f79-539e-8732-46a115382e12,9f760ebf-4469-5860-8732-66c218a2c170,2024-02-24,2024,MOV1_FULL,0.57324306997474672,0.42675693002525328,0.029999999999999999,2164
cc96627a-e29e-53d4-a9b7-65841fc000d5,9f760ebf-4469-5860-8732-66c218a2c170,2024-02-24,2024,MOV1_FULL,0.52171442023605907,0.47828557976394093,0.029999999999999999,2164
e2a76168-6578-5627-a458-2f63bf475a19,9f760ebf-4469-5860-8732-66c218a2c170,2024-02-24,2024,MOV1_FULL,0.78077842622116367,0.21922157377883633,0.029999999999999999,2164
e4a9bc71-fc03-5b64-bf8a-177711193d7d,9f760ebf-4469-5860-8732-66c218a2c170,2024-02-24,2024,MOV1_FULL,0.71152293162827807,0.28847706837172193,0.029999999999999999,2164
ebfe4af5-74bf-54f7-b2db-a1b475378fad,9f760ebf-4469-5860-8732-66c218a2c170,2024-02-24,2024,MOV1_FULL,0.543002181298463,0.456997818701537,0.029999999999999999,2164
f40136a7-858f-57ff-8c76-cf24969dc4d2,9f760ebf-4469-5860-8732-66c218a2c170,2024-02-24,2024,MOV1_FULL,0.73977390090719353,0.26022609909280647,0.029999999999999999,2164
01188e8e-c68b-5b65-b693-bbb6ff3a93e2,c2c6bb71-9921-5636-8172-cec3b23b88c7,2024-03-02,2024,MOV1_FULL,0.61148653744335435,0.38851346255664565,0.029999999999999999,2164
628de561-7b74-527a-93a1-bea76293293d,c2c6bb71-9921-5636-8172-cec3b23b88c7,2024-03-02,2024,MOV1_FULL,0.59658402106277486,0.40341597893722514,0.029999999999999999,2164
7a4cd8c7-8ff2-581e-b6e2-ed26dc8cc4ce,c2c6bb71-9921-5636-8172-cec3b23b88c7,2024-03-02,2024,MOV1_FULL,0.81505236868354036,0.18494763131645964,0.029999999999999999,2164
807da640-c1ef-5938-8545-f184aacfc22d,c2c6bb71-9921-5636-8172-cec3b23b88c7,2024-03-02,2024,MOV1_FULL,0.85805492994688048,0.14194507005311952,0.029999999999999999,2164
9c8c272f-6b83-51c1-8c09-315144fd4d57,c2c6bb71-9921-5636-8172-cec3b23b88c7,2024-03-02,2024,MOV1_FULL,0.80871654310415897,0.19128345689584103,0.029999999999999999,2164
a230657a-5892-58b4-bc10-a059373b3da4,c2c6bb71-9921-5636-8172-cec3b23b88c7,2024-03-02,2024,MOV1_FULL,0.68833057006021325,0.31166942993978675,0.029999999999999999,2164
a3a8e5c2-0eee-5a80-b10b-4a64a5fc555e,c2c6bb71-9921-5636-8172-cec3b23b88c7,2024-03-02,2024,MOV1_FULL,0.21351877606706499,0.78648122393293507,0.029999999999999999,2164
bb4e5ac4-1936-5f2f-83b8-275027f4ece2,c2c6bb71-9921-5636-8172-cec3b23b88c7,2024-03-02,2024,MOV1_FULL,0.62522671314680556,0.37477328685319444,0.029999999999999999,2164
c2a87390-4891-59cf-b00b-5547a2e12f1b,c2c6bb71-9921-5636-8172-cec3b23b88c7,2024-03-02,2024,MOV1_FULL,0.89900661426825268,0.10099338573174732,0.029999999999999999,2164
cfdad30f-f5cb-5be0-a81a-e97e9d992766,c2c6bb71-9921-5636-8172-cec3b23b88c7,2024-03-02,2024,MOV1_FULL,0.59968559552363798,0.40031440447636202,0.029999999999999999,2164
d786e844-9b75-5694-b622-d9f3ef562234,c2c6bb71-9921-5636-8172-cec3b23b88c7,2024-03-02,2024,MOV1_FULL,0.55735340077515305,0.44264659922484695,0.029999999999999999,2164
07b98bfa-5572-56a4-b973-a7ce7282956a,da24b229-6303-576d-a041-87a41dd59055,2024-03-09,2024,MOV1_FULL,0.64731185508068878,0.35268814491931122,0.029999999999999999,2164
4f21fb42-c885-5fe7-8843-87e71bf2e6cc,da24b229-6303-576d-a041-87a41dd59055,2024-03-09,2024,MOV1_FULL,0.53911623855588864,0.46088376144411136,0.029999999999999999,2164
a3042e74-51c4-5ca1-9ce6-921f1aafbe98,da24b229-6303-576d-a041-87a41dd59055,2024-03-09,2024,MOV1_FULL,0.84455533239821201,0.15544466760178799,0.029999999999999999,2164
af97ea81-27e7-53eb-83d2-08393c721084,da24b229-6303-576d-a041-87a41dd59055,2024-03-09,2024,MOV1_FULL,0.6547762188977192,0.3452237811022808,0.029999999999999999,2164
b16f7fdd-cd70-5e5a-9c49-dd6d07d3d2f0,da24b229-6303-576d-a041-87a41dd59055,2024-03-09,2024,MOV1_FULL,0.79444167933749055,0.20555832066250945,0.029999999999999999,2164
b3248aed-70cd-5a23-b969-752ac355b473,da24b229-6303-576d-a041-87a41dd59055,2024-03-09,2024,MOV1_FULL,0.85427062846149571,0.14572937153850429,0.029999999999999999,2164
bc03fcf0-373d-544a-b72b-5b5d71d9c7da,da24b229-6303-576d-a041-87a41dd59055,2024-03-09,2024,MOV1_FULL,0.35957984129841253,0.64042015870158742,0.029999999999999999,2164
bd43aec4-557c-53bf-b2cf-f90c05f9da78,da24b229-6303-576d-a041-87a41dd59055,2024-03-09,2024,MOV1_FULL,0.51786219626462293,0.48213780373537707,0.029999999999999999,2164
cd966c20-26fd-5a1b-b28f-400e2fbc5ab2,da24b229-6303-576d-a041-87a41dd59055,2024-03-09,2024,MOV1_FULL,0.69895792925898059,0.30104207074101941,0.029999999999999999,2164
d164240f-84f5-50d1-b198-984f8b1c9c93,da24b229-6303-576d-a041-87a41dd59055,2024-03-09,2024,MOV1_FULL,0.72380930488859851,0.27619069511140149,0.029999999999999999,2164
d58589ea-a495-5bba-8441-9b07c1c3feb7,da24b229-6303-576d-a041-87a41dd59055,2024-03-09,2024,MOV1_FULL,0.78350346655353376,0.21649653344646624,0.029999999999999999,2164
d73d5071-44e9-513a-bafd-441adc962635,da24b229-6303-576d-a041-87a41dd59055,2024-03-09,2024,MOV1_FULL,0.68953001603554398,0.31046998396445602,0.029999999999999999,2164
db57f4b3-1528-5f40-9867-d7c392483ce6,da24b229-6303-576d-a041-87a41dd59055,2024-03-09,2024,MOV1_FULL,0.69654893966118692,0.30345106033881308,0.029999999999999999,2164
e92eb6c1-ff82-56fb-ab71-b38838a0f081,da24b229-6303-576d-a041-87a41dd59055,2024-03-09,2024,MOV1_FULL,0.56360091569952409,0.43639908430047591,0.029999999999999999,2164
29f3583c-7b6e-5967-829e-2f5819f022a6,c8fbd130-fb3a-53cd-a6f3-16ecadd5a814,2024-03-16,2024,MOV1_FULL,0.79599020444778301,0.20400979555221699,0.029999999999999999,2164
46a783ed-fb0a-5cc9-8ba8-8100c0ba382f,c8fbd130-fb3a-53cd-a6f3-16ecadd5a814,2024-03-16,2024,MOV1_FULL,0.62279360993481736,0.37720639006518264,0.029999999999999999,2164
523c046d-0953-55d5-ad00-5535178794e2,c8fbd130-fb3a-53cd-a6f3-16ecadd5a814,2024-03-16,2024,MOV1_FULL,0.59344371053770306,0.40655628946229694,0.029999999999999999,2164
66dec463-9c41-5a89-ad60-d68c0738dd7d,c8fbd130-fb3a-53cd-a6f3-16ecadd5a814,2024-03-16,2024,MOV1_FULL,0.3453897750528887,0.6546102249471113,0.029999999999999999,2164
81363800-7904-5eab-8781-38879be91253,c8fbd130-fb3a-53cd-a6f3-16ecadd5a814,2024-03-16,2024,MOV1_FULL,0.53747415022475342,0.46252584977524658,0.029999999999999999,2164
861a9fdf-7461-566c-b9ed-950c97c0d481,c8fbd130-fb3a-53cd-a6f3-16ecadd5a814,2024-03-16,2024,MOV1_FULL,0.66016435450728161,0.33983564549271839,0.029999999999999999,2164
a0e44342-d175-5ba0-8dfd-e113a2b8711f,c8fbd130-fb3a-53cd-a6f3-16ecadd5a814,2024-03-16,2024,MOV1_FULL,0.87417043093108893,0.12582956906891107,0.029999999999999999,2164
a54c0a95-9cea-56bf-b875-c788a935be5e,c8fbd130-fb3a-53cd-a6f3-16ecadd5a814,2024-03-16,2024,MOV1_FULL,0.52703951733472809,0.47296048266527191,0.029999999999999999,2164
b47f6f49-0955-5fee-bb09-e5583af76adc,c8fbd130-fb3a-53cd-a6f3-16ecadd5a814,2024-03-16,2024,MOV1_FULL,0.58950747633852851,0.41049252366147149,0.029999999999999999,2164
dfed549a-ee9c-5252-8639-49311b13d257,c8fbd130-fb3a-53cd-a6f3-16ecadd5a814,2024-03-16,2024,MOV1_FULL,0.62817183660748999,0.37182816339251001,0.029999999999999999,2164
f76ca74f-bcb8-5442-b924-5e1e188b6b8f,c8fbd130-fb3a-53cd-a6f3-16ecadd5a814,2024-03-16,2024,MOV1_FULL,0.40892562125318527,0.59107437874681468,0.029999999999999999,2164
0751dc89-92db-51ba-97a9-ef333a725b54,2aa2cda5-8e08-54a3-b337-ec24c331c3a7,2024-03-23,2024,MOV1_FULL,0.73175498140872774,0.26824501859127226,0.029999999999999999,2164
10981de5-7330-556e-a1d4-a14c31cbd570,2aa2cda5-8e08-54a3-b337-ec24c331c3a7,2024-03-23,2024,MOV1_FULL,0.7852128450571203,0.2147871549428797,0.029999999999999999,2164
13bdba6c-dd44-54cd-bfbd-472a73082f7b,2aa2cda5-8e08-54a3-b337-ec24c331c3a7,2024-03-23,2024,MOV1_FULL,0.74679491831447675,0.25320508168552325,0.029999999999999999,2164
1ce202ce-e05e-527a-be2a-ae305ad69c81,2aa2cda5-8e08-54a3-b337-ec24c331c3a7,2024-03-23,2024,MOV1_FULL,0.72637334947682841,0.27362665052317159,0.029999999999999999,2164
24345e3e-af30-58bc-9804-e39075185b9d,2aa2cda5-8e08-54a3-b337-ec24c331c3a7,2024-03-23,2024,MOV1_FULL,0.5708996133465768,0.4291003866534232,0.029999999999999999,2164
47cd3d99-e24f-5f50-8c23-6b0703be37ef,2aa2cda5-8e08-54a3-b337-ec24c331c3a7,2024-03-23,2024,MOV1_FULL,0.46009834829885454,0.53990165170114546,0.029999999999999999,2164
6172ede2-116e-5a52-a486-fb65a780ca04,2aa2cda5-8e08-54a3-b337-ec24c331c3a7,2024-03-23,2024,MOV1_FULL,0.62277326897525165,0.37722673102474835,0.029999999999999999,2164
8b9990e4-3040-513e-be27-f9b15355c641,2aa2cda5-8e08-54a3-b337-ec24c331c3a7,2024-03-23,2024,MOV1_FULL,0.80731758273381382,0.19268241726618618,0.029999999999999999,2164
91c6f814-026a-5032-8e3c-096b36db345f,2aa2cda5-8e08-54a3-b337-ec24c331c3a7,2024-03-23,2024,MOV1_FULL,0.76703066390030339,0.23296933609969661,0.029999999999999999,2164
948ad367-130a-56ae-a4e7-b0242a7c1a0f,2aa2cda5-8e08-54a3-b337-ec24c331c3a7,2024-03-23,2024,MOV1_FULL,0.5938563839845783,0.4061436160154217,0.029999999999999999,2164
97628a32-dbe6-5942-b677-298ab3e4a8f8,2aa2cda5-8e08-54a3-b337-ec24c331c3a7,2024-03-23,2024,MOV1_FULL,0.59336161771885476,0.40663838228114524,0.029999999999999999,2164
d348f84b-e3f2-5b0c-88e4-070842098fba,2aa2cda5-8e08-54a3-b337-ec24c331c3a7,2024-03-23,2024,MOV1_FULL,0.60184505605104854,0.39815494394895146,0.029999999999999999,2164
0ac308c1-125b-5dd5-843f-ebfc7cb6c601,d2bb7fd3-511d-5156-9ed0-b50cabfd478d,2024-03-30,2024,MOV1_FULL,0.37790667686849966,0.62209332313150034,0.029999999999999999,2164
254eeb8d-536b-5d30-85c7-d0dce79d9100,d2bb7fd3-511d-5156-9ed0-b50cabfd478d,2024-03-30,2024,MOV1_FULL,0.62013613885344532,0.37986386114655468,0.029999999999999999,2164
3932b38f-391d-5140-b203-fd8da30cd753,d2bb7fd3-511d-5156-9ed0-b50cabfd478d,2024-03-30,2024,MOV1_FULL,0.71428341913861948,0.28571658086138052,0.029999999999999999,2164
447885d8-3ab3-5155-92f1-072eff720222,d2bb7fd3-511d-5156-9ed0-b50cabfd478d,2024-03-30,2024,MOV1_FULL,0.64492267440402518,0.35507732559597482,0.029999999999999999,2164
45e64580-2598-55c6-b858-f2a3d7a1d94d,d2bb7fd3-511d-5156-9ed0-b50cabfd478d,2024-03-30,2024,MOV1_FULL,0.48633463809301658,0.51366536190698342,0.029999999999999999,2164
5cac32b8-93b6-5668-851c-aa011627806f,d2bb7fd3-511d-5156-9ed0-b50cabfd478d,2024-03-30,2024,MOV1_FULL,0.8579035541658967,0.1420964458341033,0.029999999999999999,2164
696bf99a-3e49-54d9-a9e0-1307277ccf25,d2bb7fd3-511d-5156-9ed0-b50cabfd478d,2024-03-30,2024,MOV1_FULL,0.72805252396782894,0.27194747603217106,0.029999999999999999,2164
6ce1eb0a-cf79-56b7-bcf9-9032289a2259,d2bb7fd3-511d-5156-9ed0-b50cabfd478d,2024-03-30,2024,MOV1_FULL,0.62841787407418537,0.37158212592581463,0.029999999999999999,2164
78f45fd1-d1e5-5df9-8dce-0451b646bf1d,d2bb7fd3-511d-5156-9ed0-b50cabfd478d,2024-03-30,2024,MOV1_FULL,0.42085826370189833,0.57914173629810173,0.029999999999999999,2164
842f1b76-9f32-5b73-a05c-99d78ab67e1b,d2bb7fd3-511d-5156-9ed0-b50cabfd478d,2024-03-30,2024,MOV1_FULL,0.90974015676190112,0.09025984323809888,0.029999999999999999,2164
d6c6d60b-9d98-55d6-91d1-fb97b63b36f4,d2bb7fd3-511d-5156-9ed0-b50cabfd478d,2024-03-30,2024,MOV1_FULL,0.72185860417563474,0.27814139582436526,0.029999999999999999,2164
f84c934c-b5d7-502a-a1da-4f6e5bea886e,d2bb7fd3-511d-5156-9ed0-b50cabfd478d,2024-03-30,2024,MOV1_FULL,0.71197410951717011,0.28802589048282989,0.029999999999999999,2164
157ccbb2-89a2-51a9-a458-7b91b3728abe,e00353ed-516b-523f-aafe-3a8df744d1bb,2024-04-06,2024,MOV1_FULL,0.55735340077515305,0.44264659922484695,0.029999999999999999,2164
34362bbd-b942-54f0-986f-0aa69bc7397c,e00353ed-516b-523f-aafe-3a8df744d1bb,2024-04-06,2024,MOV1_FULL,0.64799542963749956,0.35200457036250044,0.029999999999999999,2164
343fc389-c723-51a8-bd68-4807a416bb1b,e00353ed-516b-523f-aafe-3a8df744d1bb,2024-04-06,2024,MOV1_FULL,0.77117687339080077,0.22882312660919923,0.029999999999999999,2164
5f249a9e-29ed-5911-a489-05d970981c9b,e00353ed-516b-523f-aafe-3a8df744d1bb,2024-04-06,2024,MOV1_FULL,0.72359640279432569,0.27640359720567431,0.029999999999999999,2164
86565614-9f53-5862-85c2-3555066f42fb,e00353ed-516b-523f-aafe-3a8df744d1bb,2024-04-06,2024,MOV1_FULL,0.43292084423540644,0.56707915576459356,0.029999999999999999,2164
96792515-96d1-59bd-9de4-b5a2b77e1f5d,e00353ed-516b-523f-aafe-3a8df744d1bb,2024-04-06,2024,MOV1_FULL,0.57237911649901141,0.42762088350098859,0.029999999999999999,2164
9d632892-cda2-568f-b560-dd409cee3fe7,e00353ed-516b-523f-aafe-3a8df744d1bb,2024-04-06,2024,MOV1_FULL,0.44796177956243477,0.55203822043756523,0.029999999999999999,2164
bfb607e6-e0af-5714-bdfe-326c29f93312,e00353ed-516b-523f-aafe-3a8df744d1bb,2024-04-06,2024,MOV1_FULL,0.74441826781759968,0.25558173218240032,0.029999999999999999,2164
c874484d-09ea-5c61-93bb-398e6319c200,e00353ed-516b-523f-aafe-3a8df744d1bb,2024-04-06,2024,MOV1_FULL,0.75885804862912976,0.24114195137087024,0.029999999999999999,2164
d1dd6d55-f48a-5ded-b7eb-178810f9da6e,e00353ed-516b-523f-aafe-3a8df744d1bb,2024-04-06,2024,MOV1_FULL,0.72350260614868334,0.27649739385131666,0.029999999999999999,2164
d3440bac-3031-5efd-86b7-6718138c8786,e00353ed-516b-523f-aafe-3a8df744d1bb,2024-04-06,2024,MOV1_FULL,0.65082267796959092,0.34917732203040908,0.029999999999999999,2164
fcb8b2c2-5e48-5592-9bca-0d7c03749849,e00353ed-516b-523f-aafe-3a8df744d1bb,2024-04-06,2024,MOV1_FULL,0.60949020176550861,0.39050979823449139,0.029999999999999999,2164
00c9b060-98a1-54c3-b813-7437ac144b90,f436b533-ab6c-5ae4-98f5-95c33dac3bf0,2024-04-13,2024,MOV1_FULL,0.58807659279830793,0.41192340720169207,0.029999999999999999,2164
1cfbf186-e3d7-5fe9-be47-a982df64dfc7,f436b533-ab6c-5ae4-98f5-95c33dac3bf0,2024-04-13,2024,MOV1_FULL,0.87713896702630612,0.12286103297369388,0.029999999999999999,2164
2d5c7238-4ee3-51aa-beda-70e9f41a8932,f436b533-ab6c-5ae4-98f5-95c33dac3bf0,2024-04-13,2024,MOV1_FULL,0.85889265342089549,0.14110734657910451,0.029999999999999999,2164
5332cb6a-e412-5709-80fc-bb6d0819a78f,f436b533-ab6c-5ae4-98f5-95c33dac3bf0,2024-04-13,2024,MOV1_FULL,0.71878680257235017,0.28121319742764983,0.029999999999999999,2164
738b8288-e8f5-52f2-8629-34a37d81627e,f436b533-ab6c-5ae4-98f5-95c33dac3bf0,2024-04-13,2024,MOV1_FULL,0.590952553424692,0.409047446575308,0.029999999999999999,2164
788a3f17-4530-5af2-b58d-b7fd8198c0ee,f436b533-ab6c-5ae4-98f5-95c33dac3bf0,2024-04-13,2024,MOV1_FULL,0.46897772529874188,0.53102227470125807,0.029999999999999999,2164
a0a362f9-bf0d-586b-9d5f-fbe45f282b29,f436b533-ab6c-5ae4-98f5-95c33dac3bf0,2024-04-13,2024,MOV1_FULL,0.59766283118517993,0.40233716881482007,0.029999999999999999,2164
ae0725d0-d5a7-59ee-b637-bf3696f29da7,f436b533-ab6c-5ae4-98f5-95c33dac3bf0,2024-04-13,2024,MOV1_FULL,0.94297824286022625,0.057021757139773754,0.029999999999999999,2164
ce16de88-a101-526a-839a-2f8089e14f0b,f436b533-ab6c-5ae4-98f5-95c33dac3bf0,2024-04-13,2024,MOV1_FULL,0.58648347202953932,0.41351652797046068,0.029999999999999999,2164
d1247a06-83ab-5468-93ff-ce7381e1d93c,f436b533-ab6c-5ae4-98f5-95c33dac3bf0,2024-04-13,2024,MOV1_FULL,0.7530732895578327,0.2469267104421673,0.029999999999999999,2164
d4c69c13-d69c-52a2-94cd-6a6091a1a94f,f436b533-ab6c-5ae4-98f5-95c33dac3bf0,2024-04-13,2024,MOV1_FULL,0.52616836283198032,0.47383163716801968,0.029999999999999999,2164
e357bcb7-4f48-54a5-bf31-659141c5de63,f436b533-ab6c-5ae4-98f5-95c33dac3bf0,2024-04-13,2024,MOV1_FULL,0.77978865282434073,0.22021134717565927,0.029999999999999999,2164
f9817a60-b7f3-5969-9421-cc6bf1c68726,f436b533-ab6c-5ae4-98f5-95c33dac3bf0,2024-04-13,2024,MOV1_FULL,0.70540877070189023,0.29459122929810977,0.029999999999999999,2164
03c57b08-da84-57f0-b579-9e033ec60ee3,6e4863fb-3af8-58d6-84a0-017ce4f52a81,2024-04-27,2024,MOV1_FULL,0.51726612690014473,0.48273387309985527,0.029999999999999999,2164
043aedd1-1317-5352-91de-10869bf3a1cf,6e4863fb-3af8-58d6-84a0-017ce4f52a81,2024-04-27,2024,MOV1_FULL,0.83720648464936509,0.16279351535063491,0.029999999999999999,2164
2cbb75dd-b763-520b-ac01-22f40407390d,6e4863fb-3af8-58d6-84a0-017ce4f52a81,2024-04-27,2024,MOV1_FULL,0.5577906367678096,0.4422093632321904,0.029999999999999999,2164
356cd9d0-b47a-52fe-ac9f-c07f9f3b0fcb,6e4863fb-3af8-58d6-84a0-017ce4f52a81,2024-04-27,2024,MOV1_FULL,0.48622060652132298,0.51377939347867696,0.029999999999999999,2164
4fc34230-6961-548e-85f2-bec2d664b692,6e4863fb-3af8-58d6-84a0-017ce4f52a81,2024-04-27,2024,MOV1_FULL,0.84893340291560804,0.15106659708439196,0.029999999999999999,2164
682ddc91-98c0-5c40-aa59-6fe49682aabd,6e4863fb-3af8-58d6-84a0-017ce4f52a81,2024-04-27,2024,MOV1_FULL,0.77254223099129338,0.22745776900870662,0.029999999999999999,2164
874d56ec-ffa8-5524-aa2e-8e9191559d9e,6e4863fb-3af8-58d6-84a0-017ce4f52a81,2024-04-27,2024,MOV1_FULL,0.46706898615885034,0.5329310138411496,0.029999999999999999,2164
93580ed8-13b1-561e-a723-91f6aada3bd3,6e4863fb-3af8-58d6-84a0-017ce4f52a81,2024-04-27,2024,MOV1_FULL,0.6593494615987513,0.3406505384012487,0.029999999999999999,2164
b6eba830-afec-551d-9bf8-79d3a62b465e,6e4863fb-3af8-58d6-84a0-017ce4f52a81,2024-04-27,2024,MOV1_FULL,0.5973659118385416,0.4026340881614584,0.029999999999999999,2164
cd83ff72-c839-59bd-9876-b790e8a9aaad,6e4863fb-3af8-58d6-84a0-017ce4f52a81,2024-04-27,2024,MOV1_FULL,0.80380810575330819,0.19619189424669181,0.029999999999999999,2164
d48d8145-8430-5a7e-9b77-b384f05ce4f8,6e4863fb-3af8-58d6-84a0-017ce4f52a81,2024-04-27,2024,MOV1_FULL,0.67807925728408158,0.32192074271591842,0.029999999999999999,2164
e392dd9b-1e1b-510f-8667-6bed4ea1588b,6e4863fb-3af8-58d6-84a0-017ce4f52a81,2024-04-27,2024,MOV1_FULL,0.78339460121527515,0.21660539878472485,0.029999999999999999,2164
fe27d2e5-92e3-5d27-829d-33cf557540bd,6e4863fb-3af8-58d6-84a0-017ce4f52a81,2024-04-27,2024,MOV1_FULL,0.72862246484655202,0.27137753515344798,0.029999999999999999,2164
136822a8-0c65-5918-85d2-098bb6ee4396,76aaf589-08f8-5dde-b09c-ff09b463adfe,2024-05-04,2024,MOV1_FULL,0.49152773838691916,0.50847226161308079,0.029999999999999999,2164
1964ab86-dbb0-5b98-92fa-8ab5c2c69dc8,76aaf589-08f8-5dde-b09c-ff09b463adfe,2024-05-04,2024,MOV1_FULL,0.38877917756003222,0.61122082243996778,0.029999999999999999,2164
2034b211-91d9-5f8e-b82d-74a32b0bb4ae,76aaf589-08f8-5dde-b09c-ff09b463adfe,2024-05-04,2024,MOV1_FULL,0.56359569494568862,0.43640430505431138,0.029999999999999999,2164
38fb7730-fc12-5b17-8bdc-e977a10e3ceb,76aaf589-08f8-5dde-b09c-ff09b463adfe,2024-05-04,2024,MOV1_FULL,0.85722866246528862,0.14277133753471138,0.029999999999999999,2164
470d98d7-5ff2-5359-b349-82b10d3abb68,76aaf589-08f8-5dde-b09c-ff09b463adfe,2024-05-04,2024,MOV1_FULL,0.58516296100745657,0.41483703899254343,0.029999999999999999,2164
59d09177-0268-53f2-947a-a4a202866e30,76aaf589-08f8-5dde-b09c-ff09b463adfe,2024-05-04,2024,MOV1_FULL,0.7559379281439883,0.2440620718560117,0.029999999999999999,2164
611650f5-55d4-518e-9175-4dfaf4746c7f,76aaf589-08f8-5dde-b09c-ff09b463adfe,2024-05-04,2024,MOV1_FULL,0.53258640856056738,0.46741359143943262,0.029999999999999999,2164
6d221ff7-af41-542e-a6f4-6720d460a985,76aaf589-08f8-5dde-b09c-ff09b463adfe,2024-05-04,2024,MOV1_FULL,0.71837210092742509,0.28162789907257491,0.029999999999999999,2164
7dfc149a-4f32-5c0d-82d0-f2840305ce88,76aaf589-08f8-5dde-b09c-ff09b463adfe,2024-05-04,2024,MOV1_FULL,0.61756519206637983,0.38243480793362017,0.029999999999999999,2164
bd310d78-8e5b-5539-8321-095528c59c47,76aaf589-08f8-5dde-b09c-ff09b463adfe,2024-05-04,2024,MOV1_FULL,0.76617283801631675,0.23382716198368325,0.029999999999999999,2164
cc1bcedf-0651-59ee-8f9b-00642ab30ca2,76aaf589-08f8-5dde-b09c-ff09b463adfe,2024-05-04,2024,MOV1_FULL,0.88502103139640176,0.11497896860359824,0.029999999999999999,2164
ce3eeb44-3fbf-556a-9328-cdac3be43b3d,76aaf589-08f8-5dde-b09c-ff09b463adfe,2024-05-04,2024,MOV1_FULL,0.60169222498903119,0.39830777501096881,0.029999999999999999,2164
e1a0249b-7c9a-592c-aa72-19b02c858d3f,76aaf589-08f8-5dde-b09c-ff09b463adfe,2024-05-04,2024,MOV1_FULL,0.62821627641416866,0.37178372358583134,0.029999999999999999,2164
0c1652f9-2d5e-5ecb-ab16-0236c85670e8,0385a30a-5639-526c-b0c0-f61548679fee,2024-05-11,2024,MOV1_FULL,0.647302728446017,0.352697271553983,0.029999999999999999,2164
4ff1fcd4-9303-57b0-8ea7-863605ff11e1,0385a30a-5639-526c-b0c0-f61548679fee,2024-05-11,2024,MOV1_FULL,0.71024680672900165,0.28975319327099835,0.029999999999999999,2164
63552855-9c57-59e1-b663-0afd04bceb41,0385a30a-5639-526c-b0c0-f61548679fee,2024-05-11,2024,MOV1_FULL,0.93145955036914241,0.068540449630857592,0.029999999999999999,2164
6b693e5e-f37d-50a3-86f0-205f068b12e1,0385a30a-5639-526c-b0c0-f61548679fee,2024-05-11,2024,MOV1_FULL,0.6368151967591873,0.3631848032408127,0.029999999999999999,2164
6e03730b-5afc-5abc-b001-24641dfe63db,0385a30a-5639-526c-b0c0-f61548679fee,2024-05-11,2024,MOV1_FULL,0.73643177177481689,0.26356822822518311,0.029999999999999999,2164
752e3944-b801-5d72-a7c2-c7a1a8d213e5,0385a30a-5639-526c-b0c0-f61548679fee,2024-05-11,2024,MOV1_FULL,0.79019527906812215,0.20980472093187785,0.029999999999999999,2164
a80bceb9-8eea-5d26-96d4-38daf17dd507,0385a30a-5639-526c-b0c0-f61548679fee,2024-05-11,2024,MOV1_FULL,0.49836420818755434,0.50163579181244566,0.029999999999999999,2164
a84a86a4-b5e2-5370-b0ed-6357797386eb,0385a30a-5639-526c-b0c0-f61548679fee,2024-05-11,2024,MOV1_FULL,0.69017954615029353,0.30982045384970647,0.029999999999999999,2164
b6af9539-0321-59f3-9dba-d1d019300fd7,0385a30a-5639-526c-b0c0-f61548679fee,2024-05-11,2024,MOV1_FULL,0.58595498028762738,0.41404501971237262,0.029999999999999999,2164
be3e2d87-2b04-59b9-997c-06a674886080,0385a30a-5639-526c-b0c0-f61548679fee,2024-05-11,2024,MOV1_FULL,0.7483838044746105,0.2516161955253895,0.029999999999999999,2164
be5a418c-3778-5dfa-a28c-58d66462665c,0385a30a-5639-526c-b0c0-f61548679fee,2024-05-11,2024,MOV1_FULL,0.76818037398733496,0.23181962601266504,0.029999999999999999,2164
cd4eaf18-7444-5093-b16b-beae5386f2c0,0385a30a-5639-526c-b0c0-f61548679fee,2024-05-11,2024,MOV1_FULL,0.69263965308272579,0.30736034691727421,0.029999999999999999,2164
2d80e101-b7e8-5127-b90c-5cdabc1a57d8,80a91814-3944-5c86-9acb-1e79393b4663,2024-05-18,2024,MOV1_FULL,0.78423088084068115,0.21576911915931885,0.029999999999999999,2164
2da140fe-cc82-58e5-99be-dc6671f620ba,80a91814-3944-5c86-9acb-1e79393b4663,2024-05-18,2024,MOV1_FULL,0.77390999621293421,0.22609000378706579,0.029999999999999999,2164
3993dc02-9047-59f2-96d8-29d8a42b025a,80a91814-3944-5c86-9acb-1e79393b4663,2024-05-18,2024,MOV1_FULL,0.5898429883524603,0.4101570116475397,0.029999999999999999,2164
3b88ca72-2781-5d92-a4aa-774f1867aaa0,80a91814-3944-5c86-9acb-1e79393b4663,2024-05-18,2024,MOV1_FULL,0.68401937043458383,0.31598062956541617,0.029999999999999999,2164
95e401aa-84a0-5e45-80a2-aa47cd430bf3,80a91814-3944-5c86-9acb-1e79393b4663,2024-05-18,2024,MOV1_FULL,0.66991580938332884,0.33008419061667116,0.029999999999999999,2164
aac1e549-4f3b-50b1-b2cc-43a133992418,80a91814-3944-5c86-9acb-1e79393b4663,2024-05-18,2024,MOV1_FULL,0.8781227045218235,0.1218772954781765,0.029999999999999999,2164
aad95c97-9045-5486-8d3b-938e2218a769,80a91814-3944-5c86-9acb-1e79393b4663,2024-05-18,2024,MOV1_FULL,0.47883193388333345,0.52116806611666655,0.029999999999999999,2164
b8aff15d-1ca3-5547-bb65-a131066f824d,80a91814-3944-5c86-9acb-1e79393b4663,2024-05-18,2024,MOV1_FULL,0.84975450853500789,0.15024549146499211,0.029999999999999999,2164
cf13e516-b468-5ace-8422-3560507e2442,80a91814-3944-5c86-9acb-1e79393b4663,2024-05-18,2024,MOV1_FULL,0.7019318022054184,0.2980681977945816,0.029999999999999999,2164
daf51694-c947-58d2-bfe7-8131060b8eb3,80a91814-3944-5c86-9acb-1e79393b4663,2024-05-18,2024,MOV1_FULL,0.86193307226785598,0.13806692773214402,0.029999999999999999,2164
e889c488-7997-5d5d-a600-de8ac680597b,80a91814-3944-5c86-9acb-1e79393b4663,2024-05-18,2024,MOV1_FULL,0.74238294000626615,0.25761705999373385,0.029999999999999999,2164
1a3e3607-39ef-588b-8787-b80772e89494,4c45f6c9-4612-5c18-97eb-3186beeb6644,2024-06-01,2024,MOV1_FULL,0.28330022135724614,0.7166997786427538,0.029999999999999999,2164
1ac27c97-23ba-554b-8c0e-fd93451b0e34,4c45f6c9-4612-5c18-97eb-3186beeb6644,2024-06-01,2024,MOV1_FULL,0.52284109384108002,0.47715890615891998,0.029999999999999999,2164
1bcb4f55-3829-5058-998f-50bd20b72f9b,4c45f6c9-4612-5c18-97eb-3186beeb6644,2024-06-01,2024,MOV1_FULL,0.7458315465417642,0.2541684534582358,0.029999999999999999,2164
2c5087e9-407c-53c0-9b82-79beae8a8f6f,4c45f6c9-4612-5c18-97eb-3186beeb6644,2024-06-01,2024,MOV1_FULL,0.53971843576067469,0.46028156423932531,0.029999999999999999,2164
2dcaf3d0-5103-5716-bebf-20d62eb0a58a,4c45f6c9-4612-5c18-97eb-3186beeb6644,2024-06-01,2024,MOV1_FULL,0.90419870528173885,0.095801294718261154,0.029999999999999999,2164
2fba16d9-3488-5168-8873-60f7a0ddd221,4c45f6c9-4612-5c18-97eb-3186beeb6644,2024-06-01,2024,MOV1_FULL,0.61765530566611149,0.38234469433388851,0.029999999999999999,2164
3db52e4b-6253-5460-8fcd-1d6b33487c89,4c45f6c9-4612-5c18-97eb-3186beeb6644,2024-06-01,2024,MOV1_FULL,0.77790412255205277,0.22209587744794723,0.029999999999999999,2164
50f8b3d8-1f64-5cbf-83db-f4d88ad90085,4c45f6c9-4612-5c18-97eb-3186beeb6644,2024-06-01,2024,MOV1_FULL,0.6256928084691934,0.3743071915308066,0.029999999999999999,2164
54205765-4276-567a-bcad-854edbb3ca1a,4c45f6c9-4612-5c18-97eb-3186beeb6644,2024-06-01,2024,MOV1_FULL,0.37753998395469474,0.62246001604530532,0.029999999999999999,2164
588501c5-6c9a-529b-aa61-2414184ae0dd,4c45f6c9-4612-5c18-97eb-3186beeb6644,2024-06-01,2024,MOV1_FULL,0.59453187849019418,0.40546812150980582,0.029999999999999999,2164
5f979151-1434-5261-9331-4edf94588f79,4c45f6c9-4612-5c18-97eb-3186beeb6644,2024-06-01,2024,MOV1_FULL,0.16840747830406158,0.83159252169593845,0.029999999999999999,2164
a4bbd572-9f6c-55fa-a0a4-dee352e43361,4c45f6c9-4612-5c18-97eb-3186beeb6644,2024-06-01,2024,MOV1_FULL,0.7713342438333689,0.2286657561666311,0.029999999999999999,2164
149f5dde-c4b9-5f53-ad7c-9054d3445ffa,1fd1e112-3098-5c7e-a849-8c01d314f342,2024-06-08,2024,MOV1_FULL,0.69927952565461637,0.30072047434538363,0.029999999999999999,2164
30b284bc-db37-5073-b842-a73f0320feda,1fd1e112-3098-5c7e-a849-8c01d314f342,2024-06-08,2024,MOV1_FULL,0.48702925551758758,0.51297074448241242,0.029999999999999999,2164
38931809-edda-55af-a531-03eab3570a7e,1fd1e112-3098-5c7e-a849-8c01d314f342,2024-06-08,2024,MOV1_FULL,0.68132434977079026,0.31867565022920974,0.029999999999999999,2164
4d47ac64-93a2-5bd4-8349-2a455f65e639,1fd1e112-3098-5c7e-a849-8c01d314f342,2024-06-08,2024,MOV1_FULL,0.52128714344360494,0.47871285655639506,0.029999999999999999,2164
58fda55e-9149-5754-8eb6-17486b730816,1fd1e112-3098-5c7e-a849-8c01d314f342,2024-06-08,2024,MOV1_FULL,0.54068092848204752,0.45931907151795248,0.029999999999999999,2164
6fd977ef-cafb-57d5-b7d7-6786e2facec2,1fd1e112-3098-5c7e-a849-8c01d314f342,2024-06-08,2024,MOV1_FULL,0.90891420563138137,0.091085794368618633,0.029999999999999999,2164
7b38712b-905f-5079-821a-8f214d058710,1fd1e112-3098-5c7e-a849-8c01d314f342,2024-06-08,2024,MOV1_FULL,0.85110501121612103,0.14889498878387897,0.029999999999999999,2164
8363638d-09ec-5870-aa18-7c741bfc958e,1fd1e112-3098-5c7e-a849-8c01d314f342,2024-06-08,2024,MOV1_FULL,0.6421975175835406,0.3578024824164594,0.029999999999999999,2164
9ab6ecfe-705f-5925-9d1a-fb33a63c318f,1fd1e112-3098-5c7e-a849-8c01d314f342,2024-06-08,2024,MOV1_FULL,0.54937196978524283,0.45062803021475717,0.029999999999999999,2164
9c36b459-6964-5753-ac49-74f4aa950e73,1fd1e112-3098-5c7e-a849-8c01d314f342,2024-06-08,2024,MOV1_FULL,0.75894446018552608,0.24105553981447392,0.029999999999999999,2164
be962253-3322-5d6e-ac66-48d95e9f191b,1fd1e112-3098-5c7e-a849-8c01d314f342,2024-06-08,2024,MOV1_FULL,0.84406790190866898,0.15593209809133102,0.029999999999999999,2164
d9cc9f5c-9b8a-59f1-94fb-c56486952dd3,1fd1e112-3098-5c7e-a849-8c01d314f342,2024-06-08,2024,MOV1_FULL,0.66364143339566228,0.33635856660433772,0.029999999999999999,2164
f0403295-9291-5096-b64a-37c54f647532,1fd1e112-3098-5c7e-a849-8c01d314f342,2024-06-08,2024,MOV1_FULL,0.84184042342461562,0.15815957657538438,0.029999999999999999,2164
fcad608f-e063-5320-b6de-af0b7671d070,1fd1e112-3098-5c7e-a849-8c01d314f342,2024-06-08,2024,MOV1_FULL,0.75997219176002373,0.24002780823997627,0.029999999999999999,2164
12fa3869-2dbf-5482-8d8f-4cb7292723b8,58e0c7e9-01de-51de-98ae-0ba8c14c9bde,2024-06-15,2024,MOV1_FULL,0.75315500637702371,0.24684499362297629,0.029999999999999999,2164
224883c0-08f2-5c68-8e8b-0408b9e8e67d,58e0c7e9-01de-51de-98ae-0ba8c14c9bde,2024-06-15,2024,MOV1_FULL,0.64968345020548635,0.35031654979451365,0.029999999999999999,2164
2f2b77f1-c803-508b-bb39-9f9c0abe6d77,58e0c7e9-01de-51de-98ae-0ba8c14c9bde,2024-06-15,2024,MOV1_FULL,0.81830120675250695,0.18169879324749305,0.029999999999999999,2164
574878e8-730e-5cad-8d64-fa119fb8e418,58e0c7e9-01de-51de-98ae-0ba8c14c9bde,2024-06-15,2024,MOV1_FULL,0.52786877397145504,0.47213122602854496,0.029999999999999999,2164
60616866-3c58-578f-aa60-1aead9494d5d,58e0c7e9-01de-51de-98ae-0ba8c14c9bde,2024-06-15,2024,MOV1_FULL,0.55704189955968142,0.44295810044031858,0.029999999999999999,2164
6d27354c-8ce4-563c-b261-0e79335965ff,58e0c7e9-01de-51de-98ae-0ba8c14c9bde,2024-06-15,2024,MOV1_FULL,0.48999586081581947,0.51000413918418053,0.029999999999999999,2164
7b090629-8ad5-50cc-ba1f-623d9ee9aba7,58e0c7e9-01de-51de-98ae-0ba8c14c9bde,2024-06-15,2024,MOV1_FULL,0.65807586465626289,0.34192413534373711,0.029999999999999999,2164
92d842cc-c210-5163-b669-87da0e5bc420,58e0c7e9-01de-51de-98ae-0ba8c14c9bde,2024-06-15,2024,MOV1_FULL,0.76078877364866404,0.23921122635133596,0.029999999999999999,2164
931036ac-ea0a-50d2-94b1-06df1ce85f6e,58e0c7e9-01de-51de-98ae-0ba8c14c9bde,2024-06-15,2024,MOV1_FULL,0.56546371582723087,0.43453628417276913,0.029999999999999999,2164
af5be593-dd8b-5fbf-ae0c-7c40be7a0e2d,58e0c7e9-01de-51de-98ae-0ba8c14c9bde,2024-06-15,2024,MOV1_FULL,0.5912686412793362,0.4087313587206638,0.029999999999999999,2164
b2d47dc3-180e-5a61-92f3-2bdb33b16d29,58e0c7e9-01de-51de-98ae-0ba8c14c9bde,2024-06-15,2024,MOV1_FULL,0.16910388424443834,0.83089611575556166,0.029999999999999999,2164
0b971523-6f67-5243-b9d7-4632f5a52dd4,c209142a-ce6f-5ff2-8314-094480591cae,2024-06-22,2024,MOV1_FULL,0.54184542558608906,0.45815457441391094,0.029999999999999999,2164
132f9698-443a-5970-82f1-2ab46e6e7cb9,c209142a-ce6f-5ff2-8314-094480591cae,2024-06-22,2024,MOV1_FULL,0.81864626257450124,0.18135373742549876,0.029999999999999999,2164
29c72f0b-8801-5a4c-a84b-08b4a13b6177,c209142a-ce6f-5ff2-8314-094480591cae,2024-06-22,2024,MOV1_FULL,0.67773116752114626,0.32226883247885374,0.029999999999999999,2164
3e4aa584-c2a8-5b57-9f2d-5f4f36e6326f,c209142a-ce6f-5ff2-8314-094480591cae,2024-06-22,2024,MOV1_FULL,0.60949020176550861,0.39050979823449139,0.029999999999999999,2164
4eab1496-99f6-5670-9d28-e1ad39b59569,c209142a-ce6f-5ff2-8314-094480591cae,2024-06-22,2024,MOV1_FULL,0.62139521422728172,0.37860478577271828,0.029999999999999999,2164
60006503-f3ec-55fd-a171-15a7f319e063,c209142a-ce6f-5ff2-8314-094480591cae,2024-06-22,2024,MOV1_FULL,0.938852309297321,0.061147690702679003,0.029999999999999999,2164
7465feef-e376-50e7-a398-dedede02bb1d,c209142a-ce6f-5ff2-8314-094480591cae,2024-06-22,2024,MOV1_FULL,0.82818527690674082,0.17181472309325918,0.029999999999999999,2164
8508ba5a-a0a0-5c52-ac9a-edfa9da27263,c209142a-ce6f-5ff2-8314-094480591cae,2024-06-22,2024,MOV1_FULL,0.80424805731509252,0.19575194268490748,0.029999999999999999,2164
a7c586bd-198d-5712-bce3-a4b14c6a998e,c209142a-ce6f-5ff2-8314-094480591cae,2024-06-22,2024,MOV1_FULL,0.55735340077515305,0.44264659922484695,0.029999999999999999,2164
c61c4d88-bbc2-56a0-9e6a-ecaeb7f64cd4,c209142a-ce6f-5ff2-8314-094480591cae,2024-06-22,2024,MOV1_FULL,0.77764513940258295,0.22235486059741705,0.029999999999999999,2164
cef2de8a-ce26-51d1-8833-8ada2d0fc6da,c209142a-ce6f-5ff2-8314-094480591cae,2024-06-22,2024,MOV1_FULL,0.91342267227954643,0.086577327720453567,0.029999999999999999,2164
0491f58b-fe6f-5287-b743-0866e870b1df,e63d5e59-d639-53ec-a8c3-3bf9db891c12,2024-06-29,2024,MOV1_FULL,0.80319500199310911,0.19680499800689089,0.029999999999999999,2164
0d1ffd41-b0e7-53c6-a556-2a6267ce7939,e63d5e59-d639-53ec-a8c3-3bf9db891c12,2024-06-29,2024,MOV1_FULL,0.53515884003363656,0.46484115996636344,0.029999999999999999,2164
338896bf-0b64-51a1-ab8e-2285d3569c62,e63d5e59-d639-53ec-a8c3-3bf9db891c12,2024-06-29,2024,MOV1_FULL,0.7927094112726909,0.2072905887273091,0.029999999999999999,2164
7303d412-4035-568a-ae4c-857422633992,e63d5e59-d639-53ec-a8c3-3bf9db891c12,2024-06-29,2024,MOV1_FULL,0.7504236429311929,0.2495763570688071,0.029999999999999999,2164
7d6b7bfb-fd1f-569a-9a56-a9deb5ff1d99,e63d5e59-d639-53ec-a8c3-3bf9db891c12,2024-06-29,2024,MOV1_FULL,0.36696443820398061,0.63303556179601939,0.029999999999999999,2164
80839cd4-daef-534a-bb2d-92a2b35e67b2,e63d5e59-d639-53ec-a8c3-3bf9db891c12,2024-06-29,2024,MOV1_FULL,0.66015558482868208,0.33984441517131792,0.029999999999999999,2164
8ea7914b-7bdf-5ed5-92f7-71ff6ea6ff1c,e63d5e59-d639-53ec-a8c3-3bf9db891c12,2024-06-29,2024,MOV1_FULL,0.30132012576294565,0.69867987423705435,0.029999999999999999,2164
b2061566-0c8a-53d7-9e39-7ace4bef7e29,e63d5e59-d639-53ec-a8c3-3bf9db891c12,2024-06-29,2024,MOV1_FULL,0.73699723231181202,0.26300276768818798,0.029999999999999999,2164
bca8dd52-c8ad-52cb-b3e8-9779ddf8a12c,e63d5e59-d639-53ec-a8c3-3bf9db891c12,2024-06-29,2024,MOV1_FULL,0.6371071099275033,0.3628928900724967,0.029999999999999999,2164
f62952c2-2bef-58ac-98af-28bb1d688f8f,e63d5e59-d639-53ec-a8c3-3bf9db891c12,2024-06-29,2024,MOV1_FULL,0.66860165386926329,0.33139834613073671,0.029999999999999999,2164
f8e5a162-8be1-5eda-b201-6002beb017b9,e63d5e59-d639-53ec-a8c3-3bf9db891c12,2024-06-29,2024,MOV1_FULL,0.74348309237918164,0.25651690762081836,0.029999999999999999,2164
fa2091b1-e196-5077-8b4c-e8489ad52e65,e63d5e59-d639-53ec-a8c3-3bf9db891c12,2024-06-29,2024,MOV1_FULL,0.64165054000657629,0.35834945999342371,0.029999999999999999,2164
03c1e7c1-0279-5807-85e6-65777f370dca,488ef9bf-1d27-519e-adee-d8288e755bed,2024-07-13,2024,MOV1_FULL,0.59418698207512,0.40581301792488,0.029999999999999999,2164
1e308a37-fcab-5f7d-9882-cc14185fc196,488ef9bf-1d27-519e-adee-d8288e755bed,2024-07-13,2024,MOV1_FULL,0.66803167543533382,0.33196832456466618,0.029999999999999999,2164
2ec4821f-70bf-554a-9a06-b7062973195b,488ef9bf-1d27-519e-adee-d8288e755bed,2024-07-13,2024,MOV1_FULL,0.59084883156783496,0.40915116843216504,0.029999999999999999,2164
31ffa410-563e-5d63-b312-cb601154afff,488ef9bf-1d27-519e-adee-d8288e755bed,2024-07-13,2024,MOV1_FULL,0.44465863785444559,0.55534136214555441,0.029999999999999999,2164
334ab219-7985-5511-89fd-e2cc56ba13de,488ef9bf-1d27-519e-adee-d8288e755bed,2024-07-13,2024,MOV1_FULL,0.54729368372030585,0.45270631627969415,0.029999999999999999,2164
83bb6f18-8a78-5832-91df-d92c369390a3,488ef9bf-1d27-519e-adee-d8288e755bed,2024-07-13,2024,MOV1_FULL,0.36879129929859467,0.63120870070140533,0.029999999999999999,2164
a48d2989-0be2-58c9-b826-b1674c015f61,488ef9bf-1d27-519e-adee-d8288e755bed,2024-07-13,2024,MOV1_FULL,0.61647198481587151,0.38352801518412849,0.029999999999999999,2164
aea9cf6c-9a44-51fe-beb8-95276db16ec7,488ef9bf-1d27-519e-adee-d8288e755bed,2024-07-13,2024,MOV1_FULL,0.54738732454611816,0.45261267545388184,0.029999999999999999,2164
ebfc1cae-4924-58c5-bdad-3e2d1dbaf29c,488ef9bf-1d27-519e-adee-d8288e755bed,2024-07-13,2024,MOV1_FULL,0.85972724578770432,0.14027275421229568,0.029999999999999999,2164
f32595c3-b29f-51a3-a495-d197366ffba8,488ef9bf-1d27-519e-adee-d8288e755bed,2024-07-13,2024,MOV1_FULL,0.46450942398632328,0.53549057601367678,0.029999999999999999,2164
05a8afb1-5e4a-5a1e-aaa8-349a70d1744e,de85654a-8830-5c30-9530-e7eb26fb9268,2024-07-20,2024,MOV1_FULL,0.67961248549157194,0.32038751450842806,0.029999999999999999,2164
1472a714-6ae7-5ad2-858a-39258c843c54,de85654a-8830-5c30-9530-e7eb26fb9268,2024-07-20,2024,MOV1_FULL,0.5721871816255879,0.4278128183744121,0.029999999999999999,2164
5f39df36-acae-545c-9cca-a7fb22e7e05f,de85654a-8830-5c30-9530-e7eb26fb9268,2024-07-20,2024,MOV1_FULL,0.81706687493944052,0.18293312506055948,0.029999999999999999,2164
8d49df38-3486-58fb-ab40-f229f1d9d33c,de85654a-8830-5c30-9530-e7eb26fb9268,2024-07-20,2024,MOV1_FULL,0.61070016477955014,0.38929983522044986,0.029999999999999999,2164
91edcd8d-fcfe-5669-84b2-7a6f5ccec534,de85654a-8830-5c30-9530-e7eb26fb9268,2024-07-20,2024,MOV1_FULL,0.41755840814222245,0.58244159185777755,0.029999999999999999,2164
95e43074-da90-5bac-aba1-6adf7b90c269,de85654a-8830-5c30-9530-e7eb26fb9268,2024-07-20,2024,MOV1_FULL,0.88008688033945326,0.11991311966054674,0.029999999999999999,2164
a087c80e-772f-50ec-b268-73b24489d930,de85654a-8830-5c30-9530-e7eb26fb9268,2024-07-20,2024,MOV1_FULL,0.59021720785713228,0.40978279214286772,0.029999999999999999,2164
a5030298-744b-5293-a890-98af73f2da4a,de85654a-8830-5c30-9530-e7eb26fb9268,2024-07-20,2024,MOV1_FULL,0.76695513968194073,0.23304486031805927,0.029999999999999999,2164
ed792eb3-3b98-581c-b6d7-47b56bceee48,de85654a-8830-5c30-9530-e7eb26fb9268,2024-07-20,2024,MOV1_FULL,0.71330042183123488,0.28669957816876512,0.029999999999999999,2164
f7033c8a-57d3-5b90-9601-49d68e5f46ac,de85654a-8830-5c30-9530-e7eb26fb9268,2024-07-20,2024,MOV1_FULL,0.60938283144045124,0.39061716855954876,0.029999999999999999,2164
1666a235-b55b-59f0-ac0f-84a8c584a93e,ff523245-7c53-5c62-8064-c51308356fcd,2024-07-27,2024,MOV1_FULL,0.71900870087768032,0.28099129912231968,0.029999999999999999,2164
1e3e1629-e2c8-5e25-a81d-6c04f627837f,ff523245-7c53-5c62-8064-c51308356fcd,2024-07-27,2024,MOV1_FULL,0.62444409407152957,0.37555590592847043,0.029999999999999999,2164
2875b027-d253-5e82-9d31-0ce16028aa3e,ff523245-7c53-5c62-8064-c51308356fcd,2024-07-27,2024,MOV1_FULL,0.78998332765698365,0.21001667234301635,0.029999999999999999,2164
2b8b7354-cd88-5957-871f-ecc8666d3ed5,ff523245-7c53-5c62-8064-c51308356fcd,2024-07-27,2024,MOV1_FULL,0.80493567311121816,0.19506432688878184,0.029999999999999999,2164
4530ee0b-7270-50d2-948e-6d299339b15d,ff523245-7c53-5c62-8064-c51308356fcd,2024-07-27,2024,MOV1_FULL,0.54488540600914404,0.45511459399085596,0.029999999999999999,2164
4c53767d-37ba-5725-9349-997e68461b56,ff523245-7c53-5c62-8064-c51308356fcd,2024-07-27,2024,MOV1_FULL,0.85549530603618473,0.14450469396381527,0.029999999999999999,2164
5c3bf45d-c28c-55de-8657-7346f5ea6f04,ff523245-7c53-5c62-8064-c51308356fcd,2024-07-27,2024,MOV1_FULL,0.49928987244600342,0.50071012755399658,0.029999999999999999,2164
6211f7dd-e579-5c50-b182-7a57fe43ac56,ff523245-7c53-5c62-8064-c51308356fcd,2024-07-27,2024,MOV1_FULL,0.60042051890604597,0.39957948109395403,0.029999999999999999,2164
81370d41-2182-5e38-9b9c-e16c848c691d,ff523245-7c53-5c62-8064-c51308356fcd,2024-07-27,2024,MOV1_FULL,0.73181288568957514,0.26818711431042486,0.029999999999999999,2164
8860f3fe-372c-5d5a-bd8d-c91223190267,ff523245-7c53-5c62-8064-c51308356fcd,2024-07-27,2024,MOV1_FULL,0.47709435011507828,0.52290564988492172,0.029999999999999999,2164
8ea6694e-dc68-5c34-bd7c-1aec89bb7c86,ff523245-7c53-5c62-8064-c51308356fcd,2024-07-27,2024,MOV1_FULL,0.82714154122876382,0.17285845877123618,0.029999999999999999,2164
bab6ca80-b07d-5129-8c08-bb9b97f55fc9,ff523245-7c53-5c62-8064-c51308356fcd,2024-07-27,2024,MOV1_FULL,0.82489931169826847,0.17510068830173153,0.029999999999999999,2164
ce2a92bd-bf71-5128-89fe-f806512e62e2,ff523245-7c53-5c62-8064-c51308356fcd,2024-07-27,2024,MOV1_FULL,0.31829480751706357,0.68170519248293648,0.029999999999999999,2164
db923be3-b342-5968-9878-d17356142af9,ff523245-7c53-5c62-8064-c51308356fcd,2024-07-27,2024,MOV1_FULL,0.5604710830713483,0.4395289169286517,0.029999999999999999,2164
00824d2e-96f2-5179-98a9-00b986f0c541,91ef8d53-cc09-56ba-aa8a-fa029966c7d5,2024-08-03,2024,MOV1_FULL,0.80692719091692022,0.19307280908307978,0.029999999999999999,2164
0e7ae99f-3a05-5b23-a3b4-790d3ffef003,91ef8d53-cc09-56ba-aa8a-fa029966c7d5,2024-08-03,2024,MOV1_FULL,0.79449935093476121,0.20550064906523879,0.029999999999999999,2164
23248fbd-fb37-5a04-b56f-7b8915ed6380,91ef8d53-cc09-56ba-aa8a-fa029966c7d5,2024-08-03,2024,MOV1_FULL,0.65517291192050642,0.34482708807949358,0.029999999999999999,2164
3e50330b-30ed-50b1-98bd-69f854bf6bb8,91ef8d53-cc09-56ba-aa8a-fa029966c7d5,2024-08-03,2024,MOV1_FULL,0.7443058859775189,0.2556941140224811,0.029999999999999999,2164
3fc4537e-6ad5-50e7-b706-01cbb552caac,91ef8d53-cc09-56ba-aa8a-fa029966c7d5,2024-08-03,2024,MOV1_FULL,0.74993164865536688,0.25006835134463312,0.029999999999999999,2164
530ff6ba-db64-5699-8751-97ceb6cf0b53,91ef8d53-cc09-56ba-aa8a-fa029966c7d5,2024-08-03,2024,MOV1_FULL,0.60176459271478155,0.39823540728521845,0.029999999999999999,2164
6bde389f-9d5a-52ae-9e77-eeb422f8d58c,91ef8d53-cc09-56ba-aa8a-fa029966c7d5,2024-08-03,2024,MOV1_FULL,0.81565893504963416,0.18434106495036584,0.029999999999999999,2164
6ee52741-7d2c-59ea-8278-08b2c0b1dce6,91ef8d53-cc09-56ba-aa8a-fa029966c7d5,2024-08-03,2024,MOV1_FULL,0.65924613785293595,0.34075386214706405,0.029999999999999999,2164
7735404f-5265-5573-8678-8b4c1806b153,91ef8d53-cc09-56ba-aa8a-fa029966c7d5,2024-08-03,2024,MOV1_FULL,0.7548487612189908,0.2451512387810092,0.029999999999999999,2164
7d32101b-8dca-5b1a-8fe0-b9fb993d3c88,91ef8d53-cc09-56ba-aa8a-fa029966c7d5,2024-08-03,2024,MOV1_FULL,0.53619880162381628,0.46380119837618372,0.029999999999999999,2164
85e6ae18-a869-5dff-b2bf-b60ba17d19e9,91ef8d53-cc09-56ba-aa8a-fa029966c7d5,2024-08-03,2024,MOV1_FULL,0.84034421691777161,0.15965578308222839,0.029999999999999999,2164
afdf01fc-c8a7-5424-bdd4-2435416cd43a,91ef8d53-cc09-56ba-aa8a-fa029966c7d5,2024-08-03,2024,MOV1_FULL,0.54210744568306968,0.45789255431693032,0.029999999999999999,2164
f9b110b6-198d-57b6-860f-253d8276cda1,91ef8d53-cc09-56ba-aa8a-fa029966c7d5,2024-08-03,2024,MOV1_FULL,0.27920235328459558,0.72079764671540447,0.029999999999999999,2164
1bf60349-b1ef-53c7-9a51-94f6a4dcd1ad,81c99e69-8c5e-5357-864c-2c474c8ca40b,2024-08-10,2024,MOV1_FULL,0.81275724197262511,0.18724275802737489,0.029999999999999999,2164
28a75f5f-e3e6-54f7-9a63-0b260d892ac6,81c99e69-8c5e-5357-864c-2c474c8ca40b,2024-08-10,2024,MOV1_FULL,0.58055132765638251,0.41944867234361749,0.029999999999999999,2164
3579b882-8708-508e-9c49-6f5bf1c976c5,81c99e69-8c5e-5357-864c-2c474c8ca40b,2024-08-10,2024,MOV1_FULL,0.56278363448491453,0.43721636551508547,0.029999999999999999,2164
472eced3-6862-5bd1-a64a-ee0603566f12,81c99e69-8c5e-5357-864c-2c474c8ca40b,2024-08-10,2024,MOV1_FULL,0.57701306961009391,0.42298693038990609,0.029999999999999999,2164
a01b88f3-6b1b-597d-be21-873709810160,81c99e69-8c5e-5357-864c-2c474c8ca40b,2024-08-10,2024,MOV1_FULL,0.69195937795200402,0.30804062204799598,0.029999999999999999,2164
aad6687d-9112-5561-a67d-015cf9b18457,81c99e69-8c5e-5357-864c-2c474c8ca40b,2024-08-10,2024,MOV1_FULL,0.53578201500791878,0.46421798499208122,0.029999999999999999,2164
bc192d6c-a6d4-59e5-be3a-e994abe158ae,81c99e69-8c5e-5357-864c-2c474c8ca40b,2024-08-10,2024,MOV1_FULL,0.66154951233317616,0.33845048766682384,0.029999999999999999,2164
d0966989-3e63-5f8a-b470-820d434b6a56,81c99e69-8c5e-5357-864c-2c474c8ca40b,2024-08-10,2024,MOV1_FULL,0.66005258980855019,0.33994741019144981,0.029999999999999999,2164
dc0a8865-8ece-50c9-a4de-300556f3f9e8,81c99e69-8c5e-5357-864c-2c474c8ca40b,2024-08-10,2024,MOV1_FULL,0.7203307317889428,0.2796692682110572,0.029999999999999999,2164
e39fd707-8b53-514d-bcbc-b571c302c886,81c99e69-8c5e-5357-864c-2c474c8ca40b,2024-08-10,2024,MOV1_FULL,0.65524246092510252,0.34475753907489748,0.029999999999999999,2164
12fd63ce-670a-5c06-bac6-92c63b07c880,77c44064-acb8-5509-b569-d2449bb29cf1,2024-08-17,2024,MOV1_FULL,0.51390793089330555,0.48609206910669445,0.029999999999999999,2164
22eb28a2-abec-5ad3-8bd3-d6c0ffa0c570,77c44064-acb8-5509-b569-d2449bb29cf1,2024-08-17,2024,MOV1_FULL,0.76602723765440628,0.23397276234559372,0.029999999999999999,2164
30980de8-2467-579a-8e80-78da2410d77c,77c44064-acb8-5509-b569-d2449bb29cf1,2024-08-17,2024,MOV1_FULL,0.79852260854018542,0.20147739145981458,0.029999999999999999,2164
319e715b-7109-5028-9f1c-72d3670b112b,77c44064-acb8-5509-b569-d2449bb29cf1,2024-08-17,2024,MOV1_FULL,0.90070868150271333,0.099291318497286674,0.029999999999999999,2164
564c9d36-0d90-5ae7-8560-a3f5bcb7e757,77c44064-acb8-5509-b569-d2449bb29cf1,2024-08-17,2024,MOV1_FULL,0.68107256022650287,0.31892743977349713,0.029999999999999999,2164
63efd072-fc0f-566a-a0f7-c1dff906e947,77c44064-acb8-5509-b569-d2449bb29cf1,2024-08-17,2024,MOV1_FULL,0.8725207469063625,0.1274792530936375,0.029999999999999999,2164
8a8ef3b4-86a4-53db-a26e-e33d59d53720,77c44064-acb8-5509-b569-d2449bb29cf1,2024-08-17,2024,MOV1_FULL,0.62950247993016584,0.37049752006983416,0.029999999999999999,2164
c1bd1ad2-1316-5c9d-8fa1-b936071228d0,77c44064-acb8-5509-b569-d2449bb29cf1,2024-08-17,2024,MOV1_FULL,0.7682251409916615,0.2317748590083385,0.029999999999999999,2164
cddd153e-f603-5186-801e-46035c5311f0,77c44064-acb8-5509-b569-d2449bb29cf1,2024-08-17,2024,MOV1_FULL,0.89107197329928323,0.10892802670071677,0.029999999999999999,2164
e9c3aa61-56dc-5781-aee5-4c5c638aa9ff,77c44064-acb8-5509-b569-d2449bb29cf1,2024-08-17,2024,MOV1_FULL,0.48670420647373913,0.51329579352626087,0.029999999999999999,2164
f74a2be7-8ff0-5db8-9041-241f90d76b1c,77c44064-acb8-5509-b569-d2449bb29cf1,2024-08-17,2024,MOV1_FULL,0.84836797276183196,0.15163202723816804,0.029999999999999999,2164
f9582dac-90eb-51b4-b9bd-49b8010a7250,77c44064-acb8-5509-b569-d2449bb29cf1,2024-08-17,2024,MOV1_FULL,0.76749671778759132,0.23250328221240868,0.029999999999999999,2164
132f8eac-5759-566b-bdb2-3aa551d290ab,37a07d58-4008-5803-b2c8-4e4e6fbcff86,2024-08-24,2024,MOV1_FULL,0.56561431360415781,0.43438568639584219,0.029999999999999999,2164
1e58dd83-062c-51e6-92df-2c730860aa27,37a07d58-4008-5803-b2c8-4e4e6fbcff86,2024-08-24,2024,MOV1_FULL,0.72945483756441887,0.27054516243558113,0.029999999999999999,2164
232aac8d-9700-540f-b3be-1412a8e4ccc8,37a07d58-4008-5803-b2c8-4e4e6fbcff86,2024-08-24,2024,MOV1_FULL,0.74981440862077198,0.25018559137922802,0.029999999999999999,2164
388cd72a-076b-5f1f-afe9-32bc803eab49,37a07d58-4008-5803-b2c8-4e4e6fbcff86,2024-08-24,2024,MOV1_FULL,0.59450868128569778,0.40549131871430222,0.029999999999999999,2164
3f5beda8-0ad3-5e0a-9a67-25b2845ba7db,37a07d58-4008-5803-b2c8-4e4e6fbcff86,2024-08-24,2024,MOV1_FULL,0.82500463416277214,0.17499536583722786,0.029999999999999999,2164
3faea8f9-38a6-5154-9843-d053466462f5,37a07d58-4008-5803-b2c8-4e4e6fbcff86,2024-08-24,2024,MOV1_FULL,0.58067657767428715,0.41932342232571285,0.029999999999999999,2164
52503726-1329-5d73-ab07-2eb3deb7e8b2,37a07d58-4008-5803-b2c8-4e4e6fbcff86,2024-08-24,2024,MOV1_FULL,0.51534222493535309,0.48465777506464691,0.029999999999999999,2164
8ac7e02d-dfd3-536b-b2a7-7588a80e17c6,37a07d58-4008-5803-b2c8-4e4e6fbcff86,2024-08-24,2024,MOV1_FULL,0.79492603910032511,0.20507396089967489,0.029999999999999999,2164
b1958d2d-3151-5a4c-b702-533563dc3a96,37a07d58-4008-5803-b2c8-4e4e6fbcff86,2024-08-24,2024,MOV1_FULL,0.75799866162724683,0.24200133837275317,0.029999999999999999,2164
c5d1dd7e-f8e1-5244-9b81-9d8b8749a4af,37a07d58-4008-5803-b2c8-4e4e6fbcff86,2024-08-24,2024,MOV1_FULL,0.75650691484816135,0.24349308515183865,0.029999999999999999,2164
d03e66e5-e5b7-52a3-905e-8f3bba23ed00,37a07d58-4008-5803-b2c8-4e4e6fbcff86,2024-08-24,2024,MOV1_FULL,0.82982670613865162,0.17017329386134838,0.029999999999999999,2164
0fb87006-13d2-592e-8f19-eee196e95d6b,ea13800d-815f-5edd-80c9-660785ebe6b6,2024-09-07,2024,MOV1_FULL,0.34806978312388165,0.6519302168761183,0.029999999999999999,2164
2f8a2637-1929-52a6-aaf3-be43a235f1a7,ea13800d-815f-5edd-80c9-660785ebe6b6,2024-09-07,2024,MOV1_FULL,0.70351220663942704,0.29648779336057296,0.029999999999999999,2164
40b8d9de-e034-5864-b0b2-d33c6edaf927,ea13800d-815f-5edd-80c9-660785ebe6b6,2024-09-07,2024,MOV1_FULL,0.64285484984432417,0.35714515015567583,0.029999999999999999,2164
4ae7ed13-3ac8-59db-a36f-0651a34b8c5f,ea13800d-815f-5edd-80c9-660785ebe6b6,2024-09-07,2024,MOV1_FULL,0.45986901934413937,0.54013098065586063,0.029999999999999999,2164
700c6204-1f50-5568-a833-202e720e91aa,ea13800d-815f-5edd-80c9-660785ebe6b6,2024-09-07,2024,MOV1_FULL,0.55260918744403886,0.44739081255596114,0.029999999999999999,2164
7b17da7f-0cf5-5567-960a-ae8c1ea39bed,ea13800d-815f-5edd-80c9-660785ebe6b6,2024-09-07,2024,MOV1_FULL,0.64056300116160481,0.35943699883839519,0.029999999999999999,2164
8dde32fc-beed-538a-94a3-a07ad157ba31,ea13800d-815f-5edd-80c9-660785ebe6b6,2024-09-07,2024,MOV1_FULL,0.58091083167071988,0.41908916832928012,0.029999999999999999,2164
976fd738-d6b7-527b-9ace-96b1ce999691,ea13800d-815f-5edd-80c9-660785ebe6b6,2024-09-07,2024,MOV1_FULL,0.55650016831565563,0.44349983168434437,0.029999999999999999,2164
a3cd7d88-8486-521f-8f24-be9d7765933e,ea13800d-815f-5edd-80c9-660785ebe6b6,2024-09-07,2024,MOV1_FULL,0.66286671314834877,0.33713328685165123,0.029999999999999999,2164
a616ac19-9bbb-53bd-b7d8-b932dd0861b1,ea13800d-815f-5edd-80c9-660785ebe6b6,2024-09-07,2024,MOV1_FULL,0.56625439922780652,0.43374560077219348,0.029999999999999999,2164
b5d66012-8300-5316-b15f-3fb9235ab8a8,ea13800d-815f-5edd-80c9-660785ebe6b6,2024-09-07,2024,MOV1_FULL,0.59755606621180413,0.40244393378819587,0.029999999999999999,2164
de7fa6f5-72cf-59cb-8481-60e2add3e078,ea13800d-815f-5edd-80c9-660785ebe6b6,2024-09-07,2024,MOV1_FULL,0.8723028668102758,0.1276971331897242,0.029999999999999999,2164
0938f30c-054b-5aaf-8031-b09d0f8ee006,390b775b-c3b8-5508-8c32-768c456e6f80,2024-09-14,2024,MOV1_FULL,0.77671218411707321,0.22328781588292679,0.029999999999999999,2164
1070e1b5-c9b6-5871-a517-8d93b093da2d,390b775b-c3b8-5508-8c32-768c456e6f80,2024-09-14,2024,MOV1_FULL,0.73007994983519287,0.26992005016480713,0.029999999999999999,2164
2964f6b3-f648-59cb-97b3-ab46ef9aaa0e,390b775b-c3b8-5508-8c32-768c456e6f80,2024-09-14,2024,MOV1_FULL,0.74165636978136296,0.25834363021863704,0.029999999999999999,2164
2dd76d96-8a7b-5264-b594-4e5861a431a9,390b775b-c3b8-5508-8c32-768c456e6f80,2024-09-14,2024,MOV1_FULL,0.71723785553784936,0.28276214446215064,0.029999999999999999,2164
5262352b-064d-519f-91d3-34a4d1982fe4,390b775b-c3b8-5508-8c32-768c456e6f80,2024-09-14,2024,MOV1_FULL,0.57358097184641277,0.42641902815358723,0.029999999999999999,2164
5711e605-62aa-5c7c-9ab5-67a9f248ee55,390b775b-c3b8-5508-8c32-768c456e6f80,2024-09-14,2024,MOV1_FULL,0.55150555620563235,0.44849444379436765,0.029999999999999999,2164
7ffec9a3-0c40-5eff-beb5-1fd431322519,390b775b-c3b8-5508-8c32-768c456e6f80,2024-09-14,2024,MOV1_FULL,0.69265147349202327,0.30734852650797673,0.029999999999999999,2164
b2eff3da-941b-5259-819c-0cce6c1ec13a,390b775b-c3b8-5508-8c32-768c456e6f80,2024-09-14,2024,MOV1_FULL,0.49357785567975276,0.50642214432024724,0.029999999999999999,2164
c6fa048e-6fd1-5441-b1ad-4829ad513704,390b775b-c3b8-5508-8c32-768c456e6f80,2024-09-14,2024,MOV1_FULL,0.76837695302332376,0.23162304697667624,0.029999999999999999,2164
e72f77ed-be3e-5b78-9525-6a20744b310d,390b775b-c3b8-5508-8c32-768c456e6f80,2024-09-14,2024,MOV1_FULL,0.48545190098281132,0.51454809901718868,0.029999999999999999,2164
12dc454c-8259-5611-accc-a9012aa7bad8,a35936bb-aa7a-5b9b-81d6-2b703a8b0c8a,2024-09-28,2024,MOV1_FULL,0.76967542343302398,0.23032457656697602,0.029999999999999999,2164
2bb9de44-dd94-5017-80db-42da94e15bd9,a35936bb-aa7a-5b9b-81d6-2b703a8b0c8a,2024-09-28,2024,MOV1_FULL,0.54004242756921939,0.45995757243078061,0.029999999999999999,2164
384abf9b-42a6-578b-88d8-5c95b3171e6d,a35936bb-aa7a-5b9b-81d6-2b703a8b0c8a,2024-09-28,2024,MOV1_FULL,0.78608216709632406,0.21391783290367594,0.029999999999999999,2164
3e0428ff-fea2-5f78-83af-29687026ba90,a35936bb-aa7a-5b9b-81d6-2b703a8b0c8a,2024-09-28,2024,MOV1_FULL,0.57328157634440957,0.42671842365559043,0.029999999999999999,2164
6d120cda-2abd-55f0-96e4-16006f26b7cf,a35936bb-aa7a-5b9b-81d6-2b703a8b0c8a,2024-09-28,2024,MOV1_FULL,0.63093737181286136,0.36906262818713864,0.029999999999999999,2164
91500068-7013-5eca-a18b-5c39d75200e2,a35936bb-aa7a-5b9b-81d6-2b703a8b0c8a,2024-09-28,2024,MOV1_FULL,0.61448669789066401,0.38551330210933599,0.029999999999999999,2164
a21d98a8-a9d0-5839-a17d-5fb76a5ed87a,a35936bb-aa7a-5b9b-81d6-2b703a8b0c8a,2024-09-28,2024,MOV1_FULL,0.81372283218286734,0.18627716781713266,0.029999999999999999,2164
a421cec7-d6c0-5a0b-8edb-8cd26314ff7e,a35936bb-aa7a-5b9b-81d6-2b703a8b0c8a,2024-09-28,2024,MOV1_FULL,0.61232724191296273,0.38767275808703727,0.029999999999999999,2164
a4960e8c-939a-5d48-9b36-0a6a009c3fa3,a35936bb-aa7a-5b9b-81d6-2b703a8b0c8a,2024-09-28,2024,MOV1_FULL,0.66346861143049418,0.33653138856950582,0.029999999999999999,2164
c9329be2-a84b-539a-9101-191cc6670876,a35936bb-aa7a-5b9b-81d6-2b703a8b0c8a,2024-09-28,2024,MOV1_FULL,0.57077221429105029,0.42922778570894971,0.029999999999999999,2164
d9e410b7-237b-5822-aa0b-6c10f38cb018,a35936bb-aa7a-5b9b-81d6-2b703a8b0c8a,2024-09-28,2024,MOV1_FULL,0.52197132035982252,0.47802867964017748,0.029999999999999999,2164
da8dcd2c-48ec-5542-9100-a0ffe3341b7d,a35936bb-aa7a-5b9b-81d6-2b703a8b0c8a,2024-09-28,2024,MOV1_FULL,0.67524501741935461,0.32475498258064539,0.029999999999999999,2164
e8721b8c-29ef-56ca-b055-060961976dd3,a35936bb-aa7a-5b9b-81d6-2b703a8b0c8a,2024-09-28,2024,MOV1_FULL,0.60537838084917706,0.39462161915082294,0.029999999999999999,2164
e974de71-dddc-5ce3-b16b-b1e01064a757,a35936bb-aa7a-5b9b-81d6-2b703a8b0c8a,2024-09-28,2024,MOV1_FULL,0.50071276759306127,0.49928723240693873,0.029999999999999999,2164
038aa95a-cc7d-55de-a017-1d9d2cb003b3,8b90a440-f1c3-5fe1-b649-69226f9523b6,2024-10-05,2024,MOV1_FULL,0.79302948099603432,0.20697051900396568,0.029999999999999999,2164
1801f7cd-334a-5c13-9faa-350626ed955f,8b90a440-f1c3-5fe1-b649-69226f9523b6,2024-10-05,2024,MOV1_FULL,0.89358958943225619,0.10641041056774381,0.029999999999999999,2164
20fddd0b-70de-51de-a5dc-2da4236b0282,8b90a440-f1c3-5fe1-b649-69226f9523b6,2024-10-05,2024,MOV1_FULL,0.68972688744001187,0.31027311255998813,0.029999999999999999,2164
5851753e-185b-5282-8edb-52cd8b7a6672,8b90a440-f1c3-5fe1-b649-69226f9523b6,2024-10-05,2024,MOV1_FULL,0.57171478110724283,0.42828521889275717,0.029999999999999999,2164
5f463f01-accb-5377-a50a-d53cbc75d389,8b90a440-f1c3-5fe1-b649-69226f9523b6,2024-10-05,2024,MOV1_FULL,0.78188488640530296,0.21811511359469704,0.029999999999999999,2164
650ac917-03dc-578b-80b0-61e299e17908,8b90a440-f1c3-5fe1-b649-69226f9523b6,2024-10-05,2024,MOV1_FULL,0.52105403982864185,0.47894596017135815,0.029999999999999999,2164
6595aa1e-dd63-5882-854a-66fe64b51c7e,8b90a440-f1c3-5fe1-b649-69226f9523b6,2024-10-05,2024,MOV1_FULL,0.87343917256400871,0.12656082743599129,0.029999999999999999,2164
772116f4-8a1e-5ded-acfb-95f588fdbb10,8b90a440-f1c3-5fe1-b649-69226f9523b6,2024-10-05,2024,MOV1_FULL,0.7181847756228017,0.2818152243771983,0.029999999999999999,2164
7925a99e-f606-5982-ae92-6bb587b36ae9,8b90a440-f1c3-5fe1-b649-69226f9523b6,2024-10-05,2024,MOV1_FULL,0.59771729640145932,0.40228270359854068,0.029999999999999999,2164
933b40a1-fff4-5f3c-b8eb-922d099815c1,8b90a440-f1c3-5fe1-b649-69226f9523b6,2024-10-05,2024,MOV1_FULL,0.92438724999720445,0.075612750002795548,0.029999999999999999,2164
9c89f463-a16b-5f2f-92b1-093a1bc9cdd4,8b90a440-f1c3-5fe1-b649-69226f9523b6,2024-10-05,2024,MOV1_FULL,0.43881567047693937,0.56118432952306063,0.029999999999999999,2164
b3aacda7-0df1-532b-a5ac-9a7373cb3f93,8b90a440-f1c3-5fe1-b649-69226f9523b6,2024-10-05,2024,MOV1_FULL,0.54461895217491607,0.45538104782508393,0.029999999999999999,2164
0a752f02-790d-5b18-acf0-823a3d980e68,50571922-e771-5a15-8d73-fbb18bc742a1,2024-10-12,2024,MOV1_FULL,0.71701926395672,0.28298073604328,0.029999999999999999,2164
2b3a8078-efe8-549e-bdb0-54a3fb962fa3,50571922-e771-5a15-8d73-fbb18bc742a1,2024-10-12,2024,MOV1_FULL,0.4284560117768465,0.57154398822315344,0.029999999999999999,2164
38e56b08-a8ef-569f-ac3a-41c5b3172490,50571922-e771-5a15-8d73-fbb18bc742a1,2024-10-12,2024,MOV1_FULL,0.45887820033819349,0.54112179966180651,0.029999999999999999,2164
50482e46-355b-5fba-9899-2b6a5d7e5e12,50571922-e771-5a15-8d73-fbb18bc742a1,2024-10-12,2024,MOV1_FULL,0.74095484085395336,0.25904515914604664,0.029999999999999999,2164
5e6d6566-c1bd-54fa-8963-dcb9cf87a241,50571922-e771-5a15-8d73-fbb18bc742a1,2024-10-12,2024,MOV1_FULL,0.31456370604492495,0.6854362939550751,0.029999999999999999,2164
6bb67f8d-60a0-5896-82b6-dce7d0a9c617,50571922-e771-5a15-8d73-fbb18bc742a1,2024-10-12,2024,MOV1_FULL,0.33091336347219807,0.66908663652780187,0.029999999999999999,2164
6cf487f6-9fcc-593f-9a75-f34b3d08dcfb,50571922-e771-5a15-8d73-fbb18bc742a1,2024-10-12,2024,MOV1_FULL,0.66768904804470797,0.33231095195529203,0.029999999999999999,2164
81600f4a-c334-5e73-8cb4-2c89b40227fe,50571922-e771-5a15-8d73-fbb18bc742a1,2024-10-12,2024,MOV1_FULL,0.72620461607709141,0.27379538392290859,0.029999999999999999,2164
c17bde68-6e14-5cee-b0d5-b6d123fb3701,50571922-e771-5a15-8d73-fbb18bc742a1,2024-10-12,2024,MOV1_FULL,0.78583782057505591,0.21416217942494409,0.029999999999999999,2164
c49862bc-eedb-5884-9594-f5d4eb0ee33f,50571922-e771-5a15-8d73-fbb18bc742a1,2024-10-12,2024,MOV1_FULL,0.59680696737012429,0.40319303262987571,0.029999999999999999,2164
cd9bfb62-ab5c-54e1-8e19-98342b2ad776,50571922-e771-5a15-8d73-fbb18bc742a1,2024-10-12,2024,MOV1_FULL,0.39119368649213077,0.60880631350786918,0.029999999999999999,2164
e43d7720-5eb6-59b2-be84-322178858dad,50571922-e771-5a15-8d73-fbb18bc742a1,2024-10-12,2024,MOV1_FULL,0.52572781918531253,0.47427218081468747,0.029999999999999999,2164
10c4478f-175c-5045-bb6b-c5f0d857a6bb,ebb053a1-1e09-5b2a-a288-394f59f996c5,2024-10-19,2024,MOV1_FULL,0.47878527375499014,0.52121472624500986,0.029999999999999999,2164
6fa15614-9415-58c4-a518-c4362afd6e6a,ebb053a1-1e09-5b2a-a288-394f59f996c5,2024-10-19,2024,MOV1_FULL,0.51457242838919814,0.48542757161080186,0.029999999999999999,2164
9bf4cedc-4f6c-5fd2-acd0-52632a2e2860,ebb053a1-1e09-5b2a-a288-394f59f996c5,2024-10-19,2024,MOV1_FULL,0.51683564176617203,0.48316435823382797,0.029999999999999999,2164
afefa1fa-1c53-56b9-afbe-03cab2aef596,ebb053a1-1e09-5b2a-a288-394f59f996c5,2024-10-19,2024,MOV1_FULL,0.68020074758930904,0.31979925241069096,0.029999999999999999,2164
c18406cc-211f-51cc-8713-04ac203fd432,ebb053a1-1e09-5b2a-a288-394f59f996c5,2024-10-19,2024,MOV1_FULL,0.50321437840499372,0.49678562159500628,0.029999999999999999,2164
d366cc05-872d-51f0-9c52-d7ec0d7ec206,ebb053a1-1e09-5b2a-a288-394f59f996c5,2024-10-19,2024,MOV1_FULL,0.57320995395362162,0.42679004604637838,0.029999999999999999,2164
d6ae282d-5dc4-5e16-abbf-e483a47b8b65,ebb053a1-1e09-5b2a-a288-394f59f996c5,2024-10-19,2024,MOV1_FULL,0.43520345091222451,0.56479654908777555,0.029999999999999999,2164
d95b34b6-3dd1-5ecc-b6f1-0d2e2a549204,ebb053a1-1e09-5b2a-a288-394f59f996c5,2024-10-19,2024,MOV1_FULL,0.51739816360483037,0.48260183639516963,0.029999999999999999,2164
e5bacc68-9056-5c2b-844a-9134233b0c89,ebb053a1-1e09-5b2a-a288-394f59f996c5,2024-10-19,2024,MOV1_FULL,0.68859100529362338,0.31140899470637662,0.029999999999999999,2164
edb56bec-c6bf-55f7-82f0-29e33b39c5d1,ebb053a1-1e09-5b2a-a288-394f59f996c5,2024-10-19,2024,MOV1_FULL,0.60839138793207093,0.39160861206792907,0.029999999999999999,2164
f3a93803-47f5-5137-aaf9-9dc123665494,ebb053a1-1e09-5b2a-a288-394f59f996c5,2024-10-19,2024,MOV1_FULL,0.87696611805302327,0.12303388194697673,0.029999999999999999,2164
0725477d-6c50-52c9-af6c-2fec8f1eef83,a8f2fee6-cfa8-558b-9ca3-252edee28698,2024-10-26,2024,MOV1_FULL,0.80802014022572499,0.19197985977427501,0.029999999999999999,2164
13bdb06a-e0ef-5eb9-941c-9efd90161534,a8f2fee6-cfa8-558b-9ca3-252edee28698,2024-10-26,2024,MOV1_FULL,0.39642869499841521,0.60357130500158473,0.029999999999999999,2164
24a51241-7709-5d46-95ac-602cdce28e45,a8f2fee6-cfa8-558b-9ca3-252edee28698,2024-10-26,2024,MOV1_FULL,0.55478563716752671,0.44521436283247329,0.029999999999999999,2164
47088cb8-fbd8-5e76-a383-dbd9ebd55e57,a8f2fee6-cfa8-558b-9ca3-252edee28698,2024-10-26,2024,MOV1_FULL,0.87603032113024759,0.12396967886975241,0.029999999999999999,2164
498a95f2-1479-5ead-9dbf-c0a12286eacb,a8f2fee6-cfa8-558b-9ca3-252edee28698,2024-10-26,2024,MOV1_FULL,0.71054177158572218,0.28945822841427782,0.029999999999999999,2164
5910093d-d356-5c09-ac8f-e955a4883d56,a8f2fee6-cfa8-558b-9ca3-252edee28698,2024-10-26,2024,MOV1_FULL,0.68182382158688604,0.31817617841311396,0.029999999999999999,2164
83be3f41-2500-5c3a-bc89-3b9c47cee16a,a8f2fee6-cfa8-558b-9ca3-252edee28698,2024-10-26,2024,MOV1_FULL,0.83102018963851931,0.16897981036148069,0.029999999999999999,2164
8b27e364-a808-5d30-aabe-3c8f3ef9c91c,a8f2fee6-cfa8-558b-9ca3-252edee28698,2024-10-26,2024,MOV1_FULL,0.58133962932592176,0.41866037067407824,0.029999999999999999,2164
e0ab8445-f4db-549d-96cf-49fec90eaff5,a8f2fee6-cfa8-558b-9ca3-252edee28698,2024-10-26,2024,MOV1_FULL,0.8622776409561006,0.1377223590438994,0.029999999999999999,2164
f48d0089-f362-5de2-a04d-afb3a741a2e1,a8f2fee6-cfa8-558b-9ca3-252edee28698,2024-10-26,2024,MOV1_FULL,0.80774306818885977,0.19225693181114023,0.029999999999999999,2164
fe92d460-1c5d-5dba-a92d-562483fa1867,a8f2fee6-cfa8-558b-9ca3-252edee28698,2024-10-26,2024,MOV1_FULL,0.72147256283917383,0.27852743716082617,0.029999999999999999,2164
12bb1601-2458-591a-80c1-b1eee7713fad,af3f3b2c-6684-539c-a90d-166c421d247b,2024-11-02,2024,MOV1_FULL,0.54368359471922356,0.45631640528077644,0.029999999999999999,2164
191ac664-fef0-51a3-a6ed-83a723a69e29,af3f3b2c-6684-539c-a90d-166c421d247b,2024-11-02,2024,MOV1_FULL,0.6233233870893079,0.3766766129106921,0.029999999999999999,2164
321bdcbc-7a33-5226-b5eb-61bc85bc2ff2,af3f3b2c-6684-539c-a90d-166c421d247b,2024-11-02,2024,MOV1_FULL,0.4774118105420686,0.5225881894579314,0.029999999999999999,2164
4a2ba8ef-f990-5da2-a0ec-c8b802931a37,af3f3b2c-6684-539c-a90d-166c421d247b,2024-11-02,2024,MOV1_FULL,0.80927992790219294,0.19072007209780706,0.029999999999999999,2164
6a83b78e-cb15-5ad5-9bb1-fa4d90b0bb77,af3f3b2c-6684-539c-a90d-166c421d247b,2024-11-02,2024,MOV1_FULL,0.48435546339473851,0.51564453660526155,0.029999999999999999,2164
7b8c62bc-1086-53aa-b8ae-f96752eb97f7,af3f3b2c-6684-539c-a90d-166c421d247b,2024-11-02,2024,MOV1_FULL,0.39816038181503094,0.60183961818496901,0.029999999999999999,2164
848d77c2-5260-5ca7-90ca-fe77b78b7340,af3f3b2c-6684-539c-a90d-166c421d247b,2024-11-02,2024,MOV1_FULL,0.5952361604031049,0.4047638395968951,0.029999999999999999,2164
93c5ca6b-a2ba-546a-95db-bc8318382008,af3f3b2c-6684-539c-a90d-166c421d247b,2024-11-02,2024,MOV1_FULL,0.73935650644502482,0.26064349355497518,0.029999999999999999,2164
9e86b6c2-5b7b-55d9-a071-fe321b368824,af3f3b2c-6684-539c-a90d-166c421d247b,2024-11-02,2024,MOV1_FULL,0.80294414374667622,0.19705585625332378,0.029999999999999999,2164
a28e28ed-8e56-59ac-b56b-8cf8db114dac,af3f3b2c-6684-539c-a90d-166c421d247b,2024-11-02,2024,MOV1_FULL,0.40671460370541979,0.59328539629458021,0.029999999999999999,2164
b1f19c08-3cdc-5199-a98e-898dbf2734f5,af3f3b2c-6684-539c-a90d-166c421d247b,2024-11-02,2024,MOV1_FULL,0.54116858240160626,0.45883141759839374,0.029999999999999999,2164
e69850f5-9257-5214-87e0-79ade2a6f54f,af3f3b2c-6684-539c-a90d-166c421d247b,2024-11-02,2024,MOV1_FULL,0.84830351986570918,0.15169648013429082,0.029999999999999999,2164
fedfd1f0-bc83-5862-b38c-b15a5fb465ad,af3f3b2c-6684-539c-a90d-166c421d247b,2024-11-02,2024,MOV1_FULL,0.64931211603999117,0.35068788396000883,0.029999999999999999,2164
1b3e591b-04f3-555f-87a1-be5846a5787b,50df6ed9-a652-50ab-8ddb-d5377a3e5444,2024-11-09,2024,MOV1_FULL,0.4728072036182856,0.52719279638171446,0.029999999999999999,2164
21b972d6-e0d5-51ac-8647-e5242cd65e08,50df6ed9-a652-50ab-8ddb-d5377a3e5444,2024-11-09,2024,MOV1_FULL,0.81471237849340572,0.18528762150659428,0.029999999999999999,2164
54ac2e95-02fa-5cf5-9551-7a3c5df86437,50df6ed9-a652-50ab-8ddb-d5377a3e5444,2024-11-09,2024,MOV1_FULL,0.65607334890453395,0.34392665109546605,0.029999999999999999,2164
5be7351f-8b0b-5040-a6c0-208888f04a65,50df6ed9-a652-50ab-8ddb-d5377a3e5444,2024-11-09,2024,MOV1_FULL,0.7002117614357668,0.2997882385642332,0.029999999999999999,2164
5cc2b449-8d4b-5cf1-ba28-65073fee4f62,50df6ed9-a652-50ab-8ddb-d5377a3e5444,2024-11-09,2024,MOV1_FULL,0.66391605311227486,0.33608394688772514,0.029999999999999999,2164
63758d33-4a10-5100-873d-2f2582c141f3,50df6ed9-a652-50ab-8ddb-d5377a3e5444,2024-11-09,2024,MOV1_FULL,0.77841378732097444,0.22158621267902556,0.029999999999999999,2164
6b1a999a-638e-5d63-8d22-36e743765de4,50df6ed9-a652-50ab-8ddb-d5377a3e5444,2024-11-09,2024,MOV1_FULL,0.43394339969952261,0.56605660030047744,0.029999999999999999,2164
83852b83-fb24-5500-b4ec-71f93fdcc5a4,50df6ed9-a652-50ab-8ddb-d5377a3e5444,2024-11-09,2024,MOV1_FULL,0.73949092979725617,0.26050907020274383,0.029999999999999999,2164
96967ccc-c1b8-57f4-9b4c-09d7a9a21160,50df6ed9-a652-50ab-8ddb-d5377a3e5444,2024-11-09,2024,MOV1_FULL,0.78880318348134748,0.21119681651865252,0.029999999999999999,2164
b9b0ba20-d3e4-5025-966e-15b26713a7b4,50df6ed9-a652-50ab-8ddb-d5377a3e5444,2024-11-09,2024,MOV1_FULL,0.6123470502315238,0.3876529497684762,0.029999999999999999,2164
dac5bbf1-b7bb-5abd-84ca-fd3319bf6171,50df6ed9-a652-50ab-8ddb-d5377a3e5444,2024-11-09,2024,MOV1_FULL,0.65251108149965775,0.34748891850034225,0.029999999999999999,2164
198dfa5f-65c8-528d-a859-166e1c434084,61b75bab-e854-5dc3-bd6d-5893c9b89508,2024-11-16,2024,MOV1_FULL,0.83184532900204855,0.16815467099795145,0.029999999999999999,2164
253f6efc-3a8a-5735-a03c-083a7af1b55a,61b75bab-e854-5dc3-bd6d-5893c9b89508,2024-11-16,2024,MOV1_FULL,0.83370633065340793,0.16629366934659207,0.029999999999999999,2164
58286de4-0cd0-5f99-9554-b1ab4181d8e0,61b75bab-e854-5dc3-bd6d-5893c9b89508,2024-11-16,2024,MOV1_FULL,0.64963609443823711,0.35036390556176289,0.029999999999999999,2164
76117e1f-3f36-54a7-97b4-9f062a69bd98,61b75bab-e854-5dc3-bd6d-5893c9b89508,2024-11-16,2024,MOV1_FULL,0.4827961459597907,0.5172038540402093,0.029999999999999999,2164
9fa3a8d6-bc12-56ee-9e1b-b8b12782bae8,61b75bab-e854-5dc3-bd6d-5893c9b89508,2024-11-16,2024,MOV1_FULL,0.62472535451009459,0.37527464548990541,0.029999999999999999,2164
a5a7d7dd-bd4a-523f-887d-a0a1c9eae42b,61b75bab-e854-5dc3-bd6d-5893c9b89508,2024-11-16,2024,MOV1_FULL,0.54546906461997913,0.45453093538002087,0.029999999999999999,2164
a90a2356-b52d-546a-a9b9-968b3b08beb4,61b75bab-e854-5dc3-bd6d-5893c9b89508,2024-11-16,2024,MOV1_FULL,0.50119401611506642,0.49880598388493358,0.029999999999999999,2164
b5deb297-62ac-5c61-9ac4-6cbe73f0583d,61b75bab-e854-5dc3-bd6d-5893c9b89508,2024-11-16,2024,MOV1_FULL,0.46439508735934615,0.53560491264065391,0.029999999999999999,2164
c3adac3e-0b5b-539f-99f6-dfa6ac82f0d2,61b75bab-e854-5dc3-bd6d-5893c9b89508,2024-11-16,2024,MOV1_FULL,0.67782113782039177,0.32217886217960823,0.029999999999999999,2164
c7898f82-4fab-5efa-8377-8acb5e097860,61b75bab-e854-5dc3-bd6d-5893c9b89508,2024-11-16,2024,MOV1_FULL,0.32192759036890078,0.67807240963109927,0.029999999999999999,2164
cdc079c9-0ebe-55e3-af85-5d5a4836ff97,61b75bab-e854-5dc3-bd6d-5893c9b89508,2024-11-16,2024,MOV1_FULL,0.79800402113766078,0.20199597886233922,0.029999999999999999,2164
ce7a831e-bc8a-544f-bc2f-d0f573ab5f40,61b75bab-e854-5dc3-bd6d-5893c9b89508,2024-11-16,2024,MOV1_FULL,0.30795708542195516,0.6920429145780449,0.029999999999999999,2164
003dff80-fc5f-5172-864d-e0c35b643922,8161e8c8-ef15-503b-8a98-81a47cc608ca,2024-11-23,2024,MOV1_FULL,0.67422037555837,0.32577962444163,0.029999999999999999,2164
1b916a69-9030-536f-9e8e-ea252654329c,8161e8c8-ef15-503b-8a98-81a47cc608ca,2024-11-23,2024,MOV1_FULL,0.90337575180271334,0.096624248197286655,0.029999999999999999,2164
2494ff56-536a-5b57-918b-1631007065a9,8161e8c8-ef15-503b-8a98-81a47cc608ca,2024-11-23,2024,MOV1_FULL,0.78667554323210542,0.21332445676789458,0.029999999999999999,2164
2b8a4a94-182a-5370-af44-9b2ed3d78c16,8161e8c8-ef15-503b-8a98-81a47cc608ca,2024-11-23,2024,MOV1_FULL,0.51281160852835983,0.48718839147164017,0.029999999999999999,2164
37ea8d54-ccef-5a9d-94ff-15e7a2b189ce,8161e8c8-ef15-503b-8a98-81a47cc608ca,2024-11-23,2024,MOV1_FULL,0.52108473233185981,0.47891526766814019,0.029999999999999999,2164
4324955c-e7cc-5626-90d8-1f04c5c03783,8161e8c8-ef15-503b-8a98-81a47cc608ca,2024-11-23,2024,MOV1_FULL,0.83996966401780337,0.16003033598219663,0.029999999999999999,2164
4c92e274-df61-5023-81bb-cc3ce2e8100d,8161e8c8-ef15-503b-8a98-81a47cc608ca,2024-11-23,2024,MOV1_FULL,0.63339012822614138,0.36660987177385862,0.029999999999999999,2164
4e46bf28-fae9-56ca-a3ed-b00e30cadc4c,8161e8c8-ef15-503b-8a98-81a47cc608ca,2024-11-23,2024,MOV1_FULL,0.83802550560271505,0.16197449439728495,0.029999999999999999,2164
5c64d704-b676-5881-ab9f-a8a6fa526209,8161e8c8-ef15-503b-8a98-81a47cc608ca,2024-11-23,2024,MOV1_FULL,0.55735340077515305,0.44264659922484695,0.029999999999999999,2164
825d6101-1345-5780-b8c3-5a5a341fded3,8161e8c8-ef15-503b-8a98-81a47cc608ca,2024-11-23,2024,MOV1_FULL,0.54802726870703311,0.45197273129296689,0.029999999999999999,2164
869d7b5e-1b36-5668-9191-c8a3f0a09b02,8161e8c8-ef15-503b-8a98-81a47cc608ca,2024-11-23,2024,MOV1_FULL,0.79261709833338256,0.20738290166661744,0.029999999999999999,2164
96bf8373-8e01-58eb-863c-44a90853f52f,8161e8c8-ef15-503b-8a98-81a47cc608ca,2024-11-23,2024,MOV1_FULL,0.5403413934214274,0.4596586065785726,0.029999999999999999,2164
aa3bae42-f8c9-52be-a1d5-dc7917f038a5,8161e8c8-ef15-503b-8a98-81a47cc608ca,2024-11-23,2024,MOV1_FULL,0.5403413934214274,0.4596586065785726,0.029999999999999999,2164
1eda664e-8add-541f-ab77-c132ef90d676,d22ad558-58ae-5508-9278-291baed84314,2024-12-07,2024,MOV1_FULL,0.65112550927267676,0.34887449072732324,0.029999999999999999,2164
2bb650c1-baed-5b49-80ea-701c83726253,d22ad558-58ae-5508-9278-291baed84314,2024-12-07,2024,MOV1_FULL,0.78948639977092039,0.21051360022907961,0.029999999999999999,2164
3d478bf8-18c9-5c99-86c5-28e22921ed66,d22ad558-58ae-5508-9278-291baed84314,2024-12-07,2024,MOV1_FULL,0.58711669478903394,0.41288330521096606,0.029999999999999999,2164
48f2cad3-66a8-53f3-9476-9f6b3354b12d,d22ad558-58ae-5508-9278-291baed84314,2024-12-07,2024,MOV1_FULL,0.51232237446353468,0.48767762553646532,0.029999999999999999,2164
4ea808fe-e358-5e10-add9-ffc6f76d6efb,d22ad558-58ae-5508-9278-291baed84314,2024-12-07,2024,MOV1_FULL,0.82800094716943817,0.17199905283056183,0.029999999999999999,2164
5ae19642-6b26-51fe-bd9b-feac3ab4b779,d22ad558-58ae-5508-9278-291baed84314,2024-12-07,2024,MOV1_FULL,0.5025922095855011,0.4974077904144989,0.029999999999999999,2164
5c30f3d3-21e5-5829-88cd-6f450bcfd117,d22ad558-58ae-5508-9278-291baed84314,2024-12-07,2024,MOV1_FULL,0.49580397055232606,0.50419602944767394,0.029999999999999999,2164
76bec230-38dd-5ecb-8746-8b5191c1bf21,d22ad558-58ae-5508-9278-291baed84314,2024-12-07,2024,MOV1_FULL,0.8417099139928359,0.1582900860071641,0.029999999999999999,2164
990d893b-326d-55b8-9e21-56cd352a902e,d22ad558-58ae-5508-9278-291baed84314,2024-12-07,2024,MOV1_FULL,0.51459237188293261,0.48540762811706739,0.029999999999999999,2164
9c311670-f0e3-5c40-bcd3-48caa2796269,d22ad558-58ae-5508-9278-291baed84314,2024-12-07,2024,MOV1_FULL,0.77626670473959114,0.22373329526040886,0.029999999999999999,2164
a7f67273-4fc2-59a5-854b-015916c65462,d22ad558-58ae-5508-9278-291baed84314,2024-12-07,2024,MOV1_FULL,0.51235008098595602,0.48764991901404398,0.029999999999999999,2164
b8b4474f-8b30-57dc-85e5-c0eb6c7c3e42,d22ad558-58ae-5508-9278-291baed84314,2024-12-07,2024,MOV1_FULL,0.37780310234565995,0.62219689765434005,0.029999999999999999,2164
ba216c83-d78c-5181-aa7d-055cfd30ce33,d22ad558-58ae-5508-9278-291baed84314,2024-12-07,2024,MOV1_FULL,0.78988499718010441,0.21011500281989559,0.029999999999999999,2164
ea01ae49-58d7-5edd-a444-d7766a0b547c,d22ad558-58ae-5508-9278-291baed84314,2024-12-07,2024,MOV1_FULL,0.69214798900181052,0.30785201099818948,0.029999999999999999,2164
00c736be-6a6f-5141-8562-035eb06f41f0,4494e592-9a9a-5f73-8757-2e6ca33ab93a,2024-12-14,2024,MOV1_FULL,0.74920729400015718,0.25079270599984282,0.029999999999999999,2164
0a8ffc35-02e1-543d-9a05-04d8a01e025c,4494e592-9a9a-5f73-8757-2e6ca33ab93a,2024-12-14,2024,MOV1_FULL,0.90897334380039596,0.091026656199604039,0.029999999999999999,2164
1b84ca11-5ef9-52df-af2b-d5f41df0f4e9,4494e592-9a9a-5f73-8757-2e6ca33ab93a,2024-12-14,2024,MOV1_FULL,0.70997999104070997,0.29002000895929003,0.029999999999999999,2164
286529a6-e9db-551d-9e9f-bf0f434ca4f5,4494e592-9a9a-5f73-8757-2e6ca33ab93a,2024-12-14,2024,MOV1_FULL,0.38911186406254289,0.61088813593745717,0.029999999999999999,2164
336f0d0b-a49b-5ba4-a328-f4d2b81b0334,4494e592-9a9a-5f73-8757-2e6ca33ab93a,2024-12-14,2024,MOV1_FULL,0.58397746209540358,0.41602253790459642,0.029999999999999999,2164
3423c372-774a-5e0e-a44a-0d1df2bb2579,4494e592-9a9a-5f73-8757-2e6ca33ab93a,2024-12-14,2024,MOV1_FULL,0.91174212119313436,0.088257878806865642,0.029999999999999999,2164
37903ace-96b6-5e97-a2e2-19b598fea45f,4494e592-9a9a-5f73-8757-2e6ca33ab93a,2024-12-14,2024,MOV1_FULL,0.83477901470873839,0.16522098529126161,0.029999999999999999,2164
5747c5c4-0aeb-5bca-8d6c-84adf13ab889,4494e592-9a9a-5f73-8757-2e6ca33ab93a,2024-12-14,2024,MOV1_FULL,0.78322793991363981,0.21677206008636019,0.029999999999999999,2164
791bf57f-9316-53b0-a03a-53d02e3f3b77,4494e592-9a9a-5f73-8757-2e6ca33ab93a,2024-12-14,2024,MOV1_FULL,0.70494350965889563,0.29505649034110437,0.029999999999999999,2164
8c2a9f86-3336-59c2-8840-025aa6f2c9cd,4494e592-9a9a-5f73-8757-2e6ca33ab93a,2024-12-14,2024,MOV1_FULL,0.61384445296050782,0.38615554703949218,0.029999999999999999,2164
a8d81ff3-903e-50c4-9194-2a77dfe5b626,4494e592-9a9a-5f73-8757-2e6ca33ab93a,2024-12-14,2024,MOV1_FULL,0.42215628421655049,0.57784371578344951,0.029999999999999999,2164
aee57144-60b9-5882-92cc-c03e446eaf92,4494e592-9a9a-5f73-8757-2e6ca33ab93a,2024-12-14,2024,MOV1_FULL,0.74014152263023514,0.25985847736976486,0.029999999999999999,2164
2cf6c4f2-d69e-53fe-b495-27b726d95197,a1e23bed-e6ac-59e3-bed1-bb837aae58fd,2025-01-11,2025,MOV1_FULL,0.55147418774676138,0.44852581225323862,0.10000000000000001,2387
391db415-12df-5183-ba19-55572b4e3d5c,a1e23bed-e6ac-59e3-bed1-bb837aae58fd,2025-01-11,2025,MOV1_FULL,0.59332057763229307,0.40667942236770693,0.10000000000000001,2387
517f6fcb-23fd-52ed-be93-e7c2ffa9d0b4,a1e23bed-e6ac-59e3-bed1-bb837aae58fd,2025-01-11,2025,MOV1_FULL,0.531069507593251,0.468930492406749,0.10000000000000001,2387
5900d061-67b8-574e-806c-7d8b2f051874,a1e23bed-e6ac-59e3-bed1-bb837aae58fd,2025-01-11,2025,MOV1_FULL,0.77736694394054162,0.22263305605945838,0.10000000000000001,2387
5a47ce41-52f3-5438-bc56-659ec5189055,a1e23bed-e6ac-59e3-bed1-bb837aae58fd,2025-01-11,2025,MOV1_FULL,0.70060362310022406,0.29939637689977594,0.10000000000000001,2387
6ce71628-0c26-5836-b551-aeb67c29d6d9,a1e23bed-e6ac-59e3-bed1-bb837aae58fd,2025-01-11,2025,MOV1_FULL,0.4370462756514667,0.5629537243485333,0.10000000000000001,2387
a4a5703a-27b0-557f-b161-469fecf63af2,a1e23bed-e6ac-59e3-bed1-bb837aae58fd,2025-01-11,2025,MOV1_FULL,0.856869287594618,0.143130712405382,0.10000000000000001,2387
a5864288-472c-5d05-a7fc-e8bc4955231d,a1e23bed-e6ac-59e3-bed1-bb837aae58fd,2025-01-11,2025,MOV1_FULL,0.28749292014769073,0.71250707985230921,0.10000000000000001,2387
aacb3c74-ac30-5bd1-8906-7668e3c4aed6,a1e23bed-e6ac-59e3-bed1-bb837aae58fd,2025-01-11,2025,MOV1_FULL,0.7619008882791104,0.2380991117208896,0.10000000000000001,2387
ac07d68f-52fd-59eb-8c66-b02417b4ffdf,a1e23bed-e6ac-59e3-bed1-bb837aae58fd,2025-01-11,2025,MOV1_FULL,0.79611353641557447,0.20388646358442553,0.10000000000000001,2387
c685c0a3-58bf-5a83-8966-df9c0f012927,a1e23bed-e6ac-59e3-bed1-bb837aae58fd,2025-01-11,2025,MOV1_FULL,0.42536357007039227,0.57463642992960773,0.10000000000000001,2387
eb0d0a49-18ee-5e57-966d-24b479a9677d,a1e23bed-e6ac-59e3-bed1-bb837aae58fd,2025-01-11,2025,MOV1_FULL,0.51000491048213914,0.48999508951786086,0.10000000000000001,2387
eea6fd86-d5d6-53e9-ac33-cb2d828e9db4,a1e23bed-e6ac-59e3-bed1-bb837aae58fd,2025-01-11,2025,MOV1_FULL,0.59671887889498254,0.40328112110501746,0.10000000000000001,2387
f5f25a91-476b-5873-856c-602c862a4f28,a1e23bed-e6ac-59e3-bed1-bb837aae58fd,2025-01-11,2025,MOV1_FULL,0.36241147844167559,0.63758852155832435,0.10000000000000001,2387
1ddc26ab-a72c-50ae-afa9-04c25a3ac4cb,ac1710ec-d7cc-598b-88de-8c9401cdd37d,2025-01-18,2025,MOV1_FULL,0.75694332097060701,0.24305667902939299,0.10000000000000001,2387
2895cdef-8da7-581c-807e-cd09dc9d69f1,ac1710ec-d7cc-598b-88de-8c9401cdd37d,2025-01-18,2025,MOV1_FULL,0.75227975579961182,0.24772024420038818,0.10000000000000001,2387
3109f838-14f0-52f3-b5ac-1de29c9ac84d,ac1710ec-d7cc-598b-88de-8c9401cdd37d,2025-01-18,2025,MOV1_FULL,0.17552694832715804,0.82447305167284202,0.10000000000000001,2387
40191d52-e3ab-5aab-b326-5939ee9b3f89,ac1710ec-d7cc-598b-88de-8c9401cdd37d,2025-01-18,2025,MOV1_FULL,0.57391977798728866,0.42608022201271134,0.10000000000000001,2387
497e5bac-b2f7-5cca-a5ff-a09aec253fef,ac1710ec-d7cc-598b-88de-8c9401cdd37d,2025-01-18,2025,MOV1_FULL,0.66211781074239273,0.33788218925760727,0.10000000000000001,2387
934bccae-234c-5637-aea2-eacf1b5cdc16,ac1710ec-d7cc-598b-88de-8c9401cdd37d,2025-01-18,2025,MOV1_FULL,0.69744722099557477,0.30255277900442523,0.10000000000000001,2387
9f649833-fb7f-5d01-9669-18c0b4ac0f4d,ac1710ec-d7cc-598b-88de-8c9401cdd37d,2025-01-18,2025,MOV1_FULL,0.34669692191195617,0.65330307808804378,0.10000000000000001,2387
b3ce9f2b-9e72-5d1f-a779-e5fc385f7bed,ac1710ec-d7cc-598b-88de-8c9401cdd37d,2025-01-18,2025,MOV1_FULL,0.25298787170739467,0.74701212829260533,0.10000000000000001,2387
bb580f11-8b79-537a-bd69-eddbfccdc0c0,ac1710ec-d7cc-598b-88de-8c9401cdd37d,2025-01-18,2025,MOV1_FULL,0.48765593272710733,0.51234406727289272,0.10000000000000001,2387
c5b2b186-4c15-5b83-91b2-a80b326531cc,ac1710ec-d7cc-598b-88de-8c9401cdd37d,2025-01-18,2025,MOV1_FULL,0.55609690470536521,0.44390309529463479,0.10000000000000001,2387
d328d961-8eca-5db5-9119-1aaf65b8f839,ac1710ec-d7cc-598b-88de-8c9401cdd37d,2025-01-18,2025,MOV1_FULL,0.65981210538758361,0.34018789461241639,0.10000000000000001,2387
ea1aba46-ad9c-5dc2-b3b0-8f786bca69f9,ac1710ec-d7cc-598b-88de-8c9401cdd37d,2025-01-18,2025,MOV1_FULL,0.64190012296728616,0.35809987703271384,0.10000000000000001,2387
f27d65af-5d6b-5f77-a829-d47531e9e2ab,ac1710ec-d7cc-598b-88de-8c9401cdd37d,2025-01-18,2025,MOV1_FULL,0.83269348242070307,0.16730651757929693,0.10000000000000001,2387
22807da9-ffc6-511c-bcbb-b21ed6b336f6,358e2b57-aba1-5df3-b4d6-f379c993e869,2025-02-01,2025,MOV1_FULL,0.6956940789282412,0.3043059210717588,0.10000000000000001,2387
38934802-eaf0-5c8a-8cf6-4cc0a5977e9f,358e2b57-aba1-5df3-b4d6-f379c993e869,2025-02-01,2025,MOV1_FULL,0.93161461466486317,0.068385385335136828,0.10000000000000001,2387
55895215-dc25-5438-ba7e-83a22b93f823,358e2b57-aba1-5df3-b4d6-f379c993e869,2025-02-01,2025,MOV1_FULL,0.69428005064973408,0.30571994935026592,0.10000000000000001,2387
6a9bbc3f-f42c-53d8-9105-a41accb05293,358e2b57-aba1-5df3-b4d6-f379c993e869,2025-02-01,2025,MOV1_FULL,0.8444469268882262,0.1555530731117738,0.10000000000000001,2387
83b380b5-bfb7-5c16-8b99-860b659e7620,358e2b57-aba1-5df3-b4d6-f379c993e869,2025-02-01,2025,MOV1_FULL,0.77757155174670323,0.22242844825329677,0.10000000000000001,2387
a7e6fb98-5bfb-5f2d-827a-2e5ff7e4fb2e,358e2b57-aba1-5df3-b4d6-f379c993e869,2025-02-01,2025,MOV1_FULL,0.81707919590632527,0.18292080409367473,0.10000000000000001,2387
b74e5e22-782c-5eb5-a1a7-f6ca09fa257a,358e2b57-aba1-5df3-b4d6-f379c993e869,2025-02-01,2025,MOV1_FULL,0.77619047480392278,0.22380952519607722,0.10000000000000001,2387
b8c18120-eb74-510f-b086-d5747a8b0075,358e2b57-aba1-5df3-b4d6-f379c993e869,2025-02-01,2025,MOV1_FULL,0.60792572969320913,0.39207427030679087,0.10000000000000001,2387
e944b58c-206b-5f00-a280-55f8ca131552,358e2b57-aba1-5df3-b4d6-f379c993e869,2025-02-01,2025,MOV1_FULL,0.36674174060721249,0.63325825939278757,0.10000000000000001,2387
ffa9230f-1c68-5cc9-ab2a-45d91bc35470,358e2b57-aba1-5df3-b4d6-f379c993e869,2025-02-01,2025,MOV1_FULL,0.78015992027588787,0.21984007972411213,0.10000000000000001,2387
12006193-3129-5da8-addd-e3b18a53c504,5f759fdd-4ed1-5c6b-975a-7f058cfeb34d,2025-02-08,2025,MOV1_FULL,0.80441277942676725,0.19558722057323275,0.10000000000000001,2387
261515c7-6769-579f-9b41-ad9969b70e4c,5f759fdd-4ed1-5c6b-975a-7f058cfeb34d,2025-02-08,2025,MOV1_FULL,0.77130842162973678,0.22869157837026322,0.10000000000000001,2387
2b8399c6-c030-5456-a569-045e4b2d09ba,5f759fdd-4ed1-5c6b-975a-7f058cfeb34d,2025-02-08,2025,MOV1_FULL,0.59496054752077487,0.40503945247922513,0.10000000000000001,2387
4562a7e1-35bf-522f-a1fb-628fdf90568f,5f759fdd-4ed1-5c6b-975a-7f058cfeb34d,2025-02-08,2025,MOV1_FULL,0.23130301538310441,0.76869698461689562,0.10000000000000001,2387
62a3f2a9-0995-512c-b321-cc50d58abb51,5f759fdd-4ed1-5c6b-975a-7f058cfeb34d,2025-02-08,2025,MOV1_FULL,0.55026463749140686,0.44973536250859314,0.10000000000000001,2387
816a069e-855e-5c0c-af80-c2cc91a3457a,5f759fdd-4ed1-5c6b-975a-7f058cfeb34d,2025-02-08,2025,MOV1_FULL,0.85269375732939567,0.14730624267060433,0.10000000000000001,2387
84b4414a-dc07-5084-96a7-c3604f7ea936,5f759fdd-4ed1-5c6b-975a-7f058cfeb34d,2025-02-08,2025,MOV1_FULL,0.76703066920688134,0.23296933079311866,0.10000000000000001,2387
9d2b8432-ca92-521d-82f1-8a2b65c339a6,5f759fdd-4ed1-5c6b-975a-7f058cfeb34d,2025-02-08,2025,MOV1_FULL,0.66512225889056131,0.33487774110943869,0.10000000000000001,2387
a4c35780-cf23-501a-b485-330302145936,5f759fdd-4ed1-5c6b-975a-7f058cfeb34d,2025-02-08,2025,MOV1_FULL,0.64598650116701073,0.35401349883298927,0.10000000000000001,2387
ab1e2c4b-e08b-546b-92b4-24d7a457559e,5f759fdd-4ed1-5c6b-975a-7f058cfeb34d,2025-02-08,2025,MOV1_FULL,0.6064760321954934,0.3935239678045066,0.10000000000000001,2387
e09fde45-bc61-54c6-89ea-8ccc91130217,5f759fdd-4ed1-5c6b-975a-7f058cfeb34d,2025-02-08,2025,MOV1_FULL,0.69285847914288734,0.30714152085711266,0.10000000000000001,2387
f041211e-49ff-50dd-bd9d-d4502553ba77,5f759fdd-4ed1-5c6b-975a-7f058cfeb34d,2025-02-08,2025,MOV1_FULL,0.72393564563881863,0.27606435436118137,0.10000000000000001,2387
1b4381e2-d799-5d8a-882c-660ee191254d,f4bd86c4-c34d-55a5-8b33-951d0a243594,2025-02-15,2025,MOV1_FULL,0.6677416086380884,0.3322583913619116,0.10000000000000001,2387
1c89db21-0259-59d5-bb99-7cc057899e60,f4bd86c4-c34d-55a5-8b33-951d0a243594,2025-02-15,2025,MOV1_FULL,0.59877951863466383,0.40122048136533617,0.10000000000000001,2387
24f5bd30-dc74-55f3-8633-cc49094b2dba,f4bd86c4-c34d-55a5-8b33-951d0a243594,2025-02-15,2025,MOV1_FULL,0.67236603731163813,0.32763396268836187,0.10000000000000001,2387
2d3eb4c4-8e42-5976-be6f-31bc8db281bb,f4bd86c4-c34d-55a5-8b33-951d0a243594,2025-02-15,2025,MOV1_FULL,0.6145441667053404,0.3854558332946596,0.10000000000000001,2387
4c0db4c7-4d40-597c-be23-67f039415801,f4bd86c4-c34d-55a5-8b33-951d0a243594,2025-02-15,2025,MOV1_FULL,0.66111549438699579,0.33888450561300421,0.10000000000000001,2387
5bf1341c-05d1-5f4a-9e44-d3658317a364,f4bd86c4-c34d-55a5-8b33-951d0a243594,2025-02-15,2025,MOV1_FULL,0.29080590764405317,0.70919409235594677,0.10000000000000001,2387
6bfe05eb-2ff9-5878-9358-0c22918d60e2,f4bd86c4-c34d-55a5-8b33-951d0a243594,2025-02-15,2025,MOV1_FULL,0.57406370994988043,0.42593629005011957,0.10000000000000001,2387
6fb3026c-8b5b-5ab9-b2a5-505c706c96d8,f4bd86c4-c34d-55a5-8b33-951d0a243594,2025-02-15,2025,MOV1_FULL,0.65188317142104457,0.34811682857895543,0.10000000000000001,2387
bb320953-4680-5c24-9387-94d744ab645f,f4bd86c4-c34d-55a5-8b33-951d0a243594,2025-02-15,2025,MOV1_FULL,0.88859535693711567,0.11140464306288433,0.10000000000000001,2387
bbe8de00-6d11-5013-9d3c-ed58b60df4f6,f4bd86c4-c34d-55a5-8b33-951d0a243594,2025-02-15,2025,MOV1_FULL,0.34692426872564835,0.65307573127435159,0.10000000000000001,2387
cae5a359-c2b2-5639-a1b9-38c6467265e7,f4bd86c4-c34d-55a5-8b33-951d0a243594,2025-02-15,2025,MOV1_FULL,0.51120396722404637,0.48879603277595363,0.10000000000000001,2387
f11f4f05-a9dd-569d-840b-3a6ea296b04c,f4bd86c4-c34d-55a5-8b33-951d0a243594,2025-02-15,2025,MOV1_FULL,0.74468739338860457,0.25531260661139543,0.10000000000000001,2387
2ae5c2dd-0b41-5522-a8c3-20ec8e2d24eb,224d309b-834a-56df-be93-ba6e1b8e3388,2025-02-22,2025,MOV1_FULL,0.82214360441282996,0.17785639558717004,0.10000000000000001,2387
34d97045-b99e-5b41-93d6-a3db1d2d3bba,224d309b-834a-56df-be93-ba6e1b8e3388,2025-02-22,2025,MOV1_FULL,0.77506060561642043,0.22493939438357957,0.10000000000000001,2387
3918c251-d0e7-5109-9d10-f208b0769e1b,224d309b-834a-56df-be93-ba6e1b8e3388,2025-02-22,2025,MOV1_FULL,0.58099594793221132,0.41900405206778868,0.10000000000000001,2387
4e3db93c-c194-550d-af72-fc58dbeeaa67,224d309b-834a-56df-be93-ba6e1b8e3388,2025-02-22,2025,MOV1_FULL,0.74579626156339318,0.25420373843660682,0.10000000000000001,2387
71124f4e-181c-56d6-8c49-2692e17b7c49,224d309b-834a-56df-be93-ba6e1b8e3388,2025-02-22,2025,MOV1_FULL,0.77737009280293623,0.22262990719706377,0.10000000000000001,2387
9c10079c-d52e-5d83-8d78-4c85d368eec2,224d309b-834a-56df-be93-ba6e1b8e3388,2025-02-22,2025,MOV1_FULL,0.63262255748094642,0.36737744251905358,0.10000000000000001,2387
a15001e5-818e-5e9e-b451-7818a418558e,224d309b-834a-56df-be93-ba6e1b8e3388,2025-02-22,2025,MOV1_FULL,0.78923074319937259,0.21076925680062741,0.10000000000000001,2387
c7d591fe-785b-5980-b3ab-a0d16b25551e,224d309b-834a-56df-be93-ba6e1b8e3388,2025-02-22,2025,MOV1_FULL,0.60321430045989044,0.39678569954010956,0.10000000000000001,2387
c808d44b-f9bb-569a-9b1a-5f5bbb2a93b6,224d309b-834a-56df-be93-ba6e1b8e3388,2025-02-22,2025,MOV1_FULL,0.66535030408225915,0.33464969591774085,0.10000000000000001,2387
d6ab17f1-a167-5a36-a2d9-f7c23112a4f7,224d309b-834a-56df-be93-ba6e1b8e3388,2025-02-22,2025,MOV1_FULL,0.22597422298746042,0.77402577701253961,0.10000000000000001,2387
1831e9e8-31c7-5110-8c3c-757ecf2ba60e,7f9ad559-13fd-55d3-a2dd-1a63e83dae09,2025-03-01,2025,MOV1_FULL,0.87348889903332583,0.12651110096667417,0.10000000000000001,2387
35437dc7-bb0a-5ba8-bbbc-9a7fb042b9e5,7f9ad559-13fd-55d3-a2dd-1a63e83dae09,2025-03-01,2025,MOV1_FULL,0.49985229705785023,0.50014770294214972,0.10000000000000001,2387
44388381-79a3-59fb-be2b-e47b5c44d63f,7f9ad559-13fd-55d3-a2dd-1a63e83dae09,2025-03-01,2025,MOV1_FULL,0.66136010195708028,0.33863989804291972,0.10000000000000001,2387
48d8bbb5-d749-5178-9120-325d4899822a,7f9ad559-13fd-55d3-a2dd-1a63e83dae09,2025-03-01,2025,MOV1_FULL,0.78453100600108683,0.21546899399891317,0.10000000000000001,2387
49e410fd-54ac-59ff-adbe-1e51f82a71c3,7f9ad559-13fd-55d3-a2dd-1a63e83dae09,2025-03-01,2025,MOV1_FULL,0.82335427401096073,0.17664572598903927,0.10000000000000001,2387
74a8b05e-7144-5bff-b7c4-97d39ccbb9cb,7f9ad559-13fd-55d3-a2dd-1a63e83dae09,2025-03-01,2025,MOV1_FULL,0.57482743933759073,0.42517256066240927,0.10000000000000001,2387
90ea32aa-1709-5cd8-92a6-95da3d5a83fe,7f9ad559-13fd-55d3-a2dd-1a63e83dae09,2025-03-01,2025,MOV1_FULL,0.64686883190620448,0.35313116809379552,0.10000000000000001,2387
9a699a78-208c-597d-8317-b0a75dbe196a,7f9ad559-13fd-55d3-a2dd-1a63e83dae09,2025-03-01,2025,MOV1_FULL,0.41748352566456293,0.58251647433543707,0.10000000000000001,2387
d3b9327a-91cf-5484-ad12-3b0526d9029d,7f9ad559-13fd-55d3-a2dd-1a63e83dae09,2025-03-01,2025,MOV1_FULL,0.6161086356475729,0.3838913643524271,0.10000000000000001,2387
f94fbdf1-52ea-5fd2-bd1d-fd9fd0c5b208,7f9ad559-13fd-55d3-a2dd-1a63e83dae09,2025-03-01,2025,MOV1_FULL,0.69282856798068904,0.30717143201931096,0.10000000000000001,2387
07439ca8-f5bb-5df6-89d7-d712628ca217,198a0b4a-0abd-5b98-9eb3-edf4fe870c0c,2025-03-08,2025,MOV1_FULL,0.57021188181339377,0.42978811818660623,0.10000000000000001,2387
1ace7cbd-db03-558b-bf64-28078abc3687,198a0b4a-0abd-5b98-9eb3-edf4fe870c0c,2025-03-08,2025,MOV1_FULL,0.40104215331056459,0.59895784668943541,0.10000000000000001,2387
24d5476b-0d88-5859-8c66-b56603cdf771,198a0b4a-0abd-5b98-9eb3-edf4fe870c0c,2025-03-08,2025,MOV1_FULL,0.90437826506534846,0.095621734934651537,0.10000000000000001,2387
288a1953-32d0-5bc6-83bf-daa9e9987d27,198a0b4a-0abd-5b98-9eb3-edf4fe870c0c,2025-03-08,2025,MOV1_FULL,0.90512020185089359,0.094879798149106409,0.10000000000000001,2387
3a89ed39-5c8e-5e94-9f28-9bc90e6e4159,198a0b4a-0abd-5b98-9eb3-edf4fe870c0c,2025-03-08,2025,MOV1_FULL,0.82074453942021441,0.17925546057978559,0.10000000000000001,2387
3bc6362e-95de-5687-98c1-fe1ff39ef906,198a0b4a-0abd-5b98-9eb3-edf4fe870c0c,2025-03-08,2025,MOV1_FULL,0.63226155961322505,0.36773844038677495,0.10000000000000001,2387
57d05de4-c8b1-5fe6-acda-4fe7b06b6b6f,198a0b4a-0abd-5b98-9eb3-edf4fe870c0c,2025-03-08,2025,MOV1_FULL,0.76274586362233177,0.23725413637766823,0.10000000000000001,2387
6e6d5c46-892d-5285-bd44-9eaa90327f48,198a0b4a-0abd-5b98-9eb3-edf4fe870c0c,2025-03-08,2025,MOV1_FULL,0.85487156019620647,0.14512843980379353,0.10000000000000001,2387
96fcc952-909f-5e90-a16d-b29f0ab45530,198a0b4a-0abd-5b98-9eb3-edf4fe870c0c,2025-03-08,2025,MOV1_FULL,0.83864233586021142,0.16135766413978858,0.10000000000000001,2387
aa4e57fe-afba-5602-9962-2abee731d598,198a0b4a-0abd-5b98-9eb3-edf4fe870c0c,2025-03-08,2025,MOV1_FULL,0.76641480045140131,0.23358519954859869,0.10000000000000001,2387
2d3886e3-8c4c-5883-8513-44dcff999dc4,66c15bf5-c172-56ab-b7b0-f2f476a0a6ce,2025-03-15,2025,MOV1_FULL,0.60023981079538835,0.39976018920461165,0.10000000000000001,2387
326941ad-6f3e-55ac-b4e7-28c44a6493b4,66c15bf5-c172-56ab-b7b0-f2f476a0a6ce,2025-03-15,2025,MOV1_FULL,0.60416612169329975,0.39583387830670025,0.10000000000000001,2387
4ebf5e0e-9b47-50f5-ab9b-9e70614b8d68,66c15bf5-c172-56ab-b7b0-f2f476a0a6ce,2025-03-15,2025,MOV1_FULL,0.83411201226783327,0.16588798773216673,0.10000000000000001,2387
4f475bf1-c70b-55e0-8d45-873666f0036e,66c15bf5-c172-56ab-b7b0-f2f476a0a6ce,2025-03-15,2025,MOV1_FULL,0.70781834810066568,0.29218165189933432,0.10000000000000001,2387
99025c8f-cc6e-58cb-8e8b-c382405408f5,66c15bf5-c172-56ab-b7b0-f2f476a0a6ce,2025-03-15,2025,MOV1_FULL,0.52119933103776284,0.47880066896223716,0.10000000000000001,2387
9a93e3f1-283e-5a41-8b99-ebd82eb73666,66c15bf5-c172-56ab-b7b0-f2f476a0a6ce,2025-03-15,2025,MOV1_FULL,0.70623370448037603,0.29376629551962397,0.10000000000000001,2387
acc66d50-03c0-5e4b-859c-c39f691d8eed,66c15bf5-c172-56ab-b7b0-f2f476a0a6ce,2025-03-15,2025,MOV1_FULL,0.45351428356350126,0.54648571643649868,0.10000000000000001,2387
acd355c9-d0ad-56b1-937c-8360e36e0feb,66c15bf5-c172-56ab-b7b0-f2f476a0a6ce,2025-03-15,2025,MOV1_FULL,0.6068448319213241,0.3931551680786759,0.10000000000000001,2387
bbb43888-97b9-57f6-af2c-342634dbd5ea,66c15bf5-c172-56ab-b7b0-f2f476a0a6ce,2025-03-15,2025,MOV1_FULL,0.73837040875314541,0.26162959124685459,0.10000000000000001,2387
bcfae99f-a7ff-5c27-ba59-21e17f0f3b80,66c15bf5-c172-56ab-b7b0-f2f476a0a6ce,2025-03-15,2025,MOV1_FULL,0.42366206262296291,0.57633793737703709,0.10000000000000001,2387
dd6a5be2-7253-5b5d-bd35-41b11f88f51b,66c15bf5-c172-56ab-b7b0-f2f476a0a6ce,2025-03-15,2025,MOV1_FULL,0.63628098056686799,0.36371901943313201,0.10000000000000001,2387
e006928f-9cc8-5d04-a988-d49b97970ea9,66c15bf5-c172-56ab-b7b0-f2f476a0a6ce,2025-03-15,2025,MOV1_FULL,0.67604107329532137,0.32395892670467863,0.10000000000000001,2387
e3b94202-58ab-5912-ac7e-d0729405d0fb,66c15bf5-c172-56ab-b7b0-f2f476a0a6ce,2025-03-15,2025,MOV1_FULL,0.75953637237624261,0.24046362762375739,0.10000000000000001,2387
0c88ad59-21f3-5074-b96e-76922a70e75f,bc0250d3-cc43-567a-ad7b-7cb8749712fd,2025-03-22,2025,MOV1_FULL,0.80715602114383678,0.19284397885616322,0.10000000000000001,2387
42a2cab4-be49-543a-81c6-aedd09d667a2,bc0250d3-cc43-567a-ad7b-7cb8749712fd,2025-03-22,2025,MOV1_FULL,0.2337258847668916,0.7662741152331084,0.10000000000000001,2387
4ee59995-4952-50d7-a93f-72ba8e5798a9,bc0250d3-cc43-567a-ad7b-7cb8749712fd,2025-03-22,2025,MOV1_FULL,0.44945207874401871,0.55054792125598129,0.10000000000000001,2387
5b6faaa6-8264-5dbf-9275-45c436ec866b,bc0250d3-cc43-567a-ad7b-7cb8749712fd,2025-03-22,2025,MOV1_FULL,0.80206166301716553,0.19793833698283447,0.10000000000000001,2387
6a021732-da49-5dd7-aca6-4efa10ee6804,bc0250d3-cc43-567a-ad7b-7cb8749712fd,2025-03-22,2025,MOV1_FULL,0.61716028923075095,0.38283971076924905,0.10000000000000001,2387
72bab668-7cc7-579c-af29-3e1a6501ec44,bc0250d3-cc43-567a-ad7b-7cb8749712fd,2025-03-22,2025,MOV1_FULL,0.50902476670135399,0.49097523329864601,0.10000000000000001,2387
73fc08f8-34cc-5d93-b6c2-32d2e552476b,bc0250d3-cc43-567a-ad7b-7cb8749712fd,2025-03-22,2025,MOV1_FULL,0.55583962004313558,0.44416037995686442,0.10000000000000001,2387
9f38a977-4978-5428-9580-8b2553bc7267,bc0250d3-cc43-567a-ad7b-7cb8749712fd,2025-03-22,2025,MOV1_FULL,0.54061123418534551,0.45938876581465449,0.10000000000000001,2387
c011d9e7-8627-53db-af84-1a57593b58a5,bc0250d3-cc43-567a-ad7b-7cb8749712fd,2025-03-22,2025,MOV1_FULL,0.7339299386533269,0.2660700613466731,0.10000000000000001,2387
ca8abc7a-436f-525f-8816-f2314b7d1eab,bc0250d3-cc43-567a-ad7b-7cb8749712fd,2025-03-22,2025,MOV1_FULL,0.67836692815370658,0.32163307184629342,0.10000000000000001,2387
d6bf60ff-d1dd-509d-91c5-29a1c3e6635d,bc0250d3-cc43-567a-ad7b-7cb8749712fd,2025-03-22,2025,MOV1_FULL,0.59340375108537669,0.40659624891462331,0.10000000000000001,2387
d8f0773d-9033-5b80-8a1a-fd2dbc1b41c2,bc0250d3-cc43-567a-ad7b-7cb8749712fd,2025-03-22,2025,MOV1_FULL,0.639672639458717,0.360327360541283,0.10000000000000001,2387
de55b1f9-a6cd-5504-8b5e-51dd42b5ebe0,bc0250d3-cc43-567a-ad7b-7cb8749712fd,2025-03-22,2025,MOV1_FULL,0.78311060014279577,0.21688939985720423,0.10000000000000001,2387
2522b141-3855-5c1c-8101-74dbf8719926,10cb9015-0116-52a6-99aa-88e6ee70b544,2025-03-29,2025,MOV1_FULL,0.64017714100064582,0.35982285899935418,0.10000000000000001,2387
355cb253-97f5-5b04-b18f-af8747185357,10cb9015-0116-52a6-99aa-88e6ee70b544,2025-03-29,2025,MOV1_FULL,0.77324037939964041,0.22675962060035959,0.10000000000000001,2387
5b19f84d-e7ad-51d5-9622-b37cbd9b8fe8,10cb9015-0116-52a6-99aa-88e6ee70b544,2025-03-29,2025,MOV1_FULL,0.66459758042005623,0.33540241957994377,0.10000000000000001,2387
933b5ba6-cedc-52c2-aa59-aa9ed7076f4e,10cb9015-0116-52a6-99aa-88e6ee70b544,2025-03-29,2025,MOV1_FULL,0.3816765824791708,0.6183234175208292,0.10000000000000001,2387
b4100732-775b-5545-ae99-989604806399,10cb9015-0116-52a6-99aa-88e6ee70b544,2025-03-29,2025,MOV1_FULL,0.51323906284625431,0.48676093715374569,0.10000000000000001,2387
bf22b50b-9392-53d9-90df-56d8d9730b7a,10cb9015-0116-52a6-99aa-88e6ee70b544,2025-03-29,2025,MOV1_FULL,0.40407555188624772,0.59592444811375223,0.10000000000000001,2387
c6919d02-0f3b-50b3-9198-ec6afbf108c8,10cb9015-0116-52a6-99aa-88e6ee70b544,2025-03-29,2025,MOV1_FULL,0.73834361469674314,0.26165638530325686,0.10000000000000001,2387
cc53a271-b685-52b2-ac8a-3cf8b4ec2399,10cb9015-0116-52a6-99aa-88e6ee70b544,2025-03-29,2025,MOV1_FULL,0.55961007518870498,0.44038992481129502,0.10000000000000001,2387
d491e2df-8a0a-5999-af3b-b1ab5d60b5d2,10cb9015-0116-52a6-99aa-88e6ee70b544,2025-03-29,2025,MOV1_FULL,0.73820939903144078,0.26179060096855922,0.10000000000000001,2387
d7b92dcc-19bd-583b-873a-df5aaa79aaac,10cb9015-0116-52a6-99aa-88e6ee70b544,2025-03-29,2025,MOV1_FULL,0.4896663900483143,0.51033360995168575,0.10000000000000001,2387
e0cc4441-c2e5-573d-ae06-def6516550d8,10cb9015-0116-52a6-99aa-88e6ee70b544,2025-03-29,2025,MOV1_FULL,0.87054897490355687,0.12945102509644313,0.10000000000000001,2387
f33a0774-67bc-58ce-a010-c3255ed138c8,10cb9015-0116-52a6-99aa-88e6ee70b544,2025-03-29,2025,MOV1_FULL,0.54372786859662003,0.45627213140337997,0.10000000000000001,2387
0bfe32f5-79ba-52a9-a9f1-dd8d62adf59c,9e5e07aa-1f10-539b-bde2-abf5a278e302,2025-04-05,2025,MOV1_FULL,0.34233206517165699,0.65766793482834296,0.10000000000000001,2387
5422a9c2-b0f9-5556-ae33-08bc0088c2b3,9e5e07aa-1f10-539b-bde2-abf5a278e302,2025-04-05,2025,MOV1_FULL,0.65011730995888406,0.34988269004111594,0.10000000000000001,2387
6dd4664d-1409-5015-b154-c17e952bf34d,9e5e07aa-1f10-539b-bde2-abf5a278e302,2025-04-05,2025,MOV1_FULL,0.58599823439798504,0.41400176560201496,0.10000000000000001,2387
71bfcdb3-5574-59dc-8337-b217ad0f1a85,9e5e07aa-1f10-539b-bde2-abf5a278e302,2025-04-05,2025,MOV1_FULL,0.67149840374016712,0.32850159625983288,0.10000000000000001,2387
778ddc05-2980-505e-81de-2b1ef77522e9,9e5e07aa-1f10-539b-bde2-abf5a278e302,2025-04-05,2025,MOV1_FULL,0.57801845216068104,0.42198154783931896,0.10000000000000001,2387
89309c90-bd2e-559f-987a-42bc9f50f02d,9e5e07aa-1f10-539b-bde2-abf5a278e302,2025-04-05,2025,MOV1_FULL,0.57684708415710562,0.42315291584289438,0.10000000000000001,2387
8ad9f502-0f93-5b6c-8414-524a95c0124e,9e5e07aa-1f10-539b-bde2-abf5a278e302,2025-04-05,2025,MOV1_FULL,0.84362941935384728,0.15637058064615272,0.10000000000000001,2387
a339225e-7c8b-5c9f-bc42-81ac0abf7cb4,9e5e07aa-1f10-539b-bde2-abf5a278e302,2025-04-05,2025,MOV1_FULL,0.67387549312422612,0.32612450687577388,0.10000000000000001,2387
b438bb9f-d398-5d23-9a16-07c674fa5eff,9e5e07aa-1f10-539b-bde2-abf5a278e302,2025-04-05,2025,MOV1_FULL,0.52654776614055721,0.47345223385944279,0.10000000000000001,2387
c62729fd-ad68-5ebe-b0fb-6dc3d5000411,9e5e07aa-1f10-539b-bde2-abf5a278e302,2025-04-05,2025,MOV1_FULL,0.76918235391423073,0.23081764608576927,0.10000000000000001,2387
ce3d8e03-07d0-57bc-9775-ff8cab3c0a6f,9e5e07aa-1f10-539b-bde2-abf5a278e302,2025-04-05,2025,MOV1_FULL,0.46044096621948943,0.53955903378051051,0.10000000000000001,2387
f4cb66f6-7226-55ed-9e6b-b6c69349adb8,9e5e07aa-1f10-539b-bde2-abf5a278e302,2025-04-05,2025,MOV1_FULL,0.71229776227801811,0.28770223772198189,0.10000000000000001,2387
0131e423-94d3-594c-8be5-2bf6d111fb7b,4f191a25-253f-5563-af4d-90c4cf040819,2025-04-12,2025,MOV1_FULL,0.58765016876059251,0.41234983123940749,0.10000000000000001,2387
1482c3bd-eafa-5ebd-aa36-c4219c26db4e,4f191a25-253f-5563-af4d-90c4cf040819,2025-04-12,2025,MOV1_FULL,0.77682127432883463,0.22317872567116537,0.10000000000000001,2387
16fae74f-9468-5c8b-abb2-458f53f2f798,4f191a25-253f-5563-af4d-90c4cf040819,2025-04-12,2025,MOV1_FULL,0.57036324441805297,0.42963675558194703,0.10000000000000001,2387
2486a5a6-8a9a-5fed-9931-2dec7865797f,4f191a25-253f-5563-af4d-90c4cf040819,2025-04-12,2025,MOV1_FULL,0.6222529737240331,0.3777470262759669,0.10000000000000001,2387
2eb9bfa6-479a-5576-8251-df7027957eb6,4f191a25-253f-5563-af4d-90c4cf040819,2025-04-12,2025,MOV1_FULL,0.76584840084564421,0.23415159915435579,0.10000000000000001,2387
73d5adc4-2857-5742-8853-7c2321454116,4f191a25-253f-5563-af4d-90c4cf040819,2025-04-12,2025,MOV1_FULL,0.48920891558759572,0.51079108441240428,0.10000000000000001,2387
86a6ea91-c251-5fce-ba25-8dc79d44f632,4f191a25-253f-5563-af4d-90c4cf040819,2025-04-12,2025,MOV1_FULL,0.65301268724086325,0.34698731275913675,0.10000000000000001,2387
994160fe-533f-5497-8eb4-469306a86f44,4f191a25-253f-5563-af4d-90c4cf040819,2025-04-12,2025,MOV1_FULL,0.54510704058972792,0.45489295941027208,0.10000000000000001,2387
9f44cef4-97ce-575c-a778-cffbb039b6bb,4f191a25-253f-5563-af4d-90c4cf040819,2025-04-12,2025,MOV1_FULL,0.35695214025160393,0.64304785974839607,0.10000000000000001,2387
c7b6e982-c112-5558-8f1a-fc3d9bc6aa85,4f191a25-253f-5563-af4d-90c4cf040819,2025-04-12,2025,MOV1_FULL,0.72421333503503227,0.27578666496496773,0.10000000000000001,2387
d889c4ae-fdbb-58a5-966c-f3f379d70c9f,4f191a25-253f-5563-af4d-90c4cf040819,2025-04-12,2025,MOV1_FULL,0.36961000756439033,0.63038999243560967,0.10000000000000001,2387
081ad6a6-0163-506a-a0c6-fd39d2054100,cf678446-bc00-599d-8f52-4029bf1c1b5d,2025-04-26,2025,MOV1_FULL,0.71399037399438881,0.28600962600561119,0.10000000000000001,2387
0c6591ef-eaf8-5cd1-a263-61e483b15f0c,cf678446-bc00-599d-8f52-4029bf1c1b5d,2025-04-26,2025,MOV1_FULL,0.67512315231024156,0.32487684768975844,0.10000000000000001,2387
29ba73b7-0db4-53d4-a8cb-4f7a9a52465f,cf678446-bc00-599d-8f52-4029bf1c1b5d,2025-04-26,2025,MOV1_FULL,0.15394328349296552,0.84605671650703451,0.10000000000000001,2387
370fe481-ee75-524d-a4ae-619744500f61,cf678446-bc00-599d-8f52-4029bf1c1b5d,2025-04-26,2025,MOV1_FULL,0.80058949380479261,0.19941050619520739,0.10000000000000001,2387
3b9dd73c-c87b-5a80-acf5-b02f5d0a3532,cf678446-bc00-599d-8f52-4029bf1c1b5d,2025-04-26,2025,MOV1_FULL,0.74770865105137385,0.25229134894862615,0.10000000000000001,2387
4cdf007b-c8e8-5288-b51d-d739b1074be7,cf678446-bc00-599d-8f52-4029bf1c1b5d,2025-04-26,2025,MOV1_FULL,0.59761400639481366,0.40238599360518634,0.10000000000000001,2387
5d353b30-98cb-5f6b-b0c2-6c627d086bd2,cf678446-bc00-599d-8f52-4029bf1c1b5d,2025-04-26,2025,MOV1_FULL,0.48611568112800047,0.51388431887199948,0.10000000000000001,2387
be6d5907-9edd-571a-8fde-3a7056d693e7,cf678446-bc00-599d-8f52-4029bf1c1b5d,2025-04-26,2025,MOV1_FULL,0.53064773097518569,0.46935226902481431,0.10000000000000001,2387
c2dda5da-8065-544d-8b06-23df5ffe605e,cf678446-bc00-599d-8f52-4029bf1c1b5d,2025-04-26,2025,MOV1_FULL,0.32421437459985691,0.67578562540014309,0.10000000000000001,2387
c9fe825f-f287-5c79-bc29-56c635336f90,cf678446-bc00-599d-8f52-4029bf1c1b5d,2025-04-26,2025,MOV1_FULL,0.620562977107597,0.379437022892403,0.10000000000000001,2387
cd3d531f-c923-5667-82e2-829058f00c06,cf678446-bc00-599d-8f52-4029bf1c1b5d,2025-04-26,2025,MOV1_FULL,0.75223059574342654,0.24776940425657346,0.10000000000000001,2387
d6432c24-48ed-5ff0-9a8b-c3277f12aa69,cf678446-bc00-599d-8f52-4029bf1c1b5d,2025-04-26,2025,MOV1_FULL,0.61103502634094786,0.38896497365905214,0.10000000000000001,2387
ebf07b99-d44a-5753-a3ae-9a317b80872d,cf678446-bc00-599d-8f52-4029bf1c1b5d,2025-04-26,2025,MOV1_FULL,0.87619314888162902,0.12380685111837098,0.10000000000000001,2387
f2ebbaa0-75ad-57bf-b187-79b3b62187a5,cf678446-bc00-599d-8f52-4029bf1c1b5d,2025-04-26,2025,MOV1_FULL,0.6754700665762956,0.3245299334237044,0.10000000000000001,2387
0771adb1-bfb0-5ff2-9e84-484c29df93ec,682ec702-0f33-5b9f-8f83-14ec1365e5bd,2025-05-03,2025,MOV1_FULL,0.40016389453611356,0.59983610546388644,0.10000000000000001,2387
1adc0a6d-1f1c-5649-bbde-0861c7efeef8,682ec702-0f33-5b9f-8f83-14ec1365e5bd,2025-05-03,2025,MOV1_FULL,0.32702706475494514,0.67297293524505486,0.10000000000000001,2387
2c31e0c7-1ce4-5b90-b1b5-bee210bc8da2,682ec702-0f33-5b9f-8f83-14ec1365e5bd,2025-05-03,2025,MOV1_FULL,0.85272246789067896,0.14727753210932104,0.10000000000000001,2387
84834cd2-23c9-513e-927a-27618ecc4755,682ec702-0f33-5b9f-8f83-14ec1365e5bd,2025-05-03,2025,MOV1_FULL,0.45093079629784544,0.54906920370215451,0.10000000000000001,2387
8589c575-e6ce-5740-baa6-45b605f7c095,682ec702-0f33-5b9f-8f83-14ec1365e5bd,2025-05-03,2025,MOV1_FULL,0.65973380938888326,0.34026619061111674,0.10000000000000001,2387
a0f54580-4b12-5d08-848d-1571361072cc,682ec702-0f33-5b9f-8f83-14ec1365e5bd,2025-05-03,2025,MOV1_FULL,0.67898475332996822,0.32101524667003178,0.10000000000000001,2387
bb45f26c-4f03-54cc-a7de-bbd63abc44bc,682ec702-0f33-5b9f-8f83-14ec1365e5bd,2025-05-03,2025,MOV1_FULL,0.67574990446783956,0.32425009553216044,0.10000000000000001,2387
c8247966-2d50-59c7-b152-014eb2b927e4,682ec702-0f33-5b9f-8f83-14ec1365e5bd,2025-05-03,2025,MOV1_FULL,0.83032728841874537,0.16967271158125463,0.10000000000000001,2387
d9abccb2-aca2-556b-968c-4b15b6465c4e,682ec702-0f33-5b9f-8f83-14ec1365e5bd,2025-05-03,2025,MOV1_FULL,0.62141062622127785,0.37858937377872215,0.10000000000000001,2387
e0537c2a-1b79-5975-a8a5-4b576de609e9,682ec702-0f33-5b9f-8f83-14ec1365e5bd,2025-05-03,2025,MOV1_FULL,0.38603565909337112,0.61396434090662888,0.10000000000000001,2387
e5ae4e34-7a51-5cca-9eb5-13b27c46d722,682ec702-0f33-5b9f-8f83-14ec1365e5bd,2025-05-03,2025,MOV1_FULL,0.634163915191854,0.365836084808146,0.10000000000000001,2387
fc3ec5c5-32f7-539c-b73f-a8373808aa71,682ec702-0f33-5b9f-8f83-14ec1365e5bd,2025-05-03,2025,MOV1_FULL,0.48104849314870002,0.51895150685129998,0.10000000000000001,2387
207be196-7247-568b-8b72-b792096d74f3,7da47ef9-7a2b-5e60-b551-4f76644972cf,2025-05-10,2025,MOV1_FULL,0.64063752167336085,0.35936247832663915,0.10000000000000001,2387
364d0955-5160-5a86-8b0a-0b03616bb15e,7da47ef9-7a2b-5e60-b551-4f76644972cf,2025-05-10,2025,MOV1_FULL,0.58882483902609761,0.41117516097390239,0.10000000000000001,2387
53aa76c8-494e-50f2-bc7d-9f9b62f62166,7da47ef9-7a2b-5e60-b551-4f76644972cf,2025-05-10,2025,MOV1_FULL,0.67460658056236045,0.32539341943763955,0.10000000000000001,2387
6deb68a8-a059-5091-80f4-32d5466cb33b,7da47ef9-7a2b-5e60-b551-4f76644972cf,2025-05-10,2025,MOV1_FULL,0.73075418565929828,0.26924581434070172,0.10000000000000001,2387
6e957a11-188f-585c-be94-9ba7f09d92e9,7da47ef9-7a2b-5e60-b551-4f76644972cf,2025-05-10,2025,MOV1_FULL,0.73193662519290825,0.26806337480709175,0.10000000000000001,2387
71106b8b-6894-55a6-a00a-729b8ed2eb54,7da47ef9-7a2b-5e60-b551-4f76644972cf,2025-05-10,2025,MOV1_FULL,0.57827936731517871,0.42172063268482129,0.10000000000000001,2387
8a54d314-08a9-5778-b034-aee6c260b95b,7da47ef9-7a2b-5e60-b551-4f76644972cf,2025-05-10,2025,MOV1_FULL,0.85751128611090455,0.14248871388909545,0.10000000000000001,2387
8f91e00f-e493-5fe8-8e7b-58b2cdd99244,7da47ef9-7a2b-5e60-b551-4f76644972cf,2025-05-10,2025,MOV1_FULL,0.68089848779831574,0.31910151220168426,0.10000000000000001,2387
9097e8b8-1530-5308-979d-6fd1992a2ca0,7da47ef9-7a2b-5e60-b551-4f76644972cf,2025-05-10,2025,MOV1_FULL,0.44696651272560739,0.55303348727439261,0.10000000000000001,2387
c674be96-84e2-5493-b8ff-087d5907a309,7da47ef9-7a2b-5e60-b551-4f76644972cf,2025-05-10,2025,MOV1_FULL,0.65885115083251977,0.34114884916748023,0.10000000000000001,2387
e21a362a-0f5a-50d2-af5d-bcb25f47bec5,7da47ef9-7a2b-5e60-b551-4f76644972cf,2025-05-10,2025,MOV1_FULL,0.86944402145146993,0.13055597854853007,0.10000000000000001,2387
0cbedf86-3784-5c77-bbbe-2d7e86e28ba1,3dec0766-cbf2-5d86-9ba1-48cdbde36bba,2025-05-17,2025,MOV1_FULL,0.77451467649138239,0.22548532350861761,0.10000000000000001,2387
167cf702-1a2d-55ab-84ee-6fbb511f45c7,3dec0766-cbf2-5d86-9ba1-48cdbde36bba,2025-05-17,2025,MOV1_FULL,0.45221956455226958,0.54778043544773047,0.10000000000000001,2387
1a45dd18-07aa-5007-b147-6ed3afc611e7,3dec0766-cbf2-5d86-9ba1-48cdbde36bba,2025-05-17,2025,MOV1_FULL,0.55789327053602611,0.44210672946397389,0.10000000000000001,2387
1b7d8a71-08cb-590f-a4cb-90f76d2dcc4b,3dec0766-cbf2-5d86-9ba1-48cdbde36bba,2025-05-17,2025,MOV1_FULL,0.79785159616326295,0.20214840383673705,0.10000000000000001,2387
526b41d2-0811-5c1c-8dec-f16af57f19df,3dec0766-cbf2-5d86-9ba1-48cdbde36bba,2025-05-17,2025,MOV1_FULL,0.59136516239752335,0.40863483760247665,0.10000000000000001,2387
60f4bddb-a179-5f9c-b534-5895e5cd4f39,3dec0766-cbf2-5d86-9ba1-48cdbde36bba,2025-05-17,2025,MOV1_FULL,0.71885035978572509,0.28114964021427491,0.10000000000000001,2387
637124c4-d69c-5266-838e-7a39b21706a4,3dec0766-cbf2-5d86-9ba1-48cdbde36bba,2025-05-17,2025,MOV1_FULL,0.59904191746302793,0.40095808253697207,0.10000000000000001,2387
b91cc445-408c-54cc-bef9-5338c7c4750a,3dec0766-cbf2-5d86-9ba1-48cdbde36bba,2025-05-17,2025,MOV1_FULL,0.43517993716488801,0.56482006283511199,0.10000000000000001,2387
be7da210-eb57-55dc-87e4-3365b24aadeb,3dec0766-cbf2-5d86-9ba1-48cdbde36bba,2025-05-17,2025,MOV1_FULL,0.81544252402452566,0.18455747597547434,0.10000000000000001,2387
e2158bfc-72f3-59c6-a52d-cf02f5166748,3dec0766-cbf2-5d86-9ba1-48cdbde36bba,2025-05-17,2025,MOV1_FULL,0.7224108678123371,0.2775891321876629,0.10000000000000001,2387
f7dd7815-1d09-580a-b400-5bf131f747cb,3dec0766-cbf2-5d86-9ba1-48cdbde36bba,2025-05-17,2025,MOV1_FULL,0.42414438982979336,0.57585561017020659,0.10000000000000001,2387
2799c6c3-0000-586d-9740-ca98bb6d19db,0f03b527-bb3c-5ca4-8af6-c23c5a01ea35,2025-05-31,2025,MOV1_FULL,0.68479177460311746,0.31520822539688254,0.10000000000000001,2387
28b1f7ab-2db3-5e19-bfc0-aef1891d36b0,0f03b527-bb3c-5ca4-8af6-c23c5a01ea35,2025-05-31,2025,MOV1_FULL,0.2497724256716912,0.75022757432830878,0.10000000000000001,2387
6a5a04e9-b708-592d-9100-cc200940d1e7,0f03b527-bb3c-5ca4-8af6-c23c5a01ea35,2025-05-31,2025,MOV1_FULL,0.73450459523160072,0.26549540476839928,0.10000000000000001,2387
890599b7-fc49-56c0-b97b-5b57dd1881ca,0f03b527-bb3c-5ca4-8af6-c23c5a01ea35,2025-05-31,2025,MOV1_FULL,0.53207632601664101,0.46792367398335899,0.10000000000000001,2387
97705b4a-68c4-53bd-8e72-4024608e3978,0f03b527-bb3c-5ca4-8af6-c23c5a01ea35,2025-05-31,2025,MOV1_FULL,0.59275647905537676,0.40724352094462324,0.10000000000000001,2387
be185a0a-8c8f-5402-9d60-7fae8d129a47,0f03b527-bb3c-5ca4-8af6-c23c5a01ea35,2025-05-31,2025,MOV1_FULL,0.41650011977346402,0.58349988022653598,0.10000000000000001,2387
ce4cdf78-0211-56af-afbc-02dabecc294c,0f03b527-bb3c-5ca4-8af6-c23c5a01ea35,2025-05-31,2025,MOV1_FULL,0.66079651801543648,0.33920348198456352,0.10000000000000001,2387
dad92a7b-0048-5d66-9219-cc8b8284c67d,0f03b527-bb3c-5ca4-8af6-c23c5a01ea35,2025-05-31,2025,MOV1_FULL,0.59003578049411121,0.40996421950588879,0.10000000000000001,2387
fcddbe01-3d48-55eb-aa96-b69de28101ca,0f03b527-bb3c-5ca4-8af6-c23c5a01ea35,2025-05-31,2025,MOV1_FULL,0.61027686715144247,0.38972313284855753,0.10000000000000001,2387
0b2db50b-8546-5645-88eb-d5712b05b4a5,513de628-2844-5440-9c7f-6afb1460544f,2025-06-07,2025,MOV1_FULL,0.84887571339206491,0.15112428660793509,0.10000000000000001,2387
629a90fc-3653-58cf-b0fa-df2b2e565083,513de628-2844-5440-9c7f-6afb1460544f,2025-06-07,2025,MOV1_FULL,0.72692524745306031,0.27307475254693969,0.10000000000000001,2387
71e846d3-cfeb-50c6-8845-39b8de52616e,513de628-2844-5440-9c7f-6afb1460544f,2025-06-07,2025,MOV1_FULL,0.40099455882349128,0.59900544117650867,0.10000000000000001,2387
7cfa56f4-0c4f-5cc2-b715-18811f39ec1f,513de628-2844-5440-9c7f-6afb1460544f,2025-06-07,2025,MOV1_FULL,0.77705647669035571,0.22294352330964429,0.10000000000000001,2387
93b61b71-29fc-5247-addf-a268036b58ab,513de628-2844-5440-9c7f-6afb1460544f,2025-06-07,2025,MOV1_FULL,0.63049130501050865,0.36950869498949135,0.10000000000000001,2387
94561fe4-5c40-58d9-b1ee-a1e9e8e4c993,513de628-2844-5440-9c7f-6afb1460544f,2025-06-07,2025,MOV1_FULL,0.45762905821477834,0.54237094178522161,0.10000000000000001,2387
9bb84237-4cb7-54a5-a27a-1bc4fcbaa42b,513de628-2844-5440-9c7f-6afb1460544f,2025-06-07,2025,MOV1_FULL,0.62106320354160449,0.37893679645839551,0.10000000000000001,2387
a4303dd5-3ba7-5700-9a9b-e489f2fb994f,513de628-2844-5440-9c7f-6afb1460544f,2025-06-07,2025,MOV1_FULL,0.66026421325582252,0.33973578674417748,0.10000000000000001,2387
c261ed48-3446-5944-b3dd-2b404a0675d1,513de628-2844-5440-9c7f-6afb1460544f,2025-06-07,2025,MOV1_FULL,0.60717910870778791,0.39282089129221209,0.10000000000000001,2387
ef2962cb-2c04-50c0-9d63-f047c6a411ef,513de628-2844-5440-9c7f-6afb1460544f,2025-06-07,2025,MOV1_FULL,0.52393687885241635,0.47606312114758365,0.10000000000000001,2387
f3c325a1-dce1-5e7e-8736-514a137cfa87,513de628-2844-5440-9c7f-6afb1460544f,2025-06-07,2025,MOV1_FULL,0.71266172470476574,0.28733827529523426,0.10000000000000001,2387
ff58421d-bf0b-517e-b197-914a24d361ce,513de628-2844-5440-9c7f-6afb1460544f,2025-06-07,2025,MOV1_FULL,0.59914622212369717,0.40085377787630283,0.10000000000000001,2387
06c17343-1b18-5bb4-9b9f-30991ba6ea7e,b8e43ab8-7c67-539e-8cdb-a972361a9e74,2025-06-14,2025,MOV1_FULL,0.64571081057020785,0.35428918942979215,0.10000000000000001,2387
6c5f6865-d9ce-5b61-9cc8-ba74d401819e,b8e43ab8-7c67-539e-8cdb-a972361a9e74,2025-06-14,2025,MOV1_FULL,0.43907583775543607,0.56092416224456398,0.10000000000000001,2387
6cd598c6-a99a-5921-b5f8-a89da638c5dd,b8e43ab8-7c67-539e-8cdb-a972361a9e74,2025-06-14,2025,MOV1_FULL,0.90070811300103792,0.099291886998962076,0.10000000000000001,2387
943fd3e3-9460-5bdd-8b4d-c75fbfce7845,b8e43ab8-7c67-539e-8cdb-a972361a9e74,2025-06-14,2025,MOV1_FULL,0.35205749618331217,0.64794250381668783,0.10000000000000001,2387
9468b1e4-7fd5-58af-a197-fe058a2fad19,b8e43ab8-7c67-539e-8cdb-a972361a9e74,2025-06-14,2025,MOV1_FULL,0.50495798073200227,0.49504201926799773,0.10000000000000001,2387
a763e585-5a4a-534b-a015-d8007a665937,b8e43ab8-7c67-539e-8cdb-a972361a9e74,2025-06-14,2025,MOV1_FULL,0.8518615558322078,0.1481384441677922,0.10000000000000001,2387
c4eb7d31-9c25-5ce0-bd33-da8fc3b50120,b8e43ab8-7c67-539e-8cdb-a972361a9e74,2025-06-14,2025,MOV1_FULL,0.8348768547381783,0.1651231452618217,0.10000000000000001,2387
d708c23d-f124-5ef6-913a-b25774ff8ad7,b8e43ab8-7c67-539e-8cdb-a972361a9e74,2025-06-14,2025,MOV1_FULL,0.60824501832052746,0.39175498167947254,0.10000000000000001,2387
d8597847-d2a6-548c-aa28-368c9f46b55c,b8e43ab8-7c67-539e-8cdb-a972361a9e74,2025-06-14,2025,MOV1_FULL,0.56702081676794802,0.43297918323205198,0.10000000000000001,2387
dc254391-0d19-5cdf-95b4-2150293975b5,b8e43ab8-7c67-539e-8cdb-a972361a9e74,2025-06-14,2025,MOV1_FULL,0.68891209302459055,0.31108790697540945,0.10000000000000001,2387
ea9134a8-1792-5f75-9853-55e34f0b31fc,b8e43ab8-7c67-539e-8cdb-a972361a9e74,2025-06-14,2025,MOV1_FULL,0.38340225787369875,0.61659774212630125,0.10000000000000001,2387
268ab99a-d587-597f-9807-1081c856360b,c8562273-e492-582d-bec5-0ba65cd82f92,2025-06-21,2025,MOV1_FULL,0.90859524684775983,0.09140475315224017,0.10000000000000001,2387
274fe7d9-93d8-55d6-95ab-3fed76df7bc0,c8562273-e492-582d-bec5-0ba65cd82f92,2025-06-21,2025,MOV1_FULL,0.42387685826376947,0.57612314173623047,0.10000000000000001,2387
48273d5f-138a-5d3d-8863-90147239ab75,c8562273-e492-582d-bec5-0ba65cd82f92,2025-06-21,2025,MOV1_FULL,0.60765931822789332,0.39234068177210668,0.10000000000000001,2387
6586bb19-d799-55ba-8d40-10340f94312b,c8562273-e492-582d-bec5-0ba65cd82f92,2025-06-21,2025,MOV1_FULL,0.71721386908624596,0.28278613091375404,0.10000000000000001,2387
7b8ff097-92e1-52a4-99c9-4257b10d6a14,c8562273-e492-582d-bec5-0ba65cd82f92,2025-06-21,2025,MOV1_FULL,0.69363695343587617,0.30636304656412383,0.10000000000000001,2387
94d51d5d-ed7d-5123-8c2e-ef41666dbfd0,c8562273-e492-582d-bec5-0ba65cd82f92,2025-06-21,2025,MOV1_FULL,0.82953078566142535,0.17046921433857465,0.10000000000000001,2387
ae130e9e-c687-5b4f-83c1-f708d0f5a162,c8562273-e492-582d-bec5-0ba65cd82f92,2025-06-21,2025,MOV1_FULL,0.74501447967158185,0.25498552032841815,0.10000000000000001,2387
b3f01697-9fcb-5b64-9f3a-fa7b865701f8,c8562273-e492-582d-bec5-0ba65cd82f92,2025-06-21,2025,MOV1_FULL,0.4893628777677696,0.51063712223223034,0.10000000000000001,2387
b8df233d-12aa-57da-acd2-89abc45286ed,c8562273-e492-582d-bec5-0ba65cd82f92,2025-06-21,2025,MOV1_FULL,0.75601650461931247,0.24398349538068753,0.10000000000000001,2387
cb22645a-b1df-5ef4-8dd8-42cb3feea938,c8562273-e492-582d-bec5-0ba65cd82f92,2025-06-21,2025,MOV1_FULL,0.70103917215984168,0.29896082784015832,0.10000000000000001,2387
cdb7d89c-e54d-55c0-968a-e56f6c96c40d,c8562273-e492-582d-bec5-0ba65cd82f92,2025-06-21,2025,MOV1_FULL,0.45150910434748653,0.54849089565251341,0.10000000000000001,2387
f320c63e-0c16-5101-8719-3d6efa67da55,c8562273-e492-582d-bec5-0ba65cd82f92,2025-06-21,2025,MOV1_FULL,0.9514364039975316,0.048563596002468401,0.10000000000000001,2387
0444b448-05b8-5b68-99cf-afa5de022dd6,d37f92e1-011d-5482-a590-3afacc05bb2d,2025-06-28,2025,MOV1_FULL,0.56033185315213896,0.43966814684786104,0.10000000000000001,2387
0de8291d-9833-59bb-9c00-3ffc8aa559d2,d37f92e1-011d-5482-a590-3afacc05bb2d,2025-06-28,2025,MOV1_FULL,0.74727659088578124,0.25272340911421876,0.10000000000000001,2387
15d0f14e-20ca-530d-b288-a9b356b4af62,d37f92e1-011d-5482-a590-3afacc05bb2d,2025-06-28,2025,MOV1_FULL,0.59690701158711312,0.40309298841288688,0.10000000000000001,2387
533d2524-61c6-5113-be1c-a9d7fdf94551,d37f92e1-011d-5482-a590-3afacc05bb2d,2025-06-28,2025,MOV1_FULL,0.6468716929434164,0.3531283070565836,0.10000000000000001,2387
60f504c6-b158-5e8f-b959-0671d2292b8a,d37f92e1-011d-5482-a590-3afacc05bb2d,2025-06-28,2025,MOV1_FULL,0.74808911638666298,0.25191088361333702,0.10000000000000001,2387
8f88ceb1-edb3-5652-8598-d6b4a218e8bc,d37f92e1-011d-5482-a590-3afacc05bb2d,2025-06-28,2025,MOV1_FULL,0.72195631148649175,0.27804368851350825,0.10000000000000001,2387
a8bc2dd8-7073-550a-afb1-4e577482fdaa,d37f92e1-011d-5482-a590-3afacc05bb2d,2025-06-28,2025,MOV1_FULL,0.49481660692629886,0.50518339307370108,0.10000000000000001,2387
b8fa7c36-cf0f-531c-88fa-c8f63f800c24,d37f92e1-011d-5482-a590-3afacc05bb2d,2025-06-28,2025,MOV1_FULL,0.8163196035494299,0.1836803964505701,0.10000000000000001,2387
bf4cc679-e824-54bb-a013-6279d3062946,d37f92e1-011d-5482-a590-3afacc05bb2d,2025-06-28,2025,MOV1_FULL,0.61345899352199462,0.38654100647800538,0.10000000000000001,2387
d7ee2860-bccb-5917-85ab-61500e928e5a,d37f92e1-011d-5482-a590-3afacc05bb2d,2025-06-28,2025,MOV1_FULL,0.81137474679696586,0.18862525320303414,0.10000000000000001,2387
ffb89860-a618-5312-abe7-6e1f12e544a7,d37f92e1-011d-5482-a590-3afacc05bb2d,2025-06-28,2025,MOV1_FULL,0.6131787472526955,0.3868212527473045,0.10000000000000001,2387
05f951da-4043-5fa8-9334-623cafe18e59,d4523f36-6a93-5f8f-af1f-2a7b68249d91,2025-07-12,2025,MOV1_FULL,0.78212511784813876,0.21787488215186124,0.10000000000000001,2387
088a8075-3cdf-5a00-8a3c-11a876b95404,d4523f36-6a93-5f8f-af1f-2a7b68249d91,2025-07-12,2025,MOV1_FULL,0.83747849813004505,0.16252150186995495,0.10000000000000001,2387
1f4b6028-aad9-5265-973c-c7a906845f6a,d4523f36-6a93-5f8f-af1f-2a7b68249d91,2025-07-12,2025,MOV1_FULL,0.75716610592043121,0.24283389407956879,0.10000000000000001,2387
2e553aa2-13bb-5b10-af85-2538ce3d902b,d4523f36-6a93-5f8f-af1f-2a7b68249d91,2025-07-12,2025,MOV1_FULL,0.8042345612828683,0.1957654387171317,0.10000000000000001,2387
33743301-8274-562c-a51d-6e7fe97e235a,d4523f36-6a93-5f8f-af1f-2a7b68249d91,2025-07-12,2025,MOV1_FULL,0.74108369841937749,0.25891630158062251,0.10000000000000001,2387
4a4321a1-e44e-5ca6-93bc-5bc7655a45e5,d4523f36-6a93-5f8f-af1f-2a7b68249d91,2025-07-12,2025,MOV1_FULL,0.78231449111651064,0.21768550888348936,0.10000000000000001,2387
650ccc26-cc09-5ec0-ad35-393547b146f4,d4523f36-6a93-5f8f-af1f-2a7b68249d91,2025-07-12,2025,MOV1_FULL,0.51758919948557547,0.48241080051442453,0.10000000000000001,2387
8d92a106-2626-56c8-a1cd-a8da1139c252,d4523f36-6a93-5f8f-af1f-2a7b68249d91,2025-07-12,2025,MOV1_FULL,0.36609962821765862,0.63390037178234138,0.10000000000000001,2387
b23f9bc3-35f5-53c6-8297-63664b09188e,d4523f36-6a93-5f8f-af1f-2a7b68249d91,2025-07-12,2025,MOV1_FULL,0.92426222688477122,0.075737773115228779,0.10000000000000001,2387
bdea1f52-7ab1-5ad9-8dd2-5d19147a68f7,d4523f36-6a93-5f8f-af1f-2a7b68249d91,2025-07-12,2025,MOV1_FULL,0.56286590135294556,0.43713409864705444,0.10000000000000001,2387
cef9a2ea-41c9-5b7f-8988-0bd186e00d58,d4523f36-6a93-5f8f-af1f-2a7b68249d91,2025-07-12,2025,MOV1_FULL,0.60337926194968394,0.39662073805031606,0.10000000000000001,2387
0ea95a44-eba8-5607-b0ca-22f3b09c493c,69aab0b2-6d13-51e2-85ff-01e37604c122,2025-07-19,2025,MOV1_FULL,0.69995220532538582,0.30004779467461418,0.10000000000000001,2387
28c2ba86-b67c-50d4-99b1-f7f125d16c55,69aab0b2-6d13-51e2-85ff-01e37604c122,2025-07-19,2025,MOV1_FULL,0.64287821741973472,0.35712178258026528,0.10000000000000001,2387
2e0a804f-52e7-5e7c-9baf-1580b9bdc211,69aab0b2-6d13-51e2-85ff-01e37604c122,2025-07-19,2025,MOV1_FULL,0.709408588942534,0.290591411057466,0.10000000000000001,2387
56e3bb99-102a-5ccf-9876-75f5c4fe2a0c,69aab0b2-6d13-51e2-85ff-01e37604c122,2025-07-19,2025,MOV1_FULL,0.78952005004143311,0.21047994995856689,0.10000000000000001,2387
5b45a14e-8507-57f4-ab09-58f333c3a393,69aab0b2-6d13-51e2-85ff-01e37604c122,2025-07-19,2025,MOV1_FULL,0.78590133948430596,0.21409866051569404,0.10000000000000001,2387
975a4975-9b85-54e7-ae11-3817441c43f3,69aab0b2-6d13-51e2-85ff-01e37604c122,2025-07-19,2025,MOV1_FULL,0.6991553132749182,0.3008446867250818,0.10000000000000001,2387
b1c39e3f-40d8-5f44-a36f-8117001d6a78,69aab0b2-6d13-51e2-85ff-01e37604c122,2025-07-19,2025,MOV1_FULL,0.84834915692873136,0.15165084307126864,0.10000000000000001,2387
c3900772-344c-5281-a541-6a7f71d46534,69aab0b2-6d13-51e2-85ff-01e37604c122,2025-07-19,2025,MOV1_FULL,0.58017563674968209,0.41982436325031791,0.10000000000000001,2387
cd3b73c6-0da5-52df-b98c-12d46cb9eaaa,69aab0b2-6d13-51e2-85ff-01e37604c122,2025-07-19,2025,MOV1_FULL,0.62477817650592438,0.37522182349407562,0.10000000000000001,2387
d681baff-f24d-5e77-877e-9356bb44a290,69aab0b2-6d13-51e2-85ff-01e37604c122,2025-07-19,2025,MOV1_FULL,0.53948597258783404,0.46051402741216596,0.10000000000000001,2387
dbee6038-b916-5ffd-bae1-c0973f832820,69aab0b2-6d13-51e2-85ff-01e37604c122,2025-07-19,2025,MOV1_FULL,0.79542533538550919,0.20457466461449081,0.10000000000000001,2387
df5d3ef8-06c5-599b-8e29-8d198e51e581,69aab0b2-6d13-51e2-85ff-01e37604c122,2025-07-19,2025,MOV1_FULL,0.91403779087279691,0.085962209127203093,0.10000000000000001,2387
f863f840-5053-518c-a6c9-885860f1fb58,69aab0b2-6d13-51e2-85ff-01e37604c122,2025-07-19,2025,MOV1_FULL,0.6486868402164454,0.3513131597835546,0.10000000000000001,2387
01d3606e-c4c1-5c82-8d17-850c94f75db5,240b6fad-bd8d-53f3-94a3-a1a2eddd86d3,2025-07-26,2025,MOV1_FULL,0.8036783532971935,0.1963216467028065,0.10000000000000001,2387
03f16823-fe6c-5946-b771-d4aeaa14f038,240b6fad-bd8d-53f3-94a3-a1a2eddd86d3,2025-07-26,2025,MOV1_FULL,0.47616786478529977,0.52383213521470018,0.10000000000000001,2387
209408bb-238d-5bda-9b2e-57c0679c2f9a,240b6fad-bd8d-53f3-94a3-a1a2eddd86d3,2025-07-26,2025,MOV1_FULL,0.55129375515979717,0.44870624484020283,0.10000000000000001,2387
512c9817-65b7-5af4-a543-cc174983f5f3,240b6fad-bd8d-53f3-94a3-a1a2eddd86d3,2025-07-26,2025,MOV1_FULL,0.8502281467488676,0.1497718532511324,0.10000000000000001,2387
5380baf2-85ab-5184-ad29-ddc988e957b7,240b6fad-bd8d-53f3-94a3-a1a2eddd86d3,2025-07-26,2025,MOV1_FULL,0.66270257039395453,0.33729742960604547,0.10000000000000001,2387
73bdd167-894f-5f37-a916-285e34b9a87a,240b6fad-bd8d-53f3-94a3-a1a2eddd86d3,2025-07-26,2025,MOV1_FULL,0.83397159465926374,0.16602840534073626,0.10000000000000001,2387
7c57c1ae-23c8-5f4a-9406-6c9f16c35d71,240b6fad-bd8d-53f3-94a3-a1a2eddd86d3,2025-07-26,2025,MOV1_FULL,0.60704767315167629,0.39295232684832371,0.10000000000000001,2387
912bb7cc-882c-5127-970c-b6002b9f82a9,240b6fad-bd8d-53f3-94a3-a1a2eddd86d3,2025-07-26,2025,MOV1_FULL,0.45221928877492257,0.54778071122507743,0.10000000000000001,2387
9a41963d-88f8-559f-a3a1-7c88a91474e4,240b6fad-bd8d-53f3-94a3-a1a2eddd86d3,2025-07-26,2025,MOV1_FULL,0.74114841341147009,0.25885158658852991,0.10000000000000001,2387
bef1d631-3c97-5780-ae11-2835dc61e51c,240b6fad-bd8d-53f3-94a3-a1a2eddd86d3,2025-07-26,2025,MOV1_FULL,0.48743286705777178,0.51256713294222822,0.10000000000000001,2387
dc6e4a3c-7966-5e5d-ab62-746eb050d7b6,240b6fad-bd8d-53f3-94a3-a1a2eddd86d3,2025-07-26,2025,MOV1_FULL,0.8555329825234903,0.1444670174765097,0.10000000000000001,2387
f2dc48ee-8e9f-5a3f-a255-c519b0c5cb9a,240b6fad-bd8d-53f3-94a3-a1a2eddd86d3,2025-07-26,2025,MOV1_FULL,0.8544156907501872,0.1455843092498128,0.10000000000000001,2387
46f0e547-02a3-5e17-93bb-0d14830e5622,75157340-3a01-517f-9735-66ba9e9c3afa,2025-08-02,2025,MOV1_FULL,0.49098541692296654,0.5090145830770334,0.10000000000000001,2387
4a4a22be-a3a0-5859-8b0a-f2e9fb6f7361,75157340-3a01-517f-9735-66ba9e9c3afa,2025-08-02,2025,MOV1_FULL,0.70959369718228382,0.29040630281771618,0.10000000000000001,2387
641116f0-1251-5cb9-b68f-07d0f7607eda,75157340-3a01-517f-9735-66ba9e9c3afa,2025-08-02,2025,MOV1_FULL,0.81838956968004051,0.18161043031995949,0.10000000000000001,2387
654eb675-5b16-518f-af1b-2bb6a62e255f,75157340-3a01-517f-9735-66ba9e9c3afa,2025-08-02,2025,MOV1_FULL,0.69459253101033669,0.30540746898966331,0.10000000000000001,2387
94caf469-0815-5aaa-b943-0012e96a61ad,75157340-3a01-517f-9735-66ba9e9c3afa,2025-08-02,2025,MOV1_FULL,0.40016787244992563,0.59983212755007442,0.10000000000000001,2387
a6be20bc-1b58-5a1b-a3a4-d55d9879776c,75157340-3a01-517f-9735-66ba9e9c3afa,2025-08-02,2025,MOV1_FULL,0.74704248259070727,0.25295751740929273,0.10000000000000001,2387
b457ee49-9ce5-5978-9c07-7bff6250f52a,75157340-3a01-517f-9735-66ba9e9c3afa,2025-08-02,2025,MOV1_FULL,0.37141382854304444,0.62858617145695561,0.10000000000000001,2387
c42ccd2f-1ede-54f7-b140-74fd97e81c1e,75157340-3a01-517f-9735-66ba9e9c3afa,2025-08-02,2025,MOV1_FULL,0.29022954285687308,0.70977045714312692,0.10000000000000001,2387
d9b9155f-f5f7-533a-a328-d350cfc204ef,75157340-3a01-517f-9735-66ba9e9c3afa,2025-08-02,2025,MOV1_FULL,0.4246813242402242,0.5753186757597758,0.10000000000000001,2387
e96b5ed2-0e3c-584c-ad80-bc0b933a2b48,75157340-3a01-517f-9735-66ba9e9c3afa,2025-08-02,2025,MOV1_FULL,0.38087197216454155,0.61912802783545851,0.10000000000000001,2387
f07b3c2b-c67b-5019-884f-50877f77631d,75157340-3a01-517f-9735-66ba9e9c3afa,2025-08-02,2025,MOV1_FULL,0.48470284903393357,0.51529715096606643,0.10000000000000001,2387
f1d0f679-17b5-537f-837c-5f4c5bf27805,75157340-3a01-517f-9735-66ba9e9c3afa,2025-08-02,2025,MOV1_FULL,0.58838294669466795,0.41161705330533205,0.10000000000000001,2387
022c0ed1-de00-549d-9ed3-422f2e3866de,13b1fbdb-9d66-51ff-b77b-51c2844f81ff,2025-08-09,2025,MOV1_FULL,0.44598535106429743,0.55401464893570251,0.10000000000000001,2387
174049b6-6ed7-5ea5-9e3a-200eb16643fd,13b1fbdb-9d66-51ff-b77b-51c2844f81ff,2025-08-09,2025,MOV1_FULL,0.45021322647956513,0.54978677352043492,0.10000000000000001,2387
21060c0d-a08b-5eb9-9062-1c26cddb1949,13b1fbdb-9d66-51ff-b77b-51c2844f81ff,2025-08-09,2025,MOV1_FULL,0.69410502361072279,0.30589497638927721,0.10000000000000001,2387
230cc40d-9729-5da4-9581-357047a84773,13b1fbdb-9d66-51ff-b77b-51c2844f81ff,2025-08-09,2025,MOV1_FULL,0.65310068269413779,0.34689931730586221,0.10000000000000001,2387
2310f0f7-50b1-5ae1-acd0-a9c123469d7d,13b1fbdb-9d66-51ff-b77b-51c2844f81ff,2025-08-09,2025,MOV1_FULL,0.53963559756352253,0.46036440243647747,0.10000000000000001,2387
48ba464d-681f-5f21-b7de-5619f8a6907c,13b1fbdb-9d66-51ff-b77b-51c2844f81ff,2025-08-09,2025,MOV1_FULL,0.8046777728563802,0.1953222271436198,0.10000000000000001,2387
89b42fbf-bd2a-5921-ac88-fb1edbfb23f7,13b1fbdb-9d66-51ff-b77b-51c2844f81ff,2025-08-09,2025,MOV1_FULL,0.4891955639705256,0.51080443602947434,0.10000000000000001,2387
9019f567-a6fb-5d40-a6cf-1c305b19eefd,13b1fbdb-9d66-51ff-b77b-51c2844f81ff,2025-08-09,2025,MOV1_FULL,0.58760438224877942,0.41239561775122058,0.10000000000000001,2387
929a7fbb-377a-5bab-95a3-bb4e5d145efd,13b1fbdb-9d66-51ff-b77b-51c2844f81ff,2025-08-09,2025,MOV1_FULL,0.81202085204440266,0.18797914795559734,0.10000000000000001,2387
a63838ef-cd5e-5c12-82d3-907a8614c4ce,13b1fbdb-9d66-51ff-b77b-51c2844f81ff,2025-08-09,2025,MOV1_FULL,0.86926366311658365,0.13073633688341635,0.10000000000000001,2387
d20e5865-73cd-5b5b-b674-ef3e55711bdd,13b1fbdb-9d66-51ff-b77b-51c2844f81ff,2025-08-09,2025,MOV1_FULL,0.53298289578102098,0.46701710421897902,0.10000000000000001,2387
18a73fe3-e89b-54f2-8ebf-032c3ad57ecc,8cff1de5-bbee-5a5e-8671-606ff3112d57,2025-08-16,2025,MOV1_FULL,0.64175282919115373,0.35824717080884627,0.10000000000000001,2387
338588e6-c45c-578b-975f-3afb194293d6,8cff1de5-bbee-5a5e-8671-606ff3112d57,2025-08-16,2025,MOV1_FULL,0.2793997839815322,0.7206002160184678,0.10000000000000001,2387
4ed2541e-9240-59c2-93b6-6949f1df546d,8cff1de5-bbee-5a5e-8671-606ff3112d57,2025-08-16,2025,MOV1_FULL,0.88970330275260046,0.11029669724739954,0.10000000000000001,2387
5ebfd2bc-737c-5f96-b211-049f0ce9cf62,8cff1de5-bbee-5a5e-8671-606ff3112d57,2025-08-16,2025,MOV1_FULL,0.62821003080554338,0.37178996919445662,0.10000000000000001,2387
9e5c6b91-e645-5649-8d61-3b72de7d1ca5,8cff1de5-bbee-5a5e-8671-606ff3112d57,2025-08-16,2025,MOV1_FULL,0.30209250159614059,0.69790749840385935,0.10000000000000001,2387
b266773d-cf09-5d6d-a1f1-099ddb435ebf,8cff1de5-bbee-5a5e-8671-606ff3112d57,2025-08-16,2025,MOV1_FULL,0.37698872912389519,0.62301127087610486,0.10000000000000001,2387
bc167253-9efe-5b91-a3f1-9624ac679b31,8cff1de5-bbee-5a5e-8671-606ff3112d57,2025-08-16,2025,MOV1_FULL,0.63800930721300408,0.36199069278699592,0.10000000000000001,2387
d7333f8a-651c-5b27-8dfe-c81f712874d0,8cff1de5-bbee-5a5e-8671-606ff3112d57,2025-08-16,2025,MOV1_FULL,0.604308070382235,0.395691929617765,0.10000000000000001,2387
e444dfc8-d291-57cc-aaec-5d6d717dec0e,8cff1de5-bbee-5a5e-8671-606ff3112d57,2025-08-16,2025,MOV1_FULL,0.76666237943047333,0.23333762056952667,0.10000000000000001,2387
e8dcb0d1-9638-5bc5-a2e6-d8a45154870a,8cff1de5-bbee-5a5e-8671-606ff3112d57,2025-08-16,2025,MOV1_FULL,0.6557739111494677,0.3442260888505323,0.10000000000000001,2387
fca90abb-2e08-5258-9e7a-4970a8ece4a7,8cff1de5-bbee-5a5e-8671-606ff3112d57,2025-08-16,2025,MOV1_FULL,0.7247962511461068,0.2752037488538932,0.10000000000000001,2387
ff7fbf4b-fa6a-5f6e-8fa7-5f7d700fce27,8cff1de5-bbee-5a5e-8671-606ff3112d57,2025-08-16,2025,MOV1_FULL,0.69468242533211166,0.30531757466788834,0.10000000000000001,2387
0825a691-04b5-568d-96d0-45b24e571a8d,1530f161-83bc-5651-a047-59e602c3e053,2025-08-23,2025,MOV1_FULL,0.80740500723724629,0.19259499276275371,0.10000000000000001,2387
1096c77b-aaae-5ba4-9827-b884d297fdac,1530f161-83bc-5651-a047-59e602c3e053,2025-08-23,2025,MOV1_FULL,0.68252619552721017,0.31747380447278983,0.10000000000000001,2387
292adaf0-c236-5b74-b1a6-c6397b9f4396,1530f161-83bc-5651-a047-59e602c3e053,2025-08-23,2025,MOV1_FULL,0.76647309031709876,0.23352690968290124,0.10000000000000001,2387
4bc9be6f-77f6-518b-84f3-42177cec4b03,1530f161-83bc-5651-a047-59e602c3e053,2025-08-23,2025,MOV1_FULL,0.85421610771919898,0.14578389228080102,0.10000000000000001,2387
523c9a84-a0a6-576f-9e26-5c70255c0303,1530f161-83bc-5651-a047-59e602c3e053,2025-08-23,2025,MOV1_FULL,0.635790434505621,0.364209565494379,0.10000000000000001,2387
5760c2c7-ae3a-55e6-aafd-8dc99c5a38b9,1530f161-83bc-5651-a047-59e602c3e053,2025-08-23,2025,MOV1_FULL,0.88639485785298344,0.11360514214701656,0.10000000000000001,2387
7459bbc4-94c8-5250-9c87-edae04e9c3b6,1530f161-83bc-5651-a047-59e602c3e053,2025-08-23,2025,MOV1_FULL,0.57620555173496024,0.42379444826503976,0.10000000000000001,2387
788303f0-3c89-5cc1-bbee-e5852c4e1f3a,1530f161-83bc-5651-a047-59e602c3e053,2025-08-23,2025,MOV1_FULL,0.7085100590052853,0.2914899409947147,0.10000000000000001,2387
9277a144-e47b-5abc-bb26-c727d4ced098,1530f161-83bc-5651-a047-59e602c3e053,2025-08-23,2025,MOV1_FULL,0.45130853213176703,0.54869146786823297,0.10000000000000001,2387
964396d4-24d4-5d9a-843c-1b926e346e66,1530f161-83bc-5651-a047-59e602c3e053,2025-08-23,2025,MOV1_FULL,0.47538861439771662,0.52461138560228338,0.10000000000000001,2387
9777e935-8524-510c-b7fe-624800370652,1530f161-83bc-5651-a047-59e602c3e053,2025-08-23,2025,MOV1_FULL,0.65829761130966791,0.34170238869033209,0.10000000000000001,2387
cc90e4f3-f04e-57c4-ade6-fb251e7f1abd,1530f161-83bc-5651-a047-59e602c3e053,2025-08-23,2025,MOV1_FULL,0.61710815452687351,0.38289184547312649,0.10000000000000001,2387
3192b3ae-85d3-5f4d-9e9f-0e4a2296e58d,61752cc4-fc25-5f13-8401-b73ac648a7b9,2025-09-06,2025,MOV1_FULL,0.72949436236333753,0.27050563763666247,0.10000000000000001,2387
3485f3c8-35d1-59aa-a671-275d3effa31d,61752cc4-fc25-5f13-8401-b73ac648a7b9,2025-09-06,2025,MOV1_FULL,0.87085797232604989,0.12914202767395011,0.10000000000000001,2387
6f03cf57-e27f-5e92-98d4-a15d8fba2917,61752cc4-fc25-5f13-8401-b73ac648a7b9,2025-09-06,2025,MOV1_FULL,0.71194258531228005,0.28805741468771995,0.10000000000000001,2387
7d904e91-60ab-562a-9b52-f243228b796d,61752cc4-fc25-5f13-8401-b73ac648a7b9,2025-09-06,2025,MOV1_FULL,0.74845718640582204,0.25154281359417796,0.10000000000000001,2387
927c2767-515b-5080-be2c-e69031d2c0c0,61752cc4-fc25-5f13-8401-b73ac648a7b9,2025-09-06,2025,MOV1_FULL,0.7464309620492624,0.2535690379507376,0.10000000000000001,2387
aa38d7ca-3eeb-532f-8acc-3a240df1d6ad,61752cc4-fc25-5f13-8401-b73ac648a7b9,2025-09-06,2025,MOV1_FULL,0.54009579120513784,0.45990420879486216,0.10000000000000001,2387
b226b3e5-0c07-590f-8567-fd39b4c8f398,61752cc4-fc25-5f13-8401-b73ac648a7b9,2025-09-06,2025,MOV1_FULL,0.67229120235439788,0.32770879764560212,0.10000000000000001,2387
bd9c7a15-e802-59f2-a4f9-818127d23c5c,61752cc4-fc25-5f13-8401-b73ac648a7b9,2025-09-06,2025,MOV1_FULL,0.61337200784613211,0.38662799215386789,0.10000000000000001,2387
c5a954b4-e3dc-582a-924c-4ccb8cfd8231,61752cc4-fc25-5f13-8401-b73ac648a7b9,2025-09-06,2025,MOV1_FULL,0.72305450506220659,0.27694549493779341,0.10000000000000001,2387
c672f1ec-aed0-5e4a-8d57-51a7f83d7b1d,61752cc4-fc25-5f13-8401-b73ac648a7b9,2025-09-06,2025,MOV1_FULL,0.52910762246865695,0.47089237753134305,0.10000000000000001,2387
fad379e9-2f1f-56bd-a16c-c3415a278bc8,61752cc4-fc25-5f13-8401-b73ac648a7b9,2025-09-06,2025,MOV1_FULL,0.58931656353444617,0.41068343646555383,0.10000000000000001,2387
fb72b035-78c7-585f-b626-63514a81bb92,61752cc4-fc25-5f13-8401-b73ac648a7b9,2025-09-06,2025,MOV1_FULL,0.68183703602951318,0.31816296397048682,0.10000000000000001,2387
fc1248f9-bf2b-5e6f-a3e4-0d4aef76c5fd,61752cc4-fc25-5f13-8401-b73ac648a7b9,2025-09-06,2025,MOV1_FULL,0.75094719086915063,0.24905280913084937,0.10000000000000001,2387
23dc95aa-c8f4-5d6a-92ba-bb3391d730bc,b0c6527d-c398-53c4-805b-d3c97d4423da,2025-09-13,2025,MOV1_FULL,0.71828900913491367,0.28171099086508633,0.10000000000000001,2387
2ea33dc6-8cf3-52cc-ada6-9749bb76caa9,b0c6527d-c398-53c4-805b-d3c97d4423da,2025-09-13,2025,MOV1_FULL,0.60193838794952215,0.39806161205047785,0.10000000000000001,2387
3048be92-98a0-5ab6-b88e-687a6d96b218,b0c6527d-c398-53c4-805b-d3c97d4423da,2025-09-13,2025,MOV1_FULL,0.16400155268541305,0.83599844731458695,0.10000000000000001,2387
36c8eba7-76d5-546a-996c-eb9ce1913a3e,b0c6527d-c398-53c4-805b-d3c97d4423da,2025-09-13,2025,MOV1_FULL,0.81306361781442471,0.18693638218557529,0.10000000000000001,2387
3ea23865-f9fa-5a9a-bffb-96f75b3f29b1,b0c6527d-c398-53c4-805b-d3c97d4423da,2025-09-13,2025,MOV1_FULL,0.65884469940460677,0.34115530059539323,0.10000000000000001,2387
6e2ec79b-a778-5113-9cc4-6d2508343e99,b0c6527d-c398-53c4-805b-d3c97d4423da,2025-09-13,2025,MOV1_FULL,0.75794807835575306,0.24205192164424694,0.10000000000000001,2387
768c55ca-21ec-57f9-b2ac-0cd25cd87836,b0c6527d-c398-53c4-805b-d3c97d4423da,2025-09-13,2025,MOV1_FULL,0.63863414164796395,0.36136585835203605,0.10000000000000001,2387
989b1c73-2c75-50f0-af24-1a0568695eb5,b0c6527d-c398-53c4-805b-d3c97d4423da,2025-09-13,2025,MOV1_FULL,0.5638445194621744,0.4361554805378256,0.10000000000000001,2387
99d3a6b9-4d73-5585-a189-b974c58a0dc5,b0c6527d-c398-53c4-805b-d3c97d4423da,2025-09-13,2025,MOV1_FULL,0.6800230733440219,0.3199769266559781,0.10000000000000001,2387
a3fa7645-bb87-5661-a8e9-078df1c149b0,b0c6527d-c398-53c4-805b-d3c97d4423da,2025-09-13,2025,MOV1_FULL,0.66374551246059388,0.33625448753940612,0.10000000000000001,2387
cd16ec46-a9b7-5f5e-93a2-65aeca53864b,b0c6527d-c398-53c4-805b-d3c97d4423da,2025-09-13,2025,MOV1_FULL,0.62553986354900348,0.37446013645099652,0.10000000000000001,2387
daf77ae1-f51e-5ca8-8f78-90b0958a13bc,b0c6527d-c398-53c4-805b-d3c97d4423da,2025-09-13,2025,MOV1_FULL,0.76305593183346265,0.23694406816653735,0.10000000000000001,2387
0dfa940c-0caf-532e-9e71-761d307aeb8d,10845075-6a1c-5d5f-b277-bbe74d87bf3c,2025-09-27,2025,MOV1_FULL,0.8246488372068933,0.1753511627931067,0.10000000000000001,2387
1d254d47-d7f3-579c-a3ef-22c0973950fb,10845075-6a1c-5d5f-b277-bbe74d87bf3c,2025-09-27,2025,MOV1_FULL,0.62036382700670267,0.37963617299329733,0.10000000000000001,2387
33c6c52f-94b7-58f6-988b-7e27632637c0,10845075-6a1c-5d5f-b277-bbe74d87bf3c,2025-09-27,2025,MOV1_FULL,0.60013479060059327,0.39986520939940673,0.10000000000000001,2387
677197ff-8f0f-544d-8c47-e453de908aa9,10845075-6a1c-5d5f-b277-bbe74d87bf3c,2025-09-27,2025,MOV1_FULL,0.6008564528950584,0.3991435471049416,0.10000000000000001,2387
7e290182-78a2-5f38-87f9-86573ccc0443,10845075-6a1c-5d5f-b277-bbe74d87bf3c,2025-09-27,2025,MOV1_FULL,0.711510447906197,0.288489552093803,0.10000000000000001,2387
81f52b20-a66f-5fd3-8494-858af1177990,10845075-6a1c-5d5f-b277-bbe74d87bf3c,2025-09-27,2025,MOV1_FULL,0.59424221123735066,0.40575778876264934,0.10000000000000001,2387
a8c9caba-4855-51af-8b52-472306a3ecd6,10845075-6a1c-5d5f-b277-bbe74d87bf3c,2025-09-27,2025,MOV1_FULL,0.6081011448117547,0.3918988551882453,0.10000000000000001,2387
ae7c3143-893f-536f-b710-35bce975864d,10845075-6a1c-5d5f-b277-bbe74d87bf3c,2025-09-27,2025,MOV1_FULL,0.80119186301395706,0.19880813698604294,0.10000000000000001,2387
bcb9b54a-77c5-5c5a-81f0-e50c394922e6,10845075-6a1c-5d5f-b277-bbe74d87bf3c,2025-09-27,2025,MOV1_FULL,0.32467802531006362,0.67532197468993638,0.10000000000000001,2387
be140a8e-6fdb-5429-a473-cc210973bbd6,10845075-6a1c-5d5f-b277-bbe74d87bf3c,2025-09-27,2025,MOV1_FULL,0.62132195372546262,0.37867804627453738,0.10000000000000001,2387
dd717235-9fe4-53bd-b885-ea503c4e23d5,10845075-6a1c-5d5f-b277-bbe74d87bf3c,2025-09-27,2025,MOV1_FULL,0.74974483009042658,0.25025516990957342,0.10000000000000001,2387
fa872483-137c-5c44-90cc-3517b813b077,10845075-6a1c-5d5f-b277-bbe74d87bf3c,2025-09-27,2025,MOV1_FULL,0.91232677127332273,0.087673228726677266,0.10000000000000001,2387
18ca11a2-732a-5a74-b6b5-2a6921129f2d,7bd13667-4355-5cd3-9a9b-2eaf8c59f298,2025-10-04,2025,MOV1_FULL,0.49130930737736084,0.50869069262263911,0.10000000000000001,2387
216c0e72-907b-5a19-ad1a-666b5db0ed83,7bd13667-4355-5cd3-9a9b-2eaf8c59f298,2025-10-04,2025,MOV1_FULL,0.56182316186011172,0.43817683813988828,0.10000000000000001,2387
221bee1f-3934-5727-91e2-6613f787c826,7bd13667-4355-5cd3-9a9b-2eaf8c59f298,2025-10-04,2025,MOV1_FULL,0.69768173626205443,0.30231826373794557,0.10000000000000001,2387
2e63a290-ecd4-5e82-aa65-7b572d9e7d77,7bd13667-4355-5cd3-9a9b-2eaf8c59f298,2025-10-04,2025,MOV1_FULL,0.77308834931785253,0.22691165068214747,0.10000000000000001,2387
306a124e-6eba-59c2-80a8-72ca07773c52,7bd13667-4355-5cd3-9a9b-2eaf8c59f298,2025-10-04,2025,MOV1_FULL,0.56322280280811554,0.43677719719188446,0.10000000000000001,2387
40f09490-e8e5-5b4a-a86f-c3d05e3e93d5,7bd13667-4355-5cd3-9a9b-2eaf8c59f298,2025-10-04,2025,MOV1_FULL,0.42305893306022307,0.57694106693977698,0.10000000000000001,2387
601c2405-6de8-5993-a547-21d52f2c3527,7bd13667-4355-5cd3-9a9b-2eaf8c59f298,2025-10-04,2025,MOV1_FULL,0.73085399888972136,0.26914600111027864,0.10000000000000001,2387
6a3c02c9-f4e9-559b-b02b-a28eac971472,7bd13667-4355-5cd3-9a9b-2eaf8c59f298,2025-10-04,2025,MOV1_FULL,0.90201829319719495,0.097981706802805046,0.10000000000000001,2387
87208705-1aa9-5050-9b47-e9a31006527c,7bd13667-4355-5cd3-9a9b-2eaf8c59f298,2025-10-04,2025,MOV1_FULL,0.80875198960927785,0.19124801039072215,0.10000000000000001,2387
92a4c575-ea83-5ba7-9ebb-43dd2675644f,7bd13667-4355-5cd3-9a9b-2eaf8c59f298,2025-10-04,2025,MOV1_FULL,0.90783039637327878,0.092169603626721219,0.10000000000000001,2387
bdb0267c-4760-501d-aedf-447605759547,7bd13667-4355-5cd3-9a9b-2eaf8c59f298,2025-10-04,2025,MOV1_FULL,0.35690227537698088,0.64309772462301917,0.10000000000000001,2387
f4d8cd69-4cc7-5317-a6ad-12c41d49f310,7bd13667-4355-5cd3-9a9b-2eaf8c59f298,2025-10-04,2025,MOV1_FULL,0.5769678326465516,0.4230321673534484,0.10000000000000001,2387
fee0a68f-cc89-5033-8d26-7b8b4a3d3dd7,7bd13667-4355-5cd3-9a9b-2eaf8c59f298,2025-10-04,2025,MOV1_FULL,0.57596286320245216,0.42403713679754784,0.10000000000000001,2387
ff96f672-4d46-5764-9933-c430d121ee55,7bd13667-4355-5cd3-9a9b-2eaf8c59f298,2025-10-04,2025,MOV1_FULL,0.59770406237149054,0.40229593762850946,0.10000000000000001,2387
00e19d25-bea9-5d20-8d83-d5fbbbda140f,c1054bc4-a1ea-5245-bc15-9ec2b348edcf,2025-10-11,2025,MOV1_FULL,0.53727498922640216,0.46272501077359784,0.10000000000000001,2387
026a1ab8-19ea-5516-a918-f7ce0d898867,c1054bc4-a1ea-5245-bc15-9ec2b348edcf,2025-10-11,2025,MOV1_FULL,0.63133939422558605,0.36866060577441395,0.10000000000000001,2387
12ca1112-1f07-5769-a6b6-ec84a27b166a,c1054bc4-a1ea-5245-bc15-9ec2b348edcf,2025-10-11,2025,MOV1_FULL,0.48387448420547607,0.51612551579452393,0.10000000000000001,2387
18b06e80-47bb-5cce-960f-3266833f181f,c1054bc4-a1ea-5245-bc15-9ec2b348edcf,2025-10-11,2025,MOV1_FULL,0.56017795824065486,0.43982204175934514,0.10000000000000001,2387
35691c08-54d0-5e18-8354-5ea40a73b8b0,c1054bc4-a1ea-5245-bc15-9ec2b348edcf,2025-10-11,2025,MOV1_FULL,0.57410944021569121,0.42589055978430879,0.10000000000000001,2387
3738721b-37b2-5437-9cba-ec9378beb5a0,c1054bc4-a1ea-5245-bc15-9ec2b348edcf,2025-10-11,2025,MOV1_FULL,0.68337201526157609,0.31662798473842391,0.10000000000000001,2387
94762af4-cda2-53eb-9466-cd26a18a3a95,c1054bc4-a1ea-5245-bc15-9ec2b348edcf,2025-10-11,2025,MOV1_FULL,0.74970844582493679,0.25029155417506321,0.10000000000000001,2387
a4c71309-7a88-5d2d-aeeb-06cf3f298957,c1054bc4-a1ea-5245-bc15-9ec2b348edcf,2025-10-11,2025,MOV1_FULL,0.34426607430142198,0.65573392569857802,0.10000000000000001,2387
b56b8e4f-8d46-5a7f-a8d9-b9f487c06d30,c1054bc4-a1ea-5245-bc15-9ec2b348edcf,2025-10-11,2025,MOV1_FULL,0.21975706373272152,0.78024293626727848,0.10000000000000001,2387
c72e60f0-a748-5ba1-830b-0e1e13da64d4,c1054bc4-a1ea-5245-bc15-9ec2b348edcf,2025-10-11,2025,MOV1_FULL,0.76720611120268067,0.23279388879731933,0.10000000000000001,2387
de463cbe-b8b4-5dd6-8f2e-8198e23f3aa1,c1054bc4-a1ea-5245-bc15-9ec2b348edcf,2025-10-11,2025,MOV1_FULL,0.57915371823227535,0.42084628176772465,0.10000000000000001,2387
f1db8f46-2c21-5f07-aeec-267e86b92432,c1054bc4-a1ea-5245-bc15-9ec2b348edcf,2025-10-11,2025,MOV1_FULL,0.82851251592362662,0.17148748407637338,0.10000000000000001,2387
0979dec3-c488-5b34-8667-1a8c9c2858ac,2aa72f73-c7a6-5de4-9c81-706901cc4db4,2025-10-18,2025,MOV1_FULL,0.59465380098365861,0.40534619901634139,0.10000000000000001,2387
3e5299de-db49-5d3c-9d2a-42c7f50ccc44,2aa72f73-c7a6-5de4-9c81-706901cc4db4,2025-10-18,2025,MOV1_FULL,0.82520456321428004,0.17479543678571996,0.10000000000000001,2387
735b7445-c679-5a84-8858-d568f8638f1f,2aa72f73-c7a6-5de4-9c81-706901cc4db4,2025-10-18,2025,MOV1_FULL,0.71921634385905719,0.28078365614094281,0.10000000000000001,2387
758524e3-2313-5fbc-9466-c2c4a09e809c,2aa72f73-c7a6-5de4-9c81-706901cc4db4,2025-10-18,2025,MOV1_FULL,0.65275521279084092,0.34724478720915908,0.10000000000000001,2387
844e92d4-6b63-55c6-838a-e3860a319478,2aa72f73-c7a6-5de4-9c81-706901cc4db4,2025-10-18,2025,MOV1_FULL,0.49072469108344435,0.50927530891655559,0.10000000000000001,2387
a0d7a361-0094-51c3-ab3c-b38df5417c2e,2aa72f73-c7a6-5de4-9c81-706901cc4db4,2025-10-18,2025,MOV1_FULL,0.69777716301854242,0.30222283698145758,0.10000000000000001,2387
acba01f4-6a86-5d5d-9f70-5c2d04cdbc65,2aa72f73-c7a6-5de4-9c81-706901cc4db4,2025-10-18,2025,MOV1_FULL,0.51825471614441321,0.48174528385558679,0.10000000000000001,2387
b2412e7c-f09c-5ab1-9015-9405c7e3ed54,2aa72f73-c7a6-5de4-9c81-706901cc4db4,2025-10-18,2025,MOV1_FULL,0.82463779515580493,0.17536220484419507,0.10000000000000001,2387
be3f0c5d-1ad4-5d52-be2d-6ecb19eeaf27,2aa72f73-c7a6-5de4-9c81-706901cc4db4,2025-10-18,2025,MOV1_FULL,0.48412486010822958,0.51587513989177047,0.10000000000000001,2387
bf27c953-fc8e-59e6-82c4-4c5fe403a360,2aa72f73-c7a6-5de4-9c81-706901cc4db4,2025-10-18,2025,MOV1_FULL,0.5313380794552639,0.4686619205447361,0.10000000000000001,2387
fb69d2a2-96ff-5820-b4f9-f370c4977350,2aa72f73-c7a6-5de4-9c81-706901cc4db4,2025-10-18,2025,MOV1_FULL,0.48951130340313548,0.51048869659686447,0.10000000000000001,2387
fed9c90f-6510-5102-a7b7-6599617685a0,2aa72f73-c7a6-5de4-9c81-706901cc4db4,2025-10-18,2025,MOV1_FULL,0.82342044229550304,0.17657955770449696,0.10000000000000001,2387
01d91e14-d113-5b4b-a5b5-6804f436bd94,011e6515-c5a0-5393-8c30-365bbbb0a8b4,2025-10-25,2025,MOV1_FULL,0.87529672819984505,0.12470327180015495,0.10000000000000001,2387
2445f7d8-7ed3-54ac-a84e-6db58824ccff,011e6515-c5a0-5393-8c30-365bbbb0a8b4,2025-10-25,2025,MOV1_FULL,0.57933300566083501,0.42066699433916499,0.10000000000000001,2387
315e63b8-6fb9-5857-aed5-7021bddc8388,011e6515-c5a0-5393-8c30-365bbbb0a8b4,2025-10-25,2025,MOV1_FULL,0.35489764897831322,0.64510235102168678,0.10000000000000001,2387
4122a938-b888-56a1-bcd8-e66b94ec46c4,011e6515-c5a0-5393-8c30-365bbbb0a8b4,2025-10-25,2025,MOV1_FULL,0.47599378903136941,0.52400621096863054,0.10000000000000001,2387
4f3a69fa-9662-5c8a-8b15-03ff28f69bc6,011e6515-c5a0-5393-8c30-365bbbb0a8b4,2025-10-25,2025,MOV1_FULL,0.69873705820508025,0.30126294179491975,0.10000000000000001,2387
75836ffd-5351-5c4b-9af3-74f8ed98afc5,011e6515-c5a0-5393-8c30-365bbbb0a8b4,2025-10-25,2025,MOV1_FULL,0.69401342479826567,0.30598657520173433,0.10000000000000001,2387
76837bdc-e865-514d-b1eb-c69837eeafc0,011e6515-c5a0-5393-8c30-365bbbb0a8b4,2025-10-25,2025,MOV1_FULL,0.69648029308910253,0.30351970691089747,0.10000000000000001,2387
7980b4b1-a246-5911-aec4-7c00591ab796,011e6515-c5a0-5393-8c30-365bbbb0a8b4,2025-10-25,2025,MOV1_FULL,0.67191094452166789,0.32808905547833211,0.10000000000000001,2387
862b29ad-1541-5f99-95ca-8dae0f22de14,011e6515-c5a0-5393-8c30-365bbbb0a8b4,2025-10-25,2025,MOV1_FULL,0.31468389178628803,0.68531610821371203,0.10000000000000001,2387
8746e82c-01c8-5710-83cd-eacd4a92ff99,011e6515-c5a0-5393-8c30-365bbbb0a8b4,2025-10-25,2025,MOV1_FULL,0.79934722669004188,0.20065277330995812,0.10000000000000001,2387
968a94e9-6f73-547c-8041-5e440795d8ee,011e6515-c5a0-5393-8c30-365bbbb0a8b4,2025-10-25,2025,MOV1_FULL,0.4439477757619793,0.5560522242380207,0.10000000000000001,2387
d3328313-c42c-5a83-9cca-b6595e86814b,011e6515-c5a0-5393-8c30-365bbbb0a8b4,2025-10-25,2025,MOV1_FULL,0.4825921857564191,0.51740781424358095,0.10000000000000001,2387
27d019df-8a51-505c-abb0-421998e5b26b,b8f68ec1-3905-5b2e-b6f9-5c5de237ad4e,2025-11-01,2025,MOV1_FULL,0.90097755233847798,0.099022447661522017,0.10000000000000001,2387
2af81de4-1768-50aa-88d8-919a0b8f639e,b8f68ec1-3905-5b2e-b6f9-5c5de237ad4e,2025-11-01,2025,MOV1_FULL,0.64207941792970158,0.35792058207029842,0.10000000000000001,2387
749b46a7-bca2-5a84-b580-22c513f97728,b8f68ec1-3905-5b2e-b6f9-5c5de237ad4e,2025-11-01,2025,MOV1_FULL,0.90275341154712518,0.097246588452874816,0.10000000000000001,2387
760433be-3802-5c80-ae1c-6a15adb517f9,b8f68ec1-3905-5b2e-b6f9-5c5de237ad4e,2025-11-01,2025,MOV1_FULL,0.23154753060561217,0.76845246939438783,0.10000000000000001,2387
8a2315cb-2403-53d3-9d76-bce330017bf3,b8f68ec1-3905-5b2e-b6f9-5c5de237ad4e,2025-11-01,2025,MOV1_FULL,0.58661576794167802,0.41338423205832198,0.10000000000000001,2387
b183f0a4-31eb-5ec3-b048-7534cc790c55,b8f68ec1-3905-5b2e-b6f9-5c5de237ad4e,2025-11-01,2025,MOV1_FULL,0.54154338273749603,0.45845661726250397,0.10000000000000001,2387
b31b2305-db3b-5099-89c0-14abdbe86577,b8f68ec1-3905-5b2e-b6f9-5c5de237ad4e,2025-11-01,2025,MOV1_FULL,0.65893935015121941,0.34106064984878059,0.10000000000000001,2387
bb2121c2-ed5e-5b43-97a4-fa18f54c64a4,b8f68ec1-3905-5b2e-b6f9-5c5de237ad4e,2025-11-01,2025,MOV1_FULL,0.74443677856230817,0.25556322143769183,0.10000000000000001,2387
c8894fcd-269e-5b01-84a4-5525b980f2ee,b8f68ec1-3905-5b2e-b6f9-5c5de237ad4e,2025-11-01,2025,MOV1_FULL,0.78234443033998691,0.21765556966001309,0.10000000000000001,2387
cf1db992-506c-548d-88d3-9b466e7f8b3c,b8f68ec1-3905-5b2e-b6f9-5c5de237ad4e,2025-11-01,2025,MOV1_FULL,0.64152919346210235,0.35847080653789765,0.10000000000000001,2387
f453bf6d-4bad-528a-a4d7-3a671f7c46bd,b8f68ec1-3905-5b2e-b6f9-5c5de237ad4e,2025-11-01,2025,MOV1_FULL,0.27640194008451219,0.72359805991548787,0.10000000000000001,2387
f4a91be4-6158-5dd4-bfee-1abec78ad55b,b8f68ec1-3905-5b2e-b6f9-5c5de237ad4e,2025-11-01,2025,MOV1_FULL,0.68425676702635108,0.31574323297364892,0.10000000000000001,2387
f9b1f46a-0e92-5c6c-b266-10dd2021fe9d,b8f68ec1-3905-5b2e-b6f9-5c5de237ad4e,2025-11-01,2025,MOV1_FULL,0.64187266341216298,0.35812733658783702,0.10000000000000001,2387
044f0004-6869-53ad-8b4c-efefc6a43ec8,523d2b8f-54df-5384-a980-8efa9ee913ba,2025-11-08,2025,MOV1_FULL,0.67118728276356665,0.32881271723643335,0.10000000000000001,2387
0ac25b34-5636-58db-8c96-11199d87549a,523d2b8f-54df-5384-a980-8efa9ee913ba,2025-11-08,2025,MOV1_FULL,0.59424221123735066,0.40575778876264934,0.10000000000000001,2387
12fa1f97-33c1-559c-bb5a-4d0562736dba,523d2b8f-54df-5384-a980-8efa9ee913ba,2025-11-08,2025,MOV1_FULL,0.56515105260466869,0.43484894739533131,0.10000000000000001,2387
1a1ba013-b176-5a1e-b908-0d347531868e,523d2b8f-54df-5384-a980-8efa9ee913ba,2025-11-08,2025,MOV1_FULL,0.57097152310644317,0.42902847689355683,0.10000000000000001,2387
25602ffc-9200-5106-a993-4203fbdf43b7,523d2b8f-54df-5384-a980-8efa9ee913ba,2025-11-08,2025,MOV1_FULL,0.32377648477614562,0.67622351522385438,0.10000000000000001,2387
3ae3cc59-6a33-5cca-a15c-6fc60bacca14,523d2b8f-54df-5384-a980-8efa9ee913ba,2025-11-08,2025,MOV1_FULL,0.53688566192568998,0.46311433807431002,0.10000000000000001,2387
599a5f84-6371-5300-827c-195ffc62e12b,523d2b8f-54df-5384-a980-8efa9ee913ba,2025-11-08,2025,MOV1_FULL,0.74809540825568233,0.25190459174431767,0.10000000000000001,2387
5ccc5060-b486-563b-ba6e-0e29ff92b4e2,523d2b8f-54df-5384-a980-8efa9ee913ba,2025-11-08,2025,MOV1_FULL,0.67922273192717042,0.32077726807282958,0.10000000000000001,2387
6088e673-a059-5c16-9ed2-77b2b7ba884f,523d2b8f-54df-5384-a980-8efa9ee913ba,2025-11-08,2025,MOV1_FULL,0.83550816077743817,0.16449183922256183,0.10000000000000001,2387
b43a28df-7fcb-5309-b29e-f02ae5b6d4e0,523d2b8f-54df-5384-a980-8efa9ee913ba,2025-11-08,2025,MOV1_FULL,0.82628439420511435,0.17371560579488565,0.10000000000000001,2387
c3bfcb84-7239-537d-9438-8f284186db4e,523d2b8f-54df-5384-a980-8efa9ee913ba,2025-11-08,2025,MOV1_FULL,0.61395811634117781,0.38604188365882219,0.10000000000000001,2387
e86ef569-1515-507f-8108-b5293ca7c85b,523d2b8f-54df-5384-a980-8efa9ee913ba,2025-11-08,2025,MOV1_FULL,0.88121637068579306,0.11878362931420694,0.10000000000000001,2387
03718be0-bd91-56d6-a60d-f2cea726798a,4362fadf-1a5c-5874-a4ff-d0f6d20bd8c4,2025-11-15,2025,MOV1_FULL,0.76436119516334955,0.23563880483665045,0.10000000000000001,2387
1a9f44d6-74b8-5531-b0ed-c047cef6423e,4362fadf-1a5c-5874-a4ff-d0f6d20bd8c4,2025-11-15,2025,MOV1_FULL,0.40810103891640487,0.59189896108359519,0.10000000000000001,2387
3b18c070-28de-53c7-b26a-3d8d7304781e,4362fadf-1a5c-5874-a4ff-d0f6d20bd8c4,2025-11-15,2025,MOV1_FULL,0.91925828541692167,0.080741714583078328,0.10000000000000001,2387
5fb4eb83-dcd6-5cc0-9443-ecf3cc00fb9c,4362fadf-1a5c-5874-a4ff-d0f6d20bd8c4,2025-11-15,2025,MOV1_FULL,0.52374631987291365,0.47625368012708635,0.10000000000000001,2387
66e7f4eb-ee91-5730-87a4-e95dc4ec30fe,4362fadf-1a5c-5874-a4ff-d0f6d20bd8c4,2025-11-15,2025,MOV1_FULL,0.60948512866877613,0.39051487133122387,0.10000000000000001,2387
68903778-c743-5f33-a9a1-19aa682a113e,4362fadf-1a5c-5874-a4ff-d0f6d20bd8c4,2025-11-15,2025,MOV1_FULL,0.62474129828457436,0.37525870171542564,0.10000000000000001,2387
6ae3a9ae-b6de-54ec-8ef0-ee1f5366477c,4362fadf-1a5c-5874-a4ff-d0f6d20bd8c4,2025-11-15,2025,MOV1_FULL,0.48484595376479384,0.51515404623520622,0.10000000000000001,2387
740c9ea6-12fd-5f60-bf37-3943ac94319d,4362fadf-1a5c-5874-a4ff-d0f6d20bd8c4,2025-11-15,2025,MOV1_FULL,0.77826776533598763,0.22173223466401237,0.10000000000000001,2387
95aa6193-aa31-53e6-b914-3c1e1561e1f5,4362fadf-1a5c-5874-a4ff-d0f6d20bd8c4,2025-11-15,2025,MOV1_FULL,0.41007903330841705,0.589920966691583,0.10000000000000001,2387
99adfcc3-1b29-56b5-8400-853ebf84e643,4362fadf-1a5c-5874-a4ff-d0f6d20bd8c4,2025-11-15,2025,MOV1_FULL,0.47786462272132085,0.5221353772786792,0.10000000000000001,2387
9ea46977-6400-5760-8322-d6a3d06f6984,4362fadf-1a5c-5874-a4ff-d0f6d20bd8c4,2025-11-15,2025,MOV1_FULL,0.40733231197864278,0.59266768802135728,0.10000000000000001,2387
bdf0bdae-afa7-5751-a5e7-3a22bc14edc5,4362fadf-1a5c-5874-a4ff-d0f6d20bd8c4,2025-11-15,2025,MOV1_FULL,0.58766137923521777,0.41233862076478223,0.10000000000000001,2387
c5fee04a-09e9-5c85-842e-b695ad6f22e9,4362fadf-1a5c-5874-a4ff-d0f6d20bd8c4,2025-11-15,2025,MOV1_FULL,0.61227928821425204,0.38772071178574796,0.10000000000000001,2387
eb36d4cf-4a28-5d6f-9652-82374e147a3e,4362fadf-1a5c-5874-a4ff-d0f6d20bd8c4,2025-11-15,2025,MOV1_FULL,0.84618109910232431,0.15381890089767569,0.10000000000000001,2387
0e67f33c-648d-5de8-a525-e33372328b7f,e2e1d1aa-6999-53de-8706-378f44a99e0a,2025-11-22,2025,MOV1_FULL,0.4688242935260728,0.5311757064739272,0.10000000000000001,2387
4ae91910-5780-5421-9a5d-d17ff4870b4c,e2e1d1aa-6999-53de-8706-378f44a99e0a,2025-11-22,2025,MOV1_FULL,0.74053971506934479,0.25946028493065521,0.10000000000000001,2387
65445d14-bda8-5d03-8184-718c0f668f36,e2e1d1aa-6999-53de-8706-378f44a99e0a,2025-11-22,2025,MOV1_FULL,0.77720839240766781,0.22279160759233219,0.10000000000000001,2387
6c67f8ec-87ce-55be-989c-eaccb57f859a,e2e1d1aa-6999-53de-8706-378f44a99e0a,2025-11-22,2025,MOV1_FULL,0.78054598595195979,0.21945401404804021,0.10000000000000001,2387
6e8b57c9-f607-574a-b49a-ff8cf72d3403,e2e1d1aa-6999-53de-8706-378f44a99e0a,2025-11-22,2025,MOV1_FULL,0.76592393147483051,0.23407606852516949,0.10000000000000001,2387
7c1035de-9b32-5a9b-aabe-ad060a646396,e2e1d1aa-6999-53de-8706-378f44a99e0a,2025-11-22,2025,MOV1_FULL,0.59424221123735066,0.40575778876264934,0.10000000000000001,2387
8c25fc07-fc0f-5cac-95e5-74cfe96c99fd,e2e1d1aa-6999-53de-8706-378f44a99e0a,2025-11-22,2025,MOV1_FULL,0.3522596395396812,0.6477403604603188,0.10000000000000001,2387
91551317-83d3-5807-a926-0d314cd749b5,e2e1d1aa-6999-53de-8706-378f44a99e0a,2025-11-22,2025,MOV1_FULL,0.62579022157193387,0.37420977842806613,0.10000000000000001,2387
b34ff758-93bb-5017-bdc8-1f7afe1ad446,e2e1d1aa-6999-53de-8706-378f44a99e0a,2025-11-22,2025,MOV1_FULL,0.37299603121273472,0.62700396878726528,0.10000000000000001,2387
cab9a74c-68cf-5d36-81c2-7df5029afce1,e2e1d1aa-6999-53de-8706-378f44a99e0a,2025-11-22,2025,MOV1_FULL,0.66637090669856658,0.33362909330143342,0.10000000000000001,2387
d6f9bd08-c5da-5495-8a19-86783037e58d,e2e1d1aa-6999-53de-8706-378f44a99e0a,2025-11-22,2025,MOV1_FULL,0.51532733352282645,0.48467266647717355,0.10000000000000001,2387
da4712e7-fcb1-51cd-af73-cd8ea5bbe341,e2e1d1aa-6999-53de-8706-378f44a99e0a,2025-11-22,2025,MOV1_FULL,0.60230718502326663,0.39769281497673337,0.10000000000000001,2387
df17b295-6c51-5024-b55d-6777731ffde3,e2e1d1aa-6999-53de-8706-378f44a99e0a,2025-11-22,2025,MOV1_FULL,0.76272705251989226,0.23727294748010774,0.10000000000000001,2387
f59ed572-1c04-5df3-9a46-2ec30153ebb1,e2e1d1aa-6999-53de-8706-378f44a99e0a,2025-11-22,2025,MOV1_FULL,0.82051159216302061,0.17948840783697939,0.10000000000000001,2387
02130ace-6702-515e-a5b7-a47c4647d220,60cbbda6-a593-5de5-9581-c91a2ea35069,2025-12-06,2025,MOV1_FULL,0.76366862994521034,0.23633137005478966,0.10000000000000001,2387
0d3f84ec-cdd0-5a71-8a5d-22b7da5533fc,60cbbda6-a593-5de5-9581-c91a2ea35069,2025-12-06,2025,MOV1_FULL,0.38661514833193333,0.61338485166806667,0.10000000000000001,2387
1c2e0dd2-7714-5bf1-8298-d9822bfc7255,60cbbda6-a593-5de5-9581-c91a2ea35069,2025-12-06,2025,MOV1_FULL,0.73852840831269095,0.26147159168730905,0.10000000000000001,2387
650197ae-3ec5-540e-9a2b-66325d610e1e,60cbbda6-a593-5de5-9581-c91a2ea35069,2025-12-06,2025,MOV1_FULL,0.81923786046664049,0.18076213953335951,0.10000000000000001,2387
88b176b1-78fe-58ac-a386-10f949a23be0,60cbbda6-a593-5de5-9581-c91a2ea35069,2025-12-06,2025,MOV1_FULL,0.76082631583002103,0.23917368416997897,0.10000000000000001,2387
8f8c6e5f-0074-5849-90e4-45392238fbdd,60cbbda6-a593-5de5-9581-c91a2ea35069,2025-12-06,2025,MOV1_FULL,0.66752038472052355,0.33247961527947645,0.10000000000000001,2387
a2087d57-1a53-5df0-ad59-117d55ab40a7,60cbbda6-a593-5de5-9581-c91a2ea35069,2025-12-06,2025,MOV1_FULL,0.76544858604346755,0.23455141395653245,0.10000000000000001,2387
b25f6ff3-92f6-519c-aeeb-4df992006eff,60cbbda6-a593-5de5-9581-c91a2ea35069,2025-12-06,2025,MOV1_FULL,0.71050535659026259,0.28949464340973741,0.10000000000000001,2387
b4eb2b86-17d6-5d2e-be91-a3a529c09de2,60cbbda6-a593-5de5-9581-c91a2ea35069,2025-12-06,2025,MOV1_FULL,0.57226679310779249,0.42773320689220751,0.10000000000000001,2387
bf001d54-2afc-506a-ba7b-ce68fe90b600,60cbbda6-a593-5de5-9581-c91a2ea35069,2025-12-06,2025,MOV1_FULL,0.6627180362907592,0.3372819637092408,0.10000000000000001,2387
bf9721dd-8823-53e7-960a-936c45d959ae,60cbbda6-a593-5de5-9581-c91a2ea35069,2025-12-06,2025,MOV1_FULL,0.34798616664618115,0.65201383335381879,0.10000000000000001,2387
cdf1fe49-46a1-5fd8-99bc-ff5a682952aa,60cbbda6-a593-5de5-9581-c91a2ea35069,2025-12-06,2025,MOV1_FULL,0.66587039094195033,0.33412960905804967,0.10000000000000001,2387
d6d965cc-3e92-5167-bd6c-3cb884f526e2,60cbbda6-a593-5de5-9581-c91a2ea35069,2025-12-06,2025,MOV1_FULL,0.67635658253823294,0.32364341746176706,0.10000000000000001,2387
f6580212-db16-5534-949c-2e54e289e35e,60cbbda6-a593-5de5-9581-c91a2ea35069,2025-12-06,2025,MOV1_FULL,0.6481881292292283,0.3518118707707717,0.10000000000000001,2387
03b9c6ee-6cbf-5f26-bede-b1f40cca913a,48d2ab68-1f2c-51f3-bf12-9e71cb4b5a0f,2025-12-13,2025,MOV1_FULL,0.83097626849144401,0.16902373150855599,0.10000000000000001,2387
05bec3a2-4304-54f9-89dd-44c909c50eb0,48d2ab68-1f2c-51f3-bf12-9e71cb4b5a0f,2025-12-13,2025,MOV1_FULL,0.65887129034347425,0.34112870965652575,0.10000000000000001,2387
14055f38-1d60-57fd-abcb-c3ed4e0149d7,48d2ab68-1f2c-51f3-bf12-9e71cb4b5a0f,2025-12-13,2025,MOV1_FULL,0.68275607834802798,0.31724392165197202,0.10000000000000001,2387
1af14ef6-e85a-565c-8d78-1f42618318c1,48d2ab68-1f2c-51f3-bf12-9e71cb4b5a0f,2025-12-13,2025,MOV1_FULL,0.59188910279324769,0.40811089720675231,0.10000000000000001,2387
2f7aafde-78de-54f4-8205-fcddb1da000a,48d2ab68-1f2c-51f3-bf12-9e71cb4b5a0f,2025-12-13,2025,MOV1_FULL,0.79696430903769111,0.20303569096230889,0.10000000000000001,2387
37a9e267-0941-509c-9576-9748211b3bef,48d2ab68-1f2c-51f3-bf12-9e71cb4b5a0f,2025-12-13,2025,MOV1_FULL,0.5634808231197681,0.4365191768802319,0.10000000000000001,2387
380824a7-eab3-5d08-b137-3f162d15b971,48d2ab68-1f2c-51f3-bf12-9e71cb4b5a0f,2025-12-13,2025,MOV1_FULL,0.79275440048351464,0.20724559951648536,0.10000000000000001,2387
3a5cd48a-a297-5993-84a6-6ecce6166418,48d2ab68-1f2c-51f3-bf12-9e71cb4b5a0f,2025-12-13,2025,MOV1_FULL,0.58467287825370406,0.41532712174629594,0.10000000000000001,2387
4bb65648-2231-5499-a3dc-c7346ae6d1d4,48d2ab68-1f2c-51f3-bf12-9e71cb4b5a0f,2025-12-13,2025,MOV1_FULL,0.52854720100575459,0.47145279899424541,0.10000000000000001,2387
7523da5d-4497-58b0-8a61-b6dfca757961,48d2ab68-1f2c-51f3-bf12-9e71cb4b5a0f,2025-12-13,2025,MOV1_FULL,0.57044177141332109,0.42955822858667891,0.10000000000000001,2387
7d5bd54a-2e8f-5e8c-96c2-b245dd10f8d6,48d2ab68-1f2c-51f3-bf12-9e71cb4b5a0f,2025-12-13,2025,MOV1_FULL,0.75185342809929101,0.24814657190070899,0.10000000000000001,2387
8e8683c1-a098-5af0-8b8f-b71d0735cfc3,48d2ab68-1f2c-51f3-bf12-9e71cb4b5a0f,2025-12-13,2025,MOV1_FULL,0.59424221123735066,0.40575778876264934,0.10000000000000001,2387
20fca119-ddfe-597a-80ee-7fda03a1f6bf,c51d1d9f-bdb6-5901-8cb1-c8633b20f8c4,2026-01-24,2026,MOV1_FULL,0.78174044862315206,0.21825955137684794,0.029999999999999999,2639
21c1d8dc-8f76-5957-b1c5-87a969fb0794,c51d1d9f-bdb6-5901-8cb1-c8633b20f8c4,2026-01-24,2026,MOV1_FULL,0.69774370963537302,0.30225629036462698,0.029999999999999999,2639
42674e7e-efe4-59bc-b017-b4473fb203ba,c51d1d9f-bdb6-5901-8cb1-c8633b20f8c4,2026-01-24,2026,MOV1_FULL,0.54790958093855857,0.45209041906144143,0.029999999999999999,2639
5575ff8c-ab5e-55ed-8b09-2c47b6a39daa,c51d1d9f-bdb6-5901-8cb1-c8633b20f8c4,2026-01-24,2026,MOV1_FULL,0.86121289672529966,0.13878710327470034,0.029999999999999999,2639
5c9e28a3-3b6c-5cf8-bd74-48be7710cae6,c51d1d9f-bdb6-5901-8cb1-c8633b20f8c4,2026-01-24,2026,MOV1_FULL,0.76865413414281625,0.23134586585718375,0.029999999999999999,2639
72677782-6338-51f2-bc73-0bea8595b6b6,c51d1d9f-bdb6-5901-8cb1-c8633b20f8c4,2026-01-24,2026,MOV1_FULL,0.62128319996133141,0.37871680003866859,0.029999999999999999,2639
794d449c-4cff-5f51-ac63-4989d2157ede,c51d1d9f-bdb6-5901-8cb1-c8633b20f8c4,2026-01-24,2026,MOV1_FULL,0.84951414944720194,0.15048585055279806,0.029999999999999999,2639
7c19cd63-9b21-5781-a183-255f562441f1,c51d1d9f-bdb6-5901-8cb1-c8633b20f8c4,2026-01-24,2026,MOV1_FULL,0.64579670202467676,0.35420329797532324,0.029999999999999999,2639
8e84496a-4781-5ad0-adff-04e1511b52a1,c51d1d9f-bdb6-5901-8cb1-c8633b20f8c4,2026-01-24,2026,MOV1_FULL,0.73208071891966731,0.26791928108033269,0.029999999999999999,2639
b3699d0c-7728-56b2-8889-66352418d62f,c51d1d9f-bdb6-5901-8cb1-c8633b20f8c4,2026-01-24,2026,MOV1_FULL,0.84006050597379811,0.15993949402620189,0.029999999999999999,2639
267f40be-f2fb-564d-b4ca-ec9df8a0f865,603a8463-1406-512a-9e46-0c71623ed5d3,2026-01-31,2026,MOV1_FULL,0.66137121938017007,0.33862878061982993,0.029999999999999999,2639
4bf5fd9f-365e-5f67-a3ef-06a81ef19ef3,603a8463-1406-512a-9e46-0c71623ed5d3,2026-01-31,2026,MOV1_FULL,0.58119170237129036,0.41880829762870964,0.029999999999999999,2639
6451ba15-9d8e-5110-b298-b88e4110bb2d,603a8463-1406-512a-9e46-0c71623ed5d3,2026-01-31,2026,MOV1_FULL,0.5724901134552387,0.4275098865447613,0.029999999999999999,2639
7fb05221-d7a0-558d-89bf-bb9fcab900c3,603a8463-1406-512a-9e46-0c71623ed5d3,2026-01-31,2026,MOV1_FULL,0.838941824560265,0.161058175439735,0.029999999999999999,2639
a13431f5-3fa0-57fe-a316-e364502035e7,603a8463-1406-512a-9e46-0c71623ed5d3,2026-01-31,2026,MOV1_FULL,0.69401283735689701,0.30598716264310299,0.029999999999999999,2639
b47f3df3-8156-5adc-b209-0656f92e2a3b,603a8463-1406-512a-9e46-0c71623ed5d3,2026-01-31,2026,MOV1_FULL,0.92643475163466382,0.073565248365336178,0.029999999999999999,2639
b8502d13-5636-5627-987e-4397ddeb1e73,603a8463-1406-512a-9e46-0c71623ed5d3,2026-01-31,2026,MOV1_FULL,0.74383293455113675,0.25616706544886325,0.029999999999999999,2639
c053cf67-b1db-5be5-add0-9c38e20e0bec,603a8463-1406-512a-9e46-0c71623ed5d3,2026-01-31,2026,MOV1_FULL,0.54757154742625191,0.45242845257374809,0.029999999999999999,2639
d07bbafa-e9bf-560d-9cf3-97eeddfbc6ff,603a8463-1406-512a-9e46-0c71623ed5d3,2026-01-31,2026,MOV1_FULL,0.61866978789590643,0.38133021210409357,0.029999999999999999,2639
d4194532-8eaf-51b8-9fb9-5acb410149eb,603a8463-1406-512a-9e46-0c71623ed5d3,2026-01-31,2026,MOV1_FULL,0.63240165315904751,0.36759834684095249,0.029999999999999999,2639
e14ebf7e-b492-572f-870e-507d8a1cd9d8,603a8463-1406-512a-9e46-0c71623ed5d3,2026-01-31,2026,MOV1_FULL,0.66130638211350468,0.33869361788649532,0.029999999999999999,2639
e29336f3-8d3d-5d44-a8b5-5fdbdd28667d,603a8463-1406-512a-9e46-0c71623ed5d3,2026-01-31,2026,MOV1_FULL,0.81856273312431571,0.18143726687568429,0.029999999999999999,2639
f0e89498-c3f5-5c91-923c-a009bf55eeac,603a8463-1406-512a-9e46-0c71623ed5d3,2026-01-31,2026,MOV1_FULL,0.85627990367970286,0.14372009632029714,0.029999999999999999,2639
06f30979-e914-519f-bf9a-94709428c3b6,03b5cba7-b05b-5fe8-b1a8-47ecb531b52c,2026-02-07,2026,MOV1_FULL,0.53812117956894701,0.46187882043105299,0.029999999999999999,2639
1a71d7cd-c367-54d6-9fa0-c3d17555baf0,03b5cba7-b05b-5fe8-b1a8-47ecb531b52c,2026-02-07,2026,MOV1_FULL,0.82265393005331777,0.17734606994668223,0.029999999999999999,2639
334e4747-c92e-5ee8-a51e-c493776a236b,03b5cba7-b05b-5fe8-b1a8-47ecb531b52c,2026-02-07,2026,MOV1_FULL,0.62979199907884098,0.37020800092115902,0.029999999999999999,2639
3674f25e-758a-5530-936a-319623b74e10,03b5cba7-b05b-5fe8-b1a8-47ecb531b52c,2026-02-07,2026,MOV1_FULL,0.49832305246132547,0.50167694753867453,0.029999999999999999,2639
3ffba9c4-a6d4-5f92-b02f-b12851de9cb0,03b5cba7-b05b-5fe8-b1a8-47ecb531b52c,2026-02-07,2026,MOV1_FULL,0.68605154754575126,0.31394845245424874,0.029999999999999999,2639
47a1c2c6-ff69-59d4-a5eb-3e5415056d94,03b5cba7-b05b-5fe8-b1a8-47ecb531b52c,2026-02-07,2026,MOV1_FULL,0.7171773918872979,0.2828226081127021,0.029999999999999999,2639
53e2457c-bd84-5486-8888-14346973fe49,03b5cba7-b05b-5fe8-b1a8-47ecb531b52c,2026-02-07,2026,MOV1_FULL,0.64782733497842904,0.35217266502157096,0.029999999999999999,2639
79b5852e-1430-5aef-b387-b10ab69f2ba5,03b5cba7-b05b-5fe8-b1a8-47ecb531b52c,2026-02-07,2026,MOV1_FULL,0.81530276058241513,0.18469723941758487,0.029999999999999999,2639
7c174d5b-6107-5c2a-a6a7-055edf8661bf,03b5cba7-b05b-5fe8-b1a8-47ecb531b52c,2026-02-07,2026,MOV1_FULL,0.46843821590630408,0.53156178409369592,0.029999999999999999,2639
7c52cf88-69b9-5b33-b7a6-1edc019c0001,03b5cba7-b05b-5fe8-b1a8-47ecb531b52c,2026-02-07,2026,MOV1_FULL,0.44305809679549996,0.55694190320449999,0.029999999999999999,2639
7f013014-87ba-5c28-9457-cd55c88ea0bf,03b5cba7-b05b-5fe8-b1a8-47ecb531b52c,2026-02-07,2026,MOV1_FULL,0.75043576304181259,0.24956423695818741,0.029999999999999999,2639
7f4ff0ea-fe5c-5a77-a650-482ed23e08ac,03b5cba7-b05b-5fe8-b1a8-47ecb531b52c,2026-02-07,2026,MOV1_FULL,0.64318007507559949,0.35681992492440051,0.029999999999999999,2639
d5f5d994-b649-5038-95a8-64ae6999e91b,03b5cba7-b05b-5fe8-b1a8-47ecb531b52c,2026-02-07,2026,MOV1_FULL,0.61804433888368238,0.38195566111631762,0.029999999999999999,2639
0b91c453-3eda-539c-a5cd-6ffee1e92d86,ba6bb3ae-b2f2-5365-ac8a-0afd2dbbeef8,2026-02-21,2026,MOV1_FULL,0.60236223074724415,0.39763776925275585,0.029999999999999999,2639
2c8fede8-52a2-5585-9771-b7fdb97598c3,ba6bb3ae-b2f2-5365-ac8a-0afd2dbbeef8,2026-02-21,2026,MOV1_FULL,0.83991282127208833,0.16008717872791167,0.029999999999999999,2639
2cf42240-a3f1-5f04-91d0-157a47cf133b,ba6bb3ae-b2f2-5365-ac8a-0afd2dbbeef8,2026-02-21,2026,MOV1_FULL,0.72866043954270421,0.27133956045729579,0.029999999999999999,2639
330edf48-5389-52d7-bd67-b45a0bb1fadc,ba6bb3ae-b2f2-5365-ac8a-0afd2dbbeef8,2026-02-21,2026,MOV1_FULL,0.63070588223340507,0.36929411776659493,0.029999999999999999,2639
336d35ce-e179-5c94-a3b1-6d5ac111922b,ba6bb3ae-b2f2-5365-ac8a-0afd2dbbeef8,2026-02-21,2026,MOV1_FULL,0.58806499046686811,0.41193500953313189,0.029999999999999999,2639
357cbed4-97ca-5521-af8f-cf00146ba836,ba6bb3ae-b2f2-5365-ac8a-0afd2dbbeef8,2026-02-21,2026,MOV1_FULL,0.73737632883562465,0.26262367116437535,0.029999999999999999,2639
508505b6-d755-57e0-a7eb-4acfb38c3b4a,ba6bb3ae-b2f2-5365-ac8a-0afd2dbbeef8,2026-02-21,2026,MOV1_FULL,0.5469808135305837,0.4530191864694163,0.029999999999999999,2639
5c427290-cbb0-53bc-b768-d9ca74c26d9b,ba6bb3ae-b2f2-5365-ac8a-0afd2dbbeef8,2026-02-21,2026,MOV1_FULL,0.18559216343327845,0.81440783656672155,0.029999999999999999,2639
754a0240-80f1-544b-a324-2cc0dfc9f283,ba6bb3ae-b2f2-5365-ac8a-0afd2dbbeef8,2026-02-21,2026,MOV1_FULL,0.53488828427746404,0.46511171572253596,0.029999999999999999,2639
7d03ebe4-466f-5514-9ba1-957121ffd358,ba6bb3ae-b2f2-5365-ac8a-0afd2dbbeef8,2026-02-21,2026,MOV1_FULL,0.72529568988517434,0.27470431011482566,0.029999999999999999,2639
7f3a7af6-65b3-5e09-b8d1-0b7001a8090e,ba6bb3ae-b2f2-5365-ac8a-0afd2dbbeef8,2026-02-21,2026,MOV1_FULL,0.6205091730852561,0.3794908269147439,0.029999999999999999,2639
a036c56a-961d-53e9-98ad-685c98598a57,ba6bb3ae-b2f2-5365-ac8a-0afd2dbbeef8,2026-02-21,2026,MOV1_FULL,0.90142251951315,0.09857748048685,0.029999999999999999,2639
a9a94914-944f-5d20-87af-681256304c16,ba6bb3ae-b2f2-5365-ac8a-0afd2dbbeef8,2026-02-21,2026,MOV1_FULL,0.63083429798024815,0.36916570201975185,0.029999999999999999,2639
c64d3f93-43f7-5a19-b6ae-4e73fe0b455e,ba6bb3ae-b2f2-5365-ac8a-0afd2dbbeef8,2026-02-21,2026,MOV1_FULL,0.42029176986754413,0.57970823013245587,0.029999999999999999,2639
0cbba3d4-d463-5ed3-a59d-8a47eb9fa1ed,d3178413-813d-533c-b732-08509147e61d,2026-02-28,2026,MOV1_FULL,0.6426922649833039,0.3573077350166961,0.029999999999999999,2639
0e2cdb02-86b5-56e1-901c-09554acc60aa,d3178413-813d-533c-b732-08509147e61d,2026-02-28,2026,MOV1_FULL,0.75155042553031681,0.24844957446968319,0.029999999999999999,2639
18814551-9737-5477-8c4b-f586b105f222,d3178413-813d-533c-b732-08509147e61d,2026-02-28,2026,MOV1_FULL,0.40315428725230484,0.59684571274769516,0.029999999999999999,2639
225ce81b-760e-5ae9-ab17-144806ee732f,d3178413-813d-533c-b732-08509147e61d,2026-02-28,2026,MOV1_FULL,0.80240251438736787,0.19759748561263213,0.029999999999999999,2639
228a3fcd-dd71-5946-979b-57fb79805a49,d3178413-813d-533c-b732-08509147e61d,2026-02-28,2026,MOV1_FULL,0.66116846100955928,0.33883153899044072,0.029999999999999999,2639
30b3388a-e681-5b81-a963-8b130fc54f9f,d3178413-813d-533c-b732-08509147e61d,2026-02-28,2026,MOV1_FULL,0.83181849849112044,0.16818150150887956,0.029999999999999999,2639
332a4412-a617-5806-af88-269e78063e7f,d3178413-813d-533c-b732-08509147e61d,2026-02-28,2026,MOV1_FULL,0.72088137259192875,0.27911862740807125,0.029999999999999999,2639
692179b3-3fcd-5118-b14e-4db5b41cc974,d3178413-813d-533c-b732-08509147e61d,2026-02-28,2026,MOV1_FULL,0.63461425126442861,0.36538574873557139,0.029999999999999999,2639
bb8bdc10-1e99-5755-a27c-dcdba2072825,d3178413-813d-533c-b732-08509147e61d,2026-02-28,2026,MOV1_FULL,0.64915601088579955,0.35084398911420045,0.029999999999999999,2639
bcd93fce-02a5-5bdb-9818-7cab7a7e0203,d3178413-813d-533c-b732-08509147e61d,2026-02-28,2026,MOV1_FULL,0.6630116811041622,0.3369883188958378,0.029999999999999999,2639
e1d93731-6e9f-5729-89f4-8e2cc328a609,d3178413-813d-533c-b732-08509147e61d,2026-02-28,2026,MOV1_FULL,0.69887627186522583,0.30112372813477417,0.029999999999999999,2639
f2ee4a08-968f-512f-8bb4-249a83c7b98e,d3178413-813d-533c-b732-08509147e61d,2026-02-28,2026,MOV1_FULL,0.34551709804828301,0.65448290195171699,0.029999999999999999,2639
fb341be5-9311-52ed-8011-a49a5db9a00a,d3178413-813d-533c-b732-08509147e61d,2026-02-28,2026,MOV1_FULL,0.78562193106230183,0.21437806893769817,0.029999999999999999,2639
15ababbc-0cb7-5f01-b218-e40e488cb31b,0bd8e47f-1e27-5644-a6d5-ed22d15d42a5,2026-03-07,2026,MOV1_FULL,0.44370713326290973,0.55629286673709033,0.029999999999999999,2639
2f0cc7ff-f6cd-5da8-87e9-a227c88c93ef,0bd8e47f-1e27-5644-a6d5-ed22d15d42a5,2026-03-07,2026,MOV1_FULL,0.64915764352402283,0.35084235647597717,0.029999999999999999,2639
36703b37-b55d-570d-809d-421a32b79ab9,0bd8e47f-1e27-5644-a6d5-ed22d15d42a5,2026-03-07,2026,MOV1_FULL,0.74569498720625205,0.25430501279374795,0.029999999999999999,2639
37852942-b3e9-59dc-bbff-dcc7f473b8a2,0bd8e47f-1e27-5644-a6d5-ed22d15d42a5,2026-03-07,2026,MOV1_FULL,0.83677440515875967,0.16322559484124033,0.029999999999999999,2639
604d5012-18f8-5401-9c89-b689f92669a9,0bd8e47f-1e27-5644-a6d5-ed22d15d42a5,2026-03-07,2026,MOV1_FULL,0.66404425537904754,0.33595574462095246,0.029999999999999999,2639
7f08d368-90b5-5e3e-b16c-6afcc7f9b320,0bd8e47f-1e27-5644-a6d5-ed22d15d42a5,2026-03-07,2026,MOV1_FULL,0.80346422480774093,0.19653577519225907,0.029999999999999999,2639
8efb70c0-92b3-51cb-87c1-e65b57924208,0bd8e47f-1e27-5644-a6d5-ed22d15d42a5,2026-03-07,2026,MOV1_FULL,0.53207609213776008,0.46792390786223992,0.029999999999999999,2639
9f0e21f0-089f-5d38-8019-303033df8945,0bd8e47f-1e27-5644-a6d5-ed22d15d42a5,2026-03-07,2026,MOV1_FULL,0.53823324353814739,0.46176675646185261,0.029999999999999999,2639
bd6c581a-d4e8-56ed-a7e2-f662b65c5e9c,0bd8e47f-1e27-5644-a6d5-ed22d15d42a5,2026-03-07,2026,MOV1_FULL,0.49697193565904674,0.50302806434095326,0.029999999999999999,2639
daacf4cb-9c51-57a9-9314-14bb79cfb5be,0bd8e47f-1e27-5644-a6d5-ed22d15d42a5,2026-03-07,2026,MOV1_FULL,0.69011685431400271,0.30988314568599729,0.029999999999999999,2639
dfd5d040-088d-5933-be77-c1249ae24896,0bd8e47f-1e27-5644-a6d5-ed22d15d42a5,2026-03-07,2026,MOV1_FULL,0.65241976116284905,0.34758023883715095,0.029999999999999999,2639
fa43ef50-ab3e-50c6-85cb-b2e58f0fe792,0bd8e47f-1e27-5644-a6d5-ed22d15d42a5,2026-03-07,2026,MOV1_FULL,0.89853893297480536,0.10146106702519464,0.029999999999999999,2639
00e70722-4542-523e-8f29-d5be78a4eea9,4f948b2d-0be0-5b4f-bdb1-81dc9905fc33,2026-03-14,2026,MOV1_FULL,0.78880495516386429,0.21119504483613571,0.029999999999999999,2639
1daa26b7-8e89-59a0-b428-aedd7a0ca372,4f948b2d-0be0-5b4f-bdb1-81dc9905fc33,2026-03-14,2026,MOV1_FULL,0.38525875925480474,0.61474124074519532,0.029999999999999999,2639
1eacd5ca-56e2-5f23-869a-fee3a61fca62,4f948b2d-0be0-5b4f-bdb1-81dc9905fc33,2026-03-14,2026,MOV1_FULL,0.87544158527177884,0.12455841472822116,0.029999999999999999,2639
2d27dd06-5e01-5b3e-88e5-4409dffaec38,4f948b2d-0be0-5b4f-bdb1-81dc9905fc33,2026-03-14,2026,MOV1_FULL,0.31860127646989966,0.68139872353010034,0.029999999999999999,2639
336c9915-992e-5fcf-99f9-d60614e6cc46,4f948b2d-0be0-5b4f-bdb1-81dc9905fc33,2026-03-14,2026,MOV1_FULL,0.59762559863934939,0.40237440136065061,0.029999999999999999,2639
48d801c7-407b-524a-b014-e8c1fd1c3c6c,4f948b2d-0be0-5b4f-bdb1-81dc9905fc33,2026-03-14,2026,MOV1_FULL,0.8253901401751027,0.1746098598248973,0.029999999999999999,2639
5af6ee7a-107a-50e6-9353-6e49a026f2b5,4f948b2d-0be0-5b4f-bdb1-81dc9905fc33,2026-03-14,2026,MOV1_FULL,0.64493302588628276,0.35506697411371724,0.029999999999999999,2639
80c83eed-1681-5b91-89df-7630b14f5d6b,4f948b2d-0be0-5b4f-bdb1-81dc9905fc33,2026-03-14,2026,MOV1_FULL,0.83743634633569808,0.16256365366430192,0.029999999999999999,2639
87ad5a77-047b-57aa-90b1-a29c4c9192fa,4f948b2d-0be0-5b4f-bdb1-81dc9905fc33,2026-03-14,2026,MOV1_FULL,0.79132888781836552,0.20867111218163448,0.029999999999999999,2639
a4b67ffa-ce7c-5962-babf-6f1e070c8091,4f948b2d-0be0-5b4f-bdb1-81dc9905fc33,2026-03-14,2026,MOV1_FULL,0.71188181527150185,0.28811818472849815,0.029999999999999999,2639
affd76ec-b84f-55b4-a98b-450cec38db8c,4f948b2d-0be0-5b4f-bdb1-81dc9905fc33,2026-03-14,2026,MOV1_FULL,0.66372261706442004,0.33627738293557996,0.029999999999999999,2639
bece9cd8-1630-501b-93d5-1c4debb2e14e,4f948b2d-0be0-5b4f-bdb1-81dc9905fc33,2026-03-14,2026,MOV1_FULL,0.4329572746182237,0.56704272538177625,0.029999999999999999,2639
f5222bb3-037d-5be8-84e1-89f93f6a50ce,4f948b2d-0be0-5b4f-bdb1-81dc9905fc33,2026-03-14,2026,MOV1_FULL,0.55291192379892573,0.44708807620107427,0.029999999999999999,2639
2aa97ae8-fe58-5f1e-8e2f-0123518d703f,89d069d4-4564-59aa-acc7-f82c93dd1293,2026-03-21,2026,MOV1_FULL,0.54025577461671992,0.45974422538328008,0.029999999999999999,2639
2b8a9a35-e94f-569d-b841-f69862ce5de2,89d069d4-4564-59aa-acc7-f82c93dd1293,2026-03-21,2026,MOV1_FULL,0.80368380673748807,0.19631619326251193,0.029999999999999999,2639
3db65f67-a782-5bdb-a849-f40b05a728bb,89d069d4-4564-59aa-acc7-f82c93dd1293,2026-03-21,2026,MOV1_FULL,0.6576551048832997,0.3423448951167003,0.029999999999999999,2639
6558f3c3-70e2-5968-964f-211230c64e24,89d069d4-4564-59aa-acc7-f82c93dd1293,2026-03-21,2026,MOV1_FULL,0.61185870537879827,0.38814129462120173,0.029999999999999999,2639
6740e6d0-ebbc-584d-87d0-447a2a575d02,89d069d4-4564-59aa-acc7-f82c93dd1293,2026-03-21,2026,MOV1_FULL,0.52063802668143067,0.47936197331856933,0.029999999999999999,2639
68f96e6c-d568-5f6b-81d8-9dcec7e047ff,89d069d4-4564-59aa-acc7-f82c93dd1293,2026-03-21,2026,MOV1_FULL,0.88450058760139993,0.11549941239860007,0.029999999999999999,2639
881f6723-3564-5351-8343-989eb30a9bac,89d069d4-4564-59aa-acc7-f82c93dd1293,2026-03-21,2026,MOV1_FULL,0.85139890623885328,0.14860109376114672,0.029999999999999999,2639
8b6f936e-4e38-52a0-a082-6988c2163b72,89d069d4-4564-59aa-acc7-f82c93dd1293,2026-03-21,2026,MOV1_FULL,0.7755277703561525,0.2244722296438475,0.029999999999999999,2639
91741d34-62a7-5355-b14b-44869046cbad,89d069d4-4564-59aa-acc7-f82c93dd1293,2026-03-21,2026,MOV1_FULL,0.82311679513747837,0.17688320486252163,0.029999999999999999,2639
9d6c2cd5-3bac-5ca6-90b3-424607e2e213,89d069d4-4564-59aa-acc7-f82c93dd1293,2026-03-21,2026,MOV1_FULL,0.73491119492023527,0.26508880507976473,0.029999999999999999,2639
ab5a14eb-d5dc-5694-87d8-8adcb291ebdd,89d069d4-4564-59aa-acc7-f82c93dd1293,2026-03-21,2026,MOV1_FULL,0.60227419056640674,0.39772580943359326,0.029999999999999999,2639
d23796a8-5c9e-5dbb-9156-0bb3017fe9c6,89d069d4-4564-59aa-acc7-f82c93dd1293,2026-03-21,2026,MOV1_FULL,0.66333010269111836,0.33666989730888164,0.029999999999999999,2639
eec72aee-4cea-58fc-996b-dbe134e525b3,89d069d4-4564-59aa-acc7-f82c93dd1293,2026-03-21,2026,MOV1_FULL,0.60947702895296696,0.39052297104703304,0.029999999999999999,2639
20d5970c-779d-5247-be66-2f5ff03bb2c7,e7f7a52c-eb5a-5430-ba0e-520cdd6e19fb,2026-03-28,2026,MOV1_FULL,0.78612585873759389,0.21387414126240611,0.029999999999999999,2639
34380a73-9d7a-52b7-926e-67045de53690,e7f7a52c-eb5a-5430-ba0e-520cdd6e19fb,2026-03-28,2026,MOV1_FULL,0.42484428625878712,0.57515571374121288,0.029999999999999999,2639
35843ee5-e80c-5c40-955e-447a0394aecb,e7f7a52c-eb5a-5430-ba0e-520cdd6e19fb,2026-03-28,2026,MOV1_FULL,0.6704003155651449,0.3295996844348551,0.029999999999999999,2639
3e8cbca3-09c6-508d-9f71-8c64ef06e8d2,e7f7a52c-eb5a-5430-ba0e-520cdd6e19fb,2026-03-28,2026,MOV1_FULL,0.68785457542945916,0.31214542457054084,0.029999999999999999,2639
51e1446f-6bac-5638-bb25-ac40fadcf112,e7f7a52c-eb5a-5430-ba0e-520cdd6e19fb,2026-03-28,2026,MOV1_FULL,0.47028111860713151,0.52971888139286849,0.029999999999999999,2639
5ea46621-6dfe-5b86-a1fc-f148275bbbf5,e7f7a52c-eb5a-5430-ba0e-520cdd6e19fb,2026-03-28,2026,MOV1_FULL,0.75661179189976657,0.24338820810023343,0.029999999999999999,2639
6aec0419-337e-5139-bfa6-35102de58e47,e7f7a52c-eb5a-5430-ba0e-520cdd6e19fb,2026-03-28,2026,MOV1_FULL,0.42784458072755871,0.57215541927244129,0.029999999999999999,2639
85575dc5-6810-5138-b66f-9cf7888f6d14,e7f7a52c-eb5a-5430-ba0e-520cdd6e19fb,2026-03-28,2026,MOV1_FULL,0.57386135962125429,0.42613864037874571,0.029999999999999999,2639
a1f02e03-3d30-5911-a51b-d92a6145d6c7,e7f7a52c-eb5a-5430-ba0e-520cdd6e19fb,2026-03-28,2026,MOV1_FULL,0.83123798180003283,0.16876201819996717,0.029999999999999999,2639
bb9943fd-722e-5e1a-a158-470d605acb87,e7f7a52c-eb5a-5430-ba0e-520cdd6e19fb,2026-03-28,2026,MOV1_FULL,0.47406139151010113,0.52593860848989893,0.029999999999999999,2639
e1876dae-1dc6-597e-973d-7c552fa9cf23,e7f7a52c-eb5a-5430-ba0e-520cdd6e19fb,2026-03-28,2026,MOV1_FULL,0.79129921737148079,0.20870078262851921,0.029999999999999999,2639
f03faa6a-cbbe-53df-84f6-d7eb51ef51df,e7f7a52c-eb5a-5430-ba0e-520cdd6e19fb,2026-03-28,2026,MOV1_FULL,0.68563495269917718,0.31436504730082282,0.029999999999999999,2639
f2708a93-c661-5897-a257-183aed285148,e7f7a52c-eb5a-5430-ba0e-520cdd6e19fb,2026-03-28,2026,MOV1_FULL,0.8621843640566027,0.1378156359433973,0.029999999999999999,2639
0f4d122e-63c7-5db9-8938-7f56662f2ac8,9338abff-77fb-5a54-b05e-7985874af967,2026-04-04,2026,MOV1_FULL,0.48236732611022221,0.51763267388977785,0.029999999999999999,2639
21567e06-a2d3-5c0e-82f6-338876c620d3,9338abff-77fb-5a54-b05e-7985874af967,2026-04-04,2026,MOV1_FULL,0.6609032427430831,0.3390967572569169,0.029999999999999999,2639
5342d9fc-3118-5c55-a629-4c29f834f1e4,9338abff-77fb-5a54-b05e-7985874af967,2026-04-04,2026,MOV1_FULL,0.70523127200031088,0.29476872799968912,0.029999999999999999,2639
5b8eef57-be99-51f1-9792-a7fdc31ddc03,9338abff-77fb-5a54-b05e-7985874af967,2026-04-04,2026,MOV1_FULL,0.58668714550530177,0.41331285449469823,0.029999999999999999,2639
6e17dd49-b717-5ab1-96d7-ac5dbefc5bd6,9338abff-77fb-5a54-b05e-7985874af967,2026-04-04,2026,MOV1_FULL,0.60609626039322329,0.39390373960677671,0.029999999999999999,2639
7e5d3a2f-b945-56f1-8b9f-6aab94a414a7,9338abff-77fb-5a54-b05e-7985874af967,2026-04-04,2026,MOV1_FULL,0.51682385927595276,0.48317614072404724,0.029999999999999999,2639
a0aa35ed-9c17-5909-b4cf-e53ac1c9414c,9338abff-77fb-5a54-b05e-7985874af967,2026-04-04,2026,MOV1_FULL,0.52335365655074007,0.47664634344925993,0.029999999999999999,2639
a5523942-107e-52b8-a6ea-9a9bd26ff7c6,9338abff-77fb-5a54-b05e-7985874af967,2026-04-04,2026,MOV1_FULL,0.81765603114774743,0.18234396885225257,0.029999999999999999,2639
bc1d0f1f-b1f2-527d-b1e7-cd9cd4a4d31f,9338abff-77fb-5a54-b05e-7985874af967,2026-04-04,2026,MOV1_FULL,0.41523634721258679,0.58476365278741316,0.029999999999999999,2639
be1cd88c-88ce-58d8-a38a-2651c265b3af,9338abff-77fb-5a54-b05e-7985874af967,2026-04-04,2026,MOV1_FULL,0.66027229295055845,0.33972770704944155,0.029999999999999999,2639
c1b04869-2d26-537c-9dd7-6d72b392f872,9338abff-77fb-5a54-b05e-7985874af967,2026-04-04,2026,MOV1_FULL,0.70559790917401644,0.29440209082598356,0.029999999999999999,2639
d453f0b1-5ecd-5e53-a0df-b8b83d10ede1,9338abff-77fb-5a54-b05e-7985874af967,2026-04-04,2026,MOV1_FULL,0.63240165315904751,0.36759834684095249,0.029999999999999999,2639
ecce2aa7-4bb3-5ebb-b18c-23aa41eaba8c,9338abff-77fb-5a54-b05e-7985874af967,2026-04-04,2026,MOV1_FULL,0.67654281115682213,0.32345718884317787,0.029999999999999999,2639
0ac06e9b-0a97-59aa-9a5b-5155f3511f08,9030b80b-cad0-50f4-97b7-3a70ed06d51c,2026-04-11,2026,MOV1_FULL,0.74639017056243695,0.25360982943756305,0.029999999999999999,2639
21d8a26c-89c9-5d94-830c-49c8b2547cc5,9030b80b-cad0-50f4-97b7-3a70ed06d51c,2026-04-11,2026,MOV1_FULL,0.8895857241296129,0.1104142758703871,0.029999999999999999,2639
34720358-f3eb-53e1-bcbf-c1da99a05235,9030b80b-cad0-50f4-97b7-3a70ed06d51c,2026-04-11,2026,MOV1_FULL,0.59712059785999561,0.40287940214000439,0.029999999999999999,2639
3e48fd1e-111e-558a-9534-2f91cd85fe28,9030b80b-cad0-50f4-97b7-3a70ed06d51c,2026-04-11,2026,MOV1_FULL,0.31422781704304925,0.68577218295695075,0.029999999999999999,2639
54f26efa-01b6-5c0b-97ac-da1ec2f4b2ac,9030b80b-cad0-50f4-97b7-3a70ed06d51c,2026-04-11,2026,MOV1_FULL,0.88371136517990156,0.11628863482009844,0.029999999999999999,2639
5e5e936c-b9b1-52bd-a774-984aa0be7153,9030b80b-cad0-50f4-97b7-3a70ed06d51c,2026-04-11,2026,MOV1_FULL,0.80414643452662593,0.19585356547337407,0.029999999999999999,2639
69a434a4-7335-5db1-b2fd-5e7b744b29ae,9030b80b-cad0-50f4-97b7-3a70ed06d51c,2026-04-11,2026,MOV1_FULL,0.78756210799758031,0.21243789200241969,0.029999999999999999,2639
78b156df-7d42-578c-a0e9-c55751f8e591,9030b80b-cad0-50f4-97b7-3a70ed06d51c,2026-04-11,2026,MOV1_FULL,0.6718305654365353,0.3281694345634647,0.029999999999999999,2639
b39b20d4-c76b-519a-8876-4876000c208b,9030b80b-cad0-50f4-97b7-3a70ed06d51c,2026-04-11,2026,MOV1_FULL,0.85411115210052313,0.14588884789947687,0.029999999999999999,2639
b6029201-a506-5bdc-bfda-bd99d08537ec,9030b80b-cad0-50f4-97b7-3a70ed06d51c,2026-04-11,2026,MOV1_FULL,0.78339564185811306,0.21660435814188694,0.029999999999999999,2639
bbd77e52-f262-5695-89b5-e28a38a3dba1,9030b80b-cad0-50f4-97b7-3a70ed06d51c,2026-04-11,2026,MOV1_FULL,0.69241021844211681,0.30758978155788319,0.029999999999999999,2639
d3bfcaf9-0ea3-5bdf-8204-6912f096285b,9030b80b-cad0-50f4-97b7-3a70ed06d51c,2026-04-11,2026,MOV1_FULL,0.90254652981948291,0.097453470180517088,0.029999999999999999,2639
0338fc56-ebdf-5a4f-b733-b778fb8b473a,ed990ebf-6452-502d-be7d-a4a35998aef0,2026-04-18,2026,MOV1_FULL,0.76090919866298801,0.23909080133701199,0.029999999999999999,2639
084d0527-4399-51dc-9d7e-5ca6002ef82f,ed990ebf-6452-502d-be7d-a4a35998aef0,2026-04-18,2026,MOV1_FULL,0.68869121151642143,0.31130878848357857,0.029999999999999999,2639
1a25a7a1-06e0-5a3e-b799-b38893120813,ed990ebf-6452-502d-be7d-a4a35998aef0,2026-04-18,2026,MOV1_FULL,0.6919730167099778,0.3080269832900222,0.029999999999999999,2639
28835089-f502-5ffe-b76e-2d78c8da461b,ed990ebf-6452-502d-be7d-a4a35998aef0,2026-04-18,2026,MOV1_FULL,0.58613664750448335,0.41386335249551665,0.029999999999999999,2639
2edc5e6f-2bf6-55e4-9239-84dd9f6ba796,ed990ebf-6452-502d-be7d-a4a35998aef0,2026-04-18,2026,MOV1_FULL,0.69987531650315937,0.30012468349684063,0.029999999999999999,2639
69a73d12-b027-561e-a560-95413fff5887,ed990ebf-6452-502d-be7d-a4a35998aef0,2026-04-18,2026,MOV1_FULL,0.28308005297895245,0.71691994702104755,0.029999999999999999,2639
707e3cd1-8e6a-5098-9017-e46764a1f09c,ed990ebf-6452-502d-be7d-a4a35998aef0,2026-04-18,2026,MOV1_FULL,0.66502989855330197,0.33497010144669803,0.029999999999999999,2639
7358acf0-97e8-5b54-893d-6507a87fd79a,ed990ebf-6452-502d-be7d-a4a35998aef0,2026-04-18,2026,MOV1_FULL,0.59695272316027559,0.40304727683972441,0.029999999999999999,2639
90ec2ed3-4a98-56d4-ba77-1a388ceb63d8,ed990ebf-6452-502d-be7d-a4a35998aef0,2026-04-18,2026,MOV1_FULL,0.63338721867467607,0.36661278132532393,0.029999999999999999,2639
9b821ec6-dfb9-5b9f-8a36-f54e40de5659,ed990ebf-6452-502d-be7d-a4a35998aef0,2026-04-18,2026,MOV1_FULL,0.56819794525709288,0.43180205474290712,0.029999999999999999,2639
c5b37314-2493-5cb5-a486-83142ddb4eea,ed990ebf-6452-502d-be7d-a4a35998aef0,2026-04-18,2026,MOV1_FULL,0.60500501648712712,0.39499498351287288,0.029999999999999999,2639
d0d82fee-5449-531c-aaf8-9b6022f34246,ed990ebf-6452-502d-be7d-a4a35998aef0,2026-04-18,2026,MOV1_FULL,0.75555276859586706,0.24444723140413294,0.029999999999999999,2639
00a4f6ab-6484-5cbd-aefc-9ea93bfee459,593e68f1-adaa-54a6-b9b9-728f1112f821,2026-04-25,2026,MOV1_FULL,0.65456971338241732,0.34543028661758268,0.029999999999999999,2639
17deddee-1e27-58f3-8898-fa4fede66e25,593e68f1-adaa-54a6-b9b9-728f1112f821,2026-04-25,2026,MOV1_FULL,0.64888432652396089,0.35111567347603911,0.029999999999999999,2639
1a6fef76-ad75-5538-b0c7-f9d70a5f78ae,593e68f1-adaa-54a6-b9b9-728f1112f821,2026-04-25,2026,MOV1_FULL,0.7275864424191647,0.2724135575808353,0.029999999999999999,2639
2f64a16e-82b2-5a73-8bd8-c6d8f63c8cd9,593e68f1-adaa-54a6-b9b9-728f1112f821,2026-04-25,2026,MOV1_FULL,0.59098569908402399,0.40901430091597601,0.029999999999999999,2639
37e47aee-8aa8-5753-93ec-bff166bc3d38,593e68f1-adaa-54a6-b9b9-728f1112f821,2026-04-25,2026,MOV1_FULL,0.57167909466150146,0.42832090533849854,0.029999999999999999,2639
4ae37656-f33b-52fd-8a25-36fc6976bfdd,593e68f1-adaa-54a6-b9b9-728f1112f821,2026-04-25,2026,MOV1_FULL,0.5773455589244384,0.4226544410755616,0.029999999999999999,2639
4be6a644-5c11-5ce4-a044-762c768f476d,593e68f1-adaa-54a6-b9b9-728f1112f821,2026-04-25,2026,MOV1_FULL,0.32813676735532027,0.67186323264467973,0.029999999999999999,2639
54d3a0c4-2bbe-5f83-99ee-f12b04200509,593e68f1-adaa-54a6-b9b9-728f1112f821,2026-04-25,2026,MOV1_FULL,0.74740782440556286,0.25259217559443714,0.029999999999999999,2639
565eaba1-6c38-5a91-b9d3-577312b52260,593e68f1-adaa-54a6-b9b9-728f1112f821,2026-04-25,2026,MOV1_FULL,0.67673352290406585,0.32326647709593415,0.029999999999999999,2639
bf41a150-151a-5291-b6a2-2e6f9053d930,593e68f1-adaa-54a6-b9b9-728f1112f821,2026-04-25,2026,MOV1_FULL,0.56911474811025564,0.43088525188974436,0.029999999999999999,2639
d8add5ee-066d-5293-889c-92c069551d0d,593e68f1-adaa-54a6-b9b9-728f1112f821,2026-04-25,2026,MOV1_FULL,0.25998357115666343,0.74001642884333663,0.029999999999999999,2639
e33d5613-0b93-5ac5-8962-ce8e5fb25e65,593e68f1-adaa-54a6-b9b9-728f1112f821,2026-04-25,2026,MOV1_FULL,0.47926860455095943,0.52073139544904057,0.029999999999999999,2639
0564683f-7e00-5f81-8bcb-9ba9ba07a36e,1fc7951f-9d23-5096-add0-b918a7cfa1e5,2026-05-02,2026,MOV1_FULL,0.70665148542922485,0.29334851457077515,0.029999999999999999,2639
1980af76-4586-59b0-aeca-4f2dee59873e,1fc7951f-9d23-5096-add0-b918a7cfa1e5,2026-05-02,2026,MOV1_FULL,0.89944943584485659,0.10055056415514341,0.029999999999999999,2639
1eb99e80-8717-5cd7-a666-a6a7fb93495f,1fc7951f-9d23-5096-add0-b918a7cfa1e5,2026-05-02,2026,MOV1_FULL,0.48209261666386855,0.5179073833361314,0.029999999999999999,2639
276e4192-5b9b-575f-ba94-ba0cea12557f,1fc7951f-9d23-5096-add0-b918a7cfa1e5,2026-05-02,2026,MOV1_FULL,0.88991048139076934,0.11008951860923066,0.029999999999999999,2639
4293cf12-a530-5181-a5e8-5d53c95951ab,1fc7951f-9d23-5096-add0-b918a7cfa1e5,2026-05-02,2026,MOV1_FULL,0.70598748981010551,0.29401251018989449,0.029999999999999999,2639
45568a66-e68a-5d28-89ec-77d0e036248f,1fc7951f-9d23-5096-add0-b918a7cfa1e5,2026-05-02,2026,MOV1_FULL,0.78479089678007974,0.21520910321992026,0.029999999999999999,2639
59bfd087-d80a-5767-83d1-c9b3dd93ccf6,1fc7951f-9d23-5096-add0-b918a7cfa1e5,2026-05-02,2026,MOV1_FULL,0.72789885819239919,0.27210114180760081,0.029999999999999999,2639
5a45c437-0d50-5820-8eda-e37f26e30104,1fc7951f-9d23-5096-add0-b918a7cfa1e5,2026-05-02,2026,MOV1_FULL,0.73008926297207877,0.26991073702792123,0.029999999999999999,2639
5cc62482-e161-50c5-b2e0-663e7ec07575,1fc7951f-9d23-5096-add0-b918a7cfa1e5,2026-05-02,2026,MOV1_FULL,0.90935810119666938,0.090641898803330623,0.029999999999999999,2639
73ab99cd-9e0d-5cca-b435-f69681de4753,1fc7951f-9d23-5096-add0-b918a7cfa1e5,2026-05-02,2026,MOV1_FULL,0.38460759564873881,0.61539240435126119,0.029999999999999999,2639
a74eb2cd-fc47-5aa1-9ce2-4397c59d7a9f,1fc7951f-9d23-5096-add0-b918a7cfa1e5,2026-05-02,2026,MOV1_FULL,0.54674625263229715,0.45325374736770285,0.029999999999999999,2639
b43ee25f-f5d5-560c-8736-c15871978cad,1fc7951f-9d23-5096-add0-b918a7cfa1e5,2026-05-02,2026,MOV1_FULL,0.404265017298025,0.595734982701975,0.029999999999999999,2639
d179cea1-379b-5f72-9c89-ba3bc9542d0a,1fc7951f-9d23-5096-add0-b918a7cfa1e5,2026-05-02,2026,MOV1_FULL,0.86035931368689067,0.13964068631310933,0.029999999999999999,2639
2516334c-1a8c-500b-8292-83b94f29dcce,c3dd8de2-7f24-5700-bfc4-3a451ee6b6b2,2026-05-09,2026,MOV1_FULL,0.78199670206663785,0.21800329793336215,0.029999999999999999,2639
3a27ca4a-f772-51a9-9496-35e90eb5fd26,c3dd8de2-7f24-5700-bfc4-3a451ee6b6b2,2026-05-09,2026,MOV1_FULL,0.47907648203373809,0.52092351796626191,0.029999999999999999,2639
48a5492e-b3ab-5f73-8f9b-fc47465e19b9,c3dd8de2-7f24-5700-bfc4-3a451ee6b6b2,2026-05-09,2026,MOV1_FULL,0.90270854818783097,0.097291451812169027,0.029999999999999999,2639
63a9b2e1-2d6f-5557-9a13-db144d621cc7,c3dd8de2-7f24-5700-bfc4-3a451ee6b6b2,2026-05-09,2026,MOV1_FULL,0.73600288881376896,0.26399711118623104,0.029999999999999999,2639
77d6808d-def5-5cb1-9468-39320e744511,c3dd8de2-7f24-5700-bfc4-3a451ee6b6b2,2026-05-09,2026,MOV1_FULL,0.46417061409299853,0.53582938590700147,0.029999999999999999,2639
7d022e7e-c6b3-5021-8a83-51233742ac64,c3dd8de2-7f24-5700-bfc4-3a451ee6b6b2,2026-05-09,2026,MOV1_FULL,0.60213957872080293,0.39786042127919707,0.029999999999999999,2639
9ff01ba6-7f67-544e-833f-751346430ff4,c3dd8de2-7f24-5700-bfc4-3a451ee6b6b2,2026-05-09,2026,MOV1_FULL,0.60738767191729248,0.39261232808270752,0.029999999999999999,2639
c5735126-ebef-5fcd-bf87-1c2d586b86fc,c3dd8de2-7f24-5700-bfc4-3a451ee6b6b2,2026-05-09,2026,MOV1_FULL,0.40149682357991484,0.59850317642008521,0.029999999999999999,2639
d5fb6ba1-9a3b-5cfd-985b-02fa79f037c6,c3dd8de2-7f24-5700-bfc4-3a451ee6b6b2,2026-05-09,2026,MOV1_FULL,0.51605852703083277,0.48394147296916723,0.029999999999999999,2639
e584ce20-3a02-58b0-a1e0-24a4b1773ee5,c3dd8de2-7f24-5700-bfc4-3a451ee6b6b2,2026-05-09,2026,MOV1_FULL,0.71635534031765469,0.28364465968234531,0.029999999999999999,2639
f32e5cdd-75f0-5359-91aa-dcdf6548d31a,c3dd8de2-7f24-5700-bfc4-3a451ee6b6b2,2026-05-09,2026,MOV1_FULL,0.94173356645296757,0.058266433547032426,0.029999999999999999,2639
fdd956a3-a297-5d10-8521-68368fe82817,c3dd8de2-7f24-5700-bfc4-3a451ee6b6b2,2026-05-09,2026,MOV1_FULL,0.66462344093506032,0.33537655906493968,0.029999999999999999,2639
ffe7a8ce-5bb6-52f9-ac96-24b450194a8a,c3dd8de2-7f24-5700-bfc4-3a451ee6b6b2,2026-05-09,2026,MOV1_FULL,0.80458067134377087,0.19541932865622913,0.029999999999999999,2639
03eee472-b0a2-5356-bbd7-67d96064212a,786b090f-cbf0-5891-a9f0-d3c47725571e,2026-05-16,2026,MOV1_FULL,0.69161812540728174,0.30838187459271826,0.029999999999999999,2639
44df9153-bd27-5de6-89b2-acfd5779a30a,786b090f-cbf0-5891-a9f0-d3c47725571e,2026-05-16,2026,MOV1_FULL,0.67095665309432062,0.32904334690567938,0.029999999999999999,2639
54359761-0cb7-5a81-9195-2bdadc914c5e,786b090f-cbf0-5891-a9f0-d3c47725571e,2026-05-16,2026,MOV1_FULL,0.85740129431110201,0.14259870568889799,0.029999999999999999,2639
608c3bdf-e590-532f-b2db-77b7c2376aee,786b090f-cbf0-5891-a9f0-d3c47725571e,2026-05-16,2026,MOV1_FULL,0.52308753409635278,0.47691246590364722,0.029999999999999999,2639
662c092c-e392-55b4-b7c3-1c2b4c637ce3,786b090f-cbf0-5891-a9f0-d3c47725571e,2026-05-16,2026,MOV1_FULL,0.49987523515210214,0.50012476484789792,0.029999999999999999,2639
771d87cc-ede4-54e0-a94c-84c57e1dc2ff,786b090f-cbf0-5891-a9f0-d3c47725571e,2026-05-16,2026,MOV1_FULL,0.71504320179358005,0.28495679820641995,0.029999999999999999,2639
8e240ecf-3677-5595-a38d-52371a3fc1bb,786b090f-cbf0-5891-a9f0-d3c47725571e,2026-05-16,2026,MOV1_FULL,0.74220375681251316,0.25779624318748684,0.029999999999999999,2639
9210f35d-8878-5a4b-bf34-a2505d1aa9c0,786b090f-cbf0-5891-a9f0-d3c47725571e,2026-05-16,2026,MOV1_FULL,0.60587818506579327,0.39412181493420673,0.029999999999999999,2639
928992e1-3f94-58c7-89c6-930125214bb2,786b090f-cbf0-5891-a9f0-d3c47725571e,2026-05-16,2026,MOV1_FULL,0.67441272741536551,0.32558727258463449,0.029999999999999999,2639
b44dc33a-462f-5593-a197-0d40f00d6c5a,786b090f-cbf0-5891-a9f0-d3c47725571e,2026-05-16,2026,MOV1_FULL,0.63240165315904751,0.36759834684095249,0.029999999999999999,2639
ba29beda-b048-56bc-98b1-0c2ba20e8dc5,786b090f-cbf0-5891-a9f0-d3c47725571e,2026-05-16,2026,MOV1_FULL,0.6700714234061117,0.3299285765938883,0.029999999999999999,2639
d5929bd3-0c9d-5cce-b487-983a82538cb0,786b090f-cbf0-5891-a9f0-d3c47725571e,2026-05-16,2026,MOV1_FULL,0.74671496965425876,0.25328503034574124,0.029999999999999999,2639
e25eb945-cfb1-555b-9be1-132fd5a52699,786b090f-cbf0-5891-a9f0-d3c47725571e,2026-05-16,2026,MOV1_FULL,0.54062377085423763,0.45937622914576237,0.029999999999999999,2639
01b362cc-fa7b-5a9a-bd57-cfccdd9138da,9fdb4b8b-74d5-5f01-8e8b-7f1993642d6e,2026-05-30,2026,MOV1_FULL,0.62389127338601635,0.37610872661398365,0.029999999999999999,2639
299f2cbb-c59e-5b6f-a5df-274a4d87b298,9fdb4b8b-74d5-5f01-8e8b-7f1993642d6e,2026-05-30,2026,MOV1_FULL,0.8990473554708508,0.1009526445291492,0.029999999999999999,2639
529cbbf2-1d9f-5392-85d0-8759b4083e25,9fdb4b8b-74d5-5f01-8e8b-7f1993642d6e,2026-05-30,2026,MOV1_FULL,0.83265570999383576,0.16734429000616424,0.029999999999999999,2639
608e4bce-d85e-52ab-82c5-9592515d611b,9fdb4b8b-74d5-5f01-8e8b-7f1993642d6e,2026-05-30,2026,MOV1_FULL,0.61021127707184497,0.38978872292815503,0.029999999999999999,2639
871b6b5f-2f65-583e-b1f7-5dcd2d964ae5,9fdb4b8b-74d5-5f01-8e8b-7f1993642d6e,2026-05-30,2026,MOV1_FULL,0.48043437143216061,0.51956562856783939,0.029999999999999999,2639
a91fb075-0515-56d3-9085-701b8f6876ae,9fdb4b8b-74d5-5f01-8e8b-7f1993642d6e,2026-05-30,2026,MOV1_FULL,0.71114007824528336,0.28885992175471664,0.029999999999999999,2639
b0061fff-fd12-502e-9f9f-a33345dc6960,9fdb4b8b-74d5-5f01-8e8b-7f1993642d6e,2026-05-30,2026,MOV1_FULL,0.6327758355877019,0.3672241644122981,0.029999999999999999,2639
b359d1a4-8be1-5e5a-aadd-92e00b58489e,9fdb4b8b-74d5-5f01-8e8b-7f1993642d6e,2026-05-30,2026,MOV1_FULL,0.6426922649833039,0.3573077350166961,0.029999999999999999,2639
b8a78e19-74b5-5758-8f67-810517af5df9,9fdb4b8b-74d5-5f01-8e8b-7f1993642d6e,2026-05-30,2026,MOV1_FULL,0.61866978789590643,0.38133021210409357,0.029999999999999999,2639
c47cde04-ca56-5e99-8036-f67233a96a96,9fdb4b8b-74d5-5f01-8e8b-7f1993642d6e,2026-05-30,2026,MOV1_FULL,0.24199698055864083,0.75800301944135917,0.029999999999999999,2639
eca0057a-c64b-502b-a9f3-9a542e55341f,9fdb4b8b-74d5-5f01-8e8b-7f1993642d6e,2026-05-30,2026,MOV1_FULL,0.73986748850191253,0.26013251149808747,0.029999999999999999,2639
fb92730c-9c26-575d-92b2-e95f4fe697b3,9fdb4b8b-74d5-5f01-8e8b-7f1993642d6e,2026-05-30,2026,MOV1_FULL,0.70670979310213045,0.29329020689786955,0.029999999999999999,2639
4a983b5b-7bb1-5ff3-84c2-541d62494f74,95f24aef-5864-578c-ab3d-2faeb7067022,2026-06-06,2026,MOV1_FULL,0.64900522007899364,0.35099477992100636,0.029999999999999999,2639
568a476f-e4f7-582d-97d8-2b3a20113b7f,95f24aef-5864-578c-ab3d-2faeb7067022,2026-06-06,2026,MOV1_FULL,0.56353643544745002,0.43646356455254998,0.029999999999999999,2639
5e6ab421-c1bc-54cb-a358-e55c6f1cdf94,95f24aef-5864-578c-ab3d-2faeb7067022,2026-06-06,2026,MOV1_FULL,0.62397626242630344,0.37602373757369656,0.029999999999999999,2639
62a2eb07-907b-5062-b3f6-ce9d3a2f0b54,95f24aef-5864-578c-ab3d-2faeb7067022,2026-06-06,2026,MOV1_FULL,0.23407672946332134,0.76592327053667864,0.029999999999999999,2639
6f615cbe-d287-5ef8-97c8-a69b8cf6ca9b,95f24aef-5864-578c-ab3d-2faeb7067022,2026-06-06,2026,MOV1_FULL,0.75700496861698929,0.24299503138301071,0.029999999999999999,2639
739c6c17-7e06-5bb8-8b86-b1cda121600f,95f24aef-5864-578c-ab3d-2faeb7067022,2026-06-06,2026,MOV1_FULL,0.43047257105845599,0.56952742894154396,0.029999999999999999,2639
99b00350-675b-5e34-bcfc-d26f3586d0aa,95f24aef-5864-578c-ab3d-2faeb7067022,2026-06-06,2026,MOV1_FULL,0.57335929796595497,0.42664070203404503,0.029999999999999999,2639
9d519bbe-43c5-5bbe-accf-addf2bcb748d,95f24aef-5864-578c-ab3d-2faeb7067022,2026-06-06,2026,MOV1_FULL,0.72487308695927521,0.27512691304072479,0.029999999999999999,2639
c3a5bcae-2118-5640-b525-ab84b193ec1f,95f24aef-5864-578c-ab3d-2faeb7067022,2026-06-06,2026,MOV1_FULL,0.86554224990733297,0.13445775009266703,0.029999999999999999,2639
c41814fb-5366-52cf-97b1-b00fd9eda660,95f24aef-5864-578c-ab3d-2faeb7067022,2026-06-06,2026,MOV1_FULL,0.78503525739759661,0.21496474260240339,0.029999999999999999,2639
d340d478-0b5d-556a-b4a1-d8cce4377a52,95f24aef-5864-578c-ab3d-2faeb7067022,2026-06-06,2026,MOV1_FULL,0.76409893781897109,0.23590106218102891,0.029999999999999999,2639
08574bfe-8854-58a5-8e67-67b9da4a007b,67de698b-dbce-5c47-8d7d-a4de4f3e1620,2026-06-14,2026,MOV1_FULL,0.86804616722576688,0.13195383277423312,0.029999999999999999,2639
5e0e882e-0193-5c28-b9c0-61c465c5c39c,67de698b-dbce-5c47-8d7d-a4de4f3e1620,2026-06-14,2026,MOV1_FULL,0.83540105178667001,0.16459894821332999,0.029999999999999999,2639
83b46dc5-d104-56b2-b329-bdf9b44c68a7,67de698b-dbce-5c47-8d7d-a4de4f3e1620,2026-06-14,2026,MOV1_FULL,0.64721971003710599,0.35278028996289401,0.029999999999999999,2639
9349f01e-7872-5bc0-a0de-8efb739aea42,67de698b-dbce-5c47-8d7d-a4de4f3e1620,2026-06-14,2026,MOV1_FULL,0.84890113205228712,0.15109886794771288,0.029999999999999999,2639
a0cb0f44-abed-528d-aec3-c6370ec4be73,67de698b-dbce-5c47-8d7d-a4de4f3e1620,2026-06-14,2026,MOV1_FULL,0.91286584402139681,0.087134155978603189,0.029999999999999999,2639
a100f43e-0a2e-5713-b378-d2764bf6f25a,67de698b-dbce-5c47-8d7d-a4de4f3e1620,2026-06-14,2026,MOV1_FULL,0.89058343069674195,0.10941656930325805,0.029999999999999999,2639
bfbd373e-674a-5f7b-9c98-4a32122c5dc4,67de698b-dbce-5c47-8d7d-a4de4f3e1620,2026-06-14,2026,MOV1_FULL,0.78755567275286087,0.21244432724713913,0.029999999999999999,2639
17a6df6f-07e0-58da-9029-7286675514aa,55b6a70e-b633-58bc-bc37-be71c0a16704,2026-06-20,2026,MOV1_FULL,0.71296300532121559,0.28703699467878441,0.029999999999999999,2639
3a3f8113-fc0c-5c5f-9f5b-1ed902e016c3,55b6a70e-b633-58bc-bc37-be71c0a16704,2026-06-20,2026,MOV1_FULL,0.61021127707184497,0.38978872292815503,0.029999999999999999,2639
53cc2782-76f3-5a4f-8e0b-6dcee4ec538e,55b6a70e-b633-58bc-bc37-be71c0a16704,2026-06-20,2026,MOV1_FULL,0.53879896844513986,0.46120103155486014,0.029999999999999999,2639
6cf936a4-e0dd-5d9b-961f-82a977816802,55b6a70e-b633-58bc-bc37-be71c0a16704,2026-06-20,2026,MOV1_FULL,0.73206382083925348,0.26793617916074652,0.029999999999999999,2639
734a034c-eb81-51e0-bc4b-4ae898ec9277,55b6a70e-b633-58bc-bc37-be71c0a16704,2026-06-20,2026,MOV1_FULL,0.71152723219005842,0.28847276780994158,0.029999999999999999,2639
74cbad95-d105-5a4b-847c-22640bca200c,55b6a70e-b633-58bc-bc37-be71c0a16704,2026-06-20,2026,MOV1_FULL,0.71651744898337422,0.28348255101662578,0.029999999999999999,2639
86c43398-ea77-5ea4-ac9b-64de76b3a4e5,55b6a70e-b633-58bc-bc37-be71c0a16704,2026-06-20,2026,MOV1_FULL,0.50607967344017979,0.49392032655982021,0.029999999999999999,2639
9af4c030-62e6-5d61-8caf-4c89609092ab,55b6a70e-b633-58bc-bc37-be71c0a16704,2026-06-20,2026,MOV1_FULL,0.63412690109640624,0.36587309890359376,0.029999999999999999,2639
a0ccddab-34b1-5549-a8ea-449ccbebdd11,55b6a70e-b633-58bc-bc37-be71c0a16704,2026-06-20,2026,MOV1_FULL,0.61866978789590643,0.38133021210409357,0.029999999999999999,2639
ae675aa3-5577-5bf4-8298-670f895317ed,55b6a70e-b633-58bc-bc37-be71c0a16704,2026-06-20,2026,MOV1_FULL,0.57661349882248802,0.42338650117751198,0.029999999999999999,2639
c7cda66a-ab5e-5e29-8c69-cb1d0c69f45f,55b6a70e-b633-58bc-bc37-be71c0a16704,2026-06-20,2026,MOV1_FULL,0.34450531496785142,0.65549468503214858,0.029999999999999999,2639
f4841d03-4a43-55b7-bf61-f8a2e2c8f596,55b6a70e-b633-58bc-bc37-be71c0a16704,2026-06-20,2026,MOV1_FULL,0.71831902453994056,0.28168097546005944,0.029999999999999999,2639
079f89f6-3852-582b-8ff2-459bb93b2c60,ea5bf92e-7ed9-581d-a473-b18966709c14,2026-06-27,2026,MOV1_FULL,0.76094667046013054,0.23905332953986946,0.029999999999999999,2639
1562c3aa-22c1-5b9b-ae98-ac4c3a71c171,ea5bf92e-7ed9-581d-a473-b18966709c14,2026-06-27,2026,MOV1_FULL,0.81451937973112942,0.18548062026887058,0.029999999999999999,2639
2f6e6869-e483-5011-a3c7-a50316653a55,ea5bf92e-7ed9-581d-a473-b18966709c14,2026-06-27,2026,MOV1_FULL,0.58176870346028553,0.41823129653971447,0.029999999999999999,2639
4ff26c8b-1769-593c-8e56-2e3e9dbe9c0c,ea5bf92e-7ed9-581d-a473-b18966709c14,2026-06-27,2026,MOV1_FULL,0.61879061444692152,0.38120938555307848,0.029999999999999999,2639
8302ec2f-5847-536c-85eb-c51e4a5cedcc,ea5bf92e-7ed9-581d-a473-b18966709c14,2026-06-27,2026,MOV1_FULL,0.44931263140494038,0.55068736859505962,0.029999999999999999,2639
84389aec-f20b-5868-acfa-bf58b6a84065,ea5bf92e-7ed9-581d-a473-b18966709c14,2026-06-27,2026,MOV1_FULL,0.74664914365684321,0.25335085634315679,0.029999999999999999,2639
844c2ed8-611e-54d5-9703-13480730f9ca,ea5bf92e-7ed9-581d-a473-b18966709c14,2026-06-27,2026,MOV1_FULL,0.52954506034645787,0.47045493965354213,0.029999999999999999,2639
99e8198a-7ba8-5d5c-9fdc-c399b2a277fa,ea5bf92e-7ed9-581d-a473-b18966709c14,2026-06-27,2026,MOV1_FULL,0.76324406203027606,0.23675593796972394,0.029999999999999999,2639
a96be6f4-cf4a-5d3b-8557-2275e0cea5b9,ea5bf92e-7ed9-581d-a473-b18966709c14,2026-06-27,2026,MOV1_FULL,0.61021127707184497,0.38978872292815503,0.029999999999999999,2639
b112d966-4389-5762-9e2c-da42e327e449,ea5bf92e-7ed9-581d-a473-b18966709c14,2026-06-27,2026,MOV1_FULL,0.76915153910095291,0.23084846089904709,0.029999999999999999,2639
d92e7473-076f-599e-93e6-439f396b2459,ea5bf92e-7ed9-581d-a473-b18966709c14,2026-06-27,2026,MOV1_FULL,0.63486112382997428,0.36513887617002572,0.029999999999999999,2639
efe24eb6-a27b-5af4-bb47-2743fe115199,ea5bf92e-7ed9-581d-a473-b18966709c14,2026-06-27,2026,MOV1_FULL,0.90649134028068756,0.093508659719312437,0.029999999999999999,2639
fc659bc9-527d-5f2a-be53-43c039918efc,ea5bf92e-7ed9-581d-a473-b18966709c14,2026-06-27,2026,MOV1_FULL,0.63597687906425227,0.36402312093574773,0.029999999999999999,2639
01d120a8-71e8-5a7b-9680-9135192c5a1e,3a3e7a1b-0d9c-58b8-8017-f4cf7c0fafc2,2026-07-11,2026,MOV1_FULL,0.87760896214293393,0.12239103785706607,0.029999999999999999,2639
07c778e3-fc10-5234-baec-eb63039e56cd,3a3e7a1b-0d9c-58b8-8017-f4cf7c0fafc2,2026-07-11,2026,MOV1_FULL,0.57607438278603129,0.42392561721396871,0.029999999999999999,2639
10b87ff9-cc86-53b6-88ec-f0b9ec8e336a,3a3e7a1b-0d9c-58b8-8017-f4cf7c0fafc2,2026-07-11,2026,MOV1_FULL,0.47830477969622548,0.52169522030377458,0.029999999999999999,2639
1829fd5a-95b8-5279-940b-78f7f4eb2edc,3a3e7a1b-0d9c-58b8-8017-f4cf7c0fafc2,2026-07-11,2026,MOV1_FULL,0.51938516815961167,0.48061483184038833,0.029999999999999999,2639
20d4b4e4-b668-5317-ae4f-0367e4da9c8d,3a3e7a1b-0d9c-58b8-8017-f4cf7c0fafc2,2026-07-11,2026,MOV1_FULL,0.50174603030197418,0.49825396969802582,0.029999999999999999,2639
3418911f-1045-56e0-8265-2f4385304e8b,3a3e7a1b-0d9c-58b8-8017-f4cf7c0fafc2,2026-07-11,2026,MOV1_FULL,0.75595074098090176,0.24404925901909824,0.029999999999999999,2639
4407de30-3db6-58ee-95cc-6a382391f5c7,3a3e7a1b-0d9c-58b8-8017-f4cf7c0fafc2,2026-07-11,2026,MOV1_FULL,0.65397859581283457,0.34602140418716543,0.029999999999999999,2639
48c65a1f-0983-5e1b-b765-2debf8d52748,3a3e7a1b-0d9c-58b8-8017-f4cf7c0fafc2,2026-07-11,2026,MOV1_FULL,0.55476678411132485,0.44523321588867515,0.029999999999999999,2639
6f2c0b4d-d092-5714-86b1-0b21b10c2419,3a3e7a1b-0d9c-58b8-8017-f4cf7c0fafc2,2026-07-11,2026,MOV1_FULL,0.91218086189228931,0.087819138107710693,0.029999999999999999,2639
80689cd6-96e0-5a48-b481-60e3477aab47,3a3e7a1b-0d9c-58b8-8017-f4cf7c0fafc2,2026-07-11,2026,MOV1_FULL,0.74551103814378605,0.25448896185621395,0.029999999999999999,2639
8a676cb2-d666-5baf-9f2c-8534b2f9d8e2,3a3e7a1b-0d9c-58b8-8017-f4cf7c0fafc2,2026-07-11,2026,MOV1_FULL,0.53528612515064289,0.46471387484935711,0.029999999999999999,2639
908dd4da-6adb-5114-af76-fb04ec06d7ab,3a3e7a1b-0d9c-58b8-8017-f4cf7c0fafc2,2026-07-11,2026,MOV1_FULL,0.74581644414716164,0.25418355585283836,0.029999999999999999,2639
9103824b-2cf4-5438-81c7-f9248e205d5a,3a3e7a1b-0d9c-58b8-8017-f4cf7c0fafc2,2026-07-11,2026,MOV1_FULL,0.91054994850142201,0.089450051498577987,0.029999999999999999,2639
e77ed015-2ce9-53dc-97ad-2f5272c38e92,3a3e7a1b-0d9c-58b8-8017-f4cf7c0fafc2,2026-07-11,2026,MOV1_FULL,0.70266230440640953,0.29733769559359047,0.029999999999999999,2639
19b80ee7-af2b-523a-a45f-31d2b136ebe9,e46f38e6-da15-56d7-9d78-14a71d8d07ee,2026-07-18,2026,MOV1_FULL,0.43280246066763212,0.56719753933236783,0.029999999999999999,2639
200025fb-2b5f-5729-9c8f-b6eeeb20f70e,e46f38e6-da15-56d7-9d78-14a71d8d07ee,2026-07-18,2026,MOV1_FULL,0.53576531438143637,0.46423468561856363,0.029999999999999999,2639
3b18f878-6c4f-5eaf-b3f3-e42d41d507e6,e46f38e6-da15-56d7-9d78-14a71d8d07ee,2026-07-18,2026,MOV1_FULL,0.57096483076222981,0.42903516923777019,0.029999999999999999,2639
56924e3b-4c4b-579f-9d5c-0cb23c15c079,e46f38e6-da15-56d7-9d78-14a71d8d07ee,2026-07-18,2026,MOV1_FULL,0.78027131130801919,0.21972868869198081,0.029999999999999999,2639
5ac6b003-f4e3-56b9-90d0-070d7cd3a8a2,e46f38e6-da15-56d7-9d78-14a71d8d07ee,2026-07-18,2026,MOV1_FULL,0.75691369656944951,0.24308630343055049,0.029999999999999999,2639
6218e494-155e-5b20-a174-94448c393be6,e46f38e6-da15-56d7-9d78-14a71d8d07ee,2026-07-18,2026,MOV1_FULL,0.60401663777677861,0.39598336222322139,0.029999999999999999,2639
a476d687-2343-500e-91b6-515a12a2b3ad,e46f38e6-da15-56d7-9d78-14a71d8d07ee,2026-07-18,2026,MOV1_FULL,0.70841457719392376,0.29158542280607624,0.029999999999999999,2639
ac305996-d4b1-5e7e-9d53-04deb7cdb480,e46f38e6-da15-56d7-9d78-14a71d8d07ee,2026-07-18,2026,MOV1_FULL,0.61866978789590643,0.38133021210409357,0.029999999999999999,2639
c7158bee-feb6-513c-822b-e84ef090c27e,e46f38e6-da15-56d7-9d78-14a71d8d07ee,2026-07-18,2026,MOV1_FULL,0.5649547530684802,0.4350452469315198,0.029999999999999999,2639
c8efdc63-ba45-5abc-b5ed-768b30a44abd,e46f38e6-da15-56d7-9d78-14a71d8d07ee,2026-07-18,2026,MOV1_FULL,0.87008163510902636,0.12991836489097364,0.029999999999999999,2639
edc93321-256a-5d8d-af3f-ecb3fee43a48,e46f38e6-da15-56d7-9d78-14a71d8d07ee,2026-07-18,2026,MOV1_FULL,0.478390110940976,0.52160988905902395,0.029999999999999999,2639
f38839d5-42d0-5262-a11b-526c668664e7,e46f38e6-da15-56d7-9d78-14a71d8d07ee,2026-07-18,2026,MOV1_FULL,0.7513419236063249,0.2486580763936751,0.029999999999999999,2639
10af9af0-ccfa-5d75-af1f-39224929d5e4,20fc29ae-ec26-59b1-88ef-fba4f08baa6c,2026-07-25,2026,MOV1_FULL,0.79067432143432193,0.20932567856567807,0.029999999999999999,2639
169964ae-5a87-5cb8-bb4c-0cca84af804d,20fc29ae-ec26-59b1-88ef-fba4f08baa6c,2026-07-25,2026,MOV1_FULL,0.81014562493428055,0.18985437506571945,0.029999999999999999,2639
384c1532-8157-5e5d-837c-b348d93af9e1,20fc29ae-ec26-59b1-88ef-fba4f08baa6c,2026-07-25,2026,MOV1_FULL,0.83097167308976339,0.16902832691023661,0.029999999999999999,2639
3df7388f-88c0-591b-b3c6-798370468cdf,20fc29ae-ec26-59b1-88ef-fba4f08baa6c,2026-07-25,2026,MOV1_FULL,0.70139895586361412,0.29860104413638588,0.029999999999999999,2639
61b93a75-0c78-53ae-869e-b6c866da1f87,20fc29ae-ec26-59b1-88ef-fba4f08baa6c,2026-07-25,2026,MOV1_FULL,0.50226422320765174,0.49773577679234826,0.029999999999999999,2639
67f45379-1eac-5050-920e-d75b000200cb,20fc29ae-ec26-59b1-88ef-fba4f08baa6c,2026-07-25,2026,MOV1_FULL,0.74994465421157941,0.25005534578842059,0.029999999999999999,2639
7382609c-6385-5eef-8ca6-0269979ec94f,20fc29ae-ec26-59b1-88ef-fba4f08baa6c,2026-07-25,2026,MOV1_FULL,0.77026751874588528,0.22973248125411472,0.029999999999999999,2639
9acd2d20-29a9-5e54-9cf5-784197b986be,20fc29ae-ec26-59b1-88ef-fba4f08baa6c,2026-07-25,2026,MOV1_FULL,0.63240165315904751,0.36759834684095249,0.029999999999999999,2639
c1a9f980-7dca-5c15-9208-89ea1e137655,20fc29ae-ec26-59b1-88ef-fba4f08baa6c,2026-07-25,2026,MOV1_FULL,0.61534905148770414,0.38465094851229586,0.029999999999999999,2639
ea70d557-59b0-50e9-af33-5ceaba4522d2,20fc29ae-ec26-59b1-88ef-fba4f08baa6c,2026-07-25,2026,MOV1_FULL,0.75332313919353999,0.24667686080646001,0.029999999999999999,2639
f02b8509-a9a7-5618-b8b9-80451b8de19c,20fc29ae-ec26-59b1-88ef-fba4f08baa6c,2026-07-25,2026,MOV1_FULL,0.56723279582507269,0.43276720417492731,0.029999999999999999,2639
19f9bf07-bb84-59e8-ad27-78fa738bdbc0,ecf00abd-ee79-5cc0-b902-1ff482a8a7ca,2026-08-01,2026,MOV1_FULL,0.80585087429296343,0.19414912570703657,0.029999999999999999,2639
1d0aa4e8-84b0-5201-86f2-744ffcd6d2e8,ecf00abd-ee79-5cc0-b902-1ff482a8a7ca,2026-08-01,2026,MOV1_FULL,0.60572242409891297,0.39427757590108703,0.029999999999999999,2639
1f18a992-c249-5bd8-879b-52e4ee6e1b80,ecf00abd-ee79-5cc0-b902-1ff482a8a7ca,2026-08-01,2026,MOV1_FULL,0.78286594398258869,0.21713405601741131,0.029999999999999999,2639
23631209-a029-5a5b-abaa-8471a8ec0bd2,ecf00abd-ee79-5cc0-b902-1ff482a8a7ca,2026-08-01,2026,MOV1_FULL,0.8174130159145433,0.1825869840854567,0.029999999999999999,2639
32b0e42f-07a3-5423-8b2b-ca364a9f64c8,ecf00abd-ee79-5cc0-b902-1ff482a8a7ca,2026-08-01,2026,MOV1_FULL,0.60329331219789806,0.39670668780210194,0.029999999999999999,2639
57351263-f523-5470-a3fa-798e1b9155c0,ecf00abd-ee79-5cc0-b902-1ff482a8a7ca,2026-08-01,2026,MOV1_FULL,0.59566445144298952,0.40433554855701048,0.029999999999999999,2639
5bd4c838-4194-53b3-b757-e226e0a85778,ecf00abd-ee79-5cc0-b902-1ff482a8a7ca,2026-08-01,2026,MOV1_FULL,0.88939105011479092,0.11060894988520908,0.029999999999999999,2639
7253e4bc-ccbb-5436-9907-e4a72a9575c2,ecf00abd-ee79-5cc0-b902-1ff482a8a7ca,2026-08-01,2026,MOV1_FULL,0.63485344462992976,0.36514655537007024,0.029999999999999999,2639
a4444298-245b-5717-8580-5a20af27e4da,ecf00abd-ee79-5cc0-b902-1ff482a8a7ca,2026-08-01,2026,MOV1_FULL,0.63240165315904751,0.36759834684095249,0.029999999999999999,2639
a5e1e937-dec8-5d38-afaa-533d4ef915c6,ecf00abd-ee79-5cc0-b902-1ff482a8a7ca,2026-08-01,2026,MOV1_FULL,0.59450618613629103,0.40549381386370897,0.029999999999999999,2639
df6e5425-a8bc-5f0d-9a02-6f687e3d5329,ecf00abd-ee79-5cc0-b902-1ff482a8a7ca,2026-08-01,2026,MOV1_FULL,0.65429853651863179,0.34570146348136821,0.029999999999999999,2639
df76a66b-c143-5d95-b653-5c351397791b,ecf00abd-ee79-5cc0-b902-1ff482a8a7ca,2026-08-01,2026,MOV1_FULL,0.66789941029972211,0.33210058970027789,0.029999999999999999,2639
ec3a2077-b6fb-5b62-bb9e-c0113560cf4d,ecf00abd-ee79-5cc0-b902-1ff482a8a7ca,2026-08-01,2026,MOV1_FULL,0.73570341504034864,0.26429658495965136,0.029999999999999999,2639
ec6a79d1-d329-587e-aefc-9d4651e278f6,ecf00abd-ee79-5cc0-b902-1ff482a8a7ca,2026-08-01,2026,MOV1_FULL,0.54243972506786675,0.45756027493213325,0.029999999999999999,2639
29ee211c-868e-5ac1-adbc-c9166aee5159,e26ecb05-10c7-5aeb-97ed-8f842df8992a,2026-08-08,2026,MOV1_FULL,0.53735955390999302,0.46264044609000698,0.029999999999999999,2639
45169436-1732-5972-ad8d-371646edbd15,e26ecb05-10c7-5aeb-97ed-8f842df8992a,2026-08-08,2026,MOV1_FULL,0.64041711189917616,0.35958288810082384,0.029999999999999999,2639
49344a6e-f642-55c8-88b8-314d273eaf73,e26ecb05-10c7-5aeb-97ed-8f842df8992a,2026-08-08,2026,MOV1_FULL,0.25910014862137148,0.74089985137862846,0.029999999999999999,2639
5b674810-7b11-56a7-ae5c-c0d0fdcc3b72,e26ecb05-10c7-5aeb-97ed-8f842df8992a,2026-08-08,2026,MOV1_FULL,0.68247134428238787,0.31752865571761213,0.029999999999999999,2639
5e911e39-5956-50c0-8c58-47b534ad0759,e26ecb05-10c7-5aeb-97ed-8f842df8992a,2026-08-08,2026,MOV1_FULL,0.82151584557874113,0.17848415442125887,0.029999999999999999,2639
676f4cb3-3aa6-53ba-a3d3-f57ce5580c38,e26ecb05-10c7-5aeb-97ed-8f842df8992a,2026-08-08,2026,MOV1_FULL,0.7562123611870426,0.2437876388129574,0.029999999999999999,2639
79e2b0f7-ec06-577c-af96-99d13203b231,e26ecb05-10c7-5aeb-97ed-8f842df8992a,2026-08-08,2026,MOV1_FULL,0.37922023349262141,0.62077976650737865,0.029999999999999999,2639
a4aaebdf-6d1e-5423-af92-cb5be2026c82,e26ecb05-10c7-5aeb-97ed-8f842df8992a,2026-08-08,2026,MOV1_FULL,0.75648833552890837,0.24351166447109163,0.029999999999999999,2639
c96e98a2-38d6-5a4b-970d-928b12f0a2ce,e26ecb05-10c7-5aeb-97ed-8f842df8992a,2026-08-08,2026,MOV1_FULL,0.43218955907279,0.56781044092721,0.029999999999999999,2639
e8b81b96-7072-53a1-8270-15aeb94bb7c7,e26ecb05-10c7-5aeb-97ed-8f842df8992a,2026-08-08,2026,MOV1_FULL,0.78198371214064655,0.21801628785935345,0.029999999999999999,2639
f23c5bf1-b4b5-5bd5-82b4-74ca39060c25,e26ecb05-10c7-5aeb-97ed-8f842df8992a,2026-08-08,2026,MOV1_FULL,0.77246822129132819,0.22753177870867181,0.029999999999999999,2639
f6c77707-97a0-5300-b5e0-8d22286421c8,e26ecb05-10c7-5aeb-97ed-8f842df8992a,2026-08-08,2026,MOV1_FULL,0.79653698728246214,0.20346301271753786,0.029999999999999999,2639
3e6fa4a0-fe43-57cb-8cd6-164cbf9c85be,02545891-beb2-5a1b-89ab-89db0297bc97,2026-08-15,2026,MOV1_FULL,0.81046197951472931,0.18953802048527069,0.029999999999999999,2639
4176f0ca-59da-5d80-9f64-86a5075bc9c9,02545891-beb2-5a1b-89ab-89db0297bc97,2026-08-15,2026,MOV1_FULL,0.49424943642921093,0.50575056357078907,0.029999999999999999,2639
42cf2af3-4e77-5bb4-ba7e-46c924f0a594,02545891-beb2-5a1b-89ab-89db0297bc97,2026-08-15,2026,MOV1_FULL,0.83000046558356333,0.16999953441643667,0.029999999999999999,2639
50634ce9-1392-549b-b62c-d1215b0433bd,02545891-beb2-5a1b-89ab-89db0297bc97,2026-08-15,2026,MOV1_FULL,0.71871031653891193,0.28128968346108807,0.029999999999999999,2639
77a9d633-d437-54a1-ab36-ddd2b7837d44,02545891-beb2-5a1b-89ab-89db0297bc97,2026-08-15,2026,MOV1_FULL,0.61540352424555955,0.38459647575444045,0.029999999999999999,2639
82ed0e1e-188e-5885-8c10-fed4fb445806,02545891-beb2-5a1b-89ab-89db0297bc97,2026-08-15,2026,MOV1_FULL,0.72451398065181072,0.27548601934818928,0.029999999999999999,2639
a13d6f3b-787d-59ea-9c6c-7625bdf06286,02545891-beb2-5a1b-89ab-89db0297bc97,2026-08-15,2026,MOV1_FULL,0.24083172086996632,0.75916827913003371,0.029999999999999999,2639
ac3a1845-8f0b-5bd3-a5b5-d45555eaf223,02545891-beb2-5a1b-89ab-89db0297bc97,2026-08-15,2026,MOV1_FULL,0.36061674472394201,0.63938325527605799,0.029999999999999999,2639
b2911cc5-5ea6-5403-8a7b-7fb185aa9133,02545891-beb2-5a1b-89ab-89db0297bc97,2026-08-15,2026,MOV1_FULL,0.63095064231132836,0.36904935768867164,0.029999999999999999,2639
ce75c335-a5f2-5b43-9dbd-22be679b2447,02545891-beb2-5a1b-89ab-89db0297bc97,2026-08-15,2026,MOV1_FULL,0.65359613682636919,0.34640386317363081,0.029999999999999999,2639
e1b6931f-ab8a-50a9-9f1b-d48d5b3c1f5e,02545891-beb2-5a1b-89ab-89db0297bc97,2026-08-15,2026,MOV1_FULL,0.68655897353570294,0.31344102646429706,0.029999999999999999,2639
edb12612-b8aa-5dbf-8006-41105573fc60,02545891-beb2-5a1b-89ab-89db0297bc97,2026-08-15,2026,MOV1_FULL,0.68259761806639041,0.31740238193360959,0.029999999999999999,2639
