source_row_number,date,weightclass,fighter,rank,reason,details
25,2013-02-04,Bantamweight,Michael McDonald,2,ambiguous_exact_canonical_name,canonical_candidate_count=2
73,2013-02-04,Middleweight,Costas Philippou,6,unmatched_exact_canonical_name,canonical_candidate_count=0
83,2013-02-04,Light Heavyweight,Antonio Rogerio Nogueira,5,unmatched_exact_canonical_name,canonical_candidate_count=0
123,2013-02-11,Bantamweight,Michael McDonald,2,ambiguous_exact_canonical_name,canonical_candidate_count=2
171,2013-02-11,Middleweight,Costas Philippou,6,unmatched_exact_canonical_name,canonical_candidate_count=0
181,2013-02-11,Light Heavyweight,Antonio Rogerio Nogueira,5,unmatched_exact_canonical_name,canonical_candidate_count=0
222,2013-02-18,Bantamweight,Michael McDonald,3,ambiguous_exact_canonical_name,canonical_candidate_count=2
268,2013-02-18,Middleweight,Costas Philippou,5,unmatched_exact_canonical_name,canonical_candidate_count=0
279,2013-02-18,Light Heavyweight,Antonio Rogerio Nogueira,5,unmatched_exact_canonical_name,canonical_candidate_count=0
320,2013-02-25,Bantamweight,Michael McDonald,3,ambiguous_exact_canonical_name,canonical_candidate_count=2
366,2013-02-25,Middleweight,Costas Philippou,5,unmatched_exact_canonical_name,canonical_candidate_count=0
371,2013-02-25,Middleweight,Ronaldo Souza,10,unmatched_exact_canonical_name,canonical_candidate_count=0
377,2013-02-25,Light Heavyweight,Antonio Rogerio Nogueira,5,unmatched_exact_canonical_name,canonical_candidate_count=0
418,2013-03-04,Bantamweight,Michael McDonald,3,ambiguous_exact_canonical_name,canonical_candidate_count=2
465,2013-03-04,Middleweight,Costas Philippou,6,unmatched_exact_canonical_name,canonical_candidate_count=0
467,2013-03-04,Middleweight,Ronaldo Souza,8,unmatched_exact_canonical_name,canonical_candidate_count=0
475,2013-03-04,Light Heavyweight,Antonio Rogerio Nogueira,5,unmatched_exact_canonical_name,canonical_candidate_count=0
526,2013-03-18,Bantamweight,Michael McDonald,3,ambiguous_exact_canonical_name,canonical_candidate_count=2
572,2013-03-18,Middleweight,Costas Philippou,5,unmatched_exact_canonical_name,canonical_candidate_count=0
576,2013-03-18,Middleweight,Ronaldo Souza,9,unmatched_exact_canonical_name,canonical_candidate_count=0
583,2013-03-18,Light Heavyweight,Antonio Rogerio Nogueira,5,unmatched_exact_canonical_name,canonical_candidate_count=0
635,2013-04-08,Bantamweight,Michael McDonald,3,ambiguous_exact_canonical_name,canonical_candidate_count=2
682,2013-04-08,Middleweight,Costas Philippou,6,unmatched_exact_canonical_name,canonical_candidate_count=0
684,2013-04-08,Middleweight,Ronaldo Souza,8,unmatched_exact_canonical_name,canonical_candidate_count=0
692,2013-04-08,Light Heavyweight,Antonio Rogerio Nogueira,5,unmatched_exact_canonical_name,canonical_candidate_count=0
744,2013-04-15,Bantamweight,Michael McDonald,3,ambiguous_exact_canonical_name,canonical_candidate_count=2
791,2013-04-15,Middleweight,Costas Philippou,6,unmatched_exact_canonical_name,canonical_candidate_count=0
793,2013-04-15,Middleweight,Ronaldo Souza,8,unmatched_exact_canonical_name,canonical_candidate_count=0
801,2013-04-15,Light Heavyweight,Antonio Rogerio Nogueira,5,unmatched_exact_canonical_name,canonical_candidate_count=0
854,2013-04-22,Bantamweight,Michael McDonald,3,ambiguous_exact_canonical_name,canonical_candidate_count=2
901,2013-04-22,Middleweight,Costas Philippou,6,unmatched_exact_canonical_name,canonical_candidate_count=0
903,2013-04-22,Middleweight,Ronaldo Souza,8,unmatched_exact_canonical_name,canonical_candidate_count=0
911,2013-04-22,Light Heavyweight,Antonio Rogerio Nogueira,5,unmatched_exact_canonical_name,canonical_candidate_count=0
963,2013-04-29,Bantamweight,Michael McDonald,3,ambiguous_exact_canonical_name,canonical_candidate_count=2
1010,2013-04-29,Middleweight,Costas Philippou,6,unmatched_exact_canonical_name,canonical_candidate_count=0
1012,2013-04-29,Middleweight,Ronaldo Souza,8,unmatched_exact_canonical_name,canonical_candidate_count=0
1020,2013-04-29,Light Heavyweight,Antonio Rogerio Nogueira,5,unmatched_exact_canonical_name,canonical_candidate_count=0
1072,2013-05-21,Bantamweight,Michael McDonald,3,ambiguous_exact_canonical_name,canonical_candidate_count=2
1118,2013-05-21,Middleweight,Costas Philippou,5,unmatched_exact_canonical_name,canonical_candidate_count=0
1119,2013-05-21,Middleweight,Ronaldo Souza,6,unmatched_exact_canonical_name,canonical_candidate_count=0
1129,2013-05-21,Light Heavyweight,Antonio Rogerio Nogueira,5,unmatched_exact_canonical_name,canonical_candidate_count=0
1181,2013-05-28,Bantamweight,Michael McDonald,3,ambiguous_exact_canonical_name,canonical_candidate_count=2
1227,2013-05-28,Middleweight,Ronaldo Souza,5,unmatched_exact_canonical_name,canonical_candidate_count=0
1228,2013-05-28,Middleweight,Costas Philippou,6,unmatched_exact_canonical_name,canonical_candidate_count=0
1238,2013-05-28,Light Heavyweight,Antonio Rogerio Nogueira,5,unmatched_exact_canonical_name,canonical_candidate_count=0
1290,2013-06-10,Bantamweight,Michael McDonald,3,ambiguous_exact_canonical_name,canonical_candidate_count=2
1336,2013-06-10,Middleweight,Ronaldo Souza,5,unmatched_exact_canonical_name,canonical_candidate_count=0
1337,2013-06-10,Middleweight,Costas Philippou,6,unmatched_exact_canonical_name,canonical_candidate_count=0
1347,2013-06-10,Light Heavyweight,Antonio Rogerio Nogueira,5,unmatched_exact_canonical_name,canonical_candidate_count=0
1399,2013-06-18,Bantamweight,Michael McDonald,3,ambiguous_exact_canonical_name,canonical_candidate_count=2
1445,2013-06-18,Middleweight,Ronaldo Souza,5,unmatched_exact_canonical_name,canonical_candidate_count=0
1446,2013-06-18,Middleweight,Costas Philippou,6,unmatched_exact_canonical_name,canonical_candidate_count=0
1456,2013-06-18,Light Heavyweight,Antonio Rogerio Nogueira,5,unmatched_exact_canonical_name,canonical_candidate_count=0
1508,2013-07-08,Bantamweight,Michael McDonald,3,ambiguous_exact_canonical_name,canonical_candidate_count=2
1554,2013-07-08,Middleweight,Ronaldo Souza,5,unmatched_exact_canonical_name,canonical_candidate_count=0
1556,2013-07-08,Middleweight,Costas Philippou,7,unmatched_exact_canonical_name,canonical_candidate_count=0
1565,2013-07-08,Light Heavyweight,Antonio Rogerio Nogueira,5,unmatched_exact_canonical_name,canonical_candidate_count=0
1617,2013-07-29,Bantamweight,Michael McDonald,3,ambiguous_exact_canonical_name,canonical_candidate_count=2
1663,2013-07-29,Middleweight,Ronaldo Souza,5,unmatched_exact_canonical_name,canonical_candidate_count=0
1665,2013-07-29,Middleweight,Costas Philippou,7,unmatched_exact_canonical_name,canonical_candidate_count=0
1674,2013-07-29,Light Heavyweight,Antonio Rogerio Nogueira,5,unmatched_exact_canonical_name,canonical_candidate_count=0
1726,2013-08-05,Bantamweight,Michael McDonald,3,ambiguous_exact_canonical_name,canonical_candidate_count=2
1772,2013-08-05,Middleweight,Ronaldo Souza,5,unmatched_exact_canonical_name,canonical_candidate_count=0
1774,2013-08-05,Middleweight,Costas Philippou,7,unmatched_exact_canonical_name,canonical_candidate_count=0
1784,2013-08-05,Light Heavyweight,Antonio Rogerio Nogueira,6,unmatched_exact_canonical_name,canonical_candidate_count=0
1835,2013-08-19,Bantamweight,Michael McDonald,3,ambiguous_exact_canonical_name,canonical_candidate_count=2
1881,2013-08-19,Middleweight,Ronaldo Souza,5,unmatched_exact_canonical_name,canonical_candidate_count=0
1883,2013-08-19,Middleweight,Costas Philippou,7,unmatched_exact_canonical_name,canonical_candidate_count=0
1893,2013-08-19,Light Heavyweight,Antonio Rogerio Nogueira,6,unmatched_exact_canonical_name,canonical_candidate_count=0
1944,2013-08-30,Bantamweight,Michael McDonald,3,ambiguous_exact_canonical_name,canonical_candidate_count=2
1990,2013-08-30,Middleweight,Ronaldo Souza,5,unmatched_exact_canonical_name,canonical_candidate_count=0
1992,2013-08-30,Middleweight,Costas Philippou,7,unmatched_exact_canonical_name,canonical_candidate_count=0
2002,2013-08-30,Light Heavyweight,Antonio Rogerio Nogueira,6,unmatched_exact_canonical_name,canonical_candidate_count=0
2053,2013-09-02,Bantamweight,Michael McDonald,3,ambiguous_exact_canonical_name,canonical_candidate_count=2
2099,2013-09-02,Middleweight,Ronaldo Souza,5,unmatched_exact_canonical_name,canonical_candidate_count=0
2101,2013-09-02,Middleweight,Costas Philippou,7,unmatched_exact_canonical_name,canonical_candidate_count=0
2111,2013-09-02,Light Heavyweight,Antonio Rogerio Nogueira,6,unmatched_exact_canonical_name,canonical_candidate_count=0
2162,2013-09-06,Bantamweight,Michael McDonald,3,ambiguous_exact_canonical_name,canonical_candidate_count=2
2206,2013-09-06,Middleweight,Ronaldo Souza,3,unmatched_exact_canonical_name,canonical_candidate_count=0
2210,2013-09-06,Middleweight,Costas Philippou,7,unmatched_exact_canonical_name,canonical_candidate_count=0
2220,2013-09-06,Light Heavyweight,Antonio Rogerio Nogueira,6,unmatched_exact_canonical_name,canonical_candidate_count=0
2271,2013-09-23,Bantamweight,Michael McDonald,3,ambiguous_exact_canonical_name,canonical_candidate_count=2
2315,2013-09-23,Middleweight,Ronaldo Souza,3,unmatched_exact_canonical_name,canonical_candidate_count=0
2320,2013-09-23,Middleweight,Costas Philippou,8,unmatched_exact_canonical_name,canonical_candidate_count=0
2329,2013-09-23,Light Heavyweight,Antonio Rogerio Nogueira,6,unmatched_exact_canonical_name,canonical_candidate_count=0
2380,2013-10-11,Bantamweight,Michael McDonald,3,ambiguous_exact_canonical_name,canonical_candidate_count=2
2424,2013-10-11,Middleweight,Ronaldo Souza,3,unmatched_exact_canonical_name,canonical_candidate_count=0
2429,2013-10-11,Middleweight,Costas Philippou,8,unmatched_exact_canonical_name,canonical_candidate_count=0
2438,2013-10-11,Light Heavyweight,Antonio Rogerio Nogueira,6,unmatched_exact_canonical_name,canonical_candidate_count=0
2489,2013-10-21,Bantamweight,Michael McDonald,3,ambiguous_exact_canonical_name,canonical_candidate_count=2
2533,2013-10-21,Middleweight,Ronaldo Souza,3,unmatched_exact_canonical_name,canonical_candidate_count=0
2538,2013-10-21,Middleweight,Costas Philippou,8,unmatched_exact_canonical_name,canonical_candidate_count=0
2546,2013-10-21,Light Heavyweight,Antonio Rogerio Nogueira,5,unmatched_exact_canonical_name,canonical_candidate_count=0
2598,2013-10-28,Bantamweight,Michael McDonald,3,ambiguous_exact_canonical_name,canonical_candidate_count=2
2642,2013-10-28,Middleweight,Ronaldo Souza,3,unmatched_exact_canonical_name,canonical_candidate_count=0
2648,2013-10-28,Middleweight,Costas Philippou,9,unmatched_exact_canonical_name,canonical_candidate_count=0
2655,2013-10-28,Light Heavyweight,Antonio Rogerio Nogueira,5,unmatched_exact_canonical_name,canonical_candidate_count=0
2707,2013-11-08,Bantamweight,Michael McDonald,3,ambiguous_exact_canonical_name,canonical_candidate_count=2
2751,2013-11-08,Middleweight,Ronaldo Souza,3,unmatched_exact_canonical_name,canonical_candidate_count=0
2757,2013-11-08,Middleweight,Costas Philippou,9,unmatched_exact_canonical_name,canonical_candidate_count=0
2764,2013-11-08,Light Heavyweight,Antonio Rogerio Nogueira,5,unmatched_exact_canonical_name,canonical_candidate_count=0
2816,2013-11-11,Bantamweight,Michael McDonald,3,ambiguous_exact_canonical_name,canonical_candidate_count=2
2860,2013-11-11,Middleweight,Ronaldo Souza,3,unmatched_exact_canonical_name,canonical_candidate_count=0
2866,2013-11-11,Middleweight,Costas Philippou,9,unmatched_exact_canonical_name,canonical_candidate_count=0
2873,2013-11-11,Light Heavyweight,Antonio Rogerio Nogueira,5,unmatched_exact_canonical_name,canonical_candidate_count=0
2925,2013-11-18,Bantamweight,Michael McDonald,3,ambiguous_exact_canonical_name,canonical_candidate_count=2
2969,2013-11-18,Middleweight,Ronaldo Souza,3,unmatched_exact_canonical_name,canonical_candidate_count=0
2975,2013-11-18,Middleweight,Costas Philippou,9,unmatched_exact_canonical_name,canonical_candidate_count=0
2982,2013-11-18,Light Heavyweight,Antonio Rogerio Nogueira,5,unmatched_exact_canonical_name,canonical_candidate_count=0
3034,2013-12-03,Bantamweight,Michael McDonald,3,ambiguous_exact_canonical_name,canonical_candidate_count=2
3078,2013-12-03,Middleweight,Ronaldo Souza,3,unmatched_exact_canonical_name,canonical_candidate_count=0
3084,2013-12-03,Middleweight,Costas Philippou,9,unmatched_exact_canonical_name,canonical_candidate_count=0
3091,2013-12-03,Light Heavyweight,Antonio Rogerio Nogueira,5,unmatched_exact_canonical_name,canonical_candidate_count=0
3143,2013-12-09,Bantamweight,Michael McDonald,3,ambiguous_exact_canonical_name,canonical_candidate_count=2
3187,2013-12-09,Middleweight,Ronaldo Souza,3,unmatched_exact_canonical_name,canonical_candidate_count=0
3194,2013-12-09,Middleweight,Costas Philippou,10,unmatched_exact_canonical_name,canonical_candidate_count=0
3200,2013-12-09,Light Heavyweight,Antonio Rogerio Nogueira,5,unmatched_exact_canonical_name,canonical_candidate_count=0
3252,2013-12-16,Bantamweight,Michael McDonald,3,ambiguous_exact_canonical_name,canonical_candidate_count=2
3282,2013-12-16,Welterweight,NA,0,unmatched_exact_canonical_name,canonical_candidate_count=0
3296,2013-12-16,Middleweight,Ronaldo Souza,3,unmatched_exact_canonical_name,canonical_candidate_count=0
3303,2013-12-16,Middleweight,Costas Philippou,10,unmatched_exact_canonical_name,canonical_candidate_count=0
3309,2013-12-16,Light Heavyweight,Antonio Rogerio Nogueira,5,unmatched_exact_canonical_name,canonical_candidate_count=0
3371,2013-12-30,Bantamweight,Michael McDonald,3,ambiguous_exact_canonical_name,canonical_candidate_count=2
3379,2013-12-30,Bantamweight,Francisco Rivera Jr.,11,unmatched_exact_canonical_name,canonical_candidate_count=0
3416,2013-12-30,Welterweight,NA,0,unmatched_exact_canonical_name,canonical_candidate_count=0
3435,2013-12-30,Middleweight,Ronaldo Souza,3,unmatched_exact_canonical_name,canonical_candidate_count=0
3442,2013-12-30,Middleweight,Costas Philippou,10,unmatched_exact_canonical_name,canonical_candidate_count=0
3453,2013-12-30,Light Heavyweight,Antonio Rogerio Nogueira,5,unmatched_exact_canonical_name,canonical_candidate_count=0
3529,2014-01-07,Bantamweight,Michael McDonald,2,ambiguous_exact_canonical_name,canonical_candidate_count=2
3537,2014-01-07,Bantamweight,Francisco Rivera Jr.,10,unmatched_exact_canonical_name,canonical_candidate_count=0
3575,2014-01-07,Welterweight,NA,0,unmatched_exact_canonical_name,canonical_candidate_count=0
3594,2014-01-07,Middleweight,Ronaldo Souza,3,unmatched_exact_canonical_name,canonical_candidate_count=0
3601,2014-01-07,Middleweight,Costas Philippou,10,unmatched_exact_canonical_name,canonical_candidate_count=0
3612,2014-01-07,Light Heavyweight,Antonio Rogerio Nogueira,5,unmatched_exact_canonical_name,canonical_candidate_count=0
3688,2014-01-17,Bantamweight,Michael McDonald,2,ambiguous_exact_canonical_name,canonical_candidate_count=2
3696,2014-01-17,Bantamweight,Francisco Rivera Jr.,10,unmatched_exact_canonical_name,canonical_candidate_count=0
3734,2014-01-17,Welterweight,NA,0,unmatched_exact_canonical_name,canonical_candidate_count=0
3753,2014-01-17,Middleweight,Ronaldo Souza,3,unmatched_exact_canonical_name,canonical_candidate_count=0
3760,2014-01-17,Middleweight,Costas Philippou,10,unmatched_exact_canonical_name,canonical_candidate_count=0
3771,2014-01-17,Light Heavyweight,Antonio Rogerio Nogueira,5,unmatched_exact_canonical_name,canonical_candidate_count=0
3847,2014-01-27,Bantamweight,Michael McDonald,2,ambiguous_exact_canonical_name,canonical_candidate_count=2
3856,2014-01-27,Bantamweight,Francisco Rivera Jr.,11,unmatched_exact_canonical_name,canonical_candidate_count=0
3893,2014-01-27,Welterweight,NA,0,unmatched_exact_canonical_name,canonical_candidate_count=0
3912,2014-01-27,Middleweight,Ronaldo Souza,3,unmatched_exact_canonical_name,canonical_candidate_count=0
3919,2014-01-27,Middleweight,Costas Philippou,10,unmatched_exact_canonical_name,canonical_candidate_count=0
3930,2014-01-27,Light Heavyweight,Antonio Rogerio Nogueira,5,unmatched_exact_canonical_name,canonical_candidate_count=0
4006,2014-02-03,Bantamweight,Michael McDonald,2,ambiguous_exact_canonical_name,canonical_candidate_count=2
4015,2014-02-03,Bantamweight,Francisco Rivera Jr.,11,unmatched_exact_canonical_name,canonical_candidate_count=0
4052,2014-02-03,Welterweight,NA,0,unmatched_exact_canonical_name,canonical_candidate_count=0
4071,2014-02-03,Middleweight,Ronaldo Souza,3,unmatched_exact_canonical_name,canonical_candidate_count=0
4078,2014-02-03,Middleweight,Costas Philippou,10,unmatched_exact_canonical_name,canonical_candidate_count=0
4089,2014-02-03,Light Heavyweight,Antonio Rogerio Nogueira,5,unmatched_exact_canonical_name,canonical_candidate_count=0
4166,2014-02-17,Bantamweight,Michael McDonald,2,ambiguous_exact_canonical_name,canonical_candidate_count=2
4175,2014-02-17,Bantamweight,Francisco Rivera Jr.,11,unmatched_exact_canonical_name,canonical_candidate_count=0
4212,2014-02-17,Welterweight,NA,0,unmatched_exact_canonical_name,canonical_candidate_count=0
4232,2014-02-17,Middleweight,Ronaldo Souza,4,unmatched_exact_canonical_name,canonical_candidate_count=0
4238,2014-02-17,Middleweight,Costas Philippou,10,unmatched_exact_canonical_name,canonical_candidate_count=0
4249,2014-02-17,Light Heavyweight,Antonio Rogerio Nogueira,5,unmatched_exact_canonical_name,canonical_candidate_count=0
4325,2014-02-18,Bantamweight,Michael McDonald,2,ambiguous_exact_canonical_name,canonical_candidate_count=2
4334,2014-02-18,Bantamweight,Francisco Rivera Jr.,11,unmatched_exact_canonical_name,canonical_candidate_count=0
4371,2014-02-18,Welterweight,NA,0,unmatched_exact_canonical_name,canonical_candidate_count=0
4391,2014-02-18,Middleweight,Ronaldo Souza,4,unmatched_exact_canonical_name,canonical_candidate_count=0
4397,2014-02-18,Middleweight,Costas Philippou,10,unmatched_exact_canonical_name,canonical_candidate_count=0
4408,2014-02-18,Light Heavyweight,Antonio Rogerio Nogueira,5,unmatched_exact_canonical_name,canonical_candidate_count=0
4484,2014-02-24,Bantamweight,Michael McDonald,2,ambiguous_exact_canonical_name,canonical_candidate_count=2
4493,2014-02-24,Bantamweight,Francisco Rivera Jr.,11,unmatched_exact_canonical_name,canonical_candidate_count=0
4530,2014-02-24,Welterweight,NA,0,unmatched_exact_canonical_name,canonical_candidate_count=0
4550,2014-02-24,Middleweight,Ronaldo Souza,4,unmatched_exact_canonical_name,canonical_candidate_count=0
4556,2014-02-24,Middleweight,Costas Philippou,10,unmatched_exact_canonical_name,canonical_candidate_count=0
4567,2014-02-24,Light Heavyweight,Antonio Rogerio Nogueira,5,unmatched_exact_canonical_name,canonical_candidate_count=0
4643,2014-02-25,Bantamweight,Michael McDonald,2,ambiguous_exact_canonical_name,canonical_candidate_count=2
4652,2014-02-25,Bantamweight,Francisco Rivera Jr.,11,unmatched_exact_canonical_name,canonical_candidate_count=0
4689,2014-02-25,Welterweight,NA,0,unmatched_exact_canonical_name,canonical_candidate_count=0
4709,2014-02-25,Middleweight,Ronaldo Souza,4,unmatched_exact_canonical_name,canonical_candidate_count=0
4715,2014-02-25,Middleweight,Costas Philippou,10,unmatched_exact_canonical_name,canonical_candidate_count=0
4726,2014-02-25,Light Heavyweight,Antonio Rogerio Nogueira,5,unmatched_exact_canonical_name,canonical_candidate_count=0
4802,2014-03-03,Bantamweight,Michael McDonald,2,ambiguous_exact_canonical_name,canonical_candidate_count=2
4811,2014-03-03,Bantamweight,Francisco Rivera Jr.,11,unmatched_exact_canonical_name,canonical_candidate_count=0
4848,2014-03-03,Welterweight,NA,0,unmatched_exact_canonical_name,canonical_candidate_count=0
4868,2014-03-03,Middleweight,Ronaldo Souza,4,unmatched_exact_canonical_name,canonical_candidate_count=0
4874,2014-03-03,Middleweight,Costas Philippou,10,unmatched_exact_canonical_name,canonical_candidate_count=0
4886,2014-03-03,Light Heavyweight,Antonio Rogerio Nogueira,6,unmatched_exact_canonical_name,canonical_candidate_count=0
4961,2014-03-04,Bantamweight,Michael McDonald,2,ambiguous_exact_canonical_name,canonical_candidate_count=2
4970,2014-03-04,Bantamweight,Francisco Rivera Jr.,11,unmatched_exact_canonical_name,canonical_candidate_count=0
5007,2014-03-04,Welterweight,NA,0,unmatched_exact_canonical_name,canonical_candidate_count=0
5027,2014-03-04,Middleweight,Ronaldo Souza,4,unmatched_exact_canonical_name,canonical_candidate_count=0
5033,2014-03-04,Middleweight,Costas Philippou,10,unmatched_exact_canonical_name,canonical_candidate_count=0
5045,2014-03-04,Light Heavyweight,Antonio Rogerio Nogueira,6,unmatched_exact_canonical_name,canonical_candidate_count=0
5120,2014-03-10,Bantamweight,Michael McDonald,2,ambiguous_exact_canonical_name,canonical_candidate_count=2
5129,2014-03-10,Bantamweight,Francisco Rivera Jr.,11,unmatched_exact_canonical_name,canonical_candidate_count=0
5166,2014-03-10,Welterweight,NA,0,unmatched_exact_canonical_name,canonical_candidate_count=0
5186,2014-03-10,Middleweight,Ronaldo Souza,4,unmatched_exact_canonical_name,canonical_candidate_count=0
5192,2014-03-10,Middleweight,Costas Philippou,10,unmatched_exact_canonical_name,canonical_candidate_count=0
5204,2014-03-10,Light Heavyweight,Antonio Rogerio Nogueira,6,unmatched_exact_canonical_name,canonical_candidate_count=0
5279,2014-03-17,Bantamweight,Michael McDonald,2,ambiguous_exact_canonical_name,canonical_candidate_count=2
5287,2014-03-17,Bantamweight,Francisco Rivera Jr.,10,unmatched_exact_canonical_name,canonical_candidate_count=0
5345,2014-03-17,Middleweight,Ronaldo Souza,4,unmatched_exact_canonical_name,canonical_candidate_count=0
5351,2014-03-17,Middleweight,Costas Philippou,10,unmatched_exact_canonical_name,canonical_candidate_count=0
5363,2014-03-17,Light Heavyweight,Antonio Rogerio Nogueira,6,unmatched_exact_canonical_name,canonical_candidate_count=0
5438,2014-03-24,Bantamweight,Michael McDonald,2,ambiguous_exact_canonical_name,canonical_candidate_count=2
5446,2014-03-24,Bantamweight,Francisco Rivera Jr.,10,unmatched_exact_canonical_name,canonical_candidate_count=0
5504,2014-03-24,Middleweight,Ronaldo Souza,4,unmatched_exact_canonical_name,canonical_candidate_count=0
5510,2014-03-24,Middleweight,Costas Philippou,10,unmatched_exact_canonical_name,canonical_candidate_count=0
5597,2014-03-25,Bantamweight,Michael McDonald,2,ambiguous_exact_canonical_name,canonical_candidate_count=2
5605,2014-03-25,Bantamweight,Francisco Rivera Jr.,10,unmatched_exact_canonical_name,canonical_candidate_count=0
5663,2014-03-25,Middleweight,Ronaldo Souza,4,unmatched_exact_canonical_name,canonical_candidate_count=0
5669,2014-03-25,Middleweight,Costas Philippou,10,unmatched_exact_canonical_name,canonical_candidate_count=0
5682,2014-03-25,Light Heavyweight,Antonio Rogerio Nogueira,7,unmatched_exact_canonical_name,canonical_candidate_count=0
5756,2014-04-14,Bantamweight,Michael McDonald,2,ambiguous_exact_canonical_name,canonical_candidate_count=2
5764,2014-04-14,Bantamweight,Francisco Rivera Jr.,10,unmatched_exact_canonical_name,canonical_candidate_count=0
5822,2014-04-14,Middleweight,Ronaldo Souza,4,unmatched_exact_canonical_name,canonical_candidate_count=0
5829,2014-04-14,Middleweight,Costas Philippou,11,unmatched_exact_canonical_name,canonical_candidate_count=0
5915,2014-04-18,Bantamweight,Michael McDonald,2,ambiguous_exact_canonical_name,canonical_candidate_count=2
5923,2014-04-18,Bantamweight,Francisco Rivera Jr.,10,unmatched_exact_canonical_name,canonical_candidate_count=0
5981,2014-04-18,Middleweight,Ronaldo Souza,4,unmatched_exact_canonical_name,canonical_candidate_count=0
5987,2014-04-18,Middleweight,Costas Philippou,10,unmatched_exact_canonical_name,canonical_candidate_count=0
6075,2014-04-21,Bantamweight,Michael McDonald,3,ambiguous_exact_canonical_name,canonical_candidate_count=2
6083,2014-04-21,Bantamweight,Francisco Rivera Jr.,11,unmatched_exact_canonical_name,canonical_candidate_count=0
6140,2014-04-21,Middleweight,Ronaldo Souza,4,unmatched_exact_canonical_name,canonical_candidate_count=0
6148,2014-04-21,Middleweight,Costas Philippou,12,unmatched_exact_canonical_name,canonical_candidate_count=0
6234,2014-04-28,Bantamweight,Michael McDonald,3,ambiguous_exact_canonical_name,canonical_candidate_count=2
6242,2014-04-28,Bantamweight,Francisco Rivera Jr.,11,unmatched_exact_canonical_name,canonical_candidate_count=0
6300,2014-04-28,Middleweight,Ronaldo Souza,4,unmatched_exact_canonical_name,canonical_candidate_count=0
6308,2014-04-28,Middleweight,Costas Philippou,12,unmatched_exact_canonical_name,canonical_candidate_count=0
6394,2014-05-05,Bantamweight,Michael McDonald,3,ambiguous_exact_canonical_name,canonical_candidate_count=2
6402,2014-05-05,Bantamweight,Francisco Rivera Jr.,11,unmatched_exact_canonical_name,canonical_candidate_count=0
6459,2014-05-05,Middleweight,Ronaldo Souza,4,unmatched_exact_canonical_name,canonical_candidate_count=0
6467,2014-05-05,Middleweight,Costas Philippou,12,unmatched_exact_canonical_name,canonical_candidate_count=0
6553,2014-05-06,Bantamweight,Michael McDonald,3,ambiguous_exact_canonical_name,canonical_candidate_count=2
6561,2014-05-06,Bantamweight,Francisco Rivera Jr.,11,unmatched_exact_canonical_name,canonical_candidate_count=0
6618,2014-05-06,Middleweight,Ronaldo Souza,4,unmatched_exact_canonical_name,canonical_candidate_count=0
6626,2014-05-06,Middleweight,Costas Philippou,12,unmatched_exact_canonical_name,canonical_candidate_count=0
6712,2014-05-12,Bantamweight,Michael McDonald,3,ambiguous_exact_canonical_name,canonical_candidate_count=2
6719,2014-05-12,Bantamweight,Francisco Rivera Jr.,10,unmatched_exact_canonical_name,canonical_candidate_count=0
6777,2014-05-12,Middleweight,Ronaldo Souza,4,unmatched_exact_canonical_name,canonical_candidate_count=0
6783,2014-05-12,Middleweight,Costas Philippou,10,unmatched_exact_canonical_name,canonical_candidate_count=0
6872,2014-05-26,Bantamweight,Michael McDonald,4,ambiguous_exact_canonical_name,canonical_candidate_count=2
6880,2014-05-26,Bantamweight,Francisco Rivera Jr.,12,unmatched_exact_canonical_name,canonical_candidate_count=0
6936,2014-05-26,Middleweight,Ronaldo Souza,4,unmatched_exact_canonical_name,canonical_candidate_count=0
6942,2014-05-26,Middleweight,Costas Philippou,10,unmatched_exact_canonical_name,canonical_candidate_count=0
7031,2014-05-28,Bantamweight,Michael McDonald,4,ambiguous_exact_canonical_name,canonical_candidate_count=2
7039,2014-05-28,Bantamweight,Francisco Rivera Jr.,12,unmatched_exact_canonical_name,canonical_candidate_count=0
7095,2014-05-28,Middleweight,Ronaldo Souza,4,unmatched_exact_canonical_name,canonical_candidate_count=0
7101,2014-05-28,Middleweight,Costas Philippou,10,unmatched_exact_canonical_name,canonical_candidate_count=0
7190,2014-06-02,Bantamweight,Michael McDonald,4,ambiguous_exact_canonical_name,canonical_candidate_count=2
7197,2014-06-02,Bantamweight,Francisco Rivera Jr.,11,unmatched_exact_canonical_name,canonical_candidate_count=0
7254,2014-06-02,Middleweight,Ronaldo Souza,4,unmatched_exact_canonical_name,canonical_candidate_count=0
7260,2014-06-02,Middleweight,Costas Philippou,10,unmatched_exact_canonical_name,canonical_candidate_count=0
7349,2014-06-09,Bantamweight,Michael McDonald,4,ambiguous_exact_canonical_name,canonical_candidate_count=2
7356,2014-06-09,Bantamweight,Francisco Rivera Jr.,11,unmatched_exact_canonical_name,canonical_candidate_count=0
7413,2014-06-09,Middleweight,Ronaldo Souza,4,unmatched_exact_canonical_name,canonical_candidate_count=0
7418,2014-06-09,Middleweight,Costas Philippou,9,unmatched_exact_canonical_name,canonical_candidate_count=0
7508,2014-06-16,Bantamweight,Michael McDonald,4,ambiguous_exact_canonical_name,canonical_candidate_count=2
7514,2014-06-16,Bantamweight,Francisco Rivera Jr.,10,unmatched_exact_canonical_name,canonical_candidate_count=0
7572,2014-06-16,Middleweight,Ronaldo Souza,4,unmatched_exact_canonical_name,canonical_candidate_count=0
7578,2014-06-16,Middleweight,Costas Philippou,10,unmatched_exact_canonical_name,canonical_candidate_count=0
7667,2014-06-30,Bantamweight,Michael McDonald,4,ambiguous_exact_canonical_name,canonical_candidate_count=2
7673,2014-06-30,Bantamweight,Francisco Rivera Jr.,10,unmatched_exact_canonical_name,canonical_candidate_count=0
7731,2014-06-30,Middleweight,Ronaldo Souza,4,unmatched_exact_canonical_name,canonical_candidate_count=0
7737,2014-06-30,Middleweight,Costas Philippou,10,unmatched_exact_canonical_name,canonical_candidate_count=0
7826,2014-07-08,Bantamweight,Michael McDonald,4,ambiguous_exact_canonical_name,canonical_candidate_count=2
7833,2014-07-08,Bantamweight,Francisco Rivera Jr.,11,unmatched_exact_canonical_name,canonical_candidate_count=0
7890,2014-07-08,Middleweight,Ronaldo Souza,4,unmatched_exact_canonical_name,canonical_candidate_count=0
7896,2014-07-08,Middleweight,Costas Philippou,10,unmatched_exact_canonical_name,canonical_candidate_count=0
7985,2014-07-21,Bantamweight,Michael McDonald,4,ambiguous_exact_canonical_name,canonical_candidate_count=2
7992,2014-07-21,Bantamweight,Francisco Rivera Jr.,11,unmatched_exact_canonical_name,canonical_candidate_count=0
8049,2014-07-21,Middleweight,Ronaldo Souza,4,unmatched_exact_canonical_name,canonical_candidate_count=0
8055,2014-07-21,Middleweight,Costas Philippou,10,unmatched_exact_canonical_name,canonical_candidate_count=0
8144,2014-07-28,Bantamweight,Michael McDonald,4,ambiguous_exact_canonical_name,canonical_candidate_count=2
8151,2014-07-28,Bantamweight,Francisco Rivera Jr.,11,unmatched_exact_canonical_name,canonical_candidate_count=0
8208,2014-07-28,Middleweight,Ronaldo Souza,4,unmatched_exact_canonical_name,canonical_candidate_count=0
8214,2014-07-28,Middleweight,Costas Philippou,10,unmatched_exact_canonical_name,canonical_candidate_count=0
8234,2014-07-28,Light Heavyweight,Antonio Rogerio Nogueira,14,unmatched_exact_canonical_name,canonical_candidate_count=0
8303,2014-08-18,Bantamweight,Michael McDonald,4,ambiguous_exact_canonical_name,canonical_candidate_count=2
8310,2014-08-18,Bantamweight,Francisco Rivera Jr.,11,unmatched_exact_canonical_name,canonical_candidate_count=0
8367,2014-08-18,Middleweight,Ronaldo Souza,4,unmatched_exact_canonical_name,canonical_candidate_count=0
8373,2014-08-18,Middleweight,Costas Philippou,10,unmatched_exact_canonical_name,canonical_candidate_count=0
8393,2014-08-18,Light Heavyweight,Antonio Rogerio Nogueira,14,unmatched_exact_canonical_name,canonical_candidate_count=0
8462,2014-08-25,Bantamweight,Michael McDonald,4,ambiguous_exact_canonical_name,canonical_candidate_count=2
8469,2014-08-25,Bantamweight,Francisco Rivera Jr.,11,unmatched_exact_canonical_name,canonical_candidate_count=0
8526,2014-08-25,Middleweight,Ronaldo Souza,4,unmatched_exact_canonical_name,canonical_candidate_count=0
8533,2014-08-25,Middleweight,Costas Philippou,11,unmatched_exact_canonical_name,canonical_candidate_count=0
8552,2014-08-25,Light Heavyweight,Antonio Rogerio Nogueira,14,unmatched_exact_canonical_name,canonical_candidate_count=0
8621,2014-09-01,Bantamweight,Michael McDonald,4,ambiguous_exact_canonical_name,canonical_candidate_count=2
8628,2014-09-01,Bantamweight,Francisco Rivera Jr.,11,unmatched_exact_canonical_name,canonical_candidate_count=0
8685,2014-09-01,Middleweight,Ronaldo Souza,4,unmatched_exact_canonical_name,canonical_candidate_count=0
8692,2014-09-01,Middleweight,Costas Philippou,11,unmatched_exact_canonical_name,canonical_candidate_count=0
8711,2014-09-01,Light Heavyweight,Antonio Rogerio Nogueira,14,unmatched_exact_canonical_name,canonical_candidate_count=0
8780,2014-09-08,Bantamweight,Michael McDonald,4,ambiguous_exact_canonical_name,canonical_candidate_count=2
8787,2014-09-08,Bantamweight,Francisco Rivera Jr.,11,unmatched_exact_canonical_name,canonical_candidate_count=0
8844,2014-09-08,Middleweight,Ronaldo Souza,4,unmatched_exact_canonical_name,canonical_candidate_count=0
8851,2014-09-08,Middleweight,Costas Philippou,11,unmatched_exact_canonical_name,canonical_candidate_count=0
8870,2014-09-08,Light Heavyweight,Antonio Rogerio Nogueira,14,unmatched_exact_canonical_name,canonical_candidate_count=0
8939,2014-09-09,Bantamweight,Michael McDonald,4,ambiguous_exact_canonical_name,canonical_candidate_count=2
8946,2014-09-09,Bantamweight,Francisco Rivera Jr.,11,unmatched_exact_canonical_name,canonical_candidate_count=0
9001,2014-09-09,Middleweight,Ronaldo Souza,2,unmatched_exact_canonical_name,canonical_candidate_count=0
9010,2014-09-09,Middleweight,Costas Philippou,11,unmatched_exact_canonical_name,canonical_candidate_count=0
9029,2014-09-09,Light Heavyweight,Antonio Rogerio Nogueira,14,unmatched_exact_canonical_name,canonical_candidate_count=0
9098,2014-09-15,Bantamweight,Michael McDonald,4,ambiguous_exact_canonical_name,canonical_candidate_count=2
9105,2014-09-15,Bantamweight,Francisco Rivera Jr.,11,unmatched_exact_canonical_name,canonical_candidate_count=0
9160,2014-09-15,Middleweight,Ronaldo Souza,2,unmatched_exact_canonical_name,canonical_candidate_count=0
9170,2014-09-15,Middleweight,Costas Philippou,12,unmatched_exact_canonical_name,canonical_candidate_count=0
9188,2014-09-15,Light Heavyweight,Antonio Rogerio Nogueira,14,unmatched_exact_canonical_name,canonical_candidate_count=0
9257,2014-09-22,Bantamweight,Michael McDonald,4,ambiguous_exact_canonical_name,canonical_candidate_count=2
9264,2014-09-22,Bantamweight,Francisco Rivera Jr.,11,unmatched_exact_canonical_name,canonical_candidate_count=0
9320,2014-09-22,Middleweight,Ronaldo Souza,2,unmatched_exact_canonical_name,canonical_candidate_count=0
9329,2014-09-22,Middleweight,Costas Philippou,11,unmatched_exact_canonical_name,canonical_candidate_count=0
9349,2014-09-22,Light Heavyweight,Antonio Rogerio Nogueira,14,unmatched_exact_canonical_name,canonical_candidate_count=0
9419,2014-09-29,Bantamweight,Michael McDonald,5,ambiguous_exact_canonical_name,canonical_candidate_count=2
9425,2014-09-29,Bantamweight,Francisco Rivera Jr.,11,unmatched_exact_canonical_name,canonical_candidate_count=0
9480,2014-09-29,Middleweight,Ronaldo Souza,2,unmatched_exact_canonical_name,canonical_candidate_count=0
9490,2014-09-29,Middleweight,Costas Philippou,12,unmatched_exact_canonical_name,canonical_candidate_count=0
9508,2014-09-29,Light Heavyweight,Antonio Rogerio Nogueira,14,unmatched_exact_canonical_name,canonical_candidate_count=0
9578,2014-10-06,Bantamweight,Michael McDonald,5,ambiguous_exact_canonical_name,canonical_candidate_count=2
9584,2014-10-06,Bantamweight,Francisco Rivera Jr.,11,unmatched_exact_canonical_name,canonical_candidate_count=0
9639,2014-10-06,Middleweight,Ronaldo Souza,2,unmatched_exact_canonical_name,canonical_candidate_count=0
9649,2014-10-06,Middleweight,Costas Philippou,12,unmatched_exact_canonical_name,canonical_candidate_count=0
9666,2014-10-06,Light Heavyweight,Antonio Rogerio Nogueira,13,unmatched_exact_canonical_name,canonical_candidate_count=0
9737,2014-10-27,Bantamweight,Michael McDonald,5,ambiguous_exact_canonical_name,canonical_candidate_count=2
9743,2014-10-27,Bantamweight,Francisco Rivera Jr.,11,unmatched_exact_canonical_name,canonical_candidate_count=0
9799,2014-10-27,Middleweight,Ronaldo Souza,2,unmatched_exact_canonical_name,canonical_candidate_count=0
9809,2014-10-27,Middleweight,Costas Philippou,12,unmatched_exact_canonical_name,canonical_candidate_count=0
9826,2014-10-27,Light Heavyweight,Antonio Rogerio Nogueira,13,unmatched_exact_canonical_name,canonical_candidate_count=0
9897,2014-11-10,Bantamweight,Michael McDonald,5,ambiguous_exact_canonical_name,canonical_candidate_count=2
9903,2014-11-10,Bantamweight,Francisco Rivera Jr.,11,unmatched_exact_canonical_name,canonical_candidate_count=0
9959,2014-11-10,Middleweight,Ronaldo Souza,3,unmatched_exact_canonical_name,canonical_candidate_count=0
9968,2014-11-10,Middleweight,Costas Philippou,12,unmatched_exact_canonical_name,canonical_candidate_count=0
9985,2014-11-10,Light Heavyweight,Antonio Rogerio Nogueira,13,unmatched_exact_canonical_name,canonical_candidate_count=0
10056,2014-11-17,Bantamweight,Michael McDonald,5,ambiguous_exact_canonical_name,canonical_candidate_count=2
10062,2014-11-17,Bantamweight,Francisco Rivera Jr.,11,unmatched_exact_canonical_name,canonical_candidate_count=0
10117,2014-11-17,Middleweight,Ronaldo Souza,2,unmatched_exact_canonical_name,canonical_candidate_count=0
10127,2014-11-17,Middleweight,Costas Philippou,12,unmatched_exact_canonical_name,canonical_candidate_count=0
10144,2014-11-17,Light Heavyweight,Antonio Rogerio Nogueira,13,unmatched_exact_canonical_name,canonical_candidate_count=0
10215,2014-11-24,Bantamweight,Michael McDonald,5,ambiguous_exact_canonical_name,canonical_candidate_count=2
10221,2014-11-24,Bantamweight,Francisco Rivera Jr.,11,unmatched_exact_canonical_name,canonical_candidate_count=0
10276,2014-11-24,Middleweight,Ronaldo Souza,2,unmatched_exact_canonical_name,canonical_candidate_count=0
10285,2014-11-24,Middleweight,Costas Philippou,11,unmatched_exact_canonical_name,canonical_candidate_count=0
10304,2014-11-24,Light Heavyweight,Antonio Rogerio Nogueira,14,unmatched_exact_canonical_name,canonical_candidate_count=0
10374,2014-12-08,Bantamweight,Michael McDonald,5,ambiguous_exact_canonical_name,canonical_candidate_count=2
10380,2014-12-08,Bantamweight,Francisco Rivera Jr.,11,unmatched_exact_canonical_name,canonical_candidate_count=0
10435,2014-12-08,Middleweight,Ronaldo Souza,2,unmatched_exact_canonical_name,canonical_candidate_count=0
10445,2014-12-08,Middleweight,Costas Philippou,12,unmatched_exact_canonical_name,canonical_candidate_count=0
10463,2014-12-08,Light Heavyweight,Antonio Rogerio Nogueira,14,unmatched_exact_canonical_name,canonical_candidate_count=0
10533,2014-12-15,Bantamweight,Michael McDonald,5,ambiguous_exact_canonical_name,canonical_candidate_count=2
10539,2014-12-15,Bantamweight,Francisco Rivera Jr.,11,unmatched_exact_canonical_name,canonical_candidate_count=0
10594,2014-12-15,Middleweight,Ronaldo Souza,2,unmatched_exact_canonical_name,canonical_candidate_count=0
10604,2014-12-15,Middleweight,Costas Philippou,12,unmatched_exact_canonical_name,canonical_candidate_count=0
10622,2014-12-15,Light Heavyweight,Antonio Rogerio Nogueira,14,unmatched_exact_canonical_name,canonical_candidate_count=0
10708,2014-12-22,Bantamweight,Michael McDonald,5,ambiguous_exact_canonical_name,canonical_candidate_count=2
10714,2014-12-22,Bantamweight,Francisco Rivera Jr.,11,unmatched_exact_canonical_name,canonical_candidate_count=0
10769,2014-12-22,Middleweight,Ronaldo Souza,2,unmatched_exact_canonical_name,canonical_candidate_count=0
10779,2014-12-22,Middleweight,Costas Philippou,12,unmatched_exact_canonical_name,canonical_candidate_count=0
10797,2014-12-22,Light Heavyweight,Antonio Rogerio Nogueira,14,unmatched_exact_canonical_name,canonical_candidate_count=0
10883,2015-01-05,Bantamweight,Michael McDonald,5,ambiguous_exact_canonical_name,canonical_candidate_count=2
10889,2015-01-05,Bantamweight,Francisco Rivera Jr.,11,unmatched_exact_canonical_name,canonical_candidate_count=0
10944,2015-01-05,Middleweight,Ronaldo Souza,2,unmatched_exact_canonical_name,canonical_candidate_count=0
10954,2015-01-05,Middleweight,Costas Philippou,12,unmatched_exact_canonical_name,canonical_candidate_count=0
10972,2015-01-05,Light Heavyweight,Antonio Rogerio Nogueira,14,unmatched_exact_canonical_name,canonical_candidate_count=0
11058,2015-01-20,Bantamweight,Michael McDonald,5,ambiguous_exact_canonical_name,canonical_candidate_count=2
11064,2015-01-20,Bantamweight,Francisco Rivera Jr.,11,unmatched_exact_canonical_name,canonical_candidate_count=0
11119,2015-01-20,Middleweight,Ronaldo Souza,2,unmatched_exact_canonical_name,canonical_candidate_count=0
11129,2015-01-20,Middleweight,Costas Philippou,12,unmatched_exact_canonical_name,canonical_candidate_count=0
11147,2015-01-20,Light Heavyweight,Antonio Rogerio Nogueira,14,unmatched_exact_canonical_name,canonical_candidate_count=0
11233,2015-01-26,Bantamweight,Michael McDonald,5,ambiguous_exact_canonical_name,canonical_candidate_count=2
11239,2015-01-26,Bantamweight,Francisco Rivera Jr.,11,unmatched_exact_canonical_name,canonical_candidate_count=0
11294,2015-01-26,Middleweight,Ronaldo Souza,2,unmatched_exact_canonical_name,canonical_candidate_count=0
11304,2015-01-26,Middleweight,Costas Philippou,12,unmatched_exact_canonical_name,canonical_candidate_count=0
11321,2015-01-26,Light Heavyweight,Antonio Rogerio Nogueira,13,unmatched_exact_canonical_name,canonical_candidate_count=0
11408,2015-02-02,Bantamweight,Michael McDonald,5,ambiguous_exact_canonical_name,canonical_candidate_count=2
11414,2015-02-02,Bantamweight,Francisco Rivera Jr.,11,unmatched_exact_canonical_name,canonical_candidate_count=0
11469,2015-02-02,Middleweight,Ronaldo Souza,2,unmatched_exact_canonical_name,canonical_candidate_count=0
11479,2015-02-02,Middleweight,Costas Philippou,12,unmatched_exact_canonical_name,canonical_candidate_count=0
11496,2015-02-02,Light Heavyweight,Antonio Rogerio Nogueira,13,unmatched_exact_canonical_name,canonical_candidate_count=0
11583,2015-02-16,Bantamweight,Michael McDonald,5,ambiguous_exact_canonical_name,canonical_candidate_count=2
11589,2015-02-16,Bantamweight,Francisco Rivera Jr.,11,unmatched_exact_canonical_name,canonical_candidate_count=0
11644,2015-02-16,Middleweight,Ronaldo Souza,2,unmatched_exact_canonical_name,canonical_candidate_count=0
11654,2015-02-16,Middleweight,Costas Philippou,12,unmatched_exact_canonical_name,canonical_candidate_count=0
11671,2015-02-16,Light Heavyweight,Antonio Rogerio Nogueira,13,unmatched_exact_canonical_name,canonical_candidate_count=0
11758,2015-02-24,Bantamweight,Michael McDonald,5,ambiguous_exact_canonical_name,canonical_candidate_count=2
11764,2015-02-24,Bantamweight,Francisco Rivera Jr.,11,unmatched_exact_canonical_name,canonical_candidate_count=0
11818,2015-02-24,Middleweight,Ronaldo Souza,1,unmatched_exact_canonical_name,canonical_candidate_count=0
11829,2015-02-24,Middleweight,Costas Philippou,12,unmatched_exact_canonical_name,canonical_candidate_count=0
11846,2015-02-24,Light Heavyweight,Antonio Rogerio Nogueira,13,unmatched_exact_canonical_name,canonical_candidate_count=0
11933,2015-03-02,Bantamweight,Michael McDonald,5,ambiguous_exact_canonical_name,canonical_candidate_count=2
11939,2015-03-02,Bantamweight,Francisco Rivera Jr.,11,unmatched_exact_canonical_name,canonical_candidate_count=0
11993,2015-03-02,Middleweight,Ronaldo Souza,1,unmatched_exact_canonical_name,canonical_candidate_count=0
12004,2015-03-02,Middleweight,Costas Philippou,12,unmatched_exact_canonical_name,canonical_candidate_count=0
12021,2015-03-02,Light Heavyweight,Antonio Rogerio Nogueira,13,unmatched_exact_canonical_name,canonical_candidate_count=0
12108,2015-03-16,Bantamweight,Michael McDonald,5,ambiguous_exact_canonical_name,canonical_candidate_count=2
12114,2015-03-16,Bantamweight,Francisco Rivera Jr.,11,unmatched_exact_canonical_name,canonical_candidate_count=0
12168,2015-03-16,Middleweight,Ronaldo Souza,1,unmatched_exact_canonical_name,canonical_candidate_count=0
12179,2015-03-16,Middleweight,Costas Philippou,12,unmatched_exact_canonical_name,canonical_candidate_count=0
12195,2015-03-16,Light Heavyweight,Antonio Rogerio Nogueira,12,unmatched_exact_canonical_name,canonical_candidate_count=0
12283,2015-03-23,Bantamweight,Michael McDonald,5,ambiguous_exact_canonical_name,canonical_candidate_count=2
12289,2015-03-23,Bantamweight,Francisco Rivera Jr.,11,unmatched_exact_canonical_name,canonical_candidate_count=0
12343,2015-03-23,Middleweight,Ronaldo Souza,1,unmatched_exact_canonical_name,canonical_candidate_count=0
12354,2015-03-23,Middleweight,Costas Philippou,12,unmatched_exact_canonical_name,canonical_candidate_count=0
12370,2015-03-23,Light Heavyweight,Antonio Rogerio Nogueira,12,unmatched_exact_canonical_name,canonical_candidate_count=0
12458,2015-04-06,Bantamweight,Michael McDonald,5,ambiguous_exact_canonical_name,canonical_candidate_count=2
12464,2015-04-06,Bantamweight,Francisco Rivera Jr.,11,unmatched_exact_canonical_name,canonical_candidate_count=0
12518,2015-04-06,Middleweight,Ronaldo Souza,1,unmatched_exact_canonical_name,canonical_candidate_count=0
12529,2015-04-06,Middleweight,Costas Philippou,12,unmatched_exact_canonical_name,canonical_candidate_count=0
12545,2015-04-06,Light Heavyweight,Antonio Rogerio Nogueira,12,unmatched_exact_canonical_name,canonical_candidate_count=0
12633,2015-04-13,Bantamweight,Michael McDonald,5,ambiguous_exact_canonical_name,canonical_candidate_count=2
12639,2015-04-13,Bantamweight,Francisco Rivera Jr.,11,unmatched_exact_canonical_name,canonical_candidate_count=0
12693,2015-04-13,Middleweight,Ronaldo Souza,1,unmatched_exact_canonical_name,canonical_candidate_count=0
12704,2015-04-13,Middleweight,Costas Philippou,12,unmatched_exact_canonical_name,canonical_candidate_count=0
12720,2015-04-13,Light Heavyweight,Antonio Rogerio Nogueira,12,unmatched_exact_canonical_name,canonical_candidate_count=0
12808,2015-04-20,Bantamweight,Michael McDonald,5,ambiguous_exact_canonical_name,canonical_candidate_count=2
12814,2015-04-20,Bantamweight,Francisco Rivera Jr.,11,unmatched_exact_canonical_name,canonical_candidate_count=0
12869,2015-04-20,Middleweight,Ronaldo Souza,2,unmatched_exact_canonical_name,canonical_candidate_count=0
12879,2015-04-20,Middleweight,Costas Philippou,12,unmatched_exact_canonical_name,canonical_candidate_count=0
12894,2015-04-20,Light Heavyweight,Antonio Rogerio Nogueira,11,unmatched_exact_canonical_name,canonical_candidate_count=0
12983,2015-04-27,Bantamweight,Michael McDonald,5,ambiguous_exact_canonical_name,canonical_candidate_count=2
12989,2015-04-27,Bantamweight,Francisco Rivera Jr.,11,unmatched_exact_canonical_name,canonical_candidate_count=0
13044,2015-04-27,Middleweight,Ronaldo Souza,2,unmatched_exact_canonical_name,canonical_candidate_count=0
13054,2015-04-27,Middleweight,Costas Philippou,12,unmatched_exact_canonical_name,canonical_candidate_count=0
13058,2015-04-27,Light Heavyweight,NA,0,unmatched_exact_canonical_name,canonical_candidate_count=0
13070,2015-04-27,Light Heavyweight,Antonio Rogerio Nogueira,12,unmatched_exact_canonical_name,canonical_candidate_count=0
13158,2015-05-11,Bantamweight,Michael McDonald,5,ambiguous_exact_canonical_name,canonical_candidate_count=2
13164,2015-05-11,Bantamweight,Francisco Rivera Jr.,11,unmatched_exact_canonical_name,canonical_candidate_count=0
13219,2015-05-11,Middleweight,Ronaldo Souza,2,unmatched_exact_canonical_name,canonical_candidate_count=0
13229,2015-05-11,Middleweight,Costas Philippou,12,unmatched_exact_canonical_name,canonical_candidate_count=0
13233,2015-05-11,Light Heavyweight,NA,0,unmatched_exact_canonical_name,canonical_candidate_count=0
13245,2015-05-11,Light Heavyweight,Antonio Rogerio Nogueira,12,unmatched_exact_canonical_name,canonical_candidate_count=0
13333,2015-05-18,Bantamweight,Michael McDonald,5,ambiguous_exact_canonical_name,canonical_candidate_count=2
13339,2015-05-18,Bantamweight,Francisco Rivera Jr.,11,unmatched_exact_canonical_name,canonical_candidate_count=0
13394,2015-05-18,Middleweight,Ronaldo Souza,2,unmatched_exact_canonical_name,canonical_candidate_count=0
13404,2015-05-18,Middleweight,Costas Philippou,12,unmatched_exact_canonical_name,canonical_candidate_count=0
13408,2015-05-18,Light Heavyweight,NA,0,unmatched_exact_canonical_name,canonical_candidate_count=0
13420,2015-05-18,Light Heavyweight,Antonio Rogerio Nogueira,12,unmatched_exact_canonical_name,canonical_candidate_count=0
13508,2015-05-25,Bantamweight,Michael McDonald,5,ambiguous_exact_canonical_name,canonical_candidate_count=2
13514,2015-05-25,Bantamweight,Francisco Rivera Jr.,11,unmatched_exact_canonical_name,canonical_candidate_count=0
13569,2015-05-25,Middleweight,Ronaldo Souza,2,unmatched_exact_canonical_name,canonical_candidate_count=0
13579,2015-05-25,Middleweight,Costas Philippou,12,unmatched_exact_canonical_name,canonical_candidate_count=0
13594,2015-05-25,Light Heavyweight,Antonio Rogerio Nogueira,11,unmatched_exact_canonical_name,canonical_candidate_count=0
13683,2015-06-01,Bantamweight,Michael McDonald,5,ambiguous_exact_canonical_name,canonical_candidate_count=2
13689,2015-06-01,Bantamweight,Francisco Rivera Jr.,11,unmatched_exact_canonical_name,canonical_candidate_count=0
13744,2015-06-01,Middleweight,Ronaldo Souza,2,unmatched_exact_canonical_name,canonical_candidate_count=0
13754,2015-06-01,Middleweight,Costas Philippou,12,unmatched_exact_canonical_name,canonical_candidate_count=0
13769,2015-06-01,Light Heavyweight,Antonio Rogerio Nogueira,11,unmatched_exact_canonical_name,canonical_candidate_count=0
13858,2015-06-08,Bantamweight,Michael McDonald,5,ambiguous_exact_canonical_name,canonical_candidate_count=2
13863,2015-06-08,Bantamweight,Francisco Rivera Jr.,10,unmatched_exact_canonical_name,canonical_candidate_count=0
13919,2015-06-08,Middleweight,Ronaldo Souza,2,unmatched_exact_canonical_name,canonical_candidate_count=0
13929,2015-06-08,Middleweight,Costas Philippou,12,unmatched_exact_canonical_name,canonical_candidate_count=0
13944,2015-06-08,Light Heavyweight,Antonio Rogerio Nogueira,11,unmatched_exact_canonical_name,canonical_candidate_count=0
14033,2015-06-15,Bantamweight,Michael McDonald,5,ambiguous_exact_canonical_name,canonical_candidate_count=2
14038,2015-06-15,Bantamweight,Francisco Rivera Jr.,10,unmatched_exact_canonical_name,canonical_candidate_count=0
14094,2015-06-15,Middleweight,Ronaldo Souza,2,unmatched_exact_canonical_name,canonical_candidate_count=0
14104,2015-06-15,Middleweight,Costas Philippou,12,unmatched_exact_canonical_name,canonical_candidate_count=0
14119,2015-06-15,Light Heavyweight,Antonio Rogerio Nogueira,11,unmatched_exact_canonical_name,canonical_candidate_count=0
14208,2015-06-22,Bantamweight,Michael McDonald,5,ambiguous_exact_canonical_name,canonical_candidate_count=2
14213,2015-06-22,Bantamweight,Francisco Rivera Jr.,10,unmatched_exact_canonical_name,canonical_candidate_count=0
14269,2015-06-22,Middleweight,Ronaldo Souza,2,unmatched_exact_canonical_name,canonical_candidate_count=0
14279,2015-06-22,Middleweight,Costas Philippou,12,unmatched_exact_canonical_name,canonical_candidate_count=0
14294,2015-06-22,Light Heavyweight,Antonio Rogerio Nogueira,11,unmatched_exact_canonical_name,canonical_candidate_count=0
14383,2015-06-29,Bantamweight,Michael McDonald,5,ambiguous_exact_canonical_name,canonical_candidate_count=2
14388,2015-06-29,Bantamweight,Francisco Rivera Jr.,10,unmatched_exact_canonical_name,canonical_candidate_count=0
14444,2015-06-29,Middleweight,Ronaldo Souza,2,unmatched_exact_canonical_name,canonical_candidate_count=0
14454,2015-06-29,Middleweight,Costas Philippou,12,unmatched_exact_canonical_name,canonical_candidate_count=0
14469,2015-06-29,Light Heavyweight,Antonio Rogerio Nogueira,11,unmatched_exact_canonical_name,canonical_candidate_count=0
14558,2015-07-13,Bantamweight,Michael McDonald,5,ambiguous_exact_canonical_name,canonical_candidate_count=2
14564,2015-07-13,Bantamweight,Francisco Rivera Jr.,11,unmatched_exact_canonical_name,canonical_candidate_count=0
14619,2015-07-13,Middleweight,Ronaldo Souza,2,unmatched_exact_canonical_name,canonical_candidate_count=0
14644,2015-07-13,Light Heavyweight,Antonio Rogerio Nogueira,11,unmatched_exact_canonical_name,canonical_candidate_count=0
14733,2015-07-20,Bantamweight,Michael McDonald,5,ambiguous_exact_canonical_name,canonical_candidate_count=2
14738,2015-07-20,Bantamweight,Francisco Rivera Jr.,10,unmatched_exact_canonical_name,canonical_candidate_count=0
14794,2015-07-20,Middleweight,Ronaldo Souza,2,unmatched_exact_canonical_name,canonical_candidate_count=0
14819,2015-07-20,Light Heavyweight,Antonio Rogerio Nogueira,11,unmatched_exact_canonical_name,canonical_candidate_count=0
14908,2015-07-27,Bantamweight,Michael McDonald,5,ambiguous_exact_canonical_name,canonical_candidate_count=2
14915,2015-07-27,Bantamweight,Francisco Rivera Jr.,12,unmatched_exact_canonical_name,canonical_candidate_count=0
14969,2015-07-27,Middleweight,Ronaldo Souza,2,unmatched_exact_canonical_name,canonical_candidate_count=0
14994,2015-07-27,Light Heavyweight,Antonio Rogerio Nogueira,11,unmatched_exact_canonical_name,canonical_candidate_count=0
15083,2015-08-03,Bantamweight,Michael McDonald,5,ambiguous_exact_canonical_name,canonical_candidate_count=2
15090,2015-08-03,Bantamweight,Francisco Rivera Jr.,12,unmatched_exact_canonical_name,canonical_candidate_count=0
15144,2015-08-03,Middleweight,Ronaldo Souza,2,unmatched_exact_canonical_name,canonical_candidate_count=0
15169,2015-08-03,Light Heavyweight,Antonio Rogerio Nogueira,11,unmatched_exact_canonical_name,canonical_candidate_count=0
15258,2015-08-10,Bantamweight,Michael McDonald,5,ambiguous_exact_canonical_name,canonical_candidate_count=2
15265,2015-08-10,Bantamweight,Francisco Rivera Jr.,12,unmatched_exact_canonical_name,canonical_candidate_count=0
15319,2015-08-10,Middleweight,Ronaldo Souza,2,unmatched_exact_canonical_name,canonical_candidate_count=0
15344,2015-08-10,Light Heavyweight,Antonio Rogerio Nogueira,11,unmatched_exact_canonical_name,canonical_candidate_count=0
15433,2015-08-25,Bantamweight,Michael McDonald,5,ambiguous_exact_canonical_name,canonical_candidate_count=2
15440,2015-08-25,Bantamweight,Francisco Rivera Jr.,12,unmatched_exact_canonical_name,canonical_candidate_count=0
15494,2015-08-25,Middleweight,Ronaldo Souza,2,unmatched_exact_canonical_name,canonical_candidate_count=0
15519,2015-08-25,Light Heavyweight,Antonio Rogerio Nogueira,11,unmatched_exact_canonical_name,canonical_candidate_count=0
15608,2015-09-07,Bantamweight,Michael McDonald,5,ambiguous_exact_canonical_name,canonical_candidate_count=2
15618,2015-09-07,Bantamweight,Francisco Rivera Jr.,15,unmatched_exact_canonical_name,canonical_candidate_count=0
15669,2015-09-07,Middleweight,Ronaldo Souza,2,unmatched_exact_canonical_name,canonical_candidate_count=0
15694,2015-09-07,Light Heavyweight,Antonio Rogerio Nogueira,11,unmatched_exact_canonical_name,canonical_candidate_count=0
15783,2015-09-28,Bantamweight,Michael McDonald,5,ambiguous_exact_canonical_name,canonical_candidate_count=2
15792,2015-09-28,Bantamweight,Francisco Rivera Jr.,14,unmatched_exact_canonical_name,canonical_candidate_count=0
15844,2015-09-28,Middleweight,Ronaldo Souza,2,unmatched_exact_canonical_name,canonical_candidate_count=0
15869,2015-09-28,Light Heavyweight,Antonio Rogerio Nogueira,11,unmatched_exact_canonical_name,canonical_candidate_count=0
15958,2015-10-05,Bantamweight,Michael McDonald,5,ambiguous_exact_canonical_name,canonical_candidate_count=2
15966,2015-10-05,Bantamweight,Francisco Rivera Jr.,13,unmatched_exact_canonical_name,canonical_candidate_count=0
16019,2015-10-05,Middleweight,Ronaldo Souza,2,unmatched_exact_canonical_name,canonical_candidate_count=0
16044,2015-10-05,Light Heavyweight,Antonio Rogerio Nogueira,11,unmatched_exact_canonical_name,canonical_candidate_count=0
16134,2015-10-26,Bantamweight,Michael McDonald,5,ambiguous_exact_canonical_name,canonical_candidate_count=2
16143,2015-10-26,Bantamweight,Francisco Rivera Jr.,14,unmatched_exact_canonical_name,canonical_candidate_count=0
16195,2015-10-26,Middleweight,Ronaldo Souza,2,unmatched_exact_canonical_name,canonical_candidate_count=0
16220,2015-10-26,Light Heavyweight,Antonio Rogerio Nogueira,11,unmatched_exact_canonical_name,canonical_candidate_count=0
16312,2015-11-09,Bantamweight,Michael McDonald,8,ambiguous_exact_canonical_name,canonical_candidate_count=2
16318,2015-11-09,Bantamweight,Francisco Rivera Jr.,14,unmatched_exact_canonical_name,canonical_candidate_count=0
16370,2015-11-09,Middleweight,Ronaldo Souza,2,unmatched_exact_canonical_name,canonical_candidate_count=0
16396,2015-11-09,Light Heavyweight,Antonio Rogerio Nogueira,12,unmatched_exact_canonical_name,canonical_candidate_count=0
16487,2015-11-16,Bantamweight,Michael McDonald,8,ambiguous_exact_canonical_name,canonical_candidate_count=2
16493,2015-11-16,Bantamweight,Francisco Rivera Jr.,14,unmatched_exact_canonical_name,canonical_candidate_count=0
16545,2015-11-16,Middleweight,Ronaldo Souza,2,unmatched_exact_canonical_name,canonical_candidate_count=0
16570,2015-11-16,Light Heavyweight,Antonio Rogerio Nogueira,11,unmatched_exact_canonical_name,canonical_candidate_count=0
16662,2015-11-23,Bantamweight,Michael McDonald,8,ambiguous_exact_canonical_name,canonical_candidate_count=2
16668,2015-11-23,Bantamweight,Francisco Rivera Jr.,14,unmatched_exact_canonical_name,canonical_candidate_count=0
16720,2015-11-23,Middleweight,Ronaldo Souza,2,unmatched_exact_canonical_name,canonical_candidate_count=0
16745,2015-11-23,Light Heavyweight,Antonio Rogerio Nogueira,11,unmatched_exact_canonical_name,canonical_candidate_count=0
16837,2015-11-30,Bantamweight,Michael McDonald,8,ambiguous_exact_canonical_name,canonical_candidate_count=2
16843,2015-11-30,Bantamweight,Francisco Rivera Jr.,14,unmatched_exact_canonical_name,canonical_candidate_count=0
16895,2015-11-30,Middleweight,Ronaldo Souza,2,unmatched_exact_canonical_name,canonical_candidate_count=0
16920,2015-11-30,Light Heavyweight,Antonio Rogerio Nogueira,11,unmatched_exact_canonical_name,canonical_candidate_count=0
17012,2015-12-14,Bantamweight,Michael McDonald,8,ambiguous_exact_canonical_name,canonical_candidate_count=2
17018,2015-12-14,Bantamweight,Francisco Rivera Jr.,14,unmatched_exact_canonical_name,canonical_candidate_count=0
17071,2015-12-14,Middleweight,Ronaldo Souza,3,unmatched_exact_canonical_name,canonical_candidate_count=0
17095,2015-12-14,Light Heavyweight,Antonio Rogerio Nogueira,11,unmatched_exact_canonical_name,canonical_candidate_count=0
17187,2015-12-21,Bantamweight,Michael McDonald,8,ambiguous_exact_canonical_name,canonical_candidate_count=2
17193,2015-12-21,Bantamweight,Francisco Rivera Jr.,14,unmatched_exact_canonical_name,canonical_candidate_count=0
17246,2015-12-21,Middleweight,Ronaldo Souza,3,unmatched_exact_canonical_name,canonical_candidate_count=0
17270,2015-12-21,Light Heavyweight,Antonio Rogerio Nogueira,11,unmatched_exact_canonical_name,canonical_candidate_count=0
17360,2016-01-04,Bantamweight,Michael McDonald,6,ambiguous_exact_canonical_name,canonical_candidate_count=2
17368,2016-01-04,Bantamweight,Francisco Rivera Jr.,14,unmatched_exact_canonical_name,canonical_candidate_count=0
17421,2016-01-04,Middleweight,Ronaldo Souza,3,unmatched_exact_canonical_name,canonical_candidate_count=0
17445,2016-01-04,Light Heavyweight,Antonio Rogerio Nogueira,11,unmatched_exact_canonical_name,canonical_candidate_count=0
17535,2016-01-19,Bantamweight,Michael McDonald,6,ambiguous_exact_canonical_name,canonical_candidate_count=2
17544,2016-01-19,Bantamweight,Francisco Rivera Jr.,15,unmatched_exact_canonical_name,canonical_candidate_count=0
17595,2016-01-19,Middleweight,Ronaldo Souza,2,unmatched_exact_canonical_name,canonical_candidate_count=0
17620,2016-01-19,Light Heavyweight,Antonio Rogerio Nogueira,11,unmatched_exact_canonical_name,canonical_candidate_count=0
17710,2016-02-01,Bantamweight,Michael McDonald,6,ambiguous_exact_canonical_name,canonical_candidate_count=2
17719,2016-02-01,Bantamweight,Francisco Rivera Jr.,15,unmatched_exact_canonical_name,canonical_candidate_count=0
17770,2016-02-01,Middleweight,Ronaldo Souza,2,unmatched_exact_canonical_name,canonical_candidate_count=0
17795,2016-02-01,Light Heavyweight,Antonio Rogerio Nogueira,11,unmatched_exact_canonical_name,canonical_candidate_count=0
17885,2016-02-08,Bantamweight,Michael McDonald,6,ambiguous_exact_canonical_name,canonical_candidate_count=2
17894,2016-02-08,Bantamweight,Francisco Rivera Jr.,15,unmatched_exact_canonical_name,canonical_candidate_count=0
17945,2016-02-08,Middleweight,Ronaldo Souza,2,unmatched_exact_canonical_name,canonical_candidate_count=0
17970,2016-02-08,Light Heavyweight,Antonio Rogerio Nogueira,11,unmatched_exact_canonical_name,canonical_candidate_count=0
18060,2016-02-23,Bantamweight,Michael McDonald,6,ambiguous_exact_canonical_name,canonical_candidate_count=2
18069,2016-02-23,Bantamweight,Francisco Rivera Jr.,15,unmatched_exact_canonical_name,canonical_candidate_count=0
18120,2016-02-23,Middleweight,Ronaldo Souza,2,unmatched_exact_canonical_name,canonical_candidate_count=0
18144,2016-02-23,Light Heavyweight,Antonio Rogerio Nogueira,10,unmatched_exact_canonical_name,canonical_candidate_count=0
18235,2016-02-29,Bantamweight,Michael McDonald,6,ambiguous_exact_canonical_name,canonical_candidate_count=2
18295,2016-02-29,Middleweight,Ronaldo Souza,2,unmatched_exact_canonical_name,canonical_candidate_count=0
18319,2016-02-29,Light Heavyweight,Antonio Rogerio Nogueira,10,unmatched_exact_canonical_name,canonical_candidate_count=0
18410,2016-03-07,Bantamweight,Michael McDonald,6,ambiguous_exact_canonical_name,canonical_candidate_count=2
18470,2016-03-07,Middleweight,Ronaldo Souza,2,unmatched_exact_canonical_name,canonical_candidate_count=0
18494,2016-03-07,Light Heavyweight,Antonio Rogerio Nogueira,10,unmatched_exact_canonical_name,canonical_candidate_count=0
18585,2016-03-21,Bantamweight,Michael McDonald,6,ambiguous_exact_canonical_name,canonical_candidate_count=2
18645,2016-03-21,Middleweight,Ronaldo Souza,2,unmatched_exact_canonical_name,canonical_candidate_count=0
18669,2016-03-21,Light Heavyweight,Antonio Rogerio Nogueira,10,unmatched_exact_canonical_name,canonical_candidate_count=0
18761,2016-04-12,Bantamweight,Michael McDonald,6,ambiguous_exact_canonical_name,canonical_candidate_count=2
18821,2016-04-12,Middleweight,Ronaldo Souza,2,unmatched_exact_canonical_name,canonical_candidate_count=0
18845,2016-04-12,Light Heavyweight,Antonio Rogerio Nogueira,10,unmatched_exact_canonical_name,canonical_candidate_count=0
18936,2016-04-18,Bantamweight,Michael McDonald,6,ambiguous_exact_canonical_name,canonical_candidate_count=2
18996,2016-04-18,Middleweight,Ronaldo Souza,2,unmatched_exact_canonical_name,canonical_candidate_count=0
19020,2016-04-18,Light Heavyweight,Antonio Rogerio Nogueira,10,unmatched_exact_canonical_name,canonical_candidate_count=0
19111,2016-04-25,Bantamweight,Michael McDonald,6,ambiguous_exact_canonical_name,canonical_candidate_count=2
19171,2016-04-25,Middleweight,Ronaldo Souza,2,unmatched_exact_canonical_name,canonical_candidate_count=0
19195,2016-04-25,Light Heavyweight,Antonio Rogerio Nogueira,10,unmatched_exact_canonical_name,canonical_candidate_count=0
19286,2016-05-10,Bantamweight,Michael McDonald,6,ambiguous_exact_canonical_name,canonical_candidate_count=2
19346,2016-05-10,Middleweight,Ronaldo Souza,2,unmatched_exact_canonical_name,canonical_candidate_count=0
19370,2016-05-10,Light Heavyweight,Antonio Rogerio Nogueira,10,unmatched_exact_canonical_name,canonical_candidate_count=0
19461,2016-05-16,Bantamweight,Michael McDonald,6,ambiguous_exact_canonical_name,canonical_candidate_count=2
19521,2016-05-16,Middleweight,Ronaldo Souza,2,unmatched_exact_canonical_name,canonical_candidate_count=0
19545,2016-05-16,Light Heavyweight,Antonio Rogerio Nogueira,10,unmatched_exact_canonical_name,canonical_candidate_count=0
19635,2016-05-31,Bantamweight,Michael McDonald,5,ambiguous_exact_canonical_name,canonical_candidate_count=2
19696,2016-05-31,Middleweight,Ronaldo Souza,2,unmatched_exact_canonical_name,canonical_candidate_count=0
19720,2016-05-31,Light Heavyweight,Antonio Rogerio Nogueira,10,unmatched_exact_canonical_name,canonical_candidate_count=0
19810,2016-06-06,Bantamweight,Michael McDonald,5,ambiguous_exact_canonical_name,canonical_candidate_count=2
19872,2016-06-06,Middleweight,Ronaldo Souza,3,unmatched_exact_canonical_name,canonical_candidate_count=0
19895,2016-06-06,Light Heavyweight,Antonio Rogerio Nogueira,10,unmatched_exact_canonical_name,canonical_candidate_count=0
19985,2016-06-20,Bantamweight,Michael McDonald,5,ambiguous_exact_canonical_name,canonical_candidate_count=2
20047,2016-06-20,Middleweight,Ronaldo Souza,3,unmatched_exact_canonical_name,canonical_candidate_count=0
20070,2016-06-20,Light Heavyweight,Antonio Rogerio Nogueira,10,unmatched_exact_canonical_name,canonical_candidate_count=0
20160,2016-07-11,Bantamweight,Michael McDonald,5,ambiguous_exact_canonical_name,canonical_candidate_count=2
20222,2016-07-11,Middleweight,Ronaldo Souza,3,unmatched_exact_canonical_name,canonical_candidate_count=0
20245,2016-07-11,Light Heavyweight,Antonio Rogerio Nogueira,10,unmatched_exact_canonical_name,canonical_candidate_count=0
20337,2016-07-15,Bantamweight,Michael McDonald,7,ambiguous_exact_canonical_name,canonical_candidate_count=2
20398,2016-07-15,Middleweight,Ronaldo Souza,3,unmatched_exact_canonical_name,canonical_candidate_count=0
20421,2016-07-15,Light Heavyweight,Antonio Rogerio Nogueira,10,unmatched_exact_canonical_name,canonical_candidate_count=0
20513,2016-07-27,Bantamweight,Michael McDonald,7,ambiguous_exact_canonical_name,canonical_candidate_count=2
20573,2016-07-27,Middleweight,Ronaldo Souza,3,unmatched_exact_canonical_name,canonical_candidate_count=0
20596,2016-07-27,Light Heavyweight,Antonio Rogerio Nogueira,10,unmatched_exact_canonical_name,canonical_candidate_count=0
20688,2016-08-03,Bantamweight,Michael McDonald,7,ambiguous_exact_canonical_name,canonical_candidate_count=2
20748,2016-08-03,Middleweight,Ronaldo Souza,3,unmatched_exact_canonical_name,canonical_candidate_count=0
20771,2016-08-03,Light Heavyweight,Antonio Rogerio Nogueira,10,unmatched_exact_canonical_name,canonical_candidate_count=0
20863,2016-08-09,Bantamweight,Michael McDonald,7,ambiguous_exact_canonical_name,canonical_candidate_count=2
20923,2016-08-09,Middleweight,Ronaldo Souza,3,unmatched_exact_canonical_name,canonical_candidate_count=0
20945,2016-08-09,Light Heavyweight,Antonio Rogerio Nogueira,9,unmatched_exact_canonical_name,canonical_candidate_count=0
21039,2016-08-24,Bantamweight,Michael McDonald,8,ambiguous_exact_canonical_name,canonical_candidate_count=2
21098,2016-08-24,Middleweight,Ronaldo Souza,3,unmatched_exact_canonical_name,canonical_candidate_count=0
21120,2016-08-24,Light Heavyweight,Antonio Rogerio Nogueira,9,unmatched_exact_canonical_name,canonical_candidate_count=0
21214,2016-08-31,Bantamweight,Michael McDonald,8,ambiguous_exact_canonical_name,canonical_candidate_count=2
21273,2016-08-31,Middleweight,Ronaldo Souza,3,unmatched_exact_canonical_name,canonical_candidate_count=0
21295,2016-08-31,Light Heavyweight,Antonio Rogerio Nogueira,9,unmatched_exact_canonical_name,canonical_candidate_count=0
21389,2016-09-05,Bantamweight,Michael McDonald,8,ambiguous_exact_canonical_name,canonical_candidate_count=2
21448,2016-09-05,Middleweight,Ronaldo Souza,3,unmatched_exact_canonical_name,canonical_candidate_count=0
21470,2016-09-05,Light Heavyweight,Antonio Rogerio Nogueira,9,unmatched_exact_canonical_name,canonical_candidate_count=0
21565,2016-09-14,Bantamweight,Michael McDonald,9,ambiguous_exact_canonical_name,canonical_candidate_count=2
21623,2016-09-14,Middleweight,Ronaldo Souza,3,unmatched_exact_canonical_name,canonical_candidate_count=0
21645,2016-09-14,Light Heavyweight,Antonio Rogerio Nogueira,9,unmatched_exact_canonical_name,canonical_candidate_count=0
21740,2016-09-21,Bantamweight,Michael McDonald,9,ambiguous_exact_canonical_name,canonical_candidate_count=2
21798,2016-09-21,Middleweight,Ronaldo Souza,3,unmatched_exact_canonical_name,canonical_candidate_count=0
21820,2016-09-21,Light Heavyweight,Antonio Rogerio Nogueira,9,unmatched_exact_canonical_name,canonical_candidate_count=0
21889,2016-09-26,Pound-for-Pound,Cris Cyborg,15,unmatched_exact_canonical_name,canonical_candidate_count=0
21915,2016-09-26,Bantamweight,Michael McDonald,9,ambiguous_exact_canonical_name,canonical_candidate_count=2
21973,2016-09-26,Middleweight,Ronaldo Souza,3,unmatched_exact_canonical_name,canonical_candidate_count=0
21995,2016-09-26,Light Heavyweight,Antonio Rogerio Nogueira,9,unmatched_exact_canonical_name,canonical_candidate_count=0
22064,2016-10-05,Pound-for-Pound,Cris Cyborg,15,unmatched_exact_canonical_name,canonical_candidate_count=0
22090,2016-10-05,Bantamweight,Michael McDonald,9,ambiguous_exact_canonical_name,canonical_candidate_count=2
22148,2016-10-05,Middleweight,Ronaldo Souza,3,unmatched_exact_canonical_name,canonical_candidate_count=0
22170,2016-10-05,Light Heavyweight,Antonio Rogerio Nogueira,9,unmatched_exact_canonical_name,canonical_candidate_count=0
22239,2016-10-12,Pound-for-Pound,Cris Cyborg,15,unmatched_exact_canonical_name,canonical_candidate_count=0
22266,2016-10-12,Bantamweight,Michael McDonald,9,ambiguous_exact_canonical_name,canonical_candidate_count=2
22324,2016-10-12,Middleweight,Ronaldo Souza,3,unmatched_exact_canonical_name,canonical_candidate_count=0
22346,2016-10-12,Light Heavyweight,Antonio Rogerio Nogueira,9,unmatched_exact_canonical_name,canonical_candidate_count=0
22369,2016-10-12,Heavyweight,Tim Johnson,15,unmatched_exact_canonical_name,canonical_candidate_count=0
22415,2016-11-07,Pound-for-Pound,Cris Cyborg,14,unmatched_exact_canonical_name,canonical_candidate_count=0
22442,2016-11-07,Bantamweight,Michael McDonald,9,ambiguous_exact_canonical_name,canonical_candidate_count=2
22500,2016-11-07,Middleweight,Ronaldo Souza,3,unmatched_exact_canonical_name,canonical_candidate_count=0
22522,2016-11-07,Light Heavyweight,Antonio Rogerio Nogueira,9,unmatched_exact_canonical_name,canonical_candidate_count=0
22544,2016-11-07,Heavyweight,Tim Johnson,15,unmatched_exact_canonical_name,canonical_candidate_count=0
22586,2016-11-16,Pound-for-Pound,Cris Cyborg,10,unmatched_exact_canonical_name,canonical_candidate_count=0
22617,2016-11-16,Bantamweight,Michael McDonald,9,ambiguous_exact_canonical_name,canonical_candidate_count=2
22675,2016-11-16,Middleweight,Ronaldo Souza,3,unmatched_exact_canonical_name,canonical_candidate_count=0
22697,2016-11-16,Light Heavyweight,Antonio Rogerio Nogueira,9,unmatched_exact_canonical_name,canonical_candidate_count=0
22718,2016-11-16,Heavyweight,Tim Johnson,14,unmatched_exact_canonical_name,canonical_candidate_count=0
22761,2016-11-21,Pound-for-Pound,Cris Cyborg,10,unmatched_exact_canonical_name,canonical_candidate_count=0
22792,2016-11-21,Bantamweight,Michael McDonald,9,ambiguous_exact_canonical_name,canonical_candidate_count=2
22850,2016-11-21,Middleweight,Ronaldo Souza,3,unmatched_exact_canonical_name,canonical_candidate_count=0
22873,2016-11-21,Light Heavyweight,Antonio Rogerio Nogueira,10,unmatched_exact_canonical_name,canonical_candidate_count=0
22936,2016-11-30,Pound-for-Pound,Cris Cyborg,10,unmatched_exact_canonical_name,canonical_candidate_count=0
22967,2016-11-30,Bantamweight,Michael McDonald,9,ambiguous_exact_canonical_name,canonical_candidate_count=2
23025,2016-11-30,Middleweight,Ronaldo Souza,3,unmatched_exact_canonical_name,canonical_candidate_count=0
23048,2016-11-30,Light Heavyweight,Antonio Rogerio Nogueira,10,unmatched_exact_canonical_name,canonical_candidate_count=0
23111,2016-12-05,Pound-for-Pound,Cris Cyborg,10,unmatched_exact_canonical_name,canonical_candidate_count=0
23142,2016-12-05,Bantamweight,Michael McDonald,9,ambiguous_exact_canonical_name,canonical_candidate_count=2
23200,2016-12-05,Middleweight,Ronaldo Souza,3,unmatched_exact_canonical_name,canonical_candidate_count=0
23223,2016-12-05,Light Heavyweight,Antonio Rogerio Nogueira,10,unmatched_exact_canonical_name,canonical_candidate_count=0
23289,2016-12-14,Pound-for-Pound,Cris Cyborg,13,unmatched_exact_canonical_name,canonical_candidate_count=0
23317,2016-12-14,Bantamweight,Michael McDonald,9,ambiguous_exact_canonical_name,canonical_candidate_count=2
23375,2016-12-14,Middleweight,Ronaldo Souza,3,unmatched_exact_canonical_name,canonical_candidate_count=0
23400,2016-12-14,Light Heavyweight,Antonio Rogerio Nogueira,12,unmatched_exact_canonical_name,canonical_candidate_count=0
23419,2016-12-14,Heavyweight,Tim Johnson,15,unmatched_exact_canonical_name,canonical_candidate_count=0
23491,2016-12-19,Bantamweight,Michael McDonald,8,ambiguous_exact_canonical_name,canonical_candidate_count=2
23550,2016-12-19,Middleweight,Ronaldo Souza,3,unmatched_exact_canonical_name,canonical_candidate_count=0
23575,2016-12-19,Light Heavyweight,Antonio Rogerio Nogueira,12,unmatched_exact_canonical_name,canonical_candidate_count=0
23594,2016-12-19,Heavyweight,Tim Johnson,15,unmatched_exact_canonical_name,canonical_candidate_count=0
23666,2017-01-02,Bantamweight,Michael McDonald,8,ambiguous_exact_canonical_name,canonical_candidate_count=2
23725,2017-01-02,Middleweight,Ronaldo Souza,3,unmatched_exact_canonical_name,canonical_candidate_count=0
23750,2017-01-02,Light Heavyweight,Antonio Rogerio Nogueira,12,unmatched_exact_canonical_name,canonical_candidate_count=0
23768,2017-01-02,Heavyweight,Tim Johnson,14,unmatched_exact_canonical_name,canonical_candidate_count=0
23769,2017-01-02,Heavyweight,Luis Henrique Barbosa,15,unmatched_exact_canonical_name,canonical_candidate_count=0
23841,2017-01-18,Bantamweight,Michael McDonald,8,ambiguous_exact_canonical_name,canonical_candidate_count=2
23900,2017-01-18,Middleweight,Ronaldo Souza,3,unmatched_exact_canonical_name,canonical_candidate_count=0
23925,2017-01-18,Light Heavyweight,Antonio Rogerio Nogueira,12,unmatched_exact_canonical_name,canonical_candidate_count=0
23944,2017-01-18,Heavyweight,Tim Johnson,14,unmatched_exact_canonical_name,canonical_candidate_count=0
24016,2017-02-01,Bantamweight,Michael McDonald,8,ambiguous_exact_canonical_name,canonical_candidate_count=2
24075,2017-02-01,Middleweight,Ronaldo Souza,3,unmatched_exact_canonical_name,canonical_candidate_count=0
24099,2017-02-01,Light Heavyweight,Antonio Rogerio Nogueira,11,unmatched_exact_canonical_name,canonical_candidate_count=0
24119,2017-02-01,Heavyweight,Tim Johnson,15,unmatched_exact_canonical_name,canonical_candidate_count=0
24191,2017-02-08,Bantamweight,Michael McDonald,8,ambiguous_exact_canonical_name,canonical_candidate_count=2
24250,2017-02-08,Middleweight,Ronaldo Souza,3,unmatched_exact_canonical_name,canonical_candidate_count=0
24275,2017-02-08,Light Heavyweight,Antonio Rogerio Nogueira,12,unmatched_exact_canonical_name,canonical_candidate_count=0
24294,2017-02-08,Heavyweight,Tim Johnson,15,unmatched_exact_canonical_name,canonical_candidate_count=0
24366,2017-02-13,Bantamweight,Michael McDonald,8,ambiguous_exact_canonical_name,canonical_candidate_count=2
24425,2017-02-13,Middleweight,Ronaldo Souza,3,unmatched_exact_canonical_name,canonical_candidate_count=0
24450,2017-02-13,Light Heavyweight,Antonio Rogerio Nogueira,12,unmatched_exact_canonical_name,canonical_candidate_count=0
24469,2017-02-13,Heavyweight,Tim Johnson,15,unmatched_exact_canonical_name,canonical_candidate_count=0
24542,2017-02-21,Bantamweight,Michael McDonald,8,ambiguous_exact_canonical_name,canonical_candidate_count=2
24601,2017-02-21,Middleweight,Ronaldo Souza,3,unmatched_exact_canonical_name,canonical_candidate_count=0
24625,2017-02-21,Light Heavyweight,Antonio Rogerio Nogueira,11,unmatched_exact_canonical_name,canonical_candidate_count=0
24645,2017-02-21,Heavyweight,Tim Johnson,15,unmatched_exact_canonical_name,canonical_candidate_count=0
24719,2017-03-06,Bantamweight,Michael McDonald,9,ambiguous_exact_canonical_name,canonical_candidate_count=2
24777,2017-03-06,Middleweight,Ronaldo Souza,3,unmatched_exact_canonical_name,canonical_candidate_count=0
24801,2017-03-06,Light Heavyweight,Antonio Rogerio Nogueira,11,unmatched_exact_canonical_name,canonical_candidate_count=0
24822,2017-03-06,Heavyweight,Tim Johnson,15,unmatched_exact_canonical_name,canonical_candidate_count=0
24954,2017-03-15,Middleweight,Ronaldo Souza,3,unmatched_exact_canonical_name,canonical_candidate_count=0
24977,2017-03-15,Light Heavyweight,Antonio Rogerio Nogueira,10,unmatched_exact_canonical_name,canonical_candidate_count=0
24995,2017-03-15,Heavyweight,Tim Johnson,12,unmatched_exact_canonical_name,canonical_candidate_count=0
25130,2017-03-22,Middleweight,Ronaldo Souza,3,unmatched_exact_canonical_name,canonical_candidate_count=0
25155,2017-03-22,Light Heavyweight,Antonio Rogerio Nogueira,11,unmatched_exact_canonical_name,canonical_candidate_count=0
25172,2017-03-22,Heavyweight,Tim Johnson,12,unmatched_exact_canonical_name,canonical_candidate_count=0
25307,2017-04-12,Middleweight,Ronaldo Souza,3,unmatched_exact_canonical_name,canonical_candidate_count=0
25330,2017-04-12,Light Heavyweight,Antonio Rogerio Nogueira,10,unmatched_exact_canonical_name,canonical_candidate_count=0
25348,2017-04-12,Heavyweight,Tim Johnson,12,unmatched_exact_canonical_name,canonical_candidate_count=0
25485,2017-04-19,Middleweight,Ronaldo Souza,5,unmatched_exact_canonical_name,canonical_candidate_count=0
25506,2017-04-19,Light Heavyweight,Antonio Rogerio Nogueira,10,unmatched_exact_canonical_name,canonical_candidate_count=0
25524,2017-04-19,Heavyweight,Tim Johnson,12,unmatched_exact_canonical_name,canonical_candidate_count=0
25661,2017-04-26,Middleweight,Ronaldo Souza,5,unmatched_exact_canonical_name,canonical_candidate_count=0
25682,2017-04-26,Light Heavyweight,Antonio Rogerio Nogueira,10,unmatched_exact_canonical_name,canonical_candidate_count=0
25700,2017-04-26,Heavyweight,Tim Johnson,12,unmatched_exact_canonical_name,canonical_candidate_count=0
25837,2017-05-17,Middleweight,Ronaldo Souza,5,unmatched_exact_canonical_name,canonical_candidate_count=0
25858,2017-05-17,Light Heavyweight,Antonio Rogerio Nogueira,10,unmatched_exact_canonical_name,canonical_candidate_count=0
25876,2017-05-17,Heavyweight,Tim Johnson,12,unmatched_exact_canonical_name,canonical_candidate_count=0
26013,2017-05-31,Middleweight,Ronaldo Souza,5,unmatched_exact_canonical_name,canonical_candidate_count=0
26034,2017-05-31,Light Heavyweight,Antonio Rogerio Nogueira,10,unmatched_exact_canonical_name,canonical_candidate_count=0
26052,2017-05-31,Heavyweight,Tim Johnson,12,unmatched_exact_canonical_name,canonical_candidate_count=0
26189,2017-06-07,Middleweight,Ronaldo Souza,5,unmatched_exact_canonical_name,canonical_candidate_count=0
26210,2017-06-07,Light Heavyweight,Antonio Rogerio Nogueira,10,unmatched_exact_canonical_name,canonical_candidate_count=0
26228,2017-06-07,Heavyweight,Tim Johnson,12,unmatched_exact_canonical_name,canonical_candidate_count=0
26365,2017-06-14,Middleweight,Ronaldo Souza,5,unmatched_exact_canonical_name,canonical_candidate_count=0
26386,2017-06-14,Light Heavyweight,Antonio Rogerio Nogueira,10,unmatched_exact_canonical_name,canonical_candidate_count=0
26404,2017-06-14,Heavyweight,Tim Johnson,12,unmatched_exact_canonical_name,canonical_candidate_count=0
26541,2017-06-21,Middleweight,Ronaldo Souza,5,unmatched_exact_canonical_name,canonical_candidate_count=0
26562,2017-06-21,Light Heavyweight,Antonio Rogerio Nogueira,10,unmatched_exact_canonical_name,canonical_candidate_count=0
26581,2017-06-21,Heavyweight,Tim Johnson,13,unmatched_exact_canonical_name,canonical_candidate_count=0
26717,2017-06-28,Middleweight,Ronaldo Souza,5,unmatched_exact_canonical_name,canonical_candidate_count=0
26738,2017-06-28,Light Heavyweight,Antonio Rogerio Nogueira,10,unmatched_exact_canonical_name,canonical_candidate_count=0
26756,2017-06-28,Heavyweight,Tim Johnson,12,unmatched_exact_canonical_name,canonical_candidate_count=0
26892,2017-07-10,Middleweight,Ronaldo Souza,4,unmatched_exact_canonical_name,canonical_candidate_count=0
26915,2017-07-10,Light Heavyweight,Antonio Rogerio Nogueira,10,unmatched_exact_canonical_name,canonical_candidate_count=0
26933,2017-07-10,Heavyweight,Tim Johnson,12,unmatched_exact_canonical_name,canonical_candidate_count=0
27069,2017-07-18,Middleweight,Ronaldo Souza,4,unmatched_exact_canonical_name,canonical_candidate_count=0
27092,2017-07-18,Light Heavyweight,Antonio Rogerio Nogueira,11,unmatched_exact_canonical_name,canonical_candidate_count=0
27109,2017-07-18,Heavyweight,Tim Johnson,12,unmatched_exact_canonical_name,canonical_candidate_count=0
27245,2017-07-26,Middleweight,Ronaldo Souza,4,unmatched_exact_canonical_name,canonical_candidate_count=0
27268,2017-07-26,Light Heavyweight,Antonio Rogerio Nogueira,11,unmatched_exact_canonical_name,canonical_candidate_count=0
27334,2017-08-02,Pound-for-Pound,Cris Cyborg,13,unmatched_exact_canonical_name,canonical_candidate_count=0
27423,2017-08-02,Middleweight,Ronaldo Souza,4,unmatched_exact_canonical_name,canonical_candidate_count=0
27446,2017-08-02,Light Heavyweight,Antonio Rogerio Nogueira,11,unmatched_exact_canonical_name,canonical_candidate_count=0
27499,2017-08-02,Women's Featherweight,Cris Cyborg,0,unmatched_exact_canonical_name,canonical_candidate_count=0
27512,2017-08-07,Pound-for-Pound,Cris Cyborg,13,unmatched_exact_canonical_name,canonical_candidate_count=0
27599,2017-08-07,Middleweight,Ronaldo Souza,4,unmatched_exact_canonical_name,canonical_candidate_count=0
27622,2017-08-07,Light Heavyweight,Antonio Rogerio Nogueira,11,unmatched_exact_canonical_name,canonical_candidate_count=0
27643,2017-08-07,Heavyweight,Tim Johnson,15,unmatched_exact_canonical_name,canonical_candidate_count=0
27676,2017-08-07,Women's Featherweight,Cris Cyborg,0,unmatched_exact_canonical_name,canonical_candidate_count=0
27689,2017-09-04,Pound-for-Pound,Cris Cyborg,13,unmatched_exact_canonical_name,canonical_candidate_count=0
27776,2017-09-04,Middleweight,Ronaldo Souza,4,unmatched_exact_canonical_name,canonical_candidate_count=0
27799,2017-09-04,Light Heavyweight,Antonio Rogerio Nogueira,11,unmatched_exact_canonical_name,canonical_candidate_count=0
27819,2017-09-04,Heavyweight,Tim Johnson,15,unmatched_exact_canonical_name,canonical_candidate_count=0
27852,2017-09-04,Women's Featherweight,Cris Cyborg,0,unmatched_exact_canonical_name,canonical_candidate_count=0
27865,2017-09-13,Pound-for-Pound,Cris Cyborg,13,unmatched_exact_canonical_name,canonical_candidate_count=0
27953,2017-09-13,Middleweight,Ronaldo Souza,4,unmatched_exact_canonical_name,canonical_candidate_count=0
27976,2017-09-13,Light Heavyweight,Antonio Rogerio Nogueira,11,unmatched_exact_canonical_name,canonical_candidate_count=0
27997,2017-09-13,Heavyweight,Tim Johnson,15,unmatched_exact_canonical_name,canonical_candidate_count=0
28030,2017-09-13,Women's Featherweight,Cris Cyborg,0,unmatched_exact_canonical_name,canonical_candidate_count=0
28041,2017-09-20,Pound-for-Pound,Cris Cyborg,11,unmatched_exact_canonical_name,canonical_candidate_count=0
28130,2017-09-20,Middleweight,Ronaldo Souza,4,unmatched_exact_canonical_name,canonical_candidate_count=0
28153,2017-09-20,Light Heavyweight,Antonio Rogerio Nogueira,11,unmatched_exact_canonical_name,canonical_candidate_count=0
28173,2017-09-20,Heavyweight,Tim Johnson,15,unmatched_exact_canonical_name,canonical_candidate_count=0
28206,2017-09-20,Women's Featherweight,Cris Cyborg,0,unmatched_exact_canonical_name,canonical_candidate_count=0
28217,2017-09-25,Pound-for-Pound,Cris Cyborg,11,unmatched_exact_canonical_name,canonical_candidate_count=0
28306,2017-09-25,Middleweight,Ronaldo Souza,4,unmatched_exact_canonical_name,canonical_candidate_count=0
28329,2017-09-25,Light Heavyweight,Antonio Rogerio Nogueira,11,unmatched_exact_canonical_name,canonical_candidate_count=0
28349,2017-09-25,Heavyweight,Tim Johnson,15,unmatched_exact_canonical_name,canonical_candidate_count=0
28382,2017-09-25,Women's Featherweight,Cris Cyborg,0,unmatched_exact_canonical_name,canonical_candidate_count=0
28393,2017-10-09,Pound-for-Pound,Cris Cyborg,11,unmatched_exact_canonical_name,canonical_candidate_count=0
28413,2017-10-09,Flyweight,Ulka Sasaki,15,unmatched_exact_canonical_name,canonical_candidate_count=0
28482,2017-10-09,Middleweight,Ronaldo Souza,4,unmatched_exact_canonical_name,canonical_candidate_count=0
28505,2017-10-09,Light Heavyweight,Antonio Rogerio Nogueira,11,unmatched_exact_canonical_name,canonical_candidate_count=0
28525,2017-10-09,Heavyweight,Tim Johnson,15,unmatched_exact_canonical_name,canonical_candidate_count=0
28558,2017-10-09,Women's Featherweight,Cris Cyborg,0,unmatched_exact_canonical_name,canonical_candidate_count=0
28569,2017-10-23,Pound-for-Pound,Cris Cyborg,11,unmatched_exact_canonical_name,canonical_candidate_count=0
28589,2017-10-23,Flyweight,Ulka Sasaki,15,unmatched_exact_canonical_name,canonical_candidate_count=0
28658,2017-10-23,Middleweight,Ronaldo Souza,4,unmatched_exact_canonical_name,canonical_candidate_count=0
28681,2017-10-23,Light Heavyweight,Antonio Rogerio Nogueira,11,unmatched_exact_canonical_name,canonical_candidate_count=0
28701,2017-10-23,Heavyweight,Tim Johnson,15,unmatched_exact_canonical_name,canonical_candidate_count=0
28734,2017-10-23,Women's Featherweight,Cris Cyborg,0,unmatched_exact_canonical_name,canonical_candidate_count=0
28745,2017-10-30,Pound-for-Pound,Cris Cyborg,11,unmatched_exact_canonical_name,canonical_candidate_count=0
28834,2017-10-30,Middleweight,Ronaldo Souza,4,unmatched_exact_canonical_name,canonical_candidate_count=0
28857,2017-10-30,Light Heavyweight,Antonio Rogerio Nogueira,11,unmatched_exact_canonical_name,canonical_candidate_count=0
28877,2017-10-30,Heavyweight,Tim Johnson,15,unmatched_exact_canonical_name,canonical_candidate_count=0
28910,2017-10-30,Women's Featherweight,Cris Cyborg,0,unmatched_exact_canonical_name,canonical_candidate_count=0
28921,2017-11-08,Pound-for-Pound,Cris Cyborg,11,unmatched_exact_canonical_name,canonical_candidate_count=0
29011,2017-11-08,Middleweight,Ronaldo Souza,5,unmatched_exact_canonical_name,canonical_candidate_count=0
29033,2017-11-08,Light Heavyweight,Antonio Rogerio Nogueira,11,unmatched_exact_canonical_name,canonical_candidate_count=0
29053,2017-11-08,Heavyweight,Tim Johnson,15,unmatched_exact_canonical_name,canonical_candidate_count=0
29086,2017-11-08,Women's Featherweight,Cris Cyborg,0,unmatched_exact_canonical_name,canonical_candidate_count=0
29096,2017-11-13,Pound-for-Pound,Cris Cyborg,10,unmatched_exact_canonical_name,canonical_candidate_count=0
29187,2017-11-13,Middleweight,Ronaldo Souza,5,unmatched_exact_canonical_name,canonical_candidate_count=0
29209,2017-11-13,Light Heavyweight,Antonio Rogerio Nogueira,11,unmatched_exact_canonical_name,canonical_candidate_count=0
29229,2017-11-13,Heavyweight,Tim Johnson,15,unmatched_exact_canonical_name,canonical_candidate_count=0
29262,2017-11-13,Women's Featherweight,Cris Cyborg,0,unmatched_exact_canonical_name,canonical_candidate_count=0
29272,2017-11-20,Pound-for-Pound,Cris Cyborg,10,unmatched_exact_canonical_name,canonical_candidate_count=0
29363,2017-11-20,Middleweight,Ronaldo Souza,5,unmatched_exact_canonical_name,canonical_candidate_count=0
29385,2017-11-20,Light Heavyweight,Antonio Rogerio Nogueira,11,unmatched_exact_canonical_name,canonical_candidate_count=0
29405,2017-11-20,Heavyweight,Tim Johnson,15,unmatched_exact_canonical_name,canonical_candidate_count=0
29438,2017-11-20,Women's Featherweight,Cris Cyborg,0,unmatched_exact_canonical_name,canonical_candidate_count=0
29448,2017-11-29,Pound-for-Pound,Cris Cyborg,10,unmatched_exact_canonical_name,canonical_candidate_count=0
29538,2017-11-29,Middleweight,Ronaldo Souza,4,unmatched_exact_canonical_name,canonical_candidate_count=0
29561,2017-11-29,Light Heavyweight,Antonio Rogerio Nogueira,11,unmatched_exact_canonical_name,canonical_candidate_count=0
29581,2017-11-29,Heavyweight,Tim Johnson,15,unmatched_exact_canonical_name,canonical_candidate_count=0
29614,2017-11-29,Women's Featherweight,Cris Cyborg,0,unmatched_exact_canonical_name,canonical_candidate_count=0
29624,2017-12-06,Pound-for-Pound,Cris Cyborg,10,unmatched_exact_canonical_name,canonical_candidate_count=0
29714,2017-12-06,Middleweight,Ronaldo Souza,4,unmatched_exact_canonical_name,canonical_candidate_count=0
29737,2017-12-06,Light Heavyweight,Antonio Rogerio Nogueira,11,unmatched_exact_canonical_name,canonical_candidate_count=0
29757,2017-12-06,Heavyweight,Tim Johnson,15,unmatched_exact_canonical_name,canonical_candidate_count=0
29783,2017-12-06,Women's Flyweight,Mara Borella,9,unmatched_exact_canonical_name,canonical_candidate_count=0
29806,2017-12-06,Women's Featherweight,Cris Cyborg,0,unmatched_exact_canonical_name,canonical_candidate_count=0
29816,2017-12-13,Pound-for-Pound,Cris Cyborg,10,unmatched_exact_canonical_name,canonical_candidate_count=0
29906,2017-12-13,Middleweight,Ronaldo Souza,4,unmatched_exact_canonical_name,canonical_candidate_count=0
29929,2017-12-13,Light Heavyweight,Antonio Rogerio Nogueira,11,unmatched_exact_canonical_name,canonical_candidate_count=0
29949,2017-12-13,Heavyweight,Tim Johnson,15,unmatched_exact_canonical_name,canonical_candidate_count=0
29974,2017-12-13,Women's Flyweight,Mara Borella,8,unmatched_exact_canonical_name,canonical_candidate_count=0
29998,2017-12-13,Women's Featherweight,Cris Cyborg,0,unmatched_exact_canonical_name,canonical_candidate_count=0
30008,2017-12-18,Pound-for-Pound,Cris Cyborg,10,unmatched_exact_canonical_name,canonical_candidate_count=0
30098,2017-12-18,Middleweight,Ronaldo Souza,4,unmatched_exact_canonical_name,canonical_candidate_count=0
30121,2017-12-18,Light Heavyweight,Antonio Rogerio Nogueira,11,unmatched_exact_canonical_name,canonical_candidate_count=0
30141,2017-12-18,Heavyweight,Tim Johnson,15,unmatched_exact_canonical_name,canonical_candidate_count=0
30167,2017-12-18,Women's Flyweight,Mara Borella,9,unmatched_exact_canonical_name,canonical_candidate_count=0
30190,2017-12-18,Women's Featherweight,Cris Cyborg,0,unmatched_exact_canonical_name,canonical_candidate_count=0
30199,2018-01-01,Pound-for-Pound,Cris Cyborg,9,unmatched_exact_canonical_name,canonical_candidate_count=0
30289,2018-01-01,Middleweight,Ronaldo Souza,3,unmatched_exact_canonical_name,canonical_candidate_count=0
30313,2018-01-01,Light Heavyweight,Antonio Rogerio Nogueira,11,unmatched_exact_canonical_name,canonical_candidate_count=0
30333,2018-01-01,Heavyweight,Tim Johnson,15,unmatched_exact_canonical_name,canonical_candidate_count=0
30359,2018-01-01,Women's Flyweight,Mara Borella,9,unmatched_exact_canonical_name,canonical_candidate_count=0
30383,2018-01-01,Women's Featherweight,Cris Cyborg,0,unmatched_exact_canonical_name,canonical_candidate_count=0
30392,2018-01-17,Pound-for-Pound,Cris Cyborg,9,unmatched_exact_canonical_name,canonical_candidate_count=0
30414,2018-01-17,Flyweight,Ulka Sasaki,15,unmatched_exact_canonical_name,canonical_candidate_count=0
30482,2018-01-17,Middleweight,Ronaldo Souza,3,unmatched_exact_canonical_name,canonical_candidate_count=0
30526,2018-01-17,Heavyweight,Tim Johnson,15,unmatched_exact_canonical_name,canonical_candidate_count=0
30552,2018-01-17,Women's Flyweight,Mara Borella,9,unmatched_exact_canonical_name,canonical_candidate_count=0
30575,2018-01-17,Women's Featherweight,Cris Cyborg,0,unmatched_exact_canonical_name,canonical_candidate_count=0
30584,2018-01-24,Pound-for-Pound,Cris Cyborg,9,unmatched_exact_canonical_name,canonical_candidate_count=0
30674,2018-01-24,Middleweight,Ronaldo Souza,3,unmatched_exact_canonical_name,canonical_candidate_count=0
30718,2018-01-24,Heavyweight,Tim Johnson,15,unmatched_exact_canonical_name,canonical_candidate_count=0
30744,2018-01-24,Women's Flyweight,Mara Borella,9,unmatched_exact_canonical_name,canonical_candidate_count=0
30767,2018-01-24,Women's Featherweight,Cris Cyborg,0,unmatched_exact_canonical_name,canonical_candidate_count=0
30776,2018-01-29,Pound-for-Pound,Cris Cyborg,9,unmatched_exact_canonical_name,canonical_candidate_count=0
30866,2018-01-29,Middleweight,Ronaldo Souza,3,unmatched_exact_canonical_name,canonical_candidate_count=0
30909,2018-01-29,Heavyweight,Tim Johnson,14,unmatched_exact_canonical_name,canonical_candidate_count=0
30938,2018-01-29,Women's Flyweight,Mara Borella,11,unmatched_exact_canonical_name,canonical_candidate_count=0
30959,2018-01-29,Women's Featherweight,Cris Cyborg,0,unmatched_exact_canonical_name,canonical_candidate_count=0
30968,2018-02-07,Pound-for-Pound,Cris Cyborg,9,unmatched_exact_canonical_name,canonical_candidate_count=0
31058,2018-02-07,Middleweight,Ronaldo Souza,3,unmatched_exact_canonical_name,canonical_candidate_count=0
31100,2018-02-07,Heavyweight,Tim Johnson,13,unmatched_exact_canonical_name,canonical_candidate_count=0
31132,2018-02-07,Women's Flyweight,Mara Borella,13,unmatched_exact_canonical_name,canonical_candidate_count=0
31151,2018-02-07,Women's Featherweight,Cris Cyborg,0,unmatched_exact_canonical_name,canonical_candidate_count=0
31160,2018-02-12,Pound-for-Pound,Cris Cyborg,9,unmatched_exact_canonical_name,canonical_candidate_count=0
31249,2018-02-12,Middleweight,Ronaldo Souza,2,unmatched_exact_canonical_name,canonical_candidate_count=0
31292,2018-02-12,Heavyweight,Tim Johnson,13,unmatched_exact_canonical_name,canonical_candidate_count=0
31324,2018-02-12,Women's Flyweight,Mara Borella,13,unmatched_exact_canonical_name,canonical_candidate_count=0
31343,2018-02-12,Women's Featherweight,Cris Cyborg,0,unmatched_exact_canonical_name,canonical_candidate_count=0
31352,2018-02-21,Pound-for-Pound,Cris Cyborg,9,unmatched_exact_canonical_name,canonical_candidate_count=0
31441,2018-02-21,Middleweight,Ronaldo Souza,2,unmatched_exact_canonical_name,canonical_candidate_count=0
31484,2018-02-21,Heavyweight,Tim Johnson,13,unmatched_exact_canonical_name,canonical_candidate_count=0
31516,2018-02-21,Women's Flyweight,Mara Borella,13,unmatched_exact_canonical_name,canonical_candidate_count=0
31535,2018-02-21,Women's Featherweight,Cris Cyborg,0,unmatched_exact_canonical_name,canonical_candidate_count=0
31544,2018-02-26,Pound-for-Pound,Cris Cyborg,9,unmatched_exact_canonical_name,canonical_candidate_count=0
31633,2018-02-26,Middleweight,Ronaldo Souza,2,unmatched_exact_canonical_name,canonical_candidate_count=0
31676,2018-02-26,Heavyweight,Tim Johnson,13,unmatched_exact_canonical_name,canonical_candidate_count=0
31708,2018-02-26,Women's Flyweight,Mara Borella,13,unmatched_exact_canonical_name,canonical_candidate_count=0
31727,2018-02-26,Women's Featherweight,Cris Cyborg,0,unmatched_exact_canonical_name,canonical_candidate_count=0
31736,2018-03-05,Pound-for-Pound,Cris Cyborg,9,unmatched_exact_canonical_name,canonical_candidate_count=0
31825,2018-03-05,Middleweight,Ronaldo Souza,2,unmatched_exact_canonical_name,canonical_candidate_count=0
31902,2018-03-05,Women's Flyweight,Mara Borella,13,unmatched_exact_canonical_name,canonical_candidate_count=0
31922,2018-03-05,Women's Featherweight,Cris Cyborg,0,unmatched_exact_canonical_name,canonical_candidate_count=0
31931,2018-03-21,Pound-for-Pound,Cris Cyborg,9,unmatched_exact_canonical_name,canonical_candidate_count=0
32020,2018-03-21,Middleweight,Ronaldo Souza,2,unmatched_exact_canonical_name,canonical_candidate_count=0
32094,2018-03-21,Women's Flyweight,Mara Borella,12,unmatched_exact_canonical_name,canonical_candidate_count=0
32114,2018-03-21,Women's Featherweight,Cris Cyborg,0,unmatched_exact_canonical_name,canonical_candidate_count=0
32124,2018-04-11,Pound-for-Pound,Cris Cyborg,10,unmatched_exact_canonical_name,canonical_candidate_count=0
32212,2018-04-11,Middleweight,Ronaldo Souza,2,unmatched_exact_canonical_name,canonical_candidate_count=0
32286,2018-04-11,Women's Flyweight,Mara Borella,12,unmatched_exact_canonical_name,canonical_candidate_count=0
32306,2018-04-11,Women's Featherweight,Cris Cyborg,0,unmatched_exact_canonical_name,canonical_candidate_count=0
32316,2018-04-18,Pound-for-Pound,Cris Cyborg,10,unmatched_exact_canonical_name,canonical_candidate_count=0
32405,2018-04-18,Middleweight,Ronaldo Souza,2,unmatched_exact_canonical_name,canonical_candidate_count=0
32480,2018-04-18,Women's Flyweight,Mara Borella,12,unmatched_exact_canonical_name,canonical_candidate_count=0
32500,2018-04-18,Women's Featherweight,Cris Cyborg,0,unmatched_exact_canonical_name,canonical_candidate_count=0
32510,2018-04-23,Pound-for-Pound,Cris Cyborg,10,unmatched_exact_canonical_name,canonical_candidate_count=0
32599,2018-04-23,Middleweight,Ronaldo Souza,2,unmatched_exact_canonical_name,canonical_candidate_count=0
32673,2018-04-23,Women's Flyweight,Mara Borella,12,unmatched_exact_canonical_name,canonical_candidate_count=0
32693,2018-04-23,Women's Featherweight,Cris Cyborg,0,unmatched_exact_canonical_name,canonical_candidate_count=0
32703,2018-05-16,Pound-for-Pound,Cris Cyborg,10,unmatched_exact_canonical_name,canonical_candidate_count=0
32794,2018-05-16,Middleweight,Ronaldo Souza,5,unmatched_exact_canonical_name,canonical_candidate_count=0
32865,2018-05-16,Women's Flyweight,Mara Borella,12,unmatched_exact_canonical_name,canonical_candidate_count=0
32885,2018-05-16,Women's Featherweight,Cris Cyborg,0,unmatched_exact_canonical_name,canonical_candidate_count=0
32895,2018-05-23,Pound-for-Pound,Cris Cyborg,10,unmatched_exact_canonical_name,canonical_candidate_count=0
32986,2018-05-23,Middleweight,Ronaldo Souza,5,unmatched_exact_canonical_name,canonical_candidate_count=0
33058,2018-05-23,Women's Flyweight,Mara Borella,13,unmatched_exact_canonical_name,canonical_candidate_count=0
33077,2018-05-23,Women's Featherweight,Cris Cyborg,0,unmatched_exact_canonical_name,canonical_candidate_count=0
33087,2018-05-30,Pound-for-Pound,Cris Cyborg,10,unmatched_exact_canonical_name,canonical_candidate_count=0
33178,2018-05-30,Middleweight,Ronaldo Souza,5,unmatched_exact_canonical_name,canonical_candidate_count=0
33250,2018-05-30,Women's Flyweight,Mara Borella,13,unmatched_exact_canonical_name,canonical_candidate_count=0
33269,2018-05-30,Women's Featherweight,Cris Cyborg,0,unmatched_exact_canonical_name,canonical_candidate_count=0
33279,2018-06-06,Pound-for-Pound,Cris Cyborg,10,unmatched_exact_canonical_name,canonical_candidate_count=0
33370,2018-06-06,Middleweight,Ronaldo Souza,5,unmatched_exact_canonical_name,canonical_candidate_count=0
33442,2018-06-06,Women's Flyweight,Mara Borella,13,unmatched_exact_canonical_name,canonical_candidate_count=0
33461,2018-06-06,Women's Featherweight,Cris Cyborg,0,unmatched_exact_canonical_name,canonical_candidate_count=0
33471,2018-06-13,Pound-for-Pound,Cris Cyborg,10,unmatched_exact_canonical_name,canonical_candidate_count=0
33562,2018-06-13,Middleweight,Ronaldo Souza,5,unmatched_exact_canonical_name,canonical_candidate_count=0
33635,2018-06-13,Women's Flyweight,Mara Borella,13,unmatched_exact_canonical_name,canonical_candidate_count=0
33654,2018-06-13,Women's Featherweight,Cris Cyborg,0,unmatched_exact_canonical_name,canonical_candidate_count=0
33664,2018-06-26,Pound-for-Pound,Cris Cyborg,10,unmatched_exact_canonical_name,canonical_candidate_count=0
33685,2018-06-26,Flyweight,Ulka Sasaki,15,unmatched_exact_canonical_name,canonical_candidate_count=0
33755,2018-06-26,Middleweight,Ronaldo Souza,5,unmatched_exact_canonical_name,canonical_candidate_count=0
33827,2018-06-26,Women's Flyweight,Mara Borella,13,unmatched_exact_canonical_name,canonical_candidate_count=0
33846,2018-06-26,Women's Featherweight,Cris Cyborg,0,unmatched_exact_canonical_name,canonical_candidate_count=0
33857,2018-07-11,Pound-for-Pound,Cris Cyborg,11,unmatched_exact_canonical_name,canonical_candidate_count=0
33877,2018-07-11,Flyweight,Ulka Sasaki,15,unmatched_exact_canonical_name,canonical_candidate_count=0
33947,2018-07-11,Middleweight,Ronaldo Souza,5,unmatched_exact_canonical_name,canonical_candidate_count=0
34019,2018-07-11,Women's Flyweight,Mara Borella,13,unmatched_exact_canonical_name,canonical_candidate_count=0
34038,2018-07-11,Women's Featherweight,Cris Cyborg,0,unmatched_exact_canonical_name,canonical_candidate_count=0
34049,2018-07-16,Pound-for-Pound,Cris Cyborg,11,unmatched_exact_canonical_name,canonical_candidate_count=0
34069,2018-07-16,Flyweight,Ulka Sasaki,15,unmatched_exact_canonical_name,canonical_candidate_count=0
34139,2018-07-16,Middleweight,Ronaldo Souza,5,unmatched_exact_canonical_name,canonical_candidate_count=0
34211,2018-07-16,Women's Flyweight,Mara Borella,13,unmatched_exact_canonical_name,canonical_candidate_count=0
34230,2018-07-16,Women's Featherweight,Cris Cyborg,0,unmatched_exact_canonical_name,canonical_candidate_count=0
34241,2018-07-25,Pound-for-Pound,Cris Cyborg,11,unmatched_exact_canonical_name,canonical_candidate_count=0
34261,2018-07-25,Flyweight,Ulka Sasaki,15,unmatched_exact_canonical_name,canonical_candidate_count=0
34331,2018-07-25,Middleweight,Ronaldo Souza,5,unmatched_exact_canonical_name,canonical_candidate_count=0
34403,2018-07-25,Women's Flyweight,Mara Borella,13,unmatched_exact_canonical_name,canonical_candidate_count=0
34422,2018-07-25,Women's Featherweight,Cris Cyborg,0,unmatched_exact_canonical_name,canonical_candidate_count=0
34433,2018-08-01,Pound-for-Pound,Cris Cyborg,11,unmatched_exact_canonical_name,canonical_candidate_count=0
34453,2018-08-01,Flyweight,Ulka Sasaki,15,unmatched_exact_canonical_name,canonical_candidate_count=0
34523,2018-08-01,Middleweight,Ronaldo Souza,5,unmatched_exact_canonical_name,canonical_candidate_count=0
34595,2018-08-01,Women's Flyweight,Mara Borella,13,unmatched_exact_canonical_name,canonical_candidate_count=0
34614,2018-08-01,Women's Featherweight,Cris Cyborg,0,unmatched_exact_canonical_name,canonical_candidate_count=0
34625,2018-08-06,Pound-for-Pound,Cris Cyborg,11,unmatched_exact_canonical_name,canonical_candidate_count=0
34645,2018-08-06,Flyweight,Ulka Sasaki,15,unmatched_exact_canonical_name,canonical_candidate_count=0
34715,2018-08-06,Middleweight,Ronaldo Souza,5,unmatched_exact_canonical_name,canonical_candidate_count=0
34787,2018-08-06,Women's Flyweight,Mara Borella,13,unmatched_exact_canonical_name,canonical_candidate_count=0
34806,2018-08-06,Women's Featherweight,Cris Cyborg,0,unmatched_exact_canonical_name,canonical_candidate_count=0
34817,2018-08-29,Pound-for-Pound,Cris Cyborg,11,unmatched_exact_canonical_name,canonical_candidate_count=0
34837,2018-08-29,Flyweight,Ulka Sasaki,15,unmatched_exact_canonical_name,canonical_candidate_count=0
34907,2018-08-29,Middleweight,Ronaldo Souza,5,unmatched_exact_canonical_name,canonical_candidate_count=0
34978,2018-08-29,Women's Flyweight,Mara Borella,12,unmatched_exact_canonical_name,canonical_candidate_count=0
34998,2018-08-29,Women's Featherweight,Cris Cyborg,0,unmatched_exact_canonical_name,canonical_candidate_count=0
35008,2018-09-12,Pound-for-Pound,Cris Cyborg,10,unmatched_exact_canonical_name,canonical_candidate_count=0
35029,2018-09-12,Flyweight,Ulka Sasaki,15,unmatched_exact_canonical_name,canonical_candidate_count=0
35099,2018-09-12,Middleweight,Ronaldo Souza,5,unmatched_exact_canonical_name,canonical_candidate_count=0
35158,2018-09-12,Women's Flyweight,NA,0,unmatched_exact_canonical_name,canonical_candidate_count=0
35171,2018-09-12,Women's Flyweight,Mara Borella,13,unmatched_exact_canonical_name,canonical_candidate_count=0
35190,2018-09-12,Women's Featherweight,Cris Cyborg,0,unmatched_exact_canonical_name,canonical_candidate_count=0
35200,2018-09-19,Pound-for-Pound,Cris Cyborg,10,unmatched_exact_canonical_name,canonical_candidate_count=0
35221,2018-09-19,Flyweight,Ulka Sasaki,15,unmatched_exact_canonical_name,canonical_candidate_count=0
35291,2018-09-19,Middleweight,Ronaldo Souza,5,unmatched_exact_canonical_name,canonical_candidate_count=0
35350,2018-09-19,Women's Flyweight,NA,0,unmatched_exact_canonical_name,canonical_candidate_count=0
35363,2018-09-19,Women's Flyweight,Mara Borella,13,unmatched_exact_canonical_name,canonical_candidate_count=0
35382,2018-09-19,Women's Featherweight,Cris Cyborg,0,unmatched_exact_canonical_name,canonical_candidate_count=0
35392,2018-09-24,Pound-for-Pound,Cris Cyborg,10,unmatched_exact_canonical_name,canonical_candidate_count=0
35413,2018-09-24,Flyweight,Ulka Sasaki,15,unmatched_exact_canonical_name,canonical_candidate_count=0
35483,2018-09-24,Middleweight,Ronaldo Souza,5,unmatched_exact_canonical_name,canonical_candidate_count=0
35542,2018-09-24,Women's Flyweight,NA,0,unmatched_exact_canonical_name,canonical_candidate_count=0
35555,2018-09-24,Women's Flyweight,Mara Borella,13,unmatched_exact_canonical_name,canonical_candidate_count=0
35574,2018-09-24,Women's Featherweight,Cris Cyborg,0,unmatched_exact_canonical_name,canonical_candidate_count=0
35585,2018-10-08,Pound-for-Pound,Cris Cyborg,11,unmatched_exact_canonical_name,canonical_candidate_count=0
35605,2018-10-08,Flyweight,Ulka Sasaki,15,unmatched_exact_canonical_name,canonical_candidate_count=0
35676,2018-10-08,Middleweight,Ronaldo Souza,5,unmatched_exact_canonical_name,canonical_candidate_count=0
35735,2018-10-08,Women's Flyweight,NA,0,unmatched_exact_canonical_name,canonical_candidate_count=0
35748,2018-10-08,Women's Flyweight,Mara Borella,13,unmatched_exact_canonical_name,canonical_candidate_count=0
35767,2018-10-08,Women's Featherweight,Cris Cyborg,0,unmatched_exact_canonical_name,canonical_candidate_count=0
35777,2018-10-31,Pound-for-Pound,Cris Cyborg,10,unmatched_exact_canonical_name,canonical_candidate_count=0
35797,2018-10-31,Flyweight,Ulka Sasaki,14,unmatched_exact_canonical_name,canonical_candidate_count=0
35868,2018-10-31,Middleweight,Ronaldo Souza,5,unmatched_exact_canonical_name,canonical_candidate_count=0
35927,2018-10-31,Women's Flyweight,NA,0,unmatched_exact_canonical_name,canonical_candidate_count=0
35940,2018-10-31,Women's Flyweight,Mara Borella,13,unmatched_exact_canonical_name,canonical_candidate_count=0
35959,2018-10-31,Women's Featherweight,Cris Cyborg,0,unmatched_exact_canonical_name,canonical_candidate_count=0
35970,2018-11-07,Pound-for-Pound,Cris Cyborg,11,unmatched_exact_canonical_name,canonical_candidate_count=0
35990,2018-11-07,Flyweight,Ulka Sasaki,15,unmatched_exact_canonical_name,canonical_candidate_count=0
36058,2018-11-07,Middleweight,Ronaldo Souza,3,unmatched_exact_canonical_name,canonical_candidate_count=0
36119,2018-11-07,Women's Flyweight,NA,0,unmatched_exact_canonical_name,canonical_candidate_count=0
36132,2018-11-07,Women's Flyweight,Mara Borella,13,unmatched_exact_canonical_name,canonical_candidate_count=0
36151,2018-11-07,Women's Featherweight,Cris Cyborg,0,unmatched_exact_canonical_name,canonical_candidate_count=0
36162,2018-11-12,Pound-for-Pound,Cris Cyborg,11,unmatched_exact_canonical_name,canonical_candidate_count=0
36180,2018-11-12,Flyweight,Ulka Sasaki,13,unmatched_exact_canonical_name,canonical_candidate_count=0
36250,2018-11-12,Middleweight,Ronaldo Souza,3,unmatched_exact_canonical_name,canonical_candidate_count=0
36311,2018-11-12,Women's Flyweight,NA,0,unmatched_exact_canonical_name,canonical_candidate_count=0
36324,2018-11-12,Women's Flyweight,Mara Borella,13,unmatched_exact_canonical_name,canonical_candidate_count=0
36343,2018-11-12,Women's Featherweight,Cris Cyborg,0,unmatched_exact_canonical_name,canonical_candidate_count=0
36354,2018-11-19,Pound-for-Pound,Cris Cyborg,11,unmatched_exact_canonical_name,canonical_candidate_count=0
36373,2018-11-19,Flyweight,Ulka Sasaki,14,unmatched_exact_canonical_name,canonical_candidate_count=0
36442,2018-11-19,Middleweight,Ronaldo Souza,3,unmatched_exact_canonical_name,canonical_candidate_count=0
36503,2018-11-19,Women's Flyweight,NA,0,unmatched_exact_canonical_name,canonical_candidate_count=0
36516,2018-11-19,Women's Flyweight,Mara Borella,13,unmatched_exact_canonical_name,canonical_candidate_count=0
36535,2018-11-19,Women's Featherweight,Cris Cyborg,0,unmatched_exact_canonical_name,canonical_candidate_count=0
36546,2018-11-28,Pound-for-Pound,Cris Cyborg,11,unmatched_exact_canonical_name,canonical_candidate_count=0
36634,2018-11-28,Middleweight,Ronaldo Souza,3,unmatched_exact_canonical_name,canonical_candidate_count=0
36695,2018-11-28,Women's Flyweight,NA,0,unmatched_exact_canonical_name,canonical_candidate_count=0
36708,2018-11-28,Women's Flyweight,Mara Borella,13,unmatched_exact_canonical_name,canonical_candidate_count=0
36727,2018-11-28,Women's Featherweight,Cris Cyborg,0,unmatched_exact_canonical_name,canonical_candidate_count=0
36738,2018-12-03,Pound-for-Pound,Cris Cyborg,11,unmatched_exact_canonical_name,canonical_candidate_count=0
36827,2018-12-03,Middleweight,Ronaldo Souza,3,unmatched_exact_canonical_name,canonical_candidate_count=0
36888,2018-12-03,Women's Flyweight,NA,0,unmatched_exact_canonical_name,canonical_candidate_count=0
36901,2018-12-03,Women's Flyweight,Mara Borella,13,unmatched_exact_canonical_name,canonical_candidate_count=0
36921,2018-12-03,Women's Featherweight,Cris Cyborg,0,unmatched_exact_canonical_name,canonical_candidate_count=0
36932,2018-12-12,Pound-for-Pound,Cris Cyborg,11,unmatched_exact_canonical_name,canonical_candidate_count=0
37020,2018-12-12,Middleweight,Ronaldo Souza,3,unmatched_exact_canonical_name,canonical_candidate_count=0
37093,2018-12-12,Women's Flyweight,Mara Borella,12,unmatched_exact_canonical_name,canonical_candidate_count=0
37113,2018-12-12,Women's Featherweight,Cris Cyborg,0,unmatched_exact_canonical_name,canonical_candidate_count=0
37124,2018-12-17,Pound-for-Pound,Cris Cyborg,11,unmatched_exact_canonical_name,canonical_candidate_count=0
37212,2018-12-17,Middleweight,Ronaldo Souza,3,unmatched_exact_canonical_name,canonical_candidate_count=0
37285,2018-12-17,Women's Flyweight,Mara Borella,12,unmatched_exact_canonical_name,canonical_candidate_count=0
37305,2018-12-17,Women's Featherweight,Cris Cyborg,0,unmatched_exact_canonical_name,canonical_candidate_count=0
37320,2019-01-01,Pound-for-Pound,Cris Cyborg,15,unmatched_exact_canonical_name,canonical_candidate_count=0
37405,2019-01-01,Middleweight,Ronaldo Souza,3,unmatched_exact_canonical_name,canonical_candidate_count=0
37479,2019-01-01,Women's Flyweight,Mara Borella,13,unmatched_exact_canonical_name,canonical_candidate_count=0
37513,2019-01-21,Pound-for-Pound,Cris Cyborg,15,unmatched_exact_canonical_name,canonical_candidate_count=0
37597,2019-01-21,Middleweight,Ronaldo Souza,3,unmatched_exact_canonical_name,canonical_candidate_count=0
37670,2019-01-21,Women's Flyweight,Mara Borella,12,unmatched_exact_canonical_name,canonical_candidate_count=0
37705,2019-02-04,Pound-for-Pound,Cris Cyborg,15,unmatched_exact_canonical_name,canonical_candidate_count=0
37789,2019-02-04,Middleweight,Ronaldo Souza,3,unmatched_exact_canonical_name,canonical_candidate_count=0
37861,2019-02-04,Women's Flyweight,Mara Borella,11,unmatched_exact_canonical_name,canonical_candidate_count=0
37897,2019-02-11,Pound-for-Pound,Cris Cyborg,15,unmatched_exact_canonical_name,canonical_candidate_count=0
37981,2019-02-11,Middleweight,Ronaldo Souza,3,unmatched_exact_canonical_name,canonical_candidate_count=0
38055,2019-02-11,Women's Flyweight,Mara Borella,13,unmatched_exact_canonical_name,canonical_candidate_count=0
38089,2019-02-19,Pound-for-Pound,Cris Cyborg,15,unmatched_exact_canonical_name,canonical_candidate_count=0
38173,2019-02-19,Middleweight,Ronaldo Souza,3,unmatched_exact_canonical_name,canonical_candidate_count=0
38247,2019-02-19,Women's Flyweight,Mara Borella,13,unmatched_exact_canonical_name,canonical_candidate_count=0
38281,2019-02-25,Pound-for-Pound,Cris Cyborg,15,unmatched_exact_canonical_name,canonical_candidate_count=0
38365,2019-02-25,Middleweight,Ronaldo Souza,3,unmatched_exact_canonical_name,canonical_candidate_count=0
38439,2019-02-25,Women's Flyweight,Mara Borella,13,unmatched_exact_canonical_name,canonical_candidate_count=0
38473,2019-03-05,Pound-for-Pound,Cris Cyborg,15,unmatched_exact_canonical_name,canonical_candidate_count=0
38557,2019-03-05,Middleweight,Ronaldo Souza,3,unmatched_exact_canonical_name,canonical_candidate_count=0
38631,2019-03-05,Women's Flyweight,Mara Borella,13,unmatched_exact_canonical_name,canonical_candidate_count=0
38665,2019-03-12,Pound-for-Pound,Cris Cyborg,15,unmatched_exact_canonical_name,canonical_candidate_count=0
38749,2019-03-12,Middleweight,Ronaldo Souza,3,unmatched_exact_canonical_name,canonical_candidate_count=0
38823,2019-03-12,Women's Flyweight,Mara Borella,13,unmatched_exact_canonical_name,canonical_candidate_count=0
38857,2019-03-20,Pound-for-Pound,Cris Cyborg,15,unmatched_exact_canonical_name,canonical_candidate_count=0
38874,2019-03-20,Bantamweight,NA,0,unmatched_exact_canonical_name,canonical_candidate_count=0
38941,2019-03-20,Middleweight,Ronaldo Souza,3,unmatched_exact_canonical_name,canonical_candidate_count=0
39015,2019-03-20,Women's Flyweight,Mara Borella,13,unmatched_exact_canonical_name,canonical_candidate_count=0
39048,2019-03-26,Pound-for-Pound,Cris Cyborg,14,unmatched_exact_canonical_name,canonical_candidate_count=0
39066,2019-03-26,Bantamweight,NA,0,unmatched_exact_canonical_name,canonical_candidate_count=0
39133,2019-03-26,Middleweight,Ronaldo Souza,3,unmatched_exact_canonical_name,canonical_candidate_count=0
39208,2019-03-26,Women's Flyweight,Mara Borella,14,unmatched_exact_canonical_name,canonical_candidate_count=0
39240,2019-04-01,Pound-for-Pound,Cris Cyborg,14,unmatched_exact_canonical_name,canonical_candidate_count=0
39258,2019-04-01,Bantamweight,NA,0,unmatched_exact_canonical_name,canonical_candidate_count=0
39325,2019-04-01,Middleweight,Ronaldo Souza,3,unmatched_exact_canonical_name,canonical_candidate_count=0
39400,2019-04-01,Women's Flyweight,Mara Borella,14,unmatched_exact_canonical_name,canonical_candidate_count=0
39432,2019-04-03,Pound-for-Pound,Cris Cyborg,14,unmatched_exact_canonical_name,canonical_candidate_count=0
39450,2019-04-03,Bantamweight,NA,0,unmatched_exact_canonical_name,canonical_candidate_count=0
39517,2019-04-03,Middleweight,Ronaldo Souza,3,unmatched_exact_canonical_name,canonical_candidate_count=0
39592,2019-04-03,Women's Flyweight,Mara Borella,14,unmatched_exact_canonical_name,canonical_candidate_count=0
39625,2019-04-15,Pound-for-Pound,Cris Cyborg,15,unmatched_exact_canonical_name,canonical_candidate_count=0
39642,2019-04-15,Bantamweight,NA,0,unmatched_exact_canonical_name,canonical_candidate_count=0
39710,2019-04-15,Middleweight,Ronaldo Souza,4,unmatched_exact_canonical_name,canonical_candidate_count=0
39782,2019-04-15,Women's Flyweight,Mara Borella,12,unmatched_exact_canonical_name,canonical_candidate_count=0
39817,2019-04-22,Pound-for-Pound,Cris Cyborg,15,unmatched_exact_canonical_name,canonical_candidate_count=0
39834,2019-04-22,Bantamweight,NA,0,unmatched_exact_canonical_name,canonical_candidate_count=0
39902,2019-04-22,Middleweight,Ronaldo Souza,4,unmatched_exact_canonical_name,canonical_candidate_count=0
39974,2019-04-22,Women's Flyweight,Mara Borella,12,unmatched_exact_canonical_name,canonical_candidate_count=0
40009,2019-04-30,Pound-for-Pound,Cris Cyborg,15,unmatched_exact_canonical_name,canonical_candidate_count=0
40026,2019-04-30,Bantamweight,NA,0,unmatched_exact_canonical_name,canonical_candidate_count=0
40096,2019-04-30,Middleweight,Ronaldo Souza,6,unmatched_exact_canonical_name,canonical_candidate_count=0
40166,2019-04-30,Women's Flyweight,Mara Borella,12,unmatched_exact_canonical_name,canonical_candidate_count=0
40201,2019-05-06,Pound-for-Pound,Cris Cyborg,15,unmatched_exact_canonical_name,canonical_candidate_count=0
40218,2019-05-06,Bantamweight,NA,0,unmatched_exact_canonical_name,canonical_candidate_count=0
40288,2019-05-06,Middleweight,Ronaldo Souza,6,unmatched_exact_canonical_name,canonical_candidate_count=0
40358,2019-05-06,Women's Flyweight,Mara Borella,12,unmatched_exact_canonical_name,canonical_candidate_count=0
40410,2019-05-13,Bantamweight,NA,0,unmatched_exact_canonical_name,canonical_candidate_count=0
40480,2019-05-13,Middleweight,Ronaldo Souza,6,unmatched_exact_canonical_name,canonical_candidate_count=0
40550,2019-05-13,Women's Flyweight,Mara Borella,12,unmatched_exact_canonical_name,canonical_candidate_count=0
40587,2019-05-21,Pound-for-Pound,Cris Cyborg,15,unmatched_exact_canonical_name,canonical_candidate_count=0
40603,2019-05-21,Bantamweight,NA,0,unmatched_exact_canonical_name,canonical_candidate_count=0
40673,2019-05-21,Middleweight,Ronaldo Souza,6,unmatched_exact_canonical_name,canonical_candidate_count=0
40743,2019-05-21,Women's Flyweight,Mara Borella,12,unmatched_exact_canonical_name,canonical_candidate_count=0
40792,2019-06-03,Bantamweight,NA,0,unmatched_exact_canonical_name,canonical_candidate_count=0
40862,2019-06-03,Middleweight,Ronaldo Souza,6,unmatched_exact_canonical_name,canonical_candidate_count=0
40932,2019-06-03,Women's Flyweight,Mara Borella,12,unmatched_exact_canonical_name,canonical_candidate_count=0
40981,2019-06-11,Bantamweight,NA,0,unmatched_exact_canonical_name,canonical_candidate_count=0
41051,2019-06-11,Middleweight,Ronaldo Souza,6,unmatched_exact_canonical_name,canonical_candidate_count=0
41121,2019-06-11,Women's Flyweight,Mara Borella,12,unmatched_exact_canonical_name,canonical_candidate_count=0
41170,2019-06-26,Bantamweight,NA,0,unmatched_exact_canonical_name,canonical_candidate_count=0
41240,2019-06-26,Middleweight,Ronaldo Souza,6,unmatched_exact_canonical_name,canonical_candidate_count=0
41310,2019-06-26,Women's Flyweight,Mara Borella,12,unmatched_exact_canonical_name,canonical_candidate_count=0
41359,2019-07-02,Bantamweight,NA,0,unmatched_exact_canonical_name,canonical_candidate_count=0
41429,2019-07-02,Middleweight,Ronaldo Souza,5,unmatched_exact_canonical_name,canonical_candidate_count=0
41500,2019-07-02,Women's Flyweight,Mara Borella,12,unmatched_exact_canonical_name,canonical_candidate_count=0
41618,2019-07-08,Middleweight,Ronaldo Souza,5,unmatched_exact_canonical_name,canonical_candidate_count=0
41689,2019-07-08,Women's Flyweight,Mara Borella,12,unmatched_exact_canonical_name,canonical_candidate_count=0
41810,2019-07-15,Middleweight,Ronaldo Souza,5,unmatched_exact_canonical_name,canonical_candidate_count=0
41879,2019-07-15,Women's Flyweight,Mara Borella,10,unmatched_exact_canonical_name,canonical_candidate_count=0
42002,2019-07-22,Middleweight,Ronaldo Souza,5,unmatched_exact_canonical_name,canonical_candidate_count=0
42071,2019-07-22,Women's Flyweight,Mara Borella,10,unmatched_exact_canonical_name,canonical_candidate_count=0
42194,2019-07-29,Middleweight,Ronaldo Souza,5,unmatched_exact_canonical_name,canonical_candidate_count=0
42263,2019-07-29,Women's Flyweight,Mara Borella,10,unmatched_exact_canonical_name,canonical_candidate_count=0
42386,2019-08-05,Middleweight,Ronaldo Souza,5,unmatched_exact_canonical_name,canonical_candidate_count=0
42455,2019-08-05,Women's Flyweight,Mara Borella,10,unmatched_exact_canonical_name,canonical_candidate_count=0
42578,2019-08-12,Middleweight,Ronaldo Souza,5,unmatched_exact_canonical_name,canonical_candidate_count=0
42651,2019-08-12,Women's Flyweight,Mara Borella,14,unmatched_exact_canonical_name,canonical_candidate_count=0
42771,2019-08-19,Middleweight,Ronaldo Souza,6,unmatched_exact_canonical_name,canonical_candidate_count=0
42843,2019-08-19,Women's Flyweight,Mara Borella,14,unmatched_exact_canonical_name,canonical_candidate_count=0
42963,2019-09-02,Middleweight,Ronaldo Souza,6,unmatched_exact_canonical_name,canonical_candidate_count=0
43035,2019-09-02,Women's Flyweight,Mara Borella,14,unmatched_exact_canonical_name,canonical_candidate_count=0
43155,2019-09-09,Middleweight,Ronaldo Souza,6,unmatched_exact_canonical_name,canonical_candidate_count=0
43227,2019-09-09,Women's Flyweight,Mara Borella,14,unmatched_exact_canonical_name,canonical_candidate_count=0
43347,2019-09-16,Middleweight,Ronaldo Souza,6,unmatched_exact_canonical_name,canonical_candidate_count=0
43418,2019-09-16,Women's Flyweight,Mara Borella,13,unmatched_exact_canonical_name,canonical_candidate_count=0
43539,2019-09-23,Middleweight,Ronaldo Souza,6,unmatched_exact_canonical_name,canonical_candidate_count=0
43610,2019-09-23,Women's Flyweight,Mara Borella,13,unmatched_exact_canonical_name,canonical_candidate_count=0
43732,2019-09-30,Middleweight,Ronaldo Souza,7,unmatched_exact_canonical_name,canonical_candidate_count=0
43802,2019-09-30,Women's Flyweight,Mara Borella,13,unmatched_exact_canonical_name,canonical_candidate_count=0
43924,2019-10-07,Middleweight,Ronaldo Souza,7,unmatched_exact_canonical_name,canonical_candidate_count=0
43994,2019-10-07,Women's Flyweight,Mara Borella,13,unmatched_exact_canonical_name,canonical_candidate_count=0
44116,2019-10-14,Middleweight,Ronaldo Souza,7,unmatched_exact_canonical_name,canonical_candidate_count=0
44186,2019-10-14,Women's Flyweight,Mara Borella,13,unmatched_exact_canonical_name,canonical_candidate_count=0
44308,2019-10-21,Middleweight,Ronaldo Souza,7,unmatched_exact_canonical_name,canonical_candidate_count=0
44378,2019-10-21,Women's Flyweight,Mara Borella,13,unmatched_exact_canonical_name,canonical_candidate_count=0
44500,2019-10-28,Middleweight,Ronaldo Souza,7,unmatched_exact_canonical_name,canonical_candidate_count=0
44571,2019-10-28,Women's Flyweight,Mara Borella,14,unmatched_exact_canonical_name,canonical_candidate_count=0
44693,2019-11-04,Middleweight,Ronaldo Souza,8,unmatched_exact_canonical_name,canonical_candidate_count=0
44763,2019-11-04,Women's Flyweight,Mara Borella,14,unmatched_exact_canonical_name,canonical_candidate_count=0
44885,2019-11-11,Middleweight,Ronaldo Souza,8,unmatched_exact_canonical_name,canonical_candidate_count=0
44955,2019-11-11,Women's Flyweight,Mara Borella,14,unmatched_exact_canonical_name,canonical_candidate_count=0
45100,2019-11-18,Light Heavyweight,Ronaldo Souza,15,unmatched_exact_canonical_name,canonical_candidate_count=0
45147,2019-11-18,Women's Flyweight,Mara Borella,14,unmatched_exact_canonical_name,canonical_candidate_count=0
45292,2019-12-10,Light Heavyweight,Ronaldo Souza,15,unmatched_exact_canonical_name,canonical_candidate_count=0
45338,2019-12-10,Women's Flyweight,Mara Borella,13,unmatched_exact_canonical_name,canonical_candidate_count=0
45484,2019-12-16,Light Heavyweight,Ronaldo Souza,15,unmatched_exact_canonical_name,canonical_candidate_count=0
45530,2019-12-16,Women's Flyweight,Mara Borella,13,unmatched_exact_canonical_name,canonical_candidate_count=0
45676,2019-12-24,Light Heavyweight,Ronaldo Souza,15,unmatched_exact_canonical_name,canonical_candidate_count=0
45722,2019-12-24,Women's Flyweight,Mara Borella,13,unmatched_exact_canonical_name,canonical_candidate_count=0
45867,2020-01-20,Light Heavyweight,Ronaldo Souza,15,unmatched_exact_canonical_name,canonical_candidate_count=0
45913,2020-01-20,Women's Flyweight,Mara Borella,13,unmatched_exact_canonical_name,canonical_candidate_count=0
46043,2020-01-27,Light Heavyweight,Ronaldo Souza,15,unmatched_exact_canonical_name,canonical_candidate_count=0
46089,2020-01-27,Women's Flyweight,Mara Borella,13,unmatched_exact_canonical_name,canonical_candidate_count=0
46248,2020-02-10,Light Heavyweight,Ronaldo Souza,14,unmatched_exact_canonical_name,canonical_candidate_count=0
46295,2020-02-10,Women's Flyweight,Mara Borella,13,unmatched_exact_canonical_name,canonical_candidate_count=0
46454,2020-02-17,Light Heavyweight,Ronaldo Souza,14,unmatched_exact_canonical_name,canonical_candidate_count=0
46503,2020-02-17,Women's Flyweight,Mara Borella,15,unmatched_exact_canonical_name,canonical_candidate_count=0
46662,2020-02-24,Light Heavyweight,Ronaldo Souza,14,unmatched_exact_canonical_name,canonical_candidate_count=0
46712,2020-02-24,Women's Flyweight,Mara Borella,15,unmatched_exact_canonical_name,canonical_candidate_count=0
46760,2020-03-02,Flyweight,NA,0,unmatched_exact_canonical_name,canonical_candidate_count=0
46870,2020-03-02,Light Heavyweight,Ronaldo Souza,14,unmatched_exact_canonical_name,canonical_candidate_count=0
46967,2020-03-09,Flyweight,NA,0,unmatched_exact_canonical_name,canonical_candidate_count=0
47077,2020-03-09,Light Heavyweight,Ronaldo Souza,14,unmatched_exact_canonical_name,canonical_candidate_count=0
47174,2020-03-16,Flyweight,NA,0,unmatched_exact_canonical_name,canonical_candidate_count=0
47284,2020-03-16,Light Heavyweight,Ronaldo Souza,14,unmatched_exact_canonical_name,canonical_candidate_count=0
47381,2020-05-11,Flyweight,NA,0,unmatched_exact_canonical_name,canonical_candidate_count=0
47588,2020-05-19,Flyweight,NA,0,unmatched_exact_canonical_name,canonical_candidate_count=0
47604,2020-05-19,Bantamweight,NA,0,unmatched_exact_canonical_name,canonical_candidate_count=0
47795,2020-06-02,Flyweight,NA,0,unmatched_exact_canonical_name,canonical_candidate_count=0
47811,2020-06-02,Bantamweight,NA,0,unmatched_exact_canonical_name,canonical_candidate_count=0
48002,2020-06-08,Flyweight,NA,0,unmatched_exact_canonical_name,canonical_candidate_count=0
48018,2020-06-08,Bantamweight,NA,0,unmatched_exact_canonical_name,canonical_candidate_count=0
48209,2020-06-15,Flyweight,NA,0,unmatched_exact_canonical_name,canonical_candidate_count=0
48225,2020-06-15,Bantamweight,NA,0,unmatched_exact_canonical_name,canonical_candidate_count=0
48416,2020-06-22,Flyweight,NA,0,unmatched_exact_canonical_name,canonical_candidate_count=0
48432,2020-06-22,Bantamweight,NA,0,unmatched_exact_canonical_name,canonical_candidate_count=0
48623,2020-06-29,Flyweight,NA,0,unmatched_exact_canonical_name,canonical_candidate_count=0
48639,2020-06-29,Bantamweight,NA,0,unmatched_exact_canonical_name,canonical_candidate_count=0
48830,2020-07-14,Flyweight,NA,0,unmatched_exact_canonical_name,canonical_candidate_count=0
49961,2020-08-24,Light Heavyweight,NA,0,unmatched_exact_canonical_name,canonical_candidate_count=0
50168,2020-08-31,Light Heavyweight,NA,0,unmatched_exact_canonical_name,canonical_candidate_count=0
50375,2020-09-07,Light Heavyweight,NA,0,unmatched_exact_canonical_name,canonical_candidate_count=0
50582,2020-09-15,Light Heavyweight,NA,0,unmatched_exact_canonical_name,canonical_candidate_count=0
50789,2020-09-21,Light Heavyweight,NA,0,unmatched_exact_canonical_name,canonical_candidate_count=0
55286,2021-03-23,Lightweight,NA,0,unmatched_exact_canonical_name,canonical_candidate_count=0
55493,2021-03-29,Lightweight,NA,0,unmatched_exact_canonical_name,canonical_candidate_count=0
55700,2021-04-12,Lightweight,NA,0,unmatched_exact_canonical_name,canonical_candidate_count=0
55907,2021-04-19,Lightweight,NA,0,unmatched_exact_canonical_name,canonical_candidate_count=0
56114,2021-04-26,Lightweight,NA,0,unmatched_exact_canonical_name,canonical_candidate_count=0
56321,2021-05-03,Lightweight,NA,0,unmatched_exact_canonical_name,canonical_candidate_count=0
56528,2021-05-10,Lightweight,NA,0,unmatched_exact_canonical_name,canonical_candidate_count=0
65015,2022-05-09,Lightweight,NA,0,unmatched_exact_canonical_name,canonical_candidate_count=0
65223,2022-05-16,Lightweight,NA,0,unmatched_exact_canonical_name,canonical_candidate_count=0
65430,2022-05-23,Lightweight,NA,0,unmatched_exact_canonical_name,canonical_candidate_count=0
65637,2022-06-06,Lightweight,NA,0,unmatched_exact_canonical_name,canonical_candidate_count=0
65844,2022-06-13,Lightweight,NA,0,unmatched_exact_canonical_name,canonical_candidate_count=0
66051,2022-06-20,Lightweight,NA,0,unmatched_exact_canonical_name,canonical_candidate_count=0
66258,2022-06-27,Lightweight,NA,0,unmatched_exact_canonical_name,canonical_candidate_count=0
66466,2022-07-04,Lightweight,NA,0,unmatched_exact_canonical_name,canonical_candidate_count=0
66674,2022-07-11,Lightweight,NA,0,unmatched_exact_canonical_name,canonical_candidate_count=0
66881,2022-07-18,Lightweight,NA,0,unmatched_exact_canonical_name,canonical_candidate_count=0
67088,2022-08-01,Lightweight,NA,0,unmatched_exact_canonical_name,canonical_candidate_count=0
67295,2022-08-08,Lightweight,NA,0,unmatched_exact_canonical_name,canonical_candidate_count=0
67502,2022-08-15,Lightweight,NA,0,unmatched_exact_canonical_name,canonical_candidate_count=0
67709,2022-08-22,Lightweight,NA,0,unmatched_exact_canonical_name,canonical_candidate_count=0
67916,2022-09-05,Lightweight,NA,0,unmatched_exact_canonical_name,canonical_candidate_count=0
68123,2022-09-12,Lightweight,NA,0,unmatched_exact_canonical_name,canonical_candidate_count=0
68331,2022-09-19,Lightweight,NA,0,unmatched_exact_canonical_name,canonical_candidate_count=0
68539,2022-10-03,Lightweight,NA,0,unmatched_exact_canonical_name,canonical_candidate_count=0
68746,2022-10-17,Lightweight,NA,0,unmatched_exact_canonical_name,canonical_candidate_count=0
70036,2022-12-06,Light Heavyweight,NA,0,unmatched_exact_canonical_name,canonical_candidate_count=0
70243,2022-12-13,Light Heavyweight,NA,0,unmatched_exact_canonical_name,canonical_candidate_count=0
70450,2022-12-19,Light Heavyweight,NA,0,unmatched_exact_canonical_name,canonical_candidate_count=0
70657,2023-01-17,Light Heavyweight,NA,0,unmatched_exact_canonical_name,canonical_candidate_count=0
70673,2023-01-17,Heavyweight,NA,0,unmatched_exact_canonical_name,canonical_candidate_count=0
70880,2023-01-24,Heavyweight,NA,0,unmatched_exact_canonical_name,canonical_candidate_count=0
71087,2023-02-07,Heavyweight,NA,0,unmatched_exact_canonical_name,canonical_candidate_count=0
71294,2023-02-14,Heavyweight,NA,0,unmatched_exact_canonical_name,canonical_candidate_count=0
71501,2023-02-20,Heavyweight,NA,0,unmatched_exact_canonical_name,canonical_candidate_count=0
71708,2023-02-27,Heavyweight,NA,0,unmatched_exact_canonical_name,canonical_candidate_count=0
72024,2023-03-13,Flyweight,Bruno Gustavo da Silva,15,unmatched_exact_canonical_name,canonical_candidate_count=0
72231,2023-03-21,Flyweight,Bruno Gustavo da Silva,15,unmatched_exact_canonical_name,canonical_candidate_count=0
72437,2023-03-28,Flyweight,Bruno Gustavo da Silva,15,unmatched_exact_canonical_name,canonical_candidate_count=0
72644,2023-04-11,Flyweight,Bruno Gustavo da Silva,15,unmatched_exact_canonical_name,canonical_candidate_count=0
72851,2023-04-18,Flyweight,Bruno Gustavo da Silva,15,unmatched_exact_canonical_name,canonical_candidate_count=0
73058,2023-04-25,Flyweight,Bruno Gustavo da Silva,15,unmatched_exact_canonical_name,canonical_candidate_count=0
73265,2023-05-02,Flyweight,Bruno Gustavo da Silva,15,unmatched_exact_canonical_name,canonical_candidate_count=0
73472,2023-05-09,Flyweight,Bruno Gustavo da Silva,15,unmatched_exact_canonical_name,canonical_candidate_count=0
73679,2023-05-16,Flyweight,Bruno Gustavo da Silva,15,unmatched_exact_canonical_name,canonical_candidate_count=0
73886,2023-05-23,Flyweight,Bruno Gustavo da Silva,15,unmatched_exact_canonical_name,canonical_candidate_count=0
74093,2023-06-06,Flyweight,Bruno Gustavo da Silva,15,unmatched_exact_canonical_name,canonical_candidate_count=0
74652,2023-06-20,Women's Bantamweight,NA,0,unmatched_exact_canonical_name,canonical_candidate_count=0
74859,2023-06-27,Women's Bantamweight,NA,0,unmatched_exact_canonical_name,canonical_candidate_count=0
75066,2023-07-04,Women's Bantamweight,NA,0,unmatched_exact_canonical_name,canonical_candidate_count=0
75273,2023-07-11,Women's Bantamweight,NA,0,unmatched_exact_canonical_name,canonical_candidate_count=0
75480,2023-07-18,Women's Bantamweight,NA,0,unmatched_exact_canonical_name,canonical_candidate_count=0
75689,2023-07-25,Women's Bantamweight,NA,0,unmatched_exact_canonical_name,canonical_candidate_count=0
75896,2023-08-01,Women's Bantamweight,NA,0,unmatched_exact_canonical_name,canonical_candidate_count=0
76103,2023-08-08,Women's Bantamweight,NA,0,unmatched_exact_canonical_name,canonical_candidate_count=0
76310,2023-08-15,Women's Bantamweight,NA,0,unmatched_exact_canonical_name,canonical_candidate_count=0
76517,2023-08-22,Women's Bantamweight,NA,0,unmatched_exact_canonical_name,canonical_candidate_count=0
76723,2023-08-29,Women's Bantamweight,NA,0,unmatched_exact_canonical_name,canonical_candidate_count=0
76929,2023-09-05,Women's Bantamweight,NA,0,unmatched_exact_canonical_name,canonical_candidate_count=0
77135,2023-09-12,Women's Bantamweight,NA,0,unmatched_exact_canonical_name,canonical_candidate_count=0
77341,2023-09-19,Women's Bantamweight,NA,0,unmatched_exact_canonical_name,canonical_candidate_count=0
77547,2023-09-26,Women's Bantamweight,NA,0,unmatched_exact_canonical_name,canonical_candidate_count=0
77753,2023-10-10,Women's Bantamweight,NA,0,unmatched_exact_canonical_name,canonical_candidate_count=0
77959,2023-10-17,Women's Bantamweight,NA,0,unmatched_exact_canonical_name,canonical_candidate_count=0
78165,2023-10-24,Women's Bantamweight,NA,0,unmatched_exact_canonical_name,canonical_candidate_count=0
78371,2023-11-07,Women's Bantamweight,NA,0,unmatched_exact_canonical_name,canonical_candidate_count=0
78577,2023-11-14,Women's Bantamweight,NA,0,unmatched_exact_canonical_name,canonical_candidate_count=0
78783,2023-11-21,Women's Bantamweight,NA,0,unmatched_exact_canonical_name,canonical_candidate_count=0
78989,2023-12-05,Women's Bantamweight,NA,0,unmatched_exact_canonical_name,canonical_candidate_count=0
79195,2023-12-12,Women's Bantamweight,NA,0,unmatched_exact_canonical_name,canonical_candidate_count=0
79402,2023-12-19,Women's Bantamweight,NA,0,unmatched_exact_canonical_name,canonical_candidate_count=0
79608,2024-01-16,Women's Bantamweight,NA,0,unmatched_exact_canonical_name,canonical_candidate_count=0
83994,2024-07-23,Flyweight,Bruno Gustavo da Silva,14,unmatched_exact_canonical_name,canonical_candidate_count=0
84199,2024-07-30,Flyweight,Bruno Gustavo da Silva,13,unmatched_exact_canonical_name,canonical_candidate_count=0
84405,2024-08-06,Flyweight,Bruno Gustavo da Silva,13,unmatched_exact_canonical_name,canonical_candidate_count=0
84611,2024-08-13,Flyweight,Bruno Gustavo da Silva,13,unmatched_exact_canonical_name,canonical_candidate_count=0
84817,2024-08-20,Flyweight,Bruno Gustavo da Silva,13,unmatched_exact_canonical_name,canonical_candidate_count=0
85023,2024-08-27,Flyweight,Bruno Gustavo da Silva,13,unmatched_exact_canonical_name,canonical_candidate_count=0
85228,2024-09-10,Flyweight,Bruno Gustavo da Silva,12,unmatched_exact_canonical_name,canonical_candidate_count=0
85435,2024-09-17,Flyweight,Bruno Gustavo da Silva,12,unmatched_exact_canonical_name,canonical_candidate_count=0
85642,2024-10-01,Flyweight,Bruno Gustavo da Silva,12,unmatched_exact_canonical_name,canonical_candidate_count=0
85849,2024-10-08,Flyweight,Bruno Gustavo da Silva,12,unmatched_exact_canonical_name,canonical_candidate_count=0
86055,2024-10-15,Flyweight,Bruno Gustavo da Silva,12,unmatched_exact_canonical_name,canonical_candidate_count=0
86262,2024-10-22,Flyweight,Bruno Gustavo da Silva,13,unmatched_exact_canonical_name,canonical_candidate_count=0
86468,2024-10-29,Flyweight,Bruno Gustavo da Silva,13,unmatched_exact_canonical_name,canonical_candidate_count=0
86673,2024-11-05,Flyweight,Bruno Gustavo da Silva,12,unmatched_exact_canonical_name,canonical_candidate_count=0
86879,2024-11-12,Flyweight,Bruno Gustavo da Silva,12,unmatched_exact_canonical_name,canonical_candidate_count=0
87085,2024-11-19,Flyweight,Bruno Gustavo da Silva,12,unmatched_exact_canonical_name,canonical_candidate_count=0
87291,2024-11-26,Flyweight,Bruno Gustavo da Silva,12,unmatched_exact_canonical_name,canonical_candidate_count=0
87497,2024-12-10,Flyweight,Bruno Gustavo da Silva,12,unmatched_exact_canonical_name,canonical_candidate_count=0
87704,2024-12-17,Flyweight,Bruno Gustavo da Silva,13,unmatched_exact_canonical_name,canonical_candidate_count=0
87910,2025-01-14,Flyweight,Bruno Gustavo da Silva,13,unmatched_exact_canonical_name,canonical_candidate_count=0
88116,2025-01-21,Flyweight,Bruno Gustavo da Silva,13,unmatched_exact_canonical_name,canonical_candidate_count=0
88322,2025-02-04,Flyweight,Bruno Gustavo da Silva,13,unmatched_exact_canonical_name,canonical_candidate_count=0
88528,2025-02-11,Flyweight,Bruno Gustavo da Silva,13,unmatched_exact_canonical_name,canonical_candidate_count=0
88734,2025-02-18,Flyweight,Bruno Gustavo da Silva,13,unmatched_exact_canonical_name,canonical_candidate_count=0
88940,2025-02-25,Flyweight,Bruno Gustavo da Silva,13,unmatched_exact_canonical_name,canonical_candidate_count=0
89145,2025-03-04,Flyweight,Bruno Gustavo da Silva,12,unmatched_exact_canonical_name,canonical_candidate_count=0
89351,2025-03-11,Flyweight,Bruno Gustavo da Silva,12,unmatched_exact_canonical_name,canonical_candidate_count=0
89557,2025-03-18,Flyweight,Bruno Gustavo da Silva,12,unmatched_exact_canonical_name,canonical_candidate_count=0
89763,2025-03-25,Flyweight,Bruno Gustavo da Silva,12,unmatched_exact_canonical_name,canonical_candidate_count=0
89969,2025-04-01,Flyweight,Bruno Gustavo da Silva,12,unmatched_exact_canonical_name,canonical_candidate_count=0
90175,2025-04-08,Flyweight,Bruno Gustavo da Silva,12,unmatched_exact_canonical_name,canonical_candidate_count=0
90381,2025-04-15,Flyweight,Bruno Gustavo da Silva,12,unmatched_exact_canonical_name,canonical_candidate_count=0
90412,2025-04-15,Featherweight,Jean Silva,11,ambiguous_exact_canonical_name,canonical_candidate_count=2
90587,2025-04-29,Flyweight,Bruno Gustavo da Silva,12,unmatched_exact_canonical_name,canonical_candidate_count=0
90618,2025-04-29,Featherweight,Jean Silva,11,ambiguous_exact_canonical_name,canonical_candidate_count=2
90793,2025-05-06,Flyweight,Bruno Gustavo da Silva,12,unmatched_exact_canonical_name,canonical_candidate_count=0
90824,2025-05-06,Featherweight,Jean Silva,11,ambiguous_exact_canonical_name,canonical_candidate_count=2
90999,2025-05-13,Flyweight,Bruno Gustavo da Silva,12,unmatched_exact_canonical_name,canonical_candidate_count=0
91030,2025-05-13,Featherweight,Jean Silva,11,ambiguous_exact_canonical_name,canonical_candidate_count=2
91205,2025-05-20,Flyweight,Bruno Gustavo da Silva,12,unmatched_exact_canonical_name,canonical_candidate_count=0
91236,2025-05-20,Featherweight,Jean Silva,11,ambiguous_exact_canonical_name,canonical_candidate_count=2
91411,2025-06-03,Flyweight,Bruno Gustavo da Silva,12,unmatched_exact_canonical_name,canonical_candidate_count=0
91442,2025-06-03,Featherweight,Jean Silva,11,ambiguous_exact_canonical_name,canonical_candidate_count=2
91619,2025-06-10,Flyweight,Bruno Gustavo da Silva,14,unmatched_exact_canonical_name,canonical_candidate_count=0
91648,2025-06-10,Featherweight,Jean Silva,11,ambiguous_exact_canonical_name,canonical_candidate_count=2
91825,2025-06-17,Flyweight,Bruno Gustavo da Silva,14,unmatched_exact_canonical_name,canonical_candidate_count=0
91854,2025-06-17,Featherweight,Jean Silva,11,ambiguous_exact_canonical_name,canonical_candidate_count=2
92032,2025-06-24,Flyweight,Bruno Gustavo da Silva,15,unmatched_exact_canonical_name,canonical_candidate_count=0
92060,2025-06-24,Featherweight,Jean Silva,11,ambiguous_exact_canonical_name,canonical_candidate_count=2
92237,2025-07-01,Flyweight,Bruno Gustavo da Silva,14,unmatched_exact_canonical_name,canonical_candidate_count=0
92265,2025-07-01,Featherweight,Jean Silva,10,ambiguous_exact_canonical_name,canonical_candidate_count=2
92443,2025-07-15,Flyweight,Bruno Gustavo da Silva,14,unmatched_exact_canonical_name,canonical_candidate_count=0
92471,2025-07-15,Featherweight,Jean Silva,10,ambiguous_exact_canonical_name,canonical_candidate_count=2
92650,2025-07-22,Flyweight,Bruno Gustavo da Silva,14,unmatched_exact_canonical_name,canonical_candidate_count=0
92678,2025-07-22,Featherweight,Jean Silva,10,ambiguous_exact_canonical_name,canonical_candidate_count=2
92679,2025-07-22,Featherweight,Patricio Freire,11,unmatched_exact_canonical_name,canonical_candidate_count=0
92856,2025-07-29,Flyweight,Bruno Gustavo da Silva,14,unmatched_exact_canonical_name,canonical_candidate_count=0
92884,2025-07-29,Featherweight,Jean Silva,10,ambiguous_exact_canonical_name,canonical_candidate_count=2
92885,2025-07-29,Featherweight,Patricio Freire,11,unmatched_exact_canonical_name,canonical_candidate_count=0
93062,2025-08-05,Flyweight,Bruno Gustavo da Silva,14,unmatched_exact_canonical_name,canonical_candidate_count=0
93090,2025-08-05,Featherweight,Jean Silva,10,ambiguous_exact_canonical_name,canonical_candidate_count=2
93091,2025-08-05,Featherweight,Patricio Freire,11,unmatched_exact_canonical_name,canonical_candidate_count=0
93268,2025-08-12,Flyweight,Bruno Gustavo da Silva,14,unmatched_exact_canonical_name,canonical_candidate_count=0
93296,2025-08-12,Featherweight,Jean Silva,10,ambiguous_exact_canonical_name,canonical_candidate_count=2
93297,2025-08-12,Featherweight,Patricio Freire,11,unmatched_exact_canonical_name,canonical_candidate_count=0
93474,2025-08-19,Flyweight,Bruno Gustavo da Silva,14,unmatched_exact_canonical_name,canonical_candidate_count=0
93502,2025-08-19,Featherweight,Jean Silva,10,ambiguous_exact_canonical_name,canonical_candidate_count=2
93503,2025-08-19,Featherweight,Patricio Freire,11,unmatched_exact_canonical_name,canonical_candidate_count=0
93681,2025-08-26,Flyweight,Bruno Gustavo da Silva,15,unmatched_exact_canonical_name,canonical_candidate_count=0
93708,2025-08-26,Featherweight,Jean Silva,10,ambiguous_exact_canonical_name,canonical_candidate_count=2
93709,2025-08-26,Featherweight,Patricio Freire,11,unmatched_exact_canonical_name,canonical_candidate_count=0
93888,2025-09-09,Flyweight,Bruno Gustavo da Silva,15,unmatched_exact_canonical_name,canonical_candidate_count=0
93915,2025-09-09,Featherweight,Jean Silva,10,ambiguous_exact_canonical_name,canonical_candidate_count=2
93916,2025-09-09,Featherweight,Patricio Freire,11,unmatched_exact_canonical_name,canonical_candidate_count=0
94094,2025-09-16,Flyweight,Bruno Gustavo da Silva,15,unmatched_exact_canonical_name,canonical_candidate_count=0
94121,2025-09-16,Featherweight,Jean Silva,10,ambiguous_exact_canonical_name,canonical_candidate_count=2
94122,2025-09-16,Featherweight,Patricio Freire,11,unmatched_exact_canonical_name,canonical_candidate_count=0
94200,2025-09-16,Heavyweight,Marcin Tybura,9,conflicting_duplicate_primary_key,"observed_ranks=[9, 10]"
94201,2025-09-16,Heavyweight,Ante Delija,9,conflicting_duplicate_primary_key,"observed_ranks=[9, 10]"
94202,2025-09-16,Heavyweight,Ante Delija,10,conflicting_duplicate_primary_key,"observed_ranks=[9, 10]"
94203,2025-09-16,Heavyweight,Marcin Tybura,10,conflicting_duplicate_primary_key,"observed_ranks=[9, 10]"
94302,2025-09-30,Flyweight,Bruno Gustavo da Silva,15,unmatched_exact_canonical_name,canonical_candidate_count=0
94329,2025-09-30,Featherweight,Jean Silva,10,ambiguous_exact_canonical_name,canonical_candidate_count=2
94330,2025-09-30,Featherweight,Patricio Freire,11,unmatched_exact_canonical_name,canonical_candidate_count=0
94507,2025-10-07,Flyweight,Bruno Gustavo da Silva,14,unmatched_exact_canonical_name,canonical_candidate_count=0
94535,2025-10-07,Featherweight,Jean Silva,10,ambiguous_exact_canonical_name,canonical_candidate_count=2
94536,2025-10-07,Featherweight,Patricio Freire,11,unmatched_exact_canonical_name,canonical_candidate_count=0
94713,2025-10-14,Flyweight,Bruno Gustavo da Silva,14,unmatched_exact_canonical_name,canonical_candidate_count=0
94741,2025-10-14,Featherweight,Jean Silva,10,ambiguous_exact_canonical_name,canonical_candidate_count=2
94742,2025-10-14,Featherweight,Patricio Freire,11,unmatched_exact_canonical_name,canonical_candidate_count=0
94919,2025-10-21,Flyweight,Bruno Gustavo da Silva,14,unmatched_exact_canonical_name,canonical_candidate_count=0
94947,2025-10-21,Featherweight,Jean Silva,10,ambiguous_exact_canonical_name,canonical_candidate_count=2
94948,2025-10-21,Featherweight,Patricio Freire,11,unmatched_exact_canonical_name,canonical_candidate_count=0
95125,2025-10-28,Flyweight,Bruno Gustavo da Silva,14,unmatched_exact_canonical_name,canonical_candidate_count=0
95153,2025-10-28,Featherweight,Jean Silva,10,ambiguous_exact_canonical_name,canonical_candidate_count=2
95154,2025-10-28,Featherweight,Patricio Freire,11,unmatched_exact_canonical_name,canonical_candidate_count=0
95331,2025-11-04,Flyweight,Bruno Gustavo da Silva,14,unmatched_exact_canonical_name,canonical_candidate_count=0
95360,2025-11-04,Featherweight,Jean Silva,11,ambiguous_exact_canonical_name,canonical_candidate_count=2
95361,2025-11-04,Featherweight,Patricio Freire,12,unmatched_exact_canonical_name,canonical_candidate_count=0
95537,2025-11-11,Flyweight,Bruno Gustavo da Silva,14,unmatched_exact_canonical_name,canonical_candidate_count=0
95566,2025-11-11,Featherweight,Jean Silva,11,ambiguous_exact_canonical_name,canonical_candidate_count=2
95567,2025-11-11,Featherweight,Patricio Freire,12,unmatched_exact_canonical_name,canonical_candidate_count=0
95742,2025-11-18,Flyweight,Bruno Gustavo da Silva,13,unmatched_exact_canonical_name,canonical_candidate_count=0
95772,2025-11-18,Featherweight,Jean Silva,11,ambiguous_exact_canonical_name,canonical_candidate_count=2
95773,2025-11-18,Featherweight,Patricio Freire,12,unmatched_exact_canonical_name,canonical_candidate_count=0
95949,2025-11-25,Flyweight,Bruno Gustavo da Silva,14,unmatched_exact_canonical_name,canonical_candidate_count=0
95978,2025-11-25,Featherweight,Jean Silva,11,ambiguous_exact_canonical_name,canonical_candidate_count=2
95979,2025-11-25,Featherweight,Patricio Freire,12,unmatched_exact_canonical_name,canonical_candidate_count=0
96155,2025-12-09,Flyweight,Bruno Gustavo da Silva,14,unmatched_exact_canonical_name,canonical_candidate_count=0
96184,2025-12-09,Featherweight,Jean Silva,11,ambiguous_exact_canonical_name,canonical_candidate_count=2
96185,2025-12-09,Featherweight,Patricio Freire,12,unmatched_exact_canonical_name,canonical_candidate_count=0
96361,2025-12-16,Flyweight,Bruno Gustavo da Silva,14,unmatched_exact_canonical_name,canonical_candidate_count=0
96389,2025-12-16,Featherweight,Jean Silva,10,ambiguous_exact_canonical_name,canonical_candidate_count=2
96391,2025-12-16,Featherweight,Patricio Freire,12,unmatched_exact_canonical_name,canonical_candidate_count=0
96567,2026-01-27,Flyweight,Bruno Gustavo da Silva,14,unmatched_exact_canonical_name,canonical_candidate_count=0
96591,2026-01-27,Featherweight,Jean Silva,6,ambiguous_exact_canonical_name,canonical_candidate_count=2
96597,2026-01-27,Featherweight,Patricio Freire,12,unmatched_exact_canonical_name,canonical_candidate_count=0
96773,2026-02-03,Flyweight,Bruno Gustavo da Silva,14,unmatched_exact_canonical_name,canonical_candidate_count=0
96797,2026-02-03,Featherweight,Jean Silva,6,ambiguous_exact_canonical_name,canonical_candidate_count=2
96803,2026-02-03,Featherweight,Patricio Freire,12,unmatched_exact_canonical_name,canonical_candidate_count=0
96979,2026-02-10,Flyweight,Bruno Gustavo da Silva,14,unmatched_exact_canonical_name,canonical_candidate_count=0
97003,2026-02-10,Featherweight,Jean Silva,6,ambiguous_exact_canonical_name,canonical_candidate_count=2
97009,2026-02-10,Featherweight,Patricio Freire,12,unmatched_exact_canonical_name,canonical_candidate_count=0
97185,2026-02-24,Flyweight,Bruno Gustavo da Silva,14,unmatched_exact_canonical_name,canonical_candidate_count=0
97209,2026-02-24,Featherweight,Jean Silva,6,ambiguous_exact_canonical_name,canonical_candidate_count=2
97215,2026-02-24,Featherweight,Patricio Freire,12,unmatched_exact_canonical_name,canonical_candidate_count=0
97392,2026-03-03,Flyweight,Bruno Gustavo da Silva,15,unmatched_exact_canonical_name,canonical_candidate_count=0
97415,2026-03-03,Featherweight,Jean Silva,6,ambiguous_exact_canonical_name,canonical_candidate_count=2
97422,2026-03-03,Featherweight,Patricio Freire,13,unmatched_exact_canonical_name,canonical_candidate_count=0
97598,2026-03-10,Flyweight,Bruno Gustavo da Silva,15,unmatched_exact_canonical_name,canonical_candidate_count=0
97621,2026-03-10,Featherweight,Jean Silva,6,ambiguous_exact_canonical_name,canonical_candidate_count=2
97628,2026-03-10,Featherweight,Patricio Freire,13,unmatched_exact_canonical_name,canonical_candidate_count=0
97804,2026-03-17,Flyweight,Bruno Gustavo da Silva,15,unmatched_exact_canonical_name,canonical_candidate_count=0
97827,2026-03-17,Featherweight,Jean Silva,6,ambiguous_exact_canonical_name,canonical_candidate_count=2
97834,2026-03-17,Featherweight,Patricio Freire,13,unmatched_exact_canonical_name,canonical_candidate_count=0
98010,2026-03-24,Flyweight,Bruno Gustavo da Silva,15,unmatched_exact_canonical_name,canonical_candidate_count=0
98033,2026-03-24,Featherweight,Jean Silva,6,ambiguous_exact_canonical_name,canonical_candidate_count=2
98040,2026-03-24,Featherweight,Patricio Freire,13,unmatched_exact_canonical_name,canonical_candidate_count=0
98216,2026-03-31,Flyweight,Bruno Gustavo da Silva,15,unmatched_exact_canonical_name,canonical_candidate_count=0
98239,2026-03-31,Featherweight,Jean Silva,6,ambiguous_exact_canonical_name,canonical_candidate_count=2
98246,2026-03-31,Featherweight,Patricio Freire,13,unmatched_exact_canonical_name,canonical_candidate_count=0
98422,2026-04-07,Flyweight,Bruno Gustavo da Silva,15,unmatched_exact_canonical_name,canonical_candidate_count=0
98445,2026-04-07,Featherweight,Jean Silva,6,ambiguous_exact_canonical_name,canonical_candidate_count=2
98452,2026-04-07,Featherweight,Patricio Freire,13,unmatched_exact_canonical_name,canonical_candidate_count=0
98628,2026-04-14,Flyweight,Bruno Gustavo da Silva,15,unmatched_exact_canonical_name,canonical_candidate_count=0
98651,2026-04-14,Featherweight,Jean Silva,6,ambiguous_exact_canonical_name,canonical_candidate_count=2
98660,2026-04-14,Featherweight,Patricio Freire,15,unmatched_exact_canonical_name,canonical_candidate_count=0
98834,2026-04-21,Flyweight,Bruno Gustavo da Silva,15,unmatched_exact_canonical_name,canonical_candidate_count=0
98857,2026-04-21,Featherweight,Jean Silva,6,ambiguous_exact_canonical_name,canonical_candidate_count=2
98866,2026-04-21,Featherweight,Patricio Freire,15,unmatched_exact_canonical_name,canonical_candidate_count=0
99040,2026-04-28,Flyweight,Bruno Gustavo da Silva,15,unmatched_exact_canonical_name,canonical_candidate_count=0
99063,2026-04-28,Featherweight,Jean Silva,6,ambiguous_exact_canonical_name,canonical_candidate_count=2
99072,2026-04-28,Featherweight,Patricio Freire,15,unmatched_exact_canonical_name,canonical_candidate_count=0
99246,2026-05-05,Flyweight,Bruno Gustavo da Silva,15,unmatched_exact_canonical_name,canonical_candidate_count=0
99269,2026-05-05,Featherweight,Jean Silva,6,ambiguous_exact_canonical_name,canonical_candidate_count=2
99278,2026-05-05,Featherweight,Patricio Freire,15,unmatched_exact_canonical_name,canonical_candidate_count=0
99452,2026-05-12,Flyweight,Bruno Gustavo da Silva,15,unmatched_exact_canonical_name,canonical_candidate_count=0
99475,2026-05-12,Featherweight,Jean Silva,6,ambiguous_exact_canonical_name,canonical_candidate_count=2
99484,2026-05-12,Featherweight,Patricio Freire,15,unmatched_exact_canonical_name,canonical_candidate_count=0
99658,2026-05-19,Flyweight,Bruno Gustavo da Silva,15,unmatched_exact_canonical_name,canonical_candidate_count=0
99681,2026-05-19,Featherweight,Jean Silva,6,ambiguous_exact_canonical_name,canonical_candidate_count=2
99738,2026-05-19,Middleweight,Roman Dolidze,14,conflicting_duplicate_primary_key,"observed_ranks=[14, 15]"
99739,2026-05-19,Middleweight,Roman Dolidze,15,conflicting_duplicate_primary_key,"observed_ranks=[14, 15]"
99811,2026-05-19,Women's Bantamweight,Ailin Perez,5,conflicting_duplicate_primary_key,"observed_ranks=[5, 6]"
99812,2026-05-19,Women's Bantamweight,Ailin Perez,6,conflicting_duplicate_primary_key,"observed_ranks=[5, 6]"
99813,2026-05-19,Women's Bantamweight,Irene Aldana,6,conflicting_duplicate_primary_key,"observed_ranks=[6, 7]"
99814,2026-05-19,Women's Bantamweight,Irene Aldana,7,conflicting_duplicate_primary_key,"observed_ranks=[6, 7]"
99815,2026-05-19,Women's Bantamweight,Yana Santos,7,conflicting_duplicate_primary_key,"observed_ranks=[7, 8]"
99816,2026-05-19,Women's Bantamweight,Yana Santos,8,conflicting_duplicate_primary_key,"observed_ranks=[7, 8]"
99817,2026-05-19,Women's Bantamweight,Macy Chiasson,8,conflicting_duplicate_primary_key,"observed_ranks=[8, 9]"
99818,2026-05-19,Women's Bantamweight,Macy Chiasson,9,conflicting_duplicate_primary_key,"observed_ranks=[8, 9]"
99819,2026-05-19,Women's Bantamweight,Jacqueline Cavalcanti,9,conflicting_duplicate_primary_key,"observed_ranks=[9, 10]"
99820,2026-05-19,Women's Bantamweight,Jacqueline Cavalcanti,10,conflicting_duplicate_primary_key,"observed_ranks=[9, 10]"
99822,2026-05-19,Women's Bantamweight,Michelle Montague,11,conflicting_duplicate_primary_key,"observed_ranks=[11, 12]"
99823,2026-05-19,Women's Bantamweight,Michelle Montague,12,conflicting_duplicate_primary_key,"observed_ranks=[11, 12]"
99824,2026-05-19,Women's Bantamweight,Nora Cornolle,12,conflicting_duplicate_primary_key,"observed_ranks=[12, 13]"
99825,2026-05-19,Women's Bantamweight,Nora Cornolle,13,conflicting_duplicate_primary_key,"observed_ranks=[12, 13]"
99826,2026-05-19,Women's Bantamweight,Luana Santos,13,conflicting_duplicate_primary_key,"observed_ranks=[13, 14]"
99827,2026-05-19,Women's Bantamweight,Luana Santos,14,conflicting_duplicate_primary_key,"observed_ranks=[13, 14]"
99828,2026-05-19,Women's Bantamweight,Bia Mesquita,14,conflicting_duplicate_primary_key,"observed_ranks=[14, 15]"
99829,2026-05-19,Women's Bantamweight,Bia Mesquita,15,conflicting_duplicate_primary_key,"observed_ranks=[14, 15]"
99876,2026-06-02,Flyweight,Bruno Gustavo da Silva,15,unmatched_exact_canonical_name,canonical_candidate_count=0
99899,2026-06-02,Featherweight,Jean Silva,6,ambiguous_exact_canonical_name,canonical_candidate_count=2
100105,2026-06-09,Featherweight,Jean Silva,6,ambiguous_exact_canonical_name,canonical_candidate_count=2
100311,2026-06-16,Featherweight,Jean Silva,6,ambiguous_exact_canonical_name,canonical_candidate_count=2
