archive_key,image_sha256,candidate_fight_id,candidate_event_id,candidate_event_name,candidate_event_date,matched_fighter_names,image_signature,psm,word_count,score_token_count,fighter_name_hit_count,ocr_text
9daaa8708ca5c13fd79acf83.jpg,1542eb39bd4e083ce2c8a84a73633aa8824d666b08a021c5fff6d374885b58a2,06af82bb-e57d-5022-b418-e45828e745df,98bcbf56-b0b3-5cb0-8397-205560a0e300,UFC Fight Night: Munhoz vs. Edgar,2020-08-22,Matthew Semelsberger|Carlton Minus,jpeg,11,98,9,2,"uss. | wouss. | UFC | scorecaro | FIGHT #2 | CARLTON MINUS | vs. | MATTHEW SEMELSBERGER | LUFC FIGHT NIGHT: MUNHOZ VS. EDGAR | Weigh Cass | Roteree | oarnnen | UUs Ws. Ne MDA Ut | vrei | WELTERWEIGHT -T0LBS. | aR sar | a | [oe | Lal | =o | ‘oRTON | canton | ‘aaron | MINUS | sewexsoencen | MINUS | SEMELSBERGER | MINUS | seve see | ory | rae | oe | mae | a | roe | ane | oe | me, | ‘or | Ea | oon | au | Sone | 3 | ote. | ‘Som | 0 | 10 | 3 | 1 | 10 | 10 | 10 | 8 | 2 | 10 | 0 | 10 | 10 | 3 | 9 | oH | ea | EJ | wa | EJ | MICHAEL BELL | RON MCCARTHY | ANTHONY MANESS | POINT DEDUCTIONS | NOTES | RESULT | Matthew Semelsberger won by Unanimous | Decision"
d822c4886bfe9848aa847085.jpg,c39959ffb35f7bd6a7c705ce619bbe048c4a4ab83904066f9bfe7844346ab15d,5547d090-e845-5c6a-9c62-703340e8232e,98bcbf56-b0b3-5cb0-8397-205560a0e300,UFC Fight Night: Munhoz vs. Edgar,2020-08-22,Pedro Munhoz|Frankie Edgar,jpeg,11,106,16,2,"‘6uBs. | FIGHT #9 | B55 UBS. | UFC | scorecaro | PEDRO MUNHOZ | vs. | FRANKIE EDGAR | LUFC FIGHT NIGHT: MUNHOZ VS. EDGAR | Weigh Cass | ere | oxy | UUs Ws. Ne MDA Ut | vrei | ANTAMWEIOAT 135 LBS. | HERBDEAN | Ly | Lael | Lo | So | PEDRO. | FRANKIE | FRANK | FRANKIE | MUNHOZ | EDGAR | UNO | EDGAR | muNto? | EDGAR | oe | oe | rae | oon, | om | oe | Ea | oon | oe | au | = | mae | a | roe | ote. | eo | 0 | 3 | 10 | 9 | 10 | 8 | 10 | 10 | 0 | 10 | 9 | 9 | 0 | 10 | 9 | 9 | 10 | 3 | 10 | 9 | a | oa | 48 | a1 | ea | 48 | 43 | en | DEREK CLEARY | ERIC COLON | ‘SAL D'AMATO | POINT DEDUCTIONS | ‘NOTES | RESULT | Frankie Edgar won by Split Decision"
ec69472be5a239d6f9ef689a.jpg,0005a403ec6039b1449de1f5cc07e2246c6e7342cc5619fec5dee67ea5b6a050,655a62bc-f5c5-5d6c-9a6c-9c85da5b3b07,98bcbf56-b0b3-5cb0-8397-205560a0e300,UFC Fight Night: Munhoz vs. Edgar,2020-08-22,Joe Solecki|Austin Hubbard,jpeg,11,92,1,2,"156185. | 1555185. | UFC | scorecaro | FIGHT #7 | AUSTIN HUBBARD | vs. | JOE SOLECKI | LUFC FIGHT NIGHT: MUNHOZ VS. EDGAR | Weigh Cass | Serve | oarnnen | UUs Ws. Ne MDA Ut | vrei | LUGATWEIGHT. #55185, | HERB DEAN | Ly | sel | [oe | =o | ‘usm | ust | Austin | HUBBARD | sovecit | HUBBARD | souetn | HUBBARD | souetn | ory | rae | om | oe | mae | a | roe | ane | oe | a | or | Ea | oon | au | = | 3 | ote. | ‘Som | 1 | 2 | 3 | oH | ea | wa | [wre oe] | DEREK CLEARY | ‘SAL D'AMATO | ANTHONY MANESS | POINT DEDUCTIONS | NOTES | RESULT | Soleck! won by submission 251 of round 1 - | Rear naked choke."
8e01740c233ebe03c5de96d2.jpg,fb12e6c79d0beb554e3d5dc55fc464884f63df2aa4eb0c1c79b4672410438070,0e5b1e8b-bbe3-5ab7-8e5e-6d4e157225c0,9094f27f-f4e3-5081-b2a2-cf73538027b6,UFC Fight Night: Smith vs. Rakic,2020-08-29,Robbie Lawler|Neil Magny,jpeg,11,94,9,2,"mis. | FIGHT #9 | mus. | UFC | scorecaro | ROBBIE LAWLER | vs. | NEIL MAGNY | LUFC FIGHT NIGHT: SMITH VS. RAKIC | Weigh Cass | Reteree | oarsnon | Us Eas MDA USA | vrei | WELTERWEIGHT -T0LBS. | 1VSONWERZOG | i | Lael | [oe | OBOE | ROBBIE | ROBBIE | LAWLER | saci | LAWLER | ac | LAWLER | wacir | ory | ane | oe | rae | oon, | om | ‘or | Ea | oon | oe | au | = | mae | 3 | a | roe | ote. | ‘Som | 0 | 3 | 1 | 10 | 10 | 10 | 2 | 10 | 10 | 7 | 0 | 3 | 10 | 10 | oH | ea | wa | a | 30 | MIKE BELL | DEREK CLEARY | RON MCCARTHY | POINT DEDUCTIONS | NOTES | RESULT | Neil Magny won by Unanimous Decision"
c230faaa30cd698a854c6d58.jpg,d869b4232422413e388eb9335a526136a84e30c4cc538f630b109f9327102b07,68949481-79ea-5104-b6f9-4a6641a09bd4,9094f27f-f4e3-5081-b2a2-cf73538027b6,UFC Fight Night: Smith vs. Rakic,2020-08-29,Christian Aguilera|Sean Brady,jpeg,11,107,5,2,"705 Us. | wouss. | UFC | scorecaro | FIGHT #3, | SEAN BRADY | vs. | CHRISTIAN AGUILERA | LUFC FIGHT NIGHT: SMITH VS. RAKIC | Weigh Cass | Reteree | oarsnon | UUs Ws. Ne MDA Ut | vrei | WELTERWEIGHT -T0LBS. | ERBDEAN | Ly | a | oe | el | =o | ‘RISTAN | ‘mRISTAN | CHRISTIAN | BRADY | AGUILERA | menor | AGUILERA | amaDy | AGUILERA | ory | om | oe | mae | a | roe | ane | oe | veoe |, | or | Ea | oon | au | = | 3 | ote. | ‘Som | 0 | | | 1 | 9 | 10 | 1 | | | 9 | 10 | 1 | 9 | | | 2 | 2 | | | 2 | 3 | 3 | 3 | 0 | oH | 0 | ea | 0 | wa | [wre uo] | ERIC COLON | DAVE HAGEN | RON MCCARTHY | POINT DEDUCTIONS | NOTES | RESULT | Aguilera won by submission 127 ofthe 2nd | round - guillotine choke."
efe3b710312454eab7c0d1fb.jpg,7c7f63adbbdd8891e012e3a40060e7ab8db22635f7877706d55e82c2d4d9f465,b7d816b2-cb77-585b-906d-4a324c41fb6c,9094f27f-f4e3-5081-b2a2-cf73538027b6,UFC Fight Night: Smith vs. Rakic,2020-08-29,Bill Algeo|Ricardo Lamas,jpeg,11,95,12,2,"ss. | ws tns. | UFC | scorecaro | FIGHT #7 | RICARDO LAMAS | vs. | BILL ALGEO | LUFC FIGHT NIGHT: SMITH VS. RAKIC | Weigh cas | ere | oarsnon | Us Eas MDA USA | vrei | FEATHERWEI | aS. | an soma | Lael | [aoe | caRo0 | caROO | icaRo0 | LaMAS | ae | LAMAS | ce | Lamas | ALGED | ory | ""7 | oe | mae | a | roe | ane | oe | mn | a | or | ‘ate | oon | au | = | 3 | ote. | ‘Som | 0 | 9 | 10 | 1 | 9 | 10 | 2 | 7 | 10 | 10 | 10 | 10 | 3 | 8 | oH | Ed | ea | a | wa | MIKE BELL | DAVE HAGEN | RON MCCARTHY | POINT DEDUCTIONS | NOTES | RESULT | Ricardo Lamas won by Unanimous Decision"
79522a519b24f4cc7ceed4c3.jpg,8b01115a6cea71391a5fe2b46377e798dda8a154ca44ee245dc0d3f0d5b2e13b,bbe367e6-e202-528a-9995-e318050ec2ab,9094f27f-f4e3-5081-b2a2-cf73538027b6,UFC Fight Night: Smith vs. Rakic,2020-08-29,Maki Pitolo|Impa Kasanganay,jpeg,11,89,7,2,"184s us. | 1855185. | UFC | scorecaro | FIGHT #6 | MAKI PITOLO | vs. | IMPA KASANGANAY | LUFC FIGHT NIGHT: SMITH VS. RAKIC | Weigh Cass | Reteree | oarsnon | Us Eas MDA USA | vrei | ‘MIDDLEWEIGHT 18 Us. | 1VSONWERZOG | Ly | sel | [a | Lah | =o | MPA | Pro.o | KASANGANAY | prro.o | HASANCANAT | prroLo | vasancant | ry | rae | oe | a | roe | ane | oe | me, | ‘or | Ea | oon | au | Sone | = | 3 | ote. | ‘Som | 0 | 10 | 10 | 10 | 10 | 10 | 0 | 10 | 10 | a | oH | ea | wa | ‘SAL D'AMATO | DAVE HAGEN | RON MCCARTHY | POINT DEDUCTIONS | NOTES | RESULT | lmpa Kasanganay won by Unanimous | Decision"
8f421e2b3bb281e0ab2b66f6.jpg,b6b88f73533333295d51868b71e0188f570fbd9e75b0c0f005367d8e4cb5ab5c,fb76a883-4e9c-5bf7-9c4e-5c0ea2371c1f,9094f27f-f4e3-5081-b2a2-cf73538027b6,UFC Fight Night: Smith vs. Rakic,2020-08-29,Austin Springer|Alex Caceres,jpeg,11,95,0,2,"ss. | ‘IU, | UFC | scorecaro | FIGHT #84 | ALEX CACERES | vs. | AUSTIN SPRINGER | LUFC FIGHT NIGHT: SMITH VS. RAKIC | Weigh Cass | oarsnon | UUs Ws. Ne MDA Ut | vrei | FEATWERWEIGHT 145 LBS. | SmsT0a0M | Ly | Lael | [oe | ‘us | ‘usTIN | aces | sprincen | Caceres | SPRINGER | cacenes | SPRINGER | ory | om | om | oe | mae | a | roe | ane | oe | veoe |, | or | Ea | oon | au | = | 3 | ote. | ‘Som | 1 | 1 | 2 | 2 | 3 | 3 | oH | ea | a | [wre oe] | [oc | | MIKE BELL | ‘SAL D'AMATO | TONY WEEKS: | POINT DEDUCTIONS | NOTES | RESULT | Caceres won by submission 338 of the Ist | round - rear naked choke."
2b3424fe254a48c0dc75ec18.jpg,ea4138cb6ceff9b8273d186934cff6ee2b5c30d2840362b0e9ca00c7ab8d24e8,be08338f-4e70-58b7-bb26-93243b627503,2506d7db-5b61-59e3-9ecc-d9fc61827ca3,UFC Fight Night: Overeem vs. Sakai,2020-09-05,Ovince Saint Preux|Alonzo Menifield,jpeg,11,109,6,2,"2055185, | 2048s, | UFC | scorecaro | FIGHT #6 | OVINCE SAINT PREUX | vs. | ALONZO MENIFIELD | ‘UFC FIGHT NIGHT: OVEREEM VS. SAKA | Weigh Cass | osysren | UUs Ws. Ne MDA Ut | vrei | LUG WEANYWEIGHT-205 LBS. | son enzo | Ly | Laser | [oe | Lal | So | OVINE | ‘OVINE | SAINT PREUX | MENIFIELD | SAINT PREUX | MEnIFELD | SAINT PREUX | went | ene | rae | ""7 | oe | mae | om | roe | ane | oe | mn | a | or | Ea | oon | au | = | 3 | ote. | ‘Som | 0 | | | 1 | 9 | 10 | 1 | 9 | 3 | 1 | 10 | | | 2 | 2 | 2 | 3 | 3 | 3 | 0 | oH | 0 | ea | wa | 10 | [wre oe] | MIKE BELL | DAVE HAGEN | RON MCCARTHY | POINT DEDUCTIONS | NOTES | RESULT | Saint Preux won by KO 4:07 of round 2"
43f2096aa7be342f5c113f00.jpg,00b111c894033874e3bd173e84b22169eef9f2e4afedb0dbe213c1e6b458fd2c,52aaf7e4-2833-56b8-8498-dec20d192ce4,1c430f01-57bc-51da-b947-a25026b16490,UFC Fight Night: Waterson vs. Hill,2020-09-12,Sabina Mazo|Justine Kish,jpeg,11,122,10,2,"255 Us. | FIGHT #81 | 558s. | UFC | scorecaro | SABINA MAZO | vs. | JUSTINE KISH | LUFC FIGHT NIGHT: WATERSON VS. HILL | ate | oeation | Vere | Weight class | Reece | wsrepeeo | US VEGAS NEWADA, USA | URCAPEX. | ‘WOMENS FLYWEIGHT 125 185, | ‘aR cooDARD | [a | [oe | Lael | sa | usm | sagink | JUSTINE | SABINA | usm | MAZO | KISH | MAZO | KISH | MAZO | KISH | ory | ane | oe | re | om | oy | ‘ate | oon | om | oe | au | ory | mae | a | roe | ote. | Baw | veoe |, | Soe | Seo | 3 | Some | 3 | 1 | 0 | 10 | 1 | | | 9 | 10 | 3 | | | 2 | 10 | 8 | 2 | | | 10 | 10 | 3 | B | oH | 8 | ea | 9 | 8 | a | [wre oe] | [noc J | RICHARD WINTER | JUNICHIRO KAMIJO | MIKE BELL | POINT DEDUCTIONS | NOTES | RESULT | ‘Mazo won by submission 357 ofthe 3rd | round - rear naked choke."
c054b7f488ecb21676e3aef8.jpg,9f7111f51eea61e692fd187981b8f1f16a50464cd4b8fedf14dfc1a5177c0938,356d571c-6629-5e32-bca4-c8b2a5068439,80421bb4-e9ab-5b1b-bbb0-a9b39ce49859,UFC Fight Night: Covington vs. Woodley,2020-09-19,David Dvorak|Jordan Espinosa,jpeg,11,103,9,2,"268s. | FIGHT #8 | 5 tBs. | UFC | scorecaro | JORDAN ESPINOSA | vs. | DAVID DVORAK | LUFC FIGHT NIGHT: COMINGTON VS. WOODLEY | 0 | Vere | Weight class | o5rpp020 | US VEGAS NEWADA, USA | URCAPEX. | FLYWEIGHT 125.85 | WSONHERZOG | [a | Lasael | [roe | JORDAN | om | Davo | yoroan | FSPINOSA | DVORAK | ESPINOSA | VORAK | ESPINOSA | DVORAK | ory | ane | oe | veoe |, | om | oe | ‘ate | oon | oe | au | Soe | mae | 3 | a | roe | ote. | Some | 1 | 0 | 3 | 1 | 10 | 10 | 2 | 10 | 2 | 10 | 10 | 7 | 3 | 0 | 3 | 10 | 10 | oH | ea | a | a | 30 | 30 | [wre ce] | JUNICHIRO KAMIJO | ERIC COLON | DEREK CLEARY | POINT DEDUCTIONS | NOTES | RESULT | David Dvorak won by Unanimous Decision"
1026775bbe489e7050fa4312.jpg,457971b86499f2b27d38d1d58580974cc5b1be822485cda30c7b8d7c67a50431,3e507082-4f24-54a2-b000-64cbc6cf7f14,80421bb4-e9ab-5b1b-bbb0-a9b39ce49859,UFC Fight Night: Covington vs. Woodley,2020-09-19,Mara Romero Borella|Mayra Bueno Silva,jpeg,11,105,0,2,"255 Us. | 5 tBs. | UFC | scorecaro | FIGHT #6 | MAYRA BUENO SILVA | vs. | MARA ROMERO BORELLA | LUFC FIGHT NIGHT: COMINGTON VS. WOODLEY | ion | Vere | Weight class | Releee | caren | CAS MEV, USA | URCAPEX. | ‘WOMENS FLYWEIGHT 125 185, | WSONHERZOG | Ly | sel | [aoe | Lal | =o | UENO SIMA | ROMERO BORELLA | BUENO Sty | ROMERO BORELLA | BUENO SLvA | ROMERO BORELLA | ory | oo | oe | mae | a | roe | ane | oe | veoe |, | or | Ea | oon | au | = | 3 | ote. | ‘Som | 1 | 1 | 2 | 2 | 3 | 3 | oH | ea | wa | [wre ce] | [oc | | JUNICHIRO KAMIJO | DAVE HAGEN | ‘SAL D'AMATO | POINT DEDUCTIONS | NOTES | RESULT | “Mayra Bueno Silva won by submission 2:20 of | round 1 ~ Armbar."
541de7f95c3f0f0959188526.jpg,6c1bd800dbcda618c4778b090aaf4541a2cff5ade4fdf5a97e822739388d96eb,78a21a88-210f-53ad-b650-fce711326676,80421bb4-e9ab-5b1b-bbb0-a9b39ce49859,UFC Fight Night: Covington vs. Woodley,2020-09-19,Gerald Meerschaert|Khamzat Chimaev,jpeg,11,98,0,2,"155 Us, | ‘a6 tBs. | UFC | scorecaro | FIGHT #12 | KHAMZAT CHIMAEV | vs. | GERALD MEERSCHAERT | LUFC FIGHT NIGHT: COMINGTON VS. WOODLEY | ion | Vere | Weight class | eree | caren | CAS MEV, USA | URCAPEX. | DOLEWEIGHT 1 Bs. | ana sur | Lm | Lael | [aoe | Lael | oS | oases | wma | waza | CHIMAEV | EERSCHAERT | CHIMAEV | EERSCHAERT | GHIMAEV | EERSCHAERT | ory | om | maw | om | oe | mae | a | roe | ane | oe | veoe |, | or | i | oon | au | = | 3 | ote. | ‘Som | 1 | 1 | 2 | 2 | 3 | 3 | oH | ea | wa | [wre wo] | RON MCCARTHY | CHRIS LEE | JUNICHIRO KAMIO | POINT DEDUCTIONS | NOTES | RESULT | Khamzat Chimaev won by KO 0:17 of round 1"
acb9c5dc526d525d5133da2c.jpg,d8e6d1f85f51bda26f001e38c486ecb5edfcbe659a2a695de8fc159e4bb4e0ba,832817ee-52a6-57f8-a044-a265376b5b8f,80421bb4-e9ab-5b1b-bbb0-a9b39ce49859,UFC Fight Night: Covington vs. Woodley,2020-09-19,Tyron Woodley|Colby Covington,jpeg,11,123,14,2,"mus. | FIGHT #14 | mus. | UFC | scorecaro | COLBY COVINGTON | vs. | TYRON WOODLEY | LUFC FIGHT NIGHT: COMINGTON VS. WOODLEY | ate | oeation | Vere | eteree | URCAPEX. | ‘WELTERWEIGHT - 170.85, | Weight class | DAM MIRAGLIOTIA | o5rpp020 | US VEGAS NEWADA, USA | ay | mo) =o | xo | ‘TRON | cosy | TRON | cosy | TRON | fowncron | woooLeY | COVINGTON | ‘WOODLEY | COVINGTON | ‘WOODLEY | mae | re | om | Ty | maw | om | oe | ory | mae | a | roe | Baw | ane | oe | veoe |, | td | ‘ate | oon | au | Soe | Seo | 3 | ote. | ‘ate | 0 | | | 10 | 9 | 10 | 9 | 0 | 10 | 9 | 10 | 9 | | | 10 | 10 | 9 | 10 | 9 | 0 | 10 | 4 | 5 | 40 | oa | 5 | 40 | ea | 35 | 40 | ma | [wre wos: | | [ro yoc | | ‘SAL D'AMATO | DEREK CLEARY | ‘MIKE BELL | POINT DEDUCTIONS | ‘NOTES | RESULT | Colby Covington won by TKO 1:19 of round’"
534c540251d61690a6d09304.jpg,e72523df1f6b24a1ca39971aa2af7ff380653a0ec91c2f205576092c0457f478,900e4b79-f9b1-5603-ac45-bad7881f0533,80421bb4-e9ab-5b1b-bbb0-a9b39ce49859,UFC Fight Night: Covington vs. Woodley,2020-09-19,TJ Laramie|Darrick Minner,jpeg,11,97,0,1,"Meus. | FIGHT #84 | 45 Bs. | UFC | scorecaro | DARRICK MINNER | vs. | T) LARAMIE | LUFC FIGHT NIGHT: COMINGTON VS. WOODLEY | Vere | Weight class | ere | caren | Lis AS NEDA USA | URCAPEX. | FEATWERWEIGHT- 145 LBS | DAN MRAGLOTIA | Ly | sel | [oe | =o | DaRRICK | DARK | DARRICK | MINER | RAM | MINER | LuRAMit | MINER | LaRAMit | ory | ane | oe | rae | om | a | or | Ea | oon | oe | au | = | mae | oh | roe | ote. | ‘Som | 1 | 1 | 2 | 2 | 3 | 3 | oH | ea | a | [wre ce] | [noc J | ANTHONY MANESS | CHRIS LEE | MIKE BELL | POINT DEDUCTIONS | NOTES | RESULT | Darrick Minner won by submission 052 of | round 1 -Guilatine Choke,"
e69b4fe7d447b878b00c1539.jpg,5ae08236e3b2c3e3eca05df2b9bc82483ead3a63d63017a841b251ec90ffd8b3,a5d726a0-8baf-57f1-b57e-0a2759d83f1f,80421bb4-e9ab-5b1b-bbb0-a9b39ce49859,UFC Fight Night: Covington vs. Woodley,2020-09-19,Randa Markos|Mackenzie Dern,jpeg,11,93,1,2,"Sus. | FIGHT #10 | 55S. | UFC | scorecaro | MACKENZIE DERN | vs. | RANDA MARKOS | LUFC FIGHT NIGHT: COMINGTON VS. WOODLEY | Vere | Weight clas | ere | caren | Lis AS NEDA USA | URCAPEX. | ‘WOMEN'S STRAWWEIGHT 1 5. | SON weRz06 | Lacey | [pao | el | MACKENDIE | MACKENZIE | PANDA | MACKENZIE | DERN | wats | DERN | MARKOS | DERN | MARKOS | ory | ane | oe | me, | Ea | oon | oe | au | = | ory | 3 | a | roe | ote. | ‘Som | 1 | 1 | 2 | 2 | 3 | 3 | oH | ea | a | [noc J | ‘SAL D'AMATO | DEREK CLEARY | MIKE BELL | POINT DEDUCTIONS | NOTES | RESULT | Mackenzie Dern won by submission 3:44 of | round 1 - Armbar."
b2e3fb436fd3b8fc441696e9.jpg,41fda0fa31ac247d861b7b5548a47cba884645dd1b6ee7274755befd3b61fb2c,9c15620a-8741-5c5d-a5b2-f3b702ad4c81,f295a2a8-54bd-56f8-9ef8-29eae2172553,UFC Fight Night: Holm vs. Aldana,2020-10-03,Luigi Vendramini|Jessin Ayari,jpeg,11,82,0,2,"FIGHT #11 | UFC | scorecaro | LUIGI VENDRAMINI | vs. | JESSIN AYARI | LUFC FIGHT NIGHT: HOLM VS. ALDANA | ation | Weigh Cass | ‘740 | ‘a0 | DHAB, UAE | rasvoron | LUGHTWEIGHT 55 LBS. | sanz | iy | Lael | [oe | il | VENORAMINT | AYARL | JESSIN | VENORAMINT | AYARL | JESSIN | VeNDRAMIN | YAR | JESIN | ory | ane | oe | me, | Ea | oon | oe | au | = | mae | 3 | a | roe | ote. | ‘Som | 1 | 1 | 2 | 2 | 3 | 3 | oH | ea | wa | MICHAEL BELL | ‘AHMED KORCHI | ANDERS OHLSSON | POINT DEDUCTIONS | NOTES | RESULT | Luigi Vendramini won by TKO 1.12 of RT"
2147cf8c7cfc9d9c1dfb9df1.jpg,f27fd1527bfa7bb8221a7cc6b435fe6fd294e13cd48bc2b29fe173a5ccb145bb,0527b44d-a508-53fc-91d0-09ae2bab9ffb,87771685-1753-522e-9f0a-67123836ddfe,UFC Fight Night: Moraes vs. Sandhagen,2020-10-10,Tom Aspinall|Alan Baudot,jpeg,11,85,1,2,"2s2uss. | 2548s, | UFC | scorecaro | FIGHT #9 | TOM ASPINALL | vs. | ALAN BAUDOT | LUFC FIGHT NIGHT: MORAES VS. SANDHAGEN | Weigh Cass | eteree | ‘ornao | ava, ne | asironon | HEAMYWEIGHT - 265. | Kast Bosacd | [ay | sel | [oe | ISPINALL | saunot | SPINAL | saupot | ISPINALL | sauoot | ory | rae | om | oe | mae | a | roe | ane | oe | a | or | Ea | oon | au | = | 3 | ote. | ‘Som | 1 | 1 | 2 | 2 | 3 | 3 | oH | ea | wa | [wre | | MICHAEL BELL | VITO PAOLILLO | CLEMENS WERNER | POINT DEDUCTIONS | NOTES | RESULT | Tom Aspinall won by TKO 1:36 of Round 1"
da63b875e25b11ec5805983a.jpg,83b636e41451c5c00b67a490c3f480f62b8fb8148b4c676dfd96347364368ead,065baee0-5b93-5486-badf-25a84a8cdf75,87771685-1753-522e-9f0a-67123836ddfe,UFC Fight Night: Moraes vs. Sandhagen,2020-10-10,Joaquin Buckley|Impa Kasanganay,jpeg,11,101,6,2,"1055 Us, | 1855185. | UFC | scorecaro | FIGHT #5 | IMPA KASANGANAY | vs. | JOAQUIN BUCKLEY | LUFC FIGHT NIGHT: MORAES VS. SANDHAGEN | Weight Cass | Reteree | ‘ornao | ava, ne | asironon | ‘MIDDLEWEIGAT- 185s. | EVAR, | iy | [armel | [oe | Ed | yorqun | yoxqun | oxqun | KASANGANAY | BUCKLEY | FSANGANAY | BUCKLEY | FASANGANAY | BUCKLEY | ory | rae | ""7 | oe | mae | om | roe | ane | oe | mn | a | ‘or | Ea | oon | au | = | 3 | ote. | ‘Som | 3 | 1 | 0 | 3 | 1 | 10 | 1 | 10 | 2 | 2 | 7 | 2 | 3 | 3 | 3 | oH | 0 | ea | 10 | wa | 10 | [wre | | MICHAEL BELL | CLEMENS WERNER | VICTOR WOLF | POINT DEDUCTIONS | NOTES | RESULT | Joaquin Buckley won by KO 2:03 of Round 2"
e4c999b4a023b09cc86afaeb.jpg,e34b1c242f9d8149ca3459b9a9c3d8b167e4ae2e754b933e4beb6bd4abb2ba62,1ba1baf6-d8ac-5ee2-ba82-62ef556dc322,87771685-1753-522e-9f0a-67123836ddfe,UFC Fight Night: Moraes vs. Sandhagen,2020-10-10,Tony Kelley|Ali AlQaisi,jpeg,11,88,6,2,"‘6URs. | FIGHT #84 | ‘Be tBs. | UFC | scorecaro | ALI ALQAISI | vs. | TONY KELLEY | LUFC FIGHT NIGHT: MORAES VS. SANDHAGEN | Weight Cass | eteree | ‘ornao | ava, ne | asironon | ANTAMWEIGHT BS LBS. | UKASZ Bosac | Ly | [oe | Alga | welley | Ags | welLEY | Alga | kelley | ory | ane | oe | me, | oe | oon | oe | au | = | oo | 3 | a | roe | ote. | ‘Som | 0 | 3 | 1 | | | 10 | 10 | 10 | 2 | 10 | 10 | | | 0 | 3 | | | 10 | oH | ea | a | Ey | 30 | EJ | Ey | ANDERS OHLSSON | DARRYL RANSOM | CLEMENS WERNER | POINT DEDUCTIONS | NOTES | RESULT | Tony Kelley won by Unanimous Decision"
e52308d891d150d344be8546.jpg,ebb4048167a4a141f3541174846885bf0c6066e09b7834fef2688bb60e528b02,a7e1d836-3343-5bbd-86e6-117c1fefa9ce,87771685-1753-522e-9f0a-67123836ddfe,UFC Fight Night: Moraes vs. Sandhagen,2020-10-10,Makwan Amirkhani|Edson Barboza,jpeg,11,94,8,2,"55 Us, | ws tns. | UFC | scorecaro | FIGHT #812 | EDSON BARBOZA | vs. | MAKWAN AMIRKHANI | LUFC FIGHT NIGHT: MORAES VS. SANDHAGEN | Weigh cass | Referee | ‘ornao | ava, ne | asironon | FEATWERWEIGHT 145 LB. | EMM | ay | Lacey | [oe | =o | EDSON | oN | BARBOZA | ‘auRKaNt | eAROzA | AMIRKHANI | BARBOZA | AMIRKHANI | ory | rae | ""7 | oe | mae | a | roe | ane | oe | mn | a | or | ‘ate | oon | au | = | 3 | ote. | ‘Som | 0 | 10 | 10 | 1 | 9 | 0 | 2 | 9 | 10 | 10 | 3 | 10 | oH | Ed | ea | wa | Ey | VITO PAOLILLO | DARRYL RANSOM | VICTOR WOLF | POINT DEDUCTIONS | NOTES | RESULT | Edson Barboza won by Unanimous Decision"
77fae2b0d02ac7a284685e01.jpg,3b406e32d4908f7ba8376bb34844b5967d150a46e8442f7ef032631bce25ea57,b1dd1b3e-1ed0-5c04-8c3b-9f0371811a01,87771685-1753-522e-9f0a-67123836ddfe,UFC Fight Night: Moraes vs. Sandhagen,2020-10-10,Marcin Tybura|Ben Rothwell,jpeg,11,111,14,2,"26588, | 26385, | UFC | scorecaro | FIGHT #11 | BEN ROTHWELL | vs. | MARCIN TYBURA | LUFC FIGHT NIGHT: MORAES VS. SANDHAGEN | Weigh Cass | ere | ‘ornao | ava, ne | asironon | HEAMYWEIGHT - 265. | anc coooARo | Ly | a | [oe | Lal | =o | ARON | ARC | ARON | ROTHWELL | TYBURA | ROTHWELL | TYBURA | ROTHWELL | ‘TYBURA | ory | rae | ""7 | oe | mae | a | roe | ane | oe | mn | a | or | ‘ate | oon | au | = | 3 | ote. | ‘Som | 0 | | | 1 | 9 | 10 | 1 | 9 | 10 | 1 | 9 | 3 | | | 2 | 10 | 2 | 7 | 10 | 3 | 2 | 10 | 8 | 3 | 0 | 3 | 10 | 8 | 3 | 10 | a | oH | ea | EJ | a | [wre 0] | MICHAEL BELL | ANDERS OHLSSON | VICTOR WOLF | POINT DEDUCTIONS | NOTES | RESULT | Marcin Tybura won by Unanimous Decision"
ce532851e6fc5ae2a1f49c43.jpg,f3ff0e79b84200ab35b8639d03cf59277797ecf4694a93930a893efeffb9a5ea,083fc692-d48b-58e7-bebe-3e6f9a5f1673,eb5817a3-fa80-5199-b9b3-0f3b108c0891,UFC Fight Night: Ortega vs. The Korean Zombie,2020-10-17,Maxim Grishin|Gadzhimurad Antigulov,jpeg,11,106,4,2,"206155, | FIGHT #2 | 2055185. | UFC | scorecaro | GADZHIMURAD ANTIGULOV | vs. | MAXIM GRISHIN | LUFC FIGHT NIGHT: ORTEGA VS. THE KOREAN ZOMBIE | ton | Weight Cass | ‘ream | ‘ai | NAB UAE | rion | HEAVYWEIGHT - 205, | rote ss | CE | =o | [oe | Lene | a | ‘OZHIMURAD | canzaMuRAD | ‘caozmMuRAD | ANTIGULOV | cats | ANTIGULOV | cats | ANTIGULOV | cats | mae | ane | oe | rae | oon, | om | ‘or | Ea | oon | oe | au | = | mae | 3 | a | roe | ote. | ‘Som | 3 | 1 | 0 | 3 | 1 | 10 | 3 | 1 | 10 | 2 | 2 | 2 | 3 | 3 | 3 | oH | ea | wa | 0 | 10 | 10 | [wre oe] | DAVID LETHABY | DARRYL RANSOM | VICTOR WOLF | POINT DEDUCTIONS | NOTES | RESULT | Maxim Grishin won by TKO 4:68 of Round 2"
ea3970d7993b746d6303b30c.jpg,c7e0cb867db4918992ed145fa54933478aa01bdf91b5bbb0980a2dc4735fb806,4fe956da-101f-5525-a035-c44c76d428b1,eb5817a3-fa80-5199-b9b3-0f3b108c0891,UFC Fight Night: Ortega vs. The Korean Zombie,2020-10-17,Modestas Bukauskas|Jimmy Crute,jpeg,11,96,2,2,"206155, | 206 185, | UFC | scorecaro | FIGHT #9 | JIMMY CRUTE | vs. | MODESTAS BUKAUSKAS | LUFC FIGHT NIGHT: ORTEGA VS. THE KOREAN ZOMBIE | ton | Weight Cass | ‘ream | ‘ovo, ue | rion | HEAVYWEIGHT - 205, | rote ss | i | =o | [oe | a | fo | mone | ‘MODESDS | wo | MODESTAS | CRUTE | BUKAUSKAS | CRUTE | BUKAUSKAS | CRUTE | BUKAUSKAS | ory | rae | ""7 | oe | a | roe | ane | oe | mn | a | or | Ea | oon | au | = | = | 3 | ote. | ‘Som | 1 | 1 | 2 | 2 | 3 | 3 | oH | ea | wa | [wre oe] | BEN CARTLIDGE | DAVID LETHABY | VICTOR WOLF | POINT DEDUCTIONS | NOTES | RESULT | Jimmy Crute wins by KO 2.01 of Round 1"
5ef5372b6f6c2b0fd4e13159.jpg,13020dde274ecb208e79d13af81510bef439e8a6ccde3a261d20ca9815b895fd,8dacb0da-727a-5fc5-8c46-450609153faf,eb5817a3-fa80-5199-b9b3-0f3b108c0891,UFC Fight Night: Ortega vs. The Korean Zombie,2020-10-17,Jamie Mullarkey|Fares Ziam,jpeg,11,105,5,2,"‘648s, | ‘so uBs. | UFC | scorecaro | FIGHT #3, | JAMIE MULLARKEY | vs. | FARES ZIAM | LUFC FIGHT NIGHT: ORTEGA VS. THE KOREAN ZOMBIE | ton | Weight Cass | ere | ‘ream | ‘ovo, ue | rion | LUGHTWEIGHT 155.85 | Lnasz Bosacd | i | =o | [oe | ao | Lal | RES | ARES | MULLARKEY | 71M | MuLLaRKeY | 71M | ULLARKEY | 71M | ory | rae | oe | mae | a | roe | ane | oe | me, | ‘or | Ea | oon | au | Sone | 3 | ote. | ‘Som | 3 | | | 1 | 0 | 3 | 1 | 10 | 10 | 0 | | | 2 | 10 | 2 | 3 | 3 | 0 | A | 3 | 10 | 10 | Ey | oH | Ey | ea | EJ | a | Ey | [wre oe] | BEN CARTLIDGE | DARRYL RANSOM | CLEMENS WERNER | POINT DEDUCTIONS | NOTES | RESULT | Fares Ziam won by Unanimous Decision"
84c7050be6fac7fc6a7620ce.jpg,50a7248c346dc33f2a37c057b035e514c8a236c1086fff5a9d19134909d13ebe,e8fbbb5e-8814-528b-97cb-f95716121c57,eb5817a3-fa80-5199-b9b3-0f3b108c0891,UFC Fight Night: Ortega vs. The Korean Zombie,2020-10-17,Mateusz Gamrot|Guram Kutateladze,jpeg,11,107,15,2,"‘648s, | ‘so uBs. | UFC | scorecaro | FIGHT #6 | MATEUSZ GAMROT | vs. | GURAM KUTATELADZE | LUFC FIGHT NIGHT: ORTEGA VS. THE KOREAN ZOMBIE | ton | Weight Cass | ere | ‘ream | pau, UE | rion | LUGHTWEIGHT 155.85 | Lnasz Bosacd | Ly | =o | [ome | Leen | oa | ‘MarEUSz | GAMROT | vutareLAnze | can | vutareLanzE | can | vutareanze | ory | rae | ""7 | oe | mae | a | roe | ane | oe | cm | a | oe | Ea | oon | au | = | 3 | ote. | ‘Som | 0 | 9 | 3 | 1 | 10 | 3 | 1 | 10 | 10 | 8 | 2 | 10 | 8 | 2 | 10 | 10 | 9 | 10 | 3 | 9 | 10 | 3 | 9 | oH | Ey | ea | EJ | a | DAVID LETHABY | VICTOR WOLF | DARRYL RANSOM | POINT DEDUCTIONS | NOTES | RESULT | Guram Kutateladze won by Split Decision"
bc5a0a025922e43b942ccc0d.jpg,5fe7ba41cf7f59f8f7b13f6ce9eb548c2568b749e6019a8029e7a8a93baf83b7,6986a8df-2705-5d9a-a1cd-6bac1d61d54a,e18661a6-7892-5498-87ec-aea67db81c04,UFC 254: Khabib vs. Gaethje,2020-10-24,Tai Tuivasa|Stefan Struve,jpeg,11,84,0,2,"265.88 | 26585, | UFC | scorecaro | FIGHT #6 | STEFAN STRUVE | vs. | TAI TUIVASA | URC 254: KHABIB VS. GAETHJE | ation | Weigh Cass | ‘onan | ‘a0 | DHAB, UAE | rasvoron | EATYWEIGHT- 265s. | sansa | CE | Lael | [oe | seve | TUIVASR | sreuve | Tush | STRUVE | rust | ory | om | oe | a | roe | ane | oe | veoe |, | or | Ea | oon | au | = | = | 3 | ote. | ‘Som | 1 | 1 | 2 | 2 | 3 | 3 | oH | ea | wa | [wre oe] | ‘SAL D'AMATO | DARRYL RANSOM | CLEMENS WERNER | POINT DEDUCTIONS | NOTES | RESULT | Tai Tuivasa won by KO 4.89 of Round 1"
4e6bcf1e86eb71ebc464f53f.jpg,2361247999ca85ad277944683b1a721e4751cbed899c99101f5ae85a8fa63c36,9ecfac50-786a-52d6-8681-4425780eef81,e18661a6-7892-5498-87ec-aea67db81c04,UFC 254: Khabib vs. Gaethje,2020-10-24,Ion Cutelaba|Magomed Ankalaev,jpeg,11,95,2,2,"205515, | 2055185. | UFC | scorecaro | FIGHT #7 | MAGOMED ANKALAEV | vs. | ION CUTELABA | URC 254: KHABIB VS. GAETHJE | ation | Weigh Cass | eree | ‘onan | ‘a0 | DHAB, UAE | rasvoron | LUGHT HEAMY WEIGHT -205 LBS. | -NDERS OHLSSON | Le | [pao | el | =o | ‘macomen | 10M | MacoMeD | 108 | macomeD | 0m | ANKALAEV | ANKALAEV | CUTELABA | ANKALAEV | CUTELABA | ry | rae | om | oe | mae | a | roe | ane | oe | a | or | Ea | oon | au | = | 3 | ote. | ‘Som | 1 | 1 | 2 | 2 | 3 | 3 | oH | ea | wa | [wre oe] | DEREK CLEARY | ‘SAL D'AMATO | DARRYL RANSOM | POINT DEDUCTIONS | NOTES | RESULT | Magomed Ankalaev won by KO 4.19 of Round | 1"
f9f83feb6f7c7da9892126cd.jpg,f542f8c0f71a97214618ff5d8e5bae8ec90a7649ceb089369f4b22f885d0d2f4,c122821a-31a6-51f6-8bae-04ebf951b813,e18661a6-7892-5498-87ec-aea67db81c04,UFC 254: Khabib vs. Gaethje,2020-10-24,Liana Jojua|Miranda Maverick,jpeg,11,97,4,2,"‘6 Us. | FIGHT #2 | 6 tBs. | UFC | scorecaro | LIANA JOJUA | vs. | MIRANDA MAVERICK | URC 254: KHABIB VS. GAETHJE | ation | Weigh ia | ert | ‘onan | ‘a0 | DHAB, UAE | rasvoron | WOMENS WEIGHT. 25.85, | WKASZ Bostcxt | i | a | el | ‘MIRANDA | uae | RANA | uma | ita | MAVERICK | J0jUA | MAVERICK | JojUA | aver | ony | ae | oe | me, | ‘ate | oon | oe | au | = | oo | 3 | a | roe | ote. | ‘Som | 0 | 1 | | | 10 | a | 1 | 10 | 2 | 2 | | | 3 | 3 | oH | ea | wa | 0 | 10 | 10 | BEN CARTLIDGE | DEREK CLEARY | DARRYL RANSOM | POINT DEDUCTIONS | NOTES | RESULT | Miranda Maverick won by TKO (cuts) 5 | minutes of Round 1"
72087d90f151c53ebc624157.jpg,96fe6956e37b12cbbdb5bcae3db3e4333e8b8309845b6201fc645fa28d9b1ab9,d85dea65-ce48-5e56-bc3f-9875ad67ff33,e18661a6-7892-5498-87ec-aea67db81c04,UFC 254: Khabib vs. Gaethje,2020-10-24,Jared Cannonier|Robert Whittaker,jpeg,11,103,14,2,"16 Us, | 1858s. | UFC | scorecaro | FIGHT #11 | ROBERT WHITTAKER | vs. | JARED CANNONIER | URC 254: KHABIBS. CAETHE | ation | Weigh Cass | ‘onan | ‘a | OnABY UAE | rasvoron | MIDOLEWEIGHT- 18 ns. | oes ssn | i | Lael | [oe | =o | OBERT | OBERT | WHITTAKER | CANNOMER | WatTTaKER | CANNOMIER | WHITTAKER | CANNONIER | ory | ‘oat | oe | mae | a | roe | ane | oe | veoe |, | or | Ea | oon | au | = | 3 | ote. | ‘Som | 0 | 1 | 9 | 10 | 1 | 9 | 3 | 1 | 10 | 10 | 8 | 2 | 7 | 10 | 2 | 9 | 10 | 9 | 10 | 3 | 9 | 3 | 9 | oH | ea | Ey | wa | Ey | DEREK CLEARY | ‘SAL D'AMATO | DAVID LETHABY | POINT DEDUCTIONS | NOTES | RESULT | Robert Whitaker won by Unanimous Decision"
0b090488af89c8bcd8f995dd.jpg,1c0648ceff032eeeda059b87c4b2d665b517e0362b424bfe9a02c0cea8e9506d,02085c91-4f4f-5976-aceb-4305e7fb923e,2cf67c16-ac00-5e8a-9342-c40614b3a288,UFC Fight Night: Hall vs. Silva,2020-10-31,Dustin Jacoby|Justin Ledet,jpeg,11,93,0,2,"FIGHT #2 | UFC | scorecaro | DUSTIN JACOBY | vs. | JUSTIN LEDET | ‘UFC FIGHT NIGHT: HALL VS. SILVA | Venue | Wight class | Reteree | resin | Us WAS ADK USA | UrcaPeK | MEANY WEIGHT -205 LB. | ‘RIS TOCNOM | ‘usm | oa | am | usm | = | usm | JacoBy | fet | JacoBy | LEDET | ust | JacoBy | LEDET | ust | cry | mae | rane | ""ae | mae | ‘oa | ‘ne | roa | reve | ‘ea | ‘ae | Some | oe | roe | ie. | Soe | oe | rowa | ie | Ea | | | 1 | 1 | | | 2 | 2 | 3 | 3 | a | ea | oa | RICHARD WINTER | ‘SAL D'AMATO | ADALAIDE BYRD | POINT DEDUCTIONS | NOTES | RESULT | Jacoby won by TKO 2:38 of the Ist round,"
832e7ace3ee9f45ba6266f95.jpg,26afa523bbc926ee00c106244d52046ee21bd3528b0c33f462fc72de5c2c8ebe,cd5523f5-6fcd-5b5b-9be4-3ff357884e1f,2cf67c16-ac00-5e8a-9342-c40614b3a288,UFC Fight Night: Hall vs. Silva,2020-10-31,Kevin Holland|Charlie Ontiveros,jpeg,11,90,1,2,"UFC | scorecaro | FIGHT #8 | KEVIN HOLLAND | vs. | CHARLIE ONTIVEROS | ‘UFC FIGHT NIGHT: HALL VS. SILVA | Venue | Weigh lass | Reteree | resin | Us WAS ADK USA | UrcaPeK | MIDDLEWEIGHT -15 85. | an soma | a | iam | = | KEV | ‘GURUE | KEVIN | CHARLIE | HOLLAND | ONTIVEROS | HOLLAND | ONTIVEROS | Lan | onrivERos | cry | reve | mae | rane | roe | ""ae | mae | ‘oa | roe | oar | ‘ne | roa | ‘ea | ‘ae | Some | oe | ie. | Soe | ‘or | nt | po | Ea | a | ea | oa | [ave noc | | RICHARD WINTER | CHRIS LEE | DEREK CLEARY | POINT DEDUCTIONS | NOTES | RESULT | Holland won by verbal submission 2:39 ofthe | 1st round injury."
04d4bfacbad1f891cf9d51b8.jpg,ed1c55e3ca8c4d7f14be9a6b0fd5801b67ef7ab42e933f3ee65869e815056ab9,e578e4fc-a5fa-571e-b786-e3a9d38d23f5,2cf67c16-ac00-5e8a-9342-c40614b3a288,UFC Fight Night: Hall vs. Silva,2020-10-31,Jack Marshman|Sean Strickland,jpeg,11,97,10,2,FIGHT #4 | UFC | scorecaro | ‘SEAN STRICKLAND | vs. | JACK MARSHMAN | ‘UFC FIGHT NIGHT: HALL VS. SILVA | Venue | Weigh lass | resin | Us WAS ADK USA | UrcaPeK | MIDDLEWEIGHT -15 85. | rer PeTESON | al | iam | | =i | STRICKLAND | aRsHAN | STRICKLAND | STRICKLAND | aRSHMAN | cry | mae | ‘oa | oar | roa | reve | ‘ea | ‘ae | eae | rane | wooo] | Se | ion | roe | po | ene | 0 | | | 1 | A | 10 | 1 | 9 | 10 | 10 | | | 2 | 9 | 10 | 2 | 9 | 10 | 3 | 10 | 3 | 9 | a | ea | oa | 30 | a | 30 | a | a | | wore wore] | ‘SAL D'AMATO | DEREK CLEARY | ADALAIDE BYRD | POINT DEDUCTIONS | NOTES | RESULT | Sean Strickland won by Unanimous Decision
51bc62bce5922f7aea1e4f80.jpg,b0fadacd0569bdd7695b1388d07cfe460170816b5591001b83076033cfe9f707,04d271a0-bb2f-5c18-aab2-ea2b8a75ad0c,192563f4-506c-5590-84ad-b9c84724302e,UFC Fight Night: Santos vs. Teixeira,2020-11-07,Eduardo Garagorri|Darren Elkins,jpeg,11,121,12,2,"UFC | scorecaro | FIGHT #3, | DARREN ELKINS | vs. | EDUARDO GARAGORRI | LUFC FIGHT NIGHT: SANTOS VS. TEXERA | Venue | Weigh as | foteree | ‘rao | UUs Es. NeMDK USA | UFC APEX | FEATWERWEIGHT 145 LB, | ‘RIS TOGNON | Ly | a | [oe | Laaoel | =o | DARREN | EDUARDO | DARREN | EDUARDO | DARREN | EDUARDO | ELKINS | GARAGORRI | ELKINS | GARAGORRI | ELKINS | GARAGORRI | mae | om | oe | a | roe | ane | oe | veoe |, | or | Ea | oon | au | = | = | 3 | ote. | ‘Som | 0 | | | 1 | 9 | 10 | 1 | | | 9 | 10 | 1 | 9 | 0 | | | 2 | 3 | 8 | 2 | | | 10 | 3 | 2 | 10 | 3 | 3 | 3 | 20 | oH | 8 | 8 | ea | 9 | 9 | wa | 19 | [wre uo] | ERIC COLON | ‘SAL D'AMATO | DAVE HAGEN | POINT DEDUCTIONS | NOTES | RESULT | Elkins won by submission 2:22 of the 3rd | round - rear naked choke."
64660568ded28012ae710c2e.jpg,9df5f59e2f86024d975e255a8d00308000bbcd92ff7b5c4e4a2d1961478579d8,1b3d5929-e188-5d42-bf6a-12648de6f530,192563f4-506c-5590-84ad-b9c84724302e,UFC Fight Night: Santos vs. Teixeira,2020-11-07,Tanner Boser|Andrei Arlovski,jpeg,11,110,14,2,"UFC | scorecaro | FIGHT #9 | ANDREI ARLOVSKI | vs. | TANNER BOSER | LUFC FIGHT NIGHT: SANTOS VS. TEXERA | Venue | Weigh Cras | Serve | ‘rao | UUs Es. NeMDK USA | UFC APEX | EAIYWEIGHT. 265.8. | Maa STH | CE | Lael | [aoe | Lal | ‘nore | THNNER | ‘a0 | TANNER | TANNER | ARLOVSKI | BOSER | ARLOVSKI | BOSER | ARLOVSKI | BOSER | ory | rae | oe | mae | a | roe | ane | oe | me, | ‘or | Ea | oon | au | = | 3 | ote. | ‘Som | 3 | | | 1 | 0 | 10 | 1 | 9 | 10 | 1 | 0 | | | 2 | 8 | 2 | 7 | 10 | 10 | 2 | 10 | 3 | 10 | 3 | 9 | 9 | 3 | 10 | EJ | oH | ea | Ey | wa | Ey | wre oe] | ERIC COLON | CHRIS LEE | RON MCCARTHY | POINT DEDUCTIONS | NOTES | RESULT | ‘Andrei Artovski won by Unanimous Decision"
f63368aeba13c6b0f0575e0d.jpg,e2c6297cf12b8a51b816f3ee4a9a43204ed6d5851a138dfddaa24ccd3b8521ca,2246d0b1-6075-5b47-8564-7e0f41dc806e,192563f4-506c-5590-84ad-b9c84724302e,UFC Fight Night: Santos vs. Teixeira,2020-11-07,Khalid Taha|Raoni Barcelos,jpeg,11,102,9,2,"UFC | scorecaro | FIGHT #8 | RAONI BARCELOS | vs. | KHALID TAHA | LUFC FIGHT NIGHT: SANTOS VS. TEXERA | Venue | Weigh Ciass | ‘rao | UUs Es. NeMDK USA | UFC APEX | BANTAMWEICAT 135 LS. | son enzo | iy | Laseell | [oe | ALD | ALD | ALD | BaRCELOS | TAHA | BARCELOS | TAHA | BARCELOS | TAHA | ory | om | oe | mae | a | roe | ane | oe | veoe |, | or | Ea | oon | au | = | 3 | ote. | ‘Som | 0 | | | 1 | 9 | 10 | 1 | 9 | 0 | | | 2 | 3 | 10 | 2 | 9 | 10 | 3 | 9 | 10 | 3 | 30 | oH | Ed | ea | a | 30 | wa | [wre oe] | DAVE HAGEN | CHRIS LEE | RON MCCARTHY | POINT DEDUCTIONS | NOTES | RESULT | Raoni Barcelos won by Unanimous Decision"
d676f95a29cc78e93eb58e42.jpg,2f021a993121a0969ef77653ccba19827f1c8f8f730c8a8d8cf75308e122ee62,590053f9-5099-53ca-9198-3106ff978569,192563f4-506c-5590-84ad-b9c84724302e,UFC Fight Night: Santos vs. Teixeira,2020-11-07,Alexandr Romanov|Marcos Rogerio de Lima,jpeg,11,97,1,2,"UFC | scorecaro | FIGHT #4 | ALEXANDR ROMANOV vs. | MARCOS ROGERIO DE LIMA | LUFC FIGHT NIGHT: SANTOS VS. TEXERA | Venue | Weigh Ciass | Serve | ‘rao | UUs Es. NeMDK USA | UFC APEX | EAIYWEIGHT. 265.8. | HERB DEAN | CE | aS | [oe | Lal | So | exANOR | EKAWOR | ROMANOV | OGERIODELIMA | ROMANOV | OCERIODELIMA | ROMANOV | ROCERIODELIMA | ory | ‘eat | oe | mae | a | roe | ane | oe | veoe | a, | or | Ea | oon | au | = | 3 | ote. | ‘Som | 1 | 1 | 2 | 2 | 3 | 3 | oH | ea | a | [wre uo] | [oc | | ERIC COLON | DAVE HAGEN | TONY WEEKS: | POINT DEDUCTIONS | NOTES | RESULT | Romanov won by technical submission 48 of | the 1st round forearm choke."
37f70973eabd6f78336c48a8.jpg,70da1d6edc58894c5108bb0ed284fd8d70e04bee814e6ba45fa1669240c23c71,ac539e1e-1387-5952-8a25-8345d3870bf4,192563f4-506c-5590-84ad-b9c84724302e,UFC Fight Night: Santos vs. Teixeira,2020-11-07,Jamey Simmons|Giga Chikadze,jpeg,11,84,1,2,"FIGHT #7 | UFC | scorecaro | GIGA CHIKADZE | vs. | JAMEY SIMMONS | LUFC FIGHT NIGHT: SANTOS VS. TEXERA | Venue | Weigh as | eres | ‘rao | UUs Es. NeMDK USA | UFC APEX | FEATWERWEIGHT 145 LB, | HERBDEAN | Ly | Lael | [oe | catkanze | SIMMONS | cokanze | sions | coaDze | sims | ory | ane | oe | veoe |, | om | or | Ea | oon | oe | au | = | mae | 3 | a | roe | ote. | ‘Som | 1 | 2 | 3 | oH | ea | wa | [wre oe] | MIKE BELL | DEREK CLEARY | ‘SAL D'AMATO | POINT DEDUCTIONS | NOTES | RESULT | Chikadze won by TKO 3:81 of the 1st round,"
60cf125cad282287fff1ca1e.jpg,84b68cb64088b279deef722bcab0c17c0282c91ac6dda1f885e97e12334c6118,c4a6a163-be34-505d-9190-3b452af9d848,192563f4-506c-5590-84ad-b9c84724302e,UFC Fight Night: Santos vs. Teixeira,2020-11-07,Claudia Gadelha|Yan Xiaonan,jpeg,11,106,12,2,"UFC | scorecaro | FIGHT #6 | CLAUDIA GADELHA | vs. | YAN XIAGNAN | LUFC FIGHT NIGHT: SANTOS VS. TEXERA | Weigh Class | force | ‘rao | UUs Es. NeMDK USA | care | WOMEN'S STRAWWEIGHT 185185. | is | Jason wERz0G | Ly | Laeenll | [oe | Lal | ‘aawoIA | tanetia | MONAN | CADELHA | MONAN | CADELHA | ONAN | mae | rae | ""7 | oe | mae | a | roe | ane | oe | mn | a | or | Ea | oon | au | = | 3 | ote. | ‘Som | 0 | | | 1 | 9 | 10 | 1 | 9 | 3 | | | 2 | 10 | 8 | 2 | 7 | 10 | 10 | 3 | 3 | 0 | 9 | 3 | 10 | 10 | Ey | oH | Ey | ea | EJ | EJ | wa | [wre oe] | MIKE BELL | DEREK CLEARY | ‘SAL D'AMATO | POINT DEDUCTIONS | NOTES | RESULT | Yan Xiaonan won by Unanimous Decision"
5a5568b9b05da64c9591621c.jpg,d3f3b61c0db491a5679e5b0643314afeb9c9b6c8d74066d69258d95b1687aede,1d86d205-397b-505a-8a3c-8049953a5aad,43e9b4d6-2365-5287-949d-c80f04d1e213,UFC 255: Figueiredo vs. Perez,2020-11-21,Tim Means|Mike Perry,jpeg,11,93,7,2,"S5U08. | mus. | UFC | scorecaro | FIGHT #10 | MIKE PERRY | vs. | TIM MEANS | ‘UFC 255: FIGUEIREDO VS. PEREZ | Venue | Weigh ciass | teree | mmo | UUs Es. NeMDK USA | UFC APEX | WEITERWEIGIT ""70185. | anc coooARD | iy | =o | [oe | Lacey | Mane | Mine | Mine | PERRY | Means | PERRY | Means | PERRY | Means | ry | om | oe | a | roe | ane | oe | veoe |, | or | Ea | oon | au | Sone | = | 3 | ote. | ‘Som | 0 | 10 | 10 | 10 | 10 | 0 | 10 | 10 | Ey | oH | ea | EJ | a | [rm noc | | CHRIS LEE | DAVE HAGEN | MIKE BELL | POINT DEDUCTIONS | NOTES | RESULT | Tim Means won by Unanimous Decision"
f2052b9f87ea13b41dd63c4c.jpg,1fa883c89cf19523a3ec85054003ac68cdf930bf8db49d7bfc4ea511b4c2551d,d7d0b12f-ff0d-589f-a57c-576900d7963f,43e9b4d6-2365-5287-949d-c80f04d1e213,UFC 255: Figueiredo vs. Perez,2020-11-21,Alan Jouban|Jared Gooden,jpeg,11,106,14,2,"ms.ss. | FIGHT #3, | mus. | UFC | scorecaro | ALAN JOUBAN | vs. | JARED GOODEN | ‘UFC 255: FIGUEIREDO VS. PEREZ | Venue | Weigh ciass | teree | mmo | UUs Es. NeMDK USA | UFC APEX | WEITERWEIGIT ""70185. | cis TOcNON | Ly | =o | [oe | | =a | oa | jouBaN | cadnen | yousan | codex | {OUBAN | GOODEN | JARED | ory | ne | oe | veoe |, | om | or | a | oon | oe | au | = | mae | 3 | a | roe | ote. | ‘Som | 0 | 10 | 1 | 9 | 10 | 1 | 9 | 0 | 10 | 2 | 9 | 10 | 2 | 9 | 7 | 10 | 10 | 3 | 9 | 10 | 3 | 9 | oH | ea | wa | Ed | a | 30 | [noc | | DAVE HAGEN | ERIC COLON | MIKE BELL | POINT DEDUCTIONS | NOTES | RESULT | ‘Nan Jouban won by Unanimous Decision"
620e5bafa62091c49daf0a3f.jpg,4194abc40e4ef37de1898953b5ab2b3c7d1da5cb11043740e5a9615517e64d07,01af4c45-136d-5998-a647-a35053f6ed47,b050ecb0-01fa-5551-8292-26c9ae46c488,UFC Fight Night: Smith vs. Clark,2020-11-28,Parker Porter|Josh Parisian,jpeg,11,101,9,2,"265585, | 26385, | UFC | scorecaro | FIGHT #8 | JOSH PARISIAN | vs. | PARKER PORTER | ‘UPC FIGHT NIGHT: SMITH VS. CLARK | Venue | Weign cass | Reteree | imam | Us as MDA USA | rc aPEX | HEAIYWEIGHT- 265 LBS. | Manx Sota | iy | =o | [oe | ao | PARKER | PARKER | PARKER | PARISUN | PORTER | PARISAN | PORTER | PARISIAN | PORTER | ory | rae | oe | mae | a | roe | ane | oe | me, | ‘or | Ea | oon | au | = | 3 | ote. | ‘Som | 0 | 3 | 1 | 10 | 10 | 10 | 2 | 7 | 10 | 3 | 10 | 0 | 3 | 10 | 10 | oH | EJ | ea | 30 | EJ | a | [oc | | ERIC COLON | ANTHONY MANESS | TONY WEEKS: | POINT DEDUCTIONS | NOTES | RESULT | Parker Porter won by Unanimous Decision"
97002e897c231a36e3e39c87.jpg,7af425b94a9c79437147ce464643d577c9ba29b212f5fd93e075da6227d4ceb5,7bd77594-1931-50aa-9b77-4cfd18a55bd2,b050ecb0-01fa-5551-8292-26c9ae46c488,UFC Fight Night: Smith vs. Clark,2020-11-28,Bill Algeo|Spike Carlyle,jpeg,11,88,8,2,"MSs. | ws tns. | UFC | scorecaro | FIGHT #7 | ‘SPIKE CARLYLE | vs. | BILL ALGEO | ‘UPC FIGHT NIGHT: SMITH VS. CLARK | Venue | Weignt cass | Reteree | imam | Us as MDA USA | rc aPEX | FEATMERWEIGT-145 185. | HERBDEAN | Ly | =o | [oe | a | crime | ae | tamivte | ce | et | ALGED | ory | rae | oe | mae | a | roe | ane | oe | me, | ‘or | Ea | oon | au | = | 3 | ote. | ‘Som | 0 | 10 | 10 | 10 | 10 | 10 | 0 | 10 | 10 | a | oH | ea | a | MIKE BELL | ‘SAL D'AMATO | TONY WEEKS: | POINT DEDUCTIONS | NOTES | RESULT | Bill Algeo won by Unanimous Decision"
3df8d08d98216c62a793b0ae.jpg,d9b78a7d7627d2ce576c4ec5f142b660141d4115322beb8691fbef12dacf96d5,7f1d9fd4-3164-5f3e-b59f-52b979777e59,b050ecb0-01fa-5551-8292-26c9ae46c488,UFC Fight Night: Smith vs. Clark,2020-11-28,Rachael Ostovich|Gina Mazany,jpeg,11,101,5,2,"‘SSB. | 558s. | UFC | scorecaro | FIGHT #3, | GINA MAZANY | vs. | RACHAEL OSTOVICH | ‘UPC FIGHT NIGHT: SMITH VS. CLARK | Venue | Weign cass | eteree | imam | Us as MDA USA | rc aPEX | WOMEN'S FLYWEIGHT 5 LBS. | aan sort | Ly | =a | fa | ao | RACHAEL | na | RAGIAEL | RACHAEL | xzant | OsTOVICH | MAZANY | osTOVICH | nazANY | osTOVICH | ory | om | oe | mae | a | roe | ane | oe | veoe |, | or | Ea | oon | au | = | 3 | ote. | ‘Som | 0 | | | 1 | 9 | 10 | 0 | 3 | oH | 8 | 20 | ea | 8 | 20 | wa | 8 | [wre uo] | ERIC COLON | DAVE HAGEN | JUNICHIRO KAMIO | POINT DEDUCTIONS | NOTES | RESULT | Mazany won by TKO 410 of the 3rd round."
0f11c78d0e62e3168fd65257.jpg,bfa3d9e6c097e1ad07f16d69fb135f70a45e8c19fa9f4df6b85e40a173497dfe,f345e9f1-1f13-5a91-bec0-f234b10de016,b050ecb0-01fa-5551-8292-26c9ae46c488,UFC Fight Night: Smith vs. Clark,2020-11-28,Ashlee Evans-Smith|Norma Dumont,jpeg,11,119,12,2,"‘SSB. | FIGHT #6 | B95 Bs. | UFC | scorecaro | ASHLEE EVANS-SMITH | vs. | NORMA DUMONT | ‘UPC FIGHT NIGHT: SMITH VS. CLARK | Venue | Weign cass | Reteree | imam | Us as MDA USA | rc aPEX | WOMEN'S ANDIMWEICAT- 135s. | Jason weRz0G | CE | =o | [oe | | =a | a | NORMA | NORMA | NORMA | NAN MTH | DUMONT | VANS TH | DUMONT | EMS SMITH | DUMONT | mae | ane | oe | veoe |, | om | ‘or | Ea | oon | oe | au | Soe | m | mae | 3 | a | roe | ote. | ‘Som | 1 | 0 | 3 | 1 | 10 | 3 | 1 | 10 | 2 | 10 | 8 | 2 | 10 | 8 | 2 | 10 | 7 | 3 | 0 | 9 | 3 | 10 | 8 | 3 | 10 | oH | ea | wa | EW | 30 | EW | [wre oe] | MIKE BELL | DEREK CLEARY | DAVE HAGEN | POINT DEDUCTIONS | NOTES | RESULT | Norma Dumont won by Unanimous Decision"
13e2e75c0bf52ea10abedd20.jpg,d11bd21c19089dc34ca311bb03da8e564807df0997d8311bc610338f346ff61d,27d9ad46-0045-501c-92cb-decdceac2328,0ba761df-75f9-5842-8dc9-9e61cf94ab0d,UFC Fight Night: Hermansson vs. Vettori,2020-12-05,Marvin Vettori|Jack Hermansson,jpeg,11,106,16,2,"155 Us, | FIGHT #8 | ‘a6 tBs. | UFC | scorecaro | JACK HERMANSSON | vs. | MARVIN VETTORI | LUFC FIGHT NIGHT: HERMANSSON VS. VETTORI | Vere | Weight class | sere | rsa | UUSWECAS EWOK USA | URCAPEX. | DOLEWEIGHT 1 Bs. | ER DEAN | i | =a | [ae | =o | MARVIN | ‘MARVIN | ‘MARVIN | ERMANSSON | verTOR! | ERMANSSON | vETTORI | MERMANSSON | vETTORI | oe | oe | rae | me, | oe | = | oon | oe | au | = | mae | oe | om | roe | ote. | eo | 0 | 3 | 10 | 10 | 10 | 8 | 10 | 10 | 10 | 10 | 9 | 9 | 0 | 3 | 10 | 10 | 10 | 3 | 10 | 10 | 46 | oa | 49 | 46 | ea | 49 | a | 43 | DEREK CLEARY | ‘SAL D'AMATO | JUNICHIRO KAMIJO. | POINT DEDUCTIONS | ‘NOTES | RESULT | Marvin Vettori won by Unanimous Decision"
bcf002afaf084fbed4da2d14.jpg,0219c6cdac18ab7515045176b11782efd43e5df6293d4129c68153572b937071,3310d8fb-ef77-5720-ad77-cf95efcac416,0ba761df-75f9-5842-8dc9-9e61cf94ab0d,UFC Fight Night: Hermansson vs. Vettori,2020-12-05,Roman Dolidze|John Allan,jpeg,11,120,10,2,"205185. | FIGHT #5 | 205185. | UFC | scorecaro | ROMAN DOLIDZE | vs. | JOHN ALLAN | LUFC FIGHT NIGHT: HERMANSSON VS. VETTORI | ae | Location | Vere | Aeleree | URCAPEX. | Weight class | LUGAT HeATYWEIGHT- 205 Ls, | ERBDEAN | ‘2/05/2020 | US VEGAS NEWADA, USA | iy | =o | [aoe | | =a | ROMAN | ROMAN | ROMAN | DOLIDZE | ALLAN | JonN | DOLIDZE | ALLAN | John | DOLIDZE | ALLAN | Jonn | ory | re | om | maw | om | oe | oy | mae | a | roe | Baw | ane | oe | veoe |, | td | ‘ate | oon | au | Soe | Seo | 3 | ote. | Some | 0 | 1 | 10 | 1 | 9 | 3 | 1 | 10 | 0 | 2 | 2 | 9 | 10 | 2 | | | 7 | 0 | 10 | 3 | 9 | 9 | 3 | 10 | oH | ea | a | EJ | a | [wre oe] | [noc | | MIKE BELL | DAVE HAGEN | CHRIS LEE | POINT DEDUCTIONS | NOTES | RESULT | Roman Dolidze won by Split Decision"
9fde0a4cf77d0c614b44091f.jpg,c288d615a2b0c3007b76ba19cb741235abad2e6a4479d413aff4adcd2732c133,504a82d6-0784-5b33-9e99-cde7ca4b2a3d,0ba761df-75f9-5842-8dc9-9e61cf94ab0d,UFC Fight Night: Hermansson vs. Vettori,2020-12-05,Matt Wiman|Jordan Leavitt,jpeg,11,96,0,2,"155 U5, | 1555185. | UFC | scorecaro | FIGHT #84 | MATT WIMAN | vs. | JORDAN LEAVITT | LUFC FIGHT NIGHT: HERMANSSON VS. VETTORI | Vere | Weight class | tere | rsa | Lis AS NEDA USA | URCAPEX. | LUGATWEIGHT- 551.85 | ‘RIS TOCKON | iy | =a | [oe | ao | oRoKN | wart | JOROAN | JORDAN | wanan | Lent | WIMAN | Lea | wana | LEAT | ory | rae | om | oe | m | mae | a | roe | ane | oe | a | or | Ea | oon | au | Soe | 3 | ote. | ‘Som | 1 | 1 | 2 | 2 | 3 | 3 | oH | ea | a | [wre oe] | [oc | | DEREK CLEARY | ‘SAL D'AMATO | TONY WEEKS: | POINT DEDUCTIONS | NOTES | RESULT | Jordan Leavitt won by KO 0:22 of round 1."
42c6747967820063391e00e7.jpg,7862b3ed4eb4dae50a06eecc074310f44d34ebc227e245bc45f3de60615cb9f9,59785162-c899-526e-a728-998dda90fcd5,0ba761df-75f9-5842-8dc9-9e61cf94ab0d,UFC Fight Night: Hermansson vs. Vettori,2020-12-05,Jake Collier|Gian Villante,jpeg,11,90,7,2,"203185. | 2645185. | UFC | scorecaro | FIGHT #1 | GIAN VILLANTE | vs. | JAKE COLLIER | LUFC FIGHT NIGHT: HERMANSSON VS. VETTORI | ion | Vere | Weight class | ree | rsa | CAS MEV, USA | URCAPEX. | EAYWEIGHT- 265.85. | om | ISTOCION | Ly | =a | a | a | al | =o | om | VILLANTE | cout | Wane | cout | LANE | couteR | ory | rae | oe | mae | a | roe | ane | oe | me, | ‘or | Ea | oon | au | Sone | 3 | ote. | ‘Som | 0 | 10 | 10 | 10 | 10 | 10 | 0 | 10 | 10 | a | oH | ea | wa | ‘SAL D'AMATO | ERIC COLON | ADALAIDE BYRD | POINT DEDUCTIONS | NOTES | RESULT | Jake Colier won by Unanimous Decision"
ef8d88aabcf4f3fb2b757e6f.jpg,fa664dc68ed9dda54a141e37d7b54c5ae0ea845de137278ddaa1a2dafc52d5cd,0053bb68-c45d-589a-917f-9676a419134f,b393677a-f85f-560c-85f0-6fca8e21cf5b,UFC 256: Figueiredo vs. Moreno,2020-12-12,Rafael Fiziev|Renato Moicano,jpeg,11,91,0,2,"1551s. | 1555185. | UFC | scorecaro | FIGHT #84 | RENATO MOICANO | vs. | RAFAEL FIZIEV | ‘UFC 256: FIGUEIREDO VS. MORENO | Venue | Weign cass | eree | ream | Us as MDA USA | rc aPEX | LUGATWEIGHT- 155 185. | ‘nRIsTOCNON | Ly | Lael | [oe | RAAEL | RABREL | RENATO | RAFAEL | worcana | FZIEV | warcano | FIZIEV | MOICANO | FIZIEV | ory | rae | oe | ory | a | roe | ane | oe | me, | or | Ea | oon | au | = | 3 | ote. | ‘Som | 1 | 1 | 2 | 2 | 3 | 3 | oH | ea | a | [wre oe] | [oc | | DEREK CLEARY | ERIC COLON | CHRIS LEE | POINT DEDUCTIONS | NOTES | RESULT | Fizlev won by KO 4:08 ofthe Ist round."
31effd07ecffd12e710b9523.jpg,555a7ef8b5ee3a3765564ff27901afca01cfcb53b5bbc938de06a493f2cade9d,1dec5e6b-4b94-5643-9be5-748ff874ddad,b393677a-f85f-560c-85f0-6fca8e21cf5b,UFC 256: Figueiredo vs. Moreno,2020-12-12,Gavin Tucker|Billy Quarantillo,jpeg,11,113,14,2,"Meus. | 55 0s. | UFC | scorecaro | FIGHT #3, | GAVIN TUCKER | vs. | BILLY QUARANTILLO | ‘UFC 256: FIGUEIREDO VS. MORENO | Vere | Weigh class | eteree | ream | Us cs MDA USA | rc aPEX | FEATMERWEIGT-145 185, | eR WEL | Ly | x= | Ca | =a | Gla | So | Tcker | quanavritio | Tucker | quanavritio | Ticker | quaranmitio | eae | mae | maw | woe | mae | am | reve | ne | et | me | oe | Sane | oa | sou | oe | oo | oe | = | 0 | 1 | 3 | 10 | 1 | 9 | 10 | 1 | 9 | 0 | 2 | 3 | 10 | 2 | 9 | 10 | 2 | 9 | 10 | 3 | 9 | 10 | 3 | 9 | 10 | 3 | 9 | on | Ed | fa | a | 30 | wa | [wre oc] | DAVE HAGEN | CHRIS LEE | RON MCCARTHY | POINT DEDUCTIONS | NOTES | RESULT | Gavin Tucker won by Unanimous Decision"
955cf8778567688dfb3dc29d.jpg,ecde29362343e259008ed70192623f54341ca6103f39acbf509c554e0561242c,3a8c5ed1-6b0c-56d7-b959-3f4afca95977,b393677a-f85f-560c-85f0-6fca8e21cf5b,UFC 256: Figueiredo vs. Moreno,2020-12-12,Chase Hooper|Peter Barrett,jpeg,11,123,10,2,"MSs. | FIGHT #1 | 55 Bs. | UFC | scorecaro | CHASE HOOPER | vs. | PETER BARRETT | ‘UFC 256: FIGUEIREDO VS. MORENO | ae | Locaton | Venue | Weignt cass | Reteree | pope | US VECAS, NEWOA USA | rc aPEX | FEATMERWEIGT-145 185. | ‘mRisTOCNON! | Ly | [oe | Lacey | =o | ‘nse | PETER | PETER | ‘Ouse | PETER | HOOPER | BARRETT | HOOPER | BARRETT | HOOPER | BARRETT | ory | ane | oe | re | om | wae | oy | ‘ate | oon | om | oe | au | ory | mae | a | roe | ote. | Baw | veoe |, | oe | Soe | Seo | 3 | Some | 3 | 1 | 0 | 3 | 1 | | | 10 | 3 | 1 | 10 | 3 | | | 2 | 10 | 10 | 2 | | | 9 | 8 | 2 | 10 | 3 | 3 | B | oH | 8 | ea | 9 | 8 | a | [wre oe] | [oc | | MIKE BELL | CHRIS LEE | TONY WEEKS: | POINT DEDUCTIONS | NOTES | RESULT | Hooper won by submission 3:02 ofthe 3rd | round -hee! hook."
d827737897edc9afff4bf466.jpg,e4f5e904fd044fd5af366bb312af1f598a31071bafbce5d281db087315ee33cc,98a2d697-192f-5b19-9eed-7a7c715a9ed9,b393677a-f85f-560c-85f0-6fca8e21cf5b,UFC 256: Figueiredo vs. Moreno,2020-12-12,Virna Jandiroba|Mackenzie Dern,jpeg,11,107,14,2,"sas. | 15UBs. | UFC | scorecaro | FIGHT #8, | MACKENZIE DERN | vs. | VIRNA JANDIROBA | ‘UFC 256: FIGUEIREDO VS. MORENO | Venue | Weign cass | ream | Us as MDA USA | rc aPEX | WOMEN'S STRAWWEIGT 11 Bs, | sanz | Lm | sel | [pao | Lal | =o | MACKENDIE | MACKENZIE | ‘RNA | MACKENZIE | DERN | vawotona | DERN | JANDIROBA | DERN | awo1tona | ory | om | oe | a | roe | ane | oe | veoe |, | or | Ea | oon | ou | = | = | 3 | ote. | ‘Som | 0 | 1 | 9 | 10 | 1 | 9 | 1 | 9 | 10 | 2 | 7 | 10 | 2 | 10 | 10 | 9 | 10 | 3 | 9 | 3 | 9 | oH | ea | Ey | Ey | wa | Ey | DEREK CLEARY | ‘SAL D'AMATO | JUNICHIRO KAMIO | POINT DEDUCTIONS | NOTES | RESULT | Mackenzie Dern won by Unanimous Decision"
38fc8220f47789ab26ee9c3a.jpg,e12dfa783639c9f2ae48514d9b8b344fa523a45355af9297afc1df7554135a83,dd9cded5-c9ec-52f5-908f-20a85c0b84eb,b393677a-f85f-560c-85f0-6fca8e21cf5b,UFC 256: Figueiredo vs. Moreno,2020-12-12,Cub Swanson|Daniel Pineda,jpeg,11,100,4,2,"sis. | 55 Bs. | UFC | scorecaro | FIGHT #5 | CUB SWANSON | vs. | DANIEL PINEDA | ‘UFC 256: FIGUEIREDO VS. MORENO | Venue | Weignt cass | eteree | ream | Us as MDA USA | rc aPEX | FEATMERWEIGT-145 185. | ARK STH | Ly | Sa | fa | AMIEL | DAMEL | SWANSON | PINEDA | SWANSON | PINEDA | SWANSON | PINEDA | ry | rae | ""7 | oe | ory | mae | a | roe | ane | oe | mn | a | or | Ea | oon | au | Soe | 3 | ote. | ‘Som | 0 | | | 1 | 9 | 10 | 1 | 9 | | | 2 | 2 | 3 | 3 | 0 | oH | 0 | ea | 0 | a | [wre oe] | [oc | | MIKE BELL | ‘SAL D'AMATO | TONY WEEKS: | POINT DEDUCTIONS | NOTES | RESULT | ‘Swanson won by KO 1/52 ofthe 2nd round."
571952f8dc342bb743a3fcb0.jpg,e2f7590a4ffeb6ddfa0403a9a7bb87699788f8e94dc8524e34778e92808f8dc0,62e4f428-63f4-5731-b894-b525653bbdb8,2bd1e431-b14d-5809-8d9b-cf7349fc6220,UFC Fight Night: Thompson vs. Neal,2020-12-19,Sijara Eubanks|Pannie Kianzad,jpeg,11,117,13,2,"‘6s. | B55 UBS. | UFC | scorecaro | FIGHT #6 | ‘SIJARA EUBANKS | vs. | PANNIE KIANZAD | LUFC FIGHT NIGHT: THOMPSON VS. NEAL | Venue | Weign cass | Reteree | rena | Us as MDA USA | rc aPEX | MEN'S BANDAMWEIGAT- 135s. | aR sort | Ly | Lacey | [oe | Lal | xo | sIpRA | EUBANKS | cana | Binks | veanzaD | EUBANKS | waza | mae | om | oe | mae | a | roe | ane | oe | veoe |, | or | Ea | oon | au | = | 3 | ote. | ‘Som | 0 | | | 1 | 9 | 10 | 1 | 9 | 10 | 1 | 9 | 3 | | | 2 | 10 | 8 | 2 | 7 | 10 | 3 | 2 | 10 | 3 | 3 | 0 | 9 | 3 | 10 | 3 | 10 | Ey | oH | Ey | ea | EJ | EJ | wa | EJ | [wre oe] | DEREK CLEARY | ‘SAL D'AMATO | JUNICHIRO KAMIO | POINT DEDUCTIONS | NOTES | RESULT | annie Kianzad won by Unanimous Decision"
56504d59b265b7b25f59286e.jpg,9165bf1fdc9a5e5d056b6c4c9f0a41e9f0371e83fabef4999cee1584296fd5e5,cf945e8d-f0d8-553e-b188-8dc7d35d6a4f,2bd1e431-b14d-5809-8d9b-cf7349fc6220,UFC Fight Night: Thompson vs. Neal,2020-12-19,Carlton Minus|Christos Giagos,jpeg,11,98,6,2,"1595. | ‘55 uns. | UFC | scorecaro | FIGHT 411 | CHRISTOS GIAGOS | vs. | CARLTON MINUS | LUFC FIGHT NIGHT: THOMPSON VS. NEAL | Venue | Weign cass | oteree | rena | Us as MDA USA | rc aPEX | ‘TCH WEIGHT | ‘HRs TOCNON | CE | Laman | [pao | Lal | ‘omistas | ‘CARLTON | ommisTos | ‘ORLTON | ‘mss | ‘CARLTON | Glacos | MINUS | GlAGOS | MINUS | GlAGOS | MINUS | mae | om | oe | mae | a | roe | ane | oe | veoe |, | or | Ea | oon | au | = | 3 | ote. | ‘Som | 0 | 10 | 1 | 8 | 0 | 10 | 2 | 9 | 0 | 10 | 3 | 10 | oH | ea | wa | JUNICHIRO KAMIJO | ‘SAL D'AMATO | DAVE HAGEN | POINT DEDUCTIONS | NOTES | RESULT | Christos Giagos won by Unanimous Decision"
811779f24f4f8a8d573f03e1.jpg,0b0e1aa8a72b8a7dbecb54bb4c4f0036fff0c58239fe569c99e920c10d91e35d,fd07acac-7e1c-52c6-902b-94ba171be297,2bd1e431-b14d-5809-8d9b-cf7349fc6220,UFC Fight Night: Thompson vs. Neal,2020-12-19,Cody Durden|Jimmy Flick,jpeg,11,91,0,2,"‘sis. | FIGHT #2 | 6 tBs. | UFC | scorecaro | JIMMY FLICK | vs. | CODY DURDEN | LUFC FIGHT NIGHT: THOMPSON VS. NEAL | Venue | Weight class | ree | rena | Us as MDA USA | rc aPEX | LYWEIGHT 5185. | em | INVALEL | Lael | [oe | el | =o | fed | FLICK | UREN | ites | DURDEN | won | FLICK | DURDEN | ry | ane | oe | me, | Ea | oon | oe | au | = | mae | 3 | a | roe | ote. | ‘Som | 1 | 1 | 2 | 2 | 3 | 3 | oH | ea | a | [oc | | MIKE BELL | ERIC COLON | CHRIS LEE | POINT DEDUCTIONS | NOTES | RESULT | Jimmy Flick won by submission 2:18 of round | 1 -Triangle Choke."
088473c71baab23ea2675ca7.jpg,2835e2f4b7c1d524571a6b6a4c2404bab328574340a2cf4d87caa226c01c987a,15bbaecc-805a-55ba-9ada-baf90fb23559,de8ca7c2-5a65-51e2-bace-88305a704b77,UFC Fight Night: Holloway vs. Kattar,2021-01-16,Santiago Ponzinibbio|Li Jingliang,jpeg,11,89,2,1,"muss. | wouss. | UFC | scorecaro | FIGHT #8 | SANTIAGO PONZINIBBIO | vs. | LIJINGLIANG | ‘UFC FIGHT NIGHT: HOLLOWAY VS. KATTAR | Weigh Cass | ere | ovr | ava, ne | ‘ro nena | WELTERWEIGHT -0LBS. | SON WeRzOG | [a | =a | [oe | Lene | Ll | =o | Powziwen19 | IINGLANG | Powe | sNGLUNG | Ponziniio | INGLIANG | ory | rae | ""7 | oe | mae | a | roe | ane | oe | mn | a | or | Ea | oon | au | = | 3 | oie. | ‘Som | 1 | 1 | 2 | 2 | 3 | 3 | oH | ea | wa | [wre oe] | MIKE BELL | LUKASZ BOSACKI | DAVID LETHABY | POINT DEDUCTIONS | NOTES | RESULT | LU dingliang won by KO 4.25 of Round 1"
ca4cfa13d09a1d5a99a9fe5b.jpg,481e823183e73fe75f96102b165ae390179867737d0eb3c565b90dcdfe964848,3b80780a-b408-51c7-8585-207992aecf91,de8ca7c2-5a65-51e2-bace-88305a704b77,UFC Fight Night: Holloway vs. Kattar,2021-01-16,Austin Lingo|Jacob Kilburn,jpeg,11,95,7,2,"1s Us, | 45 Bs. | UFC | scorecaro | FIGHT #11 | JACOB KILBURN | vs. | ‘AUSTIN LINGO | ‘UFC FIGHT NIGHT: HOLLOWAY VS. KATTAR | Weigh Cass | Roteree | ovr | ava, ne | ‘ro nena | FEATWERWEIGHT 145 LBS. | ‘ac cooDARD | i | =a | [rao | [cee | Lah | ‘usTIN | ‘usTN | ‘ust | aLguRa | LINGO | ratguen | LINGO | reLouen | LINGO | ory | rae | oe | mae | a | roe | ane | oe | me, | ‘or | Ea | oon | au | = | 3 | ote. | ‘Som | 0 | 10 | 10 | 10 | 10 | 10 | 0 | 10 | 10 | a | oH | EW | ea | EW | a | 30 | BEN CARTLIDGE | DAVID LETHABY | PAUL SUTHERLAND | POINT DEDUCTIONS | NOTES | RESULT | ‘Astin Lingo won by Unanimous Decision"
e7cdcb22b6ca9ab844fcfab7.jpg,64eade4a6d331944e16103a7e718f84442875070dbfe656674d6bf56b2f71866,4838b441-05c9-57ec-9ae1-f01bddba85bf,de8ca7c2-5a65-51e2-bace-88305a704b77,UFC Fight Night: Holloway vs. Kattar,2021-01-16,Sarah Moras|Vanessa Melo,jpeg,11,94,6,2,"‘6s. | ‘Be tBs. | UFC | scorecaro | FIGHT #2 | SARAH MORAS | vs. | VANESSA MELO | ‘UFC FIGHT NIGHT: HOLLOWAY VS. KATTAR | Weigh Cass | ovr | ava, ne | ‘ro nena | (WOMENS BANTAMWEIGHT 135 65, | er eens | ay | =a | [oe | | =a | sana | VANESSA | sma | VANESSA | saan | WNESSA | MORAS | ‘MELO | MORAS | MELO | MORAS | MELO | ory | rae | oe | mae | a | roe | ane | oe | me, | ‘or | ‘ate | oon | au | = | 3 | ote. | ‘Som | 0 | 10 | 10 | 10 | 10 | 10 | 0 | 10 | a | oH | Ey | ea | EJ | a | LUKASZ BOSACKI | ANDERS OHLSSON | CLEMENS WERNER | POINT DEDUCTIONS | NOTES | RESULT | Vanessa Melo won by Unanimous Decision"
07d57dd055d3fbbc1a0e9881.jpg,7598a0b6beaa29363f07999f83459480c709aefe63f62fde370ab2f64e80dbea,55f735e7-1cf3-54df-ac29-538d41c1e568,de8ca7c2-5a65-51e2-bace-88305a704b77,UFC Fight Night: Holloway vs. Kattar,2021-01-16,David Zawada|Ramazan Emeev,jpeg,11,90,6,2,"uss. | mus. | UFC | scorecaro | FIGHT #3, | DAVID ZAWADA | vs. | RAMAZAN EMEEV | ‘UFC FIGHT NIGHT: HOLLOWAY VS. KATTAR | Weigh Cass | ere | ovr | ava, ne | ‘ro nena | WELTERWEIGHT -0LBS. | SON WeRzOG | [oe | own | oo | | =a | ZAWADA | EMEEV | ZAWADA | EMEEV | ZWD | EMEEV | ory | oe | mae | a | roe | ane | oe | mn | or | Ea | oon | au | = | 3 | ote. | ‘Som | 0 | 3 | 1 | 10 | 10 | 0 | 10 | 2 | 9 | 10 | 0 | A | 3 | 10 | oH | Ey | ea | EJ | a | MIKE BELL | BEN CARTLIDGE | DAVID LETHABY | POINT DEDUCTIONS | NOTES | RESULT | Ramazan Emeev won by Split Decision"
e2c23d403d22d407ffb3efe4.jpg,19f2e8994dc3e3380537992689756eea6a1ce4c85263547c115f3bc031addd22,60f9b169-58e7-50f7-a9c4-5d3abfaaf443,de8ca7c2-5a65-51e2-bace-88305a704b77,UFC Fight Night: Holloway vs. Kattar,2021-01-16,Joaquin Buckley|Alessio Di Chirico,jpeg,11,96,1,2,"15 Us, | ‘a6 tBs. | UFC | scorecaro | FIGHT #7 | JOAQUIN BUCKLEY | vs. | ALESSIO DI CHIRICO | ‘UFC FIGHT NIGHT: HOLLOWAY VS. KATTAR | Weigh Cass | ovr | ava, ne | ‘ro nena | MIDOLEWEIGHT- 18 ns. | EI PETERSON | Ly | =o | [oe | a | oa | yoxguin | oxguin | yoxqu | BUCKLEY | ova | BUCKLEY | onc | BUCKLEY | bucaiea | ry | om | maw | oe | a | roe | ane | oe | veoe |, | or | i | oon | au | = | = | 3 | ote. | ‘Som | 1 | 1 | 2 | 2 | 3 | 3 | oH | ea | wa | [wre oe] | BEN CARTLIDGE | PAUL SUTHERLAND | CLEMENS WERNER | POINT DEDUCTIONS | NOTES | RESULT | Ae | i Chirico won by KO 2.12 of Round 1"
55ebee93db36e87892a451bf.jpg,c6ac4a9642e2b57b866acf87ebce1de3f79a59b0b7197b61b7ff4d62de1731b7,839c52f1-4dcf-565e-97ec-d0753d8ddda8,8b130f4e-35bb-567f-a4be-533d91e1125f,UFC Fight Night: Chiesa vs. Magny,2021-01-20,Victoria Leonardo|Manon Fiorot,jpeg,11,112,6,2,"‘55 Us, | 6 UBs. | UFC | scorecaro | FIGHT #11 | VICTORIA LEONARDO | vs. | MANON FIOROT | ‘UPC FIGHT NIGHT: CHIESA VS. MAGNY | ocaton | Weight cass | eree | oven | AU DHA, UAE | no aR | WOMENS RIYWEIGHT. 51.85. | uxasz aosack | imme | =a | [races | | | =o | a | vieroR | cTORIA | LEONARDO | oRoT | fet | oRoT | LEONARDO | anor | ry | ‘oa | roe | m | mae | oa | roe | Stone | oo | veoe | a, | on | = | oom | ou | Se | oo | ote. | ‘Stom | 3 | 1 | 10 | 3 | 1 | 10 | 8 | 1 | 10 | 2 | 2 | 2 | 3 | 3 | 3 | ro | 0 | ea | 10 | wa | 10 | [wre 0] | [ reow noc: J | BEN CARTLIDGE | ‘SAL D'AMATO | DAVID LETHABY | POINT DEDUCTIONS | NOTES | RESULT | Manon Fiorot won by TKO 4.08 of Round 2"
16a35571bc957303cf05b40e.jpg,e28dd47829344c5d83e1ad2b5276c9bb5ab4c0f5b4a80cc594bd83f3c80c5456,917666c0-8dfd-533d-902d-84f8d6ac92ba,8b130f4e-35bb-567f-a4be-533d91e1125f,UFC Fight Night: Chiesa vs. Magny,2021-01-20,Ricky Simon|Gaetano Pirrello,jpeg,11,105,3,2,"‘6s. | ‘Bo tBs. | UFC | scorecaro | FIGHT #7 | RICKY SIMON | vs. | GAETANO PIRRELLO | ‘UPC FIGHT NIGHT: CHIESA VS. MAGNY | ton | Su | Weight cass | Reteree | oven | fava use | m | HAD ARENA | BSUS. | KEITH PETERSON | Cea | =a | fracas | | =o | a | ICKY | RIK | Ia | SIMON | ot | SIMON | PrRRELLO | SIMON | tty | ory | ‘oa | roe | oa | roe | Stone | oo | veoe | a, | on | Ea | oom | ou | = | a | oo | ote. | ‘Som | 0 | 1 | 3 | 10 | 1 | | | 9 | 2 | 2 | 3 | 3 | 0 | ro | 0 | ea | 0 | wa | [wre 0] | BEN CARTLIDGE | ANDERS OHLSSON | PAUL SUTHERLAND | POINT DEDUCTIONS | NOTES | RESULT | Ricky Simon won by tapout submission | (armbar triangle choke) 4.00 of Round 2"
0b4b0be5b6f8fb9e28f627fa.jpg,5967a0106cf7c302883a20f87a0e05b604519773372e5bbb28f987ead827a4e7,cae5e09f-4824-570b-9183-d7e65e682b08,8b130f4e-35bb-567f-a4be-533d91e1125f,UFC Fight Night: Chiesa vs. Magny,2021-01-20,Omari Akhmedov|Tom Breese,jpeg,11,108,5,2,"a6 Us. | ‘asus. | FIGHT #8 | UFC | scorecaro | OMARI AKHMEDOV | vs. | TOM BREESE | ‘UFC FIGHT NIGHT: CHIESA VS. MAGNY | ate | Location | Venve | Wight Class | Reteree | 20/2021 | ABU DHABL, UAE | ETINAD ARENA, | ‘MIDDLEWEIGHT 15 185. | WKASZ Boswcxt | a | ra | ad | Lees) | oman | ‘OMAR | 10M | AKHMEDOV | Resse | AKHMEDOV | REESE | ‘AKHMEDOV | BREESE | rooe | a | oy | or | ne | oom | oe | rr | ae | eae | ‘coe | co | ‘owe | toi | Pa | Se | Sout | ut | ane | ‘one | 0 | 1 | 9 | 0 | 3 | 0 | 1 | 2 | 2 | 3 | 3 | 10 | Tam | rom | 10 | om | [wee oc] | MIKE BELL | ERIC COLON | CLEMENS WERNER | POINT DEDUCTIONS | RESULT | (Omari Akhmedov won by tapout submission | (armbar triangle choke) 1.41 of Round 2"
acd828fcc53f633afa880826.jpg,004baafdc859cec3d047e2652782bf325964c7744d56685b93edfdf190e18342,f6f94cbd-4863-58e2-8532-801f1d536bd6,8b130f4e-35bb-567f-a4be-533d91e1125f,UFC Fight Night: Chiesa vs. Magny,2021-01-20,Michael Chiesa|Neil Magny,jpeg,11,109,13,2,"‘5 ss. | FIGHT #14 | mus. | UFC | scorecaro | MICHAEL CHIESA | vs. | NEIL MAGNY | ‘UPC FIGHT NIGHT: CHIESA VS. MAGNY | ocaton | Weigh cass | Reteree | oven | AU DHA, UAE | no aR | WELTERWEIGHT -T70L8S, | MaRc GODDARD | Cea | =a | =a | ‘mou. | MoHneL | monaeL | elt | CHIESA | saci | CHIESA | CHIESA | ‘MAGNY | oe | oo | rae | me, | oe | maw | ‘ate | oom | roe | ou | Soe | m | mae | oo | oa | roe | ote. | ‘Som | 0 | 3 | 10 | 9 | 0 | 9 | 10 | 9 | 3 | 0 | 8 | 10 | 10 | 0 | 3 | 10 | 9 | 10 | 3 | 10 | 3 | 49 | eH | 46 | 49 | ea | 46 | 49 | a | [wre ose} | MIKE BELL | ‘SAL D'AMATO | DAVID LETHABY | POINT DEDUCTIONS | NOTES | RESULT | Michael Chiesa won by Unanimous Decision"
b86bb0bd3b9e501ee7def953.jpg,aa1764492b9b47cb7993ecc9069be2ac0a60dbc78eddf0f519ebcf9c81fcf9b6,1844f0f6-4037-5162-9a3c-5c8f43044f38,d64fe046-3b3b-5a23-8e48-2fba2a93e81f,UFC 257: Poirier vs. McGregor,2021-01-23,Matt Frevola|Arman Tsarukyan,jpeg,11,105,14,2,"570s. | FIGHT #6 | 1555185. | UFC | scorecaro | ARMAN TSARUKYAN | vs. | MATT FREVOLA | ‘UFC 257: POIRIER VS. MCGREGOR | ton | Weight cass | ere | ovat | ‘ai | NAB UAE | no ARE | LUGHTWEIGT 155185, | Kast Bosacd | Ly | =o | [oe | Leen | el | =o | TSARUKYAN | FREOLA | TSARUKYAN | FREVOLA | TSARUKYAN | FREOLA | ory | ane | oe | rae | oon, | om | or | Ea | oon | oe | au | = | mae | 3 | a | roe | ote. | ‘Som | 0 | 10 | 1 | 9 | 10 | 1 | 9 | 0 | 10 | 2 | 9 | 10 | 2 | 9 | 7 | 10 | 10 | 3 | 8 | 10 | 3 | 9 | oH | ea | wa | Ed | Ey | 30 | a | ‘SAL D'AMATO | ERIC COLON | CLEMENS WERNER | POINT DEDUCTIONS | NOTES | RESULT | ‘Arman Tsarukyan won by Unanimous | Decision"
40414ead0368bd2a5d200d17.jpg,07e80803b53d692132186f774d198d10beda0e94a72105b9715cdd0515078c9f,4f8d8d2f-fb72-5ba2-ad42-6265a3741ca9,d64fe046-3b3b-5a23-8e48-2fba2a93e81f,UFC 257: Poirier vs. McGregor,2021-01-23,Zhalgas Zhumagulov|Amir Albazi,jpeg,11,102,11,2,"‘60s. | 6 tBs. | UFC | scorecaro | FIGHT #1 | AMIR ALBAZI | vs. | ZHALGAS ZHUMAGULOV | ‘UFC 257: POIRIER VS. MCGREGOR | ton | Weight cass | ovat | ‘ovo, ue | no ARE | LYWEIGHT. 125 185. | SOW enzo | Ly | =o | [oe | a | oa | a | ren | _mumacutav | ALBAZI | zaumacuiay | Apa | zaumacuLay | ory | rae | ""7 | oe | mae | a | roe | ane | oe | mn | a | ‘or | ‘ate | oon | au | = | 3 | ote. | ‘Som | 0 | 3 | 1 | 10 | 3 | 1 | 10 | 0 | 2 | 9 | 10 | 2 | 9 | 10 | 10 | 3 | 9 | 10 | 3 | 9 | oH | ea | Ey | wa | Ey | MIKE BELL | ANDERS OHLSSON | CLEMENS WERNER | POINT DEDUCTIONS | NOTES | RESULT | ‘Amir Albazi won by Unanimous Decision"
9cdaa1ebecd23b3d9d4e606c.jpg,15cc870c7deb72d3655db54f82f2500494ebb6adbb69c48e0c2542d698c07c7d,5f585ba0-a95f-54b5-9ecb-23e884eb194b,d64fe046-3b3b-5a23-8e48-2fba2a93e81f,UFC 257: Poirier vs. McGregor,2021-01-23,Dustin Poirier|Conor McGregor,jpeg,11,96,5,2,"1560s, | ‘55 tBs. | UFC | scorecaro | FIGHT #11 | DUSTIN POIRIER | vs. | CONOR MCGREGOR | ‘UFC 257: POIRIER VS. MCGREGOR | ton | Weight cass | ere | ovat | AU DHAB, UAE | no ARE | LUGHTWEIGT 155185, | ERBDEAN | Ly | =o | Ca | oa | usm | usm | usm | POIRIER | ccRecoR | POIRIER | ccRecoR | POIRIER | ccRecoR | rae | ""7 | oe | a | roe | oe | oe | mn | a | oe | = | oon | au | = | = | a | ote. | eo | 3 | | | 0 | 3 | 10 | 3 | 10 | | | oa | 0 | ea | 10 | a | 10 | [ reuow noc} | BEN CARTLIDGE | ‘SAL D'AMATO | DAVID LETHABY | POINT DEDUCTIONS | ‘NOTES | RESULT | Dustin Poirier won by TKO - 2.33 of Round 2"
860faf8d20145c3df64232ff.jpg,b45bde17339d2c6e88047ecd4ea58c7cfb467c88c1cdced66d914685fcfbf0b7,63d9b41c-7402-5cc1-811c-f7a455418ea4,d64fe046-3b3b-5a23-8e48-2fba2a93e81f,UFC 257: Poirier vs. McGregor,2021-01-23,Movsar Evloev|Nik Lentz,jpeg,11,91,6,2,"‘goes. | ‘sous. | UFC | scorecaro | FIGHT #2 | NIK LENTZ | vs. | MOVSAR EVLOEV | ‘UFC 257: POIRIER VS. MCGREGOR | ton | Weight cass | Reteree | ovat | ‘ovo, ue | no ARE | ‘cH weit | UKASZ Bostcxt | iy | [oe | a | Lal | MOVSAR | ten | EMOEY | fe | HOEY | tewrz | EVLOEV | ory | rae | ""7 | oe | m | a | roe | ane | oe | mn | a | or | Ea | oon | au | Soe | = | 3 | ote. | ‘Som | 0 | 10 | 10 | 2 | 10 | 0 | 10 | 3 | 10 | Ey | oH | ea | EJ | a | Ey | BEN CARTLIDGE | ERIC COLON | PAUL SUTHERLAND | POINT DEDUCTIONS | NOTES | RESULT | Movsar Evloev won by Split Decision"
4994a5fdff991159d870965b.jpg,1edb123455d4e3507007a6ccef51007d4e2e2c7501ac3b9cb59b5b0d8458a1fd,2df29db8-a42d-5c8e-afdb-0080667d7c2e,5ae0ce13-7eef-5523-8fff-eaac44d3b16a,UFC Fight Night: Overeem vs. Volkov,2021-02-06,Lara Procopio|Molly McCann,jpeg,11,106,7,2,"6 Uns. | FIGHT #4 | 550s. | UFC | scorecaro | MOLLY MCCANN | vs. | LARA PROCOPIO | UFC FIGHT NIGHT: OVEREEM VS. VOLKOV | bate | Location | Venue | Weight Cass | Reteree | zjo6 2021 | AS VECAS NEVADA, USA | capex | ‘WOMENS FLYWEICAT- 125 5. | SON WERZOG | —i | Ca | Lea) | our | wou | MCCANN | pRocaPia | MCCANN | procoPio | MCCANN | pRocoPio | oe | Soe | ror | ue | auc | ‘a | ‘on | Ey | soe | rene | ue | tote. | oo | ‘on | or | aon, | 00 | ue. | moe | 10 | 3 | ii | 0 | ui | 10 | 10 | 10 | 2 | 8 | 3 | 10 | |. | 0 | 3 | 3 | 10 | 3 | vera, | 2B | on | Ed | ran | ‘SAL D'AMATO | CHRIS LEE | JERIN VALEL | POINT DEDUCTIONS | NOTES | RESULT | Lara Procopia won by Unanimous Decision"
adf029ef483bc286502eb37a.jpg,eeeae9b976338418619a973c9429de35e3ea9dfa0bd5c91c16a73fa3211589b2,55f5b079-2a6e-5f43-9f66-f408f87cf97f,7660e8a6-4a42-5257-b127-f5bb459ed389,UFC Fight Night: Blaydes vs. Lewis,2021-02-20,Jared Vanderaa|Serghei Spivac,jpeg,11,95,2,1,"245185. | FIGHT #41 | 26585, | UFC | scorecaro | SERGHE! SPIVAC | vs. | JARED VANDERAA | LUFC FIGHT NIGHT: BLAYDES WS. LEWIS | Vere | Weight class | Reteree | men | Lis AS NEDA USA | URCAPEX. | EAYWEIGHT- 265.85. | ‘HIS TOGKON | Ly | Lael | oe | SERGHEL | sai! | SERGHEL | ‘SPIVAC | VANDERAA | wep | SPIVAC | VANDERAA | aren | SPIVAC | VANDERAA | JARED | ory | ane | oe | veoe |, | om | or | Ea | oon | oe | au | = | = | 3 | a | roe | ote. | ‘Som | 0 | 10 | 1 | | | 9 | 2 | | | 3 | oH | ea | wa | 0 | 0 | 0 | RICK WINTER | ADALAIDE BYRD | JUNICHIRO KAMIO | POINT DEDUCTIONS | NOTES | RESULT | Serghel Spivac won by TKO 422 of round 2"
ad5cf35aa92ba38272b8e472.jpg,7d73e4bc69d1ed90ccc0e1ce2dbd05a6a17dc5fa59153cd3324b147badf613a8,7f01e707-cbf1-5806-bae1-c99f6c81c6c8,7660e8a6-4a42-5257-b127-f5bb459ed389,UFC Fight Night: Blaydes vs. Lewis,2021-02-20,Eddie Wineland|John Castaneda,jpeg,11,95,0,2,"5S Us. | ‘Be tBs. | UFC | scorecaro | FIGHT #5 | EDDIE WINELAND | vs. | JOHN CASTANEDA | LUFC FIGHT NIGHT: BLAYDES WS. LEWIS | Vere | Weight class | oreo | men | Lis AS NEDA USA | URCAPEX. | IGT - 13585, | ASN HERZOG | Ly | Lael | [oe | Lash | =o | EDDIE | JonN | ‘WINELAND | CASTANEDA | nen | CASTANEDA | WINELAND | CASTANEDA | ory | om | oe | mae | a | roe | ane | oe | veoe |, | or | Ea | oon | au | = | 3 | ote. | ‘Som | 1 | 1 | 2 | 2 | 3 | 3 | oH | ea | wa | [wre oe] | MIKE BELL | ‘SAL D'AMATO | DAVE HAGEN | POINT DEDUCTIONS | NOTES | RESULT | Jotn Castaneda won by TKO Mi of round 1."
2d970f691405ae0f3f4304d4.jpg,f2e0a75b26ac880bf6c270aa5513287631fed373db9d9b54d434550c7800dc0e,86120765-5a25-5815-9381-700c2add2384,7660e8a6-4a42-5257-b127-f5bb459ed389,UFC Fight Night: Blaydes vs. Lewis,2021-02-20,Tom Aspinall|Andrei Arlovski,jpeg,11,98,5,2,"2485185 | FIGHT #7 | 2445 UBS, | UFC | scorecaro | ANDREI ARLOVSKI | vs. | TOM ASPINALL | LUFC FIGHT NIGHT: BLAYDES WS. LEWIS | Vere | Weight class | tere | men | Lis AS NEDA USA | URCAPEX. | EAYWEIGHT- 265.85. | ani sort | CE | Lael | [aoe | el | =o | ‘nore | ‘a0 | ARLOVSKI | ASPINALL | ARLOVSKI | ASPINALL | ARLOVSKI | ASPINALL | ory | ane | oe | me, | Ea | oon | oe | au | = | mae | 3 | a | roe | ote. | ‘Som | 0 | 3 | 1 | | | 10 | 3 | 1 | 10 | 2 | 2 | | | 3 | 3 | oH | ea | wa | 0 | 10 | 10 | MIKE BELL | ‘SAL D'AMATO | DAVE HAGEN | POINT DEDUCTIONS | NOTES | RESULT | Tom Aspinall won by submission 1:09 of round | 2-Rear naked choke."
cd128b1f643f9c7d104d3d24.jpg,1530432d91403ec098dee242d25f2a21c2f0a0c29dfbd832852f1313e3db2ff7,c052906f-b1dc-5979-b68e-43147f1dadcd,7660e8a6-4a42-5257-b127-f5bb459ed389,UFC Fight Night: Blaydes vs. Lewis,2021-02-20,Julian Erosa|Nate Landwehr,jpeg,11,98,0,2,"Meus. | 55 Bs. | UFC | scorecaro | FIGHT #4 | NATE LANDWEHR | vs. | JULIAN EROSA | LUFC FIGHT NIGHT: BLAYDES WS. LEWIS | Vere | Weight class | Reteree | men | Lis AS NEDA USA | URCAPEX. | FEATWERWEIGHT- 145 LBS | aRK Sots | iy | Lacamell | [oe | Lal | =o | ju | juan | juan | {AN WERR | ROSA | TAN WEHR | FROSA | aN WeHR | FROSA | ory | om | oe | mae | a | roe | ane | oe | veoe |, | or | Ea | oon | au | = | 3 | ote. | ‘Som | 1 | 1 | 2 | 2 | 3 | 3 | oH | ea | wa | [wre oe] | CHRIS LEE | ADALAIDE BYRD | JUNICHIRO KAMIO | POINT DEDUCTIONS | NOTES | RESULT | Julian Erosa won by TKO 0°86 of round 1"
7f829f208cfa0bc820dd92fc.jpg,9348d6655bb3fb2dc410b73c3dec1d14f0a1501c100806296b666a074c719a04,55e9053b-f9e2-5947-b4a2-ae5bc3d56cd7,4e6bdd1a-dcf4-5e36-9227-99f2eed5fae8,UFC Fight Night: Rozenstruik vs. Gane,2021-02-27,Nikita Krylov|Magomed Ankalaev,jpeg,11,120,14,2,"2055185, | 2055185. | UFC | scorecaro | FIGHT #8 | NIKITA KRYLOV | vs. | MAGOMED ANKALAEV | ‘UFC FIGHT NIGHT: ROZENSTRUIK VS. GANE | Venue | Weign cass | Reteree | aren | Us as MDA USA | rc aPEX | UGA HEAPYWEIGHT-205 185. | ARK SoH | iy | Lamy | [oe | Lal | xo | ata | MACOMED | Ta | ‘MaCOMED | xT | acomED | KRYLOV | ANKALAEV | KRYLOV | -ANKALAEV | KRYLOV | ANKALAEV | ory | om | oe | mae | a | roe | ane | oe | veoe |, | or | Ea | oon | au | = | 3 | ote. | ‘Som | 0 | | | 1 | 9 | 10 | 1 | 9 | 10 | 1 | 9 | 3 | | | 2 | 10 | 8 | 2 | 7 | 10 | 3 | 2 | 10 | 3 | 3 | 0 | 9 | 3 | 10 | 3 | 10 | Ey | oH | Ey | ea | EJ | EJ | wa | [wre oe] | MIKE BELL | CHRIS LEE | RON MCCARTHY | POINT DEDUCTIONS | NOTES | RESULT | Magomed Ankalaey won by Unanimous | Decision"
0ec5fa5ae3334fcc85d93b29.jpg,117c8e14d74c1c162c4917383d0b73d2df1093a2cf4d93a20a070b672b1b0aab,5796f14a-769e-52eb-be67-3fe36971eef2,4e6bdd1a-dcf4-5e36-9227-99f2eed5fae8,UFC Fight Night: Rozenstruik vs. Gane,2021-02-27,Ciryl Gane|Jairzinho Rozenstruik,jpeg,11,98,13,2,"25455, | FIGHT #9 | 2478s. | UFC | scorecaro | JAIRZINHO ROZENSTRUIK | vs. | CIRYL GANE | ‘UFC FIGHT NIGHT: ROZENSTRUIK VS. GANE | Venue | Weign cass | Reteree | aren | Us as MDA USA | rc aPEX | HEAIYWEIGHT- 265 LBS. | ERB EAN | i | [ao | ‘Rn. | ‘RY | ‘RY | OZeNSTRUK | CANE | ozensrau | GANE | ZENS TRUK | GANE | oe | oe | rae | me, | oe | Ea | oon | oe | au | = | mae | oe | om | roe | ote. | eo | 0 | 10 | 10 | 10 | 10 | 10 | 0 | 10 | 10 | 0 | 10 | 10 | 10 | 10 | 10 | 45 | oa | 45 | ea | a | EY | DEREK CLEARY | ‘SAL D'AMATO | JUNICHIRO KAMIJO. | POINT DEDUCTIONS | ‘NOTES | RESULT | Ciry Gane won by Unanimous Decision"
9812887b2100fe8df75f35f8.jpg,3000feffd1e1e0164b828fe670618672783970e387813a5f4fb778d1ae268210,b34dbfe5-7e6b-5af1-bf79-6adbe94b1567,4e6bdd1a-dcf4-5e36-9227-99f2eed5fae8,UFC Fight Night: Rozenstruik vs. Gane,2021-02-27,Maxim Grishin|Dustin Jacoby,jpeg,11,113,12,2,"2045 5, | FIGHT #1 | 705 8s. | UFC | scorecaro | DUSTIN JACOBY | vs. | MAXIM GRISHIN | ‘UFC FIGHT NIGHT: ROZENSTRUIK VS. GANE | Venue | Weign cass | aren | Us as MDA USA | rc aPEX | UGA HEAPYWEIGHT-205 185. | tsTooION | Ly | Lael | Ca | Ll | =o | usm | usm | usm | yacoBy | cats | JACOBY | cats | yacoay | cats | ne | ne | oe | veoe |, | om | ‘or | Ea | oon | oe | au | = | mae | 3 | a | roe | ote. | ‘Som | 3 | | | 1 | 0 | 3 | 1 | 10 | 1 | 10 | 0 | 2 | ey | 10 | 2 | 9 | 9 | | | 7 | 10 | 3 | 9 | 10 | 3 | 9 | 9 | oH | ea | wa | EJ | Ey | Ey | [wre oe] | [noc | | MIKE BELL | ‘SAL D'AMATO | TONY WEEKS: | POINT DEDUCTIONS | NOTES | RESULT | Dustin Jacoby won by Unanimous Decision"
73041c5b50fe33fedb20979f.jpg,e90163bd2f2d07bb968d34b58a6f0a32983cd13e5e49e44c4b4be18f834fe409,d53a01e5-4cd3-5404-a7ef-b5fec6263746,4e6bdd1a-dcf4-5e36-9227-99f2eed5fae8,UFC Fight Night: Rozenstruik vs. Gane,2021-02-27,Kevin Croom|Alex Caceres,jpeg,11,91,5,2,‘Meus. | 55 Bs. | UFC | scorecaro | FIGHT #5 | ‘ALEX CACERES | vs. | KEVIN CROOM | ‘UFC FIGHT NIGHT: ROZENSTRUIK VS. GANE | Venue | Weignt cass | ere | aren | Us as MDA USA | rc aPEX | FEATMERWEIGT-145 185. | ‘mRisTOCNON! | [oe | Lal | =o | NE | KEVIN | KEVIN | KEVIN | CACERES | cROOM | Caceres | cRooM | cacenes | cROOM | ory | oe | mae | a | roe | ane | oe | mn | or | Ea | oon | au | = | 3 | ote. | ‘Som | 0 | 10 | 1 | 9 | 0 | 10 | 2 | 10 | 10 | 3 | oH | ea | 30 | wa | ERIC COLON | CHRIS LEE | TONY WEEKS: | POINT DEDUCTIONS | NOTES | RESULT | ‘Alex Caceres won by Unanimous Decision
42eb5ece3758bff70587c487.jpg,d845764895b985429b7a14c4976479bfb1f4358d2dfd0c735afc000b14275b7d,18cc7227-bc66-51e8-ac9c-721ad91b07f5,a3bc326f-a1b1-5a10-bf97-49b5f9a0433f,UFC 259: Blachowicz vs. Adesanya,2021-03-06,Rogerio Bontorin|Kai Kara-France,jpeg,11,96,1,2,"268s. | 558s. | UFC | scorecaro | FIGHT #7 | ROGERIO BONTORIN | vs. | KAI KARA-FRANCE | ‘UFC 259: BLACHOWICZ VS. ADESANYA | oeation | Vere | Weight class | Releree | esa | US VEGAS NEWADA, USA | URCAPEX. | FLYWEIGHT 125.85 | ERB DEAN | [— | aml | [oe | Lal | =o | ROCERIO | OGERIO | OCERIO | BONTORIN | an FRANCE | BONTORIN | aR FRANCE | BONTORIN | aA FRANCE | ene | om | oe | mae | a | roe | ane | oe | veoe |, | or | Ea | oon | au | = | 3 | ote. | ‘Som | 1 | 1 | 2 | 2 | 3 | 3 | oH | ea | wa | [wre oe] | DEREK CLEARY | RON MCCARTHY | JUNICHIRO KAMIO | POINT DEDUCTIONS | NOTES | RESULT | Kai Kara-France won by TKO 45 of round 1"
d9dedee271d007eeacfa03ab.jpg,c3c7fdc357ab1b4843297b0fcccd8a3aabe1729797acdbfed7b08c1f02c6b402,afddf075-44ea-55de-9dfa-866eb721e86f,a3bc326f-a1b1-5a10-bf97-49b5f9a0433f,UFC 259: Blachowicz vs. Adesanya,2021-03-06,Jan Blachowicz|Israel Adesanya,jpeg,11,122,14,2,"205185. | FIGHT #15 | 2005185. | UFC | scorecaro | JAN BLACHOWICZ | vs. | ISRAEL ADESANYA | ‘UFC 259: BLACHOWICZ VS. ADESANYA | ate | oeation | Vere | Weight class | Aeleree | 13/06/2021 | US VEGAS NEWADA, USA | URCAPEX. | LUGAT HeATYWEIGHT- 205 Ls, | ERBDEAN | iy | [oe | Lael | {ISRAEL | ISRAEL | ISRAEL | Lachowncz | ADESANYA | bLacnowncz | ‘ADESANYA | BLACHOWICZ | ADESANYA | ory | ane | oe | re | veoe |, | om | wae | oe | maw | ‘ate | oon | om | oe | au | ory | mae | oe | om | roe | ote. | Baw | ‘ate | Soe | Seo | 0 | 9 | 10 | 9 | 10 | 0 | 3 | 10 | 9 | 3 | 10 | 3 | 0 | 9 | 10 | 10 | 0 | 3 | 10 | 10 | 8 | 10 | 5 | 49 | oH | 45 | 49 | ew | 46 | 43 | en | 45 | [re voce} | [row noc] | DEREK CLEARY | ‘SAL D'AMATO | JUNICHIRO KAMIJO. | POINT DEDUCTIONS | ‘NOTES | RESULT | Jan Blachowicz won by Unanimous Decision"
26e93b168782b0b6d92eb49b.jpg,a5502207ca22545937dfdf93540fe367a6d42f5cb533559408490af10242fc8e,be07a268-8873-5652-88c1-aff8411fbe8a,a3bc326f-a1b1-5a10-bf97-49b5f9a0433f,UFC 259: Blachowicz vs. Adesanya,2021-03-06,Kennedy Nzechukwu|Carlos Ulberg,jpeg,11,112,4,2,"2055185 | FIGHT #5 | 205185. | UFC | scorecaro | KENNEDY NZECHUKWU | vs. | CARLOS ULBERG | ‘UFC 259: BLACHOWICZ VS. ADESANYA | ate | oeation | Vere | Aeleree | URCAPEX. | Weight class | LUGAT HeATYWEIGHT- 205 Ls, | ERBDEAN | 13/06/2021 | US VEGAS NEWADA, USA | [— | Lael | [oe | xement | ‘CARLOS | ewe | ‘CARLOS | KENNEDY | CARLOS. | NZECHUKWU | ULBERG | NZECHUKWU | ULBERG | NZECHUKWU | ULBERG | ory | re | om | wae | oy | om | oe | ory | ory | om | roe | Baw | ane | oe | veoe |, | oe | ‘ate | oon | au | Soe | Seo | 3 | ote. | Some | 3 | | | 1 | 0 | 3 | 1 | | | 10 | 10 | 2 | 2 | | | | | 3 | 3 | oH | 0 | ea | 10 | a | 10 | [wre uo] | [oc | | ERIC COLON | JUNICHIRO KAMIJO | TONY WEEKS: | POINT DEDUCTIONS | NOTES | RESULT | Kennedy Nzechukwu won by TKO 3:19 of | round 2."
56a91ffd409af485034ea6de.jpg,cc6bec8691a3ade59a93dcc8eb2e811ca1f2d2d2a9669a552ffe9cbc82d265bb,f4be6b3c-7868-5a77-bea0-b204e24b0128,a3bc326f-a1b1-5a10-bf97-49b5f9a0433f,UFC 259: Blachowicz vs. Adesanya,2021-03-06,Joseph Benavidez|Askar Askarov,jpeg,11,87,8,2,"255 Us. | mus. | UFC | scorecaro | FIGHT #8 | JOSEPH BENAVIDEZ | vs. | ASKAR ASKAROV | ‘UFC 259: BLACHOWICZ VS. ADESANYA | oeation | Vere | Weight class | esa | US VEGAS NEWADA, USA | URCAPEX. | FLYWEIGHT 125.85 | psoniez0¢ | a | Lacey | [oe | Lael | TENAWDEZ | AsaOV | TENAMDEZ | Asia | BeANDEZ | sua | ory | rae | oe | mae | a | roe | ane | oe | me, | ‘or | Ea | oon | au | Sone | 3 | ote. | ‘Som | 0 | 10 | 10 | 10 | 10 | 10 | 0 | 10 | 10 | a | oH | EW | ea | a | DEREK CLEARY | ‘SAL D'AMATO | TONY WEEKS: | POINT DEDUCTIONS | NOTES | RESULT | Askar Askarov won by Unanimous Decision"
aad6552abf6295f75bfba5fb.jpg,8a3c2c62c89c5545b8e691d37b0198398949e7bf3636a887c2f628857ca3e750,fb19282d-5645-5ad4-a9d4-5efbd6b51332,a3bc326f-a1b1-5a10-bf97-49b5f9a0433f,UFC 259: Blachowicz vs. Adesanya,2021-03-06,Drew Dober|Islam Makhachev,jpeg,11,115,6,2,"156185. | FIGHT #12 | ‘so uBs. | UFC | scorecaro | ISLAM MAKHACHEV | vs. | DREW DOBER | ‘UFC 259: BLACHOWICZ VS. ADESANYA | ate | oeation | Vere | eteree | URCAPEX. | Weight class | LUGATWEIGHT- 551.85 | ‘RIS TOCKON | 13/06/2021 | US VEGAS NEWADA, USA | [ay | Lael | [oe | sam | DREW | sam | ‘DREW | DREW | MAKHACHEV | OBER | MAKHACHEV | OBER | MAKHACHEV | OBER | ory | re | om | wae | oy | om | oe | ory | mae | a | roe | Baw | ane | oe | veoe |, | oe | ‘ate | oon | au | Soe | Seo | 3 | ote. | Some | 0 | 1 | 10 | 1 | | | 9 | 0 | 2 | 10 | 2 | 8 | | | | | 3 | oH | 8 | 20 | ea | v | a | 8 | [wre oe] | [oc | | MIKE BELL | CHRIS LEE | TONY WEEKS: | POINT DEDUCTIONS | NOTES | RESULT | Islam Makhachev won by submission 1:37 of | round 3 Arm triangle choke."
f584fea5ad1795fbeba219e9.jpg,6969214c1f50f804fb3a091e5b2387dc12a4110006a6ca025aac0f59f2e8d557,35b23394-088e-5a28-832a-b72a2c04369e,ddb5f0bf-0dd1-5602-8e80-f97800befcfb,UFC Fight Night: Edwards vs. Muhammad,2021-03-13,Misha Cirkunov|Ryan Spann,jpeg,11,97,0,2,"205185, | 206185. | UFC | scorecaro | FIGHT #12 | MISHA CIRKUNOV | vs. | RYAN SPANN | ‘UFC FIGHT NIGHT: EDWARDS VS. MUHAMMAD | Venue | Weign cass | Reteree | sirens | Us WA MDA USA | CAPEK | GIT WEAPYWEIGHT-205 185. | aR: | Cea | =a | [race | | | =o | RYAN | RAN | RYAN | ‘ORKUNOY | PANN | CaRKUNOV | ‘SPAN | ORKUNOV | ‘SPAN | ry | rae | roe | m | mae | oa | roe | Stone | oo | me, | or | = | oom | ou | Soe | oo | ote. | ‘Som | 1 | 1 | 1 | 2 | 2 | 2 | 3 | 3 | 3 | ro | ea | a | [wre wo] | [rm noc: J | MIKE BELL | DAVE HAGEN | CHRIS LEE | POINT DEDUCTIONS | NOTES | RESULT | ‘Spann won by TKO 1:11 ofthe Ist round."
9e786a668e752cb2c55bb9ce.jpg,1fe3b5e404fe2d8723657f2bdbf5f35f492a15d31fc4d95a087d21cada5adfbd,6fed5e94-8e25-56b2-a69f-1c3f50420ce6,ddb5f0bf-0dd1-5602-8e80-f97800befcfb,UFC Fight Night: Edwards vs. Muhammad,2021-03-13,Manel Kape|Matheus Nicolau,jpeg,11,103,10,2,"‘SSB. | FIGHT #9 | R55 18s. | UFC | scorecaro | MANEL KAPE | vs. | MATHEUS NICOLAU | ‘UFC FIGHT NIGHT: EDWARDS VS. MUHAMMAD | Venue | Weignt cass | Reteree | sirens | Us WA MDA USA | CAPEK | LYWEIGHT. 5185. | au sara | Ca | =a | [ racoc } | ao | al | Sa | move. | anes | awed | KAPE | nrcoua | KAPE | cota | KAPE | wicoLaD | ory | Stone | oo | rae | me, | maw | ‘ate | oom | roe | ou | = | a | oo | oa | roe | ote. | ‘Stom | 10 | 1 | 10 | 1 | 10 | 0 | 10 | 2 | 9 | 2 | 9 | 10 | 3 | 10 | 3 | 10 | oH | ea | a | Ey | EJ | DAVE HAGEN | CHRIS LEE | BRYAN MINER | POINT DEDUCTIONS | NOTES | RESULT | Matheus Nicolau won by Split Decision"
daa050f20b41ae0f883092a0.jpg,06d610dfc19fb8c3e6f9aebe3ec5049110494fc45bf574dbfe352b2ce5d4e8ec,b04eaa9a-dde8-5b67-bcbc-502a5dd11462,ddb5f0bf-0dd1-5602-8e80-f97800befcfb,UFC Fight Night: Edwards vs. Muhammad,2021-03-13,Jinh Yu Frey|Gloria de Paula,jpeg,11,102,6,2,"55185, | FIGHT #2 | SSUES. | UFC | scorecaro | GLORIA DE PAULA | vs. | JINH YU FREY | ‘UFC FIGHT NIGHT: EDWARDS VS. MUHAMMAD | Venue | Weign cass | sirens | Us WA MDA USA | CAPEK | WOMEN'S STRAWWEIGHT 15 BS, | exe re | Cet | =a | [ rocons | | =a | al | ‘com | ro | ro | or | DE PAULA | FREY | De PAULA | FREY | DEPAULA | ory | Stone | oo | rae | me, | = | oom | roe | ou | = | mae | oo | oa | roe | ote. | ‘Stom | 10 | 3 | 1 | 10 | 10 | 0 | 10 | 2 | 0 | 3 | 3 | 10 | 10 | ro | ea | a | Ey | EJ | ‘SAL D'AMATO | CHRIS LEE | BRYAN MINER | POINT DEDUCTIONS | NOTES | RESULT | sinh Yu Frey won by Unanimous Decision"
6885b66a455485b6d9609287.jpg,1d41916bad1aeb4f48553185383a484edee6999a853359b758c6053c48fbfa95,d431564f-5b94-5f18-af0a-004f02683c9d,1f5e6236-f83c-5597-84b0-8241667252ac,UFC Fight Night: Brunson vs. Holland,2021-03-20,Marion Reneau|Macy Chiasson,jpeg,11,126,10,2,"neu, | FIGHT #5 | ‘a6 LEs. | UFC | scorecaro | MARION RENEAU | vs. | MACY CHIASSON | LUFC FIGHT NIGHT: BRUNSON VS, HOLLAND | oe | Location | Venue | Reteree | ‘URC APEX | Weight class | [WOMEN'S BANTAMWEIGAT- 135 LB, | MARK STH | 072001 | US VEGAS NEVADA, USA | anes) | Lxaoeny | cha | anion | act | aRION | macy | miRi0n | RENEAU | CHIASSON | RENEAU | ‘CHIASSON | RENEAU | ‘CHIASSON | ow | Sone | oor | © | sence | 7a | ‘mt | mae | ‘cone | Som | 88 | route | Tene | toot | Tea | Tone | Sone | mae | Same | stout | rear | 00 | oo | co | eo0 | Se | 0 | 1 | | | 3 | 10 | 1 | 10 | 9 | 2 | 10 | 3 | I! | 2 | 10 | 10 | 9 | 3 | 10 | 3 | 3 | 0 | 10 | | | 28 | ea | 2 | 28 | wa | on | 23 | [wre poe] | [rox wos J | MIKE BELL | ‘SAL D'AMATO | RICK WINTER | POINT DEDUCTIONS | ‘NOTES | RESULT | Macy Chiasson won by Unanimous Decision"
3a63a84f236cef507e37d170.jpg,6aa4154855a17e40fe103810a35e29f0569fc69ac5f99c142d9fa1c0ce335d06,d9a5bb2c-ae46-537d-b23e-6bab63b9e135,1f5e6236-f83c-5597-84b0-8241667252ac,UFC Fight Night: Brunson vs. Holland,2021-03-20,Roman Dolidze|Trevin Giles,jpeg,11,115,10,2,"1855 LBS. | FIGHT #3, | 185.85. | UFC | scorecaro | TREVIN GILES | vs. | ROMAN DOLIDZE | UFC FIGHT NIGHT: BRUNSON VS. HOLLAND | ate | Location | Venue | Weigh class | eteree | wpopon | US VEGAS, NEVADA, USA | UFCAPEX | MuDOLEWEGHT 185 Bs. | HERBDEAN | oo | [aaa | J sccines | | J nncones | | TREVN | TREN | ‘REM | GILES | oolbze | GILES | otinze | GILES | tore | ‘oe | stone | oa | 0 | tou | oo | ‘ow | Ser | ote | oy | ut | ron | EF: | ae | co | Sco | tae | rome | eat, | ‘om | 1 | 10 | 9 | 1 | 0 | 1 | 10 | 10 | 2 | 3 | 2 | 9 | 0 | 2 | 3 | 0 | | | | 10 | 3 | 9 | 0 | 3 | 9 | 10 | 3 | | | 9 | en | Ey | BE} | rat | on | Ey | ERIC COLON | BRYAN MINER | ADALAIDE BYRD | POINT DEDUCTIONS | RESULT | ‘Trevin Giles won by Unanimous Decision"
10f479ebffc36428d3bf2ad1.jpg,72adc9ee1f04ea49c9e128c9c71b9931986659d9596502d3cb0ff0e7d858f5ce,dcc6ebea-c09a-57a2-ad29-b3cf2f77df91,1f5e6236-f83c-5597-84b0-8241667252ac,UFC Fight Night: Brunson vs. Holland,2021-03-20,Tai Tuivasa|Harry Hunsucker,jpeg,11,91,0,1,"2645 Us. | 2498s, | FIGHT #6 | UFC | scorecaro | TAITUIVASA | vs. | HARRY HUNSUCKER | LUFC FIGHT NIGHT: BRUNSON VS. HOLLAND, | ate | Location | ue | Weigh cass | HEAIYWEIGHT-265 LBS. | Reteree | ERB DEAN | poo | US VEGAS NEVA, USA | rc APeX. | pesca} | [aoe | Lome} | Lae) | Thwasa | muNsuCKER | Tunwsa | HUNSUCKER | Tunwsa | HUNSUCKER | 08 | oy | oo | Feo | = | tone | eo | ‘ne | oe | ot. | ovo | aun, | on | ‘on | toute | oe | 1 | 1 | 2 | 2 | 3 | 3 | rw, | wn | vem | [wre uoc | | orm | DAVE HAGEN | ADALAIDE BYRD | TONY WEEKS | POINT DEDUCTIONS | NOTES | RESULT | Tal Tulvasa won by TKO 0:49 of round 1"
c7baa6a5a2ed4ac09790f5a4.jpg,8bc0a7a00e16403c86c8797a80de59b0ec3ad3ff48a9ca9aa714a84bef73c034,04a16e00-ad17-57e9-988a-37b0f2e8e995,85dd8d31-ba5a-515a-a83f-2b148f07d847,UFC 260: Miocic vs. Ngannou,2021-03-27,Jamie Mullarkey|Khama Worthy,jpeg,11,89,0,2,"1555. | FIGHT #6 | 1555185. | UFC | scorecaro | JAMIE MULLARKEY | vs. | KHAMA WORTHY | {UFC 260: MIOCIC WS. NGANNOU | Venue | Weign cass | eree | aaa | Us as MDA USA | rc aPEX | LUGATWEIGHT- 155 185. | ‘nRIsTOCNON | i | Lacey | [oe | Lal | KA | MULLARKEY | wal | MuLLaRKeY | WORTHY | ULLARKEY | wort | ory | ane | oe | veoe |, | om | or | Ea | oon | oe | au | = | mae | 3 | a | roe | ote. | ‘Som | 1 | 1 | 2 | 2 | 3 | 3 | oH | ea | a | [wre oe] | TONY WEEKS | JUNICHIRO KAMIJO | DEREK CLEARY | POINT DEDUCTIONS | NOTES | RESULT | Mullarkey won by KO 0:46 ofthe Ist round,"
26ce53504a03fba1e657b690.jpg,5eef45e436cb589acd1a8df6ad8e9c663181cca58c11b529ff46f35d2a4850d8,8644c2c7-9992-5fe9-8630-0a27f8a6fb6f,85dd8d31-ba5a-515a-a83f-2b148f07d847,UFC 260: Miocic vs. Ngannou,2021-03-27,Francis Ngannou|Stipe Miocic,jpeg,11,91,5,2,"2348s, | FIGHT #10 | 26385, | UFC | scorecaro | ‘STIPE MIOCIC | vs. | FRANCIS NGANNOU | {UFC 260: MIOCIC WS. NGANNOU | Venue | Weign cass | Reteree | aaa | Us as MDA USA | rc aPEX | HEAIYWEIGHT- 265 LBS. | ERB EAN | Ly | mo) =o | iMoic | canna | ocrc | can | occ | can | ory | ane | oe | rae | me, | oe | Ea | oon | oe | au | = | = | 3 | a | roe | ote. | eo | 3 | | | 0 | 3 | 10 | 3 | 10 | | | oa | 0 | ea | 10 | ma | 10 | [re voce} | CHRIS LEE | ‘SAL D'AMATO | DEREK CLEARY | POINT DEDUCTIONS | ‘NOTES | RESULT | Ngannou won by KO 0:52 of the 2nd round."
7ec06accd85db662754b451b.jpg,aa7c330747b3f872bf4629964c25fb338715268c8653309a44e19ad35599c84f,8a774aaa-ad56-5dc3-9f58-dcf9829c713f,85dd8d31-ba5a-515a-a83f-2b148f07d847,UFC 260: Miocic vs. Ngannou,2021-03-27,Tyron Woodley|Vicente Luque,jpeg,11,97,1,2,"miu, | ‘5 18s. | UFC | scorecaro | FIGHT #9 | TYRON WOODLEY | vs. | VICENTE LUQUE | {UFC 260: MIOCIC WS. NGANNOU | Venue | Weigrt class | Reteree | aaa | Us as MDA USA | rc aPEX | WELTERWEIGHT -T0LBS. | |nson HERZOG | Ly | Lael | fa | ‘TyRON | VICENTE | ‘ENTE | ‘iceNTE | ‘WOODLEY | Lugue | wooDtey | Lugue | wooBLeY | Lugue | ory | rae | om | oe | mae | a | roe | ane | oe | a | or | Ea | oon | au | = | 3 | ote. | ‘Som | 1 | 1 | 2 | 2 | 3 | 3 | oH | ea | a | [wre wo] | [noc J | RON MCCARTHY | ‘SAL D'AMATO | MIKE BELL | POINT DEDUCTIONS | NOTES | RESULT | Lique won by submission 356 ofthe Ist round | ~ darce choke."
0028afe5883a5238105b822a.jpg,5c8d67ca223588a457b03dad69411959b8f52b9f2263fa10fc7ca430ce47f32a,9a8a3bda-07a5-5406-922e-e281d16475c2,85dd8d31-ba5a-515a-a83f-2b148f07d847,UFC 260: Miocic vs. Ngannou,2021-03-27,Alonzo Menifield|Fabio Cherant,jpeg,11,93,0,2,"205185, | 2065185. | UFC | scorecaro | FIGHT #5 | ALONZO MENIFIELD | vs. | FABIO CHERANT | {UFC 260: MIOCIC WS. NGANNOU | Venue | Weight class | eteree | aaa | Us as MDA USA | rc aPEX | UGA HEAPYWEIGHT-205 185. | HERBDEAN | CE | Lael | [oe | el | ‘nonzo | MENIFIELD | cHERANT | MENIFELD | cHERANT | weNIFID | Henan | ory | om | oe | mae | a | roe | ane | oe | veoe |, | or | Ea | oon | au | = | 3 | ote. | ‘Som | 1 | 1 | 2 | 2 | 3 | 3 | oH | ea | wa | [wre oe] | TONY WEEKS | CHRIS LEE | DAVE HAGEN | POINT DEDUCTIONS | NOTES | RESULT | Meniteld won by submission 1:11 ofthe tst | round - Von Flue choke,"
7015ae91f5afeb029b9bed66.jpg,5c510bafc40b62a6562d8838b83d0e8c52d7f5444e7789857f896fd63505892b,19c4e802-f07a-5db2-861a-4af694090fd8,42bf7659-b296-5d54-a089-0c5d006e0f57,UFC Fight Night: Vettori vs. Holland,2021-04-10,Ignacio Bahamondes|John Makdessi,jpeg,11,110,14,2,"5350s. | FIGHT #6 | 15675 Us, | UFC | scorecaro | JOHN MAKDESS! | vs. | IGNACIO BAHAMONDES | UFC FIGHT NIGHT: VETTORI VS. HOLLAND | Date | cation | Weight Cass | peteree | 4/10/2021 | US VECAS NEVADA, USA | reex | LUGHTWEIGHT 551.85. | ‘OS TOCHON | co | Ee) | youn | MAKDESS | AHAMONOES | MAKOESSI | eANAMONDES | yon | MAKDESSI | saUAMONDES | Son | su | rom | 00 | stone | oe | Sow | stone | 09a | to | Sone | om | tmer_| | ove | Sor | 10 | 1 | | | A | 10 | 1 | 9 | 10 | 1 | 9 | 2 | 10 | 9 | 2 | 0 | 10 | 2 | 9 | 3 | 10 | 10 | 3 | 9 | 10 | 3 | 28 | con | en | a | 30 | oat | a | [vr noce J | [ro noc] | DEREK CLEARY | ‘SAL D'AMATO | DAVE HAGEN | POINT DEDUCTIONS | ‘NOTES | RESULT | John Makdessi won by Split Decision"
d9f0961e3367b5afcd353d71.jpg,0db96fc20d4d7b442a72b8800f2bfcd54a81393bd7135dae960a9d1ccb29d893,2b1d38d2-ed83-5ace-936f-99e7e818078d,42bf7659-b296-5d54-a089-0c5d006e0f57,UFC Fight Night: Vettori vs. Holland,2021-04-10,Hunter Azure|Jack Shore,jpeg,11,100,5,2,"‘BSS. | FIGHT #4 | 136 us. | UFC | scorecaro | HUNTER AZURE | vs. | JACK SHORE | LUFC FIGHT NIGHT: VETTORI VS. HOLLAND | ate | Loca | rue | Weight Class | Reteree | 4/0/2021 | LUSVEGAS, NEVADA, USA | rcAPEX | ANTHOAEICHT 195 LBS. | ERB DEAN | { eo cones} | oo | HUNTER | HUNTER | UNTER | ‘AZURE | SHOE | AZURE | Hone | AZURE | sae | ow | bod | ac | ate. | ont | = | eu, | eon | fou. | Soe | Som | fon | He | a | om | 10 | 0 | 0 | 3 | 10 | 0 | 10 | 3 | 10 | 0 | 10 | ret | on | om. | Ed | 30 | 30 | [vue noce J | [rox noc: J | MIKE BELL | ‘SAL D'AMATO | DAVE HAGEN | POINT DEDUCTIONS | RESULT | Jack Shore won by Split Decision"
7a79aa2435d2c380c1654222.jpg,73a8984be45654ef01269886d76d7b37834d74543445b7027aa765e781e12822,a6b178ba-725a-5fc5-b1ff-653cc38cc3cf,42bf7659-b296-5d54-a089-0c5d006e0f57,UFC Fight Night: Vettori vs. Holland,2021-04-10,Marvin Vettori|Kevin Holland,jpeg,11,114,7,2,"‘6s. | FIGHT #13 | wasis, | UFC | scorecaro | MARVIN VETTORI | vs. | KEVIN HOLLAND | ‘UFC FIGHT NIGHT: VETTORI VS. HOLLAND | bate | Location | Venue | Weight cass | Reteree | 4/r0/2021 | US VEGAS NEVADA, USA | URC APEX. | (MIDDLEWEIGHT 15 LBs. | HERB DEAN | Lacey | =a | KEVIN | mann | KEVIN | aR | KEVIN | verroRt | HOLLAND | verToRI | HOLLAND | VETTORI | HOLLAND | ow | ‘oat | mae | ‘ae | roa | ‘oow | ‘mae | Toa | oo | ‘mae | Sane | cou | ‘owe | Sone | roo | toc | oe | Sone | ee | ra0e | sae | Sone | 0 | 10 | 3 | 10 | 0 | 0 | 8 | 10 | 0 | 0 | 3 | 0 | 0 | 10 | 10 | 0 | 5 | 0 | 10 | rom | om | a, | 50 | 50 | 4 | [ve noc | | [rcn0c | | DEREK CLEARY | ‘SAL D'AMATO | JUNICHIRO KAMIJO | POINT DEDUCTIONS | ‘NOTES | RESULT | Marvin Vettori won by Unanimous Decision"
ea0544b359ed2b4fb110ea2f.jpg,f6463d2375137b4f896683254f5bb1088567eee91df8b3e26db103fc097e32cb,b4fdd815-bd35-51d9-94e1-f0c98ace7044,42bf7659-b296-5d54-a089-0c5d006e0f57,UFC Fight Night: Vettori vs. Holland,2021-04-10,Julian Marquez|Sam Alvey,jpeg,11,105,8,2,"6s. | FIGHT #11 | ‘a6. | UFC | scorecaro | SAM ALVEY | vs. | JULIAN MARQUEZ | ‘UFC FIGHT NIGHT: VETTORI VS. HOLLAND | lu | ion | verve | Weigh class | Reteree | ozo | {AS VEGAS, NEVADA USA | URC APEX | MODLEWEIGHT 185 U3, | ana soa | =a | fo | Aver | Aver | uUAN | Aver | jouaN | aRQuEZ | MARQUEZ | ‘MARQUEZ | Sone | ca | ue | sot | ion | ce | oo, |e | tone | io | on | uc | oo | co | on | 9 | 1 | 10 | 9 | 1 | 10 | 1 | 10 | 2 | 2 | 2 | 3 | 3 | 3 | oa | 10 | Tom | 10 | Tom | 10 | [ve pore] | DAVE HAGEN | RICK WINTER | JUNICHIRO KAMIJO | POINT DEDUCTIONS | ‘NOTES | RESULT | Julian Marquez won by technical submission | 207 of round 2- Rear naked choke."
4afea54c9aa300622e5ed069.jpg,63c447896cb3112d32cb9c22ad7f1227bec0acc580b04036550bce7a647d38ec,daec675c-7007-5989-aa2e-d4ef448858ce,42bf7659-b296-5d54-a089-0c5d006e0f57,UFC Fight Night: Vettori vs. Holland,2021-04-10,Mateusz Gamrot|Scott Holtzman,jpeg,11,90,6,2,"655s | FIGHT #7 | 156105. | UFC | scorecaro | ‘SCOTT HOLTZMAN | vs. | MATEUSZ GAMROT | LUFC FIGHT NIGHT: VETTORI VS. HOLLAND | Weigh cass | Releree | oar | UUSWECIS NeWOA.UsA | rca | LUGHTWEGHT 15 Bs, | JASON WERZOG | isco) | a) | Gi | aes) | Ca | MATEUSZ | Mare | MaTEUSZ | HOLTZMAN | GAMROT | HOLTZMAN | cAMROT | HOLTZMAN | cAMROT | ‘one | soo | 8 | co | Stor | a | rovr_| FO | stove | ron | Sto | 2 | Ter | = | 10 | 9 | 1 | 10 | 10 | 2 | 3 | ont | ro | 0 | 0 | ve | [swe noc: J | MIKE BELL | ‘SAL D'AMATO | TONY WEEKS | POINT DEDUCTIONS | RESULT | Matheuse Gamrot won by KO 1:22 of round 2."
cf41ebe0231f20461f3f14f2.jpg,357fe32d08e93941abdb4900de63df5920b7f86bffac450aec37aee74b1d2732,dea86742-c40f-5b61-8d4a-798c8fb40c4e,42bf7659-b296-5d54-a089-0c5d006e0f57,UFC Fight Night: Vettori vs. Holland,2021-04-10,Sasha Palatnikov|Impa Kasanganay,jpeg,11,118,6,2,"‘705 as. | FIGHT #1 | ‘moss. | UFC | scorecaro | IMPA KASANGANAY | vs. | SASHA PALATNIKOV | LUFC FIGHT NIGHT. VETTORI VS. HOLLAND | Date | Location | venue | Weigh class | Referee | 0/2021 | 1S VECAS NEVADA, USA | UFCAPEK | WELTERWEIGHT - 170 85. | ‘RIS TOCNON | =a | panes) | a | | | co | Lane) | FEASANGANAY | PALATNIKOV | TSANGANAY | PALATNIKOV | TeSANGANAY | PALATNIKOV | ae | rent | mar | mr | roa | cry | ‘ene | ro | ‘ae | Same | roo, | 08 | ut | sae | ‘eon | ue | owe | co | Sone | ‘come | ote, | oc | ‘one | 10 | 1 | 3 | 10 | 1 | 9 | 0 | 1 | 9 | | | | | 2 | 2 | 2 | 3 | 3 | 3 | 10 | wn | 0 | roma | 10 | tora | [we noe] | [re oc | | MIKE BELL | DEREK CLEARY | JALAIDE BYRD. | POINT DEDUCTIONS | ‘NOTES | RESULT | Impa Kasanganay won by submission 0:26 of | round 2 - Rear naked choke."
83c7f09417d9d0bc17220ba5.jpg,3507510dfd0f344497975b29d3ed1e29c377110920362dd1eca1dda5eb390db6,243c36af-bfd5-5f6c-9074-49ef370b5274,6c819065-f7bf-5d3e-8e31-615c6592377f,UFC Fight Night: Whittaker vs. Gastelum,2021-04-17,Gerald Meerschaert|Bartosz Fabinski,jpeg,11,94,1,2,"184s us. | 1855185. | UFC | scorecaro | FIGHT #3, | BARTOSZ FABINSKI | vs. | GERALD MEERSCHAERT | LUFC FIGHT NIGHT: WHITTAKER VS. GASTELUM | Venue | Weigh Cass | Reteree | our | UUs Es. NeMDK USA | UFC APEX | ‘MIDDLEWEIGHT 18 8s. | HERB DEAN | Ly | Lael | [oe | Laammsh | oS | FABINGKL | EERSCHAERT | FABINGKI | EERSCHAERT | FABINSKI | EERSCHAERT | ory | om | oe | mae | a | roe | ane | oe | veoe |, | or | Ea | oon | au | = | 3 | ote. | ‘Som | 1 | 1 | 2 | 2 | 3 | 3 | oH | ea | wa | [wre oe] | ‘SAL D'AMATO | CHRIS LEE | ADALAIDE BYRD | POINT DEDUCTIONS | NOTES | RESULT | Meerschaert won by technical submission | 200 ofthe | und guillotine choke,"
279768e1967282f720c12368.jpg,90a74124cab7417f4ae2d81d64bf4b8b6f764e4d01aa3afb87c7c33b1e02630d,3a1bd909-67d9-5136-a9b7-060bc20182bf,6c819065-f7bf-5d3e-8e31-615c6592377f,UFC Fight Night: Whittaker vs. Gastelum,2021-04-17,Tony Gravely|Anthony Birchak,jpeg,11,105,6,2,"S55. | B55 UBS. | UFC | scorecaro | FIGHT #81 | TONY GRAVELY | vs. | ANTHONY BIRCHAK | LUFC FIGHT NIGHT: WHITTAKER VS. GASTELUM | Weigh Ciass | Referee | our | UUs Es. NeMDK USA | care | BANTAMWEICAT 135 LS. | ‘Man SMITH | Ly | a | fa | Lal | =o | ANTHONY | teaver | crart | teaver | BIRCHAK | cRaveLy | arn | mae | rae | ""7 | oe | ory | mae | a | roe | ane | oe | mn | a | or | Ea | oon | au | Soe | 3 | ote. | ‘Som | 0 | | | 1 | 9 | 10 | 1 | 9 | 10 | 1 | 8 | | | 2 | 2 | 2 | 3 | 3 | 3 | 0 | oH | 0 | ea | 0 | wa | [wre oe] | MIKE BELL | DAVE HAGEN | ADALAIDE BYRD | POINT DEDUCTIONS | NOTES | RESULT | Gravely won by TKO 131 ofthe 2nd round."
de97cab2a3c027587b981624.jpg,914713ab7a89d6afc7313d8c7fd7991630981bf29d6a17700568fe4ccaf93b43,3fc07dd9-4d2b-5734-816e-45d12bfc4961,6c819065-f7bf-5d3e-8e31-615c6592377f,UFC Fight Night: Whittaker vs. Gastelum,2021-04-17,Alexandr Romanov|Juan Espino,jpeg,11,104,6,2,"254185, | FIGHT #5 | 2570s. | UFC | scorecaro | ALEXANDR ROMANOV | vs. | JUAN ESPINO | LUFC FIGHT NIGHT: WHITTAKER VS. GASTELUM | ae | Location | Venue | heteree | UFC APEX | Weigh Ciass | EAIYWEIGHT. 265.8. | Maa STH | our | US VEGAS NEVADA, USA | CE | ‘ALEANOR | exANOR | EKAWOR | ROMANOV | ROMANOV | eseiNo | ROMANOV | ESPINO | wan | ory | re | om | maw | om | oy | mae | a | roe | Baw | ane | oe | veoe |, | ‘ate | oon | au | Soe | Seo | 3 | ote. | Some | 0 | | | 10 | 0 | 9 | | | | | 0 | 10 | oH | 8 | ea | 9 | wa | Ey | DAVE HAGEN | CHRIS LEE | TONY WEEKS: | POINT DEDUCTIONS | NOTES | RESULT | Romanov won by technical split decision 1.05 | of the 3rd round - accidental foul NAC | 467.7968"
fb6979cccfa19a0929129140.jpg,8d68fbeb0e88fa429b677b2d68a410934a6dfa74c4d896d1877144c0d02914d3,4fd8b99b-c8bd-5693-a568-9764410bdd0b,6c819065-f7bf-5d3e-8e31-615c6592377f,UFC Fight Night: Whittaker vs. Gastelum,2021-04-17,Jacob Malkoun|Abdul Razak Alhassan,jpeg,11,96,9,2,"1055s. | 1855185. | UFC | scorecaro | FIGHT #8 | ABDUL RAZAK ALHASSAN | vs. | JACOB MALKOUN | LUFC FIGHT NIGHT: WHITTAKER VS. GASTELUM | Venue | Weigh Ciass | ree | our | UUs Es. NeMDK USA | UFC APEX | ‘MIDDLEWEIGHT 18 8s. | cis TOcNON | Ly | Lael | [oe | al | xo | RAZAK ALHASSAN | aLnoun | RAZAK ALHASSAN | auxouN | AZAR ALHASSAN | auxoun | ory | rae | oe | mae | om | roe | ane | oe | me, | oe | Ea | oon | au | = | 3 | ote. | ‘Som | 0 | 10 | 10 | 10 | 10 | 10 | 0 | 10 | 10 | a | oH | ea | a | wa | 30 | CHRIS LEE | ADALAIDE BYRD | JUNICHIRO KAMIO | POINT DEDUCTIONS | NOTES | RESULT | Jacob Malkoun won by Unanimous Decision"
128489072f8e8ea04ab3145c.jpg,f00cda9ff4f0c9e6148d1f1b9aac0542d6221313940ccad23e7425b0dfafafcb,5ff6461c-db2c-5cb7-a735-b5716e71c85a,6c819065-f7bf-5d3e-8e31-615c6592377f,UFC Fight Night: Whittaker vs. Gastelum,2021-04-17,Chase Sherman|Andrei Arlovski,jpeg,11,99,10,2,"2505185. | FIGHT #9 | stuns. | UFC | scorecaro | ANDREI ARLOVSKI | vs. | CHASE SHERMAN | LUFC FIGHT NIGHT: WHITTAKER VS. GASTELUM | Venue | Weigh Cras | our | UUs Es. NeMDK USA | UFC APEX | EAIYWEIGHT. 265.8. | erm eens | ‘nore | CE | USE | ‘a0 | [aoe | Ret | Lal | =o | ARLOVSKI | SHERMAN | ARLOVSKI | SHERMAN | ARLOVSKI | SHERMAN | ory | mae | a | ane | oe | rae | me, | ‘or | Ea | oon | oe | au | = | 3 | roe | ote. | ‘Som | 3 | 0 | 3 | 1 | 10 | 10 | 0 | | | 10 | 2 | 9 | 10 | 10 | 3 | 7 | 9 | oH | ea | wa | EJ | Ey | Ey | MIKE BELL | DEREK CLEARY | TONY WEEKS: | POINT DEDUCTIONS | NOTES | RESULT | ‘Andrei Artovski won by Unanimous Decision"
3b13a042753a59052ededff7.jpg,646ba746fadf92fe5c540e17da9b5814a08bf1e86188a0d121050cd0c7a0d92c,95f009d1-ae0e-5737-a84c-b852772583f7,6c819065-f7bf-5d3e-8e31-615c6592377f,UFC Fight Night: Whittaker vs. Gastelum,2021-04-17,Jessica Penne|Loopy Godinez,jpeg,11,112,13,2,"6us. | FIGHT #84 | 6S. | UFC | scorecaro | JESSICA PENNE | vs. | LOOPY GODINEZ | LUFC FIGHT NIGHT: WHITTAKER VS. GASTELUM | Weigh Class | our | UUs Es. NeMDK USA | care | WOMEN'S STRAWWEIGHT 185185. | cms 00m | iy | Lael | [oe | Lal | =o | 100°"" | ENN | coninez | PENNE | cooINe | PENNE | GODINEZ | ory | ane | oe | veoe |, | om | or | Ea | oon | oe | au | = | mae | 3 | a | roe | ote. | ‘Som | 0 | | | 1 | 9 | 10 | 1 | 9 | 3 | 1 | 10 | 0 | 2 | 3 | 10 | 2 | 9 | 10 | 2 | 9 | | | 7 | A | 3 | 0 | 9 | 3 | 10 | 9 | 3 | 10 | oH | ea | a | EJ | Ey | EJ | [wre oe] | MIKE BELL | DEREK CLEARY | RICK WINTER | POINT DEDUCTIONS | NOTES | RESULT | Jessica Penne won by Split Decision"
c4256e4b42521e2d1620b552.jpg,f21bda3334f7237282e671550fab6a4b6d81f249ce9e560494a73b5858315d63,ff87a941-da0f-59fc-b0f7-40a63cd52467,6c819065-f7bf-5d3e-8e31-615c6592377f,UFC Fight Night: Whittaker vs. Gastelum,2021-04-17,Kelvin Gastelum|Robert Whittaker,jpeg,11,115,12,2,"1055s. | FIGHT #10 | 1858s. | UFC | scorecaro | ROBERT WHITTAKER | vs. | KELVIN GASTELUM | LUFC FIGHT NIGHT: WHITTAKER VS. GASTELUM | ae | Location | Vere | Reteree | UFC APEX | Weigh Ciass | ‘MIDDLEWEIGHT 18 8s. | HERB DEAN | our | US VEGAS NEVADA, USA | i | a | [oe | OBERT | KEIN | OBERT | ELVIN | OBERT | NEWIN | WHITTAKER | CASTELUM | WHITTAKER | GASTELUM | WHITTAKER | GASTELUM | ory | re | om | oy | om | oe | ory | mae | a | roe | Baw | ane | oe | veoe |, | td | ‘ate | oon | au | Soe | Seo | a | ote. | ‘ate | 0 | 10 | 9 | 0 | 10 | 9 | 10 | 10 | 9 | 0 | 10 | 4 | 10 | 10 | 5 | oH | 45 | ew | 45 | 50 | en | 45 | [wre woe} | [roy] | MIKE BELL | DEREK CLEARY | ‘SAL D'AMATO | POINT DEDUCTIONS | ‘NOTES | RESULT | Robert Whitaker won by Unanimous Decision"
49b462f0c51624ebc04c1152.jpg,20135c9e6bbbb4f70b776033b65ebcaaf2adb6888b329d3c49a81de489d20091,ac09f334-47a3-56b3-b806-25676affb217,440d0da3-1386-5d6c-ad8b-0794deb61e43,UFC 261: Usman vs. Masvidal 2,2021-04-24,Pat Sabatini|Tristan Connelly,jpeg,11,131,5,2,"Mo LEs. | FIGHT #5 | ‘GLB. | UFC | scorecaro | PAT SABATINI | vs. TRISTAN CONNELLY | UFC 261: USMAN VS. MASMIDAL 2 | ate | Location | Venue | Reteree | o4raron | VSTAR VETERANS MEMORIAL ARENA | Weigh class | FEATHERWEIGHT - 45 Ls, | CKSONVILE, FLORIDA, USA | Josa RUTGERS | xa | james) | | *ko | aaron) | TRISTIN | TRIS | TRIS | Sueur | CONNELLY | Shaan | CONNELLY | Shaan | CONNELLY | Bow | rom | ""ae | eoe | oe | mae | Tear | woe | ‘ne | nc | oy | ote. | ‘cone | ton | on | 0 | aoe | bed | tone | uc | 000 | aot | tne | 0 | 1 | 3 | 0 | 1 | 3 | 0 | 1 | 3 | 0 | 2 | 3 | 2 | 9 | 0 | | | 2 | 9 | 2 | 0 | 3 | 3 | 10 | 3 | 3 | 10 | 10 | | | 3 | 3 | rom | EJ | a | Tn | Ey | 30 | on | a | [vrs po] | [ reuow nace} | ERIC COLON | TROY WINCAPAW | CHRISTOPHER LEE | POINT DEDUCTIONS | NOTES | RESULT | Pat Sabatini won by Unanimous Decision"
349ad8f6691d26cc6f189d29.jpg,8eafbeba709adca243521eb87571f288e57df6c05e9897cd7d2be697d858e2d5,39a96040-bfe2-5c09-99d4-e6bdbbb16d24,d7a79d74-a12e-56a9-9f0e-30bad4b75832,UFC Fight Night: Reyes vs. Prochazka,2021-05-01,Luana Pinheiro|Randa Markos,jpeg,11,98,0,2,"‘sas, | FIGHT #6 | SSUES. | UFC | scorecaro | RANDA MARKOS | vs. | LUANA PINHEIRO | LUFC FIGHT NIGHT: REVES VS. PROCHAZKA | ate | tion | we | Weight cass | Reteree | 5/oyz021 | US VEGAS NEVADA USA | URC APEX | ‘WOMEN'S STRAWWEIGHT 15 Ls, | aR SoTL | Eo | [sere | [ soot | co oo | RANDA | PANDA | MARKOS | PINHEIRO | MARKOS | PINHetRO | MaRos | inno | oo | ro | reo | Some | auc | save | oe | Eo | Ste | otc | woe | oa | Som | Stow | = | Ea | 1 | 1 | 2 | 2 | 3 | 3 | oat | om | a | [ve woe] | [se noc] | ERIC COLON | JUNICHIRO KAMIJO | TONY WEEKS | POINT DEDUCTIONS | NOTES | RESULT | Luana Pinheiro won by Disquatitcation &:16 of | round 1"
d6f65a5f2a13f52bc5d4c56e.jpg,c53262b28ce374c4fc7dc2e1b86ff305011c8dd23738a33dec9c20d787211eaa,63c1905f-3f44-5720-ab01-c79d71929595,d7a79d74-a12e-56a9-9f0e-30bad4b75832,UFC Fight Night: Reyes vs. Prochazka,2021-05-01,Krzysztof Jotko|Sean Strickland,jpeg,11,124,12,2,"55 UB, | FIGHT #8 | ass, | UFC | scorecaro | SEAN STRICKLAND | vs. | KRZYSZTOF JOTKO | LUFC FIGHT NIGHT: REVES VS. PROCHAZKA | ate | Location | Vee | Weight class | Reteree | 05/01/2021 | {AS VEGAS, NEVADA USA | ‘URC APEX | MIDDLEWEIGHT 185185. | ERBDEAN | | scones } | co | ca | [ some | | xa | sem | RDYSZTOF | sem | ReyszrO | sen | KRZYSZTOF | STRICKLAND | JoTKO | STRICKLAND | JoTKo | STRICKLAND | JoTKo | mae | Scone | toc | co | 00 | conc | ‘oar | ‘on | ‘aw | ‘mae | ‘corr | oo | ca | ree | cane | ‘on | ‘88 | mae | ‘ome | sow | co | tue | “ae | Sone | ry | 10 | 1 | 3 | 3 | 1 | 10 | 10 | 10 | 2 | 9 | 0 | 2 | 9 | 10 | t | 10 | 3 | 3 | 10 | 3 | 9 | 10 | 3 | 30 | von | wnt | EJ | 30 | ron | [rnc] | ‘SAL D'AMATO | ADALAIDE BYRD. | JUNICHIRO KAMIJO | POINT DEDUCTIONS | NOTES | RESULT | ‘Sean Strickland won by Unanimous Decision"
313b7f0c32539eee3c2b7f74.jpg,fe808e7cb81f1b062a2c0f9c18e33f315f5a55e425bda572c7ff73328a8cee62,8b492602-83d7-587d-8fcd-5852798efda9,d7a79d74-a12e-56a9-9f0e-30bad4b75832,UFC Fight Night: Reyes vs. Prochazka,2021-05-01,Cody Stamann|Merab Dvalishvili,jpeg,11,106,8,2,"5S Us, | FIGHT #7 | nssis | UFC | scorecaro | MERAB DVALISHVILI | vs. | CODY STAMANN | LUFC FIGHT NIGHT: REYES VS. PROCHAZKA | te | venue | Weight Class | fers | 5/01/2021 | US EAS NEUDA.US | UAE | BANTAMWEICHT 135 LBS. | ‘ARIS TOCNON | = | km; co | [ macon | | = | [ suscomes | | Dias | smn | Dials | sTAMANN | Dialisumus | sTAMANN | ‘on | ne | co | oy | ome | ror | Sone | oe | cou | me | ok | ‘on | ‘eae | oon | reve | te, | Som | 10 | 0 | 1 | 3 | A | 10 | 10 | 2 | 3 | 10 | 10 | 3 | 3 | 10 | 10 | 30 | cot | a | 29 | on | 28 | on | 28 | fw oc] | [roc] | MIKE BELL | ‘SAL D'AMATO | RICK WINTER | POINT DEDUCTIONS | NOTES | RESULT | Merab Dvalishvili won by Unanimous | Decision"
92898eae204ddd74d6638f7c.jpg,d367b831add8835c9265d0b463bc0da0da0a74939b1238ce86eb45adaba2a711,beb0e61b-f73e-5ab9-a0d5-f633168de03d,d7a79d74-a12e-56a9-9f0e-30bad4b75832,UFC Fight Night: Reyes vs. Prochazka,2021-05-01,Poliana Botelho|Luana Carolina,jpeg,11,106,7,2,"‘BSS uRs. | FIGHT #84 | ‘mas Us. | UFC | scorecaro | POLIANA BOTELHO | vs. | LUANA CAROLINA | LUFC FIGHT NIGHT: REVES VS, PROCHAZKA | ate | Location | Venue | Referee | Weise class | 502021 | US VEGAS NEVADA USA | UFCAPEX | ‘WOMENS FYWEIGAT- 1251. | HERBDEAN | [aceon | [ ssccover | POLINA | anh | POLANA | Luan | WANA | BOTELHO | CAROLINA | BOTELHO | CAROLINA | BOTELHO | CAROLINA | 08 | ron | oar | oe | ron | ae | ‘oow | ron | wow | sone | sve | ove | ot | so | Scone | coc, | 7 | tue | ‘owe | see | rove | saan. | 10 | ute | 1 | 10 | 3 | i | 10 | 10 | a | ‘0 | 0 | 3 | 10 | 0 | 10 | en | 28 | roma | rem | SAL D'AMATO | DAVE HAGEN | JUNICHIRO KAMIJO | POINT DEDUCTIONS | NOTES | RESULT | Luana Carolina won by Spit Decision"
6f1e39c7d7388277a54ed83f.jpg,4259263c460c78be5df372869de155563ecadfb500dad07a7932ccc58ddc8338,bfb45ba7-178b-542d-8e8e-d11f5c93b84f,d7a79d74-a12e-56a9-9f0e-30bad4b75832,UFC Fight Night: Reyes vs. Prochazka,2021-05-01,Ion Cutelaba|Dustin Jacoby,jpeg,11,106,8,1,"2068s. | FIGHT #9 | 205 8s. | UFC | scorecaro | JON CUTELABA | vs. | DUSTIN JACOBY | LUFC FIGHT NIGHT: REVES VS. PROCHAZKA | Weight class | Reteree | dsm | USEC NeWOA. USA | vwenvex | LUGHT HEATYWEIGHT- 205 Bs. | MARK STH | ae] | i | ey | 108 | ‘DUSTIN | usm | ‘0m | usTN | CUTELABA | JACOBY | evan | JACOBY | CUTELABA | JACOBY | Ste | oo | co | ree | ne | ""ea | Sto | ue | mar | ree | pag | “oa | Seo | ‘Sto | cic | 00 | soc | reo | ‘Som | 10 | 1 | 3 | 0 | 10 | 1 | 8 | 3 | 2 | | | 0 | i) | 3 | 2 | 10 | 3 | 3 | | | 10 | 3 | 3 | 10 | 28 | on | a | on | 28 | E) | oat | a | or | DAVE HAGEN | RICK WINTER | TONY WEEKS | POINT DEDUCTIONS | ‘NOTES | RESULT | Split Draw"
25a5ba9622b44c65201eddd3.jpg,a721bb034d99d419b816a019827af6022dbd4995aad23fef069b3c4895914621,fc78fad0-38f4-550b-81db-3317be63de63,d7a79d74-a12e-56a9-9f0e-30bad4b75832,UFC Fight Night: Reyes vs. Prochazka,2021-05-01,Cub Swanson|Giga Chikadze,jpeg,11,109,1,2,"MoUs, | FIGHT #10 | SS Us, | UFC | scorecaro | GIGA CHIKADZE | vs. | CUB SWANSON | ‘UFC FIGHT NIGHT: REYES VS. PROCHAZKA | ate | ation | fe | Weise class | Reteree | 502021 | US VECAS NEVADA, USA | vcAPEx | FEATHERWEIGHT - 45185, | ‘SON WeRZOC | f scons J | eee) | [ seco} | [ ssccons | Lame) | a | ae | ca | ory | CHIKADZE | SWANSON | CHIKADZE | SWANSON | CHIKADZE | SWANSON | ‘mae | ‘aa | mae | mae | an | or | oy | on | roar | rene | teow | ah | ‘au | tu | Stone | ‘cone | omer | 0 | Sone | Soe | oo | ve | Pag | Sone | 1 | 1 | _ | 2 | 2 | 3 | 3 | Tan | Ta | ont | [we woe] | MIKE BELL | ERIC COLON | ‘SAL D'AMATO | POINT DEDUCTIONS | ‘NOTES | RESULT | Giga Chikadze won by TKO 1:93 of round 1"
87e0d36f3dd58576ad4226f6.jpg,1a6315143b18b4908243a323fd75643a0bafde817a230a66b703f57f716019dd,ae646141-bd83-5e1a-b14a-7224449449ea,fdbf3505-1b0f-58f4-986f-8e3615d63c39,UFC Fight Night: Rodriguez vs. Waterson,2021-05-08,Maurice Greene|Marcos Rogerio de Lima,jpeg,11,97,7,2,"ars. | 2645185. | UFC | scorecaro | FIGHT #6 | MAURICE GREENE | vs. | MARCOS ROGERIO DE LIMA | ‘UFC FIGHT NIGHT: RODRIGUEZ VS. WATERSON | Vere | Weight class | ree | esa | Lis AS NEDA USA | URCAPEX. | EAYWEIGHT- 265.85. | f | RB DEAN | Lm | aS | [pao | Lah | So | Maui | auRICE | MAURICE | GREENE | OGERIODELIMA | GREENE | OCERIODELIMA | GREENE | ROCERIODELIMA | mae | rae | oe | mae | a | roe | ane | oe | me, | ‘or | Ea | oon | au | Sone | 3 | ote. | ‘Som | 0 | 10 | 10 | 10 | 10 | 10 | 0 | 10 | 10 | oH | ea | EW | wa | 30 | TONY WEEKS | CHRIS LEE | JUNICHIRO KAMIO | POINT DEDUCTIONS | NOTES | RESULT | Marcos Rogerio de Lima won by Unanimous | Decision"
6f7b751a3e56e40142da0c66.jpg,659b28b04b8297e52b4d4dd31eb43cf012cc3c8b2cf35de9b89b7f970de85385,e456e938-1fc7-513b-aa92-8e5daa956195,fdbf3505-1b0f-58f4-986f-8e3615d63c39,UFC Fight Night: Rodriguez vs. Waterson,2021-05-08,Donald Cerrone|Alex Morono,jpeg,11,92,1,2,"mous. | FIGHT #8 | ‘5 18s. | UFC | scorecaro | DONALD CERRONE | vs. | ALEX MORONO | ‘UFC FIGHT NIGHT: RODRIGUEZ VS. WATERSON | ion | Vere | Weight class | Reteree | esa | CAS MEV, USA | URCAPEX. | ‘WELTERWEIGHT - 170.85, | anccoo0ARD | Ly | Lael | [aoe | Lal | =o | ALEK | CERRONE | oRoNo | CERRONE | ‘MORONO | CERRONE | onan | ory | ane | oe | veoe |, | om | or | Ea | oon | oe | au | = | mae | 3 | a | roe | ote. | ‘Som | 1 | 1 | 2 | 2 | 3 | 3 | oH | ea | wa | [wre oe] | MIKE BELL | CHRIS LEE | JUNICHIRO KAMIO | POINT DEDUCTIONS | NOTES | RESULT | ‘Alex Morono won by TKO 4:40 of round 1"
bb66159014f2f12602dbd8af.jpg,aaca923faa788f791ba0929a3810031b736159cd35a112b3a599f66b941afb28,510c6749-2fc7-5c31-aeb0-0624114b9941,7a9fe2a0-9ce3-5766-87af-b4ee6da04bef,UFC 262: Oliveira vs. Chandler,2021-05-15,Matt Schnell|Rogerio Bontorin,jpeg,11,101,13,2,"‘6uss. | 7s. | UFC | scorecaro | FIGHT #10 | MATT SCHNELL | vs. | ROGERIO BONTORIN | ‘UFC 262: OLIVEIRA VS. CHANDLER | satan | Weign cass | ere | esses | HOUSTON TEXAS USA | Torow even | ANTAMWELGT 135 Us. | ERRY ATLEY | iy | =a | [oe | oa | =a | ROCERIO | ROCERIO | ROGERIO | SCHNELL | BONTORIN | SCHNELL | BONTORIN | SCHNELL | BONTORIN | oy | rae | oe | mae | a | roe | ane | oe | me, | ‘or | Ea | oon | au | = | 3 | ote. | ‘Som | 0 | 10 | 1 | 9 | 10 | 10 | 8 | 2 | 7 | 10 | 10 | 0 | 9 | 3 | 10 | 10 | a | oH | Ey | a | Ey | a | ‘SAL D'AMATO | DANNY DE ALEJANDRO | JOSHUA FERRARO | POINT DEDUCTIONS | NOTES | RESULT | Rogerio Bontorin won by Unanimous Decision"
d3db7d68ac334d613230937e.jpg,9a918980846a610321c845724157004d74c6f9bf3ba22378a0b1a5f2042738af,6f57bc68-3598-584b-9759-68c9c15ba918,7a9fe2a0-9ce3-5766-87af-b4ee6da04bef,UFC 262: Oliveira vs. Chandler,2021-05-15,Priscila Cachoeira|Gina Mazany,jpeg,11,106,5,2,"‘6s. | 6 tBs. | UFC | scorecaro | FIGHT #3, | GINA MAZANY | vs. | PRISCILA CACHOEIRA | ‘UFC 262: OLIVEIRA VS. CHANDLER | satan | Weigh cass | Reteree | esses | HOUSTON TEXAS USA | Torow even | WOMEN'S WEIGHT 25.85. | ‘MIKE BELTRAN | Ly | =o | fa | ao | Ea | oa | PRISCLA | na | PRISOLA | xzant | CACHOEIRA | MAZANY | CACHOEIRA | nazANY | actA | ory | rae | om | oe | m | mae | a | roe | ane | oe | a | or | Ea | oon | au | Soe | 3 | ote. | ‘Som | 0 | | | 1 | 9 | 10 | 1 | | | 9 | 10 | 1 | 9 | | | 2 | 2 | 2 | 3 | 3 | 3 | 0 | oH | 0 | a | 0 | wa | JOSHUA FERRARO | ‘SAL D'AMATO | KERRY HATLEY | POINT DEDUCTIONS | NOTES | RESULT | Priscila TKO stoppage due to strikes 451 2nd | round"
a7eb2f1a6978fc7d3d0a1e88.jpg,79a1cc37a92540b1103cb433f89f766e2850df361d93afabee0788d1badc5702,ef215b82-43a4-5095-b3f5-ff9794c9e8fc,7a9fe2a0-9ce3-5766-87af-b4ee6da04bef,UFC 262: Oliveira vs. Chandler,2021-05-15,Mike Grundy|Lando Vannata,jpeg,11,84,5,2,"‘6uss. | ws tns. | UFC | scorecaro | FIGHT #6 | LANDO VANNATA | vs. | MIKE GRUNDY | ‘UFC 262: OLIVEIRA VS. CHANDLER | satan | Weigh cass | esses | HOUSTON TEXAS USA | Torow even | FEATWERWEIGHT 145 LB, | Danoraauora | [oe | a | =o | anno | MIKE | MIKE | VANNATA | GRUNDY | wana | GRUNDY | wanna | cruNby | ory | oe | mae | a | roe | ane | oe | mn | or | Ea | oon | au | = | 3 | ote. | ‘Som | 0 | 10 | 10 | 10 | 10 | 10 | oH | a | 30 | wa | CHRIS LEE | PATRICK PATLAN | MARCOS ROSALES: | POINT DEDUCTIONS | NOTES | RESULT | Lando Vannata won by Split Decision"
615693883fbd5ce58dbc9015.jpg,e47621946fe9e9ef98af5ba25eed7e3bb08f29d0283266c4161f3b0287eb16e2,fe313ad9-98cf-5e2b-9e40-ea7aae1cb594,7a9fe2a0-9ce3-5766-87af-b4ee6da04bef,UFC 262: Oliveira vs. Chandler,2021-05-15,Edson Barboza|Shane Burgos,jpeg,11,108,10,2,"‘6uss. | ws tns. | UFC | scorecaro | FIGHT #8 | SHANE BURGOS | vs. | EDSON BARBOZA | ‘UFC 262: OLIVEIRA VS. CHANDLER | satan | Weigh cass | esses | HOUSTON TEXAS USA | Torow even | FEATWERWEIGHT 145 LB, | ane re | Ly | =o | [oe | Lenny | oa | EDSON | EDSON | BURGOS | eanbzk | BURGOS | BARBOZA | autos | ‘BARBOZA | ory | rae | om | oe | mae | a | roe | ane | oe | a | ‘or | Ea | oon | au | = | 3 | ote. | ‘Som | 3 | 1 | 0 | 3 | 1 | | | 10 | 3 | 1 | 10 | 3 | 2 | 10 | 10 | 2 | 8 | 2 | 10 | 3 | 3 | 3 | B | oH | 8 | a | 9 | 8 | a | [wre oe] | CHRIS LEE | ‘SAL D'AMATO | JACOB MONTALVO- | POINT DEDUCTIONS | NOTES | RESULT | Barboza By TKO / 1:18 Round 3"
476f11927e7b2b825225298e.jpg,95a20859720b262b8e9cf2a93d78361fb39180eb4613c7370f28842ffcb3f98b,1f253696-ae39-5a74-b1cf-f389168a546e,dbe744b9-b0c6-53ff-80aa-ded4bd3c0cd5,UFC Fight Night: Font vs. Garbrandt,2021-05-22,Yan Xiaonan|Carla Esparza,jpeg,11,107,5,2,"16S, | FIGHT #11 | 6S. | UFC | scorecaro | YAN XIAONAN | vs. | CARLA ESPARZA | LUFC FIGHT NIGHT: FONTS. GARBRANDT | Vere | Weight clas | ere | osyanen | Lis AS NEDA USA | URCAPEX. | ‘WOMEN'S STRAWWEIGHT 1 5. | EIT PETERSON | Ly | =o | [oe | oa | Lal | a | ‘ORLA | YiONAN | esPanzA | ONAN | ESPARZA | XIHONAN | ESPARZA | ory | ane | oe | veoe |, | om | ‘or | Ea | oon | oe | au | Soe | m | ory | 3 | a | roe | ote. | ‘Som | 8 | 1 | 0 | 3 | 1 | | | 10 | 3 | 1 | 10 | 2 | 2 | 2 | 3 | 3 | 3 | oH | ea | wa | 0 | 10 | 10 | [wre oe] | [oc | | MIKE BELL | DEREK CLEARY | ‘SAL D'AMATO | POINT DEDUCTIONS | NOTES | RESULT | Carta Esparza won by TKO 258 of round 2"
0af8331b2d239f331ca7253a.jpg,0b3fa75124e75b3586cf599861722cd2956ab44420bc8662524bf3338900e185,79bae24e-0408-5890-b8a4-0785a2101adc,dbe744b9-b0c6-53ff-80aa-ded4bd3c0cd5,UFC Fight Night: Font vs. Garbrandt,2021-05-22,Josh Culibao|Shayilan Nuerdanbieke,jpeg,11,106,10,2,"Meus. | FIGHT #3 | 45 Bs. | UFC | scorecaro | JOSH CULIBAO | vs. | ‘SHAYILAN NUERDANBIEKE | LUFC FIGHT NIGHT: FONTS. GARBRANDT | Vere | Weight class | ere | osyanen | Lis AS NEDA USA | URCAPEX. | FEATWERWEIGHT- 145 LBS | HERBDEAN | iy | =a | [oe | oa | Lal | =o | ito | NUEROANBIENE | ito | UEROANEIEKE | CutteA0 | NUERDANBIENE | ory | ane | oe | veoe |, | oo | ‘or | Ea | oon | oe | au | = | mae | 3 | a | roe | ote. | ‘Som | 3 | | | 1 | 0 | 3 | 1 | 10 | 1 | 10 | 0 | 2 | ey | 10 | 2 | 9 | 9 | | | 10 | 3 | 9 | 10 | 3 | 9 | 9 | oH | ea | wa | EJ | Ey | [wre oe] | DEREK CLEARY | DAVE HAGEN | BRYAN MINER | POINT DEDUCTIONS | NOTES | RESULT | Josh Culbao won by Unanimous Decision"
2a0c64bffe6f7c09c4b03609.jpg,ca0b3f02ce97bc17217f123bf6e99491ecd8e59a211409802cb31afbd1542dd3,79e2808e-0349-5e85-a91a-26be67eb7b80,dbe744b9-b0c6-53ff-80aa-ded4bd3c0cd5,UFC Fight Night: Font vs. Garbrandt,2021-05-22,Cody Garbrandt|Rob Font,jpeg,11,95,8,2,"‘a6 UBs. | FIGHT #812 | B55 UBS. | UFC | scorecaro | ROB FONT | vs. | CODY GARBRANDT | LUFC FIGHT NIGHT: FONTS. GARBRANDT | Vere | Weight class | ere | 5p2pa021 | US VEGAS NEWADA, USA | URCAPEX. | 1-135 18. | HERBDEAN | iy | — | oa | Ros | FONT | CARBRANGT | rowr | GARBRANOT | FONT | GARBRANOT | Ea | oe | rae | om | a | oe | Ea | oon | oe | au | Soe | mae | 3 | a | roe | ote. | ‘ate | 0 | 10 | 0 | ey | 10 | 10 | 9 | 10 | 0 | 3 | 10 | 10 | 10 | 48 | oH | a | 50 | ew | 45 | 50 | en | DEREK CLEARY | ‘SAL D'AMATO | JUNICHIRO KAMIJO. | POINT DEDUCTIONS | ‘NOTES | RESULT | Rob Font won by Unanimous Decision"
0d4f55452889823016839499.jpg,9ca2ee6e15a930d5293186cbad3899af09d7a62e2fb1e859ba57be789574a767,e9c29bb4-1457-553a-80ff-a73ef3e988b7,dbe744b9-b0c6-53ff-80aa-ded4bd3c0cd5,UFC Fight Night: Font vs. Garbrandt,2021-05-22,David Dvorak|Juancamilo Ronderos,jpeg,11,101,0,2,268s. | FIGHT #2 | pas Bs. | UFC | scorecaro | DAVID DVORAK | vs. | JUANCAMILO RONDEROS | LUFC FIGHT NIGHT: FONTS. GARBRANDT | Vere | Weight class | fore | osyanen | Lis AS NEDA USA | URCAPEX. | FLYWEIGHT 125.85 | LEITH PETERSON | iy | =a | [oe | [nee | il | ao | oan | oo | DVORAK | ONDEROS | DVORAK | RONDEROS | Juan | DvoRAK | RONDEROS | JUAN | ory | ane | oe | rae | om | a | or | maw | i | oon | om | oe | au | = | mae | 3 | a | roe | ote. | ‘Som | 1 | 1 | 2 | 2 | 3 | 3 | oH | ea | a | [wre oe] | [oc | | MIKE BELL | ERIC COLON | TONY WEEKS: | POINT DEDUCTIONS | NOTES | RESULT | David Dvorak won by submission 2:18 of | round 1 Rear naked choke.
b8c5d35fcd50580902b3fe08.jpg,9b9fa31678b67f32bc85c856a9d9246bb848243702224318bffb957b5f36497d,173f082c-481b-58fd-954f-d7ab8f68a370,7ddb1105-8441-57af-aaa9-3cef5ab8c342,UFC Fight Night: Rozenstruik vs. Sakai,2021-06-05,Tanner Boser|Ilir Latifi,jpeg,11,104,4,2,"2428s. | FIGHT 87 | 2408s, | UFC | scorecaro | TANNER BOSER | vs. | ILIR LATIFI | ‘UFC FIGHT NIGHT: ROZENSTRUIK VS. SAKAL | ae | Location | Vere | Weight class | Reteree | 6/05/2021 | US VEGAS NEWADA, USA | URCAPEX. | EAYWEIGHT- 265.85. | HERB DEAN | Ly | Lael | ‘MER | UR | ‘MER | 1uR | THER | 1uR | BOSER | LaTIFL | BOSER | LaTIFL | BOSER | LaTiFL | ry | ane | oe | re | veoe |, | om | wae | on | ‘ate | oon | om | au | ory | ory | a | roe | ote. | Baw | oe | Soe | Seo | 3 | Some | 3 | 0 | 10 | 0 | | | 2 | 9 | 0 | 10 | 10 | Ey | oH | Ey | ea | EJ | wa | [wre oe] | MIKE BELL | JUNICHIRO KAMIJO | TONY WEEKS: | POINT DEDUCTIONS | NOTES | RESULT | ir Lat won by Split Decision"
6220ab7c2b3c720677385db1.jpg,f474294d891262184d724559ef36b8019ed48bf7839ec30df7248888fee20346,1bf8f8a4-9756-5923-871b-a135a310df51,7ddb1105-8441-57af-aaa9-3cef5ab8c342,UFC Fight Night: Rozenstruik vs. Sakai,2021-06-05,Claudio Puelles|Jordan Leavitt,jpeg,11,100,9,2,"155s, | ‘so uBs. | UFC | scorecaro | FIGHT #41 | CLAUDIO PUELLES | vs. | JORDAN LEAVITT | ‘UFC FIGHT NIGHT: ROZENSTRUIK VS. SAKAL | Vere | Weight class | tere | versa | Lis AS NEDA USA | URCAPEX. | LUGATWEIGHT- 551.85 | ‘RIS TOCKON | Ly | Lael | [oe | ‘cawoio | oRoKN | ‘aauoio | |oROAN | wwo10 | JORDAN | PUELLES | Lent | PUELLES | Lea | PUELLES | LEAT | ory | om | oe | mae | a | roe | ane | oe | veoe |, | ‘or | Ea | oon | au | = | 3 | ote. | ‘Som | 0 | 3 | 1 | 10 | 10 | 0 | 10 | 2 | 7 | 9 | 10 | 10 | 3 | 9 | oH | ea | Ey | wa | Ey | ‘SAL D'AMATO | BRYAN MINER | ADALAIDE BYRD | POINT DEDUCTIONS | NOTES | RESULT | Claudio Puelles won by Unanimous Decision"
c681909120c5da0b531a1172.jpg,69b1caeecb5574f4244cdf36aaa0d042379749202428fdc3fe9f771a1145de1c,4e8f8885-c0d3-5532-8fc6-5f14ae5d8940,7ddb1105-8441-57af-aaa9-3cef5ab8c342,UFC Fight Night: Rozenstruik vs. Sakai,2021-06-05,Santiago Ponzinibbio|Miguel Baeza,jpeg,11,105,9,2,"ms us, | mus. | UFC | scorecaro | FIGHT #10, | SANTIAGO PONZINIBBIO | vs. | MIGUEL BAEZA | ‘UFC FIGHT NIGHT: ROZENSTRUIK VS. SAKAL | Vere | Weight class | eteree | versa | Lis AS NEDA USA | URCAPEX. | ‘WELTERWEIGHT - 170.85, | ER DEAN | [a | Lacey | [oe | Ll | MIGUEL | rue | MiGuEL | Powziwen19 | BAEZA | Powe | BAEZA | Ponziniio | BAEZA | ory | rae | oe | mae | a | roe | ane | oe | me, | ‘or | Ea | oon | au | = | 3 | ote. | ‘Som | 3 | | | 1 | 0 | 3 | 1 | 10 | 10 | 0 | | | 2 | 10 | 2 | 7 | 9 | 10 | 3 | 10 | 3 | 9 | EJ | oH | ea | Ey | wa | Ey | [wre oe] | MIKE BELL | ‘SAL D'AMATO | DAVE HAGEN | POINT DEDUCTIONS | NOTES | RESULT | ‘Santiago Ponainibbio won by Unanimous | Decision"
77e56b93be4156a2142d9a2a.jpg,3b7f63a4c4f1e575463657fffdab440c99fc034e993ce1088c7d2da253e39109,6188d17e-cf74-5ce1-ab0f-0c2ceb218da3,7ddb1105-8441-57af-aaa9-3cef5ab8c342,UFC Fight Night: Rozenstruik vs. Sakai,2021-06-05,Makwan Amirkhani|Kamuela Kirk,jpeg,11,110,5,2,"Meuns. | ‘w6Uns, | UFC | scorecaro | FIGHT #5 | MAKWAN AMIRKHANI | vs. | KAMUELA KIRK | ‘UFC FIGHT NIGHT: ROZENSTRUIK VS. SAKAL | ate | Location | Weight lass | 6/05/2021 | US VEGAS NEDA, USA | wena | FEATWERWEIGHT - 145 LBS. | repereson | a | ion | | =i | HAMUELA | KAMUELA | HAMUELA | AMTRRHANE | KIRK | AMIRKHANT | KIRK | AMIRKHANI | KIRK | cry | reve | mae | rane | roe | ""ae | mae | ‘oa | roe | oar | oy | ‘ne | roa | ‘ea | ‘ae | Scone | oe | ie. | Soe | ‘om | nt | po | ‘ame | 0 | | | 1 | 10 | 10 | 1 | 3 | | | 2 | 0 | 10 | 3 | 2 | 0 | 3 | 3 | 0 | 10 | 9 | 3 | 0 | EJ | a | ea | EJ | oa | | wre ocr] | [rena | | MIKE BELL | DAVE HAGEN | RICK WINTER | POINT DEDUCTIONS | NOTES | RESULT | Kamuela kirk won by Unanimous Decision"
9f1bf4a2712f8680b349cac0.jpg,2e5d0fd699e764d97f68e0ba12dd3541757efed3bcf83fa9f0f72d824608d66b,84c0666e-16c1-5d44-9cc6-6761c7c02dc9,7ddb1105-8441-57af-aaa9-3cef5ab8c342,UFC Fight Night: Rozenstruik vs. Sakai,2021-06-05,Augusto Sakai|Jairzinho Rozenstruik,jpeg,11,84,0,2,"254185. | FIGHT #13 | 255555. | UFC | scorecaro | JAIRZINHO ROZENSTRUIK | vs. | AUGUSTO SAKAI | ‘UFC FIGHT NIGHT: ROZENSTRUIK VS. SAKAL | Vere | Weight class | ree | versa | UUSWECAS EWOK USA | URCAPEX. | EAYWEIGHT- 265.85. | ff | RB DEAN | i | Lammy | [ao | cus | uu | custo | OZeNSTRUK | SAKAL | ozensrau | SAKAL | ZENS TRUK | SAKAL | ory | ane | oe | rae | oon, | om | oe | Ea | oon | oe | au | Sone | mae | 3 | om | * | 80 | ote. | Ea | oa | ea | ma | ‘SAL D'AMATO | RON MCCARTHY | JUNICHIRO KAMIJO. | POINT DEDUCTIONS | ‘NOTES | RESULT | Rozenstruik won by TKO 459 ofthe tst | round,"
598e6feb7e540812faf2720c.jpg,4b1ccc554a56c75135bbb9535f52a5d131486a5251ca68a81f8a482345a1cbe7,bc732277-c642-5184-a128-8b9df4612a8c,7ddb1105-8441-57af-aaa9-3cef5ab8c342,UFC Fight Night: Rozenstruik vs. Sakai,2021-06-05,Roman Dolidze|Laureano Staropoli,jpeg,11,110,10,2,"1610s. | 1858s. | UFC | scorecaro | FIGHT #11 | ROMAN DOLIDZE | vs. | LAUREANO STAROPOLI | ‘UFC FIGHT NIGHT: ROZENSTRUIK VS. SAKAL | Vere | Weight class | fer0e | versa | Lis AS NEDA USA | URCAPEX. | DOLEWEIGHT 1 Bs. | re | TH PETERSON | iy | Lael | [aoe | Laaol | =o | ROMAN | (UUREAND | ‘AUREANO. | DOLIDZE | saROPOL | bauinze | STAROPOLI | bauibze | STAROPOLI | ory | om | oe | mae | a | roe | ane | oe | veoe |, | or | Ea | oon | au | = | 3 | ote. | ‘Som | 0 | | | 1 | 9 | 10 | 1 | 9 | 0 | | | 2 | 3 | 10 | 2 | 7 | 9 | 10 | 3 | 9 | 10 | 3 | 9 | 30 | oH | Ed | ea | a | 30 | wa | a | [wre oe] | RON MCCARTHY | BRYAN MINER | JUNICHIRO KAMIO | POINT DEDUCTIONS | NOTES | RESULT | Roman Dolidze won by Unanimous Decision"
f23834392168253baeec7682.jpg,0f5b22372dbf8b91ac90b42e648aff6565f79074e7c7dd480165a407af967dbb,e19e7d98-8195-534f-94f7-f1feb1e40794,7ddb1105-8441-57af-aaa9-3cef5ab8c342,UFC Fight Night: Rozenstruik vs. Sakai,2021-06-05,Sean Woodson|Youssef Zalal,jpeg,11,101,9,2,"ss. | ws tns. | UFC | scorecaro | FIGHT #2 | SEAN WOODSON | vs. | YOUSSEF ZALAL | ‘UFC FIGHT NIGHT: ROZENSTRUIK VS. SAKAL | Vere | Weight class | re | versa | Lis AS NEDA USA | URCAPEX. | FEATWERWEIGHT- 145 LBS | ra | TH PETERSON | Ly | a | oe | al | ‘YOUSSEF | ‘YOUSSEF | YOUSSEF | Woooson | ZALAL | ‘woooson | ZALAL | woonsoNn | ZALAL | ory | rae | oe | mae | a | roe | ane | oe | me, | ‘or | Ea | oon | au | = | 3 | ote. | ‘Som | 0 | 3 | 1 | 10 | 10 | 10 | 10 | 2 | 7 | 9 | 10 | 10 | 3 | 9 | Ey | oH | Ey | ea | Ey | wa | Ey | RON MCCARTHY | JUNICHIRO KAMIJO | TONY WEEKS: | POINT DEDUCTIONS | NOTES | RESULT | ‘Sean Woodson won by Split Decision"
f8fb0e897758110515a1ee96.jpg,7fe77415478d1a99bb83ce793e9777968a76665d8e1c5c0b49a401b3049943e6,07eb0990-d609-51eb-aca3-bc6ee11cb50d,34d227a6-a453-501b-bdb7-8104ad49d551,UFC 263: Adesanya vs. Vettori 2,2021-06-12,Hakeem Dawodu|Movsar Evloev,jpeg,11,99,8,2,"MSDs. | 55 Bs. | UFC | scorecaro | FIGHT #6 | MOVSAR EVLOEV | vs. | HAKEEM DAWODU | ‘UFC 263: ADESANYA VS VETTORI2 | Weigh class | Reteree | oiraas | vous, zona | akan ane | FEATHERWEIGHT-145 185. | MIKE BELTRAN | Laman | [aoe | Lal | ae | movsan | AKEEM | movsaR | AKEEM. | MovsaR | WAKEEM | EVLOEV | DawoDU | EVLOEV | Dawopu | EVLOEV | Dawoou | mae | rae | ""7 | oe | mae | a | roe | ane | oe | mn | a | or | ‘ate | oon | au | = | 3 | ote. | ‘Som | 0 | 9 | 10 | 1 | 9 | 0 | a | 2 | 7 | 8 | 0 | 3 | 10 | 10 | oH | Ed | ea | a | wa | ‘SAL D'AMATO | CHRIS LEE | BRAD FRANK | POINT DEDUCTIONS | NOTES | RESULT | Movsar Evloev won by Unanimous Decision"
f5cafb5777ee2d4ea3f263b9.jpg,65557e91e2e464714f07067e374ba3509890683b14a0c87c8687815d8324d452,2bd1643d-a379-5cc8-8259-74a47d59f068,34d227a6-a453-501b-bdb7-8104ad49d551,UFC 263: Adesanya vs. Vettori 2,2021-06-12,Fares Ziam|Luigi Vendramini,jpeg,11,106,14,2,"1561s. | FIGHT #2 | 1555185. | UFC | scorecaro | FARES ZIAM | vs. | LUIGI VENDRAMINI | ‘UFC 263: ADESANYA VS VETTORI2 | Weigh class | ree | oiraas | vous, zona | akan ane | LGATWEIGHT. 155185. | MIKE BELTRAN | Lael | [oe | Lal | =o | ARES | wid | FARES | ARES | ZIM | VENDRAMINE | ZAM | VENDRAMIN | 71M | VENDRAMIN | ne | oe | rae | oon, | om | or | Ea | oon | oe | au | = | = | 3 | a | roe | ote. | ‘Som | 0 | 9 | 10 | 1 | 9 | 10 | 1 | 9 | 0 | 3 | 10 | 2 | 9 | 10 | 2 | 9 | 7 | 0 | 8 | 3 | 10 | 9 | 3 | 10 | oH | ea | wa | Ey | Ey | Ey | Ey | JUNICHIRO KAMIJO | DEREK CLEARY | CHRIS FLORES | POINT DEDUCTIONS | NOTES | RESULT | Fares Ziam won by Majority Decision"
a7c84e042438a2b7acd56027.jpg,f039db5adee23dafaa91522948b017decd1cfa23a38d8086666e4ddcc529a24e,60741298-4226-555e-89ce-dceef0875c7f,34d227a6-a453-501b-bdb7-8104ad49d551,UFC 263: Adesanya vs. Vettori 2,2021-06-12,Drew Dober|Brad Riddell,jpeg,11,120,12,2,"541s. | FIGHT #9 | ‘55 tBs. | UFC | scorecaro | DREW DOBER | vs. | BRAD RIDDELL | ‘UFC 263: ADESANYA VS VETTORI2 | ae | Locaten | Venue | Weigh class | Reteree | ose | CLENDALE, ARIZONA USA | CGARIVER ARENA | LGATWEIGHT. 155185. | anc cA004R0 | iy | [oe | Lal | Lael | =o | Rew | Rew | DREW | OBER | DDE | DOBER | one | DOBER | u0oEtL | ry | ane | oe | re | veoe |, | om | wae | oy | ‘ate | oon | om | au | ory | mae | a | roe | ote. | Baw | oe | Soe | Seo | 3 | Some | 0 | | | 1 | 9 | 10 | 9 | 10 | 1 | 9 | 3 | | | 2 | 10 | 2 | 10 | 3 | 2 | 10 | 3 | 3 | 0 | 3 | 10 | 9 | 3 | 10 | Ey | oH | Ey | ea | EJ | wa | [wre oe] | [roma] | DEREK CLEARY | ‘SAL D'AMATO | BRAD FRANK | POINT DEDUCTIONS | NOTES | RESULT | Brad Riddell won by Unanimous Decision"
ac629fbfe83e81270c40f6b3.jpg,ec7914331bc6a04b0396e403dec72cebe57b0fd1e225c2462774ced0823e6509,6ede9b87-d9cd-59d3-b77b-215726a379a0,34d227a6-a453-501b-bdb7-8104ad49d551,UFC 263: Adesanya vs. Vettori 2,2021-06-12,Matt Frevola|Terrance McKinney,jpeg,11,87,0,2,"1551s. | 1555185. | UFC | scorecaro | FIGHT #84 | MATT FREVOLA | vs. | TERRANCE MCKINNEY | ‘UFC 263: ADESANYA VS VETTORI2 | Weigh class | ree | oiraas | vous, zona | akan ane | LGATWEIGHT. 155185. | SON WeRzOG | iy | a | [oe | Lal | =o | TERRINCE | TERRANCE | TERR | FREVOLA | MCKINNEY | FREVOLA | MCKINNEY | FREVOLA | (MCKINNEY | ry | rae | om | maw | om | oe | a | roe | ane | oe | a | or | i | oon | au | = | = | 3 | ote. | ‘Som | 1 | 1 | 2 | 2 | 3 | 3 | oH | ea | wa | [wre oe] | DEREK CLEARY | ‘SAL D'AMATO | DENNIS O'CONNELL | POINT DEDUCTIONS | NOTES | RESULT | Terrance McKinney by knockout"
b76e26b22a624b3dbced5c27.jpg,be8c4987e3f743876833eaa34d4f27bee8fcb3a7efda174a2fcbe97586cd4ff4,972aa37e-cd32-5df7-99a2-94205b7bf591,34d227a6-a453-501b-bdb7-8104ad49d551,UFC 263: Adesanya vs. Vettori 2,2021-06-12,Jake Collier|Carlos Felipe,jpeg,11,101,5,2,"282585, | FIGHT #41 | 2645185. | UFC | scorecaro | CARLOS FELIPE | vs. | JAKE COLLIER | ‘UFC 263: ADESANYA VS VETTORI2 | Weigh ciass | Reteree | oiraas | vous, zona | akan ane | HEAVYWEIGHT 265 LB. | ALQUINEE | Ly | Lael | [oe | Lah | =o | cantos. | cntos | canuos | FELIPE | cout | FELIPE | cout | FELIPE | couteR | ory | ane | oe | rae | oon, | om | wae | oe | Ea | oon | oe | au | = | mae | 3 | a | roe | ote. | ‘Som | 3 | | | 1 | 0 | 10 | 3 | 1 | 10 | 0 | 2 | ey | 9 | | | 3 | 3 | 0 | 10 | 9 | oH | ea | wa | Ey | a | Ey | [wre oe] | ‘SAL D'AMATO | CHRIS LEE | DENNIS O'CONNELL | POINT DEDUCTIONS | NOTES | RESULT | Carlos Felipe won by Split Decision"
ec17a37dda5661873ecaef2e.jpg,a714da95cb7c2863cda59812c70caf4779097396d7234879d976bc9f2c8dec6c,d4027004-3c78-53cc-8f98-20c873096295,34d227a6-a453-501b-bdb7-8104ad49d551,UFC 263: Adesanya vs. Vettori 2,2021-06-12,Israel Adesanya|Marvin Vettori,jpeg,11,91,7,2,"ass. | FIGHT #14 | 145 Bs. | UFC | scorecaro | ISRAEL ADESANYA | vs. | MARVIN VETTORI | ‘UFC 263: ADESANYA VS VETTORI2 | Weigh class | Releree | vera | vous, zona | akan ane | ‘MIDDLEWEIGHT 185 Ls. | ‘anc ca004RO | iy | | =o | I5RaEL | MARVIN | ‘MARVIN | MARVIN | ‘ADESANYA | verTOR! | ADESANYA | VETTORI | ADESANYA | veTTORI | oe | oe | rae | oon, | om | oe | = | oon | oe | au | = | mae | a | roe | ote. | eo | 0 | | | 10 | 0 | 10 | | | 10 | 10 | 0 | 10 | 10 | 10 | oH | 45 | ew | 45 | 50 | a | 45 | DEREK CLEARY | ‘SAL D'AMATO | CHRIS FLORES | POINT DEDUCTIONS | ‘NOTES | RESULT | lsrael Adesarya won by Unanimous Decision"
f7994f067ce2dd88c23ec788.jpg,f8b94c958515440abe6e44acb438a49b806d66669efef721c57d74fa45f6545a,0a4a761f-5e0f-5812-8bd6-22b036e7782c,42a6ece5-07eb-58c4-9fb8-a109a3fc0148,UFC Fight Night: Jung vs. Ige,2021-06-19,Casey O'Neill|Lara Procopio,jpeg,11,125,10,2,"‘SSB. | FIGHT #1 | 6 tBs. | UFC | scorecaro | CASEY O'NEILL | vs. | LARA PROCOPIO | URC FIGHT NIGHT: JUNG VS. GE | ae | ecaton | Venue | eteree | rc aPEX | Weign cass | WOMEN'S FLYWEIGHT 5 LBS. | ‘hms TOGNON. | 6202 | US VECAS, NEWOA USA | CE | sel | Ed | =o | URA | sey | sey | RA | NEL | PROCOPIO | O'NEILL | pRocaPio | O'NEILL | PROCOPIO | ory | re | om | oy | om | oy | mae | a | roe | Baw | ane | oe | veoe |, | ‘ate | oon | au | Soe | Seo | 3 | ote. | Some | 3 | | | 1 | 0 | | | 10 | 3 | 1 | 10 | 0 | 2 | 2 | 9 | 10 | 2 | 9 | | | | | 3 | 3 | 3 | 8 | oH | 8 | 8 | ea | 9 | 9 | a | 19 | [wre ce] | [noc | | JUNICHIRO KAMIJO | DAVE HAGEN | DEREK CLEARY | POINT DEDUCTIONS | NOTES | RESULT | CCasey O'Neill won by technical submission | 254 of round 3 -Rear naked choke."
37714d639e2b0715dbf19a99.jpg,750274f27e1935534748a5ac4521ef810bbdff06d10f912a8e8a15f2453c73e7,20343747-7c61-510b-9da1-f1773ea4d1b5,1d6d352c-7b52-503b-9bfc-adac6157d643,UFC Fight Night: Gane vs. Volkov,2021-06-26,Shavkat Rakhmonov|Michel Prazeres,jpeg,11,110,6,2,"ms us, | wouss. | UFC | scorecaro | FIGHT #6 | SHAVKAT RAKHMONOV | vs. | MICHEL PRAZERES | LUFC FIGHT NIGHT: GANEVS. VOLKOV | Vere | Weight class | ere | vernon | Lis AS NEDA USA | URCAPEX. | ‘WELTERWEIGHT - 170.85, | MIKE BELTRAN | Ly | Lael | [oe | Lal | xo | CHE | MICHEL | AKHMONOY | PRAZERES | AKHMONOY | PRAZERES | FAKMONOV | PRAZERES | ory | rae | om | oe | mae | om | roe | ane | oe | a | or | Ea | oon | au | = | 3 | ote. | ‘Som | 0 | | | 1 | 9 | 10 | 1 | | | 9 | 10 | 1 | 9 | | | 2 | 2 | | | 2 | 3 | 3 | 3 | 0 | oH | 0 | ea | 0 | a | [wre oe] | [noc J | TONY WEEKS | RICK WINTER | MIKE BELL | POINT DEDUCTIONS | NOTES | RESULT | Rakhmonov won by submission 2:10 ofthe | 2nd round - rear naked choke,"
69f153ab17eb2270347500c5.jpg,08c3e79efa5ea6485f1910e92b72527793df5627f8bcbbdc21f3d4fcf063e1a5,3ed974a2-4490-5b81-9e17-e2716f411b88,1d6d352c-7b52-503b-9bfc-adac6157d643,UFC Fight Night: Gane vs. Volkov,2021-06-26,Jai Herbert|Renato Moicano,jpeg,11,97,4,2,"156185. | FIGHT #8 | 1555185. | UFC | scorecaro | RENATO MOICANO | vs. | JAI HERBERT | LUFC FIGHT NIGHT: GANEVS. VOLKOV | Vere | Weight class | tere | vernon | Lis AS NEDA USA | URCAPEX. | LUGATWEIGHT- 551.85 | ‘RIS TOCKON | Ly | Lael | [oe | RENATO | OKANO | HERBERT | warcano | ena | MOICANO | HERBERT | ory | ane | oe | veoe |, | om | or | Ea | oon | oe | au | = | ory | 3 | a | roe | ote. | ‘Som | 0 | | | 1 | 9 | 10 | 1 | | | 9 | 2 | 2 | | | | | 3 | 3 | oH | ea | a | 0 | 0 | 0 | [wre oc] | ADALAIDE BYRD | RON MCCARTHY | RICK WINTER | POINT DEDUCTIONS | NOTES | RESULT | Moicano won by submission 434 ofthe 2nd | round rear naked choke."
29068699e683cf1f5aea0f00.jpg,3b1d64109aff66037f627535ab3f60ea97dfe4d6c904ef14f9890800aa81db92,60933b47-b68c-55f3-9573-73db7f9a146a,1d6d352c-7b52-503b-9bfc-adac6157d643,UFC Fight Night: Gane vs. Volkov,2021-06-26,Raoni Barcelos|Timur Valiev,jpeg,11,108,7,2,"ass. | ‘Be tBs. | UFC | scorecaro | FIGHT #11 | RAONI BARCELOS | vs. | TIMUR VALIEV | LUFC FIGHT NIGHT: GANEVS. VOLKOV | Vere | Weight class | eres | vernon | UUSWECAS EWOK USA | URCAPEX. | IGT - 13585, | ‘MIKE BELTRAN | iy | Lacan | [oe | TIMUR | TIMUR | TIMUR | BaRCELOS | WALIEV | BARCELOS | WALIEV | BARCELOS | WALIEV | ory | rae | oe | mae | a | roe | ane | oe | me, | ‘or | Ea | oon | au | = | 3 | ote. | ‘Som | 3 | | | 1 | 0 | 3 | 1 | 10 | 10 | 0 | | | 2 | 10 | 2 | 7 | 9 | 3 | 3 | 0 | A | 3 | 10 | 10 | Ey | oH | Ey | ea | EJ | EJ | a | Ey | [wre oe] | [noc J | RON MCCARTHY | RICK WINTER | MIKE BELL | POINT DEDUCTIONS | NOTES | RESULT | Timur Valiev won by Majority Decision"
69be3ad25daa36584b97f8c6.jpg,bec9af4d9aaa9f0c3c39de605ad8fc833611a5e6c788369db74746bdaab204dc,89017303-e460-56f8-bc22-7964d71f6acf,1d6d352c-7b52-503b-9bfc-adac6157d643,UFC Fight Night: Gane vs. Volkov,2021-06-26,Ike Villanueva|Marcin Prachnio,jpeg,11,102,4,2,"206185. | 205185. | UFC | scorecaro | FIGHT #84 | MARCIN PRACHNIO | vs. | IKE VILLANUEVA | LUFC FIGHT NIGHT: GANEVS. VOLKOV | ion | Vere | Weight clas | eree | vernon | CAS MEV, USA | URCAPEX. | LUGAT HeATYWEIGHT- 205 Ls, | ERBDEAN | i | Lael | [ae | Lal | =o | Racin | \ILLANUEYA | PeachNo | \ILLANUEWA | Rac | VILLANUEWA | ory | om | oe | mae | a | roe | ane | oe | veoe |, | ‘or | Ea | oon | au | = | 3 | ote. | ‘Som | 3 | 1 | 0 | 3 | 1 | 10 | 3 | 1 | 10 | 2 | 2 | 2 | 3 | 3 | 3 | oH | 0 | ea | 10 | a | 10 | [wre wo] | RON MCCARTHY | DAVE HAGEN | RICK WINTER | POINT DEDUCTIONS | NOTES | RESULT | Prachinio won by TKO 06 of the 2nd round."
c10c42d7307664fa9d78ff2d.jpg,696813c6e5e8d644c48840f328170b77afcc8aa869d383c0c39683945a68c854,b0e79c25-b609-55de-afb7-2def02d402ec,1d6d352c-7b52-503b-9bfc-adac6157d643,UFC Fight Night: Gane vs. Volkov,2021-06-26,Ovince Saint Preux|Tanner Boser,jpeg,11,105,5,2,"240185. | 2308s, | UFC | scorecaro | FIGHT #12 | TANNER BOSER | vs. | OVINCE SAINT PREUX | LUFC FIGHT NIGHT: GANEVS. VOLKOV | Vere | Weight class | vernon | UUSWECAS EWOK USA | URCAPEX. | EAYWEIGHT- 265.85. | pons | Ly | Lael | [oe | xo | ‘MER | ‘MER | THER | BOSER | SAINT PREUK | BOSER | SAINT PREDX | BOSER | SAINT PREUX | ry | om | oe | a | roe | ane | oe | veoe |, | or | Ea | oon | au | = | = | 3 | ote. | ‘Som | 0 | | | 1 | 9 | 10 | 1 | 9 | 10 | 1 | 9 | | | 2 | 2 | 2 | 3 | 3 | 3 | 0 | oH | 0 | ea | 0 | a | [wre oe] | [noc J | CHRIS LEE | ‘SAL D'AMATO | MIKE BELL | POINT DEDUCTIONS | NOTES | RESULT | Boser won by KO 231 ofthe 2nd round."
b3853127035b33cd437064f8.jpg,30c79a5671cb3f8f037a811ba99773acf1caf1571ecbc5853c7d93e82763d574,bb5c4396-c538-5427-8e17-86354bb9bcd6,1d6d352c-7b52-503b-9bfc-adac6157d643,UFC Fight Night: Gane vs. Volkov,2021-06-26,Andre Fili|Daniel Pineda,jpeg,11,117,3,2,"55 Us, | FIGHT #10 | 45 Bs. | UFC | scorecaro | ANDRE FILI | vs. | DANIEL PINEDA | LUFC FIGHT NIGHT: GANEVS. VOLKOV | ate | oeation | Vere | Reteree | URCAPEX. | Weight class | FEATWERWEIGHT- 145 LBS | HERBDEAN | 1626/2021 | US VEGAS NEWADA, USA | CE | Sa | [oe | ‘NORE | AMIEL | ‘aOR | DAMEL | RE | DANIEL | ALL | PINEDA | ALL | PINEDA | ALL | PINEDA | ory | re | om | wae | oy | om | oe | ory | mae | a | roe | Baw | ane | oe | veoe |, | oe | ‘ate | oon | au | Soe | Seo | 3 | ote. | Some | 0 | 10 | 1 | | | 9 | 2 | 2 | 3 | 0 | oH | 0 | ea | 0 | wa | [wre ce] | [oc | | JUNICHIRO KAMIJO | CHRIS LEE | ‘SAL D'AMATO | POINT DEDUCTIONS | NOTES | RESULT | No decision at 0:46 ofthe 2nd round. Pineds | suffered an accidental eye poke and could not | continue"
279e6abbd3b51e8a0aa738a9.jpg,daddd1a3c0f0145e4a434cd79ee902c6999d97b2f46eef2235f8fcb24a476a64,e3d038c2-4a03-5cb2-b3aa-f79bd57dd346,1d6d352c-7b52-503b-9bfc-adac6157d643,UFC Fight Night: Gane vs. Volkov,2021-06-26,Alexander Volkov|Ciryl Gane,jpeg,11,100,12,2,"245185. | FIGHT #13, | 26585, | UFC | scorecaro | CIRYL GANE | vs. | ALEXANDER VOLKOV | LUFC FIGHT NIGHT: GANEVS. VOLKOV | Vere | Weight class | Reteree | vernon | UUSWECAS EWOK USA | URCAPEX. | EAYWEIGHT- 265.85. | HERB DEAN | ay | a | [oe | oR | ALEXANDER | orn | ALEXANDER | Rv | ‘ALEXANDER | CANE | VoLKaV | CANE | VOLKOV | CANE | VOLKOV | ne | oe | veoe |, | om | se | Ea | oon | oe | au | = | = | 3 | a | roe | ote. | eo | 0 | 10 | 3 | 10 | 0 | 10 | 10 | 10 | 10 | 10 | 0 | 10 | 10 | 10 | 10 | 10 | oH | 45 | 50 | ew | 45 | 43 | en | JUNICHIRO KAMIJO | RON MCCARTHY | ‘SAL D'AMATO | POINT DEDUCTIONS | ‘NOTES | RESULT | Ciry Gane won by Unanimous Decision"
976cf7feb39b7358dffd20ba.jpg,af3b55fc84ba1c87b0ffe59eb39d8d3faf1e74f506e9f5eae9013d4eab043d0b,f8ba3455-8d2b-5604-bff9-fd072f771e8d,1d6d352c-7b52-503b-9bfc-adac6157d643,UFC Fight Night: Gane vs. Volkov,2021-06-26,Tim Means|Nicolas Dalby,jpeg,11,101,9,2,"ms us, | wouss. | UFC | scorecaro | FIGHT #9 | TIM MEANS | vs. | NICOLAS DALBY | LUFC FIGHT NIGHT: GANEVS. VOLKOV | Vere | Weight class | vernon | UUSWECAS EWOK USA | URCAPEX. | ‘WELTERWEIGHT - 170.85, | psn | Ly | aS | [oe | Lal | =o | NcOLAS | cous | ‘NEOUS | MEANS | DALBY | MEANS | DALBY | ans | DALBY | ory | rae | ""7 | oe | mae | a | roe | ane | oe | mn | a | or | Ea | oon | au | = | 3 | ote. | ‘Som | 0 | 1 | 9 | 10 | 10 | 1 | 9 | 0 | 3 | 2 | 9 | 0 | 10 | 3 | 10 | oH | Ey | ea | wa | Ey | [wre oc] | [noc | | TONY WEEKS | JUNICHIRO KAMIJO | MIKE BELL | POINT DEDUCTIONS | NOTES | RESULT | Tim Means won by Unanimous Decision"
ef94645ec01c7ad25588cb29.jpg,53c26446a82369cad1d511150dbebfdcb9e67b345e5749beaba8186dcc4efe2a,f4e8553a-c236-5223-b10b-47a6e56c36a1,996bd67f-5a0a-59bc-a58a-5b0b47e7e33a,UFC 264: Poirier vs. McGregor 3,2021-07-10,Trevin Giles|Dricus Du Plessis,jpeg,11,117,4,2,"55 us. | FIGHT #84 | SSS. | UFC | scorecaro | LUFC 264: POIRIER VS. MCGREGOR 3 | TREVIN GILES | vs. | DRICUS DU PLESSIS | Date | pope | Location | US VEGAS, NEVADA USA | ‘PMOBILE ARENA | Wiigh class | MIDDLEWEIGHT - 185 85. | Aateree | ‘ois TooKON | [ ee co | | a) coc | oo oo | nq | LES, | DU PLESSIS | GILES | DU PLESSIS | GILES | DU PLESSIS | = | bo | soc | ee, | rove | ote | = | Sir | Se | ca | rove | ster | Stone | ee | bo | eae | oe | stout | rom | 9 | 1 | 0 | 3 | i | 1 | 0 | 3 | 10 | |? | | 2 | 2 | 3 | 3 | vam | 10 | ram | 0 | a | 10 | [vers pce] | [ su: noc} | TONY WEEKS | MIKE BELL | JUNICHIRO KAMIJO | POINT DEDUCTIONS | NOTES | RESULT | Du Plessis won by KO 1:41 ofthe 2nd round."
f963c8c2f8c19658758479aa.jpg,7b3aeef119262fc0680bd00fd541b9acf9f8f04b95886828ce6cc81790fad989,2b802e81-b768-5da1-8372-d238fe794f67,9ef242c7-0a32-540b-ab2c-d9f0b671d076,UFC Fight Night: Sandhagen vs. Dillashaw,2021-07-24,Nassourdine Imavov|Ian Heinisch,jpeg,11,100,3,1,"MSS. | 1855185. | UFC | scorecaro | FIGHT #5 | NASSOURDINE IMAVOV | vs. | TAN HEINISCH | ‘UFC FIGHT NIGHT: SANDHAGEN VS. DILLASHAW | Verve | Weigrt class | Reteree | ons | Us as MDA USA | rc aPEX | ‘MIODLEWEIGHT 185s. | Manx soma | a | ca | [oe | NASSOURDINE | NASSOURDINE | NASSOURDINE | IMavOV | HEINISCH | IMavOV | neNisct | IMAVOV | neNisct | ry | om | oe | mae | a | roe | ane | oe | veoe |, | or | Ea | oon | au | = | 3 | ote. | ‘Som | 0 | | | 1 | 9 | 10 | 1 | | | 9 | | | 2 | 2 | | | 3 | 3 | 0 | oH | 0 | ea | 0 | a | [wre oe] | [oc | | DEREK CLEARY | ‘SAL D'AMATO | TONY WEEKS: | POINT DEDUCTIONS | NOTES | RESULT | Nassourdine Imavov won by TKO 3:09 of | round 2."
a2388e490489f974c7ba5f28.jpg,ae1868e8c5dea11f3d59af54e49340d3026a9ca89acb7496248d0a6422537ca7,7dfc1f79-f5d9-5e1a-abe0-27e15b9951a0,9ef242c7-0a32-540b-ab2c-d9f0b671d076,UFC Fight Night: Sandhagen vs. Dillashaw,2021-07-24,Cory Sandhagen|TJ Dillashaw,jpeg,11,117,11,1,"‘6s. | FIGHT #11 | ‘Be tBs. | UFC | scorecaro | CORY SANDHAGEN | vs. | T| DILLASHAW | ‘UFC FIGHT NIGHT: SANDHAGEN VS. DILLASHAW | ae | ocaton | Verve | Reteree | rc aPEX | Weigh cass | ‘BANTAMWEIGHT 135 LB, | ERBDEAN | psa | US VECAS, NEWOA USA | [a | sel | [oe | cory | SANOHAGEN | DILASHAM | SANDHAGEN | DLLASHa | SANDHAGEN | DILASHAW | ene | re | rae | om | wae | maw | om | oe | ory | mae | a | roe | Baw | ane | oe | oon, | oe | ‘ate | oon | au | Soe | Seo | a | ote. | ‘ate | 3 | | | 0 | 10 | 10 | 0 | 10 | 9 | | | 3 | 0 | 10 | 10 | 0 | 10 | 9 | 10 | 10 | 5 | 10 | 48 | oH | a | a1 | ea | 48 | a | a | 48 | [re voce} | [ro noc] | DEREK CLEARY | ‘SAL D'AMATO | JUNICHIRO KAMIJO. | POINT DEDUCTIONS | ‘NOTES | RESULT | “T Dillashaw won by Split Decision"
646c11f227a9d78b4a2ef3ed.jpg,a0736f2e9b66779be1ad4635f2bf9f3d8250a1703db14ff19f62ad29698c5cce,8a4340d9-2668-53be-8884-748e0ade83cf,9ef242c7-0a32-540b-ab2c-d9f0b671d076,UFC Fight Night: Sandhagen vs. Dillashaw,2021-07-24,Diana Belbita|Hannah Goldy,jpeg,11,107,9,2,"Pres | 55S. | UFC | scorecaro | FIGHT #1 | DIANA BELBITA | vs. | HANNAH GOLDY | ‘UFC FIGHT NIGHT: SANDHAGEN VS. DILLASHAW | Verve | Weign cass | ons | Us as MDA USA | rc aPEX | WOMEN'S STRAWWEIGT 11 Bs, | er eenson | Ly | Laren | [oe | Lah | =o | Hage | wana | sel8rma | Gouoy | selBra | coLOY | aaa | Gouoy | ory | om | oe | mae | a | roe | ane | oe | veoe |, | or | Ea | oon | au | = | 3 | ote. | ‘Som | 0 | | | 1 | 9 | 10 | 1 | 9 | 0 | | | 2 | 3 | 10 | 2 | 9 | 10 | 3 | 9 | 10 | 3 | 30 | oH | Ed | ea | a | 30 | wa | a | [wre oe] | DEREK CLEARY | JERIN VALEL | JUNICHIRO KAMIO | POINT DEDUCTIONS | NOTES | RESULT | Diana Belbita won by Unanimous Decision"
83084839ce622c73fbb0545f.jpg,8908859d85b08479aee9c6c15e9b8dbea2eb5d6e96a45d5294681728e5b0648e,9a6c8d21-089a-52fa-b678-1a4e189b2dc9,9ef242c7-0a32-540b-ab2c-d9f0b671d076,UFC Fight Night: Sandhagen vs. Dillashaw,2021-07-24,Maycee Barber|Miranda Maverick,jpeg,11,112,13,2,"‘SSB. | 558s. | UFC | scorecaro | FIGHT #8 | MIRANDA MAVERICK | vs. | MAYCEE BARBER | ‘UFC FIGHT NIGHT: SANDHAGEN VS. DILLASHAW | Verve | Weign cass | ree | ons | Us as MDA USA | rc aPEX | WOMEN'S FLYWEIGHT 5 LBS. | ERBDEAN | CE | Lammy | [oe | Lal | xo | ‘MRANOA | MaVCEE | MiRANOA | MAYCEE | MIRANDA | MAYCEE | MAVERICK | BARBER | MAVERICK | BARBER | MAVERICK | BARBER | ory | om | oe | mae | a | roe | ane | oe | veoe |, | or | Ea | oon | au | = | 3 | ote. | ‘Som | 0 | 10 | 1 | 9 | 10 | 1 | 9 | 10 | 8 | 2 | 7 | 10 | 2 | 9 | 0 | 9 | 3 | 10 | 3 | 10 | Ey | oH | Ey | ea | EJ | wa | Ey | [noc | | ‘SAL D'AMATO | DAVE HAGEN | CHRIS LEE | POINT DEDUCTIONS | NOTES | RESULT | Maycee Barber won by Split Decision"
f00341ba36f6a4e42d1f61c7.jpg,e053ff1805bdef602d1a5123d7296b63fea2dc1c509f2eb60259b2817c2a0ad7,a87b7dcd-612a-50c6-b3c6-4f20afcc0fba,9ef242c7-0a32-540b-ab2c-d9f0b671d076,UFC Fight Night: Sandhagen vs. Dillashaw,2021-07-24,Darren Elkins|Darrick Minner,jpeg,11,102,6,2,"‘Meus. | FIGHT #9 | 55 Bs. | UFC | scorecaro | DARREN ELKINS | vs. | DARRICK MINNER | ‘UFC FIGHT NIGHT: SANDHAGEN VS. DILLASHAW | Verve | Weignt cass | eteree | ons | Us as MDA USA | rc aPEX | FEATMERWEIGT-145 185. | ARK STH | Ly | a | [oe | DARREN | DARRICK | DARREN | DARRICK | DARREN | DARRICK | ELKINS | ‘MINNER | ELKINS | ‘MINNER | ELKINS | ‘MINNER | mae | ane | oe | rae | oon, | om | ‘or | Ea | oon | oe | au | = | = | 3 | a | roe | ote. | ‘Som | 0 | 3 | 1 | 10 | 10 | 2 | 7 | 3 | oH | ea | a | 0 | 10 | 10 | [wre oe] | [oc | | DEREK CLEARY | JUNICHIRO KAMIJO | TONY WEEKS: | POINT DEDUCTIONS | NOTES | RESULT | Darren Elkins won by TKO 3:48 of round 2"
fae952389bf9d76865afa219.jpg,7d51aa8265464f1ad89aa8adf3b536687f462032787ae882a8a3eb384e840b73,cd802660-557d-549b-8f2d-9f824b7d5d7d,9ef242c7-0a32-540b-ab2c-d9f0b671d076,UFC Fight Night: Sandhagen vs. Dillashaw,2021-07-24,Julio Arce|Andre Ewell,jpeg,11,111,2,2,"‘SSB. | FIGHT #3, | BS tBs. | UFC | scorecaro | JULIO ARCE | vs. | ANDRE EWELL | ‘UFC FIGHT NIGHT: SANDHAGEN VS. DILLASHAW | ae | ocaton | Verve | Weigh cass | Reteree | psa | US VECAS, NEWOA USA | rc aPEX | ‘BANTAMWEIGHT 135 LB, | ‘hms TOGNOM | iy | [oe | Lacey | yuuo | NORE | yuuo | ANORE | wu | NORE | ARCE | EWELL | ARCE | EWELL | ARCE | EWELL | ory | ane | oe | re | om | wae | maw | ‘ate | oon | om | oe | au | ory | mae | a | roe | ote. | Baw | veoe |, | oe | Soe | Seo | 3 | Some | 0 | 10 | 1 | | | 9 | 2 | 2 | | | 3 | 0 | oH | 0 | ea | 0 | a | [wre oe] | [oc | | CHRIS LEE | JUNICHIRO KAMIJO | TONY WEEKS: | POINT DEDUCTIONS | NOTES | RESULT | Jullo Arce won by TKO 3:45 of round 2"
652e5ba4efef114a1dc6dc40.jpg,1d4dd74b45805072c93936d0d853d3548262ee54de15a7429aaf77b39b8edf28,01ab26e8-8046-51f4-9dac-c9dcdfa15628,dc272dd4-5ee6-5e87-8a33-d50413ddf3f9,UFC Fight Night: Hall vs. Strickland,2021-07-31,Jason Witt|Bryan Barberena,jpeg,11,103,11,2,"ms.ss. | ‘5 18s. | UFC | scorecaro | FIGHT #6 | BRYAN BARBERENA | vs. | JASON WITT | ‘UPC FIGHT NIGHT: HALL VS, STRICKLAND | Weigh ciass | teree | pve | UUs Es. NeMDK USA | care | WEITERWEIGIT ""70185. | EIT PETERSON | ay | [acme | [oe | Lal | SON | 1ASON | 1ASON | ARBERENA | wit | BARBERENA | wit | BARBERENA | wit | ory | rae | ""7 | oe | mae | a | roe | ane | oe | mn | a | ‘or | Ea | oon | au | Sone | 3 | ote. | ‘Som | 0 | 3 | 1 | 10 | 10 | 10 | 8 | 2 | 7 | 10 | 10 | 10 | 10 | 3 | 9 | a | oH | Ey | ea | EJ | EJ | a | Ey | [oc | | MIKE BELL | RICK WINTER | TONY WEEKS: | POINT DEDUCTIONS | NOTES | RESULT | Jason Witt won by Majority Decision"
0a02a200e61a6058c487dcb2.jpg,73f4b9a1c9be8ca425195d32de51885fba7f3c7c1ef46effce83691c77d30692,0f799b62-41b7-56e6-8e8b-b1f21ffd07d8,dc272dd4-5ee6-5e87-8a33-d50413ddf3f9,UFC Fight Night: Hall vs. Strickland,2021-07-31,Collin Anglin|Melsik Baghdasaryan,jpeg,11,105,6,2,"‘weiss. | 55 Bs. | UFC | scorecaro | FIGHT #7 | COLLIN ANGLIN | vs. | MELSIK BAGHDASARYAN | ‘UPC FIGHT NIGHT: HALL VS, STRICKLAND | Venue | Weigh as | certo | pve | UUs Es. NeMDK USA | UFC APEX | FEATWERWEIGHT 145 LB, | ani sora | CE | Lacey | [oe | =o | ‘own | ANGLIN | BACHOASARYAN | ac | BACHOASARYAN | anc | BACHOASARYAN | ry | om | oe | a | roe | ane | oe | veoe |, | ‘or | Ea | oon | au | = | = | 3 | ote. | ‘Som | 3 | 1 | 0 | 3 | 1 | 10 | 1 | 10 | 2 | 2 | 7 | 2 | 3 | 3 | 3 | oH | 0 | ea | 10 | wa | 10 | [wre oe] | JERIN VALEL | JUNICHIRO KAMIJO | ADALAIDE BYRD | POINT DEDUCTIONS | NOTES | RESULT | Melsik won by TKO 150 of the 2nd round,"
cc2c486d347aa7dc8e91ca0f.jpg,9c85fde6fdf703ea1a48102f8850469414806b5bdb7ddb44d4b548e9b883414c,a75b721a-5b74-5873-8b25-1a9fb542606d,dc272dd4-5ee6-5e87-8a33-d50413ddf3f9,UFC Fight Night: Hall vs. Strickland,2021-07-31,Jared Gooden|Niklas Stolze,jpeg,11,86,1,2,"ms.ss. | mus. | UFC | scorecaro | FIGHT #8 | NIKLAS STOLZE | vs. | JARED GOODEN | ‘UPC FIGHT NIGHT: HALL VS, STRICKLAND | Weigh ciass | Reteree | pve | UUs Es. NeMDK USA | care | WEITERWEIGIT ""70185. | HERB DEAN | i | Lael | [oe | aReD | JARED | rote | cadnen | STOLZE | GOODEN | STOLZE | GOODEN | ory | om | oe | a | roe | ane | oe | veoe |, | or | Ea | oon | au | = | = | 3 | ote. | ‘Som | 1 | 2 | 3 | oH | ea | wa | [wre ce] | JUNICHIRO KAMIJO | DAVE HAGEN | RON MCCARTHY | POINT DEDUCTIONS | NOTES | RESULT | Gooden won by TKO 1:08 of the 1st round"
48916f4c69750b8807148821.jpg,44da554f6f1c3c62fbefa8af45fc47359bbc5769e6cd7e7f0bf57e1d61bd0ce7,b8ac2acb-01e4-56d7-97a4-b17099b33f3f,dc272dd4-5ee6-5e87-8a33-d50413ddf3f9,UFC Fight Night: Hall vs. Strickland,2021-07-31,Ashley Yoder|Jinh Yu Frey,jpeg,11,104,9,2,"WsSuBs, | 6S. | UFC | scorecaro | FIGHT #3, | JINH YU FREY | vs. | ASHLEY YODER | ‘UPC FIGHT NIGHT: HALL VS, STRICKLAND | Venue | Weigh Class | fo | pve | UUs Es. NeMDK USA | UFC APEX | WOMEN'S STRAWWEIGHT 185185. | a | ITH PETERSON | Lael | [oe | Lal | lo | ASHLEY | or | ASHLEY | vu | ASHLEY | FREY | YODER | FREY | YODER | FREY | YODER | mae | oe | a | roe | ane | oe | ooo | a | or | Ea | oon | au | = | = | 3 | ote. | ‘Som | 0 | 10 | 1 | | | 9 | 10 | 0 | 2 | | | 9 | 10 | 10 | 10 | 3 | 9 | 10 | oH | Ed | ea | a | 30 | wa | MIKE BELL | RON MCCARTHY | DAVID TIRELLI | POINT DEDUCTIONS | NOTES | RESULT | sinh Yu Frey won by Unanimous Decision"
ee0de82f0e5769a00a2d3e7d.jpg,77a2847aa8854f850359aa157181a2cb801651242ac1873be05f395621235405,078e5dde-5332-5860-917a-4a121e54750b,ed11f74c-ff18-532c-b132-52c8dac8bffd,UFC 265: Lewis vs. Gane,2021-08-07,Victoria Leonardo|Melissa Gatto,jpeg,11,110,12,2,55 Us. | FIGHT #2 | ates. | UFC | scorecaro | VICTORIA LEONARDO | vs. | MELISSA GATTO | ‘UPC 265: LEWIS VS. GANE. | cater | Venue | Weigh cass | Roteee | axa | ‘WOMENS YWEIGHT 125 LBS. | cos monmauvo | [ey | a | [aoe | Ed | vieroRIA | MELISSA | ‘wcroRIA | MELISSA | vcTORIA | EUSA | LEONARDO | carTO. | LEONARDO | LEONARDO | caTTO | ory | ane | oe | rae | sic. | om | ‘or | Ea | oon | oe | au | Soe | m | mae | 3 | om | roe | ote. | ‘Som | 0 | 10 | 1 | | | 9 | 3 | 1 | 10 | 10 | 8 | 2 | 10 | 8 | 2 | 10 | | | 3 | 3 | oH | a | a | B | 20 | 8 | 9 | 8 | [wre oe] | ROBERT ALEXANDER | DANNY DE ALEJANDRO | DOUG CROSBY | POINT DEDUCTIONS | NOTES | RESULT | 10 of the 3rd round Grato by Doe | stoppage/broken arm/wrist
583333dde5271164ca88b124.jpg,6d0ebecf27577571477b42eb47255273794040a8e6ecfd5aeb4ee542055877c4,453bda44-e95c-510d-94cc-7f21c4121530,ed11f74c-ff18-532c-b132-52c8dac8bffd,UFC 265: Lewis vs. Gane,2021-08-07,Michael Chiesa|Vicente Luque,jpeg,11,83,0,2,"os uss. | FIGHT #11 | wouss. | UFC | scorecaro | MICHAEL CHIESA | vs. | VICENTE LUQUE | ‘UPC 265: LEWIS VS. GANE. | cater | Venue | Wigt class | axa | ‘WELTERWEIGHT- 170.85, | er uy | CE | Lael | [oe | ‘Mout | VICENTE | OHNE | ‘ENTE | muonaet | ‘iceNTE | CHIESA | Lugue | CHIESA | Lugue | CHIESA | Lugue | ory | ane | oe | sic. | om | Ea | oon | oe | au | = | mae | 3 | a | roe | ote. | ‘Som | 1 | 1 | 2 | 2 | 3 | 3 | oH | a | a | CHRIS LEE | PATRICK PATLAN | JOSHUA FERRARO | POINT DEDUCTIONS | NOTES | RESULT | 325 of first rd darce choke Luque"
8eb4eb8e85d30913e0680e26.jpg,2c4135f995d1b59fcccd022e9a7140ac725b592e8cc99a3b088ae678784d2ca4,835c6583-06c9-5d2f-a884-e9f107fe9b60,ed11f74c-ff18-532c-b132-52c8dac8bffd,UFC 265: Lewis vs. Gane,2021-08-07,Manel Kape|Ode Osbourne,jpeg,11,85,2,2,"9s. | 5 tBs. | UFC | scorecaro | FIGHT #4 | MANEL KAPE | vs. | ODE OSBOURNE | ‘UPC 265: LEWIS VS. GANE. | cater | Venue | Weigh class | ere | axa | FLYWEIGHT 25.8. | JEFFREXROHD | iy | Lael | =o | ave. | ‘ODE | ane | awe | KAPE | OSBOURNE | KAPE | OSBOURNE | KAPE | OSBOURNE | ory | rae | om | oe | a | roe | ane | oe | a | or | ‘ate | oon | au | = | = | 3 | ote. | ‘Som | 1 | 1 | 2 | 2 | 3 | 3 | oH | a | wa | [wre oe] | ROBERT ALEXANDER | PATRICK PATLAN | DANNY DE ALEJANDRO | POINT DEDUCTIONS | NOTES | RESULT | ape by KO, 4 ed 1"
94329bdc872c833afdd118aa.jpg,d8b683a30cee78c696d51eea760fa428452e40b7518a46db24e7ddf97a1cb153,c292ee35-64d9-5542-9baf-f87b063fd60e,ed11f74c-ff18-532c-b132-52c8dac8bffd,UFC 265: Lewis vs. Gane,2021-08-07,Pedro Munhoz|Jose Aldo,jpeg,11,93,10,2,"a6 Ues. | FIGHT #12 | BS tBs. | UFC | scorecaro | JOSE ALDO | vs. | PEDRO MUNHOZ | ‘UPC 265: LEWIS VS. GANE. | cater | Venue | Weigh ta | Roteree | axa | TMWEIGHT- 135 8, | ‘MIKE BELTRAN | i | [oe | PEDRO | PEDRO | Jose | ‘ALpo | MUNHOZ | ose | ALDO | ‘MUNHOZ | Jose | ALO | une | ne | oe | om | or | Ea | oon | oe | au | = | = | 3 | a | roe | ote. | ‘Som | 0 | 10 | 1 | | | 9 | 10 | 0 | 2 | 9 | 10 | | | 10 | 10 | 3 | 9 | 10 | oH | ea | wa | Ed | a | 30 | CHRIS LEE | ‘SAL D'AMATO | DOUG CROSBY | POINT DEDUCTIONS | NOTES | RESULT | ose Aldo won by Unanimous Decision"
7ae71dbdf6f524c9d3130cda.jpg,6e2f0fb85ca0c3c0defc3b4623bd4ff817b458c2b78a5642eb658954b702c2fd,c600997c-1939-5d17-89a6-2b8286e058ee,ed11f74c-ff18-532c-b132-52c8dac8bffd,UFC 265: Lewis vs. Gane,2021-08-07,Casey Kenney|Song Yadong,jpeg,11,106,13,2,"BSS Us. | ‘Be tBs. | UFC | scorecaro | FIGHT #9 | SONG YADONG | vs. | CASEY KENNEY | ‘UPC 265: LEWIS VS. GANE. | cater | Venue | Weigh ta | ree | axa | TMWEIGHT- 135 8, | MIRACLIOTEA | Ly | a | xo | ‘casey | cAsEY | ‘HDONG | KENNEY | ‘aDONG | KENNEY | YOON | AeNNEY | ory | rae | om | oe | mae | a | roe | ane | oe | sic. | or | ‘ate | oon | au | = | 3 | ote. | ‘Som | 0 | | | 1 | 3 | 1 | | | 10 | 3 | 1 | 10 | 0 | | | 2 | 10 | 2 | | | 9 | 10 | 2 | 9 | 10 | 3 | 10 | 3 | 9 | 9 | 3 | 10 | 30 | oH | Ed | ea | Ey | EJ | wa | [wre oc] | CHRIS LEE | ‘SAL D'AMATO | KERRY HATLEY | POINT DEDUCTIONS | NOTES | RESULT | ‘Song Yadiong won by Split Decision"
b50007623a9302d9440b1329.jpg,5c99cc342f18e5abb46adf5fd8d7da28047e301ca225f31b82a28dcb70c8cc07,ef748cdc-e65c-5fcd-b289-f720e54538fa,ed11f74c-ff18-532c-b132-52c8dac8bffd,UFC 265: Lewis vs. Gane,2021-08-07,Jessica Penne|Karolina Kowalkiewicz,jpeg,11,81,0,2,"1555, | 6S. | UFC | scorecaro | FIGHT #5 | KAROLINA KOWALKIEWICZ | vs. | JESSICA PENNE | ‘UPC 265: LEWIS VS. GANE. | cater | Venue | Weigh cass | ere | axa | ‘WOMENS STRAVWEIGHT 15 5, | MINE BETRAN | i | armel | [oe | TESS | JESSICA | OWLKIEwicz | PENNE | WAL Kaewacz | PENNE | KWaLaewicz | PENNE | ory | rae | om | oe | mae | roe | ane | oe | a | or | Ea | oon | au | = | oh | ote. | ‘Som | 1 | 2 | 3 | oH | a | a | [wre oe] | ROBERT ALEXANDER | ‘SAL D'AMATO | JOSHUA FERRARO | POINT DEDUCTIONS | NOTES | RESULT | penne rd 1 4:32 arm bar"
93c94f861566178aedd0f0eb.jpg,0717d1b0eb5c37f35ffe0afc0b4239f49c957bc6ecec747cbfc4005dc40430b4,00d58820-d631-5835-98f4-8c498ddee5d3,fadf6ee2-2e47-525e-be4e-0c78362ad476,UFC Fight Night: Brunson vs. Till,2021-09-04,Paddy Pimblett|Luigi Vendramini,jpeg,11,93,0,2,"155 U5, | 1555185. | UFC | scorecaro | FIGHT #5 | PADDY PIMBLETT | vs. | LUIGI VENDRAMINI | ‘UPC FIGHT NIGHT: BRUNSON WS. TILL | Vere | Weight class | eteree | van | Lis AS NEDA USA | URCAPEX. | LUGATWEIGHT- 551.85 | aR sora | iy | Lael | [oe | Lal | =o | wid | poor | PIMBLETT | VENDRAMINE | PIMBLETT | VENDRAMIN | MBLETT | VENDRAMIN | ory | om | oe | mae | a | roe | ane | oe | veoe |, | or | Ea | oon | au | = | 3 | ote. | ‘Som | 1 | 1 | 2 | 2 | 3 | 3 | oH | ea | wa | [wre oe] | DEREK CLEARY | RON MCCARTHY | ADALAIDE BYRD | POINT DEDUCTIONS | NOTES | RESULT | Paddy Pimblett won by TKO 425 of round 1"
1b3857fe0feeee6ab5a70540.jpg,bc224a9faaf14c144380156095a308a088eb35b5b7881e9dcab07f5425e446e1,6737f4a5-7ba5-56d5-9304-a2789248e695,fadf6ee2-2e47-525e-be4e-0c78362ad476,UFC Fight Night: Brunson vs. Till,2021-09-04,Marc-Andre Barriault|Dalcha Lungiambula,jpeg,11,112,11,2,"15s, | 145 Bs. | UFC | scorecaro | FIGHT #81 | DALCHA LUNGIAMBULA vs. | MARC-ANDRE BARRIAULT | ‘UPC FIGHT NIGHT: BRUNSON WS. TILL | ion | Vere | Weight class | eteree | van | CAS MEV, USA | URCAPEX. | DOLEWEIGHT 1 Bs. | ‘nRIsTOGNON. | Ly | sme | [oe | Lal | =o | MARC ANDRE | ‘MARC ANDRE | MARCANORE | LUNGIAMBULA | BARRIAULT | TUNGTAMBULA | BARRIAULT | TONGTAMBULA | BARRIAULT | mae | rae | ""7 | oe | mae | om | roe | ane | oe | mn | a | ‘or | Ea | oon | au | = | 3 | ote. | ‘Som | 3 | | | 1 | 0 | 10 | 1 | 9 | 10 | 0 | | | 2 | 8 | 2 | 7 | 10 | 10 | 3 | 3 | 0 | 9 | 3 | 10 | 10 | Ey | oH | Ey | ea | EJ | wa | [wre oe] | DEREK CLEARY | ‘SAL D'AMATO | BRYAN MINER | POINT DEDUCTIONS | NOTES | RESULT | Marc-Andre Barriault won by Unanimous | Decision"
9958f049f43f21b069ddf59b.jpg,5f2092fda5497d122e133331ff85c5b2cb2532e49c244f79a7fba6185e6a1ce3,6eea16b5-ba1b-5b5c-bbbc-e4ccf5133b68,fadf6ee2-2e47-525e-be4e-0c78362ad476,UFC Fight Night: Brunson vs. Till,2021-09-04,Derek Brunson|Darren Till,jpeg,11,104,10,2,"1610s. | FIGHT #9 | 1855185. | UFC | scorecaro | DEREK BRUNSON | vs. | DARREN TILL | ‘UPC FIGHT NIGHT: BRUNSON WS. TILL | Vere | Weight class | sere | van | UUSWECAS EWOK USA | URCAPEX. | DOLEWEIGHT 1 Bs. | ER DEAN | Ly | a | [ao | DEREK | DARREN | ‘DARREN | DeReK | DARREN | BRUNSON | TL | BRUNSON | TL | BRUNSON | TUL | mae | ane | oe | rae | oon, | om | oe | Ea | oon | oe | au | = | mae | 3 | a | roe | ote. | eo | 0 | | | 9 | 10 | 9 | 10 | 0 | 3 | 10 | 9 | 10 | | | oa | 8 | 20 | ea | 8 | 20 | ma | 18 | DEREK CLEARY | ‘SAL D'AMATO | RON MCCARTHY | POINT DEDUCTIONS | ‘NOTES | RESULT | Derek Brunson won by submission 2:13 of | round 3 - Rear naked choke,"
4b0cd6634329cdd83b4a8a84.jpg,c578ab58e6b25e06b71bf80557e2adde544c5371692d4b41cb12527d709393eb,83e55b56-fa2f-5611-90c5-5d2ff1247e98,fadf6ee2-2e47-525e-be4e-0c78362ad476,UFC Fight Night: Brunson vs. Till,2021-09-04,Jack Shore|Liudvik Sholinian,jpeg,11,96,6,2,"‘a6 UBs. | BS tBs. | UFC | scorecaro | FIGHT #3, | JACK SHORE | vs. | LIUDVIK SHOLINIAN | ‘UPC FIGHT NIGHT: BRUNSON WS. TILL | ion | Vere | Weight class | eres | van | CAS MEV, USA | URCAPEX. | IGT - 13585, | ‘RIS TOGNON | Lael | [ae | Lal | =o | ac | Suone | HOLMAN | SHORE | suouintan | SHORE | svn | ory | om | oe | mae | a | roe | ane | oe | veoe |, | or | Ea | oon | au | = | 3 | ote. | ‘Som | 0 | 10 | 1 | 9 | 0 | 10 | 2 | 9 | 10 | 10 | 3 | oH | Ed | ea | a | 30 | wa | ‘SAL D'AMATO | RON MCCARTHY | BRYAN MINER | POINT DEDUCTIONS | NOTES | RESULT | Jack Shore won by Unanimous Decision"
3d60f52218f1bdc3964aaca8.jpg,d492ffb90de389122bf867ef7b34f78ff65890d9a48dd5909be4549324c3697b,ee169757-0c0d-562c-bc61-bf05d1da4836,fadf6ee2-2e47-525e-be4e-0c78362ad476,UFC Fight Night: Brunson vs. Till,2021-09-04,David Zawada|Alex Morono,jpeg,11,89,5,2,"ms us, | ‘5 18s. | UFC | scorecaro | FIGHT #7 | ‘ALEX MORONO | vs. | DAVID ZAWADA | ‘UPC FIGHT NIGHT: BRUNSON WS. TILL | Vere | Weight class | van | Lis AS NEDA USA | URCAPEX. | ‘WELTERWEIGHT - 170.85, | psn | Ly | Lasael | [oe | oo | [ | MoRoNa | ZAWADA | ORONO | ZAWADA | ORONO | za, | ory | rae | ""7 | oe | mae | a | roe | ane | oe | mn | a | or | ‘ate | oon | au | = | 3 | ote. | ‘Som | 0 | 10 | 0 | 10 | 10 | oH | Ed | ea | a | 30 | wa | DEREK CLEARY | ‘SAL D'AMATO | BRYAN MINER | POINT DEDUCTIONS | NOTES | RESULT | ‘Alex Morono won by Unanimous Decision"
70588e32981457905a7a877a.jpg,705de098b7d57a5ba8e60d12e52ae84543f1e85b3303795e54f80e1ed24c7494,f752c632-17f3-548b-ad17-83682cb3c8e7,fadf6ee2-2e47-525e-be4e-0c78362ad476,UFC Fight Night: Brunson vs. Till,2021-09-04,Tom Aspinall|Serghei Spivac,jpeg,11,88,1,2,Dares. | BASS. | UFC | scorecaro | FIGHT #8 | TOM ASPINALL | vs. | SERGHEI SPIVAC | ‘UPC FIGHT NIGHT: BRUNSON WS. TILL | Vere | Weight class | tere | van | Lis AS NEDA USA | URCAPEX. | EAYWEIGHT- 265.85. | ani sort | [ay | Sa | [oe | SERGHEI | SERGHEL | SERGHEI | ISPINALL | SPIVAC | SPINAL | SPIVAC | ISPINALL | SPIVAC | ory | rae | om | oe | mae | a | roe | ane | oe | a | or | Ea | oon | au | = | 3 | ote. | ‘Som | 1 | 2 | 3 | oH | ea | wa | [wre oe] | MIKE BELL | DAVE HAGEN | JUNICHIRO KAMIO | POINT DEDUCTIONS | NOTES | RESULT | Tom Aspinall won by TKO 2:0 of round 1.
18c0bbee143c677126ce5597.jpg,3795a4968032830cecdb84e19433442f3744a2732d45238632e15ceda1826cc3,693d9d6c-5814-5fef-a0b8-a1ec3a407c92,b8f03792-109c-5bab-baa1-9723618a6b50,UFC 266: Volkanovski vs. Ortega,2021-09-25,Curtis Blaydes|Jairzinho Rozenstruik,jpeg,11,88,4,2,"251s. | FIGHT #10 | srs. | UFC | scorecaro | LUFC 266: VOLKANOWSKA VS, ORTEGA | CURTIS BLAYDES vs. —_‘JAIRZINHO ROZENSTRUIK | Reteree | ae | Uses DA Usk | ‘mm AREA | woigecias | us. | ane sar | oo | oo | oo | [ sue comer ] | ‘ugns | ‘ans | asta | BLAYDES | szensrauik | BLAYDES | JOZENSTRUIK | we | reo | oe | oo | ""ea | ‘on | ec | = | ine | Ed | eto | rear | ‘or | ca | 1 | 9 | 0 | 0 | 2 | 9 | 0 | 0 | ‘lll | 3 | 9 | 0 | 30 | ma | ra | rom | [yore poe} | ERIC COLON | CHRIS LEE | TONY WEEKS | POINT DEDUCTIONS | RESULT | Curtis Blaydes won by Unanimous Decision"
93c938aac32cc845b6741832.jpg,f4ca38f2c994a8ae5c7a1b22e273537c4e8a2833cc354745e7f34994c1ba6247,8a21151a-dbe6-59d4-9a4e-5d6a03139114,b8f03792-109c-5bab-baa1-9723618a6b50,UFC 266: Volkanovski vs. Ortega,2021-09-25,Dan Hooker|Nasrat Haqparast,jpeg,11,87,2,2,"‘555Us. | FIGHT #7 | 4S Us. | UFC | scorecaro | DAN HOOKER | vs. | NASRAT HAQPARAST | LUFC 266: VOLKANOWSKA VS, ORTEGA | Weiget Class | fateree | ae | Uses DA Usk | ‘mm AREA | LUGHTHEICHT 55 LBS. | ison weRz06 | oo | oo | oo oo | HAQPARAST | HOOKER | HAQPARAST | Hooxen | HAQPARAST | ie | ot | rear | Soe | reo | wooo | oat | ‘on | So | Ed | a | owe | eto | ‘or | 0 | 0 | 1 | 3 | 0 | 0 | 2 | 3 | 0 | | 0 | 3 | 8 | ma | ra | rom | 30 | % | oo | MIKE BELL | ‘SAL D'AMATO | ADALAIDE BYRD | POINT DEDUCTIONS | RESULT | ‘Dan Hooker won by Unanimous Decision"
f1f34b70916fe238cea66bd9.jpg,aa9190a667fb566cfb0b6a910b8b5e793d698f38187cd220620c271c06842e82,b1ff740e-fa59-5cf4-b6fe-dd1264247e15,b8f03792-109c-5bab-baa1-9723618a6b50,UFC 266: Volkanovski vs. Ortega,2021-09-25,Cody Brundage|Nick Maximov,jpeg,11,77,2,2,"as5.us. | FIGHT #3 | MSs. | UFC | scorecaro | CODY BRUNDAGE | vs. | NICK MAXIMOV | LUFC 266: VOLKANOWSKA VS, ORTEGA | Weight Class | foterse | ae | Uses DA Usk | ‘mm AREA | us, | ‘IS TOCHON | oo | oo | [ ma | | oo oo | oo | BRUNDAGE | MOK | BRUNDAGE | ‘BRUNDAGE | ana | we | ""ea | oo | rear | reo | oe | oo | ‘on | Sot | oe. | Sone | eto | ‘or | 0 | 10 | 0 | 10 | 0 | | 0 | ma | Ta | rom | ‘SAL D'AMATO | DAVE HAGEN | BRYAN MINER | POINT DEDUCTIONS | RESULT | ‘Nick Maximov won by Unanimous Decision"
0a9247b7719a6ca9238fa4c4.jpg,f7fef97c40b0a90650cb68da6bc18dc07242b539d38dad10ba79618837d97f39,2e94f9d4-a75b-5c33-b56b-56588d3c5d18,790497cb-0637-53fb-977c-74f7060d66e5,UFC Fight Night: Santos vs. Walker,2021-10-02,Krzysztof Jotko|Misha Cirkunov,jpeg,11,107,13,2,MSs. | 1655185. | UFC | scorecaro | FIGHT #9 | MISHA CIRKUNOV | vs. | KRZYSZTOF JOTKO | LUFC FIGHT NIGHT: SANTOS VS. WALKER | Vere | Weign cass | Reteree | ‘rms | Us cs MDA USA | CAPEK | ‘MIDDLEWEIGHT 185 Ls. | HERB DEAN | iI | =o | Ca | coed | MRZYSZTOF | MRZYSZTOF | MREVSZTOF | ‘ORKUNOY | JorKo | CiRKUNOV | JoTKo | aRKUNV | JoTKo | ory | rae | a | roe | mae | am | roe | Sone | et | en | a | or | = | oat | sou | = | aut | ote | ‘Som | 1 | 10 | 10 | 1 | 9 | 2 | 10 | 8 | 2 | 10 | 10 | 10 | 3 | 9 | 10 | 3 | 9 | 10 | Ey | oH | ea | EJ | wa | [wre oe] | [rn noc J | ‘SAL D'AMATO | DAVE HAGEN | CHRIS LEE | POINT DEDUCTIONS | NOTES | RESULT | KraysztotJotko won by Split Decision
5e4c21a8074beadbdabd9fa2.jpg,30778786f35b630ebcb08a1beb8bf82e83c2952060f3369558d60773486f52f0,ae4b9652-c2a7-5eb1-8a01-bb1f7fc7f2e2,790497cb-0637-53fb-977c-74f7060d66e5,UFC Fight Night: Santos vs. Walker,2021-10-02,Douglas Silva de Andrade|Gaetano Pirrello,jpeg,11,101,0,2,"sis. | BAS Bs. | UFC | scorecaro | FIGHT #3, | DOUGLAS SILVA DE ANDRADE | vs. | GAETANO PIRRELLO | LUFC FIGHT NIGHT: SANTOS VS. WALKER | Vere | Weigh cass | rte | ‘rms | Us cs MDA USA | CAPEK | EIGHT 135 Us. | om | ISTOCNON! | iy | =o | Ca | cad | So | SILVA DE ANORADE | ot | SILA DE ANORADE | PrRRELLO | SILVADE ANDRADE | Pat | oy | oo | roe | ory | am | roe | Sone | et | eae | a, | or | = | oat | sou | = | aut | ote | ‘Som | 1 | 1 | 2 | 2 | 3 | 3 | oH | ea | wa | [wre 0] | MIKE BELL | ADALAIDE BYRD | JUNICHIRO KAMIJO | POINT DEDUCTIONS | NOTES | RESULT | Douglas Siva De Andrade won by KO 2:04 of | round 1"
bf923f427b291d25fb9666f0.jpg,2c23c4501fbb1bdd36b602490ed66c2e658afdf8e43ce1786e0d0bfdb2ca87a9,17e7134d-ade6-552c-9c39-08c5a637311b,b59e76e6-67bd-51e0-ab51-090ed0abbaf3,UFC 267: Blachowicz vs. Teixeira,2021-10-30,Magomed Ankalaev|Volkan Oezdemir,jpeg,11,83,1,2,"2055s, | FIGHT #9 | 2055 Us. | UFC | scorecaro | MAGOMED ANKALAEV | vs. | VOLKAN OEZDEMIR | LUFC 267: BLACHOWICZ VS. TEDXEIRA | atin | verve | Wig cass | ‘pone | ‘ABU DAB UAE | THAD ARENA | UG HEAPYWEIGAT-205 185. | anc eon | macane | [ sma J | MACOMED | oo oo | macomen | OEZDEMIR | ANKALAEY | OEZDEMIR | AANKALAEV | OEZDEMIR | eos | at | = | cy | oe | oo | ‘on | So | ie. | woe | tec | Se | Sout | 0 | 0 | 0 | 0 | 0 | a | | 0 | 0 | ma | rom | BEN CARTLIDGE | DARRYL RANSOM | CLEMENS WERNER | POINT DEDUCTIONS | RESULT | ‘Magomed Ankalaev won by Unanimous | Decision"
93829d540e11f0ce0602c6e6.jpg,f09b1b0588e8bd2e059c159eb2195384aabba54eb3a232a6c14318c00abd32c7,270d19e4-87a7-50b6-96c7-cd1b338369fd,b59e76e6-67bd-51e0-ab51-090ed0abbaf3,UFC 267: Blachowicz vs. Teixeira,2021-10-30,Benoit Saint Denis|Elizeu Zaleski dos Santos,jpeg,11,136,4,2,"‘05 Us. | FIGHT #5 | muss. | UFC | scorecaro | ELIZEU ZALESKI DOS SANTOS | vs. | BENOIT SAINT DENIS | LUFC 267: BLACHOWICZ VS. TEDXEIRA | atin | Weight cass | ree | ‘pone | ‘ABU DAB UAE | io aA | WEIGHT 70S. | IAGHESLKISELEV | [avn J | co | oo | [ su comer ] | [cen] | oo | ‘xT | ‘s2001T | ZALES DOs SANTOS | sar DENS | ZALES D0 sos | SAINT DENIS | ZALESKI ‘BOS SANTOS | | SAINT DENIS | we | ‘an | oo | om | oo | Ra | ‘on | eos | So | Te, | woo | tec | = | oy | Se | Sout | a | 7 | ue | eto | ear | Soe | ‘or | 0 | | | 1 | 9 | 0 | 0 | 1 | 3 | 0 | | | 2 | a | 0 | 0 | 2 | 8 | ct) | | | 1 | 3 | 9 | ws | 103 | 3 | 3 | ma | rom | EW | EE | ne | % | [yore pce} | DAVID LETHABY | ANDERS OHLSSON: | CLEMENS WERNER | POINT DEDUCTIONS | RESULT | Ra | ‘Zaleski dos Santos | pt Lowblow | Elizeu Zaleski dos Santos won by Unanimous | Decision"
39394cb7990ffb6161cdf8a2.jpg,3cd011f34934e1c006280cac13e565e5202e644b0dd069983bf7e81f13e24ae6,2c373f6e-6e0e-5432-b92e-4f6eda12522a,b59e76e6-67bd-51e0-ab51-090ed0abbaf3,UFC 267: Blachowicz vs. Teixeira,2021-10-30,Khamzat Chimaev|Li Jingliang,jpeg,11,89,2,1,"mus, | FIGHT #10 | amiss. | UFC | scorecaro | LIJINGLIANG | vs. | KHAMZAT CHIMAEV | LUFC 267: BLACHOWICZ VS. TEDXEIRA | Location | Weight cass | Aoterse | ‘Bora | ‘ABU DAB UAE | io aA | \WELTERWEIGHT- 170185, | SOM WeRZ06 | oo | oo | [ sae J | [ sur comer ] | HAMZAT | oo | ust | incu | CHIMAEY | tne | ‘GHIMAEV | JINGLIANG | CHIMAEV | ee | woe | at | = | cy | 7 | ear | Soe | oo | ‘on | Soe | ie. | woe | tec | Se | Sout | a | ue | eto | ‘or | 1 | 2 | 3 | ma | om | DAVID LETHABY | HOWARD HUGHES | ANDERS OHLSSON | POINT DEDUCTIONS | RESULT | CChimaev wins by submission RNC- 3.16 of RI"
760dcd009deebcf49189938d.jpg,02a564a50d50b8c011b109fae953d835aebcf68df002fa8643b71e605248c25c,5adeb162-86f5-5efa-9f62-30b2872a0f9e,b59e76e6-67bd-51e0-ab51-090ed0abbaf3,UFC 267: Blachowicz vs. Teixeira,2021-10-30,Alexander Volkov|Marcin Tybura,jpeg,11,84,1,2,263s. | FIGHT #11 | 24915. | UFC | scorecaro | ALEXANDER VOLKOV | vs. | MARCIN TYBURA | LUFC 267: BLACHOWICZ VS. TEDXEIRA | atin | verve | Wiig Cass | Reterse | ‘pone | ‘ABU DAB UAE | THAD ARENA | HEAIYWEIGT -265 LBS. | ‘MARC cODDARD | oo | ‘ALDANDER | [ su comer ] | ALEXANDER | voLKOV | TYBURA | voLKOV | ‘TYBURA | WoLKoY | TYBURA | 7 | ear | Soe | oo | ‘on | Sout | a | ue | eto | ‘or | 0 | 1 | 3 | 0 | 2 | 0 | a | | 0 | 0 | 3 | 3 | ma | rom | B | VITO PAOLILLO | DARRYL RANSOM | CLEMENS WERNER | POINT DEDUCTIONS | RESULT | ‘Alexander Volkov won by Unanimous | Decision
be32466791191b961f7aee8a.jpg,62e7513cd353020d1d2eacf001ed59d76f67a40fa5bb506c5a3de8b50a815a63,5ccf0fb5-b91b-5659-ba00-aeab2c7e2121,b59e76e6-67bd-51e0-ab51-090ed0abbaf3,UFC 267: Blachowicz vs. Teixeira,2021-10-30,Virna Jandiroba|Amanda Ribas,jpeg,11,77,4,2,rssuas. | FIGHT #8 | ‘rues. | UFC | scorecaro | AMANDA RIBAS | vs. | VIRNA JANDIROBA | LUFC 267: BLACHOWICZ VS. TEDXEIRA | atin | feree | ‘pone | ‘ABU DAB UAE | io aA | wig cass | 15 Us. | ‘DAMEL MOVAAEDL | co | oo ooo | RIBAS | vanoitana | RIBAS | wownaen | RIBAS | JANDIROBA | Ra | = | 7 | ue | ear | Soe | oo | oo | Ed | Sone | a | eto | ‘or | 10 | 10 | 0 | 0 | a | | 0 | 0 | ma | om | B | BEN CARTLIDGE | HOWARD HUGHES | ANDERS OHLSSON | POINT DEDUCTIONS | RESULT | ‘Amanda Ribas won by Unanimous Decision
0d85b417962c3d048040c42a.jpg,9a5b359a9a372b205aab583313dd0e3f88b59598e55c6e47b5f761510bccbd5f,88f06b98-1c06-5cb2-a63f-3adfd02ba971,b59e76e6-67bd-51e0-ab51-090ed0abbaf3,UFC 267: Blachowicz vs. Teixeira,2021-10-30,Dan Hooker|Islam Makhachev,jpeg,11,101,0,2,"SSSR. | FIGHT #812 | 1564s. | UFC | scorecaro | ISLAM MAKHACHEV | vs. | DAN HOOKER | LUFC 267: BLACHOWICZ VS. TEDXEIRA | ate | Location | verve | Wiig Cass | feteree | ‘ap0p2021 | ‘ABU DAB UAE | THAD ARENA | GTM = 55 La. | DAML MOWED | oo | co | oo | oo oo | DAM | sum | AN | erry | aN | aaciey | HOOKER | MAKHACHEY | WOOKER | | MAKHACHEV | HOOKER | we | ‘an | oon, | oo | om | oo | Ra | Bae | ‘on | eos | So | oe | Sone | a | oe | ue | eto | ear | Soe | ‘or | 1 | 1 | 2 | 2 | 3 | 3 | ma | ra | om | [ve poe} | [sue noc | | BEN CARTLIDGE | DAVID LETHABY | CLEMENS WERNER | POINT DEDUCTIONS | RESULT | ‘Makhachev wins by verbal submission | (Kimura) -225 of R1"
b087bb46caf5dd085174fd41.jpg,6ba0bf6ccd7b96083e00258d22a5a74b1ae5b971d408f2db1762848e39635063,fddc075f-d9cd-502a-85b6-87ba12a8cc67,b59e76e6-67bd-51e0-ab51-090ed0abbaf3,UFC 267: Blachowicz vs. Teixeira,2021-10-30,Hu Yaozong|Andre Petroski,jpeg,11,96,7,2,"6uns, | FIGHT #2 | 0S ns. | UFC | scorecaro | HU YAOZONG | ANDRE PETROSKI | LUFC 267: BLACHOWICZ VS. TEDXEIRA | atin | verve | Wiig Class | Aoterse | ‘pone | ‘ABU DAB UAE | THAD ARENA | 185. | SOM WeRZ06 | oo | [ succoner | oo | [ su comer | ‘ANDRE | ‘ozone | PETROSKI | ‘ozons | PETROSKI | 1ROZONG | PETROSKI | we | oo | om | oo | Ra | Ed | eos | So | ie. | at | woe | tec | = | oy | ‘ne | Sone | 7 | ear | Soe | ‘or | 9 | | | 1 | 10 | 1 | 10 | ey | | | 2 | 0 | 10 | | | 3 | ma | om | 8 | v7 | HOWARD HUGHES | DARRYL RANSOM | CLEMENS WERNER | POINT DEDUCTIONS | RESULT | Petroski won by tap out (arm-choke) 4.46 of | Rs"
379807c9d23bcf809f1a4d3e.jpg,1ca13e90056a07bb3a30b7ba489f6f27b31a51f7001d1a3685afb6490ee2e144,50a67fc7-e94e-5197-a0d5-8fd2e4e5a0cd,03d21603-451e-5127-befc-17671c8337ca,UFC 268: Usman vs. Covington 2,2021-11-06,CJ Vergara|Ode Osbourne,jpeg,11,113,12,1,"rs ss, | FIGHT #41 | 5 tBs. | UFC | scorecaro | C| VERGARA | vs. | ODE OSBOURNE | ‘UFC 268: USMAN VS, COVINGTON 2 | Wight class | eteree | isa | ew YORK HW YORK USA | MADISON SQUARE CARDEN | FYWEIGHT- 25. | MIKE BELRAN | I | =a | Ca | cad | Io | ERCARA | ERCARA | OSBOURNE | VERGARA | OSBOURNE | ne | Sone | et | eae |, | oo | or | = | oat | roe | oon | = | ory | aut | am | roe | oie. | ‘Som | 1 | 10 | 3 | 1 | 10 | 3 | 1 | 10 | 2 | 10 | 3 | 2 | 10 | 3 | 2 | 10 | 10 | 3 | 9 | 10 | 3 | 9 | 10 | 3 | 9 | oH | Tea | wa | Ey | Ey | E] | f nue noe} | DAVE TIRELLI | DEREK CLEARY | ERIC COLON | POINT DEDUCTIONS | NOTES | RESULT | (de Osbourne won by Unanimous Decision"
cc0cef0a44d3aad763ff78ad.jpg,6edc1f13fc48aefb4e4d11627684aa6a691ebfa057e0cd8a3bd27c7097250087,d91c8e5f-bc40-5f3b-97c4-0337f415d4f9,03d21603-451e-5127-befc-17671c8337ca,UFC 268: Usman vs. Covington 2,2021-11-06,Zhang Weili|Rose Namajunas,jpeg,11,106,16,2,"5s, | FIGHT #13, | sus. | UFC | scorecaro | ROSE NAMAJUNAS | vs. | ZHANG WEILI | ‘UFC 268: USMAN VS. COVINGTON 2 | Wiig class | eeree | isa | ew YORK HW YORK USA | MADISON SQUARE CARDEN | WOMEN'S STRAWWEICHT-115 8S, | anc coDDARD | i) | | =a | cad | ZHANG | ZHANG | ZHANG | NAMAUNAS | WEILL | NnAIUNAS | WEILL | NAMAUNAs | WEIL | oe | et | rae | me, | oe | = | oat | roe | sou | Sone | mae | oe | am | roe | ote | oe | 3 | | | 10 | 3 | 10 | 10 | 0 | 10 | 9 | 10 | | | 10 | 9 | 10 | 10 | 0 | 10 | a | 10 | 10 | 5 | 3 | 49 | ow | 46 | 48 | ow | a7 | a7 | a | ERIC COLON | DOUG CROSBY | MICHAEL BELL | POINT DEDUCTIONS | ‘NOTES | RESULT | Rose Namajunas won by Split Decision"
41562a8e7047a3e5cefa2f63.jpg,8a50526a366b1213a8718f1761b78e76eda5cc086eb951b4d2fc98efd4d9197e,ef8e16b3-0e8d-5ad2-a625-3a0017826518,03d21603-451e-5127-befc-17671c8337ca,UFC 268: Usman vs. Covington 2,2021-11-06,Shane Burgos|Billy Quarantillo,jpeg,11,97,11,2,"55185. | 55 05. | UFC | scorecaro | FIGHT #11 | SHANE BURGOS | vs. | BILLY QUARANTILLO | ‘UFC 268: USMAN VS, COVINGTON 2 | Wiig class | isa | ew YORK HW YORK USA | MADISON SQUARE CARDEN | FEATWERWEIGHT 145.8. | er eens | =a | Ca | cad | So | BURGOS | quanavritio | BURGOS | quananritio | autos | quaranmitio | ene | oa | roe | ory | am | roe | Sone | et | veoe | a, | ‘or | = | oat | oon | = | aut | oie | ‘Som | 10 | 3 | 1 | 10 | 1 | 10 | 0 | 10 | 2 | 9 | 9 | 10 | 10 | 3 | 9 | 9 | oH | Tea | wa | Ey | DEREK CLEARY | DOUG CROSBY | MICHAEL BELL | POINT DEDUCTIONS | NOTES | RESULT | ‘Shane Burgos won by Unanimous Decision"
f5846409b70a640488187d00.jpg,084d9cb8253b8c6301116893c1e46094f7f0c3350c055294ff08d394e973d0cb,fa5dae14-7a06-5c49-8f40-d368e8fe64fc,03d21603-451e-5127-befc-17671c8337ca,UFC 268: Usman vs. Covington 2,2021-11-06,Dustin Jacoby|John Allan,jpeg,11,97,8,2,"203585, | FIGHT #3 | 205185. | UFC | scorecaro | DUSTIN JACOBY | vs. | JOHN ALLAN | ‘UFC 268: USMAN VS, COVINGTON 2 | Wiig clas | ere | isa | ew YORK HW YORK USA | MADISON SQUARE CARDEN | LUGHTHEArYWEIGHT- 205.8. | ‘Mac coDDARD | Laie | Ca | cad | usm | usm | usm | yacoBy | alan | JacoBy | ALLAN | yonN | yacoBy | ALLAN | youn | ory | Sone | et | oon, | oo | or | = | oat | roe | sou | = | mae | oe | roe | ote | ‘Som | 0 | 3 | 10 | 1 | 9 | 0 | 9 | 10 | 2 | 9 | 0 | 9 | 3 | 10 | oH | Tea | wa | 30 | DAVE TIRELLI | MICHAEL BELL | DOUG CROSBY | POINT DEDUCTIONS | NOTES | RESULT | Dustin Jacoby won by Unanimous Decision"
421d90c325520e0bf953caeb.jpg,ef16b71651313c32123a13f507465602c0a3e406ab595c6d7df385d85843db11,1cbb98ba-2431-5b3e-b451-874348673d1c,78494a9a-3baf-5008-96c5-063059a489b1,UFC Fight Night: Font vs. Aldo,2021-12-04,Dusko Todorovic|Maki Pitolo,jpeg,11,84,1,2,"45 Us. | FIGHT 87 | 0S ns. | UFC | scorecaro | MAKI PITOLO | vs. | DUSKO TODOROVIC | LUFC FIGHT NIGHT: FONT ¥S. ALDO | Lect | Weight Class | Reterse | povnee | US VEGAS, NEWDA,USA | URCaPeX. | IDOLEWEIGT 185 85. | aan aT | oo | co | oo | aut | PrTOLo | Toporowc | Provo | TopoRovIC | Toporovic | we | om | Ra | eos | at | 7 | ue | ear | Soe | ‘an | oo | oo | ‘on | So | Sone | a | eto | ‘or | 1 | 2 | 3 | ma | oa | [rape | | MIKE BELL | DAVE HAGEN | JUNICHIRO KAMIJO | POINT DEDUCTIONS | RESULT | ‘Dusko Todorovic won by TKO 4:34 of round 1."
d9759ee6f719c699260c8398.jpg,959484849adef27a6ce1b974cfcbf2c3ade6b971b9f41a1d55db0031479bab31,2708cc2a-25f9-521b-b54a-6cfd4ad5889e,78494a9a-3baf-5008-96c5-063059a489b1,UFC Fight Night: Font vs. Aldo,2021-12-04,Mickey Gall|Alex Morono,jpeg,11,72,1,2,asuas. | FIGHT #8 | mosss. | UFC | scorecaro | ‘ALEX MORONO | MICKEY GALL | LUFC FIGHT NIGHT: FONT ¥S. ALDO | Weight class | Reterse | Browns | USES EDK USA | URCaPeX. | WELTERWEIGHT-170LES. | ‘OS TOGHON | oo | oo | MuCKEY | oo | orono | GALL | Monona | CALL | Woron0 | we | zoe | eos | = | oo | om | oo | ‘on | So | Sout | owe | Ba | 0 | 0 | 0 | 0 | 0 | | 0 | 0 | ma | om | DEREK CLEARY | ‘SAL D'AMATO | ADALAIDE BYRD | POINT DEDUCTIONS | RESULT | ‘Alex Morono won by Unanimous Decision
028db532b3087f20ba30489d.jpg,60d8853cab3931543bbfd1d1b5b2a696bc7d6b719a2712da9bbf6324d10fadb2,2ef69b06-c4a9-5711-bd60-9108f1557e70,78494a9a-3baf-5008-96c5-063059a489b1,UFC Fight Night: Font vs. Aldo,2021-12-04,Zhalgas Zhumagulov|Manel Kape,jpeg,11,82,1,2,USS es. | FIGHT #6 | ‘mS uas. | UFC | scorecaro | MANEL KAPE | vs. | ZHALGAS ZHUMAGULOV | LUFC FIGHT NIGHT: FONT ¥S. ALDO | Weight Class | Reteree | Browns | USES EDK USA | URCaPeX. | FIWEIGHT- 25 UBS. | EITM PETERSON | ane | co | TALS | wae | oo | [ su comer | ZHUMAGULOV | KAPE | ZHUMAGULOV | ‘ZTHUMAGULOV | eos | at | = | oy | 7 | ear | oo | ‘on | So | ie. | woe | tec | Se | Sone | a | ue | eto | ‘or | ma | oa | DEREK CLEARY | ‘SAL D'AMATO | DAVE HAGEN | POINT DEDUCTIONS | RESULT | Manel Kape won by TKO 4:02 of round 1
f56cd64943a2fb842dcc05db.jpg,ae7a3842cbf40c9c2e8cfa95db40a1f909e78c7fde83d212c1d5e95c68e089be,3c84acec-b2fb-57a3-b154-ecc55401af67,78494a9a-3baf-5008-96c5-063059a489b1,UFC Fight Night: Font vs. Aldo,2021-12-04,Bryan Barberena|Darian Weeks,jpeg,11,96,2,2,asuas. | FIGHT #5 | ous. | UFC | scorecaro | BRYAN BARBERENA | vs. | DARIAN WEEKS | LUFC FIGHT NIGHT: FONT ¥S. ALDO | Weight class | Reterse | Browns | USES EDK USA | URCaPeX. | WELTERWEIGHT-170LES. | ERB DEAN | oo | oo | oo | [ sur cmer | [cee] | DARIN | aya | DARIAN. | BARBERENA | WEEKS | BARBERENA | WEEKS | BARBERENA | we | oo | om | oo | Ra | ‘on | eos | So | ie. | at | woe | tec | = | oy | Se | Sout | a | 7 | ear | 0 | 1 | 3 | 0 | 0 | 3 | 2 | 10 | a | | 0 | 3 | 3 | 0 | ma | ra | rom | Ey | a | B | MIKE BELL | JUNICHIRO KAMIjO | TONY WEEKS | POINT DEDUCTIONS | RESULT | Bryan Barberena won by Unanimous Decision
379e118566b5c5043e224f17.jpg,6e9737ae788f9792d334729e2d596f856a4f93a97d024035a556332df16e98c1,572a1e86-73cd-507d-a132-20d91829534c,7533bb31-9f97-51f8-8834-cb730f6af76f,UFC 269: Oliveira vs. Poirier,2021-12-11,Erin Blanchfield|Miranda Maverick,jpeg,11,79,4,2,"mss. | FIGHT #4 | SSB. | UFC | scorecarn | UFC 269: OLIVEIRA VS. POIRIER | MIRANDA MAVERICK | vs. | ERIN BLANCHFIELD | Date | Location | venue | Weight Cass | eteree | amp | (WOMEN'S FLYWEICIT 15 185, | ‘ORS TOGHON | co | oo co | Lace] | MAVERICK | BLANCHFIELD | rN | saRANOA | MAVERICK | BLANCHFIELD | ERIN | MAVERICK | BLANCHFIELD | 0 | woe | a | ‘on | tome | | sere | 7 | ‘ne | soot | an | ome | aac, | 0 | 3 | aa | 10 | 5 | 10 | 10 | a | E | a, | ‘SAL D'AMATO | CHRIS LEE | RON MCCARTHY | POINT DEDUCTIONS | RESULT | Erin Blanchteld won by Unanimous Decision"
713645f6fe4cdc6d0a7a72f8.jpg,d49bfeeb57aee4d3fc9ff42cbb8ce18f32886dd787f9bf3bc35b63461c3ad8d6,a61f4b16-86f4-5ef1-937b-28975c7c92b8,7533bb31-9f97-51f8-8834-cb730f6af76f,UFC 269: Oliveira vs. Poirier,2021-12-11,Eryk Anders|Andre Muniz,jpeg,11,78,0,2,"1055 us. | FIGHT #5 | WSUS. | UFC | scorecaro | ANDRE MUNIZ | ERYK ANDERS | one | ‘UFC 259: OLIVEIRA VS. POIRIER | Location | Venue | Releree | mat | Weigh Cass | MIDDLEWEIGHT a5 LBS. | anc coD0ARD | oo | co] = | =| oo | ORE | ‘MUNIZ | ANDES | MUNIZ | ANDERS | wonz | oy | a | ca | eae | Ed | 3 | 00 | oor | Ed | E— | sow | foo, | 1 | 2 | vom | on | roe | [voor oc] | DEREK CLEARY | ERIC COLON | SAL D'AMATO | POINT DEDUCTIONS | RESULT | ‘Muniz won by submission 3:13 of the 1st | round -arm bar."
a27f2d762b6b56e7dda3a627.jpg,1f43884f49358075e25b8a9c4c6f252a0455daf42a6fd7d2d468d24d68db6526,addd838e-9cdc-5b0b-b7a3-f43a7ac549c1,7533bb31-9f97-51f8-8834-cb730f6af76f,UFC 269: Oliveira vs. Poirier,2021-12-11,Augusto Sakai|Tai Tuivasa,jpeg,11,84,4,1,"2535s, | FIGHT #7 | 2648s, | UFC | scorecaro | AUGUSTO SAKAI | TAITUIVASA | ‘UFC 269: OLIVEIRA VS. POIRIER | Location | Venue | Jeree | inva | Wei ass | us, | an: | oo) oo | =o | wausto | wausto | wast | SAKAL | TUNA | SAKAL | TUIVASA | TUIVASA | oe | Same | i | ea | 0 | oar | om | eae | ‘ane | oy | Sem | soe | ‘oom | noe | om | =e | tae | Ed | uc | ae | rea | Star | 9 | 1 | 0 | 10 | 2 | 3 | ‘mt | om | 10 | [woe noc] | DOUG CROSBY | JUNICHIRO KAMIJO | TONY WEEKS | POINT DEDUCTIONS | RESULT | Tuivasa won by KO 0:26 of the 2nd round."
c8377166c70bc30da5073f79.jpg,ce9ebc68694efd470a3f970eaf4a95734a8af36c2e8a99386f94f6cd6cd5dbe7,d311fdba-7505-566d-b624-bb0e41edc4ce,7533bb31-9f97-51f8-8834-cb730f6af76f,UFC 269: Oliveira vs. Poirier,2021-12-11,Cody Garbrandt|Kai Kara-France,jpeg,11,89,0,2,"‘mss. | AGHT #11 | asus. | UFC | scorecaro | KAI KARA-FRANCE | vs. | CODY GARBRANDT | UFC 269: OLIVEIRA WS. POIRIER | Location | Vee | Reteree | oe | Woo se | HERS DEAN | co | oo | { socones | | co co | a | KARA-FRANCE | caRBRANDT | TRA FRANCE | GARBRANOT | on | TORA-FRANCE | caRBRANDT | | | ae | 4 | oa, | a | a0 | ove | oe | ae | ‘oe | eae | Son | me | co | 3 | =n | eae | E4 | [am [me | om | 1 | 1 | 2 | 2 | 3 | 3 | wa | om | [vet joc | | oo | DEREK CLEARY | RON MCCARTHY | TONY WEEKS | POINT DEDUCTIONS | ‘NOTES | RESULT | Kara-France won by TKO 3:21 of the ‘st | round,"
1e044fa5f2c83bb85e86ece5.jpeg,8ad5b63dbed6557ca67b3f5eaea91fed5ba06175bd639d81031848ca48fc2ee2,2c5a82c2-5e2c-54f4-be95-6f1931d9d0e4,ae8a5aee-4533-57de-93ab-e6fa8291005d,UFC Fight Night: Lewis vs. Daukaus,2021-12-18,Don'Tale Mayes|Josh Parisian,jpeg,11,81,4,2,"2ss5us, | FIGHT #2 | 2a. | Ur | scorecaro | DON'TALE MAYES | JOSH PARISIAN | UFC FIGHT NIGHT: LEWIS VS. DAUKAUS | u | en | Wight cass | Reteroe | ‘paren | LUSVECAS, NEDA USA | rc APEX | 1GHT- 26518. | HERBDEAN | co | [ sme | | xo | jos | DOwTALE | owe | PARISIAN | MAYES | ranisian | MAYES: | mans | ea | eos | 7 | wove | eat | rea | Ed | Soe | Sone | a | eto | ‘oe | 0 | 0 | 9 | 0 | 0 | a | 8 | om | 8 | DOUGLAS CROSBY | DAVE HAGEN | TONY WEEKS: | POINT DEDUCTIONS | RESULT | ‘Don'Tale Mayes won by TKO 3:26 of round 3."
1d7846914d28d8226e6dd0e1.jpeg,d37f288dc58e34051c4a7a78034be74d57103938bddcae53f35a770723d2581d,58431cc7-77ea-559e-9b9e-517fafe55376,ae8a5aee-4533-57de-93ab-e6fa8291005d,UFC Fight Night: Lewis vs. Daukaus,2021-12-18,Cub Swanson|Darren Elkins,jpeg,11,85,2,2,"MSS Us. | FIGHT #8 | MSS Uns. | Ur | scorecaro | CUB SWANSON | vs. | DARREN ELKINS | UFC FIGHT NIGHT: LEWIS VS. DAUKAUS | u | en | Wight cass | feterse | ‘paren | LUSVECAS, NEDA USA | rc APEX | us. | HERD DEAN | oo | oo | oo oo | DARREN. | Sanson | ELKINS | Sanson | ELKINS | SHINSON | ELKINS | we | ea | eos | ea | 00 | = | ae | 7 | wove | eat | rea | oo | ‘on | So | sa | tec | ‘cae | Sone | a | eto | ‘oe | a | om | MIKE BELL | ‘ADALAIDE BYRD | JUNICHIRO KAMIJO | POINT DEDUCTIONS | RESULT | (Cub Swanson won by TKO 2:12 of round 1"
6406045ccd000e1591ecc6dd.jpeg,fda4ee97c88c59b9bf484a782dd2d11f96d91c7536f39dab3353a4f8d295e8cc,94328ae1-9291-57a5-b4ba-d0370a870884,ae8a5aee-4533-57de-93ab-e6fa8291005d,UFC Fight Night: Lewis vs. Daukaus,2021-12-18,Gerald Meerschaert|Dustin Stoltzfus,jpeg,11,85,5,2,"SS Us. | FIGHT #7 | MSs. | Ur | scorecaro | DUSTIN STOLTZFUS | VS. | GERALD MEERSCHAERT | UFC FIGHT NIGHT: LEWIS VS. DAUKAUS | ate | Lecaten | Wight Cass | ateree | pyepet | LUSVECAS, NEDA USA | rc APEX | ‘MIDDLEWEIGHT - 185 LB. | mana sors | oo | oo | ust | cmap | ust | cea | STOLTZFUS | (MEERSCHAERT | ‘STOLTZFUS | (MEERSCHAERT | STOLTZFUS | rea | ‘on | oe | Sone | a | 7 | 0 | 10 | 0 | 0 | 0 | 8 | a | om | 8 | [yore pce} | DOUGLAS CROSBY | RICK WINTER | TONY WEEKS | POINT DEDUCTIONS | RESULT | Gerald Meerschaert won by submission 258 | of round 3 - Rear naked choke."
51f0aa9b277c04ebd208fde6.jpeg,f037c26193c7656b948eb7ea10dd2d510c7f90cc13dea7b5ac15944de0fb9132,cb8b5682-f69b-53f1-8716-fb8e88eb0b7f,ae8a5aee-4533-57de-93ab-e6fa8291005d,UFC Fight Night: Lewis vs. Daukaus,2021-12-18,Sijara Eubanks|Melissa Gatto,jpeg,11,78,3,2,"mrs uss, | FIGHT #5 | ‘mss. | Ur | scorecaro | SIJARA EUBANKS | VS. | MELISSA GATTO | UFC FIGHT NIGHT: LEWIS VS. DAUKAUS | u | en | Weigh cass | eteree | ‘paren | LUSVECAS, NEDA USA | rc APEX | 1GRT- 2518S. | ‘Gis TOCHON | co | MELISSA | oo | oo oo | MEUSSA | carro | EUBANKS | arto | EUBANKS | ea | = | rea | Ed | sa | 00 | tec | ‘nt | Sone | 9 | 3 | 0 | 0 | 10 | a | om | 8 | MIKE BELL | ‘ADALAIDE BYRD | JUNICHIRO KAMIJO | POINT DEDUCTIONS | RESULT | Melissa Gatto won by TKO 048 of round 3."
2c01cf1021e3b14e7e8f996f.jpg,9cfd2b1da6f3d370dc5027d51b8ee7ad5e081d2706c1f32848d855d18ebe27bf,466b5bcb-36aa-591e-8c5f-cd2f09662bba,feef94ff-d572-5e90-86e2-b9326eed75d4,UFC 270: Ngannou vs. Gane,2022-01-22,Francis Ngannou|Ciryl Gane,jpeg,11,132,19,2,"2571s. | FIGHT #11 | 247s. | UFC | scorecaro | FRANCIS NGANNOU | vs. | CIRYL GANE | ‘UFC 270; NGANNOU VS. GANE. | pate | Location | verve | rateree | HONOA CENTER | Weir ciass | ME APYWEICHT 26518. | HERB EAN | eyez | ‘NAHE, CALIFORIMA USA | GE | | | co | Fava | ‘RY | Frans | ‘any | Frawas | ‘Ry | NGANNOU | CANE | NGANNOU | CANE | NGANNOU | GANE | ‘one | Ton | oa | ry | oy | a | a | ory | ory | me | ano | ae | oy | Ea | eS | ote. | Se | Se | ES | oe | oe | tore | aot | ea | ion | 8 | 0 | 10 | 7 | 8 | 8 | 10 | 3 | 10 | 3 | 10 | 0 | 10 | 9 | 10 | 3 | 10 | ll | 10 | 9 | 10 | 3 | 0 | 4 | 10 | 9 | 10 | 5 | 3 | 0 | 5 | 48 | Tw | a7 | 49 | [rou | 46 | A | ar | [yore nose J | [eve noc] | RON MCCARTHY | ‘SAL D'AMATO | DEREK CLEARY | POINT DEDUCTIONS. | NOTES | RESULT | Francis Ngannou won by Unanimous Decision"
4325a73f30aae317b6959898.jpg,2c8229d427f4d3f4d5baba47c81e0d9cfbd94f35e912498d35d3c3b879497dce,814cbbb7-e7f9-5229-a8cb-c460ac68106a,feef94ff-d572-5e90-86e2-b9326eed75d4,UFC 270: Ngannou vs. Gane,2022-01-22,Matt Frevola|Genaro Valdez,jpeg,11,97,0,2,"1545 Us. | FIGHT #3, | 1555s, | UFC | scorecaro | MATT FREVOLA | vs. | GENARO VALDEZ | pate | EZ: ANNU S.CANE | to | in | verve | Weigr class | eteree | eyez | ‘NAHE, CALIFORIMA USA | ‘HONDA CENTER | LUGATWEICAT- 1554, | ANE BELTRAN | Gea | [ater] | Cersl | ‘ENARO | wart | ENR | cENARO | FREVOLA | WALDEZ | FREVOLA | VALDEZ | IEVOLA | VALDEZ | ‘one | Ea | eS | Ton | oe | ote. | oa | ry | Se | oy | Se | ES | a | oo | oe | a | ory | oe | ory | ion | aot | me | ano | ea | ae | oy | ion | 1 | q | 2 | 2 | 3 | 3 | TA | a | Tr | [ronroc] | DOUG CROSBY | WADE VIERRA | MICHAEL BELL | POINT DEDUCTIONS | NOTES | SUT | Frevola wins TKO Strike 315,"
81d1b1280fb73078df3d38b4.jpg,d5287cf3cda0f438dac1eb71a95d3a3c0490300c25ab1847b7e9db194a481e98,b895e6e8-593a-5fb1-89b7-d762f8b09e75,feef94ff-d572-5e90-86e2-b9326eed75d4,UFC 270: Ngannou vs. Gane,2022-01-22,Vanessa Demopoulos|Silvana Gomez Juarez,jpeg,11,101,0,1,"‘15Suns, | FIGHT #2 | 15515, | UFC | scorecaro | SILVANA GOMEZ | vs. | VANESSA DEMOPOULOS | ‘UFC 270; NGANNOU VS. GANE. | Location | verve | JUAREZ | verre | ‘NAHE, CALIFORIMA USA | ‘HONDA CENTER | Reteree | Wig ciass | ‘WOMENS STRAWWEIGHT- 115185. | FRANUCTRIC | [ noe | | | oa | = | [moons | josey | DEMOPOULOS | DEMOPOULOS | pEMoPOULOS | Cor junnez | Me junnez | CME juanez | Soon | oe | = | eon | Toa | Sie | Soe | sue | 08 | ee | Som | Som | om | mae | rane | se. | Som | 1 | 1 | 1 | 2 | 2 | 2 | 3 | 3 | 3 | a | rm | Ton | [vee pose] | or | RON MCCARTHY | CHRIS CRAIL | MARCEL VALERA | POINT DEDUCTIONS | NOTES | RESULT | tap out arm bar 225 round 1 Demapoulos | won by Arm Bar"
66df69bf49d95f40a5a257e0.jpeg,d26585e8914eaadd25e2749f8002abdd343bdf480fcece9127212c3df6524e2a,32d65fbb-5044-577a-8f3e-a193942cb5a9,6e6aaf69-7f23-5555-95b4-e4821fa5cb6e,UFC Fight Night: Hermansson vs. Strickland,2022-02-05,Michael Trizano|Hakeem Dawodu,jpeg,11,73,0,2,"wes. | FIGHT #6 | MSS Uns. | Ur | scorecaro | HAKEEM DAWODU | vs. | MICHAEL TRIZANO | UFC FIGHT NIGHT: HERMANSSON VS, STRICKLAND | ate | Wiig class | foteree | jes 2022 | Uses DA Usk | Urearex | Us, | ‘mRisTOCKOM | co | [ save J | xo | aKEEM | DawoDU | TRIZANO | oawoou | TRIZANO | bawoou | aaa | eos | = | ae | rea | Ed | Soe | ‘nt | Sone | 0 | 0 | 0 | 0 | 0 | 0 | a | om | DEREK CLEARY | ERIC COLON | ‘SAL D'AMATO | POINT DEDUCTIONS | RESULT | Hakeem Dawodu won by Unanimous Decision"
75e5b1f068b7f4c62496267e.jpeg,cc9c80cff7c758add719585008c72956b8c0b70a41e017439e9ecc5322449373,6575a521-0814-5f2f-bb09-28c5be566572,6e6aaf69-7f23-5555-95b4-e4821fa5cb6e,UFC Fight Night: Hermansson vs. Strickland,2022-02-05,Phil Rowe|Jason Witt,jpeg,11,68,0,2,"mus. | FIGHT #2 | mosiss. | Ur | scorecaro | JASON WITT | PHIL ROWE | UFC FIGHT NIGHT: HERMANSSON VS, STRICKLAND | Wiig class | feteree | ate | Uses DA Usk | rear | WELTERWEIGHT - TOES. | ‘RIS TOGHON | [ surcomes | [ ome J | Pa | Pa | al | ROWE | wit | ROWE | wart | ROWE | rea | Ed | ea | Sone | eat | 0 | a | om | 0 | DEREK CLEARY | ERIC COLON | ‘SAL D'AMATO | POINT DEDUCTIONS | RESULT | Rowe won by TKO 215 ofthe 2nd round."
6446b414a49dda3df3e11204.jpeg,54d1e8cb5adbbe2ce09670c9c8df68b79862f63593a613a5ed4f3a41a21a03ed,6dd8211d-b670-5ca3-b6f3-a582cc226f6c,6e6aaf69-7f23-5555-95b4-e4821fa5cb6e,UFC Fight Night: Hermansson vs. Strickland,2022-02-05,Jack Hermansson|Sean Strickland,jpeg,11,105,6,2,"Ss. | FIGHT #13 | MSs. | UFC | scorecaro | JACK HERMANSSON | vs. | ‘SEAN STRICKLAND | UFC FIGHT NIGHT: HERMANSSON VS, STRICKLAND | ate | Wielgh class | feterse | jes 2022 | Uses DA Usk | Urearex | ‘MOODLEWEIGHT 185 LES. | ERB DEAN | ao | co | [ sm J | xo | oo | aoe | HERMANSON | mica | HERMANSON | srmick Nd | HERMANSON | sien a | we | ‘on | 7a | woo | | Ed | eos | Soe | sa | at | 00 | tec | = | ae | ‘nt | Sone | a | a | owe | oa | Soe | 0 | 0 | 0 | 8 | 0 | 3 | 10 | 0 | 9 | 0 | 0 | 0 | 3 | 10 | 0 | 10 | 0 | 0 | a | 49 | ea, | om | DEREK CLEARY | ‘SAL D'AMATO | JUNICHIRO KAMIJO | POINT DEDUCTIONS | RESULT | ‘Sean Strickland won by Split Decision"
e324f3fea904da3e4a3c46d1.jpeg,67862d3c2f13b955fa6823950bae10c3ccb849ceaeb275b04f624bbb06376636,b70216fc-7ce7-5ddb-a6c8-5e647e86f105,6e6aaf69-7f23-5555-95b4-e4821fa5cb6e,UFC Fight Night: Hermansson vs. Strickland,2022-02-05,Tresean Gore|Bryan Battle,jpeg,11,81,4,2,"6s. | FIGHT #3 | sas. | Ur | scorecaro | TRESEAN GORE | vs. | BRYAN BATTLE | UFC FIGHT NIGHT: HERMANSSON VS, STRICKLAND | ate | Wielgh class | feterse | jes 2022 | Uses DA Usk | Urearex | AT 15 BS. | ERB DEAN | [ surcomes | oy | oo | oo oo | TRESEIN | GORE | BATTLE | GORE | BATTLE | GORE | BATTLE | ea | = | ae | 7 | eat | rea | ‘on | tec | ‘one | Sone | a | 0 | 10 | 9 | 0 | 0 | 0 | 10 | 0 | a | om | MIKE BELL | DOUGLAS CROSBY | RON MCCARTHY | POINT DEDUCTIONS | RESULT | {Bryan Battie won by Unanimous Decision"
74e6f82dbd9c3618f5342672.jpg,12c56a4a8fd0263bf3fcd2b9e99aed8d69b79ac237b72b770285617479b6de1b,464a639e-5926-5da2-8f0f-b6d3786bad74,e27e2048-5154-5fb9-860f-4c8d3290f688,UFC 271: Adesanya vs. Whittaker 2,2022-02-12,Fabio Cherant|Carlos Ulberg,jpeg,11,77,0,2,"24s. | FIGHT #6 | 206 18s. | UFC | scorecaro | CARLOS ULBERG | vs. | FABIO CHERANT | UFC 27: ADESANYA VS. WHITTAKER 2 | ate | Reterse | oper | PeusTOn TES ut | qovon men | oar cine | 1-205 185. | DAN MIRAGLOTIA | oo | co | oo | oo ooo | cmos | ‘cmos | canios | cuenant | ULBERG | (CHERANT | ULBERG | conan | eos | oe | ime, | tome | oo | ‘on | So | Sout | 0 | 0 | 0 | 0 | 0 | | 0 | 0 | ma | om | ‘SAL D'AMATO | IVAN GUZMAN | ROBERT ALEXANDER | POINT DEDUCTIONS | RESULT | Carlos Ulberg won by Unanimous Decision"
646a7d19128b6d555f1d7a44.jpg,b49fda9ea9dc871f6a525f53e14c51b53490282b27d8ee316f63d4eabd0efd4a,49329e8c-d3b6-5d73-927b-50363d6b8e4d,e27e2048-5154-5fb9-860f-4c8d3290f688,UFC 271: Adesanya vs. Whittaker 2,2022-02-12,Sergey Morozov|Douglas Silva de Andrade,jpeg,11,98,1,2,‘a6 us. | FIGHT #3 | ‘suas. | UFC | scorecaro | DOUGLAS SILVA DEANDRADE vs. | SERGEY MOROZOV | UFC 27: ADESANYA VS. WHITTAKER 2 | ate | Weight crass | Reterse | wyepm | PeusTOn TES ut | qovon men | 185. | VERRY HANEY | oo | co | [sme | | [ su comer | oo | SERGEY | SILVA DE ANDRADE | Morozov | SILVA DE ANDRADE | ‘Morozov | SUVA DE aNDRADE | ‘Morozov | we | om | Ra | eos | at | woe | = | cy | ot | ue | ear | Soe | ra | oo | Ed | So | ie. | tec | ‘ne | Sone | a | eto | ‘or | 1 | 0 | 1 | 10 | 2 | 3 | ma | 0 | oa | DAN MIRAGLIOTTA | DOUG CROSBY | PATRICK PATLAN | POINT DEDUCTIONS | RESULT | SILVA BY RNC324 2ND RD
6c94dc8a8a1579a5d8a9fded.jpg,b49fda9ea9dc871f6a525f53e14c51b53490282b27d8ee316f63d4eabd0efd4a,49329e8c-d3b6-5d73-927b-50363d6b8e4d,e27e2048-5154-5fb9-860f-4c8d3290f688,UFC 271: Adesanya vs. Whittaker 2,2022-02-12,Sergey Morozov|Douglas Silva de Andrade,jpeg,11,98,1,2,‘a6 us. | FIGHT #3 | ‘suas. | UFC | scorecaro | DOUGLAS SILVA DEANDRADE vs. | SERGEY MOROZOV | UFC 27: ADESANYA VS. WHITTAKER 2 | ate | Weight crass | Reterse | wyepm | PeusTOn TES ut | qovon men | 185. | VERRY HANEY | oo | co | [sme | | [ su comer | oo | SERGEY | SILVA DE ANDRADE | Morozov | SILVA DE ANDRADE | ‘Morozov | SUVA DE aNDRADE | ‘Morozov | we | om | Ra | eos | at | woe | = | cy | ot | ue | ear | Soe | ra | oo | Ed | So | ie. | tec | ‘ne | Sone | a | eto | ‘or | 1 | 0 | 1 | 10 | 2 | 3 | ma | 0 | oa | DAN MIRAGLIOTTA | DOUG CROSBY | PATRICK PATLAN | POINT DEDUCTIONS | RESULT | SILVA BY RNC324 2ND RD
82828ee4d8ba598ee30a780e.jpg,456888d10b026d1a5bfd2e3fa775ce058562334391a3378b89def3c10288ad9f,4f007aba-f3bf-5bcd-8ce2-c85b5e00b045,e27e2048-5154-5fb9-860f-4c8d3290f688,UFC 271: Adesanya vs. Whittaker 2,2022-02-12,Casey O'Neill|Roxanne Modafferi,jpeg,11,85,6,2,‘mus. | FIGHT #8 | ‘msn. | UFC | scorecaro | ROXANNE MODAFFERI | vs. | CASEY O'NEILL | UFC 27: ADESANYA VS. WHITTAKER 2 | ate | Weight ctass | Reteree | oper | PeusTOn TES ut | qovon men | RS LBS. | aco Maxmatvo | oo | co | oo oo | ROMNME | MODAFFERI | O'NEILL | MODAFFERI | O'NEILL | ODN | O'NEILL | we | om | Ra | = | oy | ot | oo | oo | Ed | ‘ne | Sout | a | 1 | 10 | 10 | 0 | 2 | 0 | 10 | 9 | 0 | | 3 | 9 | 0 | ma | E) | om | B | KERRY HATLEY | IVAN GUZMAN | ROBERT ALEXANDER | POINT DEDUCTIONS | RESULT | Casey O'Neill won by Split Decision
751ee143c17d8015c58ee451.jpg,4cafd016c263b4bf83d6bfce686544d8b354b0e287c63cc3814f458786324bc9,ccad8ba7-0d5e-5ace-9b2c-06d3436f09b4,e27e2048-5154-5fb9-860f-4c8d3290f688,UFC 271: Adesanya vs. Whittaker 2,2022-02-12,Jared Cannonier|Derek Brunson,jpeg,11,88,1,2,"105 us. | FIGHT #12 | mS ns. | UFC | scorecaro | JARED CANNONIER | vs. | DEREK BRUNSON | UFC 27: ADESANYA VS. WHITTAKER 2 | ate | Location | verve | Reteroe | oper | ‘HOUSTON, TEXAS, USA | TOYO CENTER | Weight cians | MDOLEWEIHT- 15 185. | KERRY HATLEY | oo | oo ooo | ‘DEREK | ‘DEREK. | janep | CANNONIER | BRUNSON | CANNONIER | BRUNSON | CANNONIER | ‘BRUNSON | oo | oy | oe | a | ue | ear | Soe | Ed | ‘ne | Sone | a | eto | 0 | 10 | 3 | 1 | 2 | 3 | ma | 0 | ra | oa | [rape | | ‘SAL D'AMATO | DOUG CROSBY | MIKE BELTRAN | POINT DEDUCTIONS | RESULT | CANNONIER BY TKO 429 OF 2ND ROUND( | STRIKES)"
33b8aed84b87fa32e199856f.jpg,3e3d32f66740969e14768dada9f05f1fb4e9b4da2061ffeadf18a2fcce96ed96,d4b2036d-5af2-50da-9120-23dc12f0912c,e27e2048-5154-5fb9-860f-4c8d3290f688,UFC 271: Adesanya vs. Whittaker 2,2022-02-12,Israel Adesanya|Robert Whittaker,jpeg,11,104,9,2,"seus. | FIGHT #14 | means. | UFC | scorecaro | ISRAEL ADESANYA | vs. | ROBERT WHITTAKER | UFC 27: ADESANYA VS. WHITTAKER 2 | ate | Weight cians | Reteroe | wyepm | PeusTOn TES ut | qovon men | MDOLEWEIHT- 15 185. | ERB DEAN | oo) oo | [ su comer J | oo | IsRaeL | ROBERT | ‘ROBERT | ROBERT | ‘ADESANYA | WHITTAKER | ‘ADESANYA | WHITTAKER | ADESANYA | WHITTAKER | oo | oo | Ra | ‘on | om, | woe | tec | = | oy | Se | Sout | oe | some | eto | ear | ‘or | 9 | 3 | 0 | 8 | 9 | 0 | 9 | 9 | 0 | 9 | 0 | 3 | 0 | 3 | 0 | 10 | 0 | 3 | 10 | 10 | 0 | 3 | a | om | JACOB MONTALVO | DOUG CROSBY | MIKE BELTRAN: | POINT DEDUCTIONS | RESULT | rel Adesanya won by Unanimous Decision"
b3f810c8aa0b0e9b153f7622.jpg,ffb1b8311977521908e610c55ac2292044b6403eaead29ff4aafd55d4fce7937,d64f29c6-c378-5710-87d0-333aa028d160,e27e2048-5154-5fb9-860f-4c8d3290f688,UFC 271: Adesanya vs. Whittaker 2,2022-02-12,Jared Vanderaa|Andrei Arlovski,jpeg,11,107,5,2,"26s, | FIGHT #3 | 265s. | UFC | scorecaro | ANDREI ARLOVSKI | vs. | JARED VANDERAA | UFC 27: ADESANYA VS. WHITTAKER 2 | ate | Roterse | oper | PeusTOn TES ut | qovon men | io Case | 18s, | ‘MIKE BELTRAN | [mann J | [ suxconer | oo | oo ooo | oo | ‘ware | ‘NORE | ‘ARLOVSKI | WANDERAA | WANDERAA | Aaovsia | aw | we | oo | om | oo | Ra | ‘on | eos | So | ie. | at | woe | tec | = | oy | Se | Sout | a | 7 | ue | eto | ear | Soe | ‘or | 9 | 0 | 1 | 3 | 0 | 1 | 3 | 9 | 0 | 2 | 9 | 2 | 0 | | | 0 | 3 | 3 | 10 | 3 | 0 | ma | rea | om | Ey | oo | JEFF REXROAD | DOUG CROSBY | ROBERT ALEXANDER | POINT DEDUCTIONS | RESULT | ‘Andrei Artovski won by Split Decision"
b7dea1500e85e0439f611da0.jpg,2876f1a5284caf2c8e30a9c39da9978ae59ba2cf3109dbd70cf7f2d3d6d1e169,1c178481-6ce9-5b1d-9145-0888e86d9414,2ff5f0d0-a468-5940-ac92-33feb195d04a,UFC Fight Night: Walker vs. Hill,2022-02-19,Jay Perrin|Mario Bautista,jpeg,11,115,11,2,"355s, | FIGHT #11 | ‘Bens, | UFC | scorecaro | MARIO BAUTISTA | vs. | JAY PERRIN | LUFC FIGHT NIGHT: WALKER VS. HILL | pate | Location | verue | Reteree | ‘URC APeX. | Weign ciass | EANTOWEICAT- 135 Ls, | ITH PETERSON | wy972022 | US VEGAS, NEVADA, USA | = | Gea | Gri | mano | aio | lay | mania | BAUTISTA | ERR | BAUTISTA | PERRIN | BAUTISTA | eR | ory | Ton | oe | oa | ry | oy | a | oo | a | ory | ory | me | ano | ae | oy | Ea | eS | ote. | Se | Se | ES | oe | oe | tore | aot | ea | io | 10 | 1 | 9 | 10 | 1 | 0 | 10 | 2 | 9 | 10 | 2 | 0 | 10 | 3 | 9 | 10 | 3 | 10 | 30 | 7 | 30 | TA | 30 | Tr | MIKE BELL | DEREK CLEARY | ADALAIDE BYRD | POINT DEDUCTIONS | NOTES | RESULT | Mario Bautista won by Unanimous Decision"
4d6bdd085e312dea37dc3472.jpg,e7c1d8d87d7e75f2e3715d2fb296f5b15df82c8120f7ada177a1c196520c70ca,58ef48a1-fbed-5aa0-97ff-c5ec0c5337d6,2ff5f0d0-a468-5940-ac92-33feb195d04a,UFC Fight Night: Walker vs. Hill,2022-02-19,Jesse Strader|Chad Anheliger,jpeg,11,125,10,2,"‘35 us. | FIGHT #3, | ‘5s, | UFC | scorecaro | CHAD ANHELIGER | vs. | JESSE STRADER | LUFC FIGHT NIGHT: WALKER VS. HILL | pate | Location | verue | Reteree | ‘URC APeX. | Weign ciass | EANTOWEICAT- 135 Ls, | WeRBDEM | wy972022 | US VEGAS, NEVADA, USA | Laie) | Gea | Grsl | oma | Esse | oun | ESSE | ‘oun | AANHELIGER | STRADER | AANHELIGER | STRADER | -ANHELIGER | STRADER | Esse | cy | Tone | oe | oa | ry | oy | a | oo | a | ory | ory | me | ano | ae | oy | Ea | eS | ote. | Se | Se | ES | oe | ioe | tore | aot | ea | ion | 8 | 1 | 0 | A | 1 | 10 | 8 | q | 10 | 10 | 2 | 3 | 2 | 10 | 0 | 2 | 3 | 3 | 3 | a | TA | 8 | 8 | a | 20 | ® | Tr | 8 | [rowroc] | MIKE BELL | ANTHONY MANESS | JUNICHIRO KAMIJO | POINT DEDUCTIONS | NOTES | RESULT | Chad Anheliger won by TKO 9:33 of round 3."
5ed22ef8846f49e51aa017fa.jpg,56b320f309aad9c5e5f7f91d8e4322acbe6c7d49a2c50f6ccb49091f1c0c48cd,a05a5fce-aadc-52ca-bd4d-6e38bd2cbf5c,2ff5f0d0-a468-5940-ac92-33feb195d04a,UFC Fight Night: Walker vs. Hill,2022-02-19,Chas Skelly|Mark Striegl,jpeg,11,116,8,2,"Me us. | FIGHT #5 | ‘ss, | UFC | scorecaro | CHAS SKELLY | vs. | MARK STRIEGL | LUFC FIGHT NIGHT: WALKER VS. HILL | pate | Location | verue | q | eteree | ‘URC APeX. | Weign ct | FEATHERWEIGHT 145 LB. | EITH PETERSON | wy972022 | US VEGAS, NEVADA, USA | c= | Gea | Grsl | ‘ons | MARK. | MARK | MARK | SKELLY | STRIEGL | KELLY | STRIEGL | sey | STRIEGL | cy | Ton | oe | oa | ""oe | oy | a | oo | a | ory | ory | me | ano | ae | oy | Ea | eS | ote. | Se | Se | ES | oe | ioe | ion | aot | ea | ion | 10 | 1 | A | 7 | 1 | 10 | 8 | 10 | 2 | 2 | 3 | 3 | 10 | TA | a | 10 | Tr | 10 | [rrnroc ] | ‘SAL D'AMATO | CHRIS LEE | TONY WEEKS | POINT DEDUCTIONS | NOTES | RESULT | Chas Skelly won by TKO 201 of round 2"
2455bd80b08277c44bd4682c.jpg,639972c62324d9fd4a84a08b039c91cd38263aab09d5debff9d6837d1d309200,bcd1db1a-7917-54e8-a0ee-117ebba25c3b,2ff5f0d0-a468-5940-ac92-33feb195d04a,UFC Fight Night: Walker vs. Hill,2022-02-19,Alan Baudot|Parker Porter,jpeg,11,114,11,2,"26385, | FIGHT #10 | 236155. | UFC | scorecaro | PARKER PORTER | vs. | ALAN BAUDOT | LUFC FIGHT NIGHT: WALKER VS. HILL | pate | Location | verue | eteree | ‘URC APeX. | Weign ciass | HEAVYWEIGHT 265, | ari so | wy972022 | US VEGAS, NEVADA, USA | c= | Gea | PARKER | ‘ALM | PARKER | PARKER | PORTER | BaupoT | PORTER | BauDOT | PORTER | BaUDOT | ‘one | Ton | oe | oa | ry | oy | a | oo | a | ory | ory | me | ano | ae | oy | Ea | eS | ote. | Se | Se | ES | oe | ioe | tore | aot | ea | io | 8 | 1 | 0 | A | 7 | 1 | 10 | 8 | 10 | 10 | 2 | 10 | 2 | 0 | 10 | 3 | 10 | 3 | 10 | Twa | EY | Ed | TA | EJ | Tr | ‘SAL D'AMATO | JUNICHIRO KAMIO | TONY WEEKS | POINT DEDUCTIONS | NOTES | RESULT | Parker Porter won by Unanimous Decision"
e169063e5a541a82fcd5ce18.jpg,c5b52b5b4a8686ed78834eacb835603fe77cc19dabea9cb8111d1e5bfa8130ee,c9488a64-e0ec-545f-8dd3-bee7701c9c97,2ff5f0d0-a468-5940-ac92-33feb195d04a,UFC Fight Night: Walker vs. Hill,2022-02-19,Joaquin Buckley|Abdul Razak Alhassan,jpeg,11,129,10,2,"3 us. | FIGHT #8 | ‘6s, | UFC | scorecaro | JOAQUIN BUCKLEY | vs. | ABDUL RAZAK ALHASSAN | LUFC FIGHT NIGHT: WALKER VS. HILL | pate | Location | verue | Weign ciass | eteree | wy972022 | US VEGAS, NEVADA, USA | ‘URC APeX. | DOLEWeEGAT- 1 8s, | HERB DEAN | [en | Lamieen)) | Cersl | foc) | oxguiw | ‘UL | oxgun | ‘aut | oxguIN | ‘ut | BUCKLEY | RAZAK ALHASSAN | BUCKLEY | RAZAK ALHASSAN | BUCKLEY | RAZAK ALHASSAN | cry | Ea | eS | Ton | oe | ote. | on | cry | Se | oy | Se | ES | a | oo | oe | a | ory | ioe | ory | tore | aot | me | ano | ea | ae | oy | io | 10 | A | 1 | 10 | 0 | q | 3 | 10 | 10 | 2 | 3 | 0 | 2 | 3 | 10 | 3 | 3 | 10 | 3 | 3 | 10 | 7 | EY | EJ | a | EB | EJ | Tr | 2B | [ronroce] | ‘SAL D'AMATO | ANTHONY MANESS | JUNICHIRO KAMIJO | POINT DEDUCTIONS | NOTES | SUT | saquin Buckley won by Split Decision"
56b0ef8780acc00b0220c14a.jpg,88ceadfa8c7b03cfcd3c35337680ebd0485a25e90cf5b655b31c8d44d2106195,ea1b0e0f-b9c8-5387-8338-ddd8f40e3554,2ff5f0d0-a468-5940-ac92-33feb195d04a,UFC Fight Night: Walker vs. Hill,2022-02-19,Diana Belbita|Gloria de Paula,jpeg,11,131,9,2,"‘16 us, | FIGHT #4 | 15515, | UFC | scorecaro | DIANA BELBITA | vs. | GLORIA DE PAULA | LUFC FIGHT NIGHT: WALKER VS. HILL | pate | Location | verue | eteree | ‘URC APeX. | Weign ciass | WOMENS STRAMWEIGHT- 115185, | aR STH | wy972022 | US VEGAS, NEVADA, USA | amie) | Gea | Cersl | foes) | ‘IANA | cLoRIA | ‘UNA | ‘loRIA | ‘NA | ‘LORI | BELBITA | DE PAULA | BELBITA | DE PAULA | BELBITA | DE PAULA | ‘one | Ton | oe | oa | ry | coy | a | oo | a | ory | ory | me | ano | ae | oy | Ea | eS | ote. | Se | Se | ES | oe | oe | tore | aot | ea | io | 10 | 1 | 10 | 1 | 8 | 0 | 3 | 7 | 3 | 2 | 0 | 3 | 2 | 10 | 3 | 10 | 3 | 3 | 10 | 3 | 3 | 10 | 3 | 10 | 28 | TA | EJ | a | EJ | Ter | [rsync] | MIKE BELL | DEREK CLEARY | ADALAIDE BYRD | POINT DEDUCTIONS | NOTES | RESULT | Gloria de Paula won by Unanimous Decision"
7d1638d6080bfcf99c8d08b7.jpeg,7c9e418c3dd48aceaa01a8315f265bc934a6a655dbe53560a32d9a8b768f850d,584f239d-98ff-5234-8a20-28d7a8c1fdb0,22bf10f5-db53-50f5-b138-e779aa1b8988,UFC Fight Night: Makhachev vs. Green,2022-02-26,Ramiz Brahimaj|Micheal Gillmore,jpeg,11,98,1,1,‘mos us. | FIGHT #2 | mosss. | Ur | scorecaro | RAMIZ BRAHIMA) | vs. | MICHEAL GILLMORE | LUFC FIGHT NIGHT: MAKHACHEV VS. GREEN | ate | Wiig class | eters | Uses DA Usk | Urearex | WELTERWEIGHT - TOES. | ans | [mann J | [ surconer | [ sme | | [ su cower | Raz | ‘MIOHEAL | BRAHIMA) | aula | BRAHIMA | GILLMORE | BRAHIMA) | GILLMORE | we | oe | ea | eos | ea | 00 | = | ae | 7 | wove | eat | ‘on | re | oo | ‘on | So | sa | tec | ‘cae | Sone | ae | eto | ‘oe | 1 | 2 | 3 | a | om | [ve poe} | RON MCCARTHY | JUNICHIRO KAMIjO | TONY WEEKS: | POINT DEDUCTIONS | RESULT | Rami Brahimaj won by submission 202 of | round 1 -Rear naked choke.
5e799acb0ffd755f2b8d5a7a.jpeg,cfdc019a1bbb4dc9b4705c5a6fb8f13d1162ab050eeb7a7a4c9e89eb5623382b,81275686-b16e-5c8f-835d-36bb5b172afd,22bf10f5-db53-50f5-b138-e779aa1b8988,UFC Fight Night: Makhachev vs. Green,2022-02-26,Fares Ziam|Terrance McKinney,jpeg,11,83,1,2,‘6s. | FIGHT #84 | 5s. | Ur | scorecaro | TERRANCE MCKINNEY | vs. | FARES ZIAM | LUFC FIGHT NIGHT: MAKHACHEV VS. GREEN | ate | Wee cass | Reteroe | Uses DA Usk | Urearex | HERBDEAN | ao | co | ARES | TERRANCE | [ sme | | oo oo | RES | TERRANCE | ARES | MCKINNEY | uM | MCKINNEY | ZAM | MCKINNEY | ZAM | ae | 7 | eat | Soe | rea | ‘on | ‘cae | Sone | a | wove | eto | ‘oe | 1 | 2 | 3 | a | om | [resea ] | RON MCCARTHY | ‘ADALAIDE BYRD | JUNICHIRO KAMIJO | POINT DEDUCTIONS | RESULT | ‘Terrance McKinney won by submission 2:11 of | round 1 -Rear naked choke.
f824fab4191484ee60cf599f.jpeg,8a24319fe0ac7f0b628933ec8b0b2c7ee16a0a25238c86edbb17cd6edf0fdf65,da1e4f1f-55dd-5a3a-a3bb-45aa4f66ae4e,22bf10f5-db53-50f5-b138-e779aa1b8988,UFC Fight Night: Makhachev vs. Green,2022-02-26,Misha Cirkunov|Wellington Turman,jpeg,11,90,2,2,Ss. | FIGHT #10 | sas. | Ur | scorecaro | MISHA CIRKUNOV | VS. | WELLINGTON TURMAN | LUFC FIGHT NIGHT: MAKHACHEV VS. GREEN | ate | Wiig lass | Uses DA Usk | Urearex | AT 15 BS. | esa | ao | ‘ELUNGTON | [ surcomes | [ sme J | WeLINGTON | [ sur comer J | RKUNOV | TURMAN | ‘ORKUNOY | TURMAN | ‘GRKUNOV | we | ea | eos | ea | = | ae | ‘on | rea | oe | oo | Ed | Soe | sa | 00 | tec | ‘nt | Sone | 0 | 1 | 9 | 0 | 2 | 3 | a | om | 0 | DOUGLAS CROSBY | CHRIS LEE | RON MCCARTHY | POINT DEDUCTIONS | RESULT | Wellington Turman won by submission 1:29 of | round 2~ Armbar.
466258fa563a56e3591b3c2a.jpg,a5e1c1fac668823df7f2171aeb076aa98e308742b7126879fa35b703f5842150,3c4e8b8e-c3d6-5153-a987-044b466f790a,f2f364ff-9464-55a4-8206-9cea7ffd71bc,UFC 272: Covington vs. Masvidal,2022-03-05,Kennedy Nzechukwu|Nicolae Negumereanu,jpeg,11,126,6,1,"205585, | FIGHT #6 | 206 18s. | UFC | scorecaro | NICOLAE | KENNEDY | LUFC 272: COVINGTON VS. MASMIDAL | NEGUMEREANU | NZECHUKWU | ate | 3052022 | Uses DA Usk | HOBUE ARENA | Referee | warrior | 205185. | an: | =< | — | = | | co | ——— | NEGUMEREANU | NZECHUKWU | NECUMEREANU | NZECHUKWU | KEWEDY | NECUMEREANU | NZECHUKWU | wemenr | ou | ou | we | soe | = | Soe | om | fo | som | none | aoe | on | oe | Sat | bod | om, | nome | ou | rom | om | ‘on | 0 | | | 1 | 9 | 0 | 1 | 3 | 9 | 1 | 0 | 0 | 2 | 9 | 0 | 2 | 3 | 9 | 2 | 0 | | | Kea | 3 | 3 | 1 | ws | 3 | 3 | 1 | yas | 9 | 3 | 1 | ws | | | a | a, | Ew | ea | Ew | om | 8 | [voe po} | [sux noc | | [ rec | | TONY WEEKS | DOUG CROSBY | ‘SAL D'AMATO | POINT DEDUCTIONS | RESULT | Ra | Nzectuewu | pt | Fingers to eye | Nicolae Negumereanu won by Split Decision"
ebb3cf4e9d395ab4b4a2f570.jpg,672274ae59025a21e1ffe0e4492433ac607d874611055a149695037d67095521,8e528ec7-68e3-584c-9d57-e50e21cc6e16,f2f364ff-9464-55a4-8206-9cea7ffd71bc,UFC 272: Covington vs. Masvidal,2022-03-05,Maryna Moroz|Mariya Agapova,jpeg,11,100,2,2,"255 us. | FIGHT #5 | meus. | UFC | scorecaro | MARYNA MOROZ | vs. | MARIYA AGAPOVA | LUFC 272: COVINGTON VS. MASMIDAL | ate | Woige ciats | 3052022 | Uses DA Usk | HOBUE ARENA | WOMEN'S TWEIGHT 25 U8, | eso | [ mann J | co | oo | [ su comer ] | mane | mani | MaRYMA | mania | manyns | aR | MOROZ | ‘AGAPOVA | Moroz | ‘MoROZ | ACAPOVA | we | Ra | eos | at | woe | = | oy | 7 | ue | ear | Soe | oo | ‘on | So | ie. | tec | Se | Sout | a | eto | ‘or | 0 | 1 | 3 | 2 | 3 | 0 | ma | oa | oo | JUNICHIRO KAMIJO | ERIC COLON | RON MCCARTHY | POINT DEDUCTIONS | RESULT | Moroz won by submission 327 ofthe 2nd | round arm triangle."
83b335302dbb8de4592158fd.jpg,fefd9543679e36c2c9243f16885131a3e918b360e537a4b528e51943ebdff0fa,d32dd950-3623-596e-a092-e0537c270263,f2f364ff-9464-55a4-8206-9cea7ffd71bc,UFC 272: Covington vs. Masvidal,2022-03-05,Colby Covington|Jorge Masvidal,jpeg,11,100,4,2,"‘mos as. | FIGHT #13, | mosss. | UFC | scorecaro | COLBY COVINGTON | vs. | JORGE MASVIDAL | LUFC 272: COVINGTON VS. MASMIDAL | ate | Wolpe class | Aeterse | 3052022 | Uses DA Usk | HOBUE ARENA | WELTERWEIGHT - 7018S, | HERBDEAN | oo | oo) oo | [ su comer ] | COVINGTON | MASVIDAL | once | COVINGTON | MASIDAL | canncron | (MASVIDAL | once | we | Ra | eos | at | = | oy | oo | om | oo | ‘on | So | ie. | woe | tec | Se | ‘on | a | ‘or | 0 | | | 9 | 0 | 0 | 3 | 0 | 0 | 0 | 9 | 0 | 0 | 9 | 0 | 0 | 9 | 0 | 0 | a | om | 46 | 45 | JUNICHIRO KAMIJO | DEREK CLEARY | ‘SAL D'AMATO | POINT DEDUCTIONS | RESULT | Colby Covington won by Unanimous Decision"
59db1e1e3a035e4f07d75960.jpg,2d8dc6700b0279a5b4fc3be79d02a54fb2dbad382f1b7e66d1303f7cfc2cd18c,fd9f7bae-3ea9-57f4-b939-3976c1223a25,f2f364ff-9464-55a4-8206-9cea7ffd71bc,UFC 272: Covington vs. Masvidal,2022-03-05,Rafael Dos Anjos|Renato Moicano,jpeg,11,100,5,2,‘ous. | FIGHT #812 | oes. | UFC | scorecaro | RAFAEL DOS ANjOS | vs. | RENATO MOICANO | LUFC 272: COVINGTON VS. MASMIDAL | ate | Weige class | Aeteree | 3052022 | Uses DA Usk | HOBUE ARENA | TOI WEIGAT | MARC cODDARD | oo | oo) oo | [ su comer J | RENATO | Dos ANJOS | MOICANO | OS ANOS | MOICANO | OS ANJOS | ‘MOICANO | we | om | Ra | eos | at | woe | = | ear | oo | oo | ‘on | So | ie. | tec | Sout | a | eto | ‘or | 0 | | | 9 | 0 | 0 | | | 0 | 9 | 0 | 0 | 8 | 0 | 0 | 8 | 0 | 0 | 10 | 0 | om | 45 | MIKE BELL | CHRIS LEE | RON MCCARTHY | POINT DEDUCTIONS | RESULT | Rafael Dos Anjos won by Unanimous Decision
a4b864ca19c62875218d2684.jpg,0c7484823d974dd992f71ac1002dbc9f7e2af4a74c38f7b920c9fa9251064d7e,03a17e80-d0ed-5a85-978b-a569ada6a933,6aad583e-b153-58ee-883d-4df5e136b9a6,UFC Fight Night: Santos vs. Ankalaev,2022-03-12,Guido Cannetti|Kris Moutinho,jpeg,11,100,0,2,"‘sas, | FIGHT #2 | BEL. | UFC | scorecaro | KRIS MOUTINHO | vs. | GUIDO CANNETTI | LUFC FIGHT NIGHT: SANTOS VS. ANKALAEV | ate | Location | Venue | Reteree | ‘rca. | Weight class | AMTAMWEICHT-B5 LBS. | ‘ots TOGKON | wrepm | [US VEGAS, NEVADA, USA | Lom | ee | aos | aoe | ‘uno | Rs | ‘ooo | ‘uno | oUTINHO | ‘CANETTI | MOUTINHO | ‘CANETTI | MoUTINHO | ‘CANETTI | moe | rer | 18 | ""a | ae | oe | ae | moe | vom | Scone | ot | ic | See | Seow | ou |"" | Sone | oc | ewe | suet | Some | 1 | 1 | Zz | 2 | 3 | 3 | wa | oa | a | | wore ocr] | oo | [expo | | MIKE BELL | RICK WINTER | JUNICHIRO KAMIJO | POINT DEDUCTIONS | NOTES | RESULT | Guido Canetti won by TKO 2:07 of round 1"
b9015e61bb72790ea138c85e.jpg,df5337aae88a522864062b51ea781970bfb2d84318ce2cf374ec1c5f8d0d01a7,13966eb7-3151-5cbc-8e60-68adc7a70f24,6aad583e-b153-58ee-883d-4df5e136b9a6,UFC Fight Night: Santos vs. Ankalaev,2022-03-12,Cody Brundage|Dalcha Lungiambula,jpeg,11,93,0,2,"‘6s. | FIGHT #3, | 55s. | UFC | scorecaro | DALCHA LUNGIAMBULA | vs. | CODY BRUNDAGE | LUFC FIGHT NIGHT: SANTOS VS. ANKALAEV | Location | Venue | Weight Class | Reteree | rene | [US VEGAS, NEVADA, USA | ‘rca. | MDOLEWEIGT 18 as. | aga sort | ee | a | eo | Ct | LUNGIAMBULA | RUNGE | TUNGIAMBULA | BRUNDAGE | LUNGIAMBULA | BRUNDAGE | moe | rer | 18 | ""a | oe | oo | ae | moe | vom | Scone | ot | ic | Sone | soe,_| 0 | tone | ewe | suet | Some | 1 | 1 | Zz | 2 | 3 | 3 | wa | oa | a | DEREK CLEARY | DOUGLAS CROSBY | DAVE HAGEN | POINT DEDUCTIONS | NOTES | RESULT | Cody Brundage won by submission 3:41 of | round 1 - Guillotine choke,"
9420d44876da1ebb33edbba2.jpg,ab93b71048cc096e7bc54bd97312e68da1838bd9dac7eebca3a24ac11402a386,46290356-0d10-5ba8-9658-70e5eaf337dd,6aad583e-b153-58ee-883d-4df5e136b9a6,UFC Fight Night: Santos vs. Ankalaev,2022-03-12,Sabina Mazo|Miranda Maverick,jpeg,11,106,8,2,"1255 Us. | FIGHT #84 | ‘255s. | UFC | scorecaro | SABINA MAZO | vs. | MIRANDA MAVERICK | LUFC FIGHT NIGHT: SANTOS VS. ANKALAEV | ate | Location | Venue | Referee | ‘rca. | Weight class | WOMENS FOTWEICHT- 25.8. | KEITH PETERSON | wrepm | [US VEGAS, NEVADA, USA | [omy | co | a | =o | saa | ‘RANA | Parry | MIRANDA | ‘MIRANDA | MAZO | MAVERICK | MAZO | MAVERICK | MAZO | (MAVERICK | moe | rer | ae | oe | ae | moe | vom | Scone | See | Seow | ou |"" | Sone | oc | ewe | suet | Some | 9 | 10 | 9 | 10 | 10 | wa | 10 | oa | 0 | a | 10 | | wore ocr] | [ave noc | [rex pce | | MIKE BELL | ‘SAL D'AMATO | ADALAIDE BYRD | POINT DEDUCTIONS | NOTES | RESULT | Miranda Maverick won by submission 2:15 of | round 2- Rear naked choke."
3a2ed97b9e82e0eba2a555bb.jpg,67dfa3115407cb47cfe2b1e9a57b37cb268e64b69d830f8f5739c5095c2d1ef2,65d888f0-7f1e-5f70-9dac-ea5e87368cf0,6aad583e-b153-58ee-883d-4df5e136b9a6,UFC Fight Night: Santos vs. Ankalaev,2022-03-12,Sodiq Yusuff|Alex Caceres,jpeg,11,86,4,2,"M5 Us. | FIGHT #12 | ss. | UFC | scorecaro | SODIQ YUSUFF | vs. | ALEX CACERES | LUFC FIGHT NIGHT: SANTOS VS. ANKALAEV | Location | Venue | Weige ciass | feteree | rene | [US VEGAS, NEVADA, USA | ‘rca. | FEATWERWEIGHT 145 LBs. | ‘Ris ToCKON | [ ascen } | aos | |) = | 0019 | song | YUSUFF | caCeRES | YUSUFF | ACRES | Usb | CACeRES | moe | rer | me | rer | ae | moe | vom | ree | Scone | Some | san | x | emi | Some | 10 | 10 | 10 | 10 | wa | oa | oa | a | MIKE BELL | ‘SAL D'AMATO | ADALAIDE BYRD | POINT DEDUCTIONS | NOTES | RESULT | ‘Sodiq Yusutf won by Unanimous Decision"
9fd52c290db422cf9b9962ab.jpg,f40ea729133f5aeb85923a5af3aed22994d2d2955f895bf367348fa77bbf0605,a5e9faaf-b2f6-5f11-b130-f7938c111d8d,6aad583e-b153-58ee-883d-4df5e136b9a6,UFC Fight Night: Santos vs. Ankalaev,2022-03-12,Tafon Nchukwi|Azamat Murzakanov,jpeg,11,113,16,2,"2055.85. | FIGHT #81 | 205585. | UFC | scorecaro | TAFON NCHUKWI | vs. | AZAMAT MURZAKANOV | LUFC FIGHT NIGHT: SANTOS VS. ANKALAEV | Location | Venue | Weight class | Reteree | rene | [US VEGAS, NEVADA, USA | ‘rca. | UGHT HeANYWEIGT 205.85. | ERB DEAN | co | [ ancem | aos | | | a | cH | MURZAKANOV | CHU | MURZAKANOV | NCHUKWI | MURZAKANOV | moe | rer | 18 | ""a | me | rer | rou | oo | ae | moe | vom | ree | Scone | ot | ic | Some | san | x | tone | emi | Some | 9 | 1 | 10 | 9 | 1 | 10 | 10 | 1 | 9 | 0 | Zz | 9 | 10 | 2 | 9 | 10 | 2 | 9 | 3 | 3 | 3 | 8 | wa | 8 | 8 | oa | 8 | a | 8 | DOUGLAS CROSBY | ‘SAL D'AMATO | ADALAIDE BYRD | POINT DEDUCTIONS | NOTES | RESULT | ‘Azamat Murzakanov won by TKO 0: of | round 3."
b253358b13dd1a77dcf16454.jpg,be884599389112646d2b991fc9a02dd7c4a8ef06354c6223dcf2f40572102977,abed5ad6-4822-5d1b-be6a-01a5235d30a5,6aad583e-b153-58ee-883d-4df5e136b9a6,UFC Fight Night: Santos vs. Ankalaev,2022-03-12,Drew Dober|Terrance McKinney,jpeg,11,101,1,2,"155s, | FIGHT #10 | 561s. | UFC | scorecaro | DREW DOBER | vs. | TERRANCE MCKINNEY | LUFC FIGHT NIGHT: SANTOS VS. ANKALAEV | Location | Venue | Weise class | Reteree | rene | [US VEGAS, NEVADA, USA | ‘rca. | LUGHTWEICAT 155 UBS | KEITH PETERSON | co | co | aos | =o | a | a | REW | TERRANCE | ‘DREW | TERRANCE | TERRANCE | DOBER | (MCKINNEY | DOBER | MCKINNEY | DavER | MCKINNEY | moe | rer | 18 | ""a | oe | oo | ae | moe | vom | ‘con | ot | ic | Sone | soe,_| 0 | tone | ewe | suet | Some | 1 | 1 | Zz | 2 | 3 | 3 | wa | oa | a | | wore ocr] | [rex poe] | MIKE BELL | DOUGLAS CROSBY | ‘SAL D'AMATO | POINT DEDUCTIONS | NOTES | RESULT | Drew Dober won by TKO 3:17 of round 1."
93eeff4f856fd2940506b380.jpg,b9a8b1788304919f6de6e86d9c7c495302460b841bc54717b4259f34df783b77,20213671-3ce4-50f2-b4ef-67d4e134af3a,ca4a09f3-d7e2-5c7f-bb7f-5d8231a388da,UFC Fight Night: Volkov vs. Aspinall,2022-03-19,Shamil Abdurakhimov|Sergei Pavlovich,jpeg,11,77,1,1,"suns, | FIGHT 85 | 25415. | UFC | scorecaro | SHAMIL ABDURAKHIMOV vs. | ‘SERGE! PAVLOVICH | LUFC FIGHT NIGHT: VOLKOV VS. ASPINALL | Weigh class | ere | Syenm | {oon AN | THE 02 ARENA | EAIYWEIGHT 265.8. | ‘DAMEL MOVABEDL | oo | oo | oo | oo oo | SERGE | ‘ouRacanoy | onc | ‘ouRaKHMoY | PAVLOVICH | ‘ABDURAKHIMOV | we | oo | om | Ra | ‘on | eos | So | ie. | at | woe | tec | = | oy | Se | Sone | a | ot | ear | ma | om | BEN CARTLIDGE | AHMED KORCHI | CLEMENS WERNER | POINT DEDUCTIONS | RESULT | Pavlovich won by TKO -4.03 of RI"
27a1ddc5039b88250fe705a3.jpg,364c8c9866d3646d67923217e6fc457501ee3713d57aecabb43f0ad7fa96fa8f,4289a353-02c9-59fa-870d-72d683550299,ca4a09f3-d7e2-5c7f-bb7f-5d8231a388da,UFC Fight Night: Volkov vs. Aspinall,2022-03-19,Alexander Volkov|Tom Aspinall,jpeg,11,84,2,2,"2538s, | FIGHT #12 | 2525. | UFC | scorecaro | ALEXANDER VOLKOV | vs. | TOM ASPINALL | LUFC FIGHT NIGHT: VOLKOV VS. ASPINALL | Weight class | Reteroe | Syenm | {oon AN | THE 02 ARENA | EAIYWEIGHT 265.8. | ‘Maa coDDARD | oo | oo) oo | [ su comer J | ‘NEXANDER | ‘ALDANDER | ALEXANDER | 10M | VOLKOV | Asem | voLKOV | Asem | WoLKoY | AASPINALL | we | om | Ra | eos | at | woe | = | cy | oo | oo | ‘on | So | ie. | tec | Se | Sone | a | ‘or | om | BEN CARTLIDGE | DEREK CLEARY | DAVID LETHABY | POINT DEDUCTIONS | RESULT | ‘Tom Aspinall won by straight arm barat 345 | ofRt"
0e2da6051cd6dc584a610a24.jpg,0aa34cc1d6802dede704d7c43db41e7702a2d7791015a4cd6440dc59b371ff8c,81d852cb-3ca7-5138-ad03-edd141c9e0be,ca4a09f3-d7e2-5c7f-bb7f-5d8231a388da,UFC Fight Night: Volkov vs. Aspinall,2022-03-19,Makwan Amirkhani|Mike Grundy,jpeg,11,87,1,2,"sus. | FIGHT #6 | sas. | UFC | scorecaro | MIKE GRUNDY | VS. | MAKWAN AMIRKHANI | LUFC FIGHT NIGHT: VOLKOV VS. ASPINALL | Weigh class | Syenm | {oon AN | THE 02 ARENA | FEATWERWEI | MSs. | ot oroHEL, | oo | co | oo | [ nut comer J | MaKWN | mane | conor | AMIRKHANI | GRUNDY | AMIRKHANI | uno | AAMIRKHANI | we | oo | ‘on | eos | So | ie. | at | woe | tec | = | oy | Se | Sone | a | 7 | ue | eto | ear | Soe | ‘or | 1 | 2 | 3 | ma | om | MARK COLLETT | ANDERS OHLSSON: | ‘VITO PAOLILLO | POINT DEDUCTIONS | RESULT | ‘Amirkhani won by Anaconda choke - 0.57 of | RI"
3d476dfcbdd595bef86860c0.jpg,7e69e453c091ca0d23d32006a4134c3b9dcf0339fcf765dd062fc775ca6cb5a8,a1b003c5-a405-53e6-9bb5-4e9b9c25af31,ca4a09f3-d7e2-5c7f-bb7f-5d8231a388da,UFC Fight Night: Volkov vs. Aspinall,2022-03-19,Cody Durden|Muhammad Mokaev,jpeg,11,86,1,2,"‘m5 us. | FIGHT #1 | meus. | UFC | scorecaro | MUHAMMAD MOKAEV | vs. | CODY DURDEN | LUFC FIGHT NIGHT: VOLKOV VS. ASPINALL | ate | Location | Weigh class | fete | @yspm2 | ‘LONDON, ENGLAND, CBR | THE 02 ARENA | INWEIGHT 25 UES. | ‘DAMIEL MOMAAEDL | co | oo oo | ‘oor | oy | saad | ‘any | DURDEN | MOKAEV | DURDEN | MOKAEV | ‘DURDEN | oo | ‘on | Se | oe | Sone | a | 7 | ue | eto | ear | Soe | ‘or | 1 | 2 | 3 | ma | ra | om | [ve poe} | oo | BEN CARTLIDGE | AHMED KORCHI | PAUL SUTHERLAND | POINT DEDUCTIONS | RESULT | ‘Mokaev won by Guillotine choke -0.58 | seconds of RI"
efe9049a02decc229ca5b5ae.jpg,91f969a6c33df03c58b8895bfc1ab150d434f2aea9ad13d8e3389ff4e48883b5,a3e95a47-4d4a-5aee-8632-d7139fbcb103,ca4a09f3-d7e2-5c7f-bb7f-5d8231a388da,UFC Fight Night: Volkov vs. Aspinall,2022-03-19,Timur Valiev|Jack Shore,jpeg,11,73,2,2,‘uns. | FIGHT #3 | ‘sues. | UFC | scorecaro | JACK SHORE | TIMUR VALIEV | LUFC FIGHT NIGHT: VOLKOV VS. ASPINALL | Weigh class | Reteree | Syenm | {oon AN | THE 02 ARENA | ANTAMWEIGHT -BSLES. | ‘anc coooaRo | oo | oo | oo | oo oo | MUR | MOR | ‘SHORE | WALIEY | Sone | WALIEV | WALIEV | eos | at | = | oo | Ed | So | ie. | Sone | 10 | 3 | 10 | 0 | 0 | 0 | | 0 | ma | om | MARK COLLETT | DAVID LETHABY | ‘VITO PAOLILLO | POINT DEDUCTIONS | RESULT | Jack Shore won by Unanimous Decision
6593264dde505f85e87895db.jpg,f4edf77ce60633efcc84f9d80e42babb251bdde6f1d92e95136920a01694ebc5,ddc84dec-2fc9-5606-9994-c39abc600b53,ca4a09f3-d7e2-5c7f-bb7f-5d8231a388da,UFC Fight Night: Volkov vs. Aspinall,2022-03-19,Luana Carolina|Molly McCann,jpeg,11,92,7,2,‘ms ns. | FIGHT #8 | meus. | UFC | scorecaro | MOLLY MCCANN | VS. | LUANA CAROLINA | LUFC FIGHT NIGHT: VOLKOV VS. ASPINALL | Weight class | Syenm | {oon AN | THE 02 ARENA | WOMENS LTWEIGHT 25 LE. | gE wont | [ avn J | wou | co | wou | oo ooo | MCCANN | CAROLINA | MCCANN | CAROLINA | MCCANN | CAROLINA | we | Ra | = | 7 | ear | Soe | oo | om | oo | ‘on | Sout | a | ue | eto | ‘or | 9 | 0 | 1 | 8 | 9 | 0 | 0 | 2 | 3 | 3 | ma | om | 8 | 7 | BEN CARTLIDGE | AHMED KORCHI | CLEMENS WERNER | POINT DEDUCTIONS | RESULT | ‘McCann won by KO - 1.52 of R3
b95eaa924e0ee38e97438a0a.jpg,f4edf77ce60633efcc84f9d80e42babb251bdde6f1d92e95136920a01694ebc5,ddc84dec-2fc9-5606-9994-c39abc600b53,ca4a09f3-d7e2-5c7f-bb7f-5d8231a388da,UFC Fight Night: Volkov vs. Aspinall,2022-03-19,Luana Carolina|Molly McCann,jpeg,11,92,7,2,‘ms ns. | FIGHT #8 | meus. | UFC | scorecaro | MOLLY MCCANN | VS. | LUANA CAROLINA | LUFC FIGHT NIGHT: VOLKOV VS. ASPINALL | Weight class | Syenm | {oon AN | THE 02 ARENA | WOMENS LTWEIGHT 25 LE. | gE wont | [ avn J | wou | co | wou | oo ooo | MCCANN | CAROLINA | MCCANN | CAROLINA | MCCANN | CAROLINA | we | Ra | = | 7 | ear | Soe | oo | om | oo | ‘on | Sout | a | ue | eto | ‘or | 9 | 0 | 1 | 8 | 9 | 0 | 0 | 2 | 3 | 3 | ma | om | 8 | 7 | BEN CARTLIDGE | AHMED KORCHI | CLEMENS WERNER | POINT DEDUCTIONS | RESULT | ‘McCann won by KO - 1.52 of R3
a8fc11498b15391c62f1e611.jpg,b22506271ed9beaa536c401b4a42757116e31cdb257d7b30edb3292828c20f90,656e4b96-595d-5a75-82aa-c40b0d7ab4ff,cff44dd5-9e39-51ca-9d29-8d9c3504ba7a,UFC Fight Night: Blaydes vs. Daukaus,2022-03-26,Kai Kara-France|Askar Askarov,jpeg,11,129,12,2,"‘26uns. | FIGHT #3 | 55 us, | UFC | scorecaro | ASKAR ASKAROV | vs. | KAI KARA-FRANCE | LUFC FIGHT NIGHT: BLAYDES VS. DAUKAUS | pate | Lecaton | Venue | hotecee | NATIONWIDE ARENA | Weigr class | LYWEIGAT. 125185. | ‘OUD TRUKOWICH | 02672022 | ‘DLUMBUS, OH, USK | = | Gea | Grsl | ferns) | 1508 | 15 | KA | ASKAROV | vara FRANCE | ASKAROV | KARA FRANCE | ASKAROV | KARA-FRANCE | cy | Ton | oe | a | ry | ory | a | oo | a | ory | ory | me | ano | ae | oy | Ea | eS | ote. | Se | Se | ES | oe | oe | tone | aot | ea | io | 10 | 1 | 9 | 10 | 1 | 8 | 0 | q | 7 | 3 | 7 | 3 | 2 | 0 | 3 | 2 | 10 | 3 | 2 | 10 | 3 | 3 | 10 | 3 | 3 | 10 | 3 | 3 | 10 | 28 | 7 | EJ | a | EJ | Ter | [vere noc: | | ‘TODD SCHWARZ | ‘SAL D'AMATO | MIKE BELL | POINT DEDUCTIONS | NOTES | RESULT | ai Kara-France won by Unanimous Decision"
1067f39b8ed19f1eb97df109.jpg,9f45dc09a7fde5cbad54e2a57e452ea98dfd663dffe077e4a2dab1d9ee476edb,8a4c8020-cc31-5bd7-91ef-7545ec364a72,cff44dd5-9e39-51ca-9d29-8d9c3504ba7a,UFC Fight Night: Blaydes vs. Daukaus,2022-03-26,David Dvorak|Matheus Nicolau,jpeg,11,115,10,2,"‘26uns. | FIGHT #2 | 55 us, | UFC | scorecaro | MATHEUS NICOLAU | vs. | DAVID DVORAK | LUFC FIGHT NIGHT: BLAYDES VS. DAUKAUS | pate | Lecaton | Venue | hotecee | NATIONWIDE ARENA | Weige class | LYWEIGAT. 125185. | ‘OUD TRUKOWICH | 3 prspama2 | ‘DLUNBUS, OHO, USK | [aie] | Gea | Gri | ‘marieus | ano | aTHEUs | ao | ‘Mamneus | oan | NICOLAU | DVORAK | NICOLAU | DVORAK | NICOLAU | DVORAK | oy | Ton | oe | oa | ry | oy | a | oo | a | ory | ory | ano | ae | oy | Ea | eS | ote. | Se | Soe | ES | oe | ioe | tore | ea | io | 8 | 0 | A | 7 | 1 | 10 | 8 | 10 | 10 | 10 | 2 | 3 | 0 | 10 | 10 | 3 | 3 | 10 | Twa | 28 | A | Ti | [yee noc | | ‘IC COLON | TODD SCHWARZ | ‘SAL D'AMATO | POINT DEDUCTIONS | NOTES | RESULT | Matheus Nicolau won by Unanimous Decision"
7f0c0bbbc16bd7b102e72892.jpg,e5fa1b8c9a1bd35bb055d350ea177701f4995b2e8251d4b51e241b155f0f1ea9,ee62bb8d-d406-57e4-80d0-042a49285064,cff44dd5-9e39-51ca-9d29-8d9c3504ba7a,UFC Fight Night: Blaydes vs. Daukaus,2022-03-26,Aliaskhab Khizriev|Denis Tiuliulin,jpeg,11,117,9,2,"ss, | FIGHT #4 | 55s, | UFC | scorecaro | ALIASKHAB KHIZRIEV | vs. | DENIS TIULIULIN | LUFC FIGHT NIGHT: BLAYDES VS. DAUKAUS | pate | Lecaton | Venue | eteree | NATIONWIDE ARENA | Weigr class | MIDOLEWEIGT- 18 8s. | ‘RY coPELANO | 02672022 | ‘DLUMBUS, OH, USK | Laie) | Gea | Gri | a | ASO | Dens | USNS | DENS | ren | EM | KHIZRIEV | TIULIULIN | KHIZRIEV | TWULIULIN | KRIZRIEV | THULIULIN | cry | Ton | oe | oa | ry | ory | a | oo | a | oy | ory | me | ano | ae | oy | Ea | eS | ote. | Se | Se | ES | oe | oe | tore | aot | ea | io | 10 | 1 | 9 | 10 | 1 | 8 | 0 | 3 | 2 | 2 | 3 | 3 | 10 | 7 | 10 | a | 10 | Ti | [yee noc | | ANDREW ADKINS | ERIC COLON | ‘TODD SCHWARZ | POINT DEDUCTIONS | NOTES | RESULT | winner Khizriev by tech submission 1.58 of rd | 2 (RNC)"
5c7e7990e5759e7be4b92079.jpg,711b88c507f5681933bbbf1b9d9de31713bd07a220b2b0cabf5ab7303897166d,f7487dd9-2aae-5d31-9e96-1da2feb1db80,cff44dd5-9e39-51ca-9d29-8d9c3504ba7a,UFC Fight Night: Blaydes vs. Daukaus,2022-03-26,Marc Diakiese|Viacheslav Borshchev,jpeg,11,116,12,2,"15s, | FIGHT #7 | 1555s, | UFC | scorecaro | MARC DIAKIESE | vs. | VIACHESLAV BORSHCHEV | LUFC FIGHT NIGHT: BLAYDES VS. DAUKAUS | pate | Lecaton | Venue | reteree | NATIONWIDE ARENA | Weigr class | LUGATWEICAT- 1554, | ‘any coreLaNn | 02672022 | ‘DLUMBUS, OH, USK | cx | Gea | Cel | fmcroes | | are | IACHESLAY | mane | VIAGHESLAY | mane | VACHE. | DIAKIESE | BORSHCHEV | DIAKIESE | BORSHCHEV | DIAKIESE | BORSHCHEY | oy | Ton | oe | oa | ry | ory | a | oo | a | eae | ory | me | ano | ae | oy | Ea | eS | ote. | Se | Se | ES | oe | oe | tore | aot | ea | io | 10 | 1 | 9 | 10 | 0 | q | 10 | 2 | 9 | 10 | 0 | 2 | 10 | 3 | 9 | 10 | 10 | 3 | 30 | 7 | 30 | A | 30 | Ti | ‘SAL D'AMATO | ‘MIKE BELL | ANDREW ADKINS | POINT DEDUCTIONS | NOTES | RESULT | Mare Diakiese won by Unanimous Decision"
c9ae3d64c351e075e8cf7a93.jpeg,d8d6ab64e832eea6225baafb28d0d2a30e1fe769030315c272eda403fdb470e0,7886373d-4b17-57d6-a42b-1079177d7707,62b04efc-821b-5f35-b751-647064cd806f,UFC 273: Volkanovski vs. The Korean Zombie,2022-04-09,Ian Machado Garry|Darian Weeks,jpeg,11,67,1,1,"ms us. | FIGHT #7 | mosiss. | Ur | scorecaro | JAN GARRY | vs. | DARIAN WEEKS | ‘UFC 273: VOLKANOVSKI VS. THE KOREAN ZOMBIE | Weight cass | Reteroe | ae | eckson, RIDA Usk | ‘SU VETERANS MEMORIAL ARENA | 185. | HERBDEAN | [ surcones | oo oo | DARIN | DARIAN | caRRy | WEEKS | weeKs | | GARRY | rea | Ed | Sone | 0 | 0 | 0 | 0 | 0 | a | om | ERIC COLON | DEREK CLEARY | ‘TROY WINCAPAW | POINT DEDUCTIONS | RESULT | Jan Garry won by Unanimous Decision"
d5ec9b6a86cfb6cd5294d865.jpeg,aae1368ee85d680cf9a7e18ece7434598c8482222abb885a5b0f26424a94c284,80dfc426-1c37-5157-864a-177f1ca4a197,62b04efc-821b-5f35-b751-647064cd806f,UFC 273: Volkanovski vs. The Korean Zombie,2022-04-09,Mickey Gall|Mike Malott,jpeg,11,94,1,2,"ms us. | FIGHT #84 | mosiss. | Ur | scorecaro | MICKEY GALL | vs. | MIKE MALOTT | ‘UFC 273: VOLKANOVSKI VS. THE KOREAN ZOMBIE | ate | Verve | Weight cass | Reteree | yes7202 | eckson, RIDA Usk | STAR VETERANS MEMORIAL ARENA | WELTERWEIGIT 708s. | JAMES Lay FOLSOM A. | co | [ me J | oo oo | [ nuxconer | ower | MIKE | oer | MIKE | macxer | MK | MALOTT | GALL | MALOTT | CALL | MALOTT | rea | ‘on | So | oe | Sone | a | 7 | wove | eto | eat | Soe | ‘oe | 1 | 2 | 3 | a | om | [yore pce} | CHRISTOPHER LEE | DEREK CLEARY | HOWARD REICHBACH | POINT DEDUCTIONS | RESULT | Malott wins by Technical Knockout at 3:6 of | Round |"
409e95729a16a966942e2154.jpeg,1638cde21753b9d5fd43bf1533b73377603d4a7d930957087ce94c8611294280,d809686e-b032-54b5-85be-28e696f54069,62b04efc-821b-5f35-b751-647064cd806f,UFC 273: Volkanovski vs. The Korean Zombie,2022-04-09,Jared Vanderaa|Aleksei Oleinik,jpeg,11,91,1,1,"2s, | FIGHT #3, | 266s. | Ur | scorecaro | ALEKSEIOLEINIK vs. JARED VANDERAA | ‘UFC 273: VOLKANOVSKI VS. THE KOREAN ZOMBIE | Weight Cass | Reteree | ae | eckson, RIDA Usk | ‘SU VETERANS MEMORIAL ARENA | = 265. | MIKE BELTRAN | ao | [ surcones | ‘MEXSEL | oo | oo oo | [ nxconer | com | WANDERAA | OLEINIK: | WANDERAA | aap | due | vax | we | ea | ea | = | 7 | eat | Soe | rea | oe | oo | ‘on | Sone | a | wove | eto | ‘oe | 1 | 1 | 2 | 2 | 3 | 3 | a | om | ELISEO RODRIGUEZ | HOWARD REICHBACH | ERIC COLON | POINT DEDUCTIONS | RESULT | (leinik wins by Neck Crank Submission at | 339 of Round |"
365780e484161f3bc62c2713.jpeg,fa2fb22adceab9a3d79ecb75bb3d04428c3e2eac706d11266ca0d5b82ebf8eed,37d505b2-551a-53b1-9857-f2cce2186537,98a01919-ffc8-5cc6-8f6a-2c9b0e908771,UFC Fight Night: Luque vs. Muhammad,2022-04-16,Pannie Kianzad|Lina Lansberg,jpeg,11,85,3,2,355 Us. | FIGHT #7 | ‘sues. | Ur | scorecaro | LINA LANSBERG | vs. | PANNIE KIANZAD | LUFC FIGHT NIGHT: LUQUE VS. MUHAMMAD | Wight Class | Reteree | aan | Uses ED Usk | rear | 1GFT- 25 LBS. | mms Toowom | oo | [ surcones | [ sm J | UN | oo oo | PANE | sens | KIANZAD | LANSBERG | KIANZAD | we | ea | eos | ea | = | rea | oe | oo | ‘on | So | sa | 00 | tec | Sone | 0 | 3 | 1 | 10 | 0 | 0 | 0 | 10 | 0 | a | om | MIKE BELL | DEREK CLEARY | JUNICHIRO KAMIJO | POINT DEDUCTIONS | RESULT | Pannie Kianzad won by Unarimous Decision
3a3f7cb5a96b9aaa7f283dd9.jpeg,a2c3f9ca86bd4f1b542653130e1930fa5035e1055a578b32228ce59a1c76a827,7e5c4d89-81b1-503d-b00e-b0b7fe33fc1f,98a01919-ffc8-5cc6-8f6a-2c9b0e908771,UFC Fight Night: Luque vs. Muhammad,2022-04-16,TJ Laramie|Pat Sabatini,jpeg,11,65,1,1,MeLRS. | FIGHT #10 | MSS Las. | Ur | scorecaro | PAT SABATINI | T) LARAMIE | LUFC FIGHT NIGHT: LUQUE VS. MUHAMMAD | Wight Class | foteree | aan | Uses ED Usk | rear | ERBDEAN | oo | co | oo | Sienna | LARAMIE | 1 | SABATINI | LARAMIE | Shaan | eos | eat | rea | Ed | Soe | Sone | 0 | 0 | 0 | 0 | 0 | 0 | a | om | % | ‘SAL D'AMATO | CHRIS LEE | ANTHONY MANESS | POINT DEDUCTIONS | RESULT | Pat Sabatini won by Unanimous Decision
53178a3a3adbe09d0372f3d4.jpeg,bf49cd006bd7ce71da304a94dc53a1acefe52ac6b8179d68a0122900371e4ac4,a15d594b-95f2-5951-88e7-2386427ef14d,98a01919-ffc8-5cc6-8f6a-2c9b0e908771,UFC Fight Night: Luque vs. Muhammad,2022-04-16,Belal Muhammad|Vicente Luque,jpeg,11,97,5,2,"mus. | FIGHT #14 | mosss. | UFC | scorecaro | VICENTE LUQUE | vs. | BELAL MUHAMMAD | LUFC FIGHT NIGHT: LUQUE VS. MUHAMMAD | Wight Class | fetaree | aan | Uses ED Usk | UR APE | 18s. | HERBDEAN | oo | [ ome J | WENTE | ‘ELL | wcemte | ELL | WiCENTE | Luque | Lugue | MUHAMMAD | ea | Bae | ea | 00 | = | ae | woe | oe, | some | eat | Soe | ‘on | rea | oo | ‘on | sa | tec | ‘one | Sone | eto | ‘coe | 0 | 10 | 0 | 0 | 10 | 0 | 0 | 0 | 3 | 0 | 10 | 0 | 3 | 10 | 10 | 0 | a | 49 | ea, | 4a | om | DEREK CLEARY | ‘SAL D'AMATO | CHRIS LEE | POINT DEDUCTIONS | RESULT | Belat Muhammad won by Unanimous | Decision"
6b812434b9e558838673d538.jpeg,4d1d28b9c51122667017abc5db99a0389c2c0ed32040ea7d6cbb86634e3f50ad,af5d3564-9499-5550-afc8-484d075488f1,98a01919-ffc8-5cc6-8f6a-2c9b0e908771,UFC Fight Night: Luque vs. Muhammad,2022-04-16,Wu Yanan|Mayra Bueno Silva,jpeg,11,98,4,2,‘Beas. | FIGHT #11 | ‘suas. | Ur | scorecaro | MAYRA BUENO SILVA | vs. | WU YANAN | LUFC FIGHT NIGHT: LUQUE VS. MUHAMMAD | Reteree | aan | Uses ED Usk | rear | Wight Class | 1GFT- 25 LBS. | mms Toowom | oo | co | oo | oo oo | ‘YANAN | wu | BUENO SILVA | vw | BUENO SILVA | ‘BUENO SILUA | we | ‘on | rea | oe | oo | ea | Ed | eos | Soe | sa | ea | 00 | tec | = | ae | ‘nt | Sone | 7 | 0 | 1 | 9 | 0 | 0 | 0 | 2 | 9 | 10 | 0 | 3 | 3 | 0 | 0 | 0 | a | om | [ve poe} | MIKE BELL | ‘ADALAIDE BYRD | JUNICHIRO KAMIJO | POINT DEDUCTIONS | RESULT | ‘Mayra Bueno Siva won by Unanimous | Decision
231e74b34681202e675fdbf4.jpeg,e9531d1fb414d203b0f6a293e27d2c040237c6ec3cee39edad5cf2652dc22049,b1e7a81c-e90c-5c75-87b8-41024b1535e2,98a01919-ffc8-5cc6-8f6a-2c9b0e908771,UFC Fight Night: Luque vs. Muhammad,2022-04-16,Ange Loosa|Mounir Lazzez,jpeg,11,73,1,2,"mas. | FIGHT #9 | muss. | Ur | scorecaro | MOUNIR LAZZEZ | vs. | ‘ANGE LOOSA | LUFC FIGHT NIGHT: LUQUE VS. MUHAMMAD | rue | Aeteree | aan | Uses ED Usk | UR APE | oa Gan, | 18s. | mana sors | ao | [ surcones | [ save J | mova | mouMR | oun | LaZzEZ | 100sh | LAIZEZ | Loosa | LAIZEZ | eos | = | rea | Ed | Soe | Sone | 0 | 0 | 0 | 0 | 0 | 0 | a | om | MIKE BELL | DOUGLAS CROSBY | JUNICHIRO KAMIJO | POINT DEDUCTIONS | RESULT | ‘Mounir Lazzez won by Unanimous Decision"
3073d951370f801c58929023.jpeg,8973c8838b19b80f3d923a11e56d8404a69bac2a3b2f7bebbac741fcf5af3cb4,d3198a34-c07b-502f-af92-d2face325172,98a01919-ffc8-5cc6-8f6a-2c9b0e908771,UFC Fight Night: Luque vs. Muhammad,2022-04-16,Caio Borralho|Gadzhi Omargadzhiev,jpeg,11,132,2,2,"6s. | FIGHT #13, | suas. | Ur | scorecaro | CAIO BORRALHO | vs. | GADZHI OMARGADZHIEV | LUFC FIGHT NIGHT: LUQUE VS. MUHAMMAD | Location | Verwe | Wight Cass | feteree | aan | (US VEGAS, NEVADA, USA | UR APE | ‘MIDOLEWEIGIT 185 Ls. | DAN MIRAGLOTIA | ao | [ surcones | oo oo | [ nxconer | ‘nz | ‘oozH | ao | ‘ANZA | Porro | ‘OMARGADZHIEV | BORRALHO | ‘OMARGADZHIEV | BORRALHO | ‘OMARGADZHIEV | we | ‘on | rea | oo | ea | Bae | Ed | oe | Sone | a | 7 | wove | eto | eat | Soe | ‘oe | 0 | 9 | 0 | 1 | 3 | 0 | 0 | 0 | 2 | 3 | T | ao | 1 | 3 | as | 1 | 109 | 1 | 3 | 3 | EW | a | Ez | ne | om | Ed | [ve poe} | oo | MIKE BELL | DOUGLAS CROSBY | JUNICHIRO KAMIJO | POINT DEDUCTIONS | RESULT | R3Borratho 1pt_ legal blow to grounded | ponent | (Omargadzhiev could not continue due to an | accidental foul at 356 of round 3. Borratho | won by technical unanimous decision."
e7a9da8af62966073df3f1c7.jpeg,00078fc45bfa34030f039b9e0a6f17776a212978eb0fea896fbe565cf4276567,f3cda013-77af-5d45-8cf7-a1f2bdf1b78c,98a01919-ffc8-5cc6-8f6a-2c9b0e908771,UFC Fight Night: Luque vs. Muhammad,2022-04-16,Andre Fialho|Miguel Baeza,jpeg,11,82,0,2,"mus. | FIGHT #12 | muss. | Ur | scorecaro | MIGUEL BAEZA | vs. | ANDRE FIALHO | LUFC FIGHT NIGHT: LUQUE VS. MUHAMMAD | We | Aeteree | aan | Uses ED Usk | UR APE | oa Gan, | 18s. | aaa ST | [ mann J | [ surcomes | [ me | | oo oo | maou. | ‘ANDRE | acu. | BAEZA | FIALHO | BAEZA | FIALHO | BAEZA | FIALHO | ea | 00 | = | ae | wove | eat | rea | ‘on | sa | tec | ‘cae | Sone | eto | ‘oe | a | om | DEREK CLEARY | ‘SAL D'AMATO | TONY WEEKS: | POINT DEDUCTIONS | RESULT | ‘Andre Fialho won by TKO 439 of round 1."
8366e48b083e5b29c09f371c.jpg,cf5ebfa5ec63adc1affc755bfef5ac2c6d9362ba4498164e5fb4048a7ff81723,5d583925-01c0-530c-b399-4bf91e547a69,64c94a2e-55b3-5745-a524-4fdf9168836a,UFC Fight Night: Lemos vs. Andrade,2022-04-23,Philipe Lins|Marcin Prachnio,jpeg,11,121,9,2,"205 85, | FIGHT #2 | 205 85. | UFC | scorecaro | MARCIN PRACHNIO | vs. | PHILIPE LINS | UFC FIGHT NIGHT: LEMOS VS, ANDRADE | te | Lecter | mi | Wilah cass | eteree | 04/23 2002 | US VEGAS NEVA, USA | UFCAPEK | ‘UGH HEATYWEIGHT-205 LB. | aris | c= | [en | Crsl | PHILPE | mann | PHILP | HILFE | Pacha | LINS | PRACHNIO | LINS | Pacha | INS | Ea | eS | im | oe | me | ry | Se | Se | oat | a, | me | oo | oe | a | oe | om | ton | aot | me | ano | ea | oy | io | 10 | 1 | 9 | 10 | 1 | 8 | 0 | q | 3 | 2 | 0 | 3 | 2 | 10 | 3 | 2 | 10 | 3 | 3 | 10 | 3 | 3 | 10 | 3 | 3 | 10 | TA | a | Ter | 28 | EJ | EJ | [ronroc] | ERIC COLON | CHRIS LEE | TONY WEEKS | POINT DEDUCTIONS | NOTES | RESULT | Phitipe Lins won by Unanimous Decision"
00bfb17dcaa3ed3bd705dde4.jpeg,b22b505dc3d0b99d2d64974575be0d2cdfc872f24b0e9a4e1fc9bb8d70df151c,2a02225d-e11c-578c-bc18-62293148e2bd,fc603738-bf30-5875-a8a1-fd02d39e24e9,UFC Fight Night: Font vs. Vera,2022-04-30,Darren Elkins|Tristan Connelly,jpeg,11,73,1,2,"5S. | FIGHT #7 | suas. | Ur | scorecaro | LUFC FIGHT NIGHT: FONT VS. VERA | DARREN ELKINS | vs. | TRISTAN CONNELLY | foteree | ae | Uses DA Usk | Urearex | Wiig class | Us, | (SON weRzOG | [ succomes | oo | qo oo | [ nuxconer | DARREN | DARREN | DARREN | ELKINS | CONNELLY | ELKINS | CONNELLY | ELKINS | CONNELLY | rea | Ed | ae | ‘nt | Sone | eto | eat | 0 | 0 | 0 | 0 | 0 | a | om | MIKE BELL | BRYAN MINER | JUNICHIRO KAMIJO | POINT DEDUCTIONS | RESULT | Darren Etkins won by Unanimous Decision"
dc7997eee4585b69a352912c.jpeg,2984a364aeed15ae346fa28d54694f62cc63f0bfd21585a113de0f34b8718edc,7aeccc95-1f38-5bbd-a936-a463d1f09d57,fc603738-bf30-5875-a8a1-fd02d39e24e9,UFC Fight Night: Font vs. Vera,2022-04-30,Mike Breeden|Natan Levy,jpeg,11,57,1,2,5s. | FIGHT #2 | 55S Las. | Ur | scorecaro | NATAN LEVY | MIKE BREEDEN | LUFC FIGHT NIGHT: FONT VS. VERA | Reteree | ae | Uses DA Usk | Urearex | Wee cass | aan SoH | BREEDEN | neste | ea | = | rea | Ed | Sone | 0 | 0 | 0 | 0 | 10 | 0 | a | om | MIKE BELL | ‘SAL D'AMATO | ADALAIDE BYRD | POINT DEDUCTIONS | RESULT | Natan Levy won by Unanimous Decision
5f24e77bd711695959c3541f.jpeg,d5eb77a2f0d7ead0aee30ab2c286dd7cabc2c187862a19f0c094d0339189092e,7d82d8e1-bde3-507e-88e4-b323f82cad7d,fc603738-bf30-5875-a8a1-fd02d39e24e9,UFC Fight Night: Font vs. Vera,2022-04-30,Jake Collier|Andrei Arlovski,jpeg,11,78,2,2,"2e6.Us, | FiGHT #10 | 265185. | Ur | scorecaro | ANDREI ARLOVSKI | vs. | JAKE COLLIER | LUFC FIGHT NIGHT: FONT VS. VERA | Wiig class | ae | Uses DA Usk | Urearex | 26S. | ae Sa | co | oo | oo | ‘NORE | ARLOVSKI | COLLIER | ARLOVSK | coun | Aosta | coulen | eos | ea | 00 | = | ae | rea | ‘on | So | sa | tec | ‘one | Sone | | some | 0 | 3 | 1 | 10 | 0 | 0 | 0 | 0 | 0 | 0 | a | om | 2B | MIKE BELL | DOUGLAS CROSBY | ‘SAL D'AMATO | POINT DEDUCTIONS | RESULT | ‘Andrei Artovski won by Split Decision"
2520b262e90393363abd164f.jpeg,af12a1db5e9b4eb345f71688cef362203b9ba1d29503dfec262af930bee89e3c,eabc92d3-6199-532a-87d1-57415a875f66,fc603738-bf30-5875-a8a1-fd02d39e24e9,UFC Fight Night: Font vs. Vera,2022-04-30,Gerald Meerschaert|Krzysztof Jotko,jpeg,11,76,0,2,6s. | FIGHT #6 | sas. | Ur | scorecaro | LUFC FIGHT NIGHT: FONT VS. VERA | KRZYSZTOF JOTKO | vs. | GERALD MEERSCHAERT | feterse | ae | Uses DA Usk | Urearex | Wielgh class | AT 15 BS. | ERB DEAN | [ surcones | [ save J | oo oo | KRZYSZTOF | aDYSZTOF | cea | joTKo | (MEERSCHAERT | jorko | (MEERSCHAERT | JoTKO | rea | Ed | ee | So | = | Sone | wwe] oa | 0 | 0 | 0 | 0 | 0 | 0 | a | om | ‘SAL D'AMATO | ‘ADALAIDE BYRD | JUNICHIRO KAMIJO | POINT DEDUCTIONS | RESULT | Krzysztof Jotko won by Unanimous Decision
f7517d7e726b162d6d84bb4b.jpeg,2554b056126f1035482d6d2eaaea8789462860c88b2cdebf8dc934c57e3306d9,ff7f06b6-7179-56f7-a08c-0371ebea36ed,fc603738-bf30-5875-a8a1-fd02d39e24e9,UFC Fight Night: Font vs. Vera,2022-04-30,Chase Sherman|Alexandr Romanov,jpeg,11,82,1,2,"2365Us, | FIGHT #5 | 2am. | Ur | scorecaro | ALEXANDR ROMANOV | CHASE SHERMAN | LUFC FIGHT NIGHT: FONT VS. VERA | Wiig class | ae | Uses DA Usk | Urearex | 26S. | ae Sa | ao | [ surcones | ‘OUSE | ‘ABANOR | oo | [ su cower | ‘USE | MEKINOR | ROMANOV | SHERMAN | ROMANOV | SHERMAN | ROMANOV | we | ea | eos | ea | = | ae | 7 | eat | rea | oe | oo | ‘on | So | sa | 00 | tec | ‘cae | Sone | a | om | ANTHONY MANESS | BRYAN MINER | JERIN VALEL | POINT DEDUCTIONS | RESULT | ‘Aexandr Romanov won by submission 2:11 of | round 1 -Americana armlock."
06a6a4259dcb868c033958a0.jpg,762ee1bcf9c627f6916652663ccbbda16306479e91750992f4db92f93c4590ce,3f0e9b79-490c-5e41-bd61-c5097636ca3a,960da368-7e9c-505b-9f6c-226cf2358bdc,UFC 274: Oliveira vs. Gaethje,2022-05-07,Brandon Royval|Matt Schnell,jpeg,11,95,1,2,"‘assis. | FIGHT #7 | ‘255s. | UFC | scorecaro | BRANDON ROYVAL | vs. | MATT SCHNELL | (UFC 274: OLIVEIRA WS GAETHIE | ton | Weigh ctass | tree | osrmon | HEN, ARIZONA USA | FOOTPRINT CENTER | YWEIGHT- 5185, | RYAN BRUECCEMAN | [omy | ae | noms | | =a | RANDOM | ‘BeaNOON | RANDOM | ROYAL | SCHNELL | SCHNELL | ROYVAL | SCHNELL | moe | ‘con | ot | rer | 18 | ic | ""a | Sone | oe | soe,_| 0 | tone | oo | ae | moe | vom | ewe | suet | Siow | 1 | 1 | Zz | 2 | 3 | 3 | wa | oa | a | wre noe] | [eve noc | | ERIC COLON | CHRIS LEE | BRAD FRANK | POINT DEDUCTIONS | NOTES | RESULT | Brandon Royval Winner by submission | (Guillotine) at 2:14 in Round 1."
a1cd49310092af7619e7e31c.jpg,355034b0774fd5e725bb4841e7dff2cb73754ee91c3ec26b354c3d5f0c8dc866,3f8efbb0-9705-545e-bf64-80509584dfac,960da368-7e9c-505b-9f6c-226cf2358bdc,UFC 274: Oliveira vs. Gaethje,2022-05-07,Norma Dumont|Macy Chiasson,jpeg,11,88,4,2,"WSS. | FIGHT #8 | eS us. | UFC | scorecaro | MACY CHIASSON | vs. | NORMA DUMONT | (UFC 274: OLIVEIRA WS GAETHIE | ate | Location | verve | Reteree | FOOTPRINT CENTER | Weigh class | ‘WOMEN'S EATHERWEIGIT 145 L8S. | ETTA PETERSON | syonrae2 | HEN, ARIZONA USA | = | act | NORMA | NORMA | CHIASSON | DUMONT | CHIASSON | DUMONT | CHIASSON | DUMONT | moe | rer | ae | ae | moe | vom | ree | ‘one | See | Sone | ou |"" | Sone | emi | Some | 10 | 10 | 0 | 30 | wa | a | oa | E | a | a | [sve noc | ERIC COLON | JUNICHIRO KAMIjO | CHRIS FLORES | POINT DEDUCTIONS | NOTES | RESULT | Macy Chiasson won by Split Decision"
058617185e673b7d357271a4.jpg,5ae392d7a34f49c0d8227d12fe516ebd95beb900202bfb08ad8ab594618f4417,48184481-06e9-5a3c-9397-cf96057bab60,960da368-7e9c-505b-9f6c-226cf2358bdc,UFC 274: Oliveira vs. Gaethje,2022-05-07,Andre Fialho|Cameron VanCamp,jpeg,11,92,0,2,"‘vos us. | FIGHT #5 | mous. | UFC | scorecaro | ANDRE FIALHO | vs. | CAMERON VANCAMP | (UFC 274: OLIVEIRA WS GAETHIE | ton | Weigh ctass | Reteree | osrmon | HEN, ARIZONA USA | FOOTPRINT CENTER | (WELTERWEIGHT- 1701, | ‘aR cooDaRD | co | a | | ca | ‘OMERON | ‘ORE | ‘MERON | ‘MERON | WANCAMP | FIALHO | ‘WANCAMP | Fath | VANCAMP | moe | rer | oe | oo | ae | moe | vom | Sone | Seow | soe,_| 0 | tone | ewe | suet | Siow | 1 | 1 | 2 | 2 | 3 | 3 | wa | oa | wa, | [yore noc] | [mse noc | CHRIS LEE | ERIC COLON | ERIC CURCIO | POINT DEDUCTIONS | NOTES | RESULT | Andre Fialho KO over Cameron Vancamp at | 238 in Round 1."
24fe50e35bda486b6d5454f7.jpg,63f087fbf0c7da5fa32d441a3d20d4fdc4900f40bb218f63e632a160fbbcfef0,5b1ea2ff-ff5f-5e2a-b4f4-50fc369f802f,960da368-7e9c-505b-9f6c-226cf2358bdc,UFC 274: Oliveira vs. Gaethje,2022-05-07,Marcos Rogerio de Lima|Blagoy Ivanov,jpeg,11,110,13,2,"2sasuas, | FIGHT #86 | 2585.5. | UFC | scorecaro | BLAGOY IVANOV vs. | MARCOS ROGERIO DE LIMA | (UFC 274: OLIVEIRA WS GAETHIE | ate | ton | Weigh class | Reteree | syonrae2 | HEN, ARIZONA USA | FOOTPRINT CENTER | HEAIYWEIGAT-265 LBS | age coooaRD | co | [ ascem | la | | = | muacoy | WWANOV | OGERIO DE LIMA | WWANOV | oceRIO DE LIMA | MANO | ROGERIO DE LIMA | moe | rer | me | rer | rou | oo | ae | moe | vom | ree | Soe | ot | wa | bv | Some | san | x | tone | emi | Some | 9 | 1 | 10 | 9 | 1 | 10 | 9 | 1 | 10 | 9 | 10 | 2 | 9 | 9 | 10 | 10 | 3 | 9 | Ey | wa | Ey | oa | a | JUNICHIRO KAMIJO | CHRIS LEE | ERIC CURCIO | POINT DEDUCTIONS | NOTES | RESULT | Blagoy Ivanov won by Unanimous Decision"
9c1cdd3b224c4e4e530e2470.jpg,afd45bbaba7e49363b3e7362cd11a376cd6c9d3f8294a433e21097e66249974f,934d2c96-a092-5370-bd0b-6eb2a9fea7e4,960da368-7e9c-505b-9f6c-226cf2358bdc,UFC 274: Oliveira vs. Gaethje,2022-05-07,Ariane Carnelossi|Loopy Godinez,jpeg,11,99,9,2,"55s. | FIGHT #2 | sus. | UFC | scorecaro | ARIANE CARNELOSSI | vs. | LOOPY GODINEZ | (UFC 274: OLIVEIRA WS GAETHIE | ate | ton | Weigh class | Referee | syonrae2 | HEN, ARIZONA USA | FOOTPRINT CENTER | ‘WOMEN'S STRAWWEIGHT 15 LBs. | (SOM MERZOG | [omy | [ ascen } | = | Ca | 00PY | CARNELOSSI | cooINeZ | CARNELOSSI | GODINEZ | CARNELOSSI | cooinez | moe | Scone | ot | rer | 18 | ic | ""a | Some | rer | ae | moe | vom | ree | emi | Some | 9 | 1 | 10 | 10 | 10 | 8 | Zz | 10 | 0 | 10 | 3 | 3 | 10 | 0 | 10 | wa | oa | wa, | 6 | a | wre nce] | ERIC COLON | CHRIS LEE | CHRIS FLORES | POINT DEDUCTIONS | NOTES | RESULT | Loopy Godinez won by Unanimous Decision"
54ae45ed895a255e0eb7c1a6.jpg,0cca1f65367c05c4fc3b8be3abcd00769f0dccf0b8a573847d9e193e3f7ca29d,e7fa6e23-ad06-5829-9311-a02ade3fb028,960da368-7e9c-505b-9f6c-226cf2358bdc,UFC 274: Oliveira vs. Gaethje,2022-05-07,Carla Esparza|Rose Namajunas,jpeg,11,109,13,2,"‘suas. | FIGHT #13, | sus. | UFC | scorecaro | ROSE NAMAJUNAS | CARLA ESPARZA | FAC om | ate | on | Weigh class | Reteree | syonrae2 | OEY ARIZONA USA | FOOTPRINT CENTER | ‘WOMEN'S STRAWWEIGHT 15 LBs. | EIT PETERSON | Lom | = = | ‘ORLA | NAMAJUNAS | FSPARZA | faunas | ESPARZA | NAMAJUNAS | ESPARZA | moe | on | ot | rer | wa | bv | See | san | me | rer | x | tone | oo | ae | Sone | oo | vom | ree | emi | Sone | 10 | 9 | 9 | 10 | 10 | 3 | 10 | 3 | 0 | 10 | 10 | 9 | 3 | 0 | 3 | 10 | 3 | 0 | 10 | 0 | 9 | 10 | 48 | ea | a | ro, | 49 | a | oa, | 48 | [ware noc} | [sue noc} | ERIC COLON | RICK WINTER | BRAD FRANK | POINT DEDUCTIONS | NOTES | RESULT | Carta Esparza won by Spit Decision"
d599ce5f24df381697394230.jpg,559fcd4ce3b3ae26632ff114bedd3f5df92b4d598aa697c485651801d98659f0,479fff31-447f-5b31-b1d2-471650713783,91ef54e5-0293-5dc9-b271-969b5d892bea,UFC Fight Night: Holm vs. Vieira,2022-05-21,Felipe Colares|Chase Hooper,jpeg,11,122,10,2,"4 us. | FIGHT #2 | ‘ss, | UFC | scorecaro | CHASE HOOPER | vs. | FELIPE COLARES | LUFC FIGHT NIGHT: HOLM VS. VIERA | pate | Location | verue | q | eteree | ‘URC APeX. | Weignc | FEATHERWEIGHT 145 LB. | magi samt | aspzyrm2 | US VEGAS, NEVADA, USA | Lami) | Gea | Grsl | ‘ose | RUPE | use | FEUPE | FELIPE | HOOPER | COLARES | HOOPER | COLARES | HooreR | COLARES | ‘one | Ton | oe | oa | cry | oy | a | oo | a | ory | ory | me | ano | ae | oy | Ea | eS | ote. | Se | Se | ES | oe | oe | tore | aot | ea | io | 10 | 1 | 9 | 10 | 1 | 8 | 0 | 3 | 2 | 0 | 10 | 2 | 3 | 3 | 10 | 3 | 3 | a | TA | 8 | 20 | a | 8 | ® | Tr | 8 | [rnxpoce] | MIKE BELL | ‘SAL D'AMATO | ADALAIDE BYRD | POINT DEDUCTIONS | NOTES | RESULT | Hooper won by TKO 8:00 ofthe 3rd round."
6dde7c869abcee90715f50c5.jpeg,7ff9c60077046b0bff72e8ef45956725ae581e5cf384c18fa507efffe030e1db,5e1b5797-365d-50e8-9f5c-812e34796442,bd6ae66b-312f-55e4-84bd-193f5e737d9b,UFC Fight Night: Volkov vs. Rozenstruik,2022-06-04,Benoit Saint Denis|Niklas Stolze,jpeg,11,81,2,2,"6s. | FIGHT #5 | 55S Uns. | Ur | scorecaro | NIKLAS STOLZE | vs. | BENOIT SAINT DENIS | LUFC FIGHT NIGHT: VOLKOV VS. ROZENSTRUIK | ate | Location | verve | Reteree | 60472022 | LUSVECAS EDA, USA | RAPE | Wight lass | LUGHTWEIGAT 155 185. | aan SoH | co | ‘eNO | Kus | ‘x0 | nxus | ‘2001T | STOLZE | SAINT DENIS | ‘STOLZE | SAINT DENIS | STOLZE | SAINT DENIS | rea | ‘on | Sone | 10 | 10 | a | 0 | om | DOUGLAS CROSBY | JUNICHIRO KAMIjO | TONY WEEKS | POINT DEDUCTIONS | RESULT | ‘Saint Denis won by submission 132 of the | ‘2nd round - rear naked choke."
2f9ec1f70b3739c5351eb98f.jpeg,d5c638d83719aeaa8d40adccaeef4bc0f49cb469c1e02fe5265f9983feb799e4,7fafdab5-3f41-54b3-aaab-78f7f620d9b1,bd6ae66b-312f-55e4-84bd-193f5e737d9b,UFC Fight Night: Volkov vs. Rozenstruik,2022-06-04,Erin Blanchfield|JJ Aldrich,jpeg,11,100,3,1,asus. | FIGHT #1 | asus. | Ur | scorecaro | ERIN BLANCHFIELD | vs. | J) ALDRICH | LUFC FIGHT NIGHT: VOLKOV VS. ROZENSTRUIK | Wiig class | Aateree | oe | Uses DA Usk | Urearex | 5 UBS. | Ris TOHOM | ao | co | oo | qo oo | [ nx coner | IN | aN | puaNcLD | oa | BLANCHFIELD | noni | BLANCHFIELD | ont | we | oe | ea | eos | ea | 00 | = | ae | ot | wove | eat | Soe | rea | oo | ‘on | So | sa | tec | ‘one | Sone | a | eto | ‘coe | 9 | 1 | 10 | 10 | 2 | a | 0 | om | [vrs poe} | MIKE BELL | DEREK CLEARY | JUNICHIRO KAMIJO | POINT DEDUCTIONS | RESULT | ‘Blanchfeld won by submission 2:38 of the 2nd | ound - standing guillotine choke.
78b19048c56ebe57f9560f2f.jpeg,0f90d7a5a25d43807a8b7dcd7397ec44509222e07abf579cedc651d20a575ba8,8d9b0566-723f-58a8-a365-8f56cb05f0a9,bd6ae66b-312f-55e4-84bd-193f5e737d9b,UFC Fight Night: Volkov vs. Rozenstruik,2022-06-04,Ode Osbourne|Zarrukh Adashev,jpeg,11,83,1,2,"‘suns. | FAGHT #10 | ‘msn. | Ur | scorecaro | ODE OSBOURNE | vs. | ZARRUKH ADASHEV | LUFC FIGHT NIGHT: VOLKOV VS. ROZENSTRUIK | Wilgh class | cee | oe | Uses DA Usk | Urearex | ‘AYWEIGHT- 25185, | EITH PETERSON | oo | [ surcomes | oo | oo | ni | ‘DE | TARRUKH | TARRUKH | OssouRNE | -ADASHE | iv | OSBOURNE | ‘ADASHEV | saute | we | oe | ea | eos | ea | 00 | = | ae | rea | oo | ‘on | So | sa | tec | ‘cae | Sone | 1 | 2 | 3 | a | om | DOUGLAS CROSBY | ‘SAL D'AMATO | ANTHONY MANESS | POINT DEDUCTIONS | RESULT | Osbourne won by KO 1:01 of the Ist round,"
5dbe3443ad90545686ab5859.jpeg,d419edf64987d1fa5231bce27a5461c900a9ca79d35e5191998519b1b9abef51,91edeb8c-8736-56eb-8a18-ad56b0597035,bd6ae66b-312f-55e4-84bd-193f5e737d9b,UFC Fight Night: Volkov vs. Rozenstruik,2022-06-04,Felice Herrig|Karolina Kowalkiewicz,jpeg,11,103,5,2,suns. | FIGHT #8 | sSuBs. | Ur | scorecaro | FELICE HERRIG | vs. | KAROLINA KOWALKIEWICZ | LUFC FIGHT NIGHT: VOLKOV VS. ROZENSTRUIK | Wiig class | Roteree | oe | Uses DA Usk | RAPE | 5 5. | Maa soma | ao | co | [ sme J | qo oo | [ nuconer | ruc | HERRIG | KOWALKIEWICZ | food | KOWALKIEWICZ | HERRIG | KOWALKIEWICZ | we | oe | ea | eos | ea | 00 | = | ae | 7 | 08 | en | Soe | ‘on | rea | oo | ‘on | So | sa | tec | ‘one | Sone | a | eto | ‘coe | 9 | 1 | 10 | 1 | 10 | 2 | 3 | a | 0 | om | [vrs poe} | MIKE BELL | ‘SAL D'AMATO | ADALAIDE BYRD | POINT DEDUCTIONS | RESULT | Kowalkiewicz won by submission 40 of the | ‘2nd round - rear naked choke.
15708f6f6de367c63a38cd75.jpeg,666dce1ad5817462db18192da53599f9f8df9acbdfea5ab1ac76f296938c2f53,a584b6d8-c0cd-5829-8712-91c7dc93d655,bd6ae66b-312f-55e4-84bd-193f5e737d9b,UFC Fight Night: Volkov vs. Rozenstruik,2022-06-04,Alonzo Menifield|Askar Mozharov,jpeg,11,98,1,2,"205 us, | FIGHT #9 | 2045 Us. | Ur | scorecaro | LUFC FIGHT NIGHT: VOLKOV VS. ROZENSTRUIK | ‘ALONZO MENIFIELD | VS. | ASKAR MOZHAROV | feteree | oe | Uses DA Usk | Urearex | Wiig class | IGT -205 185. | HERBDEAN | ao | co | oo | oo oo | [ nuxconer | MENIFIELD | ‘monzo | wenn | MOZHAROV | MENIFIELD | MOZHAROV | MOZHAROV | we | rea | oe | oo | ea | ‘on | eos | So | sa | a | 00 | tec | = | ae | ‘cae | Sone | a | oe | 08 | eto | eat | Soe | ‘oe | 1 | 1 | 2 | 2 | 3 | 3 | a | om | [yore pce} | [rex oc | | DEREK CLEARY | CHRIS LEE | TONY WEEKS | POINT DEDUCTIONS | RESULT | Meniteld won by TKO 4:0 of the 1st round,"
61daa44f3214b012a0bd4c81.jpeg,46bfbe64bddcdd644c984cc502fb3fc9416f65f9ae0db661a510a98db65df09f,acbf6242-cbb5-5105-b742-c814a6b6589f,bd6ae66b-312f-55e4-84bd-193f5e737d9b,UFC Fight Night: Volkov vs. Rozenstruik,2022-06-04,Andreas Michailidis|Rinat Fakhretdinov,jpeg,11,79,0,2,‘mos us. | FAGHT #2 | mosuss. | Ur | scorecaro | RINAT FAKHRETDINOV | vs. | ANDREAS MICHAILIDIS | LUFC FIGHT NIGHT: VOLKOV VS. ROZENSTRUIK | Wiig class | oe | Uses DA Usk | Urearex | WELTERWEIGHT - TOES. | esa | oo | [ surcomer | [ sme | | xo | [ nuconer | FAKHRETDINOV | rc | FaKRETONDY | MICHAILIDIS | FatineTONOY | MICHAILIDIS | we | rea | oe | ea | eos | ea | oo | Ed | Soe | sa | Sone | 0 | 0 | 0 | 0 | 0 | 0 | a | a | om | % | DOUGLAS CROSBY | CHRIS LEE | TONY WEEKS | POINT DEDUCTIONS | RESULT | Rinat Fakhretsinov won by Unanimous | Decision
142aa4addab55b9ff4af5187.jpeg,1ff811e20e10bb1cc3fa4a56aa24a2e51052f72bacac4a01ddafbd5cb27d83ca,f258c0ab-95c7-5e51-b24a-61998257d8c5,bd6ae66b-312f-55e4-84bd-193f5e737d9b,UFC Fight Night: Volkov vs. Rozenstruik,2022-06-04,Alexander Volkov|Jairzinho Rozenstruik,jpeg,11,82,1,2,"2565. Us, | FIGHT #14 | 29s. | UFC | scorecaro | ALEXANDER VOLKOV = vs. ~—_JAIRZINHO ROZENSTRUIK | LUFC FIGHT NIGHT: VOLKOV VS. ROZENSTRUIK | Wiig class | oe | Uses DA Usk | Urearex | 26S. | vem oeat | ao | oo oo | [ su cower | [cee | ‘ALDANDER | azn | ALEXANDER | VOLKOV | ant | voLKOV | ROZENSTRUIK | WoLKoY | ROZENSTRUIK | we | eos | ea | = | 7 | ‘on | rea | woo | | Ed | So | Sone | a | wwe] oa | ‘oe | wa | ea | om | DEREK CLEARY | ‘SAL D'AMATO | CHRIS LEE | POINT DEDUCTIONS | RESULT | Volkov won by TKO - 2:12 of the Ist Round"
bf8274b1c58eb788abbbd2d5.jpg,1705dd5a9bea34170eebe82eeb2633d6ab41c9cb22426d4f3c181c44ea8354f4,968d0f85-318f-54c8-89c3-b8f6e52eba7f,cac157bd-3b3a-5ddb-9886-9ba1da7b47f6,UFC 275: Teixeira vs. Prochazka,2022-06-11,Jack Della Maddalena|Ramazan Emeev,jpeg,11,88,1,2,"‘vos ss. | FIGHT #7 | mus. | UFC | scorecaro | LUFC 275: TEXEIRA WS. PROCHAZKA | JACK DELLAMADDALENA vs. RAMAZAN EMEEV | Weight class | Reteree | oeranen | saat | Sips wooo sw | OLS, | nw sane | ies | eo) 6c | [ succones I ces | [ xcves | | RAMAZAN | Aza | aM | DELLA MADDALENA | DELLA MADDALENA | DELLA MADDALENA | EMEEV | cone | ee | FE] | oy | Soe | = | =e | 08 | soe | oa | eye | Sane | eae | io | amt, [noe | a | =e | ae | =5 | out | MICHAEL BELL | ANTHONY DIMITRIOU | GARTH HARRIMAN: | POINT DEDUCTIONS | RESULT | Jack Della Maddale won by TKO - 2:32 of | Round 1"
d7e0b38188b3c5d809f34ec7.jpeg,0899a64070d2136b859a021317d7ebac5320f2f3dfd3447dfd99a267b7ef9879,3273ada8-866e-56e3-a99c-985e79193ef0,3fafc138-43fb-5456-a517-17c187d588d2,UFC Fight Night: Kattar vs. Emmett,2022-06-18,Joaquin Buckley|Albert Duraev,jpeg,11,81,4,2,"was. | FIGHT #11 | mS ns. | Ur | scorecaro | JOAQUIN BUCKLEY | vs. | ALBERT DURAEV | LUFC FIGHT NIGHT: KATTAR VS. EMMETT | Location | oteree | rane | ‘AUSTIN, TEXAS, USA | ‘MoODY CENTER | ‘MOODLEWEIGHT 85 LBS. | Weige class | cos Mowauvo | [ sme J | oo oo | Joaquin | Jnguin | ‘BERT | yongun | ‘BERT | BUCKLEY | DURAEV | BUCKLEY | DURAEV | rea | eos | oe | 7 | Ed | Soe | Sone | a | 0 | 0 | 0 | 0 | a | 8 | om | 8 | CHRIS LEE | ‘SAL D'AMATO | JOEL OJEDA | POINT DEDUCTIONS | RESULT | ‘BUCKLEY BY TKO (DOC STOPPPAGE) 0:10 0F | 3RD RO"
93ee07746673901690cc8581.jpeg,22a0fbda4ccaa6b95f2dc49807b8942dea0d2403e09e706cc1d604c5806325ee,45028258-a0e0-5a4b-ade7-5c64a2307ae0,3fafc138-43fb-5456-a517-17c187d588d2,UFC Fight Night: Kattar vs. Emmett,2022-06-18,Damir Ismagulov|Guram Kutateladze,jpeg,11,87,3,2,"5s. | FIGHT #10 | 55S Uns. | Ur | scorecaro | LUFC FIGHT NIGHT: KATTAR VS. EMMETT | DAMIR ISMAGULOV | vs. | GURAM KUTATELADZE | serene | as TRS st | ‘MoODY CENTER | LUGHTWEIGT 155 LBS, | Weige Class | vem oeat | oo | co | [sme | | oo oo | isuncutoy | KUTATELADZE | ISMAGULOV | KUTATELADZE | ISMAGULOV | KUTATELADZE | we | ea | woo | Sat | Bae | ‘on | eos | So | sa | ea | 00 | tec | = | ae | ‘one | Sone | 0 | 3 | 1 | 10 | 0 | 9 | 0 | 0 | 0 | 0 | 0 | a | a | om | DOUG CROSBY | CHRIS LEE | JASON STAFIN | POINT DEDUCTIONS | RESULT | Damir Ismaguov won by Split Decision"
1f484deaf86e5f07acc89f67.jpeg,82c6a55fec6a8146698d76cc3825a7389a22c17cf9bfdb6fb545f93401f3f662,619bd1e9-0fac-5f42-8672-b3fa75b65d53,3fafc138-43fb-5456-a517-17c187d588d2,UFC Fight Night: Kattar vs. Emmett,2022-06-18,Eddie Wineland|Cody Stamann,jpeg,11,90,0,2,"‘Bsus. | FIGHT #3, | Suns. | Ur | scorecaro | EDDIE WINELAND | vs. | CODY STAMANN | LUFC FIGHT NIGHT: KATTAR VS. EMMETT | Weige Class | Aateree | rane | as TRS st | ‘MoODY CENTER | 85 US, | cos MonaLyo | oo | [ surcones | oo | EDDIE | oo oo | e00Ie | ‘WINELAND | stunt | ‘WINELAND | sana | WINELAND | we | ea | eos | a | = | ae | oe | eat | rea | oe | oo | ‘on | So | sa | 00 | tec | ‘cae | Sone | a | wove | 1 | 1 | 2 | 2 | 3 | 3 | a | om | [vrs pce} | [reac | | DOUG CROSBY | JON SCHORLE | JASON STAFIN | POINT DEDUCTIONS | RESULT | 'STAMANN BY TKO 059 OF FIRST RO"
3feefbd1cfccbba61f3c17c2.jpeg,bc71c8b38d5f70981a9076e63faf57a3f6dcc18c7c105e5353f835241251843d,76e501d4-8ec1-5f5e-a545-583379474c42,3fafc138-43fb-5456-a517-17c187d588d2,UFC Fight Night: Kattar vs. Emmett,2022-06-18,Josh Emmett|Calvin Kattar,jpeg,11,80,4,2,"wou. | FIGHT #13 | MSS Uns. | Ur | scorecaro | CALVIN KATTAR | vs. | JOSH EMMETT | LUFC FIGHT NIGHT: KATTAR VS. EMMETT | Location | Reteree | serene | ‘AUSTIN, TEXAS, USA | ‘MoODY CENTER | FERIWERWEIGHT-145 185. | Weight Class | ERBDEAN | [ mann J | co | oun | jose | ‘wn | ost | KATTAR | EMMETT | KATTAR | we | rea | Bae | ‘on | oo | ‘on | Sone | 0 | 10 | 9 | 0 | 0 | 10 | 0 | 0 | 0 | 0 | 9 | 0 | a | a | 4a | om | CHRIS LEE | ‘DOUG CROSBY | ‘SAL D'AMATO | POINT DEDUCTIONS | RESULT | Josh Emmett won by Spit Decision"
4ba4818507d086def6232e91.jpeg,44d2cac1a8c4f902d15d0dbe141a60f4cfe7a2c1e517e1094b712872874cc6ac,c0aeea6e-2948-5340-8f96-25fd24019f14,3fafc138-43fb-5456-a517-17c187d588d2,UFC Fight Night: Kattar vs. Emmett,2022-06-18,Tim Means|Kevin Holland,jpeg,11,71,2,2,"‘ms us. | FIGHT #12 | ous. | Ur | scorecaro | TIM MEANS | KEVIN HOLLAND | LUFC FIGHT NIGHT: KATTAR VS. EMMETT | Location | foteree | rane | ‘AUSTIN, TEXAS, USA | ‘MoODY CENTER | \WELTERWEIGHT- 170185. | Weight Class | ERR HALEY | co | oo | KEVIN | ™ | ‘EVIN | MEANS | HOLLAND | MEANS | HOLLAND | MEANS | HOLLAND | rea | Bae | eos | ‘on | So | Sone | 10 | 3 | 10 | a | 0 | om | ‘SAL D'AMATO | DOUG CROSBY | JON SCHORLE | POINT DEDUCTIONS | RESULT | HOLLAND BY DARCE CHOKE 1:28 OF 2ND RO"
6cdade2c664e5c954d2db65a.jpeg,9e5f3f787e2b05b3fcc4c41181fd333b5e3179f5870b41d6305f554d47d36529,d79a2ee7-f7c5-548d-9a38-1eaf5e02b323,3fafc138-43fb-5456-a517-17c187d588d2,UFC Fight Night: Kattar vs. Emmett,2022-06-18,Tony Kelley|Adrian Yanez,jpeg,11,83,1,2,"‘Bssus | FIGHT #8 | ‘BIsuas. | Ur | scorecaro | ADRIAN YANEZ | vs. | TONY KELLEY | LUFC FIGHT NIGHT: KATTAR VS. EMMETT | Weige Class | Aeteree | rane | as TRS st | ‘MoODY CENTER | 85 US, | vERRY HATE | ao | [ surconer | [ smn J | oo oo | ‘RAK | Tow! | sR | TONY | sou | ‘YANEZ | KELLEY | ‘YANEZ | KELLEY | YANEZ | we | oe | ea | eos | ea | 00 | = | ae | eat | ‘on | rea | oo | ‘on | So | sa | tec | ‘cae | Sone | a | om | ‘SAL D'AMATO | JOEL OJEDA | JASON STAFIN | POINT DEDUCTIONS | RESULT | YANEZ BY TKO 349 OF 1STRO"
bd2f62d041c1f704e17d9bef.jpg,1707a643e0fb2d04275cf5b06d68ab5b837088912cc0b17f94639e5c8c1a3703,2c914182-191d-5b79-a676-e38c20a3b59a,4f3b715a-a650-5aa2-b103-454d03d5b771,UFC 276: Adesanya vs. Cannonier,2022-07-02,Pedro Munhoz|Sean O'Malley,jpeg,11,93,2,2,"‘B55 us. | FIGHT #8 | ‘suas. | UFC | scorecaro | PEDRO MUNHOZ | vs. | SEAN O'MALLEY | UFC 276: ADESANYA VS. CANNONIER | Location | Verwe | eteree | Coy | (US VEGAS, NEVADA, USA | ‘PMOBILE ARENA | Woiget Class | UNDOEWEIGHT-S US, | ASN HERZOG | oo | co | [ su comer | PeaRo | semN | Pepa | EAN | PEDRO | MUNHOZ | O'MALLEY | MUNHOZ | O'MALLEY | ‘MuNHOZ | O'MALLEY | we | oo | om | Ra | zee | ‘an | oon, | oo | ‘on | Sone | 0 | | | 1 | 9 | | | 2 | | | 3 | | | 0 | ma | ra | oa | [ve poe} | MIKE BELL | DOUG CROSBY | ‘SAL D'AMATO | POINT DEDUCTIONS | RESULT | ""No Decision per NAC 467.7966 399 ofthe 2nd | round - Accidental foul eye poke."
493a451550e6edd7cd8e2497.jpg,fa086e7e8b954b5511da0ed59b4002aa4aac3abad7c512a0c6411de9a7cc3da1,7964acc4-814c-5892-9799-531860bd3f59,4f3b715a-a650-5aa2-b103-454d03d5b771,UFC 276: Adesanya vs. Cannonier,2022-07-02,Bryan Barberena|Robbie Lawler,jpeg,11,88,4,2,"mus. | FIGHT #9 | mosss. | UFC | scorecaro | ROBBIE LAWLER | vs. | BRYAN BARBERENA | UFC 276: ADESANYA VS. CANNONIER | Woigt Class | foterse | Coy | Uses ED Usk | ‘mm ARENA | 1, | ‘an sora | oo | co | oo | oo ooo | ROBBIE | oy | ROBBIE | RAK | OBB | LAWLER | BARBERENA | LAWLER | ‘BARBERENA | ‘BARBERENA | we | oo | Ra | ‘on | eos | So | ie. | at | woe | tec | = | oy | ‘ne | Sout | 7 | ear | 3 | 1 | 10 | 0 | 2 | 3 | ma | ra | oa | 0 | [nse noc | | DEREK CLEARY | RON MCCARTHY | ADALAIDE BYRD | POINT DEDUCTIONS | RESULT | ‘Barberena won by TKO 4:7 ofthe 2nd round."
0c48623babe570b713f48079.jpg,c02429adbe9ed35ec870ad1a976208675b3a9f1e7893e19e66de78c4cb3cff4b,8e4480b4-c629-5a67-a307-c18db3750b45,4f3b715a-a650-5aa2-b103-454d03d5b771,UFC 276: Adesanya vs. Cannonier,2022-07-02,Israel Adesanya|Jared Cannonier,jpeg,11,107,6,2,"sss. | FIGHT #12 | 104s as. | UFC | scorecaro | ISRAEL ADESANYA | vs. | JARED CANNONIER | UFC 276: ADESANYA VS. CANNONIER | Weight Class | foteree | Coy | Uses ED Usk | ‘mm ARENA | us, | ERB DEAN | oo | oo oo | [ su comer ] | oo | IsRaeL | ‘ADESANYA | CANNONIER | ‘ADESANYA | ‘CANNONIER | ADESANYA | CaNNOnER | we | om | Ra | eos | eat | woe | = | ear | oo | oo | ‘on | So | ie. | tec | ‘on | oe | some | eto | ‘or | 0 | | | 9 | 0 | 0 | 8 | | | 0 | 2 | 9 | 0 | 0 | 3 | 3 | 0 | 0 | 9 | 0 | 0 | | | 4 | 9 | 0 | 0 | 0 | 9 | 0 | 0 | 43 | a | 46 | om | DEREK CLEARY | ‘SAL D'AMATO | JUNICHIRO KAMJO | POINT DEDUCTIONS | RESULT | lsrael Adesanya won by Unanimous Decision"
4cb79f6c2c784218e27f94e3.jpg,0aebecb0cc49238f8d861e5d60b0d9de86922f788978a38065560d6d0194b6a2,4689ffbd-9ca6-5209-88af-7c56c1cd76a1,b9718822-2e68-577b-be1d-b84098ec3154,UFC Fight Night: Dos Anjos vs. Fiziev,2022-07-09,Caio Borralho|Armen Petrosyan,jpeg,11,77,3,2,Sus. | FIGHT #10 | Sas. | UFC | scorecaro | CAIO BORRALHO | ARMEN PETROSYAN | LUFC FIGHT NIGHT: DOS ANJOS VS. FZIEY | rue | Wight Cass | Aeteree | Eos | Uses ED Usk | UR APE | 18s. | MIKE BELTRAN | oo | co | oo | oo oo | ‘MEN | Pore | PETROSYAN | fora | PETROSYAN | BORRALHO | PETROSYAN | we | om | Ra | eos | oo | oo | ‘on | So | Sout | 9 | 0 | 0 | 9 | 0 | 0 | | | 0 | 0 | 0 | ma | om | MIKE BELL | DOUGLAS CROSBY | ‘SAL D'AMATO | POINT DEDUCTIONS | RESULT | Caio Borratho won by Unanimous Decision
3b37ef826d20b0b09920b6e1.jpg,12a8a861532cabbe8a62aacf9ac9172ad1ef4b5f82e4007bd687d0786f7b4d96,58a33697-ecce-5eee-a805-3def6db33b00,b9718822-2e68-577b-be1d-b84098ec3154,UFC Fight Night: Dos Anjos vs. Fiziev,2022-07-09,Rafael Fiziev|Rafael Dos Anjos,jpeg,11,103,6,2,6s. | FIGHT #11 | 5s. | UFC | scorecaro | RAFAEL DOS ANJOS | vs. | RAFAEL FIZIEV | LUFC FIGHT NIGHT: DOS ANJOS VS. FZIEY | rue | Wight Class | Reteree | Eos | Uses ED Usk | UR APE | 15 18S. | Maa SoTH | oo | oo oo | [ su comer | RAREL | RABEL | RABEL | Dos ANJOS | FIZIEV | OS ANOS | FIZIEV | OS ANJOS | FIZIEV | we | om | Ra | at | woe | = | oy | ear | oo | oo | Ed | So | ie. | tec | ‘ne | Sone | oe | some | eto | ‘or | 9 | 10 | 10 | 3 | 0 | 10 | 0 | 9 | 10 | 0 | 0 | 0 | Ey | om | 39 | DEREK CLEARY | ‘SAL D'AMATO | JUNICHIRO KAMJO | POINT DEDUCTIONS | RESULT | Rafael Fiziev won by KO 0:18 of round
9ffd10581607ee5cdc4bdffc.jpg,d64555053fff087ca42f053d82d0fe1deda444167f59beb9c9c6e658930c604c,b27ba51b-57ab-5f15-856c-9a3b97c18fd5,b9718822-2e68-577b-be1d-b84098ec3154,UFC Fight Night: Dos Anjos vs. Fiziev,2022-07-09,Chase Sherman|Jared Vanderaa,jpeg,11,90,6,2,"asus, | FIGHT #8 | 2535. | UFC | scorecaro | JARED VANDERAA | VS. | CHASE SHERMAN | LUFC FIGHT NIGHT: DOS ANJOS VS. FZIEY | rue | Wight Class | eteree | Eos | Uses ED Usk | UR APE | HEAVYWEIGHT - 265. | mann sara | co | [ ma J | [ su comer ] | ane | ‘USE | anep | sven | VANDERAA | SHERMAN | WANDERAA | oo | Ra | Ed | eos | So | ie. | at | woe | tec | = | oy | ‘ne | Sout | 7 | 10 | 3 | 1 | 10 | 0 | 0 | 0 | ma | om | 8 | DOUGLAS CROSBY | ANTHONY MANESS | TONY WEEKS | POINT DEDUCTIONS | RESULT | (Chase Sherman won by KO 3:10 of round 3."
b91c9e8a67f317b1f57d35cc.jpg,8fb5d07a363ca5326f5159e4c62a0dbbb5508ce0e89f661de969652fb823209e,b5e279af-8137-5ea0-9f31-f7ba78a888a9,b9718822-2e68-577b-be1d-b84098ec3154,UFC Fight Night: Dos Anjos vs. Fiziev,2022-07-09,Kennedy Nzechukwu|Karl Roberson,jpeg,11,93,3,2,205 8s. | FIGHT #2 | 225 as. | UFC | scorecaro | KENNEDY NZECHUKWU | vs. | KARL ROBERSON | LUFC FIGHT NIGHT: DOS ANJOS VS. FZIEY | Reteree | Eos | Uses ED Usk | UR APE | Wight Class | GAT - 205 LES. | eR | co | [ sme J | [ su comer ] | KeweDY | aR | ROBERSON | Neco | oneRSON | NZECHUKWU | oneRSON | oo | ‘on | eos | So | ie. | at | woe | tec | = | oy | Se | Sout | a | ot | ue | eto | ear | ‘or | 0 | 0 | 0 | 0 | ma | oa | 8 | 8 | DOUGLAS CROSBY | ‘ADALAIDE BYRD | JUNICHIRO KAMIJO | POINT DEDUCTIONS | RESULT | Kennedy Nzechukwu won by TKO 2:19 of | round 3.
0f0bbb938f766cffca54d177.jpg,b974dc37cc33010c245be33359b97245f0c0e6ba7c8195bdd4ed98cfca49f6f1,f490a4e7-48b5-5d51-b45b-8b53db454918,b9718822-2e68-577b-be1d-b84098ec3154,UFC Fight Night: Dos Anjos vs. Fiziev,2022-07-09,Aiemann Zahabi|Ricky Turcios,jpeg,11,81,3,2,55 Us. | FIGHT #7 | Sua. | UFC | scorecaro | AIEMANN ZAHABI | vs. | RICKY TURCIOS | LUFC FIGHT NIGHT: DOS ANJOS VS. FZIEY | Wight Class | oterse | Eos | Uses ED Usk | rear | us. | ‘GIS TOGHON | co | KY | ‘NEN | oo | [ su comer | RICKY | TuRcios | ZAHABL | TurciOs | eos | at | = | oy | 7 | ear | oo | ‘on | So | ie. | woe | tec | ‘ne | Sone | 3 | 1 | 10 | 0 | 0 | 0 | 0 | | 0 | ma | om | B | DEREK CLEARY | DOUGLAS CROSBY | ‘SAL D'AMATO | POINT DEDUCTIONS | RESULT | ‘Aiemann Zahabi won by Unanimous Decision
498fd4423e39abc933e7980c.jpg,8df9b1bb7bc75347452734a5317bef8359f8144b25426f6d577182e25d48ce49,fb2d4374-961c-5227-89c8-41f19587cad3,b9718822-2e68-577b-be1d-b84098ec3154,UFC Fight Night: Dos Anjos vs. Fiziev,2022-07-09,Cody Brundage|Tresean Gore,jpeg,11,81,1,2,"6S Us, | FIGHT #5 | MSs. | UFC | scorecaro | CODY BRUNDAGE | TRESEAN GORE | LUFC FIGHT NIGHT: DOS ANJOS VS. FZIEY | rue | Wight Cass | Aeteree | Eos | Uses ED Usk | UR APE | 18s. | MIKE BELTRAN | oo | co | oo | oo ooo | TRESEAN | TRESEAN | TRESEAN | BRUNDAGE | GORE | BRUNDAGE | GORE | ‘BRUNDAGE | GORE | we | wom | oat | zee | eos | at | 7 | ear | Soe | oo | ‘on | So | ie. | Sone | eto | ‘or | ma | om | MIKE BELL | ‘SAL D'AMATO | TONY WEEKS | POINT DEDUCTIONS | RESULT | (Cody Brundage won by KO 3:50 of round 1"
bd36945d428dfc8a2dc3466c.jpg,7a07afc2853ee14558e2de678c8629a44c35598cacdb61844b8fa54e0de6ad7e,fc4dff17-6704-5bdb-b784-ecd7045329fb,b9718822-2e68-577b-be1d-b84098ec3154,UFC Fight Night: Dos Anjos vs. Fiziev,2022-07-09,David Onama|Garrett Armfield,jpeg,11,93,2,2,"MSS Us. | FIGHT #3 | sas. | UFC | scorecaro | DAVID ONAMA | vs. | GARRETT ARMFIELD | LUFC FIGHT NIGHT: DOS ANJOS VS. FZIEY | Location | Verwe | Wight Class | foteree | Eos | (US VEGAS, NEVADA, USA | UR APE | FEATVERWEIGHT 45 LBS. | ‘IKE BELTRAN | [avn J | co | oo oo | mn | ‘CARRETT | oma | ‘ARMFIELD | ONAMA | ‘ARMFIELD | ONAMA | ‘ARMFIELD | ‘ONAMA | we | ‘an | oo | om | oo | Ra | zee | ‘on | oe | Sout | a | 7 | ue | eto | ear | Soe | 9 | 0 | 0 | ma | oa | MIKE BELL | DOUGLAS CROSBY | ANTHONY MANESS | POINT DEDUCTIONS | RESULT | ‘David Onama won by technical submission | 3:13 of round 2 Arm triangle choke."
133d002ed94f0026e0d25d02.jpg,99351511806655c7b66fe5b9827aeb5e80713183765ba26882b6310a8b0397e7,39272a5a-1462-5e3d-b601-820c452688fd,59b6935c-6fbd-5ba7-8b0c-aaff80894ed5,UFC Fight Night: Ortega vs. Rodriguez,2022-07-16,Jessica Penne|Emily Ducote,jpeg,11,77,3,2,"6s. | FIGHT #1 | msSuBs. | UFC | scorecaro | JESSICA PENNE | vs. | EMILY DUCOTE | LUFC FIGHT NIGHT: ORTEGA VS. RODRIGUEZ | Wiig class | fateree | pean | Or NEW YOR Uk | UBS ARENA | 5 5, | cos MonmuO | co | [ sma J | oo ooo | ey | MY | PENNE | oucoTE | PENNE | bucoTe | sa | PENNE | at | = | oy | oo | Ed | tec | ‘ne | Sone | 10 | 10 | 0 | 3 | | | 0 | 10 | 0 | ma | rom | DOUG CROSBY | ERIC COLON | DAVE TIRELLI | POINT DEDUCTIONS | RESULT | Emily Ducate won by Unanimous Decision"
1586cfb7fb5c3444df5a598d.jpg,6dfdc867638b6967ef549099dc52520734973d775771666cf394cbc2e95ed36d,515b9152-0423-52f6-9fc4-a86b03829756,59b6935c-6fbd-5ba7-8b0c-aaff80894ed5,UFC Fight Night: Ortega vs. Rodriguez,2022-07-16,Muslim Salikhov|Li Jingliang,jpeg,11,95,2,1,mos ss. | FIGHT #10 | amiss. | UFC | scorecaro | LIJINGLIANG | vs. | MUSLIM SALIKHOV | LUFC FIGHT NIGHT: ORTEGA VS. RODRIGUEZ | Wiig class | Reteree | pean | Or NEW YOR Uk | UBS ARENA | WELTERWEIGHT 7085. | ‘DAN MIRAGIOTIA | oo | oo | [ sae J | [ sur comer J | ‘Musuim | incu | SALIKHOV | tne | SALIKHOV | JINGLIANG | say | ee | om | Ra | woe | at | woe | = | oy | oo | oo | Ed | So | ie. | tec | ‘ne | Sout | 1 | 0 | 3 | 1 | 10 | 2 | 2 | 3 | 3 | ma | 0 | ra | om | oo | [wre nce | | ERIC COLON: | MIKE BELL | DEREK CLEARY | POINT DEDUCTIONS | RESULT | Jingtiang wins by TKO 4:38 round 2
0f01ab998ac9e641270777ae.jpg,deab8126562d70e8955dc3f4172003407f76c746039ead6d7d2bc187b7e50b5b,81f0af0b-5507-5064-91f8-956333bfc3a1,59b6935c-6fbd-5ba7-8b0c-aaff80894ed5,UFC Fight Night: Ortega vs. Rodriguez,2022-07-16,Jack Shore|Ricky Simon,jpeg,11,79,0,2,‘assur. | FIGHT #5 | ‘sues. | UFC | scorecaro | RICKY SIMON | vs. | JACK SHORE | LUFC FIGHT NIGHT: ORTEGA VS. RODRIGUEZ | Wiig class | Reterse | pean | Or NEW YOR Uk | UBS ARENA | IGT 95185. | cos Monauvo | oo | co | oo | oo oo | Ria | ‘SIMON | HE | Sion | SHOE | show | SHORE | we | Ra | eos | at | woe | = | cy | oo | ‘on | So | ie. | tec | Se | Sout | 0 | 0 | ma | ra | om | DOUG CROSBY | DAVE TIRELLI | MIKE BELL | POINT DEDUCTIONS | RESULT | Ricky Simon by Arm Triangle 3:28 round 2
42b6443e4da2a872ce9632bc.jpg,bc6cdfc90eb89b21e613bb4eed618d9481766267d433681109a33ca17b772ed0,0a2f2838-f6d8-58ef-bdd0-94427c74ee19,e00ac8a1-e1e1-5182-80e9-fd6ce83510a8,UFC Fight Night: Blaydes vs. Aspinall,2022-07-23,Jack Hermansson|Chris Curtis,jpeg,11,87,3,2,‘6s. | FIGHT #13 | suas. | UFC | scorecaro | JACK HERMANSSON | vs. | CHRIS CURTIS | LUFC FIGHT NIGHT: BLAYDES VS. ASPINALL | Weight class | Reteroe | eam | {oon AN | THE 02 ARENA | ‘MDOLEWEIGIT 15 05. | anc 00480 | oo | oo | oo | oo| ooo | ‘omnis | cx | ‘mis | eRMANSSON | curtis | HERMANSON | HERMANSON | curTis | we | eat | = | oy | ot | ue | ear | oo | ‘on | Se | Sout | a | 9 | 0 | 1 | 9 | 0 | 0 | 2 | | | 0 | 9 | 3 | 0 | ma | E | om | B | DARYL RANSOM | (CLEMENS WERNER | CEZARY WO|CIECHOWSKI | POINT DEDUCTIONS | RESULT | Jack Hermansson won by Unanimous | Decision
b131dd91ed36a2d1c3a2a83b.jpg,738f3d3a005d821f1fe2517804c6c26ce9c3bc08b33af6a6c42f1dec92340e30,48d1b984-092e-569e-a83f-157493acdaa5,e00ac8a1-e1e1-5182-80e9-fd6ce83510a8,UFC Fight Night: Blaydes vs. Aspinall,2022-07-23,Molly McCann|Hannah Goldy,jpeg,11,88,2,2,‘m5 us. | FIGHT #10 | ‘asta. | UFC | scorecaro | MOLLY MCCANN | vs. | HANNAH GOLDY | LUFC FIGHT NIGHT: BLAYDES VS. ASPINALL | Weight class | . | eam | {oon AN | THE 02 ARENA | WOMENS LTWEIGHT 25 LE. | Pt | EAN | co | oo | oo oo | wou | HAN | WANA | HAI | MCCANN | couoy | cca | GoLoy | MCCANN | coLoy | oo | ‘on | eos | So | ie. | at | woe | tec | = | oy | Se | Sone | a | 7 | ue | eto | ear | Soe | ‘or | 1 | 2 | 3 | ma | om | BEN CARTLIDGE | ANDERS OHLSSON: | DARYL RANSOM | POINT DEDUCTIONS | RESULT | ‘McCann wins by TKO - 352 of R
1de490e3ce635acca43aea1e.jpg,fea3a911ffd6b490a1fcfb9368f7d9abf46c6028e041d804fab18b6781b241b1,56c4deca-08ac-5f4b-918b-7063fcad2d04,e00ac8a1-e1e1-5182-80e9-fd6ce83510a8,UFC Fight Night: Blaydes vs. Aspinall,2022-07-23,Marc Diakiese|Damir Hadzovic,jpeg,11,80,5,2,"56s, | FIGHT #7 | 64s. | UFC | scorecaro | MARC DIAKIESE | vs. | DAMIR HADZOVIC | LUFC FIGHT NIGHT: BLAYDES VS. ASPINALL | Roterse | eam | {oon AN | THE 02 ARENA | Wesciass | 18s, | HERB DEAN | [ mann J | co | oo | mane | DIAKIESE | HADZOMIC | DIAKIESE | HADZOVIC | DIAKIESE | ozone | we | om | Ra | eos | 7 | oo | oo | ‘on | So | Sout | 9 | 0 | 0 | 9 | 0 | 0 | a | | 9 | 0 | 0 | ma | 30 | om | % | ANDERS OHLSSON | ‘VITO PAOLILLO | CEZARY WO|CIECHOWSKI | POINT DEDUCTIONS | RESULT | ‘Marc Diakiese won by Unanimous Decision"
3ab503c7d99cc6365cf40c8d.jpg,f6580365f0f987e7d5e5489e70fa50fa02ae6a2fa93f9d3e83a58ec63fa28b2b,5d084393-e721-5f90-9c75-429880f97af1,e00ac8a1-e1e1-5182-80e9-fd6ce83510a8,UFC Fight Night: Blaydes vs. Aspinall,2022-07-23,Curtis Blaydes|Tom Aspinall,jpeg,11,79,4,2,"2s0u8s, | FlGHT #14 | sites. | UFC | scorecaro | CURTIS BLAYDES | vs. | TOM ASPINALL | LUFC FIGHT NIGHT: BLAYDES VS. ASPINALL | Weigh class | Reteroe | eam | {oon AN | THE 02 ARENA | EAIYWEIGHT 265.8. | ERB DEAN | oo oo | [ su comer J | oo | ‘ugns | ‘ans | 10M | Asem | BLAYDES | Asem | BLAYDES | ASPINALL | Ra | eos | at | woe | = | cy | 7 | ear | oo | ‘on | So | ie. | tec | Se | Sone | a | om | BEN CARTLIDGE | DAVID LETHABY | ANDERS OHLSSON | POINT DEDUCTIONS | RESULT | Blaydes wins by TKO - 0:15 of RI"
a4178144999fcdd741a04701.jpg,88461f78e6ba207b407ae505867c430bf0aa002494357bec7ff7a66081617200,817fc7f9-c1b4-5038-bc7f-6da3c331a456,e00ac8a1-e1e1-5182-80e9-fd6ce83510a8,UFC Fight Night: Blaydes vs. Aspinall,2022-07-23,Paddy Pimblett|Jordan Leavitt,jpeg,11,72,0,2,"156s, | FIGHT #12 | 55s. | UFC | scorecaro | PADDY PIMBLETT | vs. | JORDAN LEAVITT | LUFC FIGHT NIGHT: BLAYDES VS. ASPINALL | Roterse | eam | {oon AN | THE 02 ARENA | Wesciass | 18s, | ‘DAMEL MOWAHEDL | co | oo | oo ooo | yoroax | ano | Joroan | roy | oRDan | PIMBLETT | LEAWTT | PIMBLETT | LeAMTT | oo | Ra | ‘on | eos | So | ie. | at | Sout | ‘or | 0 | ma | om | 0 | ANDERS OHLSSON | ‘VITO PAOLILLO | CLEMENS WERNER | POINT DEDUCTIONS | RESULT | Pimbiett wins by submission (RNC) - 242 of | 2"
6aeef7e9c801048928cb065b.jpg,db24a6154b19229a4d8c2e4738eabb52facf0da22e3e16042147a3e03ae539df,b6d44d15-a91d-5aca-a81d-e16ce28b8c76,e00ac8a1-e1e1-5182-80e9-fd6ce83510a8,UFC Fight Night: Blaydes vs. Aspinall,2022-07-23,Makwan Amirkhani|Jonathan Pearce,jpeg,11,82,3,2,SS Us. | FIGHT #5 | sas. | UFC | scorecaro | MAKWAN AMIRKHANI | vs. | JONATHAN PEARCE | LUFC FIGHT NIGHT: BLAYDES VS. ASPINALL | Weigh class | eam | {oon AN | THE 02 ARENA | FEATWERWEI | MSs. | a wot | oo | co | oo | oo oo | oman | JONATHAN | AMIRKHANL | PEARCE | AMIRKHANL | PEARCE | ‘AMIRKHANI | Ra | eos | at | woe | = | oy | 7 | oo | oo | Ed | So | ie. | tec | ‘ne | Sone | a | 0 | 1 | 10 | ma | 0 | om | BEN CARTLIDGE | ‘VITO PAOLILLO | CEZARY WO|CIECHOWSKI | POINT DEDUCTIONS | RESULT | Pearce wins by TKO - &:10 of R2
0916ddd957f8022e1c93c533.jpg,926ed6dac25b60beea45bf93a399f2a179534380419c6e151f3fcaedca6bdfa7,cab669c3-18c4-50ef-a4e0-c0f279630146,e00ac8a1-e1e1-5182-80e9-fd6ce83510a8,UFC Fight Night: Blaydes vs. Aspinall,2022-07-23,Victoria Leonardo|Mandy Bohm,jpeg,11,102,5,2,"‘ms ns. | FIGHT #2 | ‘m5 uas. | UFC | scorecaro | MANDY BOHM | vs. | VICTORIA LEONARDO | LUFC FIGHT NIGHT: BLAYDES VS. ASPINALL | Weight class | eam | {oon AN | THE 02 ARENA | WOMENS LTWEIGHT 25 LE. | gE wont | oo | [ suxconer | oo | oo ooo | co | many | nor | VICTORIA | manor | BOHM | veahanoo | BOHM | LEONARDO | B0HM | LEONARDO | we | om | Ra | Bae | eos | oy | 7 | ue | ear | Soe | oo | oo | Ed | Te, | woo | ‘ne | Sone | a | eto | ‘or | 10 | 10 | 3 | 0 | 0 | 10 | 2 | 0 | 0 | 10 | 3 | 0 | ma | a | om | 30 | VITO PAOLILLO | (CLEMENS WERNER | CEZARY WO|CIECHOWSKI | POINT DEDUCTIONS | RESULT | Victoria Leonardo won by Unanimous | Decision"
c2a802ace802015aae1438c5.jpg,f13bbdeeea972695eb5e51219c21e24a6bd004d28ea0647f0851033c92113c77,0e387061-366d-5ac2-b7e5-abe8ccf9ee51,aaa19c66-e484-59d3-b5ec-5431667dc953,UFC 277: Pena vs. Nunes 2,2022-07-30,Don'Tale Mayes|Hamdy Abdelwahab,jpeg,11,98,8,2,"2555, | FIGHT #6 | 2645 i, | UFC | scorecard | DON'TALE MAYES | vs. | HAMDY ABDELWAHAB | ‘UFC 277: PENA VS. NUNES 2 | Location | Reteree | onan | DALLAS, TEXAS, USA | Avec ARLE EER | igo | us. | KERRY HATLEY | Laces) | Ca | co) |oo | DOWTALE | Do;TLE | DOWTALE | MAYES | ABEL | MAYES | ABDELWAHAB | ‘MAYES | ABEL | r | Stone | a Rel | on | Stone | Som | ""em | so | ‘ea | cy | Scone | ee | won | reve | ee | om | Scone | 0 | 8 | 1 | 0 | 10 | 10 | 3 | 10 | 2 | 9 | 10 | 0 | 10 | 3 | 3 | 10 | rot | EJ | Tat | Tom. | DAN MATHISEN | SETH FULLER | KENT BASINGER | POINT DEDUCTIONS | NOTES | RESULT | Hamdy Abdelwahab won by Split Decision"
fd3da28dd69f92773e69d62a.jpg,1f55288c2192880d4e7c498ca40173b4ffaa21d19f400597fd418ddc6a49c428,1d24f1af-5b77-5c48-a096-c3fcad910992,aaa19c66-e484-59d3-b5ec-5431667dc953,UFC 277: Pena vs. Nunes 2,2022-07-30,Matthew Semelsberger|Alex Morono,jpeg,11,117,14,2,"muss. | FIGHT #8 | amiss. | UFC | scorecaro | ALEXMORONO vs. MATTHEW SEMELSBERGER | UFC 277: PENAVS. NUNES 2 | Location | AMERICAN ARLINES CENTER | Weight class | WELTERWEIGHT -T7DLES. | DAN MIRAGLIOTIA | cferee | orpora | DALLAS, TEXAS USA | oo | x co | ao | HoRoND | SEMELSBERCER | ORONO | SEMELSBERGER | ORONO | ‘SEMELSBERGER | oy | Scone | rea | rou | ou | oot | oy | Some | oo | Scone | soot | soe | et | co | Tone | Store | pry | Sen | “nr | rene | ren | oy | Same | 10 | 1 | 9 | 10 | 1 | 9 | 0 | 1 | 8 | 0 | 2 | 9 | 10 | 2 | 9 | 10 | 2 | 3 | 3 | 3 | 10 | 10 | 3 | 9 | 3 | 3 | 0 | rom | 2B | 30 | rom, | EI | ont | 2B | [wr noc} | {roe noc: | | SETH FULLER | KENT BASINGER | ‘STEVE ARMSTRONG | POINT DEDUCTIONS | NOTES | RESULT | ‘Alex Morono won by Unanimous Decision"
c27e723d750b8d090dfc1606.jpg,3b558c949e7c4065a18329f4771ad877f5f9eff4e9bc9324d883b1efa5d9ac81,3a18d9e6-c7f8-54df-ab63-1bf10da6aeba,aaa19c66-e484-59d3-b5ec-5431667dc953,UFC 277: Pena vs. Nunes 2,2022-07-30,Nicolae Negumereanu|Ihor Potieria,jpeg,11,119,7,2,"205 us. | FIGHT #2 | 2048s. | UFC | scorecaro | NICOLAE NEGUMEREANU | vs. | IHOR POTIERIA | UFC 277: PENA VS. NUNES 2 | Date | Location | Venue | Weight class | Referee | operon | DALLA, TEXAS USA | AMERICAN AIRLINES CENTER | GET HEAPYWEIGHT- 205. | KERRY HALEY | | oo | Ge | 7 | NICOLAE | WOR | NCOUE | WOR | MCDLAE | ‘HOR | NEGUMEREANU | POTIERIA | NEGUMEREANU | POTIERIA | NEGUMEREANU | POTIERIA | za | rem | on | oe | eae | om | co | oe | rom | zm | Seow | auc | nue | set | ‘ane | ‘ne | oor | rae | se | on | ‘eote | so | reve | stave | Seo | 10 | 1 | 3 | 0 | 1 | 9 | 10 | 1 | 2 | 2 | 2 | 3 | 3 | 3 | 10 | Tm | 10 | Tm. | 10 | rm | [wre noc | | [ reuow noc} | or | STEVE ARMSTRONG | AARON MENARD | DAN MATHISEN | POINT DEDUCTIONS | NOTES | RESULT | NEGUMEREANU BY TKO STRIKES 3:33 2ND | RD"
151c833e67209080842cd347.jpg,5d6c9063a8fc904e2f2b06342ac5338378e3013b0e79b66ae8b4f6b47704995e,c2608341-c85c-5899-98eb-7c6d1aa331ed,aaa19c66-e484-59d3-b5ec-5431667dc953,UFC 277: Pena vs. Nunes 2,2022-07-30,Julianna Pena|Amanda Nunes,jpeg,11,122,10,2,"45 18s. | FIGHT #13 | 35 Ls. | UFC | scorecaro | vs. | AMANDA NUNES | UFC 277: PENAVS. NUNES 2 | JULIANNA PENA | Date | Location | Venue | Weight class | Referee | o7p3072022 | DALLAS, TEXAS, USA | ‘AMERICAN AIRLINES CENTER | WOMENS BANTAMWEIGHT- 135 18, | MUKE BELTRAN | Lacan | cea | yuu | AMANO | JULIANNA | ‘AMANO | JUUANA | AMANDA | PENA | NUNES | PENA | NUNES | PENA | NUNES: | oy | er | or | oy | co | ory | cy | ‘om | oar | oy | ‘one | stave | roma | se | Some | = | 0 | stout | Stone | om | a0 | oo | Scone | 8 | 0 | 9 | 0 | 10 | 3 | 0 | 8 | 10 | 10 | 9 | 0 | 9 | 0 | 0 | 0 | 0 | 0 | 5 | 0 | 10 | 0 | 45 | rom | 43 | rom | rom | 50 | [were wor] | = | om | JACOB MONTALVO | DOUGLAS CROSBY | SAL D'AMATO | POINT DEDUCTIONS | NOTES | RESULT | ‘Amanda Nunes won by Unanimous Decision"
8ec70ee28cbf45d52c099b48.jpg,c85216077b102280a075d41c30ad9c03952786147a88ad8a75213640b792313c,07481c11-7f05-593d-8329-978c5d003386,99e296ce-6705-50c2-af19-f91ed3f4257d,UFC Fight Night: Vera vs. Cruz,2022-08-13,Cynthia Calvillo|Nina Nunes,jpeg,11,115,6,2,"‘255 Lss. | FIGHT #5 | ‘SSBs. | UFC | scorecaro | CYNTHIA CALVILLO | vs. | NINA NUNES | UFC FIGHT NIGHT: VERA VS. CRUZ | ate | Location | Venue | Weight class. | Referee | o9/e 2022 | SAN DIEGO, CALIFORNIA, USA | PECHANCA ARENA | (WOMENS FLYWEIGHT 125 LBS. | ERB DEAN | Cea | cco | Cla | fa | cnTHLA | NINA | conan | NINA | crTHLA | NINA | CALMILLO | NUNES | CALMILLO | NUNES | CALVILLO | NUNES | oy | oa | reat | oy | ‘im | in | cy | oy | am | oo | cy | Some | scour | me | out | Soon | Some | See | oer | toe | Sone | 0 | 0 | 0 | 0 | 9 | 10 | 3 | 10 | 0 | 10 | 3 | 10 | 2B | ram, | E} | rom | 2B | a | om, | 30 | [wre wore] | [sve oc | | JUNICHIRO KAMIJO | DEREK CLEARY | CHRIS CRAIL | POINT DEDUCTIONS | ‘NOTES | RESULT | Nina Nunes won by Split Decision"
d2ea264d62125dc4ec973f1d.jpg,fe5bde27979a12b97db742e49e29cbeb300d6c95a723fe83b9e9c4b57b2713d2,0c8bbbb5-8da0-5344-926b-f818c3d69eea,99e296ce-6705-50c2-af19-f91ed3f4257d,UFC Fight Night: Vera vs. Cruz,2022-08-13,Marlon Vera|Dominick Cruz,jpeg,11,103,13,2,"B55 Uns, | FIGHT #13 | SUBS, | UFC | scorecaro | MARLON VERA | vs. | DOMINICK CRUZ | LUFC FIGHT NIGHT; VERA VS. CRUZ | ate | Location | Weight Class | Reteree | 08/8202 | SAN DIEGO, CALIFORNIA, USA | PECHANGA ARENA | [BANTAMWEIGHT - BS LBS. | HERBDEAN | [conn | en | Cea | MARLON | DOMINIK | MARLON | ‘DOMINIOK | MARLON | DoMINcK | VERA | CRUZ | VERA | (RUZ | VERA | cRUZ | om | Sane | oot | ar | a0 | soe | Sime | cry | Son | taut | co | ave | ron | ry | ta | ory | Son | our | owe | tate | ‘our | oy | foe | 9 | 10 | 9 | 1 | 10 | 0 | a | 10 | 9 | 10 | 10 | 10 | 9 | 10 | 9 | 10 | 2B | om | 28 | rom | 2B | rom | [wre nce] | DEREK CLEARY | RON MCCARTHY | ‘SAL D'AMATO"
d4ca7302b6cf7d10030b52ba.jpg,fdd6c29ed1a50700006b4a615d1239028e387d3ec7757d963e7392db350b48b5,0f847b65-7cf5-5b0b-b1ab-de8961dd248f,99e296ce-6705-50c2-af19-f91ed3f4257d,UFC Fight Night: Vera vs. Cruz,2022-08-13,Loopy Godinez|Angela Hill,jpeg,11,103,10,2,"95 us. | FIGHT #7 | 9s. | UFC | scorecaro | ‘ANGELA HILL | VS. | LOOPY GODINEZ | UFC FIGHT NIGHT: VERA VS. CRUZ | Date | Location | Venue | Weight Class | Referee | 08/2002 | ‘SANDIEGO, CALIFORNIA, USA | PECHANCA ARENA | (TCH WEIGHT | JASON HERZOG | Lassen) | ANGELA | 100PY | cri | cooinez | HILL | cooINeZ | ci | GODINEZ | 00 | ro | ory | oy | rau | or | rou | Seo | an | soe | Scone | nm | se | Sion | cry | or | oot | 9 | 1 | 0 | 9 | 10 | 10 | 0 | 2 | 3 | 10 | 2 | 10 | 2 | 0 | 3 | 3 | 10 | 3 | 10 | 3 | Tom. | 23 | om | ron | 28 | [ve noc | | DEREK CLEARY | JUNICHIRO KAMIJO | CHRIS CRAIL | POINT DEDUCTIONS | NOTES | RESULT | ‘Angela Hill won by Unanimous Decision"
58b9a660c328041a79f0bab8.png,ce3d24f6c32934a9c874f4c5d252011ff036ced524099d6744484fc8eab50326,6c69ec25-991a-56fe-8296-f02c42cc8be2,99e296ce-6705-50c2-af19-f91ed3f4257d,UFC Fight Night: Vera vs. Cruz,2022-08-13,Gabriel Benitez|Charlie Ontiveros,png,11,104,0,2,"551ns. | FIGHT #84 | 155185, | UFC | scorecaro | GABRIEL BENITEZ | VS. | CHARLIE ONTIVEROS | LUFC FIGHT NIGHT: VERA VS. CRUZ | ate | Locator | Weight Class | Reteree | 09a 2022 | SW, LORNA Uk | PCHANCA ARENA | LUGHTWEIGHT. 155 UB. | ‘MIKE BELTRAN | a) | ea | = | ‘ABRIEL | CHARLIE | CABRIEL | CHARLIE | CABRIEL | CHARLIE | BENITEZ | ONTIVEROS | BENITEZ | ONTIVEROS | BENITEZ | ONTIVEROS | rom | oy | ‘one | ot | 090 | tou | ‘ont | ‘con | ave | sau0 | see | oe | Som | toot | mau | aoe | Sone | 1 | 1 | 1 | 2 | 2 | 2 | 3 | 3 | 3 | om, | Ta | Tom | [wre noc] | feu noc] | oo | RON MCCARTHY | SAL D'AMATO | ELIOT KELLY | POINT DEDUCTIONS | NOTES | RESULT | Gabriel Benitez wins by TKO (strikes) at 335, | of Round 1"
0f9db53925200561c001edbc.jpg,f31b9fcd42aef7176cfd23998e3892ce4efd62050c579a0945d3f904731155ed,862eb01e-d55c-5377-8abe-55a72e3e4f99,99e296ce-6705-50c2-af19-f91ed3f4257d,UFC Fight Night: Vera vs. Cruz,2022-08-13,Tyson Nam|Ode Osbourne,jpeg,11,102,0,2,"5s. | FIGHT #3 | 61s, | UFC | scorecaro | ODE OSBOURNE | vs. | TYSON NAM | LUFC FIGHT NIGHT: VERA VS. CRUZ | ate | Location | Venue | Referee | e/a 202 | SAN DIEGO, CALIFORNA, USA | PECHANGA ARENA | Weight class | LYWEIGHT- 25185, | SON HeRZOG | Lacey | [ sxc | | x= co | son | TsO | TYSON | OSBOURNE | NAM | BOURNE | NAM | OSBOURNE | cr | a | moe | Son | set | 08 | ee | oy | ‘ea | ren | a0 | ren | Sto | Sone | toot | rove | sce | Scone | 1 | 1 | 2 | 2 | 3 | 3 | Tom | Tera | To | [wore noc: J | [me pna } | oo | MICHAEL BELL | JUNICHIRO KAMIJO | CHRIS CRAIL | POINT DEDUCTIONS | NOTES | RESULT | ‘Tyson Nam wins by KO at 259 of Round 1"
3234b7de43367f9a3c08d62d.jpg,aff1a321ed2d5868a9a6d53b653f7cbf6d18b4d859a4be2841d3d65a1e9293db,86e04e2d-b76d-5676-8b65-398ae16f5733,99e296ce-6705-50c2-af19-f91ed3f4257d,UFC Fight Night: Vera vs. Cruz,2022-08-13,Da'Mon Blackshear|Youssef Zalal,jpeg,11,121,14,2,"55 Us, | FIGHT #81 | ‘Baus, | UFC | scorecaro | YOUSSEF ZALAL | vs. | DA'MON BLACKSHEAR | LUFC FIGHT NIGHT: VERA VS. CRUZ | pate | Location | verve | rete | ‘HN DIEGO, CALIFORMA USA | PECHANGA ARENA | Weigne ciass | ANTAMWEIGHT- ""25 LS. | ERB DEM | o8/s372022 | | | oa | Cel | foes) | ‘YOUSSEF | KWON | ‘YoussEF | RMON | vousser | OKMON | ZALAL | BLACKSHEAR | ZALAL | BLACKSHEAR | ZALAL | BLACKSHEAR | ‘one | Ton | oe | oa | ry | oy | a | oo | a | ory | ory | me | ano | ae | oy | Ea | eS | ote. | Se | Se | ES | oe | ioe | tore | aot | ea | ion | 8 | 1 | 0 | A | 1 | 10 | 8 | 10 | 3 | 2 | 10 | 3 | 2 | 10 | 8 | 10 | 10 | 3 | 8 | 10 | 3 | 8 | 10 | 3 | 28 | TA | EY | EJ | a | EJ | Teri | ‘SAL D'AMATO | MICHAEL BELL | ‘CHRIS CRAIL | POINT DEDUCTIONS | NOTES | RESULT | Majonty Oraw"
44bc9389407f9a500153c3c3.jpg,403d0be79a7609ecbd03a77dd6c4fea4c81fbe6b84832864e72e099290141e40,9c9e5d85-c06b-5215-8a1c-42875a589a28,99e296ce-6705-50c2-af19-f91ed3f4257d,UFC Fight Night: Vera vs. Cruz,2022-08-13,Azamat Murzakanov|Devin Clark,jpeg,11,111,15,2,"205185. | FIGHT #10 | 2041. | Ur | scorecaro | DEVIN CLARK | VS. | AZAMAT MURZAKANOV | ‘UFC FIGHT NIGHT: VERA VS. CRUZ | Weight Clas | Reteree | oaranea | SINE, UDR USA | FOUN MENA | LUGHT HEAVYWEIGHT 205 LBs, | RANK TRIGG | ao | ES) | co | aco | evn | evn | cnt | ‘MURZAKANOV | CLARK | MURZAKANOV | CLARK | ‘MURZAKANOV | ow | ioe | oe | oy | oe | c | Stone | cm | cm | Stone | ""ar | rear | Stone | Sone | tou | tau | Yon | 9 | 1 | 10 | 9 | 1 | 10 | 9 | 1 | 10 | 9 | 2 | 10 | 9 | 2 | 10 | 9 | 2 | 10 | 3 | 3 | 3 | roa | rom | rom | 20 | 8 | 20 | 8B | 20 | | wre node] | [ ave noc} | mo | MICHAEL BELL | JUNICHIRO KAMIJO | RON MCCARTHY | POINT DEDUCTIONS | ‘NOTES | RESULT | ‘Azamat Murzakanov wins -R3-118-TKO | (strikes)"
00a642f82a4f25207e736c0d.jpg,256d0b362a113687051c4036d28d14dc161e00084a1286883c789d3783d079b1,9cccc109-f678-5494-88a0-a6f8639a37fb,99e296ce-6705-50c2-af19-f91ed3f4257d,UFC Fight Night: Vera vs. Cruz,2022-08-13,Nate Landwehr|David Onama,jpeg,11,118,13,2,"55 Us. | FIGHT #12 | 5.85. | UFC | scorecaro | NATE LANDWEHR | vs. | DAVID ONAMA | UFC FIGHT NIGHT: VERA VS. CRUZ | Date | Location | Venue | Weight Class | Referee | os/a/2022 | ‘SANDIEGO, CALIFORNIA, USA | PECHANGA ARENA | FEATHERWEIGHT-145 Bs. | ‘MIKE BELTRAN | =a | Do) co | | co | AnD | DanD | LANDWEHR | ONAMA | LANDWEHR | NAMA | TANOWERR | ONAMA | oy | co | nr | me | Tu | oar | oy | oH | oor | cy | Scone | a0 | Some | Sent | stave | sone | Sion | Seon | et | a0 | toe, | Scone | 9 | 1 | 10 | 9 | | | 1 | 10 | 9 | 10 | 0 | 2 | 8 | 0 | 2 | a | 10 | 9 | 3 | 10 | 10 | | | 3 | 9 | 10 | Tora | 28 | EI | Tom, | 2 | rom | a | [wre noe] | [ sue noc} | MICHAEL BELL | JUNICHIRO KAMIJO | DEREK CLEARY | POINT DEDUCTIONS | NOTES | RESULT | Nate Landwehr won by Majority Decision"
cbccda3107bb61434ddc7cc9.jpg,62ed00f4bc5e2ff96f1783244bafbbd0f5d986662fb25fc8de2c735474231351,ce6b0049-777c-5a00-9e8d-71daf4d4105c,99e296ce-6705-50c2-af19-f91ed3f4257d,UFC Fight Night: Vera vs. Cruz,2022-08-13,Iasmin Lucindo|Yazmin Jauregui,jpeg,11,113,10,2,"145 Ls, | FIGHT #11 | ‘6s, | UFC | scorecaro | YAZMIN JAUREGUI | vs. | IASMIN LUCINDO | LUFC FIGHT NIGHT: VERA VS. CRUZ | Date | Location | re | Weight Cass | Reteree | oe/12022 | SAN DIEGO, CALIFORNIA, USA | PECHANCA ARENA | (WOMENS STRAWWEIGHT 15 LBS. | JASON HERZOG | Lssoaes | | Lacan | [some | aso | az | SMIN | HURECUN | weno | JAUREGUI | tucinpo | jaURECUL | wana | roa | vont | oo | coy | oy | ""on | oy | Sone | toot | rove | otc | cry | Same | roe | Some | Son | rom | soe | Sone | 9 | 1 | 0 | 10 | 9 | 1 | 0 | 0 | 2 | 3 | 10 | 10 | 2 | 9 | 10 | 3 | 3 | 10 | 10 | 3 | 9 | 2B | rm | Tom | FE} | rom | [vere wo] | [ecooc | | DEREK CLEARY | RON MCCARTHY | SAL D'AMATO | POINT DEDUCTIONS, | NOTES | RESULT | Yazmin Jauregui won by Unanimous Decision"
d8d7f4f341c6cf4b496f6f40.jpg,39ce1e17ab1bb479a022412b98e7f04987ce44ca25b18256c1971331f343ac8e,db2cf41e-1089-549d-a299-a943748b55bc,99e296ce-6705-50c2-af19-f91ed3f4257d,UFC Fight Night: Vera vs. Cruz,2022-08-13,Jason Witt|Josh Quinlan,jpeg,11,97,0,2,"5 LBs. | FIGHT #2 | 7518s. | UFC | scorecaro | JASON WITT | vs. | JOSH QUINLAN | ‘UFC FIGHT NIGHT: VERA VS. CRUZ | Date | Location | Weight class | Referee | o4/e72022 | ‘SANDIEGO, CALIFORNIA, USA | PECANCA ARENA | cro WEIGHT | FRANK TRIGG | ES | oo | [ nsecones J | son | son | Witt | quinn | wit | Quinlan | Quinlan | ome | a | c | one | oy | Sco | om, | roo | roa | cone | See | oer | owe | ort | ‘cone | Soo | soc | au | oR | 1 | 1 | 2 | 2 | 3 | 3 | rom | om, | ro | [wre woce] | [ren pose] | DEREK CLEARY | RON MCCARTHY | ELIOT KELLY | POINT DEDUCTIONS | NOTES | RESULT | Josh Quinlan wins by KO at 2:09 of Round 1"
183ca6b3850ff26ba166a242.jpg,de5a0404e6894b0b4fff037a20133dbf5ffca6ca537097f1870133139fef6264,e301f19b-dd80-5977-8c91-324d2a068fda,99e296ce-6705-50c2-af19-f91ed3f4257d,UFC Fight Night: Vera vs. Cruz,2022-08-13,Lukasz Brzeski|Martin Buday,jpeg,11,107,6,2,"266185. | FIGHT #6 | 2365185. | UFC | scorecaro | MARTIN BUDAY | VS. | LUKASZ BRZESKI | LUFC FIGHT NIGHT: VERA VS. CRUZ | Date | Venue | Referee | os32022 | SADE, ALFORMA.USA | PECHANCA ARENA | Weight class | 1GHT- 265 LBS. | RANA TRIGG | oo | Laaoe| | co | =a | co | aRTIN | MARTIN | MARTIN | BUDAY | snes | BUDAY | sz | BUDAY | eRZESKI | Te | ca | ar | ane | oy | a | cy | on | on | Sone | rane | Sane | Soom | stove | 00 | toot | Some | Scone | soot | sae | Son | 9 | 0 | 0 | Fy | 1 | 10 | 0 | 3 | 0 | 0 | 2 | 10 | 9 | 10 | 10 | 3 | rom | 28 | rom | om | 28 | [vere noc J | SAL D'AMATO | MICHAEL BELL | ELIOT KELLY | POINT DEDUCTIONS | NOTES | RESULT | Martin Buday won by Split Decision"
766ff115953f5d48ef2b12b4.jpg,53a1dd3932816d43b4a9b58f6b19e69403e9f7d6d3c00185d39626ea9d951ed0,3c17ca84-7671-54b4-9326-21d5b7b3aa3b,42057677-a23a-5f11-80ec-8b4cfdb2bd49,UFC 278: Usman vs. Edwards,2022-08-20,Merab Dvalishvili|Jose Aldo,jpeg,11,83,6,2,"‘26s. | FIGHT #10 | ‘sues. | UFC | scorecaro | JOSE ALDO | vs. | MERAB DVALISHVILI | ‘UFC 278: USMAN VS. EDWARDS | ate | Weigh Cass | erve | 9207202 | SULA yuma, | oer anna | us, | (son weRzaG | co | oo | oo| oo | se | DWALISHVILL | ‘Apo | DVALISHVILL | io | DVALISHMILI | Ra | eos | at | = | oy | oe | 7 | ue | ear | Soe | oo | oo | ‘on | So | tec | ‘ne | Sout | a | eto | ‘or | 9 | 10 | 0 | 0 | 10 | | | 0 | 10 | 0 | ma | om | ‘SAL D'AMATO | MIKE BELL | CHRIS LEE | POINT DEDUCTIONS | RESULT | ‘Merab Dvalishvil won by Unanimous | Decision"
0e523b16d3f783ab778000c7.jpg,74484ca2f196c124e960fc9d26ee5f296434ac06347fa58e5199ae7c11941bf0,9ad8b3c4-39d9-582b-96c8-6c132ac236cc,42057677-a23a-5f11-80ec-8b4cfdb2bd49,UFC 278: Usman vs. Edwards,2022-08-20,Wu Yanan|Lucie Pudilova,jpeg,11,64,2,2,"‘a6. | FIGHT #9 | Stas. | UFC | scorecaro | WU YANAN | vs. | LUCIE PUDILOVA | ‘UFC 278: USMAN VS. EDWARDS | ate | Wiig class | 9207202 | SULA yuma, | oer anna | BS LBS. | co | oo | ww | woe | unto | ‘YANAN | PuDiLovA | puot.ova | Ra | eos | oo | oo | Ed | So | Sone | oe | nome | 0 | 10 | ma | 0 | om | ‘SAL D'AMATO | DEREK CLEARY | MIKE BELL | POINT DEDUCTIONS | RESULT | Lucie Pucitova TKO Strikes 404 Round #1"
0a60a92788cb1ab8df355dae.jpeg,4c2cf67ba13102f4fb623641732ed7992c3533ebd95942705755db5ba547f92a,4b218dbc-89b7-5669-b798-ad7774d3c161,d67c88dc-612d-53c1-b1f0-49c5a266407b,UFC Fight Night: Gane vs. Tuivasa,2022-09-03,John Makdessi|Nasrat Haqparast,jpeg,11,80,3,1,"54S us. | FIGHT #5, | 5s. | Ur | scorecaro | JOHN MAKDESS! | vs. | NASRAT HAQPARAST | LUFC FIGHT NIGHT: GANE WS. TUIASA | ate | Wiig class | feteree | 9/302 | Pats - ane, RA | sero ema | LUGRTWEGA- 155185. | aRccooDaao | oo | co | NASRAT | oo | ast | HAQPARAST | ou | MAKDESSI | HAQPARAST | youn | HAQPARAST | we | Bae | = | ae | Soe | Toa | ‘on | 00 | tec | ‘ne | Sone | ‘coe | 0 | 3 | 0 | 10 | 0 | 10 | 0 | a | om | 30 | DEREK CLEARY | MARK COLLETT | HOWARD HUGHES: | POINT DEDUCTIONS | RESULT | \Nasrat Haqparast won by Unanimous | Decision"
c34e26ced8d7aafefef4ba5f.jpeg,8c38546ab2a269ab48d098c80267d72b3426db97406ed5bfb1478b45c662e0e0,9add9997-2fe5-5af1-8ced-c42f766e24a7,d67c88dc-612d-53c1-b1f0-49c5a266407b,UFC Fight Night: Gane vs. Tuivasa,2022-09-03,Joaquin Buckley|Nassourdine Imavov,jpeg,11,90,5,2,"6s. | FIGHT #10 | suas. | Ur | scorecaro | NASSOURDINE IMAVOV | vs. | JOAQUIN BUCKLEY | LUFC FIGHT NIGHT: GANE WS. TUIASA | ate | Wiig class | Beteree | 9/302 | Pats - ane, RA | sero ema | ‘MODDLEWEIGHT-185 8, | anc | NASSOURDINE | NASSOURDINE | oo oo | ASSOURDINE | [ nxconer | Imavov | BUCKLEY | joaquin | IMAVOV | BUCKLEY | oxguin | iMavOY | BUCKLEY | axguin | = | ae | 7 | eat | Soe | rea | Ed | ‘nt | Sone | a | 08 | eto | ‘oe | 0 | 1 | 3 | 0 | 0 | 2 | 3 | 0 | 0 | 9 | 3 | 0 | a | om | B | BEN CARTLIDGE | DEREK CLEARY | MARK COLLETT | POINT DEDUCTIONS | RESULT | ‘Nassourdine imavov won by Unanimous | Decision"
500f071b0320461366be55ff.jpeg,ffc3051ccd25350d50c3e46a3539ad7d17389420f68e30e25358a8c8b3e636ed,a29516a4-f42a-5364-ac0f-2a7170dc685d,d67c88dc-612d-53c1-b1f0-49c5a266407b,UFC Fight Night: Gane vs. Tuivasa,2022-09-03,Marvin Vettori|Robert Whittaker,jpeg,11,89,4,2,"6s, | FIGHT #11 | suas. | Ur | scorecaro | ROBERT WHITTAKER | vs. | MARVIN VETTORI | LUFC FIGHT NIGHT: GANE WS. TUIASA | ate | Wiig class | eteree | 9/302 | Pats - ane, RA | sero ema | ‘MODDLEWEIGHT-185 8, | ASN HERZOG | [ smn J | oo oo | OBERT | OBERT | ‘MaavIM | OBERT | vETTORI | (WHITTAKER | VETTORI | WHITTAKER | VETTOR! | eos | ea | 00 | = | ae | 7 | rea | Ed | Soe | sa | tec | ‘nt | Sone | a | 0 | 1 | 3 | 3 | 0 | 9 | 0 | 0 | 3 | 0 | a | 2B | om | B | MARK COLLETT | HOWARD HUGHES | CLEMENS WERNER | POINT DEDUCTIONS | RESULT | Robert Whittaker won by Unanimous Decision"
f666e6fb2d9a4a11d0753474.jpeg,540959e1d0c6a8d18d52c67288b177dd8f83e6f1556b45306ca0efebca614f10,c975a723-748e-5f5c-b0ea-f057d032855f,d67c88dc-612d-53c1-b1f0-49c5a266407b,UFC Fight Night: Gane vs. Tuivasa,2022-09-03,Jarno Errens|William Gomis,jpeg,11,80,4,2,"‘wens. | FIGHT #8 | suas. | Ur | scorecaro | WILLIAM GOMIS | vs. | JARNO ERRENS | LUFC FIGHT NIGHT: GANE WS. TUIASA | ate | Wiig class | Reteree | 9/302 | Pats - ane, RA | sero ema | FERMERWEIGHT. 145185. | SON Wenz0 | co | waa | oo | oo oo | win | Gomis | ERRENS | ano | Gomis | ERRENS | ‘aN | Gomis | ERRENS | ae | eat | rea | Ed | ‘nt | Sone | 3 | 0 | 0 | 0 | 3 | 0 | 0 | 10 | 9 | 0 | a | om | B | CHRISTOPHE CHAPUIS | DAVID LETHABY | CLEMENS WERNER | POINT DEDUCTIONS | RESULT | Wiliam Gomis won by Majority Decision"
36b1dda2a49c366d50bcfa89.jpeg,af02384f7504699a5e40d71218a7f488cf37e0d1052fe8943639717b26113a1f,fed0b766-930a-5f96-94af-3b22bc2a610f,d67c88dc-612d-53c1-b1f0-49c5a266407b,UFC Fight Night: Gane vs. Tuivasa,2022-09-03,Tai Tuivasa|Ciryl Gane,jpeg,11,88,4,1,"247s, | FIGHT #12 | 266s. | Ur | scorecaro | CIRYL GANE | vs. | TAITUIVASA | LUFC FIGHT NIGHT: GANE WS. TUIASA | ate | Wiig class | 9/302 | Pats - ane, RA | sero ema | 265 US. | pun cooana | ao | orn. | oo oo | ‘orn | qo oo | CANE | rush | CANE | rumsh | CANE | rush | rea | ea | = | ae | eat | ‘on | a | oe | oo | Ed | Soe | ‘nt | Sone | eto | ‘oe | 0 | 9 | 0 | 0 | 0 | 9 | 0 | 0 | wa | rea | om | 6 | 8 | BEN CARTLIDGE | DEREK CLEARY | DAVID LETHABY | POINT DEDUCTIONS | RESULT | Gane won by KO - 423 of R3"
bba2085cf1e749be4e0e8b7e.png,6869f1eed1a063a3a28050b0c846ea18ff443aae6bc43e8e90867dfb45c978cd,9cc3f830-56cc-5a96-b342-4bd83deeb2ab,b52a6e50-b857-5ad0-b311-ab7c09f92d30,UFC 279: Diaz vs. Ferguson,2022-09-10,Yohan Lainesse|Darian Weeks,png,11,76,0,2,"‘wos ns. | FIGHT #1 | mus. | UFC | scorecaro | DARIAN WEEKS | vs. | YOHAN LAINESSE | (UFC279: DIAZ VS. FERGUSON | ate | verve | Weight Cass | Reteree | ‘@rapm2 | [US VEGAS, NEVADA USA | TF MOBILE ARENA | ‘vous. | MIKE BELTRAN | oo | oo 6c | ARUN | YOUN | LAINESSE | LAINESSE | LAINESSE | om, | soe | voor | Sor | ow | ‘cone | oe | oe | ca | 3 | on | ae | ‘come | too | Som | I | | | 0 | 0 | 0 | on | wm | | MIKE BELL | RON MCCARTHY | ‘TONY WEEKS | POINT DEDUCTIONS | RESULT | Yohan Lainesse won by Spit Decision"
d80ffa3f5f563fdba9a86efb.jpg,d876005a69e4d75cdd57c81c401c8f1f6c327395d2b764dbd169b26a9691eccd,34607faf-7950-5369-a3ac-438bf564a757,4aef0746-ac9a-51a9-a9b2-1cdf8403b4aa,UFC Fight Night: Grasso vs. Araujo,2022-10-15,Jacob Malkoun|Nick Maximov,jpeg,11,114,9,2,"1055 05, | FIGHT #5, | 55s, | UFC | scorecaro | NICK MAXIMOV | vs. | JACOB MALKOUN | LUFC FIGHT NIGHT: GRASSO VS. ARAUJO | bate | Lectin | venue | Reteree | rc aPex | ‘MIDDLEWEIGHT 185.85, | Weight class | aga aT | ‘0/15/2022 | US VEGAS, NEWDA USA | [aime] | Gea | Geri | cos | waaMov | ‘MALKOUN | coB | cnv | ‘MALKOUN | con | hao | ‘MALKOUN | ‘one | Ton | oe | oa | ry | oy | a | oo | a | ory | ory | me | ano | ae | oy | Ea | eS | ote. | Se | Se | ES | oe | ioe | tore | aot | ea | ion | 8 | 1 | 0 | A | 1 | 10 | 10 | 3 | 2 | 10 | 3 | 2 | 10 | 10 | 3 | 3 | 10 | 3 | 3 | 10 | 10 | TA | a | Ter | MIKE BELL | ‘SAL D'AMATO | CHRIS LEE | POINT DEDUCTIONS | NOTES | RESULT | Jacob Malkoun won by Unanimous Decision"
e91d5f795e563be0800dca05.jpg,004e5385441ab67532982c3e4fdb3281a9c16bdd0feded1a216a3233290602b2,6a820195-30d2-59e1-9b79-50c2623e03db,4aef0746-ac9a-51a9-a9b2-1cdf8403b4aa,UFC Fight Night: Grasso vs. Araujo,2022-10-15,Alonzo Menifield|Misha Cirkunov,jpeg,11,107,1,2,"206185. | FIGHT #7 | 205585. | UFC | scorecaro | MISHA CIRKUNOV | vs. | ALONZO MENIFIELD | LUFC FIGHT NIGHT: GRASSO VS. ARAUJO | bate | Lectin | venue | eteree | rc aPex | ‘GIT HEAVYWEIGHT-205 185. | Weight class | anu som | ‘0/15/2022 | US VEGAS, NEWDA USA | [amie] | Gea | Crs) | ferns) | sia | ‘muowz0 | msn | ‘LoNzo | sia | uowz0 | ORKUNOV | MENIFIELD | ORKUNOV | MENIFIELD | ‘RKUNOV | MENIFIELD | oy | Ton | oe | oa | ry | Ty | a | oo | a | ory | ory | me | ano | ae | oy | Ea | eS | ote. | Se | Se | ES | oe | oe | ion | aot | ea | ion | 1 | 1 | 2 | 2 | 3 | 3 | TA | a | Tr | [rnnroc] | ADALAIDE BYRD | DOUGLAS CROSBY | CHRIS LEE | POINT DEDUCTIONS | NOTES | RESULT | ‘Alonzo Meniteld won by KO 1:28 of round 1"
03b871cf80f5676991aa1a44.jpg,3ecd2363548c93481d9f60e2378137be1dadc6fe491b7d580075dacddc0f783a,d46568fe-21d7-53fe-be04-81a2076b7ac2,4aef0746-ac9a-51a9-a9b2-1cdf8403b4aa,UFC Fight Night: Grasso vs. Araujo,2022-10-15,CJ Vergara|Tatsuro Taira,jpeg,11,73,0,1,"suns. | FIGHT #2 | sues. | UFC | scorecaro | TATSURO TAIRA | vs. | C)VERGARA | LUFC FIGHT NIGHT: GRASSO VS. ARAUJO | ate | Loca | feteree | ‘aspen | US VEGAS, NEWDA,USA | URCaPeX. | ose cias | MERRY MATEY | ‘WasURO | co | ‘WasuRO | oo | oo oo | vexcanh | TAIRA | vexcan | TARA | eos | at | = | oy | oo | ‘on | So | ie. | woe | tec | Se | Sout | 0 | ma | oa | 0 | MIKE BELL | ‘TONY WEEKS | JUNICHIRO KAMIJO | POINT DEDUCTIONS | RESULT | ‘Tatsuo Taira won by submission 4:19 of | round 2~ Armbar."
7c84d90e7ce40e23e17049bc.jpg,8e25c2e859a486031905df28bc2ec1a875825a06d7841b71c29cb3d6c42f948a,546185ec-d1b5-5b29-b105-76defcc291c3,e91325bd-f5fc-5ca5-a9fb-f7885cdd14c0,UFC Fight Night: Kattar vs. Allen,2022-10-29,Josh Fremd|Tresean Gore,jpeg,11,111,6,2,"195185, | FIGHT #8 | 185.5185, | UFC | scorecaro | JOSH FREMD | vs. | TRESEAN GORE | UFC FIGHT NIGHT: KATTAR VS. ALLEN | Date | ue | Weight class | free | 0/25/2022 | Uc NEDA. UA | ‘UFC APEX | ‘MIDDLEWEIGHT - 185 LBs. | ‘canis ToCNON, | co | co | =o | coo | Jost | TRESEAN | Josn | FREMD | GORE | FRE | GORE | FREMD | GORE | oo | ‘enw | an | Tone | ome | Son | tour | sone | ou | Son | Son | too | 2 | se | bod | Son | ""nt | oe | tou | Son | 0 | 9 | 1 | 0 | 10 | 1 | 2 | 2 | 3 | 3 | rom, | 10 | rom | 10 | 10 | am, | [vr 0c] | [ae noc] | [ree noc} | ADALAIDE BYRD | DEREK CLEARY | ERIC COLON | POINT DEDUCTIONS | NOTES | RESULT | Gore won by technical submission 0:49 of | 2nd. round - guilotine choke"
ff09d7670c15bb19ffb7ffcd.jpg,5a8f115d0e2eed250afa1d5dd776d8d07556dc5e6b4aa6d431ab44dbb24cdaf0,a1be6480-88d2-5210-88b0-5e98abf46607,e91325bd-f5fc-5ca5-a9fb-f7885cdd14c0,UFC Fight Night: Kattar vs. Allen,2022-10-29,Waldo Cortes Acosta|Jared Vanderaa,jpeg,11,117,11,2,"260.5 LBS. | FIGHT #9 | 2918s. | UFC | scorecaro | WALDO CORTES-ACOSTA | vs. | JARED VANDERAA | LUFC FIGHT NIGHT: KATTAR VS. ALLEN | Date | Location | Venue | Weight class | Reteree | 0/29/2022 | LAS VEGAS, NEVADA, USA | UFC APEX: | HEAVYWEIGHT - 265 LBS. | MARK SMITH | oo | =o) co | x= | x= | anen | yaneD | CORTES-AcosTA | IDERAA | CORTES-AcosTA | \ANDERAA | CORTES-ACOSTA | VANDERAA | ""ar | roa | Tome | ron | ‘Sone | ue | eo | oer | ‘coe | ory | mi | son | oer | ‘one | Son | po | ona | ot, | ‘coe | 0 | i] | 9 | 0 | 1 | 9 | 10 | 9 | 2 | 0 | 9 | 2 | 10 | 10 | 0 | 3 | 9 | 0 | 3 | 9 | 10 | EE) | rom | rom, | 2B | om, | a | [wre noc] | [ mu noc} | [roe | | TONY WEEKS | RON MCCARTHY | JUNICHIRO KAMIJO | POINT DEDUCTIONS | RESULT | Waldo Cortes-Acosta won by Unanimous | Decision"
073e53c3ae41ab8fc48cab28.jpg,7a11db280beeffc7ed0f808d01f78eef84a241f80294d72fbf98f2d25e0e8bfa,cfca09ef-dbac-5e88-85bb-3760ed276557,e91325bd-f5fc-5ca5-a9fb-f7885cdd14c0,UFC Fight Night: Kattar vs. Allen,2022-10-29,Cody Durden|Carlos Mota,jpeg,11,103,9,2,"‘R6LBS. | FIGHT #2 | 1255 LBS, | Ur | scorecaro | CODY DURDEN | vs. | CARLOS MOTA | UFC FIGHT NIGHT: KATTAR VS. ALLEN | ate | Location | Venue | Weight class | Referee | ‘oyas/2022 | {AS VEGAS, NEVADA, USA | URC APEX | LYWEIGHT - 25 LBS. | MARK SMITH | [aac | [secre | | [ nxcooes J | oor | ‘cantos | coy | ‘cantos | ‘caRtos | DURDEN | MOTA | DURDEN | MOTA | DURDEN | MOTA | =H | roo | oy | Tome | rea | a0 | scm | toot | set | Scone | Sen | toe, | ""02 | set | Scr | Son | soma | sot | Scone | 10 | 10 | 10 | 10 | 10 | 10 | 10 | 10 | 10 | ram, | 2B | rom, | a | ram, | [roe noc: | | TONY WEEKS | ADALAIDE BYRD | BEN CARTLIDGE | POINT DEDUCTIONS | RESULT | Cody Durden won by Unanimous Decision"
f3f389dfc45daa2239bb8215.jpg,d3e509417a5a98f24de90175cca22605b2acad65b02e4704e6bbd35455ac4f92,2c7da6cb-8b9f-5bc5-8ad3-28c1e8966358,4e91cfad-06f1-5292-a200-e9764b399519,UFC Fight Night: Nzechukwu vs. Cutelaba,2022-11-19,Kennedy Nzechukwu|Ion Cutelaba,jpeg,11,116,7,2,"205 5, | FIGHT #11 | 206 185. | UFC | scorecaro | KENNEDY NZECHUKWU | vs. | ION CUTELABA | LUFC FIGHT NIGHT: NZECHUKWH VS, CUTELABA | pate | Location | Vena | hotecee | URCAPEX. | Weigh cass | ‘UGiT HeATYWEIGHT-205 LBS. | KEITH PETERSON | pez | LUSVECAS, NEVDA, USK | = | Gea | Geri | xenveny | 108 | vemeny | 108 | Kemeny | 108 | NZECHUKWU | CCUTELABA | NZECHUKWU | CUTELABA | NZECHUKWU | CUTELABA | ‘one | Ton | oe | oa | ry | oy | a | oo | a | ory | ory | me | ano | ae | oy | Ea | eS | ote. | Se | Se | ES | oe | ioe | ion | aot | ea | ion | 8 | 1 | 0 | A | 1 | 10 | 8 | 10 | 2 | 2 | 3 | 3 | TA | 10 | a | 10 | Tr | 10 | [rnnroc] | MIKE BELL | DOUGLAS CROSBY | CHRIS LEE | POINT DEDUCTIONS | NOTES | RESULT | Kennedy Nzechukwu won by TKO 1:02 of the | 2nd round"
5957a659a5e9cd0d28f76f52.jpg,fd8ee2b63c32dad68763caa917d6145525a592269be042d3a9df5892883082bb,3705aaa5-4b19-5d8d-9f01-2a2baf188f97,4e91cfad-06f1-5292-a200-e9764b399519,UFC Fight Night: Nzechukwu vs. Cutelaba,2022-11-19,Muslim Salikhov|Andre Fialho,jpeg,11,124,16,2,"ms as. | FIGHT #9 | mous. | UFC | scorecaro | ANDRE FIALHO | vs. | MUSLIM SALIKHOV | LUFC FIGHT NIGHT: NZECHUKWH VS, CUTELABA | pate | Location | Vena | Reteree | URCAPEX. | Weigh cass | WELTERWEIGHT ""70185, | ‘mis TocMON | pez | LUSVECAS, NEVDA, USK | [amieen)) | Gea | Ceri | ‘NORE | musta | ‘more | MusuiM | NORE | usu | FIALHO | SALIKHOV | FIALHO | SALIKHOV | FIALKO | SALIKHOV | cry | Ton | oe | oa | ry | oy | a | oo | a | ory | ory | me | ano | ae | oy | Ea | eS | ote. | Se | Se | ES | oe | oe | tore | aot | ea | io | 10 | 1 | 10 | 1 | 8 | 0 | q | 7 | 8 | 2 | 0 | 8 | 2 | 10 | 8 | 2 | 10 | 3 | 3 | 3 | 8 | TA | 8 | 8 | a | 8 | 8 | Tr | 8 | [rnnroc] | MIKE BELL | ADALAIDE BYRD | CHRIS LEE | POINT DEDUCTIONS | NOTES | RESULT | Muslin Salikhov won by TKO 1:03 ofthe Sr | round"
1e3811380574d61624efbf81.jpg,318a75cad11e2352a9715c439ea0c65da2322493d2930c7ccb27a5a4beb00376,dedf4087-58a0-50e5-8665-9f53814e4408,4e91cfad-06f1-5292-a200-e9764b399519,UFC Fight Night: Nzechukwu vs. Cutelaba,2022-11-19,Chase Sherman|Waldo Cortes Acosta,jpeg,11,113,11,2,"23685, | FIGHT #10 | 25985. | UFC | scorecaro | CHASE SHERMAN | vs. | WALDO CORTES-ACOSTA | LUFC FIGHT NIGHT: NZECHUKWH VS, CUTELABA | pate | Location | Vena | Weigh Cass | eteree | pez | LUSVECAS, NEVDA, USK | URCAPEX. | EATYWEIGHT 265 US. | ‘acon Montuyo | | | co | Cel | foc) | ‘Ouse | WALDO. | use | wane | use | wauoo | SHERMAN | CORTES-ACOSTA | SHERMAN | CORTES-ACOSTA | ‘SHERMAN | CORTES-ACOSTA | ry | Ea | eS | Ton | oe | ote. | nm | ry | Se | oy | Se | ES | a | oo | ae | ar | ory | oe | ory | ion | aot | me | ano | ea | ae | oy | io | 10 | 9 | 10 | 1 | 8 | 10 | 0 | 3 | 2 | 10 | 10 | 10 | 3 | 3 | 10 | 10 | 28 | TA | EJ | a | EB | Ter | ‘SAL D'AMATO | JUNICHIRO KAMIO | ANTHONY MANESS | POINT DEDUCTIONS | NOTES | SUT | Waldo Cortes-Acosta won by Unanimous | Decision"
5884ab5a5e8366c7a80093db.jpg,40b45a4a227b59cb41399bc1217d48d95636782a9897c69f1d6bb28fea71768a,0a7b981a-a885-5166-9647-e1752da506ba,87ef4cd1-dc8e-5351-860c-57a0529dd4d7,UFC 285: Jones vs. Gane,2023-03-04,Loik Radzhabov|Esteban Ribovics,jpeg,11,127,11,2,"‘56 ns. | FIGHT #81 | 1555s, | UFC | scorecaro | ESTEBAN RIBOVICS | vs. | LOIK RADZHABOV | UFC 285: JONES VS. ANE | pate | Lecaten | venue | Felerce | TFMOBILE ARENA | Weigh class | LUGHTWEIGHT 15585 | Marx soem | 3/09/2003 | US VEGAS NEVA, USA | cx | Gea | Grsl | a | ESTEBAN | x | ESTEBAN | 10K | ESTEBAN | 101K | RIBOVICS | RADZHABOV | RIBOVICS | RADZHABOV | RIBOVICS | RADZHABOV | oy | Ton | oe | am | ry | ory | a | oo | a | ory | ory | me | ano | ae | oy | Ea | eS | ote. | Se | Soe | ES | oe | ioe | tore | aot | ea | ion | 8 | 1 | 0 | A | 1 | 10 | 8 | q | 10 | 10 | 2 | 10 | 2 | 3 | 0 | 2 | 3 | 3 | 3 | 10 | 3 | 3 | 10 | 8 | 3 | 10 | 28 | TA | EJ | a | EJ | Ter | [enn roc] | ADALAIDE BYRD | BEN CARTLIDGE | DEREK CLEARY | POINT DEDUCTIONS | NOTES | RESULT | Lolk Radzhabov won by Unanimous Decision"
f04f7358dabc132599ef2195.jpeg,cf00b8bc49961828d3efdc61761c46463fdec4ab55228a6bf5fd3d2c7e9b9f38,73763cf4-88ec-5598-b864-97a9bfa1a60b,dfb29506-8e5b-5593-bc3e-54292855ca7e,UFC Fight Night: Yan vs. Dvalishvili,2023-03-11,Nikita Krylov|Ryan Spann,jpeg,11,94,0,2,"25s. | FigaT #11 | ous. | Ur | scorecaro | NIKITA KRYLOV | vs. | RYAN SPANN | UFC FIGHT NIGHT: YAN VS. DYALISHVILL | ate | Lect | eteroe | Bmp | US VEGAS, MEWDA,USA | THE THEATER A VIRGIN HOTELS LAS VEGAS | Weight cass | HERBDEAN | [ sorcomes | va | [ ema J | xa | oo oo | wax | Ra | KRYLOV | SPAN | KRYLOV | soa | KRYLOV | ‘PANN | eae | ea | = | cy | a | enn | woe | rea | ‘on | So | te. | Sone | ‘on | so | 08 | et | ‘or | 1 | 2 | 3 | a | om | oo | ERIC COLON | ‘SAL D'AMATO | JUNICHIRO KAMIJO | POINT DEDUCTIONS | RESULT | Krylov won by submission 3:38 of the Ist | round triangle choke."
63b9737914b96ae74c4590d8.jpeg,fe008662c5add5616f5e261a914582f720b2a64d65f1bcd6927646ecd92e14c7,9c1856a1-3790-5bf0-b443-97776f46ba77,dfb29506-8e5b-5593-bc3e-54292855ca7e,UFC Fight Night: Yan vs. Dvalishvili,2023-03-11,Alexandr Romanov|Alexander Volkov,jpeg,11,98,0,0,"seus. | FIGHT #12 | 2645 Us. | Ur | scorecaro | ‘ALEXANDER | vs. | ALEXANDR | UFC FIGHT NIGHT: YAN VS. DYALISHVILL | VOLKOV | ROMANOV | ate | Lect | Bmp | US VEGAS, MEWDA,USA | THE THEATER A VIRGIN HOTELS LAS VEGAS | Reteree | wet ciase | 265 05. | maga: | = | amy | — | ‘ALDANDER | ‘ABONOR | MEWNOER | voLKOV | ROMANOV | vOLKOV | vOLKoV | = | om | = | on | oe | reo | ou | ou | oe | soe | Sow | Soe | ou | 00 | ee | bd | bod | vom, | we | 1 | 1 | 2 | Mica | 2 | 3 | 3 | a | a, | om | [vee poe} | [sux x02 | | MIKE BELL | ERIC COLON | ‘SAL D'AMATO | POINT DEDUCTIONS | RESULT | Volkov won by TKO 2:16 of the Ist round."
414514fa53639e86eac55134.jpeg,46b1d1ab78d418f34edfa5a18cf7827af225fbe25bbe3d9101849d7c4d6270fc,c73b1c44-54ca-53e2-9773-0bb790f24c77,dfb29506-8e5b-5593-bc3e-54292855ca7e,UFC Fight Night: Yan vs. Dvalishvili,2023-03-11,Guido Cannetti|Mario Bautista,jpeg,11,106,1,2,"suns. | FIGHT #9 | ‘suas. | Ur | scorecaro | MARIO BAUTISTA vs. GUIDO CANNETTI | UFC FIGHT NIGHT: YAN VS. DYALISHVILL | ate | Lect | Weight cass | Reteree | Bmp | US VEGAS, MEWDA,USA | THE THEATER A VIRGIN HOTELS LAS VEGAS | us. | [ mane J | co | oo | oo oo | mano | ‘100 | ‘auoo | BAUTISTA | ‘CANETTI | BAUTISTA | CANNETT | BAUTISTA | CANNETTI | we | 08 | Ra | eae | ea | oe | = | cy | a | 08 | enn | woe | ‘on | rea | eo | ‘on | So | te. | te | Sone | ‘on | so | et | ‘or | 1 | 1 | 2 | 2 | 3 | 3 | a | ra | om | [ reac | | ERIC COLON | JUNICHIRO KAMIjO | BRYAN MINER | POINT DEDUCTIONS | RESULT | Mario Bautista won by submission 318 of | round 1 -Rear naked choke."
c613ed95d0f30862d4508708.jpeg,a5da5f52b1095df45655a1ac1a851bd5711a65a85771522f404ab85092713026,e8708d0f-5bac-5374-b165-f14be4621dce,dfb29506-8e5b-5593-bc3e-54292855ca7e,UFC Fight Night: Yan vs. Dvalishvili,2023-03-11,Vitor Petrino|Anton Turkalj,jpeg,11,88,2,1,"204s, | FIGHT #8 | 205 1s. | Ur | scorecaro | VITOR PETRINO «vs. ANTON TURKAL) | UFC FIGHT NIGHT: YAN VS. DYALISHVILL | ate | Lect | Weight cass | Reteroe | Bmp | US VEGAS, MEWDA,USA | THE THEATER A VIRGIN HOTELS LAS VEGAS | HEAPYWEIGHT - 205. | Maa SoaTH | [ surcones | oo | oo oo | ‘ANTON | PETRINO | TURKAL) | rernno | TURKAL) | PETRINO | TURKAL) | eae | a | 08 | enn | woe | rea | ‘on | Soe | ‘on | so | et | ‘or | 0 | 0 | 0 | 0 | 0 | 10 | a | rea | om | % | ERIC COLON | JACOB MONTALVO | BRYAN MINER | POINT DEDUCTIONS | RESULT | Vitor Petrino won by Unanimous Decision"
2b81d5a7ee1ecd5c202e7da7.jpeg,6dba61be524814ae9b0e9b6c96b16b06771beda67329553a8edff98dd17ff45a,fe9e9f57-be93-5c96-9ca5-24ff963b4657,dfb29506-8e5b-5593-bc3e-54292855ca7e,UFC Fight Night: Yan vs. Dvalishvili,2023-03-11,Josh Fremd|Sedriques Dumas,jpeg,11,99,1,2,"As Us. | FIGHT #5 | suas. | Ur | scorecaro | SEDRIQUES DUMAS vs. JOSH FREMD | UFC FIGHT NIGHT: YAN VS. DYALISHVILL | ate | Lect | Weight class | Reteree | Bmp | US VEGAS, MEWDA,USA | THE THEATER A VIRGIN HOTELS LAS VEGAS | ‘MIDDLEWEIGHT 185. | ‘ois TOCMON. | [ surcomes | [ sma | | oo oo | seoaiques | jose | Sepmiques | DUMAS | reno | somauts | row | rea | ‘on | eae | Son | te. | ea | oe | te | = | cy | Sone | ‘on | so | a | wowe | Oa, | woe | 0 | 3 | 1 | 10 | 2 | 3 | a | ra | om | 0 | 0 | MIKE BELL | JUNICHIRO KAMIjO | BRYAN MINER | POINT DEDUCTIONS | RESULT | Josh Fremd won by submission 300 of round | 2- Guillotine choke."
eeaf4353ef32551ab5b6984b.jpg,e46cd048523c0d9871fed9133f8e66f91fa0905825998d92b45507eb04146675,27ceacf6-c6a3-533d-a91e-b0f5da4c443e,ab33e18e-ab56-5549-9fdd-68e705f23c29,UFC 288: Sterling vs. Cejudo,2023-05-06,Matt Frevola|Drew Dober,jpeg,11,85,0,2,"15555. | FIGHT 87 | ‘5s. | UFC | scorecaro | DREW DOBER | vs. | MATT FREVOLA | ‘UFC 288: STERLING VS. CRUDO | Weigh cass | Reteree | yaa | ean eS sk | ewan | LUGATWEIGHT 155.85. | HERBDEAN | = | x= | ca | DREW | =o | EW | = | bank | revolt | DOBER | FREVOLA | DOBER | FREVOLA | moe | cy | ar | = | ae | ‘eo | a | Sco | auc | woo | Sa | ae | Sot | toa | eae | ue | ‘cae | Sot | toe | 08 | foo | ‘on | 1 | 1 | 2 | 2 | 3 | 3 | wa | Ta, | om | MICHAEL BELL | DEREK CLEARY | ERIC COLON | POINT DEDUCTIONS | RESULT | Frevola TKO-1 (unanswered strikes) 408"
49f3dba129524e0a51115ad8.jpg,f1d9011c8b98bc3fd5520502869e936f52edba0cb7372f0c892d1bde487fae80,ad8e5ac3-49dc-5721-b391-769a531ec42f,e29a3c73-aa09-5185-9010-cdc810317a1c,UFC 289: Nunes vs. Aldana,2023-06-10,David Dvorak|Steve Erceg,jpeg,11,95,10,2,"2550s, | FIGHT #2 | 255s. | Ur | scorecaro | DAVID DVORAK | vs. | ‘STEVE ERCEG | ‘UFC 289: NUNES VS. ALDANA | ree | rovers ENA | Wieign cass | LYWEIGHT 125485, | era | HDL | oer | ‘WHEE, IT LOMB CN | Gea) | eS) | ‘ano | STEVE | ‘ano | STEVE | ano | STEVE | DVORAK | ERCEG | DVORAK | ERCEG | DVORAK | ERCEG | oy | roo | oe | mae | ry | oe | MSE | Soe | Soe | ae | eS | an | rea | oe | 10 | 1 | 9 | 10 | 0 | 3 | 2 | 10 | 3 | 10 | 10 | 7 | 3 | 3 | 10 | 10 | 10 | 28 | Toa | oa | 28 | SAL D'AMATO | JERIN VALEL | JAKE MAXIM | POINT DEDUCTIONS | NOTES | RESULT | Steve Erceg won by Unanimous Decision"
9b49b5cd2152205b1b731917.jpeg,bc72d607556d845666687955c4b75beb9edb604fc9a7f113e06285c5c52e02e4,1c10a6de-c49d-581a-bb74-28a5d089ff41,98298300-ef0f-584a-a2c3-2723efc3855a,UFC Fight Night: Holm vs. Bueno Silva,2023-07-15,Holly Holm|Mayra Bueno Silva,jpeg,11,122,4,2,"1855 Us. | FIGHT #13, | ‘36 uas. | UFC | scorecaro | HOLLY HOLM | vs. | MAYRA BUENO SILVA | LUFC FIGHT NIGHT: HOLM VS. BUENO SILA | ate | Location | Venue | Weight Class | Roteroe | ors | US VEGAS, NEWDA, USA | URCAPEX. | ‘WOMENS BANTAMWEICHT -135LB5. | KEITH PETERSON | = | oo = | [ sur cover J | =I | nour | MarR, | nowy | MARA | our | MATRA | HOLM | BUENO SILVA | HOLM | BUENO SILVA | HOLM | BUENO SILVA | moe | ont | a | amr | oy | tone. | ""Ra | Soe | ae | a | bed | toa | a | 0 | = | = | oy | ‘ae | ioe | St | ee | seve | ""eo | eo | ar | oy | Sor | 0 | 9 | 10 | 9 | 0 | 3 | 0 | ea | 19 | oa | 10 | rom, | [vrs pce} | [rena | | MIKE BELL | ‘SAL D'AMATO | JUNICHIRO KAMIJO | POINT DEDUCTIONS | RESULT | Mayra Silva won by guillotine submission 0:38 | ofthe 2nd round."
e5ed24b6497f3b5526ef8066.jpeg,fa356b1b9a2d065bda3e5f92d01052d6665e5da54cf2670c6e667fa87f3d33a7,28a657fb-c954-55e7-89fd-26ecf4aabb16,98298300-ef0f-584a-a2c3-2723efc3855a,UFC Fight Night: Holm vs. Bueno Silva,2023-07-15,Evan Elder|Genaro Valdez,jpeg,11,91,6,2,"‘seus. | FIGHT #84 | ‘640s. | UFC | scorecaro | EVAN ELDER | vs. | GENARO VALDEZ | LUFC FIGHT NIGHT: HOLM VS. BUENO SILA | ate | Location | Venue | Weight Class | Reteree | ors | US VEGAS, NEWDA, USA | URCAPEX. | LUGHTWEIGHT 155. | an som | = | en | ‘ENARO | ay | 0M | =o | cENARO | 0M | re) | ‘GEMARO | ELDER | WALDEZ | ELDER | WALDEZ | ELDER | WALDEZ | amr | ioe | ""eo | ar | oy | Si | ‘ace | ee | seve | eo | 0 | 10 | 10 | 0 | 10 | 9 | 0 | 0 | 10 | 10 | ma | rom | rom | Ey | 2B | [raya | | ADALAIDE BYRD | DEREK CLEARY | JUNICHIRO KAMIJO | POINT DEDUCTIONS | RESULT | Evan Elder won by Unanimous Decision"
096eb32fea082f29cd251962.jpeg,17dc16d0fe0e001230ea84c08c161e869cecb88c4e850785a09b0cd2e823404a,47081b13-bb89-5af4-b69c-795d0c3266b4,98298300-ef0f-584a-a2c3-2723efc3855a,UFC Fight Night: Holm vs. Bueno Silva,2023-07-15,Jack Della Maddalena|Bassil Hafez,jpeg,11,85,5,2,"mus. | FIGHT #12 | miss. | UFC | scorecaro | JACK DELLA MADDALENA | vs. | BASSIL HAFEZ | LUFC FIGHT NIGHT: HOLM VS. BUENO SILA | ate | Location | Venue | Weight class | Reteree | ors | US VEGAS, NEWDA, USA | URCAPEX. | WELTERWEIGHT 170155. | ann STH | ao | =o | BASIL | ASSL | DELLAMADDALENA | ax | DELLA MADDALENA | HAFEZ | DELLA MADDALENA | am | ioe | eo | a | Soe | bed | ee | seve | 10 | 10 | 0 | 0 | 10 | 0 | 0 | 10 | 10 | a | rom | rom | 2B | [ rx | | ‘SAL D'AMATO | CHRIS LEE | JUNICHIRO KAMIJO | POINT DEDUCTIONS | RESULT | Jack Della Maddalena won by Split Decision"
9e1487f9e75e399fd9984dbf.jpeg,241afa261ae22c4fbc2b2dfb767342400c726944aedef753d898993a9e94f2e0,665b5384-ef21-5c92-b7d7-ccf3232b99e8,98298300-ef0f-584a-a2c3-2723efc3855a,UFC Fight Night: Holm vs. Bueno Silva,2023-07-15,Tucker Lutz|Melsik Baghdasaryan,jpeg,11,109,9,2,"‘wes. | FIGHT #7 | SS Uns. | UFC | scorecaro | TUCKER LUTZ | vs. | MELSIK BAGHDASARYAN | LUFC FIGHT NIGHT: HOLM VS. BUENO SILA | ate | Location | Venue | Weight Class | fateree | ors | US VEGAS, NEWDA, USA | URCAPEX. | FEATWERWEIGHT- 5 LB. | cos Monmawvo | =o | ay | =o | ‘TUOKER | ELSI | TuOKER | MELSIK | ‘MELSiK | wz | ‘BAGHDASARYAN | luz | BAGHDASARYAN | wz | BAGHDASARYAN | amr | ae | oa | a | 0 | = | cy | cy | ""eo | ar | oy | Soe | bed | toa | = | Se | ‘oct | ee | seve | eo | 0 | 9 | 10 | 1 | 9 | 10 | 0 | 9 | 2 | 10 | 0 | 10 | 3 | 3 | 10 | 0 | a | EY | om | Tom | [sue noc | | [ exc | | ADALAIDE BYRD | DEREK CLEARY | ‘SAL D'AMATO | POINT DEDUCTIONS | RESULT | Melsik Baghdasaryan won by Unanimous | Decision"
5d7bee4bbc5d478fa8e7d111.jpeg,258d83df9449c3f9f0e2f5aecd44fafdb449b26605be2b64e29816d248700024,d1890e58-a63d-5dc0-93be-0f3c960f95b7,98298300-ef0f-584a-a2c3-2723efc3855a,UFC Fight Night: Holm vs. Bueno Silva,2023-07-15,Nazim Sadykhov|Terrance McKinney,jpeg,11,105,7,2,"‘seus. | FIGHT #8 | ‘64s. | UFC | scorecaro | NAZIM SADYKHOV | vs. | TERRANCE MCKINNEY | LUFC FIGHT NIGHT: HOLM VS. BUENO SILA | ate | Location | Venue | Weight Class | Reteree | ors | US VEGAS, NEWDA, USA | URCAPEX. | LUGHTWEIGHT 155. | KEITH PETERSON | = | ay | eS) | =a | naa | TERRANCE | naa | TERRANCE | rrr) | TERRANCE | MCKINNEY | SADYKHOV | MCKINNEY | SADYKHOV | MCKINNEY | amr | ae | = | cy | oe | ""eo | ar | oy | Soe | = | Sr | bed | ee | ewe | eo | ‘coe | 10 | 10 | 9 | 1 | 0 | 2 | 3 | ma | 10 | rom, | 10 | Tom | 10 | [ wrere oc] | [ rnc | | ADALAIDE BYRD | JUNICHIRO KAMIjO | CHRIS LEE | POINT DEDUCTIONS | RESULT | Nazim Sadykhov won by submition rear | naked choke 1:07 of the 2nd round."
7815198d73f3ee682c2ad424.jpeg,985b5259954b838c3ad83e2c89856e63a5291760d5ab123eba97d3e472543038,2e4bde5a-604d-56ca-8df6-d5dbe8f33ba6,f93c1917-bae9-59ba-9bd7-b764e87f998e,UFC 291: Poirier vs. Gaethje 2,2023-07-29,Dustin Poirier|Justin Gaethje,jpeg,11,108,4,1,"55s. | FIGHT #11 | ‘640s. | UFC | scorecaro | DUSTIN POIRIER | vs. | JUSTIN GAETH)E | ‘UFC 291: POIRIER WS. GAETHJE2 | ate | Loeation | Venue | Wiig class | Reteree | opspes | SAI UKE CY, UTA USA | DELIA CENTER | LUGTWEIGHT 15585. | ERBDEAN | = | oo =o | =o | usm | just | usm | usta | ust | just | POIRIER | GAETHIE | POIRIER | GAETHIE | POIRIER | CAETHE | moe | Sot | a | amr | oy | tone. | ""Ra | Siow | ae | cy | So | toa | a | 0 | = | = | cy | ‘ar | ioe | ot | ee | seve | ""eo | eo | ar | oy | 0 | 9 | 10 | 9 | 0 | 0 | ea | 19 | oa | rom, | 10 | [vere noc} | [ase noc] | [rena | | DEREK CLEARY | RON MCCARTHY | JUNICHIRO KAMIJO | POINT DEDUCTIONS | RESULT | Justin Gaethie via KO Kick 1190 Round 2"
cf96c44df235977fd68039ed.jpeg,aa7cc611c4beafa972325b8ace400727d44397e94701bb104266b9864ffdb66f,4f246a07-3213-5dca-bc92-2fdf9f7c8de1,f93c1917-bae9-59ba-9bd7-b764e87f998e,UFC 291: Poirier vs. Gaethje 2,2023-07-29,Matthew Semelsberger|Uros Medic,jpeg,11,118,13,2,"69585, | FIGHT #2 | ms ss. | UFC | scorecaro | MATTHEW SEMELSBERGER | Vs. | UROS MEDIC | ‘UFC 251: POIRIER VS. GAETHJE2 | Weight class | Referee | ora | SALE am, USA | bem cen | (WELTERWEIGHT- 170. | ‘TMLER TOMLINSON | [ snes J | = | oo | ) co | =a | ROS | ‘UROS | SEMELSBERGER | MEDIC | SEMELSBERGER | wenic | SEMELSBERGER | MEDIC | oo | au | rom | oy | oo | ca | ca | maw | Ton | 00 | oo | ‘ne | senor | ion | Sone | sow | too | ‘cme | one | soe. | pg | Soe | 0 | i | 9 | 0 | 1 | 9 | 10 | 1 | 9 | 3 | 2 | 10 | 9 | 2 | 10 | 9 | 2 | ) | 3 | 3 | 3 | 8 | out | 9 | 19 | rom | 9 | 9 | rom | 9 | [ nve noc] | ‘STEVE FARAGHER | DAN FURSE | DEREK CLEARY | POINT DEDUCTIONS | NOTES | RESULT | Uros Medic TKO Strikes 2:36 Round 3"
85e85d24eb77c8b5315e97d2.jpeg,5f9e650b397a83e5f37c27c2a3ff69a356837745d8b4ac09810dfa184f8dfcf5,5a94e1b6-8d29-5fe7-a230-7914a0a275dc,f93c1917-bae9-59ba-9bd7-b764e87f998e,UFC 291: Poirier vs. Gaethje 2,2023-07-29,Michael Chiesa|Kevin Holland,jpeg,11,100,1,2,"‘wows, | FIGHT #7 | 695s. | UFC | scorecaro | MICHAEL CHIESA | vs. | KEVIN HOLLAND | ‘UFC 291: POIRIER WS. GAETHJE2 | ate | Loeation | Venue | Wiig class | Reteree | opspes | SAI UKE CY, UTA USA | DELIA CENTER | \WELTERWEIGHT- 70S. | ‘Mac coDDARD | ay | | =a | =I | mauEL | KEVIN | owe | ‘EVN | mcrae | KEVIN | CHIESA | HOLLAND | CHIESA | HOLLAND | GHIESA | HOLLAND | amr | cy | a | 0 | = | oy | oy | ""eo | ar | oo | Soe | Son | toa | = | ‘ae | ‘oct | ee | seve | eo | Sone | 1 | 1 | 2 | 2 | 3 | 3 | ma | rom, | Tom | [sue noc } | [ reno | | JUNICHIRO KAMIJO | STEVE FARAGHER | RON MCCARTHY | POINT DEDUCTIONS | RESULT | Kevin Holland via Darce Choke 239 Round 1"
84c685512ca7db1b7171f396.jpeg,f69c2ff07d4ae39a82f2959d5fc1b83160a0d8deecdd2cdb1f27eba12fc4f0e5,281fd227-b258-5a44-bf81-31904a87dc65,2afaf9c9-d416-5259-84f3-631062aaf903,UFC 292: Sterling vs. O'Malley,2023-08-19,Gerald Meerschaert|Andre Petroski,jpeg,11,87,7,2,"‘a6 us. | FIGHT #3, | sas. | UFC | scorecaro | ANDRE PETROSKI | vs. | GERALD MEERSCHAERT | ‘UFC 292: STERLING VS. O'MALLEY | ate | Loeation | Wight cass | Reteree | ony1972023 | BOSTON, MASSACHUSETS, USA | aon | MIDOLEWEIGHT-185 185. | HERBDEAN | ‘NORE | = | = | cea | ‘NORE | ay | [ sur cover ] | emo | wore | ceRALD | PETROSKI | (MEERSCHAERT | PETROSKI | (MEERSCHAERT | PETROSKI | MEERSCHAERT | amr | ""Ra | ae | a | tote. | Soe | St | ee | ewe | 10 | 10 | 0 | 0 | 9 | 10 | 0 | 10 | 10 | 10 | wa | rom | Ton | 2B | ‘SAL D'AMATO | MARCEL VALERA | ‘STEVE RITA | POINT DEDUCTIONS | RESULT | ‘Andre Petroski won by Split Decision"
1a34fd95d0eeec48fc23b86a.jpeg,8386eb7d1416ccfa35578ec8a5a9133a3e6db6964d9633c818ca8ad623fba112,385ea3da-8123-5503-82ec-ad41b1752b57,2afaf9c9-d416-5259-84f3-631062aaf903,UFC 292: Sterling vs. O'Malley,2023-08-19,Austin Hubbard|Kurt Holobaugh,jpeg,11,112,7,2,"1555 Us. | FIGHT #5 | 15s. | UFC | scorecaro | KURT HOLOBAUGH | vs. | AUSTIN HUBBARD | ‘UFC 292: STERLING VS. O'MALLEY | ate | Loeation | Weight cass | Rateree | ony1972023 | BOSTON, MASSACHUSETS, USA | aon | LUGHTWEIGHT 155.8. | Jun Ewcst | = | oo =I | | =o | =I | kunt | ‘nusTN | unt | Asn | unt | ‘nusTN | HOLOBAUGH | HUBBARD | HOLOBAUGH | HUBBARD | HOLOBAUGH | HUBBARD | moe | Sot | a | am | oy | tone. | ""Ra | Soe | ae | cy | fed | toa | a | 0 | = | = | oy | ‘ae | ioe | St | ee | seve | ‘eo | eo | ar | oo | ‘coe | 9 | 1 | 10 | 9 | 10 | 9 | 0 | 2 | 3 | 4 | ma | 10 | roa, | 0 | om, | 0 | [vere poe] | [se noc | | ‘SAL D'AMATO | MARCEL VALERA | BEN CARTLIDGE | POINT DEDUCTIONS | NOTES | RESULT | Winner Holobaugh round 2- 2:39 Triangle | Chioke"
31015488c12578775e968376.jpeg,7734555f84dbd2ee2a92bc6f2ba1ca4ac8363f9a40fbc0d72d15ffe9c7932498,6dbf9786-59a4-5808-81ec-83c2e74f2f3e,2afaf9c9-d416-5259-84f3-631062aaf903,UFC 292: Sterling vs. O'Malley,2023-08-19,Ian Machado Garry|Neil Magny,jpeg,11,77,6,1,"mas.uss. | FIGHT #10 | msiss. | UFC | scorecaro | NEIL MAGNY | vs. | IAN GARRY | ‘UFC 292: STERLING S. O'MALLEY | ate | Loeation | Venue | Weight cass | Reteree | ony1972023 | BOSTON, MASSACHUSETS, USA | TDCARDEN | ‘WELTERWEIGHT -170LBS. | EITH PETERSON. | a | = | um | oo | wa | =o | iT | ve | caRRy | MAGNY | GARRY | amr | ae | oy | Soe | fed | ‘ae | ‘oe | 10 | 10 | 0 | 0 | 10 | 0 | 10 | 10 | 0 | wa | roa | om | 30 | BEN CARTLIDGE | MARCEL VALERA | DAVID GINSBERG | POINT DEDUCTIONS | RESULT | Jan Garry won by Unanimous Decision,"
5934fcf4ccda2d18cbed14a8.jpeg,cb7a9e1d516a7f3471b34096f2d0760dc9b999abb2fc84a5305c161f6e275cc3,8e741a77-d8eb-54d1-98d5-34c39991dbb8,2afaf9c9-d416-5259-84f3-631062aaf903,UFC 292: Sterling vs. O'Malley,2023-08-19,Da'Mon Blackshear|Mario Bautista,jpeg,11,115,9,2,"1355 Us. | FIGHT #9 | ‘36 uas. | UFC | scorecaro | DA'MON BLACKSHEAR | vs. | MARIO BAUTISTA | ‘UFC 292: STERLING S. O'MALLEY | ate | Loeation | Weight cass | Reteree | ony1972023 | BOSTON, MASSACHUSETS, USA | aon | ANDUMWEIGHT 85 LB, | RYAN MINER | RMON | =o | maRio | ay | RMON | oo =o | maRio | RMON | =o | ‘mano | BLACKSHEAR | BAUTISTA | BLACKSHEAR | BAUTISTA | BLACKSHEAR | BAUTISTA | am | ae | cy | a | = | oy | ioe | ""eo | ar | oy | Soe | fed | toa | 0 | = | ‘ar | ‘ace | ee [swe | eo | ‘coe | 0 | 9 | 10 | 1 | 9 | 9 | 1 | 0 | 0 | 9 | 2 | 10 | 2 | 0 | 10 | 3 | 3 | 10 | 3 | 0 | wa | roa | om | EY | 30 | [vere nce} | [sve noc | | ‘SAL D'AMATO | CHRIS LEE | ‘STEVE RITA | POINT DEDUCTIONS | RESULT | ‘Mario Baurista won by Unanimous Decision"
8fa47a3631226ab8dc69ab40.jpeg,d00cee4d340593279586a928c1699e366c320259a2937c6e828218ff4e28bf34,02620854-511e-5e1f-8950-3bf2baab78a6,fb618f4e-594e-54d0-9b5b-7c835af38aa1,UFC Fight Night: Gane vs. Spivac,2023-09-02,Manolo Zecchini|Morgan Charriere,jpeg,11,83,0,2,"‘wens. | FIGHT #6 | ‘Msuas. | UFC | scorecaro | MORGAN CHARRIERE | vs. | MANOLO ZECCHINI | LUFC FIGHT NIGHT: CANE VS. SPIVAC | ate | Location | Venue | Wiig class | Reteree | 57022003 | PARIS, LE-DE-FRANCE, FRA | ACCOR ARENA | FERTHERWEIGHT. 145185. | RH MTOHELL | ORGAN | ManoLo | ao | MORGAN | oD =a | ‘Mano.o | MoRCAN | = | ‘avo. | CHARRIERE | ZECCHINE | CHARRIERE | ZECCHINE | (GHARRIERE | ZECCHINI | amr | ioe | ""eo | ar | oy | Sow | So | ‘oct | ee | swe | eo | Sone | 1 | 2 | 3 | ma | rom, | om | DAMIEN GLUSKI | DAVID LETHABY | DARRYL RANSOM | POINT DEDUCTIONS | RESULT | Charriere wins by KO -351 of RI"
2bb0f5bb3b8436765c79013f.jpeg,baf722c64c5c67e699b0fb658d2c3912c04a546ea8be7f9eba97d05cd5e64861,1bf94c7e-397a-598e-9963-008524f1ff3c,fb618f4e-594e-54d0-9b5b-7c835af38aa1,UFC Fight Night: Gane vs. Spivac,2023-09-02,Benoit Saint Denis|Thiago Moises,jpeg,11,99,4,2,"156s. | FIGHT #9 | ‘640s. | UFC | scorecaro | BENOIT SAINT DENIS | vs. | THIAGO MOISES | LUFC FIGHT NIGHT: CANE VS. SPIVAC | ate | Location | Venue | Wiig class | eteree | 57022003 | PARIS, LE-DE-FRANCE, FRA | ACCOR ARENA | LUGRTWEGIT 155185. | WOSZBosani | aay | eS) | =I | THAD | ENO | ‘THIAGO | ‘eNO | THAD | SAINT DENIS | MOISES | SAINT DENIS | MOISES | SAINT DENIS | MOISES | am | a | a | ioe | ""eo | ar | oy | Soe | bed | ‘ace | ee [seve | eo | Sor | 0 | 10 | 0 | 1 | 3 | 2 | 3 | 0 | ma | 10 | rom, | 10 | om | [sue noc ] | CHRISTOPHE CHAPUIS | ANDERS OHLSSON: | DARRYL RANSOM | POINT DEDUCTIONS | RESULT | ‘Saint Denis wins via TKO 4m dds of RO 2"
0ed1428a522b314a5c743d7c.jpeg,1a89caae2ecc28ecca3b01af37306be9dfa06d41c931239f84f2f9a185eced28,267042a6-3f21-5f8a-9da8-4dc4b6745213,fb618f4e-594e-54d0-9b5b-7c835af38aa1,UFC Fight Night: Gane vs. Spivac,2023-09-02,Manon Fiorot|Rose Namajunas,jpeg,11,96,5,2,"‘mss. | FIGHT #10 | ‘ms as. | UFC | scorecaro | MANON FIOROT | vs. | ROSE NAMAJUNAS | LUFC FIGHT NIGHT: CANE VS. SPIVAC | ate | Location | Venue | Weigh class | Reteree | 57022003 | PARIS, LE-DE-FRANCE, FRA | ACCOR ARENA | ‘WOMEN'S WEIGHT. 125185. | ICH MITCHELL | = | = | | = | =I | Manon | ROSE | anon | FIOROT | NAMAJUNAS | FOROT | AMUN | FIOROT | awa | moe | amr | ioe | ""eo | ar | oo | ont | a | So | St | ee | seve | eo | Sone | 0 | 10 | 0 | 1 | 3 | 0 | 10 | 0 | 2 | 3 | 10 | 10 | 0 | 3 | 3 | ma | rom | 30 | rom | ‘SAL D'AMATO | ANDERS OHLSSON: | DARRYL RANSOM | POINT DEDUCTIONS | RESULT | ‘Manon Fiorot won by Unanimous Decision"
c81ada7f938a977743ef96da.jpeg,42b014fcf4770ddc2393c511089883793f8c6039ba684e0a7aa01b04dc943fae,347693b3-809c-5a4b-a10f-9ac01e25a6e0,fb618f4e-594e-54d0-9b5b-7c835af38aa1,UFC Fight Night: Gane vs. Spivac,2023-09-02,Yanis Ghemmouri|William Gomis,jpeg,11,115,10,2,"‘wens. | FIGHT #7 | ‘Meas. | UFC | scorecaro | WILLIAM GOMIS | VS. | YANIS GHEMMOURI | LUFC FIGHT NIGHT: CANE VS. SPIVAC | ate | Location | Venue | Wiig class | Referee | 57022003 | PARIS, LE-DE-FRANCE, FRA | ACCOR ARENA | FERTHERWEIGHT. 145185. | L01cPORA | = | = | oo =a | =o | wma | ‘ANS | waa | aN | waa | ‘Ms | comis | GHEMMOURI | Gomis | GHEMMOURI | Gomis | CGHEMMOURI | moe | amr | oy | ""Ra | ae | cy | a | ioe | ""eo | ar | oy | ont | a | tone. | Soe | So | ‘ace | ee | seve | eo | Sor | 0 | 1 | 9 | 10 | 0 | 1 | 3 | 0 | 7 | 2 | 9 | 10 | 0 | 2 | 8 | 3 | 3 | Ey | ma | 8 | rom, | 8 | om | 8 | [yrere noc] | [sue noc | | CHRISTOPHE CHAPUIS | ‘SAL D'AMATO | DARRYL RANSOM | POINT DEDUCTIONS | RESULT | Gomis wins by TKO 2m 20s Rd 3"
3a0124d840ebb4ab053691ec.jpeg,de26dd3b5b8dc161eb55738dda4ce7f1509aa88b78b7f8dd22c6f245258837f0,8bb7d27c-11b8-5f46-8c50-256234b97892,fb618f4e-594e-54d0-9b5b-7c835af38aa1,UFC Fight Night: Gane vs. Spivac,2023-09-02,Bogdan Guskov|Volkan Oezdemir,jpeg,11,109,1,2,"20585, | FIGHT #8 | 205s. | UFC | scorecaro | VOLKAN OEZDEMIR | vs. | BOGDAN GUSKOV | LUFC FIGHT NIGHT: CANE VS. SPIVAC | ate | Location | Venue | Wiig lass | Reteree | 57022003 | PARIS, LE-DE-FRANCE, FRA | ACCOR ARENA | UGH HEAYWEIGHT-205 185. | ‘MaRCcoDDARD | = | = | ay | Ee) | =I | ouKAN | ocoa | YOUN | OCDAM | vouran | BOGDAN | OEZDEMIR | cusKoy | OEZDEMIR | Guskov | OEZDEMIR | Guskov | moe | amr | oy | cy | a | 0 | = | cy | cy | ""eo | ar | oy | sont | a | tone. | Sie | bed | toa | = | ‘ae | ‘oct | ee | swe | eo | ‘coe | 1 | 1 | 1 | 2 | 2 | 2 | 3 | 3 | 3 | ma | rom, | om | [wre 0] | [sue noc | | BEN CARTLIDGE | DAMIEN GLUSKI | CLEMENS WERNER | POINT DEDUCTIONS | RESULT | COczdemir wins by submission (RNC) - 3:46 of | RI"
6d3d68b224ab8ce60ec4e1be.jpeg,396ab84d2f54736aa1acb32f7bbafdcdd262f0f911d1004fa3bd94ba841195f3,8f301e3f-4ede-598c-adcf-80cbbcd5f8d2,fb618f4e-594e-54d0-9b5b-7c835af38aa1,UFC Fight Night: Gane vs. Spivac,2023-09-02,Serghei Spivac|Ciryl Gane,jpeg,11,93,3,2,"2s0U8s, | FIGHT #11 | 2560s. | UFC | scorecaro | CIRYL GANE | vs. | ‘SERGHEI SPIVAC | LUFC FIGHT NIGHT: CANE VS. SPIVAC | ate | Location | Venue | Weigh class | Reteree | 57022003 | PARIS, LE-DE-FRANCE, FRA | ACCOR ARENA | HERIYWEIGHT -265 LB. | MARCCODDARD | = | arr | a =o | ‘SERGHEL | ary. | SERGHEL | ‘SERGHEL | CANE | SPIVAC | CANE | SPIVAC | CANE | SPIVAC | moe | amr | ""Ra | ae | cy | oy | ""eo | ar | oy | sont | a | tone. | Soe | So | ot | ee | seve | eo | 0 | 9 | 10 | 0 | 0 | ea | 19 | oa | 0 | roa | BEN CARTLIDGE | DAVID LETHABY | CLEMENS WERNER | POINT DEDUCTIONS | RESULT | Gane wins via TKO 3m 4és of RO 2"
a13d7cfdc3078d21ce4efe6d.jpeg,23548c234907f8f14cd5b132fcff307cc8d242696f2caca023113e88ee77b54b,0190d0cc-66a3-526e-b16a-ceeb7aa234b1,3fb2937e-9b55-5890-9b19-e1ea601d32b0,UFC Fight Night: Yusuff vs. Barboza,2023-10-14,Sodiq Yusuff|Edson Barboza,jpeg,11,105,16,2,MSS Ls. | FIGHT #11 | ‘MeLBS. | UFC | scorecaro | ‘SODIQ YUSUFF | vs. | EDSON BARBOZA | LUFC FIGHT NIGHT: YUSUFF VS. BARBOZA | ate | Referee | vicar | Weigh ctass | FEATWERWEIGHT 45. | ERBDEAN | 2003 | USE ADA UA | o| co | oe) | 0019 | EDSON | 0019 | EDSON | 0019 | EDSON | YUSUFF | BARBOZA | YUSUFF | BAREOZA | YUSUFF | BARBOZA | mae | oa | roe | om | ae | ‘Sto | stor | 00 | Stor | Sto | soe | pa | Stour | = | sot | See | 10 | 8 | 0 | 10 | 10 | 8 | 0 | 10 | 10 | 8 | 10 | 10 | 10 | 3 | 10 | 10 | 10 | 3 | 10 | 10 | om | 46 | om | 48 | 46 | om | 49 | [roxy] | DEREK CLEARY | ‘SAL D'AMATO | CHRIS LEE | POINT DEDUCTIONS | NOTES | RESULT | Edson Barboza won by Unanimous Decision
5f2bdd63df4a840076f06b74.jpeg,8c700b88abd4b599fe2756445e9368b246ca6b0309e9ea8ac44418ecd3df7b08,c6873359-d60c-5753-b2cd-c7322c1aa046,3fb2937e-9b55-5890-9b19-e1ea601d32b0,UFC Fight Night: Yusuff vs. Barboza,2023-10-14,Ashley Yoder|Emily Ducote,jpeg,11,116,10,2,"55s. | FIGHT #1 | SSUES. | UFC | scorecaro | ‘ASHLEY YODER | vs. | EMILY DUCOTE | LUFC FIGHT NIGHT: YUSUFF VS. BARBOZA | ate | Location | Venue | Weight class | Reteree | yup | US VEGAS, NEWDA, USA | URCAPEX. | WOMENS STRAWWEIGHT 15 85. | ‘GHRS TOCHON | =o | ao | | = | =o | EMILY | ASHLEY | EMILY | ASHLEY | EMILY | ‘YODER | DUCOTE | ‘YODER | bucoTE | YODER | DUCOTE | amr | ae | cy | a | 0 | = | cy | ioe | ""eo | ar | oy | Soe | So | toa | = | ‘ae | ‘oct | ee | seve | eo | Sor | 10 | 9 | 1 | 10 | 10 | 1 | 9 | 0 | 10 | 2 | 9 | 2 | 0 | 10 | 9 | 3 | 10 | 3 | 0 | a | EY | om | Tom | Ey | [were noc] | [sue noc | | [ exc | | DEREK CLEARY | ERIC COLON | ‘SAL D'AMATO | POINT DEDUCTIONS | RESULT | Emily Ducate won by Unanimous Decision"
da5551c1a6f899c577f77ab9.jpeg,c11f031a96b334dd5a9509e990f731a7ac949b9c964c3e10cfd8adcc8b4460ca,edcfb600-2034-5c44-9027-fd2d4742e941,3fb2937e-9b55-5890-9b19-e1ea601d32b0,UFC Fight Night: Yusuff vs. Barboza,2023-10-14,Brendon Marotte|Terrance McKinney,jpeg,11,91,0,2,"1555S. | FIGHT #4 | 1555S. | UFC | scorecaro | TERRANCE MCKINNEY | vs. | BRENDON MAROTTE | LUFC FIGHT NIGHT: YUSUFF VS. BARBOZA | ate | Weigh class | Reteree | soya | USE ADA UA | vicar | LUGHTWeIGHT-155 1s. | ERBDEAN | CE | LE | oo co | eS | TERUNE | BRENDON | TERRANE | BRENDON | TERRAME | BRENDON | MCKINNEY | MAROTTE | (MCKINNEY | MAROTTE | MCKINNEY | MAROTTE | om | om | ae | ‘Sto | ocr | ""0 | ca | Soe | Sto | tect | | pa | See | Sto | ote_| ""me | ane | Som | | | pane | | | 2 | pees | 2 | 3 | 3 | om | om | om | JUNICHIRO KAMIJO | RON MCCARTHY | TONY WEEKS | POINT DEDUCTIONS | NOTES | RESULT | Terrance Mekinney won by TKO 0:20 of round | 1"
18838c0941537e45b0418131.jpeg,0bd119559a0875552a695ec20384366e5f968b9e2172818ac8fe9ac53f2bc699,0c0e9975-532f-5b6c-8c9f-0020149a98c3,5f4c19de-351c-569d-bb49-eee344ed23dd,UFC Fight Night: Almeida vs. Lewis,2023-11-04,Kaynan Kruschewsky|Elves Brener,jpeg,11,82,1,2,"6auss. | FIGHT #6 | 165s. | UFC | scorecaro | ELVES BRENER | vs. | KAYNAN KRUSCHEWSKY | UFC FIGHT NIGHT: ALMEIDA VS. LEWIS, | at | Weigh class | Reteree | ‘wyosp2023 | Sorta, | Go oaarusna | OTOH WeIGAT | OSRISMAA | ea | LE | | co | ees, | BRENER | RUSCHEWSKY | BRENER | RUSCHEWSKY | BRENER | KRUSCHEWSKY | 7 | e | ‘Sto | ocr | ""0 | ca | Soe | Sto | tect | | pa | See | Sto | ote_| ""me | ane | Som | | | pane | | | 2 | pees | 2 | 3 | 3 | om | om | om | [ave noc | | ALESSANDRO VIEIRA | ‘SAL D'AMATO | HALLISON PONTES | POINT DEDUCTIONS | NOTES | RESULT | Brener wins by KO - RI 401"
3507f38939e00fd996fbd73f.jpeg,d11c8aa53b6b2c9e9029216cfdd937f60e858c9830488a1a8aa952b611738fc5,298a373a-82db-5961-aa8f-329805a0bb15,5f4c19de-351c-569d-bb49-eee344ed23dd,UFC Fight Night: Almeida vs. Lewis,2023-11-04,Vitor Petrino|Modestas Bukauskas,jpeg,11,101,4,2,"206185, | FIGHT #4 | 205585. | UFC | scorecaro | VITOR PETRINO | vs. | MODESTAS BUKAUSKAS | UFC FIGHT NIGHT: ALMEIDA VS. LEWIS, | at | Weigh class | eree | ‘wyosp2023 | Sorta, | Go oaarusna | ‘GIT HEAMYWEIGHT- 205.35. | ‘mage conDARD | ea | LE | oo ca | eS | MODESTAS | vwiror | MODEST | MoDESDS | PETRINO | BUKAUSKAS | PETRINO | BUKAUSKAS | PETRINO | BUKAUSKAS | om | om | ‘a | ‘Sto | ocr | ""0 | ca | Soe | Sto | tect | | pa | See | Sto | ote_| ""me | ane | Som | 10 | 1 | 3 | 0 | 1 | 9 | 0 | 1 | 3 | | | 2 | pees | 2 | ee | 2 | 3 | 3 | 3 | 0 | om | 10 | om | 10 | om | FABIO ALVES | DAVE TIRELLI | HALLISON PONTES | POINT DEDUCTIONS | NOTES | RESULT | Petrino wins by KO- R2 1:03"
8a745fa728943242fd739c1a.jpeg,36f60203c056c9c9603e60ed61768bf7854bbd203ddcc8a31aa81f9d10722caf,c8fe9037-e859-5155-ba7b-67c3292f07c9,5f4c19de-351c-569d-bb49-eee344ed23dd,UFC Fight Night: Almeida vs. Lewis,2023-11-04,Elizeu Zaleski dos Santos|Rinat Fakhretdinov,jpeg,11,122,11,1,"‘705 us. | FIGHT #5, | ius. | UFC | scorecaro | RINAT FAKHRETDINOV vs. | ELIZEU ZALESKI DOS | UFC FIGHT NIGHT: ALMEIDA VS. LEWIS, | SANTOS | ‘wna | Sioa | ‘aston mara | Weigh class | Reteree | (WELTERWEIGHT - TOUS. | FERNANDO PORTELLA | [ somes J | | =I | a co | io | FAKHRETDINOW | latest bos saNros | FAHRETDINOV | latest bos sans | FAKHRETDINOW | 2a.est bos saNros | ‘oo | Some | soe [woo] coe. | Se | ae | toe | oo | oe |S | mae | so | rove | tone | So | 10 | 1 | 9 | 10 | 1 | 9 | 10 | 3 | ell | |? | | 3 | 2 | —_— | 10 | 0 | 2 | 9 | =e | 0 | 2 | 3 | 3 | 3 | 10 | 8 | 3 | 0 | 8 | 3 | 10 | Ey | om | E | 28 | om | 2B | EJ | om | B | [vrs pose} | [veuow noc} | FABIO ALVES | HALLISON PONTES | ‘SAL D'AMATO | POINT DEDUCTIONS | NOTES | RESULT | Majority Draw"
8d4a5baa7d5ac276aacf6e4b.jpeg,73033452920ed8c1e9626e72faf1fe973ee3706b4c2d9cf9e6d27074c02debd5,50df0ad8-51de-5a62-af79-a16ea0a84b19,a209329c-a577-505e-89d5-845621a23efe,UFC Fight Night: Dariush vs. Tsarukyan,2023-12-02,Jared Gooden|Wellington Turman,jpeg,11,97,3,2,"mus, | FIGHT #2 | ius. | UFC | scorecaro | WELLINGTON TURMAN | vs. | JARED GOODEN | LUFC FIGHT NIGHT: DARIUSH VS. TSARUKYAN | u | on | Weigh ctass | Reteree | rms | AUSTIN, TEAS, USA | ooo cn | WELTERWEIGHT 170185. | JEFFREROAD | ce | =o) co | ot) | WELUNGTON | janeD | ‘WELLINGTON | JaneD | ‘WELLINGTON | JnneD | TURMAN | GOODEN | TURMAN | GOODEN | TURMAN | GOODEN | om | ‘Sto | ocr | ""0 | ca | Soe | Sto | = ls = | Sto | coor | | Som | 10 | 1 | 3 | 0 | 1 | | | 9 | 0 | | | 2 | pees | 2 | | | 3 | 3 | | | 0 | om | 10 | om | 3 | 0 | om | [veuow noce | GINO GARCIA | ‘SAL D'AMATO | MIKE BELTRAN | POINT DEDUCTIONS | NOTES | RESULT | Gooden by RNC round 2 1:11"
feb1641ae75b42590ce93627.jpeg,7bc9a8041e571daeaedd531cd009492bfcfb33e04634f73e834cad87c8f70551,5c0d0f7c-ae7c-5574-aef8-f0f986dda48a,a209329c-a577-505e-89d5-845621a23efe,UFC Fight Night: Dariush vs. Tsarukyan,2023-12-02,Arman Tsarukyan|Beneil Dariush,jpeg,11,80,0,2,"5610s. | FIGHT #12 | 1555S. | UFC | scorecaro | BENEIL DARIUSH | vs. | ARMAN TSARUKYAN | LUFC FIGHT NIGHT: DARIUSH VS. TSARUKYAN | at | u | on | Reteree | ooo cn | Weigh ctass | LUGHTWEIGHT 15518. | Manx Sort | wyonpe023 | AUSTIN, TEAS, USA | | co | oi) | BENEIL | BENEIL | DARIUSH | TSARUKYAN | bats | TsaRUKAN | DARIUSH | TSARUKYAN | 208 | om | reo | ‘a | ‘Sto | stor | 00 | Soe | Sto | soe | pa | See | = | sot | ane | Som | a | om | om | [yrs noc} | CHRIS LEE | MIKE BELTRAN | ‘SAL D'AMATO | POINT DEDUCTIONS | NOTES | RESULT | Tsarukyan by KO 1:04 Round 1"
bf28f89c7e37325873d36e3b.jpeg,a46350af8b7a696ccc2a92461714132f6259d4fcef3361566e0a6c21c609d0ea,b3d0d217-12fa-501d-912b-5e14a434b982,a209329c-a577-505e-89d5-845621a23efe,UFC Fight Night: Dariush vs. Tsarukyan,2023-12-02,Kelvin Gastelum|Sean Brady,jpeg,11,103,9,2,"‘vous. | FIGHT #9 | mous. | UFC | scorecaro | SEAN BRADY | vs. | KELVIN GASTELUM | LUFC FIGHT NIGHT: DARIUSH VS. TSARUKYAN | at | u | on | Weigh ctass | Reteree | wyonpe023 | AUSTIN, TEAS, USA | ooo cn | WELTERWEIGHT 170185. | coe MonraLvo | ea | LE | oa) | SEAN | ELVIN | ELVIN | KEIN | BRADY | CASTELUM | senor | CASTELUM | BRADY | CASTELUM | om | ‘Sto | ocr | ""0 | ca | Soe | Sto | = l-( = = | Sto | coor | | Som | 10 | 1 | 3 | 0 | 1 | | | 9 | 0 | 0 | | | 2 | 9 | 10 | 2 | | | 9 | 10 | 3 | 3 | | | 20 | om | 8 | 20 | om | 8 | om | 1 | [veuow noce | PATRICK PATLAN | ‘SAL D'AMATO | CHRIS LEE | POINT DEDUCTIONS | NOTES | RESULT | Brady By Arm Bar 1:43 Round 3"
d8e62e47183eac2978efcf1e.jpeg,d0ead49f47aee3a1269c0d1395f71d299b45159e20c1f597ae6c90b99b6bae1f,cdbd5303-549c-5723-9d7e-4218aa0bd9e0,a209329c-a577-505e-89d5-845621a23efe,UFC Fight Night: Dariush vs. Tsarukyan,2023-12-02,Drakkar Klose|Joe Solecki,jpeg,11,90,0,2,"5550s. | FIGHT #84 | 55s. | UFC | scorecaro | DRAKKAR KLOSE | vs. | JOE SOLECKI | LUFC FIGHT NIGHT: DARIUSH VS. TSARUKYAN | at | u | on | Reteree | ooo cn | Weigh ctass | LUGHTWEIGHT 15518. | Manx Sort | wyonpe023 | AUSTIN, TEAS, USA | cea | LE | ot) | DRAKKAR | DRAKKAR | DRAKKAR | KLOSE | souet | KLOSE | souet | KLOSE | SOLECKI | Joe | om | om | ae | ‘Sto | ocr | ""0 | ca | Soe | Sto | tect | | pa | = | Sto | coor | | ane | Som | 1 | | | pane | 2 | pees | | | 3 | | | om | om | om | [wre noc] | [ cnc | | CHRIS LEE | ‘SAL D'AMATO | GINO GARCIA | POINT DEDUCTIONS | NOTES | RESULT | Klose by KO 1:41 RND 1"
18566ac7a3a2fe21a7657885.jpeg,fdc1a4f07a799ad3c6cb887ff9292b0b0b0e5daf7c7c536a234fdaa274539d4c,fd228746-4287-50aa-b5c2-97e2cb863a70,a209329c-a577-505e-89d5-845621a23efe,UFC Fight Night: Dariush vs. Tsarukyan,2023-12-02,Rodolfo Bellato|Ihor Potieria,jpeg,11,100,5,1,"205585, | FIGHT #3, | 204185. | UFC | scorecaro | RODOLFO BELLATO | vs. | THOR POTIERIA | LUFC FIGHT NIGHT: DARIUSH VS. TSARUKYAN | at | u | on | eree | ooo cn | Weigh ctass | LUGHT HERPYWEIGHT- 205s. | wyonpe023 | AUSTIN, TEAS, USA | coe MoNTLYO | ea | LE | oo co | maces | ODOLFD | RODOLFD | ‘WOR | ‘RODOLFO | BELLATO | POTiEIA | BELLATO | POTIERIA | BELLATO | POTIEIA | om | om | ae | ‘Sto | ocr | ""0 | ca | Stor | Seo | tect | | pa | = | ‘Sto | coor | | ane | Som | 3 | 10 | 3 | 1 | | | 0 | 3 | 10 | 2 | pees | | | 3 | | | om | 10 | om | 10 | om | 10 | GINO GARCIA | PATRICK PATLAN | CHRIS LEE | POINT DEDUCTIONS | NOTES | RESULT | Bellato by tko, due to strikes, 4:17 round 2"
fb5e4df1fc4b6645824f1776.jpg,b14323ebf2e371eb655ab96dd7a4be9a4807640e689c349647673abd1ed115e1,9e4f6c71-fc06-5b50-9387-b6eda389f2b6,a959dc96-7bd3-5f1d-b309-3cead2a640aa,UFC Fight Night: Ankalaev vs. Walker 2,2024-01-13,Waldo Cortes Acosta|Andrei Arlovski,jpeg,11,113,11,2,"ares. | 2515 Us. | FIGHT #7 | UFC | scorecaro | ANDREI ARLOVSKI | vs. | WALDO CORTES-ACOSTA | LUFC FIGHT NIGHT: ANKALAEV VS. WALKER 2 | ate | ation | venue | Weight class | ee | yeas | US VEGAS, NEVADA USA | UrcAPEK | EATYWEICHT 265 LS. | ‘anc coooaRo | oo | a | ao | ‘more | ‘NREL | ite | CORTS-ACOSTA | ‘ARLOVSKI | CORTES. ACOSTA | ARLOVSKI | CORTES. ACOSTA | hae | To98 | ""ean | ron | reve | ce | one | ‘ne | oor, | 00 | ""oon | None | Se | cou, | me | oe. | Soe | 10 | 9 | 1 | 0 | 9 | fi | 10 | 0 | 9 | 10 | 2 | 3 | 10 | 2 | 9 | 10 | 3 | 3 | 0 | 3 | 3 | 10 | eH | 28 | cot | Ey | ren | 2 | [sue noc | | [repo] | DEREK CLEARY | ‘SAL D'AMATO | CHRIS LEE | POINT DEDUCTIONS | NOTES | RESULT | ‘Waldo Cortes-Acosta won by Unanimous | Decision"
2713b9b38145edfe6eba5210.jpg,223f5dbd0d05c602e25aabc1e07be0369804d89c794c871d0796ff042271bd87,a1d9f746-d7d9-5980-9ad1-642d4ef0286b,a959dc96-7bd3-5f1d-b309-3cead2a640aa,UFC Fight Night: Ankalaev vs. Walker 2,2024-01-13,Marcus McGhee|Gaston Bolanos,jpeg,11,104,6,2,"1355 Us, | FIGHT #5 | ‘BSS. | UFC | scorecaro | MARCUS MCGHEE | vs. | GASTON BOLANOS | LUFC FIGHT NIGHT: ANKALAEV VS. WALKER 2 | ate | oye | Location | US VECAS NEVADA, USA | venue | CAPEK | Weigh class | ANTAMWEICHT 35 LBS | eteree | Manx sora | oo | oo | a=) | ancus | MCGHEE | Bo.anos | ech | so.anos | MCGHEE | BOLANOS | Sone | tone | co | oo | ue | ‘one | Som | Some | eter | 0 | sue | ‘Som | Sone | einer | 2 | ron | mae | 0 | 9 | 1 | 10 | 1 | 10 | 3 | 2 | 2 | 3 | 3 | 10 | oa | 10 | ont | 10 | Tom | [ver noe] | [sue noc] | [ex noc | | ADALAIDE BYRD | DEREK CLEARY | ERIC COLON | POINT DEDUCTIONS | NOTES | RESULT | Marcus McGhee won by TKO 3:29 of round"
0b66a4c330a9a769db64a18f.png,30ab9ed2b87f584af04b86b17b3e41a68a182d27df9097444cd33157fad8547d,b3caf115-3824-5f21-9f97-4349ea4ccc73,a959dc96-7bd3-5f1d-b309-3cead2a640aa,UFC Fight Night: Ankalaev vs. Walker 2,2024-01-13,Ricky Simon|Mario Bautista,png,11,87,9,2,‘Bes. | FIGHT #9 | SSS. | UFC | scorecaro | RICKY SIMON | MARIO BAUTISTA | LUFC FIGHT NIGHT: ANKALAEV VS. WALKER 2 | Weigh class | Reteree | vanes | Us WE HMDA USA | wear | 95 LBS. | ‘maa STH | coo | | | coo | om | MARIO | SIMON | aust | sion | simon | BAUTISTA | moe | rem | rove | co | oe | rem | moe | Sor | a | oie. | fd | rom | ‘ome | ea | ron | om | Sone | 10 | 1 | 9 | 10 | 10 | 0 | 0 | 7) | 10 | 10 | 10 | oa | oa | om | | wre wore] | DEREK CLEARY | ‘SAL D'AMATO | CHRIS LEE | POINT DEDUCTIONS | RESULT | Mario Bautista won by Unanimous Decision
afdcbce6da5d051f931829a8.jpeg,ffe3d3ee1d890b7438015426d5b2ee85632a5316d1fde7800f071968dfe5b7f9,2034b211-91d9-5f8e-b82d-74a32b0bb4ae,76aaf589-08f8-5dde-b09c-ff09b463adfe,UFC 301: Pantoja vs. Erceg,2024-05-04,Iasmin Lucindo|Karolina Kowalkiewicz,jpeg,11,102,9,2,"16 us. | FIGHT #7 | ‘reas. | UFC | scorecaro | KAROLINA KOWALKIEWICZ | vs. | IASMIN LUCINDO | LUFC 30%: PANTOJA WS, ERCEG. | ate | Lacaten | Venue | Weigh cass | Aeteree | 5 yo4pa02s | UO DE JANEIRO, BRA | ARMAS ARENA | WOMENS STRAWWEIGHT 1 8s. | ‘OSIRIS MMA | = | 7 =I | =I | AROUNA | usa | AROUNA | usa | AROUNA | USM | KOWALKIEWICZ | tucinpo | KOWALKIEWICZ | twaNoo | KOWALKIEWICZ | tucinoo | am | ae | oy | ioe | ""eo | 08 | ar | oy | a | Soe | ‘ar | St | toe | eo | ‘coe | 10 | 10 | 9 | 1 | 0 | 0 | 10 | 2 | 0 | 10 | 10 | 3 | 0 | a | om | om | 30 | [yrere noc] | FABIO ALVES | ‘SAL D'AMATO | DAVID TIRELLI | POINT DEDUCTIONS | RESULT | Jasmin Lucindo won by Unanimous Decision"
3d98793c276df166354753d0.jpeg,31c0fedbaa8c78feda02a54bb542b6ba516b45120e54a85b7b2f0fd4a4a5fa2e,470d98d7-5ff2-5359-b349-82b10d3abb68,76aaf589-08f8-5dde-b09c-ff09b463adfe,UFC 301: Pantoja vs. Erceg,2024-05-04,Myktybek Orolbai|Elves Brener,jpeg,11,114,4,2,"‘s6Uns. | FIGHT #6 | 555 Uns. | UFC | scorecaro | ELVES BRENER | vs. | MYKTYBEK OROLBAI | LUFC 30%: PANTOJA WS, ERCEG. | ate | Lacaten | Venue | Wight cass | Reteree | 5 yo4pa02s | UO DE JANEIRO, BRA | ARMAS ARENA | LUGATWEIGHT 55.8. | FERNANDO PORTELLA | = | = | | = | =I | ees | EK | TBR | eaves | ercTBEK | BRENER | ‘OROLBAI | BRENER | ‘OROLBAI | BRENER | OROLBAL | amr | ""Ra | ae | = | oy | oy | ""eo | ar | oy | Sto | = | ‘ae | ‘oct | ee | seve | eo | Sone | 10 | 10 | 1 | 0 | 0 | 2 | 10 | 2 | 0 | 1 | ct) | 3 | 1 | wa | 3 | 1 | ct) | a | x2 | om | Er) | om | Ew | [yrere noc] | [sue noc | | FABIO ALVES | ‘SAL D'AMATO | DAVID TIRELLI | POINT DEDUCTIONS | RESULT | Ra | Orotbai | tpt | Grabbing fence | “Myktybek Orolbai won by Unanimous | Decision"
da37b416a290ace3e4bf0ad3.jpeg,35af87ecb9fc76a892abb3201d651893f4f2e02c0be89183d6f72ae96f320be7,7dfc149a-4f32-5c0d-82d0-f2840305ce88,76aaf589-08f8-5dde-b09c-ff09b463adfe,UFC 301: Pantoja vs. Erceg,2024-05-04,Alexandre Pantoja|Steve Erceg,jpeg,11,127,14,2,"‘2s us. | FIGHT #13 | ‘ms as. | UFC | scorecaro | ALEXANDRE PANTOJA | vs. | ‘STEVE ERCEG | LUFC 30%: PANTOJA WS, ERCEG. | ate | Lacaten | Venue | Wieah cass | fateree | 5 yo4pa02s | UO DE JANEIRO, BRA | ARMAS ARENA | FLYWEIGHT 125.85. | ‘MARC coDDARD | = | oo =o | [ sur cover ] | ‘NEXANORE | STEVE | ‘ABUNORE | STEVE | ‘MEXNORE | PANTOJA | FREES | PANTOJA | ERCEG | PANTOJA | ERCEG | moe | sont | a | amr | oy | tone. | ""Ra | Siow | ae | oe | fed | toa | a | 0 | = | oy | ‘ae | ioe | St | ee | seve | ""eo | eo | oy | ico | 0 | 9 | 10 | 9 | 0 | 3 | 0 | 9 | 10 | 0 | rc) | 9 | 10 | 9 | 0 | 3 | 0 | 9 | 10 | 0 | 0 | 9 | 10 | 0 | | | 8 | a | a7 | a, | a | om | [yore noc} | FABIO ALVES | ‘SAL D'AMATO | DAVID TIRELLI | POINT DEDUCTIONS | NOTES | RESULT | ‘Alexandre Pantoja won by Unanimous | Decision"
5d21551058a87ccbbf23c5e9.jpeg,4851640ed885f049d3c95ef8f94bccefdc258ec7f0c43e7c148238a495a70189,0c1652f9-2d5e-5ecb-ab16-0236c85670e8,0385a30a-5639-526c-b0c0-f61548679fee,UFC Fight Night: Lewis vs. Nascimento,2024-05-11,Sean Woodson|Alex Caceres,jpeg,11,103,9,2,"Ms us, | FIGHT #8 | sas. | UFC | scorecaro | ‘ALEX CACERES | vs. | SEAN WOODSON | ‘UFC FIGHT NIGHT: LEWIS VS. NASCIMENTO | ate | Location | Venue | Weight class | Reteree | osny2024 | ST.LOUIS, MISOUR USA | ENTERPRISE CENTER | FEATHERWEIGHT- 5 LB. | (SON weRz0G | =o | oo =o | =I | seMN | NE | ‘SEAN | nex | ‘SEAN | CACERES | wooDson | CACERES | wooDson | CACERES | ‘woonsoN | amr | ae | cy | oe | ""eo | ar | oy | Soe | ‘ae | ‘ace | ee | seve | eo | Sone | 10 | 10 | 9 | 1 | 0 | 0 | 9 | 10 | 9 | 2 | 0 | 10 | 10 | 3 | 0 | a | EY | om | Tom | 30 | [sux noc | | [ rena | | ‘SAL D'AMATO | BRIAN PUCCILLO | HENRY GUEARY | POINT DEDUCTIONS | RESULT | ‘Sean Woodson won by Unanimaus Decision"
79e6152988c973593f2b01ce.jpeg,bdd17f35f8b49dd96898a88ce9ee5d79bc32c83738132d56ff38c09d956f0b64,63552855-9c57-59e1-b663-0afd04bceb41,0385a30a-5639-526c-b0c0-f61548679fee,UFC Fight Night: Lewis vs. Nascimento,2024-05-11,Joaquin Buckley|Nursulton Ruziboev,jpeg,11,103,8,2,"mous, | FIGHT #11 | mo2s.8s. | UFC | scorecaro | JOAQUIN BUCKLEY vs. | NURSULTON RUZIBOEV | ‘UFC FIGHT NIGHT: LEWIS VS. NASCIMENTO | ate | Location | Venue | Weigh class | Reteree | osny2024 | ST.LOUIS, MISOUR USA | ENTERPRISE CENTER | WELTERWEIGHT 70185. | ‘KEITH PETERSON | = | =o | | =a | [ sucover J | Joaquin | URSUON | Joaquin | MURSULTON | yonquin | NURSULTON | BUCKLEY | RUZIBOEV | BUCKLEY | RUZIBOEV | BUCKLEY | RUZIBOEV | amr | ae | oy | ""eo | ar | oo | Sot | Soe | ‘ace | ee | seve | eo | ‘oor | 0 | 10 | 9 | 1 | 0 | 0 | 10 | 0 | 2 | 9 | 0 | 10 | 10 | 3 | 8 | ma | a | rom | Ey | rom | [were po] | [ reno | | HENRY GUEARY | CHRIS LEE | ‘SAL D'AMATO | POINT DEDUCTIONS | RESULT | Joaquin Buckley won by Unanimous Decision"
e69f7005f7869486c8cbba08.jpeg,170bc15030f92c5b014631a067a6a3fd23f74f65a10b0f04fb9d3c51ea2e2a94,6e03730b-5afc-5abc-b001-24641dfe63db,0385a30a-5639-526c-b0c0-f61548679fee,UFC Fight Night: Lewis vs. Nascimento,2024-05-11,Alonzo Menifield|Carlos Ulberg,jpeg,11,88,1,2,"255s. | FIGHT #10 | 2058s. | UFC | scorecaro | ALONZO MENIFIELD | vs. | CARLOS ULBERG | ‘UFC FIGHT NIGHT: LEWIS VS. NASCIMENTO | ate | Location | Venue | Weigh class | Aeteree | osny2024 | ST.LOUIS, MISOUR USA | ENTERPRISE CENTER | LUT HearYweiciT 205 LB. | MOK BERENS | eS) | =o | ‘ORLOS | ‘nonzo | CARLOS | mowzo | ‘oRLOS | MENIFIELD | ULBERG | MENIFIELD | ULBERG | MENIFIELD | ULBERG | amr | cy | ""eo | ar | oy | Sto | ‘oct | ee | swe | eo | ‘cor | 1 | 2 | 3 | ma | rom, | Tom | [wre 0] | [sux noc | | [ rena | | TRAVIS BUESKING | BRIAN PUCCILLO | DAVID HUYETTE | POINT DEDUCTIONS | RESULT | berg by KO :12 of the first round"
b896a453aff253aed4ee6d0c.jpeg,c4ca5bd74fb35a5f1cdd2018302f09d11add792559b0dbed659a17e14f5d2316,752e3944-b801-5d72-a7c2-c7a1a8d213e5,0385a30a-5639-526c-b0c0-f61548679fee,UFC Fight Night: Lewis vs. Nascimento,2024-05-11,Waldo Cortes Acosta|Robelis Despaigne,jpeg,11,104,3,2,"ras. | FIGHT 87 | 2625s. | UFC | scorecaro | WALDO CORTES-ACOSTA vs. | ROBELIS DESPAIGNE | ‘UFC FIGHT NIGHT: LEWIS VS. NASCIMENTO | ate | Location | Venue | Weight class | Reteroe | osny2024 | ST.LOUIS, MISOUR USA | ENTERPRISE CENTER | EAMYWEIGHT 2655, | osu sTewaRT | = | =o | ao | | =o | =I | wapo | ROBEUS | wauoo | ROBEUIS | waa | ROBELIS | CORTES-ACOSTA | DESPAIGNE | CORTES-ACOSTA | DESPAIGNE | CORTES-ACOSTA | DESPAIGNE | moe | am | cy | a | ioe | ""eo | ar | oy | Sot | a | Soe | So | toa | bed | ee, | swe | eo | ico | 0 | 10 | 0 | 1 | 3 | 0 | 10 | 0 | 2 | 3 | 0 | 10 | 0 | 3 | 3 | ma | rom | 30 | rom | [ «noc | | CHRIS LEE | DAVID HUYETTE: | TRAVIS BUESKING | POINT DEDUCTIONS | RESULT | Waldo Cortes-Acosta won by Unanimous | Decision"
5728b59b82a890a51fd5948f.jpeg,7615d315de563e8abcacb45d8e3ce511cfde4d3486a0de407e3b114f02f45bd6,a84a86a4-b5e2-5370-b0ed-6357797386eb,0385a30a-5639-526c-b0c0-f61548679fee,UFC Fight Night: Lewis vs. Nascimento,2024-05-11,Esteban Ribovics|Terrance McKinney,jpeg,11,86,0,2,"155.25 US. | FIGHT #5 | ‘55s. | UFC | scorecaro | TERRANCE MCKINNEY vs. —_ ESTEBAN RIBOVICS | ‘UFC FIGHT NIGHT: LEWIS VS. NASCIMENTO | ate | Location | Venue | Weigh class | eteree | osny2024 | ST.LOUIS, MISOUR USA | ENTERPRISE CENTER | LUGHTWEIGHT- 55. | any COPELAND | TERUNE | TERRANCE | ae | Do = | STERAN | TERRANCE | =I | ESTEBAN | MCKINNEY | RIBOVICS | MCKINNEY | RIBOMICS | MCKINNEY | RiBOvICS | amr | ioe | ""eo | ar | oy | Sow | ‘ace | ee | swe | eo | ‘coe | 1 | 2 | 3 | ma | rom, | Tom | [ exc | | DAVID HUYETTE | TRAVIS BUESKING | ‘SAL D'AMATO | POINT DEDUCTIONS | RESULT | Ribovies by KO: 37 seconds ofthe fst round"
bbdf67ff9abcc0c988cef3fd.jpeg,1584898067f77d0ab245034229e194167e68b67cca767d1f04255fc49410cd6c,cd4eaf18-7444-5093-b16b-beae5386f2c0,0385a30a-5639-526c-b0c0-f61548679fee,UFC Fight Night: Lewis vs. Nascimento,2024-05-11,Chase Hooper|Viacheslav Borshchev,jpeg,11,94,3,2,"155 Us. | FIGHT 86 | 15s. | UFC | scorecaro | CHASE HOOPER | vs. | VIACHESLAV BORSHCHEV | ‘UFC FIGHT NIGHT: LEWIS VS. NASCIMENTO | ate | Location | Venue | Weigh class | eteree | osny2024 | ST.LOUIS, MISOUR USA | ENTERPRISE CENTER | LUGHTWEIGHT- 55. | KEITH PETERSON | ay | =I | IAGHESLAY | AGHESLAY | use | AGHESLAY | HOOPER | BORSHCHEV | HOOPER | BORSHCHEV | HOOPER | BORSHCHEV | amr | Soe | a | bed | oe | ‘ace | ee | seve | ""eo | eo | ar | oy | ‘cor | 0 | 10 | 0 | 1 | 8 | 2 | 3 | ma | rom, | Tom | 0 | 10 | 0 | [sue noc | | [ rena | | ROB FRANCIS | TRAVIS BUESKING | DAVID HUYETTE | POINT DEDUCTIONS | RESULT | Hooper by Tap Out 3:00 of the 2nd round"
19a10e769ed02258ecfa7521.jpeg,50fc4003e666c350e27919aedc151ae96f26e8de42e9ebaa6788e69b93241e32,00824d2e-96f2-5179-98a9-00b986f0c541,91ef8d53-cc09-56ba-aa8a-fa029966c7d5,UFC Fight Night: Sandhagen vs. Nurmagomedov,2024-08-03,Don'Tale Mayes|Shamil Gaziev,jpeg,11,92,4,2,"228s. | FIGHT 85, | 2650s. | UFC | scorecaro | SHAMIL GAZIEV | vs. | DON'TALE MAYES | LUFC FIGHT NIGHT: SANDHAGEN VS. NURMAGOMEDOV | ate | Location | Wight Class | Reteree | nyo3p2024 | 0 DHABL UAE | a ena | EAMYWEIGHT- 265.8. | EITH PETERSON | = | oo | Do = | suum. | DONTE | sia, | DOWTALE | SM | ONTALE | CAZIEV | MAYES | CAZIEV | MAYES: | CAZIEV | MAYES, | moe | amr | cy | a | oe | ""eo | sont | Soe | So | ‘oct | ee | seve | 0 | 10 | 0 | 1 | 0 | 10 | 0 | 2 | 0 | 10 | 0 | 3 | ma | a | rom | 30 | rom | HOWARD HUGHES | DAVID LETHABY | DARRYL RANSOM | POINT DEDUCTIONS | RESULT | ‘Shamil Gaziev won by Unanimous Decision"
3b19ab01c5bfc7fe5741d5a4.jpeg,941e1900f91a801966b8d7f43c31b90115eb974554da3c03d1d845a0a6fe3954,0e7ae99f-3a05-5b23-a3b4-790d3ffef003,91ef8d53-cc09-56ba-aa8a-fa029966c7d5,UFC Fight Night: Sandhagen vs. Nurmagomedov,2024-08-03,Jai Herbert|Rolando Bedoya,jpeg,11,91,7,2,"1555 Us. | FIGHT #2 | ‘55s. | UFC | scorecaro | JAI HERBERT | ROLANDO BEDOYA | LUFC FIGHT NIGHT: SANDHAGEN VS. NURMAGOMEDOV | ate | Location | Wight Class | Referee | nyo3p2024 | 0 DHABL UAE | a ena | LUGATWEIGHT 155.85, | LUKAS BOSHCKL | = | oo | m7 | ROLANDO | m7 | ROLANDO | ‘ROLANDO | HERBERT | BEDOYA | HERBERT | BEDOYA | HERBERT | BEDOYA | moe | fod | amr | Soe | cy | So | cy | ‘oct | ee | seve | ""eo | eo | ar | oy | 0 | 10 | 10 | 0 | 10 | 0 | 0 | 10 | 10 | ma | rom | rom | a | 2B | [were 0c] | MIKE BELL | HADI MOHAMED ALI | DAVID LETHABY | POINT DEDUCTIONS | RESULT | Jai Herbert won by Unanimous Decision"
bc3e0ad69dbaf423e4064f68.jpeg,75f2a24bb9c528e02b1a2addb8d1536f906d60a31067bac7135be076df353e76,3e50330b-30ed-50b1-98bd-69f854bf6bb8,91ef8d53-cc09-56ba-aa8a-fa029966c7d5,UFC Fight Night: Sandhagen vs. Nurmagomedov,2024-08-03,Jordan Vucenic|Guram Kutateladze,jpeg,11,93,7,2,"1550s. | FIGHT #84 | ‘55s. | UFC | scorecaro | GURAM KUTATELADZE | vs. | JORDAN VUCENIC | LUFC FIGHT NIGHT: SANDHAGEN VS. NURMAGOMEDOV | ate | Location | Wight Class | Referee | nyo3p2024 | 0 DHABL UAE | a ena | LUGATWEIGHT 155.85, | CGREGHLENANS | ao | cone | 7 = | ora | =I | KUTATELADZE | WUCENIC | yorDan | KUTATELADZE | UCENIC | Joroan | KUTATELADZE | WUCENIC | yonDan | am | ioe | ‘eo | ar | oy | a | Sow | ot | ee | ewe | eo | ‘coe | 10 | 10 | 9 | 1 | 0 | 0 | 10 | 0 | 2 | 3 | 0 | 10 | 10 | 3 | 3 | ma | rom | rom | Ey | 2B | BEN CARTLIDGE | ‘VITO PAOLILLO | CLEMENS WERNER | POINT DEDUCTIONS | RESULT | (Guram Kutateladze won by Unanimous | Decision"
b551ba5d6d6e0bbe4e9787bb.jpeg,7469c270b599f546c0a58fb61ce540e1f2d23da18a7dc225cd5db0229489024c,3fc4537e-6ad5-50e7-b706-01cbb552caac,91ef8d53-cc09-56ba-aa8a-fa029966c7d5,UFC Fight Night: Sandhagen vs. Nurmagomedov,2024-08-03,Sedriques Dumas|Denis Tiuliulin,jpeg,11,102,9,2,"uns. | FIGHT #1 | sas. | UFC | scorecaro | SEDRIQUES DUMAS | vs. | DENIS TIULIULIN | LUFC FIGHT NIGHT: SANDHAGEN VS. NURMAGOMEDOV | ate | Location | Wight Class | Reteree | nyo3p2024 | 0 DHABL UAE | a ena | ‘MIDDLEWEIGHT 18 Ls. | KEITH PETERSON | = | aa | no = | =I | DEMS | SEDRIQUES | EMS | SEDRIQUES | EMS | DUMAS | TIULIULIN | DUMAS | TWULIULIN | DUMAS | TULIULIN | amr | ae | cy | a | ioe | ""eo | ar | oy | a | Soe | fed | St | ee | seve | eo | ‘coe | 0 | 9 | 10 | 0 | 1 | 3 | 0 | 9 | 10 | 0 | 2 | 9 | 10 | 10 | 9 | 3 | 10 | ma | rom | Ey | rom | 2B | BEN CARTLIDGE | ‘VITO PAOLILLO | CLEMENS WERNER | POINT DEDUCTIONS | RESULT | Sedriques Dumas won by Unanimous | Decision"
dce8577ed033659225419680.jpeg,cbe47c4e23689e2723356104ffa53af9e7112544ed7667d0fdd3737a8f670193,6bde389f-9d5a-52ae-9e77-eeb422f8d58c,91ef8d53-cc09-56ba-aa8a-fa029966c7d5,UFC Fight Night: Sandhagen vs. Nurmagomedov,2024-08-03,Alonzo Menifield|Azamat Murzakanov,jpeg,11,102,3,2,"205 85. | FIGHT 87 | 204s. | UFC | scorecaro | AZAMAT MURZAKANOV | vs. | ALONZO MENIFIELD | LUFC FIGHT NIGHT: SANDHAGEN VS. NURMAGOMEDOV | ate | Location | Wight Class | Reteree | nyo3p2024 | 0 DHABL UAE | a ena | UGA HEAMYWeEIGHT-205 LBS. | ‘DAMEL MOVAREDL | ‘xUMAT | = | =o | ‘LoNzD | uM | ao | Do =o | ‘MONZO | rg | = | [rr | MURZAKANOV | MENIFIELD | MURZAKANOV | (MENIFIELD | ‘MURZAKANOV | MENIFIELD | moe | amr | cy | a | ioe | ""eo | ar | oy | Sot | a | Soe | So | toa | bed | ee | swe | eo | ‘cor | 0 | 10 | 0 | 1 | 3 | 2 | 3 | ma | rom, | om | 0 | 10 | 10 | [sue noc | | BEN CARTLIDGE | HOWARD HUGHES: | DARRYL RANSOM | POINT DEDUCTIONS | RESULT | Murzakanov wins by KO - 3:18 of R2"
57216cfe923dc400e34ce110.jpeg,a65e2ec0c14d1a88574266d2d7b5848bdccdf4a009fdb699bb8d0797a121a093,7d32101b-8dca-5b1a-8fe0-b9fb993d3c88,91ef8d53-cc09-56ba-aa8a-fa029966c7d5,UFC Fight Night: Sandhagen vs. Nurmagomedov,2024-08-03,Mackenzie Dern|Loopy Godinez,jpeg,11,111,12,2,"wssuss, | FIGHT #9 | SSUES. | UFC | scorecaro | MACKENZIE DERN | vs. | LOOPY GODINEZ | LUFC FIGHT NIGHT: SANDHAGEN VS. NURMAGOMEDOV | ate | Location | Wight lass | Reteree | nyo3p2024 | 0 DHABL UAE | a ena | WOMENS STRAWWEICHT 115 185, | GREG KLENIANS | = | =o | ml | [ sue coner ] | a | MACKENIE | 00 | MACKENZIE | L00PY | MACKENZIE | 100%"" | DERN | GODINEZ | DERN | GODINEZ | DERN | GODINEZ | moe | sont | a | amr | ""Ra | Soe | ae | a | bed | ioe | St | ee | seve | ""eo | eo | ar | oy | 0 | 9 | 10 | 10 | 9 | 0 | 9 | 10 | 9 | 0 | 7 | 0 | 9 | 10 | 10 | ma | rom | rom | a | a | Ey | 2B | | wre oc] | HADI MOHAMED ALI | HOWARD HUGHES: | CLEMENS WERNER | POINT DEDUCTIONS | RESULT | Mackenzie Dern won by Unanimous Decision"
b29437dbeced3f172b113734.png,bb940f923fde073ce74fe7f218be9b3ae604eca7a673a1d98e4c4196a6a84b82,132f8eac-5759-566b-bdb2-3aa551d290ab,37a07d58-4008-5803-b2c8-4e4e6fbcff86,UFC Fight Night: Cannonier vs. Borralho,2024-08-24,Mairon Santos|Kaan Ofli,png,11,100,7,2,"MS Us. | MeLBs. | UFC | scorecaro | FIGHT #9 | KAAN OFLI | vs. | MAIRON SANTOS | ‘UFC FIGHT NIGHT: CANNONIER VS. BORRALHO | Date | Location | Venue | Weigh cass | Reteree | oayz4rzaze | US VEGAS NEVADA, USA | URC APEX. | FEATNERWEIGHT 145 13S. | ‘mis TOCHON | oo | Lamon) | | mone | ‘MAIRON. | MARON | ‘MAIRON | on | on | SANTOS | on | SANTOS | 138 | i | roe | at | 08 | rem | roe | ar | moe | ont | bed | oie | ete. | Soe | Soe | om | eo | ‘Sto | ote. | vem | Soe | 9 | 10 | 10 | en | 10 | a, | 10 | om | 10 | [ware poce ] | [rex noc | | MIKE BELL | ADALAIDE BYRD | CHRIS LEE | POINT DEDUCTIONS | RESULT | Mairon Santos won by KO 1:30 of round 2"
61f558b9065e35c74a8bcf9d.png,a966447cc65a7c7a1c349c8d80716c382501862a2eaf5931c9f08712e3f52d11,388cd72a-076b-5f1f-afe9-32bc803eab49,37a07d58-4008-5803-b2c8-4e4e6fbcff86,UFC Fight Night: Cannonier vs. Borralho,2024-08-24,Ryan Loder|Robert Valentin,png,11,96,8,2,"sas us, | ‘6s. | UFC | scorecaro | FIGHT #10 | ROBERT VALENTIN | vs. | RYAN LODER | UFC FIGHT NIGHT: CANNONIER VS. BORRALHO | Weighs Class | Referee | bana | USES EMDR USA | wesrex | MIDDLEWEIGHT 185 LB, | ana some | oo | — | — | = | ROBERT | RYAN | OBERT | wen | oben | VALENTIN | LODER | VALENTIN | Lobe | or | or | moe | oy | reat | em | moe | rent | or | tou | rove | eo | Sor | ot | roe | a | Sone | fed | oom | re | ‘ow | 3 | 10 | 9 | 10 | 9 | 0 | oa | 10 | oa | 10 | om | 10 | ‘SAL D'AMATO | RON MCCARTHY | JUNICHIRO KAMIJO | POINT DEDUCTIONS | NOTES | RESULT | Ryan Loder won by TKO 1:49 of round 2."
9da76b19113f8f293a3242a6.png,ec106f5a1971b213ead79ad4143a0fea6b1be5ef963dd5c271560925f3b36fe9,8ac7e02d-dfd3-536b-b2a7-7588a80e17c6,37a07d58-4008-5803-b2c8-4e4e6fbcff86,UFC Fight Night: Cannonier vs. Borralho,2024-08-24,Jared Cannonier|Caio Borralho,png,11,106,14,2,"was. | FIGHT #12 | ‘6s. | UFC | scorecaro | JARED CANNONIER | vs. | CAIO BORRALHO | UFC FIGHT NIGHT: CANNONIER VS. BORRALHO | ate | Location | Weigh ctass | eteree | ony24j2024 | US VEGAS NEVADA, USA | URC APEX. | ‘MIDDLEWEIGHT 185.85. | ‘DAN MIRAGLOTIA | coo | oo | coo | oo |ca4 | ase | Gannon | sorealio | CANNONIER | sorRali | CANNONIER | sonRalo | o8@ | ae | ae | ""oa | oe | ‘mae | mt | none | ome | 08 | moe | roar | roe | roa | Sco | tone | ton | Soe | Sone | sot | Seo | See | 3 | 3 | 3 | 10 | 3 | 10 | 7) | 9 | 10 | 9 | 0 | 10 | 3 | 10 | 10 | 10 | 9 | 10 | 10 | rom | 49 | rome | 45 | a | SAL D'AMATO | CHRIS LEE | RON MCCARTHY | POINT DEDUCTIONS | RESULT | Caio Borratho won by Unanimous Decision"
7d26f7d629c76e487e92cec1.png,ac8ffaa536fc1f3c4ce8be55c10f241b7f82ff04bd5208a7c8c6e1a974c9ca03,b1958d2d-3151-5a4c-b702-533563dc3a96,37a07d58-4008-5803-b2c8-4e4e6fbcff86,UFC Fight Night: Cannonier vs. Borralho,2024-08-24,Josiane Nunes|Jacqueline Cavalcanti,png,11,103,10,2,"‘a us. | FIGHT #3 | ‘aes. | UFC | scorecaro | vs. | UFC FIGHT NIGHT: CANNONIER VS. BORRALHO | JACQUELINE CAVALCANTI | JOSIANE NUNES | Date | Venue | Referee | n/24p2024 | [USVECAS, NEVADA USA | URC APEX. | Weight Ciass | WOMENS BANTAMWEIGAT-135 LS. | Manx soa | | co | oo co | ACQueune | JACQUELINE | JACQUELINE | ONES | CAWALCANTI | UNE | CAVALCANTI | ONS | mae | = | a | oy | ar | cry | a | oe | ‘Seow | aon | ve | onc | Sot | ‘one | tc | 80 | stone | Sone | Son | tone | Sone | 10 | 1 | 3 | 10 | 10 | 10 | 2 | 8 | 10 | 10 | 10 | 3 | 3 | 9 | 0 | 10 | wa | a | vent | on | [vrs nose} | ‘SAL D'AMATO | CHRIS LEE | RON MCCARTHY | POINT DEDUCTIONS | RESULT | Jacqueline Cavalcanti won by Split Decision"
2dd09ac29e38b7bf9913f290.png,8147428ab1a997b6dd1b6cc0d7890ffbbb81da0d1b1b9a1d6ce269cefebe9c16,c5d1dd7e-f8e1-5244-9b81-9d8b8749a4af,37a07d58-4008-5803-b2c8-4e4e6fbcff86,UFC Fight Night: Cannonier vs. Borralho,2024-08-24,Victoria Leonardo|Wang Cong,png,11,79,0,2,"‘m5 us. | FIGHT #1 | ‘25 us. | UFC | scorecaro | WANG CONG | vs. | VICTORIA LEONARDO | ‘UFC FIGHT NIGHT: CANNONIER VS. BORRALHO | Date | Location | Venue | Weigh class | Aeteree | onj24y204 | ‘US VEGAS NEVADA,USA | ‘UREA. | WOMEN'S YWEIGHT 25 LBS. | ‘RIS TOCNON | oo | oo | aN | vicoRIA | WANG | vio | iro | CONG | LEONARDO | CONG | LEONARDO | CONG | LEONARDO | ‘mae | ‘on | ‘owe | oa | oa | a | [vr ce} | [sue noc} | [rex po] | ADALAIDE BYRD | ERIC COLON | JUNICHIRO KAMIJO | POINT DEDUCTIONS | RESULT | Wang Cong won by KO 1:02 of round 1."
4a72a2ad840715c7120b6410.png,89c384917e5080240406ee673e35a523a81fc240f772c035305eba9d566dac4f,d03e66e5-e5b7-52a3-905e-8f3bba23ed00,37a07d58-4008-5803-b2c8-4e4e6fbcff86,UFC Fight Night: Cannonier vs. Borralho,2024-08-24,Dennis Buzukja|Francis Marshall,png,11,98,10,2,"1555 Us. | FIGHT #6 | ‘56 Uns. | UFC | scorecaro | DENNIS BUZUKJA | vs. | FRANCIS MARSHALL | UFC FIGHT NIGHT: CANNONIER VS. BORRALHO | Date | Location | Venue | URCAPEX | Weight Class | LUGHTWEIGHT 55 U8, | Referee | EITH PETERSON | npz4p2aze | US VEGAS NEVADA, USA | 7 | co | a | coc | Rana. | BUZUKIA | (MARSHALL | BUZUKA | (MARSHALL | BuzuKA | (MARSHALL | co | em | cy | at | oo | So | tone | ave | ton | Son | Sore | Sone | 9 | 1 | 10 | 10 | 0 | 10 | 2 | 9 | 10 | 0 | 10 | 3 | 3 | 10 | 0 | Ey | em | A | wa | f ware pac: ] | ADALAIDE BYRD | BEN CARTLIDGE | JUNICHIRO KAMIJO | POINT DEDUCTIONS | NOTES | RESULT | Francis Marshall won by Split Decision"
9becba4ecd2e06da6445c0b6.jpeg,280147977efb71ff45f499c43ae1b81d85ae4d44f55cdd2d560628d26e7e8abf,848d77c2-5260-5ca7-90ca-fe77b78b7340,af3f3b2c-6684-539c-a90d-166c421d247b,UFC Fight Night: Moreno vs. Albazi,2024-11-02,Chad Anheliger|Cody Gibson,jpeg,11,101,11,2,"as tes, | 550s. | UFC | scorecaro | FIGHT #2 | CHAD ANHELIGER | vs. | CODY GIBSON | ‘UFC AGHT NIGHT: MORENO VS. ALBAZI | Weigh cass | ee | ‘iene | Faw. ABERD CO | ros ruce | GAT 35 185, | ie | INVALEL | ao | oo 6c | oo 9 | faxoen) | coy | fneLcER | arson | fencer | ciBsON | foexceR | cuaSon | ‘Sore | oe | ‘oa | = | ee | roar | eae | ‘Some | om | on | ar | = | one | co | oe | Soe | EERIE | oe | 3 | | | 10 | 10 | 10 | 8 | 0 | 10 | 10 | 7 | | | 3 | ! | 10 | 10 | 10 | Ed | vom | 30 | Ed | 30 | a | [were noc J | DEREK CLEARY | ZIAD HARB | JUNICHIRO KAMIJO | POINT DEDUCTIONS. | a | (Cody Gibson won by Unanimous Decision"
dcdd208c1251a23895ce9fa4.jpeg,280147977efb71ff45f499c43ae1b81d85ae4d44f55cdd2d560628d26e7e8abf,848d77c2-5260-5ca7-90ca-fe77b78b7340,af3f3b2c-6684-539c-a90d-166c421d247b,UFC Fight Night: Moreno vs. Albazi,2024-11-02,Chad Anheliger|Cody Gibson,jpeg,11,101,11,2,"as tes, | 550s. | UFC | scorecaro | FIGHT #2 | CHAD ANHELIGER | vs. | CODY GIBSON | ‘UFC AGHT NIGHT: MORENO VS. ALBAZI | Weigh cass | ee | ‘iene | Faw. ABERD CO | ros ruce | GAT 35 185, | ie | INVALEL | ao | oo 6c | oo 9 | faxoen) | coy | fneLcER | arson | fencer | ciBsON | foexceR | cuaSon | ‘Sore | oe | ‘oa | = | ee | roar | eae | ‘Some | om | on | ar | = | one | co | oe | Soe | EERIE | oe | 3 | | | 10 | 10 | 10 | 8 | 0 | 10 | 10 | 7 | | | 3 | ! | 10 | 10 | 10 | Ed | vom | 30 | Ed | 30 | a | [were noc J | DEREK CLEARY | ZIAD HARB | JUNICHIRO KAMIJO | POINT DEDUCTIONS. | a | (Cody Gibson won by Unanimous Decision"
43b1e3b0f4781acf1f9f9f2d.png,9b2adb0dd3e7d4a4dac10c10a7d28e52c35d2ebfdefce0fc053be1ccb8abb4ad,83852b83-fb24-5500-b4ec-71f93fdcc5a4,50df6ed9-a652-50ab-8ddb-d5377a3e5444,UFC Fight Night: Magny vs. Prates,2024-11-09,Tresean Gore|Antonio Trocoli,png,11,98,1,2,"186 LBs. | 186 LBS. | FIGHT #2 | UFC | scorecaro | TRESEAN GORE | vs. | ANTONIO TROCOLI | UFC FIGHT NIGHT: MAGNY VS. PRATES | ate | Location | Weight Class | Referee | ‘1yos/2024 | {US VEGAS, NEVADA, USA | UFC APEX | MIDDLEWEIGHT 185 Ls. | MERRY HATLEY | = | — | [ncn] | TRESEAN. | TRESEAN | ANTON | TRESEAN | avo | GORE | TROCOLI | GORE | TROCOLI | GORE | TROCOLI | Ton | 0 | rot | Tae | i | ""nr | ‘on | 8 | om | oy | Son | too | Teo | Sone | ot | st | Som | 1 | 1 | 2 | 2 | 3 | 3 | rom | rom | rom | TONY WEEKS | CHRIS LEE | JUNICHIRO KAMIJO | POINT DEDUCTIONS | NOTES | RESULT | Tresean Gore won by submission 1:23 of | round 1 - Guillotine choke."
59103e17d7f324e52669b096.png,c019ff1aa514fa400efb136445019f48b37d710800ad1bb99d375eb072dbf49e,2bb650c1-baed-5b49-80ea-701c83726253,d22ad558-58ae-5508-9278-291baed84314,UFC 310: Pantoja vs. Asakura,2024-12-07,Alexander Volkov|Ciryl Gane,png,11,103,7,2,"2655 18s, | 2545 Us. | FIGHT #12 | UFC | scorecaro | CIRYL GANE | vs. | ALEXANDER VOLKOV | ate | LUFC 310: PANTOJA VS. ASAKURA | Location | Venue | Referee | sayorr2024 | US VEGAS, NEVADA, USA | TF MOBILE ARENA | Weight Class | EAIYWEIGHT- 265 LBS. | Manx SMITH | — | ‘ALEXANDER | xo | ALEXANDER | ALEXANDER | oR | GANE | VOLKOV | oR | GANE | VoLKOV | cov | CANE | VOLKOV | Ta | Sco | ext] some | stove | co | maw | Scot | oe | ro0@ | rent | oe | Sone | et, | oe | 0 | 1 | 9 | 0 | 3 | 10 | 10 | 2 | 9 | 0 | 10 | 3 | 3 | 10 | I) | 10 | rom | 2B | on | em | 2B | ADALAIDE BYRD | ERIC COLON | JUNICHIRO KAMIJO | POINT DEDUCTIONS | NOTES | RESULT | Ciryl Gane won by Split Decision"
cb7fbc16e95ccf6ab8e44ad8.png,5e30824de82269dd27552222de7a53c39f77853ba0f2ec15d89923c2d51a037a,48f2cad3-66a8-53f3-9476-9f6b3354b12d,d22ad558-58ae-5508-9278-291baed84314,UFC 310: Pantoja vs. Asakura,2024-12-07,Movsar Evloev|Aljamain Sterling,png,11,102,15,2,"5.5 18s. | FIGHT #7 | 55s, | UFC | scorecaro | MOVSAR EVLOEV | vs. | ‘UFC 310: PANTOJA VS. ASAKURA | ALJAMAIN STERLING | ‘rome | Lis chs NEDA UA | ‘OBL ARENA | Weight Class | FEATERWEIGHT 145 Ls. | SON HeRz0¢ | xa | | co | =o co | MOWsAR | ‘AJAMAIN | MovsAR | MovsaR | AYAMAIN | EVLOEV | STERLING | EVLOEV | STERLING | EVLOEV | STERLING | Son | oct | ru | ot | oy | Son | ao | Ea | uc | Sor | Sone | oct | ""em | oct | Scone | a | 10 | 9 | 1 | 10 | 10 | 10 | 2 | | | t | 9 | 10 | 2 | 9 | 10 | | | 10 | 3 | | | 9 | 10 | 3 | 9 | 10 | rom | 2B | om | rom, | BEN CARTLIDGE | DEREK CLEARY | SAL D'AMATO | POINT DEDUCTIONS | NOTES | a | Movsar Evioev won by Unanimous Decision"
5e3480ff1fc0544c5c9fc452.png,5630aa580c6a7503bbf5672302c0a194b558ae7a2d4f5f069c77d74858ff1f0f,a7f67273-4fc2-59a5-854b-015916c65462,d22ad558-58ae-5508-9278-291baed84314,UFC 310: Pantoja vs. Asakura,2024-12-07,Vicente Luque|Themba Gorimbo,png,11,103,3,2,"‘TOs iss. | FIGHT #8 | ius. | UFC | scorecaro | VICENTE LUQUE | vs. | THEMBA GORIMBO | ‘UFC 310: PANTOJA VS. ASAKURA | ate | tion | ne | Weight Class | Reteree | ‘pyo7pas | US VEGAS, NEVADA, USA | “EMOBILE ARENA | WELTERWEIGHT 1701. | ‘MARK SMITH | oo | | =o | oo co | iceNTE | THEMBA | icENTE | Vicente | THEMBA | LUQUE | GORIMBO | LUQUE | conta | LUQUE | GORIMBO | on | co | oo | rom | 7 | cy | on | om | cy | Some | co | ‘Sone | oy | one | oc, | ‘Sone | Some | co | rove | Stone | 1 | 2 | 3 | rom | rout | om | vrs pce] | [ree poc ] | MIKE BELL | RON MCCARTHY | TONY WEEKS | POINT DEDUCTIONS | NOTES | RESULT | Vicente Luque won by technical submission | (052 of round 1 - Anaconda choke."
be60b513efe771527987c1ac.png,9b57e8ea16785cfcc29679a13d5a0b8099eb07f9e550abacd74847dbb90d4f11,ba216c83-d78c-5181-aa7d-055cfd30ce33,d22ad558-58ae-5508-9278-291baed84314,UFC 310: Pantoja vs. Asakura,2024-12-07,Eryk Anders|Chris Weidman,png,11,94,9,2,"1045 10s. | 193s, | FIGHT #5 | UFC | scorecaro | CHRIS WEIDMAN | vs. | ERYK ANDERS | ‘UFC 310: PANTOJA VS. ASAKURA | ate | ion | Referee | ‘pyo7pa2s | [AS VEGAS, NEVADA, USA | TFMOBILE ARENA | Weight Class | ‘TCH WEIGHT | MARK SMITH | [ some} | oo | WEIDMAN | corns | ANDERS | WeIOMAN | ANDERS | WeDMAN | ANDERS | ERYK | co | roar | oy | Scone | Seon | ‘ear | tou | ‘Sone | ect | on | oe | oor. | Sone | = Los | 10 | 1 | 9 | 10 | 10 | 1 | 2 | 2 | 3 | 3 | 10 | ron | 10 | Tom | 10 | rom | DEREK CLEARY | SAL D'AMATO | CHRIS LEE | POINT DEDUCTIONS | NOTES | RESULT | Eryk Anders won by TKO 451 of round 2."
3df51b2f5acc7b5db165406f.png,ad11f52e4e10d5fdce6b948e4e0e005a0b7460b4c00555a583ce2c158f541d3c,0a8ffc35-02e1-543d-9a05-04d8a01e025c,4494e592-9a9a-5f73-8757-2e6ca33ab93a,UFC Fight Night: Covington vs. Buckley,2024-12-14,Adrian Yanez|Daniel Marcos,png,11,113,11,2,"36 LBs. | FIGHT #9 | ‘B64BS. | UFC | scorecaro | ADRIAN YANEZ | VS. | DANIEL MARCOS | LUFC FIGHT NIGHT: COVINGTON VS. BUCKLEY | ate | sion | Venue | Referee | pyapae | TAMPA, FLORIDA, USA | AMALIE ARENA | Weight Class | 15 LS. | KEITH PETERSON. | |) co | | co | ADRIAN | DANIEL | ADRIAN | DANIEL | ADRIAN | DANEEL | YANEZ | MARCOS | YANEZ | MARCOS | YANEZ | MARCOS | cy | rom | on | Tone | ory | rear | oo | Too | on | co | Ta | Scone | rau | soo. | Son | Som | 00 | ‘Sore | Sor | oct | roe | oct, | Scone | 3 | 10 | 9 | 10 | 1 | 10 | 0 | 9 | 0 | 10 | 2 | 3 | 10 | 9 | 10 | 3 | 10 | rom | a | rom | 28 | om | 2 | [euow noc} | CHRIS LEE | DEREK CLEARY | ERIC COLON | POINT DEDUCTIONS | NOTES | 6.._—_- | Daniel Marcos won by Split Decision"
a873aeae111e1276c1ee7ea2.png,e634d539b40ddf8683d6ec28da4fd25a40827788159d0879a61060420d353000,1b84ca11-5ef9-52df-af2b-d5f41df0f4e9,4494e592-9a9a-5f73-8757-2e6ca33ab93a,UFC Fight Night: Covington vs. Buckley,2024-12-14,Vitor Petrino|Dustin Jacoby,png,11,116,17,2,"2045185. | FIGHT #10 | 2055185. | UFC | scorecaro | VITOR PETRINO | vs. | UFC FIGHT NIGHT: COVINGTON VS. BUCKLEY | DUSTIN JACOBY | bate | Referee | ermpaa2s | ‘Lona st | A ae | Weight Class | LUGHT HEAVYWEIGHT - 205 LB. | ANDREW GLENN | co | |) cx | x=) co | wiroR | usTIN | usTIN | PETRINO | yacosy | PETRINO | JACOBY | PeTRINO | 1acoBy | ‘eon | roar | Seon | ator. | °° | orc | Sore | Some | oct | one | com | Sm | Score | ect | one | Some | 9 | 1 | 10 | 9 | 1 | 10 | 9 | 1 | 10 | 10 | 2 | 9 | 10 | 2 | 9 | 10 | 2 | 3 | 3 | 3 | 9 | rom | 9 | 9 | rom, | 9 | 19 | rom, | 9 | [ree nc | | [euow noc] | JASON GRENIER | SAL D'AMATO | DEREK CLEARY | POINT DEDUCTIONS | ‘NOTES | a | Dustin Jacoby wins by KO in Rd. 3 @ 3:44"
e1219147b17a44405565999b.png,7cb219bb2bfaec8d7a93ed6348410b9d9efa15186a3b3dc4e26045d038628daf,37903ace-96b6-5e97-a2e2-19b598fea45f,4494e592-9a9a-5f73-8757-2e6ca33ab93a,UFC Fight Night: Covington vs. Buckley,2024-12-14,Joaquin Buckley|Colby Covington,png,11,117,14,2,"mus. | FIGHT #13 | mus. | UFC | scorecaro | COLBY COVINGTON | vs. | JOAQUIN BUCKLEY | UFC FIGHT NIGHT: COVINGTON VS. BUCKLEY | ate | Location | Reteree | ‘armas | TAMPA, FLORIDA, USA | A nena | Weight Class | WELTERWEIGHT 701.85. | DAN MIRAGLIOTA | oo | x; co | co) co | ou | Joaquin | ou | Joaquin | cour | joaquin | COVINGTON | BUCKLEY | COVINGTON | BUCKLEY | COVINGTON | BUCKLEY | oy | Some | eat, | co | rove | co | om | cy | Seo | co | ‘ome | rover | ""0 | rear | co | om | cy | ‘ome | oo | Scone | oct. | ""or | 00 | ""ear | oo | Stone | 3 | 10 | 9 | 10 | 9 | 10 | 9 | 10 | 9 | 10 | 9 | 10 | 4 | 5 | 8 | rom | 8 | ont | 8 | rom | [vrs noce] | CHRIS LEE | DEREK CLEARY | ERIC COLON | POINT DEDUCTIONS | NOTES | ae | Joaquin Buckley wins by TKO in Rd. 3 @ 442"
97648b252c213b15d7db0c79.png,dfb74d415bf49526ae2bd70e2b01cebfcbf5b28ebe0bcaa00a3894f513d04946,8c2a9f86-3336-59c2-8840-025aa6f2c9cd,4494e592-9a9a-5f73-8757-2e6ca33ab93a,UFC Fight Night: Covington vs. Buckley,2024-12-14,Navajo Stirling|Tuco Tokkos,png,11,105,13,2,"206 8. | FIGHT #8 | 20618. | UFC | scorecaro | NAVAJO STIRLING | vs. | TUCO TOKKOS | ‘UFC FIGHT NIGHT: COVINGTON VS. BUCKLEY | ate | Location | Venue | Weight class | Referee | paps | TAMPA, FLORIDA, USA | AMALIE ARENA | LUGHT HEAMYWEIGHT- 205 LBS. | DAN MIRAGLIOTA | = | ay | ae | wea | reo | STRING | TOKKOS | STIRLING | TOKKOS | STRING | TOKKOS | oo | Scone | Tom | oH | ove. | or | ‘Sco | eos | Seon | toot | on | cy | Some | oy | Scone | woe | Stone | ear | 10 | 3 | 10 | 9 | 10 | 10 | 3 | 10 | 2 | 3 | 10 | 10 | 3 | 10 | 3 | 9 | 10 | 30 | om | one | 30 | v0 | a | [vrs noe] | JASON GRENIER | ERIC COLON | DEREK CLEARY | POINT DEDUCTIONS | 3. | Navajo Stirling won by Unanimous Decision"
4f83cac6d7929762ee85a91f.png,c6341a8f11e18db3370d60f3d39ce60fb15036e02fcc6509b1f827948383ca80,a8d81ff3-903e-50c4-9194-2a77dfe5b626,4494e592-9a9a-5f73-8757-2e6ca33ab93a,UFC Fight Night: Covington vs. Buckley,2024-12-14,Jamey-Lyn Horth|Miranda Maverick,png,11,128,12,2,"‘126 LBs. | FIGHT #3 | ‘26 LBS. | UFC | scorecaro | MIRANDA MAVERICK | VS. | JAMEY-LYN HORTH | LUFC FIGHT NIGHT: COVINGTON VS. BUCKLEY | ate | Location | Venue | Referee | AMALIE ARENA | WOMENS FLYWEIGHT 125 LBS. | Weight class | ANDREW GLENN | papas | ‘TAMPA, FLORIDA, USA | —— | | co | ‘MIRANDA, | Meron | MIRANDA | | AMEY-LYN | ‘MIRANDA | JAMEY-LYN | MAVERICK | HORTH | ‘MAVERICK | HORTH | MAVERICK | HORTH | 7a | ""nr | roar | ra | Tone | ar | ""ar | Tone | Ton | oct | ont | eae | ca | oo | vxooct_ | ""0 | orc | Stone | Stone | soo | ""0 | ac, | Stone | Some | mooct_| Senet | 0 | i | 9 | 10 | 1 | 3 | 10 | 2 | 10 | 9 | 2 | 10 | 10 | 10 | 3 | 9 | 10 | 3 | 3 | 10 | E | ron | 2B | Ee | om | 28 | rom | [vere pce] | [rx roc:] | [ euow noc } | SOLIMAR MIRANDA | DEREK CLEARY | SAL D'AMATO | POINT DEDUCTIONS | NOTES | 6—_—__ | ‘Miranda Maverick won by Unanimous | Decision"
2cfa5ce47177b9e8f94b12f9.png,88026184612aa027c22d7c25f1e782a901912531c88c9b9cd05a6d337d0c2906,aee57144-60b9-5882-92cc-c03e446eaf92,4494e592-9a9a-5f73-8757-2e6ca33ab93a,UFC Fight Night: Covington vs. Buckley,2024-12-14,Cub Swanson|Billy Quarantillo,png,11,117,13,2,"M6.BS. | FIGHT #12 | 6. | UFC | scorecaro | CUB SWANSON | VS. | BILLY QUARANTILLO | UFC FIGHT NIGHT; COVINGTON VS. BUCKLEY | bate | Location | Venue | Weight Class | Referee | ay p208 | TAMPA, FLORIDA, USA | AMALIE ARENA | FEATHERWEIGHT - 145 LBS. | JASON HERZOG | oz | ber ee | =a | coo | [ axcees | | ory | BLY | os | ay | ‘SWANSON | quaranitto | ‘SWANSON | QUARANTILLO | ‘SWANSON | QUARANTILLO | co | on | om | oy | cy | co | roe | rear | ome | Some | ‘Seon | ‘cone | soo | 00 | vet | Seon | Sco | aoe. | toot, | Scone | 10 | 10 | 1 | 9 | 10 | 1 | 3 | 10 | 10 | 2 | 9 | 9 | 2 | 10 | 3 | 3 | 9 | ron | 9 | ou | 8B | 19 | rom | 9 | ERIC COLON | TROY WINCAPAW | CHRIS LEE | POINT DEDUCTIONS | ‘NOTES | S-= | Cub Swanson wins by KO in Rd. 3 @ 136"
2f8cb42409f980b4d8ff97ca.png,2d1cffbbf57188ea539e8bda5d40cf2ca36b351b7418176f89044381b0c9c52b,22807da9-ffc6-511c-bcbb-b21ed6b336f6,358e2b57-aba1-5df3-b4d6-f379c993e869,UFC Fight Night: Adesanya vs. Imavov,2025-02-01,Hamdy Abdelwahab|Jamal Pogues,png,11,83,5,2,sous. | FIGHT #1 | 2641s. | UFC | scorecaro | HAMDY ABDELWAHAB | JAMAL POGUES | LUFC FIGHT NIGHT: ADESANYA VS. IMAVOV | Wiig class | vas | eaten | Te rWe | WEAIYWEIGHT -265 LB. | cms 000M | oo | xo | ——— | [ sur cover | waMoy | way | ‘ABDELWAHAB | POGUES | ‘ABDELWAHAB | POGUES | ‘ABDELWAHAB | vous | woe | eae | ea | 08 | co | ae | ar | 7m | Sow | Ed | oe. | toe | Se | Sco | 9 | 0 | 10 | 0 | 0 | 10 | 0 | 0 | 10 | 0 | ma | a | om | BEN CARTLIDGE | ‘SAL D'AMATO | TONY WEEKS: | POINT DEDUCTIONS | RESULT | Hamdy Abdelwahab won by Split Decision
bbce0593cf91b3c9947195f9.png,c6036773b1420162be1aa601afb82be0b300aeb1afbe789aae7a63a58ef3a12c,b74e5e22-782c-5eb5-a1a7-f6ca09fa257a,358e2b57-aba1-5df3-b4d6-f379c993e869,UFC Fight Night: Adesanya vs. Imavov,2025-02-01,Muhammad Naimov|Kaan Ofli,png,11,77,7,2,WSSU. | FIGHT #6 | sas. | UFC | scorecaro | MUHAMMAD NAIMOV | vs. | KAAN OFLI | LUFC FIGHT NIGHT: ADESANYA VS. IMAVOV | Wiig class | Reteree | vas | eaten | Te rWe | FERMERWEIGHT- 145185. | co | co | —— | an | NAIMOV | OF | NAIMOV | OFL | NAIMOV | OFL | woe | i | eae | ea | a | 7m | sue. | Sow | Ed | bed | 0 | 9 | 10 | 0 | 0 | 10 | 0 | 0 | 9 | 10 | 10 | ma | a | om | [ve noe} | MIKE BELL | BEN CARTLIDGE | TONY WEEKS: | POINT DEDUCTIONS | RESULT | ‘Muhammad Naimov won by Unanimous | Decision
f76bfdb2d3ec74a10d91e9e3.png,dd99660cdb6bb4c1e7de03c8a9749cf5bc744f2908b2433039ab1668c4327f67,e944b58c-206b-5f00-a280-55f8ca131552,358e2b57-aba1-5df3-b4d6-f379c993e869,UFC Fight Night: Adesanya vs. Imavov,2025-02-01,Jasmine Jasudavicius|Mayra Bueno Silva,png,11,96,5,2,‘25s. | FIGHT #3 | m6uRs. | UFC | scorecaro | JASMINE JASUDAVICIUS | vs. | MAYRA BUENO SILVA | LUFC FIGHT NIGHT: ADESANYA VS. IMAVOV | Wiig class | eteree | vas | eaten | Te rWe | ‘WOMENS WEIGHT. 15185. | man soTH | oo | co | —— | [ sur cover | [ sux cover | JasuDAMCIUS | BUENO SILVA | fasubancus | BUENO SILVA | JASUDAMICIUS | BUENO SILVA | ee | i | eae | ea | co | ‘oe | a | ar | 7m | oe | sue. | Sow | Ed | oe. | 08 | toe | Se | bed | toe | 08 | eto | 0 | 10 | 0 | 0 | 10 | 0 | 0 | 10 | 10 | ma | a | om | ‘SAL D'AMATO | TONY WEEKS | ‘CLEMENS WERNER | POINT DEDUCTIONS | RESULT | Jasmine Jasudavicus won by Unanimous | Decision
4540b506ce693ced1bc2a8ab.png,54c8f063e1b26e059a04d2d70f13ba1f0389a4aa1147b6607066030f671ff219,1b4381e2-d799-5d8a-882c-660ee191254d,f4bd86c4-c34d-55a5-8b33-951d0a243594,UFC Fight Night: Cannonier vs. Rodrigues,2025-02-15,Khaos Williams|Gabriel Bonfim,png,11,115,5,2,"‘705 us. | FIGHT #84 | 165585. | UFC | scorecaro | GABRIEL BONFIM | vs. | KHAOS WILLIAMS | UFC FIGHT NIGHT: CANNONIER VS. RODRIGUES | ion | Venue | Weigh cass | Reteree | arses | us | CAS, NEVADA, USA | rc APEX | WELTERWEIGHT - 70.85. | HERB DEAN | f ecocones J | [ axcoves | | canRiet | iL | ‘ARIEL | BONFIM | wuts | BONFIM | wlan | BONFIM | WILLIAMS | ne | Scone | Toa | re0e | tout | mar | ow | Sone | teow | Sone | tou | co | ‘a | aoc | ro | Tae | ‘on | Tae | Sow | stone | oar | rae | oc | roa | ‘Scone | 0 | 1 | 3 | 10 | 1 | 9 | 0 | 1 | 2 | 2 | 2 | 3 | 5 | 3 | 10 | om, | 10 | om | 10 | ont | DEREK CLEARY | CHRIS LEE | TONY WEEKS | POINT DEDUCTIONS | NOTES | Gabriel Bonfm won by technical submission | ‘458 of round 2 -Dirce Choke."
8d057c467272cb963ba5c245.png,4f08c75a53ce02733e3c166c89383699cc178fc12dd8019c76d77c306f541853,1c89db21-0259-59d5-bb99-7cc057899e60,f4bd86c4-c34d-55a5-8b33-951d0a243594,UFC Fight Night: Cannonier vs. Rodrigues,2025-02-15,Youssef Zalal|Calvin Kattar,png,11,97,4,2,"6 Bs. | FIGHT #11 | 46 Bs. | UFC | scorecaro | CALVIN KATTAR | VS. | YOUSSEF ZALAL | UFC FIGHT NIGHT: CANNONIER VS. RODRIGUES | bate | n | Venue | Weight Class | Reteree | espe | {AS VEGAS, NEVADA, USA | URC APEX | FEATHERWEIGHT- 145 Ls. | ‘DAN MIRAGLIOTIA | a) | Ge | own | YOUSSEF | own | YOUSSEF | own | ‘YOUSSEF | KATTAR | ZALAL | KATTAR | ZALAL | KATTAR | ZALAL | Sco | Some | Sco | eine | 2 | nr | Som | Som | too, | am | a0 | see. | mon | one | 10 | 0 | 10 | 10 | 0 | 10 | 0 | z= | oT | cm | Ls | 2B | ron | om | 28 | rom | MIKE BELL | DEREK CLEARY | JUNICHIRO KAMIJO | POINT DEDUCTIONS | ‘NOTES | ae | ‘Youssef Zalal won by Unanimous Decision"
9ae33d3f6e1a907eaade88eb.png,aa27b015a709ac2ee960b246b2e4c2da77322d24f8459e20ec567798ad910f28,24f5bd30-dc74-55f3-8633-cc49094b2dba,f4bd86c4-c34d-55a5-8b33-951d0a243594,UFC Fight Night: Cannonier vs. Rodrigues,2025-02-15,Ismael Bonfim|Nazim Sadykhov,png,11,132,7,2,"1561. | ‘15615. | FIGHT #3 | UFC | scorecaro | ISMAEL BONFIM | vs. | NAZIM SADYKHOV | UFC FIGHT NIGHT: CANNONIER VS. RODRIGUES | ate | Location | Venue | Weight Class | Reteree | aapssp20ns | US VEGAS, NEVADA, USA | ‘UFC APEX | LUGATWEIGHT 15 Ls. | Manx SMTA | oo | f scenes | | f mcomes J | ao | ISMAEL | AZIM. | IMAL | NaZIM | BONFIM | saovntiov | oon | ‘SADYKHOV | BONFIM | SADYKHOV | Tone | ron | ror | aw | oo | oat | co | Tone | To | ca | oat | Tene | ‘on | voce | © | enor | Scone | Sone | oct | =| | oot | ‘on | ‘on | venoce_ | | tou | Scone | 9 | 1 | 0 | 9 | 1] | 10 | 10 | 1 | 3 | 2 | 2 | 3 | 3 | Bt | om | 10 | 10 | 10 | om | wu | | vr nce] | MIKE BELL | ERIC COLON | CHRIS LEE | POINT DEDUCTIONS | NOTES | ———— | Nazim Sadykhov won by TKO at the end of | round 1 - Referee stops the contest on the | ‘advice ofthe ringside physician"
8524eb2ddd0fa17b8902f9cd.png,a0b045b7442c19ccfca948263f04989a98b194f0f8392af9e032d4cb4cdbaf12,2d3eb4c4-8e42-5976-be6f-31bc8db281bb,f4bd86c4-c34d-55a5-8b33-951d0a243594,UFC Fight Night: Cannonier vs. Rodrigues,2025-02-15,Dylan Budka|Edmen Shahbazyan,png,11,104,2,2,"1855185. | ‘w6UBs. | FIGHT #10 | UFC | scorecaro | EDMEN SHAHBAZYAN | vs. | DYLAN BUDKA | LUFC FIGHT NIGHT: CANNONIER VS. RODRIGUES | @yspes | ate | {AS VEGAS NEVADA, USA | Location | Venue | ‘UFC APEX | Weight Class | (MIDDLEWEIGHT - 185 LBS. | CHRIS TOGNONL | eree | oo | xo | | co | oo | EDMEN | DYLAN | EDMEN | DYLAN | ‘SHAHBAZYAN | BUDKA | SHAHBAZYAN | BUDKA | ‘SHAHBAZYAN | BUDKA | cy | Scone | nr | rove | co | co | Tone | Scone | Scone | an | Some | Some | co | 700] nome | aoe, | 7a | Scone | sve | sen | 1 | 1 | 2 | | | aq | 3 | 3 | 3 | | om | wu | | rom | [vrs poce] | [sue noc] | [rx noc | ERIC COLON | ‘SAL D'AMATO | BRYAN MINER | POINT DEDUCTIONS | ‘NOTES | — | san ‘Shahbazyan won by TKO 1:35 of round"
b5b8ac0cef6aecbadf949237.png,abfae86097f7822c83d7b73fdc68f8d379f773fb6f45dcc5a4b0b7ad2da0e209,4c0db4c7-4d40-597c-be23-67f039415801,f4bd86c4-c34d-55a5-8b33-951d0a243594,UFC Fight Night: Cannonier vs. Rodrigues,2025-02-15,Vince Morales|Elijah Smith,png,11,100,15,2,"‘36 LBs. | BSS. | UFC | scorecaro | FIGHT #3 | VINCE MORALES | vs. | ELIJAH SMITH | UFC FIGHT NIGHT: CANNONIER VS. RODRIGUES | ate | Location | Venue | Weight Class | Reteree | mpspaaes | US VEGAS NEVADA, USA | ‘UFC APEX | BANTAMIVEICHT 135 LS. | aR STH | —— | EAH | uaa | MORALES | SMITH | Nakates | SMITH | MORALES | SMITH | Tow | ""oa | oa | aw | a8 | ont | ton | reve | oot, | Sco | [= | tone | co | | Som | 9 | 1 | 10 | 10 | 10 | 10 | 2 | 9 | 10 | 9 | 10 | 9 | 9 | 3 | 10 | 10 | 10 | oa | EJ | a | | | 2B | rome | Ee} | [rox noc] | MIKE BELL | SAL D'AMATO | JUNICHIRO KAMIJO | | | POINT DEDUCTIONS | NOTES | ae | Eljah Smith won by Unanimous Decision"
9b613a022c03d4b8dd375921.jpg,0b6ab6e8eda879cf74b9db4d0eaa1681d2dfe5cd5287d635e9fcc1a4a136116a,5bf1341c-05d1-5f4a-9e44-d3658317a364,f4bd86c4-c34d-55a5-8b33-951d0a243594,UFC Fight Night: Cannonier vs. Rodrigues,2025-02-15,Rodolfo Vieira|Andre Petroski,jpeg,11,106,13,2,"1055 18s, | FIGHT #8 | 186185, | UFC | scorecaro | RODOLFO VIEIRA | vs. | ANDRE PETROSKI | UUFCFIGHT NIGHT: CANNONIER VS. RODRIGUES | ate | u | on | Venue | Weight Class | Referee | apse | LAS VEGAS, NEVADA, USA | URC APEX | ‘MIDDLEWEIGHT 185. | ERB DEAN | [mcm] | co | [amcor] | RODOLFO | ANDRE | RODOLFO | ANDRE | RODOLFD | ANDRE | VIEIRA | PETROSKI | VIEIRA | PETROSKI | VIEIRA | PETROSKI | ‘ooe | ‘one | a | rv | ue, | ca | ton | ca | cy | or | rove | om | =) | aoe | on | owe | mt. | a | Stone | 9 | 1 | 10 | 10 | 10 | 10 | 2 | 9 | 10 | 10 | 2 | 9 | 3 | 10 | a | 10 | 10 | ron | 23 | rom | 28 | om | DEREK CLEARY | ‘SAL D'AMATO | BRYAN MINER | POINT DEDUCTIONS | RESULT | ‘Andre Petroski won by Unanimous Decision"
4112695c44121f417fcfbab7.png,0956bd1aa72e61428c61bb00dfecd82e69004f53152526f8fba28abe7bd1cf0f,6bfe05eb-2ff9-5878-9358-0c22918d60e2,f4bd86c4-c34d-55a5-8b33-951d0a243594,UFC Fight Night: Cannonier vs. Rodrigues,2025-02-15,Julia Avila|Jacqueline Cavalcanti,png,11,103,11,2,"5585. | 4S Bs. | FIGHT #1 | UFC | scorecaro | JULIA AVILA | vs. | JACQUELINE CAVALCANTI | LUFC FIGHT NIGHT: CANNONIER VS. RODRIGUES | Date | Location | Venue | Weight Class | Referee | @yspos | US VEGAS, NEVADA, USA | UFC APEX | WOMEN'S BANTAMWEIGHT - 185 LBS. | CHRIS TOGNONE | eo) co | xa | jmecoman | Jour | JACQUELINE | JACQUELINE | juua | JACQUELINE | AVILA | CAVALCANTI | itz | CAVALCANT | ‘CAVALCANTI | cy | 0a | ""er | cc | oe | cy | on | rove | sxc. | Some | Scone | oe | at | Som | Son | oct. | oct | Soom | 0 | 9 | 10 | 10 | 10 | 9 | 10 | 10 | 10 | 9 | 10 | 10 | om | 30 | rom | a | out | DEREK CLEARY | ERIC COLON | SAL D'AMATO | POINT DEDUCTIONS | NOTES | ae | Jacqueline Cavalcanti won by Unanimous, | Decision"
5e7cdbb888257f2d25c94889.png,949186ddce4cb3ab0cfd8cb2489c037ac585527a95a6b88786deb9903d510e04,bb320953-4680-5c24-9387-94d744ab645f,f4bd86c4-c34d-55a5-8b33-951d0a243594,UFC Fight Night: Cannonier vs. Rodrigues,2025-02-15,Jared Cannonier|Gregory Rodrigues,png,11,118,10,2,"1855185. | FIGHT #12 | ‘m6 Bs. | UFC | scorecaro | JARED CANNONIER | VS. | GREGORY RODRIGUES | LUFC FIGHT NIGHT: CANNONIER VS. RODRIGUES | ate | Location | Venue | Referee | espe | AS VEGAS, NEVADA USA | ‘UFC APEX | Weight Class | ‘MIDDLEWEIGHT - 15 Ls. | HERB DEAN | | rcocones | c | a | is | | | GREGORY | aneo | ‘GREGORY | cREcoRY | CANNONIER | RODRIGUES | CANNONIER | RODRIGUES | CANNONIER | RODRIGUES | oo | Scone | ove | ao | ove | ont | oo | Scone | Tae | Scone | oct | 708 T rovm | rom | oo | 7a | co | ion | uct | 70 Taoum | fom | 9 | 10 | 3 | 10 | 9 | 10 | 10 | 3 | 0 | 9 | 0 | 10 | 3 | 10 | 3 | 0 | rom | 28 | om, | rot | [wre noc} | mz | [roe no | | DEREK CLEARY | ‘SAL D'AMATO | CHRIS LEE | POINT DEDUCTIONS | NOTES | ee... | Jared Cannonier won by TKO 021 of round 4"
d2cef7e8e4f0d81feb816272.png,7fdc7c5e33627ed6628000d7d87a4d9f2adec3d61b271b3eee85b52e8f851346,bbe8de00-6d11-5013-9d3c-ed58b60df4f6,f4bd86c4-c34d-55a5-8b33-951d0a243594,UFC Fight Night: Cannonier vs. Rodrigues,2025-02-15,Rafael Estevam|Jesus Aguilar,png,11,106,16,2,"n6uss. | FIGHT #5 | ‘nssuBs. | UFC | scorecaro | RAFAEL ESTEVAM | JESUS AGUILAR | LUFC FIGHT NIGHT: CANNONIER VS. RODRIGUES | ate | Location | Venue | Weight class | Referee | ps0 | {AS VEGAS, NEVADA USA | ‘UFC APEX | FLYWEIGHT 125 8. | ‘ms TOCNONT | co | =a | [ succones ] | RARAEL | Jesus | PAREL | AGUILAR | ESTEVAM | ALAR | AGUILAR | Tome | co | cc | on | om | ca | ro | Seon | tou | oc, | oe | Sone | too | Son | Scone | er | 10 | 9 | 10 | 1 | 9 | 10 | 10 | 9 | 10 | 2 | 9 | 10 | 9 | 10 | 9 | 3 | 10 | 10 | Tom | 2B | vm | 2B | em | {woe nce] | fue n0c ] | MIKE BELL | ERIC COLON | ‘SAL D'AMATO | POINT DEDUCTIONS | NOTES | S=—___ | Rafael Estevam won by Unanimous Decision"
dc4e581bb52424a874cef544.png,de1a6ea82188331f30be485a4d3a32bb4ece5b75cee685bba6bdf31785bd9144,cae5a359-c2b2-5639-a1b9-38c6467265e7,f4bd86c4-c34d-55a5-8b33-951d0a243594,UFC Fight Night: Cannonier vs. Rodrigues,2025-02-15,Ketlen Souza|Angela Hill,png,11,99,8,2,"‘550s. | FIGHT #6 | 155UBs. | UFC | scorecaro | ANGELA HILL | vs. | KETLEN SOUZA | UFC FIGHT NIGHT: CANNONIER VS. RODRIGUES | mpspes | ate | Location | US VEGAS NEVADA USA | Verve | rc APEX | Weight class | ‘WOMENS STRAWWEICHT- 15 LS. | aR STH | Roteree | oo | oo | xa co | ance | HILL | SOUZA | KETLEN | aNceLA | ILL | ‘SOUZA | HILL | aNceLA | SOUZA | KETLEN | Toe | bed | wwe | rat, | moe | ‘on | oor, | °° | tou | ""ea | Soee | Scone | oct | oy | sot | ‘Some | 10 | 10 | 1 | 9 | 0 | 10 | 10 | 0 | 10 | 10 | 3 | 10 | om | oa | oa | 2B | MIKE BELL | DEREK CLEARY | ‘SAL D'AMATO | POINT DEDUCTIONS | ‘NOTES | RESULT | ‘Angela Hill won by Split Decision"
be86e8c2b370003e8b7d5e73.jpg,987c6e77220d3037f037dc6da7788d4d2e5a513e27ae5f89225c46487598937f,1831e9e8-31c7-5110-8c3c-757ecf2ba60e,7f9ad559-13fd-55d3-a2dd-1a63e83dae09,UFC Fight Night: Kape vs. Almabayev,2025-03-01,Nasrat Haqparast|Esteban Ribovics,jpeg,11,126,12,2,"160s, | FIGHT #8 | 1561s. | UFC | scorecarn | NASRAT HAQPARAST | vs. | ESTEBAN RIBOVICS | ‘UFC FIGHT NIGHT: KAPEVS, ALMABAYEV | ate | Lectin | Venue | Weigh ciass | Reteree | aajorras | ‘US VEGAS, NEVA, USA | urcaPeX. | LUGATWEICHT 155185, | SOM NERZOG | Ea | prc) | [me | (Ez) | [ ec | = | ESTEBAN | seat | HgPARAST | RIBOVICS | HAQPARAST | owes | HAQPARAST | rabowcs | ""ra | a | oy | oy | oy | me | a | mae | oy | Sone | oto. | 2 | oe | Sane | Sone | tne | room | axe | onc | Soe | Sone | ome | 0 | ue | ‘ene | 10 | 1 | A | 0 | 1 | a | 9 | 1 | 0 | 10 | 2 | 9 | 10 | 2 | 9 | 10 | 2 | 9 | 9 | 3 | 0 | 3 | 3 | 10 | 9 | 3 | 0 | ven, | 28 | rom | 28 | Tot | a | [woe ce] | f ve noc] | MIKE BELL | ‘SAL D'AMATO | CHRIS LEE | POINT DEDUCTIONS | NOTES | RESULT | ""Nasrat Hagparast won by Split Decision"
e651f3afa98ff1269401404b.jpg,536ff5de088cd88ecac0dbde41555100233e5e2219737a50583456c0fc3eb0a5,44388381-79a3-59fb-be2b-e47b5c44d63f,7f9ad559-13fd-55d3-a2dd-1a63e83dae09,UFC Fight Night: Kape vs. Almabayev,2025-03-01,Hyder Amil|William Gomis,jpeg,11,109,10,2,"Wess. | FIGHT #7 | Muss, | UFC | scorecaro | HYDER AMIL | vs. | WILLIAM GOMIS | UFC FIGHT NIGHT: KAPE VS. ALMABAYEY | Date | Location | Vere | Weigh ciass | Rateree | 03/01/2005, | US VEGAS, NEVADA, USA | UFC APEX | FEATWERWEIGHT- 145.85. | ‘RIS TOCHON | [ soe | [ soc} | HVDER | ‘wiLaM | HynER | ‘wna | DER | ‘wna | AMIL | cOMIS | AMIL | CoMIs | AMIL | CoMIs | amr | oy | oy | er | oy | ar | Toa | Son | afoor,_| He | one | Soe | Soe | ea | oy | ton | Sone | Sone | oo | | | A | Z | 1 | [10 | 3 | eu2 | 10 | _e | 10 | 0 | 2 | 9 | 10 | | | 0 | 10 | 3 | 9 | 10 | 10 | | | eH | 28 | oa | cont | [vere pe] | MIKE BELL | ANTHONY MANESS | RON MCCARTHY | POINT DEDUCTIONS | RESULT | Hyder Amil won by Split Decision"
a650d475d8206deaa0e0bce3.jpg,703d89abc796dec4157ff65ae2698f30de1c62d5e85e5bb0e91b7bbe3d209cc9,48d8bbb5-d749-5178-9120-325d4899822a,7f9ad559-13fd-55d3-a2dd-1a63e83dae09,UFC Fight Night: Kape vs. Almabayev,2025-03-01,Ramazan Temirov|Charles Johnson,jpeg,11,117,12,2,"‘asus. | FIGHT #41 | ‘sss. | UFC | scorecaro | CHARLES JOHNSON | vs. | RAMAZAN TEMIROV | UFC FIGHT NIGHT: KAPE VS. ALMABAYEY | ate | Location | Verve | Weight ciass | Reteree | wyones | US VEGAS, NEVADA, USA | UFCAPEX | FYWEIGHT- 251.85, | son nERZOG | Lae] | ES | CS | Gea | [omnes] | ‘ous | RAMAZAN | ‘URES | RAMAZAM | cunues | RAMAZAN | JOHNSON | TEMIROV | JOHNSON | TEMIROV | JOHNSON | TEMIROV | ee | we | ra | Be | cy | oy | a | ar | oy | Sion | ou | © | ae | Soe | See | oeove,_ | 1980 | tone | Soe | Sore | onc | ee | saa | Soe | A | 0 | 8 | 1 | 10 | 9 | | | 1 | 0 | 9 | 0 | 8 | 2 | 10 | 9 | B | 10 | 10 | 3 | 10 | 3 | 10 | 3 | 9 | 28 | eH | cn | vomit | frreroc} | ‘SAL D'AMATO | BRYAN MINER | TONY WEEKS | POINT DEDUCTIONS | RESULT | Ramazan Temirov won by Unanimous | Decision"
98b536345e5bb50c3d177c49.jpg,8d0a824eb4c7874616c3a82bca8482a867ccd672774b52610d27b6a2faca793f,49e410fd-54ac-59ff-adbe-1e51f82a71c3,7f9ad559-13fd-55d3-a2dd-1a63e83dae09,UFC Fight Night: Kape vs. Almabayev,2025-03-01,Mario Pinto|Austen Lane,jpeg,11,95,6,2,"249585, | FIGHT #5, | 2965185, | UFC | scorecaro | AUSTEN LANE | vs. | MARIO PINTO | ‘UFC FIGHT NIGHT: KAPEVS, ALMABAYEV | ate | Location | Venue | Weight class | et | e3joyz0as | ‘US VEGAS EVADA, USA | rCAPEX | HEAVYWEIGHT 26585, | ‘waa sa | circa | [sooner | joss) | [soc | | usTEN | ‘MARIO | USTEN | mania | ‘AUSTEN | LANE | PINTO | LANE | PINTO. | LANE | ero | ""ea | oar | Toa | mae | mr | mae | Sone | to | | ata | one | rove | ove | fod | sone | ee | 10 | a | 2 | 3 | 10 | 9 | 10 | 3 | 10 | om | 0 | Ts | 10 | vera, | CHRIS LEE | RON MCCARTHY | TONY WEEKS | POINT DEDUCTIONS | juFc.com| | RESULT | Mario Pinto won by KO 0:39 of round 2"
bfad8e0e19bb020164e5cf64.jpg,488fc5af93f8fd9bebfbde391dab59efcbf7a81bc44d2caf589e42fa01fd512f,74a8b05e-7144-5bff-b7c4-97d39ccbb9cb,7f9ad559-13fd-55d3-a2dd-1a63e83dae09,UFC Fight Night: Kape vs. Almabayev,2025-03-01,Cody Brundage|Julian Marquez,jpeg,11,103,2,2,"‘06s. | FIGHT #9 | 106 us, | UFC | scorecaro | CODY BRUNDAGE | vs. | JULIAN MARQUEZ | ‘UFC FIGHT NIGHT: KAPEVS, ALMABAYEV | ate | Location | Verve | Wear cass | Reteree | e3joynas | US VEGAS, NEVADA, USA | UrcAPEX | ‘MIODLEWEIGHT- 19518. | mani sort | [ame | cc | CE) | c= | uuaN | oor | uuaN | uuAN | BRUNDAGE | | | MARQUEZ | ‘BRUNDAGE | MARQUEZ | BRUNDAGE | (MARQUEZ | oy | ae | 7a | cy | mae | mar | Ta | ae | ae | ae | Fa | oy | Saee | one | 0 | ore | Soe | Seoee_|_ coe | one | Soe | Sone | SES | Soe | 1 | | | 1 | 1 | 2 | 2 | 2 | 3 | 3 | 3 | on | Kt | rw | org | JUNICHIRO KAMIJO. | RON MCCARTHY | BRYAN MINER: | POINT DEDUCTIONS | RESULT | Cody Brundage won by TKO 4:5 of round 1"
d80b35ed59b12d1fc51ae05b.jpg,d6465a2a5c704736e2426fc0d17990f6082ced3ad2246e89f77cfd7449bfdabb,90ea32aa-1709-5cd8-92a6-95da3d5a83fe,7f9ad559-13fd-55d3-a2dd-1a63e83dae09,UFC Fight Night: Kape vs. Almabayev,2025-03-01,Chepe Mariscal|Ricardo Ramos,jpeg,11,97,7,2,"Mes, | FIGHT #4 | Meus. | UFC | scorecaro | RICARDO RAMOS | vs. | CHEPE MARISCAL | ‘UFC FIGHT NIGHT: KAPES, ALMABAYEV | bate | Lectin | Venue | Weight ciass | Releree | sya | {US VEGAS, NEVADA, USA | capex | FEATHERWEIGHT- 145185, | (WsonnERZOG | Ge | icaRo0 | ‘HEPE | ICARDO | ‘EPE | CARDO. | ‘CHEE | RAMOS | MARISCAL | RAMOS | (MARISCAL | RAMOS | MARISCAL | oe | mae | ma | Tae | oe | mae | rr | Sore | Ee oe | 08 | oe | Son | Son | ES | Soe | ; | 10 | 1 | | | 10 | 0 | 10 | 3 | | 2 | | 10 | 10 | 10 | 3 | 10 | im | Ton | 30 | To | 30 | To | 30 | [rex noc | | MIKE BELL | ‘SAL D'AMATO | CHRIS LEBEN | POINT DEDUCTIONS | RESULT | CChepe Mariscal won by Unanimous Decision"
9e0d752c4b985d7da8fb2fa6.jpg,1ec952c3f57d6f540bb6e1bb472fb71068061014de8d9416e120d7d492be8493,9a699a78-208c-597d-8317-b0a75dbe196a,7f9ad559-13fd-55d3-a2dd-1a63e83dae09,UFC Fight Night: Kape vs. Almabayev,2025-03-01,Asu Almabayev|Manel Kape,jpeg,11,124,9,2,"‘uns, | FIGHT #10 | ‘res. | UFC | scorecaro | MANEL KAPE | vs. | ‘ASU ALMABAYEV | ‘UFC FIGHT NIGHT: KAPEVS, ALMABAYEV | ate | Location | Venue | Weign ciass | Reteree | yoy | AS VEGA, NEVADA, USA | ‘rc aPex. | WEIGHT 15485, | ‘MK BELTRAN | [semen] | = | [nxn | ane | ane | ave | KAPE | ALMABAYEV | KAPE | ALMABATEV | KAPE | ALMABAYEV | 0 | roar | roar | oy | oy | rae | ae | eae | =e | oe | oe | oy | ace | tome. | © | soar | Soe | Sone | pas | rove | sect | Sone | omc. | 0 | sou | Sone | 0 | 1 | 3 | 0 | 9 | 0 | 1 | 3 | 10 | 2 | 9 | 3 | 10 | 10 | 2 | 9 | 3 | 3 | 4 | 4 | 5 | 5 | 20 | om | 8 | g | rom, | g | 20 | vont | 8 | [wee ce] | pce | [rownoc] | MIKE BELL | ‘SAL D'AMATO | CHRIS LEE | POINT DEDUCTIONS | RESULT | Manel Kape won by TKO 2:16 of round 3"
1bf91a8700a54795d21b389c.jpg,0003c86551d68e3b4fa571c7e234feb7ca9893b36e85a0ddcc921a358bb127ec,d3b9327a-91cf-5484-ad12-3b0526d9029d,7f9ad559-13fd-55d3-a2dd-1a63e83dae09,UFC Fight Night: Kape vs. Almabayev,2025-03-01,Danny Barlow|Sam Patterson,jpeg,11,101,0,2,"‘vos ss. | FIGHT 86 | ‘705 6s. | UFC | scorecaro | DANNY BARLOW | vs. | SAM PATTERSON | UFC FIGHT NIGHT: KAPES. ALMABAYEY | bate | Location | Verve | Wieot Cass | Reteree | ssyorrems | US VEGAS, NEVADA, USA | UFcAPEX | ‘WELTERWEIGHT-170LES. | MIKE BELA | ied | Gea | Gea | cases) | Cea | ‘oan | si | aM | aaa | si | BARLOW | PATTERSON | BARLOW | PATTERSON | BARLOW | PATTERSON | ee | =e | eae | rae | oo | cry | oy | me | ar | oy | ‘one | rome. | © | anc | Soe | See |_oeove,_| 1990 | tone | Soe | Sone | tone. | | sone | Soe | 1 | 1 | a | Zz | 3 | 3 | oH | ree | en | [rreroce} | ‘SAL D'AMATO | CHRIS LEBEN | BRYAN MINER | POINT DEDUCTIONS | RESULT | ‘Sam Patterson won by KO 310 of round 1."
455290ca2e9b7b39e1f2d859.png,a2cf5f1f9bfa5e6f26b465afc3b60e4cd97e7fa16e9fb67832d6331b580923b1,bf22b50b-9392-53d9-90df-56d8d9730b7a,10cb9015-0116-52a6-99aa-88e6ee70b544,UFC Fight Night: Moreno vs. Erceg,2025-03-29,Julia Polastri|Loopy Godinez,png,11,100,8,2,"16 Bs. | FIGHT #4 | ‘16 ns. | UFC | scorecaro | LOOPY GODINEZ | vs. | JULIA POLASTRI | LUFC FIGHT NIGHT: MORENO VS. ERCEG | Date | Venue | Weight class | Reteree | a3paspams | ‘MEXICO CITY, DISTRITO FEDERAL, MEX. | EMOMK | WOMENS STRAWWEIGHT- 15 LES. | HORATIO LOPEZ VILLANUEVA | oo | [ susscooen | | to0PY | my | twoPy | cooINer | owas | GODINEZ | POLASTRI | GODINEZ | PoLAstR | oe | Scone | ae | oc, | roar | Ste | ae | eet | om | Som | cou, | mt | reve | coc, | om | Some | 10 | 10 | 0 | 1 | 10 | 0 | 0 | 2 | 9 | 10 | 10 | 9 | 3 | 10 | rom | 2B | rm | rom | VLADIMIR PUGA | MIKE BELL | ERIC COLON | POINT DEDUCTIONS | NOTES | RESULT | Loopy Godinez won by Unanimous Decision"
0a2932eb82356980f0bb7ceb.png,787e3eb8399c988ca68610a7bff5e2989163601c256b92097fc7900752e76ff4,c6919d02-0f3b-50b3-9198-ec6afbf108c8,10cb9015-0116-52a6-99aa-88e6ee70b544,UFC Fight Night: Moreno vs. Erceg,2025-03-29,MarQuel Mederos|Austin Hubbard,png,11,97,7,2,"161s. | FGHT #1 | ‘6UBs, | UFC | scorecaro | MARQUELMEDEROS vs. | AUSTIN HUBBARD | LUFC FIGHT NIGHT: MORENO VS. ERCEG | Date | Location | Venue | Weight class | Reteree | a3paspams | ‘MEXICO CITY, DISTRITO FEDERAL, MEX. | EMOMK | LUGHTWEIGHT. 155 Ls, | HORATIO LOPEZ VILLAMUEWA | Con | oo | | susscoomn | | an | ‘AUSTIN | ‘MaRQUeL | ‘AUSTIN | anqueL | ‘MST | ‘MEDEROS | HUBBARD | ‘MEDEROS | HUBBARD | MEDEROS | HUBBARD | oe | cy | om | om | cry | oy | Scone | Sone | ect | Scone | Some | Some | 10 | 10 | 1 | 9 | 0 | 0 | 0 | 3 | 10 | 10 | 10 | 9 | 0 | B | rom | rm | rom | [sve noc] | MIGUEL JIMENEZ | MIKE BELL | ‘SAL D'AMATO | POINT DEDUCTIONS | NOTES | RESULT | ‘MarQuel Mederos won by Split Decision"
4c1b2a1edac661341ac66575.png,d9ccf0dbf33baf286040c887b204a32057b1b82bad567e5c46686bcefe9ea0d1,f33a0774-67bc-58ce-a010-c3255ed138c8,10cb9015-0116-52a6-99aa-88e6ee70b544,UFC Fight Night: Moreno vs. Erceg,2025-03-29,CJ Vergara|Edgar Chairez,png,11,96,1,1,"‘26s. | FIGHT #10 | R6LBS. | UFC | scorecaro | EDGAR CHAIREZ | vs. | C) VERGARA | LUFC FIGHT NIGHT: MORENO VS. ERCEG | ate | Venue | Weight class | Referee | 03/23/2005 | DENIC CYST EDERAL MEX | ‘ENON | FLYWEIGHT 125185. | ‘MARC GODDARD | [ succes J | [wc] | —— | cc | ECAR | EDGAR | CHAIREZ | VERGARA | CHAIREZ | VERGARA | chaz | VERGARA | ‘0e | or | roar | ‘eae | oar | moar | Tae | nr | ca | Stone | out | 00 | out | Scone | eet | so | soot | Scone | Son | oc | rove | eto, | Son | 1 | 1 | 2 | 2 | 3 | 3 | om | rom | fs noc] | RAUL SALAS | MIKE BELL | DAVE TIRELLI | POINT DEDUCTIONS | NOTES | RESULT | CChairez wins by Submission (RNC) R1 230"
09b5973bb4458cc67e08be6a.png,bc97ab4191721767ae37977caa0f8216ea464c43f3bf817d9521bd0f635d743f,71bfcdb3-5574-59dc-8337-b217ad0f1a85,9e5e07aa-1f10-539b-bde2-abf5a278e302,UFC Fight Night: Emmett vs. Murphy,2025-04-05,Martin Buday|Uran Satybaldiev,png,11,113,14,2,"266 8, | 2225 Us. | UFC | scorecaro | FIGHT #2 | MARTIN BUDAY | vs. | URAN SATYBALDIEV | ‘UFC FIGHT NIGHT: EMMETT VS. MURPHY | ate | : | Weight class | Reteree | 0405/2005 | USE NEDA US | URC APEX | HEAVYWEIGHT -265 18S. | ‘MIKE BELTRAN | —— | co | —— | [ ssc | | Maa | BUDAY | SATYBALDIEV | MARTIN | BUDAY | SATYBALDIEY | BUDAY | SATYBALDIEV | oe | re | roo | on | roa | ""ron | ory | om | Sone | oe. | roe | oto. | ‘Sco | Sone | moot | ro0e | c3 | Sone | 10 | 1 | 9 | 10 | 1 | 9 | 0 | 10 | 2 | 9 | 10 | 2 | 9 | 0 | 9 | 3 | 10 | 9 | 3 | 10 | 10 | rom | ont | rom | 2B | B | [vere noc J | {ve wor | | ERIC COLON | DAVID LETHABY | ‘TONY WEEKS | POINT DEDUCTIONS | NOTES | RESULT | Martin Buday won by Unanimous Decision"
da337dd439a1f42cb9d8d875.png,ff51c7344ffc3b6db4817726a029d7edc8b31939313572db1344f57c96ad7939,778ddc05-2980-505e-81de-2b1ef77522e9,9e5e07aa-1f10-539b-bde2-abf5a278e302,UFC Fight Night: Emmett vs. Murphy,2025-04-05,Luis Gurule|Ode Osbourne,png,11,110,6,2,"‘R558. | FIGHT #8 | ‘pss. | UFC | scorecaro | ODE OSBOURNE | vs. | LUIS GURULE | ‘UFC FIGHT NIGHT: EMMETT VS. MURPHY | ate | Location | Venue | URC APEX | Weight lass | FLYWEIGHT 125 18, | Referee | (04/05/2005 | (US VECAS, NEVADA, USA | JASON WERZOG | oo | co | oo | oo) oo | wis | OSBOURNE | CURULE | OSBOURNE | CURULE | OSBOURNE | GURULE | 08 | Sone | oe. | reo | rove | to, | oor | ‘coe | oo | Sone | soot | ro | ro | c3 | on | ory | Scone | oy | Scone | ro | oc, | on | Some | 9 | 1 | 0 | 9 | 1 | 10 | 0 | 2 | 2 | 3 | 3 | rom | 10 | rom | 0 | ont | 10 | [vere noc J | {ne oJ | BEN CARTLIDGE | ‘SAL D'AMATO | CHRIS LEBEN | POINT DEDUCTIONS | NOTES | RESULT | Osbourne wins by TKO 1:54 of Round 2"
895bdbede24f7bc7c63a2e55.jpg,4ee75a677fc63106dac9491285e143e1774a7fa6d349faa9408f79a9b10609d6,364d0955-5160-5a86-8b0a-0b03616bb15e,7da47ef9-7a2b-5e60-b551-4f76644972cf,UFC 315: Muhammad vs. Della Maddalena,2025-05-10,Mike Malott|Charles Radtke,jpeg,11,92,5,2,"muss, | FIGHT #7 | mis, | Ur | scorecaro | MIKE MALOTT | vs. | CHARLES RADTKE | ‘UFC 315: MUHAMMAD VS. DELLA MADDALENA | ate | Location | Verve | Retecee | ELL CENTRE | (WELTERWEIGHT 170185. | Weight class | ‘ane conoARD | 51072025 | ‘MONTREAL, QUEBEC, CaN | [resem § | ae | mane | ‘OURLES, | Ke | ‘OURLES | MALOTT | RADTKE | MALOTT | RADTKE | MALOTT | RADTKE | Foam | Tom | oy | mae | rove | mae | mae | or | roar | a | Se | owe | 80 | aoa | Soe | one. | oe | ae | Ste | oy | 10 | 1 | 9 | 10 | 0 | 2 | 2 | 3 | 10 | Toa | 0 | Toa | 0 | MIKE BELL | CHRIS LEE | PASQUALE PROCOPIO | POINT DEDUCTIONS | RESULT | Malott 28 KO 026"
660f754f4f5213ae85e705a3.jpg,8e73ba87173eb416bfd32419c2f3bdff52f8741c90ce330146597f6fa17361fd,53aa76c8-494e-50f2-bc7d-9f9b62f62166,7da47ef9-7a2b-5e60-b551-4f76644972cf,UFC 315: Muhammad vs. Della Maddalena,2025-05-10,Modestas Bukauskas|Ion Cutelaba,jpeg,11,110,8,2,"roa, | FIGHT #5 | 205 185. | UFC | scorecaro | MODESTAS BUKAUSKAS | vs. | ION CUTELABA | ‘UFC 315: MUHAMMAD VS. DELLA MADDALENA | ate | Location | Verve | Reteree | ELL CENTRE | Weight class | UGaT HemrrWeiciT- 20518. | DAN MIRAGLIOTIA | 51072025 | ‘MONTREAL, QUEBEC, CaN | | co | fnmcees,) | ‘mopesis | 108 | moDEsns | 108 | ‘MovEsTAS | 108 | BUKAUSKAS | (CUTELABA | BUKAUSKAS | ‘CUTELABA | BUKAUSKAS | CUTELABA | oa | Tom | oy | mae | rove | mae | eae | oy | roam | a | on | Se | owe, | m0 | aac. | Se | one. | oe | ae | Ste | eS | oy | ae | 10 | 10 | | | 7 | 1 | A | 10 | 0 | 10 | 2 | 3 | 2 | 0 | | | 10 | 10 | 3 | 3 | 3 | 10 | | | 2 | oa | 30 | Toa | a | ‘SAL D'AMATO. | PASQUALE PROCOPIO | JERIN VALEL | POINT DEDUCTIONS | RESULT | Modestas Bukauskas won by Spit Decision"
c33e638e2d3d37f5a44637b6.jpg,14fddc2f40580e2386b4834a143aaa7d18d7540feb4f6c9bc36c1f3d398682d7,6e957a11-188f-585c-be94-9ba7f09d92e9,7da47ef9-7a2b-5e60-b551-4f76644972cf,UFC 315: Muhammad vs. Della Maddalena,2025-05-10,Navajo Stirling|Ivan Erslan,jpeg,11,108,8,2,"2051s. | FIGHT #84 | 205 185. | Ur | scorecaro | NAVAJO STIRLING | vs. | IVAN ERSLAN | ‘UFC 315: MUHAMMAD VS. DELLA MADDALENA | ate | Location | Verve | Reteree | ELL CENTRE | Weight class | UGaT HemrrWeiciT- 20518. | FRIOK PHIIPPEALX | 51072025 | ‘MONTREAL, QUEBEC, CaN | [resis | GES) | (==) | GE | ‘a | aN | rN | ERSLAN | STIRLING | ERSLAN | Stic | SLA | Foam | Tom | oy | oy | rove | mae | mae | oy | roar | a | Se | owe | 80 | aoa | Se | Se | one. | oe | ae | Ste | eS | oy | 8 | 1 | 10 | 10 | 1 | 8 | 1 | 10 | 0 | 2 | 3 | 2 | 10 | 0 | 2 | 10 | 3 | 3 | 10 | 3 | v| | 2 | oa | Toa | MIKE BELL | ERIC COLON | GUY GIRARD | POINT DEDUCTIONS | RESULT | Navajo String won by Unanimous Decision"
c16f8c92e8e9cd06688241f0.jpg,a330f75f852dcdde84f5c866376f6c72ab2f89cd45f3f1ca5465930870b0b123,8a54d314-08a9-5778-b034-aee6c260b95b,7da47ef9-7a2b-5e60-b551-4f76644972cf,UFC 315: Muhammad vs. Della Maddalena,2025-05-10,Jose Aldo|Aiemann Zahabi,jpeg,11,108,8,2,"38s. | FIGHT #10 | ois. | Ur | scorecaro | JOSE ALDO | vs. | AIEMANN ZAHABI | ‘UFC 315: MUHAMMAD VS. DELLA MADDALENA | ate | Location | Verve | Reteree | ELL CENTRE | Weight class | FEATWERWEIGHT- 1451. | DAN MIRAGLIOTIA | 51072025 | ‘MONTREAL, QUEBEC, CaN | ey | | co | ose | ‘EMAIL | ose | EMA | ose | EMAN | Apo | ZAHABI | ALDO | ZAHABI | ALoO | ZAHABI | ome | Foam | Tom | oy | mae | rove | mae | eae | or | roar | a | Sone | owe | 80 | aoa | Soe | one. | oe | ae | Ste | oy | 10 | 10 | 1 | A | 0 | 3 | 10 | 3 | 2 | 10 | 2 | 0 | | | 3 | 10 | 3 | 3 | 10 | 10 | | | 2 | | 28 | Toa | EJ | Toa | Ey | EJ | MIKE BELL | PASQUALE PROCOPIO | DAVID THERIEN | POINT DEDUCTIONS | RESULT | ‘Alemann Zahabi won by Unanimous Decision"
017601d8c20289ddb15c800a.jpg,76dd7e02fcb0bd5d8a55d3e95d61e3045d36ef1aa21c343aa91839a445f3c88e,c674be96-84e2-5493-b8ff-087d5907a309,7da47ef9-7a2b-5e60-b551-4f76644972cf,UFC 315: Muhammad vs. Della Maddalena,2025-05-10,Benoit Saint Denis|Kyle Prepolec,jpeg,11,99,5,2,"‘568s. | FIGHT #8 | 1561s, | UFC | scorecaro | BENOIT SAINT DENIS | vs. | KYLE PREPOLEC | ‘UFC 315: MUHAMMAD VS. DELLA MADDALENA | ate | Location | Verve | Releree | ELL CENTRE | Weight class | LUcAMWeIGAT-155 18s. | TCLEFEBVRE | 51072025 | ‘MONTREAL, QUEBEC, CaN | [ese | | C=] | ‘eNorT | AME | ‘eNom | KYLE | ‘eNO | SAINT DENIS | PREPOLEC | SAINT DENIS | PREPOLEC | SAINT DENIS | PREPOLEC | Toa | Tom | 7m | mae | rove | mae | eae | oy | eae | a | Se | four, | m0 | seac. | Soe | one. | oe | ae | Ste | oy | 10 | 1 | 10 | | | 1 | A | 0 | 2 | 2 | 3 | 3 | 10 | Toa | 0 | Toa | 0 | ERIC COLON | ‘SAL D'AMATO | GUY GIRARD | POINT DEDUCTIONS | RESULT | Saint-Denis 2R ARM TRIANGLE CHOKE 2:95"
2c3aff4a3fb08def62c7491e.png,6318577d8c9c047aa5982c6bdba0309704da40ef7a645b3c2ef5ab6958ee51a4,06c17343-1b18-5bb4-9b9f-30991ba6ea7e,b8e43ab8-7c67-539e-8cdb-a972361a9e74,UFC Fight Night: Usman vs. Buckley,2025-06-14,Alonzo Menifield|Oumar Sy,png,11,111,18,2,"2068s. | FIGHT #8 | 206 8s. | UFC | scorecaro | ALONZO MENIFIELD | VS. | OUMAR SY | UFC FIGHT NIGHT: USMAN VS. BUCKLEY | Date | ight Class | Referee | ospupe0s | ruin eon usa | SOE RM ARENA | tat | HEAWEIGHT- 205 LBS. | BLAKE GRICE | oo | j nscweee | co | ‘onzo | umn | ‘monzo | OuMAR | ‘monzo | ‘UMAR | MENIFIELD | sy | MENIFIELD | MENIFIELD | oy | ror | sa | oar | 098 | Tooe | on | roo | ‘Sone | ot, | see | Stone | oy | eet | rom | cy | 10 | 1 | 9 | 10 | 1 | 9 | 10 | 9 | 2 | 10 | 9 | 2 | 10 | 9 | 10 | 10 | 3 | 9 | 10 | 3 | 9 | 10 | 2 | om | rout | rom | [veer oc} | [vere noc] | WILL FISHER | DEREK CLEARY | RON MCCARTHY | POINT DEDUCTIONS | NOTES | RESULT | Alonzo Menifeld won by Unanimous Decision"
5416ea0da90da987eae117a6.png,22ad7b5763bdf4b875d3ddf8ce3637de2371363b209cdbf352f14fca16b618a2,6c5f6865-d9ce-5b61-9cc8-ba74d401819e,b8e43ab8-7c67-539e-8cdb-a972361a9e74,UFC Fight Night: Usman vs. Buckley,2025-06-14,Cody Durden|Jose Ochoa,png,11,99,7,2,"6s. | FIGHT #4 | ‘mss. | UFC | scorecaro | CODY DURDEN | vs. | UFC FIGHT NIGHT: USMAN VS. BUCKLEY | JOSE OCHOA | Location | Weight Class | Referee | oars | ATLANTA, GEORGIA, USA | Se RN | FLYWEIGHT 12518. | KEVIN MACDONALD | oo | [ sxcrnes | | oo | co co | coor | ose | DURDEN | action | BURDEN | ocho | DURDEN | OCHOA | ra | rom | To0e | coy | 0 | a0 | rem | rau | co | Som | ro | too. | Son | Scone | soe | on | ‘Sone | Sore | oct. | oct. | Scone | 1 | 10 | 3 | 1 | 10 | 9 | 10 | 2 | 2 | 3 | 3 | om | 10 | emt | 10 | rom | 10 | [we noc: J | MIKE BELL | ‘SAL D'AMATO | RON MCCARTHY | POINT DEDUCTIONS | NOTES | RESULT | Ochoa by KO;RO2.@:11"
eb43c8bb131bb1c8b0735c3d.png,46762b89b7ecc4c3f86b2bf2a1c95f61f1037b0c45e5481e4a74d1f5b8c2a3b3,943fd3e3-9460-5bdd-8b4d-c75fbfce7845,b8e43ab8-7c67-539e-8cdb-a972361a9e74,UFC Fight Night: Usman vs. Buckley,2025-06-14,Rose Namajunas|Miranda Maverick,png,11,112,12,2,"6s. | FIGHT #12 | ‘618s. | UFC | scorecaro | ROSE NAMAJUNAS | vs. | MIRANDA MAVERICK | UFC FIGHT NIGHT: USMAN VS. BUCKLEY | ate | Weight Cass | Referee | 05/2025 | AUN, cEORG, USA | STATE FARM ARENA | WOMENS FLYWEIGHT 125 LBS. | BLAKE GRICE | oo | co | oo oo | [ ance | | MIRANDA | MIRANDA | ROSE | MIRANDA | anAIUNAS | MAVERICK | NaaUNAS | MAVERICK | NAMAJUNAS | MAVERICK | Tone | oH | co | Tao | Tone | 0 | an | Ta | Tome | ""on | toe | co | no | Son | oct | ooo. | Scone | Son | toot, | oto, | Scone | Sor | oct | toc, | Scone | 10 | 10 | 10 | 1 | 9 | 10 | 10 | 9 | 2 | 10 | 10 | 10 | 10 | 3 | 9 | om | om | om | 30 | a | 23 | 2B | JON MARIGLIANO | DEREK CLEARY | RON MCCARTHY | POINT DEDUCTIONS | c= | Rose Namajunas won by Unanimous Decision"
0c4db4f91eca4a8085a20d20.png,50ac43248b1418b3db9603fa70f121e1d8ed05b9fa8a6278c28528c44a676ef5,a763e585-5a4a-534b-a015-d8007a665937,b8e43ab8-7c67-539e-8cdb-a972361a9e74,UFC Fight Night: Usman vs. Buckley,2025-06-14,Kris Moutinho|Malcolm Wellmaker,png,11,99,0,2,"‘6B. | FIGHT #5 | ‘61s. | UFC | scorecaro | MALCOLM WELLMAKER | vs. | KRIS MOUTINHO | UFC FIGHT NIGHT: USMAN VS. BUCKLEY | Location | Referee | sera | ATLANTA, GEORGIA, USA | SWE RM ARENA | Weight class | BANTAMWEIGHT 135 LB. | [BRENT MCKEEHAN | —— | oo co | a | aucou | aucou | WELLMAKER | mount | WELLMAKER | mouTINHo | WELLMAKER | ouTiNig | ""eon | rom | ron | oe | Seow | soot | au | oo, | Seon | Soe | woo, | | re | Son | Seon | too | ma | co | Som | 1 | 1 | 1 | 2 | 2 | 2 | 3 | 3 | 3 | rom | rom | Tom | [we noc J | [wre noc: J | [vere noc] | NATE MANN | MIKE BELL | ‘SAL D'AMATO | POINT DEDUCTIONS | NOTES | RESULT | Welimaker by KO; RD 1 @237"
20e248bc574b896fddf2d942.png,fe794b27db0f5d1b13577a747ea12a41a83fce8c5b58051bfe2de3e4a174938c,c4eb7d31-9c25-5ce0-bd33-da8fc3b50120,b8e43ab8-7c67-539e-8cdb-a972361a9e74,UFC Fight Night: Usman vs. Buckley,2025-06-14,Cody Garbrandt|Raoni Barcelos,png,11,103,13,2,"‘B6uBS, | ‘B6UBS. | FIGHT #10 | UFC | scorecaro | CODY GARBRANDT | vs. | RAONI BARCELOS | UFC FIGHT NIGHT: USMAN VS. BUCKLEY | oer | ‘mu, Eon, st | SH RAEN | Weight Class | 35 LS. | exe | = | ie | x) co | coor | GARBRANOT | wanceLos | CaRBRANOT | BanctLos | CARBRANOT | sancelos | or | co | sooo | oro | Toe | Scone | Sone | Ten | ro0e | oat | Som | Seow | ooe,_ | ""0 | oct | on | cy | Seow | 10 | 1 | 3 | 10 | 1 | 3 | 10 | 1 | 9 | 2 | 2 | 0 | 9 | 10 | 3 | 10 | 10 | 9 | 3 | 10 | 9 | 3 | 10 | rom | 28 | rom | E | 2B | rom | E | RON MCCARTHY | MIKE BELL | NATE MANN | POINT DEDUCTIONS | NOTES | RESULT | Raoni Barcelos won by Unanimous Decision"
6928034ec34f8aed0798bdd7.png,e79dc3a3a04bb705b8b27f657b8333a7fb059f352a0d963baccf4a94ec01a41c,d708c23d-f124-5ef6-913a-b25774ff8ad7,b8e43ab8-7c67-539e-8cdb-a972361a9e74,UFC Fight Night: Usman vs. Buckley,2025-06-14,Cameron Smotherman|Ricky Simon,png,11,120,11,2,"6s. | FIGHT #3, | ‘61S. | UFC | scorecaro | RICKY SIMON | VS. | CAMERON SMOTHERMAN | LUFC FIGHT NIGHT: USMAN VS. BUCKLEY | ate | 05 /142005 | ‘ATLANTA, GEORGIA, USA | tion | ve | STATE FARM ARENA | Weight Class | BANTAMWEIGHT - 185 LBS. | Referee | BLAKE GRICE | x); co | co co | icky | CAMERON | riocy | CAMERON | sian | SMOTHERMAN | SIMON | SMOTHERMAN | SIMON | ‘SMOTHERMAN | ro | Too | rows | rem | ory | co | oy | toc | oo | aro, | Sore | Son | sot | toc | Son | Son | oct. | owe | aoc, | Son | 10 | d | 9 | 10 | 1 | 10 | 1 | 9 | 10 | 2 | 3 | 10 | 2 | 10 | 2 | 3 | 3 | 3 | 10 | 10 | 3 | 10 | 3 | 3 | rot | 30 | om | 30 | rom | a | [vere nc] | [wre pose] | DEREK CLEARY | WILL FISHER | JON MARIGLIANO | POINT DEDUCTIONS | RESULT | Ricky Simon won by Unanimous Decision"
4e9a010af38ee75ed7860c25.png,04263353b53c4c7558fe2e6915e5bfae3de25d30785875685758ea3011a54aed,d8597847-d2a6-548c-aa28-368c9f46b55c,b8e43ab8-7c67-539e-8cdb-a972361a9e74,UFC Fight Night: Usman vs. Buckley,2025-06-14,Jamey-Lyn Horth|Vanessa Demopoulos,png,11,98,8,2,"261s. | FIGHT #1 | ‘n6uBs. | UFC | scorecaro | JAMEY-LYN HORTH | vs. | VANESSA DEMOPOULOS | LUFC FIGHT NIGHT: USMAN VS. BUCKLEY | at | ston | Verve | Weight class | Referee | 05/1/2025 | ‘ATLANTA, GEORGIA, USA | ‘STATE FARM ARENA | WOMENS FYWEIGHT- 25.85. | NATE MANN | I | oo co | a | yaweroni | yaweruni | paweruni | HORTH | DEMOPOULOS | HORTH | DEMOPOULOS | HORTH | DEMOPOULOS | on | mr | reo | oy | om | on | cy | Sco | a0 | aoe. | Soom | Soe | sooce_| ""0 | ue. | Seon | Seon | eee | rau | Seow | 10 | 10 | 0 | 10 | 10 | 10 | 10 | 10 | 10 | rom | Ed | rom | Ed | rom | a | WILL FISHER | JON MARIGLIANO | DEREK CLEARY | POINT DEDUCTIONS | TT | Jamey-Lyn Horth won by Unanimous Decision"
a95be15c2e130459ce2850fa.png,a735d882cfbda3d576ae8777f296ff12df085525935de3147d09f99934586c33,dc254391-0d19-5cdf-95b4-2150293975b5,b8e43ab8-7c67-539e-8cdb-a972361a9e74,UFC Fight Night: Usman vs. Buckley,2025-06-14,Ange Loosa|Phil Rowe,png,11,93,10,2,"mus. | FIGHT #2 | mus. | UFC | scorecaro | PHIL ROWE | VS. | ANGE LOOSA | ‘UFC FIGHT NIGHT: USMAN VS. BUCKLEY | 7 | Weight Class | Referee | 142005 | ‘ATLANTA, GEORGI, USA | ‘STATE FARM ARENA | WELTERWEIGHT 70.85. | BRENT MCKEEHAN | — | — | co oo | a | ANGE | aL | Pa | ROWE | Loosa | ROWE | Loosa | ROWE | LoosA | Tt | a0 | roar | a0 | Tone | ‘oor | a0 | Seon | oe | Stone | Sion | toot | Scone | Sion | oe. | eet | Seon | 0 | 10 | 9 | 10 | 10 | 2 | 0 | 9 | 10 | 3 | 8 | rom | 8 | rom | 8 | om | [wre noc: | | [wre noc: | | MIKE BELL | RON MCCARTHY | SAL D'AMATO | POINT DEDUCTIONS | e.—— | [RomeyTeo.Ros@4es"
7f935fed05b8688b3138e45c.png,2c5f87cf203d1e99065a4328d1a794b8d562f9123b54d7213c394818d22bb8c0,eb9431ad-0b0c-555a-9098-2d6eb61baead,b8e43ab8-7c67-539e-8cdb-a972361a9e74,UFC Fight Night: Usman vs. Buckley,2025-06-14,Cody Brundage|Mansur Abdul-Malik,png,11,146,18,2,"‘186 8s. | FIGHT #9 | ‘186 1s. | UFC | scorecaro | MANSUR ABDUL-MALIK | vs. | CODY BRUNDAGE | UFC FIGHT NIGHT: USMAN VS. BUCKLEY | Date | Location | Venue | Weight Class | Reteree | osyrap202s | -ILANTA, GEORGIA, USA | STATE FARM ARENA | ‘MIDDLEWEIGHT - 185 Bs. | ‘BRENT MOKEEHAN | =| co | co | MaNSUR | MaNsuR | oor | Mansur | ABDUL-MALIK | BRUNDAGE | ‘ABDUL-MALIK | ‘BRUNDAGE | ‘ABDUL-MALIK | BRUNDAGE | Tone | ca | Tae | Toa | ar | ron | Tone | To0e | rom | cd | Ta | ‘on | too. | 2 | aoe. | Scone | Some | oor, | ""9° | ornuce | ‘on | ‘on | vrovcr | ""© | otc | ‘ou | 9 | 1 | 10 | 3 | 1 | 10 | 10 | 1 | 9 | 0 | 2 | 3 | 10 | 2 | 9 | 10 | 2 | 9 | 10 | 3 | 9 | 10 | 3 | 9 | 10 | 3 | 9 | 23 | em | 2B | Ee | on | 2B | vom | a | [were poe} | JON MARIGLIANO | SAL D'AMATO | WILL FISHER | POINT DEDUCTIONS | ‘NOTES | RESULT | ‘Accidental Clash of Heads in Round 3, Fighter | Unable to continue. Round was scored and | went to decision, Round 3 @ 36"
6e5b40a50a1edd22b7e4c8f1.png,42efabb1bf1784a1ec2f8d4fc788630d3f2c1e77dd7c5b0b92448bb1bf20d85b,0444b448-05b8-5b68-99cf-afa5de022dd6,d37f92e1-011d-5482-a590-3afacc05bb2d,UFC 317: Topuria vs. Oliveira,2025-06-28,Beneil Dariush|Renato Moicano,png,11,112,11,2,"156185. | FIGHT #8 | 1561s. | UFC | scorecaro | BENEIL DARIUSH | vs. | RENATO MOICANO | ‘UFC 317: TOPURIA VS. OLIVEIRA | bate | Location | Verve | Weight Class | Reteree | 06/28/2025 | LAS VEGAS, NEVADA, USA | ‘FMOBILE ARENA | LGATWEIGHT 155 LBS. | ‘Ma Sou | i | [ wxcones J | oa | [sve coner | | BENE | BENEIL | RENATO | BENEIL | RENATO | DARIUSH | alcaN | DARIUSH | MOICANO | DARIUSH | MOICANO | ""eam | ""eo | cy | ‘on | ‘ont | oy | oy | on | oct | ove. | Sco | Sone | et | 00 | oct | Scone | Some | Scone | 10 | 9 | 1 | 10 | 3 | 10 | 10 | 3 | 10 | 2 | 3 | 10 | 10 | 3 | 10 | 3 | 3 | 10 | om, | E} | rom | 28 | 23 | rom | 2B | [vere wore] | MIKE BELL | JUNICHIRO KAMIjO. | DAVID LETHABY | POINT DEDUCTIONS | RESULT | Benei Dariush won by Unanimous Decision"
f49934c9fa148371bb96a2ea.jpg,ec677c90782b0ac6a08faaf8682e3b0e70548cc1e64b614230aa6153de3f08a6,533d2524-61c6-5113-be1c-a9d7fdf94551,d37f92e1-011d-5482-a590-3afacc05bb2d,UFC 317: Topuria vs. Oliveira,2025-06-28,Alexandre Pantoja|Kai Kara-France,jpeg,11,124,13,2,"258s. | FIGHT #10 | ‘515. | UFC | scorecaro | ALEXANDRE PANTOJA | vs. | KAI KARA-FRANCE | ‘UFC317: TOPURIA VS. OLIVEIRA | ate | Location | Venue | Reteree | “MOBILE ARENA | Weight class | FLYWEIGHT 125 18 | HERB DEAN | 05/28/2025 | AS VEGAS, NEVADA, USA | [ one: | | ‘ALBXANORE | ALEXANDRE | KAL | ‘ALEXANDRE | Kal | PANTOJA | KARA-FRANCE | KARA-FRANCE | KARA-FRANCE | PANTOJA | PANTOJA | oy | soe. | ‘eo | roo | ove. | ""oor | oy | Some | cy | Some | too, | ca | one | aoc, | ron | cy | Seo | cry | ‘Sore | ve | ro | ra | ue, | oar | Toe | Scone | 0 | 9 | 10 | 9 | 10 | 1 | 3 | 10 | 9 | 10 | 9 | 10 | 2 | 3 | 3 | 4 | 5 | 20 | rom | 8 | om, | 8 | 20 | rom | 8 | {wr noc] | [rex rnc) | BEN CARTLIDGE | ‘SAL D'AMATO | RON MCCARTHY | POINT DEDUCTIONS | NOTES | RESULT | ‘Alexandre Pantoja won by submission 1:58 of | round 3 - Rear naked choke."
8a6fb1c32f313a171ce4128a.png,29fec6ac9247545426506c0c9441f6edbb41f3c5090ca26e0d6a4c450a530f74,d7ee2860-bccb-5917-85ab-61500e928e5a,d37f92e1-011d-5482-a590-3afacc05bb2d,UFC 317: Topuria vs. Oliveira,2025-06-28,Viacheslav Borshchev|Terrance McKinney,png,11,101,1,2,"56uBS. | 155185. | FIGHT #3 | UFC | scorecaro | TERRANCE MCKINNEY vs. VIACHESLAV BORSHCHEV | ‘UFC 317: TOPURIA VS. OLIVEIRA | Weight Class | teree | oer | USES OK US | ""HOBLE nen | LUcaTWEICHT 155 LBS. | b | RIS TOCNON! | oo | = | co | xo; co | [ wxcees | | a | ACHESLAY | TERRANCE | ACHESLA | MCKINNEY | BORSHCHEV | MCKINNEY | BORSHCHEV | MCKINNEY | BORSHCHEV | co | or | oe | cy | oo | ""02 | occ | Scone | oo | too, | | rove | Som | Seo | oot | ra | co | Scone | 1 | 1 | 1 | a | Zi | 2 | 3 | 3 | 3 | Tot | rom | Tom | feu 10 | | BEN CARTLIDGE | JUNICHIRO KAMIJO | CHRIS LEE | POINT DEDUCTIONS | ‘NOTES | RESULT | Terrance McKinney won by submission 0:55 of | round 1 - Guillotine choke."
53a0f453ae61d95c7b071f29.png,9165ab5f79137f5d0f908f3808102f1845e0013a005be17339bd9fc3d7c0cbf1,05f951da-4043-5fa8-9334-623cafe18e59,d4523f36-6a93-5f8f-af1f-2a7b68249d91,UFC Fight Night: Lewis vs. Teixeira,2025-07-12,Vitor Petrino|Austen Lane,png,11,86,1,2,"24s. | FIGHT #8 | 2458s. | UFC | scorecaro | VITOR PETRINO | VS. | AUSTEN LANE | LUFC FIGHT NIGHT: LEWIS VS. TEIXEIRA | ate | cation | Weight Class | teree | wrens | NASHVILLE, TENNESSEE, USA | Brice so ARENA | HEATYWEIGHT- 265 LBS. | sis WeELY | oor | c | mo | ‘AUSTEN | ‘AUSTEN | Tor | ‘AUSTEN | PETRINO | LANE | PETRINO | LANE | PETRINO | LANE | Tae | To | on | au | soe. | ove | oe | toot, | ove | Son | Sone | oct, | rear | on | on | rom | or | MIKE BELL | ANTHONY MANESS | DAVE TIRELLI | POINT DEDUCTIONS | ‘NOTES | a | ‘Submission by RNC Round 1 at 4:16 - Vitor | Petrino - Winner"
6e1cc752d5be0303a23a6e01.png,c7a757aaa320189f54290f35f10c31eb8d64f3e00a3c32deedb4c1458a787e9f,33743301-8274-562c-a51d-6e7fe97e235a,d4523f36-6a93-5f8f-af1f-2a7b68249d91,UFC Fight Night: Lewis vs. Teixeira,2025-07-12,Nate Landwehr|Morgan Charriere,png,11,111,14,2,"6s. | FIGHT #9 | 6. | UFC | scorecaro | NATE LANDWEHR | vs. | MORGAN CHARRIERE | UFC FIGHT NIGHT: LEWIS VS. TEIXEIRA | Date | Location | Weight Cass. | Referee | oes | NASHVILLE, TENNESSEE, USA | ‘BRIDGESTONE ARENA | FEATHERWEIGHT -145 LBS. | BLAKE GRICE | oo | oo | oo | co | LANDWEHR | CHARRIERE | TANDWERR | HARRIE | LANDWEHR | CHARRIERE | ""on | roe | vont | 708 | mau | Tone | Tao | too | Ta | Sone | toc, | ""an | ‘on | = Lo | ot | ‘on | 10 | 1 | 9 | 9 | 1 | 10 | 9 | 1 | 10 | 10 | 2 | 9 | 10 | 2 | 3 | 10 | 2 | 3 | 3 | 3 | 3 | 20 | om | 8 | 9 | rom | 9 | 19 | om | 19 | oo | orm | DEREK CLEARY | KERRI ROWLAND | RICK WINTER | POINT DEDUCTIONS | NOTES | RESULT | KO Round 3 at :27 - Morgan Charriere | Winner"
1eafaf8cdc2572f807b18178.png,1d81abaad2fd3e1d470ad16ded176b83fbc65aa30ca98e7f713807173c4cc472,01d3606e-c4c1-5c82-8d17-850c94f75db5,240b6fad-bd8d-53f3-94a3-a1a2eddd86d3,UFC Fight Night: Whittaker vs. De Ridder,2025-07-26,Mohammad Yahya|Steven Nguyen,png,11,101,5,2,"‘M6.BS. | FIGHT #2 | ‘WSSU. | UFC | scorecaro | MOHAMMAD YAHYA | vs. | ‘STEVEN NGUYEN | ‘UFC FIGHT NIGHT: WHITTAKER VS. DE RIDDER | ate | von | Venue | Weight Class | Referee | opines | ‘ABU DAB, UAE | ETIHAD ARENA | FERTHERWEIGHT -145 LBS. | SON HERZOG | Ga | Ga | MOHAMMAD | STEVEN | MOHAMMAD | STEVEN | MOHAMMAD | STEVEN | ‘YAHYA | NGUYEN | YAHYA | NGUYEN | YAHYA | NGUYEN | rom | cry | your rove | mt | ‘one | Some | ca | rom | = | rom | oy | 10 | 10 | 0 | 10 | 10 | oT) | v | rom | 7 | rom | v | om | 2 | [wre noe] | {sve noc] | [ ease pon } | MARK COLLETT | DAVID LETHABY | CLEMENS WERNER | POINT DEDUCTIONS | NOTES | urc.co! | RESULT | Nguyen wins via TKO Smins of RD 2"
565f9743989532e3a2b79dc1.png,0a8bc6ecf6f21f7540e850b6da97ca894daa72a2e393b1f7ab503e116413773c,03f16823-fe6c-5946-b771-d4aeaa14f038,240b6fad-bd8d-53f3-94a3-a1a2eddd86d3,UFC Fight Night: Whittaker vs. De Ridder,2025-07-26,Bryce Mitchell|Said Nurmagomedov,png,11,123,15,2,"‘a5 Bs. | FIGHT #7 | ‘61s. | UFC | scorecaro | BRYCE MITCHELL | vs. | SAID NURMAGOMEDOV | ‘UFC FIGHT NIGHT: WHITTAKER VS. DE RIDDER | Date | Location | Venue | Weight Class | Reteree | oprnes | ABU DHABI UAE | THAD ARENA | BANTAMWEIGHT 135 LBS. | JIM PERDIOS | oo | mo | [ mcomes J | co | THEA | NURMAGOMEDOY | ITEM | NURMAGOMEDDY | iTeweL | NURMACOMEDDY | cy | Scone | eet | ""eon | wou | ae | soe | oy | Some | cy | Some | scoot | rom | oe | coo | ‘on | oy | Some | cy | ‘ome | co | co | rove | co | oor | ‘Soom | ‘eos | 3 | 1 | 10 | 9 | 1 | 10 | 1 | 10 | 10 | 2 | 9 | 10 | 2 | 9 | 10 | 2 | 3 | 10 | 3 | 9 | 10 | 3 | 9 | 10 | 3 | 3 | Tou | om, | rome | 2B | [sve woce} | BEN CARTLIDGE | DAVID LETHABY | ANDERS OHLSSON | POINT DEDUCTIONS | NOTES | RESULT | Bryce Mitchell won by Unanimous Decision"
33e7126d51aaa99319506a90.png,ce38c142b23527c4e2aee13746b96b9434ad8410aaaf48be0a6056104f5d1939,209408bb-238d-5bda-9b2e-57c0679c2f9a,240b6fad-bd8d-53f3-94a3-a1a2eddd86d3,UFC Fight Night: Whittaker vs. De Ridder,2025-07-26,Asu Almabayev|Jose Ochoa,png,11,79,6,2,"‘26 URS. | FIGHT #9 | 255s. | UFC | scorecaro | ASU ALMABAYEV | vs. | JOSE OCHOA | ‘UFC FIGHT NIGHT: WHITTAKER VS. DE RIDDER. | opmes | ‘ABU DHA UAE | cation | ETNAD ARENA | Weigh class | FIYWEIGHT 5185. | eteree | JASON neRZOG | i | [ waconee | ca | oo | ose | ALMABAYEV | OCHOA | ALMABAYEV | chon | ALMABAYEV | chon | moe | om | oe | See | Sie | ‘one | Soe | 0 | 0 | 0 | 0 | 10 | 10 | 10 | 10 | 10 | a, | a, | wna, | MARK COLLETT | DAVID LETHABY | (CLEMENS WERNER | POINT DEDUCTIONS | RESULT | ‘Asu Almabayev won by Unanimous Decision"
5e443c182c8386d43021c121.png,4e32e4193d0beecb79ab589b7e0616f48db66b9d134724bdf91cad88c1edeac0,512c9817-65b7-5af4-a543-cc174983f5f3,240b6fad-bd8d-53f3-94a3-a1a2eddd86d3,UFC Fight Night: Whittaker vs. De Ridder,2025-07-26,Shara Magomedov|Marc-Andre Barriault,png,11,93,9,2,"6185. | FIGHT #10 | WS uBs. | UFC | scorecaro | UFC FIGHT NIGHT: WHITTAKER VS. DE RIDER | SHARA MAGOMEDOV | VS. | MARC-ANDRE BARRIAULT | ate | Location | Referee | omnes | ‘ABU DHA, UAE | ao anena | Weight Class | ‘MIODLEWEIGHT 15 Ls. | JIM PeRDIOS | i | cl | is | a | is | MARCANDRE | MARC-ANORE | MARC-ANORE | ‘MAGOMEDOV | BARRIAULT | ‘MAGOMEDOV | BARRIAULT | ‘MAGOMEDOV | BARRIAULT | ‘on | rom | roe | oto, | ""on | Sone | one | ""on | 098 | ""on | Sone | one | voce | 2 | soot, | one | 10 | 10 | 10 | 10 | 10 | 0 | 10 | 10 | 10 | vom | em | 30 | rent | BEN CARTLIDGE | MARK COLLETT | ANDERS OHLSSON | POINT DEDUCTIONS | e.— | ‘Shara Magomedov won by Unanimous. | Decision"
aedc990925d9a9422548bdf2.png,3b866f40a08740c83d473fe8af4b7113874aa489be97892ffa8109e735566399,5380baf2-85ab-5184-ad29-ddc988e957b7,240b6fad-bd8d-53f3-94a3-a1a2eddd86d3,UFC Fight Night: Whittaker vs. De Ridder,2025-07-26,Marcus Buchecha|Martin Buday,png,11,116,13,2,"266 8. | 2540s. | FIGHT #1 | UFC | scorecaro | MARTIN BUDAY | vs. | MARCUS BUCHECHA | UFC FIGHT NIGHT: WHITTAKER VS. DE RIDDER | bate | Location | Venue | Weight Class | Reteree | opmes | ‘ABU DHABI UAE | ETIHAD ARENA | HEAVYWEIGHT - 265 LB. | MARC CODDARO | oo | co | oo | Ca | MaRTIN | aR | aRTIN | BUDAY | BUCHECHA | BUDAY | ‘BUCHECHA | BUDAY | BucEcHa | cry | ‘Som | tou | eect | ‘oar | oy | Some | oy | Stone | set | ror | owe | oc, | 7 | oy | Stone | coy | Some | out, | co | oe] | oy | Some | 10 | 9 | 10 | 1 | 3 | 0 | 10 | 3 | 2 | 10 | 9 | y | 10 | 10 | 9 | 10 | 3 | 3 | 10 | 3 | | a | rom | 28 | E | = | | wre oc] | MIKE BELL | BEN CARTLIDGE | ‘SAL D'AMATO | POINT DEDUCTIONS | NOTES | =——— | Martin Buday won by Unanimous Decision"
222feefc6f3d27684242e4fb.png,2cebf7ee16d56a4897e12b32da65cbf93657286928fd077d9e80e08c8f14c814,73bdd167-894f-5f37-a916-285e34b9a87a,240b6fad-bd8d-53f3-94a3-a1a2eddd86d3,UFC Fight Night: Whittaker vs. De Ridder,2025-07-26,Marcus McGhee|Petr Yan,png,11,113,16,2,"BSS LBs. | FIGHT #11 | 6s. | UFC | scorecaro | PETR YAN | vs. | MARCUS MCGHEE | ‘UFC FIGHT NIGHT: WHITTAKER VS. DE RIDER | Location | Weight Class | ems | ‘ABU DNA, UAE | mo anew | 5 LS. | Die wow | = | [necro | | = | —— | PETR | Per | Per | YAN | CGHEE | YAN | GHEE | YAN | CGHEE | oe | Scone | co | rove | soe. | rom | oo | oo | re | 008 | sou | Son | Som | tou | 9 | 1 | 10 | 9 | 1 | 10 | 9 | 10 | 10 | 2 | 9 | 10 | 2 | 9 | 10 | 10 | 3 | 9 | 10 | 3 | 9 | 10 | om | 2B | om | 2B | 23 | out | 2B | [veo noc: J | [sue nace} | [ eusw po} | MIKE BELL | SAL D'AMATO | CLEMENS WERNER | POINT DEDUCTIONS | ‘NOTES | = | Petr Yan won by Unanimous De | ion"
d2b91564ae2de9035985c3de.png,6b099a1d2ff82f591503bb4623f1df33845d7d7d43e405de04d64690ecd124cb,912bb7cc-882c-5127-970c-b6002b9f82a9,240b6fad-bd8d-53f3-94a3-a1a2eddd86d3,UFC Fight Night: Whittaker vs. De Ridder,2025-07-26,Nikita Krylov|Bogdan Guskov,png,11,106,4,2,"205185. | FIGHT #8 | 205 8s. | UFC | scorecaro | NIKITA KRYLOV | vs. | BOGDAN GUSKOV | UFC FIGHT NIGHT: WHITTAKER VS. DE RIDDER | ate | Location | Venue | Weight Class | Referee | omes | ‘ABU DHABI, UAE | ETIHAD ARENA | LUGHT HEAPYWEIGHT -205 Ls. | MARC CODDARO | i | i | oS | ea | NIKITA | BOCDAN | KITA | BOGDAN | NIKITA | KRYLOV | GusKOV | KRYLOV | GusKOV | KRYLOV | GusKOV | Tone | rot | 7a | ca | Tone | 7a | i | owe | vont | Te | ‘on | tou | sooo | otc | Scone | Scone | tor, | P08 | moc, | ‘one | Scone | uct | oct. | Scone | 1 | 1 | 2 | 2 | 3 | 3 | rom | om | om, | [we oc) | MIKE BELL | BEN CARTLIDGE | SAL D'AMATO | POINT DEDUCTIONS | NOTES | a | Guskov wins via TKO 4m 18s of RO 1"
d599dca0ece4b0a46c487a2f.jpg,731da5c68edddd570101c524343c0ad6eaed0d0b941aa0e30cfa00bf0055460c,9a41963d-88f8-559f-a3a1-7c88a91474e4,240b6fad-bd8d-53f3-94a3-a1a2eddd86d3,UFC Fight Night: Whittaker vs. De Ridder,2025-07-26,Billy Elekana|Ibo Aslan,jpeg,11,123,12,2,"2048s. | FIGHT #3 | 2045 i. | UFC | scorecaro | IBO ASLAN | vs. | BILLY ELEKANA | UFC FIGHT NIGHT: WHITTAKER VS. DE RIDDER | bate | Location | venue | Weight Class | Referee | oars | ‘ABU DHABI UAE | ETIHAD ARENA | LUGHT HEAVYWEIGHT -205 Ls. | im PERDIOS | [ snes | | [scones] | [ eacooes J | 180 | Buy | 180 | BLY | ‘0 | BLY | ASLAN | FLEKANA | ASLAN | ELEKANA | ASLAN | ELEKANA | one | Son | ve | co | et | ion | Tae | Sone | oct | an | oe | ooo | an | Ta | Scone | =e | Son | oc, | ro | co | oct. | co | co | fon | 9 | 10 | 1 | 10 | 1 | 10 | 7 | 10 | | | 2 | 2 | 10 | 2 | 10 | 9 | | | 10 | 3 | 10 | 3 | 10 | Toa | rome | rom | 28 | 30 | a | 30 | [wre noe] | BEN CARTLIDGE | MARK COLLETT | ANDERS OHLSSON | POINT DEDUCTIONS | NOTES | RESULT | Billy Elekana won by Unanimous Decision"
0dca621cdc8a4331a2e01ab9.png,b7d6c0c2d751498ce8bdf6f124cd7f45c4ba19bb33c9d90392f83f41255354a2,bef1d631-3c97-5780-ae11-2835dc61e51c,240b6fad-bd8d-53f3-94a3-a1a2eddd86d3,UFC Fight Night: Whittaker vs. De Ridder,2025-07-26,Tabatha Ricci|Amanda Ribas,png,11,108,7,2,"‘6s. | FIGHT #84 | ‘us. | UFC | scorecaro | AMANDA RIBAS | VS. | TABATHA RICCI | ‘UFC FIGHT NIGHT: WHITTAKER VS. DE RIDDER | ate | opines | ABU DHABI, UAE | ion | Venue | ETIHAD ARENA | Weight Cass. | [WOMENS STRAWWEIGHT- 15 LB. | Referee | DANIEL MOVAREDI | no | oo xo | [ evecneen | TABATHA | ras | RICCI | riBAS | RICCI | Riss. | RICCI | one | ooe | or | owe | = |= | rove | mar | Some | cm [ | ‘t | Seo | ‘Soe | ect | ""on | So | 10 | 1 | 9 | A | 1 | 0 | 9 | 1 | 10 | 2 | 2 | 2 | 3 | 3 | 3 | 10 | om | rom | 10 | out | 10 | [vee noc: J | MIKE BELL | SAL D'AMATO | CLEMENS WERNER | POINT DEDUCTIONS | NOTES | o-— | Ricci wins via TKO 2m 59s of RD 2"
162f9b7ea1805f3434bf5d3d.png,f5dccc9ad457a731417aa406f01c6a8d45d2ae9e79e6db9c14ddef028811e8bc,dc6e4a3c-7966-5e5d-ab62-746eb050d7b6,240b6fad-bd8d-53f3-94a3-a1a2eddd86d3,UFC Fight Night: Whittaker vs. De Ridder,2025-07-26,Muslim Salikhov|Carlos Leal,png,11,90,1,2,‘705 Ls. | FIGHT #6 | ‘moss. | Ur | scorecaro | ‘UFC FIGHT NIGHT: WHITTAKER VS. DE RIDDER | MUSLIM SALIKHOV | vs. | CARLOS LEAL | Date | Location | Venue | Referee | ops | ‘ABU DHABI UAE | ETIHAD ARENA | Weight class | WELTERWEIGHT - 170185. | DANEEL MOVAREDI | co | [ sxcowee | | usu | coRLos | coRtos | caRLos | ‘SALIKHOV | LEAL | SALIKHOV | LEAL | SALIKHOV | LEAL | ory | ar | me | Sm | reo | sau | rom | ca | soe | 7m | oy | Some | ‘Sco | Seon | oot. | ct | ‘Seon | Seon | oot. | rom | rom | [reuse por} | MIKE BELL | SAL D'AMATO | CLEMENS WERNER | POINT DEDUCTIONS | ‘NOTES | co | SSalikhov wins via KO 42s of RD 1
a59eacfa050a7fdaeaba39f7.png,3cc925ff3a4696c0ceaf3d8466e3f05a0b44d2d979cef9009c81fe30f3e97c30,6f03cf57-e27f-5e92-98d4-a15d8fba2917,61752cc4-fc25-5f13-8401-b73ac648a7b9,UFC Fight Night: Imavov vs. Borralho,2025-09-06,Benoit Saint Denis|Mauricio Ruffy,png,11,116,10,2,"155185. | 156185. | FIGHT #12 | UFC | scorecaro | BENOIT SAINT DENIS | vs. | MAURICIO RUFFY | LUFC FIGHT NIGHT: IMAVOV VS. BORRALHO | Date | Location | Venue | Weight class | Referee | 09/06/2025 | PARIS, LE-DE-FRANCE, FRA | ACCOR ARENA | LGRTWEIGHT 155 LB. | HERB DEAN | [aoa | co) | aurico | aurico | auriao | SAINT DEMIS | RUFFY | SAINT DENI | RUFFY | SAINT DENIS | Ta | Scone | ro | owe | too. | on | Tone | ‘on | Tae | Scone | seo, | ""0 | eeu | 7 | Tone | ‘on | Ta | Scone | epee | 9% | stor | ro | on | ‘on | Tone | 10 | 1 | 3 | 10 | 1 | 9 | 10 | 1 | 9 | 2 | 2 | 2 | 3 | 3 | 3 | 10 | rom, | 10 | ont | 10 | ont, | [wre wore] | MIKE BELL | ANDERS OHLSSON | (CLEMENS WERNER | POINT DEDUCTIONS | NOTES | RESULT | Saint Denis wins 2m 56s of RD 2 via RNC"
09267d282528152d37b9cd7d.png,f80f6d759efadc8c09bbd41760e470d215e7b35be499d1970b53f2ac0af64626,927c2767-515b-5080-be2c-e69031d2c0c0,61752cc4-fc25-5f13-8401-b73ac648a7b9,UFC Fight Night: Imavov vs. Borralho,2025-09-06,Caio Borralho|Nassourdine Imavov,png,11,130,20,2,"15.85. | FIGHT #13 | 18585. | UFC | scorecaro | NASSOURDINE IMAVOV | vs. | CAIO BORRALHO | UFC FIGHT NIGHT: IMAVOV VS. BORRALHO | Date | Location | Venue | Reteree | 09/06/2025 | PARIS, LE-DE-FRANCE, FRA | ACCOR ARENA | Weight Class | MIDDLEWEIGHT 15 8. | ‘mane coDoARD | oo | | scone | | Leaerrd ll breres | [NASSOUROINE | 10 | NASSOURDINE | NASSOURDINE | uo | IMAVOV | BORRALHO | IMAVOY | BORRALHO | IMAVOV | BORRALHO | Toe | Scone | oct. | 790m Troum | Fm | oct | Tone | Seon | oo | Sone | st | yam | rove | toc, | or | ‘Sore | To0e | oy | Seo | toot. | an] rove | toc. | ron | oo | Scot | 10 | 9 | 10 | 3 | 0 | 1 | 10 | 9 | 10 | 3 | 0 | 2 | 9 | 10 | 10 | 3 | 3 | 10 | 10 | 4 | 9 | 10 | 4 | 10 | 4 | 10 | 5 | 9 | 10 | 5 | 10 | 5 | rm | rom, | 45 | 49 | rom | BEN CARTLIDGE | DEREK CLEARY | DAVID LETHABY | POINT DEDUCTIONS | NOTES | RESULT | Nassourdine Imavov won by Unanimous | Decision"
b7daeabc5705a9d8654ad7cd.png,fe060b71b6728e60e1325c11fec6f8a12d71720c90ca1f00727d1707697f97a6,fb72b035-78c7-585f-b626-63514a81bb92,61752cc4-fc25-5f13-8401-b73ac648a7b9,UFC Fight Night: Imavov vs. Borralho,2025-09-06,William Gomis|Robert Ruchala,png,11,108,18,2,"MS UBs. | FIGHT #8 | ‘w6UBS. | UFC | scorecaro | WILLIAM GOMIS | vs. | ROBERT RUCHALA | UFC FIGHT NIGHT: IMAVOV VS. BORRALHO | ate | Location | Venue | Weight Class | Referee | 05/06/2005 | PARIS ILE-DE-FRANCE, FRA | ACCOR ARENA | EATHERWEIGHT-145 BS. | LWKASZ BOsAcKI | oo | oo | | co | waa | wna | ROBERT | waa | ROBERT | Gomis | rch | Gomis | RUCHALA | Gomis | RUCHALA | oy | rear | cy | Tone | ""eat | ‘ear | Tan | ove | Scone | ‘come | our, | ""0 | sue | Scone | ‘ome | rau | oct, | Scone | 10 | 9 | 10 | 1 | 9 | 10 | 1 | 9 | 10 | 9 | 2 | 10 | 9 | 2 | 10 | 10 | 9 | 10 | 3 | 9 | 10 | 3 | 9 | rom | rom | rom | 2B | BEN CARTLIDGE | DEREK CLEARY | CLEMENS WERNER | POINT DEDUCTIONS | RESULT | William Gomis won by Unanimous Decision"
cf106bb786ee89c8fb74b448.png,6c3d4a1e84fa3a3a12a68d4b920f6c8d0de0aaa5d13c3275ba93824c61ae673d,216c0e72-907b-5a19-ad1a-666b5db0ed83,7bd13667-4355-5cd3-9a9b-2eaf8c59f298,UFC 320: Ankalaev vs. Pereira 2,2025-10-04,Ramiz Brahimaj|Austin Vanderford,png,11,122,9,2,"‘705 us. | FIGHT #2 | ‘05 us. | UFC | scorecaro | RAMIZ BRAHIMA] | vs. | AUSTIN VANDERFORD | UFC 320: ANKALAEV VS. PEREIRA 2 | bate | Location | ve | Weight Class | Reteree | 0/osj2025 | US VEGAS, NEVADA, USA | TFMOBILE ARENA | WELTERWEIGHT 17018. | Manx saTH | oo | [ axes | | co | [woe | | [ uncer | | paz | BRAHIMA) | VANDERFORD | RAMA) | \VANDERFORD | BRAHIMA} | VANDERFORD | Tome | mr | ro0e | oo | Tone | oe | ‘ron | Eo | om | cy | Tone | ea | roe | co | oe | Sco | oc. | too. | ‘Scone | ‘ome | soot | 3 | Some | | | Seon | toot. | toot, | Scone | 9 | 1 | 10 | 9 | 1 | 10 | 9 | 1 | 10 | 2 | 2 | 2 | 3 | 3 | 3 | ron | on | rome | 10 | 10 | 10 | [sve noc | | MIKE BELL | ‘SAL D'AMATO | TONY WEEKS | POINT DEDUCTIONS | NOTES | RESULT | Ramiz Brahimaj won by submission 224 of | round 2 - Guillotine choke."
619588d6a125a7f8e0ced1e5.png,64a205f369ac1111866d45f005e064faa142834a850c7bc2c63d12717614c5fa,306a124e-6eba-59c2-80a8-72ca07773c52,7bd13667-4355-5cd3-9a9b-2eaf8c59f298,UFC 320: Ankalaev vs. Pereira 2,2025-10-04,Merab Dvalishvili|Cory Sandhagen,png,11,113,15,2,"‘ass, | FIGHT #13 | B45 18s. | UFC | scorecaro | MERAB DVALISHVILI | vs. | CORY SANDHAGEN | ‘UFC 320: ANKALAEV VS. PEREIRA 2 | ate | Location | Verve | Reteree | sayosr202s | LAS VEGAS, NEVADA USA | TF MOBILE ARENA | Weight Class | BANTAMWEIGHT 135 LBS. | MARC coODARD | co | | co | MERA | coy | MERAB | coy | DVALISHVILI | ‘SANDHAGEN | DiaLisamL | SANOHAGEN | DVALISHVILI | ‘SANDHAGEN | ‘on | Tae | ‘on | vcooce_ | | otc | cc | ca | Ta | Scone | [es [moe [om | [Le [| | 10 | [3 | 0 | 10 | 10 | 10 | 8 | 10 | 10 | 10 | 3 | 10 | 4 | 10 | 10 | 3 | 10 | 4 | 10 | 5 | 10 | 3 | 10 | 5 | 43 | om | 45 | 49 | rom | 45 | 43 | rom | 46 | [voor noc | MIKE BELL | BEN CARTLIDGE | ERIC COLON | POINT DEDUCTIONS | RESULT | Merab Dvalishvili won by Unanimous | Decision"
7d05ce27abc64bb5a55a4e08.png,e51b1dd0c5a8bdaf26c3a27b0140e9207d8438b5e6644309d144c6c8e6e8bf04,87208705-1aa9-5050-9b47-e9a31006527c,7bd13667-4355-5cd3-9a9b-2eaf8c59f298,UFC 320: Ankalaev vs. Pereira 2,2025-10-04,Ateba Gautier|Treston Vines,png,11,99,2,1,1615. | FIGHT #9 | 158s. | UFC | scorecaro | ATEBA GAUTIER | VS. | TRE'STON VINES | UFC 320: ANKALAEV VS. PEREIRA 2 | Reteree | ‘trans | US EAS NEDA USA | “EMOBILE ARENA | Weight Class | MIDDLEWEIGHT 15 8. | ‘MARC GODDARD | = | oo | [aa | | j mecooee | | ‘AEA | TRESTON | TERA | TRESTON | TRESTON | GAUTIER | VINES | GAUTIER | VINES | GAUTIER | VINES | oy | Seo | too. | co | 00 | oe. | ‘oar | oy | Scone | oy | Scone | ect | or | roe | ect | or | cy | Som | = =e es | | | 1 | 1 | 2 | 2 | | | 3 | 3 | ron | rom | rout | [ ave noc | | MIKE BELL | DEREK CLEARY | | | ‘TONY WEEKS | POINT DEDUCTIONS | RESULT | ‘Ateba Gautier won by TKO 1:61 of round 1
9104dbed168ef9bce7b84786.png,f83e4ce61f49216dcdfe03a59485b1f03369f8310105eb1d138a86d3a1fa595c,f4d8cd69-4cc7-5317-a6ad-12c41d49f310,7bd13667-4355-5cd3-9a9b-2eaf8c59f298,UFC 320: Ankalaev vs. Pereira 2,2025-10-04,Youssef Zalal|Josh Emmett,png,11,107,0,2,"6s. | FIGHT #11 | ‘6S. | UFC | scorecaro | JOSH EMMETT | VS. | YOUSSEF ZALAL | ‘UFC 320: ANKALAEV VS. PEREIRA 2 | ‘ernes | Location | LUASVECAS, NEVADA, USA | ‘HOBLE aENA | Weight class | FEATHERWEIGHT - 45 LBS. | cferee | SON HERZOG | a | = =o | = | x | ‘YOUSSEF | ‘YOUSSEF | YOUSSEF | EMMerr | ZALAL | EMMerr | ZALAL | EMMerr | ZALAL | moe | om | rove | ro | cy | Toe | co | cy | co | reve | rom | =o | Some | oe. | too, | Some | Scone | toot, | woo | cox | Sm | Scone | aoc. | c=3 | Scone | 1 | 1 | 1 | 2 | 2 | 2 | 3 | 3 | 3 | om | rom | rout | oo | or | MIKE BELL | JUNICHIRO KAMIJO | CHRIS LEE | POINT DEDUCTIONS | ‘NOTES | RESULT | Yousset Zalal won by submission 1:38 of | round 1 - Armbar."
5c9d542c21f459047ecf552f.png,fb12b17f9ac36d9064ebda959790bc5b83b4568a1297d517c5ed9650dfbc4131,de463cbe-b8b4-5dd6-8f2e-8198e23f3aa1,c1054bc4-a1ea-5245-bc15-9ec2b348edcf,UFC Fight Night: Oliveira vs. Gamrot,2025-10-11,Julia Polastri|Karolina Kowalkiewicz,png,11,113,11,2,"16 Bs. | 168s. | FIGHT #2 | UFC | scorecaro | JULIA POLASTRI | vs. | KAROLINA KOWALKIEWICZ | LUFC FIGHT NIGHT: OLIVEIRA VS. GAMROT | ate | Weight class | Reteree | soyn202s | UO DE JANEIRO, BRA | ARMAS! ARENA | AT -115 8. | MARC cODDARD | oo | | =a | | co | jnscosee | | yuua | juua | POLASTRI | KOWALKIEWICZ | POLASTRI | KOWALKIEWICZ | POLASTRI | KOWALKIEWICZ | co | om | 00 | on | ae | ""om | 00 | om | rue | on | oy | Som | tou | oo | Scone | Som | 3 | Le | Seon | toot | oct | Scone | 10 | 1 | 3 | 10 | 1 | 8 | 10 | a | 3 | 10 | 2 | 3 | 10 | 2 | 3 | 10 | 2 | 3 | 3 | 3 | 3 | vm | von | vom | 20 | 8 | 20 | v7 | 8 | [vrs oct] | oo | RAFAEL FERREIRA | CLEMENS WERNER | DAVID LETHABY | POINT DEDUCTIONS | NOTES | s-— | [passrivinsty reo nazss |"
3f09ebc36bd1426fd0b1fe2f.png,a6e8f2293f23207179d8e3c94c0f83cd179eb7e4a27e2c6c23b5df2b871529be,0979dec3-c488-5b34-8667-1a8c9c2858ac,2aa72f73-c7a6-5de4-9c81-706901cc4db4,UFC Fight Night: De Ridder vs. Allen,2025-10-18,Jasmine Jasudavicius|Manon Fiorot,png,11,97,1,1,"‘5585. | FIGHT #10 | SSS. | UFC | scorecaro | MANONFIOROT vs. | JASMINE JASUDAVICIUS | UFC FIGHT NIGHT: DE RIDDER VS. ALLEN | Location | Ver | Weight class | Referee | ‘runes | VANCOUVER, BRITISH COLUMBIA, CAN | ROGERS ARENA | WOMENS FLYWEIGHT -25 LBS. | DAN MIRAGLIOTIA | oo | oo | oo | jmmcoame | MANO | Flore | yASUDAMCUS | rioRor | yAsuoanctls | FIOROT | yASUDAMCUS | Tae | rove | om, | oe | Te0e | co | owe | | To0e | cy | ""ron | roe | ""on | a | See | ove | oc, | Scone | Sone | tov | Son | Som | oct, | oct | See | 1 | 1 | 1 | 2 | 2 | 2 | 3 | 3 | 3 | ron | om | rom | JERIN VALEL | MIKE BELL | BRYAN MACLEOD | POINT DEDUCTIONS | NOTES | RESULT | TKO RED 1:14 RD 1"
3f1359132c7cbd27b521eb8a.png,f97a0ec86ec67411267d6431dcdb5728513867db0a2ad275dbb3de7f58173c77,3e5299de-db49-5d3c-9d2a-42c7f50ccc44,2aa72f73-c7a6-5de4-9c81-706901cc4db4,UFC Fight Night: De Ridder vs. Allen,2025-10-18,Azamat Bekoev|Yousri Belgaroui,png,11,107,9,2,"as uBs. | 1855185, | FIGHT #2 | UFC | scorecaro | AZAMAT BEKOEV | vs. | YOUSRI BELGAROUI! | UFC FIGHT NIGHT; DE RIDDER VS. ALLEN | wprep202s | ate | VANCOUVER, BRITISH COLUMBIA, CAN | tion | Verwe | ROGERS ARENA | Weight Class | ‘MIDDLEWEIGHT 185 LB. | SALAM | Reteree | co | oo | ‘yousat | BEKOEV | sexcAROUl | BEKOEV | BELGAROUI | BEKOEV | BELGAROUI | co | om | Sore | ooe | Scone | oe | ear | we | soe. | rem | Seo | Seow | ator, | 08 | stooce | cy | Some | = ae [= | 9 | 1 | 10 | 1 | 10 | 3 | 1 | 10 | 2 | 2 | 2 | 9 | 10 | 10 | 3 | 10 | 3 | 3 | 3 | 8 | ron | B | Tom | B | om | [ woe | [voce] | JAKE MAXIM | BRYAN MACLEOD | ‘SAL D'AMATO | POINT DEDUCTIONS | NOTES | RESULT | TKO Blue $5 rd3"
75992f2c9d8738d7d3107796.png,863fd3b82af6c507e23c6a71558f451994dd83c796c0b6c85dc3a730be578d15,a0d7a361-0094-51c3-ab3c-b38df5417c2e,2aa72f73-c7a6-5de4-9c81-706901cc4db4,UFC Fight Night: De Ridder vs. Allen,2025-10-18,Kyle Prepolec|Drew Dober,png,11,108,14,2,"1555s. | 1555185. | FIGHT #7 | UFC | scorecaro | KYLE PREPOLEC | Vs. | DREW DOBER | LUFC FIGHT NIGHT; DE RIDDER VS. ALLEN | ate | Location | Venue | Weight Class | Reteree | 18/2005 | \WANCDUVER, BRITISH COLUMBIA, CAN | ROGERS ARENA | LUGATWEIGHT 15 LB. | Jonn cooPER | i | ro | co | DREW | DREW | DREW | PREPOLEC | DOBER | PREPOLEC | OBER | PREPOLEC | DOBER | Tone | ‘on | uc | 70] woom | rom | Tae | me | ‘on | oct | 70 | woom | rom | ou | Ta | Tone | ‘on | rau | 9 | 10 | 1 | 10 | 9 | 10 | 10 | 10 | 2 | 3 | 10 | 3 | 9 | rom | 9 | 9 | rom | 9 | rom | 9 | { woe J | JAKE MAXIM. | BRYAN MACLEOD | ‘SAL D'AMATO | POINT DEDUCTIONS | RESULT | R3 | Dober | pt | Low blow | TKO 1:16 RD 3 Blue"
0667b5d2d4bb54c9ee23a897.png,d662c0ea7e17ee81d6e4af104140f3d5167fdb259faf0aa21b91c7e324d9e7a3,be3f0c5d-1ad4-5d52-be2d-6ecb19eeaf27,2aa72f73-c7a6-5de4-9c81-706901cc4db4,UFC Fight Night: De Ridder vs. Allen,2025-10-18,Tainara Lisboa|Melissa Croden,png,11,101,12,2,"‘B6uBS. | FIGHT #1 | SSUBs, | UFC | scorecaro | MELISSA CRODEN | vs. | TAINARA LISBOA | UFC FIGHT NIGHT: DE RIDER VS. ALLEN | bate | Location | Venue | Weight Class | Reteree | 10872005 | VANCOUVER, BRITISH COLUMBUA, CAN | ROGERS ARENA | WOMEN'S BANTAMWEIGHT 135 LBS. | {JOHN cooPER | oo | ca | oo | MEISSA | MELISSA | RODEN | useox | CRODEN | ustox | RODEN | Useox | roar | oy | one | reat | rue | ear | = | ‘ome | a, | sone | ect | Score | “mt | Scone | Scone | co | oct, | Some | 10 | 1 | 9 | 10 | 3 | 0 | 1 | 9 | 10 | 2 | 9 | 10 | 3 | 10 | 2 | 9 | 3 | 3 | rom | on | rom | 20 | 8 | 8 | 8 | JERIN VALEL | MIKE BELL | SALEEM HANIFF | POINT DEDUCTIONS | NOTES | S=."
0a5e6e936f4888b63de766c2.png,c0602b83eae3da1edc7a80522a7bb65e180b7a3525689ec3aa63d74e867ad4f8,fb69d2a2-96ff-5820-b4f9-f370c4977350,2aa72f73-c7a6-5de4-9c81-706901cc4db4,UFC Fight Night: De Ridder vs. Allen,2025-10-18,Mike Malott|Kevin Holland,png,11,121,11,2,"‘705 i. | FIGHT #12 | muss. | UFC | scorecaro | KEVIN HOLLAND | vs. | MIKE MALOTT | LUFC FIGHT NIGHT; DE RIDDER VS. ALLEN | ate | Location | Venue | Referee | ROGERS ARENA | Weight Class | WELTERWEIGHT - 1701.85. | DAN MIRAGLOTA | 1oys8/2005 | \WANCOUVER, BRITISH COLUMBIA, CN | a | [neon] | —— | [sve cones | | Kevin | MIKE | Kevin | KE | KEVIN | MIKE | HOLLAND | MALOTT | HOLLAND | MALOTT | HOLLAND | ‘MALOTT | oo | oo. | © | acc | ro | Tae | ‘on | Toa | Scone | aioe, | ""0 | eeu. | Tan | Tone | Scone | Tau | ‘on | uct. | ont | owe | omic | roar | Tae | Sone | = | | 10 | 1 | 9 | 10 | 3 | 0 | 1 | 9 | 2 | 10 | 3 | 0 | 2 | 10 | 9 | 3 | 10 | 3 | 10 | 3 | 10 | 28 | To | om | rom | cs | MIKE BELL | SAL D'AMATO | JAKE MAXIM | POINT DEDUCTIONS | NOTES | RESULT | Mike Matott won by Unanimous Decision"
3818b01e4c26f337645022eb.png,aede73868d0401cb0f7dc2261ef93c386fa760b672a5eef2832e91973fafaa65,01d91e14-d113-5b4b-a5b5-6804f436bd94,011e6515-c5a0-5393-8c30-365bbbb0a8b4,UFC 321: Aspinall vs. Gane,2025-10-25,Azamat Murzakanov|Aleksandar Rakic,png,11,98,2,2,"205 8. | FIGHT #9, | 2055 18s. | UFC | scorecaro | ALEKSANDAR RAKIC | vs. | AZAMAT MURZAKANOV | UFC 321: ASPINALL VS. GANE. | Date | Location | Weight class | ree | swpsp0s | ‘ABU DAB, UAE | ao amen | LUGHT HEAMYWEICHT -205 Ls. | ICH MITCHELL | —— | a | ALEKSANDAR, | ‘ALEKSANDAR | ‘ALEKSANOAR | RAKIC | MURZAKANOV | RAKIC | MURZAKANOV | RAKIC | ‘MURZAKANOV | oy | om | aoe | aU | To0e | To0@ | co | roe | nr | cy | Sco | oe. | owe | otc | Taw | oot | ron | Sor | ‘Sore | oct. | oct, | Som | 1 | 1 | 2 | 2 | 2 | 3 | 3 | 3 | rom | rom | rome | ‘SAL D'AMATO | CHRIS LEE | JACOB MONTALVO | POINT DEDUCTIONS | ‘NOTES | RESULT | Murzakanov wins 3m 11s of RO 1 via TKO"
6a0f1010ad6561565dc6ea39.jpeg,a8a4db4760580b28dcb74b6855c12231a3ab457802478591b2b07d7fa2f0efa8,14f44eb5-4fab-516d-a6ed-d30b51e7b174,011e6515-c5a0-5393-8c30-365bbbb0a8b4,UFC 321: Aspinall vs. Gane,2025-10-25,Tom Aspinall|Ciryl Gane,jpeg,11,99,1,2,"25585, | FIGHT #13 | 2475 Us. | UFC | scorecaro | TOM ASPINALL | vs. | CIRYL GANE | LUFC 32%: ASPINALL VS, GANE | ate | Loeation | Verve | Weight Cass | Aoteree | epspms | ABU DHAB, UAE | THAD ARENA | HEAPYWEIGHT 265s, | SON WERZOG | = | ay | xo | TH | ‘aR. | 10M | ‘arn. | ann | AASPINALL | ANE | ASPINALL | GANE | ASPINALL | CANE | moe | cont | a | amr | oy | tone. | ""Ra | Sto | ae | cy | So | toa | a | 0 | = | = | oy | ioe | St | ee | swe | ""eo | eo | ar | oy | ea | oa | roa | [vere noc} | BEN CARTLIDGE | ‘SAL D'AMATO | CLEMENS WERNER | POINT DEDUCTIONS | RESULT | ""No Contest due to unintentional eye poke | sustained by Aspinall in RO 1"
59c4640966c37c1ac24fbd8a.png,c35ce47d69c976f46b63e585931e47dbe1b3bfadf2d24b770a789abdb3a2c665,2445f7d8-7ed3-54ac-a84e-6db58824ccff,011e6515-c5a0-5393-8c30-365bbbb0a8b4,UFC 321: Aspinall vs. Gane,2025-10-25,Mitch Raposo|Azat Maksum,png,11,123,9,2,"sus. | FIGHT #2 | 25585. | UFC | scorecaro | AZAT MAKSUM | vs. | MITCH RAPOSO | ‘UFC 321: ASPINALL VS. GANE | bate | Location | Venue | ETIHAD ARENA | Weight Class | Reteree | 10/26/2025 | ‘BU DHA, UAE | FLYWEIGHT 125 LBS. | lca MTCHELL | [ scones J | oo | [ swecmes J | ware | To | MAKSUM | RAPOSO | aun | RAPOSO | sun | e0ros0 | cy | or | on | coy | sau | oy | cy | oy | Scone | soc | ove | Scone | Scone | soot | ue | Some | Scone | Scone | 0 | 10 | 1 | 3 | 10 | 9 | 0 | 3 | 2 | 10 | 3 | 10 | BB | 1 | 3 | 10 | ‘38 | 1 | 3 | 10 | BB | 1 | 3 | 10 | mae | Tom | 30 | a | Tm | ae | Tou | 2 | [wre noe | | [sve noc] | BEN CARTLIDGE | TONY WEEKS | CLEMENS WERNER | POINT DEDUCTIONS | ‘NOTES | RESULT | R3 | Maksum | pt | Grabbing fence | Mitch Raposo won by Unanimous Decision"
d7942e2299e767be5bdfe312.png,63d6f64dc970376b351da8308682652de32bf309a1627e8aebf39a79e5fede4a,8746e82c-01c8-5710-83cd-eacd4a92ff99,011e6515-c5a0-5393-8c30-365bbbb0a8b4,UFC 321: Aspinall vs. Gane,2025-10-25,Quillan Salkilld|Nasrat Haqparast,png,11,96,1,2,"156185. | FIGHT #8 | 1555185. | UFC | scorecaro | NASRAT HAQPARAST | vs. | QUILLAN SALKILLD | ‘UFC 321: ASPINALL VS. GANE. | Weight Class | ‘onsrecs | ‘av oe | rik nena | LUGATWEIGHT 15 LBs. | rewvuey | oo | x | [nace | | = | oo | NASRAT | QuiLLAN | quia | HAQPARAST | salKiLiD | HAQPARAST | SALKILLD | HAQPARAST | SALKILLD | Son | Toe | co | 00 | stove | co | Tone | Som | Scone | soot | ro | ""on | ory | Seo | Scone | oct. | rem | roe | oct | on | oe | Scone | 1 | 1 | 1 | 2 | 2 | 2 | 3 | 3 | 3 | rom | rom | rom | [wre noc: | | MIKE BELL | TONY WEEKS | CLEMENS WERNER | POINT DEDUCTIONS | NOTES | RESULT | Salkilld wins 2m 30s of RD 1 via KO"
7d8c0f1951f8712f01f1279f.jpg,24713bf0c160104b4b950f5fc5d09961b1dbb7d9613a56f82ce49f071d77b7d6,2af81de4-1768-50aa-88d8-919a0b8f639e,b8f68ec1-3905-5b2e-b6f9-5c5de237ad4e,UFC Fight Night: Garcia vs. Onama,2025-11-01,Alice Ardelean|Montserrat Conejo Ruiz,jpeg,11,98,4,2,"‘15 Us, | FIGHT #3 | 5 uBs. | UFC | scorecaro | ALICE ARDELEAN | vs. | MONTSERRAT CONEJO RUIZ | UFC FIGHT NIGHT: GARCIA VS. ONAMA | Weigtt class | Reteree | ‘evans | TASTES NEDA UA | rear | ‘WOMENS STRAWWEIGHT 15 LB. | ‘vRISTOCHON | [ soe | | [ase | oo | | c= | MONTSERRAT CONE)O | ‘MONTSERRAT CONEJO | ARDELEAN | RUIZ | ARDELEAN | RUIZ | ARDELEAN | omer ona | oe | em | reve | tou | ron | Scone | Sone | oot | ea | ae | eae | mae | Seo | oe | mar | toe | rom | Seo | 10 | 0 | 0 | 10 | 0 | 0 | 0 | 10 | 10 | Tot | Toma | on | 30 | Ed | ADALAIDE BYRD | DEREK CLEARY | RON MCCARTHY | POINT DEDUCTIONS | NOTES | UFC.COM| | RESULT | ‘Alice Ardelean won by Unanimous Decision"
973bc34f31346c23a03d579d.jpg,4560284f99409dc57dc62089e0d1abca5de25b309b28dca8eb59e5ae1dd0a538,749b46a7-bca2-5a84-b580-22c513f97728,b8f68ec1-3905-5b2e-b6f9-5c5de237ad4e,UFC Fight Night: Garcia vs. Onama,2025-11-01,Charles Radtke|Daniel Frunza,jpeg,11,108,8,2,"amiss. | FIGHT #3 | miss. | UFC | scorecaro | CHARLES RADTKE | vs. | DANIEL FRUNZA | UFC FIGHT NIGHT: GARCIA VS. ONAMA | ate | en | eign Cass, | Reteree | ‘syorp202s | US VECAS, NEVADA, USA | UFCAPEX | (WELTERWEIGHT 70S. | HERB DEAN | [oun | [somes co | ‘une: | ANEL | ‘ours | AMIEL | ‘ounues | wNEL | RADTKE | FRUNZA | RADTKE | FRUNZA | RADTKE | FRUNZA | am | me | ca | cy | ‘ene | ove, | 08 | tot | Som | | a | me | 10 | 1 | 9 | ear = = | wo | | wo | | 2 | | | 9 | 10 | 2 | 8 | 1 | | T | 3 | | | 3 | [2 | 20 | rom | 8 | 20 | rom | v7 | on | 8 | Gg | ERIC COLON | DAVID LETHABY | JUNICHIRO KAMIJO | POINT DEDUCTIONS | RESULT | = | Chartes Radtke won by submission 429 of | ‘round 3 - Rear Naked Choke"
d544f458fce0bc4c6a77a9b3.jpg,72652030ab2dad0bc5130494c37515849aa894012640fb820402baadcf027f90,b183f0a4-31eb-5ec3-b048-7534cc790c55,b8f68ec1-3905-5b2e-b6f9-5c5de237ad4e,UFC Fight Night: Garcia vs. Onama,2025-11-01,Ariane Carnelossi|Talita Alencar,jpeg,11,118,8,1,"‘15 Us. | FIGHT #1 | ‘5S Bs. | UFC | scorecaro | TALITA ALENCAR | VS. | ARIANE CARNELOSS! | UFC FIGHT NIGHT: GARCIA VS. ONAMA | Date | Location | Venue | Wight Class | Reteree | myovaes | ASVECAS, NEVADA, USA | URC APEX | ‘WOMENS STRAWWEIGHT 15 LB. | aR SMH | oS | Lasce) | oo | [anc | oa | ALENCAR | CARNELOSS! | mn) | ALENCAR | CARNELOSS | ALENCAR | caRNeLOs | oe | ""om | 08 | oo | ron | eae | ‘one | Sone | emt, | rove | oe | Boe | mae | Stow | oe | ar | rae | a | rom | oy | Slow | 10 | 1 | 3 | 0 | 0 | 1 | 9 | 10 | 2 | 9 | 0 | 0 | 2 | 9 | 3 | 3 | 20 | rem | 8 | on | 8 | Tort | 8 | [scopoc: | | ADALAIDE BYRD | DEREK CLEARY | RON MCCARTHY | POINT DEDUCTIONS | NOTES | RESULT | UFC.COM| | Talita Alencar won by submission 436 of | round 3 - Rear naked choke"
4db037ce1d23e198e53ec5e3.jpg,35bb7e59799227bc97ee3a2a37600112e9efe1141eb1fc207e13abf14f694233,bb2121c2-ed5e-5b43-97a4-fa18f54c64a4,b8f68ec1-3905-5b2e-b6f9-5c5de237ad4e,UFC Fight Night: Garcia vs. Onama,2025-11-01,ChangHo Lee|Timmy Cuamba,jpeg,11,103,8,2,"‘BG Lns. | FIGHT #6 | ‘BSSUBS. | UFC | scorecaro | TIMMY CUAMBA | vs. | CHANGHO LEE | UFCFIGHT NIGHT: GARCIA VS. ONAMA | ate | Location | Venue | Weight class | Referee | wyovas | LASVEGAS, NEVADA USA | URC APEX | BANTAMWEIGHT 135. | ERICMCHAHON | oo | re | may | May | ‘ouNcHO | ouncHo | ‘UAMBA | LEE | ‘UAMBA | LEE | CUAMBA | LEE | Tone | cy | ""eo | ron | Tem | toc | °9© | toner | Stone | Sow | ster | #98 | ote | sone | Sone | eco_| FOE | ove, | See | 0 | 9 | 1 | 10 | 0 | 10 | 0 | 2 | 9 | 10 | 3 | 0 | 0 | | | 3 | 9 | 10 | ont | Tmt | 2B | 2B | 28 | [yea noc} | DEREK CLEARY | JUNICHIRO KAMIJO | RON MCCARTHY | POINT DEDUCTIONS | NOTES | RESULT | UFC.com | ‘Timmy Cuamba won by Unanimous Decision"
f8266c686f942b50a702cdbc.jpg,1ea3a08c1fd8b0ca138bebdec3e124bff6b28b0b395cd9f147903cd6ca997b98,c8894fcd-269e-5b01-84a4-5525b980f2ee,b8f68ec1-3905-5b2e-b6f9-5c5de237ad4e,UFC Fight Night: Garcia vs. Onama,2025-11-01,Waldo Cortes Acosta|Ante Delija,jpeg,11,110,2,2,"263 8s. | FIGHT #12 | 2375185. | Ur | scorecaro | WALDO CORTES ACOSTA | vs. | LUFC FIGHT NIGHT: GARCIAVS. ONAMA | ANTE DELIJA | bate | i | Venue | URC APEX | Weignt class | HEAVYWEIGHT 265 LBS. | Referee | aR SMITH | ‘1701/2025 | {AS VEGAS, NEVADA, USA | Ea | Ea | foneuseasy | EE | CORTES ACOSTA | vet | CORTES ACOSTA | eta | CORTES ACOSTA | ELA | oo | roe | roar | ao | ‘ae | 7 | rane | Tone | oy | cy | Tone | mm | mae | Sem | vont. | °° | orc | Seane | Sone | coe | ro, | Sone | Sone | oo | 00 | ave | Sone | 1 | 1 | 1 | 2 | B | 2 | 3 | 3 | 3 | ra | rom | Tone | targa | veep] | fswene | | DEREK CLEARY | JUNICHIRG KAMIJO | DAVID LETHABY | POINT DEDUCTIONS | ‘NOTES | RESULT | Waldo Cortes-Acosta won by KO 359 of | Round 1"
183bdfff6eff731293141648.jpg,0986be907bb0655317b317c861d79758f795a769248fe72d6136834590a5f818,f453bf6d-4bad-528a-a4d7-3a671f7c46bd,b8f68ec1-3905-5b2e-b6f9-5c5de237ad4e,UFC Fight Night: Garcia vs. Onama,2025-11-01,Isaac Dulgarian|Yadier del Valle,jpeg,11,108,1,2,"Huss. | ‘618s, | FIGHT #10 | UFC | scorecaro | ISAAC DULGARIAN | vs. | YADIER DEL VALLE | LUFC AIGHT NIGHT: GARCIA VS. ONAMA | ae | Location | ve | Reteree | syos20ns | US VEGAS NEVADA, USA | rcapeX | Weigh cis | FEATHERWEIGAT-45 LS, | ERIC HOUHON | [ socowe | | f soxcnes J | co | =| co | [ sxcooes | | YDIER | ‘YWDIER | DULCARIN | eLWALLE | DULGARIAN | DEL VALLE | DULCARIAN | DEL VALLE | co | me | Be | Te | ae | co | ae | Sot | 3 | 00 | too | Sone | = === Ls | Some | eo | Some | 1 | 1 | | | | | 1 | | | 2 | | | | | | | [2 | 3 | | | | | [3 | | | om | one | [=< | arg | [eucnoc ] | DEREK CLEARY | DAVID LETHABY | JERIN VALEL | POINT DEDUCTIONS | RESULT | a | Yadier Del Valle won by submission 341 of | Round | - Rear Naked Choke"
e775ef1899fb884f8b5a159b.jpg,0ccea07b08f10d1c87849e478c1816e1f43c21bfa647465af868a31112eace8b,0ac25b34-5636-58db-8c96-11199d87549a,523d2b8f-54df-5384-a980-8efa9ee913ba,UFC Fight Night: Bonfim vs. Brown,2025-11-08,Josh Hokit|Max Gimenis,jpeg,11,95,0,2,"23615. | FIGHT #4 | 2365155. | Ur | scorecaro | JOSH HOKIT | vs. | MAX GIMENIS | UFC FIGHT NIGHT: BONFIM VS, BROWN. | ate | Location | verve | Reteree | rcaPex | Wielgh class | WEAVYWECHT- 26518. | Marx samt | ‘yospz02s | US VECAS, NEVADA USA | [resem § | Ges) | GEE] | fnmcers)) | osu | ax | Max | aK | HOKIT | CIMENIS | jos | HOKIT | GIMENIS | jos | HOKIT | GIMENIS | Tom | oy | mae | mae | mae | or | roar | a | oy | Se | or, | rove | te. | Soe | one. | oe | ae | Ste | eS | oy | ae | 2 | 3 | Toa | Toa | [sconne | | [ye noc} | BEN CARTLIDGE | CHRIS LEBEN | ‘TONY WEEKS | POINT DEDUCTIONS | RESULT | Hokit won by TKO .56 of Round 1"
b755e0d5224500305bfbaeb0.jpg,b402ca24b15043aa1481b9a5204c1d6b6b9136884dd4ef6e906c5dba82452a82,5ccc5060-b486-563b-ba6e-0e29ff92b4e2,523d2b8f-54df-5384-a980-8efa9ee913ba,UFC Fight Night: Bonfim vs. Brown,2025-11-08,Raoni Barcelos|Ricky Simon,jpeg,11,106,8,2,"135505, | FIGHT #6 | ‘as. | Ur | scorecaro | RICKY SIMON | vs. | RAONI BARCELOS | UFC FIGHT NIGHT: BONFIM VS, BROWN. | ate | Location | verve | Reteree | rcaPex | Weigh class | BUTEIGHT- 135 LBS. | EITH PETERSON | ‘yospz02s | US VECAS, NEVADA USA | ea | C=] | fnmcees:) | icky | AON | ocr | RON | iar | ROM | ‘SIMON | BARCELOS | SIMON | BARCELOS | SIMON | BARCELOS | Tom | oy | mae | mae | eae | oy | roar | a | on | Se | or, | rove | te. | Soe | one. | oe | ae | Ste | oy | ae | 10 | 1 | 9 | 10 | A | 0 | 3 | 2 | 10 | 10 | 0 | 3 | 3 | 10 | 10 | 10 | 2 | | 28 | Toa | Toa | EJ | oo | ERIC COLON | ‘SAL D'AMATO | JUNICHIRO KAMIJO | POINT DEDUCTIONS | RESULT | Raoni Barcelos won by Unanimous Decision"
305720dd5df8b739055675cc.jpg,207e64011b07c581f83420ef10d8f319b73efc71ca47d0d3bba48788ea9768f8,6088e673-a059-5c16-9ed2-77b2b7ba884f,523d2b8f-54df-5384-a980-8efa9ee913ba,UFC Fight Night: Bonfim vs. Brown,2025-11-08,Muslim Salikhov|Uros Medic,jpeg,11,89,1,2,"muss. | FIGHT #10 | mis, | Ur | scorecaro | MUSLIM SALIKHOV | vs. | UROS MEDIC | UFC FIGHT NIGHT: BONFIM VS, BROWN. | ate | Location | verve | Reteree | rcaPex | Wilgh class | ‘WELTERWEIGHT - 7018s | epRY WEY | ‘yospz02s | US VECAS, NEVADA USA | GES) | C=] | ‘usu | Ros | ‘wusuim | unos | Musun | Ros | SALIKHOV | MEDIC | SALIKHOV | ‘MEDIC | SALIKHOV | MEDIC | Foam | Tom | mae | mae | eae | oy | roar | a | Se | foe, | 0 | aoa | one. | oe | ae | Ste | oy | 2 | 3 | Toa | Toa | oo | [ye roc: | | ERIC COLON | JUNICHIRO KAMIO | CHRIS LEBEN | POINT DEDUCTIONS | RESULT | Medic won by TAO 1:03 of Round 1"
726311482d16bcc0de1e62a8.jpg,190a849095f31d2744a504b235d429304ee914f11b2ac644072f5c1af6c28339,b43a28df-7fcb-5309-b29e-f02ae5b6d4e0,523d2b8f-54df-5384-a980-8efa9ee913ba,UFC Fight Night: Bonfim vs. Brown,2025-11-08,Hyder Amil|Jamall Emmers,jpeg,11,92,9,2,"155 05. | FIGHT #7 | 5s, | Ur | scorecaro | HYDER AMIL | vs. | JAMALL EMMERS | UFC FIGHT NIGHT: BONFIM VS, BROWN. | ate | Location | verve | Reteree | rcaPex | Wielgh class | FEATHERWEIGHT- 195 185. | ERRY WATLEY | ‘yospz02s | US VECAS, NEVADA USA | eS) | =] | HvDER | vvoer | DER | AMIL | EMMERS | AMIL | EMMERS | AMIL | EMMERS | AMAL | Tom | mae | mae | eae | or | roar | a | Se | or, | rove | te. | one. | oe | ae | Ste | oy | 10 | 10 | 10 | 10 | 10 | 0 | 10 | 10 | 10 | Call | 2 | | Toa | 30 | Toa | BEN CARTLIDGE | ‘SALEEM HANIFF | CHRIS LEE | POINT DEDUCTIONS | RESULT | Jamall Emmers won by Unanimous Decision"
6074f064d92fe40c210bcc35.jpg,9ceb7987355a79ca4be5cbe3ba50872ef29c993ee0d699515c8099a419dc5cce,02130ace-6702-515e-a5b7-a47c4647d220,60cbbda6-a593-5de5-9581-c91a2ea35069,UFC 323: Dvalishvili vs. Yan 2,2025-12-06,Mansur Abdul-Malik|Antonio Trocoli,jpeg,11,103,0,2,"550s, | FIGHT #2 | ‘6s. | Ur | scorecaro | MANSUR ABDUL-MALIK | vs. | ANTONIO TROCOLI | ‘URC 323: DVALISHYILI VS. YAN2 | ate | Location | Verve | Reteree | ‘PMOBILE ARENA | Weigh ciass | ‘MIDDLEWEICAT-185 ns. | aR sam | ‘2/06/2025 | US VEGAS, MUADA, USA | [oom | = | ood | | co | faces) | ‘maysur | ‘ANTON | asuR | ‘ANTONIO | uausun | ‘Toto | ‘ABDUL-MALIK | TROCOLI | ‘ABDUL-MALIK | TROCOLI | ‘ABDUL-MALIK | TROCOLI | ‘on | oy | oy | mae | 008 | ome | eae | oy | mr | a | oy | Sone | cfu, | 80 | ole. | Se | Soe | ane. | eS | ae | ire | eS | my | ia | 1 | 2 | 3 | Toa | [vere noc: | | CHRIS LEE | RON MCCARTHY | ‘TONY WEEKS | POINT DEDUCTIONS. | NOTES | RESULT | Mansur Abdul Malik won by submission 1:09 | ‘of round 1 - Guillotine choke."
1d89a183bfbf91d4935cfee5.jpg,5c51c85be96623355af374af3552803ae0ceb139f7c7dc9c942ccd4dfa65508c,03b9c6ee-6cbf-5f26-bede-b1f40cca913a,48d2ab68-1f2c-51f3-bf12-9e71cb4b5a0f,UFC Fight Night: Royval vs. Kape,2025-12-13,Kevin Vallejos|Giga Chikadze,jpeg,11,108,4,2,"5s. | FIGHT #11 | 45185, | UFC | scorecaro | GIGA CHIKADZE | vs. | KEVIN VALLEJOS | UFC FIGHT NIGHT: ROYVAL VS. KAPE | bate | Location | Venue | Weight class | Referee | re pMs | {AS VEGAS, NEVADA, USA | ‘UFC APEX | FEATHERWEIGHT- 45 LBS. | aaK SMITH | [asso] | a | KEVIN | cca | KEVIN | aca | KEVIN | CHIKADZE | CHIKADZE | CHIKADZE | WALLE}OS | WALLE|OS | WALLEJOS | cy | Sow | tout | on | sam | pn | ar | ory | cy | Son | a | EJ | stave | ar | Sone | ory | oy | ar | oy | 10 | 1 | 0 | 9 | 0 | 2 | 3 | 0 | Tot | 10 | rom, | 10 | om | [reo woe ] | [ye noc | [ sue noc | | SAL D'AMATO | RON MCCARTHY | JUNICHIRO KAMIJO | POINT DEDUCTIONS | e=——_ | Kevin Vallejos won by KO 1:29 of Round 2"
5990435a69277a0257b90074.jpg,3b17af2b524cc94c6d2960e3c413a1f50b2b7342584f6fed33f2da1e0dd4e5a0,14055f38-1d60-57fd-abcb-c3ed4e0149d7,48d2ab68-1f2c-51f3-bf12-9e71cb4b5a0f,UFC Fight Night: Royval vs. Kape,2025-12-13,Brandon Royval|Manel Kape,jpeg,11,99,0,2,"261s, | FIGHT #12 | Pot | UFC | scorecaro | BRANDON ROYVAL | vs. | MANEL KAPE | UFC FIGHT NIGHT: ROYVAL VS. KAPE | Date | Location | Venue | Weight Class | Reteree | ‘ya 2025 | {AS VEGAS, NEVADA, USA | UFC APEX | LYWEIGHT 125 LBS. | ERB DEAN | xo | =a | co | [ scomer | | ‘BRANDON | MANEL | BRANOON | MANEL | ‘BRANDON | MANEL | ROYVAL | KAPE | ROYVAL | KAPE | ROYVAL | coy | ar | mt | oe | cy | ""ear | om | ory | coy | ‘ear | oar | ior | ot | Scone | Son | aoe | Sore | Son | aut | bd | rom | rom | rom | [ econ} | [ye noc | MIKE BELL | ERIC COLON | SAL D'AMATO | POINT DEDUCTIONS | ‘NOTES | RESULT | ie | ‘Manel Kape won by TKO 3:18 of Round 1"
d5e39ffd3bb48709e1b8d69f.jpg,1175b838bca093a2aacbf8ba558e79c7968634ead60736938fea591345edccc8,1af14ef6-e85a-565c-8d78-1f42618318c1,48d2ab68-1f2c-51f3-bf12-9e71cb4b5a0f,UFC Fight Night: Royval vs. Kape,2025-12-13,Yaroslav Amosov|Neil Magny,jpeg,11,99,0,2,"‘WILBS. | ‘HLS. | FIGHT #6 | UFC | scorecaro | NEIL MAGNY | vs. | YAROSLAV AMOSOV | LUFC FIGHT NIGHT: ROYWAL VS. KAPE | pate | Location | venue | Wight lass | Referee | ayers | {AS VEGAS, NEVADA, USA | UUFCAPEX | WELTERWEIGHT 1701S, | HERB DEAN | [scone | | we. | anos | et. | Ros | aL | YAROSLA | MAGNY | ‘AMOSOV | MAGNY | ‘AMosOV | MAGNY | ‘AMOSOV | oy | a | oy | cy | om | ‘oa | ory | cy | on | oat | oo | Some | Sone | oot | au | oe, | Seon | Some | aoc, | ove | ‘Soe | 1 | 2 | 3 | rome | Tom | rom, | ao | [vr noc] | MIKE BELL | ADALAIDE BYRD | ‘SAL D'AMATO | POINT DEDUCTIONS | ‘NOTES | RESULT | tas | Yarostav Amosov won by submission 3:14 of | round 1 - Anaconda choke,"
fa2df5e763abb2e046009cd3.jpg,df64241dfcb748dc9cd93636640c7ace986a624d378474cd5ea8f7da559823a0,37a9e267-0941-509c-9576-9748211b3bef,48d2ab68-1f2c-51f3-bf12-9e71cb4b5a0f,UFC Fight Night: Royval vs. Kape,2025-12-13,Jamey-Lyn Horth|Tereza Bleda,jpeg,11,96,0,2,"‘261s. | FIGHT #1 | ‘261Bs, | UFC | scorecaro | JAMEY-LYN HORTH | vs. | TEREZA BLEDA | ‘UFC FIGHT NIGHT: ROYAL VS. KAPE | ate | Location | Venue | Weight class | Reteree | 2780s | {AS VEGAS, NEVADA, USA | UUFCAPEX | (WOMENS AYWEIGHT 25 LBS. | KERRY WATLEY | [ woxcome | | oo | =o coo | TEREZA | ‘TEREZA | TEREZA | JaMer-LYH | AMEY-LYN | Aner | HORTH | BLEDA | HORTH | BLEDA | HORTH | BLEDA | oy | cy | ar | ca | oy | oy | emt | a0 | Scone | ‘one | Stone | Duc | Scone | Scone | ou, | Scone | 1 | 3 | 3 | roma | roa | rom | {wr noc] | or | MIKE BELL | SAL D'AMATO | DAVID SUTHERLAND | POINT DEDUCTIONS | NOTES | = | JameycLyn Horth won by TKO 205 of round 1."
e5fd2d1c51d3da8df9293a30.jpg,025381b3938799747ea173bd4f55b6582a1b1aa9519a58b81afb2debc3553538,380824a7-eab3-5d08-b137-3f162d15b971,48d2ab68-1f2c-51f3-bf12-9e71cb4b5a0f,UFC Fight Night: Royval vs. Kape,2025-12-13,Kennedy Nzechukwu|Marcus Buchecha,jpeg,11,133,10,2,"23s, | FIGHT #8 | 2515 ns. | UFC | scorecaro | KENNEDY NZECHUKWU | vs. | MARCUS BUCHECHA | ‘UFC FIGHT NIGHT: ROYWAL VS. KAPE | Date | Location | Venue | Weight lass | Reteree | arses | {AS VEGAS, NEVADA, USA | UUFCAPEK | HEAWYWEIGHT -265 LBS. | HERB DEAN | Ga | [scones] | [paces | KENNEDY | Manaus | KENNEDY | aRcus | KENNEDY | NZECHUKWU | BUCHECHA | NZECHUKWU | BUCHECHA | NZECHUKWU | BUCHECHA | oy | a | rae | co | oy | oy | 70 | woom | Sar | oo | 0 | aur nove | ""ont | eae | Stone | ove | po | Son | Seow | ott | oe. | Son | Seon | to | nove | 10 | 1 | 9 | 0 | 1 | 0 | 1 | Ke | 1 | 2 | 10 | £5) | 1 | 2 | | | 10 | 1 | 2 | 0 | M8 | “10 | | | 3 | 9 | 10 | 3 | | | 9 | 0 | 3 | 2 2B | rom | rt | 2B | rom | QB | om | 2B | [wre noc: | | [sve noc] | MIKE BELL | RON MCCARTHY | TONY WEEKS | POINT DEDUCTIONS | ‘NOTES | RESULT | R2 | Nzechukwu | tet | Fingers to eye | ‘Unanimous Draw"
a816b0420d7f3aba8350be89.jpg,ca9881b25b87945c90c3643b53d4b585ff102cc8eeb160ceaf9215eb9c0a182e,7d5bd54a-2e8f-5e8c-96c2-b245dd10f8d6,48d2ab68-1f2c-51f3-bf12-9e71cb4b5a0f,UFC Fight Night: Royval vs. Kape,2025-12-13,Sean Sharaf|Steven Asplund,jpeg,11,105,7,2,"2511s. | FIGHT #84 | 218s, | UFC | scorecaro | SEAN SHARAF | vs. | STEVEN ASPLUND | ‘UFC FIGHT NIGHT: ROYAL VS. KAPE | ate | Location | Venue | Weight class | Referee | 2780s | {AS VEGAS, NEVADA, USA | UUFCAPEX | HEAVYWEIGHT -265 LES. | MARK SMITH | ao | [nox come] | xo | STEVEN | SEAN | SEAN | STEVEN | SHARAF | ASPLUND | ‘SHARAF | ASPLUND | SHARAF | ASPLUND | = | oy | cy | ar | ca | oy | oy | emt | a0 | a | Scone | ‘one | Stone | Duc | Scone | Scone | ou, | ee. | Scone | 9 | 10 | 1 | 10 | 1 | | | 10 | 3 | | | 3 | roma | 10 | roa | 0 | rom | 10 | [ver noc] | [su 10] | JUNICHIRO KAMIJO | DAVID SUTHERLAND | TONY WEEKS | POINT DEDUCTIONS | NOTES | RESULT | kes | Steven Asplund won by TKO 3:69 of round 2."
b3a95d04d912600278cc4860.jpg,5814259957f204452ea6417e5fa0c58b7ab60dc8e275c7a15461d360d7c4ef2e,72677782-6338-51f2-bc73-0bea8595b6b6,c51d1d9f-bdb6-5901-8cb1-c8633b20f8c4,UFC 324: Gaethje vs. Pimblett,2026-01-24,Nikita Krylov|Modestas Bukauskas,jpeg,11,98,9,2,"2055185, | FIGHT #44 | 208185. | Ur | scorecaro | NIKITA KRYLOV | vs. | MODESTAS BUKAUSKAS | ‘UPC 326: GAETH)EVS. PIMBLETT | ate | Lozaion | Verve | eleree | ‘PMOBILE ARENA | Weigh ciass | ‘UGH HEANYWEICHT-205 LBS. | ane coooaRo | oyeapens | US VEGAS, NNADA, USA | = | | co | KITA | MODESTAS | KT | MODESTAS | Ka | MoDESDS | KRYLOV | BUKAUSKAS | KRYLOV | BUKAUSKAS | KRYLOV | BUKAUSKAS | ar | ‘oa | roe | ome | eae | ory | mr | a | Sone | foe, | 80 | aoa | Soe | one. | eS | ae | ior | roo | ae, | 10 | 10 | 9 | 0 | 10 | 10 | 0 | 20 | oa | 8 | 8 | 8 | 20 | 8 | BEN CARTLIDGE | RON MCCARTHY | ‘TONY WEEKS | POINT DEDUCTIONS | RESULT | Nikita Krylov won by KO 487 of round 3."
18ec8b15142c658a9d41e4af.jpg,6deb75ac0779b3839b7e8e88d0ed1233edc1d1763e2dbe4e1607cde39d5ef5a0,b3699d0c-7728-56b2-8889-66352418d62f,c51d1d9f-bdb6-5901-8cb1-c8633b20f8c4,UFC 324: Gaethje vs. Pimblett,2026-01-24,Ateba Gautier|Andrey Pulyaev,jpeg,11,93,7,2,"‘6s, | FIGHT #5 | ‘6s, | Ur | scorecaro | ATEBA GAUTIER | vs. | ANDREY PULYAEV | ‘UPC 326: GAETH)EVS. PIMBLETT | ate | Lozaion | Verve | Weigh ciass | Reteree | oyeapens | US VEGAS, NNADA, USA | ‘PMOBILE ARENA | ‘MIDDLEWEICAT-185 ss. | Magi samt | Ge) | | co | ‘EBA | ‘woReY | ‘ORE | ‘EBA | ‘aNOREY | TIER | PULYAEV | ater | PULYAEV | GAUTIER | LYAEV | oy | Sone | owe, | em | ace | ar | Ton | Soe | one. | roe | ae | ome | eae | ae | ory | ior | eS | mr | mn | a | 10 | 10 | 0 | | | 10 | 10 | 0 | 10 | 10 | 2] | 10 | 30 | Ton | oo | JUNICHIRO KAMIjO | CHRIS LEE | DAVID LETHABY | POINT DEDUCTIONS | SUIT | ‘Ateba Gautier won by Unanimous Decision"
bb9a456a578dd2ce8b91960a.png,9c290453f3a51c756159498cf78d8cb08a1b0c2b1e43fbc07b1da0cadcb6e458,604d5012-18f8-5401-9c89-b689f92669a9,0bd8e47f-1e27-5644-a6d5-ed22d15d42a5,UFC 326: Holloway vs. Oliveira 2,2026-03-07,Caio Borralho|Reinier de Ridder,png,11,107,9,2,"161. | FIGHT #11 | WSS LBs. | UFC | scorecaro | CAIO BORRALHO | vs. | REINIER DE RIDDER | ‘UFC 326: HOLLOWAY VS. OLIVEIRA 2 | Date | Location | Verve | Weight Cass. | Referee | wore | {US VEGAS, NEVADA USA | “FMOBILE ARENA | MIDDLEWEIGHT - 15 Ls. | ERB DEAN | [scones | | co | EINER | oo co | REINER | BORRALHO | DE RIDDER | BORRALHO | DERIDDER | BORRALHO | DERIDDER | Pd | Scone | oct | rom | 08 | oct | on | Sone | too, | 2 | toot | reo | Ta | Scone | T00 | Son | stoce_| 2 | toc | ""ron | Tone | ‘on | 10 | 1 | 9 | 10 | 0 | 0 | 2 | 9 | 10 | 0 | 10 | 3 | 9 | 10 | 10 | em | 30 | [em | a | BEN CARTLIDGE | SAL D'AMATO | RON MCCARTHY | POINT DEDUCTIONS | RESULT | Caio Borratho won by Unanimous Decision"
0922c01b04676b9ba22fbaed.png,4c28fbf9e1602edfd0f7e6fc3bc98d96753aed47182fa4cc2276d0206acb6960,dfd5d040-088d-5933-be77-c1249ae24896,0bd8e47f-1e27-5644-a6d5-ed22d15d42a5,UFC 326: Holloway vs. Oliveira 2,2026-03-07,Rafael Tobias|Diyar Nurgozhay,png,11,116,13,2,"2041s. | FIGHT #2 | 2055185. | UFC | scorecaro | RAFAEL TOBIAS | vs. | DIYAR NURGOZHAY | ‘UFC 326: HOLLOWAY VS. OLIVEIRA 2 | ate | Location | Weight Class. | Reteree | sores | AS VEGAS, NEVADA USA | T-MOBILE ARENA | LUGHT HEAYWEICAT-205 LBS. | HERB DEAN | [ ncomes J | oo | | co | [scones] | RAFAEL | ToBiks | urcozhay | TOBIAS | uRcozHAY | TOBIAS | wuRcozHAY | ca | Tae | sue | ca | Ta | roar | eae | rao | Tene | oe. | one | Sone | Tn | eet | La | Son | oct | oct | ‘on | 10 | 9 | a | 10 | 9 | 1 | 10 | 2 | 10 | 0 | 2 | 9 | 9 | 2 | 10 | 3 | 10 | 3 | 3 | 10 | 10 | 3 | 9 | rom | rom | rom | 30 | 23 | 28 | [sco noc} | [ ave noc | | BEN CARTLIDGE | DAVID LETHABY | TONY WEEKS | POINT DEDUCTIONS | ‘NOTES | RESULT | Diyar Nurgozhay won by Unanimous Decision"
a2292225dc53419379a0996d.jpg,b363904fc6ed79218ed73e65abeb89a6b065fe5178f49a54449efa3ffc575c40,2b8a9a35-e94f-569d-b841-f69862ce5de2,89d069d4-4564-59aa-acc7-f82c93dd1293,UFC Fight Night: Evloev vs. Murphy,2026-03-21,Mario Pinto|Felipe Franco,jpeg,11,111,8,2,"25785, | 27s. | FIGHT #5 | UFC | scorecaro | MARIO PINTO | vs. | FELIPE FRANCO | ‘URC FIGHT NIGHT: EVLOEV VS, MURPHY | Location | Venue | Wight class | Reteree | 03/24/2026 | ‘LONDON, ENGLAND, caR | THE 02 ARENA | EANWEIGHT 265 LBS. | WCASZ Bosal | [ cme | | [ exconen | | [ ce | | xa | mano | FELIPE | ania | FELIPE | mani | FELIPE | PINTO | FRANCO | PINTO | FRANCO | PINTO | FRANCO | woe | co | at | oe | oe | ""oa | oe | coy | rom | roa | Sone | a Rael | bd | ‘on | Sone | Sone | Sone | 9 | 1 | 10 | 10 | 3 | 0 | 10 | 2 | 0 | 10 | 2 | 10 | 3 | 10 | 10 | 3 | om | 2B | E | rot | 2 | Tort | 28 | [sve noc} | DAVID LETHABY | ANDERS OHLSSON | DARRYL RANSOM | POINT DEDUCTIONS | = | Mario Pinto won by Unanimous Decision"
bc3f6854ed20ba73501970b3.jpg,024e61ca263eed317a3cb9b1aa835d7a4e3603d5663468d18b4698e8715251c8,3db65f67-a782-5bdb-a849-f40b05a728bb,89d069d4-4564-59aa-acc7-f82c93dd1293,UFC Fight Night: Evloev vs. Murphy,2026-03-21,Louie Sutherland|Brando Pericic,jpeg,11,94,0,2,"2418s. | 264108, | UFC | scorecaro | FIGHT #3 | LOUIE SUTHERLAND | VS. | BRANDO PERICIC | ‘URC FIGHT NIGHT: EVLOEV VS, MURPHY | Wight class | dines | ‘ojo co, cok | Two ae | EANWEIGHT 265 LBS. | acon | [ cee | | =o) =I | xa | [ women J | BRANDO | SUTHERLAND | PERICIC | SUTHERLAND | PERICIC | SUTHERLAND | pentcie | Sone | a Rael | co | at | ‘on | ‘on | ooo | roa | rane | ""oa | bed | ioe | rom | 00 | ee. | roa | Sone | 1 | 1 | i | 2 | 2 | 2 | 3 | 3 | 3 | om | rot | an | [ sve nose} | BEN CARTLIDGE | DAVID LETHABY | ANDERS OHLSSON | POINT DEDUCTIONS | = | Pericic wins by TKO - 1:48 of RI"
ed5ab426e484bd731ce2e4e6.jpg,3aabcb9676bb18df11f188a7800b8a5fdadbd3ba453427d11b843cf48b782a52,68f96e6c-d568-5f6b-81d8-9dcec7e047ff,89d069d4-4564-59aa-acc7-f82c93dd1293,UFC Fight Night: Evloev vs. Murphy,2026-03-21,Iwo Baraniewski|Austen Lane,jpeg,11,105,1,2,"206185. | 205 as, | UFC | scorecaro | FIGHT #10 | IWO BARANIEWSKI | vs. | AUSTEN LANE | ‘UFC FIGHT NIGHT: EVLOEV VS. MURPHY | bate | Weight Cl | Reteree | 0372172026 | LONDON, ENGLAND, CER | THE 02 ARENA | LUGHT HEAYWEIGHT -205L3S. | WCASZ BosAKT | oo | =|) =o | =| |= | ‘AUSTEN | AUSTEN | ‘AUSTEN | BARANIEWSKI | LANE | BARANIEWSKI | LANE | BARANIEWSKI | LANE | roar | mae | mae | ro | mae | ae | roo | mae | Seow | sove_| 2 | ot | Sone | Seo | co | oar] same | oe | Sone | Sco | oer | 2 | ot | See | 1 | 1 | 1 | 2 | 2 | 2 | 3 | 3 | 3 | Tmt | on | Tot | [se noc] | BEN CARTLIDGE | DEREK CLEARY | VITO PAOLILLO | POINT DEDUCTIONS | 3 =—_ | Baraniewski wins by TKO - 0:28 of RY"
aff99f54aee8e3a18bca2884.jpg,357d7469a9879ce1021d06af5f7c054168ffa48f457168be5782057c97859174,9d6c2cd5-3bac-5ca6-90b3-424607e2e213,89d069d4-4564-59aa-acc7-f82c93dd1293,UFC Fight Night: Evloev vs. Murphy,2026-03-21,Abdul-Kareem Al-Selwady|Shem Rock,jpeg,11,111,6,2,"5618s. | FIGHT #2 | ‘6 U0s. | UFC | scorecaro | SHEM ROCK | vs. | ‘ABDUL-KAREEM AL-SELWADY | ‘UFC FIGHT NIGHT: EVLOEV VS. MURPHY | ate | Location | Verve | Weigh class | Reteree | oars | LONOON, ENGLAND, coR | THE 02 ARENA | LUGHTWEIGHT 155.85. | ‘SON WeRzOG | [ sncones | | cS | oo) co | Ea | HEM | ABDULKAREEM, | HEM. | ‘ABDUL KAREEM. | HEM | ABDULKAREEM. | ROCK | ‘AL-SELWADY | ROCK | ALSELWADY | ROCK | ‘AL-SELWADY | om | =e | oo | amr | = | ea | a | a | Seo | Son | ime | #42 | ‘one | Sere | oot | tu | See | 10 | 10 | 3 | 1 | i | 0 | 10 | 10 | 8 | 2 | 0 | T | 10 | 0 | 3 | 3 | 0 | Tmt | Tom | a | oa, | 30 | ""ow Ho | ‘VITO PAOLILLO | DARRYL RANSOM | CLEMENS WERNER | POINT DEDUCTIONS | NOTES | RESULT | ‘Abdui-Kareem AL-Selwady won by Unanimous | Decision"
07c01404fdd1c4a648761223.jpg,889720a6fc8ca07bc1e86d6f8079e7dade978059a94b8a948e96847358fdaea3,eec72aee-4cea-58fc-996b-dbe134e525b3,89d069d4-4564-59aa-acc7-f82c93dd1293,UFC Fight Night: Evloev vs. Murphy,2026-03-21,Mantas Kondratavicius|Antonio Trocoli,jpeg,11,107,9,2,"ss. | FIGHT #4 | sas us, | UFC | scorecaro | MANTAS KONDRATAVICIUS | vs. | ANTONIO TROCOLI | ‘UFC FIGHT NIGHT: EVLOEV VS. MURPHY | Venue | Weigh class | nas | LONDON, eNcLAND, con | ‘THEZ ARENA | MIDDLEWEIGHT 105, | prot aoe | Coa | f nccover | | wvecsnes J | ‘Tonto | Mo | ‘Ton | KONDRATAVICIUS | TROCOLI | KONDRATAMCIUS | TROCOLI | 01 | KONDRATAVICIUS | TROCOLI | oy | ca | 00 | rem | Soe | 00 | re | ar | 0 | ie | ie. | oo | Soe | oo | oe | on | oe | 10 | 1 | 8 | Bo | 10 | | | | | 1 | 10 | 2 | 7 | 3 | 10 | 0 | | | 2 | 10 | 3 | | | 9 | 0 | 9 | | | 3 | [0 | Tom | oat | vont | 30 | a | Ey | Ed | DEREK CLEARY | VITO PAOLILLO | CLEMENS WERNER | POINT DEDUCTIONS. | NOTES | RESULT | bass | ‘Mantas Kondratavicius won by Unanimous | Decision"
7e33e667d51d7ecc930d863c.png,f299ad7c885ec1786ceaae1f4a3018889d1ea066e3fc35e6e29cab4a58235b42,34380a73-9d7a-52b7-926e-67045de53690,e7f7a52c-eb5a-5430-ba0e-520cdd6e19fb,UFC Fight Night: Adesanya vs. Pyfer,2026-03-28,Bruna Brasil|Alexia Thainara,png,11,119,11,2,"115 0s. | FIGHT #1 | 1150s. | UFC | scorecaro | ALEXIA THAINARA | vs. | BRUNA BRASIL | UFC FIGHT NIGHT: ADESANYA VS. PYFER | bate | 322006 | ‘SEATTLE, WASHINGTON, USA | cation | CLIMATE PLEDGE ARENA | we | Weight class | WOMENS STRAWWEIGHT- 15 LB. | Referee | ‘BOBBY WOMBACHER | oo | co | oo | |) co | co | BRUNA | ‘NAA | BRUNA | MENA | BRUNA | THAINARA | BRASIL | THAINARA | BRASIL | THAINARA | BRASIL | a | CJ | co | ae | owe | Tone | rom | came | Ta | ‘on | tou | oc. | ‘ome | rom | toot | Some | ‘on | too | ron | ‘on | 10 | 1 | 10 | 1 | 3 | 10 | ft | 9 | 10 | 2 | 0 | 2 | 3 | 10 | 2 | 9 | 10 | 3 | 10 | 3 | 3 | 10 | 3 | 9 | rom | om | 30 | rom | a | [sve woo | | [rsuow wore} | [ ae noc | | MARLON PERRY | MIKE BELL | JUNICHIRO KAMIJO | POINT DEDUCTIONS | ‘NOTES"
ae530fbeee9d22c1d08c37ac.png,f544efdb88bfb3b9a1790c6c5e6a2a8b9069692ef5ac5850b80b3e944f90231a,35843ee5-e80c-5c40-955e-447a0394aecb,e7f7a52c-eb5a-5430-ba0e-520cdd6e19fb,UFC Fight Night: Adesanya vs. Pyfer,2026-03-28,Kyle Nelson|Terrance McKinney,png,11,91,1,2,"1568s. | FIGHT #8 | 156185. | UFC | scorecaro | TERRANCE MCKINNEY | vs. | KYLE NELSON | LUFC FIGHT NIGHT: ADESANYA VS. PYFER | Weight Class | free | rans | Seam asancrON us | Cane eos Aen | LUGATWEIGHT 155 LBS. | HERB DEAN | | =I | =a (co | TERRANCE | MCKINNEY | NELSON | MCKINNEY | waiSOW | MCKINNEY | we.SOn | cy | eet | on | oH | oct | rom | Som | Sore | oc, | ""ear | 00 | uc | Seo | Som | co | on | om | Sco | 1 | a | 2 | 2 | 3 | 5 | rom | Tom | am, | oo | {cen poe] | ERIC COLON | MARLON PERRY | MIKE BELL | POINT DEDUCTIONS | NOTES | RESULT | Mckinney win by TKO at 24 of rd 1"
81632a3ef2ed52d35804bd9a.png,2e6d68c6a54a9b758e8f0a62ecedc518e4afc38894916b2e6f8fff5e2240a720,3e8cbca3-09c6-508d-9f71-8c64ef06e8d2,e7f7a52c-eb5a-5430-ba0e-520cdd6e19fb,UFC Fight Night: Adesanya vs. Pyfer,2026-03-28,Julian Erosa|Lerryan Douglas,png,11,99,1,2,"sus. | FIGHT #10 | ‘618s. | UFC | scorecaro | JULIAN EROSA | Vs. | LERRYAN DOUGLAS | UFC FIGHT NIGHT: ADESANYA VS. PYFER | Date | Location | Weight class | feree | pss | SEATTLE, WASHINGTON, USA | ‘nar Leo ARENA | FEATHERWEIGHT- 45 LBS. | BLAKE GRICE | co | a | =a | jaacom | | xo | yuu | LERRYAN | juuaN | LERRYAN | yuu | LERRYAN | DOUGLAS | EROSA | DOUGLAS | EROSA | DOUGLAS | ‘on | ron | rove | oto. | Tom | ion | ‘on | eco | “on | 098 | oto | on | ion | ‘on | toc | ‘on | 098 | oct, | one | 1 | 1 | 1 | 2 | 2 | 2 | 3 | 3 | 3 | om | em | em | [aennoc:] | MIKE BELL | ERIC COLON | JUNICHIRO KAMIJO | POINT DEDUCTIONS | NOTES | RESULT | douglas win by KO rd 1 @333"
e5ca34f40cb072c69c953fed.png,34ef22033423caef39e6a802ba7f41e00fd3093797692b85098d9231d90d6290,5ea46621-6dfe-5b86-a1fc-f148275bbbf5,e7f7a52c-eb5a-5430-ba0e-520cdd6e19fb,UFC Fight Night: Adesanya vs. Pyfer,2026-03-28,Tyrell Fortune|Marcin Tybura,png,11,110,13,2,"28s. | FIGHT #5 | 2590s. | UFC | scorecaro | MARCIN TYBURA | VS. | TYRELL FORTUNE | IFC FIGHT NIGHT: ADESANYA VS. PYFER | Wee cass | Referee | oymnexe | SEAT WASANCTON UA | ‘anaes enn | us. | ERB DEAN | oo | [ suxcones | | co | [scones] | oo | co | ARON | TYRELL | MaRON | TYRELL | TYBURA | FORTUNE | TYBURA | FORTUNE | aa | FORTUNE | rove | rau | roo | Som | co | otoac | Son | Sore | co | ove | Sor | Sor | ator, | OE | toc | ‘on | 1 | 10 | 9 | 1 | 10 | 3 | 1 | | | 1 | 10 | 2 | 10 | 9 | 2 | 10 | 9 | 2 | 10 | 3 | 10 | 10 | 3 | 3 | 10 | 3 | 9 | rom | 2B | rom | Fy | 2B | om | ora | MARLON PERRY | JUNICHIRO KAMIJO | ERIC COLON | POINT DEDUCTIONS | NOTES | RESULT | Tyrell Fortune won by Unanimous Decision"
7fd82e4f6741db14238437da.png,d7a9efa09127f486be00418815754d148b162da5fcadb82d1dd51b0fc5575bf4,6aec0419-337e-5139-bfa6-35102de58e47,e7f7a52c-eb5a-5430-ba0e-520cdd6e19fb,UFC Fight Night: Adesanya vs. Pyfer,2026-03-28,Michael Chiesa|Niko Price,png,11,101,0,2,"‘vous. | FIGHT #11 | ‘vous. | UFC | scorecaro | MICHAEL CHIESA | vs. | NIKO PRICE | LUFC FIGHT NIGHT: ADESANYA VS. PYFER. | Weight Class | Reteree | Sranms | SEE SINTON UA | Char enc Aen | WELTERWEIGHT 170.85. | KEITH PETERSON | [ racoves J | cc | [scones | [sxc J | [ scones J | moe. | NIKO | MiCHAEL | KO | MucHAEL | ‘KO | CHIESA | PRICE | CHIESA | PRICE | CHIESA | PRICE | oy | ‘one | ue, | rm | reve | tote | om | cy | cy | oe, | rom | on | cy | oy | Sone | et, | or | roe | eto | om | Son | 1 | 2 | 3 | rom. | ont | om | oo | oo | ERIC COLON | ‘SAL D'AMATO | MIKE BELL | POINT DEDUCTIONS | NOTES | RESULT | chiesa win by Rear Naked Choke rd 1 @1:03"
695cb5b2b88067653fde5c67.png,5d3da6c2b829e858ddeed4d35ee8bd52e3177511363269ea9088fb4319e44621,a1f02e03-3d30-5911-a51b-d92a6145d6c7,e7f7a52c-eb5a-5430-ba0e-520cdd6e19fb,UFC Fight Night: Adesanya vs. Pyfer,2026-03-28,Yousri Belgaroui|Mansur Abdul-Malik,png,11,108,13,1,"18585. | a6.8s. | FIGHT #9 | UFC | scorecaro | MANSUR ABDUL- | vs. | YOUSRI BELGAROUI | UFC FIGHT NIGHT: ADESANYA VS. PYFER | MALIK | ate | e326 | SEAT, WASMNCON USA | CNA PLE ARENA | Weight class | ree | ‘MIDDLEWEIGHT 185 Ls. | ‘MORE BELTRAN | oo | | c= | ea | oo | oust! | ‘youset | ABDULMALIK | BELGAROUI | ABDULMALIK | BELGAROUI | ABDULMALK | BELGAROU! | ion | oo. | ""om | sooo | auc | Soon | on | uc, | ""on | oe | so | Som. | ‘on | wrover_| ""9° | oor | See | 3 | 1 | 10 | 9 | 1 | 0 | 10 | 8 | 2 | 10 | 8 | 2 | 10 | 10 | 3 | 3 | on | out, | ont | v | 20 | 7 | 8 | [ esc po | | JUNICHIRO KAMIJO | ERIC COLON | SAL D'AMATO | POINT DEDUCTIONS | NOTES | RESULT | Belarroui win by TKO at 339 of 3rd rd"
f59742e74712d0caa7ec68cf.png,070b5adfc9a0d03123176e872af949a5a203837c7bd973bc383765f848630d10,f03faa6a-cbbe-53df-84f6-d7eb51ef51df,e7f7a52c-eb5a-5430-ba0e-520cdd6e19fb,UFC Fight Night: Adesanya vs. Pyfer,2026-03-28,Ignacio Bahamondes|Tofiq Musayev,png,11,128,14,2,"155185. | FIGHT #7 | 558s, | UFC | scorecaro | IGNACIO BAHAMONDES § vs. TOFIQ MUSAYEV | UFC FIGHT NIGHT: ADESANYA VS. PYFER | ate | Location | Venue | Reteree | 03/28/2026 | SEATTLE, WASHINGTON, USA | CLIMATE PLEDGE ARENA | Weight class | LCATWEIGHT 155 Ls. | ‘BOBBY WOMBACHER | oo | =| | co | oo | oo | ‘eww | TORQ | ‘uaa | TORQ | TORQ | BAHAMONDES | MUSAYEV | BAHAMONDES | ‘MUSAYEV | ANAMONDES | MUSAYEV | Sco | ove | ‘wom Twoum | rome | oc, | oo | Scone | aoe | Sone | oct. | rear | owe | mr | ove | Sone | To0e | oy | Som | oot | ""on | rau | oct | ""ron | Ta | Some | 0 | 1 | 9 | 9 | 1 | 10 | 0 | 9 | 2 | 10 | 3 | 2 | 10 | 8 | 10 | 3 | 10 | 9 | 3 | 10 | 9 | 10 | ron | om | rom | 2B | E | E | EI | E | rg | [ aezn noc] | SAL D'AMATO | MIKE BELL | ANTONIO CARRILLO | POINT DEDUCTIONS | ‘NOTES | RESULT | Tog Musayev won by Unanimous Decision"
e8004a79362e7fbd73bb57f6.jpg,14e0f57645770ee4b10af91041547e73bbc2432a9c2197396ad5376da65d0a6e,0ac06e9b-0a97-59aa-9a5b-5155f3511f08,9030b80b-cad0-50f4-97b7-3a70ed06d51c,UFC 327: Prochazka vs. Ulberg,2026-04-11,Mateusz Gamrot|Esteban Ribovics,jpeg,11,85,6,2,"561s. | FIGHT #5 | 55s, | UFC | scorecaro | MATEUSZ GAMROT | vs. | ESTEBAN RIBOVICS | ‘UFC 327: PROCHAZKA VS. ULBERG | Date | Weight Class | Reteree | oanpa02s | ‘MUR, ORIDA, USA | ASEYA ENTER | LUGHTWEICHT- 155.85 | KEVIN MACDONALD | xa | =o co | wareus | eo co | ESTEBAN | tata | aos | GAMROT | abo | cantar | RIBOVICS | moe | ca | oe | eae | Sor | rear | oe | tou | ie | Fed | oa | ont | Se | Te | 10 | | | 1 | 10 | Lz | |* | am | 10 | ren, | 10 | eH | 10 | on | JASON GRENIER | TROY WINCAPAW | JUNICHIRO KAMO | POINT DEDUCTIONS | RESULT | Gamrot by submission Arm Triangle ra | 2@4:9"
e5acb26afb81d95e354cfe10.jpg,ca1bd5d239de4fa8c8cacab3aa307bcf5f0fd3d733eaa982911067ac1f628a05,21d8a26c-89c9-5d94-830c-49c8b2547cc5,9030b80b-cad0-50f4-97b7-3a70ed06d51c,UFC 327: Prochazka vs. Ulberg,2026-04-11,Carlos Ulberg|Jiri Prochazka,jpeg,11,93,0,2,"2030s. | FIGHT #12 | 2040s. | UFC | scorecaro | JIRI PROCHAZKA | vs. | CARLOS ULBERG | ‘UFC 327: PROCHAZKA VS. ULBERG | ate | ognpe0ns | ‘MIAH FLORIDA, USA | Location | ASEYA CENTER. | Weight class | LUGHT HEMYWEIGHT- 205 18. | Referee | ‘aac coooaRD | cha | =a) co | =o) | coo | at | caRLOS | Ra | CARLOS | PROCHAZKA | ULBERG | PROCHAZKA | ULBERG | PROCHAZKA | ULBERG | oy | ar | oy | a | a | oy | cy | ‘ear | = | om | 00 | tou | Sone | tne | co | 00 | taut | ‘one | bid | oat | EJ | em | Snr | rome | rot | DEREK CLEARY | CHRIS LEE | ‘SAL D'AMATO | POINT DEDUCTIONS | NOTES | RESULT | = | LUlberg won by KO at 3:45 in rd 1"
edcbedfa91f968ad18ee94aa.jpg,d6e03e16ef07572a41e3bdfffc65948256c344c655dd66213d66abfae6c44e21,3e48fd1e-111e-558a-9534-2f91cd85fe28,9030b80b-cad0-50f4-97b7-3a70ed06d51c,UFC 327: Prochazka vs. Ulberg,2026-04-11,Tatiana Suarez|Loopy Godinez,jpeg,11,81,6,2,"‘TUBS. | FIGHT #84 | ‘Uns. | UFC | scorecaro | TATIANA SUAREZ | vs. | LOOPY GODINEZ | ‘UFC 327: PROCHAZKA VS. ULBERG | Date | Weight cass | feteree | oanpa02s | ‘MUR, ORIDA, USA | ASEYA ENTER | ‘WOMENS STRAWWEIGHT. 15 a5, | ERBDEAN | xa | ‘TmANA | mo co | xo co | ‘amAta | 100PY | SUAREZ | cooiner | SUAREZ | ovine | SUAREZ | GODINEZ | moe | Sor | rear | ie | ont | Se | Te | 10 | | | 10 | 9 | | | Lz | |* | am | 10 | ren, | 10 | eH | 10 | on | ‘SAL D'AMATO | DEREK CLEARY | ‘SOLIMAR MIRANDA | POINT DEDUCTIONS | RESULT | ‘Tatiana Suarez Submission by RNC Rd 2 | @229"
2d94bcd203bf48febbfc38ac.jpg,eec627e4493c457c967527db41d4d68df359343214024c145400ae65674f04d6,69a434a4-7335-5db1-b2fd-5e7b744b29ae,9030b80b-cad0-50f4-97b7-3a70ed06d51c,UFC 327: Prochazka vs. Ulberg,2026-04-11,Cub Swanson|Nate Landwehr,jpeg,11,95,1,2,"‘M6. | FIGHT #8 | ‘MS Ls. | UFC | scorecaro | CUB SWANSON | vs. | NATE LANDWEHR | LUFC 327: PROCHAZKA VS. ULBERG | bate | ca | Venue | Weight class | Reteree | o4ymp202s | MAM, FLORIDA, USA | KASEYA CENTER | FEATHERWEIGAT- 45 LBS. | HERB DEAN | oo | | muecones | | jc) | xa | coo | SWANSON | "" | LANDWEHR | SWANSON | LANOWEHR | SWANSON | LANDWEHR | bd | ror | reve | ou | ca | Sane | rooe | Sone | st | on | a0 | ron | cy | ‘to | Store | oer | FO | ut | co | Sone | 1 | 1 | 2 | 2 | 3 | 3 | Tot | ot | Tome | DAVID TIRELLI | DEREK CLEARY | ‘SAL D'AMATO | POINT DEDUCTIONS | NOTES | RESULT | = | ‘Swanson won by TKO at 406 in Rd 1"
0ae5c60d5e6741159fe1f012.jpg,ec2fec6dfd02b6abeab358e19f600e47b8913fb4d6ce5c39e8f01cd7a656172e,b39b20d4-c76b-519a-8876-4876000c208b,9030b80b-cad0-50f4-97b7-3a70ed06d51c,UFC 327: Prochazka vs. Ulberg,2026-04-11,Curtis Blaydes|Josh Hokit,jpeg,11,90,5,2,"2618s. | FIGHT #10 | mus, | UFC | scorecaro | CURTIS BLAYDES | VS. | JOSH HOKIT | UFC 327: PROCHAZKA VS. ULBERG | ate | Location | Venue | Wight class | Referee | oaymr2026 | IAM, FLORIDA, USA | ASEYA CENTER | HEAYWEIGHT- 265, | HERB DEAN | i | Ca | Coa | ce | ‘ns | 0s | urns | SH | ‘ns | osu | BLAYDES | HOKIT | BLAYDES | HOKIT | BLAYDES | HOKIT | oo | ron | cy | Stor | Sone | eat, | ewe | 0 | 10 | 9 | 10 | 0 | 0 | 10 | 0 | 0 | 2B | wn | 2B | rem | EJ | ror. | [ree noc] | YELOW Roce | CHRIS LEE | JASON GRENIER | JUNICHIRO KAMIJO | POINT DEDUCTIONS | NOTES | =< | Josh Hokit won by Unanimous Decision"
86f992fe88b2f1467ecd9324.jpg,e3a4234dd8fec3787a77b6f8af2f95482fa5487c6b5706b8a1171e7517d15adf,b6029201-a506-5bdc-bfda-bd99d08537ec,9030b80b-cad0-50f4-97b7-3a70ed06d51c,UFC 327: Prochazka vs. Ulberg,2026-04-11,Aaron Pico|Patricio Pitbull,jpeg,11,94,7,2,"Mss. | FIGHT #7 | ‘MS Ls. | UFC | scorecaro | PATRICIO PITBULL | vs. | AARON PICO | LUFC 327: PROCHAZKA VS. ULBERG | bate | ca | Venue | Weight class | Reteree | o4ymp202s | MAM, FLORIDA, USA | KASEYA CENTER | FEATHERWEIGAT- 45 LBS. | EITH PETERSON | | muecones | | x | co | ParRiGO | PITBULL | ‘RON | Pico | ParRico | PITBULL | AARON | Pico | Paria. | PITBULL | AARON | Pico | roo | Sane | ron | cy | Store | oer | FO | ut | co | ane | Sone | 0 | 10 | 0 | 0 | 0 | 9 | 0 | 10 | 10 | 9 | | | 3 | 10 | Tom | a | 2B | Tom | 2 | CHRIS LEE | JASON GRENIER | ELISEO RODRIGUEZ | POINT DEDUCTIONS | NOTES | 3 =— | ‘Aaron Pico won by Unanimous Decision"
d47d05dfc0b97a294d7186f3.jpg,52d829c76d1595f742b275d0636d8b5a3c8dad548769842bccb855f568e216f0,bbd77e52-f262-5695-89b5-e28a38a3dba1,9030b80b-cad0-50f4-97b7-3a70ed06d51c,UFC 327: Prochazka vs. Ulberg,2026-04-11,Kelvin Gastelum|Vicente Luque,jpeg,11,103,0,2,"15s. | ss. | FIGHT #2 | UFC | scorecaro | KELVIN GASTELUM | vs. | VICENTE LUQUE | UFC 327: PROCHAZKA VS. ULBERG | Date | Location | Weigh ciass | Referee | oaynpa02s | IAM, FLORIDA, USA | ASEYA CENTER | ‘MIDDLEWEIGHT 185.85. | EVN MACDONALD | Geel | Ga | =o co | ken | VICENTE | kewin | ENTE | kewn | VICENTE | GASTELUM | LUQUE | GASTELUM | LUQUE | GASTELUM | LUQUE | Tae | ‘eo | mr | ‘wow | ‘ont | ‘on | ue | moe | rom | Tom | moe | ‘owe | oe | a0e | oe. | See | ‘Sion | cg | oo | co | Swe | ioe | 3 | 00 | oat | 1 | 1 | 2 | 2 | 3 | 3 | Tmt | oa | oa | [vee noc] | [ree noc | | TROY WINCAPAW | JUNICHIRO KAMIJO | JASON GRENIER | POINT DEDUCTIONS | RESULT | baa | Vicente Luque winner by Darce Choke RD} | «08"
87738abf760d2423022cd542.jpg,eba5ad8473935c6684833d388c20ff2407aaae3be2d1511c221eb6cbb2dd44bf,0338fc56-ebdf-5a4f-b733-b778fb8b473a,ed990ebf-6452-502d-be7d-a4a35998aef0,UFC Fight Night: Burns vs. Malott,2026-04-18,Robert Valentin|Julien Leblanc,jpeg,11,101,0,2,"WSS Uns. | FIGHT #6 | ‘65, | UFC | scorecaro | JULIEN LEBLANC | vs. | ROBERT VALENTIN | ‘UFC FIGHT NIGHT: BURNS VS. MALOTT | ate | Reteree | a p2026 | \WONMPEG, MANITOBA, CN | (NADA LIFE CENTRE | Weight Class | MIDDLEWEIGHT. 185 Ls. | ‘cums DESAUTELS | oo | Ea | [ Saco} | [ soc | | Gea | juueN | OBERT | uUEN | ROBERT | UUEN | ROBERT | LEBLANC | VALENTIN | LEBLANC | VALENTIN | LEBLANC | VALENTIN | an | co | ron | = | | oot | eeu, | [= | = | | [= | se [oe [ome] soe [et | 1 | 1 | | | 2 | | | Zz | 3 | [ | 3 | rm | Tome | oo | [ve noc] | [rex anc | | GREG JACKSON | DAVID THERIEN | JUNICHIRO KAMIJO | POINT DEDUCTIONS | NOTES | RESULT | Valentin deteats Leblanc via TKO Round 1 at | 222"
928e4413b9c79d6f71583e83.jpg,1e6040d95e431e03d19c6b34a3dfd14f8264348285bd37b2ad930a15ea288455,084d0527-4399-51dc-9d7e-5ca6002ef82f,ed990ebf-6452-502d-be7d-a4a35998aef0,UFC Fight Night: Burns vs. Malott,2026-04-18,Jai Herbert|Mandel Nallo,jpeg,11,92,1,2,"BSSUBS, | 555185, | FIGHT #10 | UFC | scorecaro | MANDEL NALLO | vs. | JAI HERBERT | ‘UFC FIGHT NIGHT: BURNS VS. MALOTT | ate | Location | Verve | Weight Class | Referee | (NADA LIFE CENTRE | LUGHTWEIGHT- 155.85. | op p2026 | \WONMPEG, MANITOBA, CAN | (SON HERZOG | | co | | co | MANDEL | Mame | NALLO | HERBERT | ‘NALLO | HERBERT | NALLO | HERBERT | ran | 00 | oy | om | cy | a0 | roo | mo | oe | et | Sone | Seo | uc | too | Some | Some | coc, | a0 | oe, | Scone | 1 | 2 | 3 | rom | rom | [yer noc] | [expo] | DAVID THERIEN | ‘SAL D'AMATO | JUNICHIRO KAMIJO | POINT DEDUCTIONS | NOTES | RESULT | Herbert defeats Nallovia TKO in Round 1 at | 205"
e1e67ec3d2c01fae98a2ab33.jpg,ff3505981328ea937b62c0224941cd78dc51e39d344c7316809d0de694f5c65c,1a25a7a1-06e0-5a3e-b799-b38893120813,ed990ebf-6452-502d-be7d-a4a35998aef0,UFC Fight Night: Burns vs. Malott,2026-04-18,Tanner Boser|Gokhan Saricam,jpeg,11,101,7,2,"2445 8, | FIGHT #5 | 2445 LBS, | UFC | scorecaro | TANNER BOSER | vs. | GOKHAN SARICAM | ‘UFC FIGHT NIGHT: BURNS VS. MALOTT | ate | Location | Venue | Reteree | (NADA LIFE CENTRE | Weight Class | HE AIYWEICAT- 265 LBS. | HERB DEAN | a p2026 | \WONMPEG, MANITOBA, CN | oo | | =o | Gea | co | ‘TANNER | ‘cOKHAN | ‘NNER | ‘COKHAN | TANNER | ‘ORHAN | BOSER | SARICAM | BOSER | SARICAM | BOSER | SARICAM | Scone | ron | oo | Sone | See | oy | Seow | se [oe [ome] coe [et | | | 10 | 10 | 10 | | | 3 | | | rm | 10 | rom | 10 | Tome | 10 | oo | [ve noc] | [reeanc } | JASON RODGERS | SAL D'AMATO | DAVID THERIEN | POINT DEDUCTIONS | NOTES | RESULT | ‘Saricam defeats Boser by TKO round 2 at | 443"
da666cfb823535489431de61.jpg,ac10ed4a5a45516782c24f0bc9c92966a6fda34179676d65e9bc4df17c0f195b,707e3cd1-8e6a-5098-9017-e46764a1f09c,ed990ebf-6452-502d-be7d-a4a35998aef0,UFC Fight Night: Burns vs. Malott,2026-04-18,Jamey-Lyn Horth|JJ Aldrich,jpeg,11,93,9,1,"5518s. | ‘R6LEs, | FIGHT #3 | UFC | scorecaro | VS. | LUFC FIGHT NIGHT: BURNS VS. MALOTT | J) ALDRICH | JAMEY-LYN HORTH | ate | Referee | ow p2026 | oar MTOR, | (ONADA LIFE CENTRE | Weight class | WOMENS FLYWEIGHT 2518, | ERB DEAN | [ cee | | [ races | | [mace | | [ moc | | fupaica | nein | HORTH | upeica | ner | HORTH | uoRica | AMEN | HORTH | Tone | Scone | out] sau | ca | cy | Son | roar | ca | rom | 10 | 9 | 10 | 10 | 9 | 10 | 0 | 0 | 10 | 10 | 10 | on | EJ | E) | Tom | on | [yore noc] | GREG JACKSON | JUNICHIRO KAMIJO | LAURA BALDWIN | POINT DEDUCTIONS | NOTES | RESULT | 41 Aldrich won by Unanimous Decision"
fa2ff006a58042cb174e5427.jpg,81a328c16c231e25f4715a4d72ad5f63b7cd14cc125c877a6fb56b7187886d7a,7358acf0-97e8-5b54-893d-6507a87fd79a,ed990ebf-6452-502d-be7d-a4a35998aef0,UFC Fight Night: Burns vs. Malott,2026-04-18,Daria Zhelezniakova|Melissa Croden,jpeg,11,88,9,2,"‘SSNs. | ‘36S. | FIGHT #4 | UFC | scorecaro | MELISSA CRODEN | vs. | DARIA ZHELEZNIAKOVA | LUFC FIGHT NIGHT: BURNS VS. MALOTT | ate | Reteree | ow p2026 | oar MTOR, | (ONADA LIFE CENTRE | Weight lass | ‘WOMENS BANTAMWEICHT 13518. | ERIN VALEL | MELISSA | [ ees | | [mca | | MELISSA | co | [mace | | MELISSA | CRODEN | ZHEEEMAKOWR | RODEN | 2HeLEZNIANOIR | RODEN | ZHELEZNIAKOVA | co | ou | co | Son | oy | roar | tu | co | oy | Som | rom | 10 | 10 | 10 | 10 | 0 | 9 | 0 | 10 | 10 | 9 | 10 | on | EJ | on | MIKE BELL | GREG JACKSON | JUNICHIRO KAMIJO | POINT DEDUCTIONS | NOTES | RESULT | ‘Melissa Croden won by Unanimous Decision"
ee230e304e8b13551326ba16.jpg,4b6a7de6866ff0e696e3eca2239fb75786663f5c1a748c2e20a2dc5c490024c1,90ec2ed3-4a98-56d4-ba77-1a388ceb63d8,ed990ebf-6452-502d-be7d-a4a35998aef0,UFC Fight Night: Burns vs. Malott,2026-04-18,John Castaneda|Mark Vologdin,jpeg,11,116,11,2,"‘BOUss, | FIGHT #2 | Bass, | UFC | scorecaro | JOHN CASTANEDA | vs. | MARK VOLOGDIN | LUFC FIGHT NIGHT: BURNS VS. MALOTT | ate | Weight class | Reteree | ym p2026 | oe MANTRA CO | CoA cE | (ATCA WEIGHT | (SON HERZOG | ree) | | co | C= | own | oun | oun | CASTANEDA | votocDin | CASTANEDA | voocomn | CASTANI | WOLOGDIN | ro | oe | oy | rom | sue | cy | cy | rae | ‘ea | Sone | at] soo | on | ‘one | Sco | co | or | Some | ior | rom | ve | 9 | 1 | 0 | 10 | 1 | 9 | 10 | ws | 1 | 2 | 9 | at) | 1 | 2 | 9 | 9 | 1 | 2 | 10 | 3 | 9 | 10 | 3 | 9 | 0 | | | 2B | om | E} | Ee) | ‘om | Ea) | rom | [roc } | JASON RODGERS | LAURA BALDWIN | MIKE BELL | POINT DEDUCTIONS | NOTES | RESULT | Ro | Castaneda | pt | Low blow | Majority Draw"
88f34b78d781c3fff646bd78.jpg,d6e65d4c157864906a4f35e03ec7db17b53ef0048694a3f936c15ab5c9c8b604,9b821ec6-dfb9-5b9f-8a36-f54e40de5659,ed990ebf-6452-502d-be7d-a4a35998aef0,UFC Fight Night: Burns vs. Malott,2026-04-18,Jamie Siraj|John Yannis,jpeg,11,98,0,1,"‘B6UBS. | FIGHT #1 | ‘36s, | UFC | scorecaro | JAMIE SIRA] | vs. | JOHN YANNIS | LUFC FIGHT NIGHT: BURNS VS. MALOTT | ate | Weight class | eres | ym p2026 | our, TOR, CaN | CoA cE | iGHT-BS LBS. | COIS DESAUTEIS | ca | | co | C= | sacoene:) | Jame | oun | ase | oun | SIRAJ | vans | Sie | YANNIS | SIRAJ | YANNIS | ‘ome | ro | oe | oy | rom | sue | cy | cy | rae | ‘ea | Stone | at] soo | on | Sone | Sco | co | or | Some | ior | rom | ve | Scone | 1 | 1 | 2 | 2 | 3 | 3 | om | ‘om | rom | LAURA BALDWIN | ‘SAL D'AMATO. | GREG JACKSON | POINT DEDUCTIONS | NOTES | RESULT | Yannis defeats Siraj in Round 1 via TKO at | 243"
663bc1094857b3718c86eb8e.jpg,66134f74323e39c3959feb4ff396fea94a25dd41434d8a52d365987f3f7df6ba,0564683f-7e00-5f81-8bcb-9ba9ba07a36e,1fc7951f-9d23-5096-add0-b918a7cfa1e5,UFC Fight Night: Della Maddalena vs. Prates,2026-05-02,Quillan Salkilld|Beneil Dariush,jpeg,11,113,0,2,"‘561s, | FIGHT #12 | ‘5618s, | UFC | scorecaro | BENEIL DARIUSH | vs. | QUILLAN SALKILLD | [UFC FIGHT NIGHT DELLA MADDALENA VS. PRATES | Date | Location | Venue | Weight class | Reteree | 05/03/2026 | PERTH, WESTERN AUSTRALIA, AUS | AC ARENA | LUGHTWEIGAT 155 Bs, | ICH MITCHELL | jasc) | [aon | [asco] | co | BENEIL | ‘QUILLAN | BENE. | QUILL | ENE | UL | DARIUSH | SALKILLD | DARIUSH | SALKILLD | DARIUSH | SALKILLD | ron | a0 | ron | oe | on | oo | om | eae | ""a | roe | ‘oa | cy | Sow | cod | oe | ‘Scone | Sone | ou | ca | Sone | Sone | ove | tue | So | 1 | 1 | 1 | 2 | 2 | 2 | 3 | 3 | 3 | rou | ron | rom. | [vere noc] | ‘EEN NOG | MARK CHRISTIE | SAL D'AMATO | EVAN FIELD | POINT DEDUCTIONS | NOTES | RESULT | (uillan Salkild wins by TKO ref stoppage | ‘min 29sec Rnd 1"
0bd885322a2ee26d7a1917f9.jpg,01a62c443a44bd7dbf65c5352c4db51686b5e490877cb1812225b9bfe7f70488,1eb99e80-8717-5cd7-a666-a6a7fb93495f,1fc7951f-9d23-5096-add0-b918a7cfa1e5,UFC Fight Night: Della Maddalena vs. Prates,2026-05-02,Jonathan Micallef|Themba Gorimbo,jpeg,11,114,5,2,"moUBs. | FIGHT #2 | mus. | UFC | scorecaro | vs. | THEMBA GORIMBO | JONATHAN MICALLEF | UFC AGHT NI | DELLA MADDALENA VS. PRATES | ate | Location | Venue | Weight lass | Referee | 0503/2026 | PERTH, WESTERN AUSTRALIA, AUS | AC ARENA | ‘WELTERWEIGHT - 1708S. | LWKASZ BOSACK | [amon] | JONATHAN | THEMBA | JONATHAN | THEMBA | JONATHAN | ‘THEMBA | MICALLEF | GORIMBO | MICALLEF | GORIMBO | MICALLEF | GORIMBO | ra | ‘eae | oy | ‘or | a0 | ra | oy | ror | roar | cy | Scone | too | oo, | Ste | Sto | ove | soot | Sco | Scone | Stone | 10 | 1 | 0 | 1 | 3 | 3 | 0 | 10 | 2 | 10 | 3 | 0 | 10 | 3 | 10 | 3 | 3 | 0 | 3 | rom | 2B | vom, | 28 | Tom | [wre noc: J | EEN LO | MARK CHRISTIE | SAL D'AMATO | DARRYL RANSOM | POINT DEDUCTIONS | NOTES | RESULT | Jonathan Micallef won by Split Decision"
70cda6ab6624fda9397297c0.jpg,4481bcf54590b34ba2e42de3da95d8dddb5b859863dae380275bf8dd0559b86f,276e4192-5b9b-575f-ba94-ba0cea12557f,1fc7951f-9d23-5096-add0-b918a7cfa1e5,UFC Fight Night: Della Maddalena vs. Prates,2026-05-02,Shamil Gaziev|Brando Pericic,jpeg,11,110,6,2,"2418s. | 265 us. | UFC | scorecaro | FIGHT #9 | SHAMIL GAZIEV | vs. | BRANDO PERICIC | ‘URC FIGHT NIGHT: DELLA MADDALENA VS. PRATES | ate | Location | Venue | Reteree | 0503 2005 | PERTH, WESTERN AUSTRALIA AUS | RAC ARENA | Weight Class | HEAMYWEIGHT- 265 LBS. | DDAMIEL MOWAHED! | [ome] | oo | [ oe | | oo | ‘SHAMIL | eRANDO | SHAMIL | BRANDO | SHAMIL | ‘eANOD | GAZIEV | PERICIC | GAZIEV | PERICIC | GAZIEV | PERICIC | Tone | one | ca | 00 | po | co | ory | Stone | Son | stove | rar | 00 | tou | rae | cy | Sion | Stone | tou | oe | too | Some | 0 | 9 | 1 | 10 | 10 | 2 | 3 | Tome | 10 | rom. | 0 | om | 10 | [wre noc: J | MARK CHRISTIE | SAL D'AMATO | DARRYL RANSOM | POINT DEDUCTIONS | RESULT | Brando Pericic wins by KO Smin usec Rnd 2"
e191afe101375ec78692ea21.jpg,197582804d242b761ef6da67130e0778b6af66f92e8b6977270d3522b3a15fb4,4293cf12-a530-5181-a5e8-5d53c95951ab,1fc7951f-9d23-5096-add0-b918a7cfa1e5,UFC Fight Night: Della Maddalena vs. Prates,2026-05-02,Tai Tuivasa|Louie Sutherland,jpeg,11,125,7,2,"265 185. | FIGHT #8 | 26185. | UFC | scorecaro | TAI TUIVASA | vs. | LOUIE SUTHERLAND | ‘URC FIGHT NIGHT: DELLA MADDALENA VS. PRATES | ate | Location | Venue | Weight Class | Referee | 0503 2005 | PERTH, WESTERN AUSTRALIA AUS | RAC ARENA | HEAMYWEIGHT- 265 LBS. | ICH MITCHELL | co | oo | xo | LOUIE | LOUIE | LOUIE | Tuwasa | SUTHERLAND | Tnwsa | SUTHERLAND | Tusa | SUTHERLAND | ca | ory | cy | mae | rear | rear | Tae | sooo | tbo | Stone | Son | owe | ott | Sion | Stone | oe | #000 | ote | Some | 0 | 10 | 3 | 1 | 10 | 0 | 10 | f) | 2 | 10 | 1 | 3 | 10 | 38 | 1 | 3 | 10 | EN) | 1 | 3 | 0 | Eas | Tome | 30 | 6 | rom. | 30 | x6 | rom | 30 | [wre noc: J | EVAN FIELD | NATHAN PINTABONA | CLEMENS WERNER | POINT DEDUCTIONS | RESULT | 3. Tuivasa Ipt Illegal blow to grounded | ‘opponent | Lovie Suthertand won by Unanimous Decision"
e3c88ae7d331626bedf76b0a.jpg,a588cb042259100e112e3781a82bb38f2fefa696557b31d811164c49911f886e,5a45c437-0d50-5820-8eda-e37f26e30104,1fc7951f-9d23-5096-add0-b918a7cfa1e5,UFC Fight Night: Della Maddalena vs. Prates,2026-05-02,Ollie Schmid|Marwan Rahiki,jpeg,11,108,1,2,"6S. | FIGHT #10 | M5585, | UFC | scorecaro | MARWAN RAHIKI | vs. | OLLIE SCHMID | ‘URC FIGHT NIGHT: DELLA MADDALENA VS. PRATES | ate | 0503/2026 | Location | PERT, WESTERN AUSTRALIA AUS | Venue | RAC ARENA | Weight Class | FEATHERWEIGHT -145 18S. | Referee | MIKE BELTRAN | co | [ sce | | oo | =a) co | MARWAN | OWE | MARWAN | OWE | MARWAN | OWE | RAHIKI | SCHMID | RAHIKI | SCHMID | RAHIKI | SCHMID | oy | oar | oy | ""ear | or | ory | ne | Sone | om | soe | eo | Stone | Sou | ve | move | toot | Son | Soe | our | EJ | roar | Sour | 1 | 1 | 2 | 2 | 3 | 3 | one | on | om | [wre noc} | EVAN FIELD | MICK MEANY | DARRYL RANSOM | POINT DEDUCTIONS | NOTES | RESULT | Marwan Rahiki wins by TKO ref stoppage | 2min 47sec Rnd 1"
1fe0db470499b295e6980eb7.jpg,2de8a12c8508a3544935c4f24f706f8a8310a23bf1ad0bbc2caee34114b8cbd8,5cc62482-e161-50c5-b2e0-663e7ec07575,1fc7951f-9d23-5096-add0-b918a7cfa1e5,UFC Fight Night: Della Maddalena vs. Prates,2026-05-02,Jack Della Maddalena|Carlos Prates,jpeg,11,128,10,2,"mous. | FIGHT #13, | muss. | Ur | scorecaro | JACK DELLA MADDALENA | vs. | CARLOS PRATES | [UFC FIGHT NIGHT DELLA MADDALENA VS. PRATES | Date | Location | Venue | Reteree | RACARENA | Weight class | WELTERWEIGHT T70L8S. | MIKE BELTRAN | 05/03/2026 | PERT, WESTERN AUSTRALIA, AUS | [ones | [ uxcner J | [poms | =a) | co | CARLOS | yack | caRLOs | Jak | cans | DELLA MADDALENA | PRATES | DELLA MADDALENA | PRATES | DELLA MADDALENA | PRATES | oy | Stone | ca | rom | cE | uc. | rom | Fa | oy | Stone | scoot | om | oa | oor | om | oy | Stone | oy | Some | oe | or | 00 | ce | mar | Toe | 9 | 10 | 9 | 10 | 3 | 0 | 9 | 0 | 9 | 10 | 3 | | | | | 0 | 5 | 8 | rom | 8 | rom | c | rom | 0 | [vee noc | | { reuow noc} | ‘SAL D'AMATO | DARRYL RANSOM | CLEMENS WERNER | POINT DEDUCTIONS | NOTES | juFc.com| | RESULT | Carlos Pratas wins by TKO ref stoppage 3min | 17sec Rnd 3"
37df60d905da3008b722fea6.jpg,7227cd1e777edc002160cf0d5f39dcba995b298944bbdf6dcd2363e29484e175,b43ee25f-f5d5-560c-8736-c15871978cad,1fc7951f-9d23-5096-add0-b918a7cfa1e5,UFC Fight Night: Della Maddalena vs. Prates,2026-05-02,Gerald Meerschaert|Jacob Malkoun,jpeg,11,105,6,2,"‘6 LBs. | FIGHT #5 | ‘sous. | UFC | scorecaro | JACOB MALKOUN | vs. | GERALD MEERSCHAERT | ‘URC FIGHT NIGHT: DELLA MADDALENA VS. PRATES | ate | Location | Venue | Weight Class | Referee | 0503 2005 | PERTH, WESTERN AUSTRALIA AUS | RAC ARENA | MIDDLEWEIGHT 185 LES. | ‘MIKE BELTRAN | [ ome] | oo | oo | [ ccs ] | MALKOUN | (MEERSCHAERT | ceRMD | cos | ‘MALKOUN | (MEERSCHAERT | cERALD | MALKOUN | MEERSCHAERT | CERN | Tone | one | ca | 00 | po | i | ory | Stone | Son | rar | Sion | Stone | tou | oe | too | Sone | 0 | 10 | 3 | 1 | 10 | 10 | 0 | 0 | 2 | 9 | 10 | 0 | 0 | 3 | 9 | rome | 2B | rom | rom | MARK CHRISTIE | EVAN FIELD | MICK MEANY | POINT DEDUCTIONS | RESULT | Jacob Malkoun won by Unanimous Decision"
801a886ab514383e13adc531.jpg,14a308da9ea76750ed78f4c3cd6466b38b1f4000b990b52d1c7a219d7f3eeb94,d179cea1-379b-5f72-9c89-ba3bc9542d0a,1fc7951f-9d23-5096-add0-b918a7cfa1e5,UFC Fight Night: Della Maddalena vs. Prates,2026-05-02,Robert Bryczek|Cam Rowston,jpeg,11,117,5,2,"518s. | FIGHT #7 | a6U85, | UFC | scorecaro | CAM ROWSTON | vs. | ROBERT BRYCZEK | ‘URC FIGHT NIGHT: DELLA MADDALENA VS. PRATES | ate | Location | Venue | Weight Class | Referee | 0503 2005 | PERTH, WESTERN AUSTRALIA AUS | RAC ARENA | MIDDLEWEIGHT 185 LES. | WEASZ BOSAKE | [ oe] | co | [ sce: | | oo | om | ROBERT | om | ROBERT | om | ‘ROBERT | ROWSTON | BRYCZEK | ROWSTON | BRYCZEK | ROWSTON | BRYCZEK | Tone | ca | co | ory | rar | rae | cy | mae | rear | ar | stout | sooo | tbo | Stone | Son | stove | owe | ott | Sion | Stone | oe | #000 | Some | 10 | 0 | 1 | 3 | 0 | 1 | 10 | 0 | 2 | 8 | 0 | 2 | 10 | 0 | 3 | 3 | 0 | 3 | rome | 30 | rom | 30 | rom | a | MARK CHRISTIE | MICK MEANY | DARRYL RANSOM | POINT DEDUCTIONS | RESULT | ‘Cam Rewston won by Unanimous Decision"
29f1eceac781e85d40190edc.jpg,9cc4d7fe07a14be9d550a8682239573d0b2ab60fad0e1a5e65b7debbed8be16b,63a9b2e1-2d6f-5557-9a13-db144d621cc7,c3dd8de2-7f24-5700-bfc4-3a451ee6b6b2,UFC 328: Chimaev vs. Strickland,2026-05-09,Joaquin Buckley|Sean Brady,jpeg,11,96,10,2,"mous. | FIGHT #10 | mous. | Ur | scorecaro | SEAN BRADY | vs. | JOAQUIN BUCKLEY | ‘UFC 328: CHIMAEV VS. STRICKLAND. | er0e | PENAL EER | Weigh class | WELTERWEIGHT 7018S, | EITH PETERSON | syns | i eee st | Gea | z= | ce) | fmccm) | m0 | sean | sem | ray | BUCKLEY | yoxqun | BRADY | BUCKLEY | Joaquin | BRADY | BUCKLEY | JoxQUIN | oy | roo | oe | MSF | Se | Se | aot | eS | oe | ine | eS | oe | 10 | 1 | 9 | 10 | 0 | fc) | 2 | 8 | 10 | 0 | 7 | 10 | 3 | 8 | 10 | 0 | 30 | Toa | B | 30 | 30 | Ta | [rone ] | ERIC COLON | ‘SAL D'AMATO | DAVE TIRELLI | POINT DEDUCTIONS | NOTES | RESULT | Brady wins a unanimous decision"
2c38fa7f999015f0976d7e6b.jpg,4de39621b28339d73ad2266bedca47856ae8199c7a20767adf3dce2222d3f78a,77d6808d-def5-5cb1-9468-39320e744511,c3dd8de2-7f24-5700-bfc4-3a451ee6b6b2,UFC 328: Chimaev vs. Strickland,2026-05-09,Pat Sabatini|William Gomis,jpeg,11,92,7,2,"5 us, | FIGHT #3 | 5s, | Ur | scorecaro | PAT SABATINI | vs. | WILLIAM GOMIS | ‘UFC 328: CHIMAEV VS STRICKLAND. | bate | Lecation | Venue | Reteree | ‘PRUDENTIAL CENTER | Weigh ctass | FEATHERWEIGAT- 145.8, | VINCENT OUOLEY | 570972026 | NEWARK, MEW JERSEY, USA | | co | wmLUlaM | ‘WHLIAM | Pr | nua | SABAnINI | cOMIS | SABATINI | GcoMIs | SABATINI | coMIS | ar | Ton | mae | roe | ome | eae | ory | mr | a | Sone | owe, | 0 | one | Soe | one. | ae | ae | ior | mn | 10 | 10 | 3 | 0 | | | 10 | 10 | 3 | 0 | 10 | 10 | ca | 30 | 30 | JON BILYK | ERIC COLON | HENRY KRAWIEC | POINT DEDUCTIONS | RESULT | Pat Sabatini won by Unanimous Decision"
b1fb5a92066f81abfd84907a.jpg,07fed4bc7502bf19a5784a18c7115464975a8e9f3460d81d09dcbc9ee7dd1368,c5735126-ebef-5fcd-bf87-1c2d586b86fc,c3dd8de2-7f24-5700-bfc4-3a451ee6b6b2,UFC 328: Chimaev vs. Strickland,2026-05-09,Clayton Carpenter|Jose Ochoa,jpeg,11,96,9,2,"‘26s, | FIGHT #1 | ‘25s, | Ur | scorecaro | CLAYTON CARPENTER | vs. | JOSE OCHOA | ‘UFC 328: CHIMAEV VS STRICKLAND. | bate | Lecation | Venue | Reteree | ‘PRUDENTIAL CENTER | Weigh ctass | IYWEIGAT- 25185, | lowoauscano | 570972026 | NEWARK, MEW JERSEY, USA | Ge) | Ge) | | co | ‘aavTon | ‘aavTon | ‘aavTon | ‘CARPENTER | OCHOA | ose | CARPENTER | OCHOA | Jose | CARPENTER | OCHOA | Jose | oa | Ton | oy | ry | ae | roe | ome | eae | mae | mr | a | Sone | foe, | 0 | one | Soe | Se | ES | ae | ae | ior | mn | 10 | 10 | 10 | 10 | 10 | 0 | 7 | 10 | 10 | 10 | 2] | 30 | RICARDO ALMEIDA | JON BILYK | ‘SUE SANIDAD | POINT DEDUCTIONS | RESULT | Jose Ochoa won by Unanimous Decision"
84c0802e933b6509b90e22dd.jpg,ed211baf49684aaea07c8cbbb75d5c75cc1ce0d0a5e4217b7102ec435d9742a7,d5fb6ba1-9a3b-5cfd-985b-02fa79f037c6,c3dd8de2-7f24-5700-bfc4-3a451ee6b6b2,UFC 328: Chimaev vs. Strickland,2026-05-09,Grant Dawson|Mateusz Rebecki,jpeg,11,107,9,2,"160s, | FIGHT #6 | 1561s, | Ur | scorecaro | GRANT DAWSON | vs. | MATEUSZ REBECKI | ‘UFC 328: CHIMAEV VS STRICKLAND. | bate | Lecation | Venue | Reteree | ‘PRUDENTIAL CENTER | Weigh ctass | LUcHTWEICHT 155185. | ‘KE BELTAN | 570972026 | NEWARK, MEW JERSEY, USA | = | ee) | GE] | cunt | MaTEUSZ | ‘Gant | MATEUSZ | MATEUSZ | DAWSON | REBECK! | DAWSON | REBECKI | DAWSON | REBECKI | ar | Ton | mae | roe | ome | eae | ory | mr | a | Sone | owe, | 0 | one | Soe | Se | one. | ae | ae | ior | mn | 10 | 10 | 1 | 10 | 10 | 2 | 10 | 0 | 3 | a | oa | 9 | 8 | Toa | 8 | 8 | oo | [vere noc: | | JON BILYK | ‘SAL D'AMATO | ‘SUE SANIDAD | POINT DEDUCTIONS | RESULT | Grant Dawson - Winner- Tap Submission by | Rear Naked Choke 4:42 R43"
b7e7fd340b55ab9ddc8b3898.jpg,4794723362cf3ea7ef42c97b27a5c54e72b28f436cc3f66867def6be6ccc674c,fdd956a3-a297-5d10-8521-68368fe82817,c3dd8de2-7f24-5700-bfc4-3a451ee6b6b2,UFC 328: Chimaev vs. Strickland,2026-05-09,Sean Strickland|Khamzat Chimaev,jpeg,11,116,12,2,"1 us, | FIGHT #13, | 5s, | Ur | scorecaro | KHAMZAT CHIMAEV | vs. | SEAN STRICKLAND | ‘UFC 328: CHIMAEV VS STRICKLAND. | bate | Lecation | Venue | eteree | ‘PRUDENTIAL CENTER | Weigh class | ‘MIDDLEWEICT-1 Bs. | HERBDEAN | 570972026 | NEWARK, MEW JERSEY, USA | ea) | ee) | = 6 = | asa | ‘SEAN | awwzat | oun | CHIMAEV | STRICKLAND | CHIMAEV | STRICKLAND | CHIMAEV | STRICKLAND | ar | Toa | mae | roe | ome | eae | ory | mr | a | Sone | oe | ote. | Se | one. | eS | ae | ior | eS | on | 10 | 10 | 9 | 0 | | | 10 | 10 | 8 | 0 | 10 | 10 | 8 | 10 | 0 | 0 | 3 | 0 | 5 | 0 | 10 | 10 | 5 | a | oH | 48 | a | wm | 48 | vont | a | or | [vere noc: | | [sve noc | | ERIC COLON | ‘SAL D'AMATO | ‘SUE SANIDAD | POINT DEDUCTIONS | RESULT | Sean Strickland won by Split Decision"
cb1bac781e53d6e13330797a.jpg,0378fc053e1dccce86cfde8acf90e5f5a954beb8813ac66d8d9f9c90ee44cdd5,ffe7a8ce-5bb6-52f9-ac96-24b450194a8a,c3dd8de2-7f24-5700-bfc4-3a451ee6b6b2,UFC 328: Chimaev vs. Strickland,2026-05-09,Waldo Cortes Acosta|Alexander Volkov,jpeg,11,119,8,2,"2571s. | FIGHT #11 | 26415. | Ur | scorecaro | ALEXANDER VOLKOV vs. | WALDO CORTES | ‘UFC 328: CHIMAEV VS STRICKLAND. | bate | Lecation | Venue | ACOSTA | ‘PRUDENTIAL CENTER | 570972026 | NEWARK, MEW JERSEY, USA | Woigrciass | eteree | EAMYWEIGHT 265s, | ‘ME BELTRAN | [ nose | =|) ao | Ea | ‘AEUNOER | watno | ‘AEVANOER | wano | ‘AEANOER | ‘wauno | VOLKOV | CORTES ACOSTA | VoLKOV | CORTES ACOSTA | voLKOV | CORTES ACOSTA | roe | Tm | oy | oy | me | ae | eae | ae | ro | a0 | Sone | soe | ane | Soe | Sone | ue | 00 | soe | Soe | See | en | Sane | 10 | 10 | 1 | 9 | 3 | 10 | - | 0 | 10 | 2 | 3 | 0 | 2 | 10 | 3 | 3 | 10 | 10 | 3 | 30 | oa | won | 2B | ont | org | [vere roc} | JON BILYK | HENRY KRAWIEC | DAVE TIRELLI | POINT DEDUCTIONS | NOTES | RESULT | ‘Alexander Volkov won by Unanimous | Decision"
53425b5e8518d94cd5bfeaaa.jpg,a197c31f2a9b49add3a084661bf81cde83965d39865f5b32edfb12b2793bea60,608c3bdf-e590-532f-b2db-77b7c2376aee,786b090f-cbf0-5891-a9f0-d3c47725571e,UFC Fight Night: Allen vs. Costa,2026-05-16,Ivan Erslan|Tuco Tokkos,jpeg,11,123,16,2,"2055 8s. | FIGHT #7 | 2055 18, | UFC | scorecaro | TUCO TOKKOS | vs. | IVAN ERSLAN | LUFC FIGHT NIGHT ALLEN VS. COSTA | Date | Location | Venue | Weight Class | Referee | 05/6206 | LAS VEGAS, NEVADA, USA | META APEX | LUGAT HEAVYWEIGHT - 205 185. | ERICMOMAHON | ea | [ seconer | | Ca | [ nooner | | co | Tuco | ToRKos | RSLAN | ToKos | RUAN | TOKKOS | ERSLAN | oy | rr | 00 | cy | ory | oy | om | rove | om | ory | Stone | fave | roar | So | Sone | ion | oo, | ue | Scone | 10 | 1 | 9 | 10 | 9 | 0 | 1 | 9 | 9 | 2 | 10 | 0 | 9 | 2 | 10 | 9 | 3 | 10 | 10 | 9 | 3 | 10 | 2B | rom | 23 | 28 | rom | E} | 28 | rot | 23 | [ye noc] | [ sue noc | | ADALAIDE BYRD | DAVID SUTHERLAND | JUNICHIRO KAMIJO | POINT DEDUCTIONS | NOTES | RESULT | Ivan Erstan won by Unanimous Decision"
a243bba35f519e883dddf889.jpg,18af3f0f376c0c12091311e64d068546b7c27fa99bdf8605f35e4a115da4b394,771d87cc-ede4-54e0-a94c-84c57e1dc2ff,786b090f-cbf0-5891-a9f0-d3c47725571e,UFC Fight Night: Allen vs. Costa,2026-05-16,Benardo Sopaj|Timmy Cuamba,jpeg,11,105,4,2,"B6LBS, | FIGHT #9 | ‘BEL. | UFC | scorecaro | TIMMY CUAMBA | VS. | BENARDO SOPAJ | UPC FIGHT NIGHT: ALLEN VS. COSTA | bate | Location | Venue | Weight Class | Reteree | 05/16 72006, | AS VEGAS, NEVADA, USA | META APEX | BANTAMWEIGHT 95 LBS. | TERINVALEL | aes | eS | =) | T™¥y | ‘ENRDO | Tay | BENARDD | ENARDD | CUAMBA | ‘SOPAJ | CUAMBA | ‘SOPAJ | cua | ‘SOPAJ | cy | Soe | oer | co | | Seo | roar | 0 | ae | Store| omer | PO"" | co | Stone | no | Ste | over. | ""© | oto. | rear | ""on | Stone | 10 | 0 | 1 | 0 | 2 | 3 | rom | 10 | rom | 0 | rom | 10 | ADALAIDE BYRD | ERIC COLON | SAL D'AMATO | POINT DEDUCTIONS | NOTES | RESULT | ‘Benardo Sopaj won by submission 225 of | Round I - rear naked choke"
52773aead4a450b722ae9c00.jpg,fcd573bb0ef94586136fc583e3f4ff74c8282c3fef1847b0b42ff1a621b4f0bd,9210f35d-8878-5a4b-bf34-a2505d1aa9c0,786b090f-cbf0-5891-a9f0-d3c47725571e,UFC Fight Night: Allen vs. Costa,2026-05-16,Cody Brundage|Andre Petroski,jpeg,11,110,5,2,"1855185. | FIGHT #4 | 55185, | UFC | scorecaro | CODY BRUNDAGE | vs. | ANDRE PETROSKI | UFCFIGHT NI | ALLEN VS. COSTA | ate | Location | Venue | Weight class | Reteree | 05/6/2026 | US VEGAS, NEVADA, USA | METAAPEX | (MIDDLEWEIGHT 15 8s. | ‘CHRIS TOGNONE | | co | coy | ANDRE | coy | ANDRE | oor | NORE | BRUNDAGE | PETROSKI | BRUNDAGE | PETROSK! | BRUNDAGE | PETROSKI | Tae | roo | ro | oy | ne | cc | reo | ome | cy | ""eo | co | Tan | Scone | Pa a | Sone | Son | voce | ""000 | toot | ‘one | Son | coe, | © | otc | Soe | 9 | 1 | 0 | 9 | | | 1 | 0 | 10 | 2 | 2 | 3 | 3 | Tet | emt | 0 | am | 10 | [vou noc] | on | ERIC COLON | ‘SAL D'AMATO | DAVID LETHABY | POINT DEDUCTIONS | NOTES | RESULT | (Cody Brundage won by TKO 0:44 of round 2."
8bc02b29e052aae9d9d977b4.jpg,3d0112bad19b8efd8a997df92092fa5e5008b84e39ed0e2af2189bfa7262eae5,928992e1-3f94-58c7-89c6-930125214bb2,786b090f-cbf0-5891-a9f0-d3c47725571e,UFC Fight Night: Allen vs. Costa,2026-05-16,Daniel Barez|Luis Gurule,jpeg,11,97,10,2,"558s, | FIGHT #2 | R5SUBS, | UFC | scorecaro | DANIEL BAREZ | vs. | LUIS GURULE | LUFC FIGHT NIGHT; ALLEN VS. COSTA | ate | Location | Venue | Weight class | Referee | 05/15/2026 | US VEGAS, NEVADA, USA | METAAPEX | FLYWEIGHT 125 8, | JER VALEL, | [aon | Ee | [mom] | a) | wis | AMEL | wis | DANIEL | wis | BAREZ | GURULE | BAREZ | GURULE | BAREZ | GURULE | oy | ‘oa | oy | Scone | Scone | Soe | Sone | ion | Some | 9 | 1 | 0 | 10 | 10 | 7 | 9 | 10 | 0 | 10 | 9 | 0 | 0 | 10 | a | rom | a | rom | 30 | 30 | [yea noc] | or | ERIC COLON | ‘TONY WEEKS | JUNICHIRG KAMIJO | POINT DEDUCTIONS | NOTES | RESULT | Luis Gurute won by Unanimous Decision"
36900a7c46ee85d35b54986a.jpg,3fe0d9f684d68b29d142db2a0d8cc3bb063251087a2a3f1d17c6516080e71135,e25eb945-cfb1-555b-9be1-132fd5a52699,786b090f-cbf0-5891-a9f0-d3c47725571e,UFC Fight Night: Allen vs. Costa,2026-05-16,Shauna Bannon|Nicolle Caliari,jpeg,11,112,8,2,"‘550s. | FIGHT #1 | 1550s. | UFC | scorecaro | SHAUNA BANNON | vs. | NICOLLE CALIARI | UFC FIGHT NIGHT: ALLEN VS. COSTA | ate | Location | Venue | Weight Class | Referee | 05/16/2026 | AS VEGAS, NEVADA USA | METAAPEX | (WOMEN'S STRAMWEIGHT- 15 LES. | KERRY HANEY | [ances | | oo | [ ences | | SHAUNA | NODE | SHAUNA | NICOLE | ery | NacoWLe | BANNON | CALIARI | BANNON | CALIARI | BANNON | CALIARI | oy | Seo | tom, | ran | oe, | a | oy | Sent | ory | Sen | co | oo | Sone | ‘e0@ | Sone | rom | oH | Seon | 3 | 0 | 9 | 0 | 0 | 0 | 0 | 9 | 10 | 9 | 9 | g | rome | 0 | 9 | om | 8 | [wr 10] | oo | ADALAIDE BYRD | JUNICHIRO KAMIJO | DAVID LETHABY | POINT DEDUCTIONS | NOTES | RESULT | Nicolle Caliari won by submission 3:08 of | round 3 - Arm triangle choke,"
e4c52842de062f8e6f168ebb.png,89a4c64736c9fa53d495d303f706748f6b3b333ce76d7376bbda84f8715a6f01,01b362cc-fa7b-5a9a-bd57-cfccdd9138da,9fdb4b8b-74d5-5f01-8e8b-7f1993642d6e,UFC Fight Night: Song vs. Figueiredo,2026-05-30,Luis Gurule|Rei Tsuruya,png,11,86,0,2,"‘B5Bs. | FIGHT #4 | ‘35s. | UFC | scorecaro | REI TSURUYA | vs. | LUIS GURULE | LUFC FIGHT NIGHT: SONG VS. FIGUEIREDO | Location | Weight Class | Reteree | panes | ‘macau, cn | ‘alan | us. | ‘Mane cODDARD | oo | x= | co | [sve comer | | wis | wis | TSURUYA | GURULE | TSURUYA | CURULE | TSURUYA | GURULE | aoe | 008 | on | oy | Tone | rer | a0 | roo | Te | See | oe. | ove. | Sco | Son | stove | Sone | 1 | 1 | 2 | 2 | 3 | 3 | em | rom | rot | [wre nace] | BEN CARTLIDGE | LUKE HILL | CLEMENS WERNER | POINT DEDUCTIONS | RESULT | Tsuruya wins 3m 19s of RD 1 via RNC"
a25470e42117c314824f288e.png,2b660e8d9d5227aa74942dce58079024cb7aa78b0566eff91113a4b87955d06c,529cbbf2-1d9f-5392-85d0-8759b4083e25,9fdb4b8b-74d5-5f01-8e8b-7f1993642d6e,UFC Fight Night: Song vs. Figueiredo,2026-05-30,Alonzo Menifield|Zhang Mingyang,png,11,115,0,2,"205 185. | FIGHT #12 | 206 18s. | UFC | scorecaro | ZHANG MINGYANG | VS. | ALONZO MENIFIELD | UFC FIGHT NIGHT: SONG VS. FIGUEIREDO | ate | 05/30/2026 | Loe | macau, | rt 1, CN | ton | cat ann | Weight Class | = 205 185, | ‘MARC cODDARD | Reteree | oo | [ sucrose | | co | [sve comer] | co | [ succes J | 0 | ‘ALONZ | ‘aonzo | HINGraNG | MENIFIELD | ‘MINGYANG | MENIFIELD | MINGYANG | MENIFIELD | co | co | rau | co | Ta | co | rom | a0 | reo | coy | Tone | ron | =o | Som | toc | ove | Scone | Som | stove | Scone | Son | oct. | rome | ste | Scone | 1 | 1 | 1] | 2 | 2 | 3 | 3 | oo | rom | rom | | | [wr noc: J | [sve noc | | EVAN FIELD | DAVID LETHABY | CEZAR WO|CIECHOWSKI | POINT DEDUCTIONS | RESULT | Menifeld wins 4mm 18s of RO 1 via TKO"
3f7ad4c8960e51c602340bcc.jpeg,7ff5a14162afff7456ee02624a0dfd06d9a0494bd7ce80721940191816bf9126,871b6b5f-2f65-583e-b1f7-5dcd2d964ae5,9fdb4b8b-74d5-5f01-8e8b-7f1993642d6e,UFC Fight Night: Song vs. Figueiredo,2026-05-30,Kai Asakura|Cameron Smotherman,jpeg,11,76,1,2,"BSUS. | FIGHT #10 | SS Uas. | UFC | scorecaro | KAI ASAKURA | vs. | CAMERON SMOTHERMAN | LUFC FIGHT NIGHT: SONG VS. FIGUEIREDO | ate | Location | Verve | Wight lass | Reteree | 57302026 =——MACAL,CON | CHLAKY ARENA | BANTAMWEIGHT 135185. | MaRCCoDDARD | ‘OMERON | [ sue coner J | ‘MERON | CAMERON | ASAKURA | ‘SMOTHERMAN | ASAKURA | ‘SMOTHERMAN | ASAKURA | ‘SMOTHERMAN | amr | cy | ‘eo | ar | oy | Sow | bed | ee | swe | eo | ‘cor | ma | rom, | om | BEN CARTLIDGE | EVAN FIELD | CEZAR WOjCIECHOWSKI | POINT DEDUCTIONS | RESULT | Asakura wins tm 50s of RO 1 via KO"
a15f9d1e6ab51549f5597622.jpeg,de62634f21221101f4e4f4ce10b6f59e7f9e45c035317de8484d1a921a420212,c47cde04-ca56-5e99-8036-f67233a96a96,9fdb4b8b-74d5-5f01-8e8b-7f1993642d6e,UFC Fight Night: Song vs. Figueiredo,2026-05-30,Jaqueline Amorim|Loma Lookboonmee,jpeg,11,88,0,2,"suns. | FIGHT #1 | SUBS. | UFC | scorecaro | LOMA LOOKBOONMEE | vs. | JAQUELINE AMORIM | LUFC FIGHT NIGHT: SONG VS. FIGUEIREDO | ate | Location | Verve | Wight lass | oteree | 57302026 =——MACAL,CON | CHLAKY ARENA | WOMENS STRAWWEIGHT 115 85. | ‘ior RIBEIRO | = | toma | =o | ao | toma | | =a | oy | =I | LOOKBOONMEE | AMORIM | AQUELNE | LOOKBOONMEE | ‘AQUELINE | AMORIM | LOOKBOONMEE | ‘AMORIM | Quene | moe | am | oe | ""eo | ar | oo | fod | Sow | So | bed | ee [ewe | eo | ioe | 1 | 2 | 3 | ma | rom, | om | BEN CARTLIDGE | EVAN FIELD | CHRIS LEE | POINT DEDUCTIONS | RESULT | ‘Amorim wins &m 4s of RD 1 via Armbar"
5f87fbffc71f542b2e7b0a1b.jpg,32939f5c720cb34fcf45e72e96b575cbd5a3da60cb318b68e671d896857ec6bd,6cf936a4-e0dd-5d9b-961f-82a977816802,55b6a70e-b633-58bc-bc37-be71c0a16704,UFC Fight Night: Kape vs. Horiguchi,2026-06-20,Navajo Stirling|Ion Cutelaba,jpeg,11,119,6,2,"205585. | FIGHT #11 | 205 ss. | UFC | scorecaro | ION CUTELABA | vs. | NAVAJO STIRLING | ‘URC FIGHT NIGHT: KAPE VS. HORIGUCHI | ate | Location | Venue | Weight Class | Referee | 06/20/2026 | {US VEGAS, NEVADA, USA | META APEX | LUGHT HEAMYWEIGHT-205 185, | KERRY HATEY | =o | [axons | | 10 | ‘oN | 0 | ‘08 | ‘CUTELABA | STIRLING | CUTELABA | STIRLING | (CUTELABA | STRLING | oe | Sone | ove | ‘oo | rau | co | rent | oy | Soe | Soon | one | oe | rom | rove | cod | an | oy | Store | oy | Seo | co | ant | ro0e | seo, | on | cy | Stone | 0 | 9 | 10 | 1 | 9 | 0 | 1 | 2 | 2 | 3 | 3 | 0 | rom | 10 | rom | 10 | om | {seo poe] | [we noc: § | [ sue noc} | ERIC COLON | ‘SAL D'AMATO | RON MCCARTHY | POINT DEDUCTIONS | RESULT | wd | Navajo Stirling won by TKO 323 of round 2"
c41bc57d66eff1bdd7ea3689.jpg,251c0077af6eac01eb4d52e8e40499cdf08c965a08c7aaa4a904fc1bf27beafc,74cbad95-d105-5a4b-847c-22640bca200c,55b6a70e-b633-58bc-bc37-be71c0a16704,UFC Fight Night: Kape vs. Horiguchi,2026-06-20,Kyoji Horiguchi|Manel Kape,jpeg,11,116,13,2,"‘258s. | FIGHT #12 | ‘2SUBs. | UFC | scorecaro | MANEL KAPE | vs. | LUFC FIGHT NIGHT; KAPE VS. HORIGUCHI | KYOjI HORIGUCHI | ate | Location | Venue | Weight Class | Referee | 06/20/2026 | {US VEGAS, NEVADA, USA | META APEX | FLYWEIGHT- 25 LBs. | ERB DEAN | = | mo | MANEL | oy, | MANEL | wo} | MEL | wo}, | KAPE | HORIGUCHI | KAPE | HORIGUCHI | HORIGUCHI | oy | ror | oo | co | oy | ioe | ‘ear | rene | om | cy | coy | mt | mm | Sone | ave | ou | Seon | ‘Sco | ue, | co | Scone | Some | seo, | Stone | 9 | 10 | 9 | 4 | 10 | 10 | 9 | 10 | 9 | 10 | 0 | | | | | 4 | 5 | 5 | 8 | rom | 8 | rom | 9 | om | 9 | [ sue noc J | MIKE BELL | ‘SAL D'AMATO | CHRIS LEE | POINT DEDUCTIONS | RESULT | =a | ‘Manel Kape won by TKO 2:42 of round 3."
e54a12a3f15ae40c49140f1a.jpg,8f3bb448ddff1004896c9d542ad6151ce02c797cc56b78115c342b116578e883,86c43398-ea77-5ea4-ac9b-64de76b3a4e5,55b6a70e-b633-58bc-bc37-be71c0a16704,UFC Fight Night: Kape vs. Horiguchi,2026-06-20,Bia Mesquita|Melissa Mullins,jpeg,11,96,0,2,"‘BGLBS. | FIGHT #6 | 155 LBS. | UFC | scorecarp | BIA MESQUITA | vs. | MELISSA MULLINS | LUFC FIGHT NIGHT; KAPE VS. HORIGUCHI | ate | Location | Venue | Weight Class | Releree | 06/20/2026 | {AS VEGAS, NEVADA, USA | META APEX | (WOMEN'S BANTAMWEIGHT. 135 185. | MIKE BELTRAN | =o) | cco | [comes ) | f vscos ) | ME | esquia | MULLINS | ESqUTA | MULLINS | EsquTA | MULLINS | oy | Stone | ne | rau | ar | oy | owe | ear | rove | ca | oy | ion | Some | eo. | mt | Stone | 1 | 2 | 3 | rome | rom | ov | [renwoc | | ADALAIDE BYRD | CHRIS LEE | RON MCCARTHY | POINT DEDUCTIONS | RESULT | a | of round 1 - Armbar. | ‘Bia Mesquita won by verbal submission 3:16"
c3a395605181a01961f61038.jpg,04f55894ad458c78bd7d2b97cbe37c81dc8935489dad44e02bdc4237527ad9d9,a0ccddab-34b1-5549-a8ea-449ccbebdd11,55b6a70e-b633-58bc-bc37-be71c0a16704,UFC Fight Night: Kape vs. Horiguchi,2026-06-20,Otari Tanzilovi|Shane Collins,jpeg,11,105,9,2,"WSS5Bs. | FIGHT #1 | MSL. | UFC | scorecaro | ‘SHANE COLLINS | vs. | OTARI TANZILOVI | LUFC FIGHT NIGHT: KAPE VS, HORIGUCHI | ate | Location | Venue | Weight Class | Referee | 06/20/2025 | {AS VEGAS, NEVADA, USA | META APEX | FEATHERWEIGHT -45 LBS. | RIS TOCNONL | | co | acon) | [acon | joc) | COLLINS | rTaNZiLOM | COLLINS | aNziLoM | coutins | rawzitow | ory | oy | oe | oy | mr | ea | or | ra | ar | ‘on | Son | mr | 00 | om | ‘on | Stor | rome | oc. | bd | 1 | 10 | 10 | | | | | 9 | 0 | 9 | 10 | 0 | 2 | 9 | 0 | 10 | 10 | 3 | 9 | 0 | 30 | rome | a | 30 | om | a | om | [vere poe] | CHRIS LEE | RON MCCARTHY | TONY WEEKS | POINT DEDUCTIONS | RESULT | wi | ‘Shane Coins won by Unanimous Decision"
0abe26192e9e83bd81f87c02.jpg,76bf450ea5a608a9bfb0b2d6d51ca59641deb8f33528720624469d067d4c8b2a,1562c3aa-22c1-5b9b-ae98-ac4c3a71c171,ea5bf92e-7ed9-581d-a473-b18966709c14,UFC Fight Night: Fiziev vs. Torres,2026-06-27,Nursulton Ruziboev|Andrey Pulyaev,jpeg,11,106,0,2,"15 18s. | FIGHT #5 | 18518. | UFC | scorecaro | NURSULTON RUZIBOEV | vs. | ANDREY PULYAEV | LUFC FIGHT NIGHT: FIZIEV VS. TORRES | ate | on | Venue | Weigh cass | eteree | 06/2772028 | a, AE | [NATONAL GYMAASTICS ARENA, | MIDDLEWEIGHT 15 LBS. | MaRCcoooARD | [ snows } | co co | =o | co | uRSUTON | URSULTON | uRSULTON | UZIBOEV | YAY | UZIBOEV | svar | RUZIBOEV | vulvaet | Boe | ‘Slow | om | mae | ou | ron | Sone | bed | tone. | ""ea | reve | Tone | oy | mae | Sow | ec | or | aoe | at, | mar | 1 | 1 | 2 | 2 | 3 | 3 | vont | oa | rom | [ euow noc] | DAVID LETHABY | ANDERS OHLSSON | VITO PAOLILLO | POINT DEDUCTIONS | NOTES | RESULT | = | Rutiboev wins 3m 58s of RD 1 via technical | ‘submission due to RNC"
deead859b49f7ab0623e3179.jpg,ad58db0c1168880405a3bf2a69d0e369635ae3caf7ab3be5ee8a75407f10cf06,84389aec-f20b-5868-acfa-bf58b6a84065,ea5bf92e-7ed9-581d-a473-b18966709c14,UFC Fight Night: Fiziev vs. Torres,2026-06-27,Daniil Donchenko|Theodor Berggren,jpeg,11,111,6,2,"‘vos. | FIGHT #3, | muss. | UFC | scorecaro | DANIIL DONCHENKO | vs. | THEODOR BERGGREN | UFC FIGHT NIGHT: FIZIEV VS. TORRES | te | ation | Venue | Weight lass | Referee | 06/2 | paras | BAKU, AZE | [NATIONAL GYMNASTICS ARENA | ‘WELTERWEIGHT. 1708S. | HERB DEAN | [ rae | | amcor | | co | x co | ‘THEODOR | THEODOR | ‘THEODOR | DONCHENKO | BERGGREN | DONCHENKO | BERGGREN | DONCHENKO | BERGGREN | on | oy | cy | ""oar | Sor | eeu | co | mt | cy | Sor | ron | ove | tt. | Seo | Stow | ca | rove | soot | Seo | 0 | 1 | 9 | 10 | fi | 9 | 0 | 1 | 9 | | | | | 2 | | | 2 | 2 | 3 | 3 | 3 | 10 | Tom | 0 | vm | 10 | om | [wre noc} | MARK COLLETT | DAVID LETHABY | VITO PAOLILLO | POINT DEDUCTIONS | NOTES | RESULT | Pa | Donchenko wins 1m 35s of RD 2 via TKO"
05d36643913473c9976b1397.jpg,fab67f8a30917aa0afd8a503fb6a2e2821ae5c98205dd3bccb2f96348c8f7332,d92e7473-076f-599e-93e6-439f396b2459,ea5bf92e-7ed9-581d-a473-b18966709c14,UFC Fight Night: Fiziev vs. Torres,2026-06-27,Matheus Camilo|Nazim Sadykhov,jpeg,11,84,0,2,"‘Sous. | FIGHT #11 | 156185. | UFC | scorecaro | UFC FIGHT NIGHT: FIZIEV VS. TORRES | NAZIM SADYKHOV | VS. | MATHEUS CAMILO | oe | Z | . | paras | BAKU, AZE | ation | Venue | [NATIONAL GYMNASTICS ARENA | Weight lass | UGHTWEIGAT- 155 Las. | Referee | ICH MITCHELL | amcor | | [ce | | ‘MATHEUS | x co | MaTHEUS | SADYKHOV | CAMILO | SADYKHOW | CAMILO | SADYKHOV | CAMILO | om | cy | oy | Sor | eeu | co | mt | Sone | Sor | ron | ove | tt. | Seo | Stow | soot | Seo | vm | om | DAVID LETHABY | VITO PAOLILLO | CLEMENS WERNER | POINT DEDUCTIONS | NOTES | Camillo wins tm 315 of RO 1 via TKO"
8d76c05d638e5c19af9aa42c.jpg,7ae882c27157bb0f3af9baccf9e47415cc5a4a92bda0c35e1256ea47187425f0,1829fd5a-95b8-5279-940b-78f7f4eb2edc,3a3e7a1b-0d9c-58b8-8017-f4cf7c0fafc2,UFC 329: McGregor vs. Holloway 2,2026-07-11,Brandon Royval|Lone'er Kavanagh,jpeg,11,126,13,2,"psi. | FIGHT #11 | Pot | UFC | scorecaro | BRANDON ROYVAL | vs. | LONE'ER KAVANAGH | ‘UFC 329: MCGREGOR VS. HOLLOWAY 2 | ate | Location | Venue | Weight Cass | Referee | ompns | US VEGAS, NEVADA, USA | TFMOBILE ARENA | FLYWEIGHT 125 LBS. | JASON HERZOG | xa cI | | scones ] | ‘BRANDON | LONEER | BRANDON | LONEER | BRANOON | LONER | ROYWAL | KAVANAGH | ROYVAL | KAVANAGH | ROYVAL | KAVANAGH | oy | ""on | ‘oom | cy | 00 | "" | ‘on | cy | cy | rea | Some | ue | 00 | oot | Seon | Sone | stove | co | soot. | Seon | Sone | 10 | ii | 9 | 10 | 1 | 9 | 0 | 7 | 3 | 2 | 10 | 3 | 2 | 0 | 3 | 10 | 3 | 3 | | | 9 | rom | 9 | 9 | roma | 9 | 9 | rom | 9 | [wre n0ce J | [mena | | MIKE BELL | DEREK CLEARY | JUNICHIRO KAMIjO | POINT DEDUCTIONS | ‘NOTES | RESULT | Brandon Royval won by submission 3:40 of | round 3 - Rear naked choke."
4eb67e6982da8a8d8ef7abe2.jpg,f829f44126791478d2f6969b050039cb713e854892416a1326cd115e6be0b42a,20d4b4e4-b668-5317-ae4f-0367e4da9c8d,3a3e7a1b-0d9c-58b8-8017-f4cf7c0fafc2,UFC 329: McGregor vs. Holloway 2,2026-07-11,Paddy Pimblett|Benoit Saint Denis,jpeg,11,120,1,2,"15618. | FIGHT #13 | ‘561. | UFC | scorecaro | BENOIT SAINT DENIS | vs. | PADDY PIMBLETT | {UFC 329: MCGREGOR VS. HOLLOWAY 2 | ate | Location | Venue | Weight Cass | Referee | ompns | US VEGAS, NEVADA, USA | “FMOBILE ARENA | LUGHTWEIGHT 15 8, | MARC CODDARO | = | | co | ‘BENOIT | PanoY | BENOIT | PADDY | BENOIT | PanoY | ‘SAINT DENIS | PIMBLETT | SAINT DENIS | PIMBLETT | SAINT DENIS | PIMBLETT | oy | mt | rom | oy | oy | “nr | em | oy | oy | oar | oor | cy | Stone | pot | a0 | aot | ton | bed | ue. | au | vet | Son | Scone | mat | sam | 4 | 1 | 1 | 1 | 2 | 2 | 2 | 3 | 3 | 3 | rot | rom | roa | RED BOE | [wre noc} | oo | MIKE BELL | ERIC COLON | RON MCCARTHY | POINT DEDUCTIONS | NOTES | RESULT | UFC.coM| | addy Pimblett won by technical submission | (052 of round 1 - DArce choke."
aff4a38ec94f2e07e96d2426.jpg,11eb73a256786db5110824abae59b07895700890a97e324d50523e155cb851c4,3418911f-1045-56e0-8265-2f4385304e8b,3a3e7a1b-0d9c-58b8-8017-f4cf7c0fafc2,UFC 329: McGregor vs. Holloway 2,2026-07-11,Gable Steveson|Elisha Ellison,jpeg,11,106,1,2,"2a. | FIGHT #8 | 23618. | UFC | scorecaro | GABLE STEVESON | vs. | ELISHA ELLISON | {UFC 329: MCGREGOR VS. HOLLOWAY 2 | Date | Location | nu | Referee | “MOBILE ARENA | Weight Class | HEAVYWEIGHT -265 LES. | MARC COODARD | omnes | US VEGAS, NEVADA, USA | oo | = | = co | x= | CABLE | ELISHA | SHA | ELISHA | ‘STEVESON | ELLISON | oat on | aul | SON | STEVESON | ELLISON | amt | a0 | aot | rom | oy | = | au | ""em | cy | ear | a0 | ro | oy | cy | Seace | soe. | = | Scone | set | Sone | 1 | 1 | 2 | 2 | 3 | 3 | rom | on | rom | RED POE | [wore noc} | [a noc} | MIKE BELL | DEREK CLEARY | CHRIS LEE | POINT DEDUCTIONS | NOTES | RESULT | Gable Steveson won by KO 2:31 of round 1"
5c0bf1c02bf73937a5bdd40d.jpg,eec52d38daaf8adc8ace64b05edbd920dd8d9ca455ff933ddb7a7d193120c3a8,48c65a1f-0983-5e1b-b765-2debf8d52748,3a3e7a1b-0d9c-58b8-8017-f4cf7c0fafc2,UFC 329: McGregor vs. Holloway 2,2026-07-11,Cory Sandhagen|Mario Bautista,jpeg,11,135,11,2,"SSUES. | FIGHT #12 | ‘BSS LBs. | UFC | scorecaro | CORY SANDHAGEN | vs. | MARIO BAUTISTA | ‘UFC 329: MCGREGOR VS. HOLLOWAY 2 | ate | Location | Venue | Weight Cass | Referee | ompms | AS VEGAS, NEVADA, USA | TFMOBILE ARENA | BANTAMWEIGHT 135 LES. | HERB DEAN | oo | x co | [secon | | ‘ony | MARIO | con | Mani | co | MARIO | ‘SANDHAGEN | BAUTISTA | ‘SANDHAGEN | BAUTISTA | SANDHAGEN | BAUTISTA | oy | “an | rou | om | me | oy | or | U0 | om | oy | oy | roo | co | on | me | Some | pot | oot. | Stor | Sone | ave | soot. | Seon | Some | oe, | et | Seon | 3 | 4 | 10 | 3 | 1 | 10 | 0 | 1 | 10 | 2 | 9 | 0 | 2 | 9 | 3 | 2 | 10 | 3 | 3 | 10 | 9 | | | 3 | 10 | 9 | 3 | 10 | 2B | rom | 2B | rom | rom | RED DCE | [wre noc: J | [ ave noc: § | BEN CARTLIDGE | SAL D'AMATO | CHRIS LEE | POINT DEDUCTIONS | NOTES | RESULT | Mario Bautista won by Unanimous Decision"
92783659ed0d334b3cfa6dda.jpg,8080adca02fc38bce8c8066e172e42723b0f242de352afd179b0efaebdae50ac,908dd4da-6adb-5114-af76-fb04ec06d7ab,3a3e7a1b-0d9c-58b8-8017-f4cf7c0fafc2,UFC 329: McGregor vs. Holloway 2,2026-07-11,Nikita Krylov|Robert Whittaker,jpeg,11,115,13,2,"2055185, | FIGHT #9 | 2055 185. | UFC | scorecaro | NIKITA KRYLOV | vs. | ROBERT WHITTAKER | {UFC 329: MCGREGOR VS. HOLLOWAY 2 | Date | Location | Venue | Referee | “MOBILE ARENA | Weight Class | LUGHT HEAVYWEIGHT 205 Ls. | ‘CHRIS TOCHONL | omnes | US VEGAS, NEVADA, USA | oo | x= | [nxn] | xo | KT | NIKITA | ROBERT | NIKITA | ROBERT | KRYLOV | WHITTAKER | KRYLOV | WHITTAKER | KRYLOV | WHITTAKER | cy | taut | amt | a0 | aot | rom | oy | = | au | ‘em | cy | cy | oar | Scone | Scone | oy | soe. | Some | ‘one | 9 | 1 | 10 | 9 | 1 | 10 | 10 | 3 | 2 | 10 | 9 | 2 | 10 | 10 | 3 | 3 | 8B | rom | 8B | on | 8 | rom | REDO | [ware noc: | | BEN CARTLIDGE | ERIC COLON | SAL D'AMATO | POINT DEDUCTIONS | NOTES | RESULT | Robert Whittaker won by TKO 1:01 of round 3."
5a3ce27d93fdc7c368bfe0fd.jpg,2b307aa4be31379a3f93821f21f8bb06258a9a9cd9a98c5e6f045a06ffb8959e,9103824b-2cf4-5438-81c7-f9248e205d5a,3a3e7a1b-0d9c-58b8-8017-f4cf7c0fafc2,UFC 329: McGregor vs. Holloway 2,2026-07-11,Cody Garbrandt|Adrian Yanez,jpeg,11,97,1,2,"‘B6LBS. | FIGHT #7 | ‘BEL. | UFC | scorecaro | CODY GARBRANDT | VS. | ‘ADRIAN YANEZ | {UFC 329: MCGREGOR VS. HOLLOWAY 2 | Date | Location | Venue | Reteree | “MOBILE ARENA | Weight Class | BANTAMWEIGHT 135 LES. | ERB DEAN | omnes | US VEGAS, NEVADA, USA | oo | =I | [ nuxcones | | ‘ADRIAN | ‘RIAN | coor | ‘RIAN | CARERANOT | YANEZ | CARBRANDT | YANEZ | GARBRANOT | YANEZ | cy | taut | mt | a0 | aot | rom | oy | oy | = | oy | oy | ar | Scone | Scone | Stone | Some | Scone | Sone | 1 | 2 | 3 | rom | on | rom | REDO | [ware noc: | | [a noc} | BEN CARTLIDGE | ERIC COLON | CHRIS LEE | POINT DEDUCTIONS | NOTES | RESULT | Adrian Yanez won by TKO 2:47 of round 1"
e298357e1b69e72f5a63eb4d.jpg,1e82b05b560621f0e2d88aa5ea2adb26a8490f82be3fe13ad95c2433ce6498cd,19f9bf07-bb84-59e8-ad27-78fa738bdbc0,ecf00abd-ee79-5cc0-b902-1ff482a8a7ca,UFC Fight Night: Medic vs. Rodriguez,2026-08-01,Aleksandar Rakic|Marcin Tybura,jpeg,11,97,4,2,"23751. | FIGHT #12 | 254s. | UFC | scorecaro | ALEKSANDAR RAKIC | vs. | MARCIN TYBURA | ‘UFC FIGHT NIGHT: MEDIC VS. RODRIGUEZ | Date | Weigh class | Reteree | o8yoy202s | BELGRADE, VO)VODINA SRB | ‘BELGRADE ARENA | HEAIYWEIGHT- 26518, | KERRY HATLEY | [ scones | | xo | [ cee | | | co | ‘ALEKSANOAR | MaRaN | ‘ALEKSANOAR | ‘MARGIN | ‘ALEKSANDAR | ‘MaRON | RAKIC | TYBURA | RAKIC | TYBURA | RAKIC | TYBURA | ‘ace | eto | oe | ES | roar | oe | See | cy | ‘on | toute | ean | 000 | a | oy | ‘on | tou | Sone | 10 | 0 | 0 | 10 | 10 | 0 | 0 | 0 | 0 | vem | vem | ran | 30 | [vos noc] | MARK COLLETT | DAVID LETHABY | DARRYL RANSOM | POINT DEDUCTIONS | NOTES | RESULT | ‘Aleksandar Rakic won by Unanimous | Decision"
f8f5c0149f6f26740b34d8b2.jpg,0cd88b8ec63e51c60412db6b8af213830e408e8e0ea0007b5257e26476e655e4,1d0aa4e8-84b0-5201-86f2-744ffcd6d2e8,ecf00abd-ee79-5cc0-b902-1ff482a8a7ca,UFC Fight Night: Medic vs. Rodriguez,2026-08-01,Kyle Prepolec|Mateusz Rebecki,jpeg,11,94,0,2,"185585. | FIGHT #4 | 1555. | UFC | scorecaro | MATEUSZ REBECKI | vs. | KYLE PREPOLEC | ‘UFC FIGHT NIGHT: MEDIC VS. RODRIGUEZ | ate | venue | Weight Class | Referee | os/oy2026 | ‘BELGRADE, VO}VODINA, SRB | ‘BELGRADE ARENA | LGTWEIGHT 155 Ls. | KERRY HATEY | [ eons} | C= | Cea | nce) | EC | PREPOLEC | REBECKI | PREPOLEE | BECKI | PREPOLEC | ne | co | Tae | ""ear | oy | Scone | ro | sau | an | Sone | Sone | me. | revo | oto | Sow | Some | at] soo | cd | Sone | 1 | 1 | 2 | 2 | 3 | 3 | Tone | Tom | [ave noc | | BEN CARTLIDGE | SAL D'AMATO | CLEMENS WERNER | POINT DEDUCTIONS | NOTES | RESULT | Pa | Rebecki wins 4m 41s of RD 1 via TKO"
0c7dcd0d101fde5ab1a119d9.jpg,de01a024d8b4d22d8d29f60d985e71f712348294ad45a7808629101c243fb383,1f18a992-c249-5bd8-879b-52e4ee6e1b80,ecf00abd-ee79-5cc0-b902-1ff482a8a7ca,UFC Fight Night: Medic vs. Rodriguez,2026-08-01,Jan Blachowicz|Navajo Stirling,jpeg,11,98,0,2,"5 18S. | FIGHT #13, | 205185. | UFC | scorecaro | vs. | LUFC FIGHT NIGHT; MEDIC VS, RODRIGUEZ | JAN BLACHOWICZ | NAVAJO STIRLING | bate | Venue | Weight lass | Referee | 08/2026 | ‘BELGRADE, VOVODINA, SRB | ‘BELGRADE ARENA | LIGHT HEAVYWEIGHT -205 Ls. | MARC CODDARD | [ ose} | | oo | xo co | [ aco | | BLACHOWICZ | smRLING | BLACHOWICZ | STIRLING | Blachowicz | smRLING | "" | on | cy | oy | an | reo | oy | ome | roar | ""a | 00 | eet | Scone | Ste | oct, | cS | Scone | So | pod | rove | soe. | Sent | 1 | 1 | 2 | 2 | 3 | 3 | ont | rom | rom | BEN CARTLIDGE | VITO PAOLILLO | CLEMENS WERNER | POINT DEDUCTIONS | NOTES | RESULT | Stirling wins 2m 56s of RD 1 via TKO"
6f962b3a72c110f088f7d7ab.jpg,0f78623ebf2be8de82aea3cd967cfcd4ab043f43401859874ca345376bd1676b,32b0e42f-07a3-5423-8b2b-ca364a9f64c8,ecf00abd-ee79-5cc0-b902-1ff482a8a7ca,UFC Fight Night: Medic vs. Rodriguez,2026-08-01,Alexander Poppeck|Jovan Leka,jpeg,11,88,1,2,"2525185. | FIGHT #2 | 25s. | UFC | scorecaro | vs. | ALEXANDER POPPECK | ‘UFC FIGHT NIGHT: MEDIC VS. RODRIGUEZ | JOVAN LEKA | Reteree | depos | ‘BELGRADE, VO]VOOINA Sa | FELINE ENA | Weight lass | HEAMYWEIGHT- 265.8. | ‘VUDIMIR BADRIJICA | fa) | [ sxceer | | [ scones | x co | yowan | jovan | ‘ALEXANDER | yovan | ALEXANDER | LEKA | POPPECK | LEKA | POPPECK | LEKA | POPPECK | ro | ‘eae | Soe | ca | awe | ove | one | Seo | ""oar | rev | ca | sone | ion | oe | 1 | 2 | 3 | om | rome | rom | BEN CARTLIDGE | DARRYL RANSOM | CLEMENS WERNER | POINT DEDUCTIONS | NOTES | RESULT | a | Leka wins 2m 22s of RD 1 via TKO"
ca45b0dc4a19d3d9668bd3df.jpg,1aa31f269b28ab4041a3415d627bf3c469f06d4724228ba893e9f5061f63c87d,a4444298-245b-5717-8580-5a20af27e4da,ecf00abd-ee79-5cc0-b902-1ff482a8a7ca,UFC Fight Night: Medic vs. Rodriguez,2026-08-01,Noah Gugnon|Milos Janicic,jpeg,11,102,1,2,"sous. | FIGHT #9 | ‘5B, | UFC | scorecaro | MILOS JANICIC | VS. | NOAH GUGNON | (URC FIGHT NIGHT: MEDIC VS. RODRIGUEZ | ate | Loe | Weight Class | Referee | 08/01/2026 | Bel | GRADE, VODA eB | Pelee ARE | LGATWEIGHT 155 Bs, | JSON HERZOG | = | [smc | | [ome | | [secon | jms) | Mos | ios | JANICIC | cucnon | JANICIC | cuchn | par | cucon | om | ory | ory | a | oy | Store | ot | sono | at | Stone | one | ear | rove | oa | ory | ory | toot | a0 | tou | Some | 1 | 1 | 1 | 2 | 2 | 2 | 3 | 3 | 3 | rout | rom. | rot | [vee noc] | feenoc ] | BEN CARTLIDGE | DARRYL RANSOM | CLEMENS WERNER | POINT DEDUCTIONS | NOTES | RESULT | Gugnon wins 1m 215 of RD 1 via RNC"
b6aa57a908cc29ca7b4481ba.jpg,9862190da00af8f44a8b382bbaa6746d036107b7175254862e68e612fc1737f6,a5e1e937-dec8-5d38-afaa-533d4ef915c6,ecf00abd-ee79-5cc0-b902-1ff482a8a7ca,UFC Fight Night: Medic vs. Rodriguez,2026-08-01,Hailey Cowan|Nina Milosevic,jpeg,11,89,0,2,"BaSLBs. | FIGHT #3, | ‘a6uBS. | UFC | scorecaro | NINA MILOSEVIC | vs. | HAILEY COWAN | ‘UFC FIGHT NIGHT: MEDIC VS. RODRIGUEZ | ate | ue | Reteree | os/oy2026 | ‘BELGRADE, VO}VODINA, SRB | ‘BELGRADE ARENA | Weight lass | WOMEN'S BANTAMWEICHT- 5 LBS. | JACOB MONTALVO | oo | Ea | Cea | AILEY | HALEY | HALEY | MiLosenc | ‘COWAN | Mitosenc | cOWAN | MiLosenc | cOWAN | ne | co | Tae | ""oar | Siow | ro | sau | an | Sone | Sone | me. | revo | oto | ‘one | Some | at] soe | ""ear | 1 | 2 | 3 | Tone | Tom | [sven | | MARK COLLETT | DAVID LETHABY | ‘VITO PAOLILLO | POINT DEDUCTIONS | NOTES | RESULT | Milosevic wins 3m 415 of RD 1 via TKO"
544b17a310ed365cadf32940.jpg,694d8956d4fb94f6961ea3cf251de19b7a9ae6f1f503eb45c98d315f385881d2,df6e5425-a8bc-5f0d-9a02-6f687e3d5329,ecf00abd-ee79-5cc0-b902-1ff482a8a7ca,UFC Fight Night: Medic vs. Rodriguez,2026-08-01,Borislav Nikolic|Mark Vologdin,jpeg,11,125,10,2,"13618, | FIGHT #6 | B5SUBS. | UFC | scorecaro | BORISLAV NIKOLIC | vs. | MARK VOLOGDIN | [UFC FIGHT NIGHT; MEDIC VS. RODRIGUEZ | ate | Venue | Weight Class | Referee | /ov2026 | co youn eo | BELGRADE ARENA | BANTAMWEIGHT 95 BS. | MaRCCODDARD | [ axcner | | [ sce | | [ nxceer | | BORISLAY | BORISLA | ISL | NIKOLIC | voocoin | NIKOLIC | VOLOGDIN | NIKOLIC | vo.ocoin | cy | reo | rove | ron | on | rae | co | Scone | tout | ove | Son | ‘Soe | coe | 000 | Son | Scone | ove | moet | See | 3 | 1 | 10 | 9 | 1 | 0 | 9 | 1 | 0 | i) | 2 | 9 | 10 | 2 | 3 | 0 | 2 | 3 | L | 10 | 3 | a | 10 | 3 | 8 | 10 | l | | | 3 | | | 8 | rom | a | rom | E} | rom | a | [wear noc: J | fave noc | | [ raion poe} | SAL D'AMATO | VITO PAOLILLO | CLEMENS WERNER | POINT DEDUCTIONS | NOTES | RESULT | Borislav Nikolic won by Unanimous Decision"
7c1fcfc46333ec264325f1e6.jpg,eb070f4f55d868e5e327f053866da1fd10ccd1bb72258b736859a9c90c7d3679,ec3a2077-b6fb-5b62-bb9e-c0113560cf4d,ecf00abd-ee79-5cc0-b902-1ff482a8a7ca,UFC Fight Night: Medic vs. Rodriguez,2026-08-01,Dennis Buzukja|Bogdan Grad,jpeg,11,119,7,2,"146 18s. | 55 LBS, | FIGHT #5 | UFC | scorecaro | DENNIS BUZUKJA | vs. | BOGDAN GRAD | ‘UFC FIGHT NIGHT; MEDIC VS, RODRIGUEZ | bate | Location | Venue | Weight class | Reteree | oejovz02s | BELGRADE, VOJWODINA, SRB | ‘BELGRADE ARENA | FEATHERWEIGHT 145 LBS. | JASON HERZOG | ee) | a) | aaa | ens | Dens | Dennis | ‘BOGDAN | BUZUKIA | tRaD | BUZUKIA | “CRAD | BUZUKIA | cy | ‘oa | roo | cy | aoe | om | moe | oy | on | or | ioe | Stowe | oe, | rove | oe, | Sco | Sone | Some | Som | oe | oo | oe | Sone | 9 | 1 | 10 | 9 | 0 | 9 | 1 | 10 | 2 | 2 | 3 | 3 | rom | 10 | rom | 10 | om | 0 | [year noc: J | f nue pc | | [ uw na} | MARK COLLETT | DAVID LETHABY | DARRYL RANSOM | POINT DEDUCTIONS | ‘NOTES | RESULT | Grad wins 4m 33s of RD 2 via Arm triangle | Choke"
1dc95d4eaa29a3a29f8caf83.jpg,5b3be92f9f0fae88e64803b65bd03acb726c1aac13bb2b22d9add88b5a18d848,ec6a79d1-d329-587e-aefc-9d4651e278f6,ecf00abd-ee79-5cc0-b902-1ff482a8a7ca,UFC Fight Night: Medic vs. Rodriguez,2026-08-01,Dusko Todorovic|Robert Valentin,jpeg,11,105,0,2,"185 LBs. | FIGHT #11 | 855 LBS. | UFC | scorecaro | DUSKO TODOROVIC | vs. | ROBERT VALENTIN | UFC FIGHT NIGHT: MEDIC VS. RODRIGUEZ | ate | ve | [BELGRADE ARENA | Weight class | MIDDLEWEIGHT 185 LBS. | Referee | ayovz02s | BELGRADE, VOJVODINA, SR | cos MoNTALO | Ca | | co | x] co | oS | ROBERT | ROBERT | ToDOROWC | VALENTIN | ToDOROWC | VALENTIN | ropdRowic | VALENTIN | cy | Seo | oe, | eon | co | a | moe | Sone | Sore | oct | or | co | oto, | rom | soe | Sone | ioe | coor. | 0 | ove | on | Stone | 1 | 1 | 1 | 2 | Zz | 2 | 3 | 3 | 3 | ent | rm | Tone | [vere pec] | [ave pn) | BEN CARTLIDGE | ‘SAL D'AMATO | CLEMENS WERNER | POINT DEDUCTIONS | NOTES | RESULT | Valentin wins 4m 14s of RD! via Guillotine | choke"
8732613b33243f8092ade029.jpg,7fd819d1174c36ba59e22c68a5c2ff2e2ef55d8624d51b31e40dbf98a1d2118e,29ee211c-868e-5ac1-adbc-c9166aee5159,e26ecb05-10c7-5aeb-97ed-8f842df8992a,UFC Fight Night: Gamrot vs. Salkilld,2026-08-08,Gigi Canuto|Carol Foro,jpeg,11,103,6,2,"‘6 Bs, | FIGHT #1 | ‘6 as, | UFC | scorecaro | GIGI CANUTO | vs. | CAROL FORO | LUFC FIGHT NIGHT: GAMROT VS. SALKILLD | ate | Location | Venue | Weight class | Reteree | 0/08/2026 | {AS VEGAS, NEVADA, USA | META APEX | (WOMEN'S STRAWWEIGHT 15 LB. | ‘CHRIS TOCNONL | oo | xo) co | [ scones | oa | ‘oROL | ‘ROL | ‘coRoL | caNUTO | FORO | canuro | FORO | canuro | FORO | oy | an | co | wr | reo | oy | ""on | roa | Tone | Seo | oem | ove | Seon | Seon | tou_| 00 | Scant | Sone | Seon | 9 | 10 | 10 | 0 | 0 | 0 | 9 | 0 | 10 | 0 | 10 | Tom | om | on | ERIC COLON | CHRIS LEE | TONY WEEKS | POINT DEDUCTIONS | NOTES | RESULT | a | ‘carol Foro won by Unanimous Decision"
436701a818cd0c62e1f09f90.jpg,aaafa11a0b96817cbafd6768dd0d9ce1481a9b95bf8f15406bb71a3b96914247,45169436-1732-5972-ad8d-371646edbd15,e26ecb05-10c7-5aeb-97ed-8f842df8992a,UFC Fight Night: Gamrot vs. Salkilld,2026-08-08,Jose Montanha|Louie Sutherland,jpeg,11,98,0,2,"258105. | 2585185, | FIGHT #5 | UFC | scorecaro | LOUIE SUTHERLAND | VS. | JOSE MONTANHA | UFC FIGHT NIGHT: GAMROT VS. SALKILLD | bate | Location | Venue | Weight lass | Referee | 08/08/2025 | {US VEGAS, NEVADA, USA | META APEX | HEAVYWEIGHT -265 LBS. | ‘ORS TOGNON | oo | [ xomee | | x= | Lovie | Lovie | touie | SUTHERLAND | ‘MONTANHA | SUTHERLAND | MONTANHA | SUTHERLAND | MONTANHA | oy | om | oom | roo | oy | ron | Seon | ooo | sooo | Ue, | ‘on | Seon | toot | Seon | Som | Seo | d | 2 | 3 | om | om | rom | RED OE | [su 102] | MIKE BELL | CHRIS LEE | TONY WEEKS | POINT DEDUCTIONS | NOTES | RESULT | = | Jose Montanha won by submission 1:50 of | round 1 - Rear naked choke."
36406d76444895f930a25543.jpg,bbf69904d5253aac3fb5cb1ef67b380b5c16678134978642c1717cf63774d130,79e2b0f7-ec06-577c-af96-99d13203b231,e26ecb05-10c7-5aeb-97ed-8f842df8992a,UFC Fight Night: Gamrot vs. Salkilld,2026-08-08,Darren Elkins|Yadier del Valle,jpeg,11,113,2,2,"MSS LBS, | FIGHT #10 | 55 UBs, | UFC | scorecaro | DARREN ELKINS | vs. | YADIER DEL VALLE | LUFC FIGHT NIGHT: GAMROT VS. SALKILLD | te | sven | Weight class | Aeteree | 9/08/2026 | {AS VEGAS, NEVADA, USA | META APEX | IERWEICHT 145 LB, | KERRY HANEY | oo | xo) co | [ scones | | [aaoeen ) | DARREN | ‘YADIER | DARREN | ‘YADIER | ‘DARREN | YADIER | ELKINS | DEL VALLE | ELKINS | DEL VALLE | ELKINS | DEL VALLE | an | co | ar | eon | ""on | oa | ‘oa | Sore | save | Sone | Seo | ocr | 000 | ek | Sane | Sone | oto, | tov | Scone | 1 | 1 | 1 | 2 | 2 | 2 | 3 | 3 | 3 | rom | om | on | You NOG | oo | DEREK CLEARY | ‘SAL D'AMATO | JUNICHIRO KAMIJO | POINT DEDUCTIONS | NOTES | RESULT | Yadier del Valle won by TKO 035 of round 1."
ba1555c63e3d48b40c2003f8.jpg,3938f4e227d5d83078954dea82ccd68113c7224dbbc7cd7c81853aab9a126bc5,e8b81b96-7072-53a1-8270-15aeb94bb7c7,e26ecb05-10c7-5aeb-97ed-8f842df8992a,UFC Fight Night: Gamrot vs. Salkilld,2026-08-08,Quillan Salkilld|Mateusz Gamrot,jpeg,11,106,1,2,"5S, | FIGHT #12 | 156185, | UFC | scorecaro | MATEUSZ GAMROT | vs. | QUILLAN SALKILLD | LUFC FIGHT NIGHT: GAMROT VS. SALKILLD | Date | Location | venue | Referee | META APEX | Weight lass | LUGATWEIGHT. 15 U8. | 0/08/2026 | {AS VEGAS, NEVADA, USA | SON WERZOG | oo | [snooen | | co co | MaTEUsZ | QUILL | MarEUsZ | ‘QUILLAN | MaTEUsZ | ULL | GAMROT | SALKILLD | GAMROT | SALKILLD | GAMROT | SALKILLD | 00 | Sone | ste | an | ""r | oy | Seo | oy | Seo | po | on | co | rove | eon | Sor | oy | Seon | oto, | ""om | co | oe. | ‘eat | one | Seon | 5 | rom | om | [vere pec] | [se noc] | MIKE BELL | DEREK CLEARY | SAL D'AMATO | POINT DEDUCTIONS | NOTES | RESULT | es | ‘uittan Satkilld won by submission 425 of | round 1 - Rear naked choke,"
392c097cfaaa818b22b16b50.jpg,2fdfab310ac0044ee5b5c7d9c347c7ca609dfb00150b197a5d4aa8912df30be2,4176f0ca-59da-5d80-9f64-86a5075bc9c9,02545891-beb2-5a1b-89ab-89db0297bc97,UFC 330: Makhachev vs. Machado Garry,2026-08-15,Ramiz Brahimaj|Neil Magny,jpeg,11,107,6,1,"muss. | FIGHT #2 | ons, | UFC | scorecaro | NEIL MAGNY | VS. | RAMIZ BRAHIMA} | 'UFC'330; MAKHACHEV VS, MACHADO GARRY | Weight class | Referee | oars | PRIADELA, PENRYN, USA, | XBNTY MOLE ARENA | WELTERWEIGHT 170185. | JASON HERZDG | jaca) | oo | Ea | oo | Gea | aL | RAMI | NL | RAMIZ | aL | MAGNY | BRAHIMAJ | MAGNY | BRAHIMAJ | MAGNY | BRAHIMA} | Pry | roo | 00 | cy | woe | ""r | Tone | a0 | roar | 00 | rea | ory | Son | bot | oer | Scone | Scone | Sone | Som | pod | por | Sen | 9 | q | 10 | 0 | 9 | 1 | 0 | 2 | 2 | 3 | 3 | tom | 10 | om | 10 | rom | 10 | [vee 0c] | [ sue noc} | ‘SAL D'AMATO | BRENT COLFLESH | CHRIS BOLINSKI | POINT DEDUCTIONS | NOTES | RESULT | Neit Magny Winner-TKO (Strikes) 3:20 Round | 2"
6a39b8fef9e2c11c12460f8e.jpg,6539146e92c490515d579dd1afd3310b08200d17a5c11b6f63a0dc6333095cbd,77a9d633-d437-54a1-ab36-ddd2b7837d44,02545891-beb2-5a1b-89ab-89db0297bc97,UFC 330: Makhachev vs. Machado Garry,2026-08-15,Ian Machado Garry|Islam Makhachev,jpeg,11,113,13,2,"vows. | FIGHT #12 | oUBs. | UFC | scorecaro | ISLAM MAKHACHEV vs. | IAN MACHADO | ‘UFC'330: MAKHACHEV VS, MACHADO GARRY | GARRY | Date | Location | Venue | 09/7206 | PHILADELPHIA, PENNSYLVANIA, USA | FINI MOBILE ARENA | Weight Class | feree | WELTERWEIGHT -70185. | HERB DEAN | fa | [ve | | Ez | uw | ‘sum | MAKHACHEV | (MACHADO GARRY | (MAKHACHEV | MacuADO GARRY | MAKHACHEV | MACHADO GARR | ory | oo | om | oy | co | Son | roo | ewe | out | Sone | Sone | vet | roe | om | Sto | rom | rove | Seme | 0 | 9 | 10 | 9 | 0 | 0 | 9 | 10 | 0 | 9 | 0 | 9 | 0 | 0 | 0 | 9 | 10 | 0 | | | 10 | 9 | 10 | 0 | rom | om, | rom | 49 | 46 | a7 | [nse nec } | ‘SAL D'AMATO | MIKE BELL | ERIC COLON | POINT DEDUCTIONS | NOTES | RESULT | Islam Makhachev won by Unanimous | Decision"
14f1092541f31384759904d8.jpg,1300c27ceabde9389f64e4f550be0b20fdac867dd5720256d70fddfec330bc6f,ac3a1845-8f0b-5bd3-a5b5-d45555eaf223,02545891-beb2-5a1b-89ab-89db0297bc97,UFC 330: Makhachev vs. Machado Garry,2026-08-15,Jeremiah Wells|Myktybek Orolbai,jpeg,11,124,9,2,"muss. | ‘as iss. | FIGHT #1 | UFC | scorecaro | JEREMIAH WELLS vs. | MYKTYBEK OROLBAI | 'UFC'330; MAKHACHEV VS, MACHADO GARRY | ate | Location | Venue | Weight class | Referee | 04/5/2026 | PHILADELPHIA, PENNSYLVANIA, USA | FINI MOBILE ARENA | WELTERWEIGHT 170185. | BLAKE GRICE | jaaoen) | [ sone | | cen | oo | JEREMIAH | ‘MYKIYBEK | JEREMIAH | MYKTYBEK | JeREMIAH | ‘MYKTYBEK | WELLS | OROLBAI | WELLS | ‘OROLBAL | ‘WELLS | OROLBAL | Pry | roo | on | cy | ‘ae | man | ""r | Tone | a0 | roar | rea | ony | Son | bot | 00 | oer | Scone | emo, | ""0 | oo | Som | voce | © | sever | 9 | 10 | L | 9 | 1 | 0 | 9 | 1 | 0 | 3 | 0 | 9 | 2 | 0 | 9 | 2 | 0 | 3 | 3 | 3 | 8 | tom | 8 | om | 8 | rom | 20 | [voor 00] | [ue noc | | DAVID BRASLOW | RICHARD WINTER | DAVID BROGAN | POINT DEDUCTIONS | NOTES | RESULT | Jeremiah Wells winner-Technical submission | (Guillotine) 1:24 Round 3"
23f42463bc10945685937ea3.jpg,9e7c91b34ed7760cd5c973c55bd1ceda66db3776c18e3f0036ac362567d7114f,b2911cc5-5ea6-5403-8a7b-7fb185aa9133,02545891-beb2-5a1b-89ab-89db0297bc97,UFC 330: Makhachev vs. Machado Garry,2026-08-15,Mansur Abdul-Malik|Dustin Stoltzfus,jpeg,11,113,5,2,"a6 Us. | 5s, | UFC | scorecaro | FIGHT #9 | MANSUR ABDUL- | VS. | DUSTIN STOLTZFUS | LUFC 330: MAKHACHEV VS. MACHADO GARRY | MALIK | ate | Location | Venue | oes 2026 | PHILADELPHIA, PENNSYLVANIA, USA | RINITY MOBILE ARENA | Weight Class | feree | ‘MIDDLEWEIGHT 185 Ls. | ITH PETERSON | aay | [ances | | = | [ exces | | [oxcen | | us. | ABDUL MALIK | sToLTZRUs | ABDUL MALIK | routers | ABDUL MALIK | ‘STOLTZFUS | om | tou | on | oy | Sone | Boe | Sone | ate | om | 00 | stout | co | Stone | Stow | om | 00 | ou | an | ye | bed | 0 | 9 | 1 | 0 | 1 | 0 | 2 | 2 | 3 | 3 | rom | 10 | reat | 10 | emt | 10 | [vor poe] | orm | ‘SAL D'AMATO | BRENT COLFLESH | CHRIS BOLINSKI | POINT DEDUCTIONS | NOTES | RESULT | Dustin Stotztus winner by tapout (RNC) @ | 425 round 2"
f5c10e13908c1404b6ab6ea1.jpg,40a4ec9f736a40cc08bdfc10f850699df99246df22007311a393351a54d8d0b5,ce75c335-a5f2-5b43-9dbd-22be679b2447,02545891-beb2-5a1b-89ab-89db0297bc97,UFC 330: Makhachev vs. Machado Garry,2026-08-15,Tresean Gore|Vicente Luque,jpeg,11,103,4,2,"e6UBS. | FIGHT #4 | 106 185, | UFC | scorecaro | VICENTE LUQUE | vs. | TRESEAN GORE | 'UFC'330; MAKHACHEV VS, MACHADO GARRY | Weight Class | Referee | oars | PRIADELA, PENRYN, USA, | XBNTY MOLE ARENA | IDOLEWEIGHT -185 LBS. | HERB DEAN | [aaa | oo | VICENTE | TRESEAN, | VICENTE | WiceNTE | TRESEAN | LUQUE | GORE | ‘LUQUE | GORE | LUQUE | GORE | Pry | roo | 00 | cy | woe | ""r | Tone | a0 | roar | 00 | rea | ony | Son | bot | oer | Scone | Scone | Som | pod | por | 9 | q | 10 | 0 | 0 | 3 | 2 | 0 | 0 | 0 | 10 | 3 | 9 | 0 | 0 | tom | om | rom | 30 | [ sue noc} | ‘SAL D'AMATO | BRENT COLFLESH | CHRIS BOLINSKI | POINT DEDUCTIONS | NOTES | RESULT | ‘Tresean Gore won by Unanimous Decision"
10a33011f2282af5f7f55c2c.jpg,b6a1268746f8bc9badfec168932958ce3da64ff9ce4dc30fc3a85062a97f5e74,e1b6931f-ab8a-50a9-9f1b-d48d5b3c1f5e,02545891-beb2-5a1b-89ab-89db0297bc97,UFC 330: Makhachev vs. Machado Garry,2026-08-15,Rafael Tobias|Lucas Fernando,jpeg,11,119,7,1,"2041s. | 205185. | FIGHT #3, | UFC | scorecaro | RAFAELTOBIAS vs. | LUCAS FERNANDO | 'UFC'330; MAKHACHEV VS, MACHADO GARRY | ate | Location | Venue | Weight class | Referee | 04/5/2026 | PHILADELPHIA, PENNSYLVANIA, USA | FINI MOBILE ARENA | UGT HeAMYWeIcAT -205 18s. | KEITH PETERSON | [ascent | [one | | oo) co | RAFAEL | wos | RAREL | wos | RAFAEL | twas | TOBIAS | FERNANDO | TOBIAS | FERNANDO | TOBIAS | FERNANDO | Pry | roo | on | cy | ‘ae | ""r | Tone | a0 | roar | rea | ony | Son | bot | 00 | oer | Scone | oct | woe | oo | Sone | Som | voce | © | sever | 10 | 1 | 0 | 9 | 1 | 0 | 0 | 2 | 0 | 9 | 2 | 0 | 3 | 3 | 3 | 8 | tom | 8 | om | 8 | rom | 20 | [voor 0c | [ sue noc} | DAVID BROGAN | MIKE BELL | ERIC COLON | POINT DEDUCTIONS | NOTES | RESULT | Lucas Fernando Winner- TKO @ 1:10 Round 3"
