ufc_athlete_uuid,title,fightmetric_id,old_id,old_url,athlete_status_text,official_fight_appearances,distinct_official_fights,disposition
00215a7b-b50c-42ea-907e-55c061dc7c01,Vinicius Queiroz,1604,24234,http://www.ufc.com/fighter/Vinicius-Queiroz,Not Fighting,0,0,profile_only_unlinked_with_fightmetric_id
002c03c5-c429-4d2b-bdc4-e8bfb039cd8f,Helena Crevar,4086,,,Active,0,0,profile_only_unlinked_with_fightmetric_id
002eb531-3a22-4c43-8263-6f676d2dcf35,Tim Caron,3106,656803,http://www.ufc.com/fighter/Tim-Caron,Not Fighting,0,0,profile_only_unlinked_with_fightmetric_id
008b9466-d300-4153-9fc8-38d7e07a6a63,JJ Mix,,882,http://www.ufc.com/fighter/JJ-Mix,Released,0,0,profile_only_legacy_identity
009d994b-3008-4280-b79f-ddd9950a8cc9,Myron Dennis,,587589,http://www.ufc.com/fighter/myron-dennis,Active,0,0,profile_only_legacy_identity
00be45ed-26a7-411f-92e2-a84a43e959fe,Cody Vallo,,,,Active,0,0,profile_only_unlinked_no_stable_fight_bridge
012e14fb-880c-47dc-9c0b-295979d31b46,Zach Zane,3308,,,Active,3,3,unlinked_with_official_fight_history
0130bb45-1f79-4866-9696-96a6000c2b1e,Jason Guida,,858,http://www.ufc.com/fighter/Jason-Guida,Released,0,0,profile_only_legacy_identity
0137ae6e-5d25-47af-a3e1-2106c92293b5,Dos Caras Jr.,692,,,Not Fighting,0,0,profile_only_unlinked_with_fightmetric_id
017227e9-3408-4e6e-af65-0f78ea1ce066,Nate Schroeder,203,111,http://www.ufc.com/fighter/Nate-Schroeder,Not Fighting,1,1,unlinked_with_official_fight_history
0198fdfe-4a64-4d8b-8147-fba35552590e,Edson Gomez,3594,,,Not Fighting,0,0,profile_only_unlinked_with_fightmetric_id
01a6d87a-c591-4b87-afe2-9526d151d8cc,Tosh Cook,,680,http://www.ufc.com/fighter/Tosh-Cook,Released,0,0,profile_only_legacy_identity
01c5e189-5637-4884-8c9a-4c7278127aca,Phillip Wyman,,859,http://www.ufc.com/fighter/Phillip-Wyman,Released,0,0,profile_only_legacy_identity
01ea1fd3-75b3-4b3e-9fc9-90a321894f42,Joel Suprenant,,877,http://www.ufc.com/fighter/Joel-Suprenant,Released,0,0,profile_only_legacy_identity
01f52725-2b23-4f2a-88ca-6c3de14a4c19,Leon Aliu,3893,,,Active,0,0,profile_only_unlinked_with_fightmetric_id
01fa9751-91bb-4a8f-8b1e-a319eaa42bec,Igor Borisov,688,,,Not Fighting,0,0,profile_only_unlinked_with_fightmetric_id
01fb5d04-07d7-410e-8ddc-528e6997f4a8,Chad Hanekom,4036,,,Active,0,0,profile_only_unlinked_with_fightmetric_id
02699a16-9103-47d6-9e28-7d7737693a16,Maurice Mitchell,3145,660484,http://www.ufc.com/fighter/Maurice-Mitchell,Not Fighting,0,0,profile_only_unlinked_with_fightmetric_id
0278d9aa-3ac7-4895-81fa-c8e1ddf068fd,Brian Cobb,650,1031,http://www.ufc.com/fighter/Brian-Cobb,Not Fighting,2,2,unlinked_with_official_fight_history
027a5ada-36d0-4334-bab2-bdaa1eb9722c,Kazunari Murakami,787,,,Not Fighting,0,0,profile_only_unlinked_with_fightmetric_id
02849afe-a65b-45ab-b5a9-1c907b9ef63b,Eric Schambari,1109,450,http://www.ufc.com/fighter/Eric-Schambari,Not Fighting,0,0,profile_only_unlinked_with_fightmetric_id
02d4669e-c540-49b3-a5d9-d3978c9eb32f,Kaleio Romero,3853,,,Active,0,0,profile_only_unlinked_with_fightmetric_id
02d8ff1b-75a0-477d-9b7b-5fdf28beaf48,Daniel Spohn,2284,480096,http://www.ufc.com/fighter/daniel-spohn,Active,1,1,unlinked_with_official_fight_history
02f61ee3-16cb-4717-a233-fd90725adb03,Justin Burlinson,3737,,,Active,0,0,profile_only_unlinked_with_fightmetric_id
036f45ef-1a43-449f-bc4c-eb8953cc0ae7,Chibwikem Onyenegecha,3118,659406,http://www.ufc.com/fighter/Chibwikem-Onyenegecha,Not Fighting,0,0,profile_only_unlinked_with_fightmetric_id
037c56d0-2411-40f3-8a91-872a982a8045,Joey Gomez,3540,,,Not Fighting,0,0,profile_only_unlinked_with_fightmetric_id
03a14fea-2e33-40d3-bed1-a0166952e6e0,James Wade,1389,,,Not Fighting,0,0,profile_only_unlinked_with_fightmetric_id
03e3c577-0937-4cc2-ac60-a246ca54206a,Bryan Humes,1846,,,Not Fighting,0,0,profile_only_unlinked_with_fightmetric_id
03f741e1-a8ee-40ac-b3c0-d7686cd939b7,Jesse Murray,3742,,,Active,0,0,profile_only_unlinked_with_fightmetric_id
04070edc-f11f-49b3-8a0a-d2255c767068,Cory Walmsley,618,785,http://www.ufc.com/fighter/Cory-Walmsley,Not Fighting,1,1,unlinked_with_official_fight_history
040e1ecf-44ff-4c8d-a2fd-6448440ef636,Kim Couture,1356,,,Not Fighting,0,0,profile_only_unlinked_with_fightmetric_id
04268d2d-fa56-48b9-b2f9-554e523ba18c,Bob Schrijber,830,,,Not Fighting,0,0,profile_only_unlinked_with_fightmetric_id
0456ec94-9179-47aa-8cec-5e8e902eea03,Leonardo De Oliveira,3165,,,Active,0,0,profile_only_unlinked_with_fightmetric_id
045b6548-d698-432e-ab84-ea47d0fcfe7a,Mitch Whitesel,1777,,,Not Fighting,0,0,profile_only_unlinked_with_fightmetric_id
04a6a108-9971-4fae-9784-7a0f02731c22,Yoshiyuki Yoshida,336,903,http://www.ufc.com/fighter/Yoshiyuki-Yoshida,Released,9,9,unlinked_with_official_fight_history
04aa50f7-ce6a-4627-9efd-36732d28e461,Waachiim Spiritwolf,1646,,,Not Fighting,0,0,profile_only_unlinked_with_fightmetric_id
04c21b05-fae6-4540-91e0-9aa350ff0ceb,Clint Coronel,1215,,,Not Fighting,0,0,profile_only_unlinked_with_fightmetric_id
0512d25b-df19-4c55-b618-7e444ae4a003,Joao Elias,3896,,,Active,0,0,profile_only_unlinked_with_fightmetric_id
053b2cfc-7f55-4713-b384-3c6a801cdee0,Leonardo Augusto Guimaraes,,573985,http://www.ufc.com/fighter/Leonardo-Augusto-Guimaraes,Active,0,0,profile_only_legacy_identity
055fd1da-2628-4c48-ae41-3862eb2da6af,Ben Lagman,1840,,,Not Fighting,0,0,profile_only_unlinked_with_fightmetric_id
05f48453-fa3f-49ef-a818-f31716fca95b,Saeed Hosseini,579,70,http://www.ufc.com/fighter/Saeed-Hosseini,Not Fighting,1,1,unlinked_with_official_fight_history
0603f78e-4920-4bdd-a6e4-7392c3659390,Stephen Ledbetter,1118,527,http://www.ufc.com/fighter/Stephen-Ledbetter,Not Fighting,0,0,profile_only_unlinked_with_fightmetric_id
06166da5-09ce-4441-8c10-369442382ab1,Chase Waldon,2942,631550,http://www.ufc.com/fighter/Chase-Waldon,Active,1,1,unlinked_with_official_fight_history
0617780c-ad3a-498a-8f67-b1330fdfb5c2,Poppies Martinez,,594,http://www.ufc.com/fighter/Poppies-Martinez,Released,0,0,profile_only_legacy_identity
06281a74-27be-4500-bf6a-4745dd0b5ca7,Tadao Yasuda,862,,,Not Fighting,0,0,profile_only_unlinked_with_fightmetric_id
0636b8a4-f569-4787-9c62-a2c9d7ad1a5c,Wallen Del Rosario,3803,,,Not Fighting,1,1,unlinked_with_official_fight_history
0646aa9c-fcd1-4885-962b-c51b945652bc,Scott Graham,1204,,,Not Fighting,0,0,profile_only_unlinked_with_fightmetric_id
066c7caa-4d0d-4a1f-9782-9cf223e4670c,Artem Vakhitov,4253,,,Active,0,0,profile_only_unlinked_with_fightmetric_id
066fe62d-1dc4-4858-bc3e-23e4ce2e46f7,Marc Stevens,1756,,,Not Fighting,0,0,profile_only_unlinked_with_fightmetric_id
067167d1-6635-4760-9168-465bdf7c066f,Aaron Lanfranco,1766,,,Not Fighting,0,0,profile_only_unlinked_with_fightmetric_id
06c99489-8c97-4699-9af0-a373b278fcd0,Josh Houlgate,,420,http://www.ufc.com/fighter/Josh-Houlgate,Released,0,0,profile_only_legacy_identity
07048986-cf6e-4cd9-bf0d-e06420bf0465,Eric Jacob,1313,,,Not Fighting,0,0,profile_only_unlinked_with_fightmetric_id
071cc1e7-7133-4d26-a557-112679240216,David Bancroft,,418,http://www.ufc.com/fighter/David-Bancroft,Released,0,0,profile_only_legacy_identity
072d14f2-e8f8-4200-a939-e632cf79004c,KyeongPyo Kim,3823,,,Not Fighting,2,2,unlinked_with_official_fight_history
075fb7ca-9183-4089-909f-0c3f47d4a46d,Will Ribeiro,1055,913,http://www.ufc.com/fighter/Will-Ribeiro,Not Fighting,0,0,profile_only_unlinked_with_fightmetric_id
0761d9c7-71a2-4043-a64a-e0b492c853ee,Clay French,715,,,Not Fighting,0,0,profile_only_unlinked_with_fightmetric_id
0798f24c-6a71-4cd8-beea-ca21e82f477e,Joao Marcos,,296,http://www.ufc.com/fighter/Joao-Marcos,Released,0,0,profile_only_legacy_identity
079a6375-ff6e-4438-94d7-12348f186d79,Mike Campbell,1068,1010,http://www.ufc.com/fighter/Mike-Campbell,Not Fighting,0,0,profile_only_unlinked_with_fightmetric_id
07af27ca-f055-498c-bcf5-fe9c76b0b3e8,Brian Rogers,1775,,,Not Fighting,0,0,profile_only_unlinked_with_fightmetric_id
07b2e763-eec7-4143-877c-d9534e3b5815,TJ Laramie,3498,,,Not Fighting,3,3,unlinked_with_official_fight_history
07d50054-8f8a-4181-a624-b6d56392bbb0,Maciej Jewtuszko,1573,87875,http://www.ufc.com/fighter/Maciej-Jewtuszko,Released,0,0,profile_only_unlinked_with_fightmetric_id
07d84a36-ac24-4560-b1fe-f489dc60a9e0,Daniel Swain,3499,,,Active,0,0,profile_only_unlinked_with_fightmetric_id
07e46b49-c4ae-4633-bf4e-9483a2c5e1a6,Garrett Gross,2541,660479,http://www.ufc.com/fighter/Garrett-Gross,Active,0,0,profile_only_unlinked_with_fightmetric_id
07f46e92-d185-475d-b58d-b3ecd79b8bbd,Manuel Gaxhja,3691,,,Not Fighting,0,0,profile_only_unlinked_with_fightmetric_id
0809f8af-1a20-4d02-aa65-f75f1f1b4b20,Naoki Matsushita,777,,,Not Fighting,0,0,profile_only_unlinked_with_fightmetric_id
080a2ecc-da56-4dbf-855d-3d61ed0c5cb4,Haisam Rida,4059,,,Active,1,1,unlinked_with_official_fight_history
0851b8cb-28e1-4faf-bd11-ef2885906d2e,Jose Santibanez,1611,,,Not Fighting,0,0,profile_only_unlinked_with_fightmetric_id
08698797-d8ac-4a7a-9222-466b956f71da,Fred Diaz,,670,http://www.ufc.com/fighter/Fred-Diaz,Released,0,0,profile_only_legacy_identity
086e67f0-64c4-4db9-be50-20a969d06e9b,Richard Odoms,2294,496147,http://www.ufc.com/fighter/Richard-Odoms,Not Fighting,0,0,profile_only_unlinked_with_fightmetric_id
0896d2ff-7e42-471d-9fb2-b12fd0c6ed93,Len Bentley,1393,,,Not Fighting,0,0,profile_only_unlinked_with_fightmetric_id
08be8137-21fd-4417-b941-50962d446a20,Diego Henrique da Silva,3171,662487,http://www.ufc.com/fighter/Diego-Henrique-da-Silva,Active,0,0,profile_only_unlinked_with_fightmetric_id
08f30a72-6504-4f55-868a-467702c5e277,Everett Sims,2973,635818,http://www.ufc.com/fighter/Everett-Sims,Not Fighting,1,1,unlinked_with_official_fight_history
092f0f46-0a16-4c91-b407-fbd2c39d8c8f,Harvey Park,3379,,,Not Fighting,0,0,profile_only_unlinked_with_fightmetric_id
0931eaea-78bc-496d-bce3-f0e5d029c633,Rhadi Ferguson,1721,,,Not Fighting,0,0,profile_only_unlinked_with_fightmetric_id
09782c65-d1e8-4aa9-8ab5-f71dc7ace619,Patrick Kaase,,690,http://www.ufc.com/fighter/Patrick-Kaase,Released,0,0,profile_only_legacy_identity
09a13b56-cd79-4fc4-809a-f20f440c34f0,John Matua,65,225,http://www.ufc.com/fighter/John-Matua,Not Fighting,1,1,unlinked_with_official_fight_history
09a42173-c5ea-4e17-9070-ba118b273be5,Yoshiro Maeda,770,1061,http://www.ufc.com/fighter/Yoshiro-Maeda,Not Fighting,0,0,profile_only_unlinked_with_fightmetric_id
09a5b76d-6c6a-436b-aed5-c1777e3b2379,Steve Hadsel,1395,,,Not Fighting,0,0,profile_only_unlinked_with_fightmetric_id
09b1989a-52ee-4a24-afe9-fbce9b779a3f,Ron Faircloth,563,425,http://www.ufc.com/fighter/Ron-Faircloth,Not Fighting,1,1,unlinked_with_official_fight_history
09bc0e53-c634-4273-8b19-bab90f29116d,Zak Jensen,,1105,http://www.ufc.com/fighter/Zak-Jensen,Released,0,0,profile_only_legacy_identity
09da4add-1b0f-402b-a717-0e134a8f21a9,. To Be Announced,,775,http://www.ufc.com/fighter/To-be-announced,Active,1,1,unlinked_with_official_fight_history
0a090892-51a4-4c23-be69-31f9d8063fd5,Roybert Echeverria,3895,,,Active,0,0,profile_only_unlinked_with_fightmetric_id
0a143553-cda4-4634-b404-6be9f0b9c060,Scott Shaffer,1302,,,Not Fighting,0,0,profile_only_unlinked_with_fightmetric_id
0a2fecfd-e2dd-43db-8035-6feb4a5a54af,Deividas Taurosevicius,1059,1096,http://www.ufc.com/fighter/Deividas-Taurosevicius,Not Fighting,1,1,unlinked_with_official_fight_history
0a389cc9-aebb-447d-8b50-0a16b1974b69,Nik Theotikos,1249,,,Not Fighting,0,0,profile_only_unlinked_with_fightmetric_id
0a7bbe39-e20f-4ab4-b534-d3af8c17217a,Jhonoven Pati,3492,,,Active,0,0,profile_only_unlinked_with_fightmetric_id
0a7e5b15-c4b0-4f6b-8347-37ae713a30ba,Jorgen Kruth,2006,234800,http://www.ufc.com/fighter/Jorgen-Kruth,Retired,0,0,profile_only_unlinked_with_fightmetric_id
0a998a87-bbd4-4721-a837-b39dbbf74a4d,Erick Husbands,,610,http://www.ufc.com/fighter/Erick-Husbands,Released,0,0,profile_only_legacy_identity
0aac86fc-236d-4482-b2b7-b73987db4f92,Trevor Harris,,880,http://www.ufc.com/fighter/Trevor-Harris,Released,0,0,profile_only_legacy_identity
0ab4e840-0751-4e32-a9a3-3aff0bf816ca,Gabriel Garcia,,396,http://www.ufc.com/fighter/Gabriel-Garcia,Released,0,0,profile_only_legacy_identity
0aee237b-03aa-475e-842b-87aeead5a8ea,Daniel McWilliams,1266,,,Not Fighting,0,0,profile_only_unlinked_with_fightmetric_id
0b15ed98-a763-479d-82f4-9fec5ce956de,Ryan McGilivray,1819,144972,http://www.ufc.com/fighter/Ryan-McGilivray,Not Fighting,1,1,unlinked_with_official_fight_history
0b4c154a-197e-42a7-a3c4-21a317c5d10b,Sterling Ford,1849,,,Not Fighting,0,0,profile_only_unlinked_with_fightmetric_id
0b81c092-4c2d-4d3a-9c24-572776847c5c,David Hulett,1898,,,Not Fighting,0,0,profile_only_unlinked_with_fightmetric_id
0b994de5-4d8a-4d4f-8348-e539550a0e48,Tokimitsu Ishizawa,745,,,Not Fighting,0,0,profile_only_unlinked_with_fightmetric_id
0ba62904-69bc-4bcc-a1aa-e8776d371a71,Vineesh Subrahmanyan,,,,Active,0,0,profile_only_unlinked_no_stable_fight_bridge
0be9113f-5a67-4c09-9331-7e3b01791698,Pedro Rocha,4072,,,Active,0,0,profile_only_unlinked_with_fightmetric_id
0c28857f-05d0-4b52-b57d-52aa1d11a902,Charlie Pearson,,412,http://www.ufc.com/fighter/Charlie-Pearson,Released,0,0,profile_only_legacy_identity
0c58bfbb-398c-4b10-b416-1e256371403f,Gary Frazier,1419,,,Not Fighting,0,0,profile_only_unlinked_with_fightmetric_id
0c784dff-f7a5-4bf4-b232-38996036d51d,Ryan Diaz,1621,,,Not Fighting,0,0,profile_only_unlinked_with_fightmetric_id
0c9dc075-79e7-4722-ad18-3167666e151b,Masanori Suda,840,,,Not Fighting,0,0,profile_only_unlinked_with_fightmetric_id
0cb7ae97-80ac-4a29-8521-e641f803827c,Shohei Nose,3824,,,,4,4,unlinked_with_official_fight_history
0cf5c34b-56bc-4d61-bfce-a7312d6a73ec,Frank Holland,,,,Active,0,0,profile_only_unlinked_no_stable_fight_bridge
0d0bc26c-3fe2-4e11-8e98-e882dee6f3a8,Gilbert Rael,2024,,,Not Fighting,0,0,profile_only_unlinked_with_fightmetric_id
0d4f5b7f-4743-4d4a-9ef3-ccaa5a213dad,Mike Bourke,690,,,Not Fighting,0,0,profile_only_unlinked_with_fightmetric_id
0d4fa785-975d-4642-9fa3-da85f265760a,Geronimo dos Santos,1635,287177,http://www.ufc.com/fighter/Geronimo-dos-Santos,Not Fighting,0,0,profile_only_unlinked_with_fightmetric_id
0d59164e-8b8e-485e-a4cd-2688e0e60e38,Joao Zeferino,2075,312912,http://www.ufc.com/fighter/Joao-Zeferino,Released,0,0,profile_only_unlinked_with_fightmetric_id
0d6b1692-4311-4a0f-8e12-10d70b7eca74,Jesse Heck,,421,http://www.ufc.com/fighter/Jesse-Heck,Released,0,0,profile_only_legacy_identity
0d80adc2-f063-42b7-9920-22be48b82cea,Bubba McDaniel,2067,307093,http://www.ufc.com/fighter/Bubba-McDaniel,Not Fighting,3,3,unlinked_with_official_fight_history
0dd12caa-b965-4662-8643-7db7c6c851bb,Collin Huckbody,3514,,,Not Fighting,0,0,profile_only_unlinked_with_fightmetric_id
0dd23e83-b005-4f20-a8ba-1d032a61af10,Minotauro Nogueira,272,499,http://www.ufc.com/fighter/Minotauro-Nogueira,Retired,18,18,unlinked_with_official_fight_history
0e0c5051-7f50-440c-8fb5-e18606e44748,George Stork,1398,,,Not Fighting,0,0,profile_only_unlinked_with_fightmetric_id
0e20bef4-1af9-4c11-b155-588ec2fc6977,Luke Stewart,1216,,,Not Fighting,0,0,profile_only_unlinked_with_fightmetric_id
0e74cccf-41fe-431b-b72c-7c72bdc3cfdb,Kengo Ura,2114,603,http://www.ufc.com/fighter/Kengo-Ura,Not Fighting,0,0,profile_only_unlinked_with_fightmetric_id
0e797343-529e-445d-a684-be73e9e6cc8d,Emilio Cuellar,3843,,,Active,0,0,profile_only_unlinked_with_fightmetric_id
0e9cbfcc-14bf-4154-9de9-067a1af1f2e2,Jack Cardenas,,430,http://www.ufc.com/fighter/Jack-Cardenas,Released,0,0,profile_only_legacy_identity
0eb8cf76-19a4-4e67-bf84-2a51923eb4bc,Haven Torres,1341,,,Not Fighting,0,0,profile_only_unlinked_with_fightmetric_id
0ebf2ff5-be86-409c-a7e4-ffcdaa17d3e5,Martin Buschkamp,2818,603307,http://www.ufc.com/fighter/Martin-Buschkamp,Not Fighting,0,0,profile_only_unlinked_with_fightmetric_id
0efb9ef2-9d01-4c4f-8f2b-418e731145eb,Troy Mandaloniz,429,554,http://www.ufc.com/fighter/Troy-Mandaloniz,Not Fighting,5,5,unlinked_with_official_fight_history
0f1ce41b-fe94-48e2-b1d1-16e43697783e,Gustavo Gabriel,3172,662489,http://www.ufc.com/fighter/Gustavo-Gabriel,Not Fighting,0,0,profile_only_unlinked_with_fightmetric_id
0f3df3e5-55ac-4e07-84ff-d66d639e4d8d,Stefan Leko,765,,,Not Fighting,0,0,profile_only_unlinked_with_fightmetric_id
0f530fa8-8488-4a9d-bc21-e2a298c46a46,Chad George,1173,1192,http://www.ufc.com/fighter/Chad-George,Not Fighting,1,1,unlinked_with_official_fight_history
0f73308b-fdd1-4f94-a10b-30b01fb9fbcb,Alexander Trevino,1311,,,Not Fighting,0,0,profile_only_unlinked_with_fightmetric_id
0f73f792-2f89-4492-8d90-5c7e2f045f72,Juan Puig,2271,486131,http://www.ufc.com/fighter/Juan-Manuel-Puig-Carreon,Not Fighting,2,2,unlinked_with_official_fight_history
0f74b49e-4465-4a9a-8106-10283ee404ba,Ernie Tiserino,,704,http://www.ufc.com/fighter/Ernie-Tiserino,Released,0,0,profile_only_legacy_identity
0fad845d-a1b3-4b9c-b448-b54962ac8d43,Francisco Drinaldo,,267113,http://www.ufc.com/fighter/francisco-Drinaldo,Active,0,0,profile_only_legacy_identity
0fc00e8c-c68e-413c-a42a-d61c49b22043,Bao Quach,1375,573,http://www.ufc.com/fighter/Bao-Quach,Not Fighting,0,0,profile_only_unlinked_with_fightmetric_id
102ce0ff-8adf-44db-979d-57c548adf8f2,Stan Dorsainvil,4632,,,Active,1,1,unlinked_with_official_fight_history
103b0a7d-8299-43d8-8a5e-3922251ea1a0,Billy Evangelista,1248,242151,http://www.ufc.com/fighter/Billy-Evangelista,Not Fighting,0,0,profile_only_unlinked_with_fightmetric_id
1087000a-b393-4fb7-8b80-80466c2f094e,Jason McLean,1763,,,Not Fighting,0,0,profile_only_unlinked_with_fightmetric_id
10bf7b26-5f2e-4894-8429-4d017bf8a137,Glaico Moreira,,526247,http://www.ufc.com/fighter/tuf-brasil4-glaico-nego-franca-moreira,Active,0,0,profile_only_legacy_identity
10d5a65b-45ae-401b-bbff-e12afb574ea4,John-Olav Einemo,703,128764,http://www.ufc.com/fighter/John-Olav-Einemo,Not Fighting,2,2,unlinked_with_official_fight_history
114f6699-ba9c-4a46-b669-12b836d70b62,Murilo Rua,820,,,Not Fighting,0,0,profile_only_unlinked_with_fightmetric_id
115a9c04-0383-4b4d-9590-74248304fc78,Nilson Rojas,4633,,,Active,1,1,unlinked_with_official_fight_history
11ecad79-37e9-498b-9140-150ed3fddfaf,Brandon Gaines,1415,,,Not Fighting,0,0,profile_only_unlinked_with_fightmetric_id
121c8964-ca7d-4a17-974d-b2c840032c93,Hidehiko Yoshida,866,,,Not Fighting,0,0,profile_only_unlinked_with_fightmetric_id
122e7ca1-9556-4948-8beb-eb6ad83fb0df,Luiz Azeredo,682,,,Not Fighting,0,0,profile_only_unlinked_with_fightmetric_id
124a705c-0c71-4a48-88b9-a82473403695,Manny Gamburyan,438,504,http://www.ufc.com/fighter/Manny-Gamburyan,Retired,20,20,unlinked_with_official_fight_history
124eedb3-e9f2-4072-b2e8-0db8c0ab0099,Marcelo Brito,1079,538,http://www.ufc.com/fighter/Marcelo-Brito,Not Fighting,0,0,profile_only_unlinked_with_fightmetric_id
12d220eb-6d5b-4a56-9913-e4c017bf414b,Brandon Michaels,1362,,,Not Fighting,0,0,profile_only_unlinked_with_fightmetric_id
12f58c13-19db-4e49-b379-a5098fa19b34,Ron Keslar,1566,,,Not Fighting,0,0,profile_only_unlinked_with_fightmetric_id
133691e4-0a8b-46a2-b232-92bb3d6f2a75,Chris Horodecki,993,1130,http://www.ufc.com/fighter/Chris-Horodecki,Not Fighting,1,1,unlinked_with_official_fight_history
134f2dcc-8c6e-4a5e-8318-4135f3196448,Shungo Oyama,810,,,Not Fighting,0,0,profile_only_unlinked_with_fightmetric_id
135487be-c6ab-4fd5-8be7-ffb33faa8258,JunYoung Hong,3804,,,,2,2,unlinked_with_official_fight_history
13ae01d7-9a17-4e3a-9a49-23821d87b4ef,Lazar Stojadinovic,2919,631543,http://www.ufc.com/fighter/Lazar-Stojadinovic,Active,1,1,unlinked_with_official_fight_history
13b3073b-259f-4d31-99c9-911d720bce76,Ryan Keenan,1464,,,Not Fighting,0,0,profile_only_unlinked_with_fightmetric_id
1441033a-9066-4e27-87f8-810e2cb4f3b0,Mack Brewer,2116,591,http://www.ufc.com/fighter/Mack-Brewer,Not Fighting,0,0,profile_only_unlinked_with_fightmetric_id
14509a32-23a5-410e-bc8d-c26fa2c126d3,Eric Lawson,1279,,,Not Fighting,0,0,profile_only_unlinked_with_fightmetric_id
14836baa-3c14-4eb4-be25-ae1d71835083,Mikey Gonzalez,3496,,,Not Fighting,0,0,profile_only_unlinked_with_fightmetric_id
14b8e84e-1342-4f6e-bd81-d3b5327a0d81,Rico DiSciullo,3083,654936,http://www.ufc.com/fighter/Rico-Disciullo,Active,0,0,profile_only_unlinked_with_fightmetric_id
14eadd90-c7db-4e43-be03-0ea08749af40,Matheus Scheffel,3575,,,Not Fighting,0,0,profile_only_unlinked_with_fightmetric_id
1526eb2b-2486-48e3-8fad-b9996c9c25b2,Waylon Kennell,1363,,,Not Fighting,0,0,profile_only_unlinked_with_fightmetric_id
1568f335-91f4-4a6c-b004-accfe55fefaf,Billy Vaughan,1772,,,Not Fighting,0,0,profile_only_unlinked_with_fightmetric_id
1574c412-0cdd-48b2-ae93-533b50c29239,Jared Okami Lim Zhang,,305797,http://www.ufc.com/fighter/Jared-Okami-Lim-Zhang,Active,0,0,profile_only_legacy_identity
157de9bc-200f-4350-8086-8559d960ee59,Charon Spain,1872,,,Not Fighting,0,0,profile_only_unlinked_with_fightmetric_id
1586e34b-bb31-4c42-a891-90879eb12d0b,Jack Nilsson,601,85,http://www.ufc.com/fighter/Jack-Nilsson,Not Fighting,1,1,unlinked_with_official_fight_history
15eb0ae7-2650-499b-abcf-b0d6ff98fc12,Scott McAfee,1112,534,http://www.ufc.com/fighter/Scott-McAfee,Not Fighting,0,0,profile_only_unlinked_with_fightmetric_id
15fe90e5-c097-4aef-9fd5-7f5d19140cd3,Robbie Ring,4087,,,Active,0,0,profile_only_unlinked_with_fightmetric_id
1600c1db-e42d-4b6b-a60e-3717b9dda6d3,Claudia Leite,3836,,,Active,0,0,profile_only_unlinked_with_fightmetric_id
16155e0c-430c-40fd-bf80-85389d9164c8,Rodney Faverus,709,,,Not Fighting,0,0,profile_only_unlinked_with_fightmetric_id
16887c90-3bfd-4671-9345-15efa8ed10a7,Christian Ocon,3322,,,Active,0,0,profile_only_unlinked_with_fightmetric_id
16aba645-81f4-4de8-947a-7f270a71a167,Michael MacDonald,,669,http://www.ufc.com/fighter/Michael-MacDonald,Released,0,0,profile_only_legacy_identity
16eb282f-e0d9-45ed-b7a6-5b84968c91b9,Taylor Roberts,1396,,,Not Fighting,0,0,profile_only_unlinked_with_fightmetric_id
16fa01df-6e8c-4d6c-872d-76d62fa96859,Tatsuya Ando,3825,,,,1,1,unlinked_with_official_fight_history
17220b47-4c21-449c-b71c-4d4d62a357be,Rob Clarke,,661,http://www.ufc.com/fighter/Rob-Clarke,Released,0,0,profile_only_legacy_identity
172998c7-f0f8-47fc-a4c5-effb4110a2a5,Bruno Murata,,526266,http://www.ufc.com/fighter/tuf-brasil4-bruno-murata,Active,0,0,profile_only_legacy_identity
172a0406-bf4e-4300-a34b-74a473925daf,Charlie Kohler,1125,479,http://www.ufc.com/fighter/Charlie-Kohler,Not Fighting,0,0,profile_only_unlinked_with_fightmetric_id
179491da-30d7-4a85-9dfa-126e8a01f702,John Appleby,,598,http://www.ufc.com/fighter/John-Appleby,Released,0,0,profile_only_legacy_identity
17cb43c7-e591-4c1e-ad3b-09ef7357be24,Mark David Robinson,34,143,http://www.ufc.com/fighter/Mark-David-Robinson,Not Fighting,1,1,unlinked_with_official_fight_history
17e0a9a1-4110-41fc-b797-d4dd0cf4dbc5,Cesar Martucci,,224,http://www.ufc.com/fighter/Cesar-Martucci,Released,1,1,unlinked_with_official_fight_history
17e77e50-caa2-4cca-97e6-2c075985c156,Royden Demotta,,411,http://www.ufc.com/fighter/Royden-Demotta,Released,0,0,profile_only_legacy_identity
17eb37bf-655e-4fb0-8109-b7548fdce796,Terrance Saeteurn,4456,,,Not Fighting,2,2,unlinked_with_official_fight_history
1834419e-b064-406e-a252-a00b95b0dcaa,Masaaki Satake,828,,,Not Fighting,0,0,profile_only_unlinked_with_fightmetric_id
18470d9c-dfd5-40e3-98ae-88a05407f5a0,Hugo Cunha,3681,,,Not Fighting,0,0,profile_only_unlinked_with_fightmetric_id
1860f4ed-5574-4c26-aa4d-32df41ddf553,Daniel Puder,1212,,,Not Fighting,0,0,profile_only_unlinked_with_fightmetric_id
18e29cc7-e862-45a3-b9ef-33c486217ce6,Bruce Nelson,,402,http://www.ufc.com/fighter/Bruce-Nelson,Released,0,0,profile_only_legacy_identity
198d4ef2-9d8d-4a10-bf01-2c6458406769,Giacomo Lemos,3341,,,Not Fighting,1,1,unlinked_with_official_fight_history
19ad5c47-3e40-4d50-826a-f2e51cbb0398,Vince Cachero,3532,,,Not Fighting,2,2,unlinked_with_official_fight_history
19b42874-64fc-40b7-91c0-3b290c497fe8,Casey Olson,1226,710,http://www.ufc.com/fighter/Casey-Olson,Not Fighting,0,0,profile_only_unlinked_with_fightmetric_id
19c11ce3-06d9-4290-a33e-5bf50ce6c3da,John Paul Elias,2433,,,Not Fighting,0,0,profile_only_unlinked_with_fightmetric_id
19ced7f5-9798-46aa-be5e-154a3d6b7baa,Randy Rowe,,575,http://www.ufc.com/fighter/Randy-Rowe,Released,0,0,profile_only_legacy_identity
19de17a3-f504-4b15-9f31-c31a405814a4,Jeremy Freitag,,675,http://www.ufc.com/fighter/Jeremy-Freitag,Released,0,0,profile_only_legacy_identity
19e39776-10c7-4a90-be83-1e85138f281a,Cameron Olson,2980,635981,http://www.ufc.com/fighter/Cameron-Olson,Not Fighting,1,1,unlinked_with_official_fight_history
19ee26e8-ccaf-4654-b21f-9f31ef3faeff,Cory Corbin,,,,Active,0,0,profile_only_unlinked_no_stable_fight_bridge
1a0a248c-779e-47de-8913-77ce8e7e9f66,Hilarie Rose,3512,,,Not Fighting,0,0,profile_only_unlinked_with_fightmetric_id
1a2b1a27-ca28-4d8c-bb95-0c788ee912a0,James Barnes,2619,,,Active,0,0,profile_only_unlinked_with_fightmetric_id
1a37a634-660a-4aa6-b408-f84a229b56d6,Van Palacio,,709,http://www.ufc.com/fighter/Van-Palacio,Released,0,0,profile_only_legacy_identity
1a4a69d1-f197-462b-8132-07ad1cfcf366,John Kelly,1461,,,Not Fighting,0,0,profile_only_unlinked_with_fightmetric_id
1a56b209-32b5-4742-ad7d-29933c1da1e5,Daijiro Matsui,776,,,Not Fighting,0,0,profile_only_unlinked_with_fightmetric_id
1a7c051b-64f4-4dde-a0b8-546e2fc4321e,Miguel Cosio,2109,698,http://www.ufc.com/fighter/Miguel-Cosio,Not Fighting,0,0,profile_only_unlinked_with_fightmetric_id
1ab83b6a-caf6-4972-bbfb-a02235263944,Francisco Bueno,691,255,http://www.ufc.com/fighter/Francisco-Bueno,Not Fighting,0,0,profile_only_unlinked_with_fightmetric_id
1aec77b4-cdbb-449d-87f9-736711d5b12f,Gabriel Cruz,,656,http://www.ufc.com/fighter/Gabriel-Cruz,Released,0,0,profile_only_legacy_identity
1b26c903-bfa3-4da3-94ed-ee0d3252f755,Andrew Valladerez,1255,,,Not Fighting,0,0,profile_only_unlinked_with_fightmetric_id
1b931f6c-967e-4173-bd14-7e0ea4d37537,Goldman Butler,1698,,,Not Fighting,0,0,profile_only_unlinked_with_fightmetric_id
1ba8643c-fd05-4b97-8d4c-43922a332b6c,Bryson Haubrick,,398,http://www.ufc.com/fighter/Bryson-Haubrick,Released,0,0,profile_only_legacy_identity
1bca2e47-49b8-416d-ac04-6f57a4cac977,Anthony Fryklund,155,293,http://www.ufc.com/fighter/Tony-Frycklund,Not Fighting,5,5,unlinked_with_official_fight_history
1be1ee72-cdf9-4beb-af47-9ed6eae3987d,Ahmad Hassanzada,3830,,,Not Fighting,0,0,profile_only_unlinked_with_fightmetric_id
1c78adda-fd27-40aa-a6c4-1c08ef632e77,Leonardo Silva,,662434,http://www.ufc.com/fighter/Leonardo-Silva,Active,0,0,profile_only_legacy_identity
1ccfdbde-9f34-4627-be2c-33a42b76660f,Jimmy Ambriz,916,851,http://www.ufc.com/fighter/Jimmy-Ambriz,Not Fighting,0,0,profile_only_unlinked_with_fightmetric_id
1cd32fe3-5ad2-4e8d-924f-444a45242146,Doug Marshall,963,463,http://www.ufc.com/fighter/Doug-Marshall,Not Fighting,0,0,profile_only_unlinked_with_fightmetric_id
1cdc2725-8398-4d3c-8c9e-d6ffd7eae428,Felix Klinkhammer,3907,,,Active,0,0,profile_only_unlinked_with_fightmetric_id
1cdd2572-260d-4f0b-82b6-6c82169f3117,Jack Morrison,2094,884,http://www.ufc.com/fighter/Jack-Morrison,Not Fighting,0,0,profile_only_unlinked_with_fightmetric_id
1cf1cf91-3f74-4908-862e-828ce5ead19c,Tae Hyun Lee,764,,,Not Fighting,0,0,profile_only_unlinked_with_fightmetric_id
1cf76d4b-6166-4ae8-bf30-dc0f9c726c89,Brady Fink,711,,,Not Fighting,0,0,profile_only_unlinked_with_fightmetric_id
1cf82859-c64c-4710-b21b-b869c6b80b56,Greg Nagy,1473,,,Not Fighting,0,0,profile_only_unlinked_with_fightmetric_id
1d300225-7e97-400c-8ff5-273728b09f6e,Team Top Team,,530268,http://www.ufc.com/fighter/team-top-team,Active,0,0,profile_only_legacy_identity
1d3f4aa8-c9c8-47b1-9e5a-1a5a43781a38,Chris Ligouri,512,313,http://www.ufc.com/fighter/Chris-Ligouri,Not Fighting,1,1,unlinked_with_official_fight_history
1d47545c-a23c-4191-8e65-6a6b8c978601,Thomas Longacre,1420,,,Not Fighting,0,0,profile_only_unlinked_with_fightmetric_id
1d521a9c-4dae-41b8-9d50-5ba1c6029550,John Renken,817,,,Not Fighting,0,0,profile_only_unlinked_with_fightmetric_id
1d65ae04-4454-42d4-96d0-8f18794bf888,Keisuke Sasu,3798,,,Active,3,3,unlinked_with_official_fight_history
1d80e84c-333d-4790-9364-15bcb53254a3,Bret Bergmark,1568,601,http://www.ufc.com/fighter/Bret-Bergmark,Not Fighting,0,0,profile_only_unlinked_with_fightmetric_id
1d8231ad-0d65-42b9-8e5c-9398b23e9999,Nate James,1845,242270,http://www.ufc.com/fighter/Nate-James,Not Fighting,0,0,profile_only_unlinked_with_fightmetric_id
1d840b57-06a3-4eb1-baae-3ece23c68518,Jesse Finney,1391,,,Not Fighting,0,0,profile_only_unlinked_with_fightmetric_id
1dacd160-0917-4f97-895a-1a55268b77dc,Iouri Kotchkine,759,,,Not Fighting,0,0,profile_only_unlinked_with_fightmetric_id
1ddb6039-de32-4578-bddf-663acc371043,Reza Nazri,600,84,http://www.ufc.com/fighter/Reza-Nazri,Not Fighting,1,1,unlinked_with_official_fight_history
1df436e0-d274-4730-aee6-7ba428e4b084,Paul Jenkins,,699,http://www.ufc.com/fighter/Paul-Jenkins,Released,0,0,profile_only_legacy_identity
1e25c512-3726-44ba-9370-07b2fbd7f907,Aaron Steed,,419,http://www.ufc.com/fighter/Aaron-Steed,Released,0,0,profile_only_legacy_identity
1e70bcb8-590a-4621-a22f-f86ee5597e54,Brandon Olsen,,873,http://www.ufc.com/fighter/Brandon-Olsen,Released,0,0,profile_only_legacy_identity
1e7f6405-8e1e-4648-925a-48406e6b345d,Brian Davidson,1448,,,Not Fighting,0,0,profile_only_unlinked_with_fightmetric_id
1e93852f-7b15-4763-8040-2965e1c04e00,Eric Swartz,,422,http://www.ufc.com/fighter/Eric-Swartz,Released,0,0,profile_only_legacy_identity
1ea04d74-3dd6-4525-aa9d-d21b22a99682,Benny Alloway,2029,290154,http://www.ufc.com/fighter/ben-alloway,Not Fighting,3,3,unlinked_with_official_fight_history
1ea22875-cf78-4b8e-935b-7873550d6d56,Brandon Lewis,3672,,,Not Fighting,0,0,profile_only_unlinked_with_fightmetric_id
1ee36f6e-f4a1-4071-a397-95e2e1a1418b,Amiran Gogoladze,3899,,,Active,0,0,profile_only_unlinked_with_fightmetric_id
1efb66a2-a739-442d-8aed-3a961204e38d,Thomas Denny,985,889,http://www.ufc.com/fighter/Thomas-Denny,Not Fighting,0,0,profile_only_unlinked_with_fightmetric_id
1f44ec7e-967b-4797-94fd-f6704751c298,Hugo Sandoval,1555,,,Not Fighting,0,0,profile_only_unlinked_with_fightmetric_id
1f56e22e-0502-4d91-be95-ffc50a2def2b,Kenji Arai,677,,,Not Fighting,0,0,profile_only_unlinked_with_fightmetric_id
1f5b0683-5458-4551-93fa-2da1eb0dcaaf,Charles Bennett,686,,,Not Fighting,0,0,profile_only_unlinked_with_fightmetric_id
200dca5a-0d82-4221-816b-da08f7a0d01c,Travis Johnson,1314,,,Not Fighting,0,0,profile_only_unlinked_with_fightmetric_id
201db902-ead0-4d69-9fa7-90df5bcc4a0f,Rodolfo Rubio,2336,498746,http://www.ufc.com/fighter/rodolfo-rubio,Not Fighting,0,0,profile_only_unlinked_with_fightmetric_id
206af0ba-cb92-40a2-a41e-b0df799132b2,Tim Stout,1497,,,Not Fighting,0,0,profile_only_unlinked_with_fightmetric_id
209ea4f4-ccfe-4434-8719-94f3f3353023,Jimmy Dexter,,843,http://www.ufc.com/fighter/Jimmy-Dexter,Released,0,0,profile_only_legacy_identity
20f8fd97-9462-4445-bff2-505ee15a149d,Michael Cora,2915,631545,http://www.ufc.com/fighter/Michael-Cora,Active,1,1,unlinked_with_official_fight_history
20ffb2bc-329e-43bb-b6b4-5d24851237bd,Sergey Ignatov,736,,,Not Fighting,0,0,profile_only_unlinked_with_fightmetric_id
2101620c-48c4-4bce-a476-e0db3b15def8,Daniel Camarillo,,582,http://www.ufc.com/fighter/Daniel-Camarillo,Released,0,0,profile_only_legacy_identity
2106d3f4-eb3d-460d-a802-21f669a16fe5,David Mitchell,1597,13186,http://www.ufc.com/fighter/david-mitchell-fighter,Released,0,0,profile_only_unlinked_with_fightmetric_id
21072afc-bc03-45f1-9b04-9e9357ee8cf3,Victor Estrada,,391,http://www.ufc.com/fighter/Victor-Estrada,Released,0,0,profile_only_legacy_identity
2127c530-f031-410a-ba68-414996d36d06,Adam Khaliev,2140,459192,http://www.ufc.com/fighter/Adam-Khaliev,Not Fighting,0,0,profile_only_unlinked_with_fightmetric_id
214f7af0-9b5f-42a5-a2b7-5535fe443a46,Joe Pearson,812,465,http://www.ufc.com/fighter/Joe-Pearson,Not Fighting,0,0,profile_only_unlinked_with_fightmetric_id
215d1c7f-0746-401d-8151-58f645bfc470,Brett Albee,1792,,,Not Fighting,0,0,profile_only_unlinked_with_fightmetric_id
21eed85c-3f56-458f-965d-18c6cd75eb80,Jeremy Umphries,1553,,,Not Fighting,0,0,profile_only_unlinked_with_fightmetric_id
220d84cc-814d-4e2c-9cc7-e66de40cb05d,Donny Walker,1825,,,Not Fighting,0,0,profile_only_unlinked_with_fightmetric_id
2220cd23-7f97-4ae9-bbed-9d878f38a549,AJ Matthews,1798,,,Not Fighting,0,0,profile_only_unlinked_with_fightmetric_id
226e2bb8-7add-4214-adbe-06d4168a7016,Gabriel Salinas-Jones,1847,,,Not Fighting,0,0,profile_only_unlinked_with_fightmetric_id
227540a9-f5f0-452d-a8dc-957671d34061,Evan Esguerra,1276,,,Not Fighting,0,0,profile_only_unlinked_with_fightmetric_id
2292cd09-b1bd-4488-a0a5-047797d3769a,Thomas Diagne,1371,,,Not Fighting,0,0,profile_only_unlinked_with_fightmetric_id
22da6a74-c026-480b-acbd-3f08e24b4317,Trent Jenkins,83,203,http://www.ufc.com/fighter/Trent-Jenkins,Not Fighting,2,2,unlinked_with_official_fight_history
22e4dff9-3e52-436c-9903-e16646416bbd,James Gray,2928,632977,http://www.ufc.com/fighter/James-Gray,Active,1,1,unlinked_with_official_fight_history
230bf644-71cb-4879-a4f8-cdc65b7f2f6c,Martin Mishtaku,,,,Active,0,0,profile_only_unlinked_no_stable_fight_bridge
232b4ba1-7a5e-4e9b-8ef0-bed99ee83b25,Ronald Carillo,1790,,,Not Fighting,0,0,profile_only_unlinked_with_fightmetric_id
2339b774-986f-4ac2-9133-cf4af9f16b87,Lv Zhenhong,3425,496830,http://www.ufc.com/fighter/Lv-Zhenhong,Not Fighting,1,1,unlinked_with_official_fight_history
23446ef5-94dd-470a-a95e-11c9a23d1958,Antonio Arroyo,3170,662491,http://www.ufc.com/fighter/Antonio-Arroyo,Not Fighting,6,6,unlinked_with_official_fight_history
23acffe2-126d-4ad7-878b-502f6c2626b3,Vernon Ramos,2702,569100,http://www.ufc.com/fighter/vernon-ramos,Not Fighting,1,1,unlinked_with_official_fight_history
23cd2ccc-7f76-426d-beac-2f7b884fdbc4,Delphine Benouaich,4557,,,Active,1,1,unlinked_with_official_fight_history
23d11281-eeba-4b7e-bb66-20ca0cccf3aa,Jeri Sitzes,1418,,,Not Fighting,0,0,profile_only_unlinked_with_fightmetric_id
23ed1722-c541-431d-98d4-e33eeceb7256,Cyrillo Padilha,1315,,,Not Fighting,0,0,profile_only_unlinked_with_fightmetric_id
240c914c-7adc-4761-8e20-83b8c44a6234,Garrett Grimes,,,,Active,3,3,unlinked_with_official_fight_history
2462344b-8806-4045-9ddd-077f5f1fb553,Michiyoshi Ohara,804,,,Not Fighting,0,0,profile_only_unlinked_with_fightmetric_id
248b95af-8280-4bd9-a0e9-0d8f6bc78e6f,Aili Muratbek,3801,,,Not Fighting,0,0,profile_only_unlinked_with_fightmetric_id
2499a5e9-388a-4775-9c7d-0ba98eea8ea3,Austin Tweedy,3102,656798,http://www.ufc.com/fighter/Austin-Tweedy,Active,0,0,profile_only_unlinked_with_fightmetric_id
24a6401e-fdaf-4634-aab2-23367c76a5da,Edgar Cardenas,1796,,,Not Fighting,0,0,profile_only_unlinked_with_fightmetric_id
24ab4765-96a5-403e-814c-6599147e6026,Joey Villasenor,857,,,Not Fighting,0,0,profile_only_unlinked_with_fightmetric_id
24b1c264-a7e0-4ef4-ab86-5349794b5d67,Carl Malenko,773,,,Not Fighting,0,0,profile_only_unlinked_with_fightmetric_id
25008661-5104-4f1f-b839-0161617c42d8,Rocky Li,,471298,http://www.ufc.com/fighter/Rocky-Li,Active,0,0,profile_only_legacy_identity
252a1f43-69c4-4671-8fb7-44215d56619c,Ralph Gracie,724,,,Not Fighting,0,0,profile_only_unlinked_with_fightmetric_id
25d0d325-ffdb-4b6c-b4a6-62c1c326b47b,Kyu Sung Kim,4143,,,,1,1,unlinked_with_official_fight_history
261932d2-bc8d-473f-b789-59aface21f20,Thomas Campbell,1506,,,Not Fighting,0,0,profile_only_unlinked_with_fightmetric_id
26238ab2-73a0-47f6-8f7b-80f7e8ad7d06,Zhang Li Peng,,471287,http://www.ufc.com/fighter/Zhang-Li-Peng,Active,0,0,profile_only_legacy_identity
26376a44-6707-47d4-a89e-a22dcaa81b78,Osamu Tachihikari,844,,,Not Fighting,0,0,profile_only_unlinked_with_fightmetric_id
26620a5b-61f0-499a-b58b-c42fa81bb9c4,Cyborg Abreu,4053,,,Active,0,0,profile_only_unlinked_with_fightmetric_id
26960298-ae79-4e00-bb6f-cd9148774938,Thomas Pagliarulo,4601,,,Active,0,0,profile_only_unlinked_with_fightmetric_id
269680ca-42cb-4b33-a122-a150461aca5e,Anthony Figueroa,1235,,,Not Fighting,0,0,profile_only_unlinked_with_fightmetric_id
26c78b15-6568-4d4f-adcd-7b73d9c16de4,Rick Davis,14,748,http://www.ufc.com/fighter/Rick-Davis,Not Fighting,1,1,unlinked_with_official_fight_history
26c84934-5055-4c8b-b405-a062dc5dec16,Troy Miller,,674,http://www.ufc.com/fighter/Troy-Miller,Released,0,0,profile_only_legacy_identity
26f751ea-8bb0-491d-be5b-d01b8c937724,Marcus Kowal,1554,,,Not Fighting,0,0,profile_only_unlinked_with_fightmetric_id
2721d53b-8cf7-4dd9-88f8-b1ddc8fb99b4,Tsuyoshi Kosaka,123,259,http://www.ufc.com/fighter/Tsuyoshi-Kosaka,Not Fighting,6,6,unlinked_with_official_fight_history
273d7a9a-69ac-4295-b7bc-df9eb9587af9,Carlos Felipe,3006,637824,http://www.ufc.com/fighter/Carlos-Felipe,Not Fighting,6,6,unlinked_with_official_fight_history
27465e2b-6bfe-49e8-9646-d0b7c9dd7315,Jean Silva,4064,,,Active,9,9,unlinked_with_official_fight_history
2796b151-f474-4b3e-b751-21e15667ece1,Brian Stromberg,,606,http://www.ufc.com/fighter/Brian-Stromberg,Released,0,0,profile_only_legacy_identity
27a0befa-09f3-4c8d-b060-3588b8d79e6c,Marcus Hicks,992,459,http://www.ufc.com/fighter/Marcus-Hicks,Not Fighting,0,0,profile_only_unlinked_with_fightmetric_id
27ad744f-b4a3-4708-a45b-221646f01944,Jon Koppenhaver,458,557,http://www.ufc.com/fighter/Jon-Koppenhaver,Not Fighting,5,5,unlinked_with_official_fight_history
27d75649-4654-4713-9da1-fb0ce656294a,Sean Santella,2798,598667,http://www.ufc.com/fighter/sean-santella,Not Fighting,0,0,profile_only_unlinked_with_fightmetric_id
27f87bff-7d7b-41a3-a571-782fdf87752d,Jamie Colleen,2976,635978,http://www.ufc.com/fighter/Jamie-Colleen,Not Fighting,2,2,unlinked_with_official_fight_history
28126ff3-d52b-42cd-b590-b562babe5f22,Bobby Martin,,394,http://www.ufc.com/fighter/Bobby-Martin,Released,0,0,profile_only_legacy_identity
2841869b-904d-48f1-8c6b-a995654200ea,Hugo Duarte,702,197,http://www.ufc.com/fighter/Hugo-Duarte,Not Fighting,1,1,unlinked_with_official_fight_history
28606a70-d8c8-4371-bbd1-2de536e1aa35,Terrance Chatman,4637,,,Active,1,1,unlinked_with_official_fight_history
28694d08-de65-4a52-806c-8be181a16dce,Hiromitsu Miura,1065,378,http://www.ufc.com/fighter/Hiromitsu-Miura,Not Fighting,0,0,profile_only_unlinked_with_fightmetric_id
287c3269-a919-4793-a6c3-1f7e5c8a857e,John Richard,1727,,,Not Fighting,0,0,profile_only_unlinked_with_fightmetric_id
288dcad9-3d46-4a2d-8801-34f5e05d24ff,Test Fighter2,,,,Retired,0,0,profile_only_unlinked_no_stable_fight_bridge
2891c917-825e-4a4c-adab-e9a7b8093b0f,Lu Kai,3820,,,Active,3,3,unlinked_with_official_fight_history
28b966ac-aa71-4942-ae53-716de97ff0c6,John Adajar,3816,,,Not Fighting,1,1,unlinked_with_official_fight_history
28c89872-c08d-41fa-a5f2-46c1832936e1,Ken Kaneko,749,,,Not Fighting,0,0,profile_only_unlinked_with_fightmetric_id
296852ff-83b9-458a-a7a0-2d30b2921215,Dave Jansen,1067,1090,http://www.ufc.com/fighter/Dave-Jansen,Not Fighting,1,1,unlinked_with_official_fight_history
298a6dc9-baaf-495f-a94e-dd8e40e45375,Alexander Soldatkin,4097,,,Active,0,0,profile_only_unlinked_with_fightmetric_id
29a527d5-2dda-4dbd-b9ab-c068f8647c90,Mike Lindquist,,686,http://www.ufc.com/fighter/Mike-Lindquist,Released,0,0,profile_only_legacy_identity
29d2592e-7e1d-47fe-8ed6-06c63be6ba7c,Rodrigo Gracie,727,,,Not Fighting,0,0,profile_only_unlinked_with_fightmetric_id
2a1ff589-6650-4f89-a206-2ee3cf6fb21d,Justin Gonzales,3309,,,Active,0,0,profile_only_unlinked_with_fightmetric_id
2a47da65-e8bd-4b6d-8cc1-2a5da34e58e5,Kaik Brito,4065,,,Active,0,0,profile_only_unlinked_with_fightmetric_id
2a4b0c2c-bb32-4170-a4ff-5793d77fc906,Reyes Cortez,3748,,,Active,0,0,profile_only_unlinked_with_fightmetric_id
2ab902dc-8576-49f3-8fca-1d5489f5b20d,Tiequan Zhang,1636,87879,http://www.ufc.com/fighter/Tiequan-Zhang,Not Fighting,4,4,unlinked_with_official_fight_history
2aec4a5e-452a-414a-9629-ad1c2dc72fdd,Javi Alanis,1327,,,Not Fighting,0,0,profile_only_unlinked_with_fightmetric_id
2b71a6d9-5c3c-4906-b35c-ed506779a7c0,Dion Staring,1524,288394,http://www.ufc.com/fighter/Dion-Staring,Not Fighting,2,2,unlinked_with_official_fight_history
2b79ea55-fd58-4bd5-b677-31cfd209480c,Mark Cherico,2988,636380,http://www.ufc.com/fighter/Mark-Cherico,Not Fighting,1,1,unlinked_with_official_fight_history
2b8f7a8c-5177-4e2c-8e48-b00f98851df4,Matthew DesRoches,,465468,http://www.ufc.com/fighter/matthew-desroches,Active,0,0,profile_only_legacy_identity
2bd67b93-a943-4e65-8dab-d8f7334f8f0c,Sinae Kikuta,150,210,http://www.ufc.com/fighter/Sinae-Kikuta,Not Fighting,1,1,unlinked_with_official_fight_history
2c94a069-3f19-4643-9538-26d8439d4f89,. To Be Determined,,461726,http://www.ufc.com/fighter/To-Be-Determined,Active,1,1,unlinked_with_official_fight_history
2c9de2d6-aece-42c3-9f23-a13d2c6262cc,Phil Collins,,866,http://www.ufc.com/fighter/Phil-Collins,Released,0,0,profile_only_legacy_identity
2cbc0760-d9db-4e23-bce1-43ba07eebc86,Vinicius Magalhaes,1640,,,Not Fighting,0,0,profile_only_unlinked_with_fightmetric_id
2d1daaa5-4a64-4148-870a-5fb40d89a133,Emily Peters Kagan,2351,501821,http://www.ufc.com/fighter/Emily-Kagan,Not Fighting,2,2,unlinked_with_official_fight_history
2d341670-f4ca-4bcc-9e56-884640a3f112,Daisuke Sugie,873,,,Not Fighting,0,0,profile_only_unlinked_with_fightmetric_id
2d4db472-dd87-46a7-a9ee-efa14fa1d66c,Rob McCullough,962,372,http://www.ufc.com/fighter/Rob-McCullough,Not Fighting,0,0,profile_only_unlinked_with_fightmetric_id
2d798a3e-0477-435b-a20b-d2adf306bc0a,Denis Sobolev,871,,,Not Fighting,0,0,profile_only_unlinked_with_fightmetric_id
2d82a581-e7b2-449a-9569-4103048e491d,Lucas Gamaza,1746,,,Not Fighting,0,0,profile_only_unlinked_with_fightmetric_id
2dc10232-6542-4f06-bdb1-43ea66bbff0c,Ryan Larson,1765,,,Not Fighting,0,0,profile_only_unlinked_with_fightmetric_id
2ddefb51-a9a7-4031-9fe8-18600deb9b71,Thomas Gifford,3271,,,Not Fighting,4,4,unlinked_with_official_fight_history
2e2e32d6-3bd2-435a-96e6-bb657bd45184,Jason Jones,,576,http://www.ufc.com/fighter/Jason-Jones,Released,0,0,profile_only_legacy_identity
2e300e29-ef52-4d85-a227-93775f13d9ad,Royler Gracie,728,,,Not Fighting,0,0,profile_only_unlinked_with_fightmetric_id
2e334a1b-61a3-4574-a16e-da1c214a876f,Luis Santos,1101,,,Not Fighting,0,0,profile_only_unlinked_with_fightmetric_id
2e4e81c0-cf2f-4e58-b8bb-96fa582fed57,Sean Liddell,,629,http://www.ufc.com/fighter/Sean-Liddell,Released,0,0,profile_only_legacy_identity
2e60114c-3135-4394-ab40-b62a45334b48,Cale Yarbrough,548,926,http://www.ufc.com/fighter/Cale-Yarbrough,Not Fighting,2,2,unlinked_with_official_fight_history
2e9d25e1-641d-4e59-b3c3-bd5f179d34ae,Phil De Fries,1879,210537,http://www.ufc.com/fighter/Phil-DeFries,Not Fighting,5,5,unlinked_with_official_fight_history
2ec36a52-a1a1-4e33-8214-8a8cf0f4df4e,Patrick Hughes,,277,http://www.ufc.com/fighter/Patrick-Hughes,Active,0,0,profile_only_legacy_identity
2ee00e88-2af2-45da-ba1e-066518405de4,Christophe Midoux,230,735,http://www.ufc.com/fighter/Christophe-Midoux,Not Fighting,1,1,unlinked_with_official_fight_history
2f387095-e02d-4b27-b103-e8190def180b,Cody Floyd,1507,,,Not Fighting,0,0,profile_only_unlinked_with_fightmetric_id
2f448e3b-2af1-4b82-aa2c-b17458338263,John Dowdy,562,196,http://www.ufc.com/fighter/John-Dowdy,Not Fighting,1,1,unlinked_with_official_fight_history
2f53c450-eaf0-4aab-8616-681e327f2130,John Dixson,700,,,Not Fighting,0,0,profile_only_unlinked_with_fightmetric_id
2f6a1399-915a-4ab1-9dc1-cd54dd98c5f0,Carlton Minus,3544,,,Not Fighting,2,2,unlinked_with_official_fight_history
2f6bf315-13b1-4aa7-bbec-fee98bee3979,Max Mustaki,3073,657477,http://www.ufc.com/fighter/Max-Mustaki,Active,0,0,profile_only_unlinked_with_fightmetric_id
2f72a01f-6d24-47fd-a421-5fcb2cb876d5,Adrienna Jenkins,2526,647,http://www.ufc.com/fighter/Adrienna-Jenkins,Not Fighting,0,0,profile_only_unlinked_with_fightmetric_id
2f79b2b5-d302-48b5-b1bd-40d9c07e20fd,Abongo Humphrey,1365,,,Not Fighting,0,0,profile_only_unlinked_with_fightmetric_id
2fc39d0c-8052-41fe-bf5f-8a651af4dd54,Wagnney Fabiano,1040,974,http://www.ufc.com/fighter/Wagnney-Fabiano,Not Fighting,1,1,unlinked_with_official_fight_history
2fe89caf-854a-4764-bdd5-d43c6319a18e,Feng Pengchao,4030,,,Active,0,0,profile_only_unlinked_with_fightmetric_id
30a6a209-64db-4ba5-a50a-4704242159aa,Mike French,1119,478,http://www.ufc.com/fighter/Mike-French,Not Fighting,0,0,profile_only_unlinked_with_fightmetric_id
3109a0e1-c681-4c41-a869-39b4e5e21f3f,Alexey Oleinik,,464580,http://www.ufc.com/fighter/Alexey-Oleinik,Active,0,0,profile_only_legacy_identity
31bab3b2-deec-4e06-abfe-fd6e2ec45259,Charles McTorry,1738,,,Not Fighting,0,0,profile_only_unlinked_with_fightmetric_id
32645525-eb17-4f9a-b19f-96776fca7ad8,Alton Cunningham,3077,657472,http://www.ufc.com/fighter/Alton-Cunningham,Not Fighting,1,1,unlinked_with_official_fight_history
32d0ea9f-8adf-4587-8039-51143028ac62,Pablo Alfonso-Hernandez,1465,,,Not Fighting,0,0,profile_only_unlinked_with_fightmetric_id
32fc614b-808a-4c5d-8072-726e04d242f8,Dave Zitanick,1475,,,Not Fighting,0,0,profile_only_unlinked_with_fightmetric_id
3328fe6f-cf08-48e3-b1ab-b6a29e6dd765,Jess Bouscal,1651,,,Not Fighting,0,0,profile_only_unlinked_with_fightmetric_id
33579a96-76c4-4a42-8d6f-04e77d02eab0,Alejandro Garcia,2110,,,Not Fighting,0,0,profile_only_unlinked_with_fightmetric_id
335ce56e-f070-4acf-8c38-9c671bc37001,Craig Oxley,1468,,,Not Fighting,0,0,profile_only_unlinked_with_fightmetric_id
337cecab-7359-42e4-9b8e-3526519f997c,Trey Houston,1414,,,Not Fighting,0,0,profile_only_unlinked_with_fightmetric_id
3384f25a-f9d1-43c9-b8d3-86b9be5cc6a6,Chuck Grigsby,991,915,http://www.ufc.com/fighter/Chuck-Grigsby,Not Fighting,0,0,profile_only_unlinked_with_fightmetric_id
33851ab5-5c5b-47e2-a346-b2ff387f79da,Mike Polchlopek,684,,,Not Fighting,0,0,profile_only_unlinked_with_fightmetric_id
33b2ff1f-ee07-4911-8e54-77c8b0cedb6f,Mike Serr,,658,http://www.ufc.com/fighter/Mike-Serr,Released,0,0,profile_only_legacy_identity
33dbd27e-65c0-4961-af8a-920f186ff557,Luis Gomez,2938,631555,http://www.ufc.com/fighter/Luis-Raul-Gomez,Active,1,1,unlinked_with_official_fight_history
33dfc00b-6150-4421-b158-f4c8743bff95,Gareth Joseph,1563,,,Not Fighting,0,0,profile_only_unlinked_with_fightmetric_id
33e7ff82-6cc1-4d27-b9ef-5283c279ddb4,Kazuo Misaki,781,241945,http://www.ufc.com/fighter/Kazuo-Misaki,Not Fighting,1,1,unlinked_with_official_fight_history
3441753f-d475-4d26-938a-4e22fdff06dc,Mal Foki,713,,,Not Fighting,0,0,profile_only_unlinked_with_fightmetric_id
347f1d36-fe82-4265-915e-d0965f47332a,Seth Woodill,,666,http://www.ufc.com/fighter/Seth-Woodill,Released,0,0,profile_only_legacy_identity
34998ece-7131-4803-9a45-79cc96e4253a,Sandra Lavado,3866,,,Active,0,0,profile_only_unlinked_with_fightmetric_id
34a70cf2-daf8-404e-99e9-8fe08f237cfc,Timo Feucht,3476,,,Not Fighting,0,0,profile_only_unlinked_with_fightmetric_id
34b7bb3c-bdde-4c0e-9fa5-998ba3d37a78,Lucas Lopes,1384,,,Not Fighting,0,0,profile_only_unlinked_with_fightmetric_id
34c77afb-0fd6-4fa9-86bb-cbc502d80458,Paulo Cesar Silva,834,,,Not Fighting,0,0,profile_only_unlinked_with_fightmetric_id
34def2a9-9331-42b1-b1ef-5dbd91a41eb8,Keenan Raymond,2671,,,Not Fighting,0,0,profile_only_unlinked_with_fightmetric_id
34e5a48c-fb34-4e4c-98f7-429eba70ba44,Arjan Singh Bhullar,2962,634566,http://www.ufc.com/fighter/Arjan-Bhullar,Not Fighting,6,6,unlinked_with_official_fight_history
35722443-3639-4e8b-aa76-0324c242120f,Jorge Evangelista,,612,http://www.ufc.com/fighter/Jorge-Evangelista,Released,0,0,profile_only_legacy_identity
35a8df4d-4abc-40e2-b855-4624221b6399,Kelly Velasco,3000,636456,http://www.ufc.com/fighter/Kelly-Velasco,Active,1,1,unlinked_with_official_fight_history
36118a86-281d-4383-a0c8-912b7e7377e7,Jonatas Novaes,1424,,,Not Fighting,0,0,profile_only_unlinked_with_fightmetric_id
362593ed-8555-41b5-9a20-1fd95496564c,Kevin Syler,3332,,,Active,0,0,profile_only_unlinked_with_fightmetric_id
36a15869-d795-4053-878c-3d30c64a7760,Desmond Torres,3415,,,Not Fighting,0,0,profile_only_unlinked_with_fightmetric_id
36a449b8-38df-449e-b1b2-010f19d6292e,Adam Lynn,1274,693,http://www.ufc.com/fighter/Adam-Lynn,Not Fighting,0,0,profile_only_unlinked_with_fightmetric_id
36ad9f35-dfd2-4943-bd46-a9e52de02e54,Will Santiago,3079,654934,http://www.ufc.com/fighter/Will-Santiago,Not Fighting,0,0,profile_only_unlinked_with_fightmetric_id
36e02c53-382d-4f48-be05-fab2fe410a0d,Matt Pedro,1320,,,Not Fighting,0,0,profile_only_unlinked_with_fightmetric_id
36f3838f-8345-4eea-bff7-fc03b7a605c2,Luciano Azevedo,683,,,Not Fighting,0,0,profile_only_unlinked_with_fightmetric_id
36fde211-18e1-4f55-9a71-435879136a08,Tiffany Masters,2975,635977,http://www.ufc.com/fighter/Tiffany-Masters,Active,1,1,unlinked_with_official_fight_history
3729a4f8-b6e1-4816-ab2b-510efeba0962,Steven Kennedy,2559,535161,http://www.ufc.com/fighter/steve-kennedy,Not Fighting,2,2,unlinked_with_official_fight_history
37445bda-f0f4-4354-b874-e20f5811567a,Melvin Manhoef,904,,,Not Fighting,0,0,profile_only_unlinked_with_fightmetric_id
3756a532-1d1d-4356-8741-04e66514374e,Toby Imada,,701,http://www.ufc.com/fighter/Toby-Imada,Released,0,0,profile_only_legacy_identity
377707c4-8550-44f8-bcf5-d12295974128,Kolton Englund,3744,,,Active,0,0,profile_only_unlinked_with_fightmetric_id
377a6d2b-b04b-447f-8ceb-d29a330eb586,Seth Kleinbeck,1257,,,Not Fighting,0,0,profile_only_unlinked_with_fightmetric_id
37874f64-6155-41f4-a191-5f2c9bc397d4,Jason Maxwell,,689,http://www.ufc.com/fighter/Jason-Maxwell,Released,0,0,profile_only_legacy_identity
383be2f7-2a7c-4d99-b463-98e471e64178,Nick Erti,,664,http://www.ufc.com/fighter/Nick-Erti,Active,0,0,profile_only_legacy_identity
3877e913-90be-4377-9e08-2a8a801f4e24,Patrick Murphy,,878,http://www.ufc.com/fighter/Patrick-Murphy,Released,0,0,profile_only_legacy_identity
38957f4f-d26f-4798-9ce4-cc066e7b5673,James Nevarez,,624,http://www.ufc.com/fighter/James-Nevarez,Released,0,0,profile_only_legacy_identity
39ac7ae8-a0d4-479e-b387-8199c24b2eba,Rob Cole,,407,http://www.ufc.com/fighter/Rob-Cole,Released,0,0,profile_only_legacy_identity
3a029a70-5e6b-4ebb-83ed-1adbadf8f914,Eduardo Matias Torres,4134,,,Active,0,0,profile_only_unlinked_with_fightmetric_id
3a152ad7-4d0c-49cc-b183-f23a8830998a,Chad Johnson,3508,,,Not Fighting,0,0,profile_only_unlinked_with_fightmetric_id
3ac1d9a7-551d-44b0-bfac-54be810848c6,Drew Pendleton,1767,,,Not Fighting,0,0,profile_only_unlinked_with_fightmetric_id
3af95c43-7f40-46ca-887a-18fd8a80e190,Joseph Lowry,3152,661595,http://www.ufc.com/fighter/Joseph-Lowry,Active,0,0,profile_only_unlinked_with_fightmetric_id
3b43f88c-883e-4571-a947-4b8a860c7809,Chilo Gonzalez,,681,http://www.ufc.com/fighter/Chilo-Gonzalez,Released,0,0,profile_only_legacy_identity
3b5ff0e8-5984-4c12-8313-2374b72cba13,Henry Miller,780,,,Not Fighting,0,0,profile_only_unlinked_with_fightmetric_id
3bb298ee-f5f4-439c-b8fc-91a6499534b5,Mike Castillo,,426,http://www.ufc.com/fighter/Mike-Castillo,Released,0,0,profile_only_legacy_identity
3bdc72f2-8703-4615-aab1-e80f0287fd7a,Lolohea Mahe,1490,,,Not Fighting,0,0,profile_only_unlinked_with_fightmetric_id
3c8f89d8-e1d4-4635-8945-99a2663da933,Acacio dos Santos,3829,,,Not Fighting,0,0,profile_only_unlinked_with_fightmetric_id
3cc2568f-12e4-44f4-b847-ba7c955ffc1c,Taneisha Tennant,3584,,,Active,0,0,profile_only_unlinked_with_fightmetric_id
3cf644fc-aced-4eb5-abd8-1eb8d4e9a6de,Justin Davis,1400,,,Not Fighting,0,0,profile_only_unlinked_with_fightmetric_id
3d098c16-f827-48af-8a07-039b63d372fb,Tony Asam,,638,http://www.ufc.com/fighter/Tony-Asam,Released,0,0,profile_only_legacy_identity
3d0e89b6-e418-4132-baa3-a4c7d23bee20,Tyler Stinson,1838,242821,http://www.ufc.com/fighter/Tyler-Stinson,Not Fighting,2,2,unlinked_with_official_fight_history
3d224206-8a00-418e-a4a9-ba736c546606,Cortez Coleman,1718,,,Not Fighting,0,0,profile_only_unlinked_with_fightmetric_id
3d2d4ca8-523c-49e0-9604-249bb2479bea,Cassie Werneck,,696,http://www.ufc.com/fighter/Cassie-Werneck,Released,0,0,profile_only_legacy_identity
3d2e1b80-5688-44ae-b1e0-497937928ff9,Minoru Toyonaga,851,,,Not Fighting,0,0,profile_only_unlinked_with_fightmetric_id
3d3c3076-0442-42e6-9374-b94bcefdb47b,Geza Kahlman Jr,32,209,http://www.ufc.com/fighter/Geza-Kahlman-Jr,Not Fighting,2,2,unlinked_with_official_fight_history
3d8e1d34-6e58-4c50-bd0d-946efd62915b,Joilton Santos,,477613,http://www.ufc.com/fighter/joilton-santos,Active,0,0,profile_only_legacy_identity
3df5afaf-26f6-430c-86d3-f9a3ec0cf9b5,Marcos da Matta,1466,,,Not Fighting,0,0,profile_only_unlinked_with_fightmetric_id
3e2eadc3-9562-4c38-a037-49d5b0d3129f,Joe Moriera,22,79,http://www.ufc.com/fighter/Joe-Moriera,Not Fighting,2,2,unlinked_with_official_fight_history
3e34a7fc-90cf-4cd3-9206-b5fb0d5f43fd,Bobby Escalante,1786,,,Not Fighting,0,0,profile_only_unlinked_with_fightmetric_id
3e4aa3c9-5114-452a-8bfb-3e08947ec00f,Kaloyan Kolev,3698,,,Not Fighting,0,0,profile_only_unlinked_with_fightmetric_id
3e56d4e1-8595-4200-abaa-eb0f7104af45,Justin McElfresh,1115,462,http://www.ufc.com/fighter/Justin-McElfresh,Not Fighting,0,0,profile_only_unlinked_with_fightmetric_id
3e5e4ecc-393d-4983-9752-aca26ad6795b,Chalid Arrab,679,,,Not Fighting,0,0,profile_only_unlinked_with_fightmetric_id
3e7def71-ccf0-43a3-995b-646b09d480b6,HanSeul Kim,3817,,,,3,3,unlinked_with_official_fight_history
3e921421-e628-4c83-a1dd-cdf9d3efd7b8,Fedor Emelianenko,705,,,Not Fighting,0,0,profile_only_unlinked_with_fightmetric_id
3e97ad41-835d-4d23-9f74-548989c21a31,Harris Sarmiento,1208,642,http://www.ufc.com/fighter/Harris-Sarmiento,Not Fighting,0,0,profile_only_unlinked_with_fightmetric_id
3ea01132-4d02-4a6e-8c5f-e0cf6650a5f8,Adam Antolin,1285,636457,http://www.ufc.com/fighter/Adam-Antolin,Not Fighting,1,1,unlinked_with_official_fight_history
3f170fb7-2df5-43a2-b56b-629866a1c89b,Qi Lun,,,,Active,0,0,profile_only_unlinked_no_stable_fight_bridge
3f2a910f-7c22-42ab-ab18-5547ec8a678a,Kenneth Cross,3483,,,Not Fighting,0,0,profile_only_unlinked_with_fightmetric_id
3f6e3b82-2bd8-4543-b815-398d59442105,Tony Johnson,2493,,,Not Fighting,0,0,profile_only_unlinked_with_fightmetric_id
3f83335e-26ca-4966-8e93-347878d7ac5e,Bruno Silva,3283,,,Active,14,14,unlinked_with_official_fight_history
3fc9746f-33ed-489b-9a36-785b51be4854,Uros Jurisic,,530253,http://www.ufc.com/fighter/uros-jurisic,Active,0,0,profile_only_legacy_identity
3fd81eab-f390-4f65-ae6b-3cd3a7f83ec4,Mike Aina,1381,,,Not Fighting,0,0,profile_only_unlinked_with_fightmetric_id
3fdb073a-cd36-4f72-836a-3c6406006780,So Yul Kim,4151,,,Not Fighting,0,0,profile_only_unlinked_with_fightmetric_id
401dc270-9c94-4ba9-93c6-5b27778ce596,Emrah Sonmez,4050,,,Active,0,0,profile_only_unlinked_with_fightmetric_id
40209411-52fe-4454-84ee-a3d9775e7d5b,Shang Zhifa,3711,,,Not Fighting,0,0,profile_only_unlinked_with_fightmetric_id
403c4c24-94c5-4a9f-9a73-3a5275935c30,Geraldo de Freitas Jr.,3243,,,Not Fighting,5,5,unlinked_with_official_fight_history
406c71f1-cf8f-49c2-89cc-5a4ab2432e2a,Tiago  Alves,511,309477,http://www.ufc.com/fighter/tiago-alves,Active,0,0,profile_only_unlinked_with_fightmetric_id
406d29cf-5ae0-4d61-b120-3e3055c889fb,Dong Sik Yoon,865,,,Not Fighting,0,0,profile_only_unlinked_with_fightmetric_id
406ddac8-3571-42e1-bc05-ea05cd3ae7d7,Rick Roufus,1308,,,Not Fighting,0,0,profile_only_unlinked_with_fightmetric_id
4075c3b9-5d25-41c4-8198-25ed4dbc56a1,Chris Indich,2229,465461,http://www.ufc.com/fighter/chris-indich,Not Fighting,0,0,profile_only_unlinked_with_fightmetric_id
409e6b42-8d09-4884-a8c2-e8cfb89af46a,Marcus Da Silviera,47,115,http://www.ufc.com/fighter/Marcus-Silviera,Not Fighting,2,2,unlinked_with_official_fight_history
40b0ca31-21f8-4901-8ce6-403e90388d9a,Derrick Mehmen,1855,242508,http://www.ufc.com/fighter/Derrick-Mehmen,Released,2,2,unlinked_with_official_fight_history
40b35472-11fd-4dd5-9e23-a41f0b98c3a6,Aliev Makhmud,772,,,Not Fighting,0,0,profile_only_unlinked_with_fightmetric_id
40fb94e3-5691-49e0-aeba-a28ec9286f64,Cory Peterson,814,,,Not Fighting,0,0,profile_only_unlinked_with_fightmetric_id
40fe8fec-3780-41ad-92ad-6274af451c67,Corinne Laframboise,4037,,,Active,0,0,profile_only_unlinked_with_fightmetric_id
4115db69-4c9f-4244-9bf8-fe4fa596a87e,Chris Tickle,1977,269252,http://www.ufc.com/fighter/Chris-Tickle,Released,0,0,profile_only_unlinked_with_fightmetric_id
411acaa6-35d0-4392-b33c-5861bcc13184,Tom Owens,,633,http://www.ufc.com/fighter/Tom-Owens,Released,0,0,profile_only_legacy_identity
41479e16-ab40-4d93-bc24-a94a9ea14606,Peter Danesoe,4004,,,Active,2,2,unlinked_with_official_fight_history
415a80fb-faa8-48c5-a254-aa2306ee8edb,Bruno da Silva,,526223,http://www.ufc.com/fighter/tuf-brasil4-bruno-bulldog,Active,0,0,profile_only_legacy_identity
42129fd1-5248-4c3a-880f-25d2202361bc,Abe Wagner,,1116,http://www.ufc.com/fighter/Abe-Wagner,Released,0,0,profile_only_legacy_identity
4239d18c-30e8-4790-bafc-6a1b51c44d22,Gina Carano,1193,241927,http://www.ufc.com/fighter/Gina-Carano,Not Fighting,0,0,profile_only_unlinked_with_fightmetric_id
4256dffc-21eb-40c2-8aa3-0ad9e9d8fe20,Chad Vance,1453,,,Not Fighting,0,0,profile_only_unlinked_with_fightmetric_id
427c927e-2e10-4de8-90ae-944a75bb242d,Andrei Kopylov,758,,,Not Fighting,0,0,profile_only_unlinked_with_fightmetric_id
428b539d-d2e5-474b-84f7-49d4e44cb12a,Pawel Nastula,793,,,Not Fighting,0,0,profile_only_unlinked_with_fightmetric_id
42af0264-5a37-4fa9-80f9-436f1c404faa,Shawn Teed,3148,660487,http://www.ufc.com/fighter/Shawn-Teed,Not Fighting,0,0,profile_only_unlinked_with_fightmetric_id
42bae9a6-fe97-4b1c-a7e5-6d0e47cad380,Josh Neal,1280,,,Not Fighting,0,0,profile_only_unlinked_with_fightmetric_id
42d0b94e-3ab4-4510-88c9-82ca83d0f623,Cameron Church,3489,,,Not Fighting,0,0,profile_only_unlinked_with_fightmetric_id
42da987a-cb95-49ca-a28f-693cec3d4d01,Ryuta Sakurai,823,,,Not Fighting,0,0,profile_only_unlinked_with_fightmetric_id
431a9c0a-87ac-4fa5-8e1b-07e0566105e4,Brandon Sene,440,,,Not Fighting,0,0,profile_only_unlinked_with_fightmetric_id
432fb7e9-a1bb-43e7-80bf-2bb23c3a2c47,Jessie Rosas,4626,,,Not Fighting,0,0,profile_only_unlinked_with_fightmetric_id
4398317a-c216-4c80-90ba-921b7510fce0,Fernandez Gonzalez,,631,http://www.ufc.com/fighter/Fernandez-Gonzalez,Released,0,0,profile_only_legacy_identity
43991fb0-9268-4bb8-9942-9b9b21b87f7e,Ryuki Ueyama,852,,,Not Fighting,0,0,profile_only_unlinked_with_fightmetric_id
43e761bc-1ef3-4f7a-b293-f1d66b51ff71,David Avellan,1102,949,http://www.ufc.com/fighter/David-Avellan,Not Fighting,0,0,profile_only_unlinked_with_fightmetric_id
43e7f37b-49fd-42b8-b09c-bbf065eb9169,Kenny Giddens,1412,,,Not Fighting,0,0,profile_only_unlinked_with_fightmetric_id
43f4b022-94d0-450a-87cd-3b392f0394cc,John Rallo,,577,http://www.ufc.com/fighter/John-Rallo,Released,0,0,profile_only_legacy_identity
44108048-91f8-4eb1-9103-4dc6f95a5bbb,Alex Karalexis,319,354,http://www.ufc.com/fighter/Alex-Karalexis,Not Fighting,3,3,unlinked_with_official_fight_history
44447099-75b1-4efa-ad3d-4052e4dd41ac,Josh Stuart,613,122,http://www.ufc.com/fighter/Josh-Stuart,Not Fighting,1,1,unlinked_with_official_fight_history
44576e4a-ff45-461a-9b37-28f506fe297b,Chris Ewert,4376,,,Not Fighting,1,1,unlinked_with_official_fight_history
445cfd26-984f-4ab3-b962-6e7915f8ab34,Anthony Arria,,614,http://www.ufc.com/fighter/Anthony-Arria,Released,0,0,profile_only_legacy_identity
44622ab2-fde0-4089-a85a-e3b378261fdd,Jose Perez,2717,,,Not Fighting,0,0,profile_only_unlinked_with_fightmetric_id
44634d84-b2df-465e-855e-8f59bcb0dde0,Victor Madrigal,4123,,,Active,0,0,profile_only_unlinked_with_fightmetric_id
4465d5d0-f8cc-4a60-b262-955d7bb723cc,Kyle Sturgeon,839,,,Not Fighting,0,0,profile_only_unlinked_with_fightmetric_id
44a65da9-7fbc-4af6-8df4-9205ae366054,Travis Calanoc,1421,,,Not Fighting,0,0,profile_only_unlinked_with_fightmetric_id
44f0b3df-5a57-436d-baec-36c6a9e291d9,Gary Padilla,1126,461,http://www.ufc.com/fighter/Gary-Padilla,Not Fighting,0,0,profile_only_unlinked_with_fightmetric_id
452fbef6-c04b-4305-931a-c96aa815e1a2,Bruno Oliveira,3550,,,Active,0,0,profile_only_unlinked_with_fightmetric_id
45671ef1-d343-4bee-bb6e-fb7a55cf2981,Matt Dixon,3510,,,Active,0,0,profile_only_unlinked_with_fightmetric_id
45850415-d5f0-416c-bf98-7b600ced4482,Ivan Valenzuela,3849,,,Active,0,0,profile_only_unlinked_with_fightmetric_id
459c1315-5c29-40f4-a486-e5d2daae670f,Joe Salcido,,641,http://www.ufc.com/fighter/Joe-Salcido,Released,0,0,profile_only_legacy_identity
45da6873-f03e-4744-b36a-cc1d24b62ac2,Michael Bonnette,,,,Active,0,0,profile_only_unlinked_no_stable_fight_bridge
45dfab9a-0d34-40f9-912e-542597aff67c,Ross Ebanez,927,687,http://www.ufc.com/fighter/Ross-Ebanez,Not Fighting,0,0,profile_only_unlinked_with_fightmetric_id
45ef9a96-1f3d-48f2-9f56-31be86dcf5a4,Justin Wieman,,581,http://www.ufc.com/fighter/Justin-Wieman,Released,0,0,profile_only_legacy_identity
46392fd5-99df-4fcb-ba5a-c13555913c90,Hitomi Akano,1366,,,Not Fighting,0,0,profile_only_unlinked_with_fightmetric_id
464820d0-aa99-4b3d-85ae-f193e7716487,Manny Tapia,1038,456,http://www.ufc.com/fighter/Manny-Tapia,Not Fighting,1,1,unlinked_with_official_fight_history
46783f8a-5ae9-454b-9158-a4cfcc551e0e,JR Coughran,3157,,,Not Fighting,0,0,profile_only_unlinked_with_fightmetric_id
46b78b29-efc6-4491-9672-83d7b8ec0c3b,Dewey Cooper,1268,,,Not Fighting,0,0,profile_only_unlinked_with_fightmetric_id
46cd498f-d138-4ccb-81d9-30e7d896e586,Justin Hawes,,893,http://www.ufc.com/fighter/Justin-Hawes,Released,0,0,profile_only_legacy_identity
46dc2a77-4cb7-460f-9b02-3c66983f9143,Marques Daniels,1397,,,Not Fighting,0,0,profile_only_unlinked_with_fightmetric_id
46e364e9-79a4-4747-a8f7-39b3692c619f,Chris Culley,1433,,,Not Fighting,0,0,profile_only_unlinked_with_fightmetric_id
4722f3dd-a7af-47cc-8070-03fc88d43db3,Scott Bills,687,,,Not Fighting,0,0,profile_only_unlinked_with_fightmetric_id
472a0a05-47e0-4e24-a74f-b334e9155db6,Dave Kaplan,398,997,http://www.ufc.com/fighter/Dave-Kaplan,Not Fighting,4,4,unlinked_with_official_fight_history
472c5483-93a3-428b-a992-baa4efbfa852,Jason Biswell,,671,http://www.ufc.com/fighter/Jason-Biswell,Released,0,0,profile_only_legacy_identity
4736cf89-9fdb-42df-a48e-16a265048b5c,Randall Wallace,2993,636538,http://www.ufc.com/fighter/Randall-Wallace,Not Fighting,1,1,unlinked_with_official_fight_history
476667e2-2c80-45b2-903b-c08cb035da41,Sean Loeffler,1946,235796,http://www.ufc.com/fighter/Sean-Loeffler,Not Fighting,1,1,unlinked_with_official_fight_history
478e540b-98a4-4270-9fcf-2a225ec512be,Levi Avera,1408,,,Not Fighting,0,0,profile_only_unlinked_with_fightmetric_id
47a80829-3af9-415f-8c26-32749bdda6b7,Dmitrei Stepanov,612,120,http://www.ufc.com/fighter/Dmitrei-Stepanov,Not Fighting,1,1,unlinked_with_official_fight_history
47d342ab-4f1d-4ce6-8c63-473c0e84dbc1,Lee Higgins,1743,,,Not Fighting,0,0,profile_only_unlinked_with_fightmetric_id
484c74d9-ed14-44f9-ab0d-47eec656a1f8,Manny Vazquez,2914,631435,http://www.ufc.com/fighter/Manny-Vazquez,Active,1,1,unlinked_with_official_fight_history
4874c171-5bdf-4dce-8c8e-c9313122f89d,Pat Minihan,,431,http://www.ufc.com/fighter/Pat-Minihan,Released,0,0,profile_only_legacy_identity
48d12709-beef-4ca7-bb92-8a950b27e199,Matus Stasko,,,,Retired,0,0,profile_only_unlinked_no_stable_fight_bridge
48dc03c1-ed13-41fd-92ec-d863b53ac552,Wayne Cole,980,,,Not Fighting,0,0,profile_only_unlinked_with_fightmetric_id
491e97e6-f551-48c0-822c-ec24e41f6a16,Dylan Lockard,3414,,,Not Fighting,0,0,profile_only_unlinked_with_fightmetric_id
494c8567-cc63-42de-be3a-0825680c1e40,Reynaldo Trujillo,1612,,,Not Fighting,0,0,profile_only_unlinked_with_fightmetric_id
49c9e778-5e1b-4cbd-b8ca-2102d63b29d6,Leo Kuntz,2273,489580,http://www.ufc.com/fighter/Leo-Kuntz,Not Fighting,1,1,unlinked_with_official_fight_history
49ebb0b4-5781-48e3-9e6f-093ec10dbcb0,Michael McDonald,1650,106902,http://www.ufc.com/fighter/Michael-McDonald,Not Fighting,9,9,unlinked_with_official_fight_history
4a42f9bc-4505-43d9-aa98-ab9b2b6577a2,Pedro Tome,,640,http://www.ufc.com/fighter/Pedro-Tome,Released,0,0,profile_only_legacy_identity
4a5bbcab-4ca4-45ae-b025-d1c348ef4134,Fernando Gonzalez,1116,496,http://www.ufc.com/fighter/Fernando-Gonzalez,Not Fighting,0,0,profile_only_unlinked_with_fightmetric_id
4a7be892-9874-4b2a-a1cd-188ffe7e4679,Carrese Archer,,,,Not Fighting,0,0,profile_only_unlinked_no_stable_fight_bridge
4b0b3f36-ad87-49a4-988f-c88dea87c547,Dan Molina,,869,http://www.ufc.com/fighter/Dan-Molina,Released,0,0,profile_only_legacy_identity
4b1219e4-5f8a-4202-9046-3c2f89fe1da9,Gesias Cavalcante,893,242390,http://www.ufc.com/fighter/Gesias-Cavalcante,Not Fighting,2,2,unlinked_with_official_fight_history
4b404a34-bdcf-4fc9-adb4-301fce991fc0,Nikk Covert,1258,,,Not Fighting,0,0,profile_only_unlinked_with_fightmetric_id
4b51965b-a477-4eb4-9e9a-32e796523d2a,Ian Stephens,,480088,http://www.ufc.com/fighter/ian-stephens,Active,0,0,profile_only_legacy_identity
4b5c7d4d-57cc-477d-9daa-73eb687b61c5,Jeremy Hamilton,1807,,,Not Fighting,0,0,profile_only_unlinked_with_fightmetric_id
4b7b67e8-c20d-49da-9a8f-5c11bc97a308,Casey Huffman,1725,,,Not Fighting,0,0,profile_only_unlinked_with_fightmetric_id
4b7c001e-6e7d-4cd6-bbd5-b42fd0636448,Christophe Leininger,21,214,http://www.ufc.com/fighter/Christophe-Leininger,Not Fighting,2,2,unlinked_with_official_fight_history
4b82e1a6-e9d0-446f-952e-dad69b3df412,Alexandra Albu,2120,456128,http://www.ufc.com/fighter/Alexandra-Albu,Not Fighting,5,5,unlinked_with_official_fight_history
4bc104f8-1493-4ea5-9bd3-67f2966b3700,Michael Wootten,,453478,http://www.ufc.com/fighter/Michael-Wootten,Active,0,0,profile_only_legacy_identity
4c0ed532-ca4a-43b8-a1b2-0e70b5d9978e,Ryan Madigan,652,1029,http://www.ufc.com/fighter/Ryan-Madigan,Not Fighting,2,2,unlinked_with_official_fight_history
4c42e7c7-a7f0-4f39-8a47-aa62ca1d62b2,Samuel Sanches,4419,,,Active,1,1,unlinked_with_official_fight_history
4c81dfe5-219c-4960-84fe-ea53d6a921e7,Alberta Cerra,,,,Not Fighting,0,0,profile_only_unlinked_no_stable_fight_bridge
4cd56937-8db8-4ecc-920f-5d582b6e05b3,Rich Bouphanouvong,1443,,,Not Fighting,0,0,profile_only_unlinked_with_fightmetric_id
4cd92e4c-88e1-441e-80e4-2e0934c6d529,Jarrod Kwitty,,891,http://www.ufc.com/fighter/Jarrod-Kwitty,Released,0,0,profile_only_legacy_identity
4d287d98-4885-49a9-8fc1-247b67145d6c,CJ Hamilton,2921,631539,http://www.ufc.com/fighter/CJ-Hamilton,Not Fighting,1,1,unlinked_with_official_fight_history
4d2a9d56-341f-4a39-b8f5-95857d290375,Roshan Mainam,3826,,,Not Fighting,0,0,profile_only_unlinked_with_fightmetric_id
4d4914b5-b093-4d6b-86e5-c075999456aa,John Devine,1492,,,Not Fighting,0,0,profile_only_unlinked_with_fightmetric_id
4d9ab445-838c-413c-986d-2eafe2586aaf,Sidney Outlaw,2916,631544,http://www.ufc.com/fighter/Sidney-Outlaw,Active,1,1,unlinked_with_official_fight_history
4db76c09-fe03-4a89-93f6-e5c73e4e7ad6,Hiroyuki Abe,670,,,Not Fighting,0,0,profile_only_unlinked_with_fightmetric_id
4e0539e5-7d52-4e70-b840-09700c320403,Kali Robbins,3301,,,Not Fighting,0,0,profile_only_unlinked_with_fightmetric_id
4e0627de-179e-4e7c-958f-c77c3d848f0f,Gabriel Checco,2940,631549,http://www.ufc.com/fighter/Gabriel-Checco,Not Fighting,0,0,profile_only_unlinked_with_fightmetric_id
4e2a0030-0b1b-497f-ae0e-e962665a6aa5,Scott Norton,1128,377,http://www.ufc.com/fighter/Scott-Norton,Not Fighting,0,0,profile_only_unlinked_with_fightmetric_id
4e345e0b-4312-4cbc-a140-6cb58c17b4eb,Daisuke Nakamura,790,,,Not Fighting,0,0,profile_only_unlinked_with_fightmetric_id
4e3e4d95-cc75-45de-aeba-661567b2827d,James Gabert,2117,574,http://www.ufc.com/fighter/James-Gabert,Not Fighting,0,0,profile_only_unlinked_with_fightmetric_id
4e54a072-c4fa-4cce-ad4e-77181d055ae7,Onassis Parungao,604,92,http://www.ufc.com/fighter/Onassis-Parungao,Not Fighting,1,1,unlinked_with_official_fight_history
4e636688-19af-4daa-bc11-7675d8d23041,Danylo Voievodkin,4246,,,Not Fighting,0,0,profile_only_unlinked_with_fightmetric_id
4e6b928a-06ea-4954-81a9-da8bb1602010,Mike Cook,1224,,,Not Fighting,0,0,profile_only_unlinked_with_fightmetric_id
4f65177a-1166-412d-8aed-0da66ae74bda,Ray Benavides,,393,http://www.ufc.com/fighter/Ray-Benavides,Released,0,0,profile_only_legacy_identity
4f77d181-cffb-4a39-8a80-b740ad50918a,Fabia Sintes,4638,,,Active,0,0,profile_only_unlinked_with_fightmetric_id
4f7e2bd9-a41d-4e00-bbbc-e5b59aa2e5d3,Anthony Alves,1293,,,Not Fighting,0,0,profile_only_unlinked_with_fightmetric_id
4f90c34d-429a-4764-8663-a868c0346e2b,Joshua Wang-Kim,3902,,,Active,0,0,profile_only_unlinked_with_fightmetric_id
5004e6b8-c878-4879-a067-3bea99420163,Jeremiah Riggs,1700,,,Not Fighting,0,0,profile_only_unlinked_with_fightmetric_id
50162d79-a55d-4fc7-9a9a-81b962276897,Will Kerr,1159,1136,http://www.ufc.com/fighter/Will-Kerr,Not Fighting,0,0,profile_only_unlinked_with_fightmetric_id
5031dd52-c261-42b1-a44f-0647e2f4f2f1,Valentino Petrescu,,290177,http://www.ufc.com/fighter/valentino-petrescu,Active,0,0,profile_only_legacy_identity
503a5adc-61b8-487a-a72f-5e7076c6130f,Kyle Jensen,1133,471,http://www.ufc.com/fighter/Kyle-Jensen,Not Fighting,0,0,profile_only_unlinked_with_fightmetric_id
5043ee8e-0c21-4ca8-a174-a980e50055a1,Lorenzo Hood,2609,,,Active,0,0,profile_only_unlinked_with_fightmetric_id
505e3fa5-c5a8-4304-8a71-63daddc01349,Tetsuya Seki,3886,,,Not Fighting,0,0,profile_only_unlinked_with_fightmetric_id
50d20892-11d3-4ac9-9168-a34127939780,Wang An Ying,,471297,http://www.ufc.com/fighter/Wang-An-Ying,Active,0,0,profile_only_legacy_identity
50e73a59-9dae-44fd-a1ba-f506c309b2b8,Fedor Nikolov,4055,,,Active,1,1,unlinked_with_official_fight_history
51150db2-c603-499a-9978-7d39ed57f1e6,Caleb Mitchell,,428,http://www.ufc.com/fighter/Caleb-Mitchell,Released,0,0,profile_only_legacy_identity
514c4c05-aabd-4cc2-aa3f-fe30aa0d9f03,Achmed Labasanov,761,,,Not Fighting,0,0,profile_only_unlinked_with_fightmetric_id
514e970b-e520-4756-a9be-8b7701df64f5,Cole Province,1064,981,http://www.ufc.com/fighter/Cole-Province,Not Fighting,0,0,profile_only_unlinked_with_fightmetric_id
51cd4118-7365-4ffc-a04e-b44933a4b5f3,Valesca Machado,3695,,,Not Fighting,0,0,profile_only_unlinked_with_fightmetric_id
51fd2b0a-a55b-4bc7-8ab6-a841f35d83de,OJ Dominguez,1321,,,Not Fighting,0,0,profile_only_unlinked_with_fightmetric_id
52207cd7-b628-47d0-8430-b1e2fe694289,Max Grishin,3473,,,Not Fighting,7,7,unlinked_with_official_fight_history
5239e33b-fe31-409c-bfe4-b12003ed9789,Chandler Cole,4015,,,Active,0,0,profile_only_unlinked_with_fightmetric_id
526f10ed-e67f-4473-9308-6e300d8b2548,Mike Altman,1211,,,Not Fighting,0,0,profile_only_unlinked_with_fightmetric_id
527ffb10-535f-43cd-a9ba-8fec87d174c7,Mikhail Iloukhine,738,,,Not Fighting,0,0,profile_only_unlinked_with_fightmetric_id
52bd65bd-fba4-4d7b-a1d1-b3d6db02566c,Jason Jackson,2937,530260,http://www.ufc.com/fighter/jason-jackson,Not Fighting,1,1,unlinked_with_official_fight_history
52cd273d-da4e-4e21-ba85-e190cd603ece,Tara LaRosa,,453495,http://www.ufc.com/fighter/Tara-LaRosa,Active,0,0,profile_only_legacy_identity
52ce28d0-d424-4be9-9856-b290901a3e17,Josh Clark,,480093,http://www.ufc.com/fighter/josh-clark,Active,0,0,profile_only_legacy_identity
52ddf4f9-f135-4b89-af61-17d489853d03,Dominic Clark,1672,,,Not Fighting,0,0,profile_only_unlinked_with_fightmetric_id
52f73335-4b1a-4bb6-bc83-2ba198ce5139,Rico Altamirano,1432,,,Not Fighting,0,0,profile_only_unlinked_with_fightmetric_id
530dd1bc-bbd0-4cd5-938f-26109a81f9c0,Allan Begosso,3934,,,Active,0,0,profile_only_unlinked_with_fightmetric_id
532bea0d-f846-4b7e-b726-3eae93080a38,Rob Whiteford,2128,460661,http://www.ufc.com/fighter/Rob-Whiteford,Not Fighting,5,5,unlinked_with_official_fight_history
53eb66bc-7110-482b-b7a5-c6fa1d4c21d6,Mike Hayes,1299,,,Not Fighting,0,0,profile_only_unlinked_with_fightmetric_id
543180fd-f398-490c-9a58-26ebb56eddf6,Anthony Romero,3516,,,Active,0,0,profile_only_unlinked_with_fightmetric_id
545057fb-de1e-495e-a954-f172459a1fe7,Jack McGlaughlin,595,73,http://www.ufc.com/fighter/Jack-McGlaughlin,Not Fighting,1,1,unlinked_with_official_fight_history
545889fd-0c99-40a1-ad96-c476856e0f33,Vinicius Cenci,3933,,,Active,0,0,profile_only_unlinked_with_fightmetric_id
547d8777-f605-43e3-b48f-79d5fa7e7f21,Robert Ricondo,,,,Not Fighting,0,0,profile_only_unlinked_no_stable_fight_bridge
548258b0-4c26-47dc-afac-a85e449db723,Karl Reed,2979,635982,http://www.ufc.com/fighter/Karl-Reed,Not Fighting,1,1,unlinked_with_official_fight_history
54882180-7646-426b-aef3-a5378a46d088,Matt Horwich.,,673,http://www.ufc.com/fighter/Matt-Horwich-,Active,0,0,profile_only_legacy_identity
54a031d0-41f3-4ca5-ac23-0ba04eea7473,Ronaldo Candido,2927,631560,http://www.ufc.com/fighter/Ronaldo-Candido,Not Fighting,1,1,unlinked_with_official_fight_history
54bf602d-c74a-46ed-84da-f9c9d17fdbf2,Orlando Welt,36,234,http://www.ufc.com/fighter/Orlando-Welt,Not Fighting,2,2,unlinked_with_official_fight_history
54c2ca49-7db6-4379-a883-ada0facc2b46,Jason Sharp,1537,,,Not Fighting,0,0,profile_only_unlinked_with_fightmetric_id
54c80912-be18-4606-8ea3-913483456764,Nobuhiko Takada,845,,,Not Fighting,0,0,profile_only_unlinked_with_fightmetric_id
54cca8c2-0c55-4447-9bcd-19a91fa296fc,Ryan Gracie,729,,,Not Fighting,0,0,profile_only_unlinked_with_fightmetric_id
54fdd661-d49c-4159-a1b1-9e76e1a5421b,Leandro Niza,,416,http://www.ufc.com/fighter/Leandro-Niza,Released,0,0,profile_only_legacy_identity
55245cc1-5134-4991-9a20-daa13f1a2aaa,Jean Francois Lenogue,766,,,Not Fighting,0,0,profile_only_unlinked_with_fightmetric_id
5537f718-ddf5-4b09-a4e0-97a0c2c528bd,Danny Davis,1887,,,Not Fighting,0,0,profile_only_unlinked_with_fightmetric_id
55644279-dfab-4401-9304-394ecf43a535,Carlos Cordero,,592,http://www.ufc.com/fighter/Carlos-Cordero,Released,0,0,profile_only_legacy_identity
5565a030-efaa-40a7-a04e-2eaf6f46fc37,Benjamin Brinsa,,450629,http://www.ufc.com/fighter/Benjamin-Brinsa,Active,0,0,profile_only_legacy_identity
558e5a04-b7d5-4406-a90b-f92d4f4e7667,Sean O'Haire,803,,,Not Fighting,0,0,profile_only_unlinked_with_fightmetric_id
55cccb54-e653-47a6-924f-f04b4eb9ddb7,Ricky Camp,3725,,,Not Fighting,0,0,profile_only_unlinked_with_fightmetric_id
560167d8-76c1-4ac2-8294-798644f0b357,Olivier Murad,3763,,,Active,0,0,profile_only_unlinked_with_fightmetric_id
5627539f-8e82-442c-972c-c9d90226deb7,Dan Downes,1559,103405,http://www.ufc.com/fighter/Dan-Downes,Retired,2,2,unlinked_with_official_fight_history
563adc00-2404-4f96-af86-73495e61ddf1,Chris WIlliams,,608,http://www.ufc.com/fighter/Chris-WIlliams,Released,0,0,profile_only_legacy_identity
5647aac9-62d0-4144-b732-b67dfe409a9a,Raphael Pessoa Nunes,3328,,,Not Fighting,6,6,unlinked_with_official_fight_history
564e1f30-21fc-48ae-836b-ce621e0a8c6b,Tomomi Iwama,872,,,Not Fighting,0,0,profile_only_unlinked_with_fightmetric_id
56a45f08-2011-4d7d-bd56-1ca81267f8f4,Paul Bradley,1416,,,Not Fighting,0,0,profile_only_unlinked_with_fightmetric_id
56b3ff47-dd03-4278-aa91-6eb883714f0b,John Franchi,1046,1019,http://www.ufc.com/fighter/John-Franchi,Not Fighting,0,0,profile_only_unlinked_with_fightmetric_id
56fc02c5-fb9b-42e7-b3f7-cbf11cb1c5b1,Carina Damm,1620,,,Not Fighting,0,0,profile_only_unlinked_with_fightmetric_id
57332d2b-add1-4bc5-9498-9daa37a86969,Jeffrey Molina,3518,,,Not Fighting,3,3,unlinked_with_official_fight_history
576b561d-84de-460a-98fc-29d07127b686,Andreas Spang,1896,,,Not Fighting,0,0,profile_only_unlinked_with_fightmetric_id
5795ea55-e6ec-4e41-a7f8-d65067ba2f87,... To be announced,,507055,http://www.ufc.com/fighter/to-be-announced-female,Active,0,0,profile_only_legacy_identity
57990e99-747e-4a19-9e9c-93ac79495732,Ronald Jhun,16,330,http://www.ufc.com/fighter/Ronald-Jhun,Not Fighting,1,1,unlinked_with_official_fight_history
57a18a6f-5a12-462b-9e66-16f832c5de34,Rony Jason,1994,242237,http://www.ufc.com/fighter/Rony-Jason,Not Fighting,2,2,unlinked_with_official_fight_history
57bda7aa-f4e0-449a-a9f3-0873d622816d,Kimbo Slice,1026,1115,http://www.ufc.com/fighter/Kimbo-Slice,Not Fighting,12,12,unlinked_with_official_fight_history
57bdc758-a0f1-4320-8744-a1dab9383db5,Rama Supandhi,3792,,,Not Fighting,1,1,unlinked_with_official_fight_history
57dd4f05-2a98-4d70-923f-bcf50457bb5b,Irwin Rivera,3458,,,Not Fighting,4,4,unlinked_with_official_fight_history
57e8e4ca-f416-4743-b875-2a3c6378c67f,Ning Guangyou,2182,471293,http://www.ufc.com/fighter/Guangyou-Ning,Not Fighting,4,4,unlinked_with_official_fight_history
57f08bd1-c5a7-4a43-a312-7e76f6b31926,Emily Fernandez,4085,,,Active,0,0,profile_only_unlinked_with_fightmetric_id
5811056b-4245-4898-93e7-0cf64e0cb316,Josh Appelt,3138,659583,http://www.ufc.com/fighter/Josh-Appelt,Active,0,0,profile_only_unlinked_with_fightmetric_id
585d4589-2191-47b0-be82-93db59ffc642,Kerry Vera,1455,242824,http://www.ufc.com/fighter/Kerry-Vera,Not Fighting,0,0,profile_only_unlinked_with_fightmetric_id
5869aca1-0c25-4319-81b0-e8a044145c7e,Charles Pearson,,446,http://www.ufc.com/fighter/Charles-Pearson,Released,0,0,profile_only_legacy_identity
587108aa-0571-460f-812c-06b9fbf7098e,Saul Rogers,,,,Not Fighting,0,0,profile_only_unlinked_no_stable_fight_bridge
5878644b-8fa8-464a-91ad-ca003e81f7e6,Anvar Boynazarov,3832,,,Active,0,0,profile_only_unlinked_with_fightmetric_id
5888fa8c-57b3-4ec2-b969-ebe957edb222,Andrew Todhunter,2557,656804,http://www.ufc.com/fighter/Andrew-Todhunter,Not Fighting,0,0,profile_only_unlinked_with_fightmetric_id
58b45e1f-f91f-4d68-a941-e11a824db8fa,Richard Montoya,,625,http://www.ufc.com/fighter/Richard-Montoya,Released,0,0,profile_only_legacy_identity
58d0339a-11a2-4ef1-bfd7-afb03b89d406,Alton Meeks,3303,,,Not Fighting,0,0,profile_only_unlinked_with_fightmetric_id
590a3104-ecd9-4437-81c2-a17fbe37d4b9,Pietro Menga,3044,645478,http://www.ufc.com/fighter/Pietro-Menga,Not Fighting,0,0,profile_only_unlinked_with_fightmetric_id
592293a2-bb08-4704-922b-7c6193b486a3,Jerrel Venetiaan,855,,,Not Fighting,0,0,profile_only_unlinked_with_fightmetric_id
5945168d-d9a6-4bb6-acf2-5342de234506,Joel Sutton,121,123,http://www.ufc.com/fighter/Joel-Sutton,Not Fighting,2,2,unlinked_with_official_fight_history
597f09d9-fc50-4df4-b03d-12992c941365,Rameau Sokoudjou,518,550,http://www.ufc.com/fighter/Rameau-Sokoudjou,Not Fighting,6,6,unlinked_with_official_fight_history
598829de-a038-4976-a2a0-ed42e4f30bbf,Gil Rael,,864,http://www.ufc.com/fighter/Gil-Rael,Released,0,0,profile_only_legacy_identity
598fad00-3b60-4e3a-88fd-aed85e1fd3ec,Kyle Driscoll,3590,,,Active,0,0,profile_only_unlinked_with_fightmetric_id
59a36204-7054-4d2b-a123-997c1a62d105,Job Kleber,,477641,http://www.ufc.com/fighter/job-kleber,Active,0,0,profile_only_legacy_identity
5a127bec-cc3a-480a-831f-7dc02109d298,Kailan Hill,3408,,,Not Fighting,0,0,profile_only_unlinked_with_fightmetric_id
5a1a3ee1-1eb0-45ae-a34d-3fdd43602134,Chad Leonhardt,1857,242449,http://www.ufc.com/fighter/Chad-Leonhardt,Not Fighting,0,0,profile_only_unlinked_with_fightmetric_id
5a55359a-ea9c-43ee-a750-3b5ac040389a,Javier Vasquez,,317,http://www.ufc.com/fighter/Javier-Vasquez,Active,0,0,profile_only_legacy_identity
5a6e2b56-4b24-43a0-af15-a25d739dfdbe,Rampage Jackson,348,828,http://www.ufc.com/fighter/Quinton-Jackson,Not Fighting,20,20,unlinked_with_official_fight_history
5a9dd796-7c63-4cd2-b6a1-6d488fab967c,Albert Tadevosyan,4405,,,Not Fighting,0,0,profile_only_unlinked_with_fightmetric_id
5aa5ea01-c540-44b2-b2af-6499e11f7be8,Derek Downey,658,1023,http://www.ufc.com/fighter/Derek-Downey,Not Fighting,2,2,unlinked_with_official_fight_history
5ab5d5db-a911-47fa-831d-75bf71ff6954,Eldo Dias Xavier,,238,http://www.ufc.com/fighter/Eldo-Dias-Xavier,Released,1,1,unlinked_with_official_fight_history
5abfa11e-f57c-4027-b75b-51b524f5422f,Elisha Helsper,1434,,,Not Fighting,0,0,profile_only_unlinked_with_fightmetric_id
5acbc07b-125e-4f53-a90f-f6e90becf80e,Rony Sefo,831,,,Not Fighting,0,0,profile_only_unlinked_with_fightmetric_id
5af0c17f-2388-4aa5-99a1-3eca46758b68,Ray Perales,1304,,,Not Fighting,0,0,profile_only_unlinked_with_fightmetric_id
5afcc950-6d74-4033-9a93-b080cda1d71d,Sovannahry Em,3581,,,Active,0,0,profile_only_unlinked_with_fightmetric_id
5b4e3f6e-1305-4f8a-943a-307c55ec7ab1,Ho Taek Oh,3828,,,Not Fighting,0,0,profile_only_unlinked_with_fightmetric_id
5b4ee968-195f-4868-b7ee-c61ab46b0d0b,Jorge Gonzalez,3479,,,Not Fighting,1,1,unlinked_with_official_fight_history
5bbc8b7a-00c6-4913-976f-bed698024598,George Bush,1491,,,Not Fighting,0,0,profile_only_unlinked_with_fightmetric_id
5bc82b24-b6bc-46e0-9684-7ee0dc9a0e3a,MinWoo Kim,3806,,,Not Fighting,1,1,unlinked_with_official_fight_history
5bf28abe-9bd3-400d-b5df-d708642607c0,Randy Hauer,,865,http://www.ufc.com/fighter/Randy-Hauer,Released,0,0,profile_only_legacy_identity
5c1dd294-0802-4774-ac61-59dca8e3ea0e,Daniel Gracie,723,,,Not Fighting,0,0,profile_only_unlinked_with_fightmetric_id
5c2b114a-823e-478c-bcf7-bc613525a9aa,Marcello Mello,200,75,http://www.ufc.com/fighter/Marcello-Mello,Not Fighting,1,1,unlinked_with_official_fight_history
5c38db6b-0a4b-4e25-b903-f906bcd5592b,Kalani Vakameilalo,,,,Active,3,3,unlinked_with_official_fight_history
5c59edb9-195b-4e8a-b24b-f795b363fd61,Rafael de Freitas,979,453437,http://www.ufc.com/fighter/Rafael-De-Freitas,Active,0,0,profile_only_unlinked_with_fightmetric_id
5c5d275f-7518-4b7d-8739-597cad94412c,Tsuyoshi Tamakairiki,848,,,Not Fighting,0,0,profile_only_unlinked_with_fightmetric_id
5cc0cfe6-109b-4bcf-a8c4-e64b22d30b72,Kenneth Seegrist,1332,,,Not Fighting,0,0,profile_only_unlinked_with_fightmetric_id
5ccf9214-a9c4-4967-986f-5a118bbd2860,Jesse Juarez,1333,,,Not Fighting,0,0,profile_only_unlinked_with_fightmetric_id
5cd001ad-226d-4136-9075-f4ddc1a3103a,Chris Irvine,,627,http://www.ufc.com/fighter/Chris-Irvine,Released,0,0,profile_only_legacy_identity
5d54b9cb-2849-43c9-96ed-c56c46cb8c72,Logan Clark,537,466,http://www.ufc.com/fighter/Logan-Clark,Not Fighting,1,1,unlinked_with_official_fight_history
5d715188-ad66-4bf0-95cb-a397baacc86a,JJ Okanovich,2648,,,Active,0,0,profile_only_unlinked_with_fightmetric_id
5d90f743-0aa3-4e45-ac79-38a712877af6,Brandon Saling,1963,,,Not Fighting,0,0,profile_only_unlinked_with_fightmetric_id
5dcbbb47-dfff-4c24-8692-23456e551fce,Brian Warren,1222,,,Not Fighting,0,0,profile_only_unlinked_with_fightmetric_id
5de82c0b-cd63-4f51-8ff2-bcf63db23f76,Dylan Mantello,4115,,,Active,0,0,profile_only_unlinked_with_fightmetric_id
5df7736b-a29a-4d90-8ecd-b25b2c96e181,Travis Stuart,,626,http://www.ufc.com/fighter/Travis-Stuart,Released,0,0,profile_only_legacy_identity
5dfce04a-7d01-437b-b8e3-095c877efd93,Roman Zentsov,869,,,Not Fighting,0,0,profile_only_unlinked_with_fightmetric_id
5e01c962-7d02-4b51-a858-bfd6a90504c9,Alvan Cacdus,,885,http://www.ufc.com/fighter/Alvan-Cacdus,Released,0,0,profile_only_legacy_identity
5e6960f4-09a1-4217-a293-6765c140a0f1,Bruno Silva,3314,,,Not Fighting,11,11,unlinked_with_official_fight_history
5e833a4a-cc25-4245-af30-95c49584701c,Kaitlin Young,1196,,,Not Fighting,0,0,profile_only_unlinked_with_fightmetric_id
5ea0a706-7a55-4cc3-a8f6-088e7f6c381a,Anthony Hamlett,,414,http://www.ufc.com/fighter/Anthony-Hamlett,Released,0,0,profile_only_legacy_identity
5eb0b691-4110-4310-91fc-8bac4dc08943,Donavon Frelow,2972,635821,http://www.ufc.com/fighter/Donavon-Frelow,Not Fighting,1,1,unlinked_with_official_fight_history
5eb750b0-907a-4634-a75c-ad4def6add10,Yuri Vaulin,615,230,http://www.ufc.com/fighter/Yuri-Vaulin,Not Fighting,1,1,unlinked_with_official_fight_history
5ef2ab74-54bd-4e80-89b9-6f839e9bbed6,Daniel Jolly,2623,542978,http://www.ufc.com/fighter/daniel-jolly,Not Fighting,1,1,unlinked_with_official_fight_history
5f2233ea-4b93-4217-aeac-58f4ded0fd12,Ricky Legere,1929,242444,http://www.ufc.com/fighter/Ricky-Legere,Active,1,1,unlinked_with_official_fight_history
5f739d9c-419d-4a9a-8f7d-31e93339f385,Dae Won Kim,753,,,Not Fighting,0,0,profile_only_unlinked_with_fightmetric_id
5fa1e429-a561-4351-89a9-663facf02297,Daermisi Zhawupasi,3986,,,,2,2,unlinked_with_official_fight_history
5fc3859d-efe2-4c7d-b4be-eed107d8d83b,Josh Epps,1709,,,Not Fighting,0,0,profile_only_unlinked_with_fightmetric_id
5fc529f8-9aff-4268-917c-bc3554f2ee32,Janay Harding,2999,636454,http://www.ufc.com/fighter/Janay-Harding,Not Fighting,0,0,profile_only_unlinked_with_fightmetric_id
5fc95382-6e7b-4af6-a404-a9bef43d4827,Jan Błachowicz,2300,284817,http://www.ufc.com/fighter/Jan-Blachowicz,Active,27,27,unlinked_with_official_fight_history
6076360a-993d-4416-bdad-6b24c2687064,Louis Taylor,1426,516946,http://www.ufc.com/fighter/louis-taylor,Released,0,0,profile_only_unlinked_with_fightmetric_id
607d954d-4f7f-43d8-82ea-2598ed4c0db6,Dayne Viernes,,,,Active,5,5,unlinked_with_official_fight_history
608898c7-8863-4bbf-b285-e1b766cfc1b9,Daniel Schmitt,1728,,,Not Fighting,0,0,profile_only_unlinked_with_fightmetric_id
60a2e66b-6ee0-4a47-84dc-c34990d06e2d,Egan Inoue,741,,,Not Fighting,0,0,profile_only_unlinked_with_fightmetric_id
60e6e044-4239-4d5c-838b-67cba0d459a3,Carter Williams,1263,,,Not Fighting,0,0,profile_only_unlinked_with_fightmetric_id
60e77e3d-84ba-4386-98d5-b933e7ba9fa8,Kevin Souza,2092,452625,http://www.ufc.com/fighter/Kevin-Souza,Not Fighting,4,4,unlinked_with_official_fight_history
61705ae8-ac3a-41e8-b37a-42192d738d76,Anthony Ruiz,1233,890,http://www.ufc.com/fighter/Anthony-Ruiz,Not Fighting,0,0,profile_only_unlinked_with_fightmetric_id
6175194a-9fb8-4647-bc67-7599baec4eb3,Eddy Ellis,1307,432,http://www.ufc.com/fighter/Eddy-Ellis,Not Fighting,0,0,profile_only_unlinked_with_fightmetric_id
617f960a-0ea7-45bb-8c87-0bb5d1a8c0a5,Wayne Phillips,1482,,,Not Fighting,0,0,profile_only_unlinked_with_fightmetric_id
619ae856-d791-45f4-a8a5-a680bfcb81b4,Adrian Serrano,30,113,http://www.ufc.com/fighter/Adrian-Serrano,Not Fighting,1,1,unlinked_with_official_fight_history
62582acc-551f-4ee1-b0ac-9621e1140630,Matěj Peňáz,3855,,,Active,0,0,profile_only_unlinked_with_fightmetric_id
6265f2d2-a510-4b62-b814-769719cc545b,Jude Hargett,,650,http://www.ufc.com/fighter/Jude-Hargett,Released,0,0,profile_only_legacy_identity
6281498e-46ef-4092-bfc2-5ecbdb1208d9,Sim Kai Xiong,4005,,,Active,3,3,unlinked_with_official_fight_history
629f120e-879d-46f5-bae6-1e5924abc0c1,Keith Mielke,596,27,http://www.ufc.com/fighter/Keith-Mielke,Not Fighting,1,1,unlinked_with_official_fight_history
632ecc6c-f0d3-4ebc-90b8-d3a7dc8df398,Alex Zuniga,1399,,,Not Fighting,0,0,profile_only_unlinked_with_fightmetric_id
63963c3c-f5be-44c9-9e71-e85eac23a53c,Robbie Peralta,1791,226172,http://www.ufc.com/fighter/Robert-Peralta,Not Fighting,8,8,unlinked_with_official_fight_history
639b769e-59a6-43c6-9289-20eb5b2c696c,Zak Bucia,1353,,,Not Fighting,0,0,profile_only_unlinked_with_fightmetric_id
63b7ac5d-3ba6-4cdf-a7e3-153a3a3f830e,Russell Patrick,1449,,,Not Fighting,0,0,profile_only_unlinked_with_fightmetric_id
63c7c297-06b3-448a-95d8-1c68fa1b3f2e,Bendy Casimir,1483,1149,http://www.ufc.com/fighter/Bendy-Casimir,Not Fighting,0,0,profile_only_unlinked_with_fightmetric_id
63ce89b6-4c39-442c-9986-3b1b25b4c51f,James Terry,1361,242760,http://www.ufc.com/fighter/James-Terry,Not Fighting,3,3,unlinked_with_official_fight_history
63d9a31c-0270-4480-ada8-2ed415a1766b,Mike Penalber,,872,http://www.ufc.com/fighter/Mike-Penalber,Released,0,0,profile_only_legacy_identity
63edc008-f0b3-4794-9478-ae984bb7a4fa,Murad Chunkaiev,695,,,Not Fighting,0,0,profile_only_unlinked_with_fightmetric_id
6401bf43-19ce-40a5-91b7-8e31eeb851a5,Herdem Alacabek,3387,,,Active,0,0,profile_only_unlinked_with_fightmetric_id
6415ddb2-c85c-4d76-bb02-410cc2e47388,Brett Tillis,1342,,,Not Fighting,0,0,profile_only_unlinked_with_fightmetric_id
64498c34-51ec-4f1a-9ccb-fc995f442558,Teila Tuli,109,126,http://www.ufc.com/fighter/Teila-Tuli,Not Fighting,1,1,unlinked_with_official_fight_history
64863861-dc80-4b2a-a3db-b4c4103bad39,Damonte Robinson,3533,,,Active,0,0,profile_only_unlinked_with_fightmetric_id
64d3fcd4-c24f-4e3a-9550-32d13f44da73,Masakazu Imanari,740,,,Not Fighting,0,0,profile_only_unlinked_with_fightmetric_id
651a082a-c95c-4fc3-a342-f79d39ee2a5a,Sebastian Szalay,4336,,,,3,3,unlinked_with_official_fight_history
651eaa28-b175-4693-87ca-4edf249f6f95,Raul Sandoval,1787,,,Not Fighting,0,0,profile_only_unlinked_with_fightmetric_id
653f6d74-647f-4b19-9532-5aac5fa0a759,Johil de Oliveira,698,,,Not Fighting,0,0,profile_only_unlinked_with_fightmetric_id
6591fc01-b488-443e-8ab7-f002be592a42,Lionel Lanham,1836,242415,http://www.ufc.com/fighter/Lionel-Lanham,Not Fighting,0,0,profile_only_unlinked_with_fightmetric_id
65a659fc-f2ac-4a41-bca4-26af08312a2c,Philip Perez,1225,423,http://www.ufc.com/fighter/Philip-Perez,Not Fighting,0,0,profile_only_unlinked_with_fightmetric_id
65dbc69a-ebd0-4776-96d8-4fd472d2c65b,Dakota Weigher,,,,Active,0,0,profile_only_unlinked_no_stable_fight_bridge
6601e808-8b01-403a-b773-39a126c62165,Kyle York,,870,http://www.ufc.com/fighter/Kyle-York,Released,0,0,profile_only_legacy_identity
662e416f-273a-4751-8ab9-aa2a02e9cff6,Andre Galvao,934,,,Not Fighting,0,0,profile_only_unlinked_with_fightmetric_id
668beeb2-532c-42a5-8657-b28690019ea8,Cody Canterbury,1369,,,Not Fighting,0,0,profile_only_unlinked_with_fightmetric_id
6699cbd0-5c77-4718-b7c7-db34c085f8ee,Teddy Ash,3407,,,Not Fighting,0,0,profile_only_unlinked_with_fightmetric_id
66b9d644-9556-4438-abc9-1db67ebcc752,Richie Santiago,3312,,,Not Fighting,0,0,profile_only_unlinked_with_fightmetric_id
66cb1d83-4cdd-48b6-bae2-aa903f1bcf36,Gigo Jara,,888,http://www.ufc.com/fighter/Gigo-Jara,Released,0,0,profile_only_legacy_identity
670b6ff5-f685-4f75-9e4c-decc58627749,Steve Byrnes,641,1083,http://www.ufc.com/fighter/Steve-Byrnes,Not Fighting,1,1,unlinked_with_official_fight_history
677f613d-2dcf-4bce-b098-c956cbb58f22,Alberto Pereira,2766,586048,http://www.ufc.com/fighter/alberto-uda,Not Fighting,2,2,unlinked_with_official_fight_history
679218bb-175a-4d47-a695-39cd43433bf4,Callan Potter,3244,,,Not Fighting,4,4,unlinked_with_official_fight_history
67bc82b7-2ea9-4624-8478-cef5327e45f6,Matt Horning,1726,,,Not Fighting,0,0,profile_only_unlinked_with_fightmetric_id
67e1bda0-b7ad-4062-8954-40321338c7b0,Craig Zellner,1120,476,http://www.ufc.com/fighter/Craig-Zellner,Not Fighting,0,0,profile_only_unlinked_with_fightmetric_id
67fe3c60-1752-416e-955e-b12007b4e0bc,Kazuhiro Hamanaka,730,,,Not Fighting,0,0,profile_only_unlinked_with_fightmetric_id
68b080d1-eaeb-46b4-b4cd-c071d36eff46,Charles Lewis,,1201,http://www.ufc.com/fighter/Charles-Lewis,Not Fighting,0,0,profile_only_legacy_identity
68b32ef8-aa29-4a5a-9eeb-fdfc35a7694d,Miguel Angel Torres,957,540,http://www.ufc.com/fighter/Miguel-Angel-Torres,Not Fighting,4,4,unlinked_with_official_fight_history
68b5c33f-ccda-4d21-9bfe-7a377cc084a1,Rickson Gracie,726,,,Not Fighting,0,0,profile_only_unlinked_with_fightmetric_id
68be170c-1ab2-477e-9401-f4515192c583,Bilyal Makhov,,,,Retired,0,0,profile_only_unlinked_no_stable_fight_bridge
68d73f9c-c7c7-47dd-8b14-14083bda69fe,Don Rugebreght,,623,http://www.ufc.com/fighter/Don-Rugebreght,Released,0,0,profile_only_legacy_identity
68e6d05c-c516-46cb-80fd-e65c716a5436,Ben Holscher,1368,,,Not Fighting,0,0,profile_only_unlinked_with_fightmetric_id
691416d7-4eb5-49f4-8f23-12cac3327a0c,Mario Sperry,838,,,Not Fighting,0,0,profile_only_unlinked_with_fightmetric_id
69356c78-ae6d-4423-a88c-5f3151a2a689,Zachary Reese,4012,,,Active,9,9,unlinked_with_official_fight_history
6981578c-e4ba-4077-8615-a650e9728c90,Jung Hyun Lee,3975,,,Active,1,1,unlinked_with_official_fight_history
699a5fff-8390-44dc-b065-1fd5a63e91b2,Armando Villarreal,3330,,,Not Fighting,0,0,profile_only_unlinked_with_fightmetric_id
69a8aa0e-a134-4394-a30c-1aeaf62151db,Chad Sutton,1373,,,Not Fighting,0,0,profile_only_unlinked_with_fightmetric_id
69dcb693-e350-445c-bc42-54d115fc32bd,Jeremy Boczulak,1741,,,Not Fighting,0,0,profile_only_unlinked_with_fightmetric_id
69f0d632-af4f-4b52-807b-09521d2f5ce3,Hunter Worsham,1503,,,Not Fighting,0,0,profile_only_unlinked_with_fightmetric_id
6a0915e7-06c8-4833-882d-aea922718ecc,Igor Gracie,1758,,,Not Fighting,0,0,profile_only_unlinked_with_fightmetric_id
6a196d78-fd4f-4a68-a607-baf54542843b,Nick Gibbons,1411,,,Not Fighting,0,0,profile_only_unlinked_with_fightmetric_id
6a24b184-0cec-4380-8def-e43522d78314,John Salgado,1759,,,Not Fighting,0,0,profile_only_unlinked_with_fightmetric_id
6a394197-8bde-49cd-8dbf-7f383c147932,Jose Palacios,1254,,,Not Fighting,0,0,profile_only_unlinked_with_fightmetric_id
6a554cfa-0d94-4c1c-a5dd-b7e8ddcd39d3,Eun Soo Lee,763,,,Not Fighting,0,0,profile_only_unlinked_with_fightmetric_id
6a782469-f222-4b0a-9820-f02c874d94f1,Rheza Arianto,3994,,,Active,0,0,profile_only_unlinked_with_fightmetric_id
6a967c4d-f460-426a-9cf8-ae725b351e9e,Jorge Oliveira,1687,847,http://www.ufc.com/fighter/Jorge-Oliveira,Not Fighting,0,0,profile_only_unlinked_with_fightmetric_id
6aa06a6f-8f22-4f96-a672-edc1ecbe27dd,Cris Cyborg,1194,241895,http://www.ufc.com/fighter/Cris-Cyborg,Not Fighting,8,8,unlinked_with_official_fight_history
6ac98dcd-5b90-4b37-a846-4797b1260c68,Mike Joy,1131,472,http://www.ufc.com/fighter/Mike-Joy,Not Fighting,0,0,profile_only_unlinked_with_fightmetric_id
6afbd254-009e-4d49-b368-0cbcc3ce4437,Nick Newell,3131,659711,http://www.ufc.com/fighter/Nick-Newell,Active,0,0,profile_only_unlinked_with_fightmetric_id
6b5849dc-42cc-45d8-99a0-5fd884355b64,Craig Jones,4052,,,Active,1,1,unlinked_with_official_fight_history
6b66be92-b29d-4a74-9c24-347650d7fdf2,Juan Alcain,1244,,,Not Fighting,0,0,profile_only_unlinked_with_fightmetric_id
6b6d1a34-2576-4c30-b690-9237e7b79baa,Dwight Joseph,3385,,,Not Fighting,0,0,profile_only_unlinked_with_fightmetric_id
6b7b1bbf-d346-470b-ac72-e1021e6996f1,Sergio Serginho,,267101,http://www.ufc.com/fighter/Sergio-Moraes,Active,0,0,profile_only_legacy_identity
6bb1dc1a-3d5e-4a3c-893a-295c96bd890c,Koyomi Matsushima,3805,,,Not Fighting,2,2,unlinked_with_official_fight_history
6bc9d27e-f3d5-4893-9dc7-4f9077af093f,Alan Gomez,1339,,,Not Fighting,0,0,profile_only_unlinked_with_fightmetric_id
6be4f122-7b13-473c-a9d2-82e48d5d8e72,Courtney Buck,1172,1194,http://www.ufc.com/fighter/Courtney-Buck,Not Fighting,1,1,unlinked_with_official_fight_history
6c258580-25c5-4e48-8ca8-61df6bc2b8be,Kestutis Smirnovas,837,,,Not Fighting,0,0,profile_only_unlinked_with_fightmetric_id
6c27a339-2ed2-497d-8f3f-490c7ed338fd,Justin Pennington,1505,,,Not Fighting,0,0,profile_only_unlinked_with_fightmetric_id
6c2dff7b-2d96-4110-8baf-7374e61d0cf7,Jhonata Silva,4045,,,Active,0,0,profile_only_unlinked_with_fightmetric_id
6c483c1b-496c-40dc-8add-511ff1811b1d,Christian Uflacker,1423,,,Not Fighting,0,0,profile_only_unlinked_with_fightmetric_id
6c53fd38-7a1b-49f8-958d-93364f03af66,Josh Schockman,422,1077,http://www.ufc.com/fighter/Josh-Schockman,Not Fighting,1,1,unlinked_with_official_fight_history
6c59250a-02d2-4050-9c8c-945c5b05abdf,Royston Wee,2147,463243,http://www.ufc.com/fighter/Royston-Wee,Not Fighting,3,3,unlinked_with_official_fight_history
6c6fcc06-355b-46c3-ad26-3f6b1fe825f9,Mike Davis,3135,659579,http://www.ufc.com/fighter/Mike-Davis,Active,9,9,unlinked_with_official_fight_history
6c906217-365d-4cf6-a5c9-1c67fd1e646e,Jordan Jackson,,,,Active,0,0,profile_only_unlinked_no_stable_fight_bridge
6cdda471-970d-4226-97f2-5f1f96a38623,Casey Kenney,,,,Not Fighting,0,0,profile_only_unlinked_no_stable_fight_bridge
6cf72f19-7e6e-47c1-af6c-092c31be64ab,Alejandro Flores,3519,,,Not Fighting,0,0,profile_only_unlinked_with_fightmetric_id
6d4f3780-f31e-4b7e-8938-8cf52fb163fb,Salahdine Parnasse,4624,,,Active,1,1,unlinked_with_official_fight_history
6d74d2d1-ef17-4cde-acbf-39235e1e9773,Gilbert Smith,2068,307094,http://www.ufc.com/fighter/Gilbert-Smith,Not Fighting,1,1,unlinked_with_official_fight_history
6d8403a8-e783-4904-8b49-83a40fa9d562,LC Davis,1053,1089,http://www.ufc.com/fighter/LC-Davis,Not Fighting,0,0,profile_only_unlinked_with_fightmetric_id
6d873114-853c-47d1-a081-fb3eb7438056,Dinis Paiva,3589,,,Active,0,0,profile_only_unlinked_with_fightmetric_id
6d954f33-9c79-48de-8787-719d2131a9b2,Branko Cikatic,696,,,Not Fighting,0,0,profile_only_unlinked_with_fightmetric_id
6d9bb1b0-11c3-4258-b829-cb9655cb4806,Jollyson Francino,,477646,http://www.ufc.com/fighter/jollyson-francino,Active,0,0,profile_only_legacy_identity
6da0eb02-1649-4860-9a05-72443b1ce5d5,Eduardo Pamplona,1809,242530,http://www.ufc.com/fighter/Eduardo-Pamplona,Not Fighting,0,0,profile_only_unlinked_with_fightmetric_id
6dc47f79-8fb3-4e37-a52a-096376a1fc72,Yuki Sasaki,633,780,http://www.ufc.com/fighter/Yuki-Sasaki,Not Fighting,1,1,unlinked_with_official_fight_history
6dc97d2a-ce11-41b7-86a5-323b0c9662d1,Jeremiah Metcalf,1231,,,Not Fighting,0,0,profile_only_unlinked_with_fightmetric_id
6dd67a1e-2b2b-443e-bd52-a4ee79c0acc4,Caio Bittencourt,3657,,,Not Fighting,0,0,profile_only_unlinked_with_fightmetric_id
6df742b7-95ec-4ef1-bbd1-366a7a569b13,Joseph Kropschot,4580,,,Active,0,0,profile_only_unlinked_with_fightmetric_id
6e13886e-3763-45d1-aa4f-4431ac83f098,Mike Dolce,266,,,Not Fighting,0,0,profile_only_unlinked_with_fightmetric_id
6e62482c-d080-4f4d-b3f6-7e0b37071fe1,Wagner da Conceicao Martins,775,,,Not Fighting,0,0,profile_only_unlinked_with_fightmetric_id
6e6e2df0-783f-4c17-887f-2eef4027a5a3,Jared Rollins,292,556,http://www.ufc.com/fighter/Jared-Rollins,Not Fighting,3,3,unlinked_with_official_fight_history
6ed58005-900d-404f-9cdf-36baa1b3b8fa,Niushiyue Ji,3977,,,,5,5,unlinked_with_official_fight_history
6ef6bc31-a4dd-4529-830f-defa2930bd89,Gugun Gusman,3810,,,Not Fighting,1,1,unlinked_with_official_fight_history
6f2e325a-5698-41b5-8298-2770973004cf,Andrew Martinez,,852,http://www.ufc.com/fighter/Andrew-Martinez,Released,0,0,profile_only_legacy_identity
6f35d193-ef4d-48cb-a7fa-0b3f8d65c99c,Shingo Kohara,1360,,,Not Fighting,0,0,profile_only_unlinked_with_fightmetric_id
6f4ee963-973c-4429-acc8-9e75a7a75a63,Marcio Alexandre,2248,477645,http://www.ufc.com/fighter/marcio-alexandre,Active,0,0,profile_only_unlinked_with_fightmetric_id
6f59f1f4-4d38-4431-bc03-0936b7587b85,Patricia Alujas,4040,,,Active,0,0,profile_only_unlinked_with_fightmetric_id
6fd8bd4b-8381-4ce6-ac4e-ad44067aaf77,Jeff Joslin,236,1080,http://www.ufc.com/fighter/Jeff-Joslin,Not Fighting,1,1,unlinked_with_official_fight_history
6fdac6a2-d210-4339-a9a8-12fb1de380ac,AJ Fonseca,1458,,,Not Fighting,0,0,profile_only_unlinked_with_fightmetric_id
70379e3d-421b-45e1-84f7-692504b22871,Matt Ricehouse,1521,242567,http://www.ufc.com/fighter/Matt-Ricehouse,Not Fighting,1,1,unlinked_with_official_fight_history
70380dbd-4788-4a41-98a6-e08db275c569,Ramazan Kuramagomedov,3347,,,Not Fighting,1,1,unlinked_with_official_fight_history
70433bdf-3a0e-41f3-b6d3-9ea6ba64daf8,Angel De Anda,2934,632734,http://www.ufc.com/fighter/Angel-De-Anda,Not Fighting,1,1,unlinked_with_official_fight_history
70619a17-bd56-4502-9b7b-ac760a54a7d6,Makoto Takimoto,847,,,Not Fighting,0,0,profile_only_unlinked_with_fightmetric_id
7066ad3d-f9b5-4508-b714-ca04655840ea,TBD,,1135,http://www.ufc.com/fighter/TBA-TBA,Active,2,1,unlinked_with_official_fight_history
70803909-d16d-4a36-9552-c0721a0008dc,Estefani Almeida,3164,662439,http://www.ufc.com/fighter/Estefani-Almeida,Active,0,0,profile_only_unlinked_with_fightmetric_id
708ddfb4-e515-4ed8-bb81-7b7690a81b74,Crosley Gracie,722,,,Not Fighting,0,0,profile_only_unlinked_with_fightmetric_id
70c44a2b-00d6-4b16-8385-382089d011a3,Joey Armstrong,1295,,,Not Fighting,0,0,profile_only_unlinked_with_fightmetric_id
70fd90bd-6700-405f-a537-9b0bee2af1d7,Angelo Trevino,3120,659408,http://www.ufc.com/fighter/Angelo-Trevino,Not Fighting,0,0,profile_only_unlinked_with_fightmetric_id
7121e024-7616-4215-9b1e-d88c27dbd1e2,Yazan Hajeh,3098,656787,http://www.ufc.com/fighter/Yazan-Hajeh,Active,0,0,profile_only_unlinked_with_fightmetric_id
71789558-3b2c-406c-aba0-c40a0bdde826,Rolando Perez,1089,1015,http://www.ufc.com/fighter/Rolando-Perez,Not Fighting,0,0,profile_only_unlinked_with_fightmetric_id
71856e45-2e03-4cd4-b73b-f93351dab57d,Lalo Moz,,401,http://www.ufc.com/fighter/Lalo-Moz,Released,0,0,profile_only_legacy_identity
718b82b4-b321-43c9-aca0-905ca60bb70d,Paul  Bradley,,206076,http://www.ufc.com/fighter/Paul-Bradley,Released,0,0,profile_only_legacy_identity
71a3f8e7-cde8-49c4-ad2f-03728f7815b1,Rafael Rios,1785,,,Not Fighting,0,0,profile_only_unlinked_with_fightmetric_id
71a4e6db-ed35-4d49-820b-6bc93ec05d4d,Zach Scroggin,4310,,,Not Fighting,1,1,unlinked_with_official_fight_history
71a7c43a-f08c-4ea9-841e-10f519575459,Leonardo Damiani,3670,,,Active,0,0,profile_only_unlinked_with_fightmetric_id
71c56d67-7936-4431-acce-343176185311,Dominic Brown,1441,,,Not Fighting,0,0,profile_only_unlinked_with_fightmetric_id
71c9d675-49ee-42a0-b39a-3a5d694ef1d4,Clint Godfrey,1182,1200,http://www.ufc.com/fighter/Clint-Godfrey,Not Fighting,0,0,profile_only_unlinked_with_fightmetric_id
71e0ffa8-d292-41ac-b89a-5b904e9c0fcc,Jason Von Flue,243,732,http://www.ufc.com/fighter/Jason-Von-Flue,Not Fighting,3,3,unlinked_with_official_fight_history
71e5a3ee-dee8-47ae-8771-02c669da7440,Rudy Bears,1456,,,Not Fighting,0,0,profile_only_unlinked_with_fightmetric_id
722e2675-1592-46f6-ade2-cb3daad47fd4,Takashi Sugiura,841,,,Not Fighting,0,0,profile_only_unlinked_with_fightmetric_id
723fe652-8be9-4f48-b77c-6b1b5aa5d80d,Wes Shivers,1697,1114,http://www.ufc.com/fighter/Wes-Shivers,Not Fighting,0,0,profile_only_unlinked_with_fightmetric_id
7267c21b-cffb-4a59-bccf-82018bb6ecfa,Brian Schwartz,1283,,,Not Fighting,0,0,profile_only_unlinked_with_fightmetric_id
7275b150-c0da-4385-a091-becee4c6d302,Tommy Speer,528,454,http://www.ufc.com/fighter/Tommy-Speer,Not Fighting,5,5,unlinked_with_official_fight_history
72786c21-4781-431c-b4e5-2e2c3c0c648a,Jameel Massouh,1072,1037,http://www.ufc.com/fighter/Jameel-Massouh,Not Fighting,1,1,unlinked_with_official_fight_history
729f28fc-d0be-4573-94de-9a41831ed2fb,Raven Seymon,,695,http://www.ufc.com/fighter/Raven-Seymon,Released,0,0,profile_only_legacy_identity
72a321c2-14cb-406d-8ea5-0b9456a5db67,Lanchana Green,,587582,http://www.ufc.com/fighter/lanchana-green,Active,0,0,profile_only_legacy_identity
72fc1133-d059-4a74-b5a3-60a8a6cfde8c,Coltin Cole,,,,Active,2,2,unlinked_with_official_fight_history
730070d2-0343-43da-ac4a-9461f3511f55,Carlos Zevallos,1348,,,Not Fighting,0,0,profile_only_unlinked_with_fightmetric_id
7319af44-e57d-42e7-bdaf-9cf449c4ca8d,Houston Dorr,6,195,http://www.ufc.com/fighter/Houston-Dorr,Not Fighting,1,1,unlinked_with_official_fight_history
732f206c-1e23-408c-a6a1-827c4348a8c4,Mando Gutierrez,3929,,,Active,0,0,profile_only_unlinked_with_fightmetric_id
7331d411-d9b8-437f-8971-0863fac5b6b0,Chelsea Hackett,3551,,,Active,0,0,profile_only_unlinked_with_fightmetric_id
7385ef39-7165-47e2-94c2-e5d7cb11d1bc,Tait Fletcher,,853,http://www.ufc.com/fighter/Tait-Fletcher,Released,0,0,profile_only_legacy_identity
738b6a7a-c68a-4c69-8400-202d4ea2927f,Keichiro Yamamiya,165,239,http://www.ufc.com/fighter/Keichiro-Yamamiya,Not Fighting,1,1,unlinked_with_official_fight_history
739f9295-5ced-4e0e-8e19-d149e7c81700,Liliya Shakirova,3608,,,Not Fighting,1,1,unlinked_with_official_fight_history
73c59380-1732-4661-aca1-2508dd55c5c8,Leonardo Augusto Leleco,2733,573986,http://www.ufc.com/fighter/Leonardo-Augusto-Guimaraes,Not Fighting,2,2,unlinked_with_official_fight_history
74205c71-6451-46ba-a687-ad18f37cac77,Pedro Campos,,526241,http://www.ufc.com/fighter/tuf-brasil4-pedro-souza-campos,Active,0,0,profile_only_legacy_identity
7432c1c4-9844-4ea7-97fc-fad21b90b4f8,Marilia Santos,3383,,,Active,0,0,profile_only_unlinked_with_fightmetric_id
74aa987f-fcf0-4ac6-b3a2-851949ba8159,Marcos Conrado Jr.,,662437,http://www.ufc.com/fighter/Marcos-Conrado-Jr,Active,0,0,profile_only_legacy_identity
74b5d8a1-7846-4ed6-baf5-3bd41ffe92c5,Justin DeMoney,1516,,,Not Fighting,0,0,profile_only_unlinked_with_fightmetric_id
74bd9097-c842-4979-97e7-5552582cf9ef,Li Kaiwen,3992,,,Active,4,4,unlinked_with_official_fight_history
74cefa03-757f-4271-9de8-3e4e76bd04ed,Carrington Banks,,530264,http://www.ufc.com/fighter/carrington-banks,Active,0,0,profile_only_legacy_identity
74ea4175-0169-4776-9a00-599e2a8572d7,Test Fighter,,,,Retired,0,0,profile_only_unlinked_no_stable_fight_bridge
74fdb447-b1db-48c8-803d-b45221fd94b1,Seichi Ikemoto,737,,,Not Fighting,0,0,profile_only_unlinked_with_fightmetric_id
75661300-2faf-432e-9c03-296ee7563e60,Frank Megallon,1227,,,Not Fighting,0,0,profile_only_unlinked_with_fightmetric_id
757dc2ff-c554-4e95-a6bd-8edebb47d4d8,Victor Parfenov,,707,http://www.ufc.com/fighter/Victor-Parfenov,Released,0,0,profile_only_legacy_identity
758753c1-124b-4136-a72c-6c096fac9fcf,Wendell Oliveira,2319,497780,http://www.ufc.com/fighter/wendell-oliveira,Not Fighting,2,2,unlinked_with_official_fight_history
758a03c5-4d4d-4382-ba1a-6b8a9d8b19a4,Rodrigo Lidio,3865,,,Active,0,0,profile_only_unlinked_with_fightmetric_id
75a21c2e-c355-4bdd-8243-34f5ea486f54,Brad Mohler,,660,http://www.ufc.com/fighter/Brad-Mohler,Released,0,0,profile_only_legacy_identity
75cd9f04-3265-4d69-a6b6-25db8a60ac8b,Michael Byrnes,1474,,,Not Fighting,0,0,profile_only_unlinked_with_fightmetric_id
75da7b89-5c42-4ef6-9842-e04a87b8f49e,Egidijus Valavicius,853,,,Not Fighting,0,0,profile_only_unlinked_with_fightmetric_id
75f36b9d-e065-4ee7-8ae2-e3b7fd2a1009,Julius Anglickas,3394,,,Active,0,0,profile_only_unlinked_with_fightmetric_id
76027d84-5fcc-4f7f-9bc3-6f1d906bdc28,Alexander Otsuka,807,,,Not Fighting,0,0,profile_only_unlinked_with_fightmetric_id
760f965f-d317-425f-991e-4844cdb3b414,Brian McLaughlin,1848,,,Not Fighting,0,0,profile_only_unlinked_with_fightmetric_id
7659096c-d572-44a0-a667-a949b6cf799a,Takeru Uchida,3800,,,Not Fighting,3,3,unlinked_with_official_fight_history
76897e73-77b2-4e78-8f86-3210e4ef4796,Antwain Britt,1459,242032,http://www.ufc.com/fighter/Antwain-Britt,Not Fighting,0,0,profile_only_unlinked_with_fightmetric_id
769b4561-6f76-4e7b-84a9-b36a405ef821,Rulon Gardner,719,,,Not Fighting,0,0,profile_only_unlinked_with_fightmetric_id
76a46bea-9b35-4cfa-9be3-a8aecdbc96d4,Kyle Noblitt,3570,,,Active,0,0,profile_only_unlinked_with_fightmetric_id
76a679ba-deea-418a-bdc7-def9d6444fb2,Josh Thornburg,1771,,,Not Fighting,0,0,profile_only_unlinked_with_fightmetric_id
76bf5874-e92d-4e1b-ab54-623a3d1d6536,Aleksander Emelianenko,704,,,Not Fighting,0,0,profile_only_unlinked_with_fightmetric_id
773d7344-533b-43c1-b82d-3409677f6004,Isais Martinez,,434,http://www.ufc.com/fighter/Isais-Martinez,Released,0,0,profile_only_legacy_identity
77490ec9-62e6-481d-b244-bcfc5bc672b2,Paul Georgieff,567,551,http://www.ufc.com/fighter/Paul-Georgieff,Not Fighting,3,3,unlinked_with_official_fight_history
775c05ee-0fa3-4068-82c6-0f85d9f3286c,Ezra Elliot,4618,,,Active,1,1,unlinked_with_official_fight_history
7766c448-62f3-4ac1-98cd-c66b20bf61e4,Chin Seng,,907,http://www.ufc.com/fighter/Chin-Seng,Released,0,0,profile_only_legacy_identity
778d85d9-b006-413c-b6fd-900cd9c51bce,Carlos Garcia,,679,http://www.ufc.com/fighter/Carlos-Garcia,Released,0,0,profile_only_legacy_identity
77d2978d-f9f4-4cf1-9246-002e217307b9,Wallen De Rosario,,,,,0,0,profile_only_unlinked_no_stable_fight_bridge
78230972-1c4a-4f3b-a2db-5eb91814dfed,Tim Dominquez,,427,http://www.ufc.com/fighter/Tim-Dominquez,Released,0,0,profile_only_legacy_identity
783752b2-1019-42df-80b0-e96c1c2c7faa,Luiz Firmino,712,530258,http://www.ufc.com/fighter/luiz-firmino,Not Fighting,0,0,profile_only_unlinked_with_fightmetric_id
784e824e-a75e-418e-bcd7-a0ee7537c93f,Donny  Walker,,182121,http://www.ufc.com/fighter/Donny-Walker,Released,0,0,profile_only_legacy_identity
7852a56c-2504-4681-acc3-f9960eecc52f,Mitchell Sipe,3142,660480,http://www.ufc.com/fighter/Mitchell-Sipe,Active,0,0,profile_only_unlinked_with_fightmetric_id
7898d1ff-c2d1-4345-a0be-c602070f964a,Lu Zhengyong,4032,,,Active,0,0,profile_only_unlinked_with_fightmetric_id
78b92533-6ff1-4fc5-a602-555a3d84c89c,Stephanie Frausto,3582,,,Active,0,0,profile_only_unlinked_with_fightmetric_id
78bc11c1-c4ee-49a1-84de-0c9065b7621b,Sherron Leggett,1117,488,http://www.ufc.com/fighter/Sherron-Leggett,Not Fighting,0,0,profile_only_unlinked_with_fightmetric_id
78f76ea2-5b88-4685-812f-af7c4544e41b,Mike Seal,1221,,,Not Fighting,0,0,profile_only_unlinked_with_fightmetric_id
7911f02f-b287-4d7d-b3df-ef8af1b87a6f,Daniel Acacio,671,,,Not Fighting,0,0,profile_only_unlinked_with_fightmetric_id
791dfcca-0648-4d4f-b312-d59a6e6de5e2,Lucrezia Ria,3384,,,Not Fighting,0,0,profile_only_unlinked_with_fightmetric_id
796f73ba-1510-4e5f-8a4a-407de03780fd,Eli Aronov,4009,,,Active,0,0,profile_only_unlinked_with_fightmetric_id
797c2d3c-13c9-4a86-bf10-062284d040d9,Igor Vovchanchyn,858,,,Not Fighting,0,0,profile_only_unlinked_with_fightmetric_id
799cb6f4-a353-4331-a9e5-9f5fb1ebee2b,Greg McIntyre,1097,938,http://www.ufc.com/fighter/Greg-McIntyre,Not Fighting,0,0,profile_only_unlinked_with_fightmetric_id
799cc36d-4caf-4da1-904d-91e619e06218,Spike Carlyle,3443,,,Not Fighting,3,3,unlinked_with_official_fight_history
79a7f7f0-4c96-4b66-b07b-48b5a5f2b94b,Lucasz Sudolski,,,,,0,0,profile_only_unlinked_no_stable_fight_bridge
79ca120c-3475-46f7-88de-487a8e9c455b,Dashawn Boatwright,3087,654941,http://www.ufc.com/fighter/Dashawn-Boatwright,Active,0,0,profile_only_unlinked_with_fightmetric_id
79ec83e1-dab3-46d3-80e3-94d014c701c0,Jose Miguel Delgado,4276,,,Active,5,5,unlinked_with_official_fight_history
79fc7003-2d10-47f1-8b4f-ad20c79183e5,Martin Sano,3739,,,Not Fighting,1,1,unlinked_with_official_fight_history
7a11b691-de1e-4d2e-a8a9-6c25063545c8,Taylor Johnson,3380,,,Not Fighting,0,0,profile_only_unlinked_with_fightmetric_id
7a360231-4f4d-4866-b321-f4fcc1fdf773,Bruno Assis,3163,662435,http://www.ufc.com/fighter/Bruno-Assis,Not Fighting,0,0,profile_only_unlinked_with_fightmetric_id
7a6a7968-55ff-471d-8d89-145d1aa89675,Jan Nortje,798,,,Not Fighting,0,0,profile_only_unlinked_with_fightmetric_id
7a7d5227-f9f1-4f98-bd9b-03162ee8cd28,Yasuhito Namekawa,792,,,Not Fighting,0,0,profile_only_unlinked_with_fightmetric_id
7a9c8089-d625-459c-915c-375fc556aa74,Rafael Rebello,1037,1022,http://www.ufc.com/fighter/Rafael-Rebello,Not Fighting,0,0,profile_only_unlinked_with_fightmetric_id
7abecf02-0850-4a0c-932c-b85e80b6e230,Luke Hartwig,1289,,,Not Fighting,0,0,profile_only_unlinked_with_fightmetric_id
7b2b378b-2951-4c2b-9e28-d5189f6ea883,Chance Farrar,1108,474,http://www.ufc.com/fighter/Chance-Farrar,Not Fighting,0,0,profile_only_unlinked_with_fightmetric_id
7b4befc8-48da-4d46-9c9f-b7bcb73d56f2,Willian Souza,3875,,,Active,0,0,profile_only_unlinked_with_fightmetric_id
7b655591-2316-4691-9561-79695e1cdcb6,Ryuichi Murata,788,,,Not Fighting,0,0,profile_only_unlinked_with_fightmetric_id
7b6e92bc-9d79-4b40-9cf8-8c061baa8da4,Justin Martin,593,222,http://www.ufc.com/fighter/Justin-Martin,Released,2,2,unlinked_with_official_fight_history
7b9261cc-ac70-4500-bd66-e6cf30e2ec14,David Barrios,1239,,,Not Fighting,0,0,profile_only_unlinked_with_fightmetric_id
7bcc5cae-02f2-4409-b9ad-720d7446e0bb,Travis Doerge,,520,http://www.ufc.com/fighter/Travis-Doerge,Released,0,0,profile_only_legacy_identity
7bed0f6b-3bed-4054-87cb-7fc505c61057,Mike Bronzoulis,1822,242034,http://www.ufc.com/fighter/Mike-Bronzoulis,Not Fighting,0,0,profile_only_unlinked_with_fightmetric_id
7c22e14f-8b14-417c-839e-3ebf98f0afea,Eddie Mendez,1920,294449,http://www.ufc.com/fighter/Eddie-Mendez,Not Fighting,1,1,unlinked_with_official_fight_history
7cc5f6cd-6fe2-4db0-bd62-ecdbf2c17fe8,Kyosuke Sasaki,826,,,Not Fighting,0,0,profile_only_unlinked_with_fightmetric_id
7cce15ad-278a-4d22-8454-dceb0b00d95e,Eduardo Neves,3842,,,Active,0,0,profile_only_unlinked_with_fightmetric_id
7cdcf8dd-3e0b-440c-aff6-72d1b8e8730b,Juan Mott,785,,,Not Fighting,0,0,profile_only_unlinked_with_fightmetric_id
7d6f5844-abc3-41b2-86af-146ba9515beb,Bob Sapp,825,,,Not Fighting,0,0,profile_only_unlinked_with_fightmetric_id
7d76895c-832e-4d35-baeb-81ae92b609d5,Edilberto Crocota,494,362,http://www.ufc.com/fighter/Edilberto-Crocota,Not Fighting,4,4,unlinked_with_official_fight_history
7d8b9efa-c1d6-4e4e-a8dd-4ad8a7d24448,Shannon Ritch,819,516,http://www.ufc.com/fighter/Shannon-Ritch,Not Fighting,0,0,profile_only_unlinked_with_fightmetric_id
7da13446-eb59-43cf-ad3e-f6e71f0e6777,Kenneth Alexander,1098,541,http://www.ufc.com/fighter/Kenneth-Alexander,Not Fighting,0,0,profile_only_unlinked_with_fightmetric_id
7da7cd33-61bf-4da5-9dd0-0a1fa67ead4e,Erick Carlos da Silva,,526258,http://www.ufc.com/fighter/tuf-brasil4-erick-carlos,Active,0,0,profile_only_legacy_identity
7e770385-49b4-42e5-93c9-778a086ea14b,Booker DeRousse,1388,,,Not Fighting,0,0,profile_only_unlinked_with_fightmetric_id
7e980399-9ba1-4182-b1a7-8cefc52c275a,Krishaun Gilmore,1739,,,Not Fighting,0,0,profile_only_unlinked_with_fightmetric_id
7eef732a-3104-45cf-a043-ab4688a89afa,Cody Belisle,,,,Active,1,1,unlinked_with_official_fight_history
7ef1a4f4-2fd6-49ff-8f15-9e9c7d3ad8fb,Lara Procopio,3374,,,Not Fighting,3,3,unlinked_with_official_fight_history
7ef3fec0-46c3-482c-b15a-2594341cf9c1,Ricardo Arona,678,,,Not Fighting,0,0,profile_only_unlinked_with_fightmetric_id
7f0aedd4-0a47-49a1-817d-d85891fcf176,Maka Watson,1841,,,Not Fighting,0,0,profile_only_unlinked_with_fightmetric_id
7f1ccb60-155a-46a0-b9bc-c8caad9097fe,Ricardo Prasel,3336,,,Active,0,0,profile_only_unlinked_with_fightmetric_id
7f30eb6e-e053-46d7-a42e-4d90ab24c311,Buck Meredith,1364,,,Not Fighting,0,0,profile_only_unlinked_with_fightmetric_id
7f898a8e-aeac-45d9-9dbf-bb9c4a255bbc,Heather Jo Clark,2347,501696,http://www.ufc.com/fighter/Heather-Clark,Not Fighting,3,3,unlinked_with_official_fight_history
7f98ba06-0639-4ffe-a624-4ff01bb928b5,Bryson Kamaka,1281,,,Not Fighting,0,0,profile_only_unlinked_with_fightmetric_id
7fcb7229-58e7-4fea-ac55-e461ad228a9c,Dan Manasoiu,4054,,,Active,1,1,unlinked_with_official_fight_history
8014bc2c-b397-4cb3-ad45-1e1aaa0f13ca,Kyle Reyes,3571,,,Active,0,0,profile_only_unlinked_with_fightmetric_id
80525939-bb24-44ab-b7af-83cf7a5f3a18,Chris Hawk,1498,,,Not Fighting,0,0,profile_only_unlinked_with_fightmetric_id
8063aebc-fcf0-4f02-8104-11fca01ff429,Josh Pulsifer,1407,,,Not Fighting,0,0,profile_only_unlinked_with_fightmetric_id
8068fe06-5700-4254-ac58-7eb976445bfd,Hussain Rasouli,1326,,,Not Fighting,0,0,profile_only_unlinked_with_fightmetric_id
808cf816-8939-4ba0-8555-0f1f2537465d,Demico Rogers,,1111,http://www.ufc.com/fighter/Demico-Rogers,Released,0,0,profile_only_legacy_identity
80e59df1-5264-4fb8-a875-a76b24190e14,Kenneth Bergh,3320,,,Not Fighting,0,0,profile_only_unlinked_with_fightmetric_id
812b5fc5-37a0-47ed-9f16-0e591da49602,Colley Bradford,,881,http://www.ufc.com/fighter/Colley-Bradford,Released,0,0,profile_only_legacy_identity
8131dbc3-78b5-4497-ab8d-c28801030f58,Brendan Seguin,1132,468,http://www.ufc.com/fighter/Brendan-Seguin,Not Fighting,0,0,profile_only_unlinked_with_fightmetric_id
8151d92e-a1c8-434d-ae51-305a50231b9f,Kyle Dietz,1086,1046,http://www.ufc.com/fighter/Kyle-Dietz,Not Fighting,1,1,unlinked_with_official_fight_history
81528066-57ac-4d82-a806-93fdb83035fa,Jollyson Francisco,,477057,http://www.ufc.com/fighter/jollyson-francisco,Active,0,0,profile_only_legacy_identity
81679d62-e257-4564-992c-da2496cf7234,Tyler Hill,3097,656794,http://www.ufc.com/fighter/Tyler-Hill,Not Fighting,0,0,profile_only_unlinked_with_fightmetric_id
818db5d9-3d0d-43fe-98a3-4c9cb029f31d,Kultar Gill,892,,,Not Fighting,0,0,profile_only_unlinked_with_fightmetric_id
81afc008-1cc2-48e7-a025-cde07b0fbd6c,Eperaim Ginting,3987,,,Active,1,1,unlinked_with_official_fight_history
81ce2975-e23f-4051-9c68-aec8ac572c90,Joe Benoit,1111,543,http://www.ufc.com/fighter/Joe-Benoit,Not Fighting,0,0,profile_only_unlinked_with_fightmetric_id
81e9ecbb-99f7-4ef8-b59b-16facba1fa88,Yuma Horiuchi,3813,,,Not Fighting,1,1,unlinked_with_official_fight_history
82311910-8be5-40d4-aca7-4087da62355b,Dennis Dombrow,1768,,,Not Fighting,0,0,profile_only_unlinked_with_fightmetric_id
825dd3ad-17f9-4362-bf93-15457b6fcdcf,Bryan Baker,975,535,http://www.ufc.com/fighter/Bryan-Baker,Not Fighting,0,0,profile_only_unlinked_with_fightmetric_id
82b1ff3f-36b0-48f5-8ecc-4b3132356fec,Canaan Kawaihae,3140,659585,http://www.ufc.com/fighter/Canaan-Kawaihae,Not Fighting,0,0,profile_only_unlinked_with_fightmetric_id
82eec871-8922-4bb5-b768-aa1f353037d7,Rocky Long,1608,,,Not Fighting,0,0,profile_only_unlinked_with_fightmetric_id
8304851e-cb06-4d7f-9b10-3d18f25801b5,Bobby McAndrews,1006,,,Not Fighting,0,0,profile_only_unlinked_with_fightmetric_id
8316036a-164e-44e0-b228-89a98f95b908,Ryan Kuse,4634,,,Active,1,1,unlinked_with_official_fight_history
832c8203-3bda-4c66-a8f8-d6cfc2baba16,Henrique Da Silva Lopes,3559,,,Active,0,0,profile_only_unlinked_with_fightmetric_id
833b9e65-edc1-4084-80c1-f555f5e4e740,Malik Lewis,3937,,,Active,0,0,profile_only_unlinked_with_fightmetric_id
833f777b-9e23-4eb4-b8cf-7ea34122529f,Louis Jourdain,4463,,,Active,1,1,unlinked_with_official_fight_history
839434f9-5e1a-4867-9bce-eb514811870c,Joe Cason,1833,242114,http://www.ufc.com/fighter/Joe-Cason,Released,0,0,profile_only_unlinked_with_fightmetric_id
8397ab75-2246-4ea4-97ab-a265184dd4db,Mike Alirez,,685,http://www.ufc.com/fighter/Mike-Alirez,Released,0,0,profile_only_legacy_identity
83f1c5fd-bbdb-4b31-b512-65da8e59bc4f,Randy Spence,,618,http://www.ufc.com/fighter/Randy-Spence,Released,0,0,profile_only_legacy_identity
8416e0fc-6dfd-451c-87b4-a1577beaa58b,Duane Cason,559,184,http://www.ufc.com/fighter/Duane-Cason,Not Fighting,2,2,unlinked_with_official_fight_history
842e48a4-c776-4c73-b111-07b38f1aa892,Dayana Silva,,662546,http://www.ufc.com/fighter/Dayana-Silva,Active,0,0,profile_only_legacy_identity
84d68cd2-9e24-40fc-b4f5-b39b68744795,Sean Mcinerney,,,,Active,0,0,profile_only_unlinked_no_stable_fight_bridge
84df08ef-3fb4-4a59-8d47-2ca11201971c,Nico Musoke,2124,459338,http://www.ufc.com/fighter/Nicholas-Musoke,Not Fighting,6,6,unlinked_with_official_fight_history
85521ff7-fe3a-4645-a73d-2d48216258d7,Carlos Alexandre da Costa,,526263,http://www.ufc.com/fighter/tuf-brasil4-carlos-alexandre-mistoca,Active,0,0,profile_only_legacy_identity
85672b75-0544-44b6-b703-867e6cd46578,Top Noi Kiwram,3814,,,Active,3,3,unlinked_with_official_fight_history
85795270-778d-4e17-bdce-ccf8ea626b0c,Luciano Oliveira,,580,http://www.ufc.com/fighter/Luciano-Oliveira,Released,0,0,profile_only_legacy_identity
85854826-c289-4b33-b7db-6bdddbb87708,Maiara Amanajas dos Santos ,,662492,http://www.ufc.com/fighter/Maiara-Amanajas-dos-Santos,Active,0,0,profile_only_legacy_identity
859daab1-abd0-41fc-9073-91deb658e339,Marius Zaromskis,935,,,Not Fighting,0,0,profile_only_unlinked_with_fightmetric_id
85aef390-b375-4d35-9545-ef2936a6fdd7,Olaf Alfonso,672,470,http://www.ufc.com/fighter/Olaf-Alfonso,Not Fighting,0,0,profile_only_unlinked_with_fightmetric_id
85b3b4a1-c772-4e12-a204-47f956d02635,Lacey Schuckman,1417,,,Not Fighting,0,0,profile_only_unlinked_with_fightmetric_id
85e69d3a-27e9-4ac7-aa7c-5f083270dff5,Mariusz Ksiazkiewicz,3574,,,Active,0,0,profile_only_unlinked_with_fightmetric_id
861733ed-9122-4cd8-af1a-3a971c21c391,Terrell Brown,1695,,,Not Fighting,0,0,profile_only_unlinked_with_fightmetric_id
865cd442-6881-4b16-8e24-4bf1b012a326,Jason Blackford,1740,,,Not Fighting,0,0,profile_only_unlinked_with_fightmetric_id
865cf827-fe81-418c-8cb2-76d6895464b5,Max Rohskopf,3467,,,Not Fighting,1,1,unlinked_with_official_fight_history
867b80d3-09ca-4086-aadc-d9d4b4363c82,Daniel Pereira,3552,,,Not Fighting,0,0,profile_only_unlinked_with_fightmetric_id
869dbbae-e701-4163-a2ff-4902282a32cc,Joel Thomas,,879,http://www.ufc.com/fighter/Joel-Thomas,Released,0,0,profile_only_legacy_identity
86ed2168-73f0-4612-b7a2-366368e91af8,Devin Johnson,1251,,,Not Fighting,0,0,profile_only_unlinked_with_fightmetric_id
86f8131a-04d4-41dc-b8cb-5e1f64aeb306,Danilo Suzart,3840,,,Active,0,0,profile_only_unlinked_with_fightmetric_id
870f5956-f837-4829-ad97-2afe595f321a,Alex Enlund,2817,603306,http://www.ufc.com/fighter/alex-enlund,Not Fighting,0,0,profile_only_unlinked_with_fightmetric_id
8747cdf8-4fe0-4fc8-af80-827451937f80,Shuya Kamikubo,3997,,,Active,1,1,unlinked_with_official_fight_history
876b9324-b3e9-40f1-ba33-e356ddb29ddc,Chad Robichaux,1613,,,Not Fighting,0,0,profile_only_unlinked_with_fightmetric_id
87f17c8b-3ad1-41fd-a4ad-a1ba6b7d6857,Aji Susilo,842,,,Not Fighting,0,0,profile_only_unlinked_with_fightmetric_id
88214611-9417-4fb7-bdee-6ee507802201,Muhammed Lawal,1460,241893,http://www.ufc.com/fighter/Mo-Lawal,Not Fighting,1,1,unlinked_with_official_fight_history
88215af8-3a17-4348-8243-675831766295,Walt Pels,,692,http://www.ufc.com/fighter/Walt-Pels,Released,0,0,profile_only_legacy_identity
886e7c85-a6e2-45bf-83f7-644035fc11b8,Antonio Branjao,,477647,http://www.ufc.com/fighter/antonio-branjao,Active,0,0,profile_only_legacy_identity
887c952f-293e-4ba7-8b8b-e89a4450bfae,Calen Born,3585,,,Not Fighting,1,1,unlinked_with_official_fight_history
88d0bf44-03d2-42bd-942a-4a730cd61db2,Mirko Cro Cop,219,829,http://www.ufc.com/fighter/Mirko-Cro-Cop,Not Fighting,19,19,unlinked_with_official_fight_history
8909392f-113f-477b-af04-1e22a560af6d,Aaron Tau,4261,,,,1,1,unlinked_with_official_fight_history
89106580-be43-4b56-b87d-0b66db53dc57,Zach Borrego,3905,,,Active,0,0,profile_only_unlinked_with_fightmetric_id
891442b7-2b92-4fc7-939f-ad9dea36ecb9,Sevant Young,,855,http://www.ufc.com/fighter/Sevant-Young,Released,0,0,profile_only_legacy_identity
892a0b9b-646b-4ddf-b930-ef1cca7e1985,Ryan Ackerman,,406,http://www.ufc.com/fighter/Ryan-Ackerman,Released,0,0,profile_only_legacy_identity
897ec42c-c411-4363-b3c9-d15c3e040dfa,Kathryn Paprocki,3771,,,Active,0,0,profile_only_unlinked_with_fightmetric_id
89eebc8c-749d-4f53-9769-4c49e8ff188a,Dan Barrera,462,569,http://www.ufc.com/fighter/Dan-Barrera,Not Fighting,3,3,unlinked_with_official_fight_history
89feefce-e119-48ec-9083-daecba7fcddb,Jong Wang Kim,754,,,Not Fighting,0,0,profile_only_unlinked_with_fightmetric_id
8a05ed0d-2196-4e33-9ff4-05f5a9683078,Yuki Ishikawa,744,,,Not Fighting,0,0,profile_only_unlinked_with_fightmetric_id
8a13e8b5-bcc7-4dfd-bcc7-310e393cc94a,Bill Coffman,,653,http://www.ufc.com/fighter/Bill-Coffman,Released,0,0,profile_only_legacy_identity
8a5208fe-89b3-4424-8c98-3434c78cc208,Joe Hurley,1959,605,http://www.ufc.com/fighter/Joe-Hurley,Not Fighting,0,0,profile_only_unlinked_with_fightmetric_id
8a810e4f-1a0d-4f9b-8d3f-b5bd9eb1da15,Emmanuel Yarbrough,12,242,http://www.ufc.com/fighter/Emmanuel-Yarbrough,Not Fighting,1,1,unlinked_with_official_fight_history
8aae62f1-c98a-4c9e-8185-cffb995eae51,Dayana da Silva Santos,3180,,,Not Fighting,0,0,profile_only_unlinked_with_fightmetric_id
8ab611a4-7f50-4cb7-8e6f-2fb66b2499f1,Amir Aliakbari,3289,,,Not Fighting,0,0,profile_only_unlinked_with_fightmetric_id
8abb5383-2712-4863-8b68-74862f04d47d,Victor Valenzuela,4489,,,Active,1,1,unlinked_with_official_fight_history
8aedc306-8c63-4bd5-9ceb-ed90237a99d6,Drew Dimanlig,1240,876,http://www.ufc.com/fighter/Drew-Dimanlig,Not Fighting,0,0,profile_only_unlinked_with_fightmetric_id
8b03af43-ca03-4a51-a2d9-af2e940c0121,Boston Salmon,2911,631439,http://www.ufc.com/fighter/Boston-Salmon,Not Fighting,4,4,unlinked_with_official_fight_history
8b13d78a-91ca-4f23-b888-f9e7b8a45892,Jae Hyun Park,4132,,,Active,2,2,unlinked_with_official_fight_history
8b21bc92-c11d-41be-94bb-ddacbd92707d,Santo Curatolo,3757,,,Not Fighting,0,0,profile_only_unlinked_with_fightmetric_id
8b344b8c-0025-4e52-b967-7a51459c0444,Freddy Emiliano Linares,3927,,,Active,0,0,profile_only_unlinked_with_fightmetric_id
8bb8890e-cf5e-4d35-bff3-4da7f259d0d4,Steve Cutler,,593,http://www.ufc.com/fighter/Steve-Cutler,Released,0,0,profile_only_legacy_identity
8bbd1cb7-3605-45ed-a343-36f7dbf6e9c1,Yoshihiro Nakao,791,,,Not Fighting,0,0,profile_only_unlinked_with_fightmetric_id
8bd09c78-75ed-468f-beb4-2ec7099a8a59,Jacob Noe,1699,,,Not Fighting,0,0,profile_only_unlinked_with_fightmetric_id
8bddf21b-28f1-4b46-adc7-c31ca512e7ad,Tony Alanis,,399,http://www.ufc.com/fighter/Tony-Alanis,Released,0,0,profile_only_legacy_identity
8c1ab7d9-383f-4405-b6b3-d09656961b97,Eric Steenberg,1520,,,Not Fighting,0,0,profile_only_unlinked_with_fightmetric_id
8c280afb-b5c9-4d63-b1cf-028e38b80473,Kyron Bowen,3513,,,Not Fighting,0,0,profile_only_unlinked_with_fightmetric_id
8c2e83eb-7f98-4f60-bbf9-c57fe66a4010,Matt Kovacs,1303,,,Not Fighting,0,0,profile_only_unlinked_with_fightmetric_id
8c78c3b7-7d51-4e59-88ef-6e854035c9dc,Josh LaBerge,1760,,,Not Fighting,0,0,profile_only_unlinked_with_fightmetric_id
8cb0f50b-d4de-4e45-ab77-a78789721bbc,Rocky Batastini,,703,http://www.ufc.com/fighter/Rocky-Batastini,Released,0,0,profile_only_legacy_identity
8cfef8e4-800d-46ba-838c-e5c176774f94,Miguel Linares,1256,,,Not Fighting,0,0,profile_only_unlinked_with_fightmetric_id
8d12581a-6dfb-4d8f-b9e5-8e4d1513f50c,Mark Hughes,188,161,http://www.ufc.com/fighter/Mark-Hughes,Not Fighting,1,1,unlinked_with_official_fight_history
8d731e36-7f5d-491c-9662-e0121aa91620,Jinnosuke Kashimura,3885,,,Not Fighting,1,1,unlinked_with_official_fight_history
8d7a5d51-2a79-49d4-9e3d-5a14089d9449,Eddy Millis,1267,,,Not Fighting,0,0,profile_only_unlinked_with_fightmetric_id
8db9d7d1-ef04-4393-b6c4-7c8fc29d3fb9,Bola Omoyele,,290164,http://www.ufc.com/fighter/bola-omoyele,Active,0,0,profile_only_legacy_identity
8dc17c19-fd88-4b04-88a8-cb1650cdee23,Fabiola Pidroni,4042,,,Active,0,0,profile_only_unlinked_with_fightmetric_id
8df2f12f-8295-460c-9925-d0607e88f094,Greg Rebello,2909,631429,http://www.ufc.com/fighter/greg-rebello,Active,2,2,unlinked_with_official_fight_history
8e4c8c89-70c3-413f-bfb4-1cb2f7b9749e,Dmitry Poberezhets,2884,626338,http://www.ufc.com/fighter/Dmitry-Poberezhets,Not Fighting,0,0,profile_only_unlinked_with_fightmetric_id
8ebcb6de-aece-41bd-b26f-21eaaf9bacdb,Sho Patrick Usami,3812,,,Not Fighting,1,1,unlinked_with_official_fight_history
8ee72c7d-637d-4036-8312-9370c90dce14,Dominic Waters,2602,538010,http://www.ufc.com/fighter/Dominic-Waters,Not Fighting,1,1,unlinked_with_official_fight_history
8f127314-9af9-4fc7-a455-0955a669cfd7,Maurice Eazel,1436,,,Not Fighting,0,0,profile_only_unlinked_with_fightmetric_id
9009be15-c26a-4655-a495-40ea1e6068f5,Taylor Moore,3616,,,Not Fighting,0,0,profile_only_unlinked_with_fightmetric_id
904bc881-fea0-441f-adb6-c9f9ceb8ff0a,Tyler Manawaroa,,465476,http://www.ufc.com/fighter/tyler-manawaroa,Active,0,0,profile_only_legacy_identity
90904a3a-2364-4bcc-a726-04bfac0fcc88,Neil Grove,657,1018,http://www.ufc.com/fighter/Neil-Grove,Not Fighting,2,2,unlinked_with_official_fight_history
90953b99-c5a7-4408-9a8a-9ec0c405df31,Paulo Renato Jr.,3862,,,Active,0,0,profile_only_unlinked_with_fightmetric_id
9114ab41-0f0b-412b-948e-426c0923bfac,Mark Burch,,969,http://www.ufc.com/fighter/Mark-Burch,Released,0,0,profile_only_legacy_identity
913b4abf-fe98-4a51-81d4-3e9dc8094729,James Wallace,3318,,,Not Fighting,0,0,profile_only_unlinked_with_fightmetric_id
914ed580-1344-45f7-9659-6eb77e907f8c,Marloes Coenen,1429,,,Not Fighting,0,0,profile_only_unlinked_with_fightmetric_id
917982a1-7b89-4968-9df3-29af8a624453,Brandon Foxworth,1124,457,http://www.ufc.com/fighter/Brandon-Foxworth,Not Fighting,0,0,profile_only_unlinked_with_fightmetric_id
919b2a75-1f1f-451d-afd6-a674e81fbecc,Mario Sousa,3573,,,Active,0,0,profile_only_unlinked_with_fightmetric_id
91c2310a-23a3-4168-a2bb-7481c4781f30,Lance Lawrence,3331,,,Not Fighting,0,0,profile_only_unlinked_with_fightmetric_id
92082c9c-c53e-477f-b9be-71db1f45f620,Danny Sabatello,3612,,,Active,0,0,profile_only_unlinked_with_fightmetric_id
921c595f-5a5f-4092-973a-26cbdce3c98a,Nick Urso,2990,636378,http://www.ufc.com/fighter/Nick-Urso,Active,1,1,unlinked_with_official_fight_history
923ed7d7-44f5-4b16-be81-d2ddebfbda3d,Art Jimmerson,28,205,http://www.ufc.com/fighter/Art-Jimmerson,Not Fighting,1,1,unlinked_with_official_fight_history
9263cb43-a170-4237-ab8c-0f30be3a6b18,Marcello Aguiar,956,24,http://www.ufc.com/fighter/Marcello-Aguiar,Not Fighting,1,1,unlinked_with_official_fight_history
926e3959-59cc-4657-898d-1e6fd365e23f,Lyle Beerbohm,1300,,,Not Fighting,0,0,profile_only_unlinked_with_fightmetric_id
92b0cf75-6929-4cda-a4fc-38141cb1d154,Gabriel Arges,4058,,,Active,1,1,unlinked_with_official_fight_history
92d43cb5-768d-4e2b-a2af-03879e72479c,Cole Smith,3286,,,Not Fighting,4,4,unlinked_with_official_fight_history
92d51f7c-faed-4de9-8ffe-e063a30f9ccb,Evan Sweesy,,,,Active,0,0,profile_only_unlinked_no_stable_fight_bridge
92f88320-0002-42c9-8d02-8bc79821b84e,Sang Won Kim,4000,,,Active,1,1,unlinked_with_official_fight_history
931c0357-3b97-4b6d-bbed-84eaa5cda670,Matt Secor,2590,,,Not Fighting,0,0,profile_only_unlinked_with_fightmetric_id
9330837d-3210-4944-a87b-3014b7f10269,Jesse Gillespie,1284,,,Not Fighting,0,0,profile_only_unlinked_with_fightmetric_id
934fa3db-d048-40d6-a6f5-a44f10f0ccd9,Coty Wheeler,1041,536,http://www.ufc.com/fighter/Coty-Wheeler,Not Fighting,1,1,unlinked_with_official_fight_history
936e3e4b-a951-4376-90a0-c5d681328914,Rich Walsh,2228,465466,http://www.ufc.com/fighter/richard-walsh,Not Fighting,6,6,unlinked_with_official_fight_history
9379b3a0-d891-43e0-bf71-fc07d82ac48a,Conor Heun,1402,242268,http://www.ufc.com/fighter/Conor-Heun,Not Fighting,1,1,unlinked_with_official_fight_history
9393edcb-1b17-4974-b143-f82e108578fa,Mike Bencic,685,,,Not Fighting,0,0,profile_only_unlinked_with_fightmetric_id
93d610b5-608d-46d7-aac9-693b8fd0e3ca,Brad Royster,1355,,,Not Fighting,0,0,profile_only_unlinked_with_fightmetric_id
944fb3a1-bc86-4c56-a8ea-41fd9889a82a,Jose Alday,3760,,,Active,0,0,profile_only_unlinked_with_fightmetric_id
94537bb8-b644-4f06-acaa-76842d956247,Alex Giplin,,661598,http://www.ufc.com/fighter/Alex-Gilpin,Active,0,0,profile_only_legacy_identity
9469e4e8-3696-42e4-bc5e-b5754e2b00e6,Won Jin Eoh,706,,,Not Fighting,0,0,profile_only_unlinked_with_fightmetric_id
94873660-b011-41b1-87c2-6e8acb0c094b,Grant Blackler,,290156,http://www.ufc.com/fighter/grant-blackler,Active,0,0,profile_only_legacy_identity
94911af3-cf62-4679-83e9-748ab0c56f33,Anthony Gutierrez ,,453445,http://www.ufc.com/fighter/Anthony-Gutierrez,Active,0,0,profile_only_legacy_identity
94a0fbf8-39cf-4017-8700-53435739b151,Ed Tomaselli,,846,http://www.ufc.com/fighter/Ed-Tomaselli,Released,0,0,profile_only_legacy_identity
94a832fc-ae01-41f9-8b9f-bafc5790e00f,Kerry Kasik,,,,Not Fighting,0,0,profile_only_unlinked_no_stable_fight_bridge
94d0f20f-7ea3-4ca6-9467-3b7f37d6f2e0,Nicdali Rivera-Calanoc,2547,,,Not Fighting,0,0,profile_only_unlinked_with_fightmetric_id
94dddfb5-a501-4d63-a119-8fbd3511a33a,Salvador Woods,1387,,,Not Fighting,0,0,profile_only_unlinked_with_fightmetric_id
9500af8e-4f12-4d73-9e2d-e33cd0c1368c,Glaico Franca,2575,539504,http://www.ufc.com/fighter/glaico-franca,Not Fighting,3,3,unlinked_with_official_fight_history
9542b6fa-894f-48b3-acb8-ea1fed40eacf,Damien Anderson,4617,,,Active,1,1,unlinked_with_official_fight_history
9554bb3a-0c5c-4c09-a73b-6d2df714d762,Rickson Zenidim,4091,,,Active,0,0,profile_only_unlinked_with_fightmetric_id
95818fa5-fccb-40b4-b6c4-70e8bf37e9f7,Luis Mendoza,1652,,,Not Fighting,0,0,profile_only_unlinked_with_fightmetric_id
95b68e46-016e-41eb-a334-fa4484fa890e,Hugo Govea,1288,,,Not Fighting,0,0,profile_only_unlinked_with_fightmetric_id
95cea6c3-1496-4e4a-9668-26f548372646,John Letters,,611,http://www.ufc.com/fighter/John-Letters,Released,0,0,profile_only_legacy_identity
95d4af88-1d0e-4a4d-865d-8c6d2b8b9abb,Coltin Cole,1717,,,Not Fighting,0,0,profile_only_unlinked_with_fightmetric_id
95e63db8-2aeb-4fee-a414-6d86cc126940,Jeff Terry,,875,http://www.ufc.com/fighter/Jeff-Terry,Released,0,0,profile_only_legacy_identity
95f9d84a-294c-4536-99f7-8a5a99ec9088,Roger Zapata,2464,480365,http://www.ufc.com/fighter/roger-zapata,Not Fighting,1,1,unlinked_with_official_fight_history
9646185a-5acc-4b6b-ad0a-a0e5aab30a99,Antonio Banuelos,1035,387,http://www.ufc.com/fighter/Antonio-Banuelos,Retired,1,1,unlinked_with_official_fight_history
965b64f8-dfcb-41c7-a5aa-5bfe4a72b43a,Jae Suk Lim,1003,,,Not Fighting,0,0,profile_only_unlinked_with_fightmetric_id
96a552d5-eaeb-4623-88d3-07ecea998dcd,Liana Jojua,3263,,,Not Fighting,4,4,unlinked_with_official_fight_history
96a6c39a-6527-4f8b-aff0-c96f53056411,Shin Haraguchi,3996,,,Active,3,3,unlinked_with_official_fight_history
96ce236f-e17c-424c-a93b-97770794b93f,Hiroyuki Takaya,929,1062,http://www.ufc.com/fighter/Hiroyuki-Takaya,Not Fighting,0,0,profile_only_unlinked_with_fightmetric_id
970e0515-488f-460d-abc7-7a2a702b0549,Nobuhiro Obiya,800,,,Not Fighting,0,0,profile_only_unlinked_with_fightmetric_id
97355f3c-901e-44dd-848b-ad6a59a49b7a,Donny Rider,,861,http://www.ufc.com/fighter/Donny-Rider,Released,0,0,profile_only_legacy_identity
9781957b-1bfc-4c4d-9954-c114cd396200,Joe Duarte,1799,242149,http://www.ufc.com/fighter/Joe-Duarte,Not Fighting,1,1,unlinked_with_official_fight_history
97aef104-0b02-40e9-9570-4aa818699282,Marcos Galvao,1049,572,http://www.ufc.com/fighter/Marcos-Galvao,Not Fighting,0,0,profile_only_unlinked_with_fightmetric_id
97bcf626-e69c-4527-83f5-8e9157ee57a9,Matt Foki,714,,,Not Fighting,0,0,profile_only_unlinked_with_fightmetric_id
97c5da7c-9859-48e7-b4ab-3e62b6c0db61,Wendri Patilima,3998,,,Active,1,1,unlinked_with_official_fight_history
9812b8a7-fc34-4cb3-a0b3-b20eea7f7ec9,Laura Howarth,,453493,http://www.ufc.com/fighter/Laura-Howarth,Active,0,0,profile_only_legacy_identity
9854c346-8684-4c82-96cf-89bc85dde2f1,Young Jin Hwang,3887,,,Not Fighting,0,0,profile_only_unlinked_with_fightmetric_id
985ec177-1245-4e7d-aadd-a44fc7f951fe,Jason Riley,1607,,,Not Fighting,0,0,profile_only_unlinked_with_fightmetric_id
989f0551-d78e-4a2c-88ef-66141e0a292f,Logan Greenhalgh,,,,Active,6,6,unlinked_with_official_fight_history
98d3a88d-7365-47d2-8653-b3e570b51012,Ibragim Magomedov,771,,,Not Fighting,0,0,profile_only_unlinked_with_fightmetric_id
98d8b1a2-3112-40f5-a887-96baa472507e,Kevin Rosier,17,102,http://www.ufc.com/fighter/Kevin-Rosier,Not Fighting,3,3,unlinked_with_official_fight_history
996bc32c-9cba-4379-a5d7-7cdac6689e5a,Takeshi Yamazaki,901,,,Not Fighting,0,0,profile_only_unlinked_with_fightmetric_id
99ec6212-1f62-4fd5-a453-596cda3fd1c5,Shana Olsen,1665,,,Not Fighting,0,0,profile_only_unlinked_with_fightmetric_id
99fc7509-e7f5-498a-a3d6-37f7877aff9d,Josh Diekman,,894,http://www.ufc.com/fighter/Josh-Diekman,Released,0,0,profile_only_legacy_identity
9a18daa9-3cb1-465b-97d4-709f3f5f1e6f,Nate Smith,3497,,,Not Fighting,0,0,profile_only_unlinked_with_fightmetric_id
9a9a2763-8d45-465f-b3a6-83eee40b8cf8,Gabe Lemley,1002,,,Not Fighting,0,0,profile_only_unlinked_with_fightmetric_id
9ad960e4-5bdd-46b4-a09a-b475e9f1f76f,Josh Hill,,453454,http://www.ufc.com/fighter/Josh-Hill,Active,0,0,profile_only_legacy_identity
9aed843a-72f1-4a60-b490-fd0b25c1c072,JP Felty,1778,,,Not Fighting,0,0,profile_only_unlinked_with_fightmetric_id
9b1b5eeb-d912-4fc1-8a99-6ab798346d24,Nair Nelikyan,3940,,,Active,0,0,profile_only_unlinked_with_fightmetric_id
9b2577c8-e2ba-4805-9023-05a058ef735e,Zviad Lazishvili,3752,,,Not Fighting,1,1,unlinked_with_official_fight_history
9b4037e7-46e3-4de6-bb7e-4cad7d39487e,Nick Gonzalez,1264,,,Not Fighting,0,0,profile_only_unlinked_with_fightmetric_id
9b429beb-20ff-46dc-846c-894f99f0d90b,Jason Pratt,,429,http://www.ufc.com/fighter/Jason-Pratt,Released,0,0,profile_only_legacy_identity
9b6fbd14-23c1-49ae-bec3-28e287130727,Jeff Bedard,1113,477,http://www.ufc.com/fighter/Jeff-Bedard,Not Fighting,0,0,profile_only_unlinked_with_fightmetric_id
9bad297a-b0a7-4e4a-b8f7-13ede9975eba,Yoshiaki Yatsu,863,,,Not Fighting,0,0,profile_only_unlinked_with_fightmetric_id
9bb51050-51f4-48da-adcc-16f21c98f41e,Edson Berto,1262,,,Not Fighting,0,0,profile_only_unlinked_with_fightmetric_id
9be4527a-2040-4020-b6dc-ab8b77cdada7,Devin Cole,1150,,,Not Fighting,0,0,profile_only_unlinked_with_fightmetric_id
9bf3becd-2a0a-46b9-bd58-cb5d2f4a5eb7,Ricky Johnson,1349,,,Not Fighting,0,0,profile_only_unlinked_with_fightmetric_id
9c045d8d-3c0d-4aa3-a9ed-c96bba34b525,Thomas Schulte,,694,http://www.ufc.com/fighter/Thomas-Schulte,Released,0,0,profile_only_legacy_identity
9c52a29e-5224-40d8-85aa-68394169c29a,Aalon Cruz,3356,,,Not Fighting,3,3,unlinked_with_official_fight_history
9c548200-5ab8-4de9-8cf0-71f928801341,Michael Aljarouj,,,,Active,0,0,profile_only_unlinked_no_stable_fight_bridge
9ca909ff-15ad-4062-9e99-279f5b61e8f2,Turrell Galloway,1337,,,Not Fighting,0,0,profile_only_unlinked_with_fightmetric_id
9cd2716a-0052-4f05-b355-fcf0efe44308,Anthony Ivy,3462,,,Not Fighting,2,2,unlinked_with_official_fight_history
9cf6d19f-59b5-4da5-b0de-402cfae441b5,Victor Reyna,3338,,,Not Fighting,0,0,profile_only_unlinked_with_fightmetric_id
9d1bfe27-b200-4820-bb70-f9573790980a,Jacob Rosales,3325,,,Not Fighting,0,0,profile_only_unlinked_with_fightmetric_id
9d69785e-cf6d-4f0c-a574-9cf1851deff2,Richard Jacobi,3898,,,Active,0,0,profile_only_unlinked_with_fightmetric_id
9dbb2fda-2b36-4647-8ab2-c266ec21d5d8,Montrel Talbert,,,,Active,0,0,profile_only_unlinked_no_stable_fight_bridge
9dd06ba7-e32f-48de-9a98-2b7c26fa9d98,Samandar Murodov,3955,,,Not Fighting,1,1,unlinked_with_official_fight_history
9de1c7ab-78f8-403a-84b6-26576b4166f1,Max Martyniouk,1693,,,Not Fighting,0,0,profile_only_unlinked_with_fightmetric_id
9e018a3b-8c9c-49ef-8a73-9963fddbd78d,Dave Terrel,1100,384,http://www.ufc.com/fighter/Dave-Terrel,Not Fighting,0,0,profile_only_unlinked_with_fightmetric_id
9e1ae813-4072-4ca5-84ec-c5ab2e01d011,Wuziazibieke Jiahefu,4029,,,Active,1,1,unlinked_with_official_fight_history
9e2a6c01-cab4-41ed-b528-c170a95d7530,Bryant Garcia,,400,http://www.ufc.com/fighter/Bryant-Garcia,Active,0,0,profile_only_legacy_identity
9e4dc2ee-d39d-45df-b81d-367ecf957e81,Marc Cofer,1776,,,Not Fighting,0,0,profile_only_unlinked_with_fightmetric_id
9e586cf7-5e99-40f1-be2e-7a17d2e33522,Dax Bruce,,621,http://www.ufc.com/fighter/Dax-Bruce,Released,0,0,profile_only_legacy_identity
9e5da7a2-2705-4e12-8ef9-fe62ba928e00,Shamil Gamzatov,3373,,,Not Fighting,4,4,unlinked_with_official_fight_history
9e606c16-de49-4011-b1c6-1a06ad4ae68d,Jianping Yang,2181,471291,http://www.ufc.com/fighter/Jianping-Yang,Not Fighting,1,1,unlinked_with_official_fight_history
9ea5fd96-caee-41b4-addc-665ed44b35c6,David Marshall,1668,,,Not Fighting,0,0,profile_only_unlinked_with_fightmetric_id
9ec23fd3-9c2f-470e-adf0-0316d8378447,Nayara Maia,3858,,,Active,0,0,profile_only_unlinked_with_fightmetric_id
9ec3c90f-b213-4088-9d83-a92c8c6bcd76,Charles Price,,844,http://www.ufc.com/fighter/Charles-Price,Released,0,0,profile_only_legacy_identity
9ec5b953-4a88-4c7b-a02c-0ecec0baf0fb,Tetsuji Kato,995,,,Not Fighting,0,0,profile_only_unlinked_with_fightmetric_id
9eeaac25-10e7-45e1-aea9-ae3b22f76ede,Jason Suttie,843,,,Not Fighting,0,0,profile_only_unlinked_with_fightmetric_id
9eeedaaa-6e86-462b-bec0-5fe6efd8ea76,Cody Bollinger,,453427,http://www.ufc.com/fighter/Cody-Bollinger,Active,0,0,profile_only_legacy_identity
9ef69804-723d-4bfe-bc9c-c36fb77b9c20,Juan Miranda,1218,,,Not Fighting,0,0,profile_only_unlinked_with_fightmetric_id
9f05ca28-48b4-460c-b673-04bd9aca3a1e,Bill Cooper,1842,,,Not Fighting,0,0,profile_only_unlinked_with_fightmetric_id
9f0f0696-69f4-4ec6-badd-53f9f2088236,Isalas Martinez,,390,http://www.ufc.com/fighter/Isalas-Martinez,Active,0,0,profile_only_legacy_identity
9f3d4b01-5477-438b-9267-32a74b5911c2,Pedro Otavio,806,,,Not Fighting,0,0,profile_only_unlinked_with_fightmetric_id
9f513317-1e25-430f-97e0-15be3bd45ed9,Michael Venom Page,2418,,,Active,7,7,unlinked_with_official_fight_history
9f6adece-dd00-4b36-87d5-b6d50ebf239a,Justin Martin,,,,Not Fighting,0,0,profile_only_unlinked_no_stable_fight_bridge
9f8e1ebb-f75c-4020-b9a5-2132a6a192fd,Tank Abbott,54,157,http://www.ufc.com/fighter/Tank-Abbott,Not Fighting,18,18,unlinked_with_official_fight_history
9fa4f7ac-c14f-4fcd-8361-c5aacf54f60c,Cedric Doumbe,3922,,,Not Fighting,0,0,profile_only_unlinked_with_fightmetric_id
9faf8c67-331e-409a-a1e9-609c73fc0465,Pawan Maan,3802,,,Not Fighting,1,1,unlinked_with_official_fight_history
9febb7b3-c53e-4ca0-81f5-a0f96455021d,Saad Awad,1793,,,Not Fighting,0,0,profile_only_unlinked_with_fightmetric_id
9ffa0a72-d66d-4a96-88d7-b97deacce8a0,Oron Kahlon,3506,,,Active,0,0,profile_only_unlinked_with_fightmetric_id
9ffdae72-5a9f-4dc1-9235-87f9637f013d,Yohan Banks,1247,,,Not Fighting,0,0,profile_only_unlinked_with_fightmetric_id
a0186dfe-b489-42fd-aab5-ce822fbf90eb,Roman Mitichyan,353,552,http://www.ufc.com/fighter/Roman-Mitichyan,Not Fighting,5,5,unlinked_with_official_fight_history
a025240f-616a-450b-8470-edf82cd05729,Nick Meregali,4060,,,Active,2,2,unlinked_with_official_fight_history
a03f14d3-9beb-4401-9068-d3e469e1996c,Chris Drumm,1275,,,Not Fighting,0,0,profile_only_unlinked_with_fightmetric_id
a04cd5b5-f1cb-4931-9a80-2135dc76aefa,Martin Day,2977,635979,http://www.ufc.com/fighter/Martin-Day,Not Fighting,6,6,unlinked_with_official_fight_history
a0553fce-e4fc-41fe-b647-9d128c76d709,Michal Martinek,3362,,,Active,0,0,profile_only_unlinked_with_fightmetric_id
a06ff521-18e5-4446-af17-550ec8dcb096,Marecelo Alfaya,,530240,http://www.ufc.com/fighter/marcelo-alfaya,Active,0,0,profile_only_legacy_identity
a098e54f-49e0-412c-b5aa-429bf5869582,Landon Showalter,1394,,,Not Fighting,0,0,profile_only_unlinked_with_fightmetric_id
a0d0ac89-1f35-4c56-aac1-8913838cacc6,Chad Cook,1615,,,Not Fighting,0,0,profile_only_unlinked_with_fightmetric_id
a0d54eb4-45db-4fba-96f6-d5a35f8e3975,Ebenezer Braga,107,178,http://www.ufc.com/fighter/Ebenezer-Braga,Not Fighting,1,1,unlinked_with_official_fight_history
a0de44d2-ca7f-468a-bc5a-75f35fc3347b,Sidney Silva,1082,455,http://www.ufc.com/fighter/Sidney-Silva,Not Fighting,0,0,profile_only_unlinked_with_fightmetric_id
a0f75819-bfa5-4790-aeb6-c7ed7ad44cd8,Jonas Bilharinho,3740,,,Not Fighting,0,0,profile_only_unlinked_with_fightmetric_id
a11d1277-d993-4515-b96f-36caaf1f82fd,Chino Esparza,,652,http://www.ufc.com/fighter/Chino-Esparza,Released,0,0,profile_only_legacy_identity
a15f5809-74ea-4133-a1f4-bba917bb3a6b,Bobby Sanchez,1230,,,Not Fighting,0,0,profile_only_unlinked_with_fightmetric_id
a1928e4c-9710-48d2-88a0-b6ec0a2d1a5d,Tebaris Gordon,3151,661592,http://www.ufc.com/fighter/Tebaris-Gordon,Not Fighting,0,0,profile_only_unlinked_with_fightmetric_id
a19dd4a0-2b14-4d51-8043-0b39cbaba1eb,Scott Lighty,1404,,,Not Fighting,0,0,profile_only_unlinked_with_fightmetric_id
a1a83c70-ed89-480d-a099-18bc73a79ee3,Qiu Lun,3710,,,Not Fighting,2,2,unlinked_with_official_fight_history
a1bcf176-8bec-4953-b9f3-17f27539bc2b,Christopher Alvidrez,4454,,,Active,0,0,profile_only_unlinked_with_fightmetric_id
a1c1bd01-ec56-4feb-9553-6c8ffe744a0f,Achilles Estremadura,3726,,,Not Fighting,0,0,profile_only_unlinked_with_fightmetric_id
a2007ffa-5c2f-4cd2-bee6-58e7dbee8b11,Jadson Costa,697,,,Not Fighting,0,0,profile_only_unlinked_with_fightmetric_id
a22d2baf-c9e1-4681-903a-2d44bcab341b,Thomas Paull,3871,,,Active,0,0,profile_only_unlinked_with_fightmetric_id
a251673e-fca5-4487-8002-71b561affea8,Anthony Adams,3150,,,Not Fighting,0,0,profile_only_unlinked_with_fightmetric_id
a2731515-b4ac-415b-a51d-48e17563b9dc,Richie Vaculik,,,,Not Fighting,0,0,profile_only_unlinked_no_stable_fight_bridge
a2772a5f-065e-424f-83d7-14d421fc50f5,Gisele Moreira,3181,662545,http://www.ufc.com/fighter/Gisele-Moreira,Active,0,0,profile_only_unlinked_with_fightmetric_id
a2869183-60ca-4033-aca4-a327f26b8c35,Arlen Ribeiro,,526254,http://www.ufc.com/fighter/tuf-brasil4-arlen-benks-ribeiro,Active,0,0,profile_only_legacy_identity
a2c79f4d-9629-4edb-8ad4-40ab4662f0a7,Paulo Filho,710,521,http://www.ufc.com/fighter/Paulo-Filho,Not Fighting,0,0,profile_only_unlinked_with_fightmetric_id
a2c9f7e9-4c24-498d-a5e8-fb500d824d37,Joey Gomez,2738,575395,http://www.ufc.com/fighter/Joey-Gomez,Not Fighting,2,2,unlinked_with_official_fight_history
a2dad8e0-7c46-46f3-a16d-fd93d2170535,Jeremy Tavares,1322,,,Not Fighting,0,0,profile_only_unlinked_with_fightmetric_id
a2edc7c9-e787-4294-90a9-7bc9a97a26c8,Mitsuhiro Ishida,743,,,Not Fighting,0,0,profile_only_unlinked_with_fightmetric_id
a2efb6cb-e690-4e05-a0b2-ed4d91ffecbc,Kazuki Tokudome,2044,296870,http://www.ufc.com/fighter/Kazuki-Tokudome,Released,0,0,profile_only_unlinked_with_fightmetric_id
a3566519-8a6e-4290-ad32-ebbc7b25f73e,Costas Philippou,1781,127777,http://www.ufc.com/fighter/constantinos-philippou,Retired,10,10,unlinked_with_official_fight_history
a433f7ce-17eb-4eda-b7eb-6bb536b8bf67,WonBin Ki,3796,,,,4,4,unlinked_with_official_fight_history
a4491185-8e66-4f70-91e5-15cd36ea1d13,Ariel Gandulla,1110,460,http://www.ufc.com/fighter/Ariel-Gandulla,Not Fighting,0,0,profile_only_unlinked_with_fightmetric_id
a464ce7f-2104-4fd4-beeb-c37d3f6fd276,Anthony Gonzales,,639,http://www.ufc.com/fighter/Anthony-Gonzales,Released,0,0,profile_only_legacy_identity
a482afb5-e54f-42f0-b36d-c35a12ea6512,Lewis Gonzalez,2580,536412,http://www.ufc.com/fighter/lewis-gonzalez,Not Fighting,0,0,profile_only_unlinked_with_fightmetric_id
a4a10a09-095e-44bd-859e-534306087113,Dylan Potter,3758,,,Not Fighting,0,0,profile_only_unlinked_with_fightmetric_id
a4aa9620-3e92-4612-b60d-cde625ce3217,Michael Diaz,1328,,,Not Fighting,0,0,profile_only_unlinked_with_fightmetric_id
a4c0b5c2-8adb-4eb1-9c38-f047a1c10c72,Ismael de Jesus,,477648,http://www.ufc.com/fighter/ismael-de-jesus,Active,0,0,profile_only_legacy_identity
a53deb6c-c966-4371-b370-16a043a3e6aa,Samy Schiavo,253,1070,http://www.ufc.com/fighter/Samy-Schiavo,Not Fighting,4,4,unlinked_with_official_fight_history
a5590e32-6a1b-43aa-bc58-5d3830de7b1c,Andre Ricardo,,526264,http://www.ufc.com/fighter/tuf-brasil4-andre-dede-ricardo,Active,0,0,profile_only_legacy_identity
a5bffd02-a549-4a85-8607-41cd63f81c44,Terrell Dees,,906,http://www.ufc.com/fighter/Terrell-Dees,Released,0,0,profile_only_legacy_identity
a653fa77-10e0-4bdb-b3c9-578246e61aae,Donnie Chappell,560,185,http://www.ufc.com/fighter/Donnie-Chappell,Not Fighting,1,1,unlinked_with_official_fight_history
a675ee3b-5d66-4815-82a1-bb628af10883,Tobias Harila,4071,,,Not Fighting,0,0,profile_only_unlinked_with_fightmetric_id
a684b257-3e5f-4bf4-9a30-811133bd733e,Patrik White,3721,,,Active,0,0,profile_only_unlinked_with_fightmetric_id
a6a15186-3569-41bc-8e37-4643a4d54fe0,Stephanie Webber,1745,,,Not Fighting,0,0,profile_only_unlinked_with_fightmetric_id
a7288ad3-baa4-4a7a-875b-eb08b6725af0,Nohelin Hernandez,3366,,,Not Fighting,3,3,unlinked_with_official_fight_history
a780739e-b13b-41e1-a353-41ac9c9eb50a,Eric Magana,1286,,,Not Fighting,0,0,profile_only_unlinked_with_fightmetric_id
a7c39121-916b-418e-8bbf-db561ea44e87,Vince Murdock,3340,,,Not Fighting,2,2,unlinked_with_official_fight_history
a858a308-3d3f-4d1c-b4d6-664bdc8d0822,John Kolosci,224,571,http://www.ufc.com/fighter/John-Kolosci,Not Fighting,3,3,unlinked_with_official_fight_history
a85e8cfb-2e62-4442-bdae-85fc477bcf72,Isaiah Hill,1250,,,Not Fighting,0,0,profile_only_unlinked_with_fightmetric_id
a872a6a4-5238-4d31-b05f-6e4b766f03c0,Tyra Parker,1350,,,Not Fighting,0,0,profile_only_unlinked_with_fightmetric_id
a8754609-5bee-4676-a55f-35bf44d5c8d9,Blake Bowman,423,,,Not Fighting,0,0,profile_only_unlinked_with_fightmetric_id
a8a41723-4e74-4ad4-9401-3469569df1d5,Keiichiro Nakamura,4335,,,Active,3,3,unlinked_with_official_fight_history
a8b88512-8d57-4b6d-b17e-2ab0ebcf152c,Torrance Taylor,1372,,,Not Fighting,0,0,profile_only_unlinked_with_fightmetric_id
a8bd1b47-1ee5-45cc-bb56-71513d8c3eee,Hirotaka Yokoi,864,,,Not Fighting,0,0,profile_only_unlinked_with_fightmetric_id
a8c8a55e-4114-477e-9f02-a4dc6a2fa613,Josh Bumgarner,1392,,,Not Fighting,0,0,profile_only_unlinked_with_fightmetric_id
a8cea0b2-02fb-4bf4-9331-f3e22c78433d,Micah Miller,928,379,http://www.ufc.com/fighter/Micah-Miller,Not Fighting,0,0,profile_only_unlinked_with_fightmetric_id
a8d90cbe-a35c-4bb5-ae84-4460308d70a8,Riley Dutro,3074,657475,http://www.ufc.com/fighter/Riley-Dutro,Not Fighting,1,1,unlinked_with_official_fight_history
a928b3fa-6ac4-4aea-b0ae-5dc0bc3e18bc,Shonte Barnes,3706,,,Active,0,0,profile_only_unlinked_with_fightmetric_id
a9614e78-66de-4d6b-9feb-a4666ef23626,Kevin Roddy,1764,,,Not Fighting,0,0,profile_only_unlinked_with_fightmetric_id
a96ef719-5042-42ae-bb45-49c732076158,Anthony Wint,4567,,,Active,1,1,unlinked_with_official_fight_history
a9801536-6b98-48a7-9d8c-84738186a918,Willie Parks,1901,,,Not Fighting,0,0,profile_only_unlinked_with_fightmetric_id
a983aa87-7114-4ed0-bcb8-7cd0c9ecedbd,Willie Peeters,813,,,Not Fighting,0,0,profile_only_unlinked_with_fightmetric_id
a9b13b8c-a60d-4b23-88ec-b5fb1c9ce8a4,Chris Botelho,,683,http://www.ufc.com/fighter/Chris-Botelho,Released,0,0,profile_only_legacy_identity
a9ed9e36-e44f-421d-b19b-fb67de4d26a9,Art Santore,1122,451,http://www.ufc.com/fighter/Art-Santore,Not Fighting,0,0,profile_only_unlinked_with_fightmetric_id
aa53b423-0ec0-4057-9a18-09823e409a58,Maiara Amajanas Dos Santos,3174,,,Active,0,0,profile_only_unlinked_with_fightmetric_id
aa697d2d-b3f9-4f95-a9b1-2258f5e89b51,Del Hawkins,1107,1063,http://www.ufc.com/fighter/Del-Hawkins,Not Fighting,0,0,profile_only_unlinked_with_fightmetric_id
aa6eb94b-9b0d-49f4-addc-5dc84ecaccac,Jesse Fujarczyk,988,,,Not Fighting,0,0,profile_only_unlinked_with_fightmetric_id
aa7520a7-a85a-4619-b626-7fc09d82acb5,Justin Haskins,1074,982,http://www.ufc.com/fighter/Justin-Haskins,Not Fighting,0,0,profile_only_unlinked_with_fightmetric_id
aa844518-9a68-4340-91d5-2ce83ea059ac,Alex Steibling,634,119,http://www.ufc.com/fighter/Alex-Steibling,Not Fighting,1,1,unlinked_with_official_fight_history
aa8f9f1f-1585-412e-8834-46e4bf21116f,Maria Silva,3705,,,Active,0,0,profile_only_unlinked_with_fightmetric_id
aa967aea-5f99-4002-9531-02d0dc7568c8,Josh Green,,662,http://www.ufc.com/fighter/Josh-Green,Released,0,0,profile_only_legacy_identity
aa9d724a-1800-4a4c-9030-3e8045bf1ea1,Roberto Sanchez,2956,633730,http://www.ufc.com/fighter/roberto-sanchez,Not Fighting,3,3,unlinked_with_official_fight_history
aaa38adf-3431-4748-891b-2618b98513d8,Juan Andres Luna,3852,,,Active,0,0,profile_only_unlinked_with_fightmetric_id
aaa39b6d-06d6-45fb-9bac-2ccab06c7eb1,Ron Fields,1271,,,Not Fighting,0,0,profile_only_unlinked_with_fightmetric_id
aaeb6c99-ce7f-4115-a9c7-7bf625c2e03d,Shaun Etchell,3799,,,Not Fighting,1,1,unlinked_with_official_fight_history
aaf1bf22-546f-4768-9229-82b2bf4804b7,Oleksandr Doskalchuk,3454,,,Not Fighting,0,0,profile_only_unlinked_with_fightmetric_id
aaf5c884-a244-4975-9966-b0ac0249f6dc,Christian Lohsen,3348,,,Active,0,0,profile_only_unlinked_with_fightmetric_id
ab12b493-e83f-4eb8-ac98-bc0ffd792cad,Roland Payne,33,94,http://www.ufc.com/fighter/Roland-Payne,Not Fighting,1,1,unlinked_with_official_fight_history
ab8e0a22-2836-44f9-bea4-016e06b4bba9,Bill Duvall,1219,,,Not Fighting,0,0,profile_only_unlinked_with_fightmetric_id
abddef7a-89ec-4f3b-8ce9-2460d39989a7,Lace Pele,,908,http://www.ufc.com/fighter/Lace-Pele,Released,0,0,profile_only_legacy_identity
abe690c1-ee68-4928-985a-ff57796377ac,Yosdenis Cedeno,2185,472473,http://www.ufc.com/fighter/Yosdenis-Cedeno,Not Fighting,0,0,profile_only_unlinked_with_fightmetric_id
abf85b67-ada5-4eda-a633-1d2231221939,Hector de Sousa Santiago,4650,,,Active,1,1,unlinked_with_official_fight_history
ac07a1e9-48af-452e-a384-774666daca61,Sergio Gomez,989,458,http://www.ufc.com/fighter/Sergio-Gomez,Not Fighting,0,0,profile_only_unlinked_with_fightmetric_id
ac224291-41c0-43d9-b0db-ee947ca10072,Pauline Macias,3577,,,Active,0,0,profile_only_unlinked_with_fightmetric_id
ac3a2aa5-fea9-4832-9b0a-ce2d9835e9db,Larry Parker,811,,,Not Fighting,0,0,profile_only_unlinked_with_fightmetric_id
ac5e4b10-ccaa-4cab-9fe6-8b35f6c572fb,Alex Serdyukov,1081,388,http://www.ufc.com/fighter/Alex-Serdyukov,Not Fighting,0,0,profile_only_unlinked_with_fightmetric_id
acb79fea-bfdc-4534-b81d-c83a44e34111,John Elam,1592,,,Not Fighting,0,0,profile_only_unlinked_with_fightmetric_id
acbfaf2e-3298-4137-b238-1ac9e8c336ea,Nate Moore,1427,242514,http://www.ufc.com/fighter/Nate-Moore,Not Fighting,1,1,unlinked_with_official_fight_history
acca66c7-4e14-43a4-8989-7c078e6e9156,Mo Miller,3674,,,Active,0,0,profile_only_unlinked_with_fightmetric_id
acd6ec88-587c-49b5-bb80-367dda9fd82c,Josh McDonald,1669,886,http://www.ufc.com/fighter/Josh-McDonald,Not Fighting,0,0,profile_only_unlinked_with_fightmetric_id
ad15d017-9e3d-490b-a24d-5f8e8a472f9d,Justin Sumter,3144,660483,http://www.ufc.com/fighter/Justin-Sumter,Not Fighting,0,0,profile_only_unlinked_with_fightmetric_id
ad76e711-8b04-45a9-81f3-912ca0a36a40,Testy Test,,,,Active,0,0,profile_only_unlinked_no_stable_fight_bridge
ade80a6d-215b-4926-9683-03364ad15ef2,Cruz Gomez,,389,http://www.ufc.com/fighter/Cruz-Gomez,Released,0,0,profile_only_legacy_identity
ae0b7477-508c-495d-8716-a24595c0ee44,Chris Hofmann,4002,,,Active,1,1,unlinked_with_official_fight_history
ae0eafd3-22f7-4a5b-a397-04cb455a426d,Will Bradford,,676,http://www.ufc.com/fighter/Will-Bradford,Released,0,0,profile_only_legacy_identity
ae218044-3bf4-4c46-a716-0dc9807bf859,Taylor Callens,3487,,,Not Fighting,0,0,profile_only_unlinked_with_fightmetric_id
ae57d6fe-3246-4f63-88bb-a93c6fe96227,Cory Hendricks,2793,587585,http://www.ufc.com/fighter/cory-hendricks,Not Fighting,1,1,unlinked_with_official_fight_history
aeaec151-242d-4ddd-b12e-4642cac59fc2,Brendan Loughnane,2031,293763,http://www.ufc.com/fighter/Brendan-Loughnane,Not Fighting,0,0,profile_only_unlinked_with_fightmetric_id
aeb749bc-7a16-4951-b829-11c01988f640,Daisuke Ishii,,655,http://www.ufc.com/fighter/Daisuke-Ishii,Released,0,0,profile_only_legacy_identity
af01ef39-d95d-4b6e-9a8e-37a47a149123,Bethany Marshall,,453502,http://www.ufc.com/fighter/Bethany-Marshall,Active,0,0,profile_only_legacy_identity
af0bcdab-f860-4f52-98b2-781e9039b978,Chris Birchler,3134,659578,http://www.ufc.com/fighter/Chris-Birchler,Active,0,0,profile_only_unlinked_with_fightmetric_id
afc0da6b-a4e8-42a8-b3c2-2ead100f19a2,John Hosman,1085,1087,http://www.ufc.com/fighter/John-Hosman,Not Fighting,1,1,unlinked_with_official_fight_history
b02d1c04-11a5-4f79-98d7-cba46054cb87,Christian Aguilera,3463,,,Not Fighting,3,3,unlinked_with_official_fight_history
b0310806-3a07-47da-9ef1-cecb2039e00a,Dorian Price,255,553,http://www.ufc.com/fighter/Dorian-Price,Not Fighting,3,3,unlinked_with_official_fight_history
b036aab4-97d3-4723-8720-4fa491396df5,Jeremy Lang,1103,917,http://www.ufc.com/fighter/Jeremy-Lang,Not Fighting,0,0,profile_only_unlinked_with_fightmetric_id
b0388e43-907e-42a5-b72d-0e5a3f724ec5,Test Athletes,,,,,0,0,profile_only_unlinked_no_stable_fight_bridge
b07aca47-5199-4168-a018-5ba89ab97c25,Joe Gigliotti,2786,596736,http://www.ufc.com/fighter/joseph-gigliotti,Not Fighting,2,2,unlinked_with_official_fight_history
b0b6a1b8-b71f-4095-a14e-7a32587257ec,Henrique Shiguemoto,3560,,,Active,0,0,profile_only_unlinked_with_fightmetric_id
b1099f27-ae04-4f98-96e7-b5ec17de0a4e,Junior Hernandez,2088,448773,http://www.ufc.com/fighter/Ramiro-Hernandez-Jr,Not Fighting,2,2,unlinked_with_official_fight_history
b10ef965-3812-4ac3-8ce9-d38b53bb40ce,Michelle Maher,1252,,,Not Fighting,0,0,profile_only_unlinked_with_fightmetric_id
b113794f-974b-43bf-8e07-7a1f78f73964,Cory Cass,,868,http://www.ufc.com/fighter/Cory-Cass,Released,0,0,profile_only_legacy_identity
b13814f5-e6b3-423e-8759-38c377ad1b12,Lee Gibson,1450,,,Not Fighting,0,0,profile_only_unlinked_with_fightmetric_id
b1494a3c-a0a2-401b-bf71-a0c7eb5aa40f,Mike Moreno,,892,http://www.ufc.com/fighter/Mike-Moreno,Released,0,0,profile_only_legacy_identity
b1706cc3-19a7-4b11-bad6-782bcfdab0b3,Donavan Beard,3925,,,Active,0,0,profile_only_unlinked_with_fightmetric_id
b1706fe9-f140-4ae2-a717-2986c5bdc5a9,Ken Crothers,,648,http://www.ufc.com/fighter/Ken-Crothers,Released,0,0,profile_only_legacy_identity
b17824a4-6fc3-4053-a77a-deb7288ca8d1,Casey Ryan,1794,,,Not Fighting,0,0,profile_only_unlinked_with_fightmetric_id
b207c376-c5c9-48d4-8298-fc752a1b6a2b,Jerry Vrbanovic,,635,http://www.ufc.com/fighter/Jerry-Vrbanovic,Released,0,0,profile_only_legacy_identity
b21865fc-21a7-4338-aab8-692a18c49424,Nick Nolte,1446,,,Not Fighting,0,0,profile_only_unlinked_with_fightmetric_id
b2390a2e-abf6-4ca1-a193-d0dde5e945d8,Damion Douglas,1780,,,Not Fighting,0,0,profile_only_unlinked_with_fightmetric_id
b243c871-fd50-4e20-a3fa-6d79a2080e11,Magomed Bibulatov,2880,623818,http://www.ufc.com/fighter/Magomed-Bibulatov,Not Fighting,4,4,unlinked_with_official_fight_history
b246b368-cdba-4ceb-b541-137fd4a63f35,Lee Brousseau,1518,,,Not Fighting,0,0,profile_only_unlinked_with_fightmetric_id
b252b7af-2a74-485b-a218-eb958905c538,Paul Moreno,,867,http://www.ufc.com/fighter/Paul-Moreno,Released,0,0,profile_only_legacy_identity
b26d738e-c42b-47da-a171-bab919376180,Gian Siqueira,3954,,,Not Fighting,1,1,unlinked_with_official_fight_history
b29ca426-1a2b-46ab-a2b0-fa18a9a81117,Tito Jones,1376,,,Not Fighting,0,0,profile_only_unlinked_with_fightmetric_id
b2b89db8-9b25-415a-b77b-21d51d455630,Ronaldo Souza,896,241887,http://www.ufc.com/fighter/Ronaldo-Souza,Not Fighting,24,24,unlinked_with_official_fight_history
b2cc5db4-bba4-4a5c-b73a-54e13a2ad3c3,Kazuki Okubo,805,,,Not Fighting,0,0,profile_only_unlinked_with_fightmetric_id
b2dd5277-1d08-44d0-8fe7-29acfffeeaab,Kennedy Freeman,4312,,,Active,1,1,unlinked_with_official_fight_history
b33f5c26-d2e7-4c94-bb2e-f39edb1e0343,Levi Thornbure,,607,http://www.ufc.com/fighter/Levi-Thornbure,Released,0,0,profile_only_legacy_identity
b3584ab0-9a0b-4262-b42b-4ac8cac091ea,Dustin West,1500,,,Not Fighting,0,0,profile_only_unlinked_with_fightmetric_id
b3a827c4-4a6e-42cf-846c-3c418f8e1bd6,Chris Amarante,1214,,,Not Fighting,0,0,profile_only_unlinked_with_fightmetric_id
b43e394e-a1ea-4bfd-86d6-f4f6e6c57e51,Evangelista Santos,824,242756,http://www.ufc.com/fighter/Evangelista-Santos,Not Fighting,0,0,profile_only_unlinked_with_fightmetric_id
b4909653-99db-4024-bcd3-514b1848efcc,Ricky Steele,3403,,,Active,0,0,profile_only_unlinked_with_fightmetric_id
b492915b-b3e5-4729-a42f-698852138294,Jonny Goh,1437,,,Not Fighting,0,0,profile_only_unlinked_with_fightmetric_id
b4aa023b-e314-4e82-a3ee-6392260ce310,Zach Underwood,1502,,,Not Fighting,0,0,profile_only_unlinked_with_fightmetric_id
b4aeffc4-9ee0-4431-8e87-6efd896effad,Tommy Petersen,1789,,,Not Fighting,0,0,profile_only_unlinked_with_fightmetric_id
b4f6dced-020d-4f9f-abd5-d83e98abd98a,Bobby Stack,1291,,,Not Fighting,0,0,profile_only_unlinked_with_fightmetric_id
b5141134-6a43-4fcd-906b-9461e1b82853,Jamey Simmons,3620,,,Not Fighting,3,3,unlinked_with_official_fight_history
b514990e-09f0-43f0-848c-c4a66813c7fd,Justin Wilcox,1334,242829,http://www.ufc.com/fighter/Justin-Wilcox,Not Fighting,1,1,unlinked_with_official_fight_history
b54b6e81-bc52-4bd8-9fc7-8e9dfb874e46,Chris Mierzwiak,1876,,,Not Fighting,0,0,profile_only_unlinked_with_fightmetric_id
b5adad0b-0b7d-4961-b625-1c27d7454539,Brandon Cash,1440,,,Not Fighting,0,0,profile_only_unlinked_with_fightmetric_id
b5bd6315-b007-46e4-a92c-1d0b5f629cc6,Shaheen Santana,3615,,,Active,0,0,profile_only_unlinked_with_fightmetric_id
b5e1528c-d66b-4dfb-a382-99ae75033a38,Mabelly Lima,3184,662543,http://www.ufc.com/fighter/Mabelly-Lima,Not Fighting,0,0,profile_only_unlinked_with_fightmetric_id
b6263cd0-6bf2-42b8-87e3-cda3634e0c75,Joe Martin,2108,677,http://www.ufc.com/fighter/Joe-Martin,Not Fighting,0,0,profile_only_unlinked_with_fightmetric_id
b660c105-9e9f-44d1-940e-6f9f5af615bf,John Texeira,,267099,http://www.ufc.com/fighter/John-Texeira,Active,0,0,profile_only_legacy_identity
b6611b0e-29ce-4d50-aca1-25b8b03ab263,Dylan Salvador,4063,,,Active,0,0,profile_only_unlinked_with_fightmetric_id
b667fac1-35e1-49ea-b90a-5ba7099a4940,Pro Escobedo,1536,,,Not Fighting,0,0,profile_only_unlinked_with_fightmetric_id
b66d93c2-a535-4f58-9a94-317fc098d620,Mike Budnik,1058,939,http://www.ufc.com/fighter/Mike-Budnik,Not Fighting,0,0,profile_only_unlinked_with_fightmetric_id
b679ff8c-cf79-4e6a-b7a2-f374071452f1,Hashem Arkhagha,3660,,,Not Fighting,0,0,profile_only_unlinked_with_fightmetric_id
b6927f31-52e6-41de-8a43-acc6d0f6483f,Sherrard Blackledge,3579,,,Active,0,0,profile_only_unlinked_with_fightmetric_id
b6cc2ac3-b865-484e-b6e2-101f2c312b19,Katsuhisa Fuji,168,50,http://www.ufc.com/fighter/Katsuhisa-Fuji,Not Fighting,2,2,unlinked_with_official_fight_history
b714d68a-6598-43f7-a7d2-5927cf97f36d,Isi Fitikefu,3627,,,Not Fighting,0,0,profile_only_unlinked_with_fightmetric_id
b74e7608-ca50-46ef-ae54-4aa508b3c744,Alvin Cacdac,1246,,,Not Fighting,0,0,profile_only_unlinked_with_fightmetric_id
b777cf95-404d-471e-b90a-130a47aea9a6,Jermaine Andre,171,39,http://www.ufc.com/fighter/Jermaine-Andre,Not Fighting,1,1,unlinked_with_official_fight_history
b78ae7f5-1ca3-47f1-907e-4277a723df6f,Andy Uhrich,1501,,,Not Fighting,0,0,profile_only_unlinked_with_fightmetric_id
b7aa1474-1ec4-43d7-96e7-ba85486755cd,Murtaza Talha,4110,,,Active,0,0,profile_only_unlinked_with_fightmetric_id
b7c3d0cc-b749-4f5d-9310-31280f34d60e,Matthieu Letho Duclos,4202,,,Active,1,1,unlinked_with_official_fight_history
b7cc05b2-8f15-4e83-a589-40740b987476,Kevin Szaflarski,3877,,,Active,0,0,profile_only_unlinked_with_fightmetric_id
b7e8d530-aa6f-4a42-be4e-91c9d7df4e90,Adli Edwards,3346,,,Not Fighting,0,0,profile_only_unlinked_with_fightmetric_id
b80a18b1-063d-46dc-89ee-ec2ae51c8628,Revelina Berto,,453486,http://www.ufc.com/fighter/Revelina-Berto,Active,0,0,profile_only_legacy_identity
b860d693-0c3b-4b00-afae-1e696160dd73,Greg Velasco,4043,,,Active,0,0,profile_only_unlinked_with_fightmetric_id
b8bd6883-ec6b-46ca-83ea-cb59ec1d7b2c,Yamato Nishikawa,3952,,,Not Fighting,1,1,unlinked_with_official_fight_history
b8d34afc-9403-4b74-8456-6da2d0d1a2c0,Isis Verbeek,4011,,,Active,0,0,profile_only_unlinked_with_fightmetric_id
b8fc927c-85d6-4816-b224-aa7e84996439,Anderson Berinja,,,,Active,0,0,profile_only_unlinked_no_stable_fight_bridge
b9185299-d7e6-4ec9-8fdc-8570271eed53,Jack Cartwright,3850,,,Active,0,0,profile_only_unlinked_with_fightmetric_id
b977ec64-415a-414b-a463-9ef0aa4d4f85,Ryan Healy,1306,857,http://www.ufc.com/fighter/Ryan-Healy,Not Fighting,0,0,profile_only_unlinked_with_fightmetric_id
b97d345d-a80a-4bea-a5ec-f5ac739c21ad,Gilles Arsene,680,,,Not Fighting,0,0,profile_only_unlinked_with_fightmetric_id
b9beba5a-bbc8-42c6-81a8-83aca3c8839b,Steve Ramerez,,651,http://www.ufc.com/fighter/Steve-Ramerez,Released,0,0,profile_only_legacy_identity
b9fb6e48-d53d-4f18-881f-df21675693ec,Jerron Peoples,1830,,,Not Fighting,0,0,profile_only_unlinked_with_fightmetric_id
ba1e6cab-15bc-49bb-bd68-c524aebb53b4,Humberto Brown,2361,498760,http://www.ufc.com/fighter/humberto-brown,Not Fighting,1,1,unlinked_with_official_fight_history
ba368f24-b6cb-4990-a3d8-4319a5b28974,Jimmy Terrel,,415,http://www.ufc.com/fighter/Jimmy-Terrel,Released,0,0,profile_only_legacy_identity
ba45bfb4-ee29-494e-8ddb-ce2dca96dfa1,Oscar Cota,3104,656801,http://www.ufc.com/fighter/Oscar-Cota,Active,0,0,profile_only_unlinked_with_fightmetric_id
ba50dac2-7329-495c-a984-6a3c15145745,Brady Huang,3503,,,Not Fighting,0,0,profile_only_unlinked_with_fightmetric_id
ba5116fc-948a-4597-870f-30f4a1d29aa4,Eric Esch,708,,,Not Fighting,0,0,profile_only_unlinked_with_fightmetric_id
ba5cf2ba-8c5d-4ae8-ad9f-4fa0aa344a00,Adriano Santos,610,107,http://www.ufc.com/fighter/Adriano-Santos,Not Fighting,1,1,unlinked_with_official_fight_history
ba7a4876-98c1-4f3f-877b-ab87a3e435d5,Jason Glaza,2397,871,http://www.ufc.com/fighter/Jason-Glaza,Not Fighting,0,0,profile_only_unlinked_with_fightmetric_id
ba967a3f-a466-4d14-95ca-f3115ce53d19,Johnny Sampaio,1123,453,http://www.ufc.com/fighter/Johnny-Sampaio,Not Fighting,0,0,profile_only_unlinked_with_fightmetric_id
ba984a11-a856-4e3b-840c-bee93f8c2c08,Sarah D'alelio,1812,242121,http://www.ufc.com/fighter/Sarah-D-Alelio,Not Fighting,0,0,profile_only_unlinked_with_fightmetric_id
bac41b14-d218-4c3b-8bae-471cc0fe221d,Asikeerbai Jinensibieke,,,,Active,1,1,unlinked_with_official_fight_history
baca282d-7cec-4c1d-b26c-da3a70863ddf,Fabiano Scherner,164,751,http://www.ufc.com/fighter/Fabiano-Scherner,Not Fighting,2,2,unlinked_with_official_fight_history
bae5cf7a-8b3a-4548-be32-2a72f6ec5255,Tom Erikson,707,,,Not Fighting,0,0,profile_only_unlinked_with_fightmetric_id
bb258285-2765-469c-80fe-b0476e8c9c6f,Don Carlo-Clauss,1761,,,Not Fighting,0,0,profile_only_unlinked_with_fightmetric_id
bb4cbe93-3068-40c3-8ce1-69a824bded71,Chatt Lavender,1957,,,Not Fighting,0,0,profile_only_unlinked_with_fightmetric_id
bbbf5bcc-78f0-4751-8aa8-ef5130ac8be3,Jesse Mariotti,,,,Active,0,0,profile_only_unlinked_no_stable_fight_bridge
bbc18d82-21d2-47d1-ad61-943ddb8fb21e,Phil Cardella,1075,1021,http://www.ufc.com/fighter/Phil-Cardella,Not Fighting,0,0,profile_only_unlinked_with_fightmetric_id
bbd04565-6c6f-4e80-8f02-3dfddd7971f5,Brandon Sayles,3549,,,Active,0,0,profile_only_unlinked_with_fightmetric_id
bbd57ee4-d200-48ef-ab50-0788fe1260bd,Al Matavao,3545,,,Not Fighting,0,0,profile_only_unlinked_with_fightmetric_id
bc271372-83a9-40e2-a213-dd472bc953cf,Tim Catalfo,693,,,Not Fighting,0,0,profile_only_unlinked_with_fightmetric_id
bc6a94a3-1055-4da0-852c-76c91d883730,Alex Kung,,584,http://www.ufc.com/fighter/Alex-Kung,Released,0,0,profile_only_legacy_identity
bca4b3b0-31dc-49c2-aaa8-f48bae567258,Keifer Roberts,,,,Active,0,0,profile_only_unlinked_no_stable_fight_bridge
bceae996-85f4-4069-912d-6d955cfaecfe,Antonio Rogerio Nogueira,797,1131,http://www.ufc.com/fighter/Antonio-Rogerio-Nogueira,Not Fighting,22,22,unlinked_with_official_fight_history
bcf05b04-17bb-461f-86a0-0e934e815ec8,So Yul Kim,4151,,,,0,0,profile_only_unlinked_with_fightmetric_id
bcf8bf1a-51db-4d98-935d-dcda2a936448,Adam Hunter,2804,599182,http://www.ufc.com/fighter/adam-hunter,Not Fighting,0,0,profile_only_unlinked_with_fightmetric_id
bcfad90c-d93b-4fb2-852b-bd5ce443b333,Todd Monaghan,,480075,http://www.ufc.com/fighter/todd-monaghan,Active,0,0,profile_only_legacy_identity
bd2bd867-b79c-4547-a008-6bfd7100865e,Ricky Calatayud,3578,,,Active,0,0,profile_only_unlinked_with_fightmetric_id
bd499317-a3e8-46a2-918a-832b791746a1,Paulo Santos,611,108,http://www.ufc.com/fighter/Paulo-Santos,Not Fighting,1,1,unlinked_with_official_fight_history
bd5d5c9c-526a-44e2-bea9-c38cdf27d008,Kiyoshi Tamura,849,,,Not Fighting,0,0,profile_only_unlinked_with_fightmetric_id
bd93d6b9-a408-4d53-917b-e93960468900,Sean Lally,3084,654939,http://www.ufc.com/fighter/Sean-Lally,Active,0,0,profile_only_unlinked_with_fightmetric_id
bd940f3f-07d5-44c3-8e2d-623f3879398c,Naoya Ogawa,802,,,Not Fighting,0,0,profile_only_unlinked_with_fightmetric_id
bd960e7a-d100-4071-a796-fc490284b931,Shelton Graves,2974,635819,http://www.ufc.com/fighter/Shelton-Graves,Not Fighting,1,1,unlinked_with_official_fight_history
bd99d85d-3ceb-42e2-9802-afd501b16548,Jennifer Gonzalez,3780,,,Not Fighting,0,0,profile_only_unlinked_with_fightmetric_id
bd9af1ef-454d-462a-a377-4557c788bf1f,Ramiro Jimenez,4362,,,Active,1,1,unlinked_with_official_fight_history
bdaa6663-bc04-4eda-836f-15e0d885e75a,Brandon Visher,1171,1140,http://www.ufc.com/fighter/Brandon-Visher,Not Fighting,1,1,unlinked_with_official_fight_history
bdec09ad-138f-448a-b0f5-c0306c8408f1,Roberto de Abreu Filho,,,,Active,0,0,profile_only_unlinked_no_stable_fight_bridge
be398bd8-35a1-4cbb-b837-031921c1c789,Nick Gilardi,,615,http://www.ufc.com/fighter/Nick-Gilardi,Released,0,0,profile_only_legacy_identity
be40d84b-4e2f-49fb-b2cc-f59ca021c08a,Marco Beltran,2358,498731,http://www.ufc.com/fighter/marco-beltran,Not Fighting,1,1,unlinked_with_official_fight_history
beadc9fc-bc35-455d-929b-58ee4698f02f,Yoshihiro Takayama,846,,,Not Fighting,0,0,profile_only_unlinked_with_fightmetric_id
bef56002-9468-41ab-bec6-943e5f619163,YeDam Seo,3807,,,Not Fighting,2,2,unlinked_with_official_fight_history
bf16be5d-ab91-49c0-8c2e-440ed625c5d6,Jonny Carson,1413,,,Not Fighting,0,0,profile_only_unlinked_with_fightmetric_id
bf330a59-209c-4cb8-bbe1-337de2945542,Dustin Joynson,3412,,,Active,0,0,profile_only_unlinked_with_fightmetric_id
bf6f2f42-bbf0-423e-b7e4-6a8dab7dd72a,Hiromitsu Kanehara,748,,,Not Fighting,0,0,profile_only_unlinked_with_fightmetric_id
bfab4da7-7e87-4308-9906-7fe37b33bd5f,Edivan Santos,3659,,,Active,0,0,profile_only_unlinked_with_fightmetric_id
bfbdff00-5d41-4148-be54-ea0f7356f9c3,Joe Wilk,1451,,,Not Fighting,0,0,profile_only_unlinked_with_fightmetric_id
bfd9215d-1f07-4dbc-9d02-330f5afb9f43,Colleen Schneider,,453514,http://www.ufc.com/fighter/Colleen-Schneider,Active,0,0,profile_only_legacy_identity
c0042d07-92dc-4705-bc7a-7fa43f2915d0,Victor Dias,4125,,,Active,0,0,profile_only_unlinked_with_fightmetric_id
c00e818d-c853-4042-aeec-2033935fee9d,Carlton Jones,1228,682,http://www.ufc.com/fighter/Carlton-Jones,Not Fighting,0,0,profile_only_unlinked_with_fightmetric_id
c051aa65-04bb-4757-aa2e-d89892bf21d0,Korey Kuppe,3569,,,Active,0,0,profile_only_unlinked_with_fightmetric_id
c09a703f-e09b-48a4-b5c4-97d08c0a4e47,Richard Crunkilton Jr.,390,280,http://www.ufc.com/fighter/Richard-Crunkilton-Jr-,Not Fighting,2,2,unlinked_with_official_fight_history
c0aa5b44-23d9-411e-a8a3-73d42e43d69b,Timothy Thomas,,,,Active,0,0,profile_only_unlinked_no_stable_fight_bridge
c10f7a26-492a-4670-8c3f-3b7a54c039b5,Soichi Nishida,795,,,Not Fighting,0,0,profile_only_unlinked_with_fightmetric_id
c110e466-b6e3-46db-8074-d440df3cf2c5,David Rasouli,1319,,,Not Fighting,0,0,profile_only_unlinked_with_fightmetric_id
c11c0540-db54-4b4f-b65e-8a5235ef3f35,Andre Mussi,1012,668,http://www.ufc.com/fighter/Andre-Mussi,Not Fighting,0,0,profile_only_unlinked_with_fightmetric_id
c180c5fe-283d-4aa6-887d-968c5ddfd784,Matt Munsey,,453470,http://www.ufc.com/fighter/Matt-Munsey,Active,0,0,profile_only_legacy_identity
c1847753-e897-46b4-a4df-ec55f48d18a8,Masutatsu Yano,241,241,http://www.ufc.com/fighter/Matsatsu-Yano,Not Fighting,1,1,unlinked_with_official_fight_history
c1880d8c-23b9-41a4-b5fa-a8c6d951399c,Greg Robello,,656800,http://www.ufc.com/fighter/Greg-Rebello,Active,0,0,profile_only_legacy_identity
c1b13ece-9165-4012-b9cf-c167ddb15581,Tony Lopez,,697,http://www.ufc.com/fighter/Tony-Lopez,Released,0,0,profile_only_legacy_identity
c1ca9caf-06bd-4209-8de1-1cd74a1155fc,Wataru Sakata,822,,,Not Fighting,0,0,profile_only_unlinked_with_fightmetric_id
c1e3ed92-6c71-40d8-9455-bcc8d37f242e,Wang Guan,2888,643439,http://www.ufc.com/fighter/Wang-Guan,Retired,1,1,unlinked_with_official_fight_history
c1e4a4d3-83a4-43c8-abd9-552e10767f59,Justin Jones,2370,512326,http://www.ufc.com/fighter/justin-jones,Active,0,0,profile_only_unlinked_with_fightmetric_id
c1f63d97-a57a-4b10-912d-0c05c70ecfa6,Gerard Gordeau,7,777,http://www.ufc.com/fighter/Gerard-Gordeau,Not Fighting,3,3,unlinked_with_official_fight_history
c1f9a243-9dee-4c37-83ae-f78d9ca9a9c5,Anthony Leone,1541,1176,http://www.ufc.com/fighter/Anthony-Leone,Not Fighting,0,0,profile_only_unlinked_with_fightmetric_id
c2118989-9bac-4403-9e44-ee3a1ce777c7,Jin Oh Kim,752,,,Not Fighting,0,0,profile_only_unlinked_with_fightmetric_id
c244ff77-baaf-455b-b5eb-1ba61301881e,Eric Ramirez,,643,http://www.ufc.com/fighter/Eric-Ramirez,Released,0,0,profile_only_legacy_identity
c27e00fd-7375-4a69-9549-8b4a7f9377b7,Chris Mooney,,589,http://www.ufc.com/fighter/Chris-Mooney,Released,0,0,profile_only_legacy_identity
c282f315-6b93-4cac-a361-8b8b98917f3d,Vitor Ribeiro,931,,,Not Fighting,0,0,profile_only_unlinked_with_fightmetric_id
c2964a22-59e4-48e9-a2c4-28e1c2313bd9,Jonathan Correa,,,,Active,2,2,unlinked_with_official_fight_history
c29e5639-33f2-44f6-9d95-ff59e395c2ac,Tatsuya Iwasaki,746,,,Not Fighting,0,0,profile_only_unlinked_with_fightmetric_id
c3019b77-ea55-4448-92a3-bd4e8fcc0940,Stoney Hale,1729,,,Not Fighting,0,0,profile_only_unlinked_with_fightmetric_id
c31346b6-56b8-4448-9a54-4ce71ce49696,Artem Frolov,3192,,,Not Fighting,0,0,profile_only_unlinked_with_fightmetric_id
c34357f5-f909-4378-9069-09d1308d53fc,Josh Raferty,430,826,http://www.ufc.com/fighter/Josh-Raferty,Not Fighting,1,1,unlinked_with_official_fight_history
c3553b19-cca7-4518-8552-0b99dfc069e7,Fabio Agu,3555,,,Active,0,0,profile_only_unlinked_with_fightmetric_id
c359e235-730c-4e10-a440-daee5f8b32e1,Yusuke Kasuya,2626,544042,http://www.ufc.com/fighter/yusuke-kasuya,Not Fighting,4,4,unlinked_with_official_fight_history
c388c3c0-f055-433b-b190-787b46ae3557,Brian Pardoe,,609,http://www.ufc.com/fighter/Brian-Pardoe,Released,0,0,profile_only_legacy_identity
c3bd6906-a6ce-4174-bfdb-f1c0999b3dc8,James Thompson,850,,,Not Fighting,0,0,profile_only_unlinked_with_fightmetric_id
c3def79a-d052-454f-a47a-181100771350,Team Blackzilians,,530269,http://www.ufc.com/fighter/team-blackzilians,Not Fighting,0,0,profile_only_legacy_identity
c3f3af1a-0d02-4732-96bf-710440ad94b6,Issa Isakov,,,,Active,0,0,profile_only_unlinked_no_stable_fight_bridge
c4174f95-8d48-4770-b103-5ec37b6e49cd,Bradley Scott,2030,290166,http://www.ufc.com/fighter/brad-scott,Not Fighting,8,8,unlinked_with_official_fight_history
c456b3a5-d1e3-47b0-b20a-8f84a4f2afda,Noah Thomas,1088,508,http://www.ufc.com/fighter/Noah-Thomas,Not Fighting,1,1,unlinked_with_official_fight_history
c47912f0-2738-4b4a-9715-3662e62aed34,Ewerton Teixeira,2625,,,Not Fighting,0,0,profile_only_unlinked_with_fightmetric_id
c4927da1-bddd-45bc-a0a4-1b534cd8f163,Nueraji Taiyilake,4001,,,Active,3,3,unlinked_with_official_fight_history
c4a59c6f-5406-4ec4-9c19-9017094d1b2b,Issac DeJesus,1290,,,Not Fighting,0,0,profile_only_unlinked_with_fightmetric_id
c504b687-f510-4575-bcb3-bf173107d028,Marcos Rosa,3236,,,Not Fighting,3,3,unlinked_with_official_fight_history
c52fdb72-8e3a-4be0-9a12-c507534a583f,Roman Bravo-Young,4061,,,Active,0,0,profile_only_unlinked_with_fightmetric_id
c5d49c78-abf3-4ede-95a5-1c2faa2ea854,Lucas Stark,1601,,,Not Fighting,0,0,profile_only_unlinked_with_fightmetric_id
c61c2c34-3121-4706-9990-003f187e698b,Khadzhimurat Bestaev,3568,,,Active,0,0,profile_only_unlinked_with_fightmetric_id
c6357d56-5811-46c7-8bb5-f5075ac44e22,Carl Seumanutafa,1379,,,Not Fighting,0,0,profile_only_unlinked_with_fightmetric_id
c651e6c2-7317-4554-b4e2-3942dcb0d131,Anthony Morrison,1183,1199,http://www.ufc.com/fighter/Anthony-Morrison,Not Fighting,0,0,profile_only_unlinked_with_fightmetric_id
c67627d8-f40c-438e-a926-322e425dff7a,Cesar Marscucci,591,,,Not Fighting,0,0,profile_only_unlinked_with_fightmetric_id
c6ccbc9c-3988-4006-b652-2776ab3423f0,Logan Urban,3761,,,Not Fighting,0,0,profile_only_unlinked_with_fightmetric_id
c6f308d2-cc01-4932-b291-5d0e7858c515,Xie Bin,3764,,,,6,6,unlinked_with_official_fight_history
c735e33a-f1c1-4845-bf5b-aa6fa71a3cfd,Pat Benson,1382,,,Not Fighting,0,0,profile_only_unlinked_with_fightmetric_id
c771e4f2-c64b-42ba-ac6b-30342d400bc4,Xavier Lucas,,290163,http://www.ufc.com/fighter/xavier-lucas,Active,0,0,profile_only_legacy_identity
c7734614-7f2d-4c03-9e2e-cd3f549cea35,Patrick Iodice,,290158,http://www.ufc.com/fighter/patrick-iodice,Active,0,0,profile_only_legacy_identity
c7e79ad5-00c5-419a-bc83-a911e529b4ef,Anthony Fuller,,634,http://www.ufc.com/fighter/Anthony-Fuller,Released,0,0,profile_only_legacy_identity
c7ef9eeb-0a55-4cc6-818c-0eb0c4fff4d3,Ashiek Ajim,3926,,,Not Fighting,0,0,profile_only_unlinked_with_fightmetric_id
c809253e-8d49-4b95-981b-86c067629606,Devon Cole,,854,http://www.ufc.com/fighter/Devon-Cole,Released,0,0,profile_only_legacy_identity
c80a5f2a-ca09-4674-89c4-6d67b67d3caf,Magomedrasul Gasanov,4546,,,Active,0,0,profile_only_unlinked_with_fightmetric_id
c81f3b0e-6299-4413-99bc-d6cb9149326f,Roland Parli,,706,http://www.ufc.com/fighter/Roland-Parli,Released,0,0,profile_only_legacy_identity
c854af27-e515-4438-b455-45b6318b3fc2,Donnie Liles,1352,,,Not Fighting,0,0,profile_only_unlinked_with_fightmetric_id
c85dff40-b69c-4277-8667-2d504662ae5f,Erisson Ferreira,3708,,,Active,0,0,profile_only_unlinked_with_fightmetric_id
c85ef33d-febc-49bb-b3c6-c9a4d787e001,Yilizhati Maimaitijiang,4606,,,Active,1,1,unlinked_with_official_fight_history
c88a6e68-d3d8-4b6c-9269-1e901dfc566e,Eric Duus,,408,http://www.ufc.com/fighter/Eric-Duus,Released,0,0,profile_only_legacy_identity
c88be4d3-7543-498d-8c80-f60df8e04757,Ed Wedding,,596,http://www.ufc.com/fighter/Ed-Wedding,Released,0,0,profile_only_legacy_identity
c8f2df45-aeda-4cbe-8521-365e441b1ef4,Bazigit Atajev,681,,,Not Fighting,0,0,profile_only_unlinked_with_fightmetric_id
c9417c7f-40b4-4850-8904-60e9b4a7e184,Jacob Silva,3517,,,Active,0,0,profile_only_unlinked_with_fightmetric_id
c9452f4a-7a8d-477f-8291-79f15f09b9cc,Tom Aaron,1519,,,Not Fighting,0,0,profile_only_unlinked_with_fightmetric_id
c9639e4e-e185-4bf1-b6b1-77b93c67e283,Luke Flores,2629,636464,http://www.ufc.com/fighter/Luke-Flores,Not Fighting,1,1,unlinked_with_official_fight_history
c9670dff-9256-41ca-aa62-edfb8a441399,Michael Bravo,2021,289662,http://www.ufc.com/fighter/Michael-Bravo,Not Fighting,2,2,unlinked_with_official_fight_history
c97053dc-0f49-4852-9bbd-d7bf6359b079,Scott Carson,1690,397,http://www.ufc.com/fighter/Scott-Carson,Not Fighting,0,0,profile_only_unlinked_with_fightmetric_id
c975a503-5814-4b20-b1d4-6775b9df3989,Phil Ensminger,,395,http://www.ufc.com/fighter/Phil-Ensminger,Released,0,0,profile_only_legacy_identity
c983dea7-a488-4361-8d4a-f8aac982f30a,Andrew Montanez,1238,,,Not Fighting,0,0,profile_only_unlinked_with_fightmetric_id
c98e539b-e60c-4503-bbe2-ae25cbb8a144,TBD TBD,,,,Not Fighting,1,1,unlinked_with_official_fight_history
c98ead5e-6617-44e2-ae35-5cb0e9c301e9,Mario Neto,202,795,http://www.ufc.com/fighter/Mario-Neto,Not Fighting,1,1,unlinked_with_official_fight_history
c9a524bb-acf3-49eb-8b87-5d42309e3f2d,Steve Regman,3335,,,Active,0,0,profile_only_unlinked_with_fightmetric_id
ca4b9edd-bad9-406c-b0bf-072357338749,Luke Harris,,465479,http://www.ufc.com/fighter/luke-harris,Active,0,0,profile_only_legacy_identity
ca818348-c652-4156-a049-190da31fc48c,Antonio Jones,3122,659410,http://www.ufc.com/fighter/Antonio-Jones,Not Fighting,0,0,profile_only_unlinked_with_fightmetric_id
ca8dda51-f37f-4a53-a411-9d1bb0882a82,Darryl Cobb,1444,,,Not Fighting,0,0,profile_only_unlinked_with_fightmetric_id
ca93df9c-b592-4a68-a3be-5a17b8cc7466,Adrian Diaz,2982,635984,http://www.ufc.com/fighter/Adrian-Diaz,Not Fighting,1,1,unlinked_with_official_fight_history
cac68949-002a-4d4e-ab73-31a47c84f0e0,Seth Dikun,1090,1004,http://www.ufc.com/fighter/Seth-Dikun,Not Fighting,0,0,profile_only_unlinked_with_fightmetric_id
cac85e65-ed95-4c52-93ba-79adde0b8f0e,Zein Saliba,,465477,http://www.ufc.com/fighter/zein-saliba,Active,0,0,profile_only_legacy_identity
cb489cdb-edfc-46a1-abe3-7e722dcb6b3f,Raimond Magomedaliev,4117,,,Active,0,0,profile_only_unlinked_with_fightmetric_id
cbd268d1-6a95-46bb-a5fe-e14ec4760b3b,Shimon Smotritsky,3718,,,Not Fighting,0,0,profile_only_unlinked_with_fightmetric_id
cc32817b-a1a0-413c-b0f5-0ffb93eec487,Jeremy Wallace,1733,,,Not Fighting,0,0,profile_only_unlinked_with_fightmetric_id
cca6f13c-8d54-431d-8ebb-69521cadcb05,Sherk Julian,,515,http://www.ufc.com/fighter/Sherk-Julian,Released,0,0,profile_only_legacy_identity
ccd4dd43-f1e6-44ec-87ac-ef8f8ecaba29,Frank Gomez,1087,1009,http://www.ufc.com/fighter/Frank-Gomez,Not Fighting,0,0,profile_only_unlinked_with_fightmetric_id
cd1db7fa-5f35-4d8d-b2de-634dd8ae476f,Keith Berry,1811,242030,http://www.ufc.com/fighter/Keith-Berry,Not Fighting,1,1,unlinked_with_official_fight_history
cd47d45e-d1b4-4aa3-9e01-699d007c71b0,Luke Newman,,290173,http://www.ufc.com/fighter/luke-newman,Active,0,0,profile_only_legacy_identity
cd9fd35d-8b4e-45ea-bd71-49bbd5151d7e,Lukasz Sudolski,3665,,,Active,0,0,profile_only_unlinked_with_fightmetric_id
cdb2e136-c863-4787-a399-14fd37d0cd8a,Tiago Trator,2289,486132,http://www.ufc.com/fighter/Tiago-Trator,Not Fighting,4,4,unlinked_with_official_fight_history
cde62f5b-473f-4982-bfb2-8daea6913c34,Zu Anyanwu,2910,631430,http://www.ufc.com/fighter/Zu-Anyanwu,Not Fighting,2,2,unlinked_with_official_fight_history
ce4177ad-1422-4b9b-8755-38f756d45c33,Edson Drago,701,,,Not Fighting,0,0,profile_only_unlinked_with_fightmetric_id
ce7296f3-6d18-46c1-93d2-7331fac11921,Jonathan Brookins,1095,94739,http://www.ufc.com/fighter/Jonathan-Brookins,Released,0,0,profile_only_unlinked_with_fightmetric_id
ce779975-2da9-4680-bf6d-f7f0e88e4a20,Akitoshi Tamura,1063,973,http://www.ufc.com/fighter/Akitoshi-Tamura,Not Fighting,0,0,profile_only_unlinked_with_fightmetric_id
cef2e112-948a-4b08-9872-b234d744625a,Ivan Shtyrkov,3268,,,Not Fighting,1,1,unlinked_with_official_fight_history
cf0c15dc-7a30-490f-8ae6-cb02c26766f1,Jody Poff,,663,http://www.ufc.com/fighter/Jody-Poff,Released,0,0,profile_only_legacy_identity
cf118243-57ae-4ace-8810-1a0fa2de9737,Abdul Azeem Badakhshi,3982,,,Active,0,0,profile_only_unlinked_with_fightmetric_id
cf1fdbd1-5d99-481f-8db1-4ca726a5e3a1,Magno Almeida,1813,,,Not Fighting,0,0,profile_only_unlinked_with_fightmetric_id
cfb6ab19-85cc-489a-b76f-ceb7f294e48d,Josh Bennett,1305,,,Not Fighting,0,0,profile_only_unlinked_with_fightmetric_id
d07220b3-49c9-43ec-a31f-5eb361e0e7d4,Peter Petties,2967,635824,http://www.ufc.com/fighter/Peter-Petties,Active,1,1,unlinked_with_official_fight_history
d07dd2de-430c-4c9a-9d30-ad219cb8d9da,Rodrigo Damm,1367,242247,http://www.ufc.com/fighter/Rodrigo-Damm,Not Fighting,1,1,unlinked_with_official_fight_history
d0fc4978-5be0-46eb-9d13-0764b7ef1bf8,Ty Flores,3488,,,Active,0,0,profile_only_unlinked_with_fightmetric_id
d1047338-2a68-455f-b6d3-87b1a0450df7,Sang Hoon Yoo,3410,,,Active,1,1,unlinked_with_official_fight_history
d135ed4a-69e7-4f33-81de-ac21ed5ccd9b,Marcos Rogerio,,477640,http://www.ufc.com/fighter/marcos-rogerio,Active,0,0,profile_only_legacy_identity
d14f66d5-909e-4e3a-a34a-83823bef6a56,Nick Rossborough,1886,,,Not Fighting,0,0,profile_only_unlinked_with_fightmetric_id
d182192b-0501-47a7-a493-8884da70aab6,Will Chope,2146,464206,http://www.ufc.com/fighter/Will-Chope,Not Fighting,1,1,unlinked_with_official_fight_history
d1db3f37-72fe-4500-9b4e-60678c9b0c56,Dominik Melendez,,,,Active,0,0,profile_only_unlinked_no_stable_fight_bridge
d21181da-32e7-4f90-9327-07993b7c55c9,Jaimee Nievera,3110,659203,http://www.ufc.com/fighter/Jaimee-Nievera,Not Fighting,0,0,profile_only_unlinked_with_fightmetric_id
d241735a-7845-4374-8732-b7d787993686,Fellipe Andrew,4057,,,Active,0,0,profile_only_unlinked_with_fightmetric_id
d2684bb1-a5a6-483e-a9af-3e0154cb3b99,Edgard Castaldelli,,477643,http://www.ufc.com/fighter/edgard-castaldelli,Active,0,0,profile_only_legacy_identity
d2a2e854-53b5-41fc-a601-79d5a843010c,Rainn Guerrero,4041,,,Active,0,0,profile_only_unlinked_with_fightmetric_id
d2f71a2b-ba14-4003-ade5-c4b834eb122e,Josh Wick,3950,,,Active,0,0,profile_only_unlinked_with_fightmetric_id
d315fbf1-3a3f-4ef2-a1a4-1cb0b67a5bdb,Mychal Clark,1301,,,Not Fighting,0,0,profile_only_unlinked_with_fightmetric_id
d3518766-7aef-4f20-a8a4-893f1660e6d6,Anistavio Medeiros,1995,242243,http://www.ufc.com/fighter/Anistavio-Medeiros,Not Fighting,1,1,unlinked_with_official_fight_history
d37a143e-ea6d-44a1-be89-16007fd50f14,Flavio Moura,289,82,http://www.ufc.com/fighter/Flavio-Moura,Not Fighting,1,1,unlinked_with_official_fight_history
d3a14cda-e49d-4664-b2fe-a5a2f0736799,Gerric Hayes,1730,,,Not Fighting,0,0,profile_only_unlinked_with_fightmetric_id
d3c58e0d-2957-4ffb-add2-d141b1497701,Alvaro Ivan Lopez Rodrigues,,,,Not Fighting,0,0,profile_only_unlinked_no_stable_fight_bridge
d3ca9d7b-d016-48dc-abe6-31347254affe,Junye Gao,4031,,,Active,0,0,profile_only_unlinked_with_fightmetric_id
d418a5cc-7cab-41dd-a3b6-09f345113a7d,Jimmy Wallhead,2806,600281,http://www.ufc.com/fighter/jim-wallhead,Not Fighting,2,2,unlinked_with_official_fight_history
d41fdcef-d644-4ee2-877c-8eb719939d5b,Mike Glenn,1708,,,Not Fighting,0,0,profile_only_unlinked_with_fightmetric_id
d4308398-ca9c-4d08-ab2d-9d5b2d2fbe41,Josh Hayes,,637,http://www.ufc.com/fighter/Josh-Hayes,Active,0,0,profile_only_legacy_identity
d483252a-a3b1-4115-8fd8-297e95520ac7,Michael Lombardo,3310,,,Not Fighting,0,0,profile_only_unlinked_with_fightmetric_id
d4d35281-c85e-4c51-9fcf-9c9dd4441a32,James Giboo,332,934,http://www.ufc.com/fighter/James-Giboo,Not Fighting,2,2,unlinked_with_official_fight_history
d4e6855d-3f56-4353-86f3-536dca236370,Jesse Moreng,1127,380,http://www.ufc.com/fighter/Jesse-Moreng,Not Fighting,0,0,profile_only_unlinked_with_fightmetric_id
d5357d07-194d-4826-af5b-a37140639ea8,Elias Urbina,2996,587591,http://www.ufc.com/fighter/elias-urbina,Active,1,1,unlinked_with_official_fight_history
d5528f2c-29a2-44fe-9670-126c898f8c70,Rana Rudra Pratap Singh,3993,,,Active,1,1,unlinked_with_official_fight_history
d5629846-b1fb-44e7-81c2-0935eb9b8417,David Baron,177,959,http://www.ufc.com/fighter/David-Baron,Not Fighting,2,2,unlinked_with_official_fight_history
d57d3713-b53d-4c7c-9514-cf98ce4f3c19,Diallo Baza,,588,http://www.ufc.com/fighter/Diallo-Baza,Released,0,0,profile_only_legacy_identity
d5d24402-8b57-46b0-8d7f-0c73b2f8ad3c,Eric Wray,1232,,,Not Fighting,0,0,profile_only_unlinked_with_fightmetric_id
d6066074-89b4-4285-b76b-506a6ab24e79,Antonio Schembri,829,,,Not Fighting,0,0,profile_only_unlinked_with_fightmetric_id
d6602d95-b678-4faf-ae1f-3a67f6a48cba,Jansey Silva,3688,,,Active,0,0,profile_only_unlinked_with_fightmetric_id
d6661f72-bfcf-42dc-aac5-007c5df5b859,Herschel Walker,1472,,,Not Fighting,0,0,profile_only_unlinked_with_fightmetric_id
d67a9817-1447-4220-98cc-6a86f4d11ed8,Daniel Gallemore,2553,,,Not Fighting,0,0,profile_only_unlinked_with_fightmetric_id
d694cc48-8af3-40a6-9f1d-a4c906b92f3e,Spencer Hearns,1374,,,Not Fighting,0,0,profile_only_unlinked_with_fightmetric_id
d69dc2c6-3e57-49cd-a549-e8de83051e30,Sean Bassett,1217,,,Not Fighting,0,0,profile_only_unlinked_with_fightmetric_id
d6b87695-cfe6-46c0-ab27-15296d589fd6,Erik Mainiai,,578,http://www.ufc.com/fighter/Erik-Mainiai,Released,0,0,profile_only_legacy_identity
d6bd5050-1804-48fa-9ae4-b388bf3a0b19,Rafael Real,,659,http://www.ufc.com/fighter/Rafael-Real,Released,0,0,profile_only_legacy_identity
d6c72cc3-94f4-49f5-b25c-e3c31aae9397,Ray Sefo,1410,,,Not Fighting,0,0,profile_only_unlinked_with_fightmetric_id
d6d7e6d1-817f-4923-9a86-532ba64be3fc,Ian Rammel,1774,,,Not Fighting,0,0,profile_only_unlinked_with_fightmetric_id
d6dc77c5-3157-4c16-a437-eccab8085b95,Kemran Lachinov,2675,,,Not Fighting,0,0,profile_only_unlinked_with_fightmetric_id
d714db03-7fc8-4030-861c-c7d69ab37b14,Luis Sapo,,912,http://www.ufc.com/fighter/Luis-Sapo,Released,0,0,profile_only_legacy_identity
d72f34cf-dec6-46f6-9d8e-e95e9ab93735,Steven Carl,,530250,http://www.ufc.com/fighter/steven-carl,Active,0,0,profile_only_legacy_identity
d74e93ca-9c06-42b9-944e-e9dc91a3c484,Richie Hightower,223,555,http://www.ufc.com/fighter/Richie-Hightower,Not Fighting,3,3,unlinked_with_official_fight_history
d74ebcfe-2058-4ac6-acd4-80e0101b1295,Chris Yee,1205,,,Not Fighting,0,0,profile_only_unlinked_with_fightmetric_id
d77422ed-8c9b-44cb-a1f4-31fd1717effc,Roy Jones,1854,242286,http://www.ufc.com/fighter/Roy-Jones,Not Fighting,0,0,profile_only_unlinked_with_fightmetric_id
d7754bc6-a72f-4412-890a-c36ff594b962,Liu Ce,4555,,,Active,1,1,unlinked_with_official_fight_history
d782a775-f2c5-463d-9fb4-b44621b32e4c,Sokun Koh,757,,,Not Fighting,0,0,profile_only_unlinked_with_fightmetric_id
d7b466bc-fc25-4ea1-b163-9885a4f8c1c1,Ryan Roberts,640,905,http://www.ufc.com/fighter/Ryan-Roberts,Released,1,1,unlinked_with_official_fight_history
d7fc0839-1a7d-4e80-94ad-eaf8a73671d2,Felipe Pena,4056,,,Active,1,1,unlinked_with_official_fight_history
d80f5aa3-f1b1-46b7-9017-12a70e3b86aa,Elaina Maxwell,1198,,,Not Fighting,0,0,profile_only_unlinked_with_fightmetric_id
d8363b5a-dd95-4ad2-b096-cb2eee6fdd54,Marcos Conrado Junior,3166,,,Active,0,0,profile_only_unlinked_with_fightmetric_id
d83f6e43-ca3e-4630-b609-b28b20b57a4e,Dennis Bryant,3154,661599,http://www.ufc.com/fighter/Dennis-Bryant,Not Fighting,0,0,profile_only_unlinked_with_fightmetric_id
d84d2ded-a93b-4224-84e4-5b62b6c1e182,Kazushi Sakuraba,110,105,http://www.ufc.com/fighter/Kazushi-Sakuraba,Not Fighting,2,2,unlinked_with_official_fight_history
d8572721-b923-4237-870d-f72aa745f453,Mark Climaco,3976,,,Active,1,1,unlinked_with_official_fight_history
d8815c25-e3e0-44ce-912f-f55ed93e7681,Chris Fields,,480095,http://www.ufc.com/fighter/chris-fields,Active,0,0,profile_only_legacy_identity
d8a190e2-e377-4b8c-8fc5-923d8a9374d4,Johnny Fadella,,613,http://www.ufc.com/fighter/Johnny-Fadella,Released,0,0,profile_only_legacy_identity
d8ac73a9-479c-4d1d-800e-bc7977866ae5,Ed Ratcliff,1023,452,http://www.ufc.com/fighter/Ed-Ratcliff,Not Fighting,1,1,unlinked_with_official_fight_history
d8c095cb-d9f1-4da4-a20b-1d0d75054674,Manuel Rodriguez,2034,290157,http://www.ufc.com/fighter/manuel-rodriguez,Not Fighting,1,1,unlinked_with_official_fight_history
d8cacf04-8830-4851-94e0-ba17bf7a536f,Jenna Castillo,1747,,,Not Fighting,0,0,profile_only_unlinked_with_fightmetric_id
d906be6a-e090-48d4-b0ce-265f1284ed27,Jaime Alvarez,2978,635980,http://www.ufc.com/fighter/Jamie-Alvarez,Active,1,1,unlinked_with_official_fight_history
d914e5d3-00ee-4684-98de-40c18557acb7,Austin Springer,3092,656958,http://www.ufc.com/fighter/Austin-Springer,Not Fighting,1,1,unlinked_with_official_fight_history
d9365764-a5a5-46d4-8de7-57c71226496d,Joachim Hansen,731,,,Not Fighting,0,0,profile_only_unlinked_with_fightmetric_id
d9851627-4cd9-4c09-aadb-051a6796c9cd,Kazunori Yokota,1180,,,Not Fighting,0,0,profile_only_unlinked_with_fightmetric_id
d98b8ece-00a5-45bc-be9e-868b3b65d3f4,Jason Ireland,742,,,Not Fighting,0,0,profile_only_unlinked_with_fightmetric_id
d9a8c86b-7260-451a-9038-68922f9b51f5,Dave Cochran,1383,,,Not Fighting,0,0,profile_only_unlinked_with_fightmetric_id
da6af785-48f0-4cef-a98d-2845bb402dfd,Randy Bowers,,628,http://www.ufc.com/fighter/Randy-Bowers,Released,0,0,profile_only_legacy_identity
da9bba1b-5a00-459b-9526-cf2e132fc0f4,Muhsin Corbbrey,1073,1093,http://www.ufc.com/fighter/Muhsin-Corbbrey,Not Fighting,2,2,unlinked_with_official_fight_history
dab43b8f-cefc-4e55-9cef-8b60a91a8b9c,Helen Harper,,587593,http://www.ufc.com/fighter/helen-harper,Active,0,0,profile_only_legacy_identity
dad17e80-c07c-46d6-9364-ca2fbe1b0b2c,Maiju Kujala,1619,,,Not Fighting,0,0,profile_only_unlinked_with_fightmetric_id
dae77866-e752-487d-96bc-97147a8dab4a,Chi Lewis-Parry,3418,,,Not Fighting,0,0,profile_only_unlinked_with_fightmetric_id
db060157-78b2-4506-a3a1-6483d2a04467,Mashrabjon Ruzibaev,4319,,,Not Fighting,1,1,unlinked_with_official_fight_history
db5549cf-72e6-4ec3-960a-4686276499b6,Cesar Gracie,1213,,,Not Fighting,0,0,profile_only_unlinked_with_fightmetric_id
db6273a4-bffa-4125-a4cf-db320ea09b42,Jose Landi-Jons,762,162,http://www.ufc.com/fighter/Jose-Landi-Jons,Not Fighting,0,0,profile_only_unlinked_with_fightmetric_id
dba3fc33-6fba-4704-b77c-c44e0965a669,Alberto Cerro Leon,587,215,http://www.ufc.com/fighter/Alberto-Cerro-Leon,Not Fighting,1,1,unlinked_with_official_fight_history
dc64c2e7-022a-4a85-b801-cdb91d9af7e4,Janaina Silva,4017,,,Active,0,0,profile_only_unlinked_with_fightmetric_id
dc67c5cc-ac30-4fb5-b7fe-53ea17e3c62b,Slim Trabelsi,3948,,,Not Fighting,0,0,profile_only_unlinked_with_fightmetric_id
dc7defd8-a237-4a99-8cc7-cf5e938bad16,Dieusel Berto,8,171,http://www.ufc.com/fighter/Dieusel-Berto,Not Fighting,1,1,unlinked_with_official_fight_history
dca62edf-d827-44d2-ad8f-dfed38cb2100,Ryan Stonitsch,1106,896,http://www.ufc.com/fighter/Ryan-Stonitsch,Not Fighting,0,0,profile_only_unlinked_with_fightmetric_id
dcbc899e-f309-4000-8a09-445dc5215655,Bilal Hasan,4568,,,Active,1,1,unlinked_with_official_fight_history
dcd30fd5-5c05-498a-b532-fc10c7110fd4,Kyle Levinton,1241,,,Not Fighting,0,0,profile_only_unlinked_with_fightmetric_id
dd5ed9bb-f1f1-464d-a2dd-b03d77590cf6,Kazuma Maruyama,3990,,,Active,1,1,unlinked_with_official_fight_history
dd62e5f2-a6e3-44e0-aeef-21f83e4a80fd,Alex Gilpin,3158,,,Active,0,0,profile_only_unlinked_with_fightmetric_id
dd6acc3a-930e-41a5-b558-70e96c5d2b92,Tulio Palhares,602,909,http://www.ufc.com/fighter/Tulio-Palhares,Not Fighting,1,1,unlinked_with_official_fight_history
dd8efe6e-ebc8-4296-96a0-e0c8ea935137,RJ Clifford,1552,,,Not Fighting,0,0,profile_only_unlinked_with_fightmetric_id
dda09838-06a5-4a3e-8e92-526d491e207d,Cheyden Leialoha,2946,632978,http://www.ufc.com/fighter/Cheyden-Leialoha,Not Fighting,1,1,unlinked_with_official_fight_history
ddf12458-c4c4-49b1-8f5d-492db8854142,Rami Hamed,4118,,,Active,0,0,profile_only_unlinked_with_fightmetric_id
de330826-59cb-4e23-9c66-780e828c463d,Kaleo Kwan,1370,,,Not Fighting,0,0,profile_only_unlinked_with_fightmetric_id
de3c8871-f364-40a2-a929-78cde97d109e,Davi Costa,,,,Active,0,0,profile_only_unlinked_no_stable_fight_bridge
de4de974-0094-4d63-a053-67cfeaef4365,Asikerbai Jinensibieke,3822,,,Not Fighting,0,0,profile_only_unlinked_with_fightmetric_id
de80ec5a-ccf5-42d3-8305-953eeb22c16f,Abdel Medjedoub,,587579,http://www.ufc.com/fighter/abdel-medjedoub,Active,0,0,profile_only_legacy_identity
de8441ae-f6d7-4b7a-9b18-0adcf370555e,Lee Sandmeier,,453475,http://www.ufc.com/fighter/Lee-Sandmeier,Active,0,0,profile_only_legacy_identity
dea5b176-75b4-4c43-8aae-e83e854b4c3b,J.R. Coughran,,661597,http://www.ufc.com/fighter/JR-Coughran,Active,0,0,profile_only_legacy_identity
deb65ab2-306a-4377-9a35-d9ce61fe3958,Micahel Pastou,,290174,http://www.ufc.com/fighter/michael-pastou,Active,0,0,profile_only_legacy_identity
ded4981b-cfb3-4a22-916e-caae30c72c09,Matt Lee,1273,,,Not Fighting,0,0,profile_only_unlinked_with_fightmetric_id
def5db2f-425e-4c5b-a712-fab4be01ea72,Valdir Araujo,,530257,http://www.ufc.com/fighter/valdir-araujo,Active,0,0,profile_only_legacy_identity
deffe4f2-d1cc-447a-9b2e-61a4e15900da,Herman Renting,818,,,Not Fighting,0,0,profile_only_unlinked_with_fightmetric_id
df54452e-2633-47bd-8a0f-135e7fd53d36,TJ Cook,1837,242115,http://www.ufc.com/fighter/TJ-Cook,Not Fighting,1,1,unlinked_with_official_fight_history
df579eb6-7ff8-4478-8703-411267205459,Cody Chovancek,4436,,,Active,0,0,profile_only_unlinked_with_fightmetric_id
df69e130-f972-44e3-a607-ee7b015232d3,Lumumba Sayers,1345,242757,http://www.ufc.com/fighter/Lumumba-Sayers,Not Fighting,2,2,unlinked_with_official_fight_history
df80dafe-b1d8-4178-8411-dee5e44fe5f8,Toby Misech,3075,657473,http://www.ufc.com/fighter/Toby-Misech,Active,0,0,profile_only_unlinked_with_fightmetric_id
dfa3db17-31f7-411d-b519-75d98d873029,Nariman Abbassov,3910,,,Active,0,0,profile_only_unlinked_with_fightmetric_id
dfba9212-5428-4173-8f36-c6988c26fe71,JW Wright,1710,,,Not Fighting,0,0,profile_only_unlinked_with_fightmetric_id
dfdaf286-1470-4647-8f80-052be89aaf72,Jeremiah Billington,1114,537,http://www.ufc.com/fighter/Jeremiah-Billington,Not Fighting,0,0,profile_only_unlinked_with_fightmetric_id
dfe25b67-fd60-42f9-9f6f-e52ddca96496,Houssain Oushani,,678,http://www.ufc.com/fighter/Houssain-Oushani,Released,0,0,profile_only_legacy_identity
dffc2c5d-11b2-4f8d-8b32-840515cc1774,Bharat Kandare,3026,643438,http://www.ufc.com/fighter/Bharat-Kandare,Not Fighting,2,2,unlinked_with_official_fight_history
e00142cc-77c3-4f1b-b9b2-062f4a7fc6c5,Sam Liera,1265,,,Not Fighting,0,0,profile_only_unlinked_with_fightmetric_id
e03bd7c6-5563-4f50-aef5-8e06542b5e4c,Kate Jackson,,587583,http://www.ufc.com/fighter/kate-jackson,Active,0,0,profile_only_legacy_identity
e04a029f-be4d-43d3-8bef-32225130cce2,Alessandro Ricci,2819,603198,http://www.ufc.com/fighter/alesandro-ricci,Not Fighting,2,2,unlinked_with_official_fight_history
e055faee-d420-4e37-b913-a626e38a2e42,Billy Pasulatan,3974,,,Active,1,1,unlinked_with_official_fight_history
e059902e-9afe-4587-bbfd-43ebe78a7ebf,Jair Farias,,,,Active,0,0,profile_only_unlinked_no_stable_fight_bridge
e082f9a2-56ca-454e-b4b1-6068c1c496af,Carlos Baretto,100,41,http://www.ufc.com/fighter/Carlos-Baretto,Not Fighting,1,1,unlinked_with_official_fight_history
e0967968-cea0-451b-b942-14fd04b69a30,Sam Wells,,583,http://www.ufc.com/fighter/Sam-Wells,Released,0,0,profile_only_legacy_identity
e0bd6921-e3d2-4d88-bdeb-ff7333e46106,Chris Solomon,,887,http://www.ufc.com/fighter/Chris-Solomon,Released,0,0,profile_only_legacy_identity
e1110eed-571a-4b85-8b20-1ac4305d74f7,Harrison Garcia,,,,Active,0,0,profile_only_unlinked_no_stable_fight_bridge
e1259ed2-e7b9-4950-8aeb-f441dadfe5f2,Sam Spengler,1223,,,Not Fighting,0,0,profile_only_unlinked_with_fightmetric_id
e1328449-2073-4622-8b61-5ea52811858c,Tom Tuggle,1220,,,Not Fighting,0,0,profile_only_unlinked_with_fightmetric_id
e13baddf-c655-4353-8ae3-4bca6de86da1,Justin Robbins,1036,528,http://www.ufc.com/fighter/Justin-Robbins,Not Fighting,0,0,profile_only_unlinked_with_fightmetric_id
e163e7de-0ebb-4b3d-bcb5-1aceb004d5b2,Askar Askar,3637,,,Not Fighting,1,1,unlinked_with_official_fight_history
e1b912ba-0f38-4bfa-a7f5-6a05b85f742e,Felipe Andrew,,,,Active,0,0,profile_only_unlinked_no_stable_fight_bridge
e1f24d35-62be-4be7-9e48-13f05673b6d0,Rico Farrington,3360,,,Active,0,0,profile_only_unlinked_with_fightmetric_id
e1f9d90d-1c22-4da6-a3fd-274656b82d45,Lloyd Van Dams,854,,,Not Fighting,0,0,profile_only_unlinked_with_fightmetric_id
e2151775-bcae-49b3-9694-d2be3563ef35,Dave Berry,556,170,http://www.ufc.com/fighter/Dave-Berry,Not Fighting,1,1,unlinked_with_official_fight_history
e22aae6e-ffe6-4d1c-8e96-da0d4bd787d2,Paul Morris,,517,http://www.ufc.com/fighter/Paul-Morris,Released,0,0,profile_only_legacy_identity
e22e6ed1-e4cd-4068-9a80-520a28ec0db6,Valentijn Overeem,809,,,Not Fighting,0,0,profile_only_unlinked_with_fightmetric_id
e24ee3dd-9324-4b8d-b8e4-63a042b53b8e,Tommy Wauchope,,530229,http://www.ufc.com/fighter/tommy-wauchope-bud-light-living-champion,Not Fighting,0,0,profile_only_legacy_identity
e2663dde-1ca5-4f03-8742-c8785b4cc126,Jack May,2194,472737,http://www.ufc.com/fighter/Jack-May,Not Fighting,0,0,profile_only_unlinked_with_fightmetric_id
e316ada5-7a18-40b0-a3b0-ab55d225b046,Ricardo Morais,784,,,Not Fighting,0,0,profile_only_unlinked_with_fightmetric_id
e3369939-3346-4afa-9aed-834b998384b2,Derek Getzel,1688,,,Not Fighting,0,0,profile_only_unlinked_with_fightmetric_id
e33f1096-f877-4051-b257-3a71e08ae6c7,Jay White,,579,http://www.ufc.com/fighter/Jay-White,Released,0,0,profile_only_legacy_identity
e34dcb4b-624b-4573-aef7-d8a5e5561a1d,Takayo Hashi,1479,,,Not Fighting,0,0,profile_only_unlinked_with_fightmetric_id
e361351f-364a-423e-9dce-5919eb6dbdc3,He-Man Gipson,569,52,http://www.ufc.com/fighter/He-Man-Gipson,Not Fighting,1,1,unlinked_with_official_fight_history
e37be35a-7684-47a4-9ddb-616124218946,Mayana Kellem,3175,662493,http://www.ufc.com/fighter/Mayana-Kellem,Not Fighting,0,0,profile_only_unlinked_with_fightmetric_id
e37d4652-2083-47bd-aa78-913f1a004412,Brian Olsen,,688,http://www.ufc.com/fighter/Brian-Olsen,Released,0,0,profile_only_legacy_identity
e3911146-56e7-44c0-b472-04a4502359a3,Chris Bostick,1329,,,Not Fighting,0,0,profile_only_unlinked_with_fightmetric_id
e3aabe7f-034f-4409-bb86-55ab99a529b6,Gary Tapusoa,1445,,,Not Fighting,0,0,profile_only_unlinked_with_fightmetric_id
e3ad0c07-7022-4164-bb4c-2bca23c19fe0,Steve Steinbeiss,964,956,http://www.ufc.com/fighter/Steve-Steinbeiss,Not Fighting,9,9,unlinked_with_official_fight_history
e3b98354-3923-4517-ae46-c06605eb3e1f,Tony Peterra,74,96,http://www.ufc.com/fighter/Tony-Peterra,Not Fighting,1,1,unlinked_with_official_fight_history
e3e32a7b-5db6-43da-87ca-9f5b30f348e0,Kenny Ento,,705,http://www.ufc.com/fighter/Kenny-Ento,Released,0,0,profile_only_legacy_identity
e3e5f746-b316-4304-aee0-2d70432f8cd9,Ryan Bastianelli,1325,,,Not Fighting,0,0,profile_only_unlinked_with_fightmetric_id
e3f749f2-65c4-40ab-84f9-9cd1aab4fd98,Simon Biyong,3580,,,Active,0,0,profile_only_unlinked_with_fightmetric_id
e424d1ea-dade-40e2-8f19-9c5f3b966854,Todd Moore,919,558,http://www.ufc.com/fighter/Todd-Moore,Not Fighting,0,0,profile_only_unlinked_with_fightmetric_id
e459b891-697d-46e5-8ac9-b9ba324bccff,Neil Wain,617,914,http://www.ufc.com/fighter/Neil-Wain,Not Fighting,2,2,unlinked_with_official_fight_history
e4be148b-f764-4489-8cdf-2af89ec9df07,Matt Skelton,836,,,Not Fighting,0,0,profile_only_unlinked_with_fightmetric_id
e4ce02ae-fa30-4ef0-8c27-c3b22a0f6d70,Gleidson Cutis,3187,662537,http://www.ufc.com/fighter/Gleidson-Cutis,Not Fighting,0,0,profile_only_unlinked_with_fightmetric_id
e4d9a2eb-6504-4762-907d-c9557fe6f353,Brandon Magana,1330,,,Not Fighting,0,0,profile_only_unlinked_with_fightmetric_id
e52636c8-ab53-4966-ba2b-21122807dacf,Alexander Morgan,3915,,,Not Fighting,0,0,profile_only_unlinked_with_fightmetric_id
e535f774-4070-4f1e-976e-a57984991692,Lemont Davis,1282,,,Not Fighting,0,0,profile_only_unlinked_with_fightmetric_id
e571ee07-46c2-4204-b6a4-8c1486207261,Virgil Zwicker,1664,242830,http://www.ufc.com/fighter/Virgil-Zwicker,Not Fighting,2,2,unlinked_with_official_fight_history
e5b3f8cd-07ff-4b29-b756-036353f73041,Rodrigo Ruas,321,294,http://www.ufc.com/fighter/Rodrigo-Ruas,Not Fighting,2,2,unlinked_with_official_fight_history
e5c18415-b542-4df3-bba9-6242ac33e7be,Joilton Lutterbach,4234,,,,0,0,profile_only_unlinked_with_fightmetric_id
e6715442-2177-4384-adcb-d41539610c16,Scott Ventimiglia,1385,,,Not Fighting,0,0,profile_only_unlinked_with_fightmetric_id
e674b24b-b9a8-4855-ab0c-460abc691db9,Namsrai Batbayar,4329,,,,3,3,unlinked_with_official_fight_history
e6a3d690-b1c2-4c64-add9-fb1f7c89b61b,Jackie Lee,586,213,http://www.ufc.com/fighter/Jackie-Lee,Not Fighting,2,2,unlinked_with_official_fight_history
e6b0a86c-8abd-4f40-9151-e392dfdd143c,Ronal Siahaan,3979,,,Active,1,1,unlinked_with_official_fight_history
e71668cc-92e8-4539-851f-37619d3682c3,Carlo Pedersoli,3088,656035,http://www.ufc.com/fighter/Carlo-Pedersoli,Not Fighting,3,3,unlinked_with_official_fight_history
e74e1115-bb9a-4ba5-ad65-206175ea3c81,Xue Do Won,860,,,Not Fighting,0,0,profile_only_unlinked_with_fightmetric_id
e7a10bb1-1763-47fc-be81-f74e25bbd85f,Wang Anying,2188,472512,http://www.ufc.com/fighter/Anying-Wang,Not Fighting,2,2,unlinked_with_official_fight_history
e7b904cc-7139-40b4-968f-1ae7839b4148,Bryan Travers,1512,,,Not Fighting,0,0,profile_only_unlinked_with_fightmetric_id
e81fa9ae-ccea-49c1-a015-d93662b441dd,Dan Marks,,684,http://www.ufc.com/fighter/Dan-Marks,Released,0,0,profile_only_legacy_identity
e823eb84-8894-47e9-9533-8eab90c79d7a,Fernando Bettega,1692,,,Not Fighting,0,0,profile_only_unlinked_with_fightmetric_id
e8291239-4cea-420c-958a-7391c1053b91,Ray Rodriguez,3392,,,Not Fighting,2,2,unlinked_with_official_fight_history
e8acf990-9063-48cf-9be3-5680a9e71809,Jimmy Lawson,3876,,,Not Fighting,0,0,profile_only_unlinked_with_fightmetric_id
e8b447b9-3449-4cb6-8582-fe72faccd6fa,Cameron Nelson,4631,,,Active,1,1,unlinked_with_official_fight_history
e8f2671a-654e-4ee7-9f5f-345bf5ce4943,Jeremia Siregar,3819,,,Not Fighting,1,1,unlinked_with_official_fight_history
e91ce300-4afb-45f5-863a-f529b5bafca1,Demetrius Gioulacos,720,,,Not Fighting,0,0,profile_only_unlinked_with_fightmetric_id
e94c02df-8622-4f12-8ada-9b5bd3f32da4,Juan Puerta,3709,,,Not Fighting,0,0,profile_only_unlinked_with_fightmetric_id
e9592733-b877-4586-859e-a4ad40f86614,Rex Richards,1237,,,Not Fighting,0,0,profile_only_unlinked_with_fightmetric_id
ea08b301-a78a-4570-b049-78712503da7e,Kazuyuki Fujita,716,,,Not Fighting,0,0,profile_only_unlinked_with_fightmetric_id
ea0fcf52-8d22-41b3-aaa6-b77484e12da4,Corey Salter,,850,http://www.ufc.com/fighter/Corey-Salter,Released,0,0,profile_only_legacy_identity
ea20620c-30ff-4410-bc11-1d6816231034,Ray Routh,1207,,,Not Fighting,0,0,profile_only_unlinked_with_fightmetric_id
ea3b7698-c401-442d-b500-2487d6543a02,Deshaun Johnson,2112,645,http://www.ufc.com/fighter/Deshaun-Johnson,Not Fighting,0,0,profile_only_unlinked_with_fightmetric_id
ea59574f-8018-4f30-9eb0-c07b6c4bedc0,Izabela Badurek,2468,522868,http://www.ufc.com/fighter/izabela-badurek,Not Fighting,1,1,unlinked_with_official_fight_history
ea81c1d3-f0f0-484e-849f-83acccc9ecf1,Adam Schindler,1609,,,Not Fighting,0,0,profile_only_unlinked_with_fightmetric_id
eae3df32-c3f2-4e68-b88c-5c395fbfb82e,Jason Freeman,1773,,,Not Fighting,0,0,profile_only_unlinked_with_fightmetric_id
eaf1ecc2-757d-46fb-914e-80c7a5351a5d,Micol Di Segni,3402,,,Not Fighting,0,0,profile_only_unlinked_with_fightmetric_id
eb34a96c-5b69-4d85-b886-0b92ae96606d,Przemyslaw Mysiala,,,,Not Fighting,0,0,profile_only_unlinked_no_stable_fight_bridge
eb4ad848-b4a9-48d9-97b3-f99a17810632,Kevin Knabjian,1071,493,http://www.ufc.com/fighter/Kevin-Knabjian,Not Fighting,0,0,profile_only_unlinked_with_fightmetric_id
eb694a27-2ad9-47d3-9d27-d67c1062dc9b,Chris Mickle,1094,1027,http://www.ufc.com/fighter/Chris-Mickle,Not Fighting,0,0,profile_only_unlinked_with_fightmetric_id
eb6c9cb8-878b-4697-a02c-2c5874ae5ad8,William Marcario,,,,Not Fighting,0,0,profile_only_unlinked_no_stable_fight_bridge
ebb651f5-323f-41e3-a8bd-1daee69f9a00,Yusuke Imamura,739,,,Not Fighting,0,0,profile_only_unlinked_with_fightmetric_id
ebce3d5d-9542-4406-9d91-7ba967c439ea,Chris Barnhizer,1734,,,Not Fighting,0,0,profile_only_unlinked_with_fightmetric_id
ec193d7b-f781-4e77-8c7b-f273fed839d1,Christopher Sanford,,438,http://www.ufc.com/fighter/Christopher-Sanford,Released,0,0,profile_only_legacy_identity
ec4e1098-96cb-4f67-bd31-0bfd2176af69,Shinya Aoki,676,,,Not Fighting,0,0,profile_only_unlinked_with_fightmetric_id
ec5668e1-5e4d-49a9-9444-e7a6f18d1958,Shunichi Shimizu,2132,462282,http://www.ufc.com/fighter/Shunichi-Shimizu,Not Fighting,1,1,unlinked_with_official_fight_history
ec8c3dcc-f585-4044-bf78-79d5a18c73f0,Victor Rodriguez,3611,,,Not Fighting,2,2,unlinked_with_official_fight_history
ec9155a1-9b0d-4544-ad8f-a8a089823136,Aaron Wetherspoon,1261,,,Not Fighting,0,0,profile_only_unlinked_with_fightmetric_id
ed2643f2-a6e1-46cf-abdc-845566b6b703,Marcus Blood,,417,http://www.ufc.com/fighter/Marcus-Blood,Released,0,0,profile_only_legacy_identity
ed6b8e22-a549-47a1-a04c-3ebb62a6293a,Kenji Osawa,1047,1072,http://www.ufc.com/fighter/Kenji-Osawa,Not Fighting,0,0,profile_only_unlinked_with_fightmetric_id
ed6d7297-5ea7-4fb2-8401-741f9047033d,Alexandre Cidade,,526251,http://www.ufc.com/fighter/tuf-brasil4-alexandre-cidade,Active,0,0,profile_only_legacy_identity
ed77818c-dac4-4a26-b725-a871a56ce10e,SeongChan Hong,3988,,,Active,1,1,unlinked_with_official_fight_history
ed83bbdc-08c8-4161-829a-24a8f0d6b1a5,Ricardo Barros,1134,978,http://www.ufc.com/fighter/Ricardo-Barros,Not Fighting,0,0,profile_only_unlinked_with_fightmetric_id
ed94a26b-88a7-457f-9586-01e80a835f5e,John Kuhner,1779,,,Not Fighting,0,0,profile_only_unlinked_with_fightmetric_id
eda6b6d3-61f2-44a9-bcaa-3fc491f0aea8,Francesco Nuzzi,4652,,,Active,1,1,unlinked_with_official_fight_history
edc07a02-db1e-4b95-9753-8054c601d242,Theo Rlayang,3694,,,Not Fighting,0,0,profile_only_unlinked_with_fightmetric_id
eddf711c-327c-415b-9abe-1fe2e87a27d9,Kurt Osiander,1358,,,Not Fighting,0,0,profile_only_unlinked_with_fightmetric_id
ede3dcef-415f-4963-a51b-f80501394a59,Jamelle Jones,2966,635828,http://www.ufc.com/fighter/Jamelle-Jones,Active,1,1,unlinked_with_official_fight_history
ee599064-08fc-4558-bb17-7cff8c52b84a,Richard Dalton,1270,,,Not Fighting,0,0,profile_only_unlinked_with_fightmetric_id
eeac13a5-a995-43e3-aad7-2f4e900cdaaf,Erik Apple,1130,381,http://www.ufc.com/fighter/Erik-Apple,Not Fighting,0,0,profile_only_unlinked_with_fightmetric_id
eeae232f-45d3-40c2-a24e-d3a3638befc4,Dave Galera,2148,463240,http://www.ufc.com/fighter/Dave-Galera,Not Fighting,1,1,unlinked_with_official_fight_history
eec670d6-5e49-4717-bce7-69f1ee77f2ca,Sumit Kumar,3980,,,Active,1,1,unlinked_with_official_fight_history
eeda7252-1ed5-4cff-90e0-a14f59d152b9,Yosuke Nishijima,796,,,Not Fighting,0,0,profile_only_unlinked_with_fightmetric_id
eee826b0-f792-4c18-be75-b45bb138afc5,Ryan Schultz,,617,http://www.ufc.com/fighter/Ryan-Schultz,Released,0,0,profile_only_legacy_identity
eefa88a2-f738-4e54-91ed-97093aba7052,Dallas Marron,,,,Active,1,1,unlinked_with_official_fight_history
ef271dc5-01bf-4a33-8fe0-aff3ffd73278,Amir Rahnavardi,815,654,http://www.ufc.com/fighter/Amir-Rahnavardi,Not Fighting,0,0,profile_only_unlinked_with_fightmetric_id
ef2e4350-773c-4c7c-88a0-92bd44fc40f0,Jose Augusto,3566,,,Active,0,0,profile_only_unlinked_with_fightmetric_id
ef4571a7-115c-410f-8500-ac0708ce8e9f,Kitt Campbell,,,,Active,2,2,unlinked_with_official_fight_history
ef888c53-a53c-43c7-982e-c71c92459b14,Nasrudin Nasrudinov,3666,,,Active,0,0,profile_only_unlinked_with_fightmetric_id
efbaf9d3-0209-4a7a-8a11-2cfd1efb0f54,Alex Khanbabian,,585,http://www.ufc.com/fighter/Alex-Khanbabian,Released,0,0,profile_only_legacy_identity
efe0ceee-cb61-4d18-a7d8-6a0f58b5053e,Josh Jarvis,1736,,,Not Fighting,0,0,profile_only_unlinked_with_fightmetric_id
f001fb1d-0af3-43cb-92c0-8a68fb8294a6,Alfred Khashakyan,2923,631541,http://www.ufc.com/fighter/Alfred-Khashakyan,Not Fighting,1,1,unlinked_with_official_fight_history
f00d9aa7-60f3-4247-abdd-ad4d056758b6,Qihui Yan,3714,,,,1,1,unlinked_with_official_fight_history
f02035eb-94aa-4d89-adf6-0a76ef7c7cac,Albert Cheng,2187,471296,http://www.ufc.com/fighter/Albert-Cheng,Not Fighting,1,1,unlinked_with_official_fight_history
f066223f-7d9f-4f50-856c-bcefc726c6a9,Raymond Daniels,1316,,,Not Fighting,0,0,profile_only_unlinked_with_fightmetric_id
f079a73c-d384-4f12-8bc5-d55dd7310d94,Hannibal Adofo,,600,http://www.ufc.com/fighter/Hannibal-Adofo,Released,0,0,profile_only_legacy_identity
f07b4f0a-8e6f-4a5a-a723-dc98a979202f,Anton Berzin,2983,480092,http://www.ufc.com/fighter/anton-berzin,Not Fighting,1,1,unlinked_with_official_fight_history
f0880fb4-55ba-4afc-84cf-8a7c97ae578a,Ashe Bowman,1335,863,http://www.ufc.com/fighter/Ashe-Bowman,Not Fighting,0,0,profile_only_unlinked_with_fightmetric_id
f0a15c43-46bd-4ccc-8a52-f0138456b56c,Francesco Maturi,594,72,http://www.ufc.com/fighter/Francesco-Maturi,Not Fighting,1,1,unlinked_with_official_fight_history
f0a99e25-b8e6-4153-94d4-d876bed41d9d,Gregory Bouchelaghem,689,,,Not Fighting,0,0,profile_only_unlinked_with_fightmetric_id
f0aadf40-4f46-482c-b1d2-c2903faf5f52,Zack Micklewright,1174,1137,http://www.ufc.com/fighter/Zack-Micklewright,Not Fighting,1,1,unlinked_with_official_fight_history
f0ae12d9-f8ab-45e3-9b7e-dcb29db82b1a,Felipe Portela,1870,530263,http://www.ufc.com/fighter/felipe-portela,Not Fighting,0,0,profile_only_unlinked_with_fightmetric_id
f0be20a5-5dc3-4cab-89f5-e05f42e4aeca,Sarah Alpar,3390,,,Not Fighting,4,4,unlinked_with_official_fight_history
f1bd5cb6-5482-423c-a25f-4310cc82cd59,Kory Hangas,,409,http://www.ufc.com/fighter/Kory-Hangas,Released,0,0,profile_only_legacy_identity
f20c72d3-f846-4281-bf06-3d8fa9dabfa2,James Cottrell,,860,http://www.ufc.com/fighter/James-Cottrell,Released,0,0,profile_only_legacy_identity
f249fdf3-357a-46ba-8f83-f6b5cb34a589,Karolina Wojcik,3854,,,Active,0,0,profile_only_unlinked_with_fightmetric_id
f24d49da-ad30-4ac9-81c7-5e2e8a2773b3,Chase Beebe,922,371,http://www.ufc.com/fighter/Chase-Beebe,Not Fighting,0,0,profile_only_unlinked_with_fightmetric_id
f2b199fd-4ea6-4d17-96c1-500aaae5f7c9,Scott Fielder,564,47,http://www.ufc.com/fighter/Scott-Fielder,Not Fighting,1,1,unlinked_with_official_fight_history
f2d2e840-a45a-4953-a002-4780794cbeb9,Karlos Vermola,,57334,http://www.ufc.com/fighter/Karlos-Vermola,Active,0,0,profile_only_legacy_identity
f2d5c30e-e24c-401b-bfc8-b4d1f1e2e42c,Gennaro Strangis,1324,,,Not Fighting,0,0,profile_only_unlinked_with_fightmetric_id
f3048adb-ec04-4ed2-9004-fad2664777d2,Zelg Galesic,718,,,Not Fighting,0,0,profile_only_unlinked_with_fightmetric_id
f3953d1b-1e3b-40d7-81b9-7b58298aee97,Solomon Renfro,3734,,,Active,0,0,profile_only_unlinked_with_fightmetric_id
f3a57848-9478-4bf3-93d4-211b2dac845d,Koya Kanda,3991,,,Active,1,1,unlinked_with_official_fight_history
f402adf8-236f-457b-9d71-3e92291c9155,Alexander Crispim,1457,,,Not Fighting,0,0,profile_only_unlinked_with_fightmetric_id
f417fc1b-5bab-4358-b53b-0079bc73b8c5,Dashon Johnson,2259,486255,http://www.ufc.com/fighter/Dashon-Johnson,Not Fighting,2,2,unlinked_with_official_fight_history
f465ced7-745c-49ac-92ab-5cb7d153ef08,Ivan Lopez,1045,1039,http://www.ufc.com/fighter/Ivan-Lopez,Released,0,0,profile_only_unlinked_with_fightmetric_id
f46ebf57-79fc-42fe-a8f5-ccab3924752e,Eldo Xavier Dias,40,,,Not Fighting,0,0,profile_only_unlinked_with_fightmetric_id
f49a1d4d-7919-4d35-8fd8-9402d11ad09b,Akira Shoji,833,,,Not Fighting,0,0,profile_only_unlinked_with_fightmetric_id
f4cacefc-1070-47af-8d0c-02f8c83f6082,Robert Lucarelli,589,218,http://www.ufc.com/fighter/Robert-Lucarelli,Not Fighting,1,1,unlinked_with_official_fight_history
f4fb2293-6353-43bf-9bf0-d33a05a7c1d3,Rick Palacios,3076,657474,http://www.ufc.com/fighter/Rick-Palacios,Active,0,0,profile_only_unlinked_with_fightmetric_id
f5013814-2c4c-430f-b45e-a4ee5b53db7c,Wander Braga,,838,http://www.ufc.com/fighter/Wander-Braga,Released,0,0,profile_only_legacy_identity
f587349d-70a5-4e3f-bc95-423fb83d6df0,Victor Valenzuela,1259,,,Not Fighting,0,0,profile_only_unlinked_with_fightmetric_id
f59c82cf-968d-4139-84a5-ef35213f0b93,Joe Merritt,2579,536410,http://www.ufc.com/fighter/joe-merritt,Not Fighting,0,0,profile_only_unlinked_with_fightmetric_id
f5b33277-4606-4f3e-94cf-73f220c49f84,Mateo Vogel,4068,,,Active,0,0,profile_only_unlinked_with_fightmetric_id
f5c79980-9e00-4616-b0c2-804f953ea45a,Humberto DeLeon,1614,,,Not Fighting,0,0,profile_only_unlinked_with_fightmetric_id
f5d553c3-09d9-4675-a34d-a453bc98aee8,Alexandre Nogueira,1048,910,http://www.ufc.com/fighter/Alexandre-Nogueira,Not Fighting,0,0,profile_only_unlinked_with_fightmetric_id
f5e00569-ddd4-4008-9997-4042e60eda19,Sean Salmon,316,1086,http://www.ufc.com/fighter/Sean-Salmon,Not Fighting,3,3,unlinked_with_official_fight_history
f5f69892-56cb-4427-abbd-e439383c4eec,Paul Song,1795,,,Not Fighting,0,0,profile_only_unlinked_with_fightmetric_id
f624835e-0ff9-4664-a7cd-ac33ff5f45df,Allan Weickert,,708,http://www.ufc.com/fighter/Allan-Weickert,Released,0,0,profile_only_legacy_identity
f65d3842-080e-49d4-ad86-f7bec451dfc1,Brandon Shuey,1229,,,Not Fighting,0,0,profile_only_unlinked_with_fightmetric_id
f69333e4-ff53-4992-962c-bf1863a247be,Chase Gibson,3588,,,Not Fighting,0,0,profile_only_unlinked_with_fightmetric_id
f6a075e6-4c42-40ce-92ce-817a3f238c76,Takayuki Okada,801,,,Not Fighting,0,0,profile_only_unlinked_with_fightmetric_id
f6a6711a-f64b-415f-923a-2b0f76cfc78e,Robert Breslin,,848,http://www.ufc.com/fighter/Robert-Breslin,Released,0,0,profile_only_legacy_identity
f6d08907-9b00-4a79-96a9-3a1f80a51d2a,Julian Sanchez,609,106,http://www.ufc.com/fighter/Julian-Sanchez,Not Fighting,2,2,unlinked_with_official_fight_history
f6d1414a-96fa-495a-a247-f22bfd1227d5,Thanh Le,2920,631542,http://www.ufc.com/fighter/Thanh-Le,Not Fighting,1,1,unlinked_with_official_fight_history
f6f33497-a042-4b60-90ef-53abad65eed9,Courtney Turner,614,226,http://www.ufc.com/fighter/Courtney-Turner,Not Fighting,1,1,unlinked_with_official_fight_history
f6f6bc73-beb0-4986-80a3-a4a6d62b7072,Eric Martin,592,221,http://www.ufc.com/fighter/Eric-Martin,Not Fighting,2,2,unlinked_with_official_fight_history
f7002285-fd7d-40f2-a861-dc8c93be5117,Julia Budd,1666,242049,http://www.ufc.com/fighter/Julia-Budd,Not Fighting,0,0,profile_only_unlinked_with_fightmetric_id
f701bc73-790a-4bbd-be76-608527fb4207,Keiichiro Nakamura,4335,,,Active,0,0,profile_only_unlinked_with_fightmetric_id
f707da46-af78-43c9-8dbe-b5b0c4a0e6ce,Chris Saunders,1975,269254,http://www.ufc.com/fighter/Chris-Saunders,Not Fighting,0,0,profile_only_unlinked_with_fightmetric_id
f72e554a-c862-4929-a472-2cbc7dbbe483,... To be determined,,462402,http://www.ufc.com/fighter/To-Be-Determined-Female,Active,0,0,profile_only_legacy_identity
f7338270-36ff-4721-9064-16f07a7402d1,Sofia Montenegro,4424,,,Active,1,1,unlinked_with_official_fight_history
f744295b-5cf1-462a-a6cf-60d2929099fb,Ali Al-Qaisi,3530,,,Not Fighting,2,2,unlinked_with_official_fight_history
f74c0dd7-6fc8-4791-a57b-496f0c07444b,Phil Caracappa,3404,,,Not Fighting,0,0,profile_only_unlinked_with_fightmetric_id
f7938098-1903-4d13-87c2-4805f8b64a49,Wang Sai,2180,471357,http://www.ufc.com/fighter/Sai-Wang,Not Fighting,0,0,profile_only_unlinked_with_fightmetric_id
f7d54862-0dda-49d7-9c47-aae7437025ec,Terry Dull,,405,http://www.ufc.com/fighter/Terry-Dull,Released,0,0,profile_only_legacy_identity
f861a849-e872-4eaf-897b-2b65c6b96f1e,Karen Darabedyan,1157,1123,http://www.ufc.com/fighter/Karen-Darabedyan,Not Fighting,0,0,profile_only_unlinked_with_fightmetric_id
f8ba8e56-0ff7-40aa-a5d6-8178e1a9f8ed,Han Ten Yun,867,,,Not Fighting,0,0,profile_only_unlinked_with_fightmetric_id
f8ec8162-a593-4fef-8929-e961a58f60d3,Gabe Garcia,,649,http://www.ufc.com/fighter/Gabe-Garcia,Released,0,0,profile_only_legacy_identity
f9161588-59e1-4080-b7ea-6dd8473cc14b,Roman Bogatov,3436,,,Not Fighting,1,1,unlinked_with_official_fight_history
f938a582-ec96-4ab9-b9f6-ec84cc17fa95,Boyd Ballard,,619,http://www.ufc.com/fighter/Boyd-Ballard,Released,0,0,profile_only_legacy_identity
f951378e-6cce-4cce-a925-7593b67f475f,Ulka Sasaki,2296,496146,http://www.ufc.com/fighter/Yuta-Sasaki,Not Fighting,10,10,unlinked_with_official_fight_history
f95d857a-d4c1-4ab2-b261-9e7b117470a4,Michael Smith,,,,Not Fighting,0,0,profile_only_unlinked_no_stable_fight_bridge
f9cd4f1e-68bb-4e1e-be77-12842106fdea,Joao Zaiden,3565,,,Not Fighting,0,0,profile_only_unlinked_with_fightmetric_id
fa07e665-5f68-42cb-848a-ceac88ac46f2,Daniel Bobish,136,174,http://www.ufc.com/fighter/Daniel-Bobish,Not Fighting,2,2,unlinked_with_official_fight_history
fa6141f5-2bc2-41c0-a909-246fe2eb89a1,Bahatebole Batebolati,3984,,,,2,2,unlinked_with_official_fight_history
fa693582-9834-4a74-8b58-d83cffe9af1a,Sean Daughtery,251,192,http://www.ufc.com/fighter/Sean-Daughtery,Not Fighting,1,1,unlinked_with_official_fight_history
fa72a80b-e4f9-442e-ae30-8672fb392aaf,Alvaro Herrera,2703,569102,http://www.ufc.com/fighter/alvaro-herrera,Not Fighting,4,4,unlinked_with_official_fight_history
fa7c52b7-2324-40de-896f-03f26cb0de47,Emil Hartsner,,453452,http://www.ufc.com/fighter/Emil-Hartsner,Active,0,0,profile_only_legacy_identity
fa9adf62-d9a8-4d85-9ebd-296e1e40baad,Jordan Goodwin,1344,,,Not Fighting,0,0,profile_only_unlinked_with_fightmetric_id
faeb7e13-598a-40ed-82d4-d0867abe421b,Charlene Gellner,1748,,,Not Fighting,0,0,profile_only_unlinked_with_fightmetric_id
faebdd50-f65f-49db-9507-60fd3319457e,Cory Devela,1309,,,Not Fighting,0,0,profile_only_unlinked_with_fightmetric_id
fb3cdc93-9f93-43af-88c4-186c6f001dd8,Brian Lo-A-Njoe,767,,,Not Fighting,0,0,profile_only_unlinked_with_fightmetric_id
fb3eb551-550e-4b25-83bd-6a7f94c64ad1,Cooper Housley,,,,Active,4,4,unlinked_with_official_fight_history
fb58f3de-5be6-400c-bfee-79b217234ed1,Lorenzo Florean,,,,Active,2,2,unlinked_with_official_fight_history
fb5e9797-7d5d-4824-bbce-740869936b6e,Lina Kvokov,1357,,,Not Fighting,0,0,profile_only_unlinked_with_fightmetric_id
fbb59872-041e-424e-b8da-7091dc869755,Robert Densley,,874,http://www.ufc.com/fighter/Robert-Densley,Released,0,0,profile_only_legacy_identity
fbcbec25-63cf-4646-b86c-c53c488741bf,Takahiro Oba,799,,,Not Fighting,0,0,profile_only_unlinked_with_fightmetric_id
fbce0102-af6f-497b-b703-0fd293c34eed,Gary Mangat,3556,,,Not Fighting,0,0,profile_only_unlinked_with_fightmetric_id
fbd2c8c9-de34-4524-8018-bb1aa71567fd,Brett Rogers,1169,,,Not Fighting,0,0,profile_only_unlinked_with_fightmetric_id
fbdaccd6-68d9-4b97-8424-99ed5e2e6770,Joshua Stansbury,2794,587588,http://www.ufc.com/fighter/joshua-stansbury,Not Fighting,3,3,unlinked_with_official_fight_history
fbe158ab-b4a8-45ca-aaac-a9c363d97776,Mu Bae Choi,694,,,Not Fighting,0,0,profile_only_unlinked_with_fightmetric_id
fbf15f65-d71b-44d0-853a-5afa70366609,Paul Capaldo,3722,,,Not Fighting,0,0,profile_only_unlinked_with_fightmetric_id
fc03b096-8e26-4f93-ad39-5a3b017f4f25,Arman Ashimov,3548,,,Not Fighting,0,0,profile_only_unlinked_with_fightmetric_id
fc20a67b-9174-4410-9b92-55b2f7000732,Louis Lee Scott,4223,,,Active,0,0,profile_only_unlinked_with_fightmetric_id
fc3b4d41-5b9c-474c-bb6e-8a200227e0c0,Roque Martinez,3593,,,Not Fighting,3,3,unlinked_with_official_fight_history
fc4b09ad-c1f4-46dc-af98-10a4ee764c7e,Emiliano Sordi,2622,656792,http://www.ufc.com/fighter/Emiliano-Sordi,Not Fighting,0,0,profile_only_unlinked_with_fightmetric_id
fc4c7471-9cee-4715-b5bf-1807bd136a54,Aaron Jeffery,3334,,,Not Fighting,0,0,profile_only_unlinked_with_fightmetric_id
fc6be183-4a08-4d88-8497-2e8a458e6e17,Blas Avena,1077,467,http://www.ufc.com/fighter/Blas-Avena,Not Fighting,0,0,profile_only_unlinked_with_fightmetric_id
fc6da3ad-aa2b-47bd-b472-84671ed58b99,Marlon Sims,1310,509,http://www.ufc.com/fighter/Marlon-Sims,Not Fighting,0,0,profile_only_unlinked_with_fightmetric_id
fc77f6b6-2b3b-4532-a980-a328382e4fd9,Yuhi Sano,971,,,Not Fighting,0,0,profile_only_unlinked_with_fightmetric_id
fc83304a-b895-470a-9161-bf514479e8e9,Devin Smyth,3389,,,Active,0,0,profile_only_unlinked_with_fightmetric_id
fc8b8dba-34a9-45e1-ae03-60eaec4120df,Eric Castile,1323,,,Not Fighting,0,0,profile_only_unlinked_with_fightmetric_id
fd3fc623-1098-478d-9f70-068f718b0f19,Steve White,859,,,Not Fighting,0,0,profile_only_unlinked_with_fightmetric_id
fd669930-7f63-4b05-ad5b-a9e3ebd579f5,Abram Baxter,,620,http://www.ufc.com/fighter/Abram-Baxter,Released,0,0,profile_only_legacy_identity
fd765366-c23f-47e8-9cbe-d2cd0af805de,Luiz Garagorri,3367,,,Not Fighting,3,3,unlinked_with_official_fight_history
fd923e0e-5ba9-4382-9acd-df7d6b3738c9,Edgar Castaldelli,,477063,http://www.ufc.com/fighter/edgar-castaldelli,Active,0,0,profile_only_legacy_identity
fdbff3f0-aad5-474d-a6c1-620e95d56e53,Louis Fisette ,,453432,http://www.ufc.com/fighter/Louis-Fisette,Active,0,0,profile_only_legacy_identity
fe186026-f2be-4e07-860c-a38d5f28de77,Karl Willis,1735,,,Not Fighting,0,0,profile_only_unlinked_with_fightmetric_id
fe24eba5-8517-4177-a282-b925e22580fa,Mike Dexter,,691,http://www.ufc.com/fighter/Mike-Dexter,Released,0,0,profile_only_legacy_identity
fe5e8a9c-3485-4466-b54a-a0162cffa31f,Drako Rodriguez,3494,,,Not Fighting,3,3,unlinked_with_official_fight_history
fe5fb219-89ae-4858-bf1c-7d757a462232,JT Taylor,,616,http://www.ufc.com/fighter/JT-Taylor,Released,0,0,profile_only_legacy_identity
fe8b4e29-8338-4661-96c2-1cfd849fbf04,George Hardwick,4073,,,Active,0,0,profile_only_unlinked_with_fightmetric_id
feb794a4-7714-4fc3-a43b-1f86ccd1bd89,Kevin Gray,2970,635823,http://www.ufc.com/fighter/Kevin-Gray,,1,1,unlinked_with_official_fight_history
fedff88a-8fbc-48d6-b4fd-ab8890369fa5,Tristan Arenal,1788,,,Not Fighting,0,0,profile_only_unlinked_with_fightmetric_id
fef7eb81-e1b8-48f8-bb37-49bfbdce0fae,Lukasz Les,1856,,,Not Fighting,0,0,profile_only_unlinked_with_fightmetric_id
ff46992e-397d-40c1-885b-6573ad0781c3,Bobby Lashley,1471,,,Not Fighting,0,0,profile_only_unlinked_with_fightmetric_id
ff8710cd-c668-429a-bce8-5d2996d4b24e,Marcos Brigagao,3397,,,Active,0,0,profile_only_unlinked_with_fightmetric_id
ffa1b9ca-1e90-42f5-959d-df28e46d1094,Eldari Kurtanidze,760,,,Not Fighting,0,0,profile_only_unlinked_with_fightmetric_id
ffbc7184-3441-4cf1-b8db-7e321b51aab1,Jan Finney,1535,,,Not Fighting,0,0,profile_only_unlinked_with_fightmetric_id
fffbd159-6150-4305-a3f1-3a1fdca2917f,Maimaitituoheti Keremuaili,3732,,,Not Fighting,1,1,unlinked_with_official_fight_history
