fighter_id,canonical_name,dob,height_cm,reach_cm,leg_reach_cm,stance
003bf19f-ba9a-5bab-b2d1-acd738fee793,Louis Lee Scott,2000-02-26,172.72,177.8,,Orthodox
0052f0b1-97b2-5b49-a1dc-df19211e4168,Lucas Alexander,1995-07-28,180.34,185.42,,Orthodox
00696131-7f35-5237-b7cc-fdd1e9010a6b,Gary Goodridge,1966-01-17,190.5,,,Orthodox
00718b28-4fe0-59f6-8fac-c6efbef0ae36,Lucas Caldas,1996-05-22,,,,Orthodox
007ea0c3-6c8b-50fd-9e42-3ba14ef25f8b,Mark Hunt,1974-03-23,177.8,182.88,,Orthodox
008b3d30-8943-5456-b366-fd8f980792f2,Al Matavao,1994-02-23,172.72,170.18,,Orthodox
0099f547-a666-5588-b524-f004f1ae68f6,Jeremy Horn,1975-08-25,185.42,187.96,,Orthodox
00a8a93f-6c77-5e10-ab17-49ec562376f5,Ray Rodriguez,1987-12-10,170.18,177.8,,Orthodox
00ab07d3-3e07-5ecb-8c26-0d42816d1039,Freddy Vidal,1994-05-06,190.5,200.66,,Orthodox
00bdf4f7-de72-5a8c-882d-15f7d192288d,Delphine Benouaich,1995-03-21,,,,
00c1de35-79a9-5ad4-b409-b05fc1146521,Artem Lobov,1986-08-11,175.26,165.1,,Southpaw
00e082dc-02b7-5c55-b2c0-8ca39b8046d0,Dylan Potter,1995-01-14,187.96,195.58,,Switch
00f48314-0a5d-5834-bb1f-546d122aa237,Saparbeg Safarov,1986-10-14,185.42,198.12,,Orthodox
00fa0691-cb1f-5599-8ab8-daee124ad85a,Brian Bowles,1980-06-22,170.18,177.8,,Orthodox
0107ed25-ec2e-57b4-ab45-d1c4dee77a1e,Luke Stewart,,180.34,,,Orthodox
01369083-1dd8-5b8f-9817-b2b928ff8127,Danyelle Wolf,1983-09-08,180.34,177.8,,Orthodox
014b8fee-aab8-5166-8aeb-f277f1be9ca8,Matt Bessette,1984-12-28,177.8,177.8,,Orthodox
014c2128-c79e-57db-8e93-549f3b43625c,Eli Aronov,1996-06-06,177.8,182.88,,Orthodox
015ee38b-bae3-58bb-a405-be7a8abaaac8,Mats Nilsson,1983-12-05,185.42,,,Orthodox
0179180f-b511-54f1-8adc-5783a819aadb,Fatima Kline,2000-07-12,167.64,170.18,,Orthodox
018131b8-aa0d-5ddd-a64a-dd3ecfea7d5a,Josh Fremd,1994-01-15,193.04,193.04,,Orthodox
01994c06-458d-5360-957b-808e3c428de5,Kestutis Smirnovas,,177.8,,,Orthodox
01a2daae-4c91-5656-bb53-175146a4df6d,Justin Levens,1980-04-18,180.34,,,Orthodox
01b4d843-f84b-5505-b821-d033c8155ff6,Marcos Conrado Jr.,1982-03-14,187.96,,,Orthodox
01c1a269-e73f-5543-acd3-b14ed5c8f7fc,JP Felty,1979-04-28,,,,
01c5f2e0-9f4d-56c1-9ccd-ecde858e49b7,Alexander Otsuka,1971-07-17,185.42,,,Orthodox
01e91f45-2185-5bd7-97dd-5c97cef8ecb9,Chris Herrera,,177.8,,,
01e99237-006e-59df-8b99-5490c8b8c38e,Sam Sicilia,1986-02-01,172.72,170.18,,Orthodox
01f02c23-89fc-5ea3-b07c-b0f275ba2bb1,Chase Beebe,1985-03-29,170.18,170.18,,Orthodox
01f050eb-e57a-55e3-8efe-0e264eeede2e,Roman Dolidze,1988-07-15,187.96,193.04,,Orthodox
0205791d-0c21-590e-ba45-5c0a131a188b,Richie Santiago,1992-10-10,170.18,170.18,,Southpaw
020650b0-f57d-578c-a506-aa02bc86a5cf,DaMarques Johnson,1982-06-28,185.42,190.5,,Orthodox
0227d69a-d976-5ff5-927f-f4f8dafafd12,Kleydson Rodrigues,1995-10-22,165.1,170.18,,Orthodox
0248e782-c8cd-5b07-8470-073d52f86d16,Atsushi Yamamoto,1980-10-02,167.64,,,Orthodox
0251732d-4552-573c-a42a-710917dcc3ae,Elizabeth Phillips,1986-08-20,167.64,165.1,,Orthodox
026d8d03-69b6-5ec4-aab2-154e978bc075,Bella Mir,2003-01-01,,,,
026ea9f0-aaa3-5770-8d41-623de5deb942,Ryuichi Murata,,172.72,,,Orthodox
027ffebf-6210-58ac-ae7b-aebbbc5c0f0b,Josh Jarvis,,,,,
02829769-06a7-52cc-9534-02b79a5b39c1,Bruna Brasil,1993-09-07,167.64,165.1,,Orthodox
0285da02-1614-5094-bef8-379651ab66a9,CJ Keith,1986-08-09,182.88,,,Orthodox
029d8e30-2cd1-5705-baea-9b787073cd34,Bruno Oliveira,1984-05-02,193.04,203.2,,Orthodox
02c3d148-ce96-50d5-82c6-712e50a723b2,Jason Young,1986-06-28,175.26,185.42,,Orthodox
02d4ff99-2552-5dc6-be45-2b9482b97b76,Kathryn Paprocki,1993-04-28,160.02,160.02,,Orthodox
02dce973-504f-5c34-95cb-fb82313d0948,Rocky Long,1978-02-18,,,,
02e7bb9b-f2f1-59af-9681-a1701dbc7458,Reyes Cortez Jr.,1992-07-31,170.18,172.72,,Orthodox
031f9451-8478-5899-8be6-a0a903ada8b5,Derek Getzel,,182.88,,,
032b72db-34a4-593c-a4fe-5f8f41332b57,Hayder Hassan,1982-10-20,177.8,,,
0340bd49-fcf1-5c04-b3ff-b08aa47d6b22,Kaik Brito,1997-03-26,180.34,182.88,,Orthodox
034f8fc8-8bfc-5259-98ed-f784c30ec03c,Carl Seumanutafa,,185.42,,,Orthodox
0353a089-5f76-5eb7-b20f-034edcb725b6,Leonardo Damiani,1990-08-30,177.8,175.26,,Orthodox
03721a3c-09b5-5207-9ca9-26735719f5dc,Liam Anderson,1995-01-13,190.5,190.5,,Orthodox
038f054d-a79c-52f6-9382-b9ca0bb852ff,Ange Loosa,1993-03-18,177.8,187.96,,Orthodox
0397f174-3310-570e-99df-be50d0acb683,Matt Ramirez,,165.1,,,
03a97ed7-cf00-5ebc-ab4e-9a645595b901,Jailton Almeida,1991-06-26,190.5,200.66,,Orthodox
03c4eab2-897c-561f-962e-fe4f68e66658,Hector Sandoval,1986-07-19,157.48,162.56,,Orthodox
03d2e71b-8c39-545f-b224-0039a4aadd67,Alain Van der Merckt,1993-06-11,,,,
03e214ed-f492-5770-8a24-5eb1cb8869c2,Gilbert Aldana,1977-08-25,185.42,,,Orthodox
03ed2b2f-4148-546b-b7bc-312a79b99ddf,Shawn Jordan,1984-10-21,182.88,190.5,,Southpaw
03efa4d7-0741-54f8-9207-ab5f35c31c93,Ilia Topuria,1997-01-21,170.18,175.26,,Orthodox
03efbe42-7582-5af5-a019-d9386a1a773a,Jordan Vucenic,1996-03-02,177.8,185.42,,Orthodox
03f23c63-034b-5f46-bd76-042f5f19b311,Joaquin Buckley,1994-04-27,177.8,193.04,,Southpaw
0401822b-f4c1-5529-b2e1-2e552bf3f94a,Cristina Stanciu,1994-03-29,160.02,,,Orthodox
04095029-9bea-5d3b-b4b9-8c1bc712cdad,Nik Theotikos,,,,,Orthodox
0409d414-237f-5d08-9d60-2a995e714bc0,Lionel Lanham,1980-08-31,,,,
04159516-50db-5eee-9f27-c277cdc8bc3e,Nick Barnes,,180.34,,,
041a4576-1fcd-5926-9550-e3b6cc8c8c1f,Mario Rivera,,177.8,,,
04506dcc-1547-585d-86ba-dcd257fc729c,Shamil Abdurakhimov,1981-09-02,190.5,193.04,,Orthodox
0455c50c-e32b-5c40-9fcc-c809c30d3fe2,Dan Lauzon,1988-03-30,177.8,,,Orthodox
045b62ee-ff85-5eee-bf2b-b50ef577cc7f,Brandon Royval,1992-08-16,175.26,172.72,,Southpaw
0474c65f-69fb-51b3-abfb-f40fcbc28620,Melvin Manhoef,1976-05-11,175.26,,,Orthodox
047723e9-15de-5a04-ac61-2471c4582940,Jose Montanha,1985-03-08,190.5,,,
04919c57-38ee-5c07-b830-c23e4be7e40f,Demba Seck,1993-07-07,185.42,187.96,,Orthodox
049287bc-005a-5bff-b257-5c3a5fdea75f,Sam Hughes,1992-06-28,165.1,162.56,,Orthodox
04a6d7bf-9102-5e6c-ad2f-a80a30d2298f,Bailey Schoenfelder,1997-09-22,190.5,193.04,,Orthodox
04b1119f-e379-54fa-8478-f13065572b1d,Chris Wilson,1977-06-07,185.42,190.5,,Orthodox
04c700de-d71e-534b-9e4a-67b7ff7f69a8,Jan Blachowicz,1983-02-24,187.96,198.12,,Orthodox
04cbb4c1-fdd7-594e-940b-2298319b6e22,Mansher Khera,1992-04-15,177.8,172.72,,Orthodox
04cdf04f-7dee-5851-84ea-42e3a1d4fb2f,Harvey Park,1986-03-22,182.88,177.8,,Orthodox
04d6563b-6c2e-5415-93b0-0a02772e53fa,Eddie Wineland,1984-06-26,170.18,175.26,,Orthodox
050196ae-256b-5892-b2de-aecf8391cc92,Cathal Pendred,1987-09-02,185.42,190.5,,Orthodox
0501cd7a-15db-515a-97c2-5bc11b1db6b5,Matt Schnell,1990-01-15,172.72,177.8,,Orthodox
0529cff2-1647-5c1f-9288-36281180e87a,Glaico Franca Moreira,1991-02-28,182.88,195.58,,Orthodox
0536f68c-36b3-512a-9f60-eff22c035081,Alex Dunworth,,172.72,,,
053e30f7-9858-57ed-92de-8586cc41680b,Mark Choinski,1995-10-22,172.72,175.26,,Orthodox
057477e6-5160-5828-abb8-70d444ecc6c4,Ovince Saint Preux,1983-04-08,190.5,203.2,,Southpaw
057af2f7-7628-5fe3-99e2-8d677fff25bc,Jaime Alvarez,1988-03-08,172.72,175.26,,Orthodox
0586d018-3399-5908-8932-472f9e99bb5b,Nick Hein,1984-04-24,167.64,167.64,,Southpaw
05ab082e-ee4b-5118-8a8f-dff4081f9509,Dan Hooker,1990-02-13,182.88,190.5,,Switch
05b626a2-564c-5042-8f15-77abce93c707,Antonio Rodrigo Nogueira,1976-06-02,190.5,195.58,,Orthodox
05bc5b07-776f-5628-ac8d-99bb4d9f295d,Cristian Perez,1999-08-17,175.26,182.88,,Orthodox
05ce7e80-db70-533b-872a-93625aaa5a9b,Travis Browne,1982-07-17,198.12,200.66,,Orthodox
05e8dadc-194d-5631-a676-f11ba1af0a72,Francis Carmont,1981-10-11,190.5,198.12,,Orthodox
05ecfde4-ba8a-57b1-a12b-dd539a60c0d8,Colley Bradford,,170.18,,,
06050376-19d2-5977-824d-5c1a0b9b3e49,Spencer Fisher,1976-05-09,170.18,172.72,,Southpaw
06271065-a31c-5a4d-8c3a-c708790618a3,Joe Pyfer,1996-09-17,187.96,190.5,,Orthodox
062cba70-6e0b-578a-9243-cf4d2918147a,Manuel Torres,1995-03-25,177.8,185.42,,Switch
062da11b-79b5-5053-84d6-456ab2e2ce91,Dave Terrel,1978-05-10,172.72,,,Southpaw
064100b5-bc2e-5b18-adf8-39252e5b2185,Punahele Soriano,1992-11-22,180.34,182.88,,Southpaw
0656105e-2f63-582f-9541-049319324d67,Cameron Church,1990-09-27,180.34,182.88,,Orthodox
065bae09-73f5-5804-8c39-52d4f8e76aec,Dhafir Harris,1977-08-04,,,,
0671030d-26f6-5dd0-aa4c-c5f74aaab71a,Alonzo Menifield,1987-10-18,182.88,193.04,,Orthodox
0672f2fa-fd74-5b42-a3b3-b340e6a8817a,Yushin Okami,1981-07-21,187.96,190.5,,Southpaw
0673e2c0-a33d-57d1-8800-74049a3b5811,Tyson Nam,1983-10-06,170.18,172.72,,Orthodox
068f1dc9-44d6-5a29-b518-82a1c2fd8d17,Mario Piazzon,1998-04-06,175.26,185.42,,Orthodox
06978e3e-b06e-581d-99db-543180f0fda0,Marco Polo Reyes,1984-11-07,180.34,180.34,,Orthodox
06afa795-0cf2-57b8-910b-34e03919b599,Navajo Stirling,1997-11-07,193.04,200.66,,Orthodox
06b6cb25-d5a1-5119-8622-b373c0f17c63,Rodrigo Damm,1980-02-03,170.18,180.34,,Orthodox
06bb5400-3194-5810-925e-b6ebba7699b1,Rene Kronvold,,172.72,,,Orthodox
06c47d10-9014-535e-a495-c8a717678290,Kantharaj Agasa,1992-02-16,,,,
06f0ed3c-994c-5b55-af25-01d3d7a0e9d5,Solomon Renfro,1997-02-05,175.26,182.88,,Switch
07011118-d6d2-55e9-b2aa-fd7df14bdc15,Lisa Ellis,1982-11-15,162.56,,,
071da995-067b-5b54-ab0f-6d9ba53c2daf,Dylan Lockard,1992-05-19,175.26,182.88,,Orthodox
0721b9b7-2b29-51e6-b3e5-87bbd0d8aec3,Alex Soto,1984-02-15,172.72,,,Southpaw
0726683d-f5ae-52c1-8302-82da5a0aa70b,Georges St-Pierre,1981-05-19,180.34,193.04,,Orthodox
072afedb-1cdd-5601-87b1-3f69800978d6,Collin Hart,1989-10-12,185.42,,,Orthodox
072fab82-75ee-5c09-b6a4-3100fbf266b6,David Smith,,,,,
0748e4aa-cd24-5eb8-b65d-b3439d31a991,Poliana Botelho,1988-12-15,172.72,170.18,,Orthodox
0749a6af-70ef-5799-ae2a-6cad745bed60,Christian Ocon,1996-02-05,172.72,175.26,,Orthodox
074deced-daee-51f9-8bba-813053b5dc9a,Matt Horwich,1978-10-02,185.42,,,Orthodox
07507249-f672-5fd8-ba8a-8a2c46abb77a,Kelvin Gastelum,1991-10-24,175.26,180.34,,Southpaw
0764d29d-5439-5007-b55c-d616c5a597aa,Joey Hart,1997-06-24,190.5,200.66,,Orthodox
07728836-5fe3-5176-94f4-fdeb4735bfeb,Severino Apollo Gomes,2000-07-10,,,,
0772fc47-503a-576c-8b72-49ad33cffd78,Jackie Lee,,,,,
07779b62-4474-5db8-b0ad-fe32ba23fd6b,Taner Trembley,1994-12-28,,,,
078354d6-e013-5294-ad10-5962590549ef,Rickson Zenidim,1999-02-17,170.18,170.18,,Orthodox
0785a800-a1b4-597d-bd52-14c6b60fa934,KyeungPyo Kim,1992-01-29,175.26,180.34,,Orthodox
07abf0f5-4f0c-554e-89fa-dca3521433fb,Charlene Gellner,,157.48,,,
07af31af-7ab1-5285-9561-cfc86355b48c,Brennan Ward,1988-06-28,177.8,180.34,,
07c135b6-312b-5433-b111-704b81e5d478,Mike Nickels,1971-12-13,193.04,,,Orthodox
07d580de-0be5-51c9-8423-4850997d7d6e,Cody Garbrandt,1991-07-07,172.72,165.1,,Orthodox
07d60f57-8e84-505e-8b71-d3349eb5a936,Damir Mirenic,1974-08-02,182.88,,,Orthodox
07e1fc91-8f1a-5a36-b738-1406f4d95415,Ben Earwood,,172.72,,,Orthodox
07e72385-57b1-5f5b-90ff-9364f8c851b6,Sam Oropeza,,187.96,,,
07ece957-b961-5829-976e-febe322415dc,Dustin Neace,1986-09-12,175.26,175.26,,
07f04b33-3c9d-5e41-b99b-ff982df15748,Orion Cosce,1994-07-15,180.34,180.34,,Switch
07fbc27d-f74d-5e72-b9e3-b2749cfd280b,Vladimir Matyushenko,1971-01-04,182.88,187.96,,Orthodox
080fd2ce-ab30-5d86-a53d-27cf18273ba8,Ivan Serati,,182.88,,,Orthodox
0813cef4-9f62-53e9-9f91-090572d3be0d,Steve Judson,,180.34,,,Orthodox
08169b1c-1216-5e63-8131-e81744391b66,Andreas Stahl,1988-05-20,180.34,,,Orthodox
081db4a9-684d-5d4f-8d6d-93566fb2ba2d,Garreth McLellan,1982-09-01,185.42,182.88,,Southpaw
08248d34-5f06-5c31-9c6e-21d4ceaab804,Herman Renting,,182.88,,,Switch
084e5799-dbb4-599b-9371-b7efbae39fa4,Greg Hardy,1988-07-28,195.58,203.2,,Orthodox
084fa32d-e15d-5fae-a8b1-40f5e6d76402,Eliot Marshall,1980-07-07,187.96,195.58,,Orthodox
08561148-a256-53b1-a592-3c1b97291912,Tanner Boser,1991-08-02,187.96,190.5,,Orthodox
08716ce3-3c75-5028-a487-14fa2a529b1f,Travis Fulton,1977-05-29,182.88,,,Orthodox
0875843c-0830-52be-98d0-4c9777f0025e,Herdem Alacabek,1991-06-07,187.96,190.5,,Orthodox
088075ff-504b-5ccf-96e2-94e0d1e12fc2,Art Arciniega,1981-10-15,172.72,,,
088f4811-9a51-5eec-b4a6-c1e3624233fe,Jesse Strader,1991-05-29,170.18,177.8,,Orthodox
08a3b8e2-e5ad-5405-a50b-8dfd00cc2bad,Israel Adesanya,1989-07-22,193.04,203.2,,Switch
08a9bb48-528d-5a33-b4a0-3b6a0c102da2,Trevin Giles,1992-08-06,182.88,187.96,,Orthodox
08aa763c-155b-5347-8440-a8eff19856f0,Victor Valimaki,,182.88,,,Orthodox
08becc55-6796-5fd4-8cb8-e25c94f63090,Larry Cureton,,187.96,,,Orthodox
08caf708-e8ea-58f8-8ba1-ae5d31bbce58,Marvin Vettori,1993-09-20,182.88,187.96,,Southpaw
08e39eab-a30f-58cb-a14f-f2278af2e910,Carlos Calderon,1996-02-10,180.34,180.34,,Southpaw
08f0b06b-c850-5052-8640-83d6d047d855,Kyle Kurtz,,,,,
08fc3a03-bfa9-5004-9274-1c817e173bde,Mikey Burnett,1974-04-12,167.64,,,Orthodox
090476a7-8488-55d3-85ba-a908c62f4227,Bubba Jenkins,1988-02-05,170.18,,,
0909382e-4d47-5b9b-881a-03320406715d,Cheyanne Vlismas,1995-06-25,160.02,160.02,,Switch
090ad705-a0a7-5af2-800c-febdeb342b3c,Cody Pfister,1990-07-12,177.8,185.42,,Orthodox
090b1cc4-c93b-5092-83eb-ac812c9596ac,Jinensibieke Asikeerbai,1988-07-10,167.64,175.26,,Orthodox
091be039-9bb7-5f16-9ddd-c476a7b97629,Mikheil Sazhiniani,1996-10-05,182.88,180.34,,Orthodox
0929897a-ed74-5d77-96ec-ccb944904a0e,Jimmy Ambriz,1970-01-26,187.96,,,Southpaw
0951b837-0a62-5fc6-86dc-95bfad5044da,Jacobe Smith,1996-01-17,177.8,182.88,,Southpaw
0955edcf-74c7-5597-85d1-68afefada2d5,Feng Xiaocan,2001-10-27,170.18,170.18,,Southpaw
095b7880-26d7-5e40-8c18-1838949e3484,Daniel Omielanczuk,1982-08-31,182.88,187.96,,Southpaw
09612ec8-c26b-566d-b20c-c0777120a594,Donald Sanchez,1984-08-18,177.8,,,
0964380e-0814-5ad9-af6d-010eae65cbff,Zhalgas Zhumagulov,1988-08-29,162.56,167.64,,Switch
096cec7e-8fe3-5a7c-b4c1-0d2a9408ca0a,James Llontop,1999-08-02,182.88,185.42,,Orthodox
0970e6a5-d1f2-5dde-a1dd-9368d21d772e,Garett Whiteley,1980-12-13,182.88,182.88,,Orthodox
0975b1e9-7741-5306-9add-dd8ca0134372,Willie Gates,1987-01-21,172.72,182.88,,Orthodox
097e604f-e477-5b66-8230-ce7244a07315,Claudio Mattos,,,,,Orthodox
09a926b1-1f3b-54e1-979c-d731a0e945d1,Josh Ferguson,1988-05-13,165.1,,,Orthodox
09ab2bdc-b3af-57b4-924e-026fd5021121,Bartosz Szewczyk,1997-09-18,193.04,185.42,,Orthodox
09b5f7bc-42ca-5c3a-bc75-26b66ea77c1f,Rudy Bears,,180.34,,,Southpaw
09c34f54-6d2f-5357-9c1a-1aa186be7f43,Kaushik Saikumar,1997-12-11,177.8,180.34,,Orthodox
09f106d1-94c0-5ebf-b4a8-644437fb6ddc,Alen Amedovski,1988-04-06,177.8,187.96,,Orthodox
09f52ea2-e60d-5217-8bd8-02c066fc4e80,Jerrel Venetiaan,1971-03-09,185.42,,,Orthodox
09f6bd64-8e0c-5def-8df3-ddf70bbcc94c,Nick Agallar,1979-01-13,172.72,,,Orthodox
0a0556a1-7bf9-5918-84e7-3131aff4db75,Chris Lytle,1974-08-18,180.34,172.72,,Orthodox
0a19438c-f7d5-54c9-abf9-c57dcd049cf8,Tim Gorman,1983-04-29,165.1,,,Southpaw
0a2611cb-ce0e-59f1-b660-f673375b7f2d,Josh Appelt,1983-06-19,177.8,,,Southpaw
0a36ffaf-da69-5dc8-9fc9-7542febd35c3,Jerron Peoples,1982-05-04,182.88,,,
0a3a2a39-71bf-550e-9097-18a6d9efe887,Curtis Blaydes,1991-02-18,193.04,203.2,,Orthodox
0a455df6-4ae0-5390-a68e-f32f108f8c4f,Chase Sherman,1989-11-16,193.04,198.12,,Orthodox
0a48f49c-b88a-5384-8d91-4df79c75cb07,Pietro Menga,1988-02-15,170.18,172.72,,Southpaw
0a4ff51c-1694-53d2-9cbd-a500b53e669b,Ian Loveland,1983-09-07,172.72,,,Orthodox
0aa00609-d0bf-5714-ac4b-617299744ad9,Nick Ring,1979-02-10,182.88,187.96,,Southpaw
0acb7f5b-bedd-55b3-a7f3-67e8d5400311,Victoria Leonardo,1990-02-16,165.1,162.56,,Orthodox
0ad207d5-6bbe-55e1-98ef-9c9886fc1fdf,David Dodd,1973-09-22,187.96,,,Orthodox
0af2e682-73ae-5998-b4f8-72f67dd51334,Clay Collard,1993-03-10,180.34,185.42,,Orthodox
0af991f5-aecc-5c63-ad3e-f8cd32dcfd64,Bobby Escalante,,,,,
0b0444c7-1066-5230-b377-5368ccef8e5d,Yancy Medeiros,1987-09-07,177.8,190.5,,Orthodox
0b12c939-6e56-5b34-8667-d4fc40c728d4,Ricardo Barros,1976-03-22,185.42,,,
0b23c231-bc23-5314-a6b6-037c5adf383d,Luke Sanders,1985-12-12,167.64,170.18,,Southpaw
0b2aca6e-6623-5fa9-8065-e7256f745570,Conor Heun,1979-02-11,177.8,,,Orthodox
0b2ad223-eff4-53c3-a18a-6edb7872770e,Jess Liaudin,,175.26,182.88,,Orthodox
0b352416-ac2a-52d9-b6f7-a275d17910d1,Kyle Daukaus,1993-02-27,187.96,193.04,,Southpaw
0b55445e-39a8-517b-b0fe-91e5963d00f6,Kit Cope,1977-03-17,182.88,,,Orthodox
0b563a1e-14a6-56d1-9b99-e44b9a775205,Roberto Romero,2000-01-30,172.72,177.8,,Orthodox
0b568adb-3646-5c10-9ed8-60dd67ee1a57,Dennis Dombrow,1986-03-17,,,,
0b5f448d-84b0-55ad-afe5-3c2fb45f7aaa,Marloes Coenen,1981-03-31,175.26,170.18,,
0b81f6d9-8dcf-5fa7-b371-5ee7ae5409bd,Willamy Freire,1987-07-28,172.72,,,Orthodox
0b93d1cd-1d91-5cb0-9079-6ace5f857fe2,Domingo Pilarte,1990-01-05,182.88,185.42,,Southpaw
0b951d6f-276c-5a9e-873b-90bc8cf2314b,Gabrielle Holloway,1990-04-15,160.02,,,
0b955ae7-b945-5abf-b9be-39539a3c2dce,Rony Jason,1984-03-21,170.18,185.42,,Orthodox
0b9bdd7d-6c26-53b2-9bce-456ba2ca616c,Jared Cannonier,1984-03-16,180.34,195.58,,Switch
0ba74bb2-faed-53ea-85f4-760d8c64549d,SangWon Kim,1993-09-01,175.26,175.26,,Orthodox
0bb0ecc5-ac27-5439-87f4-fad5a683e45a,Manvel Gamburyan,1981-05-08,165.1,170.18,,Orthodox
0bd742d1-0308-55ee-8846-f83f2f799ddd,Edimilson Souza,1984-10-17,182.88,187.96,,Orthodox
0bdc5bf0-93b0-53a3-a301-c324cbbfa52f,Sean Wilson,1982-10-20,172.72,,,
0bde014c-7847-517b-a7eb-61765cc9f0c0,Robert Breslin,,180.34,,,
0be96fca-34b3-54a5-b10c-b48dc37deae3,Gustavo Lopez,1989-06-27,165.1,170.18,,Orthodox
0bff6bc1-baf1-5312-b09e-0007db6ecdf5,Abdul Rakhman Yakhyaev,2001-01-03,187.96,198.12,,Orthodox
0c00b22f-229f-5fb0-a2e8-6f8a1bb50d26,Eldari Kurtanidze,1972-04-16,167.64,,,Orthodox
0c0b1579-06cb-5b01-9f62-ba459bd2c86d,Kennedy Nzechukwu,1992-06-13,195.58,210.82,,Southpaw
0c178ed0-e162-55b3-86d1-320737ccc4aa,Junye Gao,,,,,
0c1d97ce-66da-5b22-a285-9572251d8521,Steven Peterson,1990-05-29,177.8,177.8,,Orthodox
0c1e73db-f2b0-5bd8-994d-59dceaf0e843,Mitch Ramirez,1992-11-03,180.34,180.34,,Orthodox
0c23fbcc-b8f6-58c1-ae65-8b0042f33531,Mickey Gall,1992-01-22,187.96,187.96,,Switch
0c342586-54d7-59c5-92d9-faa3ca87a247,Cody Carrillo,,177.8,,,
0c3cb1b8-3880-59e5-9201-a5d4dbb9882d,Josh Culibao,1994-05-24,177.8,185.42,,Orthodox
0c462aad-fd03-5354-848d-f5307f58051e,Rony Sefo,,175.26,,,Orthodox
0c53d337-0cf6-55ee-8eac-b993cd512c2c,Waylon Lowe,1980-10-31,170.18,,,Southpaw
0c6e6377-4907-52a5-bc4c-33129f2d4277,Gerald Meerschaert,1987-12-18,185.42,195.58,,Southpaw
0c7575b0-78e8-5611-bdcc-47a4c3156d84,Dae Won Kim,,180.34,,,Orthodox
0c773b9c-652f-53d6-b92d-90d8abf11cb4,Amir Sadollah,1980-08-27,177.8,190.5,,Orthodox
0c7b086f-c7ea-5b18-b20f-e832b9cd1091,Victor Valenzuela,,177.8,,,
0c80c5e3-7a4c-514e-9690-fc37954129d2,Tim Means,1984-02-20,187.96,190.5,,Orthodox
0c8ffcce-874a-5c18-9174-900b66bb6f9f,Bob Sapp,1974-09-22,195.58,,,Orthodox
0c99b87e-4854-5c42-94a2-53ab2228783d,Junior Tafa,1996-09-21,190.5,190.5,,Orthodox
0c9c2b85-456b-5e18-b5a4-cae8b42613ce,Constantinos Philippou,1979-11-29,180.34,185.42,,Orthodox
0ca091ba-3e70-5143-81b4-fa56d43fc847,Stevie Ray,1990-03-25,177.8,177.8,,Southpaw
0ca756ff-df85-5142-83df-df90c9815968,Bobby Cooper,,185.42,,,
0caafd88-c694-58a7-9fbd-9a68bfdc41f0,John Castaneda,1991-12-18,167.64,180.34,,Switch
0cb0af1b-1528-58b3-beee-a3d7ec5b916f,Kotetsu Boku,1977-05-27,175.26,,,Orthodox
0ccd7bd3-a33b-5723-be55-586e86e80354,Zach Skinner,,167.64,,,Orthodox
0ce2a3df-c218-57c0-b9dc-da23d9aa8512,Logan Urban,1994-04-22,182.88,182.88,,Orthodox
0ceb7f4b-b867-584b-9104-fe000a7dfdde,Neal Ewing,1985-09-30,,,,
0d1bc92f-7da9-5d0a-860c-e8d2ebda09ec,Fabiano Iha,1970-07-28,172.72,,,Orthodox
0d2cb22b-ec7a-5286-b5c2-a93f7e8f2cd5,Michael Lerma,,,,,
0d3ad981-f73c-58ba-b3fd-3ec8e0640a78,Tom Nolan,2000-03-08,190.5,185.42,,Southpaw
0d5d41c8-e507-5526-b3bc-7d974d947715,Kemran Lachinov,,,,,
0d724231-1eaa-5327-87b7-360796934b12,Waldo Cortes Acosta,1991-10-03,193.04,198.12,,Orthodox
0dad330e-207c-53a7-aedd-ed561e101201,Sean Lally,1990-11-04,182.88,,,Orthodox
0dc0d31f-b705-57d5-8091-f9af1ad3cfc6,Guto Inocente,1986-05-29,190.5,,,Orthodox
0dddd3d6-a098-5756-81ea-d46ae3d88b78,Joao Elias,1995-01-08,160.02,162.56,,Southpaw
0ded1154-5b8f-5c4f-8793-36d8841ad2d4,Jonavin Webb,1989-04-28,177.8,,,Orthodox
0e0a9b5e-f74f-588c-a4d9-41807ed32c42,Tafon Nchukwi,1994-10-14,182.88,195.58,,Orthodox
0e2600ea-e1ff-5730-bd51-0bec80bbcec7,Dave Berry,,,,,
0e2afcb4-33f5-59f9-9078-5b7a64bb389e,Joe Camacho,1972-03-10,175.26,,,Orthodox
0e440b40-6524-575c-b059-5fe5b8281b75,Karol Rosa,1994-12-30,165.1,170.18,,Orthodox
0e4af1be-ef38-5f47-a467-ca0032542f74,George Bush,,185.42,,,
0e63b7f4-2fe6-5ef8-ab6a-3c7880899f10,Maurice Greene,1986-07-05,200.66,203.2,,Orthodox
0e6923dd-0537-59db-bf3b-2be231d29129,Ramazan Temirov,1997-01-31,162.56,160.02,,Orthodox
0e72580f-41a8-5e28-b2e3-fb71f16dc04c,Maria Oliveira,1996-12-12,167.64,175.26,,Orthodox
0e759a4f-61b6-5091-adfe-76e0aa4099d3,Youmin Shin,,,,,
0eabc698-10a1-54c8-b9f7-efa658110026,Aaron Ely,1989-03-18,172.72,,,
0eca0351-74d9-58fb-9022-7a07d3ddd64b,Eduardo Bustillos,1987-06-02,172.72,,,
0eca2ef0-ca51-580d-9858-c929e565eae4,Tatsuya Kawajiri,1978-05-08,170.18,175.26,,Orthodox
0eebeea6-b0b4-5ef7-9c41-4ccd0de15a7f,Rico DiSciullo,1986-10-12,172.72,,,Orthodox
0ef94194-1355-5def-a1e7-b0cab2540c3f,Nariman Abbasov,1994-02-01,172.72,167.64,,Orthodox
0f0ae8e6-148e-5cda-892d-9ce2c974d9f2,Daniel Sarafian,1982-08-21,175.26,185.42,,Orthodox
0f11da7a-3e4d-56ae-8285-647f7e3ef4e9,Samuel Silva,1996-01-02,182.88,182.88,,Orthodox
0f1fa626-fb3e-5973-b673-ee60f97471ba,John Richard,1982-05-22,,,,
0f24c8e6-b33d-5b8b-8005-1014f8a451c6,Adam Smith,,,,,
0f2d51ef-c1bf-53bc-807a-93ddd3e67424,Spencer Hearns,,180.34,,,
0f2f07b3-e56b-551d-b780-51fa0e5580c0,Paddy Pimblett,1995-01-03,177.8,185.42,,Orthodox
0f495240-329b-590b-b487-46711a31d779,Danny Roberts,1987-07-14,185.42,187.96,,Southpaw
0f502110-3d7c-5ed1-8f92-41ac4dabe6f9,Rogerio Bontorin,1992-04-25,165.1,170.18,,Orthodox
0f580035-7db2-549e-b6e6-cf90b3dcbf97,Herman Terrado,,,,,
0f62d59b-9b37-5e02-aca8-a6e4f8788ef6,Lance Benoist,1988-08-26,180.34,182.88,,Southpaw
0f6c4345-1805-54f3-a7dc-0f1504280a9e,Evan Tanner,1971-02-11,182.88,187.96,,Orthodox
0f7373e0-1102-5daa-b0ff-8c8f4afc5e15,Joe Vedepo,,182.88,,,Orthodox
0f784fc7-42b3-5be9-94ef-b8ba081a5f6e,Josh Bumgarner,,185.42,,,
0f933cfa-3544-5e70-9c54-c12420ed66c6,Chad Robichaux,1975-08-18,162.56,,,
0fa130bd-49df-50e2-a77a-d8f2cd9a763e,Kyle Bradley,1982-08-19,175.26,180.34,,Orthodox
0fa7619e-d920-53eb-89f3-ce58cb35b306,Yuneisy Duben,1996-07-08,162.56,165.1,,Orthodox
0fa98386-72e1-5636-a5f0-c8169fb5cc49,Tetsuji Kato,,,,,Orthodox
0faadd29-65e4-5b98-96ec-775f31798030,Vernon White,1971-12-03,182.88,,,Southpaw
0faebb83-4a79-5aa6-b0eb-025e79319295,Rob Yundt,1980-05-05,185.42,,,Orthodox
0fbb02c9-a2ed-53d3-a3a1-758c05acff97,Hayato Sakurai,1975-08-24,170.18,,,Orthodox
0fbb74eb-0987-5948-9387-6a11cb164aa4,Alexandr Romanov,1990-12-11,187.96,190.5,,Southpaw
0fd2b539-6b97-5c2d-a66f-b951a5e47354,Nate Smith,1995-04-09,167.64,175.26,,Switch
0fd4cc47-122c-5e6a-a26b-69aa72cde174,Mike van Arsdale,1965-06-20,187.96,,,Switch
0fec8e09-bfab-51ba-b705-93d676011039,Jake Collier,1988-10-25,190.5,198.12,,Orthodox
0ffa3c2b-e356-5b80-b9d9-31a07868aad9,Claudionor Fontinelle,,165.1,,,Orthodox
100267ff-dbaf-50e6-b496-404626428d37,David Loiseau,1979-12-17,182.88,193.04,,Orthodox
1005e186-94f3-51c5-8c3d-951a85f4f583,Steve Bruno,1981-11-03,177.8,,,Orthodox
102e2899-a892-51af-a1da-1ee60f277a06,Claudia Gadelha,1988-12-07,162.56,160.02,,Orthodox
1034382b-483e-57a7-98cb-41e660005b8f,Adama Diop,,,,,
10552a0c-10a7-5ef7-97ac-b7e180ac1e37,Carter Williams,,185.42,,,Orthodox
1056e168-f87d-5430-b3b2-9be4ab775512,Chad Sutton,1982-08-07,185.42,,,
10656594-ef4b-51ca-8288-063a23f5423e,Ross Ebanez,1975-05-18,175.26,,,Southpaw
10865401-93ac-580c-8f17-4134a4b33977,Brad Imes,1977-03-13,200.66,,,Orthodox
10882653-5924-5a10-840e-3ab664c71ecd,John Paul Elias,,193.04,,,
109aff94-8b4a-5ad0-a81c-3f03ab6fbb3f,Curtis Stout,1973-11-07,185.42,,,Southpaw
10ae4abb-802c-54ef-92fd-ada51bf7ff64,Ralph Dillon,,187.96,,,Orthodox
10b76095-3669-5be8-8f80-d19a45b0e4d7,Shana Dobson,1989-03-30,167.64,175.26,,Orthodox
10c880ea-c00b-5b7a-a514-0c18cfc71687,Dennis Bermudez,1986-12-13,167.64,167.64,,Orthodox
10ea0cb0-ff78-583a-a603-b87475a0f524,Sodiq Yusuff,1993-05-19,175.26,180.34,,Orthodox
10ee693d-d52f-5f52-8208-6f307e854271,Robert Lucarelli,,187.96,,,
1109e5ad-213e-5ad1-8a71-5f69a643a6b1,Cody Canterbury,,172.72,,,
111b63d4-533d-5516-ad9a-f20b92fab168,Dave Menne,1974-07-29,177.8,,,Orthodox
11301338-44c5-5e85-b9f0-ecf60dceba0c,James Gabert,,,,,
11537494-76a0-574d-9a4a-898d096a3429,Jonathan Meunier,1987-08-04,190.5,,,Switch
11565ef4-e3d1-565e-9f48-fb4f4fe11a31,Matthew Lopez,1987-01-21,170.18,175.26,,Southpaw
1162276b-072f-5b63-ae1c-82ed42d2fffd,Pedro Munhoz,1986-09-07,167.64,165.1,,Orthodox
118d1640-ec97-574b-b08c-c58106c7b506,Jasmine Jasudavicius,1989-03-01,170.18,172.72,,Orthodox
11939c1c-cd9d-560e-8db4-81a04615c9a9,Andre Mussi,,190.5,,,Orthodox
11adce78-8687-5d2f-bbd8-c1b84e401b91,Damon Jackson,1988-08-08,180.34,180.34,,Switch
11b9d2d8-7074-5432-a3a8-e0058963c188,Danny Barlow,1995-08-02,187.96,200.66,,Southpaw
11c5d913-a3a5-5341-8020-06ea066b88ad,ChangMin Yoon,1994-05-10,172.72,177.8,,Orthodox
11c98cef-5ac3-549c-b163-52ce1a242288,Emilio Quissua,1997-04-21,,,,
11cf5560-5ea1-5394-b5e1-01975057b823,Justin Jones,1987-09-06,180.34,,,Orthodox
11de7b35-0185-5c79-be48-04ddf9a0213f,Randy Brown,1990-07-08,190.5,198.12,,Orthodox
121a4e15-d203-5c12-bedd-03ee67e81385,John Kuhner,1982-10-12,,,,
12208b23-ee06-5a40-ae64-cb33572eac4f,Masutatsu Yano,1975-07-11,175.26,,,Orthodox
1241d1aa-f3b9-5d3d-9e5c-bba443b66178,Ozzy Martin,2002-09-18,,,,
12555b65-de82-5a53-9df8-502716c4c068,Roy Nelson,1976-06-20,182.88,185.42,,Orthodox
1265ea02-d11c-5605-a2e3-00d81b79c054,Adam Wieczorek,1992-02-05,195.58,205.74,,Orthodox
12672fb7-f734-5d01-9ef9-fdcfe5c05b16,Ron Stallings,1983-01-25,187.96,190.5,,Southpaw
128158bd-5b61-5d73-8c1a-0c4e35fa1062,Salahdine Parnasse,1997-12-04,,,,
1288319a-e165-5306-8ca1-4f6c1ce6b88e,Damian Rzepecki,2001-11-23,,,,Orthodox
129678c7-390e-5546-96b1-74d700c2653f,Janay Harding,,,,,
129838a6-1f42-5b60-9986-7a6f2cabac04,Han Ten Yun,,180.34,,,
129df5a9-7cb0-5337-bef5-23a24eac84ef,Kasib Murdoch,,,,,
12ac3dd0-5c7b-52d7-9ceb-302774f1d0ca,Jeremy Lang,1975-05-11,180.34,,,Southpaw
12af1e0d-4185-5793-bbe8-45b285393416,Korey Kuppe,1989-01-23,195.58,195.58,,Switch
12c826ee-89f4-5368-9cf0-49720be7ab62,Dominique Steele,1988-01-27,177.8,187.96,,Orthodox
12cb073d-3a23-5973-8b0e-1c970fe48f34,Rob MacDonald,1978-09-05,190.5,198.12,,Orthodox
12cf8cca-b9a5-5704-9005-433c484b889c,Mike Malott,1991-11-07,185.42,185.42,,Orthodox
12d0493d-7b4a-57e9-8d05-4cba56c2e8dd,Klaudia Sygula,1998-12-30,172.72,175.26,,Orthodox
12d05b02-439b-5156-9937-28c459c61343,Quang Le,1991-10-18,170.18,177.8,,Orthodox
12e14e7e-2ffc-501c-9a2a-301f233d7dbf,Tony Gravely,1991-09-28,165.1,175.26,,Orthodox
12eae34e-0e4e-55fe-a8bb-b42f3586293b,John Reedy,,172.72,,,
12f3dbb2-0268-5e88-80d4-2bb54f46a686,Martin Sano,1991-05-30,180.34,190.5,,Orthodox
12f73d92-901e-556d-a254-cf767334540b,Kyler Phillips,1995-06-12,172.72,182.88,,Orthodox
1309bb4a-40eb-5d72-8524-a92cc7407b50,Damien Brown,1984-12-25,177.8,172.72,,Orthodox
1319af04-49f6-5d34-b56b-2970b215a1a6,Reza Madadi,1978-06-20,180.34,185.42,,Orthodox
132c765b-4127-5ed7-9a9d-05c37f2a4a5d,Nick Pica,,177.8,,,
13549563-32c8-5724-b467-f6de4db770bb,Stephen Ledbetter,1982-06-30,175.26,,,Orthodox
1381e13e-d145-5818-bc2f-e1903d28b251,Janaina Silva,1992-02-16,154.94,152.4,,Orthodox
13952b68-dcbb-5b76-b133-39dc2d3c195e,Juan Adams,1992-01-16,195.58,203.2,,Orthodox
13a19bf8-d297-54e6-97f4-04787dd5f40f,Abdul-Kareem Al-Selwady,1995-04-10,172.72,175.26,,Orthodox
13aa230e-5535-5b90-9805-936ed952a983,Jae Suk Lim,1979-11-09,175.26,,,Orthodox
13b77fc8-f00c-595b-93d6-5c2c433918ed,Bia Mesquita,1991-04-07,,,,Orthodox
13b884f9-4c7e-563e-8e9a-e8f9911c1f2d,Guilherme Costa,,,,,
13c3e90e-6f68-54fc-8b77-9e7ad25705cc,Jimi Manuwa,1980-02-18,185.42,200.66,,Orthodox
13c56478-0222-5ffe-8f10-32f56ae02d5f,Rich Bouphanouvong,,170.18,,,
13cb30f5-6b06-53b0-a010-f5fe4ee3433d,Rolles Gracie,1978-07-14,193.04,,,Orthodox
13d38176-abfd-5786-89b2-9c276e506622,Brett Johns,1992-02-21,170.18,180.34,,Orthodox
13f85069-9f28-5445-81a2-6fa2b111c243,Deni Daffa,1999-09-08,182.88,187.96,,Orthodox
140d29a5-69e2-5f01-9b30-a5ee61e82e50,Olivier Murad,1993-12-21,177.8,182.88,,Southpaw
1430eed1-26f4-564c-a463-59c802512a76,Jordan Rinaldi,1987-09-25,177.8,182.88,,Orthodox
144877f3-caf9-51da-9fc8-61b74f97c35c,Alatengheili,1991-12-14,165.1,167.64,,Orthodox
1450e822-8a66-564f-a10b-13b69bd783f4,Ignacio Bahamondes,1997-08-27,190.5,190.5,,Orthodox
1470f18e-928b-5801-a890-f515f7b9339a,Rhadi Ferguson,,170.18,,,
147323be-7c1a-5381-806c-c7833848c218,Richard Walsh,1988-12-01,182.88,185.42,,Orthodox
148b529b-1705-5901-9b12-bcb515cbacf3,Aaron Wetherspoon,,,,,
1495463c-7a66-54fe-8e5e-18fbfced13ce,Otgonbaatar Boldbaatar,2002-12-25,,,,
14a380b9-899d-5624-b042-1e44ca4fb67b,Yan Xiaonan,1989-06-16,165.1,160.02,,Orthodox
14a6d742-9334-53d9-bc91-66f5196baf2f,AJ Cunningham,1994-09-07,177.8,180.34,,Orthodox
14b0c633-4d79-5d73-85fa-6a31367f9465,Hunter Worsham,,,,,
14be66f2-6356-5046-bca7-89e6bf06056f,Diana Belbita,1996-06-26,170.18,172.72,,Orthodox
14cee795-c63d-517b-882c-2812f1f9da3c,Mario Soto,,182.88,,,
14dee905-18cc-56ac-af59-f7343a43e9ac,Adam Yandiev,1988-08-07,175.26,187.96,,Orthodox
14ef54b1-56f1-5a4e-ae75-d0b5ee5931d3,Adrienna Jenkins,1981-07-22,172.72,,,
14f18966-bbcd-5b12-b495-50e9c49ccfdb,Tyler Hill,1991-08-10,190.5,,,Switch
14f98224-e7a6-52b0-bd0a-e0a6b17b53c5,Jeremiah Constant,1974-07-19,185.42,,,Orthodox
15018070-ab75-5bff-81a3-3198332fc664,Joey Gilbert,1976-06-05,180.34,,,Orthodox
150f679a-c670-5345-a43a-3c67adfe46d9,Ho Bae Myeon,,180.34,,,Orthodox
151afb17-f71a-593e-b92a-8db4aef97999,Mayton Perea,2000-08-18,,,,
1527ba39-ef30-5a5b-967c-aa19a70cd013,Junie Browning,1984-05-12,175.26,,,Orthodox
152b37c3-765a-5955-acec-1d0591169a67,Oli Thompson,1980-01-02,185.42,190.5,,Orthodox
152b6bc1-b7c4-536f-a308-653f5c4d86a0,Leandro Issa,1983-09-19,170.18,175.26,,Orthodox
15317c64-4747-5764-9e68-938c2bd09f0d,Wagner Prado,1986-12-30,182.88,187.96,,Southpaw
1533c992-a530-51d5-9ebf-7b3c79422e75,AJ Dobson,1992-01-18,185.42,193.04,,Orthodox
155285bb-5e72-506e-8018-0c6fbeb808a9,Chad Leonhardt,1980-02-19,182.88,,,
1568a1de-4745-5126-ae17-f9faedb80e3a,Diego Rivas,1991-11-11,172.72,175.26,,Orthodox
156a27a4-799e-5fdf-a245-b7c312f223f0,Carlos Huachin,1996-06-04,162.56,170.18,,Southpaw
158a8289-a3f8-5e68-8d38-06a8aa1ba0ab,Nicholas Musoke,1986-04-05,182.88,190.5,,Orthodox
158de714-e6c0-5435-902f-50150c49a9ac,Jan Nortje,1975-04-11,185.42,,,Southpaw
158ea3d5-d38d-5433-90d1-ff32f76e0456,Bojan Velickovic,1988-12-18,182.88,193.04,,Southpaw
159548ae-c8c1-5967-afed-850f38614c2e,Paul Varelans,,203.2,,,Orthodox
15a3eca4-46ed-5ebd-9f34-df03c927fc3a,Xiong Jingnan,1988-01-12,,,,
15aea309-6506-52fc-939a-7568b83cf01f,Carl Deaton,1989-11-24,170.18,175.26,,Orthodox
15bcb98e-c85e-567e-a666-d14ef3bad388,Alan Patrick,1983-07-19,180.34,187.96,,Southpaw
15c52013-5292-52d0-b569-e8fafb0f5099,Thomas Gifford,1992-07-26,185.42,190.5,,Orthodox
15c53328-6704-5689-af54-8c13ab271721,Pedro Rizzo,1974-05-03,185.42,,,Orthodox
15cc59d2-f7ee-584b-84ae-5f0ffeeab5bc,Erin Blanchfield,1999-05-04,162.56,167.64,,Orthodox
15e5310c-e267-5d49-bd4e-3c3cf4ff87bd,Asu Almabayev,1994-01-25,162.56,165.1,,Orthodox
15ef6b6b-452c-5ea7-8480-943b10ad21ad,Paris Moran,1996-02-04,,,,
15fd5e18-078b-5587-9e38-5c425730c943,Jeremy Larsen,1984-05-18,177.8,177.8,,Orthodox
163314b1-ae68-59fa-8bb7-bfaa1c36e7d7,Ryan Healy,1983-07-20,185.42,,,Orthodox
16335545-10d0-5bd9-adfe-231237627ded,Scott Carson,,187.96,,,
16376599-9773-5e7b-89dd-8bd9bb8f8079,Justice Torres,1997-10-19,170.18,167.64,,Southpaw
164b8934-5c1d-52ab-b0ce-5904fe527904,Anthony Rocco Martin,1989-12-11,182.88,185.42,,Orthodox
1658e700-8c80-5328-957f-3ae40696bc1b,Karen Darabedyan,1986-12-18,170.18,172.72,,Orthodox
166599a4-e8e2-53dd-bc20-31df174952a8,Chepe Mariscal,1992-10-27,170.18,175.26,,Orthodox
166ab097-7526-52db-b5d8-9041d78e8c03,Aleksei Kunchenko,1984-05-02,172.72,177.8,,Orthodox
1678eef5-556f-55e0-a5e3-4470c928b576,Brandon Gaines,,190.5,,,
1683236f-fb73-5264-808e-5c78a566b78e,Ray Routh,,172.72,,,Orthodox
16837c5d-f738-5d79-bcd5-d6c8996815fa,Shingo Kohara,,167.64,,,
16900dc3-ad9b-5945-9261-b270a9eae0d8,Michael Kuiper,1989-06-07,182.88,185.42,,Orthodox
16997ea0-dcdd-591a-a26f-57350c45ab59,Ryan Janes,1981-08-22,190.5,193.04,,Orthodox
16a71b4c-b75f-5ee6-b84c-9f42fd45d9f6,Tim Lajcik,1965-06-21,185.42,,,Orthodox
16c6da94-ee7e-5de6-89e3-c133aee233b8,Gregor Gillespie,1986-11-13,170.18,180.34,,Orthodox
16cca238-5dfb-5c26-9471-f97b512f016a,Alavutdin Gadjiev,1982-06-23,187.96,,,Orthodox
16f1c7a5-bb57-522c-822a-1ac7e1b38df2,Sebastian Szalay,1994-02-03,167.64,167.64,,Orthodox
16f765d8-ca2c-5482-ad66-3799ade99f59,Nick Klein,1995-09-08,185.42,195.58,,Orthodox
16f98024-b2e3-5a6f-a30b-7a48005d0a2e,Augusto Sakai,1991-05-09,190.5,195.58,,Orthodox
173a582d-b068-5a92-a64d-7b6c384fa45d,Chris Liguori,,175.26,,,Orthodox
17647b2f-2e2e-5780-afd5-5af9b4e792e5,Masanori Kanehara,1982-11-19,170.18,170.18,,Orthodox
176d4638-de80-55c6-9396-5a4755b1da1b,Yusuke Imamura,,172.72,,,Orthodox
179f5cde-7b0b-52eb-827e-05565a9d061d,Dorian Ramos,1993-12-31,172.72,177.8,,Orthodox
17a295ee-83af-568d-9e4f-04af144a07cf,Jason Gilliam,,182.88,,,Orthodox
17c07f99-bc78-56f4-97b8-4dd36d0cc711,Roldan Sangcha'an,1990-12-04,162.56,,,Orthodox
17c1ea9a-d7e7-5aca-99c3-64dc26007371,Gabe Lemley,,172.72,,,Orthodox
17c35324-7af3-5827-97a3-383f39eb8640,Nicolas Dalby,1984-11-16,180.34,187.96,,Orthodox
17c5378d-dd2a-5138-a36a-3c5a8fac0645,Michael Cora,1989-08-24,185.42,195.58,,Southpaw
17db11fd-23de-5d41-a789-ea77478e4c2b,Takafumi Otsuka,,167.64,,,Orthodox
17de253a-4b3c-5bee-aa08-a5b15533f276,Keiichiro Yamamiya,1972-07-12,180.34,,,Southpaw
17df9732-3d12-5521-88f5-3fd0f427aed9,Antonio Mendes,1981-04-19,190.5,195.58,,Southpaw
17e7fe2c-be75-588f-ae6c-572d3890a11a,Andreas Gustafsson,1991-02-20,185.42,185.42,,Orthodox
17ea8a21-b241-5728-a3ed-afbeffcb747a,Cody Stamann,1989-11-09,167.64,162.56,,Orthodox
18024ed3-bf4f-5ab7-affb-2b15fbd1450e,Luke Zachrich,1981-12-19,187.96,187.96,,Orthodox
1810554c-b0e4-5444-9e3a-270926ae68f9,Yusaku Kinoshita,2000-08-21,182.88,180.34,,Southpaw
18226eb3-32b3-5a5e-b5c2-bd9691119893,Scott Jorgensen,1982-09-17,165.1,167.64,,Orthodox
1826f17f-cf9d-575b-9e27-a3b00072d590,Steven Ciaccio,,182.88,,,
18569e1e-ec23-594d-be70-22b08825c1b0,TJ Cook,1982-09-08,,,,
186b1a18-20d8-51d9-8734-6d32f2faf6b9,Kyle Stewart,1989-01-31,182.88,193.04,,Orthodox
187607ce-b60b-5124-9d60-4b621e1ea0d3,Tommy McMillen,1997-12-15,182.88,187.96,,Orthodox
188a3ddb-bfdc-573a-9f38-cc49e28bd930,Louis Smolka,1991-07-16,175.26,172.72,,Orthodox
18d3556e-3674-5e27-af2f-b4df22e57a89,Tatsuya Ando,1990-04-26,162.56,172.72,,Southpaw
18dcbd32-6001-5a68-abb0-59e8858dc177,Charles Johnson,1991-01-10,175.26,177.8,,Switch
18ea42b1-cc8e-5c38-8371-f685e64d3319,Brandon Foxworth,1979-04-28,180.34,,,Orthodox
18f32724-8b69-5c03-927a-177e642a8436,Allan Zuniga,1992-04-04,170.18,177.8,,Orthodox
18fa7db7-2a17-585a-9bcf-bdf3f409b429,Maxim Grishin,1984-05-02,190.5,198.12,,Orthodox
18fbdd6d-2d9a-501e-bcad-20672321fc30,Dustin Poirier,1989-01-19,175.26,182.88,,Southpaw
18ff8441-7faa-5a63-9e06-a06442b52683,Thomas Paull,1994-10-15,170.18,170.18,,Orthodox
19205633-ab2c-5856-b7ff-f43cd78db0ba,John Clarke,1977-08-15,,,,
1926c7c4-114b-5061-aa86-1d7040590b4f,Enson Inoue,1967-04-15,177.8,,,Orthodox
196b0870-4b85-5af4-a552-b495d387a05f,Daisuke Nakamura,1980-06-10,170.18,,,Orthodox
196d2625-188f-595f-96db-d005a1df99cf,Andrews Nakahara,1983-03-12,185.42,,,Orthodox
197a079e-de2b-5fdb-883c-00a06cb44166,George Hardwick,1996-12-06,177.8,182.88,,Orthodox
197d72d0-c648-5783-995f-20a09003fea8,Bobby Voelker,1979-04-26,182.88,187.96,,Orthodox
199c0d8b-4b64-528b-99c7-6db255f7e9e1,Kenneth Alexander,1977-09-25,175.26,,,Orthodox
19c566ec-a212-5744-9247-a75b1fa6d4dd,Gavin Tucker,1986-06-17,167.64,167.64,,Southpaw
19cdb954-ab46-523c-81b7-7d3e2259128d,Ivan Erslan,1991-11-15,187.96,182.88,,Orthodox
19da7ce8-8838-57d6-ab19-7d3721ca5fc0,Alan Jouban,1981-11-25,182.88,185.42,,Southpaw
19e3ea1c-42db-535b-a431-f0914e57c8be,Henry Martinez,1983-08-07,170.18,175.26,,Southpaw
1a02d078-fb11-5b07-b8d5-0020d9b12c3b,Lukasz Les,1981-11-05,,,,
1a1f5e9c-7263-55a4-b13f-97cc87b5253b,Tony Kelley,1987-01-21,175.26,177.8,,Switch
1a2a082d-7627-5d3d-b40c-8a7d0c1ce39f,Koyomi Matsushima,1992-10-08,170.18,167.64,,Orthodox
1a487b77-9d04-5286-bff7-40e7cd9a528f,Brett Albee,,,,,
1a5108c5-c0ef-57f3-b7e3-183cb4e1c023,Seokhyeon Ko,1993-09-24,177.8,180.34,,Southpaw
1a53b859-25c4-5e0c-a0c8-ca79114d6bd5,Denis Stojnic,1980-02-02,182.88,,,Orthodox
1a5a0674-d127-5535-9f14-c432a089e755,Nick Serra,1978-03-27,175.26,,,Orthodox
1a60fc16-a19f-5d17-8aa2-99ef4339d524,Johnny Sampaio,1975-09-11,172.72,,,Orthodox
1a63fd18-dc6a-5d58-a2e9-3c0b6a414efc,Denzel Freeman,,,,,
1a6882ae-8cca-5692-ab3c-e541a1fdc4d2,Bob Gilstrap,,190.5,,,Orthodox
1a7fa6d8-9bca-5088-bdd1-5cc8a361fd2e,Jhonata Diniz,1991-06-23,193.04,200.66,,Orthodox
1a86b364-f3e3-5bc4-ace1-121f6393b0a0,Cristiano Marcello,1977-12-03,175.26,182.88,,Orthodox
1a8cba51-8edd-5ee7-b854-efea8a191ec5,Tatsuya Iwasaki,,175.26,,,Orthodox
1ab45f04-fea0-5821-8f84-e327d1cebe2c,Marcel Fortuna,1985-10-22,185.42,187.96,,Orthodox
1abdcf5f-fecf-55b7-b0a3-15a487054c10,Sumudaerji,1996-01-20,172.72,182.88,,Southpaw
1ac00b31-e39d-50b1-9030-8569ee115e1e,Renee Forte,1987-03-27,170.18,180.34,,Orthodox
1ac8b4e1-b636-599a-813b-33b8259576b2,Paige VanZant,1994-03-26,162.56,165.1,,Orthodox
1af13853-fffc-5e8c-9cc6-38cc9140d872,Dan Moret,1986-11-21,182.88,185.42,,Southpaw
1af1456c-5783-51d3-9c82-7cbfe01b9a25,Kyle Sturgeon,,190.5,,,Switch
1afa5c24-4716-52bf-b40d-0ae74a0fea37,Yuito Yanagawa,2000-10-16,,,,
1aff752f-7461-5679-8a44-8258c4779759,Iouri Kotchkine,,187.96,,,Orthodox
1b0d0041-7345-5be2-af71-1b352ec8d64b,Drew Fickett,1979-12-14,177.8,177.8,,Orthodox
1b1116d7-cc50-5224-8650-853207516250,Jaimelene Nievera,1984-10-28,165.1,,,Orthodox
1b174f2c-8e7c-54bc-a99b-f688c1ba5ae0,LC Davis,1980-10-28,172.72,175.26,,Southpaw
1b2b4087-d613-516f-83b0-7b77232a4ebd,Justin Burlinson,1997-05-19,185.42,187.96,,Switch
1b3c5682-5a26-552e-a4e8-bc9b63d583f8,Anthony Hamilton,1980-04-14,195.58,193.04,,Orthodox
1b40d3c6-9029-5845-8a26-4f4cf70cdc8b,Anthony Ivy,1990-01-23,187.96,187.96,,Orthodox
1b4e1c07-b4b0-5cb2-a181-b01723e9a392,Bobby Hoffman,1968-10-28,187.96,,,Orthodox
1b501ac8-bf50-52bc-9d89-e1df4e0c53b0,Matt Arroyo,1982-09-01,177.8,182.88,,Orthodox
1b575a51-126d-528c-8aef-9075b731b084,Cesar Arzamendia,1991-01-31,180.34,,,Orthodox
1b66d766-a4d5-5c18-b40c-b41f88693802,Scott Fiedler,,193.04,,,Orthodox
1b6d8d96-dbb7-52dd-bcde-295df13d10e5,Ed Herman,1980-10-02,185.42,195.58,,Orthodox
1b71a32b-ad72-5cb3-9a4d-c0f18544f373,Rafael Tobias,2003-03-20,187.96,187.96,,Orthodox
1b839ffc-8d04-5f66-9f81-5b5385872cd1,Adam Hunter,1983-10-16,185.42,,,Orthodox
1b9c0801-eed5-5309-a634-0cfd0334924c,Zach Makovsky,1983-04-19,162.56,162.56,,Southpaw
1ba61903-41c2-50e7-93ec-8cad0ba7066d,Luiz Dutra,1982-05-06,180.34,,,Orthodox
1baee1bf-3a1c-5428-8149-367a28fffd84,Jason Brilz,1975-07-07,180.34,180.34,,Orthodox
1bc0aa9a-bddd-50bc-ae83-6e40525a0ef7,Adam Meredith,,187.96,,,
1bebca38-9ad3-5191-b176-105b9f02ba98,Steve Kennedy,1983-03-07,180.34,,,Orthodox
1bfac255-c1ea-5b4f-93d6-43b1cb156481,Reese Andy,1973-03-31,182.88,,,Orthodox
1bfee321-42ae-5421-bc51-9c9ec6d6dc2a,Pete Rogers Jr.,,182.88,,,
1c0bd6e3-b293-5b66-8e0d-aa0a4e6dcd78,Mantas Kondratavicius,1999-07-17,187.96,190.5,,Orthodox
1c19b9bc-5181-5804-83bd-f6a2b7a0f9fb,Gugun Gusman,1990-03-03,170.18,172.72,,Orthodox
1c1adf8e-8a98-5a52-be45-a94096ccd7c9,Tyler Toner,1983-03-31,172.72,177.8,,Orthodox
1c1defe7-c750-5b8f-a29d-c100e68dc5c6,Vinicius Oliveira,1995-11-30,175.26,177.8,,Switch
1c2d81e5-8c0e-5549-9112-bad51c3ea7a4,Cristian Quinonez,1996-04-26,172.72,177.8,,Orthodox
1c346341-8384-5ff7-8bb5-93966b1a37b9,Anderson Silva,1975-04-14,187.96,195.58,,Southpaw
1c4cfa1b-ad35-5aa4-a08f-c57679af1167,Levi Alford,,,,,
1c5169ec-285a-5168-b0f6-7adb7ebdc116,Phil Harris,1983-09-04,162.56,165.1,,Orthodox
1c5c664b-de82-55f6-8545-f88aa47275c7,Nick Newell,1986-03-17,177.8,,,Southpaw
1c7848c5-d305-5f7e-972a-368e990221f4,Rich Clementi,1976-03-31,175.26,182.88,,Southpaw
1c88a745-45f2-5819-97e3-74e08c8847f8,TJ Laramie,1997-10-15,167.64,167.64,,Orthodox
1c8ec078-6a84-5109-8a02-d9d625f2a5fb,Ricardo Arona,1978-07-17,180.34,,,Orthodox
1c9390c6-a8b8-54d2-b3c4-5edf69ce3831,Jose Barreto,,,,,Southpaw
1ca3e800-b166-5108-867d-3e9ec3b60c45,Steve Ramirez,,170.18,,,
1cac0dd5-58d9-50b6-b607-e669a5035b4a,Reza Arianto,,,,,
1cb7cae5-75ce-5d66-8fcb-4cb487edd29f,Syuri Kondo,1989-02-08,162.56,167.64,,Orthodox
1cc90193-c5b7-5506-aec3-8489638dd2c1,Casey O'Neill,1997-10-07,167.64,175.26,,Orthodox
1cce2080-a0d6-559e-ade0-1eb83e6df38a,Eryk Anders,1987-04-21,185.42,190.5,,Southpaw
1cd0af6e-272f-5895-938a-918629a778ec,Shoji Maruyama,1983-04-24,170.18,,,Orthodox
1cfc272f-4acb-5dab-a768-02c95a314927,Joao Pierini,1971-12-11,185.42,,,Switch
1cff2b0a-3af4-52b8-b018-0f017db17434,Ryan LaFlare,1983-10-01,185.42,187.96,,Southpaw
1d19a559-997c-5824-8cd9-52b33ec70f18,Sofia Montenegro,1999-06-18,167.64,170.18,,Orthodox
1d25c152-9f8a-5e7a-8fbf-980a731f7dae,Renzo Gracie,1967-03-11,177.8,,,Orthodox
1d2a47b9-52e0-5d9f-955a-90619013168a,Cory Walmsley,,182.88,,,Orthodox
1d34f4b5-5e17-590c-8bb1-1f17f4812afb,Luana Pinheiro,1992-11-18,157.48,157.48,,Orthodox
1d4019f0-cbf5-5343-945c-b96d3426195c,Haven Torres,,,,,
1d41a163-9976-50fa-b9b0-c66c5a687d1c,Trent Miller,1995-10-31,175.26,182.88,,Orthodox
1d5cb624-3613-5edf-8808-83b3f422e4a6,Jesse Butler,1992-05-24,177.8,185.42,,Orthodox
1d5fddce-0278-5519-a45e-5d3ac5bbb364,Fabio Gurgel,,182.88,,,Orthodox
1d61eafa-d753-5f00-b737-7025574a1844,Gleison Tibau,1983-10-07,177.8,180.34,,Southpaw
1d84b007-4855-58e7-8a0e-8f63a03ec45c,WonBin Ki,1991-02-11,180.34,185.42,,Orthodox
1d8924c1-a7d8-57d4-a0da-c4eed6142061,Gokhan Saricam,1991-02-26,,,,
1da40b0a-789e-5c27-88e4-542b6a53ea40,Zygimantas Ramaska,1996-12-27,180.34,180.34,,Orthodox
1da59537-fde3-5189-b942-86c86dce7b50,Andre Soukhamthath,1988-10-23,175.26,177.8,,Orthodox
1dad8644-ef83-5d78-a53f-3309bf151db2,Kron Gracie,1988-07-11,175.26,177.8,,Southpaw
1db508df-6515-5058-8cda-cdf9e1d10198,Will Brooks,1986-10-08,177.8,182.88,,Orthodox
1db9adc5-184c-5d7d-aca0-85636530b64a,Seth Baczynski,1981-10-26,190.5,190.5,,Orthodox
1dc1865b-fd2f-5da2-b45d-f3c0b3279efd,Julia Avila,1988-05-11,170.18,172.72,,Orthodox
1dcacf60-3ca7-577b-b28a-e832034ee107,Jesse Juarez,1981-05-08,185.42,,,Orthodox
1ddbfd83-bf06-5cbe-82fb-28e06dad606d,Brandon Magana,,,,,Orthodox
1df6529e-256e-54b7-8ab2-df9186c3003a,Konstantin Erokhin,1983-01-31,180.34,,,Orthodox
1df7dbb1-a8ab-56a5-a435-16a8ec82657e,Luis Felipe Dias,1995-01-17,,,,
1dfa349c-f23e-5a71-8763-ec01925894bb,Xavier Franklin,1996-10-15,167.64,167.64,,Southpaw
1dfd7955-38fc-5d6c-93f4-1e311fc11e91,Tony Ferguson,1984-02-12,180.34,193.04,,Orthodox
1e07b17c-47f1-5e31-915a-de326e96bba0,David Kaplan,1979-11-16,170.18,,,Orthodox
1e1cb91e-4822-558a-8ea7-9b4f3a776394,Aji Susilo,,177.8,,,
1e42a427-51dc-5968-a483-9fa82799fb42,Abe Alsaghir,2001-07-01,,,,
1e43733a-700e-56f0-a6d2-6d5685ebeceb,Seth Kleinbeck,1973-07-25,187.96,,,
1e5618c1-a75d-5db2-a982-59d3e5f1b209,Jeff Joslin,1975-04-30,182.88,,,Orthodox
1e5fa777-2606-5ad7-9b4d-4bc17b029b52,Antonio Braga Neto,1987-10-29,190.5,195.58,,Orthodox
1e751940-27af-5bed-8464-c9f93946404c,Jay Cucciniello,1986-07-23,170.18,,,Orthodox
1e8fac41-3761-534f-b7aa-192457c1ff25,Yukio Sakaguchi,1973-07-26,175.26,,,Orthodox
1e9028bf-21d5-54f1-87e2-b6e1e4dec889,Mike Richman,1985-06-23,172.72,,,
1e95c0dc-0f51-5634-944b-215cac8a05ad,Tim Hague,1983-05-09,193.04,193.04,,Orthodox
1e9ce75c-4e64-5884-a6af-a7a7fc2d79b3,JungHyun Lee,2002-09-10,165.1,165.1,,Orthodox
1ea0e1d6-554c-5232-bb3a-befff7e069ba,Azamat Bekoev,1995-12-30,182.88,182.88,,Orthodox
1eb90439-050a-551b-b168-397a1e53aa43,Hidehiko Yoshida,1969-09-03,180.34,,,Orthodox
1ed7eb1a-014c-59e1-a434-aceae2af9987,Johil de Oliveira,,167.64,,,Orthodox
1ef74f2c-2a47-550c-89d6-2b33f85d422b,Kenny Giddens,,180.34,,,
1f4170fd-aba4-57bd-9503-c3496bafab8d,Khalid Taha,1992-02-15,165.1,175.26,,Orthodox
1f615b35-2dfc-582a-86ab-1d740fde4267,Chris Ewert,1993-09-06,182.88,190.5,,Orthodox
1f640f02-6b80-5d03-b901-73bfcb1c85cf,Jamelle Jones,1988-01-31,182.88,190.5,,Orthodox
1f79c241-93ba-5a2e-bec1-7df2c05ce79c,Daniel Gracie,,187.96,,,Orthodox
1f992ca9-a547-5f2c-b095-56d291e20977,Billy Evangelista,1980-10-07,172.72,172.72,,Orthodox
1fbc1708-ff55-585f-b22b-58ac94af613f,Brandon Hester,,185.42,,,
1fbfe6dd-ba30-5167-8991-5b77513d65f8,Charles Jourdain,1995-11-27,175.26,175.26,,Switch
1fdbd9de-cef8-5f48-8a2e-46ac8c695703,Chris Jones,1981-11-16,175.26,,,
1ff8cc6d-968f-570b-be6d-19c0de834ec8,Anthony Drilich,1994-03-17,165.1,165.1,,Southpaw
200a33e7-1909-5b05-837c-0a9bcb10d238,Pete Williams,1975-07-10,190.5,,,Orthodox
200b2275-b471-5e7f-8f67-1e9c348959ce,Maryna Moroz,1991-09-08,170.18,170.18,,Orthodox
203e95da-2d5d-548f-a663-b4503b820382,Randall Wallace,1989-03-01,180.34,185.42,,Orthodox
20444816-17f3-5081-8fec-d68044ee1869,Blake Bowman,,187.96,,,
204520f5-981c-56a6-88d7-ae4762e37bae,Ty Flores,1993-12-22,190.5,185.42,,Switch
204564ca-3a46-570d-91ea-ba68897534ed,Pedro Rocha,,,,,
2054c8a3-8027-58b3-a3f8-503943d0ef83,David Hood,,182.88,,,
20662975-8702-5b0f-b55f-50541867eb8b,Jocelyn Jones-Lybarger,1985-10-04,170.18,162.56,,Orthodox
2067a8fd-0cc8-50ac-8a0e-fb9348966d40,Humberto DeLeon,1989-11-12,,,,
207afd08-81f9-5a73-9d87-99ae49da6687,Mike Cook,,185.42,,,Orthodox
207e075d-1bd2-5ae7-8b4e-408de8b5d21e,Joey Roberts,,187.96,,,
20b5ad58-f8ed-5cd8-9597-07748420467d,Claudio Puelles,1996-04-21,177.8,182.88,,Southpaw
20db6fc0-f906-5d76-a875-81d869b3ae36,Jeff Monson,1971-01-18,175.26,187.96,,Orthodox
20dd2103-1916-51d1-a6dc-79af290a8b24,Eduardo Dantas,1989-02-03,177.8,,,
20e699ee-9fcb-5b7e-9e98-f1df95d02f5e,Ian Machado Garry,1997-11-17,190.5,187.96,,Orthodox
20f3a118-16d2-55e2-9604-a5398c853e20,Thomas Almeida,1991-07-31,170.18,177.8,,Southpaw
21040a4b-7e98-5bb2-9f89-ff9acfc02b81,Naoki Inoue,1997-06-14,175.26,180.34,,Orthodox
2109d70a-a509-555d-ae23-c0e26116bcc3,Mitchell Sipe,1996-04-09,187.96,,,Orthodox
210bb4ae-81ec-5eeb-a50a-b2e4bd731db1,Edwin Figueroa,1984-07-31,170.18,175.26,,Orthodox
210f225d-968d-5b6c-8c30-b57263afaa12,Jessamyn Duke,1986-06-24,180.34,185.42,,Orthodox
211bb387-e173-54d7-b900-d57dec8d0db6,Jeka Saragih,1995-01-01,172.72,175.26,,Orthodox
213e992e-99a9-53ab-9c6f-249cf408c68c,Randy Costa,1994-07-06,175.26,185.42,,Switch
213f04be-519b-528a-89f5-18e1817bede7,Makwan Amirkhani,1988-11-08,177.8,182.88,,Southpaw
2156adce-49f5-5e7d-882a-5853b1745cb7,Houston Dorr,,185.42,,,Orthodox
215932dc-d153-5900-9a02-8af72128b7c3,Katsuaki Furuki,1980-11-10,182.88,,,
217bacb0-2cd5-5579-864d-25381a291d6c,Ante Delija,1990-08-07,190.5,198.12,,Orthodox
217e3b33-c06d-50fb-bb10-06565f54309f,Don'Tale Mayes,1992-01-16,198.12,205.74,,Orthodox
219f4bf6-faca-5739-b73e-67155a8a2b0f,Chris Spang,1987-11-26,187.96,,,Orthodox
21a307bc-c48f-5950-9da4-c0fe6097bdff,Cody Durden,1991-03-29,170.18,170.18,,Southpaw
21b39c9a-3713-5798-87ba-7715fbfc6892,Josh Stansbury,1984-11-19,187.96,187.96,,Orthodox
21e1668a-f39e-5792-95d2-38a5ba337a62,Fernie Garcia,1992-04-12,170.18,170.18,,Orthodox
21e419e4-90a5-5060-8a3f-7540edab1b5d,Edward Faaloloto,1984-07-15,,177.8,,Orthodox
2205f3de-8c47-5514-b26d-1297d9e1c659,Belal Muhammad,1988-07-09,180.34,182.88,,Orthodox
2221ac02-1b74-5e83-9740-0b47e03fc2c0,Nate Diaz,1985-04-16,182.88,193.04,,Southpaw
22230a99-3fff-5a1b-a673-42d38497ac05,Jamie Moyle,1989-03-17,154.94,165.1,,Orthodox
222798d4-321e-5e0f-99df-5187f31178b0,YeDam Seo,1992-03-20,160.02,160.02,,Orthodox
222df8c5-8908-5d9a-8a8a-ce1e49ca44b5,Shannon Ross,1989-05-12,167.64,167.64,,Switch
222ead0c-4dc1-56c7-993f-b0b5895cf492,Alex Da Silva,1996-02-04,172.72,185.42,,Orthodox
22323c63-f18d-5310-96be-c7058dbfecb9,Charles Radtke,1990-07-09,175.26,182.88,,Orthodox
223539d2-4e0f-5950-95b9-d67b872a96d5,Josh Rafferty,1981-01-06,182.88,,,Orthodox
223c0610-fc1a-5852-ba7f-c197ed2a0875,Cody Brundage,1994-05-16,182.88,182.88,,Orthodox
223d8ec4-7c52-5d17-8266-d2fde14d93fa,Grant Dawson,1994-02-20,177.8,182.88,,Switch
2245df83-d4f8-51de-af6f-22dc09e078bb,Nikk Covert,1969-08-04,172.72,,,
22499ddd-51d3-53ef-9b66-0a481d60fb69,Brandon Sene,1981-05-21,180.34,,,
227747ef-0a4c-5c8b-8efd-baad05f29243,Vitor Costa,2000-09-19,187.96,190.5,,Orthodox
2279ebbf-391d-5907-b8e3-14c11eed1680,Tresean Gore,1994-06-21,182.88,190.5,,Switch
227a9f30-e8b5-5f73-81fe-5e5205d89d45,Antonio Dos Santos,1988-07-21,177.8,,,Orthodox
228cfed4-2fe3-51c8-b5a7-7de5ce482d20,Andre Pederneiras,1967-03-22,172.72,,,Orthodox
228d5021-bce5-575b-b65b-31a4eacaae37,Michael Graves,1991-01-08,177.8,180.34,,Orthodox
229f1612-9bb0-5234-a275-78fdea9f52ae,Cortez Coleman,1982-01-28,185.42,,,
22aa556c-f4b8-58aa-a039-7795e2a7c702,Ketlen Souza,1994-08-18,160.02,160.02,,Orthodox
22af3213-a09a-55a5-95c1-6541e1992029,Matt Frevola,1990-06-11,175.26,180.34,,Orthodox
22d182d3-b6d6-58b9-9772-ac66236cc5c6,Chalid Arrab,1975-05-28,180.34,,,Orthodox
22e42077-c868-5f9f-aa01-8421e5561b92,Clayton Carpenter,1996-06-09,167.64,167.64,,Orthodox
22f2755e-329d-5dd9-b304-b1173ad5a624,Michael Chiesa,1987-12-07,185.42,190.5,,Southpaw
22f4ae1c-a925-5f8a-af91-2dbb7e295c47,Moti Horenstein,,193.04,,,Orthodox
22f87864-75bc-5d65-a9db-fada384380a3,Ramiz Brahimaj,1992-11-17,177.8,182.88,,Orthodox
22fae1f9-159f-51bd-bbbf-0334db809a7a,Sean Pierson,1976-03-10,182.88,193.04,,Southpaw
233f2970-878d-582b-80b4-498d4bce81ef,Alex Chambers,1978-10-25,160.02,160.02,,Southpaw
2350eae4-79b4-59cd-8f34-8df7573444c4,Johny Hendricks,1983-09-12,175.26,175.26,,Southpaw
235b0c9f-2433-574e-a409-18243c3255c8,Callan Potter,1984-06-09,182.88,182.88,,Orthodox
235d42e8-9616-5ed6-ac95-27856c71049c,Gleidson Cutis,1989-02-07,175.26,,,Orthodox
237fc3c2-24dc-56e3-a40f-e571d0279cb2,Anthony Njokuani,1980-03-01,185.42,190.5,,Orthodox
23854160-1210-5619-974b-2b46f12fe5cd,Aaron Lanfranco,1986-08-26,,,,
2389d8f5-17fb-50d0-9557-d0286fc297f6,James Thompson,1978-12-16,195.58,,,Orthodox
23a2e84e-c4de-5f6e-a0db-19873b6f7abc,Zabit Magomedsharipov,1991-03-01,185.42,185.42,,Orthodox
23b431d1-984f-5b54-b72a-0902528bcd6e,Sarah Alpar,1991-06-01,162.56,160.02,,Southpaw
23be0ad4-8577-54c1-8b3d-ce4dbe22cadb,Sabina Mazo,1997-03-25,170.18,177.8,,Orthodox
23df212c-e7df-5caf-bc5b-d27fa9b1d236,Ben Saunders,1983-04-13,187.96,195.58,,Orthodox
23e88fde-0861-54ab-b509-54f64d40a2e8,Tabatha Ricci,1995-02-21,154.94,154.94,,Orthodox
23f83740-a433-58bc-baf1-d7ade5243cba,Aisling Daly,1987-12-24,157.48,162.56,,Orthodox
23f9a973-1980-5f5f-a720-c875cda78a3b,Max Rohskopf,1994-09-27,185.42,180.34,,Orthodox
242821bf-2727-5a6a-8473-40246cb97f30,Torrez Finney,1998-10-24,172.72,190.5,,Orthodox
243909ac-5db1-5116-94be-bae24f68070c,Matt Andersen,1971-05-29,187.96,,,Southpaw
24403943-79be-5692-bd49-ceb37507b045,JeongYeong Lee,1995-11-13,177.8,185.42,,Orthodox
2444f17c-67a2-5daf-acd0-248f7b4ebd86,Micheal Gillmore,1987-03-28,180.34,182.88,,Orthodox
24488897-eb2a-5ca5-8ed5-96ecc20e5854,John Salter,1985-03-21,185.42,187.96,,Southpaw
245e85b3-e9e8-50bd-a881-0b18390a1782,Idris Wasi,1989-12-11,182.88,,,
2474afbc-795b-509a-9393-ef9e107e528e,Damien Trites,1979-08-23,180.34,,,
247e5df0-9259-51d0-8cb0-2857f5e92b41,Mitch Raposo,1998-10-16,165.1,162.56,,Switch
248ccc9a-649e-504c-b760-c3de210d35b1,Anthony Avila,1988-12-29,170.18,,,
249dfabd-b430-5cae-be22-34b279c6b269,Tateki Matsuda,1986-02-27,170.18,,,Orthodox
24b10bf7-920d-5b57-9860-3e627a087c4a,Yuele Huang,2000-07-04,,,,
24c939a4-1481-5de5-b846-78b3eeb04744,Ryan Parker,,190.5,,,Southpaw
24defa86-608e-5fbe-bf4d-1707a885a547,Enrique Barzola,1989-04-28,170.18,177.8,,Orthodox
24ed2549-2683-5dc9-be16-0c1a08be8ef3,Kin Moy,,165.1,,,
24ee2ec1-5842-5eb8-9480-9aaf26c485dc,Lucas Stark,,,,,
24f710ce-2d41-5c98-9b84-b85c7ca80ef4,Juan Miranda,,,,,
250fe4f9-b1f2-5a83-8350-6aa731aacea5,Armando Villarreal,1989-08-08,170.18,167.64,,Southpaw
2510b50e-89a2-54f3-b039-0c595f2ec70d,Alex Reyes,1986-10-02,180.34,185.42,,Orthodox
252e7e07-4a3b-590e-9ce5-55370e515d54,Kyle Reyes,,172.72,,,
25379837-c2fe-5248-a441-46fd403af1e4,Antonio Jones,1985-04-12,180.34,,,Orthodox
255e69ea-1502-5ead-a451-c784e0864220,Xue Do Won,,170.18,,,
2565367e-4b08-5215-b6bc-65bca359aeec,Matt Ricehouse,1987-03-11,,,,
25693021-44b8-55cb-b275-666c9d32f007,Rocky Lee,1987-04-08,175.26,,,Orthodox
2570c307-52f2-55e3-94f5-10d923a9d215,Ross Pointon,1980-02-18,172.72,,,Orthodox
25782720-3c7e-5c4b-b78e-a107e3e84ec1,Patrick Cote,1980-02-29,180.34,190.5,,Orthodox
2589b21d-ca63-54a6-8eed-8eecc82aa3bf,Drew Dimanlig,,,,,
258a1ae7-2ba3-5f98-b771-0c30c6eebd38,Brendan Allen,1995-12-28,187.96,190.5,,Orthodox
25900292-c19b-58c1-9ac3-f64f76b21637,Hermes Franca,1974-08-26,167.64,180.34,,Orthodox
25a124d8-a571-5a5f-b5e0-b445fd3a54e3,Masaaki Satake,1965-08-17,185.42,,,Orthodox
25a9b64a-856b-559d-9fc6-2446bb1a4e5e,Yuri Panferov,1996-08-30,185.42,182.88,,Orthodox
25aba54c-9cf5-5f27-9bbf-99acd2ca327a,Jeff Crotty,,,,,
25b92270-1e87-50e8-8ddb-e6c75fd2a715,Mike de la Torre,1986-09-22,180.34,180.34,,Orthodox
25cb117f-00e5-5b2e-8bb6-c6e9bce22e82,Cody Sons,,175.26,,,
25cf18a7-b1da-59de-b0f6-9945ac557cde,Jameel Massouh,1984-09-12,177.8,182.88,,Orthodox
25d87901-d14d-5959-ab7e-62ac22365fc1,Kaiwen,1995-10-16,172.72,180.34,,Switch
25de3c37-8995-5ae0-9f36-5ed64e753573,Sora Rakhmonova,1998-06-21,,,,
25e973f8-4e2a-5f68-ac6b-9110433a2097,Elaina Maxwell,1978-12-16,172.72,,,Orthodox
25f01fa1-145d-5749-8df7-90d03c1685dc,Donovan Beard,1989-11-05,187.96,198.12,,Orthodox
2601afb4-786a-513e-9606-c404bd2914c1,Thomas Ramirez,,185.42,,,Sideways
261d8d4f-d1e3-5b99-b85a-d10ecd21a5bb,Jeremiah Wells,1986-10-30,175.26,187.96,,Switch
262475e9-57c0-5d13-b339-e3c074541637,War Machine,1981-11-30,180.34,,,Orthodox
2625e9e1-7147-5cb1-8d65-e1874fb3162a,Cody East,1988-06-29,190.5,,,Orthodox
2633e923-5981-5ef7-9daf-bbea111270e2,Luciano Azevedo,1981-06-25,190.5,,,Orthodox
263b6ea1-e4d4-5a99-9c46-2fa761bfa6de,Renan Barao,1987-01-31,167.64,177.8,,Orthodox
266c9278-ba3f-5760-bb80-9e2506f47d0b,Pete Sell,1982-08-05,180.34,190.5,,Orthodox
267f44dc-b0d3-5e86-b1d5-7027beebcbaa,Jimmy Lawson,1991-11-13,182.88,195.58,,Orthodox
268e8d28-2fd3-57be-a093-36654f5396f8,Mohammad Yahya,1994-05-23,175.26,185.42,,Switch
2692c2d8-7cb8-5ac8-ba00-4520e79145fc,Quentin Pasley,,,,,
26a5d99c-a0bf-5eee-b08c-f8f2cd3e91cd,Steven Graham,,185.42,,,Orthodox
26aa5d54-729f-560a-8443-33aa2fd55024,Sean Salmon,1977-09-11,177.8,,,Southpaw
26b0cd25-a1c8-527f-9f19-796b8baf5f1f,Mike Wilkinson,1987-09-15,170.18,167.64,,Orthodox
26bbbb80-fab4-5321-b421-de84129d30dd,Sergio Gomez,1982-04-29,167.64,,,Orthodox
26c29236-24fd-5899-afbd-b365f301f873,Aaron Rosa,1983-05-28,193.04,195.58,,Orthodox
26cc020f-92bb-5ddc-b20d-fb8f6b5eea94,Adrian Serrano,1963-12-23,172.72,,,
26d0a76c-1c95-55dd-87d8-349b336901fc,Jack Hermansson,1988-06-10,185.42,195.58,,Orthodox
26edb814-4580-5f73-990a-f5b60d0930f9,Kevin Casey,1981-06-15,180.34,195.58,,Southpaw
26ef2bdf-3353-5fdc-9dc8-430bc896e63b,Carlos Zevallos,,182.88,,,Orthodox
26f083d1-6bc3-5fcd-b8af-f7d0a7deb889,Mike Guymon,1974-09-17,182.88,187.96,,Orthodox
26f79689-1436-5884-af4a-a8078077128c,Jose Souza,2002-05-23,190.5,200.66,,Orthodox
270276ae-53a2-5108-a162-ddb54b4736b1,David Heath,1976-02-10,180.34,182.88,,Orthodox
27061bc1-34b7-5b42-86b3-b3dbb0801ebe,Rick Davis,,175.26,,,Orthodox
271e4ad2-e40d-5468-b0c2-384d0647c58c,Justin Sumter,1989-11-16,187.96,203.2,,Southpaw
272c78a9-f029-5c85-a8a9-19a1057f76f9,Charlie Cleveland,1997-12-30,,,,
272fd213-6b9c-50f4-9441-c7622c24b1be,SangHoon Yoo,1990-01-18,182.88,187.96,,Orthodox
27300873-b206-5929-b318-39525c85c190,Andy Ogle,1989-02-16,172.72,175.26,,Orthodox
275b5c7a-ff11-5360-af62-10d5b7acebc9,Julius Walker,1999-07-16,193.04,198.12,,Orthodox
275d066f-30bb-5c61-a25c-222324a54c9d,Kazuki Tokudome,1987-03-04,180.34,185.42,,Southpaw
27681455-a2ab-552a-ab4c-ab41effcd047,Abdul Hussein,1997-08-02,,,,Orthodox
278f348d-3d7c-5c97-998e-6e07f8136f71,Sergey Morozov,1989-06-14,167.64,170.18,,Orthodox
2794ad56-160f-59ed-a7e2-eaa0fffd0b70,Taneisha Tennant,1989-06-15,170.18,177.8,,Orthodox
2797408f-5779-5769-884e-075322f60f10,Alexander Volkanovski,1988-09-29,167.64,180.34,,Orthodox
279e6934-07c5-55bc-8616-b85c8fa0bfc6,Ray Sefo,1971-02-15,182.88,,,Orthodox
27c2b025-623d-5a69-af04-5aaf96ee45b6,Paul Craig,1987-11-27,190.5,193.04,,Orthodox
27ea30e2-96c1-5ede-9b88-ca78d885252a,Sergey Ignatov,,175.26,,,Orthodox
27f44d15-fdc7-511c-87b5-746129b83968,Nick Piedmont,,177.8,,,
280257f9-2dff-5ffa-af4c-82c257e077d6,Albert Tumenov,1991-12-26,180.34,185.42,,Orthodox
28193987-f66d-5356-bb05-ecc54399b7d9,Hatsu Hioki,1983-07-18,180.34,185.42,,Orthodox
281bfe10-06ae-5b24-877a-b235a0f83a91,Bryan Caraway,1984-08-04,172.72,172.72,,Orthodox
282d4a6e-905b-5db3-b378-7435c1582e13,Linton Vassell,1983-06-03,193.04,,,
282d9d64-92fc-531c-8f78-effff891ad51,Kazuki Okubo,,180.34,,,Orthodox
282e73d6-de95-5fbc-9117-37f4425b4ff1,Roque Conceicao,1999-10-27,,,,Orthodox
282fe0f7-34d4-5996-8835-e7b58e6c1185,Patricky Freire,1986-06-01,170.18,180.34,,
28435841-68f0-5b0e-9e46-e7e06cb71eee,JunYong Park,1991-02-27,177.8,185.42,,Orthodox
28773873-75f9-5e1c-a79b-8581cd0b890c,Joe Charles,,185.42,,,Southpaw
287eed58-01d3-5ed0-8e0c-286b22377b60,Rizvan Kuniev,1992-03-10,193.04,193.04,,Orthodox
2883e96e-b588-56f3-9510-057c2f6e4b55,Mike Easton,1984-01-25,167.64,177.8,,Southpaw
2885a336-65ce-5f7d-9518-90e0a223323c,Colin Fletcher,1983-01-08,187.96,,,Orthodox
2895fc54-c0fb-56e6-a8c2-b5e7fffd3a01,Forrest Griffin,1979-03-16,190.5,195.58,,Orthodox
289abbaf-b81a-57b1-b46d-29f794288490,Jimmy Flick,1990-09-07,170.18,172.72,,Orthodox
28b091bf-688c-5b32-89b4-71e5aff55ce9,James Barnes,1982-05-28,172.72,180.34,,Orthodox
28d7308e-fe19-5550-b6e5-8b4ecffacf42,Brendan Seguin,1976-07-03,182.88,,,
28f891d3-0251-5fc2-99e3-c862762737e7,Dan Severn,1958-06-08,187.96,,,Southpaw
28fab487-5875-597c-bae2-7611fdbcba18,Frank Lester,1984-06-10,180.34,,,Orthodox
28fc731d-3d1a-5564-8336-1cad8219a38d,Josh Copeland,1982-10-20,185.42,,,Orthodox
2905bff4-085c-5182-80e7-28147ad5707a,Casey Kenney,1991-03-20,170.18,172.72,,Southpaw
290d40b4-344f-567c-8ea5-8ee7201b6f3b,Khalil Rountree Jr.,1990-02-26,185.42,193.04,,Southpaw
290f63c0-e0f0-5d2b-b98a-c39ee703adb4,Merritt Warren,,177.8,,,Southpaw
29160768-8918-5f59-97de-ed71fea0388d,Kuniyoshi Hironaka,1976-06-17,177.8,177.8,,Orthodox
293f3a8e-2440-588c-9614-6304d7614268,Bruno Assis,1992-05-23,187.96,,,Orthodox
294d3f4e-1bb6-5fce-ae50-21160efefc5b,Josh LaBerge,,177.8,,,
295aa5cb-fe2d-50df-91c6-c2dba5d4bbdd,Priya Sharma,1991-08-29,154.94,149.86,,Orthodox
295dbdb7-07e3-5388-badd-ea9c117e2176,Amiran Gogoladze,1997-12-09,185.42,187.96,,Switch
29614b5d-248a-515a-aa27-d139d8dbc79d,Phil Rowe,1990-07-18,190.5,203.2,,Orthodox
2968c196-6623-57e2-bfd8-9771966e4068,Jean Francois Lenogue,1972-11-29,182.88,,,Orthodox
29724a52-a0f6-52f0-8ba8-c8530448b57d,Aspen Ladd,1995-03-01,167.64,167.64,,Orthodox
2981b2e9-9dbc-516e-a038-deb9b5db3d4a,Allan Begosso,1995-11-23,165.1,167.64,,Orthodox
29850deb-13a0-50aa-902b-7655a7735236,Douglas Silva de Andrade,1985-06-22,170.18,172.72,,Orthodox
29909422-48cf-531b-8742-8ea3f2f311ff,Mairon Santos,2000-06-10,170.18,182.88,,Orthodox
299dd617-1477-580b-b6e3-a02caebef4f0,Alice Ardelean,1992-04-19,160.02,157.48,,Orthodox
29b05ee6-89ba-5078-9405-67669c6c5853,Keiichiro Nakamura,1998-12-02,177.8,177.8,,Southpaw
29b2c545-8add-504d-8010-73011c2dff92,Mateus Soares,,,,,
29b6ee2d-9b72-50b7-9c22-af2254fa1136,Shavkat Rakhmonov,1994-10-23,185.42,195.58,,Orthodox
29cb37ca-deac-5b23-ad76-7aae9e45e1c4,Tai Bowden,,180.34,,,
29d20d72-95ea-5cc4-97cb-7ac253a882d9,Alexander Trujillo,2000-10-01,,,,
29d2fddc-ea5f-5dd0-a8df-7f59f5fb9f3a,Abram Torres,1982-10-29,177.8,,,
29d80628-6f55-5808-acec-e5a4852be50f,Dustin Ortiz,1988-12-25,165.1,165.1,,Orthodox
29eab752-0a00-50eb-be97-39e7851c035d,Chris Yee,,175.26,,,
29fa8867-150c-5183-86f6-ff6420f9a539,Chatt Lavender,1976-05-24,172.72,,,
29fccd3d-70aa-56dd-a075-3364ada3306b,Damon Wilson,1993-04-29,175.26,175.26,,Switch
2a243cd6-fb79-5967-865e-db83dad733c3,Damian Piwowarczyk,1997-09-14,,,,
2a4e0c22-5a1b-5a83-bc0f-f1248008a5be,Islam Dulatov,1998-08-02,190.5,190.5,,Orthodox
2a52163a-7b6e-55b6-bc9b-6c2ea1b1fc04,Victor Rodriguez,1992-09-05,165.1,170.18,,Switch
2a7ec7e9-66f2-54cd-93f3-d857f18ccb28,Benoit Saint Denis,1995-12-18,180.34,185.42,,Southpaw
2a977c36-6402-5d5c-99e9-175e26fd82fe,Michel Batista,1984-04-20,190.5,,,Orthodox
2aa81cf1-4915-56ff-9fd8-217c8bca74da,Dave Galera,1978-01-12,180.34,,,Orthodox
2ac3315c-67d1-509c-aca3-ab0e84e60a92,Jonathan Contrestano,,,,,
2ac50751-6b4b-5c93-98b2-c2ddfdc99939,Carls John De Tomas,1996-08-28,165.1,180.34,,Southpaw
2ad556eb-abe0-54c2-a21e-13af2659a500,Maycee Barber,1998-05-18,165.1,165.1,,Switch
2ad61afd-3b02-5b15-8675-d33933ead96c,Andrew Martinez,,175.26,,,
2ad91d5e-d0fe-5cc3-a474-ea0e48a61e05,Keith Hackney,,180.34,,,Sideways
2ae946cd-eb87-5948-99d9-18ac77f34f12,Deshaun Johnson,,,,,
2aee01dc-8430-54c4-b306-668e4392668a,John Elam,,,,,
2b20c5d6-64f4-59d4-b7a4-02cf5fdcf4fa,Louis Taylor,1979-05-12,180.34,,,Orthodox
2b23df1a-3fb8-53a5-8b29-e1f87cce15a1,Benjamin Bennett,1994-05-08,182.88,185.42,,Switch
2b32406e-c5e0-5937-b6d3-4176a1bba3e7,Cale Yarbrough,1986-12-27,185.42,,,Orthodox
2b33b289-30fc-529b-8e92-7e8b0647eb8a,Matthew Semelsberger,1992-11-23,185.42,190.5,,Switch
2b3eefd6-6608-5d9a-b3cc-988ef705d7e9,Bruno Silva,1990-03-16,162.56,165.1,,Orthodox
2b40bc5d-867e-5539-ba84-c4194f9e4331,Kyle Jensen,1979-07-20,175.26,,,Orthodox
2b5739f2-6edc-51a5-9232-7c70ca1d152e,Javier Reyes,1993-10-10,170.18,185.42,,
2b63bd19-6442-5c45-9cfe-4c04dabfe707,Lu Zhengyong,,,,,
2b726db7-614e-5ae1-a75c-e38ade16d179,Eric Bedard,1984-09-11,187.96,,,
2b7480df-aa5a-589e-bdd9-4f05fb87a457,Matt Brown,1981-01-10,182.88,190.5,,Orthodox
2b913534-e4be-5cb2-a010-ac9ee73f85fd,Jim Alers,1986-10-14,175.26,180.34,,Orthodox
2bae311c-449b-5622-bb2d-5ba1a7472c70,Carlton Minus,1993-04-26,177.8,190.5,,Orthodox
2be69ba7-896d-5610-a80d-948973c04d68,Andrew Montanez,,,,,
2bfc75c1-6a5f-5ad0-9e8f-c08dbff2d6f8,Azunna Anyanwu,1981-08-05,185.42,,,Orthodox
2bfcd5c1-eedc-51d5-ad5a-a1da7c732479,Patricia Alujas,1996-05-08,162.56,162.56,,Orthodox
2c063fa2-e3dc-5079-a52f-717eda54a721,Eric Schwartz,,,,,
2c0abd62-55ee-5506-ab2a-6ed05f8b7ce4,Alex Schoenauer,1976-05-05,190.5,,,Orthodox
2c156e0e-746c-5619-bd11-ae3b8aa6b026,Len Bentley,1982-11-30,175.26,,,
2c3cace1-c8e2-5c58-a9de-6c07bbe1387e,Gian Siqueira,1994-06-23,185.42,187.96,,Orthodox
2c451f3d-f815-5175-83b7-280953f151e3,Rodrigo Vera,1995-10-18,,,,
2c4b95fd-cd3a-5d14-94c8-b781a73d574c,Alexia Thainara,1995-11-20,162.56,170.18,,Orthodox
2c4c115c-996b-561b-a495-7e1c3d8cea39,Walel Watson,1984-07-16,180.34,190.5,,Orthodox
2c62ca0c-6d9c-597a-a199-942877e6eab7,Joel Alvarez,1993-03-02,190.5,195.58,,Orthodox
2c97462e-81ae-5766-abe8-084388116a48,Doug Marshall,1975-09-09,177.8,,,Orthodox
2cafd18f-efab-55a3-9807-63ce34c95a94,Tracy Cortez,1993-12-10,165.1,165.1,,Orthodox
2cb2481d-1d99-54f1-b03b-fda977b22849,Rashad Evans,1979-09-25,182.88,190.5,,Orthodox
2cb927a5-e77b-5d9e-8f10-85c6f4010348,Landon Showalter,1976-06-14,182.88,,,
2cc66174-eeba-527b-adbf-71d6d1e84b1c,Reuben Duran,1983-07-02,170.18,180.34,,Orthodox
2cc9e72c-c84f-59bc-8fff-ddb8d7ac5836,Jesse Taylor,1983-01-02,182.88,185.42,,Orthodox
2cde8cc0-2a9c-572b-a0ce-cf4ff4e4b28e,Kai Yoshida,1999-10-10,175.26,175.26,,Southpaw
2cf2374a-411e-5a31-87ae-9facc2eefefb,Michael McDonald,1991-01-15,175.26,177.8,,Orthodox
2d0680c2-3e12-5ee8-bb0b-34b80c70e13c,Khaos Williams,1994-03-30,182.88,195.58,,Orthodox
2d1aa644-ba9b-5267-9ca6-99c6c22df499,Nick Rossborough,1981-11-18,195.58,,,
2d363be8-949d-57d0-868a-972ffae815ec,Mauricio Rua,1981-11-25,185.42,193.04,,Orthodox
2d4ec0db-9cbf-5526-9194-87dcfcd0eb1d,Lolohea Mahe,,,,,
2d57ac1a-8461-5482-9f5d-332206178ec9,DongHun Choi,1999-01-02,165.1,167.64,,Switch
2d585da2-8070-5393-bdd1-3fb295980521,Rodrigo Sezinando,1997-12-11,175.26,180.34,,Orthodox
2d881820-d199-5e62-addf-aec8d119ec81,Dan Bobish,1970-01-26,187.96,,,Southpaw
2d8a8793-16c9-570f-b59f-8ed6c0534052,Jon Hess,,200.66,,,
2d94e2ef-e4df-5820-9b66-daaf9fa842c7,Todd Butler,,185.42,,,Southpaw
2d9619c8-6f03-530b-b0ad-e521ba311986,Tiki Ghosn,1977-02-09,177.8,,,Orthodox
2d976315-babe-533f-b4c1-7ef07dd48c28,Frank Megallon,,177.8,,,Southpaw
2d9c8763-ae64-5f9e-809e-f70c1cf35e23,Rex Holman,,190.5,,,Southpaw
2db015d8-79f5-5deb-94f8-8185ae68c2b9,Casey Ryan,,,,,
2db92c1d-b628-56a5-b558-89d953da6f4e,Kyoji Horiguchi,1990-10-12,165.1,167.64,,Orthodox
2dd6f6d7-a5dd-5f7d-904b-7191d91934a2,Marlon Moraes,1988-04-26,167.64,170.18,,Orthodox
2dfe206e-4189-5469-873b-976d6361e8ad,Lara Procopio,1995-11-14,162.56,170.18,,Orthodox
2e0af8a9-d046-51ac-8f16-4aa81735277a,Robert Drysdale,1981-10-05,190.5,,,Orthodox
2e2a1677-e693-51cd-90b6-febf452d8ef5,Everett Cummings,,,,,
2e381988-1fe2-5049-96f8-eb6650123074,Caio Borralho,1993-01-16,185.42,190.5,,Southpaw
2e3e5a74-942a-576c-b317-c624c81c785f,Preston Parsons,1995-07-15,180.34,180.34,,Orthodox
2e5cb674-fbb5-57e1-a952-694fa35dda93,Jacob Malkoun,1995-08-26,175.26,185.42,,Orthodox
2e6c4f80-ecd4-59ab-9c66-69f7931fbdae,Carlos Newton,1976-08-17,175.26,,,Orthodox
2e6e0e00-2171-5e92-9e33-25621db5851a,Manolo Zecchini,1996-10-22,172.72,172.72,,Orthodox
2e70121c-274f-5867-9213-8294ffb9b293,Ansar Chalangov,1979-10-30,175.26,,,Orthodox
2e75f895-6d57-578a-b2a7-dd163211b5c5,Leiticia Pestova,1984-01-15,167.64,,,Orthodox
2e8c15b7-b53a-5a1a-aa1f-2b3ad38b386c,Justin Smitley,,,,,
2ea2ec8a-eebe-5a0b-b72d-a229712601d0,John Hosman,1980-11-13,177.8,,,Southpaw
2ea2fc07-0423-50f3-95e6-b427404ae7ae,Jay Silva,,187.96,,,Southpaw
2ea65213-4d6f-5032-b578-b261c5948eb4,Izabela Badurek,1991-07-11,165.1,,,Orthodox
2eb75dee-eb05-5b15-8297-b869b7cda1ca,Jason Medina,,175.26,,,
2ebae047-ad68-5c92-bcf1-fd8c591d85f9,Cory McKenna,1999-07-11,160.02,147.32,,Orthodox
2ec5fff4-08eb-538d-a019-cfad522034e8,Jason Knight,1992-07-14,177.8,180.34,,Orthodox
2eda0052-9dec-585f-a3d5-c80b605f600f,Delson Heleno,1977-11-16,180.34,,,Orthodox
2ee34e9a-6353-5005-88aa-f46c790b6f55,Devin Smyth,1995-07-21,177.8,182.88,,Switch
2ee4bf35-4400-5456-8a0c-5729d85fb4ae,Guilherme Viana,,193.04,,,
2ee8e88b-07e0-5c80-97e1-d36e71281434,Emmanuel Sanchez,1990-08-11,175.26,180.34,,
2eebbcc0-ea14-548e-82c7-8f1b68534f11,Hugo Guillon,1997-04-12,,,,
2ef34dc9-4665-5744-be1e-eeaecfb15d5a,John Renken,,182.88,,,Orthodox
2ef95164-efd1-5f71-bed0-e366933a5396,Pablo Villaseca,1987-01-26,170.18,,,
2efe5b79-94e7-5d3d-b5db-3e35553bdc7e,Joe Moreira,,180.34,,,Southpaw
2f25eaf3-1bc5-5fa9-8251-1882ad62b0b0,Kiichi Kunimoto,1981-05-01,177.8,180.34,,Orthodox
2f2650fe-300e-5fd8-8868-261583a56d72,Piero Guaylupo,2004-10-29,,,,
2f2b2ae9-dbb1-5e93-96a4-371b054cb043,Shi Ming,1994-11-14,157.48,152.4,,Orthodox
2f5bffe4-cb78-5498-87bb-15737d83a727,Floyd Sword,1976-08-24,182.88,,,Orthodox
2f797cf8-8dcd-5f97-a88e-aa54dc181a67,Takahiro Oba,,172.72,,,Southpaw
2fb0ed2a-11a9-59a2-811f-8aebb1fe5cc4,Ren Yawei,1998-02-07,175.26,175.26,,Orthodox
2fbed6b4-0abd-552b-a789-4ff1f3bc815f,Jim Miller,1983-08-30,172.72,180.34,,Southpaw
2fcb297f-1d95-59b1-a3e7-530085baf969,Devin Powell,1988-03-01,182.88,185.42,,Orthodox
2fdced04-b02d-5427-848a-8e171f823d5e,Adrian Diaz,1988-04-26,177.8,,,Southpaw
2fde5105-08e3-5963-a069-83e21d87ef7f,Jesse Jones,,175.26,,,
2fe37b0e-f3a9-58a7-af7c-0f16d35f8d95,Rafael Silva,1985-03-20,170.18,,,
301a0a3e-84b4-586d-ac35-15998c47a26f,Justin Scoggins,1992-05-02,170.18,167.64,,Southpaw
301e269d-f347-5da9-9221-ff07c671dbf1,Eduardo Neves,2000-03-16,187.96,198.12,,Orthodox
302e6509-e4fc-5824-8c64-b1114c8b3885,Irene Aldana,1988-03-26,175.26,172.72,,Orthodox
302f72de-6469-54da-91a0-0c3dbf90034b,Yuma Horiuchi,1997-09-22,167.64,170.18,,Switch
3043a7bd-1af8-5b05-a4f1-3037fb524adc,Matt Skelton,1967-01-23,190.5,,,Orthodox
3081801e-95bd-59ef-a25c-b7e54274d349,Genki Sudo,1978-03-08,175.26,,,Orthodox
3085bea1-cc98-5160-b692-055f1a45db6f,Khadzhi Bestaev,1988-07-16,198.12,193.04,,
30bce288-c786-5182-98b6-1cdd5c3df057,Alvin Hines,1991-10-20,187.96,187.96,,Orthodox
30ddd1a9-5cde-5841-84ee-3d0b8b75e746,Chi Lewis-Parry,1983-08-10,205.74,,,
30e392b7-fbe2-5d0a-a17e-1aded19e7e0b,Rodrigo Lidio,1989-07-07,180.34,185.42,,Orthodox
30eea701-84a2-5d0b-8a41-463df1ad7857,Brian Houston,1981-04-26,187.96,,,Orthodox
30f349bb-30ea-5beb-b801-dc14deb21d1d,Zhu Kangjie,1996-01-16,172.72,177.8,,Orthodox
30f4e722-8469-5fd1-bbab-6925ae693e8e,Bernardo Magalhaes,1981-04-08,175.26,,,Orthodox
30fad9a7-9750-56c3-98ee-33746d4f1502,Rafael Freitas,,,,,Orthodox
30fb1a59-1cb7-5503-9abe-3614bc452a5a,Otari Tanzilovi,1998-04-09,177.8,177.8,,Orthodox
3105888b-41cb-50e5-a86c-bebb7c223f53,Thiago Tavares,1984-11-08,170.18,177.8,,Orthodox
310850ce-42f0-59d0-9b64-439c008d0164,Daniel Allen,1992-08-10,182.88,190.5,,Southpaw
31101a8c-d745-5b31-b9d1-a4e9e6119c5d,Marlon Vera,1992-12-02,172.72,177.8,,Switch
31475e87-4db8-5433-88a2-f70ef09152cc,Wilson Reis,1985-01-06,162.56,165.1,,Southpaw
3186c750-6ab2-5534-b1e0-8b21f826a88e,Lucrezia Ria,1992-06-24,167.64,,,Orthodox
3187dcf9-2eea-5510-ac81-b62053569e69,Shannon Gugerty,1981-12-30,177.8,180.34,,Orthodox
3195090c-e55c-5dcf-ba74-bb3a9edcaf54,Hugo Sandoval,,,,,
3196f086-109b-5009-a11e-9f72a1edf2e8,Brady Huang,1992-12-16,175.26,175.26,,Orthodox
31b04ea8-a97d-57b0-a048-a9177cb115f9,Josh San Diego,,177.8,,,
31bb3850-08f3-553a-80cd-5cbc3be928a7,Ashkan Mokhtarian,1985-09-15,167.64,170.18,,Southpaw
31c2310b-bb6e-58fc-9269-1b6a795c0a08,Logan Paxton,1995-08-04,,,,
31c5a80f-83e7-506a-97be-01f38c4f5f8a,Yuji Nagata,1968-04-24,182.88,,,Orthodox
31cb9dbe-8429-5de1-afd1-67759a2c15aa,Kenny Ento,,187.96,,,
31e132d4-09fa-5083-a64c-3b1c5bd74d86,Dean Barry,1992-07-03,177.8,182.88,,Orthodox
31ea418a-d680-5ab7-83e2-c616409b312e,Ramon Taveras,1994-01-09,172.72,177.8,,Southpaw
31f1feec-4c6e-5306-9bb0-d4e59cfcdae4,Motoki Miyazawa,,180.34,,,Southpaw
31f3db5d-e986-5814-878a-78600c77c5d2,Gabriel Bonfim,1997-08-20,185.42,182.88,,Orthodox
3203a93e-9a51-5b2c-aa15-6cdc67215fd4,CB Dollaway,1983-08-10,187.96,193.04,,Orthodox
32084f63-3af4-576e-8f91-47b45a529127,Marco Beltran,1986-05-18,172.72,175.26,,Orthodox
321ccca5-a82e-589a-8a2e-750d0cae3288,Evangelista Santos,1977-12-12,177.8,193.04,,Orthodox
322a2f1e-9877-5e52-b90a-755c81398fcf,Mason Jones,1995-04-26,177.8,187.96,,Orthodox
32568654-b84e-5f9b-ad8d-a89489167250,Cole Escovedo,1981-08-30,170.18,182.88,,Orthodox
326d571c-e3f8-5d26-9d27-48813d4ed54b,Luana Carolina,1993-06-11,167.64,175.26,,Orthodox
327d5876-df4e-55c4-a479-6dd4928a15cd,Muslim Salikhov,1984-06-09,180.34,177.8,,Orthodox
328842eb-0e50-5ef7-86de-551e60a2475c,CJ Vergara,1991-06-18,167.64,172.72,,Orthodox
328c8531-780c-5e40-9e43-deb8cb3ede44,Mike Davis,,,,,
32985ca7-4489-51b9-bc5c-aa2919ccd498,Marcio Barbosa,1998-05-22,167.64,177.8,,Orthodox
32a7facb-f177-510e-948c-f3ac87190e9b,John Kelly,1978-08-02,175.26,,,
32bee4df-f5dc-5fce-a96c-ac3a9c6d310d,John Marsh,1970-09-15,182.88,,,Orthodox
32bf99a8-a421-5b59-b23e-d631d2d4fad2,Vince Morales,1990-11-12,170.18,177.8,,Orthodox
32c91f76-524f-518a-8a88-9d5ca1b1faf3,Sean McCorkle,1976-07-17,200.66,205.74,,Orthodox
32d9065a-238f-5603-989a-c0c9158b95c3,Thaddeus Luster,,190.5,,,
32f02edd-bd45-5504-a099-d18aac438517,Jamie Yager,1983-11-29,185.42,,,Orthodox
32fc1a93-905a-5259-939a-f4f94c8ef527,Kaleo Kwan,1970-08-01,170.18,,,
3323546c-502e-5dd0-8ee9-c3cb93e1ae1e,Issei Tamura,1984-03-12,165.1,160.02,,Orthodox
332a10d5-ffd7-576e-b37f-c83e20eaa4e1,Cyrillo Padilha,1978-01-23,180.34,,,
333413b1-c4e9-543d-8d2d-ce0f61855e04,Jared Gooden,1993-12-05,182.88,195.58,,Orthodox
333cadb0-a1bb-575a-a43a-fc79b3dac454,Jamie Pickett,1988-08-29,187.96,203.2,,Orthodox
334a6d9e-94e5-5a07-8fbc-528a9686a3d8,Mara Romero Borella,1986-06-03,167.64,175.26,,Orthodox
3355d7a9-08f1-5918-8cd2-78b36b4af7a7,Jason Miller,1980-12-24,185.42,,,Orthodox
33657b0f-cd8b-51ff-859e-5bdec1f19684,Cub Swanson,1983-11-02,172.72,177.8,,Orthodox
33755732-ff1d-54c6-a0ae-ff6e9d15455c,Michael Imperato,1989-09-01,170.18,167.64,,Switch
3379b66c-fd77-504e-8c8b-91b3cb238cc3,Magomed Zaynukov,1995-01-02,,,,Orthodox
33838274-577d-5e7d-9b53-76cc22b637a2,Michihiro Omigawa,1975-12-19,167.64,172.72,,Orthodox
339265f3-fc7c-5b6d-911f-5f475de373eb,Ryan Tobar,,,,,
339de2ef-a30d-56e9-8572-886cc77e318c,Justin Salas,1982-03-13,172.72,177.8,,Southpaw
33ad01bb-3baf-55d2-838d-32b743b3073f,Gabriel Miglioli,,172.72,,,
33b6457c-bc96-5ca4-9b5e-159cee77d0c0,Gideon Ray,1973-05-27,177.8,,,Southpaw
33c28ed9-9a86-588a-970f-def2d0c7ddd8,Akbarh Arreola,1983-01-14,177.8,180.34,,Southpaw
33c5f414-09ca-55d0-95dd-59b96bc23dbd,Robelis Despaigne,1988-09-09,200.66,213.36,,Orthodox
33d90b9f-e521-59a1-87b2-4784c4f3af3c,Ronaldo Rodriguez,1999-05-07,167.64,165.1,,Orthodox
33f67228-4dfd-587f-9597-9c9cc2dc6ac5,Alivia Bierley,1996-09-20,,,,
34105f05-af72-54ba-939e-66ce5a3a9fd1,Gabriel Gonzaga,1979-05-18,187.96,193.04,,Orthodox
3414460e-9e23-5e09-9882-51585afa86fb,Ryan Jensen,1977-09-20,185.42,193.04,,Orthodox
342bb1eb-b62d-573f-b65f-65ca0a5427ea,Nick Sanzo,,175.26,,,
34533969-fd14-585b-8099-1d54ba2f4cae,Takayuki Okada,,185.42,,,Orthodox
345b0807-0422-5231-9b78-9871d4b33c1c,Artur Minev,,,,,
3461a951-3d9a-5561-a2de-bb4492d03ac6,Jack Jenkins,1993-11-03,170.18,172.72,,Switch
34707639-3333-5c39-90c2-2f689857e14d,Kelly Faszholz,1985-04-09,172.72,,,Orthodox
34854c30-4f39-5011-8f3e-660b706a7c91,Kyung Ho Kang,1987-09-09,175.26,185.42,,Orthodox
3487776b-e007-5a22-81e4-b1504bc588cf,Sanford Alton Meeks,1994-04-05,195.58,190.5,,Orthodox
3487a30b-5eb9-5a40-b89d-da16c5a42ab8,Kyle Bolt,,187.96,,,
3497f836-68b3-5a26-ac3e-f2646ac3e499,Joe Lowry,1989-12-12,180.34,185.42,,Orthodox
349d3743-22e5-5fb4-a091-0702b0aa9cad,Bryan Baker,1985-10-13,190.5,,,Orthodox
34b08edc-9fd5-55de-9c67-4ee4c5aeb601,Mitch Clarke,1985-11-24,177.8,185.42,,Orthodox
34bd6364-c8a2-5a42-b645-e282f897d5e9,Matt Hobar,1987-01-07,177.8,177.8,,Southpaw
34c0a17e-ffc6-5804-81a1-59f6594e9499,Kennedy Freeman,1996-11-26,,,,
34c0b457-ae60-53f8-a6a8-12250d8e50be,Michael McBride,1986-03-09,185.42,,,Orthodox
34d67e4d-fc94-5db0-a76d-d2f78de2aca9,Edwin DeWees,1982-08-07,185.42,,,Orthodox
35006511-b9ba-5f33-af5e-e036d2ff5ddc,Maximo Blanco,1983-10-16,172.72,180.34,,Orthodox
351a1b7f-f847-51ca-8e99-5546ffd30c23,Rhys McKee,1995-09-10,187.96,198.12,,Orthodox
351c9cf0-c33a-59e0-bf5c-560450aa2609,James Wade,,177.8,,,
35318ee3-bd52-5fb0-bce5-278447377c6e,Leonardo Mafra,1989-04-25,177.8,177.8,,Orthodox
3557d56f-1387-54c3-ac05-e08c3bf0c5b8,Per Eklund,,177.8,182.88,,Orthodox
355ccfad-0084-5e5a-8794-157d0d0b394f,Andrew Ramm,,185.42,,,
356bb64d-5ff8-5b5c-928a-9a9d74a78a12,Valesca Machado,1996-05-06,162.56,160.02,,Orthodox
356bb69c-0a45-5f64-aa67-05cef45a3b38,Shane del Rosario,1983-09-23,193.04,,,Southpaw
35a0822b-6b38-5119-8ac1-2e9b3fd1f0e0,Sherman Pendergarst,1967-08-01,185.42,,,Orthodox
35aa633b-b76d-57f5-9986-1270340aae12,Silvestre Sanchez,2001-11-15,,,,
35ac210c-286f-52cf-8d18-f59a6f88a783,Joao Paulo Faria,,175.26,,,
35b0e86b-56ab-587c-83ec-7549bf248184,Bob Cook,,175.26,,,Orthodox
35b4e778-c53b-514c-a3fe-6dff7756a4e4,Ricardo Morais,1967-02-26,203.2,,,Orthodox
35c0e465-a999-5148-8900-f2ab8a5f8865,Muhsin Corbbrey,1978-05-18,177.8,,,Orthodox
35d5495f-a60b-5627-a011-ecf013881186,David Roberts,1975-11-15,185.42,,,Orthodox
35f9f19a-3f74-54a0-9ccc-2aab50b68067,Thales Leites,1981-09-06,185.42,198.12,,Orthodox
3609dd34-09c5-5936-bf87-73da47d43abb,Jorge Interiano,,185.42,,,
360de32c-3a5f-5460-a3d5-77e304c0ab74,Fabio Nascimento,,177.8,,,Orthodox
360e1446-9bf3-5500-bbd9-c02ef3ab0134,Yousri Belgaroui,1992-06-02,195.58,200.66,,Orthodox
361ad9e5-2170-5f45-b85c-449c410f0239,Gerry Harris,,203.2,,,Orthodox
362675f0-85f7-5a41-8c43-628206323791,Akira Shoji,1974-01-31,172.72,,,Orthodox
3644cc10-d9db-5871-97b1-c9a223da4a83,Keenan Raymond,,,,,
3647e37c-1d82-5820-9018-d493ac23df90,CJ Marsh,,,,,
364fdf92-f103-5d45-b773-2647672f1949,Ray Sloan,1985-07-14,185.42,,,
3658a919-f923-59ea-aa1c-7f1c33d3e7f3,Charlie Valencia,1974-10-31,160.02,162.56,,Orthodox
36702572-cc54-5536-ad49-21d9d1273e86,Edgar Garcia,1984-02-22,177.8,180.34,,Orthodox
36787e68-4ed4-5f7e-a764-58274dc22452,Brock Jardine,1985-07-10,180.34,,,Orthodox
36a00809-d2c2-55aa-a31a-4b342ef11b35,Simon Biyong,1991-04-05,,,,
36a0a909-44e5-5b26-be0f-5afac0fb83fb,Ivan Valenzuela,1992-11-17,187.96,195.58,,Orthodox
37009856-5c90-528a-bdae-6a26ba7b4598,Nah-Shon Burrell,1990-02-05,180.34,,,Orthodox
37127759-2410-5ea7-bd9d-3b7ac0e9782a,Sarah Moras,1988-04-30,170.18,170.18,,Orthodox
3753de9c-ff82-5c99-9117-ea827a5f0613,Mike Rodriguez,1988-11-28,193.04,208.28,,Southpaw
3756c3f5-5ede-5b31-82cf-3b57309cfbd5,Chris Solomon,,180.34,,,
375c289a-a19d-5553-b1af-8522aeecd0dc,Jesse Finney,1974-07-11,182.88,,,
376b07b5-c551-5526-b400-96b413d1c4d7,Krzysztof Jotko,1989-08-19,185.42,195.58,,Southpaw
378d7fcd-03cc-51dc-bfee-526dc2c7a297,Satoshi Ishii,1986-12-19,180.34,,,Orthodox
37c23b7d-4367-506f-abf2-fbbdbe85f3ff,Danielle Taylor,1989-10-25,152.4,152.4,,Orthodox
37dfdd1f-ea8b-5d05-90d2-0dda373ae1b2,Lumumba Sayers,1978-06-30,182.88,,,
37f2c776-91e1-5684-a1ab-611c4ac08c73,BJ Penn,1978-12-13,175.26,177.8,,Orthodox
37ffde33-f10c-56fa-bd48-6c06bd219a15,Toki Matsui,1999-09-08,167.64,165.1,,Orthodox
3814333e-9cf3-520c-b928-e786a858198b,Mario Neto,,182.88,,,Orthodox
382a6724-827c-5ba4-9ee3-6f3c3482cd60,Song Yadong,1997-12-02,172.72,170.18,,Orthodox
382b87b3-ead4-51d3-8ae7-39f74b19382c,Matthew Riddle,1986-01-14,185.42,193.04,,Southpaw
38395421-c513-5efe-aade-d4a7bce9819b,Igor Araujo,1980-12-06,185.42,195.58,,Orthodox
383a7ae5-195f-5372-aae7-3281a6812bee,Joseph Gigliotti,1993-08-13,180.34,,,Orthodox
3841be52-7763-51f3-867e-d250dfcbe7c3,Daniil Donchenko,2001-08-04,180.34,180.34,,Orthodox
385a5308-b914-5745-9471-64ec50232c4f,Chris Birchler,1987-06-05,190.5,,,Switch
3884b53f-4a64-50c7-a8dc-424f5ca40ad2,Virna Jandiroba,1988-05-30,160.02,162.56,,Orthodox
388b965a-7f44-5440-b92e-9bab8db08d51,Jess Bouscal,,,,,
389069d5-73b9-5d14-9c58-e6869a133c4d,Anatoly Tokov,1990-02-17,177.8,,,
38960a22-2b3f-5330-9c8a-8187a3b15a19,Andrew Todhunter,1987-11-30,182.88,,,Switch
38c42567-cb89-560a-9832-5626b2e3aa08,Kazuhisa Watanabe,1983-05-18,167.64,,,
38ced721-eef8-5313-8d12-d86d76ed5814,Rafael Alves,1990-11-14,172.72,172.72,,Orthodox
38dc89b4-ecb1-5576-bf65-6d296a665e4d,Nick Nolte,,182.88,,,
38e05dd4-62bb-5e72-a526-1a0dbc31b73a,Thiago Silva,1982-11-12,187.96,187.96,,Orthodox
38e27235-02f1-56a8-83d3-12ac7a0efdf3,Bertrand Amoussou,,172.72,,,Orthodox
38ef7651-0dff-5155-a1ae-9d8322c3534d,Alexander Trevino,,,,,
38efefcc-829f-5bb9-8be2-555ba4ff7ecc,Harold Howard,,187.96,,,Orthodox
390c00a5-b435-5be5-8eb3-2d17ba15dead,Felipe Colares,1994-03-31,172.72,175.26,,Orthodox
39263437-4696-5cb9-ae84-c7b844fb51f8,Chad Vance,,182.88,,,Orthodox
39290395-c5f5-5e5e-9628-e19b423e6bfc,Soa Palelei,1977-07-12,193.04,205.74,,Orthodox
392d843f-e7d4-56d2-8250-c0387847c889,James Zikic,1977-03-01,187.96,,,Orthodox
3933d4d3-6dea-5f77-a6f1-23b7806c184c,John Campetella,,175.26,,,Orthodox
3939fb10-964f-5c14-b96d-a2171b36e07a,Michael Patt,,182.88,,,Orthodox
3968131f-8240-537e-b1df-a6d02f114c93,Drakkar Klose,1988-03-09,175.26,177.8,,Orthodox
3971a46c-dc70-5bf5-bb4c-4856b03faecf,Martin Bravo,1993-09-21,172.72,180.34,,Southpaw
39794e41-ec5d-58ca-982e-621f49fd4581,Cory Hendricks,1988-05-10,190.5,,,Switch
3980e7d4-b0d5-5778-998c-8844da9c0327,Megumi Fujii,1974-04-26,160.02,,,
39852f01-0517-54ed-9875-51a9b2721a86,Tom Watson,1982-07-13,185.42,185.42,,Orthodox
398fbaab-5abc-52f7-8b1c-c8afff8c016b,Greg Velasco,1993-09-23,187.96,177.8,,Southpaw
39b6183c-c50b-5893-89cc-e46cd491c442,Nordine Taleb,1981-06-10,185.42,187.96,,Orthodox
39b7c601-9593-5a7c-b687-735f94a0ba68,Taylor Lapilus,1992-04-08,167.64,185.42,,Southpaw
39d1be3a-8f3a-5093-a560-a570c9131225,Justin Haskins,1979-08-30,177.8,,,Orthodox
39e68555-fe15-5153-990b-e0b6120772c5,Damien Anderson,1997-01-04,172.72,175.26,,Southpaw
39ea17a0-60e7-5d7f-81a7-a7992494b58a,Sergey Khandozhko,1992-05-19,185.42,187.96,,Orthodox
39eab663-61a2-50da-833a-ed7a974cac05,Andrew Craig,1986-01-15,185.42,193.04,,Orthodox
3a00e3df-9bf5-56a4-be60-18e2facaf03c,Joe Kropschot,1995-06-19,,,,
3a014558-33f6-524a-9be3-902406e7fc64,John Moraga,1984-03-20,167.64,167.64,,Orthodox
3a0396c0-c7b8-5cc7-a8ad-1bbda6bb2b8c,Duane Ludwig,1978-08-04,177.8,177.8,,Orthodox
3a0e320f-c92d-5169-a304-6f5cdf5485d1,Saygid Izagakhmaev,1994-09-03,,,,
3a2b6c18-5073-591a-b0e6-028e568fa36a,Borislav Nikolic,1993-01-29,,,,Orthodox
3a3a65cd-3a10-5f4b-a680-af305d31b64b,Jakob Lovstad,,190.5,,,Orthodox
3a3ec84d-abd0-5335-8932-c0c2ca88bfb7,Pedro Otavio,,190.5,,,Orthodox
3a4d10da-5596-5e98-8f62-59f61e5003ec,Nandor Guelmino,1975-12-20,190.5,,,
3a7699de-90b3-5a91-ab95-9d98a39c613f,Phil Hawes,1989-01-08,182.88,195.58,,Orthodox
3a828223-909b-5961-945d-3af959ded733,Keith Rockel,,182.88,,,Orthodox
3a85207e-98bf-5a81-bf20-cc4332414f93,Tom Niinimaki,1982-07-25,175.26,175.26,,Orthodox
3a891619-b4b5-5798-8b97-4ad6f999f35b,Stephanie Egger,1988-08-12,167.64,172.72,,Orthodox
3a90eed6-750c-5a69-8e65-45c1e883b0f7,Ahmad Hassanzada,1996-11-20,185.42,190.5,,Orthodox
3a96cf7c-3985-534f-86f0-0dbbdff07e93,Kanako Murata,1993-08-10,154.94,157.48,,Orthodox
3a9e934e-1587-5c1c-bd74-757f1e6c1cf7,Joby Sanchez,1991-06-24,167.64,172.72,,Orthodox
3ab703b9-9c6c-5d8b-af25-20005946d245,Maimaitituoheti Keremuaili,1991-03-18,167.64,167.64,,Orthodox
3ab7be03-05e8-5ed4-a75d-dc2af3045749,Oskar Piechota,1990-01-24,182.88,193.04,,Southpaw
3ab9a890-cf06-56d3-b8ee-ecd67535b8aa,James Head,1984-02-09,185.42,185.42,,Orthodox
3ac31e92-2398-5703-b206-4953a4bceeb7,Colton Loud,2000-12-07,,,,
3ad091f5-89fd-51e2-b4df-10738534708c,Evan Dunham,1981-12-18,177.8,177.8,,Southpaw
3aeb9a8e-9b16-5bb8-a6e3-3581239781e3,Colton Smith,1987-08-14,182.88,180.34,,Orthodox
3af531df-ab95-54dd-a29b-00c8f583f539,Tagir Ulanbekov,1991-08-07,170.18,177.8,,Southpaw
3b00addb-a5f3-549a-893b-34c712c4dbf7,Jack Cartwright,1994-05-26,175.26,172.72,,Orthodox
3b043050-8e80-5bc5-8c03-9bb0e603e19d,Nobuhiko Takada,1962-04-12,182.88,,,Southpaw
3b0c1702-bdf7-55d6-a412-74c03b2d2278,Top Noi Kiwram,1992-08-15,165.1,170.18,,Southpaw
3b11b6e8-3954-5bd9-b4ae-bccf4913dad6,Carlos Mota,1995-04-15,162.56,175.26,,Orthodox
3b246e57-b58d-5eac-a189-5f0fc61a5f64,Rodrigo Gracie,1975-04-11,182.88,,,Orthodox
3b460b52-082d-50a4-b474-ce024270c97d,Masanori Suda,,175.26,,,Orthodox
3b51dbb4-692a-5963-b2c3-5a07d8df83c6,Sultan Aliev,1984-09-17,180.34,187.96,,Orthodox
3b531b36-ccab-5dc1-91ba-5934db71e57f,Abus Magomedov,1990-09-02,187.96,198.12,,Orthodox
3b567641-3b62-54db-b798-cd0222fc3540,Garrett Gross,1988-08-08,175.26,,,Orthodox
3b58359d-f0dc-5f20-8e7f-a3076f254f9e,Ronny Markes,1988-04-21,185.42,190.5,,Orthodox
3b62e96f-ec72-56de-9a09-9943c53108f6,Pawel Pawlak,1989-02-08,182.88,185.42,,Orthodox
3b644afc-f873-5ecf-ac49-e1eaefe77c7f,Ion Cherdivara,,,,,
3b760925-045a-5667-9763-ce5a869db678,Casey Huffman,,190.5,,,
3b815465-fdac-5974-b05a-3ef11a9ef1bf,Erick Montano,1985-11-19,182.88,185.42,,Orthodox
3ba57b22-2fad-5792-9db7-f06e4ef20e47,Alex Gorgees,1995-08-11,187.96,187.96,,Switch
3bbe38fa-47f9-5e00-b1cd-6dada728a1c3,Santiago Luna,2004-08-06,175.26,187.96,,Orthodox
3bd6acc1-5e0c-5bd6-b165-4c0d3e032a15,Brendon Marotte,1996-01-12,175.26,177.8,,Orthodox
3bd7ea63-0ca5-532c-8860-18bb76117f50,Frank Caracci,,,,,
3be6f60b-c82b-5180-bebb-dbace886161a,Timothy Johnson,1985-03-13,190.5,195.58,,Southpaw
3bebc770-a0b0-5162-b7fd-71a8bddc3934,Jon Madsen,1980-02-12,182.88,182.88,,Orthodox
3bfb69e5-0d19-58bd-9245-7122f4d1cd5c,Jonathan Martinez,1994-04-20,172.72,177.8,,Southpaw
3c038b0e-ad86-5f31-b3f2-642e595e5d6d,Jeff Bedard,1970-02-06,167.64,,,Orthodox
3c1c8caf-4b22-5f22-8900-93c0da6e7ad6,Karo Parisyan,1982-08-28,177.8,182.88,,Orthodox
3c1f88ac-2373-50bc-b708-a9479888b506,Sergio Moraes,1982-07-23,182.88,182.88,,Orthodox
3c274fe5-7996-5a33-b411-7aaf33af8130,Diego Henrique da Silva,1986-08-22,187.96,,,Orthodox
3c3f81d5-c225-51a3-a720-673a55d78e71,Mike Whitehead,1981-06-29,185.42,,,Orthodox
3c3fb6af-8ca0-51f9-9c5f-de616f5a96e7,Ewerton Teixeira,1982-02-13,185.42,,,
3c41e4d3-d5ed-54a9-b6da-e93163603c11,Donavon Hedrick,1997-03-21,,,,Orthodox
3c465d57-0275-5abe-a5d0-74df1fa3ea5f,Josh Diekmann,1976-10-09,162.56,,,
3c515a24-693d-595a-a9b9-bf8bb9a9b746,Sam Adkins,1965-04-26,190.5,,,Orthodox
3c52f891-1c17-5c01-95f5-d309d8582525,John Salgado,,177.8,,,
3c61171b-7f5c-5355-a589-9607c1fbd6f6,Anthony Figueroa,,,,,
3c71e0eb-9c55-5e54-a0d4-158780c97039,Jhonoven Pati,1990-08-29,185.42,190.5,,Switch
3c72409e-b705-5c50-929a-c7c2b8df90c0,Geoff Neal,1990-08-28,180.34,190.5,,Southpaw
3c770309-8e62-53a0-a72a-d37b32a199dd,Nazareno Malegarie,1986-05-16,172.72,,,
3c776656-19ac-5eb5-8562-b8b1e7417fc7,Devin Johnson,,,,,
3c83da8b-8f01-57eb-bb48-dc0555e23f4d,Scott Askham,1988-05-20,190.5,190.5,,Southpaw
3c9aed64-2d93-5eb5-b7ba-3248576e9cba,Luciano Pereira,2001-01-09,,,,Orthodox
3caa6a2b-26d6-5402-bd95-2ea262d0b077,Gokhan Saki,1983-10-19,182.88,185.42,,Orthodox
3cd514a3-ef55-5a39-ad15-24163983a42f,Bryce Mitchell,1994-10-04,177.8,177.8,,Southpaw
3ce31ce2-810a-52bd-acec-04ab28dbcf88,Quillan Salkilld,1999-12-28,182.88,190.5,,Orthodox
3ce721d1-6b8f-550c-a1c6-226ec8ddebe5,Jaime Jara,1969-08-02,185.42,,,Southpaw
3ce79825-2a1d-5f27-8aa5-2c5e3dc8f11f,Anthony Taylor,,170.18,,,
3cec8e0f-4b91-5fd4-acc9-493763bf9572,Corinne Laframboise,1989-05-25,162.56,165.1,,Orthodox
3ceff71c-2181-5dcd-8a98-5a16ae278c07,Isaiah Hill,,177.8,,,
3d013e1b-eb2f-59e5-96bc-ebeeff6fc76b,Tito Ortiz,1975-01-23,190.5,187.96,,Orthodox
3d151fc2-fb34-57b6-81e2-79d13cabbc09,Takeru Uchida,2002-09-30,165.1,172.72,,Southpaw
3d2d9aea-1490-52a0-83f9-64a40c1f7d4d,Nam Phan,1983-03-13,167.64,177.8,,Orthodox
3d3ac5e7-5c2a-5c84-bf95-cd3846e77713,Nate Moore,,182.88,,,
3d4fee22-3f2b-54d6-910f-429ecba6b637,David Barrios,,167.64,,,
3d67734d-b093-59b9-a9ce-cb668a7a4466,Victor Hugo,1992-11-22,170.18,180.34,,Orthodox
3d680681-57dc-5169-b5cd-1d58ba42c3fe,Brian Ebersole,1980-11-27,182.88,185.42,,Southpaw
3d7618b5-63ac-588b-a7b1-6d26535ff6b1,Nate James,1978-05-29,182.88,,,
3d849979-3e29-5e54-9676-e123015c4ac9,Travis Johnson,,,,,
3d9a1cdb-a89a-54c7-a311-35870d89ebb3,Derek Downey,1980-04-27,185.42,,,Orthodox
3da06419-b0d2-542a-8d8a-c1ee84b28399,Jeremiah O'Neal,1977-10-25,172.72,,,
3da96650-fed5-597d-8db5-f9e962b2fd95,Carlos Candelario,1991-06-04,172.72,172.72,,Southpaw
3dada3d8-e589-50ee-9266-ab8d569d82f3,James Vick,1987-02-23,190.5,193.04,,Orthodox
3dafc331-b46b-5f33-ae73-0a3f94625b14,Joe Proctor,1985-08-10,177.8,182.88,,Orthodox
3dcbd354-b4d9-5dd7-9d0f-a493fe4db3ba,Johnny Walker,1992-03-30,198.12,208.28,,Orthodox
3dcf4414-8178-5080-ba0c-646dcaf114b2,Jessie Rosas,2002-12-04,,,,
3dd00435-3d5c-5b12-804c-bb4340d4d8b0,Jamey-Lyn Horth,1990-03-30,170.18,167.64,,Orthodox
3dd38f84-d55e-57ab-b953-36667e885b1f,Kyle Prepolec,1989-08-30,177.8,177.8,,Southpaw
3dd678d2-02f8-5757-b1c7-ed62246ed1c0,Rubin Williams,1976-04-09,185.42,,,Orthodox
3dd84ea8-fad4-54b7-bd03-2dce7dd12824,Ken Cross,1994-10-04,182.88,182.88,,Southpaw
3de2b298-d7c4-5cf7-8f07-8f1472d0a6f3,Jessica Penne,1983-01-30,165.1,170.18,,Orthodox
3de5241e-dce9-58c0-a891-3c37a5a371a1,Casey Olson,,170.18,,,Orthodox
3df2e00d-d622-522f-89df-f3f4121b7024,Alexander Sarnavskiy,1989-01-17,180.34,,,
3df7e3a0-4277-568d-a96b-5d43354cb860,Summer Onley,,,,,
3e0c5ab8-6f1f-5cdc-945b-6aaaea45c890,Ramiro Jimenez,1999-01-16,175.26,185.42,,Southpaw
3e0d94fc-d5f2-5b63-9f9d-a2c925d813c0,Joseph Sandoval,1986-05-11,170.18,,,Southpaw
3e1031c2-7c33-5e94-9a83-d445a286e290,Antoni Hardonk,1976-02-05,193.04,198.12,,Orthodox
3e157d41-abb5-5333-9399-4b7942337d9d,Danilo Suzart,1991-12-04,182.88,,,Orthodox
3e2eed47-b313-595f-9409-cc3b3b82a124,Lloyd Van Dams,1972-03-05,185.42,,,Southpaw
3e319688-0eee-59c4-863e-bb58e9c90beb,Mateusz Gamrot,1990-12-11,177.8,177.8,,Southpaw
3e35dad2-ea37-5b44-84fb-322af185aa5e,Hidetaka Monma,1973-10-23,182.88,,,Orthodox
3e3a1e3f-5b2c-5b21-af81-ef117ce4952a,Steve White,,180.34,,,
3e407104-3369-585c-a1f0-58424445220f,Shane Young,1993-07-31,172.72,182.88,,Orthodox
3e45b2de-bb7a-505a-a827-fb7981d62df2,Julian Erosa,1989-07-31,185.42,187.96,,Southpaw
3e46fe68-7ebd-54d1-af3e-6fc3dca3a05c,Derek Brunson,1984-01-04,185.42,195.58,,Southpaw
3e4e062d-ea90-539c-914b-af4641abce52,Matt Hughes,1973-10-13,175.26,185.42,,Switch
3e6a6a84-e9b0-5ee8-98de-718555b2de0f,Adlan Amagov,1986-10-30,187.96,193.04,,Orthodox
3e78177c-27de-5d89-8012-08aa9618c8a9,Pablo Alfonso,1983-05-09,172.72,,,
3e7b6475-d322-5e05-8778-e40e56e11e1d,Travis Lutter,1973-05-12,180.34,190.5,,Orthodox
3e7efb92-62e5-5943-990f-fbe62501fa57,Geane Herrera,1990-05-27,165.1,167.64,,Orthodox
3e89c3d5-be9e-5a6f-8fa8-2bec25dca22d,Yoshiki Takahashi,1969-03-13,180.34,,,Southpaw
3ea26589-e3c3-5e8f-b175-d6e4c5fb41a6,Gian Villante,1985-08-18,190.5,193.04,,Orthodox
3ea71120-607d-57d4-b811-81c2d1006678,Nikita Krylov,1992-03-07,190.5,195.58,,Orthodox
3eade22b-928f-59af-a70b-45120111510b,Kasey Tanner,1992-01-11,170.18,175.26,,Orthodox
3eb1cad4-bec8-5c71-8267-6d99d0306af6,Dustin Moore,,162.56,,,
3eb5387e-abad-517a-8436-8d6d887c53d6,Tsuyoshi Kurihara,1973-07-13,177.8,,,Orthodox
3eccf898-0838-52f9-9780-7395999373e6,Roshaun Jones,,172.72,,,
3ed6d831-3f2a-5f54-bc92-6df7925d4e40,Tyshawn Williams,1996-08-24,,,,
3ede8c0f-c0ee-5c2e-b5c0-dad77637e92f,Shonte Barnes,1987-02-09,180.34,193.04,,Southpaw
3ede9040-8a31-5746-a478-aca2f38e0a48,Dos Caras Jr.,1977-05-25,193.04,,,Orthodox
3eeac1cd-2867-50e5-a78e-6e7f23764d88,Akira Kikuchi,1978-07-23,172.72,,,Orthodox
3eed1e47-67e6-52e0-a4c8-6c76d052c9a1,Guangyou Ning,1981-12-15,162.56,162.56,,Southpaw
3f0b208c-5903-5580-96d5-d55dd630a497,Phil Cardella,1976-07-09,180.34,,,
3f13b421-f3b0-531e-8727-f42601d79df1,Marina Rodriguez,1987-04-29,167.64,165.1,,Orthodox
3f1f6dcc-9fea-5bcc-80cd-a8b9c26438c4,Yohan Banks,,,,,
3f2222d8-f6c5-575e-a4b9-72863f15eb99,Clint Godfrey,1982-10-21,167.64,,,Southpaw
3f44460f-c97e-5ba5-88bf-7f50448a7867,Scott Holtzman,1983-09-30,175.26,175.26,,Orthodox
3f583794-513b-5fe7-8ae2-06da3d1694f2,Alberto Montes,1994-05-31,170.18,175.26,,Orthodox
3f637a1b-941a-538c-807d-9285ab2f8830,Irwin Rivera,1989-02-14,167.64,170.18,,Southpaw
3f7266e4-0db3-5b5a-9108-7ae71fd2a7f0,Adam Milstead,1987-07-03,190.5,193.04,,Orthodox
3f74ab1b-91bf-520b-8568-2bcaf324f07f,Hitomi Akano,1974-07-27,162.56,,,Southpaw
3f780262-8eb3-5751-a1c3-d3bd8d0c7d58,Zak Cummings,1984-08-02,182.88,190.5,,Southpaw
3f88edaf-e102-5b1a-924b-8f0a3f61c8f0,DeAnna Bennett,1984-11-18,162.56,172.72,,Orthodox
3fa55b54-d233-55ca-bff9-1bfda76f0164,Artur Oumakhanov,1979-02-27,170.18,,,Orthodox
3fb6a592-86cb-5a55-8109-01600bd40d09,Ren Ozaki,2001-12-15,170.18,172.72,,Orthodox
3fb6eab1-283a-5b06-981b-8695bc077420,Lemont Davis,,172.72,,,Orthodox
3fb8abcb-13d5-526f-a72c-9472e1b9d7dc,Marcos Mariano,1986-10-12,185.42,193.04,,Switch
3fd736ec-99a8-55be-a153-6d7940aab698,Oscar Ravello,1998-09-27,,,,
3fd844fc-9d59-5d59-a5c2-6c32c8fec1db,Daniel Pereira,1990-12-13,177.8,,,
3fe74b21-d01b-5bf9-b941-339ebeb4d591,Jonathan Mix,1980-11-09,182.88,,,
3ff67aa7-81b3-5c78-acfd-45ea8193fc66,Henrique Da Silva Lopes,1996-08-25,,,,
4000dbed-4e3a-55a7-8c58-373cdbc7340e,Arman Tsarukyan,1996-10-11,170.18,182.88,,Orthodox
400edaa4-3532-52cf-97e9-64eed40a3ea6,Walter Smith-Cotito,,172.72,,,
40288d52-7aa9-5bcd-abe6-d99edf721845,Alexander Volkov,1988-10-24,200.66,203.2,,Orthodox
40297597-b0e7-53a0-9d70-1917b1f9c7d8,Harry Hardwick,1994-09-29,172.72,180.34,,Switch
40494b2c-d3ea-50af-a38d-00134e8ad65c,Enrique Marin,1986-09-02,177.8,,,
409dcc83-4882-599e-9369-7ef40644b5c2,Lee Brousseau,1974-10-04,185.42,,,
40a1c280-31ab-5020-9478-6a40f26d3801,Kevin Vallejos,2001-12-08,170.18,172.72,,Switch
40b7d4d7-a8ad-5650-bfe1-60dcdc5ea97a,Jorge Santiago,1980-10-09,185.42,190.5,,Orthodox
40b98afc-edc5-5d62-81ab-e3bcd606aab2,Eric Smith,,,,,Southpaw
40be18b4-284d-5fdc-a8f9-b648566781fe,Stephen Banaszak,1990-12-07,182.88,,,
40c91cbe-155b-5838-9106-f21d9d78079b,Steve Steinbeiss,1981-05-05,190.5,190.5,,Orthodox
40db511c-0b38-5db1-8898-b1588f18246e,Davi Bittencourt,1994-10-12,165.1,165.1,,Orthodox
40e0ec68-5d6d-57ce-b973-a6dd27d157fc,Jorge Patino,1973-08-05,172.72,,,Orthodox
40e33cf7-5aaa-5f79-95f9-82d2770780a2,Vinicius Queiroz,1983-08-29,200.66,,,Orthodox
40e5bdb6-77ca-5872-b96d-bd9b99ac6229,Mitsuhiro Ishida,1978-12-29,167.64,,,Southpaw
40eea3cf-339b-5099-ba7e-28d435372933,Carlos Vera,1987-11-05,167.64,175.26,,Orthodox
4100d40e-1beb-564e-96d3-1490f49b1de6,Thomas Petersen,1995-03-30,185.42,187.96,,Southpaw
4112a8f9-55fa-5b12-b71a-51c65dc1d545,Jeremy Hamilton,1984-11-14,,,,
411ef3d8-2d6b-5718-8a58-0e165ac04e29,Ricardo Romero,1978-04-15,182.88,193.04,,Orthodox
4122a4a6-417e-508f-8e11-2db729afe91c,George Staines,2000-09-20,,,,
4149df3e-7ec7-5875-992a-3191ee9509c4,Tedd Williams,1969-12-19,185.42,,,Orthodox
414add16-9fee-5405-ba05-5d6d7bd68410,Aaron Trujillo,,165.1,,,
415c2615-e3b1-54d6-a216-1d497d30ffa8,Kevin Croom,1987-07-15,180.34,185.42,,Orthodox
41974db5-4737-5c26-926e-dd617b020e3b,Yuri Villefort,1991-03-23,182.88,185.42,,Orthodox
419780f3-d2dc-56d0-9d04-ede06aa7254a,Andrey Koreshkov,1990-08-23,182.88,,,
41a92443-ab9c-5904-8e7a-8bc7034a32d2,Alexander Shlemenko,1984-05-20,180.34,,,
41ad549d-fa0b-541b-91a1-8b3194f22f00,Zachary Micklewright,1976-08-21,182.88,187.96,,Southpaw
41bc5f5b-21ac-51b3-8a25-5cf4ae1cdb4a,Rodolfo Vieira,1989-09-25,182.88,185.42,,Orthodox
41bececf-aa5a-5467-a322-ce624f50d5de,Heraldo Souza,1994-12-15,180.34,185.42,,Orthodox
41bee9dd-88d7-56f0-9c6f-1edc1cad2a55,Noah Gugnon,2000-10-18,,,,
41c74e5b-d6ef-5bf0-bae7-2d11d60ccb07,Rico Farrington,1989-06-19,193.04,200.66,,Southpaw
41d48b2f-f0df-5ff0-938b-1cce9e7e43bb,Shuya Kamikubo,1993-04-12,165.1,172.72,,Switch
41d5e40f-a196-5c94-93de-d0c01940a5fe,Mario Pinto,1998-03-14,195.58,200.66,,Orthodox
41da0d6a-05aa-562d-a1ce-76a6ed8065bc,Leonardo Morales,1992-12-22,172.72,,,Southpaw
41e2b02b-0606-5ae7-ab1b-ed557bdaa5b6,Scott McDonald,,,,,
41e612f9-84de-5a21-9ae8-07b8dc6a4525,Marilia Santos,1992-12-12,162.56,,,Orthodox
41e7cf09-6060-5fa6-951d-a8b57b444512,Todd Moore,1983-12-30,175.26,180.34,,Southpaw
41e934cc-7e30-546d-9706-37e570010fb7,Khomkrit Niimi,,157.48,,,
41f800a7-90bf-5c3a-95d8-0953a32b297f,Josh Grispi,1988-10-14,180.34,187.96,,Orthodox
41f8146f-b6c2-5909-bc21-b764a820106b,Ariane Carnelossi,1992-11-17,157.48,154.94,,Orthodox
4205948a-c387-5010-8c02-4c8be61c31ae,Humberto Bandenay,1994-09-04,180.34,180.34,,Southpaw
420694a9-aad0-51d5-bbd6-d2e17312457b,Ho Taek Oh,1993-07-20,,,,
420ab52d-22bb-57fc-9730-f521774653ac,Gabriel Salinas-Jones,1984-11-20,185.42,,,
4215b0f3-b720-51b9-9b55-fbfb8515e0ee,JaeHyun Park,2001-12-10,172.72,185.42,,Orthodox
422dc697-ef48-528c-94b1-e0626b915706,Jamie Mullarkey,1994-08-17,182.88,187.96,,Orthodox
422f9930-aa10-5e17-928c-07c58440057f,Joe Doerksen,1977-10-09,182.88,190.5,,Orthodox
42405b56-4d74-5878-a351-aa0014f16a22,Lee Gibson,,170.18,,,
4257a3cc-f5b1-507e-b7c7-dc66d8a47329,Nicolae Negumereanu,1994-09-04,182.88,198.12,,Orthodox
42725a64-a89e-5ebb-b055-59fb32becaac,Klidson Abreu,1992-12-24,182.88,187.96,,Orthodox
427d0425-5d89-59b0-810b-2e36d3837e5a,Cain Velasquez,1982-07-28,185.42,195.58,,Orthodox
42808ae6-1802-51ad-85dd-f981081db098,Joel Thomas,,177.8,,,
4292b22e-eb62-52d2-bce5-9b60008231bc,Mike Lullo,1979-07-24,172.72,,,Orthodox
42959299-5d01-57f7-9278-5ca7e2781cbd,Bo Nickal,1996-01-14,185.42,193.04,,Southpaw
42a0e366-6370-5349-a3b5-7f9430c3227d,Gary Padilla,1980-05-04,180.34,,,
42a66997-e180-5cb2-9ec6-f24d70aa4bcb,Richardson Moreira,1984-03-31,187.96,,,Orthodox
42b2ed0f-20e4-592d-87fb-1cb4b892bf66,Tecia Pennington,1989-08-16,154.94,152.4,,Orthodox
42b6eb01-5106-5da9-8d5f-6293ce0f9493,CM Punk,1978-10-26,185.42,185.42,,Orthodox
42b7f72e-9951-51cd-836e-450543cd2ad4,Jermaine Andre,,170.18,,,Orthodox
42c7cbc0-856d-541d-9d1c-e63f6ed4d02e,Mike Budnik,1974-08-08,175.26,172.72,,Orthodox
4311a155-2a21-59c7-aeb2-7d7d3216dc0b,Shana Olsen,1980-12-17,170.18,,,
433b8518-751a-5449-b5de-7266667d6aa7,Kyle Watson,1979-08-09,182.88,,,Southpaw
435b589e-9169-5cbf-aee2-f144ccd4b228,Terry Etim,1986-01-11,185.42,185.42,,Orthodox
436f2ebf-2f8c-54b2-999e-e5568fa6d151,Fedor Nikolov,,,,,
4379dbc9-ddcd-542c-ac05-b7479bc445e1,Sean Daugherty,1975-12-04,182.88,,,
43967ca9-83c4-5859-9eed-7923693d8129,Chris Duncan,1993-05-10,177.8,180.34,,Orthodox
43a3f3ed-4d6e-52fa-aaf8-ebda04712200,Corey Anderson,1989-09-22,190.5,200.66,,Orthodox
43a60ed6-eef4-55e9-8214-44d767ef4c93,Jack Morrison,,180.34,,,
43b1342d-2fbf-5441-8fe1-fc140e64859b,Damian Grabowski,1980-05-12,185.42,190.5,,Orthodox
43c0962c-7637-5d90-961c-d1ed61244f0d,Mashrabjon Ruzibaev,1996-02-16,172.72,170.18,,Orthodox
43e515b4-5416-5ab5-8bf1-770efd3fec47,Kurt Osiander,,,,,
4401b99e-9499-5cf0-8e97-7a3a9090503b,Ashley Yoder,1987-10-20,170.18,175.26,,Southpaw
4404004d-0c2c-5b67-91bf-541ca1494c58,Song Kenan,1990-03-10,182.88,180.34,,Orthodox
440d7f27-a665-5761-b39a-2c0b85d8cfce,Abu Azaitar,1986-03-10,175.26,193.04,,Orthodox
44165c20-2a79-5987-b17e-8d3981744376,Barb Honchak,1979-08-30,162.56,165.1,,Orthodox
441c4722-5b8d-5dc2-8bd5-6b49182ee5e0,Evan Elder,1997-04-11,177.8,182.88,,Switch
44252158-938f-5d56-b159-52c149c3b5be,Tony Johnson,1983-05-02,187.96,193.04,,Orthodox
4442fad3-b6cf-53ce-ad22-fde14c272129,Kazunari Murakami,1973-11-29,185.42,,,Orthodox
446b94ae-aee1-5d71-a03a-e2e829a4efea,Federico Lopez,,162.56,,,Orthodox
4480e9cb-11a2-56c9-9d13-34263cd63e3e,Tim Boetsch,1981-01-28,182.88,187.96,,Orthodox
44832957-7273-5340-b268-760fa39d123f,Brad Morris,1979-11-01,187.96,,,Orthodox
448aea18-a541-5e57-a1ff-376df90bfed0,Alexis Dufresne,1990-08-31,175.26,,,Orthodox
44a87d93-8350-523e-9c71-153daad26eaf,Randa Markos,1985-08-10,162.56,160.02,,Orthodox
44a8dad4-4ed1-5c52-92de-0322155b6e52,Jesse Forbes,1984-10-24,187.96,190.5,,Southpaw
44c605bc-fd2e-5d2b-b6e4-8247735c19c9,Chris Price,1982-11-09,187.96,,,Southpaw
44deb710-4de8-5c6f-b432-374d3caf377d,Josh Paiva,1991-04-05,167.64,,,
44ec9ce9-a672-57be-b654-b4d148ca1f34,Noah Thomas,1981-03-27,175.26,,,Orthodox
45139ed6-cca7-58cd-9307-43997f6efb88,Art Santore,1972-10-26,187.96,,,
451d16b9-0311-5991-92c2-7e3c4a7e9c4f,Chris Barnett,1986-06-14,175.26,190.5,,Orthodox
453589ad-bce1-5f85-ad15-bed39b8494e6,Chris Cariaso,1981-05-27,160.02,162.56,,Southpaw
454e85db-3a01-5fa3-9890-3e6dbee52eef,Ryan Keenan,1985-06-15,177.8,,,
455c11c9-c4c6-5160-bc2f-fd899f9a041e,Antonio Banuelos,1979-09-23,165.1,160.02,,Orthodox
455dc3ae-8ff7-56d2-a90d-1f5866704b13,Clint Hester,1986-11-21,187.96,195.58,,Orthodox
4584584e-d225-5be8-a6b4-986504cd722a,Charlie Brenneman,1981-02-09,177.8,177.8,,Orthodox
458e78b4-1978-5655-9b78-523ec1e761a6,Jim Wallhead,1984-03-14,177.8,,,Orthodox
458efd4f-90c6-5832-a21b-a15da5045772,Alvin Robinson,1982-07-16,175.26,172.72,,Southpaw
458f5fed-cf59-5b16-807f-9e5c13f3f1b8,Joe Warren,1976-10-31,167.64,,,Orthodox
4593744c-6ed8-5d02-9f7d-ab919bf7945c,Chas Skelly,1985-05-11,180.34,182.88,,Orthodox
459484f8-3ff6-52e4-991c-45900d5bd7f2,Tony Halme,1963-01-06,190.5,,,Orthodox
459b4874-c59b-5497-a93e-57cf30c0026e,Wallen Del Rosario,1993-03-18,162.56,170.18,,Orthodox
45a898cf-e1db-5889-b0c1-e003af49c03a,Mac Danzig,1980-01-02,172.72,177.8,,Orthodox
45c594f2-0a51-542e-9ebe-faea7ca4e3bc,Luis Pena,1993-07-05,190.5,190.5,,Southpaw
45d300ba-3b4d-566b-bf28-ac69346ca0ab,Joe Pearson,1978-03-28,177.8,,,Orthodox
45d32d42-7fdd-5509-bd90-a3b3c31abba2,Mounir Lazzez,1987-11-16,185.42,193.04,,Orthodox
45e132c5-acde-51ed-ac44-60f2e0b42f66,Jose Torres,1992-08-02,162.56,165.1,,Orthodox
45f10769-2cde-5594-bf41-0f1d52cc6326,Kamuela Kirk,1994-04-13,177.8,190.5,,Switch
4619823d-958e-5eb9-9358-be54cd5e5ec5,He-Man Gipson,,,,,
462a3302-a3eb-5956-ae5e-657cae0ac815,Erick Sanchez,1990-10-04,177.8,,,
462c44bc-60ab-5f40-a0ac-401a45549f2a,Kim In Seok,,167.64,,,Orthodox
4639a877-ff08-527d-99ad-dc7044c5bbe2,Jessica Rakoczy,1977-04-14,170.18,,,Orthodox
463a3c69-38ec-565d-9835-16d45b918951,Scott Adams,,182.88,,,Southpaw
463fe7d9-7262-5e3f-90e3-5278bb08369f,Justin James,1976-11-08,177.8,,,Orthodox
46424daf-5ba0-5ebf-a436-f29db7418bcc,Damian Stasiak,1990-02-20,165.1,177.8,,Orthodox
4656de72-b10b-5da5-848f-2111515fdf46,Tatiana Suarez,1990-12-19,165.1,167.64,,Southpaw
468b8801-34be-5c14-9c73-bb038c329c02,Jason Tan,1981-12-17,177.8,,,Orthodox
46a8fef9-9ea4-5350-b38e-93bd78ab1884,Nick Aguirre,1996-01-15,175.26,187.96,,Southpaw
46aea8fa-8d9f-5328-a557-1f1011c92057,Yan Pellerin,,180.34,,,Orthodox
46d70f1a-b5aa-50c1-9ad2-af4b82e70048,Eddie Gordon,1983-07-22,182.88,193.04,,Orthodox
46e5bbc5-7715-54b6-9b54-bcc4216f44b3,Anelya Toktogonova,2005-08-01,,,,
4703388b-5215-543d-91db-7fc94006ca8e,Caio Magalhaes,1987-12-14,185.42,185.42,,Orthodox
470b98b5-3511-5ec3-8af6-f6acb075169d,Devin Cole,1976-10-01,193.04,,,Orthodox
470f37e8-1197-55f1-8845-d061d6b39eae,Muin Gafurov,1996-05-17,170.18,172.72,,Orthodox
471d3497-636a-5ebd-9cae-baf390ab57d4,Bryan Travers,1983-04-11,,,,
47210af0-0c61-5379-80ac-ffae97b2a508,Che Mills,1982-09-29,185.42,193.04,,Orthodox
47256df0-8c5a-513e-8f8b-6e6870168531,Adam Livingston,2001-08-15,187.96,180.34,,Orthodox
4734519d-639a-5ba4-b7bf-892479b55d75,Joe Hernandez,,,,,
473c7518-8e19-576c-9fc7-6ed68ffe829e,Rainn Guerrero,1992-05-13,167.64,165.1,,Orthodox
4756c277-52c1-5f99-9a25-354b529f3f78,Jack Becker,1992-12-20,177.8,180.34,,Orthodox
475b4e72-24e3-5319-8dc7-7913c58f2a23,Ron Faircloth,1979-08-16,175.26,,,Orthodox
4762f338-8167-5d7c-a88e-bba9121d7f62,Wu Yanan,1996-04-18,172.72,167.64,,Orthodox
4766c044-64b0-5497-8233-89881b255541,Angela Magana,1983-08-02,154.94,165.1,,Orthodox
476718a4-f033-5595-9a49-cd48e54ce072,Felix Klinkhammer,,182.88,,,
4770bcff-e17f-5e33-9972-351d43015b4c,Lee Murray,1977-09-12,190.5,,,Orthodox
477ab1e4-2166-54b2-9f33-dc27733962de,Fabricio Camoes,1978-12-23,177.8,180.34,,Orthodox
47954bc0-a73f-5a48-8074-10f167223b83,Keith Jardine,1975-10-31,187.96,193.04,,Orthodox
4797f9c8-20c6-5f15-981f-6d42ab154ea5,Diego Brandao,1987-05-27,170.18,162.56,,Orthodox
47c159a6-da5b-50b0-b2ab-c5dcdd2d1936,Justin Eilers,1978-06-28,185.42,,,Orthodox
47de9004-7293-50bb-adf2-1ea87e38b80b,Kyle Nelson,1991-04-20,180.34,180.34,,Switch
47f10719-90d3-5af0-abd0-8d965920cc92,Josh Bennett,,193.04,,,Orthodox
480013e7-5b28-521c-b146-9a88d75eb3da,Azamat Murzakanov,1989-04-12,177.8,180.34,,Southpaw
481703ae-4b5b-587f-b119-9081bfbca849,Cory Devela,,152.4,,,Orthodox
48238ad2-d3bb-56b7-a8ec-4e9995f90e18,Karolina Wojcik,1994-12-09,157.48,,,Orthodox
482d9692-f6d6-5869-bc4a-893bd35b7e1a,Sean Santella,1984-10-25,165.1,,,
48315e2d-4790-5ef6-a880-0793bfd99b89,Brian Kelleher,1986-08-19,167.64,167.64,,Switch
4832b0c0-5a6f-5636-b1d3-045d8ca89295,Jorge de Oliveira,1980-01-22,172.72,,,Orthodox
483bf28a-cdfc-592c-a984-9b2ae2aee001,Chase Gibson,1990-02-07,177.8,182.88,,Orthodox
4849cc36-74a5-571d-a198-7f219272b7c6,Claudio Silva,1982-09-06,180.34,180.34,,Southpaw
4851fd76-d7ed-57cd-9805-61f95211c8e1,Stanislav Nedkov,1981-12-09,180.34,180.34,,Orthodox
485d5a1c-9602-5b29-8928-e3a21cbe1cb2,Jafel Filho,1993-05-05,170.18,172.72,,Orthodox
487269d2-b6cb-5864-aa4f-7f3acead0f45,Zac Pauga,1988-02-25,187.96,193.04,,Orthodox
487fdd59-1ac9-569e-a6d0-09d9905bd7d5,Da Woon Jung,1993-12-07,193.04,198.12,,Orthodox
488a4b8c-72df-5b63-ad2a-d1fd8d24ddc3,Angel Pacheco,1992-01-13,172.72,177.8,,Orthodox
48a995a9-6a97-5caf-8724-a18f64b09b9f,Maurice Smith,1961-12-13,187.96,,,Orthodox
48c3cd29-b9c2-5ceb-b9f7-f662ecd675d4,Raou Raou,,172.72,,,Orthodox
48ef69e0-116f-5258-89af-9b45647e85b8,Mike Stumpf,1986-08-01,177.8,,,
493506a7-007a-5a8b-9708-f2fab12599c5,Aliaskhab Khizriev,1990-08-24,175.26,187.96,,Southpaw
493984ef-a116-5889-9379-87981a1f2a2e,Brendson Ribeiro,1996-09-08,190.5,205.74,,Orthodox
4943a06b-d7fa-59b8-a312-5da47514f2d4,Royler Gracie,1965-12-06,172.72,,,Southpaw
4956b8aa-4ff9-5813-b2a2-c290a57c2cc6,Bret Bergmark,1973-11-24,175.26,,,
495e9058-36da-5f3c-b985-ab1ef897d5b4,Dan Barrera,1980-12-23,175.26,,,Orthodox
4967ad1b-4be2-508f-8693-b92a81e8b77b,Sam Spengler,,180.34,,,Orthodox
497b0a84-761f-5d5e-a52d-0b61ea418aa4,Lucas Gamaza,,,,,
497bf236-4e38-5e77-a392-957c00abd2c3,Diyar Nurgozhay,1997-04-22,187.96,187.96,,Southpaw
4981e3b5-a47b-5124-860c-a8d9d1e1d087,Justin DeMoney,1985-07-01,,,,
4992d69d-ae7d-5997-9453-01d9a1b9fc6f,Stewart Nicoll,1996-04-11,165.1,165.1,,Orthodox
49affd6a-7d1a-5451-a09f-1dadc11cca3d,Arlind Berisha,2000-11-05,,,,
49b0b0f9-966b-5695-8864-e9044bf60143,Chance Rencountre,1986-12-31,187.96,190.5,,Southpaw
49b3b024-2d47-54c3-b5af-3652650dfb76,Gary Frazier,,182.88,,,Orthodox
49b7ec25-1e6b-54a7-86d5-82ac7303e64c,Alberta Cerra Leon,,172.72,,,
49c3afc7-bddb-5e4b-8119-6cf2fb8a38fe,Jesse Moreng,1979-11-09,170.18,,,Orthodox
49c9522e-3289-5d8b-9385-4cebe154bd53,Melinda Fabian,1987-06-25,167.64,167.64,,Orthodox
49d10acb-b930-578c-baae-da81e3e8ed37,Juan Mott,,182.88,,,Switch
49e2c34a-8a54-5aaa-9978-09c88b8ac45b,Sean Bassett,,,,,
49f27aed-6dd3-5f77-9b34-5c56926423ff,Luke Flores,1988-03-17,182.88,185.42,,Southpaw
49f9637d-0ec3-5774-bd5c-087b511fbe91,Clay Mitchell,,187.96,,,
49fcd768-4807-5fec-98d4-d7fd530c2236,Alex Higley,,177.8,,,
4a04ada3-36f0-58db-b181-6ee6d225daef,JooSang Yoo,1994-01-21,170.18,180.34,,Orthodox
4a18ea07-dfd6-520b-bf91-dfec3ad586f1,Jeremia Siregar,1991-07-27,157.48,160.02,,Orthodox
4a19adc8-91e3-56ff-8421-33f2e0dbd9a2,Aieza Bertolso,2001-08-29,,,,
4a22df28-59d4-5c47-bcd1-339c99366125,Paulo Santos,,,,,
4a27431e-2228-5637-8de0-902f3bcd7b86,Tyron Woodley,1982-04-07,175.26,187.96,,Orthodox
4a5795f3-d225-5ad2-8c91-c5925462b92a,Askar Mozharov,1994-10-26,190.5,187.96,,Orthodox
4a5e1de4-320f-55f2-8ef4-a94a75a87a50,Jordan Johnson,1988-11-18,187.96,200.66,,Orthodox
4a6de8a3-9d14-5cf6-9dbd-126d5643c798,Jianping Yang,1988-11-27,170.18,,,Orthodox
4a7419f7-6e56-5b4e-b849-95d14ef1bd6c,Tofiq Musayev,1989-12-15,175.26,175.26,,Orthodox
4a844139-161f-5c53-b51c-027bd4c0a4ae,Raphael Butler,1984-01-04,190.5,,,
4a8d10d3-1661-5dda-822a-b316b7f5e893,Joe Soto,1987-03-22,167.64,165.1,,Orthodox
4a913565-1238-5575-8992-30b06637e73b,Tommy Lee,1977-01-20,170.18,,,Orthodox
4aae1b4c-92ce-5d1e-b47b-9742c2840626,Luis Saldana,1991-01-27,180.34,185.42,,Orthodox
4ab28591-5b29-5d2e-89bb-31f74ab694e5,Daniel Barez,1988-12-10,167.64,167.64,,Orthodox
4ab594b1-0f6b-58a0-8099-46dd21d6b4c5,Donny Walker,1980-01-04,175.26,,,
4abc04e7-7313-54d4-ba54-bdc62b249521,Yizha,1997-01-08,170.18,180.34,,Orthodox
4ac5a65a-a772-5abb-816f-e9c8dbf872d8,Kaynan Kruschewsky,1991-04-04,182.88,185.42,,Orthodox
4adb89ac-21cd-580c-a1e9-7f852156edfb,Jose Canseco,1964-07-02,193.04,,,Orthodox
4ade4093-71c5-5603-af09-17bd86266379,Dave Jansen,1979-08-21,175.26,185.42,,Orthodox
4aecd1f1-315f-5f62-8663-d3014eb9f3f4,Jean Matsumoto,1999-09-09,167.64,172.72,,Orthodox
4af564e4-fbad-58bd-be26-dec45bab246e,Chris Brennan,1971-10-12,172.72,,,Orthodox
4b095316-16b4-5fca-bf1b-657e974149c2,Caros Fodor,1984-01-07,175.26,187.96,,Orthodox
4b3081e4-b4b1-5a9e-bd0e-b2ae53837f7d,Brandon Lewis,1997-08-02,162.56,177.8,,Orthodox
4b31d206-5b5a-57f0-8b85-30e373ee94e7,Dorian Price,1977-08-20,190.5,,,Southpaw
4b41dd61-b4f9-53ed-a51d-13880ad1cb79,Fernando Gonzalez,1983-09-15,175.26,172.72,,Southpaw
4b4bad2a-9f83-52b4-8ed7-bc5414eb79f1,Greg Soto,1986-06-03,180.34,185.42,,Orthodox
4b4e203b-9028-5dfe-a112-7ccc040fbb0d,Seo Hee Ham,1987-03-08,157.48,157.48,,Southpaw
4b506ce3-5186-5ca8-b72f-c9f0a9e2e141,Sean Holden,1984-09-17,177.8,,,
4b596b1a-fc64-57d4-9c2b-f86e5936a6a1,BoHyun Park,1999-05-14,,,,
4b630441-9664-5921-95a8-e628ef4c271a,Daniel Santos,1995-03-12,170.18,170.18,,Orthodox
4b67a5cf-6f87-5288-9a0a-5c5e49469118,Luke Riley,1999-06-30,,,,
4b724513-b08c-5b01-ade1-29acae1ed124,Wataru Yamauchi,1999-06-22,167.64,172.72,,Orthodox
4b8600d7-c0e3-58db-b430-de4e7f542bf1,Abdellah Er-Ramy,1996-09-19,182.88,187.96,,Orthodox
4b94afbc-bc12-5e09-b056-efc605140f6c,Josh Samman,1988-03-14,190.5,200.66,,Orthodox
4ba497b4-4b3b-5d06-9148-b357b240ef1d,Caio Machado,1994-07-20,193.04,198.12,,Southpaw
4ba596de-3933-555b-824a-cf462f6162d1,Suman Mokhtarian,1992-06-13,172.72,182.88,,Orthodox
4bbb3552-a639-5a4c-9795-cce850d18f14,Chris Coggins,,,,,
4bc4f135-2259-5c65-80fb-4d085644b537,Ray Steinbeiss,1979-09-12,180.34,,,Orthodox
4bf18f25-a00f-591a-94d5-2bcc0515f683,Ji Yeon Kim,1989-10-18,170.18,182.88,,Orthodox
4c063b51-0a5d-5a83-860b-a683b667e2e2,Ashe Bowman,1976-11-17,175.26,,,
4c1a82e1-fa63-5f7a-a688-504688ab9529,Mike Ciesnolevicz,1979-10-28,182.88,,,Orthodox
4c3f292e-4619-5e6c-914a-bdefbbbad586,Tainara Lisboa,1991-03-02,170.18,170.18,,Orthodox
4c5922ae-aaef-557d-9393-c313a08ab108,Brad Mitchell,1974-10-10,180.34,,,
4c696e75-8b6f-5e48-a7ac-2cc47d55bbba,Patrick Cummins,1980-11-16,187.96,193.04,,Orthodox
4c77df62-9d60-5153-b4c9-f9dc264e12a4,Chad Johnson,1986-07-22,187.96,203.2,,Orthodox
4c7a67bf-dff0-5ed5-9028-297432d3cb24,Islem Masraf,1996-06-07,182.88,187.96,,Southpaw
4c7f2e12-ab55-53c4-8fff-87929441124c,Ryan Jimmo,1981-11-27,185.42,185.42,,Orthodox
4c7fdfd4-6efb-5c1c-87ea-ac23607936fc,Jason Witt,1986-11-07,177.8,177.8,,Orthodox
4c807097-c9e1-531f-9123-2af17018497f,Jonathan Wiezorek,1978-02-10,190.5,,,Southpaw
4c8b61c8-89d7-50aa-ba3d-d3f5f3561d07,Terrell Brown,1983-04-13,,,,
4cb6f2df-dce5-5dfb-96c5-061707aaf3ed,Kyle Noke,1980-03-18,185.42,193.04,,Southpaw
4cc8af34-bbcf-50b5-a233-9223b798116a,Jake Lindsey,1986-06-21,180.34,,,Switch
4cce274c-a36d-540d-b116-09fae4494344,Marco Ruas,1961-01-23,185.42,,,Orthodox
4cd3bff4-fa40-5a28-b4f5-a7fd98d5b570,Kai Asakura,1993-10-31,172.72,175.26,,Orthodox
4cf15470-4564-5cb0-91d7-d72d9d2b2117,Jon Delos Reyes,1987-08-19,167.64,170.18,,Orthodox
4d177666-d5ff-5dfb-961d-75745b534768,Carla Esparza,1987-10-10,154.94,160.02,,Orthodox
4d3c4c96-d091-5bd2-8a55-a43e35484589,Kenichi Yamamoto,1976-07-11,182.88,,,Orthodox
4d436d26-1f79-5ff7-801d-d02bce3ba5a3,Felicia Spencer,1990-11-29,167.64,172.72,,Orthodox
4d86af61-31d5-5160-a99f-c69fddc6a34f,Drew Brokenshire,,,,,
4d8afa07-3fef-50e3-ae70-e19e5bbd5ae1,Frank Mir,1979-05-24,190.5,200.66,,Southpaw
4d97b863-d793-5a92-94e8-f821943d77f7,Michael Johnson,1986-06-04,177.8,185.42,,Southpaw
4db1bdef-e32d-5be0-8da0-c3577e547194,Moise Rimbon,1977-04-20,177.8,,,Orthodox
4db8234c-0ca0-5a41-be87-cb81567550d4,Ben Lagman,1986-09-04,187.96,,,
4dbf87ce-5e7b-59c9-8d10-55f1aa08a62f,Chris Manuel,1987-07-21,175.26,,,Orthodox
4dc22752-9442-5dfc-8fa9-287a6d4c1a09,Rob Emerson,1981-07-30,175.26,177.8,,Orthodox
4dc727d6-1aae-559b-93c3-bbd27b43c2a6,Anthony Morrison,1984-03-29,170.18,,,Orthodox
4dc727d6-e36e-5c5d-8dee-481d0d7ab263,Juan Andres Luna,1995-08-20,170.18,182.88,,Orthodox
4e0ab189-e7a7-5e26-9405-bf3d2f98e9de,Milton Vieira,1978-10-04,182.88,,,Orthodox
4e15d023-2276-5954-a357-9dc3044437d7,Carmelo Marrero,1981-01-26,182.88,185.42,,Orthodox
4e1de945-09e4-5d26-b8e4-b29b32e3053f,Erick Wanderlei,,185.42,,,Orthodox
4e29b0c0-207f-52e7-bd54-7e8fe10f87c1,Todd Gouwenberg,1974-09-25,185.42,,,Orthodox
4e4bb8a5-a73e-57b4-b6f3-25a0cf399865,Danny Henry,1988-07-17,182.88,185.42,,Orthodox
4e5650d1-d4f8-5a98-83d8-76864bcd3804,Alex Perez,1992-03-21,167.64,165.1,,Orthodox
4e5d2e2b-899b-59bc-8941-bbc0a5932818,Jay Hieron,1976-07-29,182.88,190.5,,Orthodox
4e69e7d8-60f5-5139-8ddb-840bd376d2f7,Artenus Young,1980-07-16,,,,
4e7bcb67-302d-56f1-8c50-ce82fd676530,Anthony Macias,,175.26,,,Switch
4e7ceac9-06f3-5248-9fc4-bae9ac9fdfd3,Wes Sims,1979-08-04,208.28,,,Orthodox
4e8b1c94-7b2a-58d8-be68-66d4fe2b994e,Brian McLaughlin,1984-05-12,175.26,,,
4e8ea57a-8841-5607-9fd3-5c0c24b343e6,Vitor Petrino,1997-08-28,187.96,195.58,,Orthodox
4e930886-9671-581a-a35e-7e4d390221b2,Vanessa Melo,1988-03-27,165.1,165.1,,Orthodox
4e93749c-817f-50d7-9910-42be3befafe9,Nate Loughran,1980-07-28,187.96,,,Orthodox
4ea63c24-9413-57c9-8f3c-9d68c33d24aa,Chris Hofmann,1989-11-18,182.88,182.88,,Orthodox
4eb3b22e-1e0a-5e57-ade4-857a261d080f,Dennis Buzukja,1997-10-01,175.26,177.8,,Switch
4ed08b0f-6f9e-5bf4-91de-d0af4fa6c468,Jason Von Flue,1975-08-01,182.88,,,Orthodox
4ed74e8f-8995-5958-bf80-e9d765bd8682,Jason Suttie,1973-08-07,182.88,,,Orthodox
4f1a2839-9730-5e28-8158-0bb3f765be40,Zhang Mingyang,1998-08-16,187.96,190.5,,Orthodox
4f1ff3b8-ffa0-54a5-970d-9ef24d764571,Zelg Galesic,1979-02-16,187.96,,,Orthodox
4f319ae4-959a-591f-b701-d022ec38a627,Mizuto Hirota,1981-05-05,170.18,170.18,,Orthodox
4f37ed34-28d3-5aca-bb3b-c18c137ab34d,Jeisla Chaves,1997-02-02,167.64,172.72,,Orthodox
4f3b1c21-f967-5759-b39c-b23d3301a1c1,Shara Magomedov,1994-05-16,187.96,185.42,,Orthodox
4f47f75d-b45d-5c15-9aab-4c188f3dc37d,Louis Jourdain,1997-03-13,175.26,175.26,,Orthodox
4f4e5ae5-19bd-5e64-8fc3-9b1b0b4c6585,Rich Franklin,1974-10-05,185.42,193.04,,Southpaw
4f52f6c9-cbdb-5e88-b66a-bc09b263ac9e,Phil Caracappa,1992-06-05,172.72,177.8,,Orthodox
4f86e823-459f-576a-bb73-9efa9ffc1838,Anthony Hernandez,1993-10-18,182.88,190.5,,Orthodox
4fa5cfdc-a13b-5e74-ba89-d2018ccc3df4,Ali AlQaisi,1990-09-23,167.64,172.72,,Orthodox
4faa59a0-11ee-515c-b8df-9c13e8f167aa,Anton Kuivanen,1984-05-01,172.72,182.88,,Orthodox
4fb81c0e-5ed4-55f5-bae0-84c58db497b6,Amanda Lemos,1987-05-22,162.56,165.1,,Southpaw
4fc0c52f-64df-53a3-b17a-b887fb462508,Karl Reed,1988-10-27,190.5,198.12,,Orthodox
4fca9591-51a7-5a3e-9b48-50b1832e374d,Lisa Kyriacou,1993-11-17,165.1,162.56,,Orthodox
4fd8d74f-177e-5165-9921-ac8d08ee183b,Danilo Belluardo,1994-07-21,182.88,187.96,,Southpaw
4fdd433b-dd21-5e96-bf22-f2030d3e8f3a,Martin Buschkamp,1991-01-06,175.26,,,Orthodox
4fe83725-a4a7-5bd8-afa8-3f53e8d07b08,Sage Northcutt,1996-03-01,182.88,180.34,,Orthodox
4ffe78db-6b7a-5fdc-a5e8-581d934ed98f,Shimon Smotritsky,2000-08-22,187.96,187.96,,Orthodox
5003afcc-6742-57b1-83ce-b37f8f0c5de5,Drew Dober,1988-10-19,172.72,177.8,,Southpaw
50079662-b654-501c-b402-f7a8016c1139,Rosi Sexton,1977-07-16,160.02,,,Orthodox
5035e7e0-61b0-5d9a-83ed-394ddb5d0c40,Minoki Ichihara,,170.18,,,Orthodox
50406c3d-0b85-5d3e-8b2c-397e71f83daf,John Doyle,1976-11-21,180.34,,,Orthodox
505ecec4-c48f-5970-8bb7-ea92ee0b7ed7,Jeremiah Metcalf,,185.42,,,Orthodox
50657e25-7c02-59e5-b9b4-9ff52b47681e,Eric Spicely,1986-09-29,185.42,185.42,,Orthodox
5065cc41-cc2b-552c-a933-85a1bcf45f07,Daniel McWilliams,,185.42,,,
507a3e23-0979-5a91-b399-5e6ff923abc2,Oron Kahlon,1984-11-04,172.72,177.8,,Orthodox
508b6003-f0d7-5d08-85c7-25fd17e14888,Chris Dempsey,1987-09-08,177.8,182.88,,Orthodox
509ce839-8136-58a5-baad-4e45b2c710a7,David Baron,1973-02-15,167.64,,,Switch
509ffa21-47e6-55a9-8297-9b97e7e0a82a,Alex Garcia,1987-07-14,175.26,182.88,,Orthodox
50a0d9b0-bf82-563c-8fb9-c0ec946ebae3,MarQuel Mederos,1996-11-30,177.8,175.26,,Orthodox
50a577e9-cbad-5224-b157-e98d7d216648,Shane Collins,2000-03-08,175.26,180.34,,Orthodox
50c3dafa-a715-5d5f-b13c-96adc3fbc501,Corey Hill,1978-10-03,193.04,203.2,,Orthodox
50cb1f89-164f-5e3b-bba9-5459a9dad38e,Eric Steenberg,1983-06-22,,,,
50df51ba-b2f5-5816-8ed0-b276d6665888,Regina Tarin,2004-10-19,,,,
50fdaf16-0cd1-5edd-987a-c2e79afb76e4,Marc-Andre Barriault,1990-02-18,185.42,187.96,,Orthodox
50ff1690-d430-5ac2-920d-65b0ff8a0822,Ian Murphy,1985-06-14,185.42,,,Orthodox
5109c43a-c34b-59ec-8230-0ce627966dcc,Ilias Bulaid,1995-01-05,,,,
5116b852-9574-567a-b554-92d7b2adc276,Chase Hooper,1999-09-13,185.42,187.96,,Southpaw
512bd9f5-f243-5d9d-9375-6a9b62660552,Chris Honeycutt,1988-07-25,177.8,185.42,,
514f4566-dea0-5c70-a34a-d3888a586f6b,Gabriel Miranda,1990-03-25,180.34,180.34,,Orthodox
51525cd5-fae5-507d-b345-b0d0a0340964,Joe Solecki,1993-08-27,175.26,177.8,,Orthodox
51545aa9-9818-56c5-b86d-6475e997cf41,Thiago Santos,1984-01-07,187.96,193.04,,Orthodox
51546e02-4cb0-57af-8acd-d360fcc442f9,Dan Christison,1972-04-26,203.2,,,Orthodox
5160d863-5046-56c8-93cf-209dbca4467f,Sean Alvarez,1971-07-14,182.88,,,Orthodox
516e1a0b-ba8f-5f8a-8466-46ba445d0969,Daijiro Matsui,1972-12-05,175.26,,,Orthodox
517e4426-ec2d-5d58-b02a-c863cacc978b,Luke Jumeau,1988-02-12,180.34,182.88,,Orthodox
5182c589-4de2-5cc4-a8af-a4f25e45e098,Lance Lawrence,1993-06-26,185.42,187.96,,Orthodox
519e5d12-2c8a-5870-a6ed-03e12e2686fb,AJ Fletcher,1997-02-18,177.8,170.18,,Switch
51a3afa6-2220-5f5f-b961-9096f4455c61,Chris Barnhizer,,,,,
51a3ba39-ea37-5730-8e71-a25e27ce496a,Terry Martin,1980-10-10,172.72,180.34,,Orthodox
51a43abe-40a8-55ef-ba5b-18d6b1e3e8b6,Cal Worsham,,180.34,,,Orthodox
51abe856-3df7-553e-ba7d-cfa513899675,Viviane Araujo,1986-11-21,162.56,172.72,,Orthodox
51b21443-0dcd-5c24-955b-188e60784139,Magomed Tuchalov,1999-12-30,,,,
51c3fc64-8ac7-5a68-957c-656984087bf3,Antony Rea,1976-07-15,182.88,,,Orthodox
51e0dbff-64c1-54ff-8049-a3c6ea617bbb,Eric Galvan,,,,,
51e45692-be19-52e4-b0bf-f9f708546dc0,Calen Born,1988-05-24,172.72,182.88,,Switch
51ee5a1b-bdc3-5bfe-8792-95711345303d,Tom Aspinall,1993-04-11,195.58,198.12,,Orthodox
51ee80a5-1a84-5d62-b77f-040c95e758f4,Miles McDonald,1991-08-13,170.18,,,
51f73f8d-fe3b-53f9-8b57-23e295584ab6,Michael Mangan,,,,,
51fd9ea1-ca10-52a9-b317-3cab190e2ed0,Xiao Long,1998-04-13,172.72,177.8,,Orthodox
52008662-9245-5958-89b5-88f0e63672bb,Jake Hecht,1984-02-09,182.88,185.42,,Orthodox
5209c9c0-1c92-5f51-8745-f80140a41f42,Rodrigo Gripp de Sousa,,180.34,,,Orthodox
5222b386-0e3e-515f-8977-b24c077a1243,Shunichi Shimizu,1985-01-31,165.1,,,Orthodox
5225b8c6-0089-5096-bc92-bb8d7437ddbd,Umar Nurmagomedov,1996-01-03,172.72,175.26,,Orthodox
523bca20-6c3f-5ffe-bdad-86ac47f1e6e6,Dave Strasser,1969-07-13,177.8,,,Orthodox
52444cdf-0f68-5673-b875-08e823041251,Charles Oliveira,1989-10-17,177.8,187.96,,Orthodox
524abead-37f9-56fb-bc3d-b017e7ffc964,Karl Roberson,1990-10-04,185.42,187.96,,Southpaw
52636a00-0154-5251-88dc-9af36bb1c950,Mike Breeden,1989-04-21,177.8,177.8,,Orthodox
52709572-3c2f-57fd-8856-0f1fc03f4a04,Chris Saunders,1986-03-11,172.72,,,
527b090c-603a-517f-946c-bf1bb9889cb0,Sterling Ford,1986-03-12,177.8,,,
52822159-e2ec-5251-9012-25e6f6d160ad,Chris Amarante,,,,,
5288916a-e52b-55ca-a5fc-0cb8a4d28642,Wayne Phillips,1983-06-17,,,,
528fd800-7d5e-593d-876b-bfde5522cedf,Jacob Noe,,,,,
529aaed7-464d-5896-b0bd-fc673cae333c,Zane Frazier,,195.58,,,Orthodox
52affc75-30fd-5f1e-901c-c8a728edf95b,Nick Bustamante,,175.26,,,
52b619d5-7d98-5bc7-a45e-3cd06b19f0bb,Tebaris Gordon,1988-07-19,185.42,,,Orthodox
52c98e32-0a89-50d3-802e-28d0fe21479c,Cameron Olson,1989-11-22,185.42,190.5,,Orthodox
52d5b77a-bd87-5c98-b723-ea8fbf5fbef3,Brad Blackburn,1977-05-25,177.8,185.42,,Orthodox
52dab2a6-bd54-5098-b212-630dcf5c59c8,Jair De Oliveira,1996-05-09,175.26,175.26,,
52e17fe7-573f-529f-8f62-32fe722893bb,Julian Sanchez,,190.5,,,Orthodox
530039b2-dbab-5f7f-88d8-9e0027b59859,Slim Trabelsi,1993-05-09,190.5,,,
53107c69-db85-5a7c-8b1a-854a271b100b,Steve Berger,1973-05-20,180.34,,,Orthodox
5312eb20-b04e-5cd0-9d1c-b79a3eaafc35,Ricky Palacios,1987-07-05,167.64,,,Orthodox
531700c5-43e7-5510-be9b-2d7cdbba5212,Gianni Vazquez,1994-07-17,,,,Orthodox
53212cdd-9e8b-5396-9e37-01e9aed9ad06,Justin Patterson,1985-12-07,177.8,,,
5339da2b-aaa2-53e5-9c5e-d79f257dac34,Bo Cantrell,1969-02-08,187.96,,,Orthodox
533bff2e-4e41-595b-ba1c-d8bbe3114286,Marcin Bandel,1989-10-10,177.8,,,Orthodox
533e4454-a276-57b7-84d7-1948c3f44409,Steve Byrnes,,182.88,,,Orthodox
53564b07-05cf-5312-99de-05bb559826d0,Tina Lahdemaki,1988-05-28,157.48,,,Orthodox
53830758-79a1-518c-bfbe-e3741b9025c0,Eric Nolan,1997-09-13,187.96,187.96,,Orthodox
5398837c-2522-5637-9b3e-434913325b3e,Gil Castillo,1965-10-21,175.26,,,Southpaw
53a538a2-2fe5-5e9a-a3b8-ba31d929c063,Diego Ferreira,1985-01-18,175.26,187.96,,Orthodox
53b47f5b-cf86-5b60-a510-6a872f363be2,Bea Malecki,1991-08-23,175.26,187.96,,Orthodox
53b5a4a9-b1f9-5fe1-92b7-bac2330c16b3,Jared Rollins,1977-01-26,175.26,,,Orthodox
53be32bc-5c47-50fc-bca5-ab744b970f87,Trent Jenkins,,187.96,,,
53cc333c-0ef0-561c-b3fa-fe2d23d75120,Patrick Rivera,1992-02-24,,,,
53cd3623-b958-5acd-9264-b54eae0dd1e0,Thomas Denny,1971-04-19,177.8,,,Orthodox
53e4f257-6257-520c-957a-1ce14085f7a1,Katsuhiko Nagata,1973-10-31,170.18,,,Southpaw
53ed0ad8-11be-5f70-b5af-dc6d0f760de4,Michael Page,1987-04-07,190.5,200.66,,Switch
53ed2244-9a0d-5b75-a760-904019c607ec,Sam Stout,1984-04-23,175.26,177.8,,Orthodox
53f16e99-6e65-55a7-9af1-5562e37ec9dc,Kyosuke Sasaki,,170.18,,,Southpaw
53f85ce9-2e07-55e3-82b7-e984f8ef687a,Marcin Held,1992-01-18,175.26,180.34,,Orthodox
5402e82f-e8d1-596d-934f-946c62f82597,Gabriel Silva,1994-08-26,167.64,180.34,,Orthodox
540f7c25-bf7f-5fa3-ba2e-69c25f190af1,John Makdessi,1985-05-03,172.72,172.72,,Orthodox
541477a0-1606-5fc8-90ca-4241cee91520,Alexandre Barros,1976-11-19,175.26,,,Southpaw
541d0fa6-1c84-552f-ab22-77e0c4ced3f1,Juan Puerta,1988-01-20,175.26,180.34,,Southpaw
5425f374-9ec2-5d2c-b31b-fc4a6f39837c,Dennis Hallman,1975-12-02,175.26,182.88,,Orthodox
543ec00b-e0b6-50d8-ba23-ba85f830e282,Salvador Woods,1985-02-05,180.34,,,
546d492c-f757-53ab-a184-497f0809feca,Roman Bravo-Young,,,,,
54731078-6793-5b83-a0b5-ad542d27821d,Michel Quinones,1984-12-22,177.8,185.42,,Orthodox
547b1105-aa44-5726-a459-822b1ed8cb57,Tom Gallicchio,1986-09-23,177.8,,,Southpaw
547fcbab-5bed-5f7e-b78b-7deb7787ed0b,Justin Governale,,,,,
548357b9-5522-515d-b2c9-4e9158463a86,Pedro Nobre,1986-02-13,165.1,,,
548ac02b-e83d-596e-9550-3cc277f0917d,Shamar Bailey,1982-09-22,175.26,190.5,,Southpaw
548dece3-0443-5cec-89b1-488a602204a2,Naoyuki Kotani,1981-12-08,172.72,167.64,,Southpaw
549ac2fa-7e9b-5634-a287-eb40cae723fe,Carlos Condit,1984-04-26,187.96,190.5,,Orthodox
54a2600b-afa9-5787-92d7-c150c3ca712d,Zhang Zhenyang,,,,,
54b05bd2-e700-5e70-bbca-2a9a6b44b6e0,Dashon Johnson,1988-01-25,170.18,,,Orthodox
54b2cd59-180e-5529-89e1-5ddf139f94b9,Ilima Macfarlane,,162.56,,,
54d62e7d-4648-5374-9669-563e53c089ad,Alan Baudot,1988-02-01,190.5,200.66,,Orthodox
550f0e97-922d-5437-9153-5cfacc6a3f73,Brady Hiestand,1999-04-30,172.72,180.34,,Orthodox
5512d944-ffd5-547d-9fb3-a4c8d2bf2346,Eduarda Moura,1994-02-28,167.64,170.18,,Orthodox
5514e1cd-7fa3-52f6-9b09-df6d15c2fb1b,Warlley Alves,1991-01-04,180.34,182.88,,Orthodox
551cf621-04f5-51e1-ac4b-6b60481105ff,Dominick Cruz,1985-03-09,172.72,172.72,,Orthodox
551d3e5f-28ad-58ee-b473-a77681f3d294,Saimon Oliveira,1991-04-21,162.56,182.88,,Orthodox
551d40db-f567-5d3e-8143-5147b95c1323,Sean Sherk,1973-08-05,167.64,170.18,,Orthodox
5544caa5-aca3-52a5-b877-0f2d26caf167,Josh Hokit,1997-11-12,185.42,185.42,,Orthodox
55620f44-5591-5aaf-b45b-bcc9869c4902,Yazan Hajeh,1992-09-04,175.26,,,Orthodox
5593c83f-0f5b-5892-af0d-70e85f90b189,Kelly Kobold,1983-02-25,167.64,,,Orthodox
55953641-b9ce-5943-af92-c50afe463f4a,Andy Uhrich,,182.88,,,
55a87797-c73b-5d89-b8c5-6a78995deaf5,Dwight Joseph,1989-08-16,167.64,,,Switch
55dacc7d-54e0-50fe-810a-3c5d6ff2561f,Chidi Njokuani,1988-12-31,190.5,203.2,,Orthodox
55e02454-7aae-5c1e-bfe7-6f6dfdb2e550,Brogan Walker,1988-08-02,162.56,170.18,,Switch
55e43702-3368-5004-ac8b-923599fec3a4,Phillipe Nover,1984-02-03,175.26,182.88,,Orthodox
55e5f509-1433-51d6-8d84-eb5211e04974,Cyrille Diabate,1973-10-06,198.12,205.74,,Southpaw
55f4fa14-b5ba-55c0-a726-1c4f7db201fa,Joe Jordan,1978-07-27,167.64,,,Orthodox
55fc02a4-ae23-5b33-8f9d-4e17233aff47,George Allen,1967-01-13,187.96,,,Open Stance
5610c82f-f35c-5eb9-abfc-c3b2b336815c,Pablo Garza,1983-09-16,185.42,185.42,,Orthodox
5615c8f4-2c59-542c-b706-0d1cd6dabc76,Mu Bae Choi,1970-06-27,187.96,,,Orthodox
561721f0-675a-5502-962f-63004fe12922,Herschel Walker,1962-03-03,185.42,,,Orthodox
5638952b-1e57-56f5-9d3b-5450c5cce7dc,Matt Veach,1981-05-31,180.34,,,Orthodox
563d6784-0637-5278-85b2-ea71a7aafdf6,Dong Hyun Kim,1981-11-17,187.96,193.04,,Southpaw
564394ca-267a-50d5-9d08-ec92ac42229f,Roger Carroll,,177.8,,,
5648e0d4-7706-543e-824c-b0e83267bccf,Antonio Carlos Junior,1990-03-16,187.96,200.66,,Orthodox
56514a27-0cd2-5206-a30a-a9978986fcb4,Andrei Kopylov,1965-07-16,187.96,,,Orthodox
565210d7-b91b-5daf-bbf8-6ca4daae8c18,Antonio Silva,1979-09-14,193.04,208.28,,Orthodox
56669f59-5c0b-5113-b91b-8ac975e64d12,Brandon Polcare,,,,,
56707249-ab5d-5213-9429-8b3ff607817b,Tommy Petersen,,,,,
56855dce-423b-508a-b8f2-99e0cc88e4e2,Will Ribeiro,1983-02-17,172.72,,,Orthodox
568d40e1-86f2-5b5a-846d-6c7a25f0630a,Jordan Griffin,1990-02-28,177.8,185.42,,Southpaw
5690ce76-f7b4-5053-8d8c-948755356405,Tiago dos Santos e Silva,1987-04-12,175.26,177.8,,Orthodox
569d3d4f-17eb-5fe7-8d8e-20fb6030f645,Philipe Lins,1985-08-17,187.96,198.12,,Orthodox
56aa7200-3ae4-5475-a921-5e22ce20db61,Steven Siler,1987-02-15,180.34,177.8,,Orthodox
56aafcf2-d96f-5774-974c-abcd37caf617,Jonatas Novaes,1981-03-02,180.34,,,
56b1ad5f-3444-57c2-a7ce-abab13976593,Yuri Vaulin,,193.04,,,Southpaw
56bd045b-18b8-50dd-aa52-b72f722de283,Chris Daukaus,1989-09-25,190.5,193.04,,Orthodox
56bf8c5c-dcbf-5d69-840b-709343b5a80a,Iliarde Santos,1980-09-25,165.1,170.18,,Orthodox
56d32b7f-1b2e-5eb0-bd31-6f5f2cafd003,Chad Reiner,1981-06-29,180.34,,,Orthodox
56eaafd0-ab9f-58cb-a919-043789c1b5a6,Kelly Dullanty,1977-11-04,172.72,,,Orthodox
56f99802-0ca6-5cf3-b8ec-db7c9d17c551,Tony Fryklund,1971-03-26,182.88,,,Orthodox
5711d2fb-9bc1-56b1-9e7f-3e1e9356ce8c,Andre Fialho,1994-04-07,182.88,187.96,,Orthodox
57214bbe-dd84-5ed3-85a3-4fb4c239a15c,Fredson Paixao,1979-05-13,167.64,167.64,,Orthodox
572be6eb-a680-55f8-8ba5-aba2b3e38a09,Murtaza Talha,1996-07-10,182.88,187.96,,Orthodox
573ce3e9-837e-50e6-8465-c0637c009065,Jessica Andrade,1991-09-25,154.94,157.48,,Orthodox
57721244-6417-5aee-987e-41ef2de6a866,Kengo Watanabe,1976-01-31,193.04,,,Orthodox
577e5c1a-9da1-5edf-8115-e20fbc2e732d,Zarah Fairn,1983-12-10,172.72,182.88,,Orthodox
578347e9-1f01-527e-902b-cdce5ef5a6e7,Derrick Mehmen,1985-05-30,193.04,,,
57a95d57-9929-52ac-8104-f64c9536d21a,Pat Curran,1987-08-31,175.26,,,
57beebb1-7f13-567e-a87b-e5533f7d31d7,Gilbert Burns,1986-07-20,177.8,180.34,,Orthodox
57c77463-18ad-599d-b97f-4f19dc42e438,Charlie Campbell,1995-07-03,182.88,182.88,,Orthodox
57cb2e53-8466-5ae6-9bf8-7434110ff6a5,Kultar Gill,1979-03-24,182.88,,,Orthodox
57d2e84a-1acc-57b6-adf8-7323e503514d,Josh Haynes,1977-07-30,175.26,,,Orthodox
57ed7d65-cb48-5d7f-9bf5-ac3ed5731292,Xavier Siller,1994-06-06,165.1,,,
57fbef18-9a21-51c2-bc5a-5ab688a2c273,Marcos Brigagao,1996-04-01,190.5,193.04,,Southpaw
5804c33f-44ca-5312-be96-ea32aa6b8054,Jutaro Nakao,1970-11-30,175.26,,,Southpaw
58187ae2-e79a-5569-92b0-d9ecaa88e502,Bill Mahood,1967-02-01,190.5,,,Orthodox
58318678-bee9-5a2e-96c0-64ac5dfa4efe,Jonny Parsons,1991-09-06,175.26,175.26,,Orthodox
58536b60-19ce-5967-9582-b742aa236a3c,Horacio Gutierrez,1990-09-15,177.8,,,
585c28e1-a16d-554c-bcf9-4da33e682339,Kimbert Alintozon,1999-01-21,,,,
585c5717-0cdd-5531-b515-7f91c6796f8d,Rongzhu,2000-03-07,175.26,180.34,,Orthodox
58606fe8-950c-5da0-8f1b-11ab282e7ddd,Shauna Bannon,1993-10-23,165.1,165.1,,Switch
58691e85-8248-5129-beec-1ecad178d8aa,Josh McDonald,,,,,
586c8c4a-f862-53d8-a37f-d0952f271565,Leon Aliu,1989-07-14,182.88,187.96,,Orthodox
587114d6-702a-5613-8c99-b23495894e5b,Carlton Jones,,185.42,,,Orthodox
5874d2a1-83f7-5de9-8112-a1acdbd53a77,Roger Narvaez,1983-09-09,190.5,,,Southpaw
587df160-5559-5cd9-a5cf-274343f931c0,John Matua,,187.96,,,Orthodox
5891b19f-0e99-5c68-b8c5-df5330522367,Bendy Casimir,1980-06-10,165.1,,,Southpaw
58941aba-4fc3-5ec3-93fe-de61836d7567,Chris Indich,1987-04-22,177.8,,,
5895ae97-ccfb-5a3e-87b2-5830e555e53c,Neemias Santana,1996-07-10,187.96,193.04,,Orthodox
589c9715-45ca-5260-8c1b-a8094ff3816e,Remo Cardarelli,,,,,
58afd51f-5842-5c42-8048-e96c03e0ae1a,Sheymon Moraes,1990-10-11,172.72,182.88,,Orthodox
58bc2abe-2c23-55c4-a5c6-b7e2a27d54aa,Marvin Maldonado,,167.64,,,
58c4a1dc-8c5e-583c-9f9f-eac65f0c2092,Acacio Dos Santos,1991-09-29,193.04,200.66,,Orthodox
58c7181a-d886-50dc-ba29-69d1423edbf1,Billy Ray Goff,1998-06-18,177.8,182.88,,Switch
591d0b2e-3c05-5c50-ba54-b8398d4605f1,Waachiim Spiritwolf,,172.72,,,
593e1e35-a911-5e72-ad72-77e633fbe312,Brandon Moreno,1993-12-07,170.18,177.8,,Orthodox
593eb350-0903-5800-81cd-7e5b13a36102,Gabriel Santos,1996-11-28,175.26,177.8,,Orthodox
594201de-f1ab-5679-9685-a6bf7c54a9de,Cyril Asker,1985-12-24,182.88,187.96,,Orthodox
59500db3-cac4-572f-a5de-6c7b67ca6a7e,Alexandre Pantoja,1990-04-16,165.1,170.18,,Orthodox
596393fd-b881-5fd3-8819-ff0efa65ea68,Yudi Cahyadi,,,,,
59689151-6b72-5553-9ab5-b29c3d629b78,Khalid Murtazaliev,1993-07-15,182.88,193.04,,Orthodox
5979cf1d-a0b9-56a6-96a1-17efded78472,Charalampos Grigoriou,1992-03-31,170.18,170.18,,Orthodox
5981ba76-4bf5-5de4-8c34-fc4d71e2bda9,Chris Tuchscherer,1975-09-08,187.96,193.04,,Orthodox
5987b1a8-f449-5a5a-a876-fa2fec6cd16d,Cesar Gracie,,177.8,,,Orthodox
5990b220-93c7-5302-85a7-388da8463673,Alexis Miranda,1999-01-03,,,,
5999f78d-32c3-5b13-a28d-449ca9106d44,Mando Gutierrez,1997-02-24,167.64,177.8,,Southpaw
599ff025-3644-556b-864a-e4ac116085c1,Paul Song,,,,,
59a907f3-c50e-5c07-b895-97a605b134c6,Andreas Michailidis,1988-07-18,182.88,193.04,,Orthodox
59b85062-d9e0-543b-b44b-68cb4ae39dea,Philip Preece,,172.72,,,Orthodox
59b9f8a6-3c2f-58ab-bc8f-07d69ff54ec6,Saeed Hosseini,,,,,
59c072af-f708-5934-98fc-09fb7f67529b,Jeff Newton,1966-12-11,187.96,,,Sideways
59c5e5be-01e7-584c-ae5f-8d7725ea960e,Hiroyuki Takaya,1977-06-10,167.64,,,Orthodox
59c8e099-d9ad-507a-8c09-e17ad23fbb6e,Dan Charles,1985-09-24,187.96,,,
59cc0de0-bc61-5025-81e1-144f638dbc01,Alberto Uda,1984-08-08,190.5,,,Orthodox
59e174d8-565a-51a9-adb5-4e4e517c3a8a,ChangHo Lee,1994-05-09,172.72,175.26,,Orthodox
59f09785-24ef-5df9-9f6d-58abd9d7fcb1,Trevor Smith,1981-01-05,190.5,190.5,,Orthodox
59f0aefb-928c-5ae3-a97c-fdf39c1ee564,CJ Fernandes,1977-11-13,187.96,,,
59f438a1-d4b8-5fed-8c85-aaf21c94e73b,Rafael Dias,1979-10-20,175.26,,,Orthodox
5a054eab-88fe-5939-b3ee-02dc4b364f5e,Luiz Azeredo,1976-06-10,175.26,,,Orthodox
5a11c2e4-b4db-570d-983e-2250c5995863,Lazar Stojadinovic,1989-03-22,170.18,172.72,,Southpaw
5a1c1724-5d37-5a3b-8f85-6ae72ffcc9a0,Tom Sauer,1970-11-11,185.42,,,
5a1d5150-0962-5f17-ba75-dd80a2c0dece,Lavar Johnson,1977-06-11,193.04,208.28,,Orthodox
5a20ec70-43ef-5400-809d-fa946638090a,Alejandro Garcia,,170.18,,,
5a2899ec-c8ee-5250-b132-1153b0d8a2e9,Gilbert Yvel,1976-06-30,187.96,195.58,,Orthodox
5a3fbb6b-f14c-5900-948f-105db8d25143,Mads Burnell,1994-03-06,172.72,175.26,,Orthodox
5a3ffc6f-911d-544e-90c9-d83f4f35c222,Da'Mon Blackshear,1994-08-12,177.8,182.88,,Switch
5a5d8b58-e0a0-5dfc-aabf-60803e5a4867,Gabriel Carrasco,,167.64,,,
5a61ae65-698a-599b-9bd6-90d23aad4a2f,Ricky Camp,,170.18,,,
5a7021f5-656f-5f9c-a291-369a560b7cce,Priscila Cachoeira,1988-08-19,170.18,165.1,,Orthodox
5a7a791d-e93f-5a19-bfed-6b156acb0315,Zhang Weili,1989-08-13,162.56,160.02,,Switch
5a7dd089-9ca8-5e00-8b14-42141a32ab6d,Marcus Buchecha,1990-01-08,187.96,195.58,,Orthodox
5a8ee8e0-2bfe-542a-b189-1a9c249860d9,Vince Cachero,1989-11-07,167.64,172.72,,Orthodox
5a93bf09-bbbc-5702-abe0-bdfd346338d1,Kevin Roddy,,180.34,,,
5a99ef7c-76eb-5418-a8fd-b945eaa9d1be,Chuck O'Neil,1985-09-22,187.96,,,
5a9b617b-13da-50b6-a5ce-7cabef738c03,Jair Farias,1993-03-16,185.42,193.04,,Orthodox
5a9c56cb-55b3-5b96-a2ce-8d3189208f34,Jeff Hougland,1978-08-02,170.18,172.72,,Orthodox
5ab7e303-dd5c-5a70-99e1-d16ddb22372a,Ivan Shtyrkov,1988-06-09,182.88,187.96,,Orthodox
5acb6134-9ebe-57bb-a980-e7127780669f,Huang Feier,1994-03-12,165.1,165.1,,Orthodox
5acf1198-8f58-5eda-ab46-71eb8ea013aa,Leon Shahbazyan,1995-11-18,193.04,187.96,,Orthodox
5ad4c611-5da3-5e23-93f3-66d069790f85,Mickael Lebout,1987-08-16,180.34,185.42,,Orthodox
5ad84f59-a92d-534c-8ee7-cabf03223a6a,Nick Urso,1985-09-26,167.64,167.64,,Southpaw
5ae2cffb-434a-50a4-888e-e22044948357,Ken Kaneko,,182.88,,,Orthodox
5afc52ad-5e5d-561a-8d57-324f2662e64d,Dakota Bush,1994-06-09,177.8,185.42,,Orthodox
5b051935-1c53-51fb-839e-d3d49dcc46dc,Thomas Diagne,1983-09-03,185.42,,,
5b095d4c-ff6f-5afb-9c53-20852f8b5099,Gillian Robertson,1995-05-17,165.1,160.02,,Orthodox
5b10db98-2701-561a-b9ac-b3dbc533c2e6,Lerryan Douglas,1995-04-27,175.26,182.88,,Orthodox
5b221b30-e9c4-55ca-a0e4-99cae97fee12,Keigo Kunihara,,182.88,,,Orthodox
5b2e93fa-8267-5be7-ab17-7a94447ab94d,Chris Kelades,1981-02-21,170.18,172.72,,Orthodox
5b444731-03a5-54fe-ade9-da111c48fc47,Ramiro Hernandez,1986-07-22,175.26,,,Orthodox
5b4858ee-66ea-52c0-9d9e-1a8803a87812,Mack Brewer,,,,,
5b530cc7-f5dd-5cd0-92d5-deeebe199683,Damonte Robinson,1995-06-10,182.88,195.58,,
5b5419f0-b3b0-51d6-8ec6-836b7b944803,James Mulheron,1988-02-20,177.8,185.42,,Orthodox
5b596a97-9917-5186-8248-8d1119381a70,Rafael Natal,1982-12-25,182.88,195.58,,Orthodox
5b84f2fa-e070-5355-a3e3-843abf111eb6,Rafael Estevam,1996-08-10,172.72,175.26,,Orthodox
5b95fcd9-14ed-51c4-b05b-9c6b6c86a9a6,Ben Askren,1984-07-18,180.34,185.42,,Orthodox
5b9a649a-832d-5019-a730-7a235fc7f245,Paul Sass,1988-08-04,182.88,185.42,,Orthodox
5bb1e3f9-ded8-5949-ad7c-5253b25d5a31,Mo Miller,1992-08-10,172.72,182.88,,Orthodox
5bbaaec6-044a-5f11-a697-e5d001db77b7,Besam Yousef,1985-03-25,180.34,,,Orthodox
5bcb5173-8d71-5fca-b92f-4fceb7c92ac7,Roman Zentsov,1973-09-10,185.42,,,Orthodox
5bd7cda7-9c1f-5430-a6ad-055d9c500373,Vince Murdock,1991-03-21,167.64,162.56,,Orthodox
5bda3072-b518-55b1-bfef-aff41e672913,Jonathan Rivera,,,,,
5be81598-6228-51dc-b077-7d8b3370e0a0,Willie Parks,1983-11-04,177.8,,,
5bec51c9-af44-5d08-a905-99da68921ed6,Yoshihiro Takayama,1968-09-19,195.58,,,Orthodox
5c04ca3d-0970-5198-97c5-6f666373a7c6,JunYoung Hong,1990-12-18,175.26,175.26,,Orthodox
5c086d9d-e50f-5af9-bde2-a2c87b46a5b6,Austin Lingo,1994-07-10,177.8,177.8,,Orthodox
5c1acef0-4080-559f-b516-b4fe87d185e7,Alvaro Herrera Mendoza,1990-05-14,182.88,187.96,,Orthodox
5c1d1875-539d-5918-9eab-96a96e8a21f8,Jason DeLucia,1969-07-24,180.34,,,Southpaw
5c231efa-4ed9-5945-8f93-89452f6fd694,Tim Elliott,1986-12-24,170.18,167.64,,Southpaw
5c4ce773-0925-5c68-9f30-7d8a83680852,Drako Rodriguez,1996-06-16,172.72,175.26,,Orthodox
5c5602c6-e302-5135-9dd4-39f534cf0a35,Thanh Le,1985-08-28,175.26,187.96,,Orthodox
5ccdb952-9bf3-580e-9624-e7b71811700e,Ruel Panales,1996-12-07,165.1,170.18,,Southpaw
5cd68e4e-256b-5887-89d9-c1ac6eb29769,Jose Daniel Medina,1991-05-17,182.88,187.96,,Orthodox
5ce1a5f5-0f0e-5788-9cb9-0da5de01374a,Craig Zellner,1976-09-09,187.96,,,Orthodox
5ce937dd-06a0-56ef-982e-5510190ce174,Aaron Phillips,1989-08-05,175.26,180.34,,Southpaw
5d1962a3-cbcb-53d5-8b08-ced45fb44813,Rory MacDonald,1989-07-22,182.88,193.04,,Orthodox
5d20fb7b-e320-5690-902c-d2ef76036e5b,Hunter Smith,1998-10-27,,,,
5d2297bf-9973-57c4-ae6b-4cbf364ae42d,Rob Wilkinson,1992-02-22,190.5,203.2,,Orthodox
5d3970c4-fc25-5b07-90af-46289f0bed3f,Bryan Pardoe,,185.42,,,Orthodox
5d65f751-19ca-5cc7-9c84-ed0a413b0b24,Dooho Choi,1991-04-10,177.8,177.8,,Orthodox
5d67758a-33ad-5344-b343-87473aa85c8a,Jinh Yu Frey,1985-05-20,160.02,165.1,,Southpaw
5d6e9f69-42f1-501e-a55f-78719dca9c86,Dayana Silva,1990-08-27,170.18,,,Orthodox
5d752bb1-de26-5c82-b8fe-ff8b80a98428,Gunnar Nelson,1988-07-28,180.34,182.88,,Switch
5d75783e-5e59-5f88-a8a2-87b5d8a1a759,Yin Shuai,1997-01-01,165.1,167.64,,Southpaw
5d8f9f34-a3ef-5aae-9ff0-e8cf96259c53,Fabio Mello,,165.1,,,Southpaw
5d9ad59d-53c0-5bd0-b503-b14d050a920b,Gilles Arsene,,175.26,,,Southpaw
5da9b671-5180-585d-a313-1bfededa626f,Alessio Di Chirico,1989-12-12,182.88,187.96,,Orthodox
5dada55b-b85e-5bfc-be84-08fb89ba5785,Matt Lucas,,185.42,,,
5db6672a-f471-5ea6-a36f-ed739a5820de,Nate Schroeder,,185.42,,,
5dc168bd-ad56-50ad-bb32-3c6c5ede59ec,Yoshinori Horie,1995-05-10,172.72,177.8,,Orthodox
5dd990d9-34d7-538a-9038-b538b2cbcaab,Nikola Joksovic,1994-09-11,,,,
5deedf5a-de44-5da0-aa07-ca722004157b,Colby Covington,1988-02-22,180.34,182.88,,Orthodox
5df14c09-ae5b-5ea0-a568-cc760c85de90,Victor Altamirano,1991-01-23,172.72,177.8,,Switch
5dfd6e91-a720-5f1f-9c70-943547fad86a,Yokthai Sithoar,1974-12-25,170.18,,,
5e070b0b-6e49-5dc4-b76b-822a2c84f8ec,Dequan Townsend,1986-05-11,190.5,200.66,,Orthodox
5e09380f-5325-5041-b05d-25c361b941a1,Richard Dalton,,185.42,,,Orthodox
5e11e78a-cd43-5318-ad04-d948dba62313,Osamu Tachihikari,,195.58,,,Orthodox
5e343ca6-fc0f-5f1e-aea2-69fa1fe48753,Abdul Razak Alhassan,1985-08-11,177.8,185.42,,Orthodox
5e3fb5e3-3f3f-51be-b374-3f5cbde20fe4,Hong Man Choi,1980-10-30,218.44,,,Orthodox
5e435a65-dc36-5fe5-b502-0a07c6977031,Pat Barry,1979-07-07,180.34,187.96,,Orthodox
5e4a8896-d8fb-5a29-938d-3947e795c99b,Milco Voorn,,,,,Orthodox
5e5db9d7-7beb-525d-9e29-7a611581ca0b,Clayton MacFarlane,,,,,
5e61cc94-f699-50ab-8ebf-3bdb9b9003e4,Tsuyoshi Tamakairiki,,182.88,,,Orthodox
5e6b6713-e082-5723-ae57-331b7173d5a3,Mark Godbeer,1983-11-22,193.04,195.58,,Orthodox
5e7777b2-e86b-5b98-87bd-b92b626ded2f,Won Sik Park,,180.34,,,Orthodox
5e7aec6b-2169-5e23-999b-56ff160687e5,Brad Katona,1991-12-19,167.64,162.56,,Orthodox
5e8896ee-567b-5183-91b1-a2f86e67d51e,Gadzhimurad Antigulov,1987-02-09,180.34,177.8,,Orthodox
5e894e42-6b89-5935-906e-58079698816c,Icho Larenas,1980-03-12,190.5,,,Orthodox
5e8c3254-e99a-55ab-9558-cb8bd6b2bbea,Heath Herring,1978-03-02,193.04,198.12,,Orthodox
5e8e244b-f00e-59a6-8aef-a0292c6b50fb,Paul Bradley,1983-06-13,175.26,,,Orthodox
5e938be9-fd89-5e90-af67-6526f59acd57,Jorge Ortiz,,182.88,,,Orthodox
5e93ad5c-9db2-5ebe-aaef-04d19624308e,Alexandre Dantas,1979-03-01,187.96,,,Orthodox
5eb5221b-38c9-56e7-840b-475a288ddcd3,Satoru Kitaoka,1980-02-04,167.64,,,
5ebbdd23-5c77-5b19-b899-52f6851be137,Ryan Gandra,1995-05-08,185.42,187.96,,Orthodox
5ecf5efd-4f5f-5b84-9ff8-7453d32b6b8d,Joachim Christensen,1978-11-07,190.5,193.04,,Orthodox
5ed59511-f9c4-5db7-9755-a6b1f452a584,Dino Pezao,,,,,Orthodox
5ee734a5-8fd8-553a-9452-fd585651459b,Phillip Latu,1991-02-17,190.5,193.04,,Orthodox
5f00bca2-7084-5345-862c-8bcef6ed0bc1,Bharat Kandare,1987-06-20,170.18,182.88,,Orthodox
5f205245-397e-545d-a138-643844f7f907,Luis Henrique,1993-08-21,187.96,187.96,,Orthodox
5f2c1cd1-7959-5920-b9a3-eb172c3d88c1,Kevin Jackson,,177.8,,,Switch
5f514b7c-a47f-5af0-ac9a-4c984e4b843e,Chris Brown,,,,,
5f567c66-c133-53d1-9121-c24c102fbeaa,Javier Vazquez,1977-07-16,170.18,175.26,,Southpaw
5f6f1f7a-a07b-52d6-96db-3fa8294b7d7c,Pascal Krauss,1987-04-19,185.42,,,Orthodox
5f7d2fe5-49c6-50cb-bb04-cbd0f019cd79,John Devine,,,,,
5f851a27-cd72-50c3-8f89-ceceb127ab2c,Kris McCray,1981-09-24,182.88,193.04,,Orthodox
5f92f835-1718-5768-8948-f061d3c996e4,Eddie Mendez,1984-01-16,177.8,,,
5f9362f7-a031-5c78-9717-c2fa61b8c65e,Paul Redmond,1986-10-20,177.8,,,Orthodox
5f98d6cc-6891-508d-a7a2-36ae479a868c,Rafael Fiziev,1993-03-05,172.72,180.34,,Switch
5faf004a-b227-5188-88f4-ef9f82aebfe5,Ildemar Alcantara,1982-11-18,187.96,198.12,,Orthodox
5faf219a-8aa4-5dee-9920-e0316dc6a68e,Raul Sandoval,,,,,
5fc3246c-732c-5a33-b63b-7f51cb5e5d3a,Elise Reed,1992-12-05,160.02,160.02,,Orthodox
5fc9c5ec-880b-5157-a4c5-18c0ed1cac8a,Yusuke Kawaguchi,1980-08-14,182.88,,,
5fd27e17-d02c-5ef5-831a-b5eb7a47976e,Steve Kozola,,,,,
5fda2c0a-0eb0-5448-9db6-acb2677ce33f,Losene Keita,1997-12-30,172.72,182.88,,Orthodox
5fea7ec9-18b3-5849-84d4-1e47c2dd2653,Oliver Enkamp,1991-08-10,182.88,195.58,,Switch
5fec6a07-4d8c-5486-a95c-4b376a3d8a46,Colleen Schneider,,,,,
600469f4-1cf3-520f-9e32-e53ffb9105c7,Amaury Bitetti,,175.26,,,Orthodox
6006b9a5-0015-5db4-a773-705afab1a4b5,Matt Secor,1986-09-26,182.88,,,
60072767-7e79-53c5-8cf6-0933ec8246ca,Jack Marshman,1989-12-19,182.88,185.42,,Orthodox
600b683c-5975-5f7e-bc44-8025c550d6f9,George Sotiropoulos,1977-07-09,177.8,180.34,,Orthodox
600cc3fd-513a-5f68-9279-77d903392884,Felice Herrig,1984-09-18,162.56,165.1,,Orthodox
6012ff11-86c5-502c-b9fd-3717c5d7ca5d,Clay French,1980-10-07,170.18,,,Southpaw
6021f61f-3009-5c57-b136-70bbe5f9e56e,Jeremy Tavares,,,,,
6038542b-1d18-5b77-a245-939169cf5f0a,Yuya Shirai,1980-04-02,172.72,,,Orthodox
6040042e-6834-5b0b-b08a-ac88d8d5df27,Brandon Holmes,1997-02-05,187.96,187.96,,Orthodox
6049cb57-f56e-5a83-8ade-2d426f965631,Miesha Tate,1986-08-18,167.64,165.1,,Orthodox
605da9b1-f5fb-5e53-b9e8-a4ae86051d9a,Mark Kerr,1968-12-21,190.5,,,Switch
605fc175-7b2a-5087-a5ad-636265d9608e,Al Iaquinta,1987-04-30,177.8,177.8,,Orthodox
605fd3ed-2ab2-5092-a044-621aaf6d42d2,Rickson Gracie,1958-11-20,177.8,,,Switch
607475ae-6bab-5aac-b11a-249d45949951,Elvis Sinosic,1971-02-13,190.5,195.58,,Orthodox
60871700-0bb5-59c2-87d1-607188015b53,Aziz Khaydarov,1993-09-25,180.34,182.88,,Orthodox
60a9a02b-dcde-5d71-a95b-8017badcd137,John Dixson,,182.88,,,Orthodox
60b12c57-5f9a-5b79-b05a-8b8873b737a2,Rafael Rebello,1980-10-16,165.1,170.18,,Orthodox
60c251f9-00a4-5490-9eee-4d52072a245f,Joe Cason,1988-01-19,190.5,,,
60c767bf-99da-50f9-924e-c12796e154d2,Max Gimenis,1983-04-14,,,,
60d564a6-5267-5ccb-9f86-885b63311c94,Ronald Jhun,1970-09-21,180.34,,,Orthodox
60d8be83-20c2-54f4-931b-a2ebbe51451c,Chad Corvin,,195.58,,,
60dc6303-0617-5aeb-af0e-1f7458fa5d3c,Reynaldo Trujillo,1982-01-01,175.26,,,
60f22591-6375-5e70-b6e4-9e53c9a050c4,Courtney Turner,,187.96,,,
60f2b16c-061f-57bf-8321-740ce9a7b49a,Vagner Rocha,1982-06-06,177.8,185.42,,Orthodox
60f34108-ce1e-51ca-9382-82c72342569f,Kengo Ura,1981-06-20,175.26,,,
60fa5e6d-2001-5dc5-9f9b-4b67e573d7fb,Tae Hyun Lee,1975-01-17,198.12,,,Orthodox
6111cae6-dbf7-5409-a038-78dc6057e47c,Rory Markham,1982-03-25,182.88,180.34,,Orthodox
6113a8fb-d8df-5af9-8a0a-8092c9ebd7f3,Bruno Souza,1996-03-07,177.8,177.8,,Orthodox
61171213-8a0b-5e39-96a3-03ca33e97575,Chris Culley,1986-03-25,,,,
612ab985-1a9b-59a7-aaf2-62005271408a,Stefan Leko,1974-06-03,187.96,,,Orthodox
61619e78-0ba9-54eb-ae4d-c4dd191da38b,Semmy Schilt,1973-10-27,208.28,,,Orthodox
61754170-8893-56d8-8f15-5eb45264d2cf,Lucas Lopes,1979-10-05,187.96,,,
618ebdd5-3f34-514b-8c33-4f2b4f9c3b16,Dusko Todorovic,1994-05-19,185.42,187.96,,Orthodox
61b3556f-e0f2-5940-a80b-d4cec8ab232d,Josh Bryant,1980-04-23,177.8,,,Orthodox
61b72565-2083-5ed8-a25b-35924df01760,Chris Weidman,1984-06-17,187.96,198.12,,Orthodox
61bebac8-a4b9-598d-a9bb-c6939363694c,Carlos Leal,1994-05-04,180.34,187.96,,Orthodox
61bef504-1ee0-51f2-bca2-cdf7c0c97b15,Koichiro Matsumoto,1986-03-07,170.18,,,
61c832dd-8b6b-507a-9404-c4e0e06b4c8d,Jake Rosholt,1982-02-09,185.42,,,Orthodox
61c885f7-17cb-5268-9c3e-d4441780b559,Hugh Pulley,,182.88,,,
61d371ba-94c0-5366-a4db-6fb44f7ddd67,Billy Giovanella,1985-08-20,172.72,,,
61e343ba-7b0f-502b-9eaa-1fe29776e110,Chris Gutierrez,1991-04-22,175.26,170.18,,Orthodox
61e38f70-ca87-56e2-b98e-addc67a33207,Muhammed Lawal,1981-01-11,182.88,198.12,,Southpaw
61e83aaa-f183-5be4-a656-ae26b7f87475,Dmitri Stepanov,,190.5,,,Orthodox
61f0e0bb-eac1-57d3-9bfa-515155a79fe9,Ronda Rousey,1987-02-01,170.18,167.64,,Orthodox
61fe871f-c315-56a1-845b-0d9ec9ad4bf2,Nursulton Ruziboev,1993-11-19,195.58,193.04,,Orthodox
6200d947-3522-5a97-a989-32007d8e0fe3,Yanal Ashmouz,1995-03-31,175.26,175.26,,Orthodox
621946dc-ae5a-56ab-b6af-bdc8e31f23c7,Hamdy Abdelwahab,1993-01-22,187.96,182.88,,Southpaw
62252f10-61c8-5a01-b073-c92ccce7f175,Kalindra Faria,1986-07-23,170.18,,,Switch
6239ecc3-26d7-56a3-8e1d-fe11394c8f9b,Josefine Knutsson,1996-01-16,160.02,152.4,,Orthodox
623e097f-9847-5c83-99bc-4fc1d4ba4d9a,Fabio Maldonado,1980-03-17,185.42,190.5,,Orthodox
625f1b8d-f837-5463-b2ea-55605ed7b375,Jose Quinonez,1990-07-28,172.72,175.26,,Southpaw
627605e8-765e-5308-81eb-2665d19c79af,Bill Algeo,1989-06-09,182.88,185.42,,Switch
62835873-936e-557c-9fe1-995123bb054e,Amir Aliakbari,1984-06-10,190.5,,,
6283e162-f6d2-5257-970a-0ea1246caf65,Denise Gomes,1999-12-30,157.48,160.02,,Orthodox
6290589f-0b23-52da-a424-3b1387483504,Nick Ertl,,175.26,,,
629ac71c-0481-5611-961f-5d6187fec22a,Julio Arce,1989-10-27,170.18,177.8,,Southpaw
62c1b01a-9bcf-5eab-8db5-9a0284850d07,Alex Stiebling,,187.96,,,Southpaw
62db9c92-167a-50e2-82b2-c735bd03f78f,Jason Freeman,1976-09-02,187.96,,,
6316faf2-9e2d-5ff6-941d-957c6b7c9444,Jorge Oliveira,,185.42,,,
6357f968-5aaa-5a28-a099-d9ed2ca265df,Vik Grujic,1977-02-06,180.34,185.42,,Orthodox
635aa2fd-f751-5e45-8e37-29d3c0b09d72,Adam Schindler,1983-05-19,172.72,,,
63666afd-96a4-584f-a35b-f0de902cce9e,Rico Altamirano,,177.8,,,
63666d0e-d940-5703-a4cf-cd43271e741f,Ricky Johnson,,172.72,,,Orthodox
636d0a56-1bd1-51aa-94c0-004e11b254d6,Thiago Alves,1983-10-03,175.26,177.8,,Orthodox
636d0a95-bbdd-5012-8dad-d720c8eef395,Bojan Mihajlovic,1980-03-30,180.34,185.42,,Orthodox
636e1c05-72ed-5659-8608-72347375961f,Gina Carano,1982-04-16,172.72,,,Orthodox
6371813f-4ad3-53a6-8e30-7bff4e8fa704,Mike Perry,1991-09-15,177.8,180.34,,Orthodox
6398b822-510e-5b44-985c-677152eb91be,Juliana Miller,1996-05-07,170.18,167.64,,Orthodox
639b5a30-1b23-5c89-852a-71bb311eafff,Heather Clark,1980-09-19,167.64,162.56,,Orthodox
63adad72-ad44-595e-b8c1-7fc16cfd4732,Henry Miller,1969-07-16,170.18,,,Southpaw
63b3f27a-a80a-5101-a5e9-a6a12c8f4637,Mohammed Usman,1989-04-01,187.96,200.66,,Orthodox
63c110a8-e2f9-54e7-82e5-0929a9947f1d,Shane Nelson,1984-11-29,175.26,177.8,,Southpaw
63c1b0a6-bcb1-51e8-9d7b-50eae0eb02ff,Norman Parke,1986-12-22,180.34,177.8,,Southpaw
63c1fa7d-fff0-58aa-843c-218115f159a0,Talita Nogueira,1985-10-13,177.8,,,
63c608ad-160a-5932-9e2c-68291c7f2bc9,SuYoung You,1995-12-11,167.64,165.1,,Orthodox
63c8e873-a63d-5c99-a956-dd38bc338040,Teemu Packalen,1987-05-22,185.42,190.5,,Orthodox
63cb5d34-fff8-530e-8b91-1f847e666222,Jonathan Wilson,1987-07-17,187.96,190.5,,Southpaw
63cd8ce1-76a6-5604-841d-2173b68e69a2,Yoislandy Izquierdo,1984-01-09,180.34,,,Southpaw
63d23888-7beb-5574-b07c-e6e41198ce50,Jonathan Figueroa,1995-02-05,,,,
63e2b205-a3e0-5945-91ee-cf49089eab08,Ray Perales,,177.8,,,Orthodox
63f1c6a7-dccb-5b78-bbb5-301723f18898,Chuck Liddell,1969-12-17,187.96,193.04,,Orthodox
6408749b-5c83-50d6-93fe-888cf38930e4,Louis Cosce,1995-08-27,175.26,180.34,,Orthodox
641a8e93-42cd-55e2-8c07-12482a2ed0a1,Zhang Tiequan,1978-07-25,172.72,175.26,,Orthodox
6428a101-40a6-5d6b-8152-bc0536f871f5,Modestas Bukauskas,1994-02-10,190.5,193.04,,Switch
643648fa-3f8b-53b4-8cbf-07c3bae8b2f4,Eros Baluyot,1992-10-23,,,,
6447bdb4-8384-5e75-8111-568a46695b56,Donald Cerrone,1983-03-29,185.42,185.42,,Orthodox
644a2d6c-2a57-5214-9b00-7cf966c01922,Will Kerr,1982-10-21,177.8,175.26,,Orthodox
64587c67-ec16-5401-96f4-b031d58f1861,AJ Siscoe,,170.18,,,
646c3439-0a84-53c0-a5f3-1a0232d2e8fe,Darren Stewart,1990-12-30,182.88,187.96,,Orthodox
6487046d-f11f-5254-89b0-805fde02662d,Te Edwards,1990-09-11,172.72,182.88,,Orthodox
64b402f6-0b3a-51f1-ab42-6c4ae2c71eb1,Joanne Wood,1985-12-23,167.64,165.1,,Orthodox
64ba2946-0f29-5bea-9c5a-7240528bce96,Terrence Mitchell,1989-12-30,177.8,187.96,,Orthodox
64bad955-4371-5c39-95d6-49c7f3c3d2cb,Junior Dos Santos,1984-01-30,193.04,195.58,,Orthodox
64c54282-e9a6-5409-b60c-54dc3e395b45,Neil Wain,,177.8,,,Orthodox
64c74369-5036-5319-9f08-755b29d37f0f,Dwight Grant,1984-09-14,185.42,193.04,,Switch
64c745a4-e732-5406-9273-f37df6216038,Gustavo Gabriel,1994-04-01,167.64,,,Orthodox
64cd3054-0622-51fd-bbae-7e386be175d1,Michael Diaz,,,,,
64fe8e21-c1c4-5bf9-92b4-bbe9a3ef78f8,Rafael Del Real,,180.34,,,
650650a8-e39e-523c-89e4-89add81377df,Jay Bogan,,,,,
6512e874-8c57-59dd-b0c1-a520c5d0b05c,Dan Argueta,1993-08-13,170.18,172.72,,Southpaw
6516b460-2ecc-5e19-870f-9b9ad8a190ae,Samy Schiavo,1975-12-24,172.72,,,Orthodox
651be036-2711-513a-8f4e-c044711458ca,Manon Fiorot,1990-02-17,170.18,165.1,,Orthodox
652b3d8b-b501-5147-9b5c-b10bccc6969e,Kenneth Seegrist,,182.88,,,Orthodox
652c9094-ed49-5edf-ab5f-09593d67f3f2,Kevin Szaflarski,1994-12-30,195.58,195.58,,Orthodox
653358c2-d507-5006-8698-2a9337934bb7,Tallison Teixeira,1999-12-07,200.66,210.82,,Orthodox
653e1bf3-c780-5046-a6ff-487f1cae6798,Viktor Pesta,1990-07-15,190.5,195.58,,Orthodox
6549e842-9154-5767-93d5-c4ce82cb1907,Emilio Chavez,,175.26,,,
655883a9-2c15-5e40-b841-8787f45080e1,Iasmin Lucindo,2002-01-08,160.02,167.64,,Orthodox
6569d80c-9a5d-5079-ad40-eb1882260a42,Ivan Lopez,,167.64,,,Southpaw
656bb81e-226d-5f8b-aaed-2e1eb0891db3,Mark Munoz,1978-02-09,182.88,180.34,,Orthodox
6570fa48-7f96-5b73-a13c-09d41a742836,Sam Fulton,,,,,
6575ea02-3640-5de3-ba1b-754963145bb7,David Lee,,177.8,,,Orthodox
65855fac-f6f6-52e6-8fe3-14652779dfc0,Dan Henderson,1970-08-24,180.34,187.96,,Orthodox
65977741-5b55-5a2d-bc08-5dc85d21f5c9,Sarah Frota,1987-04-14,167.64,175.26,,Southpaw
659c1911-a68b-5362-94f2-b3af4d5a2b16,Anton Turkalj,1996-06-10,193.04,198.12,,Orthodox
65ce58a3-f8dd-5e3d-a310-d79f5e6b0685,Del Hawkins,,165.1,,,Orthodox
65e31993-d086-5e83-ab81-20c71d516ca6,Lacey Schuckman,,160.02,,,
65e55f42-4352-538c-a48c-92dbd68d42b9,Chad Griggs,1978-05-15,185.42,185.42,,Orthodox
65e75329-16d3-5613-872b-df1eac32defe,Payton Talbott,1998-09-09,177.8,177.8,,Switch
65e7e7bc-a3ba-59f0-a204-44639a70b350,Austin Springer,1987-05-12,172.72,180.34,,Orthodox
65eebd2d-c765-5fca-9123-4cbcc191df58,Kazuhiro Hamanaka,1978-10-24,182.88,,,Southpaw
65fb7b2d-1f36-5d50-a6b7-03f3866305fe,Asjabharan,1992-07-31,167.64,,,
663f66f7-24d8-5784-940a-b8e084669940,Mark Madsen,1984-09-23,172.72,182.88,,Orthodox
664e6739-0eff-5ad1-b12f-88793d638ab9,Alexander Poppeck,1992-04-06,187.96,,,Orthodox
6665aef0-c7c9-53ac-ae76-cac592ef5e9d,AJ McKee,,177.8,,,
666e1066-1075-5a03-be1b-d341f50bc549,Austin Arnett,1991-10-22,182.88,182.88,,Orthodox
6695d9a8-92af-57cb-8279-d63d21097ab6,Jean-Paul Lebosnoyani,1999-01-27,180.34,182.88,,Switch
66b1b076-757c-5829-849d-0eb4180a2ee5,Roan Carneiro,1978-06-02,180.34,193.04,,Orthodox
66cf471e-b5eb-5e2b-8afb-85467fc52c2a,Todd Duffee,1985-12-06,190.5,198.12,,Orthodox
67145248-6253-5aca-beee-9cb8075ed37d,Justin Willis,1987-07-19,185.42,198.12,,Southpaw
671ae8e6-1f42-5def-b0aa-5bf379b09769,Andre Galvao,1982-09-29,170.18,,,Orthodox
671da8b0-2d85-5d00-8081-d76eb921ac6f,Marcus Jones,1973-08-15,198.12,,,Orthodox
671f2921-fd64-55fc-bcc2-57dcd7ed9049,Ron Waterman,1965-11-23,187.96,,,Orthodox
672672d2-3964-5638-a3a2-e2b042b164b5,Josh Janousek,1980-09-25,180.34,,,Orthodox
672a86a2-2657-53f2-aa5d-8dde3212fe41,Igor Zinoviev,,185.42,,,Orthodox
677f336e-4588-5388-8e67-1bef067fb28b,Josh Pulsifer,1983-03-16,177.8,,,
678b0044-a194-5961-8fe1-be6c40931dae,Jimmy Quinlan,1986-05-25,182.88,,,Orthodox
679c5095-b335-51dc-9eac-00c3976866dc,Kevin Haley,,187.96,,,
67a1a1ce-dca6-55af-b6b9-19af5e436beb,Josh Quinlan,1993-02-06,182.88,182.88,,Orthodox
67b5b7d1-76ef-51ea-a7b4-7ccf0d9792c3,Norifumi Yamamoto,1977-03-15,162.56,167.64,,Southpaw
67badd05-0cf7-51ca-ad60-1a7a5a2cc249,Estevan Payan,1982-03-14,177.8,,,Orthodox
67bcb0f2-e5f7-5117-a895-c8d203992419,Jacob Volkmann,1980-09-05,175.26,180.34,,Southpaw
67be0c8c-f1d3-5400-a544-54e8c6ccc91a,Steve Bosse,1981-07-29,180.34,182.88,,Orthodox
67cd81f4-b66a-5cff-8dee-60e3bf36bbdb,Jordan Bailey,,175.26,,,
67e56289-1ed1-5123-9e47-8899db254154,Greg Nagy,1983-10-18,185.42,,,Orthodox
67f199f5-0908-5a20-a34d-5c36b1c3d255,Megan Anderson,1990-02-11,182.88,182.88,,Orthodox
6812aa53-01c3-527e-94fb-2079f8e5da2c,Stan Dorsainvil,2000-05-12,,,,
6815b733-defb-5a69-8dfc-35622c256c90,Darrion Caldwell,1987-12-19,177.8,,,
68181457-dac0-5d95-8ab7-93172594be49,Mark Robinson,,182.88,,,Orthodox
6818b52f-329f-5290-b9cf-a168da52c89b,John Lober,1968-02-26,180.34,,,Orthodox
681b663a-4dc4-53ac-a066-054c6bebf579,Alistair Overeem,1980-05-17,193.04,203.2,,Orthodox
681d45c9-3fff-5a7a-839f-ace066dfe398,Yair Rodriguez,1992-10-06,180.34,180.34,,Orthodox
681f6a09-ebb8-5512-882b-c459b336319a,Rainy Martinez,,182.88,,,Orthodox
68264dc8-de40-5f56-bd52-fdade2524e82,Philip Perez,,165.1,,,Southpaw
6834757d-4111-5c4a-b335-cde750f3a57f,Allen Crowder,1989-11-08,190.5,193.04,,Orthodox
685c1729-8580-5842-bbb3-e24fb762b293,John Dowdy,,,,,
68647362-624c-55b1-af8b-cb6fc4b60cb1,Ananias Mulumba,1998-09-18,,,,
687e8562-b94b-547e-a41a-ac459d93c5a0,Martin Kozak,2002-07-09,,,,
68898099-1491-551e-b864-7f22406ef9ed,Julio Paulino,1975-12-04,182.88,,,Orthodox
689ebdec-7a01-5ec3-b95c-dccb153f1d01,Johnny Munoz,1993-02-16,175.26,180.34,,Orthodox
68a28057-251a-538e-bad0-8a764866625e,Laverne Clark,1973-12-02,180.34,,,Orthodox
68a76de3-0534-5e33-b8f9-5fa087ec4161,Ben Holscher,,180.34,,,
68ac64a0-606e-56f0-81a6-4179c58c14d9,Ray Wizard,,,,,
68c19a9e-408c-5f58-b288-792792787cef,Allen Berube,1974-08-25,172.72,,,Orthodox
68cd1d1b-822c-5de2-8793-3d9dae89128d,Min Soo Kim,1975-01-22,185.42,,,Southpaw
68dacf26-dd51-5724-97ea-f3824c20975a,Hector Ramirez,1976-03-28,182.88,,,Orthodox
68f1d6f8-aafd-5b00-9298-01e2f5557d7f,James Krause,1986-06-04,187.96,185.42,,Orthodox
690278cc-ba60-5e7a-be2e-3be557b8d2f2,Jason Day,1981-05-19,182.88,182.88,,Orthodox
69622917-7a27-5440-894f-d1e4fd1c48f6,Scott Ventimiglia,1972-11-17,180.34,,,
69694de8-6f35-5ccb-8de1-71ae3af84437,Jake Ellenberger,1985-03-28,175.26,180.34,,Orthodox
6985fff4-4475-52cc-9ad2-d54ba29c9320,Deiveson Figueiredo,1987-12-18,165.1,172.72,,Orthodox
69889724-7516-5dee-abd8-d969b2d70545,Oumar Sy,1995-11-21,193.04,210.82,,Orthodox
698c36e3-19f6-53d0-94a0-d739c4b95bf5,Patrick Speight,,185.42,,,Orthodox
698efca9-9e67-50ee-9cb2-01755493f585,Matthieu Duclos,1995-04-04,190.5,195.58,,Orthodox
699cefba-fa95-5f81-95db-6124f07b9cfe,John Yoo,,,,,
699d1bd3-18ff-55ec-b332-483c9db22195,Francisco Trevino,1981-12-17,175.26,177.8,,Orthodox
69b3607c-88ce-5976-914a-78e506686bf9,Kaitlin Young,1985-09-15,175.26,,,Orthodox
69b932fa-9f6c-5e7e-a49e-0ff6f45882dc,Matheus Scheffel,1992-11-04,187.96,190.5,,Orthodox
69ba6436-18d9-5232-aedb-eadebda8d9ba,Jacob Kilburn,1995-06-28,175.26,182.88,,Orthodox
69ca3eec-0866-5109-9e4e-15170931806c,Danny Navarro,1983-05-27,177.8,,,
69e4166f-9163-596b-b6f2-0357ed1f147e,Marlon Sims,,,,,
69eb7a6b-f586-5cf2-9783-832eca6ff291,Christos Giagos,1990-01-23,177.8,180.34,,Orthodox
69f41ab3-aea5-5b93-b575-cc586ca695bd,Bubba Bush,1985-07-24,182.88,,,Orthodox
69fec127-cc93-504f-8b4d-3a93f5dd9743,Angelo Antonio,,,,,Orthodox
6a1f722d-d11f-547f-b7ca-733f581f6142,Nick Meregali,,,,,
6a3eb960-b8c8-5b67-815c-efe4de0f4048,Micah Miller,1987-02-14,182.88,,,Orthodox
6a5d26a3-be9d-54a4-8e40-a748bebeddf1,Hyder Amil,1990-05-28,175.26,177.8,,Switch
6a77b96f-62f1-5fbd-8697-22924720c500,Kailan Hill,1994-12-01,185.42,195.58,,Southpaw
6a98749e-8e82-593e-910f-aa01efc3ece9,Steve Montgomery,1990-12-19,193.04,,,Southpaw
6aac2824-1e3d-5254-bd84-81e6d340b6ee,Rodrigo Nascimento,1992-11-26,187.96,203.2,,Orthodox
6acb1a81-a8b1-53c5-a158-fa1a8f2f95b9,Dan Hardy,1982-05-17,182.88,187.96,,Orthodox
6ad720e2-15d1-56ba-b58b-019572144dc0,Kevin Ferguson,1974-02-08,187.96,195.58,,Orthodox
6aeac441-d5b4-5b18-a509-13b6daaa6ae6,Lorenzo Hood,1989-03-02,190.5,203.2,,Southpaw
6af726bf-dcfa-5158-bcd4-3d5907b61c93,Dennis Olson,,182.88,,,
6b0d69dd-a04e-5026-a62b-05743205c181,Matt Adams,1997-09-07,,,,
6b11403c-94aa-52d3-9b9f-0a3c241d77eb,Mike Zichelle,,,,,
6b11f82a-e92f-5c9c-8d5d-752e0504f2ea,Anthony Do,,162.56,,,
6b1cc0e1-f874-5f1e-9e26-4015103b7757,Lewis Gonzalez,1987-09-19,177.8,,,Orthodox
6b2d1138-72f4-53cf-bc0a-c9c506b8b9cd,Julius Anglickas,1991-07-23,190.5,,,Orthodox
6b35f524-5558-5f66-99cf-62b65e5f4957,Tomoya Miyashita,,170.18,,,Southpaw
6b4b1d4b-5ef9-52ed-9add-b4b99d7e53e4,Micol Di Segni,1987-12-29,160.02,152.4,,Orthodox
6b569159-c039-52b3-96c0-11b978efda7b,Rodolfo Rubio Perez,1987-01-29,165.1,,,Orthodox
6b6c0644-d109-550f-b321-54feb53d590c,Akitoshi Tamura,1980-05-31,175.26,177.8,,Orthodox
6b7c7164-6c50-5e99-86d4-990d43a44141,Yuta Sasaki,1989-10-07,177.8,180.34,,Southpaw
6b8f9031-c39f-5828-9196-e6ef65a1c8fa,Felipe dos Santos,2000-09-11,170.18,177.8,,Orthodox
6ba79641-95bc-5386-a024-92292f8b6c3f,SeongChan Hong,1989-11-28,170.18,175.26,,Orthodox
6bd06d2f-5fcf-533b-8080-44fbdddfbcb8,Alfonso Alcarez,1970-06-10,160.02,,,
6be0a4a7-81b2-5f94-a83d-8cb53ef6da12,Brahyam Zurcher,1996-03-10,177.8,177.8,,Orthodox
6bea859f-08e4-58da-800b-069b1bf879cc,Tor Troeng,1983-01-25,187.96,,,Orthodox
6bf603a9-cf24-5e88-92fd-a3e917b789e9,Yunosuke Minami,2000-09-10,,,,
6c080996-471d-57a4-bc25-428c9749f8e1,Paul Capaldo,1996-12-27,170.18,,,
6c1efae5-2ed5-5400-abf2-b8244e10986e,Dmitrii Smoliakov,1982-08-05,187.96,187.96,,Switch
6c27231f-78a6-5340-bff6-93c74e499eae,Nate Landwehr,1988-06-06,175.26,182.88,,Orthodox
6c30b17e-ad12-548b-a4ac-574da1a58149,Robert Sanchez,1986-03-05,167.64,167.64,,Orthodox
6c6ce390-78a5-53f0-bb99-8f5297ae0946,Ryan McGivern,1980-01-17,182.88,,,Orthodox
6c73afdb-b431-5d8d-b778-0dd4a3275d94,Derrick Noble,1978-08-14,175.26,,,Southpaw
6c7faf48-a038-5f49-a8f3-cf9c70d19c05,Sidney Silva,1972-02-27,190.5,,,Southpaw
6c9467d6-f93a-5d32-9175-3ccc9f085676,Luke Rockhold,1984-10-17,190.5,195.58,,Southpaw
6c9aced3-1081-5122-8ad4-db25d0b2b7f0,Trevin Jones,1990-08-04,170.18,177.8,,Southpaw
6ca5f7fe-9a6d-580d-a9e7-941b90d9707d,Yusup Saadulaev,1985-03-31,167.64,,,
6ccf19b9-d21b-5452-9f2f-5eeb8b8ce77b,Daniel Puder,1981-10-09,190.5,,,Orthodox
6cea455d-ab92-55d8-b756-f4f1c8d9fa2e,Keith Mielke,,172.72,,,
6cf7a573-6fe8-5852-8d21-3e1bf0c05b8b,Charlie Kohler,1976-07-16,175.26,,,Orthodox
6cf93784-2011-5d51-8a68-7f2ad1c2d851,Angga,1989-01-13,170.18,172.72,,Orthodox
6d053c24-275a-52aa-8d60-c4f43f88d790,Branko Cikatic,1954-10-03,185.42,,,Orthodox
6d160b12-c431-5fd0-bacf-3c429639518c,Jason Jackson,1990-10-30,185.42,198.12,,Orthodox
6d27aa25-5694-5cba-b198-1210a4eee459,Kai Kara-France,1993-03-26,162.56,175.26,,Orthodox
6d55da6b-f6b2-5474-ae1c-d582e352ffd9,Scott Harper,1972-04-14,182.88,,,Orthodox
6d5bf942-5e6e-5b0d-ae7d-e1db3b936836,Ivan Salaverry,1971-01-11,182.88,,,Orthodox
6d6e605d-1d0f-562a-b1c4-d1c790613bbd,Mike Polchlopek,1965-12-27,193.04,,,Orthodox
6d7e5577-8488-5d32-a7e6-85fcd1a78fc3,Jesse Murray,1993-01-26,190.5,198.12,,Orthodox
6d803497-7f76-58e1-bb34-eba5b4e7976f,Michel Pereira,1993-10-06,185.42,185.42,,Orthodox
6d83ad35-3163-5ce0-bd25-0aa68a5791f6,Thibault Gouti,1987-02-27,177.8,182.88,,Orthodox
6d84aaad-b600-5831-a720-889331097e4a,Jamie Varner,1984-10-12,172.72,180.34,,Orthodox
6da861a4-d9bd-5aba-817c-b1b6c38e20c5,James Gray,1987-10-25,175.26,,,Orthodox
6daac034-dd0d-5d42-b59d-84442c7c9548,David Onama,1994-06-07,180.34,187.96,,Orthodox
6dad6197-f2e8-5338-a07b-526deda10076,Alvin Cacdac,,167.64,,,Orthodox
6dae4ccb-f421-5182-9787-e44ae86cd046,Bao Quach,1979-09-04,160.02,,,Orthodox
6dafdd74-2d24-5130-ae46-cad98c0c5abf,Yaotzin Meza,1981-02-04,175.26,180.34,,Orthodox
6db47e79-180f-5f2a-a007-41a121d78e5c,Brad Kohler,1964-05-26,175.26,,,Orthodox
6dc56212-a696-5ad2-add9-8075bbab4036,Raulian Paiva,1995-10-17,172.72,175.26,,Orthodox
6dce7ca2-9223-5188-ba9f-8add1df4519a,Chris Wade,1987-09-30,177.8,177.8,,Orthodox
6ddbbb2e-39b1-5e8f-9f5e-a28a278a0600,Cezary Oleksiejczuk,2000-01-06,190.5,190.5,,Southpaw
6de5e1f3-c081-51f4-bd0c-add783c0ec16,Igor Pokrajac,1979-01-02,182.88,187.96,,Orthodox
6de9580c-2849-5ad3-958f-dfbba76f3647,Brian Melancon,1982-05-28,172.72,,,Orthodox
6ded8fc8-c337-5223-b54b-db2ffce36b95,Koji Kitao,1963-10-12,200.66,,,Southpaw
6df99c9d-98a3-547f-afd9-5d6fc6753b53,Ronald Humphrey,2000-09-20,,,,
6e05cd80-d198-5b04-97d9-07278430ea7d,Luke Barnatt,1988-04-13,198.12,195.58,,Orthodox
6e12b16e-9ba7-5f2b-a499-0cd067e4e20d,Anthony Birchak,1986-05-16,172.72,175.26,,Orthodox
6e12e25c-e6d5-57e3-9716-5ee896525e12,Katsuya Inoue,1979-08-10,175.26,,,Southpaw
6e19d0c7-a762-55c7-85b1-2be6c9edab68,Leslie Smith,1982-08-17,175.26,167.64,,Orthodox
6e22427e-e41a-50ed-8667-64854c637c7d,Santiago Ponzinibbio,1986-09-26,182.88,185.42,,Orthodox
6e24b0de-73b2-5ab5-b84d-7ae36f0c96a3,Ian Butler,,172.72,,,
6e2501f3-d808-5efe-b098-074daa7a2a4c,Beneil Dariush,1989-05-06,177.8,182.88,,Southpaw
6e357e33-9369-5110-ae21-1d2570586205,Pat Sabatini,1990-11-09,172.72,177.8,,Orthodox
6e36e3a7-7042-5958-b1ab-2c5683abc303,Max Holloway,1991-12-04,180.34,175.26,,Orthodox
6e3ddd55-98ef-5b0d-a95d-8995471de968,Eric Wisely,1984-07-25,172.72,,,Southpaw
6e74d2c4-4efd-5935-a8c7-d407462260ed,Jimmie Rivera,1989-06-29,162.56,172.72,,Orthodox
6e77f536-7a8d-5e2b-b785-83f10f72ff67,Nell Ariano,,,,,
6e844d3a-5fed-5b06-8023-3cd19774f05e,Justin Gonzales,1991-04-28,175.26,182.88,,Orthodox
6e8e1ab1-2c17-5cab-9010-91474a652933,Tyler Stinson,1986-01-17,190.5,,,
6e951fc4-a78f-55f5-a322-918b6ae5a433,Dinis Paiva Jr.,1988-05-26,175.26,180.34,,Southpaw
6ea0c7cb-a0ba-5c2f-8e26-ad51d37bf3d3,Mike Bronzoulis,1979-01-05,182.88,,,
6eb7d634-4d68-55a1-880f-e3b93f64104b,Rayanne dos Santos,1995-06-08,157.48,157.48,,Orthodox
6ebe8f94-de2b-59bd-9d87-c3a81b538e0b,Chris Holdsworth,1987-10-24,180.34,,,
6ebfbf51-8ba3-5c28-8045-9918ac35499e,Markus Perez,1988-06-22,185.42,185.42,,Orthodox
6ed96818-398a-5bc0-81dc-f52f67b90159,TJ Brown,1990-05-22,175.26,182.88,,Switch
6edee265-4a40-516e-af09-b945d6b86ddd,Ido Pariente,,172.72,,,Orthodox
6ee9d659-815e-5a93-8ff5-cdacc00adcd0,Peggy Morgan,1979-12-16,185.42,,,
6ef8aa55-9a31-594e-95dc-31814485a42b,Vinicius Cenci,1995-11-24,185.42,187.96,,Orthodox
6ef9378c-0d61-5578-bcef-053daba0b37a,Austin Hubbard,1991-12-22,177.8,180.34,,Orthodox
6ef95b43-bd04-5f89-9c0f-3066fd1b04a9,Marc Diakiese,1993-03-16,177.8,185.42,,Orthodox
6ef9b92e-56ab-5e75-8569-479675478916,Josh Hendricks,1976-08-28,187.96,,,Southpaw
6efa1952-739c-5032-9bb1-3423df6bc57c,David Dvorak,1992-06-05,165.1,172.72,,Orthodox
6efaf366-4c71-5fa0-9463-452883c72c64,Paulo Henrique,2002-07-03,170.18,175.26,,
6f02318e-909e-5cbe-9262-56621b0ae32e,Daermisi Zhawupasi,1999-09-15,172.72,172.72,,Switch
6f120e9e-191c-5cc8-8fac-ebe4a941952b,Benito Lopez,1994-04-06,177.8,185.42,,Switch
6f30bf40-1ece-5231-a1d7-441ff5710064,Miguel Cosio,,193.04,,,
6f4ed49e-d655-5f71-a364-b27f00f28d10,Scott Morris,,177.8,,,Orthodox
6f5797a9-63a8-511b-993a-2f0177e4a698,Romie Aram,1977-12-02,177.8,,,Orthodox
6f5b9eda-e313-5f97-aaac-7d8682db71d6,Noad Lahat,1984-06-08,175.26,175.26,,Orthodox
6f5e2cc1-2560-5aa3-a145-e2179f0ccaaf,Marcelo Golm,1992-09-15,190.5,190.5,,Orthodox
6f671a8a-371b-5e35-94e2-1b20ab2a9e62,Niklas Backstrom,1989-08-22,185.42,,,Orthodox
6f74e6c4-7236-5501-b354-866a3bc732c1,Niko Price,1989-09-29,182.88,193.04,,Orthodox
6f78b19e-d42e-5b36-bfc4-80d2b73b321a,Vinc Pichel,1982-11-23,177.8,182.88,,Orthodox
6f8c9fdf-b67f-5656-a21e-1c4f845fc1e9,Jesse Sanders,,182.88,,,Orthodox
6f972e6f-d286-5340-b078-6c12c9c65588,Dimitiri Wanderley,,,,,Orthodox
6fb244f8-3f8f-5a6c-8453-fd289a55f33d,Takayo Hashi,1977-10-02,162.56,,,Orthodox
6fb8d290-36d9-5d06-8307-fecbdae65354,Erick Gonzalez,1992-01-20,180.34,190.5,,Orthodox
6fc9babc-44c2-53ab-83df-ef006327781b,Joshua Weems,1994-05-05,172.72,175.26,,Orthodox
6fcf997a-6b88-5f35-ad97-ac6ac63f12b4,Billy Pasulatan,1991-08-07,165.1,167.64,,Switch
6fe35774-d33f-5bce-8969-21de74cb5240,James Hammortree,1983-11-29,190.5,,,Orthodox
6fe7f652-7dce-59a9-bfc7-919736b25c42,Ryo Tajima,1999-08-14,,,,
7005d42e-b570-5ccf-9f78-d3b1669654b4,Bobby McAndrews,,,,,Orthodox
7007524c-5153-5180-b4c3-43e1f54e4a9c,Ronaldo Candido,1989-04-24,167.64,,,Southpaw
70112748-6d96-5e21-bc94-e03480495eb4,Sasha Palatnikov,1989-03-15,185.42,182.88,,Switch
70288460-f946-512b-a56d-3b3c95c4f43c,Axel Sola,1997-09-17,187.96,187.96,,Southpaw
7029898e-c966-5956-b17e-8ae8ad6b102d,Paul Daley,1983-02-21,175.26,193.04,,Orthodox
7041d2aa-797f-5caf-95bb-ec08b6fe3add,Joao Zaiden,1993-03-16,,,,
70436e5c-b4d9-5e34-85b8-e2e32bb7ed09,Tereza Bleda,2001-11-30,175.26,180.34,,Orthodox
7054dbed-583b-506e-b629-5044bec5e44f,Hussain Rasouli,,167.64,,,
705e8617-8360-55a6-8143-95a7ec0f2258,Manel Kape,1993-11-14,165.1,172.72,,Southpaw
705f2f13-0c50-53d6-98c6-985646dd9345,Clay Harvison,1980-09-25,185.42,187.96,,Orthodox
707ae6c5-7733-5ce5-9084-5639621631da,Liang Na,1996-07-27,165.1,170.18,,Orthodox
708232f7-fd3e-578e-b5c4-5746e9105548,Terrance Saeteurn,1995-05-30,167.64,170.18,,Orthodox
708e9458-5dbe-59df-a239-be86e272e3b0,Julianna Pena,1989-08-19,167.64,175.26,,Orthodox
70968076-8c9c-5fc2-a347-ebd71e1c462b,Jared Hamman,1982-03-07,190.5,190.5,,Orthodox
709b8318-cd62-5658-ae3d-e01a7c00789c,Richie Smullen,1991-08-17,175.26,172.72,,Orthodox
70c7648c-2b37-5ae2-9aa2-5a0d90557e1e,Fredy Serrano,1979-09-22,160.02,165.1,,Orthodox
70c88474-1c24-5e89-ad1c-7c46b9d9756c,Rama Supandhi,1991-11-07,165.1,167.64,,Southpaw
70d2e7c0-dcb2-5f35-bd3a-e7be1ab29699,Jose Landi-Jons,1973-09-09,180.34,,,Orthodox
70e1ed3e-f1c1-5981-bb4f-63367c53e132,James Moontasri,1988-04-10,177.8,180.34,,Switch
70e7e12e-e209-55d9-b0b3-6c09c56c66f5,Bobby Moffett,1990-06-01,177.8,185.42,,Orthodox
70f3356d-984f-568c-8472-000f38f5b02d,Ben Johnston,1990-10-11,,,,
71061579-c011-54de-aa14-03c1d6d6172f,Alexander Yakovlev,1984-07-18,190.5,187.96,,Southpaw
712c20ba-48c0-516c-aed5-b1bc50953dcc,Daniel Teymur,1988-02-03,165.1,175.26,,Orthodox
713b039c-d0ee-56c0-b209-d20ca15b2306,Terrion Ware,1986-03-31,172.72,180.34,,Orthodox
714ebd5b-38ed-5bb1-b55d-937979ac8523,Michiyoshi Ohara,,177.8,,,Orthodox
71572984-56cd-583b-b6da-1073e7b2019b,Vitor Vianna,,,,,Orthodox
715d1962-84dc-55ca-a9d0-20e01998518b,Don Shainis,1990-09-16,167.64,170.18,,Orthodox
715dbdb5-bc28-587a-98bb-10321508636d,John Cholish,1983-12-17,180.34,187.96,,Orthodox
716df4b7-c5b1-501a-9707-da81742ea84e,Eduardo Garagorri,1989-05-28,175.26,177.8,,Orthodox
718ec931-441b-5849-85ba-ce65f182e575,Alexander Gustafsson,1987-01-15,195.58,200.66,,Orthodox
719b73d9-2048-5eeb-885a-9374c714dcd3,Ilir Latifi,1982-07-28,177.8,185.42,,Orthodox
71b8ba8e-87c6-52f9-8028-20cd76cf43b5,Boston Salmon,1990-11-20,175.26,175.26,,Southpaw
71ba37a3-520f-5172-95f3-b7daf0d33b4a,Bronson Mohika,,,,,
71cf9411-ab98-53c5-bb4b-3e5ebce5b596,Tadao Yasuda,1963-10-09,193.04,,,Orthodox
71e05e00-9248-5c03-acfd-471e26af1ed4,Valentina Shevchenko,1988-03-07,165.1,167.64,,Southpaw
71e56c17-d863-5793-84fb-9de70c472062,Crezio de Souza,,,,,Orthodox
71eceb90-8415-57a8-a3da-035aa5f39a19,Hugo Cunha,1993-02-04,190.5,200.66,,Orthodox
720ef9b8-3238-56c1-a9ea-a4e23dc0ade8,Ken Shamrock,1964-02-11,185.42,182.88,,Orthodox
7212f630-002a-5b53-bffe-7f7156ca6149,Kyle Dietz,1986-04-29,172.72,,,Orthodox
724f8d46-93ab-5af2-88cb-96c2abff1e0d,Eduardo Torres Caut,1995-04-26,170.18,177.8,,Orthodox
7254f1fa-dfd1-5320-bc60-048d3861febe,Mike King,1983-08-04,190.5,,,
727b967a-6613-577f-b678-2d809469ac50,Arjan Bhullar,1986-05-13,185.42,190.5,,Orthodox
727bf955-a8aa-5851-bf1f-06974ae4cb80,Emily Whitmire,1991-05-24,165.1,160.02,,Orthodox
72a59449-178a-555d-8213-fbc6a0baaa6b,Wagner Silva,1987-02-07,182.88,,,Orthodox
72b610ae-abdc-540f-af6b-2cfaea465066,Misha Cirkunov,1987-02-27,190.5,195.58,,Orthodox
72b86d38-a01b-5315-857a-a0a23cd0d61b,Erick Silva,1984-06-21,182.88,187.96,,Orthodox
72b91758-6d22-5ae6-b7d1-1331480638b7,Errol Zimmerman,1986-04-20,190.5,,,Orthodox
72bbc0b4-3a25-5628-8392-46b05adfbe38,Demetrius Gioulacos,,180.34,,,
72bcd6f4-057d-5f91-887b-681b110b4ef7,Lance Gibson,1970-11-20,175.26,,,Orthodox
72d87233-4917-5f06-9de7-1ad8c2e03346,Anthony Pettis,1987-01-27,177.8,182.88,,Orthodox
730a5b03-438d-5a91-b4e0-f2bc8742a057,Vaughan Lee,1982-10-15,167.64,167.64,,Orthodox
73155201-f8ce-559e-9529-29d617afaab1,Joshua Van,2001-10-10,165.1,165.1,,Orthodox
731b6192-67e4-53d7-92a8-55d5cb2025b8,Theodor Berggren,2000-04-09,180.34,190.5,,Switch
731f2eff-cb75-5eee-90a5-aa4fc75f8e09,Ben Nguyen,1988-08-03,165.1,165.1,,Switch
73216636-5af3-5ea3-b0c7-d8c4480da7dc,Justin Robbins,1980-07-29,165.1,,,
732ac431-2ccd-58a3-8c12-99e62522dcfd,Rafael Cerqueira,1990-03-15,190.5,193.04,,Southpaw
733188c6-8cea-510f-888b-a66478970480,Michael Trizano,1991-12-31,180.34,180.34,,Orthodox
735eedbc-0580-5add-ad18-f08fa5b46df2,Alptekin Ozkilic,1986-03-27,165.1,165.1,,Orthodox
73617ee9-bdbc-59b0-8631-f76fda4eb16a,Nicholas Sergiacomi,,,,,
73683d12-2546-5394-8590-aedd96b927cb,Hailey Cowan,1992-02-12,172.72,170.18,,Southpaw
738411f8-f84c-57b5-9e72-cbebfbf6198c,Zachary Scroggin,1996-03-09,190.5,187.96,,Orthodox
73a2a0e0-8a48-5e55-9e7d-15b1c7762b84,Keith Berish,1985-11-14,182.88,,,Orthodox
73ab4e2a-eef9-5df2-bd47-f67a21932218,Zach Underwood,,187.96,,,
73b128c8-5f5b-52d0-bab5-7d2df9a67ef0,Wade Shipp,1975-02-09,190.5,,,Orthodox
73bc56db-f981-55b2-82d8-7d48a2fb9b08,John Dave Almanza,2004-03-22,170.18,170.18,,Southpaw
73bfb9c6-c4b4-5c66-b754-e17554aac808,Dave Dalgliesh,1978-04-05,187.96,,,Orthodox
73ce5bbb-8a8a-5b8e-bbfa-2e31d5b11a52,Brett Rogers,1981-02-17,195.58,205.74,,Orthodox
73f1493a-a6e9-5e07-9e15-31bbd00199c6,Nolan Ticman,1988-05-17,167.64,,,Orthodox
73f2988b-25c6-5f07-870f-9cbcefa526d2,Koji Oishi,1977-05-31,172.72,,,Orthodox
73f75dbe-15ff-57f4-9cd3-adda69e2cd2d,Simeon Thoresen,1984-03-14,185.42,200.66,,Orthodox
73f81844-9a2c-571f-b96c-f28eacc459fc,John Hathaway,1987-07-23,185.42,190.5,,Orthodox
7405fe2c-85c3-5c60-ae1d-2e899f8ff961,Junior Barata,1982-01-25,177.8,,,Orthodox
74108013-350e-545e-a2e0-4e439935e9c4,Keisuke Fujiwara,,167.64,,,Switch
742315fe-4a63-58cd-a929-6a717bcd5095,Zhou Kun,,,,,
742ad972-5a76-5a78-b276-56f85f807d58,Masakatsu Funaki,1969-03-13,182.88,,,Southpaw
743051cb-d661-5e42-a324-f6358c4b0143,Charles Bennett,1979-11-23,172.72,,,Orthodox
74385a7a-70c3-5162-ac90-e2ba51f0597c,Hideo Tokoro,1977-08-22,170.18,,,Orthodox
743c2374-0e16-5722-8639-c7cd28e6d11f,Joe Brammer,1983-08-23,172.72,,,Orthodox
743f27a5-0c23-51fa-a398-1328ee88fd6d,Stevie Lynch,,177.8,,,Orthodox
744df98c-473a-5649-a63b-a6572eb0f9d8,Richie Hightower,1974-11-26,172.72,,,Orthodox
7457f640-bf46-50a1-92ed-53d5c18659e5,James Wilks,1978-05-04,185.42,190.5,,Orthodox
74693ae1-8034-5fd8-a7c1-28e574c14c69,Alan Belcher,1984-04-24,187.96,190.5,,Orthodox
747e1556-088a-5b1e-a8cc-7dd4f7fa60d7,Roy Boughton,,182.88,,,
74831423-ee5f-5091-b7e9-c573571c3861,Dean Hancock,,,,,
7485e2ae-577e-5678-993d-6145f3ca4cc8,Riki Fukuda,1981-01-06,182.88,185.42,,Southpaw
7489b534-e490-5071-8c95-b725fe6d8648,Richard Crunkilton,1979-11-25,170.18,,,Orthodox
74a0afd1-ab30-5e2a-a1eb-8d43f02240b9,Ateba Gautier,2002-04-10,193.04,205.74,,Switch
74ba2544-69cd-5159-b186-6dd1791dc391,JP Buys,1996-04-30,165.1,170.18,,Orthodox
74d897d4-3984-5cb0-8d95-d8ebe85fb2d1,Carlos Eduardo Rocha,1981-07-12,177.8,185.42,,Orthodox
74f41459-aee5-5900-8485-42f62cbacf94,Wang Guan,1986-03-14,175.26,180.34,,Orthodox
74ff1f35-cdd5-56bf-936c-752e39c4b411,Juliana Lima,1982-03-15,165.1,165.1,,Orthodox
750f3e0e-fda9-541b-9599-af9e80688811,Nick Denis,1983-10-11,170.18,,,Orthodox
7539b0bb-59f9-5158-acad-03c3a32ba39e,John Albert,1986-10-13,172.72,172.72,,Orthodox
753f3bfa-d281-5b45-b063-0b13a8215d58,Jenna Castillo,1982-05-05,157.48,,,
7548bbb7-3a9a-567a-acac-52b23ea83425,Alejandro Flores,1991-08-06,177.8,185.42,,Orthodox
755673ab-563a-5c63-8e8f-5b8f7fc92cb0,Patrik White,1993-06-11,182.88,182.88,,Orthodox
755a65e7-0ffc-5f47-b33d-86102afe9978,Justin Davis,1983-04-01,180.34,,,
7560682c-6b14-5974-9414-d818828b2c3a,Joseph Benavidez,1984-07-31,162.56,165.1,,Southpaw
756c642b-6c7a-5ea2-8cd0-e12943ba0b73,Angel De Anda,1985-05-28,175.26,,,Orthodox
756efb78-a070-5ada-a7c6-81216d47fa3b,Neiman Gracie,,182.88,,,
7570bbff-4fcc-5ade-b9b5-602689cfb9af,Joey Gomez,1986-07-21,177.8,185.42,,Orthodox
75770e1b-b730-5c87-bb81-9c2d2d237927,Renato Verissimo,1973-08-03,185.42,,,Orthodox
75868b23-d793-51e0-9825-1d720bd8216c,Ulysses Gomez,1983-05-25,167.64,,,Orthodox
758f2138-b4a7-5abd-a703-3e4f8a069dc9,Alex Zuniga,,,,,
7596567a-c832-5e58-b9ae-ef6684f9dd94,Greg Scott,,175.26,,,
759d1ffa-aa56-5629-97c0-8e5f0c70e837,Brad Tavares,1987-12-21,185.42,187.96,,Orthodox
759eb662-086a-5543-a058-7175b51337f6,Walt Harris,1983-06-10,195.58,195.58,,Southpaw
75bebf88-2ddd-590e-b192-1307df8aab5d,Evan Esguerra,,,,,
75bff1cd-f4f3-5da4-8f54-1f76bc7bfcd1,Leonard Garcia,1979-07-14,177.8,172.72,,Orthodox
75c42371-b90b-525f-9c0f-59196c231ea6,Alexandre Ferreira,1979-04-25,170.18,,,Orthodox
75d0288e-d135-54eb-bc06-15e6d44a8005,Jason Sharp,,,,,
75db48db-0b36-5b64-b38e-a80dedff32e9,Ernesta Kareckaite,1998-07-05,175.26,180.34,,Orthodox
75df5355-7f85-5320-9691-35ccffcfc9ad,Anton Zafir,1987-05-10,180.34,,,Orthodox
75fc1e6e-a5f5-5a0b-b7e5-f1f1f0a250d4,Mike Brown,1975-09-08,167.64,177.8,,Orthodox
7628f527-2da7-5b54-9bff-c1e615f0e0d6,Miguel Linares,,,,,
76377a74-8b09-5e49-8561-5229df497006,Ronys Torres,1975-08-13,170.18,,,Orthodox
763c9203-ac50-56b1-b5d1-842224a95c9d,Yuji Ephoevi-Ga,1999-10-19,182.88,190.5,,Switch
764d1427-399a-561a-9ab2-336308ee40cb,Ben Alloway,1981-02-19,180.34,193.04,,Orthodox
766341bc-5e29-5eb5-87b2-2f39cea47c7e,Scott Shaffer,,170.18,,,Orthodox
766cc361-0c9e-5e6b-b08c-a5dc80a9ea06,Arisa Matsuda,1994-12-15,160.02,162.56,,Orthodox
767055d7-ed8d-508c-8c4f-473ede9dbcc3,Murtazali Magomedov,1999-08-26,175.26,177.8,,Orthodox
7681b3fd-7e3c-5c14-96e9-ec2909f27833,Montana De La Rosa,1995-02-14,170.18,172.72,,Orthodox
769724ef-64a5-54a1-86a1-685674932879,Nikolay Veretennikov,1989-12-22,185.42,187.96,,Orthodox
76976c67-9e88-5ebe-82a3-a88d4346ad8f,Daniel Schmitt,,,,,
76ae4c92-4202-5b15-94e0-d368294934f1,Kain Royer,,,,,
76b39d0b-bdd7-52ef-b9c6-c95d63645260,Nayara Maia,1990-07-25,165.1,167.64,,Orthodox
76b52b90-2c21-5221-ab17-a260d6f2b239,Toby Misech,1988-03-07,172.72,,,Southpaw
76b60e57-bf77-511c-9bce-1935088fa91b,Benji Radach,1979-04-05,177.8,,,Orthodox
76c00088-ec09-5c65-84ea-efcaf8f7f898,Shohei Nose,1997-10-19,167.64,172.72,,Switch
76c836aa-b7d2-589c-af9f-8127fc305e4c,Anthony Torres,1978-07-31,172.72,,,Orthodox
76c9bd16-d704-5f4a-b1b2-57d8fd5e033b,Joshua Wang-Kim,1992-11-16,175.26,180.34,,Switch
76ca3ebe-93ab-5d5b-9de4-265ece200c26,Rolando Dy,1990-08-11,172.72,175.26,,Orthodox
77018fd7-3248-5ab7-bde5-5360f60aa687,Chan Sung Jung,1987-03-17,170.18,182.88,,Orthodox
7701a6ce-9209-5fc2-a137-7fb076786577,Montse Rendon,1989-03-16,172.72,172.72,,Orthodox
7708f7b3-b834-5985-b342-8eab65323ec9,Goldman Butler,,,,,
774d482a-3e6b-5701-b9c3-54cf8242a605,Sam Hoger,1980-06-28,187.96,,,Orthodox
774db525-9676-5bd6-bcc7-c412f5b15715,Julia Budd,1983-07-04,170.18,170.18,,
774f717b-99a3-5bb4-8ad6-a5ae9a2ad05b,Fabricio Guerreiro,1990-07-24,177.8,,,
77519034-deb4-5bc9-a305-12d416883bac,Douglas Henrique Rodrigues,1999-01-13,,,,
7777d576-29f9-5a67-b877-2064bc34d349,Marnic Mann,1993-03-05,152.4,162.56,,Southpaw
777f87ca-9f86-5843-8814-92724f60f956,Juan Diaz,1998-06-03,,,,
7788c7a0-54c5-528b-9c33-924830baa426,John Maguire,1983-05-19,175.26,175.26,,Southpaw
778f80ba-5e98-5b1e-8045-4cb9cb1577d3,Liz Carmouche,1984-02-19,167.64,167.64,,Orthodox
779c450d-01c2-54c3-a050-94970d15e710,Kazuo Misaki,1976-04-25,172.72,,,Orthodox
779d8c04-553e-5a16-a483-80582cbce7a8,John Garza,2002-10-30,170.18,172.72,,Orthodox
77a05c4a-7ce4-51f5-ae32-9484beff6a4a,Bill Cooper,1984-05-05,,,,
77a56c1d-4722-5f4c-a70c-64de0752e1b7,Christian Edwards,1998-11-05,,,,
77accb56-6d71-5ad1-9a1b-026da58908af,Abubakar Nurmagomedov,1989-11-13,180.34,182.88,,Orthodox
77acf742-0269-5c6a-8520-2569f95f2b58,Treston Vines,1996-06-18,185.42,200.66,,Orthodox
77cb5a3e-586a-51cc-a339-f133f536ec98,Jarno Errens,1994-11-17,180.34,185.42,,Orthodox
77d03eb1-ce84-5136-a418-6c1d47315bdc,Darrill Schoonover,1985-07-18,187.96,,,Orthodox
77d48085-ea57-5661-a53e-a5c3d78e0d2c,Jonathan Goulet,1979-07-13,182.88,185.42,,Orthodox
77d90e80-e0c0-5e6e-801e-8ebb1b1b5a81,Tom Egan,,180.34,,,Orthodox
77ee1873-5141-57cb-add6-e9d30550afb0,Mahamed Aly,1994-01-11,187.96,198.12,,Orthodox
77f24142-b5fd-51ac-85a7-38f246b92b5f,Jose Palacios,,175.26,,,Orthodox
78074f19-26c7-543b-9fd7-d0bdcaca4756,Joao Roque,1971-07-22,167.64,,,Orthodox
78119255-06e9-5d35-a98b-30fdce244529,Sirwan Kakai,1989-10-03,165.1,,,Orthodox
781fb778-8318-51d5-8f05-da7d480feb19,Daria Zhelezniakova,1996-01-23,175.26,172.72,,Orthodox
7829abff-9664-5ee9-a7d3-5355b64df177,Sean Strickland,1991-02-27,185.42,193.04,,Orthodox
7834c46a-5281-5d4d-83ee-9fe742b82adc,Kevin Syler,1993-07-29,175.26,180.34,,Switch
786d227a-d810-5544-806f-c81978d7c187,Elias Garcia,1992-09-13,165.1,170.18,,Southpaw
786ff2f4-8ff4-5129-8a4a-d144d8e305a7,Hiroyuki Abe,,167.64,,,Orthodox
78795b01-2188-566d-a045-73cf403d3921,Oluwale Bamgbose,1987-08-04,180.34,198.12,,Switch
7887a97c-4d60-5114-93cf-fb0fce547542,Marcus Bossett,,185.42,,,Orthodox
788b11a9-97a2-582b-a5a1-fc69d2979c95,Mariusz Ksiazkiewicz,1989-10-04,190.5,190.5,,Southpaw
7894465f-f4ac-5cad-bb5b-4ac16df8607c,Bec Rawlings,1989-02-11,167.64,162.56,,Orthodox
78984e93-c40c-5adf-a268-8620fa0bfdd6,Hailai Wushamo,2000-09-03,,,,
78ac4a95-affd-5dc1-b464-852b818d1dcc,Kyle Noblitt,1989-12-26,187.96,,,
78b01c7f-ff57-5470-8f92-8cf063b10c61,Mark Eddiva,1986-02-16,172.72,172.72,,Orthodox
78b500bb-bbc3-5611-99ef-cbe0d09dddeb,Julian Marquez,1990-05-08,187.96,182.88,,Orthodox
78bd2730-ded6-5d17-a9f1-b74c6047d421,Wes Combs,1973-06-18,187.96,,,Orthodox
78d2c658-46e5-56db-a8de-e857bfd1ebb4,Mike Santiago,1989-07-28,177.8,175.26,,Orthodox
78d70c38-79cf-5a93-878f-bc312dfac0bd,Nick Catone,1981-09-01,182.88,182.88,,Southpaw
78db8e31-73cd-5eac-928a-10144bf6b8e3,Rodney Wallace,1981-11-21,175.26,182.88,,Switch
78de13c4-3a24-560f-a8af-6ef43c41c423,Geza Kalman,,185.42,,,
79054f3e-1775-560a-91b8-fbfe341d62db,Angad Bisht,1995-06-05,170.18,170.18,,Orthodox
7923e735-5b6a-5a93-a600-e25034a81d3f,Jennifer Maia,1988-10-06,162.56,162.56,,Orthodox
79298f00-87dd-5728-b6a1-03aa3cf2877a,Michael McDonald,1965-02-06,180.34,,,Orthodox
792fb0f4-9d77-5ab3-bda1-54ecab7bb15b,Aoriqileng,1993-06-25,170.18,175.26,,Orthodox
79340847-ac59-5802-8994-dfef00329e06,Donavon Frelow,1985-01-20,170.18,,,Orthodox
79382bad-6ac3-5b22-959d-df08d42d3b83,Luis Hernandez,1996-08-22,,,,
793a28fb-ba60-58e5-8723-d2d8a2974d6c,Jeff Hughes,1988-05-17,187.96,195.58,,Orthodox
793b1842-6830-5354-9c5c-19a178aa9417,Turrell Galloway,,160.02,,,
79682f3f-dada-5cb3-a24b-d1d7ba493f05,Mateus Mendonca,1999-01-17,167.64,180.34,,Orthodox
798d6a64-ab3a-5770-89c3-2f89bb63aadf,David Blanco,,170.18,,,
79920c6c-08c6-5746-8dd1-f59877d7937b,Yukiya Naito,,185.42,,,Orthodox
79954443-bc0c-5e8e-b56c-5975b07e531b,Aaron Tau,1993-08-21,162.56,167.64,,Switch
799a1e79-77c8-52b5-b425-7d20c9c77cf5,Mike Hayes,,193.04,,,Orthodox
79b01988-1e8a-5be3-8600-6e39130a4d52,Reza Nasri,,180.34,,,Orthodox
79b922f8-ea3d-59dd-b3b7-c1f1edac603d,Mike Davis,1992-10-07,182.88,182.88,,Orthodox
79c4c665-95ae-5418-952e-e3cd879dda88,Rubens Xavier,,190.5,,,Orthodox
7a4954a6-3894-5a17-8883-b48e9fdb0ccd,Abongo Humphrey,,180.34,,,Orthodox
7a554695-d5aa-557b-b5be-238847e0629f,Liu Ce,1996-09-04,,,,
7a80920e-90f4-55eb-bc87-845871321959,King Green,1986-09-09,177.8,180.34,,Orthodox
7a8373bc-0fc0-5f94-b7f5-ed38629a4711,Issa Isakov,1989-10-22,175.26,177.8,,Orthodox
7a83dde3-e066-5d28-b561-190b2177d96e,Melton Bowen,1969-07-16,182.88,,,Orthodox
7a88223b-f2ed-5af1-ae9d-eafa3e46a546,Billy Elekana,1995-05-28,190.5,195.58,,Southpaw
7a958538-c8c2-5a3a-bdea-bf563692f319,Kimo Leopoldo,1968-01-05,190.5,,,Orthodox
7a9b9353-731a-5869-bf3f-04bb68a95cc7,Yazmin Jauregui,1999-02-28,160.02,162.56,,Orthodox
7a9bd52f-a6bb-5dd1-b2a4-3af357557831,Yosdenis Cedeno,1985-02-12,172.72,175.26,,Orthodox
7abd64dc-6dcc-5261-a313-c38ab58a8186,Bruno Carvalho,1982-06-07,172.72,,,
7abdbf97-2335-5ddd-a7fe-2920ee21ed8b,Merab Dvalishvili,1991-01-10,167.64,172.72,,Orthodox
7ae616e3-d2db-5a2b-8dac-8d5f4b8302dd,Ashiek Ajim,1994-06-19,172.72,180.34,,Switch
7b07777b-9f69-57e9-aba0-358d0726b82e,Takanori Gomi,1978-09-22,170.18,177.8,,Southpaw
7b0fb2e5-8f42-5bf4-9462-dbcbbe3b268c,Brandon Shuey,1976-02-01,170.18,,,Orthodox
7b22faed-b711-5e59-b0c1-345b88a3fc5b,Ion Cutelaba,1993-12-14,185.42,190.5,,Southpaw
7b2986cb-788d-5183-b0f5-a7b6138db395,Junior Assuncao,1981-06-24,175.26,182.88,,Orthodox
7b34b1fe-ba11-5de1-9f40-7c8e87c251d4,Alex Ricci,1982-07-21,180.34,,,Orthodox
7b4dad41-4051-5a6f-b96d-573246fdbdcb,Cortney Casey,1987-05-05,170.18,170.18,,Orthodox
7b52b423-1fbd-5bd8-bccf-8b8971264a94,Saidyokub Kakhramonov,1995-11-14,172.72,175.26,,Orthodox
7b84512f-b5e7-5d0d-874a-f011c938689a,Erisson Ferreira,1991-05-03,167.64,177.8,,Orthodox
7b8dc505-38db-5e15-baee-57c1990be694,Maciej Jewtuszko,1981-01-31,182.88,,,Southpaw
7bb49da9-ff92-5941-b04a-e8180c5d038c,Dwayne Cason,,177.8,,,Orthodox
7bb74073-9dda-59b0-bd4e-05fc8686582d,Cory Peterson,,210.82,,,Orthodox
7bba4440-db1a-5be2-af98-213e4a87d46e,Mike Grundy,1987-01-03,170.18,182.88,,Orthodox
7bca166e-b7c1-5f58-8921-8c13629104a1,Roshan Mainam,,,,,
7be5be91-cf0b-56cd-9748-c6bcb54ca0e9,Mark Hominick,1982-07-22,172.72,172.72,,Orthodox
7c0af77e-90ec-5fb6-848d-6a9d8d004353,Melissa Martinez,1997-08-18,157.48,167.64,,Southpaw
7c321ace-1fc5-58e7-b30e-51bf571a88c4,Ericka Almeida,1989-03-05,167.64,,,Orthodox
7c415632-f7e9-5774-9c88-23efb10505e1,Ray Borg,1993-08-04,162.56,160.02,,Orthodox
7c47f7f6-0336-5402-ac72-9bdb631f96bc,Onassis Parungao,,180.34,,,
7c659be4-a0f8-5335-b4c7-eff421a5c381,Julia Polastri,1998-03-05,157.48,160.02,,Orthodox
7c73081f-e630-5813-aefe-678f272817bf,Aurelijus Kerpe,,,,,Orthodox
7c7a7d08-0df9-5e24-85c0-2e37adc8d3a2,Carina Damm,,162.56,,,
7c85deda-233f-54d2-afcb-386b563a3e98,Gilbert Smith,1981-10-19,175.26,,,Southpaw
7c8ce2da-5c73-5ce0-a4d3-84aa68127e5b,Jackson McVey,1999-03-25,193.04,195.58,,Southpaw
7c98da59-5729-5216-9586-f7e54099aa83,Christopher Lopez,1986-01-30,177.8,,,
7ca95bc3-338f-5a9b-b257-723cdec5e58b,Tatsuro Taira,2000-01-27,170.18,177.8,,Orthodox
7cb73f8b-c23d-5d87-a817-f8c27b6f25c5,Sean Woodson,1992-06-07,187.96,198.12,,Orthodox
7cbbc166-8edd-503a-8ab4-2d55ecf2ad40,John Howard,1983-03-01,170.18,182.88,,Orthodox
7cfa6eae-d29d-5cb6-bceb-1217e2f0bf5c,Ednaldo Oliveira,1984-02-19,195.58,,,Orthodox
7d22c446-e48c-53d7-afa4-d0d45f1d2267,Jin Oh Kim,,175.26,,,Orthodox
7d347d9b-00d4-54b8-b04a-53b8f4e9aa92,Robert Whittaker,1990-12-20,182.88,185.42,,Orthodox
7d410a9f-5afb-5314-906c-acd5435bf460,Roger Huerta,1983-05-20,175.26,177.8,,Orthodox
7d436d2b-868f-5b24-9893-a1b04395d6bf,Hu Yaozong,1995-04-07,190.5,182.88,,Orthodox
7d4925ef-8c9a-5eec-88f5-664cfb49b5f2,Teila Tuli,1969-06-14,182.88,,,Orthodox
7d655b7d-0953-5462-8759-1e41e8223c3c,Danny Mitchell,1986-08-08,187.96,,,Orthodox
7d712be1-352c-56fa-a0f3-145c7f3e37ef,Brendan Schaub,1983-03-18,193.04,198.12,,Orthodox
7d850eaa-75e7-50b3-a2f6-b691bd999906,Filip Pejic,1992-07-21,172.72,,,Orthodox
7d8ba378-5c2b-54fc-8d0c-a4d25e47b5f4,Jon Fitch,1978-02-24,182.88,187.96,,Orthodox
7d8d0c91-dea3-54f6-b413-9c8ca57f54c0,Chris Curtis,1987-07-15,177.8,190.5,,Orthodox
7d968c7a-ca6b-51d8-b763-9270c5fd72e7,Ariane da Silva,1994-01-26,167.64,170.18,,Orthodox
7db369f9-4914-5714-9334-87ea392dd645,Nick Gibbons,,177.8,,,
7dc941b3-3e94-5ffd-bdc3-161cbbabcc60,Jeff Cox,1968-08-02,177.8,,,Orthodox
7dcc43cf-e369-5231-bb44-b64b99e89844,Nick Osipczak,1984-12-30,187.96,193.04,,Orthodox
7dccfe2a-00f0-5b8e-ac83-d9168c6d6105,Cortavious Romious,1994-01-06,162.56,172.72,,Southpaw
7dce5426-681f-54d0-8049-c922afd63ef1,Dieusel Berto,,175.26,,,
7de1f166-e647-5974-8945-632ecd7b9629,Aleksander Emelianenko,1981-08-02,198.12,,,Orthodox
7de93ba1-c706-5b52-a11d-ebc47b91bc4a,Carli Judice,1999-03-02,170.18,172.72,,Southpaw
7dfb15c7-b731-5830-abed-4fb84a030bac,Hugo Govea,,,,,
7e4a238b-e915-5eea-8e26-11420f03a3ed,Clifford Starks,1981-04-25,182.88,198.12,,Orthodox
7e6241ba-b569-50cd-9661-74318cdd58b6,Daniel Spitz,1990-07-31,200.66,208.28,,Orthodox
7e88894f-78d8-5b5c-8c5e-259acebfee70,Leonardo Silva de Oliveira,1992-04-23,187.96,,,Orthodox
7e9989f4-2279-5c89-8770-94b24e934225,Israel Albuquerque,,,,,Orthodox
7eb0eeb3-6d2f-56a4-aa21-2cb6de75e2bd,John Kolosci,1974-11-26,180.34,,,Orthodox
7eb53bb8-4c94-553f-98b9-b75acae83d3b,Rashad Coulter,1981-11-27,180.34,193.04,,Orthodox
7eb56502-e902-5a68-b6bc-ffa30bf43da0,Steve Vigneault,1978-02-14,177.8,,,Orthodox
7ed31bc2-069b-554d-9531-496df2cf5992,Pro Escobedo,,,,,
7efaf20c-8055-550a-95da-52a28b57af30,Aliev Makhmud,1970-02-13,167.64,,,Southpaw
7f1d1a32-c4c4-5649-b203-0de893e5fdbb,Fabia Sintes,1994-07-27,,,,
7f3afaad-7c4d-5482-9a14-765028cefb6b,Fred Ettish,,182.88,,,Southpaw
7f4e4678-5649-5c49-b050-f9dc52e630c4,Anderson Dos Santos,1985-07-24,165.1,177.8,,Orthodox
7f610b6b-2198-5c43-b6cd-5ff9c6f7410c,Tony Sims,1985-10-14,180.34,177.8,,Southpaw
7f69ddd6-45fe-5b42-8dae-4dd17bab1dcf,Cindy Dandois,1984-10-26,170.18,,,Orthodox
7f6b414d-20b6-52c2-b389-9724e8376644,Dennis Siver,1979-01-13,167.64,177.8,,Orthodox
7f7a1bc5-8bbc-5f2c-b5b0-aa7e39dcaa53,Manny Vazquez,1993-11-19,177.8,182.88,,Orthodox
7f889c42-3bc5-5c5e-bee1-d8daebd7c8b3,Chris Padilla,1995-09-14,175.26,187.96,,Orthodox
7f8f1b6f-9677-5e45-8120-144be392ca3a,Antonio McKee,1970-03-12,172.72,,,Southpaw
7f997a04-a69f-5ba1-80de-7e11db151fc3,Julieta Martinez,2004-09-14,154.94,157.48,,Orthodox
7faa03d8-d0b6-527b-b8c5-cb61bb88ee14,Tommy Hayden,1986-03-11,175.26,,,Southpaw
7fb2cd81-440e-5b47-9c89-477d5ea94f7f,Allan Nascimento,1991-09-11,172.72,175.26,,Orthodox
7fb99431-8f1a-56b2-8f36-002ae9fba157,Rob Sinclair,1980-02-20,172.72,,,
7fd3a7bd-ebdb-5498-a78b-bdb838c3bf46,Josiah Harrell,1998-11-13,170.18,172.72,,Southpaw
7fe2ccf0-f4af-58dc-8f52-c307f52a4dba,Nate Mohr,1983-03-03,175.26,182.88,,Orthodox
7fe7474b-7a68-5e42-9ec0-68a7a01d7134,Antonio Carvalho,1979-05-30,175.26,177.8,,Orthodox
7ff0457f-087b-5419-b01e-4910214bdde3,Tyson Pedro,1991-09-17,190.5,200.66,,Orthodox
7ffb327d-384c-50ae-bd67-c3f894f0acf3,Bentley Syler,1982-12-22,162.56,,,Orthodox
801ec436-a7d6-5d0f-bb97-f292dbada78d,Jeremy Stephens,1986-05-25,175.26,180.34,,Orthodox
8024c9c3-7d25-5056-b9f0-82627e046c1f,Youssef Zalal,1996-09-04,177.8,182.88,,Switch
802594f5-6f06-5f68-9717-4df2c15da2ec,Paddy McCorry,1997-12-09,190.5,185.42,,Switch
802654b1-7dcb-57f8-92ef-acaaf083cfd5,Kamal Shalorus,1972-08-27,172.72,172.72,,Orthodox
803a4534-94f0-5100-ab41-94b6e0be6088,Won Jin Eoh,,170.18,,,Orthodox
803d70fd-eb4f-5bff-94b9-8bff99d77cac,Jake O'Brien,1984-09-25,190.5,193.04,,Orthodox
803f3d81-a4fc-51f6-94e0-8a61e152dbcd,Amanda Ribas,1993-08-26,162.56,167.64,,Orthodox
80515f8c-e606-5e31-a725-7f9542958bf8,Conor McGregor,1988-07-14,175.26,187.96,,Southpaw
80599b0b-23d9-51c6-aae5-10278a424c89,Gennaro Strangis,,,,,
80813e76-8787-5c70-87fa-55f2c1014cac,Tommy Cuozzi Jr.,1999-08-31,175.26,180.34,,Orthodox
808d4692-135e-535a-a8d2-42b453bd76b2,Julija Stoliarenko,1993-04-08,170.18,167.64,,Orthodox
8090517f-be4e-5103-bcc0-ffbddd51a890,Lukasz Sajewski,1990-11-27,172.72,180.34,,Orthodox
8094a932-1f5f-50e2-89a9-3412735bbdfa,Dustin Joynson,1985-10-14,198.12,198.12,,Orthodox
809edb53-89df-5e1e-9001-e2cc542d2be2,Omari Akhmedov,1987-10-12,182.88,185.42,,Orthodox
80c7b5ef-d3a6-5a38-9e75-1af0ece13032,Victor Jones,,,,,
80ce3f3f-2df9-5470-9240-4131abe85f4e,Lucas Camacho,1992-12-15,193.04,203.2,,Orthodox
80d0d43e-bb99-50bc-93f7-364b6519c2e7,Fares Ziam,1997-03-21,185.42,190.5,,Orthodox
80d24586-7eae-5131-8c8e-4a4853a39020,Jonathan Micallef,1999-03-05,182.88,195.58,,Southpaw
80e97e3a-c839-5402-b9de-78648b85db44,Raoni Barcelos,1987-05-01,170.18,170.18,,Orthodox
80eb799b-f0d5-5dfa-95f9-02bf881431b0,Nad Narimani,1987-04-14,172.72,177.8,,Orthodox
80f22aa4-4237-5cf9-ba8e-e0f0fbb28568,Rustam Khabilov,1986-11-04,172.72,185.42,,Orthodox
80f69ede-9dff-5628-9e7a-930aa9331544,Mackens Semerzier,1980-11-03,175.26,182.88,,Orthodox
8103224c-f149-501f-b770-ca450ee08e14,Luis Ramos,1981-01-18,172.72,,,Orthodox
810c9e74-b5b5-50ea-8163-a8c013d9d399,RJ Clifford,,,,,
812bc54d-0c44-514d-927a-50e40cee903f,Abel Trujillo,1983-09-18,172.72,177.8,,Orthodox
815724e0-eb4f-50d5-a7aa-a0406d2c206b,Jaqueline Amorim,1995-06-24,160.02,172.72,,Orthodox
816ada65-1041-5e8a-97d5-b8df03718343,Ryan Loder,1991-06-05,187.96,193.04,,Southpaw
81810155-94ae-5d47-b728-5c681eb0e5ce,Oban Elliott,1997-12-19,182.88,182.88,,Orthodox
8182f1fb-3464-559d-9943-f58847c93333,Leo Sylvest,1973-09-03,180.34,,,Orthodox
8184ee50-39b9-5448-8ee0-53cced0027ff,Ramsey Nijem,1988-04-01,180.34,190.5,,Orthodox
81996d83-26ea-5cdb-8ca2-99578425df49,Brunno Ferreira,1992-11-04,177.8,182.88,,Orthodox
819e5f9a-b90d-5ebc-adfe-c71c2d9bc518,Jarrod Kwitty,,172.72,,,
81a89bb3-e407-5258-8272-5771be1e4de4,Marcos Vinicius,1979-12-05,175.26,,,Orthodox
81c7b168-9f9c-5ca2-8f29-93dd0f3fa05f,Francisco France,1983-01-21,182.88,,,
81d30b68-9ea5-51eb-83e8-7397449a89e0,Taylor Roberts,,180.34,,,
81d95f12-2498-5ed3-ba9d-21efc4228beb,Steve Hadsel,,172.72,,,
81e2d668-177c-5736-8978-3245a0912cc2,Kazuhiro Nakamura,1979-07-16,180.34,177.8,,Orthodox
81ea53d4-2727-5b3f-91bd-1c63570b573c,Antonio Schembri,1974-06-01,175.26,,,Orthodox
81eef7cd-063a-5f63-a320-4f09298507ca,Tetsuya Seki,1994-02-08,177.8,,,
82231841-537a-5a9a-b7d8-1404c5681a0d,Loma Lookboonmee,1996-01-18,154.94,154.94,,Orthodox
822771b2-61f7-54ca-8efa-aacd9ad8c518,Kevin Aguilar,1988-09-07,170.18,185.42,,Orthodox
8241688e-ca6a-5916-8cbd-ce1038cdfdcf,Zviad Lazishvili,1991-10-25,167.64,175.26,,Orthodox
8266e8c9-c3d7-5fdc-b50b-8139d5a80597,Naho Sugiyuma,1978-02-03,154.94,,,
826c00f9-6b8b-583a-9abd-500aa7e4a92e,Gabriella Fernandes,1993-08-13,167.64,167.64,,Southpaw
82764b5e-f44f-5fc7-9e3b-bc83db17222c,SeungWoo Choi,1992-11-03,182.88,187.96,,Orthodox
8280c410-0a45-504d-92dc-90b21eee1316,Drew McFedries,1978-07-27,182.88,182.88,,Southpaw
8286479c-6806-5969-a6c5-fd815aa31092,Marcelo Mello,,170.18,,,Southpaw
828dee9a-27d7-5798-8cdd-fa0de7ad6606,Wagner da Conceicao Martins,1978-05-19,200.66,,,Orthodox
8293314e-7a72-54bb-8705-45971597d55d,Rafa Garcia,1994-08-05,170.18,177.8,,Orthodox
82b0ef5e-c235-5182-9237-afbd3984fbf7,Sulangrangbo,2005-07-17,175.26,167.64,,Southpaw
82b50a35-9f26-5aca-a6de-9dc4ed841dfd,Kwon Wonil,1995-06-24,,,,
82b77eb9-8383-5028-ba0b-70fee7e23e10,Royce Alger,,177.8,,,Orthodox
82b7dcc6-94ce-544f-886a-2011f4fd90fb,Justin Wilcox,1979-03-12,167.64,,,Orthodox
82ce1a72-347a-54d0-be77-34b9f713982d,Aleksandre Topuria,1996-01-28,170.18,172.72,,Orthodox
82dbc708-4126-5013-9391-ce6f4997b8da,Chris Leben,1980-07-21,180.34,185.42,,Southpaw
82e1e23b-ed89-5508-805a-e71940dd8826,Takeshi Yamazaki,,172.72,,,Southpaw
82faf116-9c6b-5342-aa61-ba4987704bde,Blair Tugman,,182.88,,,
82fcf36e-8e58-5ce4-b5e6-76d651e256a4,Hyun Gyu Lim,1985-01-16,190.5,195.58,,Orthodox
8301aaef-63dc-5793-8816-a14dbaf9070a,Yoshiaki Yatsu,1956-07-19,185.42,,,Orthodox
83216417-88aa-57af-a4dd-3ad46c76014b,Rick Roufus,,182.88,,,Southpaw
832d24bf-2642-54b4-9675-0c52f58ac929,Chris Fishgold,1992-06-06,172.72,172.72,,Orthodox
833696a0-94c8-5927-9f7e-6d7ed10185da,Jason Gonzalez,1990-02-28,187.96,187.96,,Southpaw
833c446f-a2d5-5847-abff-52f728f8b23d,Young Sam Jung,1985-10-27,172.72,,,Orthodox
834b6d62-9879-5539-9c8f-07163f311506,Mitch Whitesel,1981-07-12,175.26,,,
834c3545-c339-51ee-8469-d9487a96190b,Todd Brown,1976-12-13,180.34,,,Orthodox
8350dc86-a236-52bf-b65f-634b845137b5,Don Frye,1965-11-23,185.42,,,Orthodox
836ff6f0-7562-5345-bd30-f23fa1deee0a,Jason Fairn,,185.42,,,
83749199-d6e9-5e66-8130-92ef3917bc5e,Jovan Leka,2002-03-15,,,,
838dedc7-6454-59e0-a764-6ac539c34d6c,Matheus Nicolau,1993-01-06,167.64,167.64,,Orthodox
838e0b9d-c603-5681-8abd-72369d9fb9ab,Kailin Curran,1991-04-11,162.56,165.1,,Orthodox
839c9520-1da5-58b1-91e6-63f75eab249d,Frankie Edgar,1981-10-16,167.64,172.72,,Orthodox
83efa7bb-25c9-5031-bb37-2b5474e6d495,Chelsea Hackett,1998-08-16,162.56,167.64,,Switch
83f7cde3-00bc-54f5-9e36-14467911b07f,Dustin Jacoby,1988-04-04,190.5,193.04,,Orthodox
83fb1072-3fc8-5927-8b61-f9e223fcf9f4,Alex Pereira,1987-07-07,193.04,200.66,,Orthodox
8400262c-3083-57a0-beea-106c88f6f217,Rachael Ostovich,1991-02-25,160.02,157.48,,Orthodox
8405db8f-ec3b-52d5-b652-9a8c61ce9b19,Gary Tapusoa,,170.18,,,
840d55ad-87c6-52e0-9848-3cd553131c5e,Tomomi Iwama,,160.02,,,Orthodox
84218a36-efbe-5457-b721-c4e081b895c3,Kuya Ito,1996-10-07,165.1,167.64,,Orthodox
842c00ce-c7a9-5249-afff-a1b0fd959a1b,Cheyden Leialoha,1994-03-15,172.72,185.42,,Orthodox
843b0446-624e-5a71-92ab-c77e3b390c0e,Gigi Canuto,2002-11-16,,,,Orthodox
843df238-cd34-518a-972e-e2a0e55fb6e2,Courtney Buck,1982-03-19,177.8,,,Orthodox
844f1e1b-6cdf-5e15-9b78-104ec396b293,Steve Cantwell,1986-12-08,187.96,190.5,,Orthodox
8451fa3b-6586-582a-9bfa-9806c1f25252,Daniel Swain,1991-01-30,175.26,177.8,,Orthodox
845617f8-ed48-5a76-8876-5025649483b0,Marcus Silveira,,190.5,,,Orthodox
84656830-76d7-5094-b19b-5da861053885,Patrick Williams,1981-09-07,172.72,185.42,,Orthodox
84776db5-1e78-5fe2-966b-b08bfe930506,Frank Hamaker,,,,,
84899891-07b6-5973-9d14-d975202949bf,Jonny Carson,,177.8,,,
84984596-1c51-5b05-abd6-fdd2478a6205,Nyamjargal Tumendemberel,1998-03-22,170.18,180.34,,Orthodox
84a33e0e-492f-5da5-b5c3-c5fb23ac0347,Levan Makashvili,1989-01-07,172.72,172.72,,Orthodox
84dc2da3-6722-5988-bdf3-c10c3a72bdf8,Gilbert Rael,,172.72,,,
84df4fa5-dccd-54ca-a21a-380a55657a37,Martin Svensson,1985-04-25,185.42,,,
84eb274d-8bce-529f-8b98-eb70dfecb196,Sam Patterson,1996-04-30,190.5,198.12,,Orthodox
84eb873a-1e0f-51b2-86c6-390942609ede,Sijara Eubanks,1985-04-27,162.56,170.18,,Orthodox
84ffa75c-5d10-5b10-a238-082c321de5de,Yves Jabouin,1979-05-30,170.18,172.72,,Orthodox
85086b81-79b8-566a-ae3c-d5667ed3c195,Mariya Agapova,1997-04-07,167.64,172.72,,Southpaw
850aec4b-4b2b-5250-96f8-05fcdc72d4fa,Jerry Bohlander,1974-02-12,180.34,,,Orthodox
850b1a83-ae20-5547-a980-80f31b748906,Ryan Larson,1980-12-30,,,,
8523ef3d-5f88-56df-b40d-7e4c24401b52,Andrew Holbrook,1986-02-06,180.34,177.8,,Southpaw
85240255-e5ac-5a0b-b2bf-3fea929eeee6,Marcos Rogerio de Lima,1985-06-25,185.42,190.5,,Orthodox
85364f2f-e431-5249-8c7d-891e823ac0c3,Taiyilake Nueraji,2001-01-12,187.96,190.5,,Southpaw
853c1cab-032a-5a91-aa4c-51baa4c86ad9,Hector Aldana,1988-08-17,180.34,182.88,,Orthodox
855f2686-7321-5f8e-8856-c44d4125fcb3,Patrick Murphy,,182.88,,,
856385a4-ad35-5630-9436-5f47c7fd26e6,Krzysztof Soszynski,1977-08-02,185.42,195.58,,Open Stance
856735f0-7d4d-5c06-a6a9-777d8c8d9210,William Macario,1991-07-01,180.34,190.5,,Orthodox
8579ecdd-24f9-5fea-8789-c3e6baf9791a,Erik Apple,1977-08-26,182.88,,,Orthodox
8584647e-2c51-53b0-b482-19803dfa964f,Vanessa Demopoulos,1988-09-22,157.48,149.86,,Orthodox
85846564-d539-547a-bc0e-c3947b40f07b,Roman Kopylov,1991-05-04,182.88,190.5,,Southpaw
859394d1-f340-51fb-b6f4-ff5e6247528e,Lodune Sincaid,1973-05-07,175.26,,,Orthodox
85998920-6599-578c-aa67-0456dc80e744,Jeremiah Labiano,,177.8,,,
859ceeeb-898e-5dc3-bb94-aa9a4597ef95,Paulo Costa,1991-04-21,185.42,182.88,,Orthodox
85a07fa5-561f-5a48-9bd0-672cb593ed27,Adin Duenas,1988-07-02,167.64,,,
85acef49-cd89-5c9b-a591-587900ce2cf6,Ivan Jorge,1980-11-07,175.26,185.42,,Orthodox
85b15fca-a0ec-5b03-b6a5-4b4e8126516b,Mychal Clark,,190.5,,,Orthodox
85c46c0a-a8d1-59de-b5df-5317ddac15b5,Alessio Sakara,1981-09-02,182.88,182.88,,Orthodox
85dd3e15-ac3c-5b0e-abcc-34700dfd7589,Tarec Saffiedine,1986-09-06,177.8,177.8,,Switch
85e57032-af26-5122-899f-7d65bb9a4898,Andre Ewell,1988-01-21,172.72,190.5,,Southpaw
85ef675b-4f0a-5d4d-9bd2-ce2632e16d26,Tai Tuivasa,1993-03-16,187.96,190.5,,Southpaw
860384f2-c1d1-5468-8488-61aa45b394da,Joe Benoit,1982-03-12,175.26,,,Orthodox
86039db0-f8c5-57c7-8220-1904363c87bf,Tim Catalfo,,180.34,,,Orthodox
860d29c8-e854-5f4c-bbe4-b497aa43c9c1,Mario Miranda,1979-07-12,190.5,187.96,,Orthodox
862b5fbb-f26a-57f7-8364-4b309e775b85,Christian Aguilera,1991-11-25,175.26,182.88,,Switch
862fc041-1c72-59ae-8d63-e31b7699151a,Adam Darby,1998-11-13,,,,
86671663-3505-5f01-aaa9-68e8bdde5e74,Daniel Acacio,1977-12-27,172.72,,,Orthodox
868bafb8-049c-5bb8-aa50-a2cb00668178,Tim Williams,1986-07-03,187.96,193.04,,Orthodox
868dfb5c-b3d6-550e-9c60-43c55e3cb5b6,Christian Lohsen,1995-01-24,187.96,195.58,,Southpaw
86941f7f-f73b-5acb-a50e-545f93c37608,Dan Manasoiu,,,,,
869f39ff-900c-5cbb-81e6-571988797d80,Alexander Hernandez,1992-10-01,175.26,182.88,,Orthodox
86a3e354-d3ef-5809-84aa-2cd1d49f1872,James Te Huna,1981-09-29,187.96,190.5,,Orthodox
86a4a20b-6ac4-54fe-b330-b70123ee1a27,Gilbert Jimenez,,,,,
86a8edad-457f-59a2-9df3-c1b2fc97eef2,Liliya Shakirova,1991-10-24,162.56,165.1,,Orthodox
86b6d4af-3315-53d7-82d2-05cb835832ee,Baergeng Jieleyisi,1995-11-24,175.26,180.34,,Orthodox
86c2059a-69b3-5223-95a0-c6d6e96d3878,Cristiane Justino,1985-07-09,172.72,172.72,,Orthodox
86cac0d5-92d4-5e98-ae53-55cb24edee72,Jon Murphy,1977-08-09,190.5,,,Orthodox
86d0548b-1923-5a0f-b68b-18ee69a6845b,Rodrigo Ruas,1977-10-06,177.8,,,Orthodox
86ea09c6-2c28-563c-9411-df0efe63a025,Jeremy Wallace,,175.26,,,
86ee0bce-6c46-5f42-8463-cd7457136998,Jesus Aguilar,1996-03-13,162.56,157.48,,Orthodox
8710fa94-17c7-52db-99dc-c01620cb6815,Joe Ellenberger,1985-03-28,175.26,182.88,,Orthodox
87243421-697c-57db-bf02-cc8086ca10ad,Scott Baker,,182.88,,,
875db9fc-0265-5c68-997c-7a4832c987b0,Ryan Hayes,,,,,
876279b9-045c-5eff-9203-6a15f82f1bc1,Michelle Waterson-Gomez,1986-01-06,160.02,157.48,,Orthodox
8781b93b-645c-5ca8-a86b-59671a699970,Karl Amoussou,1985-11-21,180.34,,,Orthodox
878596ca-7d46-5c81-8e1e-da16caaf8915,Hans Nijman,1959-10-23,182.88,,,Switch
8785edde-2fb6-5388-8c26-f9f3cad2f7f2,Goiti Yamauchi,1993-01-05,177.8,,,
878ed113-a441-5d42-ab26-ba4275411d52,Edilberto de Oliveira,1982-11-22,182.88,,,Orthodox
8795a6b6-6394-5e13-81a4-d40defe3bf3c,Tiffany Masters,1994-07-31,160.02,165.1,,Orthodox
8796ef0d-c6bb-525b-bbba-3a8c7bb1e442,Ricky Calatayud,1982-10-10,175.26,,,
879d99a1-254f-5dd8-a4d7-50a4e0c64594,Jack Congdon,1997-05-21,187.96,190.5,,Switch
87a9266d-84d3-56d6-abb5-08c2f1112f27,Josh Emmett,1985-03-04,167.64,177.8,,Orthodox
87ab6177-3db0-5fc7-bfee-92b746c1fa8c,Emrah Sonmez,1992-06-26,177.8,180.34,,Orthodox
87adf767-f214-50f1-89a8-df4accf47929,Derrick Burnsed,,,,,
87ba9b4a-8cb2-5bf8-bc3f-e26b7bc1a620,Luan Lacerda,1993-01-07,170.18,180.34,,Orthodox
87ccc7a0-3145-572f-a63a-5b774c466c5a,Jeri Sitzes,,165.1,,,
87ce207f-7a57-58fb-b23c-b96122ef517d,Mridul Saikia,1997-05-09,170.18,172.72,,Orthodox
87e07e6e-138b-5135-915f-46cebddbf18a,Holly Holm,1981-10-17,172.72,175.26,,Southpaw
87f46325-0e2c-523d-86d8-f30b38828c5a,Wataru Sakata,1973-03-11,175.26,,,Southpaw
881a35f2-75b5-5638-8d72-6b7766b22673,Jamie Houston,,,,,
88226e83-74d1-580a-9cc7-95d82fd96752,Roque Martinez,1986-03-04,177.8,182.88,,Orthodox
88293dd2-8d06-5c0e-9f8c-5388f3433c4a,Brad Royster,,,,,
8835710d-4a43-5ec0-95b2-9cc9ccab5794,Chungreng Koren,1998-02-01,,,,
8846fb8b-2167-5314-bdf3-1a1f7cd82ef3,Hidehiko Hasegawa,1978-07-13,175.26,,,
884b2d1f-f969-508c-9a62-9c72c8547aaa,Kerry Vera,,170.18,,,Orthodox
889276d8-94a9-56a2-866f-626b8c5c8844,Livinha Souza,1991-03-11,160.02,160.02,,Orthodox
889ae124-65eb-5022-b8ae-00f3092b86a4,John Adajar,1991-06-22,175.26,190.5,,Orthodox
889fe102-8cb2-5d62-b4de-2d1569d4a5a4,Ronnie Lawrence,1992-06-13,172.72,172.72,,Switch
88b387b9-ef69-5e43-a74a-181330f60100,Yusuke Kasuya,1989-11-16,170.18,,,Southpaw
88c58965-8d32-507b-8da5-a9b9df7ccbeb,Mark Hall,,182.88,,,Orthodox
88d545b5-7d46-51f8-9196-f7432804fec8,Nick Thompson,1981-06-23,185.42,187.96,,Orthodox
88f1027c-b18f-5987-9057-8c556d9aa344,Timur Valiev,1990-01-19,167.64,170.18,,Orthodox
88f4e72c-0374-5791-860a-2cc2579a164f,Cole Miller,1984-04-26,185.42,185.42,,Orthodox
88f66098-1211-581b-a95b-25fa2eb650ff,Denis Sobolev,,190.5,,,Orthodox
88f74a7a-b004-50d2-b381-717807e63de4,Kurt Pellegrino,1979-05-07,172.72,177.8,,Orthodox
88fdab67-c05e-5cb1-9636-565a4fc91583,Jose Delgado,1998-04-21,180.34,187.96,,Switch
8914410f-287e-52cb-a643-1284c367e9fa,Stephen Bass,1982-11-14,175.26,,,Orthodox
891c35ce-a133-5e73-a162-593b0c14f194,Alex Torres,1988-05-29,177.8,,,Orthodox
89321477-f3fd-530e-b10d-ed376259fb3f,Dave Herman,1984-10-03,193.04,195.58,,Orthodox
896d5d2e-2377-51a8-9c4f-39be7b5d390f,Askar Askarov,1992-10-09,167.64,170.18,,Orthodox
897e518a-115d-5e8e-ba6c-a3f06be2d498,Brian Geraghty,1980-11-04,170.18,,,Orthodox
898272fc-df2c-5e81-8c97-d9aa4c5de641,Hunter Azure,1992-03-02,172.72,175.26,,Orthodox
899345c5-3483-5f30-b00c-6e00a9f46574,Maria Silva,1995-12-19,160.02,162.56,,Orthodox
89b25dc9-d3b2-5d5e-9f98-fd53651d84ac,Tyrell Fortune,2004-10-19,,,,
89b7b403-717e-5a21-a6af-706cbbe1d156,Dong Sik Yoon,1972-08-24,182.88,,,Orthodox
89b83368-31f2-57b9-b346-4bebee6f4149,Collin Huckbody,1994-09-29,190.5,193.04,,Orthodox
89b92153-5a5a-5b98-9893-8923fa440f53,Loai Abushaar,1996-08-10,,,,
89c654e2-3b86-577a-91fa-e9928e278b56,Magomed Ankalaev,1992-06-02,190.5,190.5,,Orthodox
89c8c1bb-c778-59a9-91ed-c98f15c8b98b,Rilley Dutro,1987-09-03,172.72,,,Orthodox
89d7b8e8-8520-5a8b-a37c-3db1190466b7,Melchor Manibusan,1976-12-27,165.1,,,Southpaw
89f3b6e6-09d6-572c-9d3f-44c24fbed5f8,Jodie Esquibel,1986-05-07,154.94,162.56,,Orthodox
8a179a77-7188-53d4-b2a2-bd878d9a42e7,Rashid Magomedov,1984-11-29,175.26,177.8,,Orthodox
8a430e35-f255-5a9a-b395-03221707fc7c,Joselyne Edwards,1995-09-29,172.72,177.8,,Orthodox
8a47b450-4352-57c6-b7b6-1ebcff435f78,Mario Sousa,1996-10-20,190.5,200.66,,Orthodox
8a4a802d-d8e0-563c-8b6c-65a9e21e47ac,So Yul Kim,1997-05-25,,,,
8a575dcd-db37-54d7-b4b2-e31147c9c917,Jumabieke Tuerxun,1986-04-17,170.18,,,Orthodox
8a5955c1-d619-53e3-b625-c8af75095382,Brandon Jenkins,1991-09-30,182.88,180.34,,Switch
8a5b6142-305c-54d9-90fe-590d8c1c1ac1,Darrius Flowers,1994-08-25,175.26,180.34,,Orthodox
8a5eea0d-b63b-5a6a-afe3-120cfd354963,Karolina Kowalkiewicz,1985-10-15,160.02,162.56,,Orthodox
8a6327f4-6ef5-58e2-896a-6f1cda641bd2,Adam Khaliev,1984-04-16,182.88,,,Orthodox
8a7d1457-7900-5fc7-b232-ceb5490e1090,Mike Bencic,,182.88,,,Orthodox
8a8bd2a8-250a-5172-97a5-9b64232f6046,Tamdan McCrory,1986-11-05,193.04,193.04,,Switch
8a8e2f14-4500-512d-9105-9d154d79828f,Andre Fili,1990-06-25,180.34,187.96,,Orthodox
8a992156-1b0b-500e-b55e-042498601ef7,Felipe Olivieri,1985-04-12,175.26,,,Orthodox
8aae9511-c43d-5027-8764-3eb837dd4628,Carlo Pedersoli Jr.,1993-06-08,180.34,190.5,,Southpaw
8acf9f48-1a42-5dba-af91-ceada51d9bd2,Chad Cook,1979-11-07,187.96,,,
8ad2e829-18ca-520c-b2a4-ad40aca2ee69,Muhammad Saidov,1996-01-10,,,,Orthodox
8add16fd-652c-57d9-9619-e8b90c0cc620,Jacare Souza,1979-12-07,185.42,182.88,,Orthodox
8af2afca-cbc6-590d-8972-5318d5989a7c,Bryan Battle,1994-09-21,185.42,195.58,,Orthodox
8affd0ea-2939-5a93-9b45-16506ba66c82,Marcio Alexandre Junior,1989-05-05,182.88,190.5,,Southpaw
8b032b16-16b9-5b4b-8198-14738f649b41,Mark Schultz,,175.26,,,Orthodox
8b06c929-b08d-5861-98b4-72e593371f81,Joshua Burkman,1980-04-10,177.8,182.88,,Orthodox
8b0ace42-a373-5bb7-9bc9-0d93ba4b36a8,Anthony Guarascio,1994-02-26,187.96,182.88,,Orthodox
8b0d2d8e-7054-58a9-b280-2f7eb4e947a8,Ali Bagautinov,1985-06-10,162.56,165.1,,Orthodox
8b249969-8054-58aa-863c-6a93199161fd,Journey Newson,1989-03-07,165.1,170.18,,Orthodox
8b25d94c-95d6-5cde-84ec-62207791ac2a,Rio Tirto,2000-02-09,162.56,167.64,,Switch
8b38babc-8bc8-5a94-b5d6-9350fcdb14f5,Mike Kyle,1980-03-31,193.04,195.58,,Orthodox
8b494d71-5552-5414-935b-c4eec8467e5c,Nick Garcia,,162.56,,,
8b515a4c-1168-5735-9842-70ca1f6a2c8b,Gabriel Lorenco,1999-09-30,,,,
8b70c02a-aa16-518c-9f06-58b1618a9ebe,Mike Pierce,1980-09-01,172.72,180.34,,Orthodox
8b72a0cd-943a-5500-a5d1-f3dc1bf5e42f,Germaine de Randamie,1984-04-24,175.26,180.34,,Orthodox
8b83473d-f488-5b40-93b7-485e22e7764f,Chael Sonnen,1977-04-03,185.42,185.42,,Southpaw
8b84b039-9b4c-5bb5-bb64-059708913795,JW Wright,1976-01-12,,,,
8b8551a9-69b7-5d9f-ae1b-2649ef8a6dac,Shane Primm,1984-07-30,190.5,,,Orthodox
8b965457-62e1-5686-8e28-f03638706435,Christian Leroy Duncan,1995-07-24,187.96,200.66,,Switch
8bbe5879-a6d5-53f2-9313-f1ac35536cb1,Rose Namajunas,1992-06-29,165.1,165.1,,Orthodox
8bc0778b-4a2e-5139-89c6-8fa232de17cb,Olaf Alfonso,1974-08-06,187.96,,,Orthodox
8bdb4fbc-d489-5a6d-8b48-062379f36f84,Victor Martinez,1991-07-17,172.72,177.8,,Orthodox
8bf4211d-a194-5023-907f-140fe0383ded,Jack McGlaughlin,,,,,Orthodox
8bf7b8c6-77f2-542c-91bc-04813d8a1dc7,Dongi Yang,1984-12-07,177.8,185.42,,Southpaw
8c176801-8f59-5648-8e3d-dcd6b883e215,Derek Anderson,1990-02-02,182.88,,,
8c1f4abd-9500-5754-a0c5-267357e89cac,Mike Russow,1976-09-11,185.42,185.42,,Orthodox
8c2bf4fd-bd1d-56a9-b64d-526cd34f80ed,Eric Magana,,,,,
8c397c10-0858-5442-9662-660805d4877d,Shayilan Nuerdanbieke,1994-05-04,172.72,175.26,,Orthodox
8c41bfb2-ea4b-5094-9fe3-f0e08582d0ee,Ryan Quinn,,172.72,,,
8c4fa73d-c33c-5446-b90b-ec64d5b76dae,Wayne Cole,,185.42,,,Orthodox
8c5c6d0f-a937-57da-bfd6-df3f764da93b,Nohelin Hernandez,1994-03-01,177.8,180.34,,Orthodox
8c614ff5-d5ef-50c8-b35b-d5453c3fb305,Tommy Speer,1984-08-20,177.8,180.34,,Orthodox
8ca355d6-25b4-5aae-ba9e-d2a307f0ef15,Harry Hunsucker,1989-01-03,187.96,190.5,,Orthodox
8ca7b0f0-8435-52ef-a7d5-8c2ff8644849,Ron Fields,1974-11-18,187.96,,,Orthodox
8cb66ceb-a088-5d4f-9f15-33f088e533a2,Levan Chokheli,1996-10-02,180.34,182.88,,Orthodox
8cbebb8b-e6dc-589c-9c19-22ac55d4a0ea,Andrei Semenov,1977-06-17,182.88,,,Orthodox
8cc006c2-ab78-53b9-98f1-fc0f06155fb8,Kevin Borjas,1997-12-06,165.1,172.72,,Orthodox
8cc4620b-f986-580e-bc49-2558d611aadb,TJ Grant,1984-02-26,177.8,182.88,,Orthodox
8cc7a665-8d56-583e-860e-6e0e2300e863,Yaroslav Amosov,1993-09-09,,,,
8ce2896d-6a2a-598f-ba9c-23912842cb5c,Lucas Fernando,1997-01-10,190.5,203.2,,
8cf30837-0025-5533-9150-5d7142876335,Steve Jennum,,177.8,,,Orthodox
8d03b476-f6a8-52cd-9ad8-2c9a622a1550,Peter Sobotta,1987-01-11,182.88,190.5,,Southpaw
8d08a020-955c-5635-b73b-550b2bd4e0c4,Arlene Blencowe,1983-04-11,165.1,,,
8d10113f-924d-5e1c-8128-93ed689465c3,Matty Iann,2000-10-26,,,,
8d12e4fa-0c4a-5c93-a99f-07190f16f9a3,Richard Jacobi,1993-09-28,193.04,190.5,,Orthodox
8d12ff04-3088-506d-a8e1-73491f804adb,Sheldon Westcott,1984-08-20,185.42,180.34,,Southpaw
8d222f56-4ffc-5297-99cf-021f5ce684be,Mal Foki,,170.18,,,Orthodox
8d2e6202-d474-5378-8879-fea03729b8fd,Amilcar Alves,1988-08-08,182.88,,,Southpaw
8d4ff21a-69d1-5896-8a3f-3b7bfce17bb8,Tony Juarez,,,,,
8d704ce2-ec33-54a0-9d2e-cd8a87949ded,Christophe Leninger,,182.88,,,Southpaw
8d753d07-e3cf-5ba1-b650-f99d389e17c4,Desmond Torres,1997-01-06,167.64,175.26,,Orthodox
8d7d9a19-77b9-52f8-83eb-9e943e5ef0e0,Pedro Falcao,1992-07-30,167.64,167.64,,Orthodox
8d8c8d1c-ffb4-518e-a05f-bb4617bee257,Namo Fazil,1996-10-29,,,,
8da84132-d671-5a18-9beb-7a28d2b1219b,Vernon Ramos Ho,1992-06-03,167.64,,,Orthodox
8da9aef1-2aee-5f78-b14e-8f119644f93a,Mike Rhodes,1989-12-04,185.42,187.96,,Orthodox
8dab22cc-e870-5565-b23b-bdc53a3f9a36,Wesley Little,,193.04,,,
8db65045-850b-55ba-b27c-eb03bcae7ab9,Kenji Arai,1979-10-05,177.8,,,Southpaw
8dbf253d-dff6-5bf0-b197-1e6628a76545,Bartosz Fabinski,1986-04-26,182.88,190.5,,Orthodox
8dc63bd6-9211-56c6-95d2-486c8ff75d3f,Pat Pytlik,1989-04-24,182.88,185.42,,Orthodox
8dc65470-6a14-5294-b200-a906a1c0c1e8,Dominic Brown,1982-06-04,180.34,,,
8dc7d1d3-07b5-54c5-969f-92712ed5c5ba,Marcos Degli,2000-05-13,,,,
8dd679a9-dc3b-5e2d-840a-0f9caf4eeb52,Kolton Englund,1993-07-09,177.8,175.26,,Orthodox
8dd792b4-3458-5000-b60c-c95f09427440,Juan Cabrera,2004-02-19,,,,
8df02bb4-899e-5d7d-afaa-7a813a27323f,Rostem Akman,1991-12-19,177.8,182.88,,Switch
8df14942-571a-5ae1-b418-f429ef594f70,Tom Duquesnoy,1993-06-21,170.18,172.72,,Orthodox
8df56013-2165-5bf0-8deb-0a49b017cce4,Steve Mann,,185.42,,,
8df82c44-a18f-5ce0-9365-7e0bcaffcae8,Logan Woods,1994-05-30,,,,
8df8937e-d6d1-5224-809d-09702f21dbb4,Miki Motono,1994-05-18,157.48,160.02,,Southpaw
8e31bbd0-47cb-5c77-b874-ee69d9f4243e,Todd Medina,,177.8,,,Southpaw
8e3ad768-dc13-5f00-b24e-ca5ac92c2909,Chris Sanford,1968-03-12,180.34,,,Orthodox
8e5075b0-6584-54b8-9cb4-af9041da2dbe,KyuSung Kim,1992-11-05,180.34,175.26,,Orthodox
8e534be7-3848-538b-9fd6-9fff811f357f,Jared Vanderaa,1992-05-12,193.04,203.2,,Orthodox
8e542a13-29dc-5f43-aeca-ab0e745b8303,Melissa Gatto,1996-05-02,165.1,175.26,,Orthodox
8e595023-c746-5ed8-a4e3-b5f413453f00,Chris Cope,1983-03-05,182.88,182.88,,Orthodox
8e5ec245-9264-51a6-bcff-ce392ca2cc9f,RJ Harris,1998-10-01,190.5,198.12,,Orthodox
8e6fda6c-b892-5e02-9563-ee88de92fb97,Ian Rammel,1985-07-22,182.88,,,
8e8bd5b6-0e48-54f2-9b06-1c4015f8a7ac,Feng Pengchao,,,,,
8e8ce212-ad26-5648-8b8f-a5b33e943e98,Anthony Romero,1997-02-25,180.34,177.8,,Orthodox
8e936e2e-a64b-557f-8cb6-10823993b9d6,Westin Wilson,1989-01-24,185.42,185.42,,Southpaw
8ea68f06-96ae-5f22-a1d9-444bdb42705d,Shannon Ritch,1970-09-27,175.26,,,Orthodox
8ea6cbfa-03a3-5d2e-b207-ddc85d7373b3,Braxton Smith,1990-01-01,180.34,182.88,,Orthodox
8eb91a77-3206-5fe7-8626-7d9e4dbbb696,Billy Miles,1978-04-28,177.8,,,Orthodox
8ec63fee-48c3-529d-8840-ccd2acd86cf7,Brian Cobb,,180.34,,,Orthodox
8ecac68b-7a5a-5e9a-8714-2b8dc0b45243,Thiago Perpetuo,1987-12-14,177.8,,,Orthodox
8ed95ceb-81a4-5009-bbcf-c1e52423baab,Jonathan Brookins,1985-08-13,182.88,187.96,,Southpaw
8edbf805-2a29-5f94-9853-140b2d59dcc3,Jesse Gillespie,,,,,
8ef1bb35-2e4a-5997-8980-d7d3715d7aa2,Gable Steveson,2000-05-31,,,,
8ef24bea-4642-5451-855d-3d68ef40b970,Devonte Smith,1993-07-30,175.26,193.04,,Orthodox
8ef84f2e-939a-54ac-9ebb-4e0949a9c261,Elias Urbina,1993-10-09,190.5,195.58,,Southpaw
8ef8aa4c-2c40-5b98-a8e3-d771a23dc8f3,Brian Stann,1980-09-24,185.42,187.96,,Orthodox
8efd7707-5406-5700-bc60-f90e3842b625,Timo Feucht,1996-01-18,190.5,200.66,,Orthodox
8efd8965-5a33-5bbb-a5a2-0b9005ad9685,Galore Bofando,1982-05-22,180.34,182.88,,Switch
8f3f7ec0-e3e1-5dcb-bc82-c53eb09fe807,Trey Houston,,180.34,,,
8f3fe96e-b7a9-56e2-a4ce-40b543efb8b5,Takashi Sugiura,1970-05-31,180.34,,,Southpaw
8f416647-120e-5a7e-ae53-a5c8dba449ac,Kay Hansen,1999-08-14,157.48,160.02,,Orthodox
8f4eacb4-f340-5a63-bd70-f441a231e872,Steven Nguyen,1993-05-19,180.34,185.42,,Switch
8f529de1-b920-51e6-9e87-cb89796a4651,Rashard Lovelace,,,,,
8f5e56f7-ec0d-56bb-8289-bc0551abd398,Bu-Kyung Jung,1978-05-26,170.18,,,Orthodox
8f62d715-bddc-5573-8596-803b7c1c0484,Don Carlo-Clauss,,,,,
8f6a24f3-827f-534e-aade-daf0b78f2039,Yao Zhikui,1991-02-07,165.1,162.56,,Orthodox
8f835fea-f3fc-5a1b-8c71-5c73b8f9a2a3,Joanderson Brito,1995-02-11,172.72,182.88,,Orthodox
8f87408f-5050-506e-9b15-436c66ac71f6,Quinton Jackson,1978-06-20,185.42,185.42,,Orthodox
8f8839cc-7e16-55c8-965f-9996ebc88fd8,Canaan Kawaihae,1997-08-26,182.88,180.34,,Southpaw
8f8c4d53-6949-5bf7-baf8-440cd38f447e,Helio Dipp,,195.58,,,Orthodox
8f96d156-198e-53cc-ba83-c8bef18089de,Brendan Loughnane,1989-12-05,177.8,177.8,,Switch
8f97a185-4120-5446-bcb9-88e04c477fc0,Marcelo Aguiar,,177.8,,,Orthodox
8fb27a40-ea1d-5359-8e7a-abdf7967d97a,Bryan Barberena,1989-05-03,182.88,182.88,,Southpaw
8fb705b4-7ad9-5bdf-a293-7e592dda363b,Edwin Aguilar,,177.8,,,
8fcaf87d-b769-513a-aa4b-67ea906746fd,Paul Georgieff,1982-09-22,187.96,,,Orthodox
8fdc4464-48d6-5174-9065-c09461d08288,Mark Cherico,1986-05-12,170.18,175.26,,Orthodox
8fdcd8c9-bfd5-591c-b88d-d43547fa95f7,Maka Watson,1984-09-22,,,,
8fe02d4b-4a0f-5178-bf47-6f61ffb6d7ce,Yoshihiro Akiyama,1975-07-29,177.8,190.5,,Orthodox
8fe59636-d955-566e-beb2-9e5eff9c8ab5,James Lee,1973-09-22,180.34,,,Southpaw
900630db-6562-5692-b407-9c0b782a4107,Rafael Pergentino,2002-01-08,,,,Orthodox
9006473d-4293-585e-9110-bc5dde94ffdf,Iony Razafiarison,1984-12-23,160.02,,,
900977c4-3f63-5d19-be79-fc655be4cd20,Justin Frazier,1989-06-15,182.88,190.5,,Southpaw
90229e77-1dd4-5180-9b40-69814171b67b,Jai Herbert,1988-05-13,185.42,195.58,,Orthodox
9049142c-8e3a-5428-bf60-bcb7d78c2e8a,Kamaru Usman,1987-05-11,182.88,193.04,,Switch
90492c0f-bc2b-51dc-a667-90702471d0d6,Terrance Chatman,,,,,
904f2aad-7fda-5a00-8a21-86cbfceb2fbc,Danny Downes,1986-04-08,182.88,182.88,,Orthodox
90504aee-0eff-5721-826c-e85be82d97ba,Fernando Bruno,1982-02-24,167.64,,,
90580cb8-8f93-5b2e-9a2c-149a6cc10496,Rafael Carvalho,1986-07-27,190.5,,,
905f4a5b-c82b-5779-a4a0-4ad0f8a963e2,Miles Johns,1994-03-30,170.18,172.72,,Orthodox
9085ff1b-9273-5af5-8659-cc38903099d7,Mike French,1975-05-29,177.8,,,
909ade2d-5ce3-5e3c-8700-d5bc99d3d618,Danni McCormack,1990-03-15,162.56,157.48,,Southpaw
909f9a81-6c2d-588d-a92f-28f28fc5eeca,Cynthia Calvillo,1987-07-13,162.56,162.56,,Orthodox
90b9f24a-ab08-5daa-80cf-40683e2b91b1,Emil Meek,1988-08-20,180.34,187.96,,Switch
90c17360-f318-590c-ab73-15a708759177,Brock Lesnar,1977-07-12,190.5,205.74,,Orthodox
90c25e59-eb69-57b2-aacf-0e40afc2eac1,Cezar Ferreira,1985-02-15,185.42,198.12,,Southpaw
90d904bd-790d-50bf-9f99-638ece931b45,Raul Rosas Jr.,2004-10-08,175.26,170.18,,Switch
90f13162-6c36-5ef8-aa00-434896e40ec2,Frank Gomez,1986-03-31,177.8,170.18,,Orthodox
90fede2a-b0f3-5a5e-947a-b800be3c7587,Craig White,1990-07-01,187.96,193.04,,Orthodox
91053fa4-3a58-557b-b5bb-8cff4399eb13,Carlos Hernandez,1993-10-25,172.72,170.18,,Orthodox
9118a3fb-c375-5d76-af27-59ce6cf4d717,Fabio Cherant,1994-11-25,185.42,187.96,,Southpaw
912a9d5f-2280-5ca3-a603-ae9faacf860e,Joe Duarte,1977-01-25,,,,
9135a3ac-13da-562a-a740-5ddf55925640,Felipe Portela,1987-11-23,,,,
91405369-fa03-58d7-afed-4de776ac4835,Jennifer Gonzalez,1986-03-22,157.48,,,
91486c5c-db3f-5de4-af2a-b25f63a2129e,Robbie Lawler,1982-03-20,180.34,187.96,,Southpaw
9149642d-afc4-56c7-b0c5-bcc172db9c97,Dylan Budka,2000-01-14,182.88,190.5,,Switch
915279b9-ea58-549a-bd70-d506621a11aa,Wang Cong,1992-05-15,167.64,167.64,,Southpaw
9153e3cc-7218-5431-a8a5-82ac3b1f9c9c,Josh Wick,1994-10-04,175.26,175.26,,Switch
915c4f5b-0dd9-5cbd-af71-4b29df3b2e62,Bryanna Fissori,,162.56,,,
915e96c0-aed8-5c48-86ba-88972155e51d,Mohamed Ado,2000-05-03,180.34,193.04,,Switch
915eae6d-408b-5e5c-9bc2-06573afcf744,Jack Shore,1995-02-06,172.72,180.34,,Orthodox
9160c182-a651-590f-a53a-150ccd7aa3a7,Mackenzie Dern,1993-03-24,162.56,160.02,,Orthodox
9164c29b-cdeb-530b-9b4d-7a8d3633ce59,Dion Staring,1978-06-09,185.42,,,Orthodox
916fdd16-8ec1-56b1-8279-d259a52b490b,Ibragim Magomedov,,182.88,,,Orthodox
91741e0f-f8c4-518d-8f1e-503510c617d8,Shane Howell,1983-11-28,172.72,,,Orthodox
91887dc5-9ea2-5ee1-82e8-38e69f847fed,Desmond Green,1989-10-11,177.8,185.42,,Southpaw
91a90616-892c-583f-9d3e-16f471efe2e3,Muhammad Naimov,1994-08-07,175.26,177.8,,Orthodox
91af8538-59e1-5921-b8ef-85ec36f97db0,Daiki Hata,1982-08-24,167.64,,,Orthodox
92144750-ac6d-5e18-bd44-4e839332e7e8,Abubakar Vagaev,1993-04-14,,,,
92285da0-d4db-564a-af0b-b2b9191ab552,Zevan Hunt,1998-12-08,,,,
924103f5-57ac-5658-9559-8839b0531d7c,Curtis Millender,1987-12-01,187.96,193.04,,Orthodox
9241e7a3-7418-5d39-acd3-ab0fcf416782,Danylo Voievodkin,2000-07-19,193.04,198.12,,Southpaw
924ca995-2e0b-54bd-84a6-a3bc80f042b3,Mehdi Baghdad,1985-04-13,185.42,,,Orthodox
924f6846-6667-55f6-8a9b-944df7dddb0c,Nair Melikyan,1997-08-08,167.64,,,
925e1928-3cf1-57f0-87d6-b0987e3108a5,Dom Mar Fan,2000-03-19,180.34,190.5,,Orthodox
92a3706c-ef55-5a2e-a570-4778daa192ea,Aleksandar Rakic,1992-02-06,193.04,198.12,,Orthodox
92ad55f9-8b44-5518-b1da-fda36e517bcb,Kyle Kingsbury,1982-03-22,193.04,200.66,,Orthodox
92c63b85-dd9e-5e26-b9b8-0192ea1f05fa,Dylan Mantello,1992-11-19,185.42,185.42,,Orthodox
92dd31d1-0695-5db6-96ea-f7d3a11f47c4,Crafton Wallace,1975-11-10,182.88,,,Orthodox
92f1aa84-3551-59a2-b4e7-65f1ef6f2012,Taiei Kin,1970-07-08,180.34,,,Orthodox
92faf631-7af3-5e4b-8dde-cbf263429c8b,Ariel Gandulla,1968-05-07,180.34,,,Orthodox
930146ed-3303-53f7-93df-a5ca411677a5,Dagiisuren Chagnaadorj,1999-12-31,,,,
930258e1-4067-5b59-9545-206e2cd18efb,Chris Drumm,,172.72,,,
9305e6b8-364e-5425-9830-22663e7e421c,Shogo Sato,1993-06-08,170.18,167.64,,Southpaw
930b0965-42c9-5e6d-9e5e-e014833909c0,Darren Elkins,1984-05-16,177.8,180.34,,Orthodox
930eb128-040d-583b-8422-f72a198b23a6,Artem Vakhitov,1991-04-04,185.42,190.5,,Orthodox
93150798-cfc2-51e9-935b-c1bc8cbbf36e,Scott Ettling,,,,,
931e2a3e-ac17-583f-a984-fd2b5a42bb9a,Antonio Monteiro,1995-07-02,170.18,177.8,,Orthodox
93358056-d702-5095-953b-2caffab194a1,Danny Chavez,1987-03-14,172.72,170.18,,Orthodox
93368b40-f3a7-5954-8356-5dd997d2b384,Frank Camacho,1989-05-18,177.8,185.42,,Orthodox
9337746a-7b22-56f0-bf4a-f948a12edbd4,George Pacurariu,1984-07-28,170.18,,,
93393f8d-ea4c-5bda-937a-c2cfab114851,Karl Williams,1990-01-06,190.5,200.66,,Orthodox
9340033a-15ee-5def-b6db-a6e222b87523,John Alessio,1979-07-05,177.8,182.88,,Orthodox
934ee805-ab51-5b14-b248-c881b3e32201,Sarah Kaufman,1985-09-20,165.1,167.64,,Orthodox
93519415-e87c-5c27-96df-aeda4632e8c5,Cameron VanCamp,1993-04-27,187.96,187.96,,Switch
935d20f7-89b5-55f0-ab47-0a9a10c0e0fd,Gary Quan,1971-04-11,172.72,,,
937245d5-c2e0-57fa-84a8-f7be6dd7b1b5,Israel Giron,1974-01-16,172.72,,,
938305cd-35b7-522c-9042-8d4455b5aade,Richie Miranda,1994-08-12,,,,Southpaw
93a49656-41e0-5f53-baef-09d870a1a344,Eiji Mitsuoka,1976-01-01,170.18,,,Southpaw
93aaf701-8552-5f38-bf9e-e2f43415be78,Ricardo Ramos,1995-08-01,175.26,182.88,,Orthodox
93b47480-4bb1-500e-b020-7ad9ff4eed74,Donnie Chappell,,180.34,,,Southpaw
93b77bfc-8085-5831-bef4-af96e7bf3803,Alibi Idiris,1994-10-22,167.64,172.72,,Orthodox
93b96fe0-316d-5de6-832c-ce6cfaf6b875,Daniel Pineda,1985-08-06,170.18,175.26,,Orthodox
93bc5be9-cfca-5c65-89ec-fd2eda2363b6,Ricardo Abreu,1984-04-27,180.34,,,Orthodox
93ca6fca-a4ad-564f-90f2-472d4f531771,Matheus Camilo,2001-01-02,177.8,175.26,,Orthodox
93d7c9fc-c567-564b-9ddf-cf60a00775f9,Joe Schilling,,190.5,,,
93dac3d2-69d8-52d1-99bb-0d3ffb68445c,Malcolm Gordon,1990-05-19,170.18,180.34,,Switch
93e5f7aa-5475-521a-adbc-1469fd13b53b,Omar Morales,1985-10-17,180.34,185.42,,Orthodox
93f0f4e8-eb33-5319-bcdb-bd04846ae14b,Jimmy Drago,1995-02-18,177.8,180.34,,Orthodox
93fd4339-25f8-5324-941a-eb4fa5618478,Radley Da Silva,1995-06-20,175.26,180.34,,Orthodox
94045485-6c95-51e0-8240-b1c6bd861d09,Nick Gonzalez,1981-03-03,167.64,,,Orthodox
9414b57b-9a7a-5373-a6d6-479caf52e830,Cain Carrizosa,1986-07-22,172.72,,,Orthodox
942e748e-5c3e-51f4-8790-b6fd8801b373,Dennis Reed,,,,,Orthodox
943c03f6-b660-5e84-9b58-cc8b136d3d9a,Gabe Ruediger,1977-08-29,177.8,,,Orthodox
94455c2f-80c8-5f01-8142-46fcf4c25de9,Geronimo dos Santos,1980-08-17,190.5,,,Orthodox
9456e0da-8494-5094-b955-3fee633e3446,Zubaira Tukhugov,1991-01-15,172.72,172.72,,Orthodox
945c499c-3a8f-5691-a3f7-efd6cc55fa85,Charles Rosa,1986-08-24,175.26,175.26,,Switch
946488ac-ac7f-508b-a65b-ea411d217da5,Zhang Lipeng,1990-03-10,180.34,180.34,,Southpaw
946dde0b-f9af-5358-ac38-cf48f7faa9af,Maurice Eazel,,170.18,,,
946fd611-3635-5cc4-96f1-fafc5b6104ce,Paul Kelly,1984-09-12,175.26,177.8,,Orthodox
9489c11e-2661-5162-b4ef-6ad42c767f22,Henry Corrales,,175.26,,,
94910ff4-c9f1-5e5e-ba55-d299a6824277,Mateusz Rebecki,1992-11-03,170.18,167.64,,Southpaw
94a640b3-e6e3-54d6-8b5d-9c150f7edda3,Masio Fullen,1986-10-06,177.8,177.8,,Orthodox
94a85490-dbeb-575d-8c7e-dbc3af3c7749,Anna Melisano,1997-05-20,162.56,172.72,,Orthodox
94b34173-af67-532b-900b-845f68b11092,Matt Helm,,,,,
94b3de9c-4a7b-59f9-b84e-95ec7cf011be,Paul Herrera,,177.8,,,Orthodox
94b74799-2489-5ac6-b096-fbb97cabf02e,Duda Santana,1996-01-10,170.18,185.42,,Orthodox
94be9728-88ce-57dc-b836-8dadd0f6303d,Justin Tafa,1993-12-13,182.88,187.96,,Southpaw
94c43206-c18a-586f-a34a-e48620c1d699,Eddie Ruiz,1967-06-10,170.18,,,Orthodox
94d09264-8c29-5f9f-9e66-b54a6e72de74,Taila Santos,1993-06-22,167.64,172.72,,Orthodox
94e7898b-ddbe-5da0-adff-fa2707d99290,Jeremy Malaterre,,180.34,,,
94f9c2b5-52f9-56bb-8bef-3217e05ab490,Luca Borando,2000-09-24,,,,
94fd621d-9cf1-5861-9103-938d8aeaecbe,Sergei Pavlovich,1992-05-13,190.5,213.36,,Southpaw
95044c67-1cee-53a9-bd50-e583dc74a26a,Jamey Simmons,1992-09-11,167.64,177.8,,Orthodox
95117b10-7a4b-5e99-9419-fd6a9a36f5d9,Jimmy Crute,1996-03-04,187.96,187.96,,Orthodox
9513b461-3d77-5b5c-b0e5-ebb3239f7a65,Nate Marquardt,1979-04-20,182.88,187.96,,Orthodox
95188f61-79f7-58d8-af57-8ec6e61a0452,Nate Quarry,1972-03-18,182.88,182.88,,Open Stance
952a7c0b-9164-55d0-a285-8412443d1cbc,Justin Ledet,1988-09-28,193.04,203.2,,Orthodox
954d7c09-9cec-5496-833b-fd7012ad29d0,David Michaud,1988-11-10,175.26,,,Orthodox
958253ed-9593-5692-845a-124df4ce4d52,Russell Doane,1986-08-13,170.18,177.8,,Orthodox
95987435-44da-51d4-934b-9afe1b398bc7,Fellipe Andrew,1994-10-24,,,,
95991651-cc5e-52fa-bf11-aadc73430fe3,Wellington Turman,1996-07-22,182.88,182.88,,Orthodox
95db71d1-fdd4-5f02-9b07-2ed53f32141b,Emiliano Linares,1997-04-21,172.72,182.88,,Orthodox
95ed0bfb-e409-5527-ad1f-82b23e87a9cd,Andre Roberts,1965-02-24,187.96,,,Orthodox
95f2b7df-9702-595d-ad5a-e94492793961,Chad Anheliger,1986-12-01,167.64,162.56,,Orthodox
9606cac6-8963-5c1a-9c45-0c28b752eb12,Ronald Carillo,,,,,
961d3b7c-d133-5adb-a938-b67cde5d49a9,Dan Evensen,1974-06-01,190.5,,,Orthodox
961daec3-6630-52de-b977-f1d15a6b9c95,Don Madge,1990-11-12,182.88,182.88,,Southpaw
9628670a-5732-59fc-be1a-447cdea0af42,Mike Altman,,177.8,,,Orthodox
962fbfbd-9fa9-56d1-9926-63cbdd8c5522,YunSeong Jang,2002-11-04,182.88,182.88,,Orthodox
9637c7c4-d3e5-589e-95b0-f2c68f681ef0,Ryo Kawamura,1981-06-29,180.34,,,Orthodox
963c56a8-c071-52c3-85d9-1e2b992b5e1e,Blas Avena,1983-06-30,182.88,187.96,,Orthodox
96446d08-45fc-530b-81f7-4a2b85ee9879,Chase Waldon,1986-09-19,185.42,190.5,,Orthodox
9645aa92-787c-5467-ab97-c4e3ad31b99e,Ryan Stonitsch,1977-02-03,175.26,,,Southpaw
9649a9a4-2939-5a9e-93b2-5f73e0fb5043,Carlos Felipe,1995-01-12,182.88,190.5,,Orthodox
96774b12-1e66-559c-af02-063a8e774bd0,Darryl Cobb,1980-08-04,175.26,,,
96792790-e508-59ce-b8a7-248623bbfea4,Hugo Duarte,1968-08-09,182.88,,,Orthodox
969c2d27-cfef-5c72-a9da-ea916e909ba7,Herbert Burns,1988-02-02,175.26,185.42,,Orthodox
96a5f7df-064e-5879-8afe-ac5e8d8921e8,Kazuyuki Miyata,,172.72,,,Orthodox
96d9e5bf-ae2e-5305-845c-45c7fc45b4b2,Chris de la Rocha,1979-05-15,190.5,203.2,,Orthodox
96eb67a6-b1cb-5426-bab8-7da7e9f82e1a,Nick Maximov,1997-12-23,182.88,193.04,,Southpaw
96ede595-942c-5f0b-bad0-57314e8b53e1,Masakazu Imanari,1976-02-10,162.56,,,Southpaw
96ee082f-1950-5ed3-8d95-65ff37392d1c,Asbel Cancio,,177.8,,,
9732c9a1-a336-5fb3-bc26-62f9e467717f,Brian Camozzi,1991-06-24,187.96,198.12,,Orthodox
973625f3-c3a0-500a-8802-d363b21112e6,Travis Wiuff,1978-03-15,190.5,,,Orthodox
9742c04f-1d3d-5792-8e0c-a6601b70a457,Raphael Assuncao,1982-07-19,165.1,167.64,,Orthodox
97437e61-caaa-5795-8911-057d71f6cc1c,Jesus Pinedo,1996-06-22,177.8,,,Southpaw
9754bd03-5a7e-5a32-886a-6a62697298e3,Montel Jackson,1992-04-24,177.8,190.5,,Southpaw
97680ae4-f624-5fff-9489-ee960db24a80,Adam Bramhald,1994-03-24,177.8,177.8,,Orthodox
977dcd36-ac2f-5ff1-9b2b-8195fc28c477,Marvin Eastman,1971-06-08,175.26,185.42,,Orthodox
978a6329-803b-5265-ae7f-caec720f2054,Troy Mandaloniz,1980-02-01,175.26,,,Orthodox
978d6eb0-92fc-5d58-abc7-7af4ac65d8aa,Vinicius Magalhaes,1971-07-30,,,,
97913fe2-3b68-55d8-b0e1-d0e22c632ff3,David Abbott,1965-04-26,182.88,,,Switch
9796f075-75b0-5add-95da-12323841cc6e,Tony Sylvester,1978-01-27,185.42,,,Southpaw
97af6400-ab2e-5048-9ffd-da920f8c81ca,Fabio Silva,1982-03-31,180.34,,,Orthodox
97b4f625-565c-5364-bc2b-81e67fdebcfc,Jaden Ortega,2002-09-18,,,,
97b7558d-57fd-540c-b188-5c2aabcdfd1f,Javi Alanis,,167.64,,,
97c4b0ed-bfde-5a0f-8c5d-24667bf5263c,Masakatsu Okuda,,,,,
97c73658-c66a-5cfc-9057-89005b921a5e,Marko Damiani,,182.88,,,
97cfdfbb-a698-55fa-b8d3-fbd203c93554,Serhiy Sidey,1996-07-04,180.34,182.88,,Switch
97e6f4ab-739c-56c5-9a76-edb8b140efe5,Kier Gooch,1986-04-21,,,,
98163a77-30af-59aa-8c6b-0013ec528866,Roger Zapata,1986-05-09,180.34,,,Southpaw
98191cda-ca19-5ca4-bde6-c0c3f88ca30b,Hiromitsu Kanehara,1970-10-05,177.8,,,Orthodox
981c06aa-1b58-551f-ad5b-7f32e8e3239c,Marc Cofer,1972-03-03,,,,
9821aaa2-cae6-5468-a6dc-6559a52ea519,Jordan Williams,1990-10-13,185.42,190.5,,Southpaw
9823de86-d37c-58e2-af9c-c13feb299ee0,Andre Amado,,182.88,,,Orthodox
984703c8-e39a-5b85-9157-de552bf23f40,Rodolfo Bellato,1996-02-05,190.5,190.5,,Orthodox
98778d5b-7f76-52e9-a97d-1d43dbe70640,Roman Mitichyan,1978-09-04,177.8,,,Orthodox
9884f424-301c-5455-b92a-fdf262893944,Yuji Hisamatsu,1971-09-18,177.8,,,
9891a447-7ca3-5fcd-9b35-aeba8dad412b,Robert Bryczek,1990-07-04,182.88,190.5,,Orthodox
9897954f-1de7-51c8-8a2c-50ec00d7b785,Christian Colombo,1980-07-01,195.58,,,Orthodox
98acea7d-7102-5d4c-aa41-e44654bba17c,Albert Morales,1991-05-25,175.26,182.88,,Orthodox
98c0a05d-568a-5579-b4af-14ac38658c4f,Liam McCracken,2001-09-07,,,,
98c9e09e-9f7a-56f7-9920-22b026b002cf,Ian Entwistle,1986-11-19,165.1,,,Orthodox
98d0a554-d554-5200-be88-952b54708613,Cam Teague,1998-02-13,177.8,175.26,,Orthodox
98dd0f92-d701-50c8-9576-4a4fc41730b8,Benardo Sopaj,2000-09-25,167.64,167.64,,Orthodox
98ecd159-1b6c-5740-a960-36b11a6b467c,Rodney Faverus,,182.88,,,Southpaw
98ef1990-ec20-539c-a64f-fd42b27afaf2,Jamie Siraj,1994-06-28,,,,
98fa0b37-14a0-5a55-a781-ed8e9c7b7dbc,Ryan Couture,1982-08-27,177.8,185.42,,Orthodox
98fec4fc-5aba-5257-bf81-2354d43bf02d,Puja Tomar,1993-12-05,162.56,149.86,,Southpaw
9900a280-889b-5896-8a25-fe70371c49da,Marcus McGhee,1990-05-07,172.72,175.26,,Orthodox
9905dbac-2593-5b03-ba8c-d1f8a0c2d18c,Makoto Takimoto,1979-12-08,170.18,,,Southpaw
990fc765-fec6-524e-bc78-bc5ce71a9170,Gilbert Urbina,1996-04-05,190.5,190.5,,Orthodox
99129ec8-fc35-522f-95a7-4f97f6516184,Joe Lauzon,1984-05-22,177.8,180.34,,Orthodox
9912f4d2-10a3-5ac7-a983-171564c92c80,Will Currie,1998-11-12,190.5,193.04,,Switch
9921f4d6-8beb-5666-93da-5cf1a066df21,Rodolfo Marques Diniz,1984-01-23,167.64,,,
9924b641-b52a-5e02-90a7-fa6badf067c4,Marius Zaromskis,1980-07-30,175.26,,,Orthodox
9928f70b-c279-5749-85e7-c267815dac04,Yibugele,1989-11-13,170.18,175.26,,Southpaw
992ca2cc-4a0e-59c6-9853-6581da6cef32,Damir Ismagulov,1991-02-03,177.8,187.96,,Orthodox
99345438-3048-5eb3-92e0-3096e04d0ff2,Quinn Mulhern,1984-09-20,190.5,,,Orthodox
9948b01b-e7cd-5308-8ae7-d24abf6758ba,Patryk Grabowski,1995-11-12,,,,
994efb46-dbb4-51ab-8366-a196e818d04f,Greg Stott,,170.18,,,Southpaw
99a13ba3-1573-5800-a499-689aca7415e3,Gauge Young,2000-07-14,175.26,177.8,,Orthodox
99a6f31f-b315-5ee3-88c8-135840a1e9a3,Josh Thornburg,1984-05-24,182.88,,,
99be322e-0384-5b7a-bbb5-50b00de13b58,Darrell Montague,1987-11-03,167.64,170.18,,Southpaw
99c9fb0d-8e83-59e8-8621-04da55dadf92,Carlos Ulberg,1990-11-07,193.04,195.58,,Orthodox
99f09d3b-c4ea-5582-bde7-c439f6a21128,Jin Aoi,1997-01-21,167.64,172.72,,Orthodox
99f77a74-ae6e-5ca5-b7d5-c3306a0c6898,Elisha Ellison,1997-03-05,182.88,198.12,,Orthodox
99f7e301-7081-5ed5-9051-365bf656d8b9,Steve Erceg,1995-07-27,172.72,172.72,,Orthodox
9a09e35e-4e57-53da-8ca4-95bb24df6378,Raquel Pa'aluhi,,170.18,,,
9a0fc637-48f4-5574-bddf-2167825158ec,Dakota Cochrane,1986-05-01,172.72,,,
9a295687-7cab-511e-9989-717de692e86b,Josh Smith,1982-07-02,182.88,,,Orthodox
9a41993f-71de-58d8-8604-77148be65339,TJ Hepburn,,170.18,,,
9a4946dc-bcee-5064-b545-494605a494a3,Yves Edwards,1976-09-30,175.26,185.42,,Southpaw
9a4f08dc-dd20-54af-b1e5-9ce0ec1b43d6,Yusaku Nakamura,1986-06-21,165.1,,,
9a507947-4dc0-5476-bd05-7b07a42eb136,Francisco Bueno,,175.26,,,Orthodox
9a578a74-d01e-5ce8-bca3-dd2e26f55d9b,Tom Blackledge,,,,,Orthodox
9ad873cb-0fe0-52f2-96af-1f8499696b5b,Pat Audinwood,1986-04-16,182.88,,,Orthodox
9ada634e-a68a-56e0-880b-11bf115fc2f7,James Reese,1980-12-21,175.26,,,
9b02311d-6a70-5430-b616-9ddba9fde8c5,Sergei Kharitonov,1980-08-18,182.88,,,Orthodox
9b02c377-5693-5f82-9edb-016c54248c15,Cody Gibson,1987-09-11,177.8,180.34,,Orthodox
9b100452-cb72-5969-b037-319324576452,Jake Matthews,1994-08-19,180.34,185.42,,Orthodox
9b17847e-eb98-599a-b20b-4c20b2ae5c37,Johnny Case,1989-06-28,177.8,182.88,,Orthodox
9b1d3774-ad99-5d1c-b07a-95859d6b4a2c,Alex Oliveira,1988-02-21,180.34,193.04,,Orthodox
9b1f2a7e-eec8-590a-99ec-9fa2687335df,Mostapha Al-Turk,1973-07-14,187.96,195.58,,Orthodox
9b27bae0-b22b-563a-a4eb-be26968e733c,Michael Aswell Jr.,2000-09-27,172.72,175.26,,Orthodox
9b4d1bc3-296b-5333-9b3f-483be8dd7cd9,Jeff Molina,1997-07-17,167.64,175.26,,Orthodox
9b71cf16-ef28-5b1b-90f8-5b3d28fa6e2e,Joey Villasenor,1975-10-17,182.88,,,Orthodox
9b786e8a-f8fa-595c-ad28-cebc064d7ade,Jose Johnson,1995-05-20,182.88,180.34,,Orthodox
9b7ad35f-a5f6-5c01-9c37-299430f5dda1,Matt Pedro,,,,,
9b8070a2-e01f-5310-83fe-a29885cba4d2,Luigi Fioravanti,1981-01-22,172.72,177.8,,Orthodox
9b871950-8a25-5068-bda6-5695edc47bbe,Eric McConico,1990-05-09,182.88,195.58,,Southpaw
9b9c2cea-2ec1-5d26-b256-0827056c4c0d,Young Hwang,1988-09-02,175.26,,,
9ba24781-a623-52dd-8f94-10ac048da4d6,Marcio Cruz,1978-04-24,193.04,,,Orthodox
9ba838c7-c8cf-51ba-9422-459c6367b7f6,Adrian Yanez,1993-11-29,170.18,177.8,,Orthodox
9bb1fc34-fae8-5a23-adc9-2278d5569034,Mark Vologdin,2000-04-18,,,,Orthodox
9bbc1391-af4b-5d51-9449-1e7abb3796c1,Francesco Mazzeo,1997-09-23,190.5,190.5,,Orthodox
9bcb43ec-541d-5f78-b325-92acabcc00f6,Sean O'Haire,1971-02-25,195.58,,,Orthodox
9bce78e4-0efc-5875-9282-3b6b274e2406,Gina Mazany,1988-08-19,167.64,172.72,,Southpaw
9be483b0-1e74-5c6c-a5b1-13d03e52a87a,Pat Schilling,1988-08-28,172.72,,,Orthodox
9bfe7a37-4c4d-514f-8a6a-89ece98a7c5e,Fabiola Pidroni,1994-01-04,,,,
9c0fb3e2-bcf0-5afd-9cca-294325cf9b38,Fedor Emelianenko,1976-09-28,182.88,187.96,,Orthodox
9c1a805c-b1fd-5c0e-9164-ef7d92d6893a,Victor Madrigal,1990-08-16,170.18,180.34,,Orthodox
9c4d3ccf-289e-5fd0-9762-6a83bc739719,Arnold Allen,1994-01-22,172.72,177.8,,Southpaw
9c515be6-29e0-5a0b-b30d-8a79ee1436d2,Justin Pennington,,162.56,,,
9c60b3b6-ae7a-5f70-9d43-5b3dfaada4d5,Lukasz Brzeski,1992-05-17,190.5,198.12,,Orthodox
9c67d845-c883-5fed-85be-dc4cc3436b6d,Kelly Velasco,1995-05-21,175.26,,,Orthodox
9cb9ff41-ec99-5ab5-8fd9-34fc12b076c0,Valmir Lazaro,1985-08-15,182.88,185.42,,Orthodox
9cbaa6c6-b4c1-5654-8f23-1d3f69ad6ced,Patchy Mix,1993-08-16,172.72,182.88,,Southpaw
9cbefada-3167-588a-9062-85130966a968,Achilles Estremadura,1992-03-11,177.8,172.72,,Orthodox
9cbf537b-bd8c-5ba3-9d08-2fe40cd04876,Matej Penaz,1996-10-14,190.5,210.82,,Southpaw
9ce672d5-0c3b-5ffb-8864-a9b61430ee5c,Laureano Staropoli,1993-02-27,185.42,180.34,,Orthodox
9cff17a8-f642-58c0-891c-b1d5895683a8,Anthony Christodoulou,1987-07-30,175.26,,,Orthodox
9cff986e-d2fd-51ff-8b4d-6179e41b7f71,Diego Lopes,1994-12-30,180.34,182.88,,Orthodox
9d014370-c8b3-58a3-a443-6e6e774afa38,Chris Clements,1976-02-09,177.8,177.8,,Orthodox
9d0478b8-d364-5f04-a61b-2816cb14659b,Yoel Romero,1977-04-30,182.88,185.42,,Southpaw
9d2a203d-7775-53ec-bdf9-dc7b5d0af39e,Leonardo Guimaraes,1982-04-15,182.88,,,Orthodox
9d2c9e07-b08f-5208-aa86-e2b801cc1f55,Paul Creighton,1970-06-04,167.64,,,Southpaw
9d2ca7eb-431b-5425-be51-6e3cffbe99b4,Aleksandra Albu,1990-07-14,157.48,160.02,,Orthodox
9d329e38-24ef-5d5d-8d85-9358d0754167,Jeremy Boczulak,,,,,
9d3e9dce-82b2-5e2f-a8f2-1c5f61991dff,Jalin Turner,1995-05-18,190.5,195.58,,Southpaw
9d413654-c3a7-5d63-a057-89cc9a7fee6a,Augusto Mendes,1983-03-03,167.64,165.1,,Orthodox
9d4e784e-e372-5008-aba5-6504e756fdd7,Hacran Dias,1984-06-16,172.72,175.26,,Orthodox
9d59b971-05ff-5bc8-94fd-b2218f9ed8e9,Danny Abbadi,1983-07-03,180.34,,,Orthodox
9d623599-d8b3-5542-8449-5fc8151f8db0,Tyrone Roberts,,175.26,,,Orthodox
9d74bf28-c493-5070-8d23-e845d8bd656c,Rafael Cavalcante,1980-04-14,185.42,187.96,,Orthodox
9dc32537-cee6-51f6-800a-1e93aedfa98c,Brian Davidson,,167.64,,,
9dcb4ec9-92c7-5bf5-8462-f87517c26959,Brodie Farber,1980-07-05,185.42,,,Orthodox
9de6cbbd-799f-54f4-9f36-7b39164ef80a,Eugene Jackson,1966-09-23,172.72,,,Orthodox
9e02a641-a70d-5225-af2a-7ee41191192f,Tony Bonello,,187.96,,,
9e081931-a1ea-50e0-be74-72627c9d60f8,Chris Beal,1985-08-06,170.18,175.26,,Orthodox
9e3cca49-3713-5e75-b26f-7df06e880c1e,Kurtis Campbell,2002-07-29,175.26,182.88,,Switch
9e5a23e5-cfd6-512c-9cf0-61200de5cb08,Lucas Brennan,2000-06-03,,,,Southpaw
9e5ea15c-fe7a-52e2-ac0b-00b484970609,Nina Milosevic,1996-08-08,,,,
9e5f963b-b706-527a-8393-0dabc69292ab,Lorenz Larkin,1986-09-03,180.34,182.88,,Orthodox
9e63a536-7df8-591f-9209-d8a2dd25fe8b,Brandon Girtz,1985-03-06,170.18,,,
9e6725c3-fd0d-595e-8853-7f9f993e864b,Hakeem Dawodu,1991-07-02,172.72,185.42,,Orthodox
9e72b24f-eb11-58a2-b287-a2fae214f303,Paula Luna,1999-07-05,157.48,157.48,,Orthodox
9e7cc7ce-06a4-50c4-8ff0-a813458a9154,Lissette Neri,1987-08-05,157.48,,,
9e8d0157-27fe-506e-a4c0-861f7de1e8a0,Edson Berto,1983-07-05,167.64,,,Orthodox
9e989e6f-389e-5383-a779-70fc16a55d9f,Wes Shivers,,203.2,,,
9eac0a64-3d89-56ec-9609-32e7e09f8d6b,Nurullo Aliev,2000-12-08,177.8,182.88,,Orthodox
9eade1fb-27f8-506f-81c9-3d5fbd1cc1ad,Veta Arteaga,,170.18,,,
9eb33cdd-1f01-55e1-ba02-0832548e04af,Edmen Shahbazyan,1997-11-20,187.96,190.5,,Orthodox
9ebdb122-96f5-5aa2-835b-13ced91c4acc,Jens Pulver,1974-12-06,170.18,177.8,,Southpaw
9ebf61ce-74fa-5e73-bcc0-c74f231f577e,Agulali,2005-04-07,175.26,170.18,,Switch
9ec11413-d979-5124-9a72-f186b5035936,Jordan Mein,1989-10-10,182.88,185.42,,Orthodox
9ec37ca4-1139-5b38-ac44-2d9c079cccf8,Jason Godsey,,187.96,,,Orthodox
9ec887ea-3855-5a83-a334-8807a55af0f5,Xavier Foupa-Pokam,1982-07-03,185.42,,,Open Stance
9ed60c30-d857-5969-9641-1fd6faec9581,Mike Pyle,1975-09-18,182.88,187.96,,Orthodox
9eeaa601-75bf-5abd-92fb-0a297c5f59dc,Alex Hunter,,175.26,,,Orthodox
9ef9d140-630b-53b9-8d85-bfae8a1255ac,Jong Won Kim,,170.18,,,Orthodox
9f02e46f-2db9-5c70-8e18-6171e30960ab,Townsend Saunders,,165.1,,,Orthodox
9f0a0e33-15a1-50d4-8223-0ce4a185b545,Douglas Lima,1988-01-05,185.42,,,
9f1123c2-1b35-5159-a8b5-b5fcae6f1b69,Andreas Spang,1978-11-07,185.42,,,
9f1d7c93-d3c5-54e6-854a-2932fdfcb2d5,Cesar Marscucci,,,,,
9f23205f-b85a-5ca9-b310-8c73866aeaf9,David Douglas,1981-08-16,180.34,,,
9f2d8991-5e0b-54e4-bf9f-e2a702118d76,Justin Gaethje,1988-11-14,180.34,177.8,,Orthodox
9f320b7d-106a-5fca-802f-ad5d0422aa9c,Rui Imura,1999-03-24,177.8,175.26,,Southpaw
9f32b661-43b6-5f70-9156-c298ac0757aa,Andre Gusmao,1977-05-19,182.88,,,Orthodox
9f40d665-62a8-5114-80ee-3a071491ef77,Luis Gurule,1993-11-16,165.1,162.56,,Orthodox
9f43b818-3e92-511a-9e29-e8945a0f45a1,Mike Minniger,,,,,
9f4b1d08-3f18-5d2e-8f22-1703daea6128,Josiane Nunes,1993-12-23,157.48,170.18,,Southpaw
9f56ed70-2d3a-534f-b54e-99c008d527b3,Colby Thicknesse,1999-06-23,170.18,175.26,,Orthodox
9f5ec347-308c-5939-9c3e-35362f528752,Ramazan Kuramagomedov,1996-08-23,185.42,185.42,,Orthodox
9f6ca2c1-53e3-5f6a-9bd0-f4de545bd8db,Anthony Alves,,,,,
9f6ecde5-8a0f-502a-9f54-93d9e30b9a14,Istela Nunes,1992-07-23,162.56,167.64,,Orthodox
9f92fe7c-5ba0-50ea-9b5e-823257ee671f,Max Mustaki,1987-11-07,182.88,,,Orthodox
9fb3388b-2586-554a-9f10-bca90193dcbb,Melissa Mullins,1991-07-23,170.18,172.72,,Orthodox
9fb859d5-0969-53ab-a58b-b90d8c711938,Jin Soo Son,1993-04-01,167.64,175.26,,Orthodox
9fc99aa9-089b-5e45-a171-c141f25a7339,Phillip Miller,1979-02-20,180.34,,,Orthodox
9fd12c0d-483d-53ae-8758-364528d21e01,Vitor Miranda,1979-03-10,185.42,195.58,,Orthodox
9fd45bab-b3a4-581d-9010-777afcabaa62,Meng Bo,1996-04-21,,,,
9fd50c30-39fb-55b3-ba89-0c2e3a4ee06e,Brent Primus,1985-04-12,177.8,,,
9fdaefdf-bac8-5886-8b72-2a3aa66ca20a,Kaloyan Kolev,1992-10-17,187.96,185.42,,Orthodox
a0001e79-521f-5821-b729-b9acdba4e0d3,Bobby Lashley,1976-07-16,190.5,198.12,,Orthodox
a0003a3d-12e1-5919-87f0-82b72fd30739,Justin Jaynes,1989-08-10,170.18,172.72,,Orthodox
a0011b35-9037-504f-9953-32d055ce03cd,Jeremy Jackson,1982-09-19,177.8,,,Orthodox
a0058959-f874-5701-b9b4-4d069ffa023a,Jong Wang Kim,,185.42,,,
a008af5d-b3e6-593e-a150-ba4276768063,Isaac Dulgarian,1996-07-04,170.18,180.34,,Orthodox
a0179d42-fade-5f08-b196-ce1741047c5a,Ron Henderson,,177.8,,,
a02e078e-cdd9-5f86-a474-764730301a5d,Taylor Johnson,1990-11-09,182.88,187.96,,Switch
a048ab89-a31e-58e2-8f13-2e5094e8fcb6,Elisha Helsper,1983-02-06,167.64,,,Orthodox
a073c67d-e1c7-51be-99fe-b2e9ddb8b981,Tom Murphy,1974-11-19,187.96,,,Southpaw
a07e12c5-6e9b-5c2e-b410-2cc035f77b03,Albert Tadevosyan,1992-04-12,,,,
a092dcf6-3848-5371-8ac1-992f5eb7c2a1,Niklas Stolze,1992-12-28,185.42,187.96,,Switch
a0aa844d-fc2c-50aa-9fad-51eec15116d1,Levi Avera,1982-05-17,185.42,,,
a0b1ac4f-35cf-51b8-b13a-9c239498b525,Chad George,1982-04-30,167.64,172.72,,Southpaw
a0b37a37-aab6-5048-b1ad-b12c6446916a,Chris Wright,,,,,
a0e0d4ee-0b80-5288-a825-6d961bc597c4,Albert Rios,,172.72,,,
a0e35a08-847b-5988-8dd8-e914477cb993,Matt Wiman,1983-09-19,177.8,172.72,,Orthodox
a0fb6322-d2a0-5d14-8ddd-f93bd4b1292a,Mike Swick,1979-06-19,185.42,195.58,,Orthodox
a105fc8c-300b-5587-b6d5-c8f835601b99,Andy Murad,,175.26,,,
a1153260-5db1-5c4d-8705-4d16d8f36ffd,Kristof Midoux,1974-07-30,185.42,,,Orthodox
a12694db-c9d7-512d-b87c-f9c3e8a6ba62,Jeremy Freitag,,185.42,,,
a12ccd43-d0c4-5ddf-998b-761263357816,Amar Suloev,1976-07-01,175.26,,,Orthodox
a13b4b4b-7981-59e6-b76c-dcbc6a361be9,Felipe Silva,1984-05-08,182.88,195.58,,Orthodox
a17f1d84-6605-5a99-a10c-1c9ba540278b,Brady Fink,,182.88,,,Orthodox
a1815bfa-c991-50f5-be9b-b911eba9f1b5,Nasrat Haqparast,1995-08-22,177.8,182.88,,Southpaw
a19d1435-eed3-5a6f-a2fa-e07aa492379f,Jose Delano,1996-09-11,172.72,177.8,,Orthodox
a19f087c-158b-517d-9bca-50b02b98bfa4,Keith Wisniewski,1981-10-25,182.88,,,Orthodox
a1c0a637-b710-5bc4-9fc2-88682b922eeb,Phil Davis,1984-09-25,187.96,200.66,,Orthodox
a1caa221-2587-55c1-bb7f-1088b773eaa5,Maki Pitolo,1990-11-24,177.8,190.5,,Orthodox
a1d77fae-5ce0-59af-a0d3-03be7ee71467,Ivan Cole,1990-11-30,175.26,,,
a1db1bbb-6117-5cbf-8eb7-95b96602cb67,Eddie Alvarez,1984-01-11,175.26,175.26,,Orthodox
a1e5092e-fed3-5c2f-81be-f50efd1a66b3,Rob McCullough,1977-05-26,175.26,175.26,,Orthodox
a1e7e856-a54b-5aaf-8918-13b626dcbb65,Mike Campbell,,175.26,,,Southpaw
a1e8e508-4f2c-52f5-8079-5aaaaf5bc835,Naoya Ogawa,1968-03-31,193.04,,,Orthodox
a1f9d337-af48-53be-bb77-9777c02744de,Sean Soriano,1989-10-06,175.26,177.8,,Orthodox
a2117c45-a929-5938-a377-080b5a135e4a,Richie Vaculik,1983-06-19,167.64,175.26,,Orthodox
a21c1fb0-4280-523b-b8b3-380da8ff31e5,Daniel Cormier,1979-03-20,180.34,182.88,,Orthodox
a25aa8db-4aad-58aa-9690-533e86e47208,Daniel Lacerda,1996-06-05,167.64,177.8,,Switch
a274bac9-ab0a-5f4c-8ac7-dd61ed348ea4,Roger Bowling,1982-12-05,175.26,172.72,,Orthodox
a28967b6-b2b3-5f82-98d1-221787c105e0,Lv Zhenhong,1993-06-25,172.72,170.18,,Switch
a28d6213-d869-5859-904c-4842894dd2a2,Mike Seal,,193.04,,,Orthodox
a290aac7-46b5-568e-9650-78ccc20fab24,Tyler Diamond,1991-03-18,170.18,175.26,,Orthodox
a2a279d4-17ca-5274-aebe-5fdb645b2270,Bevon Lewis,1991-05-05,190.5,200.66,,Orthodox
a2b90ce8-8307-5d44-b32b-edfb642e5c54,Jason Dent,1980-06-12,177.8,180.34,,Orthodox
a2bb0e0f-e60a-5fec-9f10-f808396a1dff,Scott McAfee,1983-08-23,172.72,,,Orthodox
a2e38aff-c3a9-5b25-ab98-7c52fe5462cb,Adam Antolin,1982-02-28,165.1,160.02,,Orthodox
a2f0c196-33a6-5464-a6ce-e60cea8e9ca9,Alexander Morgan,1991-05-14,177.8,180.34,,Orthodox
a2f500e9-7db0-590c-96ea-f5af9743c631,Ibo Aslan,1996-04-23,190.5,195.58,,Orthodox
a2fdaa36-3b06-5041-bdae-0d0415c5e84b,Roger Gracie,1981-09-26,193.04,200.66,,Orthodox
a3115bc0-3782-513e-883c-f98d9c9be277,Philip De Fries,1986-04-21,195.58,200.66,,Orthodox
a3303ca5-c2f3-5431-98e5-22eb3a5fee22,Brandon Vera,1977-10-10,190.5,198.12,,Orthodox
a35ea56c-9775-5c66-b696-b6cf6ff927e5,Mansur Abdul-Malik,1997-10-07,187.96,203.2,,Orthodox
a372057d-f79c-56ca-8be7-9a97d701f6fe,In Su Hwang,1994-01-18,180.34,187.96,,Orthodox
a3724f83-f996-577b-91a3-921935124766,Josh Sampo,1984-07-24,162.56,162.56,,Orthodox
a3729cb3-6398-5b7a-b95a-de9af0be994c,Jason Black,1972-07-15,172.72,,,Orthodox
a375db57-a42d-52bd-a675-d5912d4fcdce,Joe Duffy,1988-02-18,177.8,185.42,,Orthodox
a37ba55f-bf4a-552a-a9e8-b8cae99bf229,Keith Berry,1987-10-25,185.42,,,
a38751f3-1c2c-522d-b245-bcb991bdb6b1,Christian Wellisch,1975-09-13,187.96,195.58,,Orthodox
a3ac30a6-fa14-5757-b67f-d4e4e8a1e70b,Alberto Crane,1976-07-14,165.1,,,Orthodox
a3b12985-3130-58c3-a70e-fffad05dffcb,Deron Winn,1989-06-13,167.64,177.8,,Orthodox
a3db160a-1fa3-5903-af45-add27d67d0c5,Farida Abdueva,2004-05-15,,,,
a3ee4110-5f20-5e12-90a1-2de447e72845,Frederick Brown,,182.88,,,
a3f2356c-3075-53d5-b28b-ce1da21c69b3,Marco Tulio,1994-06-13,182.88,187.96,,Orthodox
a3fd61fb-5a84-5a9f-805c-fceefc620445,Sergio Pettis,1993-08-18,167.64,175.26,,Orthodox
a4050c06-7680-5389-86ab-f8ac5ae95861,Darion Abbey,1993-02-25,187.96,203.2,,Orthodox
a406f141-c7a5-5e38-8523-65bfc3aa2088,Joey Armstrong,,,,,
a419460c-c36d-5c4c-a3b4-661aafc599f4,Josh Koscheck,1977-11-30,177.8,185.42,,Orthodox
a4434d8c-7065-58d4-a0c1-428b4a70af2f,Shannon Clark,1992-07-07,165.1,162.56,,Orthodox
a47f4673-23a8-574a-bfc5-bcd166715731,Rinya Nakamura,1995-03-23,170.18,172.72,,Southpaw
a4954cd3-04f4-5563-94ae-c82fbe0ab304,Hernani Perpetuo,1985-05-24,182.88,,,Orthodox
a49eb90f-d779-5739-a435-ee9ac1116a02,Ikram Aliskerov,1992-12-07,182.88,193.04,,Southpaw
a49f615b-3d5d-5678-ba77-29c7fc9482d4,Gary Balletto,1995-01-20,,,,
a4a3fddb-ac17-5bba-9198-16031dcc00a5,Trevor Prangley,1972-08-24,185.42,190.5,,Orthodox
a4b7c4c7-e27f-5e6a-b10f-3aeab576f141,Jeremiah Riggs,1982-12-17,182.88,,,
a4bee08a-db69-50eb-8896-f38b3c554b5b,Jorge Lopez,1988-11-21,177.8,,,Orthodox
a4c382f8-67c6-59b7-a3c9-1e6eaad3606a,Goran Reljic,1984-03-20,190.5,205.74,,Southpaw
a4c3a061-d2eb-54cc-9f7c-e40adcc6b27d,Mike Wessel,1977-12-02,182.88,,,Orthodox
a4d497ab-6f94-5d95-8fae-267ae017d892,Ismael Bonfim,1995-12-28,172.72,180.34,,Orthodox
a4da0a4b-9873-5249-8a0b-14b221ea8bc3,Jordan Wright,1991-10-07,187.96,195.58,,Orthodox
a4e42a06-3179-5b63-a619-f3878bf1887d,Ben Wall,1989-03-25,177.8,,,Orthodox
a4f949bc-5436-52fa-b91d-d2acaca800c6,Diego Nunes,1982-11-30,167.64,170.18,,Orthodox
a5112cb2-1a67-5391-b2b5-399f1bc8e799,Rafael Rios,,,,,
a5196c16-0f9c-508e-8b90-1173fbda9ac2,Jim Mullen,,185.42,,,Southpaw
a520e9d8-bdf9-568c-abac-8ecb086bf6f0,Will Santiago,1983-02-08,170.18,,,Orthodox
a546c5d6-2f10-5d12-953f-5d37d5cc8c15,Gilbert Melendez,1982-04-12,175.26,185.42,,Orthodox
a551f76f-10d2-5f1f-b7f6-94d89060fb90,Levi Rodrigues Jr.,1996-10-15,,,,
a5662ea7-547d-5728-b588-ce379076c50c,Gaston Bolanos,1992-09-14,170.18,175.26,,Orthodox
a588bde3-86b8-5b23-9e79-481d96d067c6,Darren Uyenoyama,1979-10-15,167.64,165.1,,Orthodox
a5bb9d6a-4826-5544-9a29-009e729c512c,David Zawada,1990-08-01,182.88,190.5,,Orthodox
a5bd2bbb-b060-5d2b-b4ed-eac60e5a82ab,Lawrence Lui,1996-08-04,170.18,182.88,,Orthodox
a5c512b8-1208-51b1-a40b-b48b49573363,Sam Liera,,,,,
a5d64d43-f30b-5a84-96a0-123395ed3224,Tim McKenzie,1982-07-21,182.88,187.96,,Orthodox
a5df19a3-7c48-559b-8c95-f4d1d1fa70e1,Dennis Bryant,1985-10-18,182.88,,,Orthodox
a5fc24a3-f4d6-5a3e-a887-2f3ab414f145,Sho Patrick Usami,2000-05-08,175.26,177.8,,Orthodox
a5feed33-ec56-53a6-b19d-4d397e0176e9,Mark Hughes,1973-10-13,175.26,,,Southpaw
a5ffe551-dd8d-5306-bfbc-6463a1600fae,Dan Cramer,1985-10-31,187.96,,,Orthodox
a603886b-2a39-5204-ac14-6a6690ef6673,Daichi Abe,1991-11-27,180.34,180.34,,Orthodox
a6421c1b-f8ca-56b8-ae33-24ab16029048,Brian Warren,,182.88,,,Orthodox
a6465839-d0ca-53fc-883d-42b1b383de9d,Hector Lombard,1978-02-02,175.26,180.34,,Southpaw
a6471e6f-3aaf-5473-b7e7-b0512631ec26,Anvar Boynazarov,1989-01-10,175.26,,,Orthodox
a64fe60d-b237-51cf-b626-d6652553c53b,Roger Hollett,1978-10-08,180.34,,,Orthodox
a65252c4-808c-584f-9fd7-dc131e665376,Greg McIntyre,1980-04-21,177.8,,,Orthodox
a65a2576-6e56-5c92-ad09-ce8c1c042abb,Myles Jury,1988-10-31,177.8,185.42,,Orthodox
a66d455e-5394-5859-b887-87da7c8adac7,Alex Serdyukov,1980-05-24,187.96,187.96,,Orthodox
a68a1ba9-4dba-54b7-921c-9e30418920c0,Liana Jojua,1995-03-22,162.56,157.48,,Orthodox
a6906846-2b66-5619-87c9-579621b4442f,Chris Bostick,,,,,
a69bec06-744d-5d5c-9368-708bd4f90193,Aalon Cruz,1989-09-20,182.88,198.12,,Switch
a6c4cd6e-5ead-58a0-a4b6-4ba3a03172bc,HyunSung Park,1995-11-04,170.18,167.64,,Orthodox
a6c58ac2-909f-5c81-a299-697e7f6df8eb,Jamal Pogues,1995-12-01,190.5,195.58,,Orthodox
a6c72a35-c0ee-5e85-b33e-2cd66afe89ba,Joe Taimanglo,1984-06-27,162.56,,,
a6c78f94-86af-5b4c-9882-c9cd567f553f,Klayton Mai,1986-11-30,175.26,,,
a6c98ef8-9928-5221-a331-a4d41c628730,Tristan Connelly,1985-12-12,177.8,172.72,,Orthodox
a6dcb7e2-dc66-51dc-b601-78f03ee1ec2b,Rana Rudra Pratap Singh,1997-05-09,177.8,175.26,,Orthodox
a6dd43c7-689c-51fc-9497-d997cedcf1fb,David Hulett,1980-09-07,177.8,,,
a6f3fe7a-2de7-53c0-aa3f-a5ff3123cad0,Brett Cooper,1987-07-02,182.88,,,Orthodox
a6f4ab9f-7a14-58ce-b0ae-ffeff10b88df,Shamil Gaziev,1990-02-10,193.04,198.12,,Orthodox
a6fae4ed-cff0-51d0-8c82-9fc0672606af,Jamahal Hill,1991-05-19,193.04,200.66,,Southpaw
a71c2ce9-0547-5a23-b719-68fc7ea3cc40,Roland Delorme,1983-12-18,175.26,180.34,,Orthodox
a728aa38-17ae-51f8-bcf1-40670665b841,Alonzo Martinez,1984-04-22,177.8,,,
a72f6c6a-f409-5e6f-b689-b681eea2d4b0,Miika Mehmet,,,,,Orthodox
a744aec8-6118-56db-a221-eb9810aa36e2,Khama Worthy,1986-10-15,180.34,187.96,,Orthodox
a7663e46-0f90-56ae-b1a7-533a97ac9069,George Roop,1981-11-10,185.42,182.88,,Orthodox
a767df6a-f2c5-5626-acf3-e1fcfb832426,Buck Meredith,1982-05-17,187.96,,,
a7696c5c-fec7-55ac-99ec-47846fb45200,Joe Riggs,1982-09-23,182.88,177.8,,Southpaw
a76d33de-bc5a-5b42-95c5-30b89a557792,Rei Tsuruya,2002-06-22,167.64,172.72,,Orthodox
a7bece59-a556-5d38-a1c5-61b1b2c3ad6e,Cameron Nelson,1998-07-28,,,,
a7c06c2c-2a22-5aad-b75c-935deacd3ef7,Marcelo Rojo,1988-07-02,172.72,180.34,,Orthodox
a7cb4446-1413-5d0a-82c5-1db236b108a7,Wallid Ismail,1968-02-23,170.18,,,Orthodox
a7dcb216-0c11-5aea-a19b-f52beb0608c2,Alik Lorenz,1997-01-25,187.96,195.58,,Orthodox
a7e0d761-c614-58b3-8084-2d5a2dbb58eb,Adam Lynn,,177.8,,,Orthodox
a7f65cb9-eeeb-52fd-b235-03dba7e53028,Jose Augusto,1992-03-28,190.5,,,
a807d4e2-3a87-5061-ac38-d80266a5ec89,Khamzat Chimaev,1994-05-01,187.96,190.5,,Orthodox
a827d7d7-4e31-5371-8c6e-1614d9f5b756,Jong Man Kim,1978-03-03,170.18,,,Orthodox
a830cc47-ead9-5711-8a29-67e58d72cebb,Melissa Croden,1991-04-12,,,,
a83b426c-f921-5e99-8d46-c12633f38370,Viviane Pereira,1993-08-28,154.94,160.02,,Orthodox
a8405ea6-d8f6-5b1b-ba08-57d3813cfa8d,Dileno Lopes,1984-09-26,165.1,,,
a84a344b-f725-5e70-9b95-9ec2b5c13e04,EoJin Park,2001-12-26,182.88,180.34,,Orthodox
a84b30dc-d282-5c08-bfe2-0ccc14f14bdd,Brendan O'Reilly,1987-06-24,170.18,175.26,,Orthodox
a84b69e5-8576-5879-839f-fc0fd852891f,Cameron Saaiman,2000-12-20,172.72,170.18,,Southpaw
a8715830-e71c-5a96-a654-c2f2da5469e0,Joey Beltran,1981-12-08,185.42,190.5,,Orthodox
a87b1c26-c062-52f3-9503-5e77a5d90961,Soichi Nishida,,180.34,,,Orthodox
a880221a-d5a4-5fdd-9492-b5c54dd52315,Talita Bernardo,1987-03-04,162.56,172.72,,Orthodox
a88f180a-43d5-5420-a738-fb33397ff8d4,Joachim Hansen,1979-05-26,170.18,,,Southpaw
a897a797-7724-5fac-ad14-2dfcf79ee90a,Jon Kunneman,1999-07-14,,,,
a899e7cf-be35-5a43-af0a-0d071427e6e5,Dan Molina,1984-06-14,177.8,,,
a8b0d25e-ac06-5acc-b344-6e72c856e1af,Claudio Ribeiro,1992-07-17,185.42,195.58,,Orthodox
a8c2cbc6-6b38-523a-bc61-72360e382ec1,Nathaniel Wood,1993-05-08,167.64,175.26,,Orthodox
a8c90780-f0ca-5538-8bae-973ddd170172,Azamat Gashimov,1990-04-07,167.64,,,Orthodox
a8d7a040-8bc0-5d66-8ef6-487037900829,Chris Haseman,1969-06-02,180.34,,,Orthodox
a8dd6717-c539-58bb-86df-e9b343ac7d06,Daniel Frunza,1994-04-13,185.42,185.42,,Orthodox
a8de5778-48cc-5abf-9445-28072c94fcee,Azat Maksum,1995-02-02,170.18,177.8,,Southpaw
a8ecc607-2d66-55dd-976f-086e6ba8bfa8,Qiu Lun,1997-07-08,172.72,167.64,,Southpaw
a8f9e7c0-9472-5f73-a9a6-71cec323eafd,Dale Hartt,1979-04-04,177.8,175.26,,Orthodox
a90c21cc-3c67-52e8-bcca-bb3a0b0e03e4,Daiju Takase,1978-04-20,182.88,,,Southpaw
a9399382-ac85-58fa-b603-29b32cada4f3,Amador Ramirez,1990-06-14,,,,
a940b8f5-f7d4-543b-9e0b-176d6b161824,Makhmud Muradov,1990-02-08,187.96,190.5,,Orthodox
a9a07fee-18f5-5c51-9232-207900387135,Hannah Cifers,1992-06-26,154.94,157.48,,Orthodox
a9abc1e4-ae52-5178-b800-f46f9cfa6cec,DeMarco Villalona,,175.26,,,
a9b896f2-b86e-506f-b828-28deae2c2291,Antwain Britt,1978-05-09,185.42,195.58,,
a9bce43f-6d7a-5f24-9e14-828c98e2bd1b,Daisuke Sugie,,167.64,,,Orthodox
a9c01bb0-38da-527d-bed1-16d0b979f1c1,Tyra Parker,,165.1,,,Orthodox
a9ceb01b-6ea5-58d3-9e6c-f20776b31d68,Codale Ford,1979-05-13,175.26,,,
a9d2c4b5-abee-561c-b909-0c10ddac2f5a,Rafael Dos Anjos,1984-10-26,172.72,177.8,,Southpaw
a9d2e2de-5c76-5feb-89ee-04af53f192a6,Nick Sperling,,,,,
a9dc46ef-99da-5133-8ea0-9a4ae29a31d7,Jordan Leavitt,1995-06-02,175.26,180.34,,Southpaw
a9dc5de7-5757-5507-991a-f0cee541a957,Brianna Fortino,1993-08-04,152.4,157.48,,Southpaw
a9df00fb-ab66-5dc8-97a7-92bea0af8b60,Lyoto Machida,1978-05-30,185.42,187.96,,Southpaw
a9e5141e-1cf3-5eee-b846-627c104e18a3,Takaya Suzuki,2004-09-04,,,,
a9f44b02-19ec-5d54-9b92-39da502ffe54,Jiri Prochazka,1992-10-14,190.5,203.2,,Orthodox
a9f58ef8-fa69-52fd-8612-9f589df7d08f,Adrian Luna Martinetti,1995-08-20,,,,
aa000b02-0b23-5228-a7b5-f6f4ee354eec,Daniel Gallemore,,195.58,,,
aa0042b3-7f16-5721-a6e6-4aab5c45a4bf,Edson Drago,1977-08-29,193.04,,,Orthodox
aa0501f0-cdaa-5258-8bc8-3b205a1d44a3,Piotr Hallmann,1987-08-25,175.26,180.34,,Orthodox
aa0c5ed3-3961-57bb-9f8e-4739f827b81e,Scott Smith,1979-05-21,182.88,177.8,,Orthodox
aa12c083-e106-5d8c-953b-685785a2b6f1,Silvana Gomez Juarez,1984-12-06,160.02,165.1,,Orthodox
aa1bd8d3-e495-5141-8c9b-c2b18517382d,Igor Cavalcanti,1997-10-10,180.34,200.66,,Orthodox
aa1e6a76-875e-55de-82ef-3223fcb1fb7c,John Teixeira,1986-11-18,170.18,,,Orthodox
aa20782a-d1bc-58af-9f69-c1f3cc4ea728,Martin Buday,1991-11-11,193.04,195.58,,Orthodox
aa26a78b-9e79-5116-8fc4-8bc2f05b1cae,Ryan Gracie,1974-08-14,175.26,,,Orthodox
aa741819-eb2f-5c3c-aac9-f9ea48ef2f19,Vitor Ribeiro,1979-02-24,172.72,,,Orthodox
aa741ea0-cb02-57b0-aa06-cb2598b28f7a,Rafael Carino,,203.2,,,Orthodox
aa7532b5-a8fb-5f5e-a76e-d9b5eaab524b,Edgar Cardenas,,,,,
aa7c09d2-fb77-51f4-94e1-d4afb80bf096,Kevin Jousset,1993-05-02,187.96,190.5,,Orthodox
aa7c5f01-856c-56da-99a1-f1a522c08f4f,Magomed Sultanakhmedov,,187.96,,,Southpaw
aa9029e5-46fe-5a82-be50-04563e8db2d6,YoungJae Song,1996-01-03,170.18,177.8,,Orthodox
aaa24f5a-0ea6-5827-93fb-0a8f1bb909b7,Ricky Steele,1988-05-26,175.26,187.96,,Orthodox
aaa6f3df-8de8-5b4a-b608-e698fe79aafd,Jake Hadley,1996-08-03,170.18,177.8,,Southpaw
aaa87dc6-6ddc-51a0-b9a7-20e09cbe9457,Lucas Almeida,1991-01-31,180.34,180.34,,Orthodox
aaade3f9-d084-5b0c-a95c-7207e8cd6f9a,Nick Diaz,1983-08-02,185.42,193.04,,Southpaw
aabcef01-792c-5165-b683-b3ce3f4c2b0e,Anthony Perosh,1972-10-05,190.5,190.5,,Orthodox
aad3dd07-7451-539f-9438-6df44189d57c,Cleber Luciano,,167.64,,,
aad41a7e-7649-52d8-aa82-a0095a1abade,Mario Mingaj,,,,,
aae08ba7-c519-5473-a8b9-6f91f7c93033,Aleksei Oleinik,1977-06-20,187.96,203.2,,Orthodox
ab0656b7-0223-5b83-a233-20e639522389,Alice Pereira,2005-12-20,172.72,180.34,,Orthodox
ab0ad7be-fdcf-5a49-8681-53a891a20270,Antonio Arroyo,1989-07-01,190.5,185.42,,Orthodox
ab11a588-f4af-58fd-940c-d123610a19ad,Pannie Kianzad,1991-12-08,170.18,167.64,,Orthodox
ab1a4ddb-ccd3-5790-831e-f193b17c95d5,Blood Diamond,1988-07-10,180.34,193.04,,Switch
ab1c77a4-d5dd-5d52-95a4-2097f05448e3,Juan Alcain,,,,,
ab33840d-972b-5ca6-8df0-0af8f6ae1b1b,Brad Gumm,,180.34,,,Orthodox
ab3eb19f-0f2b-528b-af0a-d5f2e55616b2,Nicdali Rivera-Calanoc,1985-06-12,160.02,,,
ab571da0-5655-50e3-b9e6-fb158bc174fd,Nassourdine Imavov,1996-03-01,190.5,190.5,,Orthodox
ab59ac87-59df-547f-815c-b17ccf93c05c,Victor Dias,1990-12-26,167.64,175.26,,Orthodox
ab5c1378-b22b-57da-87f8-d09fc82c1d54,GwanWoo Lim,2001-07-27,,,,
ab68c500-ae6a-5b8b-85a4-538d0ef8a142,Yuki Kondo,1975-07-17,180.34,,,Southpaw
ab737d99-e1a2-56ad-b2b4-4d605d41df82,Marcus Brimage,1985-04-06,162.56,180.34,,Southpaw
ab7c2564-c6cc-5d87-9d01-95e4d1b6c9be,Tobias Harila,1994-01-13,,,,
ab81d372-c792-53f4-a053-58a0b3e0c27f,Kevin Knabjian,1984-07-05,177.8,,,Orthodox
ab82c957-0eba-50bc-86bf-755f3885e599,Richard Odoms,1975-05-08,195.58,,,Orthodox
ab921984-cc36-59da-b1f7-d08a70a414f5,Shinya Aoki,1983-05-09,180.34,,,Southpaw
ab9880fd-071d-5d89-aa1f-dadce408004f,Justin McCully,1976-02-18,185.42,185.42,,Orthodox
ab9a4c8a-ac7d-5e14-80d8-11aa9413096e,Michal Figlak,1996-08-15,177.8,177.8,,Orthodox
ab9d1afb-1ee9-5cb0-85ce-f6899e40887c,Leon Edwards,1991-08-25,187.96,187.96,,Southpaw
abad52ca-9d96-5e59-a4c3-2310c2f1f2d2,Denys Bondar,1992-06-27,167.64,175.26,,Orthodox
abaf2360-1269-5c8c-b5b1-ad7599427738,Kento Imai,1999-08-10,,,,
abb19a5c-27b8-5926-a59b-f470a495e5fe,Aaron Jeffery,1992-11-14,187.96,185.42,,Orthodox
abd8b97e-c3e8-52f5-b9bc-c9dfa3c6b999,Josh Barnett,1977-11-10,190.5,198.12,,Orthodox
ac1a5312-c62e-5621-9c2e-5c8ff67f246b,Rory Singer,1976-05-28,187.96,195.58,,Orthodox
ac4b2315-5ac6-561c-8c59-95b4b7d0759a,Michael Knaap,1984-02-27,187.96,,,Orthodox
ac50cfcc-48fd-5692-90bd-06aead32a45c,Hashem Arkhagha,1989-09-11,187.96,190.5,,Orthodox
ac5673a7-2b12-57c3-b6c3-f7db36922a4a,Santo Curatolo,1995-01-18,160.02,157.48,,Southpaw
ac570054-64f2-52fd-b34b-9af74a5e78a8,Devin Clark,1990-04-12,182.88,190.5,,Orthodox
ac59cea3-defe-56bf-8388-dc80003a9003,Loik Radzhabov,1990-09-17,180.34,175.26,,Orthodox
ac673fa0-b840-5285-8cd4-f61a88c0d2fd,Andre Santos,,182.88,,,
ac7b1475-4192-51f7-8920-f3433988dcaf,Olivier Aubin-Mercier,1989-02-23,175.26,177.8,,Southpaw
ac7c3d93-72ae-56a0-bc6f-fad2feddd13b,Royce Gracie,1966-12-12,185.42,,,Southpaw
ac899166-f7d3-5293-93b1-a530f7900bb6,Justin Bruckmann,,175.26,,,Orthodox
ac8ed63b-e7fe-5cd5-b66c-d2e970cfb705,Joe Hurley,1978-06-24,172.72,,,
acacdc67-f898-59fc-a052-39bb8b61c0d5,Ken Stone,1982-10-08,172.72,180.34,,Southpaw
acb6e3e0-5860-508b-8cf7-8f0d64aba0d2,Nobuhiro Obiya,1981-01-15,172.72,,,Orthodox
acb6f2bd-f821-5559-a5b7-5887bd19e2aa,John Donaldson,1992-07-09,172.72,,,
acbba9a4-3da3-5a96-9bc5-74a6f6195902,Rob Kimmons,1981-01-30,177.8,185.42,,Orthodox
acbbc271-288c-5302-aa9d-5b696bdd20d9,Chad Laprise,1986-07-23,177.8,180.34,,Orthodox
accead74-284b-59fd-ba8a-e7609a7f15cd,Gabriel Benitez,1988-06-15,172.72,180.34,,Southpaw
acddd5cc-274b-5f37-9a21-83c1d754e7dd,Jay Perrin,1993-06-15,170.18,170.18,,Switch
acde3c32-ba43-549e-9dfc-298b97dae062,Jean Silva,1977-10-08,167.64,,,Orthodox
ad07c9f6-5599-5fd2-b425-890dce887010,Cody Chovancek,1998-07-24,172.72,170.18,,Switch
ad176606-8145-56a7-8c94-0f12d11ade1d,Amber Tackett,,,,,
ad6bde51-5769-5bd4-94a5-a52dbfada4a3,David Rasouri,,170.18,,,
ad7b8b62-ca89-550e-8c49-ad516839d41d,Charles McCarthy,1980-08-06,177.8,180.34,,Orthodox
ad8066fa-7179-5310-affc-26bf0897a01e,Cole Smith,1989-04-05,180.34,170.18,,Orthodox
ad8ff9f9-cb9f-5345-af2c-0fdeb168b051,Mirsad Bektic,1991-02-16,172.72,177.8,,Orthodox
ada300d1-8319-5c51-92a2-e7deabe54aa7,John Gunther,1985-11-24,175.26,182.88,,Orthodox
adaf056f-da0b-5cd3-af3a-616250448793,Hugo Viana,1982-09-26,167.64,170.18,,Orthodox
adb1230b-77d6-5785-903b-ba1841611773,Paul Buentello,1974-01-16,187.96,195.58,,Orthodox
ae042c3a-d07f-5f88-905e-5af8d73c4cc7,Pete Rodriguez,1996-11-13,175.26,180.34,,Switch
ae07bbf2-d084-5b6e-801f-193ef88d32f3,John Lineker,1990-06-12,160.02,170.18,,Orthodox
ae1c1e72-1454-545a-9783-9b2337d8ccb7,Tom Lawlor,1983-05-15,182.88,187.96,,Southpaw
ae1d37fa-c1fa-54d9-b108-efa0f8b98c88,Ryan Roberts,1978-07-16,167.64,,,Orthodox
ae2ea036-6d13-519b-a384-8adfcb74ad3f,Victor Henry,1987-05-04,170.18,172.72,,Switch
ae4e7b98-8ac5-5622-b153-119de8d40b29,Andre Walker,,180.34,,,Southpaw
ae6e70eb-fece-58c6-b948-f19cee7b13bd,Chris Mickle,1983-07-10,175.26,,,Orthodox
ae6ef893-3e85-5f89-a5a3-63d69bc882ba,Jakub Wiklacz,1996-09-10,177.8,182.88,,Orthodox
ae82dd56-6c62-54f8-9541-884e040d0456,Jack May,1981-04-14,203.2,,,Switch
ae99643c-4fd1-5e50-b3d7-f4a1e6e8b3de,Brandon Melendez,1983-03-24,180.34,,,Southpaw
aeaea2e7-4918-5b68-bc32-bb095a74cd86,Lu Kai,1994-03-01,175.26,175.26,,Orthodox
aeb2ddbd-0f8b-5b0f-a4db-b740428060e1,JJ Aldrich,1992-09-29,165.1,170.18,,Southpaw
aebea718-c39a-5ffd-b0ac-545d6c75f33b,Namsrai Batbayar,2000-12-29,162.56,172.72,,Orthodox
aec07703-5490-5bda-83e6-bd8dc4ef8b2a,Manuel Rodriguez,1985-04-25,175.26,,,Orthodox
aeea7467-53b8-5141-904d-78d669b34714,Maria Rios,1983-05-31,165.1,,,
aeeb23b7-09e7-5bc1-aaf2-c9e4216dd730,Shonie Carter,1972-05-03,177.8,,,Southpaw
aef9287f-ce1e-513a-8594-a09ecf9572e5,Tim Credeur,1977-07-09,190.5,190.5,,Orthodox
aef9e5fb-d35b-5947-94d9-fbadea4b4aa8,Kyle Levinton,,,,,
af078d45-b70c-57dc-8658-1fa0ce7c2fcd,Yoshihisa Yamamoto,1970-07-04,187.96,,,Southpaw
af083711-b69e-5d04-b422-e5340c3c531b,Eli Tamez,1985-08-22,170.18,,,
af209522-4730-5215-97e6-82c985a24069,Nick Penner,1980-03-26,193.04,,,Southpaw
af231479-87c0-5877-8ca6-4575a8fb4263,Caio Bittencourt,1991-05-22,182.88,190.5,,Orthodox
af2f92c5-8c8c-58ed-a930-37206d43571f,Derrick Lewis,1985-02-07,190.5,200.66,,Orthodox
af362260-9fb6-558b-b426-5f857f7a197e,Eric Esch,1968-08-03,180.34,,,Orthodox
af6ae606-3ec9-507f-b810-0bb0597c5fa5,Takeshi Inoue,1980-03-18,172.72,,,
af6af8d7-013d-599f-bff1-01429ec0da60,Renato Sobral,1975-09-07,185.42,190.5,,Orthodox
af71babb-ee18-51ff-8f83-bf1c6f908ffd,Kazula Vargas,1985-08-15,172.72,180.34,,Southpaw
af81879c-df57-5bc0-9a76-9d10b5d24606,Doug Kay,,,,,
af93d007-064f-5146-8e3c-0ee57b825c00,Petr Yan,1993-02-11,170.18,170.18,,Switch
af9a30c7-98d5-5088-a05c-6964d0704dd5,Alex Crispin,,,,,
afae3ba4-7de7-59ab-9f87-6c43d0de14a1,Jesse Bongfeldt,1980-08-28,182.88,,,Orthodox
afcaaec7-db3d-59ef-9c8f-7db411b14723,Chad Hanekom,1990-04-20,193.04,187.96,,Orthodox
afd4d7f7-82cd-5df0-a93d-771e5a310e2a,Brian Lo-A-Njoe,,170.18,,,Orthodox
afdfad60-6b6a-5305-afd7-1ed3fed1ed77,Salvador Becerra,,175.26,,,
affe6fa2-00c2-5de4-bdd9-ca427aa452b1,Wes Albritton,,177.8,,,Orthodox
b0111664-c49a-5a5f-bfc2-e20b5427ce3a,Henrique Shiguemoto,1989-06-22,180.34,182.88,,Orthodox
b0210439-24ee-5b50-99f7-aa1ae438c576,Jordan Goodwin,,,,,
b0222b8b-24db-59b6-b2a3-3cdf3e124f4b,Elizeu Zaleski dos Santos,1986-12-11,180.34,185.42,,Orthodox
b02ac1f8-7172-5914-82be-609d15b2149b,Justin Hawes,1979-01-13,180.34,,,
b039c2fe-1bb5-54f2-a42a-39aec0ac8123,Jeremy Kennedy,1992-09-16,180.34,180.34,,Orthodox
b054f183-13e9-59bc-b756-78cdf47620d2,Cesar Almeida,1988-03-28,185.42,187.96,,Orthodox
b078dc69-cef6-552d-aa24-dfa99c0840a6,Ollie Schmid,2000-12-28,,,,
b0882177-104d-5fcf-88c3-fef672ab8cd3,Ailin Perez,1994-10-05,165.1,167.64,,Switch
b0a2f6d1-51f2-5cff-bae8-3a2311c19729,Daniel Roberts,1980-08-05,177.8,187.96,,Southpaw
b0bb43d3-76ea-5694-9fb0-1ba148f6a694,Takashi Sato,1990-06-09,177.8,185.42,,Southpaw
b1089af9-9072-56d2-8eaf-e824aa7a2336,Zhang Qinghe,2001-11-05,170.18,170.18,,Southpaw
b11a867f-8be9-56ee-abff-ba802df12fe9,Austin Tweedy,1990-09-25,175.26,,,Orthodox
b12b4766-483b-5676-b572-b35a8dfd590e,Alex Enlund,1987-05-27,177.8,,,Orthodox
b13fe870-4b7e-54d9-9ae6-e98f69977ac4,Tucker Lutz,1994-07-12,172.72,182.88,,Orthodox
b1444a42-ce72-5f3e-a0ca-aaa644dd6f84,Kyron Bowen,1993-12-22,190.5,185.42,,Orthodox
b150face-30c5-52dc-9eb4-40681c62350a,Dewey Cooper,,,,,
b16091ea-19fc-526c-bff6-11e68c1de927,Jesse Fujarczyk,1983-01-28,193.04,,,Southpaw
b162b92a-acc6-51a1-acff-160be24f55e0,Francis Ngannou,1986-09-05,193.04,210.82,,Orthodox
b168ef9e-51c6-538b-b3ae-a2a3aa8b7955,Jose Ochoa,2000-12-31,170.18,170.18,,Southpaw
b17af851-668d-57d7-89a6-edce17988be6,Raheam Forest,1997-07-11,180.34,185.42,,Switch
b18f6e41-5e39-58c5-a2ae-a20a0fdb1f14,Jose Maria,1982-01-04,165.1,,,Orthodox
b1a6b86f-6f55-53a4-a32b-6c7d28cc4f7e,Katlyn Cerminara,1988-12-28,175.26,172.72,,Orthodox
b1b46c99-43c0-57cf-b828-c08a4cc8c5b4,Dominik Humburger,1996-01-03,,,,
b1d98ec2-b19f-54b3-b0bd-2d15720a8055,Raphael Uchegbu,1995-08-16,175.26,185.42,,Orthodox
b1dbc0a0-ad49-5418-9f67-5cfe74ff0fac,Polyana Viana,1992-06-14,165.1,170.18,,Orthodox
b1dc55ed-8e7d-5d58-9f62-e39b3f25034a,Eldo Xavier Dias,1964-07-16,180.34,,,
b1e86666-a82f-58a3-a0a6-59676a7c58be,Rolando Perez,,172.72,,,Orthodox
b1ebe008-1377-577c-bb69-3ccbe1e3befd,Maheshate,1999-12-01,182.88,180.34,,Orthodox
b1fefb9e-7769-5d9f-8344-b976a22fce66,Mike Dolce,1976-04-15,180.34,,,
b20d72f2-4eef-5d61-8f09-ac86b44d71ee,Marcus Aurelio,1973-08-18,177.8,187.96,,Orthodox
b21181d0-aa2e-58ee-a5d6-973ddc6aecb8,Cam Rowston,1995-01-19,190.5,198.12,,Orthodox
b211f29d-df93-50ce-a8d9-1f8238ce4258,Dillon Smith,,182.88,,,
b2293cba-e985-513e-bda8-07ee78c61cf6,Jessica Eye,1986-07-27,167.64,167.64,,Orthodox
b23aba63-9ca8-5b53-847c-023d9b0553db,Luis Pajuelo,1994-12-18,177.8,175.26,,Orthodox
b25be9cc-324f-54e0-aecc-a6eb99c39b7a,Marcin Tybura,1985-11-09,190.5,198.12,,Orthodox
b2781836-78d2-5a98-b7a9-85f195d7673a,Abel Cullum,1987-04-21,170.18,,,Orthodox
b2846c20-b99e-56fd-9e3c-6387a5affe31,Neil Magny,1987-08-03,190.5,203.2,,Orthodox
b29d8155-7e0f-57ef-ae2c-ac6826a8337a,Daniel Marcos,1993-03-07,170.18,175.26,,Orthodox
b2a14e9c-098e-5435-ab36-a80d879eaf1d,Fabian Gonzalez,,177.8,,,
b2a61fd1-fa6c-5910-b3a0-8fa50e40357f,Eric Lawson,,182.88,,,Orthodox
b2ad707c-155e-50c1-90a6-e95e58c1ac68,Mirko Filipovic,1974-09-10,187.96,185.42,,Southpaw
b2c647e1-7ddc-554a-9d76-6fc2745e7081,Akihito Tanaka,,,,,Southpaw
b2d097c7-eee5-581c-ac62-ef50cf3eeca1,Mabelly Lima,1994-01-25,157.48,,,Orthodox
b2d4752f-49ce-553b-be6d-1b61583941ef,David Mitchell,1979-10-24,182.88,190.5,,Orthodox
b2e199e6-c966-514f-a0b3-9ec9ed81f0e7,Raimond Magomedaliev,1990-06-10,185.42,190.5,,Orthodox
b2fe85c1-16c6-5a2a-b04a-25df6eb96415,Tsuyoshi Kohsaka,1970-03-06,180.34,,,Orthodox
b30998d5-5c58-5dd5-a49a-beebd9be856b,Nilson Rojas,1999-04-21,,,,
b328f770-634d-5420-9775-4da6c7a41691,Juan Espino,1980-10-09,190.5,203.2,,Orthodox
b32dd4f5-e23d-5831-8140-bc4d9e537949,Daniel Spohn,1984-10-12,193.04,200.66,,Southpaw
b3756199-42e4-5d15-ba88-b0cd3afa3aca,Stephen Regman,1991-08-05,180.34,193.04,,Orthodox
b37d3d8d-31c6-5d0a-a198-4f8366f87e03,Erik Koch,1988-10-04,177.8,180.34,,Southpaw
b37e38eb-fcbe-5c2d-83e9-e62d814103b3,Karla Benitez,,160.02,,,
b3978ed6-82f9-5ae8-8f82-6acd4d85c8c6,Chris Inman,,,,,
b39da419-3207-566c-a5b3-3074801d89a5,Chris Condo,,182.88,,,Orthodox
b3a3ca0b-484c-5389-8c22-ece7874a25aa,Balajin,1992-03-31,175.26,182.88,,Orthodox
b3aa4d47-cb32-50c5-a5f3-ebf4dc4d9b8b,Zachary Borrego,1996-07-18,187.96,198.12,,Switch
b3adaf47-aa45-5e6e-85c9-c01496a449de,Sam Alvey,1986-05-06,187.96,190.5,,Southpaw
b3b724b5-d837-5a4f-a3e0-28a3979eb6b2,Jarjis Danho,1983-10-15,190.5,187.96,,Orthodox
b3b941b6-8043-5811-a05b-f802bb5de50b,Jussier Formiga,1985-04-14,165.1,170.18,,Orthodox
b3dc5abf-435d-584d-937b-9bd3059e0d19,Bryson Kamaka,,180.34,,,Orthodox
b3dd814d-fdfd-5709-8c80-1b3aac658c0e,Igor Vovchanchyn,1973-08-06,172.72,,,Orthodox
b3e13f7a-a4dc-5cdd-944c-482d65a57a7a,Tom Tuggle,,187.96,,,Orthodox
b3f470bd-e932-5f7d-a330-a413ac6f2324,Kazushi Sakuraba,1969-07-14,182.88,,,Southpaw
b42d0400-5f45-5011-8371-9cd8367d5682,Rulon Gardner,1971-08-16,190.5,,,Orthodox
b450b6fd-f92a-57b1-aa18-16d36bbffd02,Carlo Prater,1981-06-25,180.34,182.88,,Switch
b4515b18-89d6-527d-a472-cf2291b4eaae,Virgil Zwicker,1982-06-26,187.96,187.96,,
b4590e1a-0695-5b88-b6b7-5878480e267a,Byron Bloodworth,1983-08-16,172.72,,,Orthodox
b462691f-6d06-59cf-b40a-952dd9553445,Jason Riley,1975-09-22,198.12,,,
b46b8c4e-9747-530f-b8fd-cd4e69e4cd3f,Orlando Wiet,,177.8,,,Southpaw
b47671e3-b769-580c-a511-d46f26c3863f,Edson Silva,,,,,Orthodox
b484979f-787e-5f90-adf7-3c6b55a210c0,Eddy Millis,,185.42,,,
b4871099-70ce-5cf3-a7f4-c35e7d13ba34,David Gardner,1977-05-17,180.34,,,Orthodox
b4cd83a9-4f08-56a8-a3ee-ef400b490c5f,Demian Maia,1977-11-06,185.42,182.88,,Southpaw
b4d7557f-e6c9-5d66-b141-159fd25e9aeb,Alexis Davis,1984-10-04,167.64,172.72,,Orthodox
b4dfadd0-69fa-5c02-aaa1-153fd97cbc1c,Magnus Cedenblad,1982-04-10,195.58,200.66,,Orthodox
b4e0cc23-1bed-5cd9-b307-763529f9a413,Yuki Ishikawa,,180.34,,,Orthodox
b4fe3bed-b56d-5042-8fc1-e6bb110f71be,Alex Gilpin,1992-03-26,170.18,,,Orthodox
b519065e-002b-515a-ade6-9a8cccfbf3be,Justin Guthrie,1981-01-19,185.42,,,
b5400412-e94d-5683-b23e-747a4b184521,Art Jimmerson,1963-08-04,185.42,,,Orthodox
b543f705-81f6-5817-9ce2-24396d94c715,Guido Cannetti,1979-12-19,167.64,172.72,,Southpaw
b54c465d-cc7a-53f2-977b-31bfe2cdbf25,Malik Lewis,1996-03-04,182.88,190.5,,Orthodox
b576138b-7451-516e-a6e4-41f375f06d97,Jonathan Piersma,1996-03-03,180.34,185.42,,Orthodox
b5a5d2e6-4d51-5984-8ae8-e57a37a9dde4,Cameron Dollar,1987-05-12,180.34,,,Orthodox
b5ac17a5-9f23-5b12-8997-43093131a2b4,Akihiro Gono,1974-10-07,170.18,172.72,,Switch
b5b698e9-b52d-5be7-acdd-7357d8d34bdc,Adriano Santos,,,,,
b5b7f0be-5a9e-58a5-9236-742f5d91612c,Dylan Andrews,1979-11-15,185.42,187.96,,Switch
b5dca9fc-ce68-5e8d-8fcf-1e7fadfb2de7,Alden Coria,1998-04-24,172.72,170.18,,Orthodox
b5dd1625-133d-5f0c-9d6e-e587dd3a6948,Movsar Evloev,1994-02-11,170.18,182.88,,Orthodox
b5e004fa-6f90-5ddf-b7fb-14d73c4f91e6,Bazigit Atajev,,185.42,,,Orthodox
b5f85302-010a-5c92-8484-6baac6392b6b,Larry Parker,,180.34,,,Orthodox
b607d562-388b-5dc6-a474-079b71fe0c67,Kazuyuki Fujita,1970-10-16,182.88,,,Orthodox
b6372b97-5eef-58a0-b24e-a6ef399448ca,Cheick Kongo,1975-05-17,193.04,208.28,,Orthodox
b6458bd2-898c-58d7-8e53-8df7b0c7dfb9,Aaron Simpson,1974-07-20,182.88,185.42,,Orthodox
b6494657-fbf9-59ae-91c3-0acb60f45352,Jason McLean,,165.1,,,
b64b20ab-416d-5ba8-a46c-6ae6e1b86fc6,Minoru Toyonaga,,180.34,,,Southpaw
b68dbf15-2a64-5953-a5e6-78d5ee9487fe,Houston Alexander,1972-03-22,182.88,182.88,,Orthodox
b698fb99-b434-5a3d-aec5-2031cad3f93a,Nick Roehrick,1987-07-06,187.96,,,Orthodox
b69a42af-e60c-54e5-a9b5-367903da5a98,Raphael Pessoa,1989-03-09,190.5,198.12,,Orthodox
b6a3e336-bd04-5477-8c45-76efada20296,Robert Densley,,175.26,,,
b6a936f5-4469-50c4-9ff1-234a071f9a2e,Maiara Amanajas dos Santos,1987-07-11,165.1,,,Southpaw
b6b37014-77be-5b12-90d1-0df34a72ffba,Kiefer Crosbie,1990-04-05,180.34,177.8,,Switch
b6c065e5-fedb-5f6c-9d6e-5b206ccd596b,Guilherme Vasconcelos,1986-03-23,182.88,,,Orthodox
b6cc0169-5a9a-57e4-8bfa-829dec09ba41,Dan O'Connor,1982-11-17,162.56,,,
b6cdab28-314b-583d-92f4-16a3500d5045,Keisuke Sasu,1994-09-30,165.1,175.26,,Switch
b6efef20-6a21-5261-88d5-5bd238167214,Kevin Gray,1985-05-03,162.56,170.18,,Orthodox
b735741d-54b6-507a-87de-427091b1bd57,Brad Pickett,1978-09-24,167.64,172.72,,Orthodox
b7376a4b-51e0-55d4-a19d-0b5ab612f297,Sai Wang,1986-01-14,182.88,,,Southpaw
b74f73b8-b993-5262-85ae-a4d3d61c3108,Tatsuya Mizuno,1981-06-02,185.42,,,Southpaw
b7534429-f4fd-5c02-8038-6164c68546a8,Charles McTorry,,,,,
b75be51d-beae-51ea-afca-c9d719db440b,Ernie Verdicia,,180.34,,,Orthodox
b781c232-d714-579e-83bb-1a4d2cfcb1e2,Branden Lee Hinkle,1973-07-29,190.5,,,Orthodox
b786cb1e-f4fa-515e-8f96-f9049f387eb0,Jack Duffy,1995-10-02,170.18,175.26,,Switch
b7884104-fc98-5900-9cb2-04229662fd4c,Neil Grove,1971-01-18,198.12,,,Orthodox
b78a466b-9dff-57f5-9d7b-a8431a4e37ee,Derek Bohi,,193.04,,,
b78bdba8-d44f-582d-ac75-ee6dcb95386f,Taylor Callens,1991-05-21,177.8,,,
b795e0da-5331-5478-b83d-ac0a3550739c,Joe Neal,1986-07-29,167.64,,,
b796ff22-a5ea-57a5-ab3c-d62c8fc07b2b,David Terrell,1978-01-09,185.42,,,Southpaw
b79ef408-0711-5245-9de1-394be96f48a7,Sanae Kikuta,1971-09-10,175.26,,,Orthodox
b7ad828a-15e2-53a8-940e-75c155c5c6ce,Greg Rebello,1982-06-13,182.88,185.42,,Southpaw
b7b5b460-0e2d-5286-bba6-b139f43b902b,Claudia Leite,1996-11-04,160.02,162.56,,Orthodox
b7be443b-4528-5ec8-9680-1ed5b986ef60,Bill Duvall,,187.96,,,Southpaw
b7c555d6-6f9d-5539-87b3-4fcee75bf98c,Blake Watkins,,,,,
b7fe64d8-5f3b-5e0a-a635-b19be050fc99,Ismail Naurdiev,1996-08-18,177.8,187.96,,Orthodox
b8012752-3650-53d5-a130-75108d6f00ec,Luan Chagas,1993-06-17,182.88,190.5,,Orthodox
b8042d4e-09d4-53ef-8e53-c5c027bdac5c,Ashlee Evans-Smith,1987-07-09,172.72,170.18,,Orthodox
b805af4b-6635-589f-9758-066adf0a39ef,Donte Johnson,1999-01-25,172.72,187.96,,Southpaw
b81ac0b1-bbe5-532e-9231-83cde304c32c,Sako Chivitchian,1984-03-11,180.34,,,Orthodox
b82d5f7a-d869-58cc-a09b-be94a468aaa6,Gray Maynard,1979-05-09,175.26,177.8,,Orthodox
b83e2046-3288-50f6-b826-cb66a9b1c1fd,Hector de Sousa Santiago,1993-03-23,,,,
b8780ce5-f138-598d-ad13-04aef9d21ab5,Jonas Bilharinho,1990-05-22,180.34,190.5,,Switch
b8894e35-5ab1-58f4-b506-2ba16a539736,Jared Gordon,1988-09-06,175.26,172.72,,Orthodox
b88ea590-b4c6-518b-a47b-60b056d881d7,Zach Rosol,,,,,
b891c509-22ad-57fa-8a55-3f0cb9175fe3,Ezra Elliott,2000-05-18,175.26,182.88,,Orthodox
b897ce4a-fb04-5ec9-8dba-70e740e67a0a,Justin Buchholz,1983-08-22,182.88,185.42,,Orthodox
b8a385be-0ffb-5dba-91d7-1d2babba54dd,Manuel Gaxhja,1997-07-23,172.72,,,Switch
b8b1d870-45a9-5ec8-be6c-3b3cd9048795,John Gunderson,1979-01-05,175.26,175.26,,Orthodox
b8cd0fbe-76c4-5e58-97d2-f5a050e61c3e,Ty Miller,2000-06-04,187.96,195.58,,Orthodox
b8cd4457-f601-5eb2-9692-2eb44a96a2bb,Craig Oxley,1973-02-14,175.26,,,
b8d6f282-ed24-5c77-88f8-fcf331b25b1b,Jason Ireland,1979-12-30,175.26,,,Southpaw
b8d7beec-cbdb-5dcf-94b4-01b6e565bc83,Joe Son,1970-11-22,162.56,,,Orthodox
b8ee409e-ded2-5f8c-98ef-e19941bba005,Christopher Alvidrez,1996-12-27,182.88,187.96,,Orthodox
b8fcb221-c091-5f97-a671-37fbb3e82057,Chelsea Chandler,1990-11-23,172.72,172.72,,Southpaw
b92752c3-d2fc-5020-ad80-e49120b87577,Todd Lally,,170.18,,,Orthodox
b927f65c-bf73-5ce5-b7f8-0a7a3dd90769,Icaro Brito,1999-03-09,,,,
b92fc6e4-48c6-5151-9402-89c9e1352777,Ernie Juarez,1998-01-12,172.72,177.8,,
b94bf972-25e7-5d54-bf4a-e49c1d7f42c2,Erick Visconde,1996-11-21,,,,
b97a60dc-444f-5169-9048-9e65f7be9030,Jorgen Kruth,1974-05-08,187.96,,,
b97b3f14-2d48-54da-8dad-2af187fd0892,Chris Avila,1993-01-16,177.8,,,Orthodox
b988be10-c445-5a72-985a-df1afd462e01,Yura Naito,1996-04-26,182.88,187.96,,Orthodox
b9a72b7d-ea51-553d-ac92-3e512729822f,Vanilto Antunes,1994-12-28,182.88,182.88,,Orthodox
b9bb8b55-779b-5df7-a199-66e15af1dbc8,Bilal Hasan,2001-07-16,,,,
b9c3c8c5-a0c5-5056-83e5-35f5bb12deb5,Kristian Rothaermel,1972-01-31,182.88,,,Open Stance
b9cb3a27-2cc5-54da-9705-5b98c09b7c39,Larissa Pacheco,1994-09-07,170.18,,,Orthodox
b9dbb4f4-7200-576d-b20a-53aa03d009ce,Marina Spasic,1994-07-11,,,,
b9de72a7-ee80-589c-b321-ebb38f0168ed,JR Coughran,1994-05-17,167.64,,,Orthodox
b9f0732b-64ef-5c03-a4b8-740e65191c43,Sammy Morgan,1981-09-28,177.8,,,Orthodox
ba08dc37-9799-5888-a093-e57976527666,Joey Gomez,1989-08-29,177.8,180.34,,Orthodox
ba1fd116-9985-5bcf-848f-308ca4ac4bb1,Serghei Spivac,1995-01-24,190.5,198.12,,Orthodox
ba369c33-4872-524c-a4f4-bfae52b1c4a4,Satoshi Honma,1968-05-19,185.42,,,Orthodox
ba41362d-8f9f-54bc-9783-20c4fbea1024,Anvarbek Daniyalbekov,1995-05-27,,,,
ba4182fa-c518-5988-94eb-f3434b906c4e,Grigory Popov,1984-04-18,170.18,172.72,,Switch
ba55c364-d0d4-5c8a-9e67-13fa935a5733,Matt Sayles,1994-02-21,170.18,172.72,,Orthodox
ba73a7d7-6157-53b4-8458-54c0ef8967a0,Viacheslav Borshchev,1992-01-08,180.34,175.26,,Orthodox
ba7ec4a0-6013-5d71-8300-9becee875e73,Rani Yahya,1984-09-12,167.64,170.18,,Orthodox
ba9d455b-8f94-5d56-b209-3a0e328a1db2,J.T Taylor,,177.8,,,
bab43706-d86c-5c6e-88e5-a30a11c26c91,Blake Bilder,1990-07-12,172.72,172.72,,Switch
bad10afc-00ec-54a0-8e00-2d8cf4d67279,Gabriel Checco,1986-04-03,185.42,,,Switch
bad88d56-411a-5bc6-bbe1-fe09ba7de531,Mateo Vogel,1996-03-05,172.72,180.34,,Orthodox
bae2f7f5-4cc9-5601-b794-c7d5683a0ca7,Marcus Kowal,,,,,
bae53214-2d17-5f4f-ac0a-af315bcae656,Danny Silva,1997-01-30,180.34,177.8,,Switch
bae6f2a0-bc6d-5637-a30f-35d9d9b6f295,Chibwikem Onyenegecha,1994-04-18,190.5,,,Orthodox
bb07c8d2-bc47-5754-b4d3-2f9eaad816e9,Sara McMann,1980-09-24,167.64,167.64,,Orthodox
bb11ca60-3852-5b12-b948-7ea0d3323f96,Tae Hyun Bang,1983-04-15,175.26,180.34,,Switch
bb153e49-22e9-529c-830a-4b8fb73d0e5c,Naoki Matsushita,,167.64,,,Orthodox
bb195bf5-2fe9-5f44-820f-ed63f9ca745b,Bogdan Guskov,1992-09-12,190.5,193.04,,Orthodox
bb1d7523-e79f-5661-abfd-c05c7ef2ac09,Masuto Kawana,1995-01-30,167.64,175.26,,Orthodox
bb1ecf17-c0fe-5d41-bfca-005d2a90e4db,Luiz Firmino,1982-03-18,167.64,,,Orthodox
bb22c5cc-3752-5336-b756-04f466d4a856,Oleg Taktarov,1967-08-26,182.88,,,Orthodox
bb5243a4-6200-5e71-ad2a-7bd6726b9742,Robert Whiteford,1983-04-12,175.26,175.26,,Southpaw
bb586c57-1204-58fd-97ec-93bf84d35076,Yan Qihui,1996-10-21,160.02,157.48,,Orthodox
bb67abc6-b65f-5413-a399-cdfea6a79273,Jonny Goh,,180.34,,,
bb6946e0-b128-52d0-b9e7-f2683c9d1096,Nicolle Caliari,1996-11-04,160.02,157.48,,Orthodox
bb6f6cf1-45e5-5986-aee5-c97af171395a,Stephanie Webber,,167.64,,,
bb7b1321-ac6a-5151-8587-4f08e155cf74,Bob Schrijber,,182.88,,,Orthodox
bb8719d1-ac80-593b-80ff-9f1fd9c55e38,Parker Porter,1985-04-22,182.88,190.5,,Orthodox
bba8d81e-4d39-5865-8666-ac705bd42ac6,Garrett Mueller,1989-01-29,175.26,,,
bbbc8e85-f07f-5f69-87b7-54a92db488ee,Scott Graham,,193.04,,,Orthodox
bbc5bc71-0814-5755-a7a9-869b2bbc96fb,Dalcha Lungiambula,1987-07-31,172.72,193.04,,Orthodox
bbe32087-0610-583b-bd5b-e27462faf384,JJ Okanovich,1990-11-04,180.34,193.04,,Orthodox
bbecfe7e-bb29-5c56-ba08-e554f021254c,Danillo Villefort,1983-05-08,185.42,,,Orthodox
bbee593d-25a8-58d7-bf13-aa9527393186,Elijah Smith,2002-09-05,175.26,180.34,,Orthodox
bbf0e15d-36f9-5a4f-803b-391557cb4e8d,Djorden Santos,1997-08-01,182.88,190.5,,Orthodox
bbf2eb92-f0de-5fdc-b9be-d05751a1b71e,Louis Gaudinot,1984-08-28,160.02,160.02,,Orthodox
bbf6cb5c-1bad-557f-8cab-cdf3c1b7daee,Kenny Florian,1976-05-26,177.8,187.96,,Southpaw
bc054c25-c5a8-5dcd-a461-68d2a874e42c,Andrei Arlovski,1979-02-04,190.5,195.58,,Orthodox
bc0c28fc-49c0-5e4d-b131-b19343e191a1,Akbar Abdullaev,1997-09-20,,,,
bc10633b-16d2-5c61-adf2-76a64530e038,Blagoy Ivanov,1986-10-09,180.34,185.42,,Southpaw
bc1e4766-a13f-5fe9-b3b8-f744f932352b,Josh Neal,,182.88,,,
bc6ceafe-54c5-5907-aaf4-c99099e72af1,Lance Gibson Jr.,1995-02-02,,,,
bc890e08-1191-5544-9890-d1e4b44acb47,Caolan Loughran,1996-05-18,167.64,172.72,,Orthodox
bc917ec1-756b-5eb8-973b-7b2af352171a,Allen Frye Jr.,1998-04-15,,,,
bc922ea4-40c5-5f82-ba76-fafb107eab8c,Jadson Costa,,170.18,,,Orthodox
bc991e97-0cb9-5a08-8353-56016eb91f82,Iwo Baraniewski,1998-11-20,182.88,185.42,,Orthodox
bcade9e7-e6cb-5dbe-b40e-6cb93a32321b,Tim Stout,1979-02-09,180.34,,,
bcb73db5-dfc4-5e05-af42-2bcbabf0fb38,Azamat Nuftillaev,1994-01-01,,,,
bcd7004a-79e5-56db-9415-2d86d49a570d,Motonobu Tezuka,1987-08-29,170.18,,,Southpaw
bce1cc79-8b0e-5497-8cca-9db4fa188bc4,Vincent Eazelle,1980-12-07,180.34,,,
bd0ef293-3a56-5e84-8701-a1021688a169,Hirotaka Yokoi,1978-06-08,180.34,,,Orthodox
bd1ee04d-be17-5cf9-941d-02dce8a69226,Sheila Gaff,1989-12-29,165.1,,,Orthodox
bd255c42-fbf9-5fc9-a2e1-ca36bdd699c9,Falaniko Vitale,1974-07-14,177.8,,,Orthodox
bd31eaad-3d8e-57c4-8655-da8d91e0d7b6,Roberta Rovel,,172.72,,,
bd35bb30-3966-50fa-b617-9de3b631878a,Gregory Rodrigues,1992-02-17,190.5,190.5,,Orthodox
bd3f3fa3-a357-5a09-ba77-35f4eeac24d8,Chico Camus,1985-01-26,167.64,167.64,,Orthodox
bd5149e8-3827-543f-b177-9c47c2dbfbe5,Efrain Escudero,1986-01-15,175.26,180.34,,Orthodox
bd6f4980-e901-5200-ab5f-f9773dd44ae6,Anthony Wint,1995-09-14,,,,
bd765401-551e-5d4e-b3a5-6dbd713c1651,Josias Musasa,1998-10-10,172.72,187.96,,Southpaw
bd784d02-37b1-5538-a73d-a85bb7b3d26a,Ron Sparks,,195.58,,,
bd978ecc-01c4-52ef-9634-8fcf344dd285,Alberto Mina,1982-05-02,182.88,195.58,,Orthodox
bda0a75f-8dc4-548f-9139-13e830a65a01,Jason Reinhardt,1969-10-31,167.64,,,Orthodox
bdaf23c7-a9eb-5fb1-82c3-72bb8f89151e,Raquel Pennington,1988-09-05,170.18,170.18,,Orthodox
bdb01cf5-d320-596e-817d-02236ed66fec,Cody Donovan,1981-02-20,190.5,187.96,,Orthodox
bde7575d-9032-5f80-a466-a84aeb5429b1,Kevin Randleman,1971-08-10,177.8,,,Orthodox
be0758f1-7148-57c9-8aca-f112caf27635,Thiago Moises,1995-03-23,175.26,177.8,,Orthodox
be31cac1-b35b-5481-b87f-794f2bc0881d,Rolando Bedoya,1997-01-13,180.34,187.96,,Orthodox
be3937ab-0b37-53cb-b4e6-36668cacff94,Gabe Green,1993-05-02,177.8,185.42,,Switch
be4444e4-46c0-5736-9182-2d1a91d036b2,Dante Rivera,1974-12-08,185.42,,,Southpaw
be7229be-1981-5a88-8cf2-d2e7d2635954,Luis Francischinelli,1996-03-16,,,,
be731241-3cec-5578-bc14-677dfc2da34a,Brandon Wolff,1975-10-18,175.26,,,Orthodox
be8c1809-8036-5ed1-b60b-867a9c2cb3fb,Edgar Chairez,1996-01-27,170.18,180.34,,Orthodox
be9da2b7-0800-5e6c-951e-f37df7cd578c,Jesse Ronson,1985-12-24,177.8,177.8,,Southpaw
bea2a590-fabe-5947-842f-ff1a63bfcd0b,Helena Crevar,,,,,
bea7f004-34f7-541c-b3cb-16dc134f5375,Chel Erwin-Davis,,182.88,,,
beaad3d9-e96e-54c9-bd69-02db28cb1771,Shaheen Santana,1991-06-04,185.42,190.5,,Orthodox
beb1941c-7231-5e25-8ce3-0b3ef7a81fa6,Hiroko Yamanaka,1978-10-24,180.34,,,
bed6c4a7-abe8-57d6-beab-03ccc0dde158,Javy Ayala,1988-08-20,185.42,,,
beda574b-4593-5441-ba11-e7fb58171b92,Homer Moore,1971-11-27,177.8,,,Orthodox
bee00b6d-91d0-52ef-a122-8e6fa0cb3cec,Billy Vaughan,1983-12-02,167.64,,,
bee33203-f083-59a9-b958-73d44566affb,Regezhen,,,,,
bef0cb73-c036-518a-882d-1ea8d022198d,Volkan Oezdemir,1989-09-19,187.96,190.5,,Orthodox
befa600c-a087-5dd7-b0c1-eb5751cf15c8,Austin Vanderford,1990-03-21,180.34,187.96,,Orthodox
bf123992-1064-5e59-ad83-fcc88d97fb8f,Francesco Maturi,,,,,
bf2270b1-b56b-5260-87f3-e38de197c500,Gisele Moreira,1981-01-14,167.64,,,Orthodox
bf372c8c-bcf1-5f1c-98c4-ae438770bf65,Mairbek Taisumov,1988-08-08,175.26,185.42,,Orthodox
bf471de0-e1a5-5ab1-8d49-e7acb13444b6,Bogdan Grad,1995-09-28,172.72,177.8,,Orthodox
bf482ce8-6d3c-5641-853c-a8c95ae54e6c,Nathan Fletcher,1998-01-03,170.18,177.8,,Orthodox
bf582c0d-a296-5803-b3b9-a93e463267e8,Eliezer Kubanza,1997-12-23,175.26,187.96,,Orthodox
bf5cefae-9aa8-5334-a2a4-a4baf05ba18f,Joe Stevenson,1982-06-15,170.18,177.8,,Orthodox
bf818ffb-f4c6-5591-bed7-2b3d098de417,Chan-Mi Jeon,1997-08-28,165.1,,,Orthodox
bf823f45-d61a-59dd-a245-9ba5d9353f47,Kazunori Yokota,1978-04-03,172.72,,,Orthodox
bf892c70-8a48-56ef-87af-53ce4687d9eb,Sangwook Kim,1993-10-17,182.88,180.34,,Orthodox
bf8bb5a4-cc7e-5fc3-980f-82001b701e9e,Pawan Maan,1986-04-06,170.18,177.8,,Orthodox
bf9bd4c0-a006-5583-b8aa-7adc414f2b42,Hector Urbina,1987-09-17,180.34,185.42,,Orthodox
bfadba49-b928-59a0-ba8e-00a152026808,Vadym Kutsyi,1991-07-18,182.88,180.34,,Orthodox
bfb0c550-5ad8-5711-b869-64eb4827fbc0,Shawn Teed,1992-02-13,195.58,,,Orthodox
bfd05949-24c5-5ccf-9f12-796632e9e82f,Luis Santos,,185.42,,,Southpaw
bfd26027-e374-5cc2-a18a-05d9422b2b94,Francois Botha,1968-09-28,187.96,,,Orthodox
bfe9ca48-92ad-53c8-95b9-1b4c47ad1b9e,Carol Foro,1997-03-21,157.48,154.94,,Orthodox
bff7d1da-82fd-5159-bfba-7f614cbac294,Paulo Filho,1978-05-24,172.72,,,Southpaw
c002a300-0937-51ba-8b1a-cdb6920093f2,Batgerel Danaa,1989-07-04,170.18,177.8,,Orthodox
c0109bd4-7ff6-5e01-ab3f-fec216168d58,Mikey Gonzalez,1985-08-13,180.34,187.96,,Orthodox
c016fb7b-8959-54db-a3cd-d68533a721c0,Leonardo Santos,1980-02-05,182.88,190.5,,Orthodox
c0178ae0-e459-57cb-9130-1b33c3313f36,Davi Ramos,1986-11-05,167.64,177.8,,Orthodox
c020f656-70ea-5f98-89a4-424f7f84cf91,John Phillips,1985-06-09,180.34,190.5,,Southpaw
c02a276f-8e2e-5eba-9c77-ea522723c519,Arthur Lopes,1993-02-17,187.96,195.58,,Southpaw
c02ad573-8ada-558f-8b20-c0ff65aa02eb,MinWoo Kim,1993-07-21,172.72,182.88,,Orthodox
c0368634-319e-5866-8522-725c11658276,Khusein Askhabov,1995-02-13,172.72,175.26,,Orthodox
c03fecef-fb6d-5a5c-89c3-24f34e4b99b4,Danny Martinez,1985-06-14,167.64,170.18,,Orthodox
c050b018-cc74-5d05-bdf7-fbe234380fcf,Edson Barboza,1986-01-21,180.34,190.5,,Orthodox
c05b7aa4-d034-5396-82cf-9db13a16fe4f,Wendell Oliveira Marques,1983-06-01,177.8,,,Orthodox
c05bb168-b655-5b12-9754-86191389473e,Daron Cruickshank,1985-06-11,172.72,182.88,,Switch
c05d4c77-d83d-5a5a-bb88-2611f0e8275f,Takenori Sato,1985-06-08,177.8,,,Southpaw
c061756d-12b3-533e-b67c-c83e62b4f98b,Antonio Trocoli,1990-12-06,198.12,200.66,,Orthodox
c091d5a0-f0be-557a-be03-555a4693510d,Nikolas Motta,1993-02-08,175.26,177.8,,Orthodox
c0c8c50a-b28b-5bb4-a68f-d3fa686f4d62,Tim Caron,1987-07-24,185.42,,,Orthodox
c0d153a4-8ae8-5928-bbd5-211c092d0b7c,Ralph Gracie,,175.26,,,Orthodox
c0d5bf9f-75f2-5d5f-adad-1c0d00997eb5,Matt Lee,,180.34,,,Orthodox
c0e20f07-ce62-5030-b92c-7810bc0411eb,Zach Zane,1989-12-14,170.18,175.26,,Southpaw
c0e5e6a1-fe36-56b5-92ec-72d1501448eb,Austen Lane,1987-11-09,198.12,203.2,,Orthodox
c0ecbad8-2285-5437-945b-c1b42721d753,Cameron Smotherman,1997-09-17,175.26,175.26,,Orthodox
c0fdf646-cfc8-5411-a38b-c0c7226abb81,Milana Dudieva,1989-08-04,160.02,,,Orthodox
c10a7d0f-f155-5155-b696-12e08002329e,Murilo Rua,1980-05-22,180.34,,,Orthodox
c13cc196-9877-54ec-b35b-7209b89ec76e,Travis Calanoc,,172.72,,,Orthodox
c147d1a0-b4bc-5b2d-912c-024e6c482221,Drew Pendleton,1983-12-08,,,,
c1665ae4-f1eb-5832-a351-324f92744646,Ryuho Miyaguchi,1998-01-27,,,,
c17329a0-45ae-55da-9f66-53d922185cba,Adilet Nurmatov,1997-08-02,,,,
c182b5ce-3cbd-57d7-b93f-ac6d64e55ed6,Israel Delgado,,177.8,,,
c1935bb7-8006-5203-96e4-c77955f0b6b6,Nikolajus Cilkinas,,,,,Orthodox
c1aaf14a-df92-55c1-8c18-ad374fccd8d0,Dan Stittgen,1980-11-17,185.42,,,Orthodox
c1b563c1-efea-564b-83a5-66c3f89a0517,Ryo Chonan,1976-10-08,175.26,177.8,,Orthodox
c1b7a95b-129c-5ab0-83bd-bb4575076683,Henrique da Silva,1989-09-01,190.5,193.04,,Orthodox
c1ca11e2-2b64-5128-84ea-5aa4f662167b,Michael Byrnes,1990-07-17,180.34,,,
c1f09320-1e9a-5c8a-bcdf-b03daecabd60,Ralek Gracie,1985-10-04,187.96,,,Orthodox
c1f0b1da-dcea-5f20-a251-62aa8adcc77c,Josh Stuart,,175.26,,,
c2184470-5b3a-5ebf-b642-7d8e174e2d2f,Wesley Correira,1978-11-11,190.5,,,Orthodox
c21916fb-c41d-5280-a4b9-395760a052c5,Pingyuan Liu,1993-02-13,167.64,182.88,,Orthodox
c2407fff-5405-564a-a79e-2d05c5b9fa03,Paulo Cesar Silva,1963-07-21,226.06,,,Orthodox
c241817c-4447-58a5-b91f-a7d9c834b5cd,SeungGuk Choi,1996-12-26,167.64,162.56,,Orthodox
c24c881a-d5d6-50d6-84a3-7d68186c4132,Gegard Mousasi,1985-08-01,187.96,193.04,,Orthodox
c24cbd4b-c3df-56c1-b11b-0ceb80b86749,Jorge Masvidal,1984-11-12,180.34,187.96,,Orthodox
c2735b3c-f64b-5e06-8abd-392a5375d0a5,Connor Matthews,1992-05-31,172.72,180.34,,Switch
c28a6f50-d977-5469-9993-68ad6bcd6691,Miranda Maverick,1997-07-01,160.02,165.1,,Southpaw
c2946250-5c9b-53f3-8fa6-7c61e4a6c970,Wilson Gouveia,1978-10-03,185.42,193.04,,Orthodox
c29ab477-a732-513c-838a-6fdb920fdfb1,Ihor Potieria,1996-05-29,190.5,190.5,,Southpaw
c2a455c5-0b00-5412-b21c-e361f5768778,Valerie Letourneau,1983-04-29,170.18,172.72,,Orthodox
c2b1d68d-e828-5539-a27f-a99efaa2ecbc,Jorge Gurgel,1977-01-25,170.18,175.26,,Orthodox
c2b2bd67-29ac-5acc-9cbe-3ffe21eaf142,Matt Van Buren,1986-06-12,195.58,,,
c2bbce48-9455-5783-b3f1-13c65fb60bc3,Ivan Gnizditskiy,1996-05-10,,,,
c2bbe748-6b89-54a6-8c9a-9e0e707e8e75,Alexander Crispim,,,,,
c2bd3012-0ce4-5ba4-88c0-b0fa2876d14a,Treston Thomison,,172.72,,,
c2c83210-01f5-56dd-87ff-fcb6f95375c0,Mizuki,1994-08-19,160.02,165.1,,Orthodox
c2d562b8-f9e8-5ad7-9a4a-d4c1a155be4a,Henry Cejudo,1987-02-09,162.56,162.56,,Orthodox
c2d6efdb-0211-53d6-8e95-22e9002412dd,Julie Kedzie,1981-03-18,165.1,,,Orthodox
c2de89cd-7225-53f8-a362-4a8fef419387,Said Nurmagomedov,1992-04-05,172.72,177.8,,Orthodox
c2deecce-7a36-5279-b776-e1bdbe4c0513,Sean Clancy Jr.,2002-11-25,,,,
c2e6b706-6b47-595b-b3cc-5b19ceda921c,Marcelo Brito,1977-11-27,185.42,,,Orthodox
c2fd08a8-f966-5d70-8f39-e45210161ddd,Marius Enache,1975-10-16,180.34,,,
c30191d4-3394-56a6-b78c-175ac3fe640a,Jacob Silva,1988-02-23,165.1,170.18,,Orthodox
c3080b7c-fba9-5301-9662-7ef50916e690,Trey Ogden,1989-11-14,180.34,182.88,,Orthodox
c3145c49-8c5e-5477-a469-adce6f08877b,Mandel Nallo,1989-07-26,182.88,190.5,,Orthodox
c31cc6ed-54d5-5fea-8c9d-91455e677341,Michael Bisping,1979-02-28,185.42,190.5,,Orthodox
c31cf62b-fd18-5b06-80fb-9913ebae032d,Brandon Saling,1986-01-28,177.8,,,
c3209030-2b0a-5410-8aba-4c3d86a43051,Augusto Montano,1984-10-25,185.42,185.42,,Orthodox
c32e7919-8c4b-52de-82c6-0fa517b3d76f,Chad Mendes,1985-05-01,167.64,167.64,,Orthodox
c338ed54-1ffd-5e68-94c7-ddf05cf62452,Gesias Cavalcante,1983-07-06,172.72,180.34,,Orthodox
c338fe99-d037-56cb-99e4-eaaad5e3760d,Greg Wilson,1988-10-02,,,,
c34505f4-c4c2-5e9b-baf8-975e02b2c23d,Felipe Arantes,1988-02-09,172.72,185.42,,Orthodox
c36db8bc-6d92-5731-9e3c-d828961232c0,Eric Castile,,172.72,,,
c379b101-fb16-5175-973d-cff24e20549e,Jose Aldo,1986-09-09,170.18,177.8,,Orthodox
c381dc7d-8cee-5b93-9b13-e13606952892,Andy Enz,1991-08-15,190.5,198.12,,Orthodox
c38e83bc-10b1-52c7-b17b-d6c5dae46ed3,Damion Douglas,,,,,
c39b3ceb-6fa7-5f83-b481-d1b045392226,Tra Telligman,1965-02-07,187.96,,,Orthodox
c39b4242-aa3d-5cb1-8df3-250ced928a68,Darren Till,1992-12-24,182.88,187.96,,Southpaw
c39f8207-f7dd-5948-a8c0-2e69c3bf58b4,Farid Basharat,1997-08-02,172.72,180.34,,Orthodox
c3a64f41-0ab6-57eb-9d74-b7ebf054f219,Bobby Stack,,175.26,,,Orthodox
c3a6b1b5-0f8f-562a-ac0f-6fe9f3ebb5bc,Dominic Clark,1985-08-01,177.8,,,
c3a97070-f935-57d2-93c8-5ec534121090,Brian Gassaway,1972-08-07,185.42,,,Orthodox
c3c88db4-7bd1-5b61-a666-8f3a06d7d9dc,Tahir Abdullayev,1997-02-02,172.72,185.42,,Orthodox
c3d3671a-91b7-5fe1-ad7e-2e94459cc6f5,Lee Higgins,1980-07-14,,,,
c3d8ab1b-b3cf-527b-9cde-f75168d269c2,Bas Rutten,1965-02-24,185.42,,,Orthodox
c3ec20dd-48bf-5684-9003-7a85675bc254,Amir Albazi,1993-10-27,165.1,172.72,,Orthodox
c400b5b6-02ca-560b-a462-ddbf4e0a7bab,Junya Kudo,,,,,Orthodox
c409148f-fe1e-51f0-a2de-94fb7ad21459,Nghiem Van Y,1999-05-15,170.18,172.72,,Orthodox
c4268426-e377-544c-81e1-f85a3c6320ac,Roybert Echeverria,1995-08-21,165.1,170.18,,Switch
c42dc691-f135-5aba-b824-970be033c955,Carl Toomey,,,,,
c44029c6-70dd-551b-be8e-77c4df633209,Gigo Jara,,175.26,,,
c4548d4a-86f9-5286-8a6c-8aab641b0db6,Luigi Vendramini,1996-01-16,172.72,185.42,,Orthodox
c46e538a-5f66-5331-8ebf-d7c086f2c8a1,Ciryl Gane,1990-04-12,193.04,205.74,,Orthodox
c481ae5f-b918-5992-97b8-69ed49c91ac2,Shane Burgos,1991-03-19,180.34,190.5,,Orthodox
c4ba18fe-7253-5dda-b118-057fb3f63d6a,Pearl Gonzalez,1986-08-12,162.56,,,Orthodox
c4caaa49-5cc9-51be-b790-d6d5384a0793,Michal Oleksiejczuk,1995-02-22,182.88,187.96,,Southpaw
c4df95df-1bbd-5faa-a0bf-cc672c46094d,Nadia Kassem,1995-11-15,165.1,167.64,,Southpaw
c4e9c0b2-37e0-5412-98a3-fdaaea947a72,Billy Quarantillo,1988-12-08,177.8,177.8,,Orthodox
c4eebd57-16f6-55c5-9c41-f360ba3b5105,Jacobi Jones,1996-05-24,175.26,182.88,,Orthodox
c4f1b03c-a50e-5300-a349-5cd2f18f84a2,Magomed Mustafaev,1988-08-02,172.72,180.34,,Orthodox
c4f883d5-98c1-590d-a6da-67a2b0c6ddb0,Josh Epps,1986-08-23,,,,
c50612d7-1675-5963-b19f-84d0dd9c3b4d,Yorgan De Castro,1986-12-19,182.88,187.96,,Orthodox
c529743a-02f2-5aff-98e0-bf9e34bbd82d,Kaleio Romero,1996-04-19,177.8,175.26,,Switch
c56fa6e3-d8b5-57a1-81f2-f8e6ae38b900,Dan Ige,1991-08-06,170.18,180.34,,Orthodox
c57691b6-7e7d-54ea-80ec-31ed361edb40,Joel Sutton,,180.34,,,Orthodox
c585db3b-4a6c-5f9e-8838-79dc64bf7f48,Ricky Glenn,1989-04-12,182.88,177.8,,Southpaw
c58b1747-9121-511f-af89-9c35dc9c67cd,Ruslan Magomedov,1986-11-26,190.5,198.12,,Orthodox
c593de41-9837-5175-8b4b-276164d0ca00,Macksom Lee,1999-01-06,185.42,190.5,,Orthodox
c59d3c6e-66d2-5bc6-9ae9-353ec175a9ca,Luc Bondole,,187.96,,,
c5a5be9c-b26b-52b2-9e6b-41b97c46ae7e,Andrew Sanchez,1988-04-08,185.42,187.96,,Orthodox
c5b187a3-fbda-5c40-b6b6-47b820582b20,Dave Cochran,1973-05-10,167.64,,,
c5b6599d-1609-5be8-b369-34575b3fefeb,Mauricio Alonso,1980-02-27,187.96,,,
c5cbdc82-3131-5833-8fb8-4c74e2a94b9e,Yuki Sasaki,1976-09-12,187.96,,,Orthodox
c5db143d-0ed5-555b-9c86-6164ec6f3c45,Manny Tapia,1981-03-14,165.1,170.18,,Orthodox
c5dc69d0-7b12-5d0f-a110-ac04341c9e28,Gerric Hayes,,177.8,,,
c5e5a59d-cccd-561a-a061-128f5f3dfc69,Frank Silva,2004-08-25,,,,
c5e9de7c-8eab-5df1-bc62-82dbdea4a8af,Marek Bujlo,1993-10-10,,,,
c5f4077a-73d5-5b89-b3e4-d3a30869d149,Fazlo Mulabitinovic,,,,,
c60fc0c0-9cba-5841-b696-161ad61d20bd,Ravena Oliveira,1997-02-20,165.1,165.1,,Orthodox
c64fc4c4-9721-5b07-be13-5b5d72c40c58,Danilo Marques,1985-12-26,198.12,195.58,,Orthodox
c6581ef8-c7ae-5f29-accc-04944dcec3e8,Robert Valentin,1995-03-31,187.96,195.58,,Orthodox
c6afeb3b-ea9e-545a-8e53-84ae59c53dba,Ricky Simon,1992-08-31,167.64,175.26,,Orthodox
c6b84ddb-1cd8-56bd-a02d-72cd4e3c5d59,Isao Kobayashi,1988-10-28,172.72,,,
c6cfde21-80d2-5bce-a1d6-61619ccd83c7,Saad Awad,1983-06-07,180.34,,,
c7104c0e-93bd-5751-980b-ea2495be1fb2,John Dodson,1984-09-26,160.02,167.64,,Orthodox
c720e150-014b-58f5-9cfa-5608f3df6b79,Emilio Cuellar,,,,,
c72a9d97-79ce-545d-bb8d-cf97aaacd0a4,Daichi Kamiya,1999-04-19,172.72,172.72,,Southpaw
c73a0f17-4eff-5763-8659-4f527b66e2bd,Yohan Lainesse,1992-08-14,185.42,193.04,,Orthodox
c74a9211-a995-5657-babf-2188c3ebd1a7,Eric Jacob,,,,,
c751e32c-2db3-5b98-9aab-92092c9a8edb,Jan Finney,,172.72,,,Orthodox
c762586d-0606-57b7-835b-cc2023ff30e6,Anthony Leone,1987-05-27,167.64,,,Orthodox
c762ecea-b35b-504a-9d5f-5a48aa754f81,Shane Carwin,1975-01-04,187.96,203.2,,Orthodox
c778b6df-42b6-5d84-973a-f71b169da8bc,Rich Attonito,1977-06-16,177.8,182.88,,Orthodox
c783241b-b8c7-52b3-be4c-84233b4b1c4c,Josh Thomson,1978-09-21,177.8,180.34,,Orthodox
c788f84b-8b37-5a63-b8aa-3723cd7de3a0,Mikhail Iloukhine,1966-11-21,175.26,,,Orthodox
c78b4f77-2baa-51ae-b13d-e1907c07f996,Josh Parisian,1989-06-28,193.04,200.66,,Orthodox
c794a294-5b20-5fc1-8219-fa049b8dc46b,Ryuta Sakurai,,170.18,,,Orthodox
c7a4fb23-75bd-5f1c-ac7a-94709c7bcf15,AJ Fonseca,,162.56,,,
c7d6766e-7b7d-5153-85a6-d9d33232d970,Brad Riddell,1991-09-30,170.18,180.34,,Orthodox
c7dcc60d-adc4-57e7-942d-c18f585948f2,Sim Kai Xiong,1997-09-06,167.64,170.18,,Orthodox
c7eb8b30-fff7-5f9b-a2ba-f21506b73af7,Shelton Graves,1985-10-23,187.96,193.04,,Southpaw
c7f2a178-e266-5e29-ac92-a330189026b3,Miguel Torres,1981-01-18,175.26,193.04,,Orthodox
c7fb8e98-58d9-54c6-bcd4-4764573aad0b,Eric Schafer,1977-09-20,190.5,193.04,,Orthodox
c7fcf009-2fa0-5acd-b571-75c33f6f715d,Liudvik Sholinian,1990-01-20,177.8,180.34,,Orthodox
c813e1e2-f4ca-5967-a83c-621ba883f6b4,Mauricio Ruffy,1996-06-17,180.34,190.5,,Orthodox
c82777a7-8c62-5d5a-913f-dbe168158174,Bruno Korea,1991-06-28,167.64,165.1,,
c85a2cc1-68a4-58d9-8daa-88d946d6a69e,Jonathan Santa Maria,,175.26,,,
c85a8fda-15a9-5c20-b7ad-2a4e32e2aca9,Antonina Shevchenko,1984-11-20,172.72,170.18,,Southpaw
c877e188-fe5d-5fae-ab24-8e6f52263598,Anthony Lapsley,1980-02-13,175.26,,,Southpaw
c87da4fd-6988-546f-b8d6-35902778ebd2,Gaetano Pirrello,1992-04-29,170.18,165.1,,Orthodox
c8956c53-5585-54b9-b04e-52242d6af936,Justin McElfresh,1980-01-04,198.12,,,Orthodox
c8e3ccce-4cdf-5de7-94a5-2185b55974ea,Isi Fitikefu,,177.8,,,
c8f0ba6c-da07-5d18-b697-aab63673703e,Ben Sosoli,1989-12-10,182.88,182.88,,Southpaw
c8ff8c13-241e-54c6-9142-8c09712f522a,Trenell Young,1976-06-19,167.64,,,Orthodox
c91b41a6-c760-527d-93fc-930895346f3e,Valentijn Overeem,1976-08-17,190.5,,,Orthodox
c91e3278-38b2-5d3b-a587-46f1f59361ef,Harris Sarmiento,1983-09-09,175.26,,,Orthodox
c933a346-5f88-59d5-86ae-1f60da5c687f,Jairzinho Rozenstruik,1988-03-17,187.96,198.12,,Orthodox
c944bb08-6a2d-5fe0-8a97-9629a189d769,Matt Dwyer,1989-12-17,193.04,193.04,,Orthodox
c9508eb7-33c6-5301-8b03-697e5f7ad356,Justin Martin,,182.88,,,
c966b878-7c96-5ff5-808e-25c43583b345,Shaun Etchell,1993-08-05,170.18,172.72,,Switch
c96b8c1b-9d67-512f-98ae-955e8655ac96,David Marshall,1984-08-24,187.96,,,
c98f0821-f4eb-5a15-9f51-116269b82d4a,Adam Cella,1985-06-26,187.96,,,
c995cca3-f46b-5eae-8be1-fc71985002f0,Seth Petruzelli,1979-12-03,182.88,193.04,,Orthodox
c9a02f1b-7e5e-5eb5-a994-7d115e46084c,Pawel Nastula,1970-06-26,182.88,,,Southpaw
c9b61284-20b7-5ad2-9c98-3553e81629a7,Brock Larson,1977-08-23,180.34,180.34,,Southpaw
c9d0aabf-78f2-5185-963c-bf695a189826,Karine Silva,1993-12-02,165.1,170.18,,Orthodox
c9dc4820-275c-5574-b2aa-886610772ba9,Cole Province,1981-01-17,175.26,172.72,,Orthodox
c9e503c3-38a6-5a10-b0ed-a1fcd1beaf1e,Alfred Khashakyan,1988-07-17,172.72,177.8,,Orthodox
c9fbe4a3-bebf-5d17-9744-614827b18bd4,Manny Bermudez,1994-07-16,177.8,180.34,,Orthodox
ca0998f5-e63b-50f6-b84c-a945180c9432,Jimmie Pace,1996-04-09,,,,
ca16fd3e-34fa-5290-bc18-fbdf4564788f,Tamires Vidal,1998-07-27,167.64,172.72,,Orthodox
ca31395b-6bc1-529a-8946-cfc83ed32312,Pat Miletich,1968-03-09,177.8,,,Orthodox
ca3dd5df-f2fb-5751-bb15-98fa8911e789,Marc Stevens,,175.26,,,
ca3f7780-27be-5a36-a009-6471b9a3b614,Vinny Magalhaes,1984-07-02,190.5,190.5,,Orthodox
ca581ddc-8775-5064-bd1b-f64f8c2d9eb2,Nick Fiore,1997-12-10,177.8,182.88,,Orthodox
ca73d4f7-262c-5c79-816f-5caf8e700aaa,Jake Shields,1979-01-09,182.88,182.88,,Orthodox
ca80dc78-221c-56a3-9926-ff6a8a64a8f4,Vinicius Salvador,1996-07-24,170.18,177.8,,Southpaw
ca92e617-6c1c-58bb-b1e1-af139f41cf7a,Paul Felder,1984-04-25,180.34,177.8,,Orthodox
ca981437-1438-5411-b4f9-725dfb13f0c6,Gasan Umalatov,1982-09-11,180.34,180.34,,Orthodox
ca9cd3c7-e185-51c1-849a-72a8f6377a94,Dominick Reyes,1989-12-26,193.04,195.58,,Southpaw
caa078b3-9603-56b2-b99f-be045f418191,Mitch Gagnon,1984-10-10,165.1,165.1,,Southpaw
cacab57f-7606-5616-bcf8-c28935775000,Remco Pardoel,,190.5,,,Southpaw
cadb2cc8-d8cb-518b-8637-5bd9c26c8f98,Dave Courchaine,,172.72,,,
cadba2a5-8925-5409-a30a-6b6145b4df6e,Frank Shamrock,1972-12-08,177.8,,,Orthodox
cadfe5a0-c49a-515b-8186-e8b3a0b4e445,James Irvin,1978-09-12,187.96,190.5,,Orthodox
cae9a9d9-9649-5a3f-bbf1-1d3342e1d99c,Eduardo Pamplona,1973-02-20,180.34,,,
caefb22e-d412-590a-a069-baf3634635a4,Ahejiang Ailinuer,,,,,
cb04ad0a-82e3-5529-ae9d-7246fa221a51,Aaron Pico,1996-09-23,172.72,177.8,,Orthodox
cb0b5e90-a12e-51e3-9f88-49cc57228680,Chase Gormley,,190.5,,,Orthodox
cb125578-38b1-58c3-9ce3-09fa82b6a7f5,Erik Silva,1987-03-16,175.26,180.34,,Orthodox
cb180325-03a0-55c9-bc40-a513ed3e50e9,Marion Reneau,1977-06-20,167.64,172.72,,Orthodox
cb5ce76a-5297-53ca-b8b6-59169430f404,Ben Rothwell,1981-10-17,193.04,198.12,,Orthodox
cb5fada9-cd22-5cee-8dc1-328a5359a9a8,John Yannis,1994-07-07,170.18,177.8,,Southpaw
cb697e9d-3022-514a-ab56-fd26551aa30d,Sumit Kumar,2000-09-09,165.1,167.64,,Orthodox
cb70aa7e-afcb-5b28-9960-ee75d3dd8072,Mandy Bohm,1989-07-30,170.18,180.34,,Orthodox
cb905e94-a38e-57db-9305-b49fe4c8da96,Lucasz Sudolski,1993-06-15,193.04,190.5,,Orthodox
cb9e395e-330f-5d38-a3c4-d3f37471dd72,Jeremy Umphries,,,,,
cbab7907-e1eb-51ee-8bd6-4002cf490513,Jorge Rivera,1972-02-28,185.42,185.42,,Orthodox
cbb03e7b-ae05-5de7-ac3b-fd3f6efe3664,Norma Dumont,1990-10-01,170.18,170.18,,Orthodox
cbd4414c-9ebe-5771-8501-14574ebbf9bc,Myktybek Orolbai,1998-02-10,177.8,187.96,,Orthodox
cbed4012-8cfe-578f-865a-42f7120fcca2,Darrel Gholar,,172.72,,,Orthodox
cbee0510-577e-502f-b07b-46f20404b9d3,Royston Wee,1986-11-15,170.18,170.18,,Orthodox
cbf08f7f-f191-5c10-940a-64d25b661821,Sean Spencer,1987-06-25,177.8,187.96,,Orthodox
cbffa294-ce4f-57fe-a409-0ebe30dcf562,Andy Waters,,182.88,,,
cc02e8e4-052a-51d1-8cfd-0609a20a3d99,Iuri Alcantara,1980-08-04,175.26,180.34,,Southpaw
cc15e3ea-afac-52df-b035-f3a39cd909c7,Dave Rickels,1989-01-05,180.34,,,
cc197a0e-2124-5d7d-867b-f5bd7de7583a,Mike Ricci,1986-03-18,182.88,193.04,,Southpaw
cc24699f-c651-5859-a50b-9da29a2e328c,David Gomez,1983-08-08,,,,
cc321919-d03a-5746-a72d-a21ef5bbffa9,Kendall Grove,1982-11-12,198.12,200.66,,Orthodox
cc49d8ab-8be6-5540-bdf9-bdbb67702252,Shanna Young,1991-02-20,170.18,165.1,,Orthodox
cc596c68-329c-5073-9cca-75d71bc5e30a,Chris Horodecki,1987-09-24,175.26,175.26,,Orthodox
cc5f9829-eb2e-5877-9cb3-ed385849590a,Aleksa Camur,1995-09-25,185.42,187.96,,Orthodox
cc69ecf1-ccf3-5df7-a49e-62aecaaa3fd6,Jefferson Nascimento,1998-11-19,172.72,177.8,,Orthodox
cc6b05f0-415b-50e9-b2bb-5505b6825769,Lyle Beerbohm,1979-02-05,177.8,,,Southpaw
cc812504-50cf-50d9-bbe7-f62500b1afda,Ruan Potts,1978-02-23,187.96,190.5,,Orthodox
cca32f37-427d-501a-82c7-1c88c42840b5,Rob Font,1987-06-25,172.72,180.34,,Orthodox
ccbb714f-3ff8-5715-a869-a42ab1bcc38d,Justine Kish,1988-04-13,165.1,162.56,,Orthodox
ccd818f6-0cd1-5e8a-b494-55f42e43ad8b,Assuerio Silva,1974-06-18,177.8,,,Orthodox
ccf03043-d8db-5b7f-868c-77782fd1536e,Nate Maness,1991-06-27,177.8,182.88,,Orthodox
ccfdbd6a-0baa-55e5-9aea-76b6b40e9e9a,Scott Bills,,177.8,,,
cd1ad672-5915-552e-acfd-a553c5c266dd,Isaac Vallie-Flagg,1978-04-08,172.72,177.8,,Orthodox
cd45ef46-4b6d-5347-8935-b463dfe4d7eb,Wagnney Fabiano,1975-07-14,167.64,175.26,,Southpaw
cd61d907-c5e0-5941-8cbe-40f1003a43e5,Austin Bashi,2001-09-29,167.64,177.8,,Orthodox
cd640b9e-1fa9-57c9-93e5-a3b70bb3211d,George Stork,,177.8,,,
cd8d888b-550f-558a-9f85-91d6e541d383,Zach Light,1974-02-06,172.72,,,Orthodox
cd99a84f-4d70-5cb4-8ae6-20a568d82ab8,Ross Pearson,1984-09-26,172.72,175.26,,Orthodox
cd9cd6a1-f976-5a4c-8574-e4d3640ba041,Rex Richards,,195.58,,,
cdbc6611-0505-59bf-94d0-fcc5e0344afe,Islam Makhachev,1991-10-27,177.8,177.8,,Southpaw
cdc79390-c6c2-5a9a-ab98-f41f9f84f531,Carlos Petruzella,1997-03-29,,,,
cdd253ea-46aa-55ad-a227-a65c3385bbc1,Roman Gabriel Puga,1996-09-17,,,,
cde50d1d-3d2b-5ccb-b09a-7b17f91eecf2,Joey Gambino,1988-10-26,170.18,,,Orthodox
cdf7ddae-d126-5c27-90f9-0f42c7d9e708,Ricardo Almeida,1976-11-29,182.88,187.96,,Orthodox
ce22cd6e-8707-5d91-922e-d6e3f7d28bba,Scott Norton,1973-03-15,177.8,,,Orthodox
ce34fb0e-0926-504e-99ad-ba11d4e7ad53,Francisco Prado,2002-06-16,177.8,175.26,,Orthodox
ce40f582-4ce3-59c0-b558-3d4257b89b4b,Sean Gannon,,190.5,,,Southpaw
ce431b19-9208-5958-9e2b-28a9f951ad1a,Ernest Chavez,1983-06-27,172.72,177.8,,Orthodox
ce492ff8-24a8-58df-a336-979f42ecc5ad,Stephanie Luciano,1999-12-16,167.64,165.1,,Orthodox
ce62df38-bb7d-5047-be45-7249ca63c705,Rousimar Palhares,1980-02-26,172.72,180.34,,Orthodox
ce657373-60d9-55ca-817a-2d2b2ac3479e,Matt Kovacs,,182.88,,,Orthodox
ce7a35ba-c7a1-5444-a999-19dec2ffb8aa,Jason Butcher,1984-10-23,190.5,,,
ce7ce958-ad72-5e9f-8a05-8f6e462cbd7f,Michelle Montague,1993-11-25,175.26,172.72,,Southpaw
ce8ed4f3-99e7-5fb7-91c0-4726b9a34592,Kwan Ho Kwak,1989-06-18,165.1,,,Switch
cea5cd3e-cc5f-5038-a17b-9c64d3f1dbde,Antonio Duarte,,170.18,,,
ceac16e9-886d-5b91-9bd7-de284fa370d6,Alex Andrade,1974-05-14,180.34,,,Orthodox
ceaeb751-0012-5eef-b564-c3e4eff687ac,DongHyun Seo,1990-08-22,170.18,170.18,,Orthodox
ceda19a9-678e-5b08-bf06-dce5141b5b4d,Raymond Daniels,,187.96,,,Southpaw
cedb479c-fc48-52f0-b051-dc90971de212,Bruno Santos,1987-07-17,175.26,,,Orthodox
cede690d-01d7-5ab1-893c-1af1d35982f6,Anthony Ruiz,1977-11-03,187.96,,,Orthodox
cee6c93f-0f09-5a88-a832-5a85541fb175,Michinori Tanaka,1990-10-04,165.1,170.18,,Orthodox
cef0047e-6515-5bb3-a4c6-8ab941a80619,Giga Chikadze,1988-08-25,182.88,187.96,,Orthodox
cf096410-809f-50de-b3f3-a34971c16c86,Joe Ray,1984-12-17,,,,
cf11e86b-d0e0-58af-bb43-3ca87a5ac068,Vinicius Moreira,1989-02-28,193.04,193.04,,Orthodox
cf4970e9-1a18-5460-9d5d-3920e6e4d78d,Fabio Aguiar,1988-02-10,182.88,,,
cf6f31cc-0efa-5472-97e2-266173a6406c,Jeremy Kimball,1991-01-03,182.88,182.88,,Switch
cf80ea6b-1d9f-5058-8c72-98a000c73a4d,Vlasto Cepo,1995-01-25,,,,
cf8a9b80-4ced-5a3f-bb84-49a549968397,James McSweeney,1980-10-24,193.04,195.58,,Switch
cf960150-1818-58f4-a571-cd430ae8c5ac,Jeff Terry,,187.96,,,
cf968344-8d7f-5516-8ca7-24b79796e952,Yui Chul Nam,1981-07-16,175.26,,,Orthodox
cf9dd61e-b18e-56ce-9341-9bfcd75d11d8,Albert Cheng,1985-02-07,180.34,,,Orthodox
cfa8241a-8fca-56b4-808f-684c9edaa65b,Michael Lombardo,1990-04-03,182.88,182.88,,Orthodox
cfb4627c-e9da-5bf4-aeea-f91cd47450ce,Luke Caudillo,1980-11-30,170.18,,,Orthodox
cfb57707-ff10-5f4f-a90b-99f24081786e,Montserrat Conejo Ruiz,1993-02-03,152.4,154.94,,Southpaw
cfbbf551-f658-5469-8d57-5c58b6fa59da,Natan Levy,1991-09-30,175.26,180.34,,Southpaw
cfc2d6fb-ad8a-5697-9b05-c49698952e36,Joseph Morales,1994-08-22,167.64,175.26,,Switch
cfcac053-7816-5422-929b-614ea412683e,Derek Campos,1988-04-01,175.26,,,
cfcb6607-ae3b-5939-8daf-7f054687d46d,Loopy Godinez,1993-09-06,157.48,154.94,,Orthodox
cfd98a39-32fc-5109-b3b4-5f05a5f19d8f,Alan Hiro,1986-04-04,165.1,,,Orthodox
d014bb22-e271-59b5-95bc-e40ca2dbd051,Elves Brener,1997-09-27,177.8,182.88,,Orthodox
d04c5d48-564f-5802-b6f3-6f95a6d1d7f3,Cedric Doumbe,1992-08-13,177.8,,,
d053b537-4501-514b-a661-88f1db434af4,Sarah Payant,,162.56,,,
d05a2d70-6754-5261-8c0a-2d3fa7aadeb5,Sean Sharaf,1993-07-11,190.5,195.58,,Orthodox
d0729872-e815-5198-908d-806f2d6c0e3b,Colin Robinson,1968-11-27,193.04,,,Orthodox
d074095b-137e-54c9-a698-76719024a339,Jason Blackford,,,,,
d07b3b47-038f-5b1f-8eec-1011ce89c2ba,Henry Briones,1980-10-22,172.72,175.26,,Orthodox
d0b74625-c1d8-5158-86e7-995ec0509d48,Ode Osbourne,1992-01-09,170.18,185.42,,Southpaw
d0c2d7f5-0bb5-58d6-bd9b-35b99c1b1b81,Jin Bala,,175.26,,,
d0da1638-5e10-53f6-9726-a79790ba4ddc,Chuck Grigsby,,198.12,,,Orthodox
d0e17120-d983-564a-aeb3-6efa15e328f0,Sandra Lavado,1994-05-03,170.18,167.64,,Orthodox
d0e64e68-3851-544c-8942-d56483e01bf2,Rabindra Dhant,1998-11-30,,,,
d0e8f1b0-970a-59a0-bdd2-06afe3b0c861,Steve Mensing,1977-12-06,180.34,,,Orthodox
d0f15c37-6231-5549-9f3e-18d897deb5cc,Tyson Griffin,1984-04-20,167.64,172.72,,Orthodox
d0f867f7-55b6-5df8-9d12-34a860c04003,Andrea Lee,1989-02-11,167.64,175.26,,Orthodox
d0fe1efb-2a01-5d52-aee3-2c65c2378842,Sherrard Blackledge,1993-08-16,180.34,190.5,,Orthodox
d0fed3a6-0571-53a3-90d9-bbd38d94400a,Rudyard Moncayo,,177.8,,,Orthodox
d1003a90-ab67-594f-9dca-403c413e84f8,Kazuma Maruyama,1992-07-19,180.34,182.88,,Orthodox
d10137ca-fb4b-5d46-9b49-dec770603369,Dong Huaxiang,1998-08-21,160.02,154.94,,Switch
d10644e5-e89a-5f3a-997e-4cdf62313777,Johnny Rhodes,,182.88,,,Orthodox
d114a98b-06ed-5aff-81f5-abf0f2817bf7,Shane Campbell,1987-01-21,182.88,180.34,,Orthodox
d134eb2f-d7be-5d86-b356-08a6e12daaee,Doug Evans,1980-10-10,175.26,,,Orthodox
d1378894-0fa1-5543-9c9e-e0eccb0e0bcc,Jordan Dowdy,,,,,
d13db65b-57f8-5ed6-bd9f-467f3ce879a9,Ricardo Funch,1980-08-14,177.8,187.96,,Southpaw
d143adaa-e32c-5c9b-baed-e67ff7115d14,Mason Fowler,,180.34,,,
d149e853-c459-5860-b8ba-0ad880059cd8,Ethyn Ewing,1998-02-16,,,,
d14a01b9-d6a0-5941-ba08-22b446adab50,Kevin Holland,1992-11-05,190.5,205.74,,Orthodox
d14a2f05-aa5c-54df-bd94-7e56c93c27ec,Mike Massenzio,1982-11-01,187.96,185.42,,Southpaw
d14d3baf-c5d7-52b3-bb7a-9400e33088f7,Derrick Krantz,1988-01-13,177.8,182.88,,Orthodox
d151e630-3810-5945-8ae9-49a5f9febb26,Eun Soo Lee,1982-03-07,185.42,,,Orthodox
d172f62a-4112-5880-ad45-785bd2bc21a9,Amanda Nunes,1988-05-30,172.72,175.26,,Orthodox
d1854ac0-4398-57ed-ba7e-f07bd6ea6c32,Mark De La Rosa,1994-08-31,167.64,165.1,,Orthodox
d18d3536-b521-5724-a1e2-24f536f66d8d,Lowell Anderson,,167.64,,,Orthodox
d18e8872-f942-5703-a08c-b78ce8b58b96,Willian Colorado,1986-06-21,177.8,182.88,,
d1929c37-8e94-510c-ab7e-ca6aa636deb7,Michal Martinek,1990-04-19,187.96,,,Southpaw
d193390e-5ad7-5d94-997c-983b03854b7e,Jason Guida,1977-08-04,177.8,,,
d19e1fc0-d843-5742-b5b3-0d860fdec47e,Logan Nail,1989-06-20,,,,
d1a0e300-5de2-58b1-a85d-9dda009fbb6f,Matt Foki,,170.18,,,Orthodox
d1a122e8-d350-5490-b237-a69184d63270,Dricus Du Plessis,1994-01-14,185.42,193.04,,Switch
d1a1755b-c45f-5a45-91ce-7328cdb8aa02,Travis Galbraith,1981-05-18,182.88,,,Orthodox
d1a4d226-1cbe-54f8-aaa4-d66f4b16e69c,Rose Conceicao,1997-05-13,139.7,165.1,,Orthodox
d1d30008-8972-5ec6-86f9-5722fb01f49b,Hiromitsu Miura,1981-09-22,175.26,180.34,,Orthodox
d1eb4479-728f-5601-afc1-7aa479ca53f1,Alex Caceres,1988-06-20,177.8,185.42,,Southpaw
d1f7d359-ac85-513e-b01c-32b5e70c02b5,Mick Parkin,1995-10-02,193.04,200.66,,Orthodox
d1fc06f3-2bfd-5d9e-a611-75cbf88b0f0a,Roberto Traven,1968-09-16,190.5,,,Orthodox
d208562f-d389-5084-a6ca-f2de1ccd7348,Aaron Wilkinson,1987-01-31,177.8,,,Orthodox
d20dd5af-c997-564d-ba59-e16356cd8745,Impa Kasanganay,1994-01-17,180.34,190.5,,Orthodox
d224e02a-4a66-56dc-87b6-79fc18cd1ab2,Muhammad Mokaev,2000-07-30,170.18,177.8,,Orthodox
d2262ce0-fe5e-52f7-90b9-7d54db23b75b,William Rentz,1999-03-19,,,,
d23846e6-6cfe-5e8a-b05a-8340fd64d8b6,Chris Gruetzemacher,1986-06-16,172.72,172.72,,Orthodox
d24119b3-c165-52c5-a214-3c5d6087030d,Piera Rodriguez,1992-11-11,160.02,160.02,,Orthodox
d27725b8-340e-5d44-8d20-d3e3937acbcd,Vitor Belfort,1977-04-01,182.88,187.96,,Southpaw
d2816f7a-94b2-5397-9f5b-bd7b91409764,Seth Dikun,1980-08-05,177.8,175.26,,Orthodox
d284a576-c6ff-5fe8-a345-5563b0939679,JC Cottrell,1989-11-04,175.26,,,Orthodox
d2871669-f128-5949-97e8-f28bae01bbc9,Yanis Ghemmouri,1995-01-24,175.26,175.26,,Orthodox
d28a98d8-4ad3-5219-8d44-fa485fda0cbd,Kyle Driscoll,1994-09-23,180.34,187.96,,Orthodox
d28c5a07-279d-5cb8-b5e1-d6207e31ac9e,Mark Scanlon,,175.26,,,Orthodox
d2a15455-27e8-53b8-96b3-eafc52116de3,Phil Johns,1968-10-22,157.48,,,Southpaw
d2a934c9-ed0a-5df8-be0c-c121d2168b52,Pete Spratt,1971-01-09,175.26,,,Orthodox
d2b96efc-dab9-5f75-9f3d-eaad61ac52bf,OJ Dominguez,,,,,
d2efa94a-afa0-54e5-aab7-5f887b3776fe,James Terry,1981-03-16,177.8,,,Orthodox
d3022e2a-ae00-5b69-a295-85f8d88c3511,Lee Kwan Bum,,187.96,,,Orthodox
d3383b69-f728-50be-9242-bc0405faafa1,Windri Patilima,1993-07-19,167.64,180.34,,Southpaw
d3423d96-8d6e-50fa-976e-2cd5bf3e2950,Nik Lentz,1984-08-13,172.72,172.72,,Orthodox
d3463073-430e-5cb0-8509-7bff16a04c39,Anying Wang,1991-04-04,182.88,,,Orthodox
d3479b43-d8ec-5c69-934a-2a5162c054ff,Mark Weir,1967-09-19,187.96,,,Southpaw
d35880ad-dfa6-5203-aa53-677e42e6d9b2,Yasuhiro Urushitani,1976-09-08,165.1,,,Southpaw
d35bc652-b828-58b3-8a7f-fe5853d12c72,Kiyoshi Tamura,1969-12-17,180.34,,,Southpaw
d364d3f6-f40c-545d-bd78-c620a1fe306c,Mark Climaco,1997-11-06,162.56,165.1,,Southpaw
d37535d4-e7df-5f04-900b-28ba6f0d00eb,Darko Stosic,1992-02-09,182.88,193.04,,Orthodox
d37e08ca-d4e8-5907-9c63-4ee4e45fb281,Stefan Klever,,,,,Orthodox
d38b6f47-3cc5-5337-b2b5-bc14b7d64976,Lauren Mueller,1991-11-15,165.1,170.18,,Orthodox
d396e7da-b3d4-5d7b-b18d-9ae5cde15fb3,Patrick Walsh,1988-11-28,180.34,,,
d3982bd0-bbc9-510c-b435-81d3600915aa,Kaline Medeiros,,160.02,,,
d3a1f4c0-78da-5dcf-97cd-7d66c6cf514e,Ryan Kuse,1994-06-24,,,,
d3c431d3-a911-5a7c-978b-6f6f74360e79,Ben Reiter,1987-06-27,190.5,,,
d3e34282-65c9-511e-946c-6707b6a5cb6b,Shang Zhifa,1986-03-15,170.18,160.02,,Orthodox
d3f61d33-6f41-5ccf-b048-c188492f92de,Miranda Granger,1992-04-13,170.18,172.72,,Orthodox
d40161ae-fdcd-5e25-8617-3a5f1cba522b,Aaron Riley,1980-12-09,172.72,175.26,,Southpaw
d4035146-babf-5278-8e8b-0c7b6a32b5c7,Ryan Madigan,,182.88,,,Orthodox
d40521a4-d087-5fe2-ab7e-0970e636d847,Jared Papazian,1988-02-01,172.72,170.18,,Southpaw
d4067388-8948-5040-8c18-b4c5c090b66d,Marcos Galvao,1981-06-23,170.18,,,Orthodox
d40ce46b-f7d9-55af-9b90-e4d67ff6ade7,Maiquel Falcao,1981-03-08,180.34,,,Orthodox
d41ce1f8-55d3-56ac-8c4d-27b323c4f69e,Eddie Yagin,1979-03-23,170.18,,,Orthodox
d439b6b6-cb49-5b9a-9e6b-26549eaa1006,Luke Cummo,1980-04-27,182.88,187.96,,Orthodox
d43ae4e4-2f6c-5bca-9377-3d3ea262f6d8,Ikuhisa Minowa,1976-01-12,175.26,,,Orthodox
d43b6f15-c291-588c-8ac5-6d4ab6808070,Clay Guida,1981-12-08,170.18,177.8,,Orthodox
d45200cf-4ee2-5b0f-81e9-76d49d3e535d,James Toney,1968-08-24,175.26,,,Orthodox
d4659524-1725-5e42-8483-ad517ba9cbd9,Forrest Petz,1975-09-22,175.26,180.34,,Orthodox
d469b102-a0e8-517c-8853-a17738f95228,David Velasquez,,165.1,,,Orthodox
d4a0a928-1066-5307-a65f-a9d90f1bc4aa,Phil Baroni,1976-04-16,175.26,182.88,,Orthodox
d4a49f94-84b5-5162-a077-b5acca83e81d,Rafaello Oliveira,1982-01-26,172.72,180.34,,Orthodox
d4a6be73-9f25-54b9-8f99-e291cdad7a7b,Miguel Baeza,1992-08-23,187.96,187.96,,Orthodox
d4cfc4f3-8d32-5445-aff4-204bce4b7872,Johnny Rees,1982-10-21,182.88,,,Orthodox
d4d10424-60c0-5510-94c8-591168989373,Joseph Holmes,1995-07-04,193.04,203.2,,Orthodox
d4e6d0a2-299d-5f42-b01b-d633aef6b877,Ilya Kotau,,,,,
d4f6d31d-2a0b-5165-bc2d-b8a60a915adb,Lando Vannata,1992-03-14,175.26,180.34,,Orthodox
d4fde967-6d5d-5793-b7c7-944ba8825c38,Anistavio Medeiros,1988-05-01,167.64,,,Orthodox
d5111c1d-e2dd-5ee8-878b-deac6c0e06cb,Gloria de Paula,1995-06-10,165.1,170.18,,Orthodox
d5130c07-390e-5b07-aaa9-5973726bcf5c,David Levicki,,195.58,,,
d51461b7-48a2-5d9d-827a-0fa8c843c89f,John Polakowski,1981-06-21,177.8,,,Orthodox
d536cd7e-9af4-5e39-8f57-2dcbba5935f1,Jessica-Rose Clark,1987-11-28,165.1,162.56,,Orthodox
d5447e36-65ed-5b9b-8a1e-cbf7b26b5c9a,Andy Wang,1977-05-28,167.64,,,Orthodox
d54a90d7-fdbc-5ff6-80e0-bde854c01fc4,Will Chope,1990-09-08,193.04,,,Switch
d54b94c2-2ad4-5b2c-add5-8e76ebc93530,Billy Brand,1996-07-03,167.64,165.1,,Orthodox
d54bdb95-8aaa-59eb-ac0c-ba6f83b57684,John Lewis,,182.88,,,Southpaw
d5b21fd8-dafd-5207-99bd-7da545696969,Vicente Luque,1991-11-27,180.34,190.5,,Orthodox
d5b23b6f-f284-5182-b090-94a1313a861a,Keita Nakamura,1984-05-22,180.34,185.42,,Southpaw
d5b93589-30d6-5f08-995c-e5845775ee3c,Wes Schultz,1996-08-09,187.96,195.58,,Orthodox
d5bc9bf5-92e3-5a39-b412-e7e73699397f,Emmanuel Yarborough,1960-09-05,203.2,,,Open Stance
d5d85367-37a7-50c5-896a-28f1bbacab10,Rashid Vagabov,1998-06-27,170.18,160.02,,Orthodox
d5e91d1d-29cd-5057-bf40-e5ce2cb5ea11,Quemuel Ottoni,1992-10-22,182.88,182.88,,Orthodox
d5f36002-05ca-5b14-9cf7-60d4ebbf61b1,Bethe Correia,1983-06-22,165.1,162.56,,Orthodox
d5fc5404-f14f-5956-a364-43116b90dd20,Hyeonjong Song,2002-04-23,,,,
d6004b8a-324f-59b5-8f82-9834f9d642ee,Kitt Campbell,1994-06-26,185.42,185.42,,Orthodox
d608d4b9-b887-50c9-ae15-6831660e4521,Teruto Ishihara,1991-07-23,170.18,175.26,,Southpaw
d61a69ff-c875-584b-bc5e-76c2eabe33d4,Jose Perez,,,,,
d62ea896-a59c-50ac-b1e1-69a3c07a155e,Trevor Peek,1995-01-09,175.26,177.8,,Switch
d637948f-4f94-55b4-871a-5c96ef82577e,Claude Patrick,1980-06-14,180.34,190.5,,Orthodox
d645e7da-f23f-5c0a-b696-b01244abb3e2,An Tuan Ho,2000-09-27,167.64,167.64,,Switch
d64aed4d-80d8-5c1d-8630-915492c4ec13,Georgi Karakhanyan,1985-05-29,172.72,,,
d653587c-cfe6-5dcc-80dc-0b5eaa1fa2ba,Felipe Pena,1991-10-19,,,,
d65cb674-7a6c-5036-8f73-58a16c3ebf0a,Steven Koslow,1997-01-22,170.18,175.26,,Switch
d6676eb9-2291-5a9e-bda3-311e5f2125b0,Scott Junk,1978-12-17,185.42,,,Orthodox
d6816789-962e-5591-8b6d-233d9b9bf238,Ronal Siahaan,1996-05-05,170.18,180.34,,Southpaw
d689d9f7-4046-5a0d-b7ca-bb0b33bdb2db,Ron Keslar,,,,,
d6923c17-5a97-5939-82b5-c943f7f746ca,Jordan Parsons,1990-08-26,175.26,,,
d692a668-5fe6-51d8-8598-2fefca04226b,Alex Nicholson,1990-05-02,193.04,195.58,,Orthodox
d6a8af9c-6c9b-595a-92fd-cf8e931840c1,Kevin Burns,1980-03-03,177.8,187.96,,Orthodox
d6b9ec34-76de-521d-9ed0-ef72deeba7c8,Marcus LeVesseur,1982-07-17,175.26,177.8,,Southpaw
d6d0dc4b-299f-5e44-9700-c07766299e2c,Stefan Struve,1988-02-18,210.82,213.36,,Orthodox
d6da4079-9ef4-51a9-9329-090f115e80cd,Damacio Page,1982-09-30,167.64,167.64,,Orthodox
d6e6edbc-f965-5aa9-a578-8979e3aea87d,Steve Lopez,1984-07-30,180.34,,,Orthodox
d6ea5423-9afb-5124-a367-cc830e321333,Jose Alday,1991-09-14,170.18,172.72,,Orthodox
d6f22400-587d-54a7-a69b-e0de5d5186d1,Nick Pace,1987-04-17,170.18,172.72,,Orthodox
d6f92961-66fc-5068-867e-8bb67e792c30,Ariel Beck,1990-09-16,167.64,167.64,,Southpaw
d6fd27fc-9581-59ac-9458-bd3d5e0c7af8,Tony Johnson,,185.42,,,
d701c768-3dee-52d9-a165-9f4f4a7856f5,Fiona Muxlow,1977-05-13,162.56,,,
d714965f-5775-56c7-aad5-c4ddd5c8ee07,Reginaldo Vieira,1982-11-26,170.18,165.1,,Orthodox
d715653b-24be-5935-a2bf-846bc0157100,Abdul Azeem Badakhshi,,,,,
d71ff590-5aba-5794-80d6-1c63de56463a,Christian Rodriguez,1997-12-17,170.18,180.34,,Orthodox
d7227195-145e-5308-b1b4-1dd4d922c24b,Roman Bogatov,1990-12-15,172.72,185.42,,Orthodox
d726440e-beeb-54a8-86ea-c8379196ef8f,Jack Della Maddalena,1996-09-10,180.34,185.42,,Switch
d7284956-ea54-53b4-b4ee-3e69d31af4fc,Alexandru Lungu,1974-09-03,182.88,,,Orthodox
d74993dd-01f0-5455-a492-8a82aeef14c9,Dustin Pague,1987-08-05,175.26,187.96,,Orthodox
d74b5bcd-d7e2-55ee-9d36-ccdd1b58b9cb,Eric Schambari,1978-04-22,180.34,,,Orthodox
d768f2fc-5c5f-51d6-85b7-8f1ce24e1c03,Denis Kang,1977-09-17,180.34,195.58,,Orthodox
d76d83fa-acc7-5a59-afd9-ed7cc5d49f8c,Alexa Grasso,1993-08-09,165.1,167.64,,Orthodox
d772d037-7cfc-582b-8d80-2083ef6797e9,Brooke Mayo,,170.18,,,
d7733d85-f791-5a2f-897c-d23aecdff76e,Stoney Hale,1979-10-18,182.88,,,
d775368b-4ed1-5dc5-b8d5-f4b652ada177,Court McGee,1984-12-12,180.34,190.5,,Orthodox
d77b53f9-4ea4-5197-8606-1e00cb9ea9fe,Christian Morecraft,1986-09-08,198.12,205.74,,Orthodox
d781b03d-a5e8-53a1-9e39-73447b5abec2,Marcos Bonilla,,177.8,,,
d7d42b9e-cb51-54b1-b25f-c62057909ed6,Luke Hartwig,,,,,
d7f68484-1c4f-5bff-b43a-00c4ca994f48,Jorge Gonzalez,1984-02-29,187.96,193.04,,Orthodox
d8050c97-b494-5753-b918-12fd78b7c37b,Sung Bin Jo,1992-07-17,182.88,182.88,,Orthodox
d821529d-cce0-555f-a2e1-6de0bcd184d8,Felipe Lima,1998-05-07,167.64,172.72,,Orthodox
d83acc11-28a7-5722-8604-5dd973779239,Tom Aaron,1978-07-13,,,,
d8513c87-b088-5c4e-872d-4e7ebaed531b,Sherron Leggett,1978-10-27,172.72,,,Southpaw
d854a2e7-882f-592b-9926-e3f4717629b1,Sabah Homasi,1988-10-19,182.88,182.88,,Orthodox
d85b72b3-2edc-5dfa-a597-04770c6c168f,Justin Wren,1987-04-27,187.96,,,Orthodox
d8629d10-162b-5dab-b13d-a439eac65163,Caol Uno,1975-05-08,170.18,177.8,,Southpaw
d86a0399-8a8a-5a0a-9c43-c3bf9cbbed84,Trey Waters,1995-02-21,195.58,195.58,,Orthodox
d86ae966-a74f-5852-87af-7dad31142470,Lina Kvokov,,175.26,,,Orthodox
d86ebb60-3947-5064-bfa6-de596bcbd3b4,Nicco Montano,1988-12-16,165.1,165.1,,Southpaw
d87ad101-ea62-5663-9447-3eac1736298e,Urijah Faber,1979-05-14,167.64,170.18,,Orthodox
d87ffdd9-24bc-521f-937b-1464c16822c0,Alexander Munoz,1990-02-27,175.26,182.88,,Switch
d8872677-0542-55b3-b348-bf9990267198,Karlos Vemola,1985-07-03,182.88,190.5,,Orthodox
d895a5b2-18a1-5240-ac99-7384ea8f73a1,Joe Wilk,1982-04-12,175.26,,,
d896d2c7-1f6d-5f04-9398-7832129c3ad5,Logan Clark,1985-02-16,187.96,,,Orthodox
d8a0525e-9b7c-5a9c-b0fb-3188fcac29b8,Carlston Harris,1987-07-09,182.88,193.04,,Orthodox
d8a21857-4418-568f-b776-1c61db2c5937,Dustin Stoltzfus,1991-11-15,182.88,190.5,,Orthodox
d8a35cfb-00fd-5116-a56d-ab15bdae1842,Calvin Kattar,1988-03-26,180.34,182.88,,Orthodox
d8a611b4-4504-5b14-ba7a-e474681e04e7,Lerone Murphy,1991-07-22,175.26,185.42,,Orthodox
d8ad9680-6406-57b0-993a-2dce3aaaa007,Melquizael Costa,1996-09-14,177.8,180.34,,Southpaw
d8b078df-3d70-5fea-8831-6ac1a71ee19c,Kevin Lee,1992-09-04,175.26,195.58,,Orthodox
d8b41198-19cc-56ec-b6d9-644b766b6fbe,Ketlen Vieira,1991-08-26,172.72,172.72,,Orthodox
d8b963ba-407e-553a-8877-3eb98503fdac,Chris Guillen,1972-12-09,182.88,,,Orthodox
d8bb38b7-0b68-59a8-a6e8-d9ecdaeab39f,Anthony Figueroa,,162.56,,,Orthodox
d8e18eca-1769-5b5a-86f7-bd91eee7602b,Dhiego Lima,1989-01-31,187.96,190.5,,Orthodox
d8e76e8c-5da5-5903-9eaa-7527219c4c81,Bryce Mejia,,185.42,,,
d8ef1fa0-0faf-53d7-a03f-ebd332e6a5da,Guy Mezger,1968-01-01,185.42,,,Orthodox
d900d7fd-f8dc-52c1-93a1-81a172f341a5,Fernando Padilla,1996-12-15,185.42,193.04,,Orthodox
d907bece-93af-569f-9008-a73716900bc5,Raja Shippen,1986-10-07,167.64,,,
d90a1f79-062f-5e65-86ba-67b8225f74b1,Karl Willis,,,,,
d9195106-139d-5774-85c1-b12260d1a7c8,Dustin Kimura,1989-05-21,170.18,180.34,,Orthodox
d91ccc73-c04a-5a3a-bae2-b53148c68c10,Zoila Frausto,,162.56,,,Orthodox
d929019a-3a64-5bdf-97b8-a8e34b9af370,Nora Cornolle,1989-12-06,170.18,170.18,,Orthodox
d92a7c0f-d293-53c2-a01a-6ca097e8782d,Patricio Pitbull,1987-07-07,167.64,170.18,,Orthodox
d92d63ac-4c0e-553f-8a04-c18fe8d1ebb5,Taylor Moore,1993-10-16,177.8,177.8,,Southpaw
d9335634-7cbc-5076-8f18-64e3e3aa691d,Ian Freeman,1966-11-10,180.34,,,Orthodox
d94be043-7955-5e4a-b2bd-47f194ac2051,Andre Winner,1981-11-09,180.34,185.42,,Orthodox
d94f11d9-8115-5e52-9779-77259b7f9e12,Brian Schwartz,,190.5,,,Orthodox
d95836ef-f393-5979-a737-6b402c247a0c,Shawn Bunch,1983-03-19,165.1,,,
d95b9b12-651d-52cf-8fbb-2390af4c3114,Murad Chunkaiev,,180.34,,,Orthodox
d96f0041-e5d3-516a-87c1-cfceb156432c,Tom Breese,1991-09-26,190.5,185.42,,Southpaw
d97b072a-6598-50b1-aec9-aad3f80f93b1,Tristan Arenal,,,,,
d97fa8a4-8c79-5691-9955-9974e9dbdc75,Nazim Sadykhov,1994-05-16,177.8,175.26,,Southpaw
d988f85a-d13d-50d7-9785-2600e9d50f92,Adam Piccolotti,1988-10-23,180.34,,,
d9910687-db6c-5942-a12d-b7982b945456,Marwan Rahiki,,,,,
d99791b4-7788-5cee-9a86-d6742bf34a3e,Lucas Rocha,2000-08-12,160.02,162.56,,Orthodox
d9af7f9c-c7da-5507-bd48-db500186a5ae,Tom Erikson,,190.5,,,Orthodox
d9baf467-f0cb-58fb-9055-b93a82442ce0,Stephen Palling,1967-01-29,162.56,,,
d9c06bf0-2857-5ccd-8efa-3fca509a4cf1,Mike Joy,1985-07-18,167.64,,,Southpaw
d9c4d56a-0fc8-5708-8b21-0ddc7ddb663f,Crosley Gracie,1979-07-18,175.26,,,Orthodox
d9dbc554-b079-5fb9-ba9c-d7224d0b6d27,Glover Teixeira,1979-10-28,187.96,193.04,,Orthodox
d9ea3188-5b6d-5c17-b2ab-9346487cb04b,Uros Medic,1993-04-25,185.42,180.34,,Southpaw
d9fc97b3-6399-5ac1-b582-dedb839eedf2,Takeya Mizugaki,1983-12-16,170.18,175.26,,Orthodox
da08c68b-fadb-5b0f-9368-7643d999b1d2,Ryan MacDonald,1993-03-18,180.34,180.34,,Switch
da09246c-7286-5b26-a60f-ee3f28549dea,John Allan,1993-02-22,185.42,190.5,,Orthodox
da0f53b9-3f4f-5cb5-ad49-9264cf622099,Francisco Figueiredo,1989-10-23,167.64,172.72,,Southpaw
da31a16b-5e79-5f67-9729-ed447afe7e05,Jason Glaza,,182.88,,,
da38dc14-48be-52e9-a139-bb3b2178a75a,Coltin Cole,1989-04-24,,,,
da391745-3b73-5f76-b253-7d5759053a9c,Yoshiro Maeda,1981-10-31,170.18,172.72,,Southpaw
da409a6f-0277-547e-96d8-bae2d672f15f,Sarah D'alelio,1980-12-13,170.18,,,
da5f4bde-3386-56aa-acee-55a518b8b44f,Erik Perez,1989-11-19,172.72,172.72,,Orthodox
da63f09a-45a5-5abe-bb8b-f2711d2790fb,Kajan Johnson,1984-04-21,180.34,190.5,,Orthodox
da9a8b18-c7a9-5e96-abc8-54992fe690af,Curt Warburton,,182.88,185.42,,Orthodox
daafa5c3-b678-5517-ba41-769820cb6a29,Victor Reyna,1986-08-05,180.34,187.96,,Southpaw
dac1951d-29e8-5718-9be6-36698b8897e4,Mark Striegl,1988-06-23,172.72,177.8,,Southpaw
daca3d38-d761-5204-b31b-312be0c685e5,Theo Haig,1996-08-23,187.96,195.58,,Orthodox
dad74b97-cd89-5881-966b-79e8fbc89374,Chris Heatherly,1987-11-24,175.26,,,Orthodox
dae5d141-8980-5364-9a6a-45d68fd8c78a,Timmy Cuamba,1999-02-08,175.26,180.34,,Orthodox
dae7d1d2-937e-50f9-8132-6ee42c7438ea,Patrick Kaase,,175.26,,,
dafd7d14-b31a-529d-9671-6543ad13041d,John Halverson,1972-09-08,175.26,,,Southpaw
db027f8b-58a3-5391-b238-82aa533798d6,Gregory Bouchelaghem,,187.96,,,Switch
db14b2d5-cf84-57a1-bfcb-a10101e575ef,Bubba Pugh,,177.8,,,
db2ea370-3c56-5185-a488-ee7878ec4172,Dashawn Boatwright,1988-02-29,182.88,,,Orthodox
db48dc66-28f1-547f-ba87-01e85dfb13f9,Razak Al-Hassan,1982-05-14,187.96,,,Orthodox
db4ade19-1a0e-549f-9d6c-4806e907d758,Manoel Sousa,1997-06-04,175.26,177.8,,Orthodox
db4d678d-1069-5f96-a698-479dae2acfac,Wulijiburen,1989-03-01,175.26,175.26,,Orthodox
db4d69e2-65e4-59ff-8b92-8a53202b9521,Siala Siliga,1970-10-08,185.42,,,Orthodox
db4e30bb-ac3e-5f54-bca9-e0c4387f3970,Fernando Bettega,1980-03-10,,,,
db4eb568-18b8-595b-b038-ce550174d23b,Cody McKenzie,1987-12-16,182.88,182.88,,Switch
db6fbe0b-06cc-5e7e-bd26-b08f3a7c58fb,Sovannahry Em,1992-06-26,162.56,,,
db72174d-5ed5-51e5-812b-67c2426d9a40,Alan Omer,1988-09-14,177.8,,,Orthodox
db83249b-45a1-5c7c-a4a6-d22fb865ccdd,Brandon Thatch,1985-07-11,187.96,187.96,,Switch
db9b6d55-2fa8-5f2a-b794-7a338c3bcf38,Pat Healy,1983-07-20,182.88,182.88,,Orthodox
dbacf2fe-f94b-58dc-91dc-6803935d2b72,Josh Clopton,1981-07-11,167.64,,,Orthodox
dbb58b09-aa59-5218-bc83-81f00caa897f,Mike Glenn,1977-10-09,,,,
dbb5dfea-8416-5caa-967e-1e7aa3446865,Michael Morales,1999-06-24,182.88,200.66,,Orthodox
dbc0cbe2-a641-5d60-89ef-5e3aa5adffe6,Jason Thacker,1975-08-18,177.8,,,Orthodox
dbc198a5-b7b7-57c1-aeb9-04984a10e885,Tony Petarra,,180.34,,,Orthodox
dc00117f-7983-59b0-b3fc-67e109463ac9,Talita Alencar,1990-10-17,154.94,147.32,,Orthodox
dc16d6ea-297f-5ce6-9c60-33bbb03b427d,Elvis Mutapcic,1986-07-19,182.88,182.88,,Orthodox
dc2b2c07-06e2-501d-9060-774a1929d578,Artem Frolov,1991-09-07,177.8,,,
dc2cd908-89d9-5049-b8ea-809cec81a9ad,Jason High,1981-10-12,172.72,185.42,,Southpaw
dc59d714-c097-56cc-b6c9-da7f3e340f11,Louis Jauregui,,170.18,,,
dc63fb60-a0c7-505f-bd48-e5a9870fbfe1,Bekzat Almakhan,1997-10-08,170.18,172.72,,Orthodox
dc73273e-8bd0-5fea-8e33-e35d5205f721,Bruno Lopes,1993-04-24,187.96,187.96,,Orthodox
dc77e194-a6dd-5fab-89e8-b5bc85883d19,YiSak Lee,2000-01-01,,,,
dc8373dd-ad28-52fb-9de3-02e6619a9c2a,Clint Coronel,,,,,
dc8b6489-8470-5fcf-ba01-4747d9c3b859,Jessin Ayari,1992-05-31,182.88,185.42,,Orthodox
dc8fd17b-5fcf-5626-b37c-794700043f4a,James Giboo,1978-01-06,180.34,,,Orthodox
dc8ffc23-6582-541b-89ed-14c64ed1b19a,Brian Johnston,,190.5,,,Orthodox
dc94a904-4ac4-536b-92c2-a3cfaa27cd64,Fabiano Scherner,1972-06-30,190.5,,,Orthodox
dc957dde-02ad-59c3-bc3e-f17dc8681c0a,Salim Touahri,1989-09-28,177.8,182.88,,Orthodox
dc9bc140-7d10-583b-867f-8c2469e62e04,Li Yunfeng,1999-03-08,172.72,172.72,,Orthodox
dca28432-27f7-5efc-a8bc-d05339891fd8,Jamie Colleen,1985-11-02,160.02,165.1,,Orthodox
dcb3b3e1-8998-589e-8c17-2e95ef533e8c,Albert Duraev,1989-01-05,180.34,190.5,,Orthodox
dcc730c5-08cb-5ffd-a62f-1fc1f97ffa78,Shayna Baszler,1980-08-08,170.18,,,Orthodox
dcc75cf7-e168-5e8f-af27-db4efb4c1705,Brandon Sayles,1981-04-23,195.58,,,
dcc83fc4-4114-50d0-85a9-c0d9cc184d33,Kenji Osawa,1976-11-04,170.18,167.64,,Orthodox
dcc86aed-383b-5471-be14-02bb40ed6aeb,Igor Borisov,,182.88,,,Orthodox
dccb6d7a-402a-5fde-9b09-f3f2f55db8e7,Frank Trigg,1972-05-07,175.26,180.34,,Southpaw
dccbf3c2-4641-5f23-98cd-f1a560bad74c,Nicholas Galanti,1998-06-18,,,,
dccdb655-f4a6-56d1-a8ad-f401e88404e7,Joao Zeferino,1986-01-15,180.34,,,Orthodox
dcd0529d-36b6-5288-b9d1-b28025a031f3,Lucas Martins,1988-11-11,182.88,182.88,,Southpaw
dcd9b711-21a5-59b9-a641-857607e7d08c,Kim Couture,1975-12-18,172.72,,,Orthodox
dd09badc-2745-5eae-96ef-57e8f0f09758,Cole Williams,1983-12-15,182.88,185.42,,Orthodox
dd1fc803-6583-59b7-ae4e-3332c6e6ac5d,Joanna Jedrzejczyk,1987-08-18,167.64,165.1,,Orthodox
dd2bf893-ee1d-5400-81f6-760ffe470c77,TJ Waldburger,1988-04-25,180.34,190.5,,Orthodox
dd36e1f8-b02c-5337-b902-bac805c7ad93,Charlie Ontiveros,1991-07-04,187.96,187.96,,Switch
dd3ac335-6d25-52b8-bfe1-a8fb93edfcd4,Sedriques Dumas,1995-08-06,187.96,200.66,,Orthodox
dd3ea929-6da6-5c2e-bf87-0b53223c7907,Stephanie Frausto,1990-09-20,157.48,154.94,,Orthodox
dd40c446-5b6e-5421-826a-3a561fbb9b11,Dmitry Poberezhets,1985-06-11,190.5,,,
dd4ee69a-41ff-5fd2-b159-98ce92a772ec,Djani Barbir,1997-08-09,190.5,200.66,,Orthodox
dd613c8f-56be-5335-813f-679d74ec9876,Gadzhi Omargadzhiev,1993-02-24,185.42,180.34,,Switch
dd8002e1-8dde-5d74-b228-19b9974bce14,Alejandro Perez,1989-09-02,167.64,170.18,,Orthodox
ddbcc67b-cbee-5d17-bb2d-c0e2e8687c89,Valeri Ignatov,,175.26,,,Orthodox
ddc2687a-f01f-51a0-85cb-c1c987a2634f,Aljamain Sterling,1989-07-31,170.18,180.34,,Orthodox
ddcebf56-aef9-55df-b801-2d74e69642d7,Alex Huddleston,1986-08-11,200.66,,,
ddd2d74f-2c97-5861-8cb0-189763eb2210,Jeremiah Billington,1977-11-14,175.26,,,Orthodox
dddcc781-8d31-5fc3-a96a-c996ba9e9319,Egan Inoue,1965-07-04,175.26,,,Southpaw
dde5063a-f2b8-5001-8d5b-d1d6c6ee31bb,David Avellan,,175.26,,,Orthodox
ddf9c730-2d12-5abf-a4f0-dac659f499d6,Luiz Cane,1981-04-24,187.96,195.58,,Southpaw
ddfee223-488b-5916-9316-c4d99a238aed,Chris Tickle,1982-02-01,175.26,,,
de00cfcf-ceae-579b-90ac-9588b61c109e,Ozzy Diaz,1990-11-22,193.04,200.66,,Orthodox
de08fa69-4d34-51cf-a536-70838f77f189,Scott Bessac,,193.04,,,
de0a266c-17d2-5180-9467-d37a95cbcf7e,Zak Ottow,1986-12-22,180.34,182.88,,Orthodox
de0e16bd-026f-5c92-bcca-086556e739a1,Aaron Brink,1974-11-12,190.5,,,Orthodox
de498322-663b-54ab-9b97-4aec7d7bd7f4,Dokonjonosuke Mishima,1972-04-19,170.18,,,Southpaw
de67583c-2faa-540b-b3b3-6e75661595bf,Wanderlei Silva,1976-07-03,180.34,187.96,,Orthodox
de71879b-fffc-56ef-bc2d-1d5e590affb8,Aiemann Zahabi,1987-11-19,172.72,172.72,,Orthodox
de7d72b8-323d-5b2d-8ab9-d8a8c432090f,Joilton Lutterbach,1992-11-05,185.42,190.5,,Orthodox
de8ab991-0426-5539-ad7a-d01a3c934b63,Kiril Sidelnikov,1988-08-17,180.34,,,
de90f2ad-3c67-5baa-87a1-49a1166e74a5,Francimar Barroso,1980-02-28,185.42,190.5,,Orthodox
de9583fa-ac14-5fa7-b27e-ed2668c7981e,Yana Santos,1989-11-11,167.64,172.72,,Orthodox
de958ed7-7d29-5b55-bf6e-7a55328048c6,Chasen Blair,1998-10-14,177.8,180.34,,Orthodox
de97d91c-4372-5a81-8244-9dd4f3ec87df,Farman Hasanov,1995-08-01,,,,
dea5456b-c823-5c48-9eed-c9bac53ae0e9,Jerome Rivera,1995-04-22,177.8,182.88,,Southpaw
dea59427-0801-50ca-a6f6-45c2a8e52b3b,Yan Cabral,1983-05-13,180.34,185.42,,Orthodox
deb23756-f674-5536-9b26-d2c3e8c9e9aa,Magno Dias,1995-11-30,165.1,170.18,,
deb6069d-8999-525c-9cbf-5003921c1a00,AJ Matthews,,180.34,,,
dec584a4-998d-5c83-9434-5c72608ce6c4,Matt Hamill,1976-10-05,185.42,193.04,,Orthodox
ded922e5-7570-5728-ab48-ef4756a2ab10,Godofredo Pepey,1987-07-02,170.18,185.42,,Orthodox
dee2a341-5363-5470-a1aa-f574e10b3cf0,Matt Lindland,1970-05-17,182.88,187.96,,Southpaw
deef4963-d5c0-5164-b6c6-36748455d292,TJ O'Brien,1987-01-01,187.96,,,Orthodox
def0e12c-199f-5829-83b9-995cbba19544,Theo Rlayang,1994-08-10,170.18,165.1,,Orthodox
df1c545e-0271-5d34-9e06-7869a199a2be,Cung Le,1972-05-25,175.26,177.8,,Southpaw
df1fcf8e-0227-5d15-bfc0-4ba2d79b7838,Li Jingliang,1988-03-20,182.88,180.34,,Orthodox
df39ba9f-de83-5bd9-814f-91471d9f9b8c,Paul Taylor,1979-12-15,182.88,182.88,,Orthodox
df40fa5c-b7a7-5c63-abee-27cd5f900e8c,Ricardo Lamas,1982-05-21,172.72,180.34,,Orthodox
df53001c-82e5-5f85-8e10-4428d8efa88e,Jacqueline Cavalcanti,1997-08-29,172.72,177.8,,Orthodox
df6b8dbb-09bc-5683-a6ed-9bc0014436c6,Victor Valenzuela,1994-02-09,,,,
df70b565-4663-5440-a612-ee76f61d03f5,Shane Roller,1979-07-14,177.8,182.88,,Orthodox
df736dc0-a834-5646-90ec-a5a736db0007,Tom Pagliarulo,1997-06-19,,,,
dfb8c604-fa31-5f35-853c-d70fa9c373bd,Giacomo Lemos,1989-06-23,190.5,190.5,,Orthodox
dfcd2418-3968-5003-bfdf-cca0dfe46a92,Steven Asplund,1998-07-16,195.58,198.12,,Orthodox
dfd762e0-8bb8-5f40-a69a-ec66263654b4,Paul Jones,1963-06-16,175.26,,,Orthodox
dfd8aec5-6b40-5e5f-98fe-d096476cf721,Francisco Rivera,1981-10-08,172.72,177.8,,Orthodox
dfe590b1-940f-5fbe-a080-11e189f25013,Jamall Emmers,1989-07-24,177.8,187.96,,Orthodox
dfe9589c-5117-54ce-ad1d-fab3d550f344,Isaac Thomson,2002-05-03,,,,
dff85e4c-8a14-5fab-9314-c80477a9c5f6,Chris Camozzi,1986-11-20,187.96,190.5,,Orthodox
e009f1f8-5702-57d7-9668-e1e3b3c2107c,Abdul-Kerim Edilov,1991-11-25,187.96,,,Orthodox
e0251a2a-b9ff-51ab-ac11-dee314ed4688,Daniel Weichel,1984-11-22,177.8,177.8,,
e0284a40-9a30-59e2-8792-195478e8da4d,Angelo Trevino,1993-06-10,180.34,,,Switch
e04ec19a-cee5-5815-984c-2d7b823ee9d2,Michael Oliveira,1998-01-21,,,,
e04f9444-8fa3-5f48-94d7-2f09f15fd42b,Anthony Smith,1988-07-26,193.04,193.04,,Orthodox
e0631858-2e34-57f2-bc8f-64c73a70c1da,Jinnosuke Kashimura,2001-08-12,170.18,180.34,,Southpaw
e06683da-a08c-5349-881c-08dd091f8af9,Baru Harn,,,,,
e068b8ad-e535-5f4e-a111-48369a0e12b1,Paulo Renato Junior,1994-01-25,182.88,185.42,,Orthodox
e08c6ef5-7bee-5ef4-9846-4c51769a6219,Kurt Holobaugh,1986-09-08,180.34,177.8,,Orthodox
e09eb6f4-97e3-5ed0-9ae1-997db7616604,Enrique Watson,,,,,
e0a3ed0d-c301-581a-a53c-defdf79ffdf3,Scott Ferrozzo,1965-04-26,180.34,,,Orthodox
e0a9c53e-a1b0-56e5-a643-2f5a6eac5009,Ramazan Emeev,1987-05-23,177.8,193.04,,Southpaw
e0aa7f08-3b83-5a0b-abf0-7919e1038a9f,Murilo Bustamante,1966-07-30,187.96,,,Orthodox
e0ac882f-9ab5-52cf-99c5-f7ba81b4c492,Yasuhito Namekawa,1974-10-27,175.26,,,Orthodox
e0c32caf-aabe-5595-83d7-779fd7471b7a,Sean O'Connell,1983-09-02,185.42,187.96,,Orthodox
e0ca3018-7e18-5628-99eb-c2f6c7fc2f88,Humberto Brown Morrison,1984-11-03,177.8,,,
e0ddb262-ff36-5324-86f6-7fb00184c867,Tom DeBlass,1982-05-14,182.88,,,Orthodox
e0e369ab-1d3c-5c78-b0a2-6edc4928a1ca,Max Griffin,1985-11-29,180.34,193.04,,Orthodox
e0ec0689-c3b4-5057-8b27-977c6a1f4c7f,James Wallace,1992-11-17,177.8,175.26,,Orthodox
e110ea21-3b52-5bb9-8446-47abaf65f9f4,Luke Fernandez,1995-06-29,,,,Orthodox
e149b98b-29a1-5707-b257-7348d5b4dcf5,Shanelle Dyer,2001-04-23,167.64,165.1,,Orthodox
e14a41ac-18c6-5178-b66b-008d54ef4391,Dustin West,,180.34,,,
e14f4877-4ec9-5de7-be5c-170c34751dae,Stephen Thompson,1983-02-11,182.88,190.5,,Orthodox
e187cb05-4b13-5d92-b039-6bdfec5553c9,Guram Kutateladze,1992-01-08,180.34,182.88,,Orthodox
e1a2c979-29fe-5436-a25d-f21b78ab9df6,Teddy Ash,1989-12-27,185.42,185.42,,Switch
e1b9501d-5051-5a2e-95f6-78467f400b93,Emiliano Sordi,1991-02-15,187.96,,,Orthodox
e1d1285b-f755-5d96-8a35-17fd196ed246,Marcus Davis,1973-08-24,177.8,177.8,,Southpaw
e1e32226-757a-5f37-a0ba-9cf29a4c3faf,Joe Merritt,1984-03-07,182.88,,,Orthodox
e1e430a8-574f-5fed-aec2-1be713ad8662,Elias Silverio,1986-09-22,180.34,185.42,,Orthodox
e20f37bd-2698-5800-b3cc-7a6feb287e06,Ottman Azaitar,1990-02-20,172.72,180.34,,Switch
e213afcf-0f86-516f-8d7f-f3d4018f57d9,Tokimitsu Ishizawa,1968-08-05,182.88,,,Orthodox
e233ee76-d4eb-5e99-982e-ac8f9eb8dbd0,Askar Askar,1994-08-19,170.18,175.26,,Orthodox
e245fec8-2d45-57f7-9522-23d0ac03fc47,Stefano Paterno,1995-08-18,,,,
e255b3e0-82fe-5d46-a66c-95efa5846633,Joe Slick,1977-10-17,182.88,,,Orthodox
e25d6bb6-11d4-5dad-900c-cd9d6eb31248,Peter Danesoe,2000-09-01,175.26,172.72,,Orthodox
e2900c17-6899-5a33-b539-14110998d8f8,Rick Story,1984-08-28,175.26,180.34,,Southpaw
e2962266-e1ed-53af-a405-8187ea110749,Bolaji Oki,1995-11-15,177.8,185.42,,Orthodox
e2af8039-ca3a-553d-b145-677a3728d24f,Ryan Benoit,1989-08-25,165.1,172.72,,Orthodox
e2b16dc6-2b1d-5e0f-ac30-c4a5fe07852f,Tim Kennedy,1979-09-01,180.34,187.96,,Orthodox
e2d2bc49-3b71-528c-bdc5-36ce1ee5fa56,Brandon Davis,1990-05-08,177.8,182.88,,Orthodox
e2eeafaf-aeef-5488-b0dc-33e7daf01fce,William Gomis,1997-06-13,182.88,185.42,,Southpaw
e2f1dc07-4802-5a7f-bdb4-92063044f462,Ed Ratcliff,1983-03-05,177.8,180.34,,Orthodox
e2fc5e9e-11f3-5c28-b03f-633729706400,Zarrukh Adashev,1992-07-29,165.1,165.1,,Southpaw
e30c4d7f-9756-5d48-9d8b-1838ca0bf643,Marcelo Guimaraes,1983-06-25,182.88,185.42,,Orthodox
e30ef2fb-5832-51b1-bde0-60adc985a83a,Ike Villanueva,1984-04-04,185.42,185.42,,Orthodox
e31a212f-2ce3-531b-a9b1-ba8b3b636e21,Paddy Holohan,1988-05-03,177.8,175.26,,Orthodox
e33046c9-1830-5e35-9423-00b0529cfc44,David Bielkheden,1979-06-06,177.8,180.34,,Orthodox
e338d1a2-0c68-54b2-85b4-522412f0d238,Rameau Thierry Sokoudjou,1984-04-18,177.8,198.12,,Orthodox
e34860ef-c1fb-5843-947d-923161d9edb9,Scott Lighty,1978-10-15,187.96,,,
e350ef0a-746b-57dc-838a-61b90ca3cb1c,Gabriel Arges,1993-01-29,,,,
e36a5e22-8849-5154-b92d-1b6d7ec561bf,Jesse Lennox,1982-03-10,175.26,182.88,,Orthodox
e36feb33-422c-53e9-87f9-679e5c3a08a4,Eric Martin,,,,,
e37f2c60-8735-53ab-8157-a684ad486fbc,Danny Castillo,1979-08-25,175.26,180.34,,Orthodox
e38754ae-8a96-5517-8d72-2d08d95500e9,Stefan Sekulic,1992-02-12,182.88,190.5,,Southpaw
e39be74a-25e3-5571-b0f5-c33de86012c4,Emily Fernandez,,,,,
e39c2e57-be31-5f11-bb08-ec9773b2a44f,Carl Malenko,,180.34,,,Orthodox
e39e79bf-be64-5529-867f-e6d0bafda663,Adam Steele,,,,,
e39f4bbc-68c5-5afe-aa45-1073297c26d4,Shinsho Anzai,1985-12-01,170.18,177.8,,Orthodox
e3b68b46-d1e5-5a77-b258-e178af0ef2a2,Kris Moutinho,1992-08-09,170.18,172.72,,Southpaw
e3bda136-229b-5ef8-b788-3e47ba835d94,Louie Sutherland,1994-02-08,190.5,193.04,,Orthodox
e3f14835-b1f1-5aae-bddb-b710daa577a6,Bryan Humes,,,,,
e4139d7a-84cd-57e3-b82c-406329c83082,Damian Pinas,2002-03-12,185.42,200.66,,Orthodox
e424d32c-c4ea-5446-a9e0-84c4ba8eaec8,Brian Foster,1984-04-03,175.26,180.34,,Orthodox
e42fb93c-c6e5-58be-8d4e-132c8e02b315,Eddie Sanchez,1982-11-04,187.96,187.96,,Orthodox
e436aa3c-a952-5e40-9965-815d4f82ffec,Shungo Oyama,1974-04-11,180.34,,,Southpaw
e4493cfb-9e6b-5286-8fd9-2f5c81396f78,Eugenio Tadeu,,172.72,,,Orthodox
e469828a-9207-5015-ad12-e543fca7a147,Bahatebole Batebolati,1997-09-12,172.72,180.34,,Southpaw
e4a0c802-9858-559a-bab4-0f2738180b14,Arman Ashimov,1992-01-14,167.64,,,
e4aa45a2-e6de-5f0f-a8fb-7559ae0a4e39,Natalia Silva,1997-02-03,162.56,165.1,,Southpaw
e4b3ba46-da6f-584a-a8e1-a90d25292c11,Alvi Dasuyev,,,,,
e4b5b521-74f7-5dbb-a413-5e9e76909f1e,Matt Horning,,162.56,,,
e4ec8c5b-0d82-539f-b506-5225ab873156,Brando Pericic,1994-08-03,195.58,200.66,,Orthodox
e4f9793b-f13f-5a67-99f1-25493c6bde40,Anshul Jubli,1995-01-13,182.88,175.26,,Switch
e507214d-e923-5167-8b86-11200b135e81,Baisangur Susurkaev,2001-01-08,187.96,200.66,,Orthodox
e511abf2-1051-5c37-aba8-5de0648e1a7b,Pat Benson,,175.26,,,
e519b500-8c4a-5e91-8ed8-e4caf2af0c2a,Mark Holst,1985-08-14,182.88,,,Orthodox
e51d93d7-97fa-5556-92e2-dbc6d37d6fe4,Jiniushiyue,2000-12-09,167.64,172.72,,Southpaw
e5225757-b5b7-5dab-bfb3-494b97d8bd9e,Junior Albini,1991-03-15,190.5,187.96,,Orthodox
e52577e4-0171-55c7-bb09-920e080aa711,Val Woodburn,1993-08-10,172.72,187.96,,Orthodox
e5289093-5cc2-5a36-8d28-a653c48c5c50,Andre Muniz,1990-02-17,185.42,198.12,,Southpaw
e54757e2-ba99-53cc-bee7-67f709716ec9,Ryan McGillivray,1986-09-27,180.34,,,
e54b6e41-f716-59ee-9eea-00ce6a084168,Kalib Starnes,1975-01-06,190.5,187.96,,Orthodox
e5556ef8-6de0-58eb-bac5-5fb6c65f3020,Khadis Ibragimov,1995-05-21,190.5,198.12,,Orthodox
e55f92eb-d605-5127-8770-a236510ca86a,Anton Berzin,1989-09-29,187.96,,,Orthodox
e56531f0-629d-5fa7-b767-a2a263bf3335,Jason Novelli,1979-06-08,182.88,,,Orthodox
e5837fbf-95cb-5632-980b-e22c09ac79e7,Booker DeRousse,1981-03-23,187.96,,,
e58c0bbf-9fb6-527e-847a-a3426cd91ed2,Kevin Jordan,1970-12-31,190.5,,,Orthodox
e58ec185-d47d-5630-aed2-10201df103bc,Gerard Gordeau,1959-03-30,195.58,,,Orthodox
e59226b9-b0e8-5923-bcca-60596b491db9,Josh Shockley,1989-11-15,185.42,,,Orthodox
e596f157-874e-5e6d-8e27-32d63f89f510,Shem Rock,1993-11-05,,,,
e59caf3c-10d2-521a-a547-a1bbd671ed70,Bobby Southworth,1969-12-16,187.96,,,Orthodox
e59d1b56-4869-5165-ba92-2093d50ac6aa,Lina Lansberg,1982-03-13,170.18,165.1,,Orthodox
e59f378c-58ee-51cd-9841-5718bee9f8ec,Thomas Longacre,,175.26,,,Orthodox
e5a492dd-8632-5033-a8fa-9b77f944b2b5,Bruno Silva,1989-07-13,182.88,187.96,,Orthodox
e5ad5371-d338-51e4-8fb7-5c2ce754f616,Francisco Trinaldo,1978-08-24,175.26,177.8,,Southpaw
e5bb6ee8-9c6f-5ec8-803f-4b1fbd5d598e,Ivan Menjivar,1982-05-30,167.64,162.56,,Orthodox
e5bc031e-6c6d-5fbf-a543-c1f779521033,Jacob Rosales,1995-07-28,180.34,187.96,,Orthodox
e5cf96cf-a8e1-5f46-9ab9-17766a95a2c7,Emanuel Newton,1984-01-02,185.42,,,
e5d768bf-8ce3-56fa-a92c-0c2e24559648,Chad W. Saunders,,177.8,,,Orthodox
e5d90f54-c838-5ef8-8357-b62bed67e51b,Kevin Engel,,187.96,,,
e5ea0608-2d79-542b-bf1e-5b8dd3beb6f4,Jordan Radev,1976-09-28,170.18,,,Southpaw
e5f3be59-6cfe-561a-950c-3b39cfcdd2c8,Max Martyniouk,,,,,
e6036cd5-d522-5ec7-bc50-a51b1698b70d,Diego Sanchez,1981-12-31,177.8,182.88,,Southpaw
e60a5fb6-1c26-5fa4-b29b-2279a58e42a1,Hamid Amiri,2003-06-15,,,,
e60aabf8-c59e-523b-894e-801cc884dc2f,Joseph Larcinese,1998-10-01,,,,
e6145719-3cac-5374-a5a7-f136ec2698b7,Igor Gracie,1980-02-04,180.34,,,
e617a47c-e73a-5e46-a6db-cbc7f7409416,Denis Tiuliulin,1988-05-17,185.42,195.58,,Orthodox
e6201a51-c24a-52d1-a0d9-74ecd8322d07,Bassil Hafez,1992-01-31,180.34,182.88,,Orthodox
e62574ff-ea31-539f-b740-c25b657815ed,Daniel Rodriguez,1986-12-31,185.42,187.96,,Southpaw
e62dcccb-37ae-5909-bd3b-e0fe321ca1d1,Patrick Smith,1963-08-28,187.96,,,Orthodox
e63a971d-08ac-5ece-9850-65656e19ffef,Ludovit Klein,1995-02-22,170.18,182.88,,Southpaw
e64a3631-6f4e-5ab3-ba6f-e4e9c7ab1108,Frankie Perez,1989-05-11,180.34,185.42,,Orthodox
e64d3848-bd7a-5d3e-88bc-abeed79b23fb,Jules Bruchez,1977-08-16,182.88,,,Southpaw
e6667b99-a7d4-5c30-8ed8-c1b657b2cfdb,Pauline Macias,1988-06-27,162.56,162.56,,Southpaw
e675be7f-41e1-5016-a0c4-db2acaa8c5e0,Jon Jones,1987-07-19,193.04,213.36,,Orthodox
e6777f78-3d29-5b96-8747-aaac5bdc9c13,Tokitaka Nakanishi,1996-07-28,167.64,167.64,,Orthodox
e689dc0d-3641-5d7d-a26e-95c4917e47ac,Jonathan Pearce,1992-05-01,182.88,180.34,,Switch
e696cff6-fe79-53d0-a8e3-14c2a277190e,Kerry Schall,1971-08-09,187.96,,,Orthodox
e69f9831-6754-52ef-9d77-256a8f822d64,Ian McCall,1984-05-07,165.1,162.56,,Orthodox
e6a22bdc-6814-5083-904a-e3f7e372b405,Danny Sabatello,1993-03-31,177.8,180.34,,Orthodox
e6b20ee3-7696-5f56-a60e-9dd0f76004fb,Carlos Barreto,,193.04,,,Orthodox
e6b2ab47-f789-5edc-ad2c-0cab443449b0,Brian Sleeman,,172.72,,,
e6b764fc-ce8a-5848-9e31-5a9f4880a51c,Donnie Liles,,175.26,,,Orthodox
e6bc200f-6e64-5272-8a90-7ff74b4e597a,Fabricio Werdum,1977-07-30,193.04,195.58,,Orthodox
e6c0d45a-54d2-5f27-a846-63401729e201,Paul Ruiz,1987-06-23,167.64,,,
e6c7d77e-98f4-5b25-86ab-153ab6d978c3,Egidijus Valavicius,,182.88,,,Orthodox
e6ca33f7-fcf9-5e25-93bf-affd076bdf5c,Waylon Kennell,,182.88,,,
e6d242ec-a5a2-5261-8bf5-f37e8be2808c,Ryan Diaz,,,,,
e6ddabf9-42ae-5d78-a3d7-195e1e8c8b68,Chris Mierzwiak,1988-02-14,185.42,,,
e6e705aa-7764-57b0-9ae7-1f3b7aa69e16,Modestino Rodrigues,2003-10-09,,,,
e6e94014-38f8-5022-92fd-8f146ad6d9ec,Michael Chandler,1986-04-24,172.72,180.34,,Orthodox
e7194fce-f581-5f8a-a93e-d17fa9605372,Ramona Pascual,1988-09-23,170.18,167.64,,Southpaw
e72d09e5-1daa-539e-a3cb-7e5629f26f3a,Tuco Tokkos,1990-06-30,193.04,193.04,,Orthodox
e73f6b5d-add1-514d-b6d7-c21ae0fa64db,Lone'er Kavanagh,1999-06-09,167.64,170.18,,Orthodox
e745db30-c443-5495-83b6-22970d39f3bd,Andrew Valladerez,,,,,
e76054a2-a11e-5fe6-bbaa-8f028f0432eb,Mark Coleman,1964-12-20,185.42,190.5,,Orthodox
e7a19702-e9d3-5392-92e8-a8f6ce019f1d,Callum Connor,,,,,
e7cf7bf5-8e05-54d4-bf68-95f969a0ee5e,Uran Satybaldiev,1994-08-10,193.04,200.66,,Orthodox
e7d243c2-79a5-5756-a47c-f73dcd6d750e,Will Campuzano,1986-05-27,175.26,177.8,,Orthodox
e7d742a5-faca-5a22-b179-468235e48f6e,Jarred Brooks,1993-05-02,160.02,157.48,,Switch
e7dc9aaf-916c-5b17-908d-12dfb301320e,Sean O'Malley,1994-10-24,180.34,182.88,,Switch
e7e48999-5bad-5a1c-bb59-a855de647a4a,Seichi Ikemoto,1975-08-24,180.34,,,Orthodox
e7e9b517-3e10-5718-882a-9232b130198f,Ryan Hall,1985-02-22,177.8,177.8,,Southpaw
e7ecdaa5-69c2-5672-98b9-cf78541f591b,KB Bhullar,1991-10-12,193.04,198.12,,Switch
e81c612e-6b44-5985-85c0-ac43a5020434,Adam Fugitt,1989-01-12,185.42,195.58,,Southpaw
e85d6bb5-1bb8-5f7c-9465-772d01ff7757,Esteban Ribovics,1996-04-27,177.8,175.26,,Orthodox
e87bf3f2-021c-5597-b6b9-9293e0f79c7e,Landon Quinones,1995-11-21,175.26,177.8,,Southpaw
e87d6cf0-eb35-540a-99b1-23fadd32e3cd,Lauren Murphy,1983-07-27,165.1,170.18,,Orthodox
e889c587-ee7a-5613-a685-a6c2e3677fc3,Justin Lawrence,1990-05-15,172.72,170.18,,Orthodox
e88b915d-3fb6-56fd-aecd-73e75ff42205,Yilizhati Maimaitijiang,,,,,
e88e7ac5-a887-5560-87ee-e0bb444ffd84,Mark Dickman,1984-07-19,175.26,,,
e891574a-0457-5006-91ca-d7677027898d,Garrett Armfield,1996-10-09,167.64,177.8,,Orthodox
e89367fd-e1a5-5332-80a4-936c042b0164,Maia Stevenson,1982-03-19,162.56,157.48,,Orthodox
e8ac7f5b-456c-56e5-89c4-6ddaf25adeea,Wagner Campos,1981-07-31,167.64,,,Southpaw
e8b4a99d-d3e0-554c-a6a9-a8f8e2bae3fd,Bobby Nash,1990-03-26,182.88,187.96,,Orthodox
e8c45561-6402-5fec-a882-1d806fd7a05c,Marcio Navarro,1978-09-17,182.88,,,
e8d92bd2-8fff-5f48-9305-62dfe0b102c1,Cat Zingano,1982-07-01,167.64,172.72,,Southpaw
e8f09b0f-d414-5fe0-b8ad-7cc366983621,Malcolm Wellmaker,1994-06-04,177.8,180.34,,Switch
e8f33d02-5cd4-51f4-9f59-282c1027c7df,Christien Savoie,1992-08-29,180.34,182.88,,Orthodox
e90fbdcd-2e5f-5c84-9e64-9a114ba1794a,Marques Daniels,,,,,
e9145a40-c76f-5a1e-84e1-0543a5d04e5b,Angela Hill,1985-01-12,160.02,162.56,,Orthodox
e92df938-4ff5-5a00-bb10-7d4f8319d8d2,Abner Lloveras,1982-09-04,180.34,,,
e9432dd3-6391-5316-8788-e485b95ae701,George Mangos,2003-08-19,177.8,177.8,,Switch
e95be5bd-82c7-5015-a338-2b2b6fe928d7,Steve Nelmark,,182.88,,,Orthodox
e96fa7c1-276d-540b-a854-849f2ff09fb5,Jon Manley,1986-07-07,185.42,,,Orthodox
e9866e21-4165-5c10-a4b9-b62b3d1d8140,Xie Bin,1998-02-28,177.8,182.88,,Orthodox
e98b29f9-3488-5a9c-a39f-562ad6ef8608,Everett Sims,1988-09-04,195.58,195.58,,Southpaw
e99090dc-f9ba-570b-9a68-9ca64953ad31,Dustin Hazelett,1986-04-29,185.42,193.04,,Orthodox
e99d742b-ffb2-5c39-9310-a95348698ce6,Dave Phillips,1980-01-12,182.88,,,Orthodox
e9c98145-8d2f-565c-9a96-78d4add20f07,Justin Edwards,1983-01-26,177.8,177.8,,Orthodox
ea228e77-ca3e-579d-8353-b071f6a43117,Viktoriia Dudakova,1999-01-26,165.1,170.18,,Orthodox
ea846979-bc8c-5342-893e-bd286226c586,Dmitry Sosnovskiy,1989-07-06,190.5,195.58,,Orthodox
ea8698c1-01f8-58b8-a05f-9b6477955db9,Milos Janicic,1997-05-03,,,,
ea8a9652-122c-5f02-9b0c-29aec83e75f7,James Bochnovic,1989-02-13,193.04,205.74,,Orthodox
ea8e0ebf-7dc7-5d55-9072-e63b22a62ca4,William Knight,1988-04-03,177.8,185.42,,Orthodox
ea99444c-7253-5fe3-a92b-6ad2168bd08c,Chandler Cole,1995-01-09,177.8,182.88,,Orthodox
eadf572d-7a17-5666-9f33-6ae97b11b26c,Eric Shelton,1991-02-02,167.64,172.72,,Orthodox
eae08d41-bcb5-56bf-8645-c0ceda1c4550,Tommy Gantt,1993-01-09,180.34,193.04,,Orthodox
eae7e9ac-6a5f-53f6-9f4e-a2aa27349c86,Yoji Anjo,1967-03-28,180.34,,,Orthodox
eaea2c24-91d1-5ae0-a97c-268e4b3b5ac5,Darian Weeks,1993-11-23,180.34,182.88,,Orthodox
eb044538-4962-51ff-b148-2e46bac4b330,Cory Sandhagen,1992-04-20,180.34,177.8,,Switch
eb14f2f8-e4ff-555e-80b6-065d2368e955,Jessica Aguilar,1982-05-08,160.02,160.02,,Orthodox
eb196300-c519-5d89-8c84-d800250d0f51,Eddy Ellis,,175.26,,,Orthodox
eb1c6337-92c8-5652-90ca-77ef3cb1eb5b,Ryuki Ueyama,1976-04-17,180.34,,,Southpaw
eb2a40c0-b2d2-5ca9-a22c-20a91471197c,Ebenezer Fontes Braga,1969-04-14,182.88,,,Orthodox
eb371c98-7bbc-5bfa-bf69-00838d4d09e4,TJ Dillashaw,1986-02-07,167.64,170.18,,Orthodox
eb37264b-8c6e-565a-b78c-e01f0e716c05,Morgan Charriere,1995-10-26,172.72,175.26,,Orthodox
eb487602-c4b6-556e-830a-d4bf0fa266d1,Jared Rosholt,1986-08-04,187.96,190.5,,Orthodox
eb51967d-695b-5c5e-a52a-df6b4a396211,JJ Ambrose,,177.8,,,Orthodox
eb52162f-8c85-5046-913f-a7f5cc2903f9,Magno Almeida,1985-06-06,182.88,,,
eb6c6a03-2847-5f40-8b7e-63a2e3eb2d38,Stipe Miocic,1982-08-19,193.04,203.2,,Orthodox
eba11005-08c0-5514-81a4-84cea92522d2,Felipe Franco,2001-01-22,185.42,193.04,,Orthodox
ebaa6c70-f038-527b-bf50-e348aa306edb,Rogerio Nogueira,1976-06-02,187.96,190.5,,Southpaw
ebb4b702-ca21-554d-a9b5-2d5e2ca01d28,Isabela de Padua,1991-09-04,160.02,162.56,,Orthodox
ebc56b90-76c1-53b0-b8aa-3b0f5ee6b96c,Maiju Kujala,,,,,
ebd804e9-c2f0-518e-b680-91ee3f449ca6,Daniel Jolly,1984-09-03,185.42,190.5,,Orthodox
ebd8a07d-8b3b-57e7-bf4f-23be2e10a3f7,Spike Carlyle,1993-05-06,172.72,180.34,,Switch
ebea63db-689a-57c6-9f67-795fa5b59efe,Akira Corassani,1982-08-27,172.72,172.72,,Orthodox
ebfce3de-824d-55e2-bcd7-5fb77e9374b0,Jason Lambert,1975-06-03,190.5,190.5,,Orthodox
ec0847ba-f98d-58b4-918c-44881cf7a7ee,Alex Morono,1990-08-16,180.34,182.88,,Orthodox
ec1a7507-896b-5d91-a364-328a424f55e3,Joaquim Silva,1989-02-05,172.72,175.26,,Southpaw
ec29d4f7-c520-55df-9722-c1235f400ef8,Juan Manuel Puig,1989-04-23,175.26,,,Orthodox
ec303109-cab7-5e01-a4e7-79262ba6dd4e,Cody Haddon,1998-09-08,170.18,175.26,,Orthodox
ec468b9b-5c8c-564a-9317-e472ba9aa23d,Haisam Rida,1993-07-25,,,,
ec4ccfbe-cabd-5601-a803-f6d613685295,Brian Rogers,1984-02-15,180.34,,,
ec55dbdd-35d4-5e3b-85c5-431f6dedb98d,Deividas Taurosevicius,1977-08-28,175.26,172.72,,Southpaw
ec571837-2683-5ced-8d1e-551b303c6adb,David Branch,1981-09-26,185.42,198.12,,Orthodox
ec5ac675-9b83-5fb7-9fb3-f6c9afe7b853,Joe Veres,1977-11-09,170.18,,,Orthodox
ec62cf70-80ff-55a6-bbda-d4f879f26ede,Ben Jones,,,,,
ec62fa90-c624-529b-971f-671492d3a11d,Felipe Bunes,1989-10-29,170.18,175.26,,Orthodox
ec697c80-6ac5-57c1-bdc2-006c9126c359,Cody Floyd,1988-07-18,,,,
ec80af25-357e-593d-bc62-3d64b68f154e,Steve Garcia,1992-05-22,182.88,190.5,,Southpaw
ec83471b-5598-571e-9961-c77c09475879,Allan Goes,1971-04-20,182.88,,,Orthodox
ec9424a4-458a-56df-8666-15dab00d1ec6,Manuel Exposito,2000-05-09,170.18,172.72,,Orthodox
ec950d01-ff13-5cea-becd-3d1b71b29a51,Peter Petties,1990-12-20,180.34,182.88,,Southpaw
ecbe22c2-a59b-54b8-873d-2af7065ddd6e,Ricco Rodriguez,1977-08-19,193.04,,,Orthodox
eccd8449-820c-5ce2-976a-9a1c9149d24b,Daniel Zellhuber,1999-07-07,185.42,195.58,,Switch
eccf330f-1f2e-581c-988f-57446fa5d3c9,Dominic Waters,1989-04-11,185.42,200.66,,Orthodox
eccfa65a-48e7-5d31-9cfb-d570ec1d7cec,Wuziazibieke Jiahefu,1990-04-09,175.26,177.8,,Orthodox
ed0b8aa0-7f60-5deb-8444-2075bec36339,Jose Santibanez,1980-01-18,,,,
ed1b8bd8-043e-5014-94c9-f4152f1dd4e9,Kali Robbins,1984-07-05,160.02,160.02,,Orthodox
ed1bc070-96dc-5b15-8687-11faf96f145a,Tomohiko Hashimoto,,182.88,,,Orthodox
ed1fcbb3-cd86-5ca6-981b-b7b2f0351364,Bart Palaszewski,1983-05-30,175.26,177.8,,Orthodox
ed20cdb4-5302-56b3-b284-f3c54d9c12d8,Brok Weaver,1991-12-05,182.88,185.42,,Southpaw
ed2c6c6e-9138-5da8-bfbe-2ad533b88883,Viscardi Andrade,1984-03-08,180.34,190.5,,Orthodox
ed2c750c-675e-5a6f-92df-214bfbec5aab,Cameron Else,1987-04-27,175.26,180.34,,Switch
ed3995d3-e506-5c91-acb1-e36d3880669d,Jon Olav Einemo,1975-12-10,198.12,,,Orthodox
ed4abf27-623f-5fd5-bba1-001db4093b2c,Thomas Campbell,,,,,
ed67560a-2b4f-5ecb-a6d3-19fd2ee89ddd,Jeremy May,1986-10-23,185.42,,,
ed8f6e4d-f104-546d-8bed-e5165d2c96c9,Kenny Robertson,1984-02-14,177.8,187.96,,Orthodox
ed91fa41-68ab-5499-9616-42768acb006e,Fabrizio Escarrega,1998-02-18,,,,
ed9589d6-71c8-58f2-92bd-c6c82284ed4c,Tomasz Drwal,1982-01-22,185.42,193.04,,Orthodox
ede66394-e28c-5494-b2f8-9471e7495ef8,Jeimeson Saudino,1991-03-05,167.64,,,
edf39edc-d84e-5f39-ae33-36e469229af5,Nathan Jones,1970-08-21,210.82,,,Orthodox
ee197ba5-66e2-5e4e-b5ee-076de7b6b4d2,Dave Zitanick,1980-03-05,,,,
ee228641-307a-5057-b966-4ed45e6dbd08,Brandon Cash,,195.58,,,Orthodox
ee2e80e5-54cd-5840-9422-0679db4de7a0,Jason Saggo,1985-11-23,180.34,180.34,,Orthodox
ee386074-04c0-5d44-8564-7f995051127d,Zelim Imadaev,1995-01-25,182.88,193.04,,Orthodox
ee3cfc0c-83a8-55b1-8445-5ed47b4ba067,Salhahuddin Everett,,,,,
ee474bb8-da08-58b6-a277-299d09a59e06,Rami Hamed,1991-04-25,185.42,180.34,,Orthodox
ee516242-dfe0-5574-ba90-c536fa137111,Nissen Osterneck,1981-05-01,187.96,,,Orthodox
ee5287a8-d544-5ab5-a731-d2042cb64cef,Nathan Coy,1978-07-24,177.8,175.26,,Southpaw
ee5f8bbb-cec1-5820-babc-d85176187cd3,Tony DeSouza,1974-07-26,182.88,177.8,,Southpaw
ee7742f9-f35c-5f4c-bcae-afbaf9a83748,Alex Karalexis,1977-09-20,172.72,167.64,,Orthodox
eea3acbb-75cc-5212-ba0a-0d64d9ea3b39,Poppies Martinez,1983-08-19,175.26,,,
eeabfd41-2cd5-57f9-894f-c9d3e3897d23,Sam Watford,,,,,
eeb7dae5-5cbc-51da-ba70-4ed39d2a8577,Taiga Iwasaki,1997-07-07,185.42,185.42,,Orthodox
eec30215-e313-5054-af25-8eadd1e099ef,Alessandro Costa,1996-01-28,162.56,170.18,,Orthodox
eecd2730-e66d-5463-bbc3-609b000ab471,Ryoga Arimoto,1998-12-07,,,,
eed2a0df-8b1d-570d-8c61-2ec1d6b92676,Kevin Natividad,1993-04-02,167.64,177.8,,Orthodox
eed4b1e2-378a-51bf-ba46-d599721aa21d,Vitaly Minakov,1985-02-06,187.96,,,
eee481e1-4d28-57b2-b3fc-75bd85469ea2,Raul Castillo,,180.34,,,Orthodox
eee4bf3f-fe70-57ae-8942-2e11c7a9bbbe,Leah Letson,1992-08-21,170.18,180.34,,Southpaw
eee833b3-b0b7-5b2c-8354-3a38f2ef139d,Darrick Minner,1990-04-28,170.18,175.26,,Orthodox
eeeb0c50-6e1c-5803-8f06-fd29aa09d424,Ryan Thomas,1984-11-05,182.88,,,Orthodox
eef141d6-ed95-5a64-8d9d-f2fc9791234b,Kaito Oda,1998-02-13,,,,
ef096390-e865-5758-803c-b10fbdaeb8a0,Mike Jackson,1985-03-22,187.96,187.96,,Orthodox
ef0d80bb-4c6b-5285-a238-bd0b01298aac,Bobby Flynn,,,,,
ef0de241-8319-5bc9-9888-379d86bf39c7,Toshiomi Kazama,1997-05-15,170.18,175.26,,Orthodox
ef1099b5-bfca-54e0-8ca3-6080a937226c,George Zuniga,,175.26,,,
ef369b00-31b8-5ac3-9ee5-d60aafa045b4,Saul Elizondo,1985-07-17,170.18,,,
ef4a583c-fc7c-5ea1-90fe-1f29ff3ca227,Hiroshi Izumi,1982-06-22,,,,Orthodox
ef4dd5c9-dc42-512f-9eee-96fa09344590,John Franchi,1982-07-16,167.64,170.18,,Orthodox
ef55a2ec-8483-5a51-ac64-12779be35e8b,Matt Mitrione,1978-07-15,190.5,208.28,,Switch
ef5beb35-9868-53b1-aa90-7e55a3e91444,Noe Hernandez,,,,,Orthodox
ef60e330-3750-58b2-8a31-bd08f8e08271,Charles Byrd,1983-10-11,177.8,185.42,,Orthodox
ef69c032-cba0-59a1-aabb-81c57f6e24bf,Alan Gomez,,,,,
ef7c5cd6-801e-53b1-857e-196e0ffded64,Mallory Martin,1994-01-29,162.56,160.02,,Orthodox
ef944c4a-cbde-580c-8028-594155574265,Johnny Eduardo,1978-08-03,170.18,180.34,,Orthodox
ef992e30-c91f-5b53-bed7-460776b70b78,Guilherme Uriel,1997-02-18,185.42,187.96,,Orthodox
efa64583-0401-5553-ba9d-0550c95d82f6,Mark Bocek,1981-10-24,172.72,190.5,,Orthodox
efbc569b-88d7-51ea-85c1-ef8bf0ea77e7,Kiru Sahota,1995-05-28,177.8,185.42,,Orthodox
efe6022d-1e58-5cc3-8909-738d540c7c22,Ryan Spann,1991-08-24,195.58,200.66,,Orthodox
efed7cb5-7836-50ba-97f8-5c4061a23123,Jimy Hettes,1987-06-09,175.26,180.34,,Southpaw
eff43f12-b0c4-5190-9475-b03c9296ee56,Kai Kamaka III,1995-01-05,170.18,175.26,,Orthodox
effe3fd8-3940-5a4e-b8a0-fa70833d24d4,Luis Mendoza,,,,,
f02ace84-e1ff-58ba-a5a9-26f1581f5dcc,Ian Heinisch,1988-08-05,180.34,182.88,,Orthodox
f031d6f2-d766-54fa-bc43-11f95d4692f6,Reginaldo Junior,1999-02-10,,,,
f0334fac-937c-52e4-863e-6d455537a227,Gerald Strebendt,1979-03-01,175.26,,,Orthodox
f0339977-28d8-51b3-b0ac-f742b345d214,Mike Bourke,,182.88,,,Orthodox
f0476be4-95c3-57ca-9349-9ff2f1b1a890,Jared Chaffee,1984-12-15,177.8,,,
f04ab1c0-d354-5c68-9298-ebe7e5fd4cd1,Ivana Petrovic,1994-06-11,172.72,177.8,,Southpaw
f04c5802-8fe9-5d46-b044-4bbe003dad7f,Yoko Takahashi,1973-04-20,172.72,,,
f05a54c0-350b-5ff5-a2d3-3c986158714d,Khabib Nurmagomedov,1988-09-20,177.8,177.8,,Orthodox
f05c7163-8ebc-5ed7-86e0-81706d2e12a0,KJ Noons,1982-12-07,177.8,177.8,,Orthodox
f06cea59-7736-558f-bac4-42abffaf72cb,Mana Martinez,1996-03-25,177.8,177.8,,Orthodox
f0755cec-e67a-5bed-8cd7-59d32b2b5216,Katsuhisa Fujii,1972-08-15,182.88,,,Orthodox
f07aadf3-a3b7-52d7-8223-5b33b4615a40,Gaston Reyno,1986-11-11,182.88,,,
f089aec4-6fa4-5456-8629-9bb4dcfcfcd5,Andre Petroski,1991-06-12,182.88,185.42,,Switch
f09bb9b6-3a99-5cca-9756-27c5d1722e96,Danny Davis,1982-07-28,187.96,,,
f09f9527-278b-5bf6-b6e8-0be1da47ba28,Charon Spain,1988-03-11,175.26,,,
f0ad1b63-8225-56cc-bad8-533f37e9680f,Guilherme Pat,,,,,
f0c3c096-2f06-5e55-9b73-f822fbbb038c,Ruben Villareal,1970-05-01,193.04,,,Orthodox
f0c530d7-9232-5c9c-9421-26aa7fdb2624,Amir Rahnavardi,1974-12-07,182.88,,,Orthodox
f0d88d2e-7bd5-5add-b5a0-4cf4f37b84ac,Brandon Visher,1984-05-06,167.64,172.72,,Orthodox
f0e2faa2-426e-520a-b0b2-129320d0258f,Estefani Almeida,1988-10-17,162.56,,,Orthodox
f0e5340e-242f-5d5e-90fd-6061a95204c8,Sokun Koh,,185.42,,,
f0ebc911-281b-5058-849b-06045603ca86,Rodrigo de Lima,1991-03-12,170.18,,,Orthodox
f0f0151a-0011-5cca-a159-ccf3c49822e3,Jansey Silva,1995-05-30,187.96,170.18,,Orthodox
f0f57466-90dd-5692-829e-512f4290b611,Jordan Espinosa,1989-11-08,167.64,175.26,,Orthodox
f102e0af-b606-5d39-8a86-60a44e38cc3e,Andy Anderson,1974-07-16,167.64,,,
f10da334-d76b-54a9-8683-5fdc5f04c6ee,Mike Aina,,175.26,,,Orthodox
f1150e50-4547-5705-9fd2-43c3660d56d1,Marcin Prachnio,1988-07-14,190.5,185.42,,Orthodox
f12e9f1e-de9f-5f03-abc3-ba85daca3c0c,Eperaim Ginting,1995-11-30,162.56,162.56,,Orthodox
f1306f03-7f54-56cb-993b-d5eb05efae77,Johnny Cisneros,1980-02-05,180.34,,,
f15810d9-1ea1-50e3-9b92-1df78b743693,Nina Nunes,1985-12-03,165.1,162.56,,Orthodox
f1692eb4-0b01-5e19-ab94-a60cc2f73640,Yamato Nishikawa,2002-12-06,170.18,,,Orthodox
f16c06eb-2cdf-5d0b-a07d-9a0b9fbee265,Karine Gevorgyan,1989-03-09,162.56,160.02,,
f1921223-01dc-56aa-9b30-a98ef47195a1,Juancamilo Ronderos,1995-02-17,160.02,162.56,,Southpaw
f194d235-518a-5630-8d5a-dd796dfb02e8,Mark Vorgeas,,177.8,,,
f19c0e7f-120d-51c5-843f-06062dee4f8b,Dan Miller,1981-06-30,185.42,187.96,,Orthodox
f1c2a719-6399-539a-9795-8e8b026eaa26,Marcin Wrzosek,1987-10-14,175.26,,,
f1cbfbd8-8182-5529-a24a-5f582af850d3,Aaron Miller,,175.26,,,
f1cdcd1b-59e0-5412-96a0-cea07fe864fa,Hilarie Rose,1992-11-11,160.02,160.02,,Orthodox
f1d20b36-8724-5110-9749-d24ec12cc19c,Brad Scott,1989-06-24,185.42,193.04,,Orthodox
f1dc7b04-db19-537d-bc25-94bd9fc8111d,Alex White,1988-10-22,182.88,180.34,,Southpaw
f1e0a56c-9213-53b2-9521-a44194ce3abd,Eduardo Chapolin,1995-11-23,170.18,170.18,,Orthodox
f20d4ad5-a1b4-5f04-8280-dc05ef0d05fc,Buddy Roberts,1982-10-17,187.96,,,Orthodox
f21c1cd2-01b0-595b-b439-ada63c04e6b3,Geraldo de Freitas,1991-09-30,170.18,182.88,,Orthodox
f221b437-9fb3-5152-837a-f17ebe89efae,Dean Lister,1976-02-13,185.42,190.5,,Orthodox
f2244b60-9fef-57e8-ae2e-0acad0700c4c,Isis Verbeek,1995-01-12,162.56,162.56,,Orthodox
f22a3038-4849-519a-aa3f-d2960abc3572,Ricky Legere Jr.,,172.72,,,
f23f8a28-4cfa-5e3e-99a2-bfe9a3b734c1,Randy Couture,1963-06-22,185.42,190.5,,Orthodox
f247408d-0905-59c4-a165-066b16a333c6,Alejandro Villalobos,1979-10-26,170.18,,,
f25f34b8-0a58-546a-b74d-cfe7435f7893,CJ Hamilton,1986-10-07,170.18,172.72,,Switch
f26f5a27-d1fe-5d1c-9cf7-0743272547a3,Katsuyori Shibata,1979-11-17,182.88,,,Orthodox
f29e1c4f-efb7-53d0-a47f-a1bbf6376685,Ray Seraille,,190.5,,,
f2bd6d5d-da5f-5dbe-95be-25deec074802,Yoshiyuki Yoshida,1974-05-10,180.34,177.8,,Southpaw
f2cd6726-9a28-5f1a-bb9e-5eb195cb6ce9,Josh Neer,1983-03-24,180.34,182.88,,Orthodox
f2ced1d7-bb7e-5eeb-8b3e-84e928a5760f,Armen Petrosyan,1990-11-03,190.5,180.34,,Orthodox
f2d54c48-a581-5c89-9148-a5e0ed942acb,Gary Mangat,,170.18,,,
f2d81879-b0d6-551f-a26a-d2a3c324d5bc,Adli Edwards,1989-08-28,,,,
f2d97e42-5c8b-5012-bf48-fa1f8d2eb58b,Craig Jones,1991-07-17,,,,
f2dcdd44-4f10-5eaf-8df2-8d9f4b5f7bb4,Renato Moicano,1989-05-21,180.34,182.88,,Orthodox
f2dd0214-ca6f-5bd7-97c4-9a580acdcf3f,Siyar Bahadurzada,1984-04-17,180.34,185.42,,Orthodox
f2e58ee1-0a5b-5827-b420-4d650a1eaaf3,Jerrod Sanders,1979-10-01,172.72,182.88,,Orthodox
f2e858a7-fc10-5a8a-8708-f0ef470a39c0,Paulo Thiago,1981-01-25,180.34,187.96,,Orthodox
f2eb9b8d-a693-5781-b4c0-775f272ed675,Ricky Turcios,1993-06-05,175.26,180.34,,Orthodox
f2f4c6fa-8794-522d-bc2f-1d27dec06412,Matt Serra,1974-06-02,167.64,172.72,,Orthodox
f2f772e0-bfef-52a2-b8ed-4336a98197d2,Eiji Ishikawa,1979-10-12,177.8,,,
f2fc5bee-e089-56e2-868f-71b1bcbb821e,Eric Wray,,182.88,,,Orthodox
f3051d3a-4843-5f54-a150-677443ebbcc9,Rinat Fakhretdinov,1991-09-28,182.88,187.96,,Orthodox
f30b3216-9ee9-5d6b-b334-ea722e52102a,Sean Loeffler,1982-05-23,190.5,,,Orthodox
f3195471-feb8-541f-9a49-e03c53b4e758,Diego Saraiva,1982-04-23,167.64,,,Orthodox
f31a4aa8-b381-54c5-b95d-2a21a811aedb,Mario Sperry,1966-09-28,187.96,,,Orthodox
f32da9d7-a393-51cc-b10a-cabe3eadbdda,Uriah Hall,1984-07-31,182.88,200.66,,Orthodox
f3397b23-d147-59f3-9475-8e8953f3fe02,Jeremie Holloway,1984-09-29,182.88,,,
f339f6d9-640d-59e2-8042-3231cf233b1f,Achmed Labasanov,1978-04-24,190.5,,,Orthodox
f348d06f-f979-518c-982c-c95e2e74d45f,David Martinez,1998-08-03,165.1,170.18,,Orthodox
f361879c-05e3-5742-94e9-0bc5feaa6064,Luis Gomez,1995-01-28,170.18,172.72,,Orthodox
f3690575-0078-58e0-86d3-c5e628bf05de,Johnny Bedford,1983-01-06,177.8,180.34,,Orthodox
f38312e7-9633-508d-adb8-45ad5a75b76c,Kaan Ofli,1993-06-19,170.18,167.64,,Orthodox
f388c834-3dd2-55e5-ab60-9be5cab01fe4,Peter Barrett,1986-08-10,177.8,185.42,,Southpaw
f393ef7b-e055-5d1a-aa20-09a505a538cc,Martin Kampmann,1982-04-17,182.88,182.88,,Orthodox
f3aff4fe-ffa8-50c1-8a27-5d586f176f5a,Tulio Palhares,,,,,
f3b0ee57-3994-5b50-9475-dd113eca95fb,Daniel Kelly,1977-10-31,182.88,177.8,,Southpaw
f3b1db49-21e4-5d02-b820-ae73c50a139f,Magomedrasul Gasanov,1994-10-23,,,,
f3b23f90-9274-51eb-a33d-0b712c7cbb73,Sean Brady,1992-11-23,177.8,182.88,,Orthodox
f3b69487-d83c-5d49-8f25-6835950dca9b,Jon Tuck,1984-08-28,180.34,185.42,,Orthodox
f3e354be-02e2-5cb5-994a-fce2cd17acd4,Joe Martin,,175.26,,,
f3f16fd0-84bd-5132-aef1-41e110e32ee8,Bryan Vetell,1977-07-26,190.5,,,Southpaw
f3fccf18-ab03-5a26-b6bb-0f33ee5d2086,John Cofer,1984-04-29,175.26,,,Southpaw
f400b69c-9f79-5907-9d8d-f2429dce3e77,Kevin Rosier,,193.04,,,Orthodox
f4227bb9-6f72-5ac4-a4f5-f6089cbd5f04,Hans Stringer,1987-07-06,190.5,,,Orthodox
f42bd6e1-f41a-5fd0-95ad-4452fbcf312d,Tito Jones,1981-07-31,172.72,,,Southpaw
f437f220-d013-5cb7-a04f-4fdcebf52bee,Pete Sabala,,,,,
f4384882-a4d0-51f2-bea6-e290f328a673,Christina Marks,1985-11-08,170.18,175.26,,Orthodox
f43f85e2-9ff1-5ba2-b270-52b2a8827156,Brett Tillis,,,,,
f442b546-4d6a-5541-98e5-fd4eb9fe750e,Cyborg Abreu,1980-12-20,,,,
f443ff4d-b89c-5538-92c1-2a12d7bfc6b6,Chris Hawk,,185.42,,,
f44661f4-dd6e-534f-8833-ec6d1a34e781,Melvin Guillard,1983-03-30,175.26,180.34,,Orthodox
f4574b87-f75f-536a-9458-505734654a4c,Lucie Pudilova,1994-06-13,172.72,170.18,,Orthodox
f45751d7-4a36-52c0-9767-44b0c531c5d0,Samuel Sanches,2003-01-28,177.8,187.96,,Orthodox
f471f25d-2822-5d92-9b78-ea7894a82f2e,Marcos da Matta,1973-03-18,162.56,,,
f47fc8fa-e74f-568d-bb32-27b69b52ebc7,Imani Lee,,,,,Orthodox
f4839c8d-1070-5f3b-8dd8-53a3f4cefcb6,Elias Theodorou,1988-05-31,185.42,190.5,,Orthodox
f4a5610a-1013-5628-9ff2-f2551e5f9eca,Kyle Bochniak,1987-02-05,170.18,177.8,,Orthodox
f4b693c3-b95b-559c-8f3d-7a3e5db75b78,Yoshihiro Nakao,1972-06-25,182.88,,,Southpaw
f4e06143-e698-5993-a68d-5920663516c4,Zach Reese,1994-03-24,193.04,195.58,,Switch
f4e5b575-dd0a-51a6-a7bb-d65185491696,Zaurbek Sabanov,1998-06-14,,,,
f4f26ab3-7b60-503d-aa8a-da22c81daf01,Christian Uflacker,1985-08-04,180.34,,,
f5193786-06c1-50a8-9192-611da25f4d10,Willie Peeters,1965-10-26,175.26,,,Orthodox
f5233823-6b7e-569c-a236-fe9e396b3b25,Ricky Rainey,1983-06-29,185.42,195.58,,Switch
f53d6724-2b0b-5cb5-9f00-7b1fa564ea18,Julien Leblanc,1992-01-21,,,,
f540275d-eff3-5553-89ea-82db4d708ac4,Ilian Bouafia,1996-11-13,195.58,198.12,,Southpaw
f56b0888-7ce0-53e7-85c1-9c47b5d2a365,Harry Moskowitz,,195.58,,,Orthodox
f579f4bd-188c-5d36-b2d4-3ea72f15cfb2,Magomed Gadzhiyasulov,1993-11-04,187.96,190.5,,Orthodox
f57c0f00-eb24-5351-b759-4b915f4da534,Akiyo Nishiura,1983-08-08,172.72,,,Southpaw
f599a112-da4d-5e47-a3be-d1e430cac69c,Josh Shockman,1980-12-29,193.04,,,Southpaw
f5a7b57e-c807-5e86-aaa9-d85910c2757c,Krishaun Gilmore,,,,,
f5a8914d-6988-5dbe-aa65-940dc09ba788,Michael Bravo,,,,,
f5ae4010-e0a3-572b-8188-27e0c52bd12e,Roosevelt Roberts,1994-02-11,187.96,185.42,,Orthodox
f5cbf9f1-f582-56d1-8ca8-5aa25e4260f7,Magomed Bibulatov,1988-08-22,165.1,165.1,,Orthodox
f603e25d-1e75-5902-92ef-eeff33f18a80,Reinier de Ridder,1990-09-07,193.04,198.12,,Southpaw
f60a1a79-4441-5798-816f-9ee8f092b711,Molly McCann,1990-05-04,162.56,157.48,,Orthodox
f60d0775-117c-584a-9384-e27066eafd1c,Felix Lee Mitchell,,,,,Orthodox
f6101920-4b0b-54ca-88ab-a523132724e0,Ricardo Prasel,1990-06-02,200.66,198.12,,Orthodox
f61d2c06-7079-50ed-b743-53660fcbb4e8,Bibiano Fernandes,1980-03-30,170.18,,,Orthodox
f61d8d74-703c-5920-b99a-337de39b7b1d,Jenel Lausa,1988-08-01,165.1,172.72,,Orthodox
f620c542-aa17-5a00-8df0-70a1a116bbc1,Trevor Harris,,167.64,,,
f63eb00d-7005-546c-8cb5-141caab5d50e,Rob Broughton,1983-03-03,187.96,187.96,,Orthodox
f66d3ba8-0a6a-53de-a38f-152ed828e780,Ailiya Muratbek,,,,,
f6747049-56fa-5e89-a76b-72f31da96a5a,Adriano Martins,1982-12-16,177.8,182.88,,Southpaw
f6763187-2544-5dc6-95ee-03e52e7f1853,Igor Severino,2003-04-21,170.18,175.26,,Orthodox
f6803fa3-ddb7-5358-b5ea-70fc344760b6,Carlos Prates,1993-08-17,185.42,198.12,,Switch
f6922b35-a453-5078-abc5-a77e763afa75,Zak Bucia,,177.8,,,
f6aa99c0-5a6a-5de4-84cb-2650aa265aad,Sean King,2003-10-17,,,,
f6ad626f-493e-5081-8c12-9435de57f092,Mario Bautista,1993-07-01,175.26,175.26,,Switch
f6b40b2b-b919-56da-9aa7-525447eacd3a,Julio Cesar Neves Jr.,1994-04-25,172.72,,,
f6c25a6d-f399-5cd9-a4bc-089f4186f16b,Anthony Adams,1988-01-13,185.42,193.04,,Orthodox
f6c92152-c473-5afe-b960-42ed91b89090,Mike Rio,1981-07-06,177.8,177.8,,Orthodox
f7124cb1-0535-5590-b338-a87b3662da21,Nasrudin Nasrudinov,1991-10-06,182.88,180.34,,Orthodox
f715e3d9-fcfd-5784-9e37-c6a22ea5a933,Maurice Mitchell,1987-06-29,175.26,,,Orthodox
f7292a42-3616-5d78-b394-6c7a93ab9b31,Issac DeJesus,,,,,
f72d8822-e836-569f-ac92-a72a4b364708,Hisaki Kato,1982-09-17,182.88,,,
f72d8c3e-17b2-5196-853e-2f9dfffe2cca,Tonya Evinger,1981-06-04,170.18,177.8,,Orthodox
f7339d12-4a25-5e9f-a126-0457cea90c4d,Shin Haraguchi,1998-11-27,165.1,172.72,,Switch
f7508762-c92b-5d6a-a8fc-e16245e4a400,Robert Ruchala,1998-05-15,172.72,182.88,,Switch
f7559b1f-8d1e-5220-9ec0-1dd6f5811436,Liam McGeary,1982-10-04,198.12,,,
f76d03bf-65d3-5c49-9716-cd2c9d2ce9fe,Robert McDaniel,1983-05-03,190.5,190.5,,Southpaw
f77c89b5-7f3b-520c-a564-8d6755c00787,Mayra Bueno Silva,1991-08-22,167.64,167.64,,Orthodox
f781f762-bd40-5f1e-9053-86876f9d28c8,Javid Basharat,1995-09-07,175.26,175.26,,Orthodox
f7898eb8-563a-5ca0-862b-8915047b9864,Anna Elmose,1984-10-06,160.02,,,Orthodox
f78d36f0-8428-57d4-8742-aa854624bf50,Andrey Pulyaev,1997-09-10,193.04,198.12,,Southpaw
f78df9c0-91b7-51ad-9256-c1957dde40f0,Marcus Hicks,1975-11-25,167.64,162.56,,Southpaw
f793aaa3-9955-5533-bba5-2fe33484d78e,Coty Wheeler,1978-10-11,167.64,170.18,,Orthodox
f793b52a-0891-5b06-848f-74dea1c9dc82,Imanol Rodriguez,1999-11-15,,,,Orthodox
f79b1b2c-1389-5378-b1ac-4dec3ecc0584,Koya Kanda,1995-12-20,175.26,190.5,,Southpaw
f79d0487-9a3f-5570-a135-f01e9f77e065,Andy Ologun,1983-06-12,182.88,,,Orthodox
f7b083de-6ed7-5509-af22-e6b9fd477780,Jean Silva,1996-12-27,170.18,175.26,,Orthodox
f7da2c8f-2a84-5667-a0e1-d79fe3ca679c,Oscar Cota,1984-10-15,182.88,182.88,,Orthodox
f7f2b46b-7ec6-56a6-bad8-0d54cba8e700,Dione Barbosa,1992-05-08,167.64,167.64,,Orthodox
f7f4e630-43b9-556d-a90a-1215d0fce70d,Samandar Murodov,1999-08-28,185.42,190.5,,Orthodox
f81abb30-2ee8-5a9d-8af9-d06453e9e7eb,Dave Martin,,182.88,,,
f81edd09-95c8-598b-9ed9-0749502f65f0,Jhonata Silva,1997-04-24,165.1,167.64,,Orthodox
f827c01d-699c-52b5-9cf8-e02c3d11b4c2,Dylan Salvador,1993-05-20,175.26,175.26,,Southpaw
f861aa63-b610-598b-8c4c-8339bac32205,David Mgoyan,2004-06-25,175.26,177.8,,Orthodox
f867edb7-3c59-53e6-8544-bfe93b45b7a0,Rolando Delgado,1981-11-22,190.5,195.58,,Orthodox
f8b112fa-ccd7-5e88-a16c-421412c5f31e,Roman Salazar,1988-02-21,170.18,,,Orthodox
f8bb8721-7cf2-5cb8-abb6-9f7f348f4e2d,Roy Jones,1983-10-26,,,,
f8c63e4e-7265-5665-b8ea-e98beca33bfc,Yurij Kiseliov,,172.72,,,Orthodox
f8d73f38-2708-5080-8cde-c9868a1ca020,Ron van Clief,1943-01-25,177.8,,,Orthodox
f8d74565-248b-5ded-8003-879280a81920,Matt Grice,1981-07-29,172.72,177.8,,Orthodox
f8d7a7b2-a2f2-5926-a532-042b20e58952,Davey Grant,1985-12-18,172.72,175.26,,Orthodox
f8e397c8-cf0e-564f-b613-309d933821b1,Brian Ortega,1991-02-21,172.72,175.26,,Switch
f8f0c131-7efb-5ab1-b255-d4437da8cfd2,Mike Moreno,,182.88,,,
f8f3e45d-deb0-5e2d-baed-16555da37861,Bobby Sanchez,,170.18,,,Orthodox
f8f70827-b1fd-57c9-8b92-80f062d5c109,Irina Alekseeva,1990-06-27,172.72,170.18,,Orthodox
f90e040a-a06a-55eb-8c16-275c33d3cb82,Leslie Hernandez,1997-12-29,160.02,162.56,,Orthodox
f9140495-bfd0-577a-bdf9-29cdfd3dbf7e,Matt Dixon,1995-10-09,177.8,190.5,,Switch
f9186388-84d3-594b-9f52-7380b7dbf201,Bristol Marunde,1982-04-20,185.42,190.5,,Orthodox
f948dfc9-7963-5a89-9596-1481393d9726,Papy Abedi,1978-06-30,180.34,,,Southpaw
f94fc7b9-9bea-5ef4-9395-4d5991247bb7,Joe Giannetti,1995-07-05,182.88,187.96,,Southpaw
f9511add-89a4-51c4-a84b-935221aa0ba6,Ding Meng,1994-09-27,187.96,185.42,,Orthodox
f9649537-d056-526a-a1f8-efa7bd3723f3,Benson Henderson,1983-11-16,175.26,177.8,,Southpaw
f96d42b0-53e1-538c-bf1e-4c2f46027168,Yadier del Valle,1996-07-29,175.26,175.26,,Southpaw
f98b0114-e6a0-56cf-82ef-9d679fb7802d,Rin Nakai,1986-10-22,154.94,,,Orthodox
f98fc0fe-d490-5fd4-ab2d-07691d6764ca,Edson Gomez,1991-02-23,172.72,175.26,,Switch
f9989031-c911-55bc-9296-355ba6972405,Yuhi Sano,1965-02-02,180.34,,,Orthodox
f9b725c2-0408-57d3-8694-8a751a672280,Alexandre Franca Nogueira,1978-01-15,170.18,,,Orthodox
f9cc8a91-fae6-5d4b-907b-58dabb5cd3d7,Cody Law,1995-03-24,,,,
fa12bbbf-d208-5235-a4e6-488d06e27689,Tim Roman,1985-06-08,185.42,,,
fa30cb5f-2b22-5e48-adc8-c190cfa2302d,Gan McGee,1976-11-20,208.28,,,Orthodox
fa3e6e60-42c9-501e-acb1-752c4722d107,Leigh Remedios,1976-01-13,170.18,,,Orthodox
fa40f996-3e56-5830-974f-b0a1bbe7cc10,Nick Piccininni,1996-12-16,167.64,167.64,,Orthodox
fa5486de-0162-5711-ba26-5768d339a568,Roxanne Modafferi,1982-09-24,170.18,175.26,,Orthodox
fa596e4c-dcd2-5678-9c2e-c2f9fa5dcbb2,Josh Burns,1978-05-15,185.42,,,
fa6f0508-34f2-5d86-9eb4-e653da8c2102,Edivan Santos,1992-05-03,193.04,198.12,,Orthodox
fa8d6455-c386-5566-8d97-97be0dada347,Alexis Apodaca,,,,,
faabd07a-d251-558e-8dff-6dfd595da896,Brandon Lowe,,,,,
fab42c3a-3119-5d43-a322-d23cd1fb7d94,Robert Peralta,1986-03-14,172.72,180.34,,Orthodox
fab8a3c9-d83f-597e-ae6e-6cbda81a1410,Din Thomas,1976-09-28,175.26,,,Orthodox
fabeafa1-9677-591e-bad8-b94607eca376,Sean Gauci,1996-10-07,165.1,162.56,,Switch
fad9c8bc-1c03-557c-8f1c-0583c71977cb,Gareth Joseph,,,,,
faef07a6-aec6-5ea6-a747-f37972aecd53,Roland Payne,,175.26,,,Orthodox
faf356a2-e92f-5543-8cf9-e26e3121202f,Collin Anglin,1993-02-20,175.26,180.34,,Orthodox
fafbcf6e-11d6-5cd8-bd62-ec07157858e4,Neil Seery,1979-08-30,162.56,162.56,,Orthodox
fb003e95-1827-584f-9e03-d16cec8d67e7,Paul Rodriguez,,170.18,,,Orthodox
fb104126-a741-57d0-90b6-cb717543bddc,Shah Kamali,1998-10-25,,,,
fb1c7fd6-766c-553c-abbc-8b3108598134,Michelle Maher,,,,,
fb224156-20ec-5b7c-bd64-ce4321af2055,Jerome LeBanner,1972-12-26,190.5,,,Southpaw
fb34a683-262d-5cae-83fe-00b8c6b34ff9,Demetrious Johnson,1986-08-13,160.02,167.64,,Orthodox
fb354fd1-fb10-5b15-bd77-925b30768446,Ryan Bader,1983-06-07,187.96,187.96,,Orthodox
fb57af5d-e706-55a5-86ee-2b46751aa278,Emily Kagan,1981-07-14,160.02,,,
fb6f32a8-0787-5257-89b2-86ce09d8c38b,Shamil Gamzatov,1990-08-09,187.96,193.04,,Orthodox
fb7d444c-6a6d-552d-9106-ea6421ae8939,Lucio Linhares,1973-12-08,187.96,,,Orthodox
fb81107e-4392-506d-8240-749ba0f39c34,Francis Marshall,1999-03-03,175.26,182.88,,Orthodox
fb9a08d6-1356-5281-926d-bfea10f09566,Daniel Straus,1984-07-27,170.18,180.34,,
fba69541-8d23-5376-8a1d-2f6136320e55,Amanda Cooper,1991-10-22,160.02,162.56,,Switch
fbad51c8-fffb-5a4d-ba09-729410f0d9c1,Ti Haitao,,,,,
fbb877e7-7a5a-5cce-a28e-4b5a8eef2777,Ian Escuza,1996-04-28,,,,
fbcdcd72-569e-5596-a416-3b1d4060ddfb,Sione Latu,,182.88,,,
fbe9314d-c7e3-5d79-a89d-c04c5d453553,Ryan Bastianelli,,165.1,,,
fbeadf2b-f668-5177-ad01-26373fee08eb,HanSeul Kim,1990-06-19,185.42,185.42,,Southpaw
fbed7316-9c6a-5d85-b514-19fc63a4b849,Kenyon Jackson,,182.88,,,
fbf3fbe7-9679-5cbd-b7e7-bf73217b2768,Emily Ducote,1994-01-01,157.48,160.02,,Orthodox
fbfda557-5597-5f85-a459-55dd01d4ebf6,Martin Day,1988-11-10,177.8,185.42,,Orthodox
fc0796aa-ff4e-57d1-b79a-4b9530bd9c97,Torrance Taylor,,170.18,,,
fc0a96e2-16d7-5b5b-b5ea-6a871b457bce,Katsunori Kikuno,1981-10-31,172.72,167.64,,Orthodox
fc0f7c13-3798-5a0e-b28c-1379091a0de7,Sam Greco,1967-05-03,187.96,,,Orthodox
fc145f9b-7113-5a44-a111-120ddf62cb72,Sidney Outlaw,1992-04-11,172.72,187.96,,Orthodox
fc289bc4-2882-5529-928f-16632c009b5d,Damir Hadzovic,1986-08-08,175.26,177.8,,Orthodox
fc331b12-2a22-501e-b057-3e5b42c3587f,Flavio Luiz Moura,,180.34,,,Open Stance
fc3d26e3-c7aa-5499-b681-1fe32588c299,Russell Patrick,,175.26,,,
fc4daf28-d03c-58be-a8fb-ecb482693aaa,Kayla Harrison,1990-07-02,172.72,167.64,,Southpaw
fc50cf76-cb20-5476-8400-6214c3a10cec,Lyman Good,1985-05-26,182.88,187.96,,Orthodox
fc674eae-c93a-5ff5-890b-dc195922a65f,Stephan Bonnar,1977-04-04,193.04,200.66,,Orthodox
fc6e237a-685c-5968-b18f-dc724a427d71,Jack Nilson,,,,,
fc76a463-97ec-5fb0-b505-b7509defcdba,Kiran Singh,2000-07-25,154.94,165.1,,Orthodox
fc81981b-f15d-56f0-837b-9ccab1188fc3,Michel Prazeres,1981-07-25,167.64,170.18,,Orthodox
fc8a92d0-1755-5353-a585-2923537fd30e,Dong Hyun Ma,1988-09-09,180.34,177.8,,Orthodox
fc9408ea-60d3-5bcb-81b3-f4efb5cb5e48,Eric Irvin,1986-01-10,172.72,,,
fcade07d-8133-5eca-8888-00b59b9971aa,Hecher Sosa,1995-08-25,175.26,177.8,,Orthodox
fcb70c91-0a7a-5e3c-86e2-c934ee56f1f0,Frankie Saenz,1980-08-12,167.64,167.64,,Orthodox
fcbc3208-2073-5250-b974-9e71fc43771f,Themba Gorimbo,1991-01-23,185.42,195.58,,Orthodox
fcc16ef0-f101-5a27-9fa5-5ebfe4d7aec2,Jason MacDonald,1975-06-03,190.5,203.2,,Orthodox
fcc83277-d693-5c7f-b75d-c7317483f2be,Alton Cunningham,1993-06-24,187.96,195.58,,Orthodox
fcccda33-5e85-5eaf-8483-3386b6bb11af,Brandon Halsey,1986-09-16,182.88,,,
fd0227e9-6776-5ee8-a5a4-b238ed269167,Gerald Harris,1979-11-19,180.34,195.58,,Southpaw
fd0d2137-089b-53db-9a83-91c644b2aa25,Melsik Baghdasaryan,1992-01-28,175.26,177.8,,Southpaw
fd278e2d-5418-54b0-a5e5-14464aacc562,Leo Kuntz,1983-10-03,177.8,,,Orthodox
fd33e4f1-1120-58bf-8418-58facc243623,Masanori Tonooka,,172.72,,,Orthodox
fd365b54-8aae-52b2-bf50-fbd606b752e9,Tim Sylvia,1976-03-05,203.2,203.2,,Orthodox
fd37b5e3-8a92-5576-b4f9-c6c574f140b5,Veronica Hardy,1995-10-30,162.56,162.56,,Southpaw
fd78ccd1-dd23-5a50-8120-54464bbbbdf9,Chance Farrar,1975-09-11,175.26,,,Southpaw
fd802140-4bd4-53d9-a857-ffed74f4b24d,Andre Lima,1999-02-04,170.18,170.18,,Orthodox
fda4b329-5f8e-5ad4-a9e7-b9154406621a,Jeff Curran,1977-09-02,167.64,175.26,,Orthodox
fdb1854e-5c78-53ca-8199-64d6ebd6c59c,Dave Beneteau,,187.96,,,Orthodox
fdf29d16-47eb-551b-b02e-74c466152367,Luana Santos,2000-04-16,167.64,170.18,,Orthodox
fe16f228-4c4a-50c0-8d42-53919ce83b8f,Dakota Hope,1997-01-29,,,,
fe1732db-0c9e-5cb0-a33d-d706af6220f6,Alexander Soldatkin,1993-06-10,187.96,190.5,,Orthodox
fe425438-bedf-52cf-9384-4fe3b684e977,Genaro Valdez,1992-01-16,175.26,182.88,,Orthodox
fe461c43-49c9-5f14-9df9-aec213c599e7,George Sullivan,1981-03-13,182.88,185.42,,Orthodox
fe4bbfa9-79ee-540f-921b-515977b15f10,Brandon Michaels,,175.26,,,
fe50d663-b1ab-505a-8133-f351c83c1cbb,Kenneth Bergh,1989-06-26,187.96,187.96,,Orthodox
fe62e02d-b1e4-5289-bdc8-3b789f883824,Macy Chiasson,1991-07-27,180.34,182.88,,Orthodox
fe72f0bf-f1ef-5a5d-94f2-04ef2c5eccc2,Solomon Hutcherson,1972-08-31,180.34,,,Southpaw
fe85df5b-ba59-5068-88e1-3893b3307f31,Hannah Goldy,1992-05-18,162.56,154.94,,Orthodox
fea38c15-94eb-5a8b-8c81-0e3a4bcfd7d5,Tatsuya Saika,1990-09-18,182.88,185.42,,Orthodox
febd0ad2-2454-540d-8dba-f6b7e7f17b5f,Valter Walker,1997-12-14,198.12,198.12,,Orthodox
febf2052-f1eb-5f89-8923-aa0444bba4fa,Machi Fukuda,2003-06-03,,,,
fed5a0bf-e92d-57b3-ae47-5fd0d61446a7,Leandro Silva,1985-11-11,175.26,182.88,,Orthodox
fefebbcd-58b5-5c26-b8c7-85795cf35a1b,Anthony Johnson,1984-03-06,187.96,198.12,,Orthodox
ff0985f5-d764-5c75-93f4-e4e4d5c2e2d0,David Teymur,1989-05-01,175.26,185.42,,Southpaw
ff0d78ed-50b6-58e7-a7ca-9836037ed1f2,Gleristone Santos,1988-08-20,175.26,,,
ff226c7b-0164-5488-a374-157800dc8587,Joe Pardo,,185.42,,,Southpaw
ff2b13a9-e378-5fab-8d78-290c3655b438,Robbie Ring,2000-07-14,175.26,172.72,,Orthodox
ff5bac84-e7de-56b5-a54e-791d73507e35,Terrance McKinney,1994-09-15,177.8,185.42,,Switch
ff5e7087-1b5a-501f-bae2-57b86239e6b3,Kaue Fernandes,1995-03-17,175.26,185.42,,Orthodox
ff6afd7d-e88d-5042-b570-c75689b3aa50,Mayana Kellem,1981-07-07,165.1,,,Orthodox
ff6d2b03-3351-5e89-8da0-b2713e5f0cb2,Kody Steele,1995-04-21,175.26,180.34,,Orthodox
ffb5c73e-092d-51e7-afa5-d571ba714d91,Yosuke Nishijima,1973-05-15,175.26,,,Orthodox
ffc1d0dd-67bc-589a-9f78-8482725cf50e,Darrell Horcher,1987-07-28,177.8,177.8,,Southpaw
ffcf943f-486b-5a8e-a4a0-86b5c6300ca7,Oleksandr Doskalchuk,1990-03-13,167.64,,,Southpaw
ffd37daa-1df4-5241-8d8e-4fa6998156e1,Norbert Novenyi,1999-10-06,,,,
ffdefd23-236a-5025-808a-92e97e171ba5,Charlie Ward,1980-12-17,180.34,,,Orthodox
ffecdff6-d014-53d3-9b7a-c47647e97ab4,Camila Reynoso,2003-08-28,,,,
fff9e650-ddae-53eb-b6cc-92e1ffd2471a,Kevin Christian,1995-01-21,200.66,203.2,,Orthodox
