fight_id,event_id,event_date,outer_year,method,division,A1_KD_CREATION_VS_WEAK_STRIKE_DEFENSE,A4_KO_HISTORY_VS_KO_VULNERABILITY,B3_TD_ACCESS_PLUS_SUB_PRESSURE,B5_SUB_PRESSURE_VS_SUB_VULNERABILITY,state__early_finish,state__experience,state__ground_share,state__kd_creation,state__kd_vulnerability,state__ko_loss_history,state__ko_win_history,state__strike_absorbed,state__strike_accuracy,state__strike_defense,state__strike_flow,state__sub_pressure,state__sub_vulnerability,state__sub_win_history,state__td_conversion,state__td_defense,state__td_pressure,LINEAR_MIN,XGB,LGBM,CAT,SELECT,XGB_minus_MIN,XGB_LL_delta,XGB_Brier_delta,LGBM_minus_MIN,LGBM_LL_delta,LGBM_Brier_delta,CAT_minus_MIN,CAT_LL_delta,CAT_Brier_delta
69a3667f-5d10-5ada-b233-8d835ddc8ca6,f9d0ca50-fcd7-5b13-a34b-0d7ecc52958f,2018-01-14,2018,SUBMISSION,Bantamweight,NO_MATCH,NO_MATCH,NO_MATCH,MATCH,LOW / LOW,LOW / MID,HIGH / MID,LOW / LOW,HIGH / LOW,LOW / LOW,LOW / LOW,LOW / LOW,HIGH / MID,MID / MID,LOW / LOW,HIGH / LOW,HIGH / MID,HIGH / MID,HIGH / HIGH,HIGH / HIGH,HIGH / MID,0.57236404281854247,0.58011269569396973,0.56036579865662306,0.61345493215702507,0.58011269569396973,0.0077486528754272532,0.018285914119655189,0.0089301421937379999,-0.011998244161919414,-0.027670754246098772,-0.013590769207511288,0.041090889338482595,0.10102380005436928,0.048726356276193927
9c185f0e-417f-5213-b694-a924d8ade6ae,f9d0ca50-fcd7-5b13-a34b-0d7ecc52958f,2018-01-14,2018,SUBMISSION,Featherweight,NO_MATCH,NO_MATCH,NO_MATCH,MATCH,MID / MID,HIGH / HIGH,HIGH / LOW,HIGH / LOW,LOW / LOW,LOW / LOW,MID / MID,HIGH / LOW,LOW / LOW,MID / MID,HIGH / MID,HIGH / LOW,HIGH / HIGH,LOW / LOW,HIGH / MID,HIGH / LOW,HIGH / LOW,0.66893953469350154,0.61442273855209351,0.59529180091834033,0.60444716040098645,0.61442273855209351,-0.05451679614140803,-0.15244055838746173,-0.069964799426104118,-0.073647733775161206,-0.20086527799374831,-0.093107772835357427,-0.064492374292515087,-0.17798334696794393,-0.082123731359142527
e4f1e234-8b88-5b86-bc53-d6754aced7ad,f9d0ca50-fcd7-5b13-a34b-0d7ecc52958f,2018-01-14,2018,KO_TKO,Featherweight,MATCH,NO_MATCH,NO_MATCH,NO_MATCH,HIGH / LOW,HIGH / MID,MID / MID,HIGH / HIGH,LOW / MID,LOW / LOW,HIGH / MID,HIGH / LOW,HIGH / LOW,HIGH / LOW,HIGH / LOW,LOW / MID,HIGH / MID,LOW / LOW,LOW / MID,LOW / MID,MID / MID,0.80863724181294228,0.59966278076171875,0.68961496563416491,0.68342183875314666,0.59966278076171875,-0.20897446105122353,0.2989829481447478,0.12365018388648133,-0.11902227617877736,0.15921699227817651,0.059719164337322293,-0.12521540305979562,0.16823811809397562,0.063602026957480351
6b05570d-8cb4-5f7c-bedc-28a55773ea54,28df4fec-83ce-5290-b3c8-c73a9f62e256,2018-01-20,2018,KO_TKO,Lightweight,NO_MATCH,NO_MATCH,MATCH,MATCH,LOW / MID,HIGH / MID,HIGH / MID,LOW / LOW,HIGH / MID,HIGH / LOW,LOW / LOW,LOW / LOW,HIGH / LOW,HIGH / HIGH,LOW / LOW,HIGH / HIGH,HIGH / MID,HIGH / HIGH,HIGH / HIGH,HIGH / MID,HIGH / HIGH,0.8492459494696224,0.65481472015380859,0.64422485351809922,0.65084768148106165,0.65481472015380859,-0.1944312293158138,0.25999651186524342,0.096426093671177826,-0.20502109595152318,0.27630102090024811,0.10384917110290232,-0.19839826798856075,0.26607319887875114,0.099180557775834538
a322b91e-6fa0-538a-958e-0390ebd5edb1,28df4fec-83ce-5290-b3c8-c73a9f62e256,2018-01-20,2018,KO_TKO,Welterweight,MATCH,MATCH,NO_MATCH,NO_MATCH,HIGH / MID,LOW / LOW,LOW / MID,HIGH / MID,HIGH / MID,HIGH / MID,HIGH / MID,HIGH / HIGH,HIGH / MID,HIGH / LOW,HIGH / MID,MID / MID,MID / MID,LOW / MID,HIGH / MID,LOW / MID,HIGH / MID,0.82380417689839658,0.73640751838684082,0.79988930649693268,0.75880393005634772,0.73640751838684082,-0.087396658511555758,0.11214919331363626,0.038436028284532131,-0.023914870401463895,0.029459501055716208,0.0089993215758270191,-0.065000246842048859,0.082189434919160365,0.027130576077811681
676c710f-1476-5c65-b187-fb63398ef802,1eb33285-c47d-566f-963e-a9fcf819a0e5,2018-01-27,2018,SUBMISSION,Welterweight,NO_MATCH,NO_MATCH,NO_MATCH,MATCH,HIGH / LOW,MID / MID,HIGH / LOW,HIGH / LOW,HIGH / HIGH,HIGH / MID,MID / MID,HIGH / LOW,LOW / LOW,MID / MID,LOW / MID,HIGH / HIGH,HIGH / HIGH,HIGH / LOW,LOW / LOW,LOW / LOW,HIGH / MID,0.76124998709626779,0.51072686910629272,0.5064824494486817,0.4738964440158937,0.51072686910629272,-0.25052311798997506,-0.71750385002094375,-0.31865960802695159,-0.25476753764758608,-0.72614138826047869,-0.32297707125453146,-0.28735354308037409,-0.79008103444708444,-0.3549237032031588
8c88f391-fbf2-5c85-b484-68de5f9cf9d3,1eb33285-c47d-566f-963e-a9fcf819a0e5,2018-01-27,2018,KO_TKO,Lightweight,NO_MATCH,NO_MATCH,NO_MATCH,MATCH,HIGH / HIGH,LOW / LOW,HIGH / LOW,HIGH / LOW,LOW / MID,LOW / MID,LOW / MID,LOW / MID,LOW / MID,MID / MID,LOW / LOW,HIGH / HIGH,HIGH / MID,HIGH / HIGH,LOW / MID,LOW / MID,HIGH / HIGH,0.35953238512413549,0.43565252423286438,0.42482751152416071,0.39251215327650585,0.43565252423286438,0.07612013910872889,-0.19204070593838074,-0.09171069230004103,0.065295126400025216,-0.16687897440728494,-0.079375374205289229,0.032979768152370359,-0.087763243606558627,-0.041157281788031297
8ea33e12-1533-5ba1-989c-52547c614422,2778356d-17c2-54e6-8375-14bfe97898c0,2018-02-03,2018,KO_TKO,Middleweight,MATCH,NO_MATCH,NO_MATCH,NO_MATCH,HIGH / LOW,HIGH / MID,HIGH / MID,HIGH / HIGH,HIGH / LOW,MID / MID,HIGH / HIGH,HIGH / LOW,MID / MID,HIGH / LOW,MID / MID,LOW / MID,HIGH / MID,LOW / LOW,LOW / LOW,HIGH / LOW,LOW / LOW,0.88958407736272316,0.86953109502792358,0.83525780940756633,0.81257194628740803,0.86953109502792358,-0.020052982334799574,0.022799929568963817,0.0048304591927716013,-0.054326267955156826,0.063013593710385174,0.014948313389352636,-0.077012131075315127,0.090549565127670539,0.022937599346649157
d9f32dbb-8fae-5d48-9ed3-95bca99f56b8,2778356d-17c2-54e6-8375-14bfe97898c0,2018-02-03,2018,KO_TKO,Flyweight,MATCH,NO_MATCH,NO_MATCH,MATCH,HIGH / LOW,LOW / LOW,HIGH / HIGH,HIGH / HIGH,LOW / MID,LOW / LOW,LOW / MID,LOW / LOW,MID / MID,HIGH / LOW,LOW / LOW,HIGH / HIGH,HIGH / MID,HIGH / MID,MID / MID,LOW / LOW,HIGH / MID,0.13051705553467025,0.43967819213867188,0.42597654851991557,0.38283522799367786,0.43967819213867188,0.30916113660400163,-1.214539165844029,-0.44204006235111271,0.29545949298524532,-1.1828803823559806,-0.42649766786699106,0.25231817245900762,-1.0761007705209529,-0.37510823491048423
0da48894-3bea-5134-affc-87a6601f9ddd,3c6a62ce-738c-5c65-917d-8c03c1d0bb0f,2018-02-10,2018,KO_TKO,Heavyweight,MATCH,MATCH,MATCH,NO_MATCH,HIGH / HIGH,LOW / MID,HIGH / MID,HIGH / MID,HIGH / HIGH,HIGH / HIGH,HIGH / HIGH,LOW / MID,HIGH / LOW,LOW / LOW,MID / MID,HIGH / MID,HIGH / MID,HIGH / LOW,HIGH / LOW,MID / MID,HIGH / MID,0.85901876424318147,0.77452731132507324,0.71553209385050953,0.75279809497990957,0.77452731132507324,-0.084491452918108223,0.10353784362835342,0.030962224502780796,-0.14348667039267193,0.18276431290590281,0.061046280793555674,-0.10622066926327189,0.13199370834475058,0.041233073010042157
287c66a7-32b7-5b42-bbc9-933b9f66465b,3c6a62ce-738c-5c65-917d-8c03c1d0bb0f,2018-02-10,2018,SUBMISSION,Flyweight,NO_MATCH,NO_MATCH,NO_MATCH,MATCH,HIGH / MID,HIGH / MID,MID / MID,HIGH / LOW,HIGH / LOW,HIGH / HIGH,LOW / MID,LOW / MID,LOW / MID,HIGH / MID,HIGH / LOW,HIGH / HIGH,HIGH / LOW,HIGH / HIGH,MID / MID,HIGH / MID,HIGH / LOW,0.39232249795888757,0.55709290504455566,0.59498077133565486,0.64130497112549578,0.55709290504455566,0.16477040708566809,0.3162842868492402,0.15643556244628096,0.20265827337676728,0.40570977280390669,0.20008517585446947,0.24898247316660821,0.5271717912520939,0.25735512358557167
9a8e7ef9-53f0-57c7-b4da-1d7a931dccdc,3c6a62ce-738c-5c65-917d-8c03c1d0bb0f,2018-02-10,2018,KO_TKO,Middleweight,NO_MATCH,MATCH,NO_MATCH,NO_MATCH,HIGH / MID,HIGH / HIGH,HIGH / HIGH,HIGH / HIGH,HIGH / LOW,HIGH / LOW,HIGH / HIGH,LOW / LOW,HIGH / HIGH,HIGH / MID,HIGH / LOW,HIGH / LOW,LOW / LOW,HIGH / LOW,MID / MID,HIGH / MID,HIGH / MID,0.83030652145943795,0.86007755994796753,0.81098144868396826,0.80353406412266704,0.86007755994796753,0.029771038488529578,-0.035227635588783612,-0.0092175874290815717,-0.019325072775469687,0.023549756343510198,0.0069321360824151322,-0.026772457336770916,0.03277535662270506,0.0098029873009601136
c3f5a4bd-fd6d-54c6-8226-bf4b428cb4a9,3c6a62ce-738c-5c65-917d-8c03c1d0bb0f,2018-02-10,2018,SUBMISSION,Light Heavyweight,MATCH,MATCH,NO_MATCH,NO_MATCH,HIGH / MID,LOW / LOW,HIGH / LOW,HIGH / MID,HIGH / HIGH,HIGH / MID,HIGH / MID,HIGH / LOW,HIGH / LOW,LOW / LOW,LOW / MID,MID / MID,LOW / MID,HIGH / MID,HIGH / MID,LOW / LOW,LOW / MID,0.83685083639324986,0.78527694940567017,0.78124160118214503,0.78452623544189914,0.78527694940567017,-0.051573886987579698,-0.27468416449885602,-0.08365943510420637,-0.055609235211104835,-0.29330302259965646,-0.089980882954440067,-0.052324600951350719,-0.27817426344591123,-0.084837908275443685
072c39b7-3c09-56c4-87db-7ebf7cf09234,824848dd-1ded-54d7-8151-d47a6a497c22,2018-02-18,2018,KO_TKO,Welterweight,NO_MATCH,NO_MATCH,NO_MATCH,MATCH,LOW / MID,HIGH / LOW,MID / MID,HIGH / MID,HIGH / MID,MID / MID,HIGH / HIGH,MID / MID,LOW / MID,HIGH / MID,LOW / MID,HIGH / MID,HIGH / HIGH,LOW / LOW,HIGH / MID,LOW / MID,LOW / MID,0.83379967966322555,0.61367911100387573,0.65402647617264198,0.69789170373108311,0.61367911100387573,-0.22012056865934981,0.30652101023905853,0.12162128279470932,-0.17977320349058357,0.2428453471754663,0.092075132709473026,-0.13590797593214243,0.17792924278035371,0.063646876194461216
240f5efd-edd0-5147-a734-be8474ff2dff,824848dd-1ded-54d7-8151-d47a6a497c22,2018-02-18,2018,KO_TKO,Welterweight,MATCH,MATCH,NO_MATCH,NO_MATCH,HIGH / MID,HIGH / HIGH,LOW / MID,HIGH / HIGH,HIGH / HIGH,HIGH / HIGH,HIGH / MID,HIGH / HIGH,HIGH / LOW,LOW / LOW,HIGH / HIGH,HIGH / MID,LOW / MID,HIGH / HIGH,LOW / MID,HIGH / MID,LOW / MID,0.95053665924286679,0.85926860570907593,0.8180736500173742,0.82126786672695573,0.85926860570907593,-0.09126805353379086,0.10094516063754605,0.017358703260211262,-0.13246300922549259,0.15007436031655541,0.030650574739144575,-0.12926879251591106,0.14617740447263114,0.029498553385476984
64ffd241-65cf-541f-8f42-37c21a79cb2f,824848dd-1ded-54d7-8151-d47a6a497c22,2018-02-18,2018,KO_TKO,Heavyweight,NO_MATCH,MATCH,NO_MATCH,NO_MATCH,HIGH / MID,HIGH / MID,HIGH / HIGH,MID / MID,LOW / MID,HIGH / HIGH,HIGH / HIGH,LOW / MID,HIGH / HIGH,LOW / LOW,MID / MID,LOW / LOW,LOW / MID,LOW / LOW,HIGH / LOW,HIGH / LOW,LOW / LOW,0.8459236670794742,0.86995750665664673,0.85507490515733287,0.85238531420292707,0.86995750665664673,0.024033839577172533,-0.028015240035398042,-0.0068284662912806229,0.0091512380778586699,-0.01075994597353816,-0.00273623325108064,0.0064616471234528738,-0.0076095438166591534,-0.0019494209032681377
74959013-6456-5871-894a-95af9ac2e441,824848dd-1ded-54d7-8151-d47a6a497c22,2018-02-18,2018,SUBMISSION,Flyweight,MATCH,NO_MATCH,NO_MATCH,NO_MATCH,LOW / LOW,LOW / LOW,HIGH / MID,HIGH / MID,HIGH / HIGH,HIGH / LOW,LOW / LOW,MID / MID,LOW / LOW,HIGH / LOW,LOW / MID,MID / MID,HIGH / MID,MID / MID,HIGH / HIGH,LOW / LOW,HIGH / LOW,0.70068427113972209,0.63265657424926758,0.65979317392075787,0.68062500865148756,0.63265657424926758,-0.068027696890454514,-0.20479820985403574,-0.090704106881784541,-0.040891097218964223,-0.12805477902744045,-0.055631415470176138,-0.020059262488234531,-0.064866968235367972,-0.027708045420766048
89a96e1f-7413-5686-ad5c-a77bffba5e44,824848dd-1ded-54d7-8151-d47a6a497c22,2018-02-18,2018,KO_TKO,Lightweight,NO_MATCH,MATCH,NO_MATCH,MATCH,LOW / MID,LOW / MID,HIGH / LOW,LOW / MID,HIGH / LOW,HIGH / MID,HIGH / MID,LOW / MID,HIGH / LOW,HIGH / MID,HIGH / MID,HIGH / MID,HIGH / LOW,HIGH / MID,HIGH / LOW,HIGH / MID,HIGH / MID,0.64123382828038744,0.71148127317428589,0.67539911338341085,0.69574592626192133,0.71148127317428589,0.070247444893898447,-0.10395491986767841,-0.045470110241215472,0.034165285103023413,-0.051909618111413147,-0.023347430378070758,0.054512097981533891,-0.081590368102706923,-0.036142624584130298
49be7d49-f25f-5ce3-8488-ad08ef815afd,d8cdce55-a198-5cf7-ac0f-23b3c5bb8fd0,2018-02-24,2018,SUBMISSION,Light Heavyweight,MATCH,MATCH,NO_MATCH,NO_MATCH,HIGH / HIGH,HIGH / HIGH,HIGH / MID,HIGH / MID,MID / MID,HIGH / MID,HIGH / HIGH,LOW / LOW,LOW / MID,LOW / LOW,LOW / LOW,MID / MID,LOW / MID,HIGH / MID,MID / MID,MID / MID,HIGH / LOW,0.7339107837031974,0.7877306342124939,0.77919670639416094,0.77683394875780731,0.7877306342124939,0.053819850509296496,0.22597559067117068,0.081894513640976441,0.045285922690963543,0.18655942117506341,0.068522468819666837,0.042923165054609913,0.17591553339049804,0.064845945506806224
4a435fa1-73e2-5183-8bd7-ec4adf0d99cb,d8cdce55-a198-5cf7-ac0f-23b3c5bb8fd0,2018-02-24,2018,KO_TKO,Welterweight,NO_MATCH,MATCH,NO_MATCH,NO_MATCH,HIGH / HIGH,HIGH / HIGH,LOW / MID,HIGH / MID,HIGH / HIGH,HIGH / HIGH,HIGH / MID,MID / MID,HIGH / HIGH,HIGH / MID,HIGH / MID,HIGH / LOW,MID / MID,HIGH / LOW,HIGH / MID,HIGH / MID,LOW / LOW,0.88482418051218503,0.75569629669189453,0.70731135694209768,0.74719046130598454,0.75569629669189453,-0.1291278838202905,0.15774938766895302,0.046418830055365082,-0.17751282357008735,0.22391799851625493,0.072401172380386417,-0.13763371920620049,0.16906883826824876,0.050647193459991163
958d5edf-ec8d-581a-b4d0-99b8c20e2b71,d8cdce55-a198-5cf7-ac0f-23b3c5bb8fd0,2018-02-24,2018,SUBMISSION,Women's Bantamweight,NO_MATCH,NO_MATCH,NO_MATCH,MATCH,HIGH / MID,HIGH / MID,HIGH / HIGH,LOW / MID,HIGH / MID,LOW / MID,HIGH / MID,LOW / LOW,LOW / MID,HIGH / LOW,LOW / MID,HIGH / MID,HIGH / LOW,HIGH / HIGH,HIGH / HIGH,LOW / LOW,HIGH / LOW,0.50117034082957046,0.52262336015701294,0.51404400114261639,0.50884720722500798,0.52262336015701294,0.02145301932744248,0.043958892420337459,0.021963466054579051,0.012873660313045932,0.026146590614260279,0.013069524583482373,0.0076768663954375205,0.015509406785156887,0.0077537697734624267
fcacac67-a101-5b24-9e4d-c6a632bdcb19,d8cdce55-a198-5cf7-ac0f-23b3c5bb8fd0,2018-02-24,2018,SUBMISSION,Bantamweight,MATCH,NO_MATCH,NO_MATCH,MATCH,MID / MID,HIGH / MID,HIGH / HIGH,HIGH / LOW,LOW / LOW,LOW / LOW,LOW / MID,LOW / LOW,LOW / LOW,LOW / MID,LOW / LOW,HIGH / HIGH,HIGH / MID,HIGH / HIGH,LOW / MID,LOW / LOW,HIGH / HIGH,0.26751272761265898,0.39611384272575378,0.40438357818313064,0.38017735672036701,0.39611384272575378,0.1286011151130948,0.19306026632389683,0.085343116964198523,0.13687085057047166,0.20684909284145481,0.091963018869427454,0.11266462910770803,0.16701258726984947,0.072971763128120509
1c1b57c3-e753-5a33-b82c-1eac76c90aba,14f39243-fa99-529c-8044-a323c97cb799,2018-03-03,2018,KO_TKO,Welterweight,NO_MATCH,MATCH,NO_MATCH,NO_MATCH,LOW / MID,HIGH / MID,HIGH / LOW,LOW / MID,HIGH / HIGH,HIGH / HIGH,HIGH / LOW,LOW / LOW,LOW / MID,HIGH / MID,LOW / LOW,HIGH / MID,LOW / MID,LOW / MID,MID / MID,HIGH / MID,LOW / MID,0.90093746651215878,0.75159519910812378,0.7368231296429204,0.75633285446264398,0.75159519910812378,-0.149342267404035,0.1812379707061858,0.05189155956510301,-0.16411433686923838,0.20108797419084146,0.059448679549917421,-0.1446046120495148,0.17495428769886745,0.04956029227329338
d35a437d-2d55-5288-996b-f2fd7e4b14cb,b1a6fd46-b199-5b6b-878b-9641b70407e1,2018-03-17,2018,KO_TKO,Heavyweight,NO_MATCH,MATCH,NO_MATCH,NO_MATCH,HIGH / MID,HIGH / MID,MID / MID,MID / MID,HIGH / HIGH,HIGH / HIGH,HIGH / MID,LOW / MID,HIGH / HIGH,HIGH / MID,HIGH / HIGH,LOW / MID,LOW / LOW,HIGH / MID,HIGH / LOW,HIGH / LOW,LOW / MID,0.90100669489786633,0.75604856014251709,0.7263466166021314,0.78167376145439416,0.75604856014251709,-0.14495813475534924,0.17540708099057617,0.04971263055349498,-0.17466007829573493,0.2154853538739735,0.065086499790056748,-0.11933293344347218,0.14207521944142942,0.037866671982428664
9fb052aa-53c2-5f0c-95bb-57e7a4811a34,7efa2a93-0e2c-5d44-8813-64e69ea0b904,2018-04-07,2018,KO_TKO,Lightweight,NO_MATCH,NO_MATCH,MATCH,MATCH,HIGH / LOW,HIGH / LOW,HIGH / MID,LOW / MID,HIGH / LOW,HIGH / LOW,LOW / MID,HIGH / HIGH,HIGH / LOW,MID / MID,HIGH / LOW,HIGH / LOW,HIGH / MID,HIGH / MID,HIGH / MID,LOW / LOW,HIGH / LOW,0.65439044744673425,0.56453180313110352,0.5698631234574455,0.56929440408762122,0.56453180313110352,-0.089858644315630731,0.14770746717199207,0.070186587668179423,-0.08452732398928875,0.13830799005296329,0.065571769745716213,-0.085096043359113027,0.13930648131220164,0.066061347534168757
74df4695-87e0-5b14-8b8f-dfa117e6479e,0ca3d72e-aa67-5b12-be5a-5345cad0db6c,2018-04-14,2018,KO_TKO,Bantamweight,NO_MATCH,NO_MATCH,NO_MATCH,MATCH,MID / MID,MID / MID,HIGH / HIGH,LOW / LOW,HIGH / HIGH,HIGH / LOW,MID / MID,MID / MID,HIGH / LOW,HIGH / MID,LOW / MID,HIGH / LOW,HIGH / HIGH,LOW / MID,HIGH / LOW,MID / MID,MID / MID,0.83025690841232458,0.68261957168579102,0.68121995270475411,0.74473223704612823,0.68261957168579102,-0.14763733672653356,0.195797472781092,0.071917619135168781,-0.14903695570757047,0.19784994222100233,0.072808001411817244,-0.085524671366196348,0.10871044069009517,0.036348913661732096
80f9f624-e0c2-5523-8ae0-82ea09c69d69,0ca3d72e-aa67-5b12-be5a-5345cad0db6c,2018-04-14,2018,SUBMISSION,Middleweight,NO_MATCH,NO_MATCH,MATCH,MATCH,MID / MID,HIGH / HIGH,HIGH / MID,HIGH / LOW,LOW / MID,HIGH / MID,HIGH / LOW,LOW / LOW,HIGH / MID,MID / MID,LOW / LOW,HIGH / HIGH,HIGH / MID,HIGH / LOW,HIGH / LOW,LOW / LOW,HIGH / MID,0.61800776996431905,0.47608324885368347,0.43501804168312441,0.42155812761139599,0.47608324885368347,-0.14192452111063558,-0.31593253166241753,-0.15527834389719242,-0.18298972828119464,-0.39139353027509727,-0.19269290714645015,-0.19644964235292306,-0.41493779352489968,-0.2042223487810447
bc0b6f9c-8981-5544-80c0-575f4e52e232,0ca3d72e-aa67-5b12-be5a-5345cad0db6c,2018-04-14,2018,SUBMISSION,Heavyweight,MATCH,MATCH,NO_MATCH,NO_MATCH,HIGH / HIGH,LOW / LOW,HIGH / MID,HIGH / MID,MID / MID,HIGH / HIGH,HIGH / HIGH,LOW / LOW,MID / MID,HIGH / LOW,LOW / LOW,LOW / LOW,LOW / LOW,LOW / LOW,HIGH / MID,HIGH / MID,LOW / LOW,0.7465239554958808,0.79833918809890747,0.77707219368895653,0.78381748593475054,0.79833918809890747,0.051815232603026673,0.22868218252247963,0.080047443125206952,0.030548238193075727,0.12842133903837616,0.046543178075351355,0.037293530438869738,0.15914629614821418,0.057071835127857073
c1dca7f7-6b4c-5c68-824d-f8fc1357a8a0,0ca3d72e-aa67-5b12-be5a-5345cad0db6c,2018-04-14,2018,KO_TKO,Lightweight,NO_MATCH,MATCH,MATCH,NO_MATCH,HIGH / LOW,HIGH / LOW,LOW / MID,HIGH / LOW,HIGH / MID,HIGH / MID,HIGH / HIGH,HIGH / MID,HIGH / HIGH,MID / MID,HIGH / HIGH,HIGH / MID,HIGH / MID,HIGH / MID,HIGH / LOW,MID / MID,HIGH / LOW,0.77844622549779485,0.49604246020317078,0.51103203222012328,0.58676248361786632,0.49604246020317078,-0.28240376529462408,0.45063838607388357,0.20488712692189875,-0.26741419327767157,0.42086764078188338,0.1900035985186086,-0.19168374187992854,0.28267980400646492,0.12167916994950025
c8badd48-dce1-5abd-a540-447a4da3dd97,0ca3d72e-aa67-5b12-be5a-5345cad0db6c,2018-04-14,2018,SUBMISSION,Welterweight,NO_MATCH,NO_MATCH,NO_MATCH,MATCH,MID / MID,HIGH / HIGH,HIGH / MID,HIGH / MID,HIGH / MID,MID / MID,HIGH / HIGH,LOW / LOW,HIGH / LOW,LOW / MID,HIGH / LOW,HIGH / HIGH,HIGH / MID,HIGH / LOW,HIGH / MID,LOW / LOW,HIGH / LOW,0.67036196072372367,0.63821291923522949,0.59856597572172898,0.59180476745703536,0.63821291923522949,-0.032149041488494179,-0.093060662298590335,-0.042069428106601692,-0.071795985001994689,-0.19704799498993164,-0.091103931093649781,-0.078557193266688308,-0.21375036928729341,-0.099152275600479567
e5384474-be7c-5637-85e6-7685749aa084,0ca3d72e-aa67-5b12-be5a-5345cad0db6c,2018-04-14,2018,KO_TKO,Welterweight,NO_MATCH,NO_MATCH,NO_MATCH,MATCH,LOW / MID,LOW / MID,MID / MID,MID / MID,HIGH / MID,HIGH / MID,MID / MID,LOW / MID,LOW / MID,HIGH / MID,LOW / LOW,HIGH / MID,HIGH / HIGH,LOW / MID,MID / MID,LOW / LOW,MID / MID,0.66521538765440602,0.57139641046524048,0.61208040570891864,0.6718205735239362,0.57139641046524048,-0.093818977189165542,0.15202767164704101,0.071620300298690986,-0.053134981945487381,0.083247223664251524,0.038400874971567522,0.0066051858695301835,-0.0098804217626480839,-0.0043790007012314697
2c6a58ec-0bde-5411-8b57-9071c4085e10,cc8714ae-eae7-52c0-a55b-63c2bc3474ec,2018-04-21,2018,KO_TKO,Middleweight,NO_MATCH,MATCH,NO_MATCH,NO_MATCH,HIGH / LOW,HIGH / MID,HIGH / MID,HIGH / LOW,HIGH / LOW,HIGH / MID,HIGH / LOW,LOW / LOW,LOW / MID,HIGH / MID,HIGH / LOW,LOW / LOW,HIGH / HIGH,HIGH / LOW,LOW / LOW,HIGH / LOW,HIGH / LOW,0.90732019046582124,0.80299228429794312,0.79648469653829468,0.72699488050344796,0.80299228429794312,-0.10432790616787813,0.12215030397422669,0.030222492950850818,-0.11083549392752656,0.13028749349965724,0.032828931647818353,-0.18032530996237328,0.22157597371925195,0.065942248176035001
430016f9-6b74-557a-a7cf-9ae8c8437060,cc8714ae-eae7-52c0-a55b-63c2bc3474ec,2018-04-21,2018,KO_TKO,Lightweight,MATCH,NO_MATCH,MATCH,NO_MATCH,HIGH / MID,HIGH / HIGH,HIGH / LOW,HIGH / LOW,MID / MID,LOW / MID,HIGH / LOW,HIGH / MID,LOW / LOW,HIGH / LOW,MID / MID,HIGH / LOW,HIGH / MID,HIGH / LOW,HIGH / HIGH,HIGH / HIGH,HIGH / LOW,0.77421216686865102,0.58952391147613525,0.5864159235057127,0.64731214007259708,0.58952391147613525,-0.18468825539251577,0.27253067197249292,0.11751047365970176,-0.18779624336293832,0.27781664854169408,0.12007164273948261,-0.12690002679605394,0.17901733311228202,0.073408580950021493
9f341198-c642-56f4-9d6d-0ca29df18ebd,cc8714ae-eae7-52c0-a55b-63c2bc3474ec,2018-04-21,2018,KO_TKO,Welterweight,MATCH,NO_MATCH,NO_MATCH,NO_MATCH,LOW / MID,LOW / MID,HIGH / MID,HIGH / HIGH,HIGH / LOW,LOW / MID,HIGH / LOW,LOW / MID,MID / MID,HIGH / LOW,HIGH / MID,MID / MID,HIGH / MID,HIGH / HIGH,HIGH / LOW,HIGH / MID,LOW / MID,0.5714665434618772,0.68112528324127197,0.65353949292974134,0.69609314527120436,0.68112528324127197,0.10965873977939478,-0.17554031884925647,-0.081959838384552147,0.082072949467864142,-0.13419702428633534,-0.063606040413130421,0.12462660180932716,-0.19727754089548694,-0.091281547021361875
dc22c206-35c9-56c3-a07d-0d5d89425c04,cc8714ae-eae7-52c0-a55b-63c2bc3474ec,2018-04-21,2018,KO_TKO,Lightweight,NO_MATCH,NO_MATCH,NO_MATCH,MATCH,HIGH / HIGH,HIGH / HIGH,LOW / MID,LOW / MID,LOW / LOW,LOW / LOW,HIGH / LOW,HIGH / LOW,LOW / LOW,HIGH / MID,LOW / MID,HIGH / MID,HIGH / HIGH,HIGH / HIGH,MID / MID,HIGH / LOW,LOW / MID,0.61863393888022844,0.31882110238075256,0.3854266709205933,0.3296060222696367,0.31882110238075256,-0.29981283649947588,0.66288358487227561,0.31856461798776381,-0.23320726795963514,0.47316276595707285,0.2322603042417353,-0.28902791661059174,0.62961565344434622,0.30398801280312959
090dee6b-a8f8-5716-bda6-114c57d0f413,719a1f83-c8c9-51a5-8514-1bd2341395fd,2018-05-12,2018,KO_TKO,Welterweight,NO_MATCH,NO_MATCH,NO_MATCH,MATCH,MID / MID,LOW / MID,HIGH / MID,LOW / MID,HIGH / LOW,HIGH / LOW,LOW / MID,HIGH / LOW,HIGH / MID,LOW / MID,LOW / LOW,HIGH / MID,HIGH / MID,HIGH / MID,HIGH / HIGH,HIGH / MID,MID / MID,0.65821129264373557,0.65840649604797363,0.64556217530505766,0.65635978612013846,0.65840649604797363,0.00019520340423806459,-0.00029652250994166574,-0.0001333985340431082,-0.012649117338677907,0.019404466417412392,0.008806651098216503,-0.0018515065235971129,0.0028169001704119734,0.0012690761191308242
15ff0946-6a9c-58be-9005-5c44e49bc3b8,719a1f83-c8c9-51a5-8514-1bd2341395fd,2018-05-12,2018,KO_TKO,Middleweight,NO_MATCH,NO_MATCH,NO_MATCH,MATCH,HIGH / HIGH,HIGH / MID,HIGH / HIGH,LOW / MID,HIGH / MID,HIGH / LOW,HIGH / MID,LOW / MID,HIGH / LOW,HIGH / MID,HIGH / LOW,HIGH / LOW,HIGH / LOW,HIGH / LOW,LOW / LOW,LOW / MID,HIGH / MID,0.71518606176098409,0.48419687151908875,0.48570794600115935,0.5230314796749268,0.48419687151908875,-0.23098919024189535,0.39005115173073213,0.18493388793547749,-0.22947811575982474,0.38693522596696883,0.18337733739112855,-0.19215458208605729,0.31290108224359481,0.14637998996587182
293cf563-e4b8-5536-9d56-64974151cd07,719a1f83-c8c9-51a5-8514-1bd2341395fd,2018-05-12,2018,SUBMISSION,Heavyweight,MATCH,MATCH,MATCH,NO_MATCH,HIGH / HIGH,LOW / MID,LOW / MID,HIGH / HIGH,HIGH / MID,HIGH / HIGH,HIGH / HIGH,HIGH / MID,HIGH / MID,LOW / MID,MID / MID,HIGH / LOW,LOW / LOW,HIGH / LOW,HIGH / MID,LOW / MID,HIGH / LOW,0.53703802804079781,0.66289663314819336,0.61766405629574017,0.63563414830013276,0.66289663314819336,0.12585860510739555,0.31725530683103853,0.15102210267726174,0.080626028254942361,0.19134526080360681,0.093099042877758553,0.098596120259334952,0.23948646675319651,0.11562092692328646
4da90621-a541-5089-8153-b6d172be3a9f,719a1f83-c8c9-51a5-8514-1bd2341395fd,2018-05-12,2018,KO_TKO,Women's Bantamweight,NO_MATCH,NO_MATCH,NO_MATCH,MATCH,HIGH / MID,HIGH / HIGH,HIGH / MID,HIGH / LOW,LOW / LOW,LOW / MID,HIGH / LOW,LOW / MID,HIGH / HIGH,HIGH / HIGH,HIGH / MID,HIGH / HIGH,HIGH / LOW,HIGH / HIGH,HIGH / MID,HIGH / MID,HIGH / MID,0.49737789266611421,0.5387083888053894,0.56736229083572609,0.48555643830411621,0.5387083888053894,0.041330496139275197,-0.079824317283236357,-0.039839032222236392,0.069984398169611883,-0.13164797599301159,-0.065453595389845326,-0.011821454361997996,0.024054555826308555,0.012023195389590402
6139f008-edeb-5439-9e65-28122c6b2078,719a1f83-c8c9-51a5-8514-1bd2341395fd,2018-05-12,2018,KO_TKO,Middleweight,MATCH,MATCH,NO_MATCH,NO_MATCH,HIGH / MID,HIGH / HIGH,HIGH / HIGH,HIGH / HIGH,HIGH / MID,HIGH / MID,HIGH / HIGH,LOW / MID,HIGH / MID,HIGH / LOW,LOW / LOW,MID / MID,LOW / MID,LOW / MID,HIGH / HIGH,HIGH / MID,LOW / LOW,0.84086109030503886,0.86210387945175171,0.82584821904755823,0.84892533640566681,0.86210387945175171,0.021242789146712848,-0.024949298928327063,-0.0063098525166439719,-0.015012871257480631,0.018015471823060458,0.0050036502300062624,0.0080642461006279476,-0.0095447651795967647,-0.0025016385987600524
fe2b9b6b-d26a-573e-a007-207ef1a366fd,719a1f83-c8c9-51a5-8514-1bd2341395fd,2018-05-12,2018,SUBMISSION,Women's Strawweight,NO_MATCH,NO_MATCH,NO_MATCH,MATCH,LOW / LOW,LOW / MID,HIGH / MID,LOW / LOW,HIGH / HIGH,LOW / LOW,LOW / MID,HIGH / MID,MID / MID,HIGH / LOW,HIGH / MID,HIGH / HIGH,HIGH / LOW,LOW / MID,LOW / MID,LOW / MID,HIGH / MID,0.52249708996468613,0.36169791221618652,0.39657866001144693,0.44781685423281636,0.36169791221618652,-0.16079917774849961,-0.29024140889005923,-0.14217782932001716,-0.12591842995323921,-0.23404543812148326,-0.11572857544509052,-0.074680235731869771,-0.14530952284146204,-0.072463274086589841
235cbf8a-9d59-5d94-b9c3-751577ea28e9,570eeeb4-4619-56a0-938f-7d001bc5eb52,2018-05-19,2018,SUBMISSION,Women's Strawweight,NO_MATCH,NO_MATCH,MATCH,NO_MATCH,LOW / MID,LOW / LOW,HIGH / LOW,LOW / LOW,LOW / LOW,LOW / LOW,LOW / LOW,LOW / MID,HIGH / LOW,HIGH / LOW,HIGH / HIGH,HIGH / MID,HIGH / LOW,HIGH / MID,HIGH / MID,MID / MID,HIGH / LOW,0.23369234492475699,0.32174277305603027,0.34921134734888054,0.4009388220883795,0.32174277305603027,0.088050428131273284,0.12205712082214615,0.048906299937352606,0.11551900242412355,0.16339878839212657,0.067336453040788891,0.16724647716362251,0.2462200012763075,0.10613982698118563
93dabb54-bdb4-50fd-9403-21ee55a9f37a,570eeeb4-4619-56a0-938f-7d001bc5eb52,2018-05-19,2018,SUBMISSION,Lightweight,NO_MATCH,MATCH,NO_MATCH,NO_MATCH,HIGH / MID,LOW / LOW,HIGH / LOW,HIGH / MID,HIGH / HIGH,HIGH / HIGH,HIGH / LOW,HIGH / MID,LOW / LOW,LOW / MID,MID / MID,MID / MID,HIGH / MID,MID / MID,LOW / MID,MID / MID,HIGH / MID,0.87236511787082638,0.64625734090805054,0.62310342617035186,0.65502979184254406,0.64625734090805054,-0.22610777696277584,-1.019395992588636,-0.34337234820023654,-0.24926169170047452,-1.0827971053655507,-0.37276301917254967,-0.21733532602828232,-0.99428435566595885,-0.33195687067649421
be2184a5-44aa-500f-952b-b4ac9cde6f6c,570eeeb4-4619-56a0-938f-7d001bc5eb52,2018-05-19,2018,KO_TKO,Featherweight,NO_MATCH,MATCH,NO_MATCH,MATCH,HIGH / LOW,LOW / MID,HIGH / LOW,HIGH / MID,MID / MID,HIGH / MID,HIGH / LOW,LOW / MID,HIGH / LOW,HIGH / HIGH,HIGH / MID,HIGH / MID,HIGH / MID,HIGH / MID,MID / MID,LOW / MID,LOW / MID,0.548668481018735,0.58796882629394531,0.55624020161412158,0.59263909550779126,0.58796882629394531,0.039300345275210313,-0.069179530584348115,-0.033930451920346966,0.0075717205953865774,-0.013705818847607798,-0.006777381362460505,0.043970614489056259,-0.077091206406131207,-0.037757233517225569
f7f0b17d-fbb4-5280-8e28-56d9a25bb831,570eeeb4-4619-56a0-938f-7d001bc5eb52,2018-05-19,2018,KO_TKO,Light Heavyweight,NO_MATCH,MATCH,NO_MATCH,NO_MATCH,HIGH / MID,LOW / MID,HIGH / MID,HIGH / MID,HIGH / HIGH,HIGH / HIGH,HIGH / HIGH,LOW / LOW,HIGH / HIGH,HIGH / LOW,MID / MID,HIGH / LOW,MID / MID,HIGH / LOW,HIGH / MID,LOW / MID,LOW / MID,0.717869563398844,0.57021951675415039,0.56109960771600731,0.58078944619537742,0.57021951675415039,-0.14765004664469361,0.23026648216684764,0.10511368052227711,-0.15676995568283669,0.24638944234657623,0.11303597109028375,-0.13708011720346658,0.21189959377514767,0.096139905164419462
1fb18839-60e9-5e96-a5e3-ea5da40da501,b3b044ef-5a1d-59be-853e-343acfa30c01,2018-05-27,2018,KO_TKO,Middleweight,NO_MATCH,MATCH,NO_MATCH,NO_MATCH,HIGH / MID,HIGH / MID,MID / MID,HIGH / LOW,HIGH / LOW,HIGH / MID,HIGH / MID,HIGH / LOW,LOW / MID,HIGH / HIGH,MID / MID,MID / MID,LOW / MID,MID / MID,LOW / LOW,HIGH / HIGH,HIGH / LOW,0.81136183236075798,0.86599636077880859,0.82738300503331319,0.82623460311939145,0.86599636077880859,0.05463452841805061,-0.06516659579358311,-0.017627382965767546,0.016021172672555206,-0.019553603183982277,-0.0057877313389615957,0.014872770758633469,-0.018164645914919786,-0.0053899451372153712
3141f3d4-80b5-569e-bc1d-dbb8a2e99edf,b3b044ef-5a1d-59be-853e-343acfa30c01,2018-05-27,2018,SUBMISSION,Women's Flyweight,UNASSIGNABLE,NO_MATCH,MATCH,UNASSIGNABLE,HIGH / MISSING,LOW / LOW,MID / MISSING,MID / MISSING,MID / MISSING,MID / MISSING,MID / MISSING,MID / MISSING,LOW / MISSING,LOW / MISSING,LOW / MISSING,HIGH / MISSING,HIGH / MISSING,HIGH / MISSING,HIGH / MISSING,MID / MISSING,HIGH / MISSING,0.45518514661842485,0.50231295824050903,0.40875731116861497,0.48049773656101613,0.50231295824050903,0.047127811622084181,0.090474569102100832,0.04512479031429445,-0.046427835449809884,-0.081780555736905902,-0.040110978268241004,0.025312589942591279,0.047574850893453924,0.023684557138222734
4b898426-dcec-5750-a7a6-f62d4841f1c2,b3b044ef-5a1d-59be-853e-343acfa30c01,2018-05-27,2018,SUBMISSION,Featherweight,NO_MATCH,NO_MATCH,MATCH,MATCH,LOW / LOW,LOW / LOW,HIGH / HIGH,LOW / MID,LOW / LOW,LOW / MID,LOW / LOW,LOW / MID,LOW / MID,LOW / MID,LOW / LOW,HIGH / MID,HIGH / HIGH,HIGH / MID,HIGH / MID,HIGH / LOW,HIGH / MID,0.40070457327999398,0.48473575711250305,0.44974466066565477,0.40624888673042309,0.48473575711250305,0.084031183832509071,0.15107481433685388,0.074404599175929481,0.049040087385660791,0.085372252569371976,0.041706104749762885,0.0055443134504291058,0.0092944460713908494,0.0044740029222060662
6fc66058-9c77-59dc-b7b0-56579526bdee,b3b044ef-5a1d-59be-853e-343acfa30c01,2018-05-27,2018,KO_TKO,Middleweight,NO_MATCH,NO_MATCH,NO_MATCH,MATCH,HIGH / LOW,MID / MID,HIGH / MID,LOW / LOW,HIGH / MID,HIGH / MID,LOW / LOW,LOW / LOW,HIGH / MID,LOW / MID,LOW / LOW,HIGH / LOW,HIGH / HIGH,HIGH / MID,LOW / MID,LOW / LOW,HIGH / HIGH,0.6287445552752865,0.66360676288604736,0.663308372033379,0.63644268449968533,0.66360676288604736,0.034862207610760865,-0.053964687698465796,-0.024670195261740829,0.034563816758092503,-0.053514936467440377,-0.024469352894931268,0.0076981292243988308,-0.012169304249582014,-0.00565668358394944
09bf1bca-e9e7-5462-9e81-e67760f06345,70dbfde2-e56a-5e53-8947-835e8e2e7187,2018-06-01,2018,SUBMISSION,Lightweight,NO_MATCH,MATCH,NO_MATCH,NO_MATCH,HIGH / MID,MID / MID,HIGH / HIGH,HIGH / MID,LOW / LOW,HIGH / LOW,HIGH / MID,LOW / MID,MID / MID,MID / MID,MID / MID,MID / MID,HIGH / MID,HIGH / LOW,HIGH / MID,LOW / MID,HIGH / HIGH,0.42140220790152538,0.41507411003112793,0.43290977012260207,0.50533779280807933,0.41507411003112793,-0.0063280978703974533,-0.010877578795788434,-0.0052933040061475256,0.011507562221076684,0.020089149943834594,0.0098310482433237312,0.083935584906553951,0.15673245668919489,0.077786464015860923
659b84b8-5bee-56e2-a699-45a05d24a2aa,70dbfde2-e56a-5e53-8947-835e8e2e7187,2018-06-01,2018,KO_TKO,Heavyweight,MATCH,MATCH,NO_MATCH,NO_MATCH,HIGH / HIGH,HIGH / LOW,HIGH / LOW,HIGH / MID,MID / MID,HIGH / HIGH,HIGH / HIGH,HIGH / LOW,LOW / LOW,HIGH / LOW,LOW / MID,LOW / MID,LOW / MID,LOW / LOW,HIGH / MID,HIGH / MID,LOW / MID,0.85246206584337902,0.84788674116134644,0.85379984774507123,0.83346875832353284,0.84788674116134644,-0.0045753246820325888,0.005381643702467187,0.00137100149931179,0.0013377819016922032,-0.0015680853744199641,-0.00039295749583907053,-0.018993307519846181,0.022532491650099185,0.0059652124391024845
ed15c86a-a6de-54dd-8719-901d8a4548f2,70dbfde2-e56a-5e53-8947-835e8e2e7187,2018-06-01,2018,KO_TKO,Welterweight,MATCH,MATCH,NO_MATCH,MATCH,HIGH / HIGH,HIGH / HIGH,HIGH / LOW,HIGH / MID,HIGH / HIGH,HIGH / HIGH,HIGH / MID,HIGH / LOW,HIGH / LOW,HIGH / LOW,LOW / MID,HIGH / MID,HIGH / MID,HIGH / LOW,HIGH / MID,HIGH / HIGH,LOW / MID,0.88027363645237189,0.79968470335006714,0.70809091529089019,0.74462362689984307,0.79968470335006714,-0.080588933102304749,0.096015280481728277,0.025791815943611789,-0.1721827211614817,0.21766031277373052,0.070876511607371434,-0.13565000955252882,0.16735391771972311,0.050882689809451744
1ffe9cb6-c485-59b1-97f0-dc80e3d18ef5,b3abc1ec-64f8-5630-847b-b799af466635,2018-06-09,2018,KO_TKO,Heavyweight,NO_MATCH,MATCH,NO_MATCH,NO_MATCH,HIGH / MID,LOW / LOW,LOW / LOW,MID / MID,HIGH / HIGH,HIGH / HIGH,HIGH / MID,HIGH / HIGH,LOW / MID,LOW / MID,MID / MID,LOW / MID,MID / MID,LOW / LOW,LOW / LOW,MID / MID,HIGH / MID,0.95371100788279051,0.87226587533950806,0.81911212328442939,0.79720631055679381,0.87226587533950806,-0.08144513254328245,0.089266418461299291,0.014173335811555013,-0.13459888459836111,0.15213972165916675,0.030577753151440387,-0.1565046973259967,0.17924719460015509,0.038982609686760476
25260445-1dce-501a-a2d3-de3b493b645a,b3abc1ec-64f8-5630-847b-b799af466635,2018-06-09,2018,KO_TKO,Heavyweight,NO_MATCH,MATCH,NO_MATCH,NO_MATCH,MID / MID,HIGH / MID,HIGH / HIGH,HIGH / MID,HIGH / MID,HIGH / HIGH,HIGH / HIGH,LOW / LOW,HIGH / MID,MID / MID,HIGH / MID,LOW / LOW,LOW / LOW,LOW / LOW,HIGH / LOW,HIGH / LOW,HIGH / LOW,0.90151874144764688,0.9177214503288269,0.79752126195955197,0.83362212736124031,0.9177214503288269,0.016202708881180028,-0.017813081952274129,-0.002928798550063727,-0.1039974794880949,0.12257233654142559,0.031299081072396949,-0.06789661408640657,0.07830061662325434,0.017983038217743916
7b0ac00c-d184-5910-860e-01817cbfeb58,b3abc1ec-64f8-5630-847b-b799af466635,2018-06-09,2018,SUBMISSION,Lightweight,NO_MATCH,NO_MATCH,NO_MATCH,MATCH,HIGH / LOW,HIGH / HIGH,HIGH / HIGH,MID / MID,MID / MID,HIGH / LOW,LOW / LOW,LOW / MID,HIGH / LOW,HIGH / LOW,LOW / LOW,HIGH / HIGH,HIGH / HIGH,HIGH / HIGH,MID / MID,HIGH / LOW,HIGH / HIGH,0.60002289596254732,0.54125720262527466,0.60676636766261871,0.54898787766363755,0.54125720262527466,-0.058765693337272662,-0.13708239313661963,-0.067068116285544266,0.0067434717000713906,0.017003386010851496,0.0081379492472062886,-0.051035018298909773,-0.12008691237269753,-0.058639785857656834
a460c31f-c555-5698-97fd-b13fce06aa09,b3abc1ec-64f8-5630-847b-b799af466635,2018-06-09,2018,KO_TKO,Featherweight,NO_MATCH,NO_MATCH,MATCH,NO_MATCH,LOW / MID,LOW / LOW,HIGH / LOW,LOW / LOW,LOW / MID,MID / MID,LOW / LOW,HIGH / MID,HIGH / LOW,HIGH / LOW,LOW / MID,HIGH / MID,HIGH / MID,MID / MID,HIGH / LOW,MID / MID,HIGH / HIGH,0.42058177942303782,0.42394405603408813,0.44869910541706015,0.4549677533889902,0.42394405603408813,0.0033622766110503188,-0.0079625613203587742,-0.0038850237581155023,0.028117325994022335,-0.064713577367736974,-0.031792797968623554,0.034385973965952388,-0.078587602876401652,-0.038665324490728681
e88f08c1-5de3-5a78-9927-31a1cbe7e45a,b3abc1ec-64f8-5630-847b-b799af466635,2018-06-09,2018,KO_TKO,Light Heavyweight,NO_MATCH,MATCH,NO_MATCH,NO_MATCH,LOW / LOW,HIGH / MID,HIGH / MID,HIGH / MID,HIGH / MID,HIGH / MID,HIGH / HIGH,HIGH / LOW,LOW / MID,HIGH / LOW,LOW / MID,LOW / MID,MID / MID,LOW / LOW,HIGH / MID,HIGH / LOW,HIGH / LOW,0.87574560722376127,0.80660104751586914,0.80080704166562555,0.79643342046806009,0.80660104751586914,-0.069144559707892128,0.082246464929612073,0.0219640006977673,-0.074938565558135717,0.089455624797663752,0.024238680525808028,-0.079312186755701175,0.094932110314210116,0.026000198178141809
33d9a3c3-36e8-58b0-8884-b7e78573c23e,885c8f6e-3098-5632-9231-4432f4c0191f,2018-06-23,2018,SUBMISSION,Flyweight,MATCH,NO_MATCH,NO_MATCH,MATCH,LOW / MID,LOW / MID,MID / MID,HIGH / LOW,HIGH / LOW,LOW / MID,LOW / LOW,LOW / MID,LOW / MID,LOW / LOW,LOW / LOW,HIGH / HIGH,HIGH / LOW,HIGH / MID,HIGH / MID,LOW / LOW,HIGH / LOW,0.34700762912784816,0.41749149560928345,0.42823895961974828,0.492272805435718,0.41749149560928345,0.070483866481435287,0.11422166086519647,0.053884854233146123,0.081231330491900122,0.13284430349073018,0.062974311863274179,0.14526517630786984,0.25162116125274958,0.12191822029862204
7061d491-ec0f-597f-b7d6-a839ce2b359f,885c8f6e-3098-5632-9231-4432f4c0191f,2018-06-23,2018,SUBMISSION,Welterweight,NO_MATCH,NO_MATCH,NO_MATCH,MATCH,LOW / LOW,HIGH / LOW,HIGH / LOW,LOW / MID,HIGH / MID,HIGH / MID,HIGH / MID,LOW / MID,HIGH / MID,LOW / MID,LOW / MID,HIGH / LOW,HIGH / HIGH,HIGH / LOW,LOW / MID,MID / MID,HIGH / HIGH,0.71630473321730925,0.73855221271514893,0.65857058380238198,0.71172349878109398,0.73855221271514893,0.022247479497839673,0.081666060439371524,0.032366900076922001,-0.057734149414927272,-0.18524031229246885,-0.079377256979710376,-0.0045812344362152757,-0.016019435443060059,-0.0065421321123186882
f5ea4f8f-eb24-5d9d-8a63-6a9521bd6f80,885c8f6e-3098-5632-9231-4432f4c0191f,2018-06-23,2018,SUBMISSION,Light Heavyweight,MATCH,NO_MATCH,NO_MATCH,NO_MATCH,HIGH / HIGH,HIGH / MID,MID / MID,HIGH / MID,HIGH / MID,MID / MID,HIGH / HIGH,LOW / MID,HIGH / LOW,LOW / LOW,LOW / LOW,HIGH / MID,LOW / MID,HIGH / HIGH,HIGH / MID,LOW / MID,LOW / LOW,0.70294428817660948,0.57805114984512329,0.57415948399617456,0.57779945861976378,0.57805114984512329,-0.12489313833148619,-0.35096439541755609,-0.15998754044285102,-0.12878480418043492,-0.3601451974871106,-0.16447155921736678,-0.12514482955684569,-0.35156071458888238,-0.16027845789882805
331e2a55-a4b7-5a64-993a-9139af917f7d,e2a1b649-9826-5b67-b3ea-6794709fc3e7,2018-07-06,2018,SUBMISSION,Women's Flyweight,NO_MATCH,NO_MATCH,MATCH,MATCH,HIGH / HIGH,LOW / LOW,MID / MID,MID / MID,MID / MID,MID / MID,MID / MID,LOW / MID,LOW / LOW,HIGH / LOW,LOW / LOW,HIGH / HIGH,HIGH / HIGH,HIGH / HIGH,HIGH / MID,LOW / MID,HIGH / MID,0.47845601025623868,0.52107757329940796,0.49507834573628895,0.49669538407579494,0.52107757329940796,0.042621563043169275,0.085254987357549217,0.042601683645281885,0.016622335480050265,0.032390346052364238,0.016182414666662454,0.018239373819556259,0.035598038162427792,0.01778615081188345
739aab71-6808-51a2-ae36-7c395ab11002,e2a1b649-9826-5b67-b3ea-6794709fc3e7,2018-07-06,2018,SUBMISSION,Middleweight,MATCH,MATCH,NO_MATCH,MATCH,HIGH / HIGH,LOW / MID,HIGH / MID,HIGH / HIGH,MID / MID,HIGH / HIGH,HIGH / HIGH,LOW / MID,HIGH / MID,HIGH / LOW,MID / MID,HIGH / HIGH,HIGH / MID,HIGH / MID,LOW / MID,MID / MID,HIGH / MID,0.51816142808158572,0.45681211352348328,0.41900475367444528,0.44016728194779026,0.45681211352348328,-0.061349314558102441,-0.11984613077249762,-0.059813958489756569,-0.099156674407140433,-0.18713343001234273,-0.092926281949765765,-0.077994146133795461,-0.15002887641787555,-0.074744029454242855
bcc1aef5-fe61-5989-ad00-eb25c206f096,e2a1b649-9826-5b67-b3ea-6794709fc3e7,2018-07-06,2018,KO_TKO,Women's Flyweight,NO_MATCH,NO_MATCH,NO_MATCH,MATCH,MID / MID,LOW / LOW,LOW / LOW,LOW / LOW,LOW / MID,MID / MID,MID / MID,HIGH / MID,LOW / LOW,HIGH / MID,HIGH / MID,HIGH / MID,HIGH / MID,MID / MID,LOW / MID,LOW / LOW,HIGH / LOW,0.41296040591147221,0.44304519891738892,0.45611505638397759,0.45784276522851242,0.44304519891738892,0.03008479300591671,-0.070320075097892176,-0.034416834578652578,0.043154650472505385,-0.09939337541791371,-0.04880465313541954,0.04488235931704021,-0.10317409890788098,-0.050681017812557572
366ef091-93d3-525a-af16-fb97197da075,6bf29ee4-adfc-5d42-a9cb-562382427d4b,2018-07-07,2018,SUBMISSION,Lightweight,NO_MATCH,NO_MATCH,NO_MATCH,MATCH,HIGH / MID,HIGH / HIGH,MID / MID,MID / MID,LOW / LOW,HIGH / MID,LOW / MID,LOW / MID,LOW / MID,LOW / MID,LOW / LOW,HIGH / HIGH,HIGH / LOW,HIGH / HIGH,HIGH / MID,LOW / MID,HIGH / LOW,0.40628812467102871,0.39996641874313354,0.31793185280154396,0.33681148399186817,0.39996641874313354,-0.0063217059278951604,-0.010591479096354273,-0.0050969041264937176,-0.088356271869484748,-0.13873543211487149,-0.063989377222878757,-0.06947664067916054,-0.11066514432495328,-0.051628064499896903
4d20aeab-d830-5d06-8c49-ac8c2ee63d12,6bf29ee4-adfc-5d42-a9cb-562382427d4b,2018-07-07,2018,KO_TKO,Lightweight,NO_MATCH,NO_MATCH,NO_MATCH,MATCH,HIGH / HIGH,HIGH / HIGH,LOW / LOW,HIGH / MID,HIGH / LOW,LOW / LOW,HIGH / MID,HIGH / MID,LOW / MID,MID / MID,LOW / MID,HIGH / MID,HIGH / LOW,HIGH / HIGH,MID / MID,HIGH / LOW,HIGH / LOW,0.49925298255126066,0.42048877477645874,0.42211568538568184,0.43642570417532439,0.42048877477645874,-0.07876420777480192,0.17169516222803349,0.085085684676281859,-0.077137297165578822,0.16783353388906019,0.08320270559345222,-0.062827278375936269,0.13449479362393624,0.066868411430470953
c53de87c-43bb-5366-b73c-db6846b5a06a,6bf29ee4-adfc-5d42-a9cb-562382427d4b,2018-07-07,2018,KO_TKO,Middleweight,MATCH,MATCH,NO_MATCH,NO_MATCH,HIGH / HIGH,HIGH / LOW,HIGH / HIGH,HIGH / HIGH,MID / MID,HIGH / MID,HIGH / HIGH,HIGH / MID,HIGH / HIGH,LOW / MID,HIGH / LOW,MID / MID,MID / MID,LOW / MID,LOW / MID,HIGH / HIGH,LOW / LOW,0.87331616808577828,0.85325503349304199,0.83321271359035654,0.84925994523451642,0.85325503349304199,-0.020061134592736285,0.023239166060092215,0.005485291926657445,-0.040103454495421742,0.047008685010029638,0.011769205639421656,-0.024056222851261855,0.027932335449344398,0.0066737708422302047
e5682923-db34-5c57-baa9-5cf16bcfd025,6bf29ee4-adfc-5d42-a9cb-562382427d4b,2018-07-07,2018,KO_TKO,Light Heavyweight,MATCH,MATCH,NO_MATCH,NO_MATCH,HIGH / HIGH,LOW / MID,LOW / MID,HIGH / HIGH,HIGH / LOW,HIGH / MID,HIGH / HIGH,MID / MID,HIGH / LOW,LOW / MID,HIGH / LOW,MID / MID,MID / MID,LOW / MID,MID / MID,LOW / MID,LOW / MID,0.72932476833782101,0.71772241592407227,0.79228964804844071,0.72078123839790265,0.71772241592407227,-0.01160235241374874,0.016036244261248611,0.0064155534363681821,0.062964879710619703,-0.082807910979562471,-0.030121490727533638,-0.0085435299399183595,0.01178345411386017,0.0046980357952346036
5ba810fe-5fdf-5d56-9c56-a64d79b215d2,bdaf5167-d399-59db-a235-ab3eb3e5a6f4,2018-07-14,2018,KO_TKO,Welterweight,NO_MATCH,NO_MATCH,NO_MATCH,MATCH,HIGH / LOW,MID / MID,HIGH / MID,HIGH / MID,HIGH / LOW,LOW / LOW,MID / MID,HIGH / LOW,LOW / MID,MID / MID,LOW / LOW,HIGH / HIGH,HIGH / HIGH,HIGH / HIGH,LOW / MID,HIGH / HIGH,HIGH / LOW,0.53669618963316812,0.58690547943115234,0.53091420536147504,0.61378569786771731,0.58690547943115234,0.050209289797984225,-0.089431604210767679,-0.04400333777641921,-0.0057819842716930747,0.010831743172289965,0.0053910620312311031,0.077089508234549187,-0.13421366141308866,-0.065488933528899174
fecdab22-8c59-599f-887d-a2473cedc4d9,bdaf5167-d399-59db-a235-ab3eb3e5a6f4,2018-07-14,2018,KO_TKO,Featherweight,NO_MATCH,MATCH,NO_MATCH,NO_MATCH,HIGH / HIGH,HIGH / HIGH,HIGH / HIGH,HIGH / MID,HIGH / LOW,HIGH / LOW,HIGH / HIGH,LOW / LOW,LOW / MID,HIGH / HIGH,LOW / MID,MID / MID,HIGH / MID,LOW / MID,HIGH / HIGH,HIGH / LOW,HIGH / HIGH,0.75867304967836335,0.85797721147537231,0.83341435023699573,0.8210010270887026,0.85797721147537231,0.099304161797008961,-0.12300661908044819,-0.038068224491230568,0.074741300558632373,-0.093960017744215668,-0.03048791824457936,0.062327977410339241,-0.078953440470431874,-0.0261980646482423
5c966f16-96a1-5084-932d-c0625ffb8159,68a678d6-9b96-5583-9230-aca3748067d1,2018-07-22,2018,SUBMISSION,Bantamweight,NO_MATCH,NO_MATCH,NO_MATCH,MATCH,LOW / LOW,LOW / LOW,HIGH / HIGH,LOW / MID,LOW / MID,LOW / MID,LOW / LOW,LOW / MID,HIGH / LOW,HIGH / HIGH,LOW / MID,HIGH / LOW,HIGH / MID,HIGH / MID,LOW / LOW,MID / MID,HIGH / MID,0.44093459970809346,0.42864334583282471,0.39806908938785496,0.36137720923475775,0.42864334583282471,-0.012291253875268748,-0.021747166451672406,-0.010688203292978038,-0.042865510320238498,-0.073876210830475242,-0.035964321293660534,-0.07955739047333571,-0.1330475068162798,-0.063829833865434726
f83de07a-ec41-55fa-8899-b714d9d189aa,68a678d6-9b96-5583-9230-aca3748067d1,2018-07-22,2018,KO_TKO,Light Heavyweight,MATCH,MATCH,NO_MATCH,NO_MATCH,HIGH / MID,HIGH / HIGH,HIGH / MID,HIGH / HIGH,HIGH / HIGH,HIGH / HIGH,HIGH / HIGH,HIGH / MID,HIGH / MID,LOW / MID,MID / MID,MID / MID,HIGH / MID,LOW / LOW,HIGH / LOW,LOW / LOW,LOW / MID,0.8552985729655318,0.77748805284500122,0.79011195300110049,0.78384335044162046,0.77748805284500122,-0.07781052012053058,0.095382338305032122,0.028573063640897445,-0.065186619964431314,0.079275968044209666,0.023114489287200727,-0.071455222523911344,0.08724142384867728,0.025785194162492583
03711a0b-a32b-5093-ade6-cb9a5a87badf,f20b2128-21c2-58e1-a753-e6a2f1732986,2018-07-28,2018,KO_TKO,Lightweight,MATCH,NO_MATCH,NO_MATCH,MATCH,HIGH / LOW,LOW / LOW,MID / MID,HIGH / LOW,LOW / MID,LOW / MID,LOW / MID,MID / MID,LOW / LOW,LOW / MID,LOW / LOW,HIGH / HIGH,HIGH / HIGH,MID / MID,LOW / MID,LOW / LOW,LOW / LOW,0.35845237307701328,0.43637043237686157,0.44453439327363947,0.46891844128735388,0.43637043237686157,0.077918059299848297,-0.19669569751131499,-0.093905068111469814,0.086082020196626197,-0.21523162649244831,-0.1030413173546319,0.11046606821034061,-0.26863305348798461,-0.12953573560586207
573d70a4-a4d9-5a03-b0e8-3c2c8dbfd38f,f20b2128-21c2-58e1-a753-e6a2f1732986,2018-07-28,2018,KO_TKO,Featherweight,NO_MATCH,MATCH,NO_MATCH,NO_MATCH,LOW / LOW,HIGH / HIGH,MID / MID,HIGH / MID,MID / MID,HIGH / LOW,HIGH / MID,LOW / MID,LOW / LOW,HIGH / HIGH,LOW / MID,LOW / MID,HIGH / LOW,LOW / LOW,HIGH / MID,HIGH / MID,LOW / MID,0.87966442828544678,0.80352324247360229,0.72819527288426122,0.80748074988353069,0.80352324247360229,-0.076141185811844481,0.090534391955498283,0.024122466428218498,-0.15146915540118555,0.18897125904030435,0.059397159862592835,-0.072183678401916085,0.085621287593966589,0.022583011845539291
6527faf6-1442-5ba4-83ff-b6c6be0657be,f20b2128-21c2-58e1-a753-e6a2f1732986,2018-07-28,2018,KO_TKO,Flyweight,NO_MATCH,NO_MATCH,NO_MATCH,MATCH,LOW / LOW,HIGH / LOW,HIGH / HIGH,HIGH / LOW,HIGH / LOW,LOW / LOW,LOW / MID,LOW / LOW,HIGH / MID,HIGH / MID,LOW / MID,HIGH / LOW,HIGH / LOW,HIGH / LOW,HIGH / MID,LOW / MID,HIGH / MID,0.44336122897669894,0.38581928610801697,0.36921249482988971,0.38148290832315157,0.38581928610801697,-0.057541942868681972,0.13901576393789405,0.067371227910534959,-0.074148734146809225,0.18301250803141467,0.08804615527240095,-0.06187832065354737,0.15031880460100888,0.07271667129005599
8632912c-3cb9-5e71-91ad-d3e1ed225f98,f20b2128-21c2-58e1-a753-e6a2f1732986,2018-07-28,2018,SUBMISSION,Lightweight,NO_MATCH,NO_MATCH,MATCH,NO_MATCH,LOW / MID,MID / MID,HIGH / HIGH,MID / MID,HIGH / HIGH,HIGH / HIGH,MID / MID,LOW / LOW,HIGH / MID,HIGH / HIGH,LOW / LOW,HIGH / MID,HIGH / MID,HIGH / LOW,HIGH / MID,MID / MID,HIGH / HIGH,0.55683792771567509,0.56058210134506226,0.53193351523819321,0.59053579810015888,0.56058210134506226,0.0037441736293871708,0.0084846613664583126,0.0041838146057582848,-0.024904412477481874,-0.054674792489371127,-0.027115213109026259,0.033697870384483797,0.079086074371505166,0.038664051095104235
a899e0d0-dd9d-5511-a57b-f327428c5e9f,f20b2128-21c2-58e1-a753-e6a2f1732986,2018-07-28,2018,KO_TKO,Light Heavyweight,NO_MATCH,MATCH,MATCH,NO_MATCH,HIGH / HIGH,LOW / MID,HIGH / MID,MID / MID,HIGH / LOW,HIGH / MID,HIGH / MID,LOW / MID,LOW / LOW,HIGH / LOW,LOW / MID,HIGH / LOW,MID / MID,HIGH / LOW,HIGH / HIGH,LOW / MID,HIGH / MID,0.42455333221344199,0.4486066997051239,0.44036483171157342,0.43618483575892636,0.4486066997051239,0.02405336749168191,-0.055108923444402547,-0.027104295856577809,0.015811499498131432,-0.036565913100137903,-0.017947345881437649,0.011631503545484367,-0.027028455513485206,-0.013251328038464461
8dfe7847-9fa1-5cb1-8fd0-ff2ff451d35f,ec14ec9e-eada-5720-bb2b-f63be10920ec,2018-08-04,2018,KO_TKO,Flyweight,NO_MATCH,NO_MATCH,MATCH,NO_MATCH,LOW / LOW,LOW / LOW,HIGH / MID,LOW / LOW,LOW / MID,LOW / LOW,HIGH / LOW,LOW / MID,LOW / MID,HIGH / MID,LOW / LOW,HIGH / MID,MID / MID,HIGH / MID,HIGH / MID,HIGH / LOW,HIGH / HIGH,0.41866795421915781,0.40679478645324707,0.36852816236646729,0.40958912612497544,0.40679478645324707,-0.011873167765910742,0.028769285622224361,0.013945477927309546,-0.050139791852690518,0.12756100067799503,0.060809734272531446,-0.0090788280941823674,0.021923607893076791,0.010638052538130938
0a2fff54-b620-5943-83a9-523966f203e4,3cfb6050-ac63-51de-801e-d0bdcd9b33da,2018-08-25,2018,SUBMISSION,Welterweight,NO_MATCH,NO_MATCH,NO_MATCH,MATCH,HIGH / LOW,MID / MID,HIGH / HIGH,HIGH / LOW,HIGH / HIGH,HIGH / MID,LOW / MID,LOW / LOW,HIGH / LOW,LOW / MID,LOW / MID,HIGH / HIGH,HIGH / MID,HIGH / LOW,HIGH / LOW,LOW / LOW,HIGH / MID,0.34273139604033637,0.4377601146697998,0.41678383147332421,0.44112588442264472,0.4377601146697998,0.095028718629463438,0.15616416792070326,0.074169108163958386,0.07405243543298784,0.1195348648463988,0.056243952345826437,0.098394488382308354,0.16216851692012074,0.077127236075902633
19f1dcb4-7768-5119-81cb-1f27587ebc46,3cfb6050-ac63-51de-801e-d0bdcd9b33da,2018-08-25,2018,KO_TKO,Middleweight,NO_MATCH,MATCH,NO_MATCH,NO_MATCH,HIGH / MID,LOW / LOW,HIGH / MID,MID / MID,HIGH / LOW,HIGH / MID,HIGH / MID,LOW / MID,HIGH / MID,LOW / LOW,LOW / LOW,LOW / MID,HIGH / MID,MID / MID,MID / MID,MID / MID,HIGH / MID,0.83201546097398182,0.86678034067153931,0.81302989543316873,0.82722461375135514,0.86678034067153931,0.034764879697557483,-0.040934565503785103,-0.0104713277201927,-0.018985565540813099,0.023083142927707689,0.0067390146499479997,-0.0047908472226266818,0.0057747647363687593,0.0016325287415845935
21843ae9-389f-5bdc-b5fd-e3d983b1ea90,3cfb6050-ac63-51de-801e-d0bdcd9b33da,2018-08-25,2018,KO_TKO,Bantamweight,MATCH,NO_MATCH,NO_MATCH,NO_MATCH,HIGH / LOW,HIGH / LOW,HIGH / HIGH,HIGH / MID,LOW / MID,LOW / MID,HIGH / MID,LOW / MID,HIGH / MID,HIGH / LOW,HIGH / LOW,HIGH / MID,LOW / MID,HIGH / MID,HIGH / MID,MID / MID,LOW / MID,0.68936325191023251,0.65106314420700073,0.68674932615325834,0.70656070529595405,0.65106314420700073,-0.038300107703231778,0.057161714994753698,0.025261740066918698,-0.002613925756974167,0.0037990044454471739,0.0016307954016520493,0.017197453385721539,-0.024640774209886807,-0.010388569587377744
99442add-342e-5417-99ca-52aa9e5610a7,3cfb6050-ac63-51de-801e-d0bdcd9b33da,2018-08-25,2018,KO_TKO,Welterweight,MATCH,MATCH,NO_MATCH,NO_MATCH,HIGH / MID,HIGH / MID,HIGH / MID,HIGH / HIGH,HIGH / LOW,HIGH / LOW,HIGH / HIGH,LOW / MID,LOW / MID,HIGH / LOW,HIGH / LOW,MID / MID,HIGH / MID,HIGH / LOW,HIGH / MID,HIGH / LOW,LOW / MID,0.86131592314293748,0.85113984346389771,0.83894387640687718,0.84565264303894205,0.85113984346389771,-0.010176079679039773,0.011884919493099028,0.0029260730302572528,-0.022372046736060303,0.026317552167390429,0.0067058017731476301,-0.015663280103995425,0.018352675093042226,0.0045898334271686179
ace5c9e4-1be1-58e9-8c76-e86151424339,3cfb6050-ac63-51de-801e-d0bdcd9b33da,2018-08-25,2018,SUBMISSION,Women's Flyweight,MATCH,NO_MATCH,NO_MATCH,MATCH,LOW / MID,LOW / MID,HIGH / MID,HIGH / LOW,LOW / MID,LOW / MID,MID / MID,HIGH / LOW,HIGH / HIGH,LOW / LOW,HIGH / LOW,HIGH / LOW,HIGH / HIGH,LOW / MID,HIGH / MID,LOW / MID,MID / MID,0.46732180489223812,0.669994056224823,0.65055230180624923,0.69230810795786712,0.669994056224823,0.20267225133258487,0.47880681456630891,0.23050236604885221,0.18323049691401111,0.42156357734330641,0.2048286280576701,0.224986303065629,0.54881854852805056,0.26090084701646271
b6103aa1-5560-5565-8c4f-e96f128cb486,3cfb6050-ac63-51de-801e-d0bdcd9b33da,2018-08-25,2018,SUBMISSION,Bantamweight,MATCH,NO_MATCH,NO_MATCH,MATCH,MID / MID,HIGH / MID,HIGH / HIGH,HIGH / LOW,HIGH / LOW,HIGH / LOW,LOW / LOW,LOW / MID,HIGH / LOW,LOW / MID,HIGH / LOW,HIGH / MID,HIGH / MID,HIGH / HIGH,LOW / MID,LOW / MID,HIGH / LOW,0.50534507502405446,0.45098045468330383,0.41765483371068252,0.37900242077319635,0.45098045468330383,-0.054364620340750625,-0.10427364433960196,-0.051990274344707765,-0.087690241313371942,-0.16320294295505833,-0.080938084729169357,-0.12634265425085811,-0.22746678553441896,-0.11173080989912426
045bf815-54b3-5ac9-b46b-36ad0143d971,598ab1f4-be70-5334-bd97-9239531bc9ae,2018-09-08,2018,KO_TKO,Women's Strawweight,NO_MATCH,NO_MATCH,MATCH,NO_MATCH,HIGH / LOW,HIGH / LOW,HIGH / HIGH,LOW / LOW,LOW / LOW,LOW / LOW,LOW / LOW,LOW / LOW,HIGH / LOW,HIGH / LOW,HIGH / LOW,HIGH / MID,HIGH / MID,HIGH / MID,HIGH / MID,MID / MID,HIGH / HIGH,0.21156220537900092,0.23192387819290161,0.27908175596670842,0.3210853972223241,0.23192387819290161,0.020361672813900694,-0.091890136078487394,-0.031693227096592058,0.067519550587707505,-0.27698570052451377,-0.1019110414067802,0.10952319184332318,-0.41718805219944177,-0.16070911812205524
39e60eb5-d8e2-5dbd-8bbe-d0061394ad77,598ab1f4-be70-5334-bd97-9239531bc9ae,2018-09-08,2018,SUBMISSION,Featherweight,NO_MATCH,NO_MATCH,MATCH,NO_MATCH,LOW / LOW,LOW / LOW,HIGH / LOW,LOW / LOW,LOW / LOW,LOW / LOW,LOW / LOW,LOW / MID,HIGH / LOW,HIGH / HIGH,HIGH / MID,HIGH / LOW,LOW / MID,HIGH / LOW,HIGH / MID,HIGH / MID,HIGH / LOW,0.44858289395869555,0.54128861427307129,0.50143273254572496,0.51675221533693427,0.54128861427307129,0.092705720314375739,0.18407029801061292,0.091766751189303469,0.052849838587029407,0.10075300100824836,0.050208172515914223,0.068169321378238723,0.13196198720250929,0.06580623930327098
5bb884f1-0bbe-5701-b980-8636962eaac9,598ab1f4-be70-5334-bd97-9239531bc9ae,2018-09-08,2018,KO_TKO,Middleweight,NO_MATCH,NO_MATCH,NO_MATCH,MATCH,HIGH / LOW,LOW / MID,HIGH / MID,MID / MID,HIGH / LOW,HIGH / MID,MID / MID,LOW / LOW,HIGH / MID,MID / MID,LOW / LOW,HIGH / LOW,HIGH / MID,HIGH / LOW,MID / MID,MID / MID,HIGH / MID,0.55046548760221836,0.41901883482933044,0.40975292305812239,0.40859063957375785,0.41901883482933044,-0.13144665277288792,0.27284839060497212,0.13545783644635753,-0.14071256454409597,0.29520991001838037,0.14631033400171953,-0.14187484802846051,0.29805048778782905,0.1476837537630655
def94969-c5ca-52ec-8b14-c32ec32f08a5,598ab1f4-be70-5334-bd97-9239531bc9ae,2018-09-08,2018,SUBMISSION,Lightweight,NO_MATCH,NO_MATCH,NO_MATCH,MATCH,HIGH / MID,HIGH / MID,LOW / MID,HIGH / LOW,HIGH / LOW,LOW / MID,LOW / MID,LOW / LOW,LOW / LOW,HIGH / HIGH,LOW / MID,HIGH / LOW,HIGH / HIGH,HIGH / LOW,MID / MID,HIGH / LOW,LOW / MID,0.7214247892361475,0.49525949358940125,0.43623294961983461,0.4644302058646555,0.49525949358940125,-0.22616529564674626,-0.59435636900667377,-0.27517176053398962,-0.28519183961631289,-0.70495305542499997,-0.33015454019039864,-0.256994583371492,-0.65364313640346206,-0.30475831040493351
54d0c5b8-b8ae-5c6e-9bee-c3838d44c996,8410c507-a78e-533b-a706-dbaca0905cbd,2018-09-15,2018,KO_TKO,Middleweight,NO_MATCH,UNASSIGNABLE,MATCH,UNASSIGNABLE,HIGH / MISSING,HIGH / LOW,HIGH / MISSING,MID / MISSING,HIGH / MISSING,HIGH / MISSING,MID / MISSING,LOW / MISSING,MID / MISSING,MID / MISSING,LOW / MISSING,HIGH / MISSING,HIGH / MISSING,MID / MISSING,HIGH / MISSING,HIGH / MISSING,HIGH / MISSING,0.74891930431170872,0.61176276206970215,0.55238986500708587,0.6316879557630487,0.61176276206970215,-0.13715654224200657,0.20228667612934814,0.087686637168430379,-0.19652943930462285,0.30437716564399697,0.13731331720105849,-0.11723134854866002,0.17023570847604419,0.07261224618268565
7112949c-f449-51b4-8b21-e0b98d77409d,8410c507-a78e-533b-a706-dbaca0905cbd,2018-09-15,2018,SUBMISSION,Heavyweight,MATCH,MATCH,MATCH,NO_MATCH,HIGH / HIGH,HIGH / MID,MID / MID,HIGH / HIGH,HIGH / HIGH,HIGH / HIGH,HIGH / MID,MID / MID,HIGH / MID,LOW / LOW,LOW / MID,HIGH / LOW,LOW / MID,HIGH / LOW,HIGH / HIGH,LOW / MID,HIGH / LOW,0.74955888906661494,0.70204764604568481,0.63058946265970428,0.68146911763377183,0.70204764604568481,-0.047511243020930127,-0.17370978086933997,-0.068967630860490847,-0.11896942640691066,-0.38868478612046731,-0.16419545776132344,-0.068089771432843116,-0.24049562542152092,-0.097438369890226473
82359e28-43c9-5ab1-a720-8448f1a2b9e0,a1cc3723-a39c-5d78-a62b-53cc621f7b19,2018-09-22,2018,KO_TKO,Light Heavyweight,MATCH,MATCH,NO_MATCH,NO_MATCH,HIGH / HIGH,HIGH / MID,HIGH / HIGH,HIGH / HIGH,HIGH / LOW,HIGH / MID,HIGH / HIGH,LOW / LOW,HIGH / MID,HIGH / LOW,HIGH / LOW,LOW / LOW,HIGH / MID,LOW / LOW,MID / MID,HIGH / MID,HIGH / MID,0.89160621410908025,0.88027703762054443,0.84933780066060349,0.83792543266690611,0.88027703762054443,-0.011329176488535819,0.012787897696665607,0.0025843749011459794,-0.04226841344847676,0.048567583288224719,0.010949885490017497,-0.053680781442174141,0.06209545707763417,0.01451895255644303
909ca217-3ad5-58c1-872a-7380bb1ea507,a1cc3723-a39c-5d78-a62b-53cc621f7b19,2018-09-22,2018,SUBMISSION,Women's Flyweight,NO_MATCH,NO_MATCH,MATCH,UNASSIGNABLE,HIGH / MISSING,LOW / LOW,HIGH / MISSING,MID / MISSING,MID / MISSING,MID / MISSING,MID / MISSING,LOW / MISSING,LOW / MISSING,HIGH / MISSING,LOW / MISSING,HIGH / MISSING,MID / MISSING,HIGH / MISSING,HIGH / MISSING,MID / MISSING,HIGH / MISSING,0.41586077965999446,0.40505433082580566,0.3895622959461908,0.34249344346738086,0.40505433082580566,-0.010806448834188798,-0.018330743653358739,-0.0088711771386772442,-0.026298483713803666,-0.044036902071565409,-0.021181405636550937,-0.073367336192613597,-0.11831539050415957,-0.055638429241274448
bce234e7-4c46-5e29-a95b-2db635f8b907,a1cc3723-a39c-5d78-a62b-53cc621f7b19,2018-09-22,2018,SUBMISSION,Lightweight,NO_MATCH,NO_MATCH,NO_MATCH,MATCH,HIGH / HIGH,HIGH / LOW,HIGH / HIGH,LOW / MID,LOW / MID,HIGH / LOW,LOW / LOW,LOW / MID,HIGH / LOW,LOW / LOW,LOW / LOW,HIGH / HIGH,HIGH / HIGH,HIGH / HIGH,LOW / MID,LOW / MID,HIGH / MID,0.55128404498753425,0.55338484048843384,0.57040301064855914,0.55249649288481073,0.55338484048843384,0.0021007955008995882,0.0046927875557402077,0.0023206834245916852,0.019118965661024889,0.043542535514285774,0.021445496299122568,0.0012124478972764807,0.0027056958438975709,0.0013382763921980234
d6fc5c53-7ee3-52d1-a8ba-5b9e311180ae,a1cc3723-a39c-5d78-a62b-53cc621f7b19,2018-09-22,2018,KO_TKO,Light Heavyweight,NO_MATCH,MATCH,NO_MATCH,NO_MATCH,HIGH / HIGH,HIGH / HIGH,LOW / MID,HIGH / HIGH,LOW / MID,HIGH / MID,HIGH / HIGH,MID / MID,LOW / MID,MID / MID,LOW / LOW,LOW / MID,HIGH / LOW,LOW / MID,HIGH / MID,HIGH / MID,LOW / LOW,0.81189901011508081,0.87622368335723877,0.83855515456070784,0.85014518894667224,0.87622368335723877,0.064324673242157959,-0.0762454439918821,-0.020061405834037378,0.026656144445627028,-0.032304396104009647,-0.0093175442767695349,0.038246178831591426,-0.046031184775992356,-0.012925517999857906
1ec87d0e-3f55-5282-a5fa-a954f8987cc7,756e41b1-d00a-554a-9644-606af9de0052,2018-10-06,2018,KO_TKO,Heavyweight,MATCH,MATCH,NO_MATCH,NO_MATCH,HIGH / LOW,HIGH / HIGH,HIGH / MID,HIGH / HIGH,MID / MID,HIGH / HIGH,HIGH / HIGH,LOW / LOW,HIGH / HIGH,HIGH / LOW,HIGH / LOW,LOW / LOW,LOW / MID,LOW / MID,HIGH / LOW,HIGH / LOW,LOW / LOW,0.81970498701195893,0.87206745147705078,0.86157970219108271,0.83937516496828057,0.87206745147705078,0.052362464465091851,-0.061922269940503927,-0.016139554736781143,0.041874715179123778,-0.049823063702419679,-0.013346112862848546,0.019670177956321644,-0.023713260226312344,-0.0067059540793908204
b0f1802c-013e-56d7-b757-5620196e62eb,756e41b1-d00a-554a-9644-606af9de0052,2018-10-06,2018,KO_TKO,Lightweight,NO_MATCH,NO_MATCH,MATCH,MATCH,LOW / LOW,HIGH / HIGH,HIGH / HIGH,LOW / MID,HIGH / MID,HIGH / LOW,LOW / LOW,LOW / MID,LOW / MID,HIGH / LOW,LOW / MID,HIGH / HIGH,HIGH / MID,LOW / MID,HIGH / LOW,HIGH / LOW,HIGH / HIGH,0.65386167686559027,0.53437399864196777,0.59993554459382747,0.59237461480513964,0.53437399864196777,-0.1194876782236225,0.20179986002071287,0.096995834398369188,-0.053926132271762794,0.086073602054964893,0.040239829737136371,-0.061487062060450626,0.098756595791157198,0.046346715912957234
eab00749-8d39-588e-8fae-33313968f255,756e41b1-d00a-554a-9644-606af9de0052,2018-10-06,2018,KO_TKO,Welterweight,NO_MATCH,NO_MATCH,NO_MATCH,MATCH,LOW / MID,HIGH / HIGH,LOW / MID,LOW / MID,HIGH / LOW,LOW / MID,LOW / LOW,LOW / MID,LOW / LOW,HIGH / MID,LOW / LOW,HIGH / LOW,HIGH / MID,HIGH / LOW,HIGH / LOW,LOW / LOW,HIGH / MID,0.43414275052927737,0.42186051607131958,0.4414274007040031,0.41974074607863465,0.42186051607131958,-0.012282234457957786,0.028698669526835974,0.014050836098749353,0.0072846501747257375,-0.016640170417233535,-0.0081910780942852646,-0.014402004450642714,0.033736148843133029,0.016506374982807992
ef48c8be-48e2-5a02-97f5-b498256463e5,756e41b1-d00a-554a-9644-606af9de0052,2018-10-06,2018,KO_TKO,Women's Bantamweight,NO_MATCH,MATCH,NO_MATCH,NO_MATCH,MID / MID,LOW / LOW,HIGH / LOW,MID / MID,HIGH / MID,HIGH / MID,HIGH / MID,HIGH / HIGH,LOW / MID,LOW / LOW,LOW / MID,MID / MID,MID / MID,MID / MID,HIGH / LOW,MID / MID,HIGH / MID,0.76420046698030175,0.7376244068145752,0.75150941978131891,0.71328473748873544,0.7376244068145752,-0.026576060165726556,0.035395384889316595,0.01323953212709577,-0.012691047198982841,0.016746402329790022,0.0061461486851090152,-0.050915729491566308,0.068949454072026406,0.026604221984595576
0bc17cfa-3eac-52fa-960f-99c9147e0b0b,56100fb3-4167-5262-be7f-aebbbc5e15c5,2018-10-27,2018,SUBMISSION,Light Heavyweight,NO_MATCH,NO_MATCH,MATCH,NO_MATCH,HIGH / LOW,HIGH / MID,HIGH / MID,LOW / LOW,HIGH / HIGH,HIGH / HIGH,MID / MID,LOW / MID,HIGH / HIGH,HIGH / MID,HIGH / HIGH,HIGH / LOW,LOW / MID,HIGH / LOW,HIGH / HIGH,LOW / LOW,HIGH / HIGH,0.73103151286990842,0.71948885917663574,0.68146914469513353,0.66173053302935669,0.71948885917663574,-0.011542653693272675,-0.042019217380198759,-0.016742854329570345,-0.049562368174774885,-0.16912512273412883,-0.070006877637350307,-0.069300979840551724,-0.22924859289030564,-0.096519774465550601
e7580863-70b5-5802-b25a-d1c3e6c0966f,56100fb3-4167-5262-be7f-aebbbc5e15c5,2018-10-27,2018,SUBMISSION,Light Heavyweight,MATCH,MATCH,NO_MATCH,NO_MATCH,HIGH / HIGH,HIGH / MID,LOW / MID,HIGH / HIGH,HIGH / MID,HIGH / HIGH,HIGH / HIGH,HIGH / HIGH,MID / MID,LOW / MID,HIGH / MID,LOW / MID,HIGH / LOW,LOW / LOW,LOW / MID,LOW / MID,LOW / LOW,0.81111740606003113,0.76531475782394409,0.77915000362540343,0.78566422755350174,0.76531475782394409,-0.04580264823608704,-0.21711959540482773,-0.072204767870431286,-0.031967402434627701,-0.15635809567425984,-0.050836718264087311,-0.025453178506529395,-0.12641818955137918,-0.040643167956312953
03c88fd3-93ac-5ac5-b26a-586adec8944e,0126e120-cdc2-5b1d-904d-a5762176eb2c,2018-11-03,2018,KO_TKO,Middleweight,NO_MATCH,MATCH,NO_MATCH,NO_MATCH,MID / MID,HIGH / MID,MID / MID,MID / MID,HIGH / LOW,HIGH / HIGH,HIGH / MID,LOW / MID,HIGH / LOW,HIGH / MID,LOW / MID,LOW / LOW,HIGH / MID,HIGH / LOW,LOW / MID,LOW / LOW,HIGH / LOW,0.68865057350350289,0.78788602352142334,0.77856033763058485,0.72799721196111478,0.78788602352142334,0.099235450017920446,-0.13461944703836679,-0.051946126362143477,0.089909764127081959,-0.12271250109852139,-0.047902941309417073,0.039346638457611882,-0.055563226308738889,-0.022952948678770929
1cbfd3cd-1b2c-5e9c-a4d7-956668df1d58,0126e120-cdc2-5b1d-904d-a5762176eb2c,2018-11-03,2018,KO_TKO,Middleweight,NO_MATCH,MATCH,NO_MATCH,NO_MATCH,HIGH / MID,HIGH / LOW,HIGH / LOW,HIGH / MID,HIGH / LOW,HIGH / MID,HIGH / HIGH,LOW / LOW,HIGH / MID,HIGH / LOW,HIGH / MID,MID / MID,LOW / LOW,MID / MID,LOW / LOW,HIGH / HIGH,HIGH / LOW,0.89598128236975894,0.88943362236022949,0.81482263939169652,0.85603843152817016,0.88943362236022949,-0.0065476600095294435,0.0073346417640468148,0.0014050302469405199,-0.081158642978062412,0.094949053364578595,0.023470761264417841,-0.039942850841588773,0.045604250765427845,0.0099050395794295278
56716b52-ca39-5ec1-bc9b-160e4e29eba0,0126e120-cdc2-5b1d-904d-a5762176eb2c,2018-11-03,2018,KO_TKO,Welterweight,MATCH,NO_MATCH,NO_MATCH,NO_MATCH,HIGH / LOW,HIGH / MID,LOW / MID,HIGH / MID,HIGH / MID,HIGH / LOW,MID / MID,HIGH / MID,HIGH / MID,HIGH / LOW,HIGH / MID,HIGH / LOW,HIGH / MID,HIGH / HIGH,HIGH / MID,HIGH / HIGH,LOW / LOW,0.82923855139406166,0.73154538869857788,0.70271767372559724,0.74541068396361099,0.73154538869857788,-0.097693162695483782,0.12534860441833268,0.042908405998999116,-0.12652087766846443,0.16555266270580382,0.059217309185121941,-0.083827867430450675,0.10657255161793144,0.03565624750987785
71e07bc0-3c37-557e-bb3b-a63ec2f3c0d3,0126e120-cdc2-5b1d-904d-a5762176eb2c,2018-11-03,2018,SUBMISSION,Featherweight,MATCH,NO_MATCH,NO_MATCH,NO_MATCH,LOW / LOW,LOW / MID,MID / MID,HIGH / LOW,HIGH / MID,HIGH / HIGH,LOW / MID,HIGH / HIGH,MID / MID,HIGH / LOW,HIGH / HIGH,HIGH / LOW,HIGH / LOW,LOW / MID,HIGH / MID,HIGH / LOW,LOW / MID,0.82547876199229786,0.68300527334213257,0.68420356565580531,0.76787518289328704,0.68300527334213257,-0.14247348865016529,-0.59683869657301303,-0.2149189830871755,-0.14127519633649255,-0.59305136887355947,-0.21328066724421885,-0.057603579099010815,-0.28522878974672672,-0.091782889996937733
7eddc009-0721-5b2b-b45f-ec211e7c27fc,0126e120-cdc2-5b1d-904d-a5762176eb2c,2018-11-03,2018,KO_TKO,Middleweight,NO_MATCH,MATCH,MATCH,NO_MATCH,HIGH / HIGH,HIGH / HIGH,HIGH / HIGH,MID / MID,HIGH / MID,HIGH / MID,HIGH / HIGH,LOW / MID,HIGH / MID,HIGH / LOW,LOW / LOW,HIGH / HIGH,LOW / LOW,HIGH / HIGH,HIGH / LOW,HIGH / MID,HIGH / HIGH,0.63812714749880817,0.84509402513504028,0.79842492517115748,0.76045549705783866,0.84509402513504028,0.20696687763623212,-0.28091033927651604,-0.10695610032848582,0.16029777767234932,-0.22410338917219552,-0.090319450585095884,0.12232834955903049,-0.17538003774343613,-0.073570392487542213
c4bdde2e-02ba-5962-b8e4-8913671e41d6,0126e120-cdc2-5b1d-904d-a5762176eb2c,2018-11-03,2018,SUBMISSION,Heavyweight,NO_MATCH,MATCH,NO_MATCH,NO_MATCH,HIGH / HIGH,HIGH / HIGH,HIGH / HIGH,HIGH / MID,HIGH / MID,HIGH / MID,HIGH / HIGH,LOW / MID,HIGH / HIGH,LOW / MID,LOW / MID,HIGH / LOW,LOW / MID,HIGH / LOW,HIGH / LOW,HIGH / LOW,LOW / MID,0.80031622661259383,0.77663493156433105,0.79406952457442082,0.78575387511779315,0.77663493156433105,-0.023681295048262774,-0.11207252892013653,-0.037344245653487484,-0.0062467020381730132,-0.030803631715233815,-0.0099596527215739528,-0.014562351494800674,-0.070390488241781179,-0.023096910316792174
31955bf1-e764-51b4-a697-d42e90268179,4c5930df-b815-583c-86f0-e14438a38189,2018-11-10,2018,SUBMISSION,Lightweight,NO_MATCH,NO_MATCH,MATCH,MATCH,HIGH / MID,LOW / LOW,LOW / LOW,LOW / LOW,LOW / MID,LOW / MID,LOW / LOW,MID / MID,LOW / LOW,LOW / MID,LOW / MID,HIGH / MID,HIGH / LOW,HIGH / MID,HIGH / MID,MID / MID,HIGH / HIGH,0.36344488192073682,0.42504775524139404,0.40078339221304299,0.38025975465599399,0.42504775524139404,0.061602873320657225,0.10178402506208073,0.048573412041369696,0.037338510292306171,0.060447861397337488,0.02853514527941553,0.016814872735257169,0.02677057868797228,0.012505298816658406
3a6a486f-dea3-5aee-97cf-bf672ae02395,4c5930df-b815-583c-86f0-e14438a38189,2018-11-10,2018,SUBMISSION,Welterweight,MATCH,MATCH,NO_MATCH,NO_MATCH,HIGH / HIGH,HIGH / HIGH,MID / MID,HIGH / HIGH,HIGH / HIGH,HIGH / LOW,HIGH / HIGH,HIGH / HIGH,HIGH / MID,LOW / MID,HIGH / MID,LOW / MID,LOW / LOW,HIGH / LOW,HIGH / LOW,HIGH / MID,LOW / MID,0.93932973316039481,0.88451623916625977,0.862389841655683,0.87308012706821858,0.88451623916625977,-0.054813493994135043,-0.64367618107692381,-0.099971370250354519,-0.07693989150471181,-0.81897100779311671,-0.13862410860826457,-0.066249606092176228,-0.7381022253887779,-0.12007143931772191
301983d6-dc78-5269-8c31-6b35964e2b21,fc929cb7-48bf-5c10-8457-759f8543867d,2018-11-17,2018,SUBMISSION,Bantamweight,NO_MATCH,NO_MATCH,NO_MATCH,MATCH,LOW / MID,HIGH / MID,HIGH / MID,LOW / MID,HIGH / LOW,LOW / LOW,LOW / MID,HIGH / LOW,HIGH / MID,LOW / MID,LOW / MID,HIGH / MID,HIGH / LOW,HIGH / MID,HIGH / LOW,HIGH / HIGH,HIGH / LOW,0.62720301486774488,0.56347477436065674,0.65620278986526581,0.63110750043559993,0.56347477436065674,-0.063728240507088141,-0.15781216861992919,-0.075879800518395601,0.028999774997520933,0.080982017562670428,0.03721847956776958,0.0039044855678550539,0.010528723184948796,0.0049130552468821254
71eb0b12-3880-5e28-baed-56a8c5eb698e,fc929cb7-48bf-5c10-8457-759f8543867d,2018-11-17,2018,SUBMISSION,Flyweight,NO_MATCH,NO_MATCH,MATCH,MATCH,LOW / MID,HIGH / MID,HIGH / LOW,LOW / MID,HIGH / LOW,LOW / MID,LOW / LOW,LOW / MID,LOW / MID,HIGH / LOW,HIGH / LOW,HIGH / HIGH,HIGH / LOW,HIGH / HIGH,HIGH / HIGH,LOW / LOW,HIGH / LOW,0.39098776689863118,0.47471246123313904,0.45436706275960254,0.49084856417732586,0.47471246123313904,0.083724694334507854,0.1478925491506447,0.072480486985646186,0.063379295860971352,0.10989188115302012,0.053577993856410239,0.09986079727869468,0.17909286605017866,0.088060879090564037
77fb25da-d4de-58d8-abb7-113256b7e907,fc929cb7-48bf-5c10-8457-759f8543867d,2018-11-17,2018,KO_TKO,Featherweight,NO_MATCH,NO_MATCH,NO_MATCH,MATCH,HIGH / MID,HIGH / HIGH,HIGH / MID,LOW / MID,HIGH / MID,LOW / MID,MID / MID,LOW / LOW,LOW / MID,MID / MID,LOW / MID,HIGH / HIGH,HIGH / HIGH,HIGH / LOW,LOW / LOW,LOW / MID,HIGH / HIGH,0.56042317711664691,0.56399333477020264,0.51624175761629854,0.52524070896069452,0.56399333477020264,0.0035701576535557278,-0.0063502618705227887,-0.0031259710914141869,-0.044181419500348373,0.082116993503009716,0.040794253857945273,-0.035182468155952384,0.064835521000204954,0.032168601211921194
4b85e7ee-b6a0-54b9-97af-9a858a2b2908,4f684f58-57a9-5eac-94f5-39d02557de14,2018-11-24,2018,SUBMISSION,Middleweight,NO_MATCH,NO_MATCH,NO_MATCH,MATCH,MID / MID,LOW / LOW,HIGH / HIGH,MID / MID,HIGH / MID,HIGH / HIGH,MID / MID,HIGH / LOW,HIGH / LOW,LOW / MID,LOW / LOW,HIGH / MID,HIGH / HIGH,MID / MID,LOW / MID,LOW / MID,LOW / MID,0.61210438929197186,0.6752362847328186,0.64975078933156116,0.64297881926172695,0.6752362847328186,0.063131895440846741,0.17763837088918788,0.081272256829282241,0.037646400039589301,0.10209132726607717,0.047504304846488932,0.030874429969755091,0.082941149038572859,0.038749978628706716
5571fea1-86e2-52f4-be5c-0ad29a76b488,4f684f58-57a9-5eac-94f5-39d02557de14,2018-11-24,2018,KO_TKO,Heavyweight,NO_MATCH,MATCH,NO_MATCH,NO_MATCH,HIGH / LOW,HIGH / MID,HIGH / MID,HIGH / MID,LOW / MID,HIGH / MID,HIGH / HIGH,LOW / LOW,HIGH / LOW,LOW / MID,HIGH / LOW,LOW / MID,LOW / MID,LOW / MID,HIGH / MID,LOW / MID,HIGH / LOW,0.66157606147450287,0.75405210256576538,0.74448958028892342,0.73317567777414616,0.75405210256576538,0.092476041091262506,-0.13083650688914661,-0.054040393914788667,0.08291351881442055,-0.11807389616623626,-0.049245187586178948,0.071599616299643287,-0.10276038243478874,-0.043335543235823185
7417103a-3ddb-5007-b24e-15c4c657d659,4f684f58-57a9-5eac-94f5-39d02557de14,2018-11-24,2018,KO_TKO,Welterweight,MATCH,NO_MATCH,NO_MATCH,MATCH,HIGH / MID,HIGH / LOW,MID / MID,HIGH / MID,HIGH / MID,LOW / MID,HIGH / MID,MID / MID,HIGH / MID,HIGH / LOW,HIGH / LOW,HIGH / LOW,HIGH / HIGH,LOW / MID,LOW / MID,LOW / MID,HIGH / MID,0.56230973815429175,0.56544315814971924,0.59510252979257228,0.61099846190482587,0.56544315814971924,0.0031334199954274888,-0.0055569408314888324,-0.0027331165156747328,0.032792791638280527,-0.056680876099378108,-0.027630803934189846,0.048688723750534124,-0.08304160824756146,-0.040250568674153442
52841017-340c-51af-a5ff-9f2548729279,41927f5a-6518-5b9b-b03a-7d857e4adb55,2018-11-30,2018,KO_TKO,Welterweight,MATCH,MATCH,NO_MATCH,NO_MATCH,LOW / MID,HIGH / MID,LOW / MID,HIGH / MID,HIGH / LOW,HIGH / LOW,HIGH / MID,LOW / MID,MID / MID,HIGH / LOW,HIGH / LOW,LOW / MID,LOW / MID,LOW / MID,HIGH / MID,MID / MID,LOW / MID,0.90109695219926134,0.85822653770446777,0.83672311840331237,0.85875695752002135,0.85822653770446777,-0.042870414494793563,0.048744762327168484,0.0103179017469875,-0.064373833795948965,0.074119643547174735,0.016877527199663553,-0.042339994679239989,0.048126911504603936,0.010167784184725855
61b421d2-af4b-560d-896d-95fc374bbf03,41927f5a-6518-5b9b-b03a-7d857e4adb55,2018-11-30,2018,KO_TKO,Flyweight,NO_MATCH,NO_MATCH,MATCH,NO_MATCH,MID / MID,HIGH / LOW,LOW / MID,HIGH / MID,LOW / MID,LOW / LOW,MID / MID,LOW / MID,LOW / MID,HIGH / HIGH,HIGH / MID,HIGH / MID,LOW / MID,HIGH / MID,HIGH / LOW,HIGH / HIGH,HIGH / HIGH,0.62193654878633409,0.68150198459625244,0.64347849425342596,0.70285963503355198,0.68150198459625244,0.059565435809918355,-0.091461087294388566,-0.04149098732746212,0.021541945467091872,-0.03405053057601698,-0.015824389083783502,0.08092308624721789,-0.12231913026608915,-0.054639576651194011
22d81b99-aaf7-5304-b992-716406d9d9ae,903ec4cf-2c30-5ac2-8550-7fc6d7cd19cb,2018-12-01,2018,KO_TKO,Light Heavyweight,MATCH,NO_MATCH,NO_MATCH,MATCH,HIGH / HIGH,HIGH / MID,HIGH / MID,HIGH / HIGH,HIGH / HIGH,HIGH / MID,HIGH / MID,LOW / MID,HIGH / HIGH,LOW / MID,LOW / MID,HIGH / MID,HIGH / MID,HIGH / LOW,HIGH / MID,LOW / LOW,MID / MID,0.82925780754366962,0.70711159706115723,0.75400116839364628,0.70762581118929146,0.70711159706115723,-0.1221462104825124,0.1593425936154986,0.056630720291271364,-0.075256639150023341,0.095137175369207377,0.031362528866896611,-0.12163199635437816,0.15861565425872501,0.056329769997925286
5935bdbd-f7bf-5fd6-a12e-939d903acc94,903ec4cf-2c30-5ac2-8550-7fc6d7cd19cb,2018-12-01,2018,SUBMISSION,Welterweight,NO_MATCH,NO_MATCH,MATCH,MATCH,MID / MID,HIGH / HIGH,HIGH / MID,MID / MID,LOW / MID,LOW / MID,MID / MID,LOW / MID,LOW / MID,MID / MID,LOW / LOW,HIGH / HIGH,HIGH / MID,HIGH / HIGH,HIGH / LOW,LOW / MID,HIGH / MID,0.47947281491353616,0.39653903245925903,0.41601782123890713,0.38373114583508344,0.39653903245925903,-0.082933782454277127,-0.14783924614503452,-0.072650975977384818,-0.063454993674629034,-0.11502835105897791,-0.056823352652742826,-0.095741669078452718,-0.16884120439907657,-0.08264458795720403
8e5d876d-630a-532f-9c98-2c5d8ccc43f7,903ec4cf-2c30-5ac2-8550-7fc6d7cd19cb,2018-12-01,2018,KO_TKO,Heavyweight,NO_MATCH,MATCH,NO_MATCH,NO_MATCH,HIGH / HIGH,HIGH / LOW,LOW / LOW,HIGH / HIGH,HIGH / MID,HIGH / HIGH,HIGH / HIGH,MID / MID,HIGH / MID,MID / MID,HIGH / HIGH,LOW / LOW,LOW / LOW,LOW / LOW,HIGH / LOW,HIGH / HIGH,LOW / LOW,0.9182233027417962,0.89642709493637085,0.83875657538934367,0.86690684213455071,0.89642709493637085,-0.021796207805425349,0.024023642353894911,0.0040399184488596196,-0.079466727352452526,0.090520082448719286,0.019312013765712493,-0.051316460607245484,0.057509087725136548,0.011026360456137488
5ee6536a-1c6f-5d47-a507-09079e0a1846,3486bac2-2204-5c3d-a259-2eeaf14fc76d,2018-12-08,2018,KO_TKO,Light Heavyweight,MATCH,NO_MATCH,NO_MATCH,NO_MATCH,LOW / MID,LOW / MID,HIGH / HIGH,HIGH / MID,MID / MID,HIGH / HIGH,LOW / MID,LOW / LOW,HIGH / HIGH,LOW / MID,HIGH / MID,LOW / MID,HIGH / LOW,LOW / MID,HIGH / HIGH,HIGH / MID,HIGH / LOW,0.75409561094206345,0.82636517286300659,0.74302005062376641,0.76369602221275201,0.82636517286300659,0.072269561920943137,-0.091517608789763116,-0.030319915363063443,-0.01107556031829704,0.014796134543513695,0.0055697258234545521,0.009600411270688558,-0.012650668375875807,-0.0046293986398808357
aa60b1fd-b807-5a7e-9800-facd37fabbcc,3486bac2-2204-5c3d-a259-2eeaf14fc76d,2018-12-08,2018,SUBMISSION,Welterweight,MATCH,NO_MATCH,NO_MATCH,NO_MATCH,HIGH / MID,HIGH / HIGH,HIGH / HIGH,HIGH / MID,HIGH / MID,MID / MID,HIGH / LOW,LOW / MID,HIGH / HIGH,LOW / LOW,LOW / LOW,HIGH / HIGH,LOW / MID,HIGH / HIGH,HIGH / MID,LOW / MID,HIGH / MID,0.52325390873029387,0.59616214036941528,0.54583239834457753,0.52158009455223131,0.59616214036941528,0.072908231639121412,0.16597058589115032,0.081614644608311693,0.022578489614283659,0.048517749188765724,0.024138354081062852,-0.0016738141780625604,-0.0035047644014858381,-0.0017488579684161731
d07ed731-3b06-5093-b9a7-e7bdf82291b9,3486bac2-2204-5c3d-a259-2eeaf14fc76d,2018-12-08,2018,KO_TKO,Light Heavyweight,MATCH,MATCH,NO_MATCH,NO_MATCH,HIGH / HIGH,HIGH / HIGH,HIGH / LOW,HIGH / HIGH,HIGH / HIGH,HIGH / HIGH,HIGH / HIGH,LOW / MID,HIGH / HIGH,HIGH / LOW,HIGH / MID,LOW / MID,HIGH / LOW,LOW / LOW,LOW / MID,HIGH / MID,LOW / MID,0.92715322076521123,0.86028182506561279,0.83943864029569148,0.84255387312481256,0.86028182506561279,-0.066871395699598435,0.074858799472243748,0.014214515162113972,-0.087714580469519743,0.099385455528489763,0.020473296985214294,-0.08459934764039867,0.095681234057419268,0.019482629623115567
efb61d8c-adc3-5e5c-b80e-c5edced82767,3486bac2-2204-5c3d-a259-2eeaf14fc76d,2018-12-08,2018,KO_TKO,Welterweight,MATCH,MATCH,NO_MATCH,NO_MATCH,HIGH / LOW,HIGH / MID,HIGH / MID,HIGH / MID,HIGH / HIGH,HIGH / HIGH,HIGH / LOW,MID / MID,MID / MID,HIGH / LOW,HIGH / LOW,HIGH / LOW,HIGH / LOW,LOW / LOW,HIGH / HIGH,HIGH / LOW,LOW / MID,0.89943862499843008,0.77434712648391724,0.71892010744204304,0.74358627803631561,0.77434712648391724,-0.12509149851451284,0.14975056182933943,0.040806629183858877,-0.18051851755638704,0.22402058337654696,0.068893315858186255,-0.15585234696211447,0.19028601645335053,0.055635406669063268
003fe3c7-3447-57c0-9fbe-135fe615a069,d0c82e60-da2b-5afb-a935-6208d6c1431f,2018-12-15,2018,SUBMISSION,Middleweight,NO_MATCH,MATCH,NO_MATCH,MATCH,HIGH / HIGH,MID / MID,HIGH / HIGH,HIGH / LOW,HIGH / HIGH,HIGH / HIGH,HIGH / MID,LOW / MID,HIGH / MID,HIGH / LOW,HIGH / MID,HIGH / MID,HIGH / HIGH,HIGH / LOW,HIGH / MID,LOW / MID,HIGH / MID,0.5166923618439011,0.47962036728858948,0.46152789380074133,0.49831035952995489,0.47962036728858948,-0.037071994555311627,-0.073905225218062309,-0.036935300069787347,-0.055164468043159776,-0.10808231328427287,-0.053963000031680447,-0.018382002313946211,-0.037328299525529296,-0.0186577823729559
3d27129b-6387-5709-b927-f2f19e3a1b96,d0c82e60-da2b-5afb-a935-6208d6c1431f,2018-12-15,2018,KO_TKO,Light Heavyweight,NO_MATCH,MATCH,NO_MATCH,NO_MATCH,MID / MID,LOW / LOW,LOW / MID,LOW / MID,MID / MID,HIGH / MID,HIGH / MID,HIGH / MID,HIGH / MID,LOW / LOW,LOW / MID,LOW / LOW,LOW / MID,LOW / MID,MID / MID,LOW / MID,LOW / LOW,0.72661300982564347,0.70112597942352295,0.76377595819265509,0.74564534447497954,0.70112597942352295,-0.025487030402120525,0.035706439940341117,0.014585233778954709,0.037162948367011617,-0.049880473022596683,-0.018938648468795484,0.019032334649336069,-0.025856052910585847,-0.010044155609341895
8f6eae14-e69b-51b8-b3a7-0926b8d8a093,d0c82e60-da2b-5afb-a935-6208d6c1431f,2018-12-15,2018,SUBMISSION,Lightweight,NO_MATCH,NO_MATCH,MATCH,MATCH,HIGH / HIGH,HIGH / HIGH,HIGH / MID,LOW / MID,LOW / LOW,HIGH / LOW,LOW / LOW,LOW / MID,HIGH / LOW,HIGH / MID,LOW / LOW,HIGH / HIGH,HIGH / HIGH,HIGH / HIGH,HIGH / HIGH,LOW / MID,HIGH / MID,0.44053143928330801,0.40055015683174133,0.43501804168312441,0.39257719513054018,0.40055015683174133,-0.03998128245156668,-0.069024972102944115,-0.033627520859090321,-0.0055133976001836005,-0.0098064640294520666,-0.0048272524072023315,-0.047954244152767833,-0.082237762542251569,-0.039951094860460667
34ad1ad0-8490-58bd-9d01-e3c28278c35c,4484c5f7-e7ef-5516-8270-85800f6d3ddf,2018-12-29,2018,SUBMISSION,Bantamweight,NO_MATCH,NO_MATCH,NO_MATCH,MATCH,LOW / LOW,LOW / LOW,LOW / LOW,HIGH / MID,MID / MID,MID / MID,LOW / LOW,HIGH / MID,LOW / MID,MID / MID,MID / MID,HIGH / MID,HIGH / MID,HIGH / MID,LOW / MID,LOW / MID,LOW / LOW,0.42467055913562851,0.42711704969406128,0.3620719956848702,0.41583832111346819,0.42711704969406128,0.0024464905584327679,0.0042613967232877359,0.0020838903427918554,-0.062598563450758316,-0.10328261371294234,-0.049248953737342699,-0.0088322380221603214,-0.015234974558280157,-0.0074235744900994771
3893f104-1b5d-5488-869b-93a3089c4a3c,4484c5f7-e7ef-5516-8270-85800f6d3ddf,2018-12-29,2018,KO_TKO,Featherweight,NO_MATCH,MATCH,NO_MATCH,NO_MATCH,HIGH / LOW,HIGH / MID,HIGH / HIGH,HIGH / HIGH,HIGH / LOW,HIGH / LOW,HIGH / HIGH,LOW / LOW,HIGH / HIGH,HIGH / HIGH,HIGH / MID,HIGH / MID,LOW / MID,LOW / LOW,HIGH / MID,HIGH / HIGH,HIGH / HIGH,0.82332476269302435,0.89684379100799561,0.83850559988689644,0.85922621120357623,0.89684379100799561,0.073519028314971258,-0.085530969645019023,-0.020572936023874073,0.015180837193872088,-0.018270528483653625,-0.0051336982095849769,0.035901448510551881,-0.042681498595992684,-0.011396879865376033
9429ab4e-6988-5c6a-bc3c-653a12a54373,4484c5f7-e7ef-5516-8270-85800f6d3ddf,2018-12-29,2018,KO_TKO,Women's Featherweight,NO_MATCH,NO_MATCH,NO_MATCH,MATCH,LOW / MID,LOW / MID,HIGH / LOW,LOW / LOW,LOW / MID,LOW / MID,HIGH / MID,LOW / MID,HIGH / MID,LOW / LOW,LOW / LOW,HIGH / MID,HIGH / HIGH,LOW / MID,HIGH / MID,LOW / LOW,LOW / MID,0.47911461832981705,0.54304885864257812,0.57961862386872243,0.57226976706658106,0.54304885864257812,0.06393424031276107,-0.12525943948249985,-0.062517235249841596,0.10050400553890537,-0.19043048672147755,-0.094601079439665475,0.093155148736764004,-0.17767064545996136,-0.088368428672415317
c4ee2aeb-252c-50ff-9d14-c48364be6e84,4484c5f7-e7ef-5516-8270-85800f6d3ddf,2018-12-29,2018,SUBMISSION,Welterweight,NO_MATCH,NO_MATCH,NO_MATCH,MATCH,MID / MID,HIGH / HIGH,MID / MID,MID / MID,HIGH / LOW,MID / MID,HIGH / LOW,LOW / LOW,LOW / LOW,LOW / MID,HIGH / LOW,HIGH / HIGH,HIGH / HIGH,HIGH / LOW,HIGH / MID,LOW / MID,HIGH / LOW,0.52065865579232362,0.46711534261703491,0.50564674345246308,0.41661147256973163,0.46711534261703491,-0.053543313175288709,-0.10589203608217912,-0.052888692543239413,-0.015011912339860545,-0.030837393849025285,-0.015406806687388308,-0.10404718322259199,-0.19644043021866586,-0.097520316774749066
0e8f2d80-3ad7-5a49-a8f2-4763821e0ece,ad0bc440-9d5b-5e4f-bed4-cfc74025c7b9,2019-01-19,2019,SUBMISSION,Light Heavyweight,NO_MATCH,NO_MATCH,NO_MATCH,MATCH,HIGH / HIGH,HIGH / LOW,HIGH / HIGH,LOW / MID,HIGH / MID,HIGH / MID,HIGH / MID,LOW / MID,HIGH / MID,HIGH / MID,LOW / MID,HIGH / HIGH,HIGH / MID,HIGH / HIGH,HIGH / HIGH,LOW / LOW,MID / MID,0.62593349956370625,0.5385250449180603,0.52972544985240821,0.57085424431726917,0.5385250449180603,-0.08740845464564595,-0.20999419369717254,-0.1017835218720694,-0.096208049711298038,-0.2288830831439016,-0.11118369365473202,-0.055079255246437087,-0.13736302779829668,-0.065918177621027862
2ec2a3d1-5579-589f-b927-088dee5cb405,ad0bc440-9d5b-5e4f-bed4-cfc74025c7b9,2019-01-19,2019,SUBMISSION,Women's Flyweight,NO_MATCH,NO_MATCH,NO_MATCH,MATCH,HIGH / LOW,LOW / MID,HIGH / LOW,LOW / MID,LOW / MID,LOW / MID,HIGH / MID,LOW / MID,HIGH / LOW,HIGH / LOW,LOW / MID,HIGH / HIGH,HIGH / HIGH,HIGH / HIGH,HIGH / MID,HIGH / LOW,LOW / MID,0.5590881767191811,0.4307485818862915,0.4780407639469047,0.47478468889350189,0.4307485818862915,-0.12833959483288959,-0.25547728789171287,-0.1270352485501271,-0.081047412772276395,-0.16874458473529319,-0.084056617352238017,-0.084303487825679202,-0.17496338666450129,-0.087159088539478902
49f75752-b230-5e39-8348-bb109e97e67e,ad0bc440-9d5b-5e4f-bed4-cfc74025c7b9,2019-01-19,2019,KO_TKO,Lightweight,MATCH,MATCH,MATCH,NO_MATCH,HIGH / LOW,HIGH / MID,HIGH / LOW,HIGH / HIGH,HIGH / LOW,HIGH / LOW,HIGH / MID,HIGH / LOW,LOW / MID,LOW / MID,HIGH / MID,HIGH / HIGH,LOW / MID,HIGH / HIGH,HIGH / MID,HIGH / MID,HIGH / LOW,0.78516102858395775,0.82012730836868286,0.84953278725682146,0.82946034936790114,0.82012730836868286,0.034966279784725107,-0.043570753615964575,-0.013801598444408113,0.06437175867286371,-0.078797707614187557,-0.02351540152840207,0.044299320783943386,-0.054886479146730449,-0.017072011201384681
d2e587c0-c20e-5833-9962-4fd45c5f1b93,ad0bc440-9d5b-5e4f-bed4-cfc74025c7b9,2019-01-19,2019,KO_TKO,Lightweight,MATCH,NO_MATCH,NO_MATCH,NO_MATCH,HIGH / HIGH,HIGH / LOW,HIGH / MID,HIGH / HIGH,HIGH / MID,MID / MID,HIGH / HIGH,HIGH / LOW,HIGH / MID,LOW / LOW,HIGH / LOW,MID / MID,HIGH / LOW,HIGH / MID,LOW / MID,HIGH / MID,HIGH / MID,0.87115622438284568,0.7385178804397583,0.773328773701071,0.77145528203177138,0.7385178804397583,-0.13263834394308738,0.16517600934905943,0.051772180334432927,-0.097827450681774675,0.11911704296320244,0.034779126316576675,-0.099700942351074295,0.12154261510823924,0.035631969595893542
00af503b-e1eb-50ca-8c28-12e7792376af,80f640a1-9473-502d-a145-8d8be3023664,2019-02-02,2019,KO_TKO,Light Heavyweight,MATCH,NO_MATCH,NO_MATCH,NO_MATCH,HIGH / HIGH,LOW / MID,HIGH / LOW,HIGH / LOW,HIGH / HIGH,HIGH / MID,HIGH / MID,HIGH / MID,HIGH / LOW,LOW / MID,MID / MID,MID / MID,LOW / MID,HIGH / MID,HIGH / MID,LOW / LOW,LOW / MID,0.61419172784793263,0.74061697721481323,0.73365902311690379,0.74123998445289141,0.74061697721481323,0.1264252493668806,-0.18717645206956957,-0.081568470351782968,0.11946729526897115,-0.17773723477458009,-0.077910506893921691,0.12704825660495878,-0.18801729877866591,-0.081891277215023803
f6876e6f-a104-55d8-b5d8-5f17063e9e53,80f640a1-9473-502d-a145-8d8be3023664,2019-02-02,2019,SUBMISSION,Lightweight,NO_MATCH,MATCH,MATCH,NO_MATCH,HIGH / LOW,HIGH / MID,HIGH / LOW,HIGH / MID,LOW / LOW,HIGH / LOW,HIGH / LOW,MID / MID,HIGH / MID,MID / MID,HIGH / LOW,HIGH / LOW,HIGH / LOW,HIGH / LOW,HIGH / LOW,HIGH / MID,HIGH / MID,0.54179516951808171,0.49948686361312866,0.52209313457727236,0.51249862048664629,0.49948686361312866,-0.042308305904953047,-0.088317532674104027,-0.044054878791046692,-0.019702034940809354,-0.042099559031426703,-0.020960764540405075,-0.029296549031435415,-0.061976807940927303,-0.0308871697124114
29e5aac8-5242-52b0-bfa7-008b97b20209,336f9e50-975a-532d-b99c-082f4cc2ca7b,2019-02-09,2019,SUBMISSION,Women's Flyweight,NO_MATCH,NO_MATCH,NO_MATCH,MATCH,HIGH / MID,LOW / LOW,HIGH / MID,LOW / LOW,MID / MID,MID / MID,MID / MID,MID / MID,LOW / MID,LOW / MID,MID / MID,HIGH / HIGH,HIGH / MID,HIGH / MID,LOW / MID,LOW / LOW,HIGH / LOW,0.24204235349933842,0.46812176704406738,0.40823911376658323,0.41958136200570761,0.46812176704406738,0.22607941354472896,0.35421293103014539,0.16055348789296139,0.16619676026724481,0.24752486385080286,0.10807467312142657,0.17753900850636919,0.26687787593141588,0.11746401845506596
4a7ae9f8-d920-5f90-b264-506d4656b03b,336f9e50-975a-532d-b99c-082f4cc2ca7b,2019-02-09,2019,KO_TKO,Light Heavyweight,MATCH,MATCH,NO_MATCH,NO_MATCH,HIGH / MID,HIGH / LOW,HIGH / LOW,HIGH / MID,MID / MID,HIGH / MID,HIGH / MID,LOW / MID,MID / MID,LOW / MID,LOW / MID,HIGH / LOW,LOW / MID,HIGH / MID,HIGH / MID,HIGH / LOW,LOW / LOW,0.72859082104477824,0.81103408336639404,0.83076263092947122,0.81232713920449429,0.81103408336639404,0.082443262321615807,-0.10719779315491099,-0.037954824771968682,0.10217180988469299,-0.13123182494449773,-0.045021655331233229,0.08373631815971605,-0.1087908533975557,-0.038441839741978331
7028ed1c-1fc1-5b69-896f-e49058a73188,336f9e50-975a-532d-b99c-082f4cc2ca7b,2019-02-09,2019,KO_TKO,Lightweight,NO_MATCH,MATCH,NO_MATCH,NO_MATCH,HIGH / MID,LOW / MID,HIGH / MID,HIGH / MID,HIGH / MID,HIGH / MID,HIGH / MID,HIGH / MID,HIGH / MID,MID / MID,MID / MID,HIGH / LOW,HIGH / MID,LOW / MID,HIGH / MID,LOW / MID,MID / MID,0.68557487005964235,0.75207173824310303,0.73127243097196926,0.75582925792787847,0.75207173824310303,0.066496868183460678,-0.092574003326624577,-0.037394739360214369,0.045697560912326907,-0.064528360235945381,-0.026648655982295766,0.070254387868236123,-0.097557788696870706,-0.039243811053960291
0260609b-9fe8-5d56-be02-ebf33924a4a9,60330d18-dc6a-5441-a867-cd3155c693cc,2019-02-17,2019,KO_TKO,Heavyweight,MATCH,NO_MATCH,NO_MATCH,NO_MATCH,HIGH / HIGH,HIGH / HIGH,HIGH / MID,HIGH / HIGH,LOW / MID,MID / MID,HIGH / HIGH,LOW / LOW,HIGH / LOW,LOW / MID,HIGH / LOW,MID / MID,LOW / MID,LOW / MID,HIGH / MID,HIGH / HIGH,HIGH / LOW,0.81511796617024257,0.85093092918395996,0.83630569190942161,0.82986485842575386,0.85093092918395996,0.035812963013717392,-0.042998114449541991,-0.01195977855907001,0.021187725739179042,-0.025661359892381969,-0.0073855399317743729,0.01474689225551129,-0.017930019826383592,-0.0052354000345387931
744620fa-0646-5af5-9153-db755dac10b5,60330d18-dc6a-5441-a867-cd3155c693cc,2019-02-17,2019,KO_TKO,Welterweight,MATCH,NO_MATCH,NO_MATCH,MATCH,HIGH / HIGH,HIGH / HIGH,HIGH / MID,HIGH / HIGH,LOW / LOW,LOW / LOW,HIGH / HIGH,MID / MID,HIGH / HIGH,LOW / MID,HIGH / MID,HIGH / MID,HIGH / LOW,HIGH / MID,HIGH / MID,LOW / MID,LOW / MID,0.49224954218376005,0.39413291215896606,0.4170613041312618,0.44439615087752876,0.39413291215896606,-0.098116630024793983,0.2222975945541662,0.10926440071637389,-0.075188238052498246,0.16575256417183926,0.082006995728543919,-0.047853391306231285,0.10226939113430955,0.050885109747104584
00540e6b-23ce-5e92-ab53-4d069f972890,6e2ab1fb-94ea-5805-9a45-86aadcba4474,2019-02-23,2019,SUBMISSION,Heavyweight,MATCH,MATCH,NO_MATCH,MATCH,HIGH / HIGH,HIGH / HIGH,HIGH / MID,HIGH / MID,HIGH / MID,HIGH / MID,HIGH / HIGH,HIGH / LOW,HIGH / MID,LOW / MID,MID / MID,HIGH / HIGH,HIGH / MID,HIGH / MID,HIGH / HIGH,LOW / LOW,LOW / LOW,0.71539858693431813,0.5207134485244751,0.51800359616664882,0.54879669129446851,0.5207134485244751,-0.19468513840984303,-0.52120899635652651,-0.24065264271336795,-0.19739499076766931,-0.526847002358932,-0.24346741254603854,-0.16660189563984962,-0.46082838254374536,-0.21061732981186299
05e73943-a03e-5c6f-b669-0bdc58e9cc5e,6e2ab1fb-94ea-5805-9a45-86aadcba4474,2019-02-23,2019,KO_TKO,Light Heavyweight,NO_MATCH,MATCH,NO_MATCH,NO_MATCH,MID / MID,HIGH / LOW,LOW / MID,MID / MID,HIGH / MID,HIGH / HIGH,HIGH / MID,HIGH / MID,HIGH / LOW,HIGH / MID,HIGH / HIGH,LOW / LOW,HIGH / LOW,LOW / MID,HIGH / LOW,HIGH / LOW,LOW / MID,0.80203116270384478,0.84826433658599854,0.84528571837410471,0.85256211393317727,0.84826433658599854,0.046233173882153755,-0.056044841539373225,-0.016167948988704432,0.043254555670259931,-0.05252723510723889,-0.015255151601374733,0.050530951229332488,-0.061098604071288726,-0.017453730292538175
6886cdf9-7a3c-5212-99b5-e67d23f9eb34,6e2ab1fb-94ea-5805-9a45-86aadcba4474,2019-02-23,2019,SUBMISSION,Women's Flyweight,NO_MATCH,NO_MATCH,MATCH,MATCH,HIGH / MID,LOW / LOW,HIGH / MID,LOW / LOW,LOW / MID,HIGH / MID,LOW / MID,HIGH / LOW,LOW / LOW,HIGH / LOW,LOW / LOW,HIGH / MID,HIGH / HIGH,HIGH / MID,HIGH / HIGH,LOW / MID,HIGH / LOW,0.36522858099446243,0.29536464810371399,0.29716540754428827,0.3346507864219343,0.29536464810371399,-0.069863932890748437,-0.10441547363131004,-0.046151641025797802,-0.068063173450174153,-0.10185661199397184,-0.045084636934265662,-0.030577794572528127,-0.047047072003871926,-0.021400767522409506
70a7221e-5016-5e57-bf6a-669312c3d4cb,6e2ab1fb-94ea-5805-9a45-86aadcba4474,2019-02-23,2019,KO_TKO,Lightweight,NO_MATCH,MATCH,NO_MATCH,NO_MATCH,HIGH / LOW,MID / MID,LOW / MID,HIGH / HIGH,HIGH / HIGH,HIGH / HIGH,HIGH / MID,HIGH / MID,LOW / MID,HIGH / HIGH,HIGH / LOW,LOW / MID,LOW / MID,LOW / MID,LOW / MID,LOW / LOW,LOW / LOW,0.79025481205468506,0.83137643337249756,0.80166192081711962,0.78348935035102185,0.83137643337249756,0.041121621317812496,-0.050727240343065999,-0.015559136644035729,0.011407108762434559,-0.014331533516921957,-0.0046550502122609597,-0.0067654617036632114,0.0085979710595307235,0.0028838175452070777
7bcf1421-6a3e-5b30-9f31-afb27862f8aa,b8f7e567-9e0d-5d58-ae4f-4bdd8603ce59,2019-03-02,2019,KO_TKO,Light Heavyweight,NO_MATCH,MATCH,MATCH,NO_MATCH,HIGH / HIGH,LOW / MID,HIGH / MID,HIGH / LOW,HIGH / HIGH,HIGH / HIGH,HIGH / MID,LOW / MID,HIGH / HIGH,HIGH / HIGH,HIGH / MID,HIGH / MID,MID / MID,HIGH / MID,HIGH / MID,LOW / MID,HIGH / MID,0.52209721739842641,0.5488315224647522,0.58711704183083258,0.59997799454645939,0.5488315224647522,0.026734305066325792,-0.049937702886673208,-0.024838074496853518,0.06501982443240617,-0.11737037901469549,-0.057918732471804457,0.077880777148032987,-0.13903916801872229,-0.068373464771254444
dd5b41ec-fc67-5bd1-b9aa-cdf0bdaa5395,b8f7e567-9e0d-5d58-ae4f-4bdd8603ce59,2019-03-02,2019,KO_TKO,Women's Bantamweight,MATCH,NO_MATCH,NO_MATCH,NO_MATCH,LOW / LOW,LOW / LOW,MID / MID,HIGH / LOW,LOW / LOW,LOW / MID,LOW / LOW,LOW / MID,MID / MID,LOW / MID,LOW / MID,HIGH / LOW,HIGH / MID,HIGH / LOW,HIGH / LOW,HIGH / LOW,HIGH / MID,0.2819073527902653,0.2583831250667572,0.25452987868444166,0.26901353838720182,0.2583831250667572,-0.023524227723508095,0.087135016446792557,0.034338539209064711,-0.02737747410582364,0.10216025014340291,0.040068651797548926,-0.012893814403063475,0.046816773841181325,0.01868415708451443
3db94633-a1fe-5f25-be3c-8c0ff1135775,234b6ffa-ee90-5eb4-bd6a-511c4d973a97,2019-03-09,2019,KO_TKO,Heavyweight,MATCH,MATCH,NO_MATCH,NO_MATCH,HIGH / HIGH,HIGH / HIGH,HIGH / MID,HIGH / HIGH,MID / MID,HIGH / HIGH,HIGH / HIGH,LOW / MID,HIGH / MID,LOW / MID,HIGH / LOW,LOW / LOW,LOW / MID,LOW / LOW,HIGH / LOW,HIGH / LOW,LOW / LOW,0.89122160379644855,0.86567509174346924,0.89242595633729827,0.85835897406115214,0.86567509174346924,-0.025546512052979309,0.029083454703457468,0.0062104414975085887,0.001204352540849718,-0.001350438002212892,-0.00026056461067195877,-0.032862629735296411,0.037570713446824916,0.0082294407483925556
a9b00ceb-7aa8-5927-b247-88aa71d2997c,234b6ffa-ee90-5eb4-bd6a-511c4d973a97,2019-03-09,2019,SUBMISSION,Bantamweight,NO_MATCH,NO_MATCH,NO_MATCH,MATCH,LOW / LOW,HIGH / MID,HIGH / LOW,LOW / LOW,HIGH / HIGH,HIGH / LOW,LOW / MID,MID / MID,LOW / MID,HIGH / LOW,MID / MID,HIGH / HIGH,HIGH / MID,HIGH / MID,LOW / LOW,LOW / MID,HIGH / LOW,0.53768697115739572,0.62648975849151611,0.6451381406463238,0.66276658612802986,0.62648975849151611,0.088802787334120392,0.21329678868693303,0.10338213854234407,0.10745116948892808,0.26451362809059797,0.12709594156418175,0.12507961497063413,0.31546689988924403,0.15015226873538912
c8059c7f-9fa0-5e64-b94d-db4cb7b08486,234b6ffa-ee90-5eb4-bd6a-511c4d973a97,2019-03-09,2019,SUBMISSION,Lightweight,NO_MATCH,NO_MATCH,NO_MATCH,MATCH,HIGH / MID,HIGH / HIGH,HIGH / MID,HIGH / HIGH,HIGH / LOW,HIGH / LOW,LOW / MID,HIGH / LOW,LOW / MID,HIGH / MID,HIGH / MID,HIGH / LOW,HIGH / HIGH,HIGH / MID,LOW / LOW,HIGH / MID,HIGH / HIGH,0.7446854713677985,0.68365347385406494,0.75264339482828269,0.7479223717666269,0.68365347385406494,-0.06103199751373356,-0.21434198378028979,-0.087174378953549625,0.0079579234604841842,0.031665189642034575,0.011915628512361942,0.0032369003988284017,0.012759142086453235,0.0048314229227361949
f52eec29-21d6-5aa8-b093-c48ff5b2b37c,234b6ffa-ee90-5eb4-bd6a-511c4d973a97,2019-03-09,2019,KO_TKO,Welterweight,NO_MATCH,MATCH,NO_MATCH,NO_MATCH,HIGH / MID,HIGH / MID,MID / MID,HIGH / HIGH,HIGH / LOW,HIGH / LOW,HIGH / HIGH,HIGH / MID,LOW / MID,HIGH / MID,HIGH / LOW,HIGH / LOW,HIGH / LOW,HIGH / MID,HIGH / LOW,MID / MID,HIGH / LOW,0.78193813782766619,0.74836760759353638,0.74938679063603753,0.73941846419633794,0.74836760759353638,-0.033570530234129814,0.043881318526316326,0.015767885174134584,-0.032551347191628666,0.04252037016119703,0.015256004973639388,-0.042519673631328248,0.055911611724011379,0.020351761067729297
7c1e06ed-985b-5b08-b6e9-fce8f9aab270,6cae1adb-2d19-51d4-9acf-8a9b273dd8d6,2019-03-16,2019,SUBMISSION,Welterweight,MATCH,NO_MATCH,NO_MATCH,MATCH,HIGH / HIGH,LOW / MID,HIGH / MID,HIGH / LOW,HIGH / LOW,HIGH / MID,HIGH / LOW,LOW / MID,LOW / MID,LOW / MID,LOW / MID,HIGH / MID,HIGH / LOW,HIGH / HIGH,LOW / LOW,LOW / LOW,HIGH / LOW,0.63414045614421666,0.53301608562469482,0.50389316108114635,0.59349942489879692,0.53301608562469482,-0.10112437051952183,-0.24404531269338103,-0.11802797058412318,-0.13024729506307031,-0.30454180478573545,-0.1482258003344451,-0.040641031245419734,-0.10533584396017825,-0.049892550763592503
c7b90866-c550-54f8-ae21-565200d70237,6cae1adb-2d19-51d4-9acf-8a9b273dd8d6,2019-03-16,2019,SUBMISSION,Bantamweight,NO_MATCH,NO_MATCH,NO_MATCH,MATCH,LOW / MID,LOW / MID,HIGH / MID,HIGH / LOW,HIGH / MID,LOW / LOW,LOW / LOW,LOW / LOW,MID / MID,HIGH / HIGH,MID / MID,HIGH / HIGH,HIGH / MID,HIGH / HIGH,MID / MID,MID / MID,HIGH / MID,0.35896544996160817,0.50111138820648193,0.4195195977117096,0.41115681667748744,0.50111138820648193,0.14214593824487376,0.25070050770909857,0.12225642912408763,0.060554147750101428,0.099227315170567487,0.047140498598054859,0.052191366715879262,0.084923449717996147,0.040193733634225209
cd6673a6-a494-54ed-a4e8-6848cd8a8ae2,7103be98-69e4-519c-8bb2-de1ca342d4ba,2019-03-23,2019,KO_TKO,Welterweight,NO_MATCH,MATCH,NO_MATCH,NO_MATCH,HIGH / HIGH,HIGH / HIGH,LOW / MID,HIGH / MID,HIGH / LOW,HIGH / LOW,HIGH / MID,HIGH / LOW,LOW / MID,HIGH / MID,MID / MID,HIGH / LOW,LOW / MID,HIGH / LOW,HIGH / HIGH,HIGH / LOW,LOW / LOW,0.77600022434031657,0.75264191627502441,0.79218973948356641,0.75576855895172612,0.75264191627502441,-0.023358308065292155,0.030563237383416264,0.011010122088503528,0.016189515143249844,-0.020648123895587733,-0.0069907951196805096,-0.020231665388590447,0.026417618924828523,0.0094730973009279767
f4c9f6e9-5d37-535d-a193-b26565234541,b69e99a7-94be-5c69-a91a-37e63de51533,2019-03-30,2019,SUBMISSION,Middleweight,NO_MATCH,MATCH,NO_MATCH,NO_MATCH,HIGH / MID,HIGH / HIGH,HIGH / MID,LOW / MID,HIGH / MID,HIGH / HIGH,HIGH / MID,LOW / LOW,HIGH / LOW,HIGH / MID,HIGH / LOW,LOW / MID,HIGH / HIGH,HIGH / MID,HIGH / LOW,HIGH / LOW,HIGH / MID,0.66970568433994593,0.62218195199966431,0.66300571432524691,0.63045215450662251,0.62218195199966431,-0.047523732340281621,-0.1344286026136462,-0.061395322243122719,-0.0066999700146990193,-0.020081851132651707,-0.0089291264093043776,-0.039253529833323419,-0.11229609651118044,-0.051035784515193083
fc80cb0d-9390-52dd-aaed-274c896741ce,b69e99a7-94be-5c69-a91a-37e63de51533,2019-03-30,2019,KO_TKO,Lightweight,NO_MATCH,MATCH,NO_MATCH,NO_MATCH,MID / MID,HIGH / MID,LOW / LOW,HIGH / MID,HIGH / MID,HIGH / MID,HIGH / HIGH,HIGH / HIGH,HIGH / MID,HIGH / MID,HIGH / MID,LOW / LOW,LOW / MID,LOW / MID,HIGH / LOW,HIGH / HIGH,LOW / LOW,0.94235771139824576,0.90354621410369873,0.90290261720931542,0.89221767799548246,0.90354621410369873,-0.038811497294547026,0.042057679775150458,0.0059806993784815984,-0.03945509418893034,0.042770234606993515,0.0061052683095528032,-0.050140033402763295,0.054674802150547194,0.0082943955014375785
86f33c49-849e-57d6-a03d-a128bc5348e7,0c620c48-a08f-52bc-92cd-8d4e18b002f9,2019-04-13,2019,SUBMISSION,Light Heavyweight,MATCH,NO_MATCH,NO_MATCH,MATCH,HIGH / HIGH,HIGH / HIGH,HIGH / MID,HIGH / MID,HIGH / HIGH,MID / MID,HIGH / HIGH,LOW / MID,HIGH / MID,LOW / LOW,HIGH / LOW,HIGH / MID,HIGH / HIGH,HIGH / HIGH,LOW / MID,HIGH / LOW,LOW / MID,0.67158264246373323,0.56539797782897949,0.55453616191397148,0.56349433954419692,0.56539797782897949,-0.10618466463475373,-0.28014548971684605,-0.13134837232547136,-0.11704648054976174,-0.30483084104996794,-0.14351289078829216,-0.10808830291953631,-0.28451611197876847,-0.13349737496021985
6391d1c2-b43c-5da2-9721-c58e5b8cc5c4,2aa19c7f-bfb6-58bd-a277-a60528e549c5,2019-04-20,2019,KO_TKO,Light Heavyweight,MATCH,MATCH,MATCH,MATCH,HIGH / HIGH,LOW / LOW,HIGH / MID,HIGH / MID,MID / MID,HIGH / HIGH,HIGH / MID,HIGH / MID,HIGH / HIGH,HIGH / LOW,HIGH / LOW,HIGH / LOW,HIGH / MID,HIGH / MID,HIGH / HIGH,MID / MID,HIGH / MID,0.42982197162424429,0.54967910051345825,0.56305875492076252,0.57232040998689515,0.54967910051345825,0.11985712888921396,-0.24596355085995003,-0.12231407152809604,0.13323678329651822,-0.27001287964278309,-0.13418533239106981,0.14249843836265086,-0.28632788839061785,-0.14219315232868662
b25a2754-e717-5f84-ba18-df3d3f04d340,2aa19c7f-bfb6-58bd-a277-a60528e549c5,2019-04-20,2019,KO_TKO,Heavyweight,NO_MATCH,MATCH,NO_MATCH,NO_MATCH,HIGH / HIGH,HIGH / HIGH,HIGH / MID,HIGH / HIGH,HIGH / HIGH,HIGH / HIGH,HIGH / MID,LOW / MID,HIGH / MID,MID / MID,LOW / MID,HIGH / MID,LOW / LOW,HIGH / LOW,LOW / MID,LOW / MID,HIGH / LOW,0.75961252916988042,0.66927117109298706,0.70124223929232232,0.66598477063199657,0.66927117109298706,-0.090341358076893363,0.12661915727559797,0.051595422138102649,-0.058370289877558101,0.079955083420374828,0.031470063450964404,-0.093627758537883854,0.13154166987320831,0.053780037317658354
cbe1b828-0578-542d-89f7-c4b54c16e75a,2aa19c7f-bfb6-58bd-a277-a60528e549c5,2019-04-20,2019,KO_TKO,Heavyweight,NO_MATCH,MATCH,NO_MATCH,NO_MATCH,HIGH / HIGH,LOW / LOW,MID / MID,LOW / MID,HIGH / MID,HIGH / HIGH,HIGH / MID,MID / MID,HIGH / MID,LOW / LOW,LOW / MID,MID / MID,LOW / MID,HIGH / MID,LOW / MID,HIGH / LOW,LOW / MID,0.74401376496005422,0.81184673309326172,0.80350858844596385,0.81689597570342198,0.81184673309326172,0.067832968133207494,-0.087252034045171178,-0.030127300682248073,0.05949482348590962,-0.076928337962083121,-0.026920077715428758,0.072882210743367759,-0.09345222608076828,-0.032001868816324539
ccbcaadc-66a7-5e98-be0c-41a3f0e04206,2aa19c7f-bfb6-58bd-a277-a60528e549c5,2019-04-20,2019,KO_TKO,Heavyweight,NO_MATCH,MATCH,NO_MATCH,NO_MATCH,HIGH / LOW,MID / MID,HIGH / MID,MID / MID,HIGH / LOW,HIGH / HIGH,HIGH / HIGH,LOW / MID,HIGH / MID,HIGH / LOW,LOW / MID,LOW / LOW,LOW / MID,LOW / LOW,HIGH / LOW,HIGH / MID,HIGH / LOW,0.74028456513963747,0.85286885499954224,0.86801185970093342,0.85060896863039093,0.85286885499954224,0.11258428985990476,-0.14157113030254675,-0.045804533275561485,0.12772729456129595,-0.15917071805215482,-0.050031237925101127,0.11032440349075345,-0.13891786688629731,-0.045134426851031695
3517863b-2a78-5c53-b642-6dde2dd4f844,0a42e4b2-83f4-5662-8d8c-12a507de2aef,2019-04-27,2019,SUBMISSION,Light Heavyweight,NO_MATCH,MATCH,NO_MATCH,NO_MATCH,HIGH / HIGH,HIGH / MID,HIGH / MID,MID / MID,HIGH / LOW,HIGH / MID,HIGH / HIGH,MID / MID,LOW / MID,LOW / MID,HIGH / MID,HIGH / LOW,MID / MID,HIGH / LOW,HIGH / HIGH,MID / MID,MID / MID,0.64592352091475591,0.7104303240776062,0.74224790799929252,0.67591923445311031,0.7104303240776062,0.06450680316285029,0.20111698759727781,0.087494050498097442,0.096324387084536611,0.31751469315488445,0.13371476205841104,0.029995713538354396,0.088520171306189388,0.039649616632763562
962550fe-dc2a-59b6-bafd-1b521bff1132,0a42e4b2-83f4-5662-8d8c-12a507de2aef,2019-04-27,2019,SUBMISSION,Lightweight,NO_MATCH,NO_MATCH,NO_MATCH,MATCH,HIGH / HIGH,HIGH / LOW,LOW / MID,LOW / LOW,HIGH / LOW,HIGH / LOW,LOW / LOW,LOW / MID,LOW / LOW,HIGH / HIGH,LOW / LOW,HIGH / HIGH,HIGH / HIGH,HIGH / HIGH,HIGH / MID,LOW / LOW,LOW / MID,0.80905044741066579,0.59548324346542358,0.6066726794329248,0.63153583610371611,0.59548324346542358,-0.2135672039452422,-0.7506838903511478,-0.29996233320729759,-0.20237776797774099,-0.72263287138969112,-0.28651088648507422,-0.17751461130694968,-0.65733418772386099,-0.25572511417217875
bdfbaf11-7beb-5bc9-b1ac-8397a1447242,0a42e4b2-83f4-5662-8d8c-12a507de2aef,2019-04-27,2019,KO_TKO,Heavyweight,NO_MATCH,MATCH,NO_MATCH,NO_MATCH,HIGH / MID,LOW / LOW,MID / MID,MID / MID,HIGH / MID,HIGH / HIGH,HIGH / MID,LOW / MID,MID / MID,MID / MID,LOW / MID,LOW / MID,HIGH / HIGH,LOW / LOW,LOW / MID,MID / MID,LOW / MID,0.70717395447280551,0.84026455879211426,0.79158597330674929,0.78085459058430329,0.84026455879211426,0.13309060431930875,-0.17244011163106052,-0.060231681761216654,0.08441201883394378,-0.11276181258828646,-0.042310686416599561,0.073680636111497777,-0.099112267311853491,-0.037722382471121245
2e08100b-b95e-57b3-8d05-a2759357a70c,edfa81cf-1699-529c-ac25-ad4676123e8b,2019-05-04,2019,KO_TKO,Women's Bantamweight,MATCH,NO_MATCH,NO_MATCH,MATCH,HIGH / MID,LOW / MID,HIGH / MID,HIGH / LOW,HIGH / LOW,LOW / MID,HIGH / LOW,MID / MID,LOW / MID,LOW / LOW,HIGH / LOW,HIGH / HIGH,HIGH / MID,HIGH / HIGH,LOW / LOW,HIGH / LOW,HIGH / MID,0.48478129726929986,0.41217917203903198,0.46427951454387356,0.49174146623926751,0.41217917203903198,-0.072602125230267878,0.1622397173661041,0.080083014141212383,-0.020501782725426299,0.043211082881856822,0.021546126893842166,0.0069601689699676506,-0.014255247487378608,-0.007123574502895913
34cce1de-1830-5352-9a96-7c2019b6daa2,f265e576-837d-5237-afc5-cc53fcbf1bdb,2019-05-11,2019,KO_TKO,Light Heavyweight,MATCH,MATCH,NO_MATCH,MATCH,HIGH / MID,HIGH / LOW,HIGH / MID,HIGH / MID,MID / MID,HIGH / HIGH,HIGH / MID,LOW / MID,LOW / MID,LOW / MID,LOW / LOW,HIGH / MID,HIGH / HIGH,LOW / MID,HIGH / MID,MID / MID,LOW / LOW,0.68288802061687304,0.70254206657409668,0.72550724367450714,0.69219444735648095,0.70254206657409668,0.019654045957223643,-0.028374386774900284,-0.012078785310275605,0.042619223057634104,-0.060540162779339157,-0.025213734193118342,0.0093064267396079092,-0.013536015551705249,-0.0058157492301025571
b7e2cb7a-b99f-5875-85b0-d76110adc107,f265e576-837d-5237-afc5-cc53fcbf1bdb,2019-05-11,2019,KO_TKO,Women's Strawweight,NO_MATCH,NO_MATCH,NO_MATCH,MATCH,MID / MID,HIGH / HIGH,HIGH / MID,MID / MID,LOW / LOW,LOW / LOW,LOW / LOW,HIGH / HIGH,HIGH / LOW,HIGH / LOW,HIGH / MID,HIGH / MID,HIGH / LOW,HIGH / HIGH,HIGH / HIGH,HIGH / LOW,HIGH / MID,0.44771540801021054,0.38529503345489502,0.38874859317378008,0.40240746610951034,0.38529503345489502,-0.062420374555315516,0.15014841910492782,0.072843925345890459,-0.058966814836430459,0.14122493593970487,0.068610011797704817,-0.045307941900700199,0.10669260801753644,0.052098566012327929
e3bbda45-e953-5068-b7cb-b75b3feaa6dd,f265e576-837d-5237-afc5-cc53fcbf1bdb,2019-05-11,2019,KO_TKO,Middleweight,NO_MATCH,MATCH,NO_MATCH,NO_MATCH,HIGH / MID,HIGH / HIGH,HIGH / MID,HIGH / MID,HIGH / MID,HIGH / MID,HIGH / HIGH,LOW / LOW,HIGH / HIGH,HIGH / HIGH,LOW / MID,LOW / MID,MID / MID,HIGH / LOW,HIGH / MID,HIGH / LOW,LOW / LOW,0.92592964941906764,0.8791993260383606,0.8899188823398122,0.86672786360536413,0.8791993260383606,-0.04673032338070704,0.051786622683772487,0.009106385994404078,-0.036010767079255435,0.039667944076559394,0.0066314356301338832,-0.0592017858137035,0.066073214509608624,0.012275045504008198
003d7849-1d3b-5225-ab95-46f271730738,a02d5dcd-13f2-535a-8a7a-3b16cbfc4bf0,2019-05-18,2019,KO_TKO,Welterweight,NO_MATCH,MATCH,NO_MATCH,MATCH,HIGH / MID,HIGH / LOW,MID / MID,HIGH / MID,HIGH / MID,HIGH / LOW,HIGH / MID,HIGH / MID,HIGH / MID,MID / MID,HIGH / LOW,HIGH / HIGH,HIGH / LOW,HIGH / MID,HIGH / MID,MID / MID,LOW / MID,0.75263383185446975,0.58006054162979126,0.64512349860335538,0.61700348811989036,0.58006054162979126,-0.17257329022467849,0.26044635023678941,0.11515912755326153,-0.10751033325111437,0.15413706127967619,0.06474731010051997,-0.13563034373457938,0.19870415320597651,0.085496306969328209
33c42b9f-14c3-59fb-8b06-67fa076a8dbe,a02d5dcd-13f2-535a-8a7a-3b16cbfc4bf0,2019-05-18,2019,SUBMISSION,Welterweight,NO_MATCH,NO_MATCH,MATCH,MATCH,HIGH / HIGH,HIGH / HIGH,HIGH / MID,LOW / MID,LOW / MID,MID / MID,MID / MID,MID / MID,MID / MID,HIGH / LOW,HIGH / MID,HIGH / HIGH,HIGH / LOW,HIGH / MID,HIGH / MID,HIGH / LOW,HIGH / HIGH,0.70422289860203857,0.4632280170917511,0.45176107436482038,0.55589627108082396,0.4632280170917511,-0.24099488151028747,-0.59596725666903649,-0.28134969509670144,-0.25246182423721819,-0.61710505278167771,-0.29184182260420033,-0.14832662752121462,-0.40645202400582647,-0.18690922671389215
4876ebfd-6be7-5873-b759-4c537d467c9a,a02d5dcd-13f2-535a-8a7a-3b16cbfc4bf0,2019-05-18,2019,SUBMISSION,Featherweight,NO_MATCH,NO_MATCH,MATCH,MATCH,LOW / LOW,LOW / LOW,HIGH / MID,LOW / LOW,LOW / MID,MID / MID,LOW / LOW,LOW / MID,HIGH / MID,HIGH / LOW,MID / MID,HIGH / HIGH,HIGH / LOW,MID / MID,HIGH / MID,HIGH / MID,HIGH / LOW,0.5434505260602932,0.51373893022537231,0.53662024377761863,0.52011180065096896,0.51373893022537231,-0.02971159583492089,-0.063048589466402905,-0.031410785846099465,-0.0068302822826745713,-0.014849854912862837,-0.0073771882432585589,-0.023338725409324246,-0.049856087939001092,-0.024822189098816172
95d093fb-0a76-5df2-9a6e-618a9a0bf64f,a02d5dcd-13f2-535a-8a7a-3b16cbfc4bf0,2019-05-18,2019,KO_TKO,Lightweight,NO_MATCH,NO_MATCH,MATCH,MATCH,HIGH / LOW,HIGH / HIGH,HIGH / HIGH,LOW / MID,MID / MID,HIGH / LOW,LOW / MID,MID / MID,HIGH / HIGH,LOW / MID,LOW / MID,HIGH / HIGH,HIGH / HIGH,HIGH / MID,HIGH / LOW,LOW / MID,HIGH / HIGH,0.28606889500869009,0.3578694760799408,0.35313496942799966,0.28846500585841589,0.3578694760799408,0.071800581071250702,-0.22393565451652453,-0.097366012924263168,0.067066074419309563,-0.21061766006178728,-0.091263254897198054,0.0023961108497257966,-0.0083411082909545797,-0.0034155747860488139
fa45b2c1-0d13-5a74-9d38-be261f623fb6,a02d5dcd-13f2-535a-8a7a-3b16cbfc4bf0,2019-05-18,2019,KO_TKO,Light Heavyweight,NO_MATCH,NO_MATCH,MATCH,NO_MATCH,LOW / MID,HIGH / HIGH,HIGH / HIGH,LOW / MID,HIGH / MID,HIGH / HIGH,MID / MID,MID / MID,HIGH / HIGH,LOW / MID,HIGH / MID,HIGH / LOW,HIGH / MID,HIGH / LOW,HIGH / HIGH,LOW / MID,HIGH / HIGH,0.64700894809941445,0.52156859636306763,0.46914575218797794,0.54666605421399328,0.52156859636306763,-0.12544035173634682,0.21551932210264552,0.10429392526412343,-0.17786319591143651,0.32144663212106289,0.15720354969818587,-0.10034289388542117,0.16852201273421302,0.08090898368002819
211dc4bc-cd5e-55fd-b801-6531b05bbe96,0362ffd9-bd45-5508-9810-8042e4637384,2019-06-01,2019,KO_TKO,Light Heavyweight,MATCH,MATCH,NO_MATCH,NO_MATCH,HIGH / HIGH,HIGH / LOW,HIGH / LOW,HIGH / HIGH,HIGH / HIGH,HIGH / MID,HIGH / HIGH,HIGH / LOW,HIGH / HIGH,LOW / LOW,HIGH / MID,LOW / MID,LOW / LOW,LOW / LOW,HIGH / LOW,HIGH / HIGH,MID / MID,0.93620892570815839,0.91780376434326172,0.92287949572547512,0.91150818097221187,0.91780376434326172,-0.018405161364896672,0.019855059358657334,0.0026869199968307979,-0.013329429982683272,0.014339993993982239,0.0018782710202497549,-0.024700744735946523,0.026738093432969456,0.0037615008755395498
861ed82a-6705-5f45-8506-cc43b2e40915,0362ffd9-bd45-5508-9810-8042e4637384,2019-06-01,2019,SUBMISSION,Light Heavyweight,MATCH,MATCH,NO_MATCH,NO_MATCH,HIGH / HIGH,HIGH / HIGH,LOW / MID,HIGH / HIGH,LOW / MID,HIGH / MID,HIGH / HIGH,HIGH / MID,HIGH / LOW,LOW / LOW,MID / MID,MID / MID,LOW / LOW,HIGH / MID,LOW / MID,HIGH / LOW,LOW / MID,0.85931347969392224,0.83298081159591675,0.8541491999976466,0.8077459958690193,0.83298081159591675,-0.026332668098005496,-0.17157455141412714,-0.04456262389668475,-0.0051642796962756421,-0.036050026376931665,-0.0088488005270571657,-0.051567483824902949,-0.31228328087296786,-0.085966062541243171
e4cf5ab3-b13f-528b-89c5-7691adafcb40,0362ffd9-bd45-5508-9810-8042e4637384,2019-06-01,2019,SUBMISSION,Featherweight,NO_MATCH,NO_MATCH,MATCH,MATCH,HIGH / LOW,LOW / MID,HIGH / MID,MID / MID,HIGH / HIGH,HIGH / LOW,LOW / MID,LOW / MID,LOW / MID,HIGH / LOW,LOW / MID,HIGH / HIGH,HIGH / MID,HIGH / HIGH,HIGH / HIGH,LOW / MID,HIGH / HIGH,0.61141057710965507,0.45766362547874451,0.44878176289159033,0.45328034386267746,0.45766362547874451,-0.15374695163091057,-0.33336310806284331,-0.16436689971521296,-0.16262881421806474,-0.34960748727150559,-0.17241782309747786,-0.15813023324697761,-0.34141284133957139,-0.16835982366929436
2fe69ce3-8feb-5cec-9738-1b87bf4e9372,4dbf2a79-1b8a-5fca-b091-75cbf022dfa8,2019-06-22,2019,KO_TKO,Heavyweight,MATCH,MATCH,NO_MATCH,NO_MATCH,HIGH / MID,LOW / LOW,HIGH / MID,HIGH / MID,HIGH / HIGH,HIGH / HIGH,HIGH / MID,HIGH / MID,HIGH / LOW,LOW / LOW,LOW / MID,HIGH / MID,MID / MID,LOW / LOW,MID / MID,LOW / MID,LOW / MID,0.82000730710513181,0.8412555456161499,0.82030766925792886,0.82248014014555781,0.8412555456161499,0.021248238511018092,-0.025582221729089333,-0.0071975676979200709,0.00030036215279705125,-0.00036622497566912715,-0.00010803576802845272,0.0024728330404260035,-0.0030110853059134024,-0.0008840688528055432
9f3a13cb-3737-590b-a105-94b0336c55fe,4dbf2a79-1b8a-5fca-b091-75cbf022dfa8,2019-06-22,2019,KO_TKO,Welterweight,NO_MATCH,MATCH,NO_MATCH,NO_MATCH,HIGH / LOW,HIGH / MID,HIGH / MID,HIGH / MID,LOW / MID,HIGH / MID,HIGH / MID,HIGH / LOW,MID / MID,LOW / MID,HIGH / LOW,MID / MID,HIGH / HIGH,HIGH / MID,MID / MID,HIGH / LOW,LOW / LOW,0.62191223962563946,0.62888509035110474,0.6019878994080432,0.65658020708389653,0.62888509035110474,0.0069728507254652738,-0.011149564829967595,-0.005224078381192182,-0.019924340217596259,0.0325616444793424,0.01546327767272207,0.034667967458257065,-0.054245871121118949,-0.025013200378360481
c089c74d-5882-554f-8f6f-ba286771a348,4dbf2a79-1b8a-5fca-b091-75cbf022dfa8,2019-06-22,2019,KO_TKO,Lightweight,NO_MATCH,NO_MATCH,NO_MATCH,MATCH,HIGH / HIGH,HIGH / LOW,HIGH / LOW,LOW / MID,HIGH / LOW,LOW / MID,LOW / MID,LOW / MID,HIGH / LOW,MID / MID,LOW / MID,HIGH / MID,HIGH / HIGH,HIGH / HIGH,LOW / MID,LOW / MID,HIGH / HIGH,0.49243439808937828,0.40970465540885925,0.41427430724639125,0.53535972145959621,0.40970465540885925,-0.082729742680519025,0.18392470243262138,0.090825753603081871,-0.078160090842987029,0.17283291758368191,0.085451746908803139,0.042925323370217927,-0.083577647621142725,-0.041732251800787712
1463de78-0608-5ff9-a0e1-139632e1f825,69dea6d5-3872-5ef7-ad11-9db59ac3ec3d,2019-06-29,2019,KO_TKO,Heavyweight,MATCH,MATCH,NO_MATCH,NO_MATCH,HIGH / HIGH,HIGH / HIGH,MID / MID,HIGH / HIGH,LOW / MID,HIGH / MID,HIGH / HIGH,LOW / MID,LOW / MID,LOW / MID,HIGH / LOW,LOW / MID,LOW / LOW,LOW / MID,HIGH / MID,HIGH / HIGH,LOW / LOW,0.91999808248239212,0.88564431667327881,0.90317676349909737,0.89065519004474036,0.88564431667327881,-0.034353765809113312,0.038056164229588907,0.0066769155026272049,-0.016821318983294753,0.018453300139186113,0.0029744323200155904,-0.029342892437651757,0.032414225306045166,0.0055559806576577124
55e9ea24-bdd6-5a75-9e8c-fe62d99728a5,69dea6d5-3872-5ef7-ad11-9db59ac3ec3d,2019-06-29,2019,KO_TKO,Light Heavyweight,MATCH,MATCH,NO_MATCH,NO_MATCH,MID / MID,LOW / MID,HIGH / MID,HIGH / MID,HIGH / HIGH,HIGH / HIGH,HIGH / MID,HIGH / HIGH,MID / MID,LOW / LOW,LOW / LOW,LOW / MID,LOW / MID,LOW / MID,LOW / MID,MID / MID,HIGH / MID,0.87526535706972808,0.86361175775527954,0.85307780687575219,0.85452575890734539,0.86361175775527954,-0.011653599314448537,0.013403792240375967,0.0030430214756621155,-0.022187550193975891,0.025676346709163966,0.0060273996854963378,-0.020739598162382689,0.023980458497593699,0.0056040236745413651
a5ab666b-8004-5361-8be2-b155b6f9151f,69dea6d5-3872-5ef7-ad11-9db59ac3ec3d,2019-06-29,2019,KO_TKO,Light Heavyweight,MATCH,MATCH,NO_MATCH,NO_MATCH,HIGH / LOW,LOW / MID,HIGH / MID,HIGH / LOW,HIGH / HIGH,HIGH / HIGH,HIGH / LOW,LOW / MID,HIGH / MID,LOW / LOW,HIGH / LOW,HIGH / MID,HIGH / MID,HIGH / MID,LOW / MID,HIGH / LOW,HIGH / MID,0.73805917689529987,0.6174042820930481,0.6320188873803757,0.62784903185132257,0.6174042820930481,-0.12065489480225178,0.17849995914993788,0.077766488551968119,-0.10604028951492417,0.15510472808493575,0.066797104436008822,-0.1102101450439773,0.16172426445332483,0.069883348285230115
fc7f8032-c6a0-5d88-8d05-c222bb11ed9e,69dea6d5-3872-5ef7-ad11-9db59ac3ec3d,2019-06-29,2019,KO_TKO,Heavyweight,NO_MATCH,MATCH,NO_MATCH,NO_MATCH,HIGH / HIGH,LOW / MID,LOW / LOW,HIGH / MID,HIGH / MID,HIGH / HIGH,HIGH / MID,HIGH / MID,HIGH / MID,LOW / MID,MID / MID,HIGH / LOW,LOW / MID,HIGH / LOW,MID / MID,HIGH / MID,LOW / MID,0.66028350506874067,0.73890995979309082,0.76348987130382429,0.76494521463329079,0.73890995979309082,0.078626454724350148,-0.11250677699689332,-0.047239287833134885,0.10320636623508361,-0.14523056250954602,-0.059470255952498739,0.10466170956455012,-0.14713492048023558,-0.060156544804590602
1ed0bb9a-0aa6-5329-9616-002e35020430,357d7a82-70c6-56fa-8458-1df50450ecae,2019-07-06,2019,KO_TKO,Welterweight,MATCH,NO_MATCH,NO_MATCH,NO_MATCH,HIGH / MID,HIGH / HIGH,MID / MID,HIGH / MID,HIGH / MID,LOW / LOW,HIGH / HIGH,HIGH / MID,LOW / MID,HIGH / LOW,HIGH / LOW,HIGH / MID,LOW / MID,HIGH / MID,HIGH / MID,HIGH / LOW,HIGH / LOW,0.66429986851397915,0.7830880880355835,0.77043820971503552,0.74418418052803381,0.7830880880355835,0.11878821952160434,-0.16451153360760329,-0.06564380072767291,0.10613834120105636,-0.14822579975626488,-0.059995962720893671,0.079884312014054659,-0.11355490193021589,-0.047252844787618084
6cef458c-4904-5036-afc4-5957c1d3ec3c,357d7a82-70c6-56fa-8458-1df50450ecae,2019-07-06,2019,SUBMISSION,Middleweight,NO_MATCH,MATCH,NO_MATCH,NO_MATCH,HIGH / LOW,LOW / MID,LOW / MID,HIGH / HIGH,HIGH / MID,HIGH / MID,HIGH / MID,LOW / MID,HIGH / LOW,MID / MID,LOW / LOW,LOW / MID,MID / MID,LOW / MID,MID / MID,LOW / MID,HIGH / LOW,0.72318726524981936,0.79409420490264893,0.77672794235214071,0.77112512497334496,0.79409420490264893,0.07090693965282957,0.295922470889739,0.10758578564045762,0.053540677102321355,0.21495021240068857,0.08030647581107786,0.0479378597235256,0.19016577276933133,0.071634137745644311
eb1a18c3-4775-53a0-8f3d-2a3f9fc6152a,357d7a82-70c6-56fa-8458-1df50450ecae,2019-07-06,2019,KO_TKO,Bantamweight,NO_MATCH,NO_MATCH,NO_MATCH,MATCH,HIGH / MID,HIGH / LOW,HIGH / MID,HIGH / LOW,HIGH / LOW,LOW / LOW,HIGH / MID,MID / MID,LOW / LOW,HIGH / HIGH,HIGH / MID,HIGH / LOW,HIGH / LOW,HIGH / LOW,HIGH / LOW,HIGH / HIGH,LOW / MID,0.71784445947801157,0.78882294893264771,0.78645587129506356,0.77849344046634905,0.78882294893264771,0.07097848945463614,-0.094288981012634915,-0.03501600214975234,0.068611411817051993,-0.091283697898616789,-0.034010654142905002,0.060648980988337486,-0.081107650049411617,-0.030546593130820608
e8a4384f-9c15-5964-89a1-a56ff51e3067,1a0a315a-faf8-5750-b9d8-eddbb3c23faf,2019-07-13,2019,KO_TKO,Women's Bantamweight,NO_MATCH,MATCH,NO_MATCH,NO_MATCH,HIGH / MID,LOW / MID,HIGH / LOW,LOW / MID,LOW / LOW,HIGH / MID,HIGH / HIGH,HIGH / LOW,HIGH / MID,HIGH / LOW,HIGH / MID,HIGH / LOW,LOW / LOW,LOW / LOW,HIGH / LOW,HIGH / MID,LOW / MID,0.78117694328559184,0.72584730386734009,0.70689654961708837,0.73184028197858875,0.72584730386734009,-0.055329639418251753,0.073462016631852728,0.027276170646969473,-0.074280393668503475,0.099917351924272285,0.038026102476530856,-0.049336661307003093,0.065239387948381383,0.024026104219485707
f14fb10c-f003-5582-8df5-d2d48810da74,1a0a315a-faf8-5750-b9d8-eddbb3c23faf,2019-07-13,2019,KO_TKO,Bantamweight,MATCH,NO_MATCH,NO_MATCH,MATCH,LOW / LOW,LOW / LOW,HIGH / MID,HIGH / LOW,HIGH / HIGH,LOW / LOW,LOW / LOW,HIGH / MID,HIGH / LOW,LOW / LOW,LOW / MID,HIGH / LOW,HIGH / HIGH,MID / MID,LOW / MID,LOW / MID,LOW / MID,0.54011026933952677,0.49529844522476196,0.48865089733551631,0.49236541027051572,0.49529844522476196,-0.044811824114764809,0.086612820660789014,0.043225095025580001,-0.051459372004010462,0.10012499805295672,0.049979340428809998,-0.047744859069011047,0.092552176566251143,0.046194312322859227
74e7b1e5-bc1e-5c86-ba4f-89c73c56b829,901b4681-aeb5-5e82-8425-e2f26b7ec44d,2019-07-20,2019,KO_TKO,Heavyweight,MATCH,MATCH,NO_MATCH,NO_MATCH,HIGH / HIGH,HIGH / HIGH,HIGH / MID,HIGH / HIGH,HIGH / MID,HIGH / HIGH,HIGH / MID,LOW / MID,HIGH / LOW,HIGH / LOW,LOW / MID,HIGH / LOW,LOW / LOW,HIGH / LOW,MID / MID,HIGH / LOW,HIGH / LOW,0.60837045024546088,0.69468569755554199,0.67233426046156619,0.69934542639146746,0.69468569755554199,0.086315247310081111,-0.1326755199539193,-0.060156880963797066,0.06396381021610531,-0.099971638666921214,-0.046008867373674295,0.090974976146006581,-0.1393608028154576,-0.062980531609214532
d154e65e-5eb4-5738-9128-98fd74065461,901b4681-aeb5-5e82-8425-e2f26b7ec44d,2019-07-20,2019,KO_TKO,Heavyweight,NO_MATCH,MATCH,NO_MATCH,NO_MATCH,HIGH / MID,LOW / LOW,HIGH / HIGH,MID / MID,MID / MID,HIGH / HIGH,HIGH / HIGH,LOW / MID,HIGH / MID,LOW / MID,HIGH / MID,LOW / LOW,HIGH / LOW,LOW / LOW,HIGH / MID,LOW / MID,LOW / LOW,0.65257835605888126,0.58906662464141846,0.62408679871996331,0.68786308610661773,0.58906662464141846,-0.063511731417462802,0.10239192580540318,0.048164440304847386,-0.02849155733891795,0.044641758692496425,0.02060893621785588,0.035284730047736468,-0.052658597476552937,-0.023272345663864741
d30b513f-6823-5e66-869e-e1775ef1e9ad,901b4681-aeb5-5e82-8425-e2f26b7ec44d,2019-07-20,2019,KO_TKO,Lightweight,NO_MATCH,MATCH,NO_MATCH,MATCH,HIGH / HIGH,HIGH / HIGH,LOW / LOW,HIGH / HIGH,HIGH / MID,HIGH / MID,HIGH / MID,HIGH / MID,LOW / MID,HIGH / MID,HIGH / HIGH,HIGH / MID,HIGH / LOW,HIGH / HIGH,MID / MID,HIGH / LOW,LOW / LOW,0.73917382742304416,0.77504712343215942,0.78696417946961983,0.78430742034423373,0.77504712343215942,0.035873296009115263,-0.047390718857450109,-0.017426495624997831,0.047790352046575668,-0.062649619019196912,-0.022646031472091599,0.045133592921189569,-0.059267948202356813,-0.02150700338258487
6caaf824-6dfc-5033-b0c9-18b524da8085,945b62bc-da7f-5ff6-9de5-a86b3442f145,2019-07-27,2019,KO_TKO,Women's Flyweight,NO_MATCH,NO_MATCH,MATCH,MATCH,HIGH / MID,LOW / MID,HIGH / MID,LOW / LOW,MID / MID,MID / MID,LOW / MID,LOW / LOW,LOW / MID,HIGH / MID,LOW / LOW,HIGH / MID,HIGH / HIGH,HIGH / MID,HIGH / MID,LOW / MID,HIGH / LOW,0.25592575775898441,0.309274822473526,0.31527621333690042,0.37609841063816074,0.309274822473526,0.053349064714541594,-0.18934288107532193,-0.076545207097562518,0.059350455577916017,-0.20856172867297973,-0.084799813944287705,0.12017265287917633,-0.38496344590017917,-0.16439328475831244
5668d58a-c266-5f71-8377-ba25635b7412,e8a8ac96-3be3-5f2f-9ec6-605c4a18db42,2019-08-03,2019,SUBMISSION,Lightweight,NO_MATCH,NO_MATCH,NO_MATCH,MATCH,HIGH / LOW,HIGH / HIGH,HIGH / MID,LOW / MID,LOW / MID,LOW / LOW,LOW / LOW,LOW / LOW,LOW / LOW,HIGH / HIGH,LOW / LOW,HIGH / HIGH,HIGH / HIGH,HIGH / HIGH,HIGH / MID,HIGH / LOW,HIGH / MID,0.56988509030625478,0.35844582319259644,0.3340341694366365,0.37138560348249572,0.35844582319259644,-0.21143926711365835,-0.39984122898034219,-0.19628560798915007,-0.23585092086961829,-0.43718595893034645,-0.2131901898021446,-0.19849948682375906,-0.37946562177730314,-0.18684174967931064
56b8b586-ebc1-5ae1-90ba-5c981a617e7b,e8a8ac96-3be3-5f2f-9ec6-605c4a18db42,2019-08-03,2019,SUBMISSION,Middleweight,NO_MATCH,MATCH,MATCH,NO_MATCH,HIGH / MID,LOW / MID,HIGH / HIGH,MID / MID,HIGH / HIGH,HIGH / MID,HIGH / MID,LOW / MID,HIGH / MID,HIGH / LOW,LOW / MID,HIGH / LOW,HIGH / MID,HIGH / MID,HIGH / HIGH,HIGH / LOW,HIGH / MID,0.48573764626387822,0.42600882053375244,0.47098501040518925,0.49426267424519005,0.42600882053375244,-0.059728825730125779,-0.10988047835161063,-0.054457545825413595,-0.014752635858688967,-0.028283216108484499,-0.014114180971596252,0.0085250279813118279,0.016716135629469497,0.0083545301540343675
06f473a7-2c8c-5165-b628-a7dc6823e772,8b915399-0afb-5d1e-8b5a-9b1fa0a298ab,2019-08-10,2019,KO_TKO,Light Heavyweight,NO_MATCH,MATCH,NO_MATCH,NO_MATCH,HIGH / HIGH,HIGH / MID,HIGH / MID,HIGH / MID,LOW / MID,HIGH / HIGH,HIGH / HIGH,HIGH / LOW,LOW / MID,MID / MID,HIGH / LOW,LOW / MID,HIGH / LOW,HIGH / LOW,LOW / LOW,HIGH / HIGH,HIGH / MID,0.66873509306425627,0.6465834379196167,0.65390297998459956,0.67246134675118652,0.6465834379196167,-0.02215165514463957,0.033685756358590335,0.015166827785570464,-0.014832113079656706,0.02242901541168818,0.010046708696393528,0.0037262536869302476,-0.0055566256574858253,-0.0024548691951004897
e9a60827-71ea-53ee-943f-7f4f7fb2bbc3,8b915399-0afb-5d1e-8b5a-9b1fa0a298ab,2019-08-10,2019,SUBMISSION,Women's Flyweight,NO_MATCH,NO_MATCH,NO_MATCH,MATCH,HIGH / LOW,LOW / LOW,HIGH / MID,LOW / LOW,HIGH / LOW,HIGH / MID,LOW / LOW,MID / MID,LOW / MID,LOW / MID,LOW / MID,HIGH / MID,HIGH / LOW,HIGH / MID,HIGH / LOW,LOW / MID,LOW / MID,0.43293599470290656,0.3869762122631073,0.3902649484398511,0.46244620715093443,0.3869762122631073,-0.045959782439799257,-0.077931559148167018,-0.037682986651893652,-0.042671046263055457,-0.072552339630325757,-0.035126845528635486,0.029510212448027873,0.053443346765308375,0.026422918998889822
04fd6cb5-cbf7-5fac-b031-ccd19181722a,82b4cccc-aaee-501f-b524-55798ef39619,2019-08-17,2019,KO_TKO,Heavyweight,NO_MATCH,MATCH,NO_MATCH,NO_MATCH,HIGH / MID,HIGH / HIGH,HIGH / HIGH,HIGH / MID,HIGH / MID,HIGH / LOW,HIGH / HIGH,MID / MID,HIGH / HIGH,HIGH / MID,HIGH / MID,HIGH / LOW,LOW / LOW,HIGH / LOW,HIGH / MID,HIGH / HIGH,HIGH / MID,0.77533048937425431,0.82008373737335205,0.84700768201128129,0.84036250739325524,0.82008373737335205,0.044753247999097745,-0.056117077435715451,-0.018106527447271099,0.071677192637026987,-0.088420387925050165,-0.027069739641250836,0.065032018019000937,-0.080543978807402439,-0.02499225995904357
916e21a6-ebed-5e60-a3c0-6d9ec4c07f13,65594ba6-6d0b-5666-9ab5-925c53297ca2,2019-08-31,2019,KO_TKO,Women's Strawweight,NO_MATCH,NO_MATCH,NO_MATCH,MATCH,MID / MID,HIGH / LOW,HIGH / MID,LOW / MID,LOW / MID,LOW / LOW,LOW / MID,HIGH / LOW,HIGH / MID,HIGH / LOW,HIGH / HIGH,HIGH / MID,HIGH / MID,HIGH / HIGH,HIGH / LOW,HIGH / HIGH,HIGH / HIGH,0.55834301125411068,0.47616541385650635,0.44400924217997123,0.46510645996944011,0.47616541385650635,-0.082177597397604329,0.1592081870639156,0.079341777932038671,-0.11433376907413945,0.22912811109404752,0.1140648270732032,-0.093236551284670566,0.18270716347626392,0.091050203458337586
92d35494-548a-5cbd-b767-912941faa6ac,65594ba6-6d0b-5666-9ab5-925c53297ca2,2019-08-31,2019,KO_TKO,Welterweight,NO_MATCH,NO_MATCH,NO_MATCH,MATCH,HIGH / HIGH,HIGH / HIGH,MID / MID,HIGH / MID,HIGH / HIGH,LOW / LOW,HIGH / HIGH,LOW / MID,LOW / MID,HIGH / HIGH,HIGH / HIGH,HIGH / LOW,HIGH / MID,LOW / MID,LOW / LOW,LOW / MID,MID / MID,0.75075952676165947,0.78090250492095947,0.79115383522007554,0.79952068725575376,0.78090250492095947,0.030142978159300005,-0.039364911957231741,-0.014117101150161758,0.040394308458416073,-0.052407034363343125,-0.018504092956788586,0.048761160494094291,-0.062927010738822231,-0.021928858661666654
6e114ac2-4aea-5ade-ac99-e715bfab624c,c4e5024d-7f6b-5033-ac57-4dae336edc27,2019-09-07,2019,KO_TKO,Heavyweight,NO_MATCH,MATCH,NO_MATCH,NO_MATCH,LOW / MID,HIGH / MID,HIGH / MID,MID / MID,HIGH / LOW,HIGH / HIGH,HIGH / HIGH,LOW / LOW,HIGH / MID,HIGH / MID,LOW / MID,LOW / LOW,LOW / MID,LOW / LOW,HIGH / LOW,LOW / MID,HIGH / HIGH,0.66229186180097432,0.77734088897705078,0.75038648213702175,0.71501966437497655,0.77734088897705078,0.11504902717607646,-0.16017264107644147,-0.0644697068843222,0.088094620336047424,-0.12488204568811351,-0.051739878305920861,0.052727802574002225,-0.076603707306244551,-0.032832994912901217
484d9e0b-111c-546f-9523-13ad7c5487f2,05320a1c-7dac-51c8-8a4c-0befd6cf375f,2019-09-14,2019,SUBMISSION,Light Heavyweight,NO_MATCH,MATCH,MATCH,NO_MATCH,HIGH / HIGH,HIGH / LOW,HIGH / MID,HIGH / LOW,HIGH / MID,HIGH / HIGH,HIGH / MID,LOW / LOW,HIGH / MID,HIGH / MID,HIGH / LOW,HIGH / HIGH,LOW / MID,HIGH / HIGH,HIGH / HIGH,MID / MID,HIGH / LOW,0.57261634240042192,0.62374144792556763,0.64263517658824454,0.65513056593059926,0.62374144792556763,0.051125105525145709,0.1274055598017807,0.061163918276246343,0.070018834187822621,0.17892493107317875,0.085090494604566969,0.082514223530177344,0.21451621194489501,0.10130658283251004
d8a60d3f-2cc4-5044-be67-71c7fe938a25,05320a1c-7dac-51c8-8a4c-0befd6cf375f,2019-09-14,2019,KO_TKO,Heavyweight,NO_MATCH,MATCH,NO_MATCH,NO_MATCH,LOW / MID,HIGH / LOW,HIGH / LOW,LOW / MID,HIGH / MID,HIGH / HIGH,HIGH / HIGH,HIGH / MID,HIGH / MID,MID / MID,HIGH / MID,LOW / LOW,LOW / LOW,LOW / LOW,HIGH / MID,HIGH / LOW,LOW / LOW,0.774422072551323,0.85434025526046753,0.84164537565527142,0.85407340112475916,0.85434025526046753,0.079918182709144525,-0.098212501467583702,-0.029668640114454824,0.067223303103948417,-0.083241718136010084,-0.025809214300680478,0.079651328573436153,-0.097900101555675634,-0.02959082909274514
dade2628-cb86-56f2-9ae3-873ff5418d10,05320a1c-7dac-51c8-8a4c-0befd6cf375f,2019-09-14,2019,KO_TKO,Lightweight,MATCH,MATCH,NO_MATCH,NO_MATCH,HIGH / HIGH,HIGH / MID,LOW / MID,HIGH / HIGH,HIGH / HIGH,HIGH / HIGH,HIGH / HIGH,HIGH / HIGH,HIGH / MID,LOW / MID,HIGH / HIGH,LOW / MID,LOW / LOW,HIGH / LOW,LOW / LOW,HIGH / HIGH,LOW / MID,0.95865266137462146,0.80406278371810913,0.84581213094720908,0.86063887058472366,0.80406278371810913,-0.15458987765651233,0.17585146559797393,0.036681790312894758,-0.11284053042741238,0.12523155342245396,0.022064296551638881,-0.098013790789897803,0.10785383470267824,0.01771192198049968
94cf83b9-19fa-5755-bdc8-12409a40853b,8ee88917-0968-5531-b5fd-090fb2b4d781,2019-09-21,2019,KO_TKO,Featherweight,MATCH,MATCH,NO_MATCH,NO_MATCH,HIGH / LOW,LOW / MID,LOW / LOW,HIGH / LOW,HIGH / MID,HIGH / HIGH,HIGH / LOW,HIGH / HIGH,LOW / LOW,HIGH / LOW,HIGH / LOW,HIGH / LOW,HIGH / LOW,LOW / LOW,LOW / LOW,LOW / MID,HIGH / LOW,0.66343214663038974,0.62885361909866333,0.56953006816239127,0.57113815592548378,0.62885361909866333,-0.034578527531726411,0.053528073142700749,0.024471716134332619,-0.093902078467998473,0.15261500375654635,0.072026442294448031,-0.092293990704905959,0.14979544800058187,0.07064456138116719
18853b3a-a79a-5945-ab40-225ca66561f5,4f1553d9-d172-5918-82d2-c18afb6d4169,2019-09-28,2019,KO_TKO,Light Heavyweight,MATCH,MATCH,NO_MATCH,NO_MATCH,HIGH / HIGH,HIGH / MID,MID / MID,HIGH / MID,LOW / MID,HIGH / MID,HIGH / HIGH,LOW / MID,LOW / LOW,LOW / LOW,HIGH / LOW,LOW / MID,MID / MID,LOW / LOW,HIGH / MID,HIGH / LOW,LOW / MID,0.77086295746154576,0.81576740741729736,0.83701097639800215,0.82363826528879891,0.81576740741729736,0.044904449955751602,-0.056618663121250495,-0.018562136093525292,0.066148018936456388,-0.082326573098123773,-0.025938362448536777,0.052775307827253148,-0.066220823804052364,-0.021400322792925319
4adcf345-598f-5edd-94b5-401e204b0fb4,4f1553d9-d172-5918-82d2-c18afb6d4169,2019-09-28,2019,SUBMISSION,Light Heavyweight,MATCH,NO_MATCH,NO_MATCH,NO_MATCH,HIGH / HIGH,HIGH / LOW,MID / MID,HIGH / MID,HIGH / MID,LOW / MID,HIGH / HIGH,MID / MID,HIGH / MID,HIGH / LOW,HIGH / LOW,LOW / MID,HIGH / HIGH,HIGH / LOW,HIGH / LOW,HIGH / MID,MID / MID,0.83940437394152967,0.81549054384231567,0.82006231734904922,0.80556137463602651,0.81549054384231567,-0.023913830099213995,-0.13881114891589164,-0.039574875895935557,-0.01934205659248045,-0.11372101731335826,-0.032097498656278645,-0.033842999305503163,-0.1912269962954789,-0.05567057468668668
742d5bf3-160e-5c0e-8eb6-7f0b702ea48b,4f1553d9-d172-5918-82d2-c18afb6d4169,2019-09-28,2019,KO_TKO,Middleweight,NO_MATCH,MATCH,NO_MATCH,NO_MATCH,HIGH / HIGH,HIGH / HIGH,HIGH / MID,HIGH / LOW,HIGH / MID,HIGH / MID,HIGH / HIGH,LOW / LOW,HIGH / MID,HIGH / MID,HIGH / MID,HIGH / LOW,HIGH / MID,HIGH / LOW,MID / MID,HIGH / LOW,HIGH / LOW,0.78178078918214733,0.65076571702957153,0.64821173736326443,0.70845829429232421,0.65076571702957153,-0.1310150721525758,0.18342468474855358,0.074344960431902876,-0.1335690518188829,0.18735698233952,0.076135357759006414,-0.07332249488982312,0.098483187906622,0.037376942196974614
c2b75a3a-76d1-52f4-9b03-b36308586a8b,4f1553d9-d172-5918-82d2-c18afb6d4169,2019-09-28,2019,KO_TKO,Middleweight,MATCH,NO_MATCH,NO_MATCH,NO_MATCH,MID / MID,LOW / LOW,HIGH / LOW,HIGH / MID,LOW / MID,HIGH / MID,MID / MID,HIGH / LOW,LOW / LOW,LOW / MID,LOW / LOW,LOW / MID,HIGH / MID,MID / MID,MID / MID,LOW / LOW,LOW / LOW,0.52460920847052661,0.60647517442703247,0.56959375970543891,0.64705974174210357,0.60647517442703247,0.08186596595650586,-0.14501017443049413,-0.071134616328784706,0.044984551234912296,-0.0822697838679044,-0.040746872986519772,0.12245053327157696,-0.2097850061827306,-0.10142957877186859
87666eec-7f81-5de1-86f9-e58e2b3cefd6,c67080b9-609b-526d-b779-d19ab6273dc6,2019-10-05,2019,SUBMISSION,Heavyweight,MATCH,MATCH,NO_MATCH,NO_MATCH,HIGH / HIGH,LOW / MID,HIGH / LOW,HIGH / HIGH,HIGH / HIGH,HIGH / HIGH,HIGH / HIGH,HIGH / MID,HIGH / MID,LOW / LOW,HIGH / LOW,LOW / MID,LOW / MID,LOW / LOW,LOW / MID,LOW / MID,LOW / MID,0.90550022210530701,0.86411911249160767,0.85818451117552363,0.85837724415704808,0.86411911249160767,-0.041381109613699341,-0.36318119065497045,-0.073228811659476589,-0.047315710929783372,-0.40592935403051222,-0.083449997011187826,-0.047122977948258926,-0.4045693892773039,-0.083119158946111771
44b2ff5f-f64f-5eb0-ba65-602825ed08ae,14c8d4a7-cccc-58a8-9541-3a5757e42c80,2019-10-12,2019,SUBMISSION,Flyweight,NO_MATCH,NO_MATCH,MATCH,MATCH,LOW / LOW,HIGH / MID,HIGH / HIGH,HIGH / LOW,LOW / LOW,LOW / LOW,HIGH / LOW,LOW / LOW,HIGH / MID,HIGH / MID,LOW / MID,HIGH / HIGH,HIGH / MID,LOW / MID,HIGH / HIGH,LOW / LOW,HIGH / MID,0.27082981052798405,0.37068194150924683,0.39896287472392283,0.41345926183019338,0.37068194150924683,0.099852130981262777,0.14727037455108155,0.06405631549044094,0.12813306419593878,0.19325045569457994,0.0858225891373528,0.14262945130220933,0.21766503535151976,0.097599774922544652
678d825b-617e-50c2-ad37-3a8de7db406a,14c8d4a7-cccc-58a8-9541-3a5757e42c80,2019-10-12,2019,SUBMISSION,Light Heavyweight,MATCH,MATCH,NO_MATCH,MATCH,HIGH / LOW,LOW / MID,HIGH / HIGH,HIGH / MID,HIGH / MID,HIGH / HIGH,HIGH / LOW,LOW / LOW,HIGH / MID,LOW / MID,MID / MID,HIGH / LOW,HIGH / HIGH,LOW / MID,MID / MID,HIGH / MID,HIGH / MID,0.76114313426818403,0.81843847036361694,0.80292721424426206,0.81254054116118923,0.81843847036361694,0.057295336095432914,0.27426988185864154,0.090502658927542279,0.041784079976078026,0.19229135303321754,0.065353240530456325,0.051397406893005204,0.24230188186966051,0.080883260186923489
9f887ba9-53f1-5c83-8e05-48f5b8fae035,14c8d4a7-cccc-58a8-9541-3a5757e42c80,2019-10-12,2019,KO_TKO,Welterweight,MATCH,MATCH,NO_MATCH,MATCH,HIGH / HIGH,HIGH / HIGH,LOW / MID,HIGH / HIGH,HIGH / HIGH,HIGH / HIGH,HIGH / MID,HIGH / MID,LOW / LOW,HIGH / LOW,HIGH / LOW,HIGH / HIGH,HIGH / LOW,HIGH / HIGH,LOW / MID,LOW / MID,LOW / MID,0.74589714459723577,0.5867542028427124,0.59736158089666147,0.62146382986724402,0.5867542028427124,-0.15914294175452337,0.23998171719852879,0.10620382774432398,-0.1485355637005743,0.22206512162679826,0.097549435414197569,-0.12443331472999175,0.18251000368769232,0.078721370974936658
ca87e07d-a7af-542d-b11a-13a53c7dfbbf,14c8d4a7-cccc-58a8-9541-3a5757e42c80,2019-10-12,2019,KO_TKO,Bantamweight,NO_MATCH,NO_MATCH,NO_MATCH,MATCH,LOW / MID,HIGH / LOW,LOW / MID,HIGH / MID,HIGH / LOW,LOW / LOW,LOW / MID,HIGH / MID,LOW / MID,HIGH / LOW,MID / MID,HIGH / LOW,HIGH / LOW,HIGH / MID,MID / MID,HIGH / MID,LOW / LOW,0.49878153258215424,0.61579799652099609,0.57829897544076447,0.60304163748604678,0.61579799652099609,0.11701646393884185,-0.21075079259987589,-0.1036087726034135,0.079517442858610232,-0.14792280406039027,-0.073388197966385071,0.10426010490389254,-0.18981805547266306,-0.093644010510934933
2e6a13aa-609a-563b-9190-3ded8bcc551d,8bfcd1d2-eb13-52a6-9134-16004ac77ed3,2019-10-18,2019,KO_TKO,Lightweight,NO_MATCH,UNASSIGNABLE,MATCH,UNASSIGNABLE,HIGH / MISSING,HIGH / LOW,HIGH / MISSING,MID / MISSING,HIGH / MISSING,HIGH / MISSING,MID / MISSING,HIGH / MISSING,LOW / MISSING,MID / MISSING,LOW / MISSING,HIGH / MISSING,MID / MISSING,HIGH / MISSING,HIGH / MISSING,LOW / MISSING,HIGH / MISSING,0.69967572722157534,0.53148084878921509,0.51205743443199447,0.57729472470903642,0.53148084878921509,-0.16819487843236025,0.27494981613383646,0.1293155262313847,-0.18761829278958086,0.31218018551195409,0.14789327847319778,-0.12238100251253892,0.19226405672758334,0.088485080938919672
31a60890-8f24-5c89-8745-327c89d77e80,8bfcd1d2-eb13-52a6-9134-16004ac77ed3,2019-10-18,2019,KO_TKO,Light Heavyweight,MATCH,MATCH,MATCH,NO_MATCH,HIGH / HIGH,HIGH / MID,HIGH / MID,HIGH / MID,HIGH / MID,HIGH / MID,HIGH / HIGH,LOW / MID,HIGH / MID,LOW / MID,HIGH / MID,HIGH / MID,LOW / LOW,HIGH / HIGH,HIGH / LOW,HIGH / HIGH,HIGH / MID,0.8616493925288502,0.81411528587341309,0.84030620037599701,0.85709914991655112,0.81411528587341309,-0.047534106655437114,0.056746465906929111,0.015412236358286771,-0.021343192152853185,0.025082101046496413,0.006361219050715048,-0.0045502426122990824,0.0052948446274384831,0.0012797623669361623
4f9cb173-87c6-5b01-9207-88aa4e309341,8bfcd1d2-eb13-52a6-9134-16004ac77ed3,2019-10-18,2019,SUBMISSION,Featherweight,MATCH,NO_MATCH,MATCH,MATCH,HIGH / LOW,MID / MID,HIGH / LOW,HIGH / LOW,HIGH / LOW,HIGH / LOW,LOW / LOW,HIGH / MID,HIGH / LOW,LOW / LOW,LOW / MID,HIGH / HIGH,HIGH / HIGH,HIGH / HIGH,HIGH / LOW,LOW / LOW,HIGH / HIGH,0.27423840893751034,0.4548603892326355,0.41932918258321966,0.45373702172635816,0.4548603892326355,0.18062198029512516,0.28617964552390185,0.13169126875628751,0.14509077364570933,0.22303755695959715,0.10063025842933403,0.17949861278884782,0.28412106894680977,0.13067057994852849
bfea161f-0d86-58f4-ad54-f1e86611539d,8bfcd1d2-eb13-52a6-9134-16004ac77ed3,2019-10-18,2019,KO_TKO,Women's Flyweight,NO_MATCH,NO_MATCH,MATCH,NO_MATCH,MID / MID,LOW / MID,HIGH / HIGH,LOW / LOW,LOW / MID,LOW / MID,HIGH / MID,HIGH / LOW,HIGH / HIGH,MID / MID,HIGH / LOW,HIGH / MID,MID / MID,HIGH / MID,HIGH / LOW,LOW / MID,HIGH / HIGH,0.43567612169212483,0.45568209886550903,0.48480201990515703,0.43969730502980431,0.45568209886550903,0.020005977173384204,-0.044896287629576981,-0.022179462132984107,0.049125898213032204,-0.10684147406656175,-0.053032480934635362,0.0040211833376794792,-0.0091874199058822326,-0.0045223296375774269
80d64a1f-6f44-569a-932d-6684c7f18965,ab8d7100-83b1-56db-aac4-18bb5fda55b6,2019-10-26,2019,KO_TKO,Heavyweight,MATCH,MATCH,NO_MATCH,NO_MATCH,HIGH / HIGH,LOW / LOW,LOW / LOW,HIGH / HIGH,HIGH / MID,HIGH / HIGH,HIGH / HIGH,HIGH / MID,HIGH / MID,LOW / MID,HIGH / MID,MID / MID,LOW / MID,HIGH / LOW,LOW / MID,LOW / MID,LOW / MID,0.71382334569612305,0.76735681295394897,0.7673473976561781,0.75822442087751685,0.76735681295394897,0.053533467257825929,-0.07231638239385213,-0.027774224989616819,0.053524051960055052,-0.072304112540539811,-0.027769844091208182,0.044401075181393801,-0.060343894845604817,-0.023441646808548593
2439bae4-f030-5303-b29d-aba0dd4ecb57,28e07de2-d30e-560b-82ed-26c6efc2a338,2019-11-02,2019,KO_TKO,Featherweight,NO_MATCH,NO_MATCH,MATCH,NO_MATCH,HIGH / MID,MID / MID,HIGH / LOW,HIGH / MID,HIGH / HIGH,HIGH / LOW,MID / MID,HIGH / LOW,MID / MID,HIGH / HIGH,HIGH / LOW,HIGH / LOW,HIGH / LOW,HIGH / HIGH,HIGH / HIGH,HIGH / MID,HIGH / LOW,0.70506520118641769,0.70090323686599731,0.6803153855793399,0.76318593149395919,0.70090323686599731,-0.0041619643204203749,0.0059204408359897487,0.0024723381660294308,-0.024749815607077785,0.035733789518598236,0.015211717146077844,0.058120730307541502,-0.079211403898821697,-0.030905632508824485
2c2d0ce8-bcad-5628-80c6-69226bc3e276,28e07de2-d30e-560b-82ed-26c6efc2a338,2019-11-02,2019,KO_TKO,Lightweight,MATCH,NO_MATCH,MATCH,MATCH,HIGH / HIGH,HIGH / MID,HIGH / HIGH,HIGH / LOW,LOW / MID,LOW / LOW,HIGH / MID,LOW / MID,HIGH / MID,LOW / MID,MID / MID,HIGH / HIGH,HIGH / LOW,HIGH / HIGH,HIGH / HIGH,HIGH / MID,HIGH / HIGH,0.55321393855403533,0.52236336469650269,0.57436872777086023,0.65185162462593293,0.52236336469650269,-0.030850573857532648,0.057381349034558271,0.02851897068164877,0.021154789216824899,-0.037526777253609089,-0.018455804803001241,0.098637686071897601,-0.16407217073417762,-0.078410493426795014
38c12a7b-6644-560f-9e7c-314945aed170,28e07de2-d30e-560b-82ed-26c6efc2a338,2019-11-02,2019,KO_TKO,Welterweight,MATCH,NO_MATCH,NO_MATCH,NO_MATCH,HIGH / MID,MID / MID,MID / MID,HIGH / LOW,LOW / MID,LOW / LOW,HIGH / LOW,HIGH / MID,LOW / MID,HIGH / LOW,HIGH / LOW,LOW / MID,HIGH / MID,HIGH / HIGH,HIGH / LOW,LOW / MID,HIGH / LOW,0.47425261786078537,0.49164718389511108,0.42030328038883941,0.49818715713759693,0.49164718389511108,0.017394566034325709,-0.03602122454309109,-0.017987724184466425,-0.053949337471945968,0.12076358194622416,0.059637976901703194,0.023934539276811551,-0.04923569516675852,-0.024594180564590562
808ff87a-0fdb-5598-8fa8-b2a1db27d552,28e07de2-d30e-560b-82ed-26c6efc2a338,2019-11-02,2019,KO_TKO,Heavyweight,MATCH,MATCH,NO_MATCH,NO_MATCH,HIGH / HIGH,HIGH / LOW,HIGH / LOW,HIGH / HIGH,HIGH / HIGH,HIGH / HIGH,HIGH / HIGH,LOW / MID,HIGH / MID,HIGH / LOW,MID / MID,MID / MID,LOW / MID,LOW / MID,MID / MID,HIGH / MID,LOW / LOW,0.93248985262489736,0.87120944261550903,0.89920083238868387,0.88978318884626073,0.87120944261550903,-0.061280410009388331,0.06797585936394504,0.012029387672799784,-0.033289020236213496,0.036351864717009671,0.0056028521925261254,-0.042706663778636633,0.046880444544148622,0.0075901254622909482
839c504b-1e43-58af-9656-b7d5f54daa42,28e07de2-d30e-560b-82ed-26c6efc2a338,2019-11-02,2019,KO_TKO,Light Heavyweight,NO_MATCH,MATCH,NO_MATCH,NO_MATCH,HIGH / MID,HIGH / LOW,HIGH / HIGH,HIGH / LOW,HIGH / HIGH,HIGH / MID,HIGH / MID,LOW / MID,HIGH / MID,HIGH / HIGH,HIGH / MID,LOW / MID,MID / MID,LOW / LOW,HIGH / MID,HIGH / MID,HIGH / MID,0.8388084663233788,0.81108886003494263,0.84780074997091925,0.86520577667259979,0.81108886003494263,-0.027719606288436172,0.033604775761994637,0.0097047082738761885,0.0089922836475404555,-0.010663251174110128,-0.0028180988196066722,0.026397310349220993,-0.030984978394752338,-0.0078132278865842668
b33d6765-eb91-59d8-bd10-52764ad4460a,877c68ef-a5d6-5497-826b-676cf37fe901,2019-11-09,2019,KO_TKO,Light Heavyweight,NO_MATCH,MATCH,NO_MATCH,NO_MATCH,HIGH / MID,LOW / LOW,HIGH / HIGH,HIGH / HIGH,MID / MID,HIGH / MID,HIGH / HIGH,LOW / LOW,HIGH / HIGH,HIGH / MID,LOW / LOW,LOW / MID,MID / MID,LOW / MID,HIGH / MID,HIGH / MID,HIGH / LOW,0.70037698865552711,0.80848848819732666,0.81252927798298102,0.79267016320198302,0.80848848819732666,0.10811149954179955,-0.14354769514942198,-0.053097289774184639,0.11215228932745391,-0.1485332026984903,-0.054628677313547723,0.092293174546455914,-0.12378845438038705,-0.046788287700437775
4070bf50-528c-5b33-bd0b-24fdb88fa7a3,c515c11a-c05e-5c83-9d15-43e6f89b9d24,2019-11-16,2019,KO_TKO,Lightweight,NO_MATCH,NO_MATCH,MATCH,MATCH,HIGH / LOW,HIGH / MID,HIGH / HIGH,LOW / MID,MID / MID,HIGH / HIGH,LOW / MID,HIGH / MID,HIGH / HIGH,HIGH / MID,HIGH / MID,HIGH / LOW,HIGH / HIGH,HIGH / LOW,HIGH / MID,LOW / LOW,HIGH / HIGH,0.48044264496406774,0.37970829010009766,0.44788280624320936,0.45768746804254073,0.37970829010009766,-0.10073435486397009,0.23530455567731257,0.11482196019861085,-0.032559838720858381,0.070176250980030552,0.034893550469939694,-0.022755176921527009,0.048521288968890186,0.024163037146176569
fd9ee072-6dd1-5b38-a457-e41e66f3a6e7,c515c11a-c05e-5c83-9d15-43e6f89b9d24,2019-11-16,2019,SUBMISSION,Welterweight,NO_MATCH,NO_MATCH,NO_MATCH,MATCH,LOW / MID,HIGH / HIGH,HIGH / MID,MID / MID,LOW / LOW,MID / MID,MID / MID,HIGH / LOW,MID / MID,LOW / MID,MID / MID,HIGH / MID,HIGH / LOW,HIGH / MID,HIGH / MID,HIGH / HIGH,LOW / LOW,0.57434182702880421,0.51777881383895874,0.4855169223875016,0.57298242784273179,0.51777881383895874,-0.056563013189845468,-0.12476628794223721,-0.061773634214305762,-0.088824904641302604,-0.18952605049566273,-0.094141852350153599,-0.0013593991860724186,-0.0031885516752976351,-0.001559671658233508
1913bf09-c6a1-5867-b55b-38e93da304f2,b1454376-f0b6-5f4c-92da-02b567eeab7d,2019-12-07,2019,KO_TKO,Heavyweight,MATCH,MATCH,NO_MATCH,NO_MATCH,HIGH / HIGH,HIGH / LOW,HIGH / HIGH,HIGH / HIGH,HIGH / HIGH,HIGH / HIGH,HIGH / HIGH,LOW / MID,HIGH / HIGH,LOW / MID,MID / MID,MID / MID,LOW / MID,LOW / LOW,LOW / MID,MID / MID,LOW / LOW,0.94425474028969325,0.87207627296447754,0.87757575319297199,0.85870393659951949,0.87207627296447754,-0.072178467325215712,0.079519092664041308,0.013256945958489311,-0.066678987096721265,0.073232701704815717,0.01188016222609856,-0.08555080369017376,0.094971779704695863,0.01685704355230306
2e298426-f425-5038-af51-4214aabb2283,b1454376-f0b6-5f4c-92da-02b567eeab7d,2019-12-07,2019,SUBMISSION,Featherweight,NO_MATCH,NO_MATCH,NO_MATCH,MATCH,LOW / LOW,LOW / LOW,HIGH / MID,LOW / LOW,LOW / LOW,MID / MID,LOW / LOW,LOW / MID,LOW / MID,HIGH / HIGH,HIGH / LOW,HIGH / MID,HIGH / HIGH,HIGH / LOW,LOW / LOW,HIGH / LOW,HIGH / LOW,0.35644879943997065,0.33548250794410706,0.32054574156312071,0.33176093465730744,0.33548250794410706,-0.020966291495863598,-0.032059611821648182,-0.014507233485728577,-0.035903057876849942,-0.054288325202477339,-0.024306174187945451,-0.024687864782663216,-0.037644402140762034,-0.016990428857506221
6aedb0e4-d655-5515-94a3-74500831daf4,b1454376-f0b6-5f4c-92da-02b567eeab7d,2019-12-07,2019,KO_TKO,Heavyweight,NO_MATCH,MATCH,NO_MATCH,NO_MATCH,HIGH / HIGH,HIGH / HIGH,MID / MID,MID / MID,HIGH / LOW,HIGH / HIGH,HIGH / HIGH,HIGH / HIGH,MID / MID,LOW / LOW,LOW / MID,HIGH / MID,MID / MID,HIGH / HIGH,HIGH / LOW,LOW / LOW,LOW / LOW,0.64162417158440888,0.6058083176612854,0.51231616678722658,0.61299857330035368,0.6058083176612854,-0.035815853923123475,0.057439101214588784,0.026953848032464867,-0.1293080047971823,0.22506078204555674,0.109402286784543,-0.028625598284055198,0.045640121230628883,0.021336869875000525
7ae5f8fb-dce5-56b4-b5f4-94298f2b304d,b1454376-f0b6-5f4c-92da-02b567eeab7d,2019-12-07,2019,KO_TKO,Women's Bantamweight,NO_MATCH,MATCH,NO_MATCH,NO_MATCH,LOW / MID,LOW / MID,HIGH / LOW,LOW / LOW,HIGH / LOW,HIGH / HIGH,HIGH / LOW,HIGH / HIGH,HIGH / HIGH,LOW / LOW,HIGH / HIGH,HIGH / MID,LOW / MID,LOW / LOW,HIGH / HIGH,LOW / MID,HIGH / MID,0.5616962662856485,0.59471827745437622,0.59891289163935324,0.60935810990181516,0.59471827745437622,0.033022011168727716,-0.057126557798933386,-0.027856888358393173,0.037216625353704735,-0.064154912219662963,-0.031239294494835951,0.047661843616166655,-0.081444871935643814,-0.039509076688458822
fba25294-9ff0-59ed-9759-8793af68d767,5cf232f8-9e0c-5cf5-b1c5-a3f4f63df736,2019-12-14,2019,KO_TKO,Welterweight,MATCH,MATCH,NO_MATCH,MATCH,HIGH / MID,HIGH / HIGH,HIGH / LOW,HIGH / MID,HIGH / HIGH,HIGH / MID,HIGH / MID,LOW / MID,HIGH / HIGH,LOW / MID,MID / MID,HIGH / HIGH,HIGH / HIGH,HIGH / MID,HIGH / MID,HIGH / MID,LOW / MID,0.8533088901334468,0.78658688068389893,0.78797916435451254,0.76404245596198517,0.78658688068389893,-0.06672200944954787,0.081418422671923951,0.02402687778234721,-0.065329725778934256,0.079649955686544843,0.02343455303392962,-0.089266434171461628,0.11049824576697265,0.034157680874570523
884978e6-b93c-5e90-b0bd-8de38e304542,696e86cf-4f4d-5eea-8623-183f04ee9325,2019-12-21,2019,KO_TKO,Featherweight,MATCH,NO_MATCH,NO_MATCH,NO_MATCH,HIGH / LOW,LOW / MID,LOW / MID,HIGH / LOW,HIGH / MID,HIGH / MID,HIGH / LOW,HIGH / HIGH,HIGH / LOW,LOW / MID,HIGH / MID,LOW / LOW,LOW / MID,LOW / MID,LOW / MID,LOW / LOW,LOW / MID,0.76412151554499796,0.83805668354034424,0.80131494715727047,0.84854998869593401,0.83805668354034424,0.073935167995346274,-0.092358911371162117,-0.029413021682836424,0.037193431612272509,-0.047527233964881316,-0.016162909205670414,0.084428473150936045,-0.10480216885604918,-0.032701553504786922
8e682644-69ad-5544-abfe-b7760090a9d3,696e86cf-4f4d-5eea-8623-183f04ee9325,2019-12-21,2019,KO_TKO,Light Heavyweight,MATCH,MATCH,NO_MATCH,MATCH,HIGH / MID,LOW / LOW,LOW / MID,HIGH / MID,MID / MID,HIGH / MID,HIGH / MID,HIGH / MID,HIGH / MID,LOW / LOW,HIGH / HIGH,HIGH / LOW,HIGH / MID,HIGH / LOW,MID / MID,HIGH / LOW,LOW / MID,0.51709258057986041,0.59018987417221069,0.60735239676407071,0.59129259667950174,0.59018987417221069,0.073097293592350288,-0.13222237459233188,-0.065255236500030123,0.090259816184210306,-0.16088724623838402,-0.079027435404098872,0.07420001609964133,-0.13408905116976333,-0.066157834202034194
081294d3-b7be-50aa-9e1b-ccfdc8b24697,667fb6d7-bd5b-5607-bc36-cda6c4f9c044,2020-01-18,2020,SUBMISSION,Lightweight,NO_MATCH,MATCH,NO_MATCH,NO_MATCH,HIGH / MID,HIGH / HIGH,MID / MID,MID / MID,HIGH / MID,HIGH / MID,HIGH / MID,HIGH / MID,LOW / MID,HIGH / LOW,HIGH / MID,HIGH / HIGH,LOW / LOW,HIGH / MID,HIGH / LOW,HIGH / LOW,LOW / MID,0.71604709288709811,0.77526724338531494,0.82588438663456198,0.83828113153781658,0.82588438663456198,0.059220150498216828,0.23389645649345092,0.088315859434200616,0.10983729374746387,0.48908888118866911,0.16936158085468211,0.12223403865071847,0.56294895653319577,0.18999181626025763
270c5f01-f4e9-547f-a169-737cb91da9e9,667fb6d7-bd5b-5607-bc36-cda6c4f9c044,2020-01-18,2020,SUBMISSION,Heavyweight,MATCH,MATCH,NO_MATCH,NO_MATCH,HIGH / HIGH,HIGH / MID,LOW / MID,HIGH / HIGH,HIGH / HIGH,HIGH / HIGH,HIGH / MID,HIGH / MID,HIGH / MID,LOW / MID,HIGH / MID,HIGH / MID,LOW / LOW,HIGH / HIGH,MID / MID,LOW / MID,HIGH / LOW,0.6774679510064181,0.78424239158630371,0.77410603942682177,0.7722294190830904,0.77410603942682177,0.10677444057988561,0.40204691372742785,0.15607330412017079,0.096638088420403667,0.35613681986315737,0.14027733563624561,0.094761468076672295,0.34786360970004448,0.13737545105657273
3799d243-ee3c-5006-b45c-074bba92f549,667fb6d7-bd5b-5607-bc36-cda6c4f9c044,2020-01-18,2020,KO_TKO,Welterweight,MATCH,MATCH,NO_MATCH,NO_MATCH,HIGH / HIGH,HIGH / HIGH,MID / MID,HIGH / HIGH,HIGH / LOW,HIGH / LOW,HIGH / HIGH,HIGH / HIGH,MID / MID,LOW / MID,HIGH / HIGH,LOW / MID,HIGH / LOW,HIGH / LOW,HIGH / LOW,HIGH / HIGH,LOW / MID,0.95147853076801914,0.80730909109115601,0.81929989864470742,0.81025351329948736,0.81929989864470742,-0.14416943967686313,0.16431051547285211,0.034775453399686351,-0.13217863212331171,0.14956692947862543,0.030298193653382943,-0.14122501746853178,0.16066994483602787,0.033649396238757755
1a59207d-7f11-5ebf-a070-674d7a7428bd,56cd1357-bdb9-504a-bed2-290891c5247c,2020-01-25,2020,SUBMISSION,Flyweight,NO_MATCH,NO_MATCH,MATCH,MATCH,LOW / MID,LOW / MID,HIGH / LOW,LOW / MID,LOW / LOW,HIGH / LOW,LOW / MID,LOW / MID,MID / MID,HIGH / HIGH,HIGH / LOW,HIGH / MID,HIGH / LOW,HIGH / MID,HIGH / MID,HIGH / MID,HIGH / MID,0.53391669852358792,0.48855224251747131,0.49919514624493305,0.45050713964582945,0.49919514624493305,-0.045364456006116605,-0.092881067583102994,-0.046383747293477773,-0.034721552278654866,-0.071852135058534494,-0.035871246927827782,-0.083409558877758472,-0.16463140408990939,-0.082110358090460994
43ad903e-b420-5869-9a66-1e54326a0b36,56cd1357-bdb9-504a-bed2-290891c5247c,2020-01-25,2020,KO_TKO,Heavyweight,NO_MATCH,MATCH,NO_MATCH,NO_MATCH,HIGH / LOW,HIGH / HIGH,HIGH / MID,HIGH / MID,HIGH / HIGH,HIGH / HIGH,HIGH / HIGH,LOW / MID,HIGH / MID,MID / MID,HIGH / MID,LOW / LOW,LOW / MID,LOW / LOW,HIGH / HIGH,HIGH / LOW,HIGH / LOW,0.91068535965948738,0.83314114809036255,0.82810950908895042,0.84878984367219823,0.82810950908895042,-0.077544211569124832,0.088994385225161329,0.019864771481447198,-0.082575850570536957,0.095052055530536958,0.021569235886486494,-0.061895515987289151,0.070385836809615507,0.014887406397523124
f027ba8b-3e97-5bf7-b4bd-4b0b25f5df0e,17cd5980-c1f9-5d6c-b6d1-2e4b5d1311ea,2020-02-08,2020,KO_TKO,Heavyweight,NO_MATCH,MATCH,NO_MATCH,NO_MATCH,HIGH / MID,LOW / LOW,HIGH / MID,LOW / MID,HIGH / MID,HIGH / HIGH,HIGH / HIGH,HIGH / MID,HIGH / HIGH,LOW / MID,HIGH / LOW,LOW / MID,LOW / MID,LOW / LOW,HIGH / MID,LOW / LOW,LOW / MID,0.84802636234136486,0.84045255184173584,0.84469634030568086,0.84094457325889727,0.84469634030568086,-0.007573810499629019,0.0089712240203519977,0.0023594016706158655,-0.0033300220356839993,0.0039345207887030997,0.0010232401712507617,-0.0070817890824675933,0.0083859709306918773,0.0022026422325961761
08f092c1-0d5b-5484-a5f7-11a4a42cea87,8e9bc9b9-7db9-5577-b0f7-8e730138eba2,2020-02-22,2020,KO_TKO,Heavyweight,MATCH,MATCH,NO_MATCH,NO_MATCH,HIGH / HIGH,HIGH / LOW,HIGH / LOW,HIGH / MID,MID / MID,HIGH / MID,HIGH / HIGH,LOW / MID,HIGH / LOW,LOW / MID,LOW / MID,HIGH / LOW,HIGH / LOW,LOW / MID,HIGH / MID,LOW / LOW,LOW / LOW,0.67772023638330325,0.71440011262893677,0.71408247558779037,0.65640212646590645,0.71408247558779037,0.036679876245633514,-0.052708615135735049,-0.022296950370469928,0.036362239204487112,-0.052263895614472977,-0.022115415270827443,-0.021318109917396799,0.031960973282617156,0.014195252660317015
2889a1bb-5da6-5cc8-971c-1f0b4c168662,8e9bc9b9-7db9-5577-b0f7-8e730138eba2,2020-02-22,2020,KO_TKO,Welterweight,NO_MATCH,MATCH,NO_MATCH,NO_MATCH,HIGH / MID,LOW / MID,LOW / MID,HIGH / MID,HIGH / LOW,HIGH / MID,HIGH / MID,HIGH / HIGH,HIGH / MID,HIGH / MID,MID / MID,LOW / MID,HIGH / MID,LOW / MID,HIGH / MID,LOW / MID,LOW / MID,0.75394530215141398,0.7461819052696228,0.80364223606472185,0.8200225119769563,0.80364223606472185,-0.0077633968817911736,0.010350410487367845,0.003880710879199771,0.049696933913307872,-0.063834368316195073,-0.021986542875696541,0.066077209825542327,-0.084011971701108912,-0.028151018138274121
5f774ae7-c6d9-54a0-9edb-4fe04d283af3,8e9bc9b9-7db9-5577-b0f7-8e730138eba2,2020-02-22,2020,SUBMISSION,Light Heavyweight,NO_MATCH,NO_MATCH,NO_MATCH,MATCH,HIGH / HIGH,LOW / MID,HIGH / MID,HIGH / HIGH,MID / MID,MID / MID,HIGH / HIGH,LOW / MID,HIGH / MID,HIGH / MID,HIGH / LOW,HIGH / LOW,HIGH / HIGH,HIGH / LOW,HIGH / HIGH,MID / MID,LOW / LOW,0.64694660845724061,0.51383817195892334,0.48705352588067391,0.47104486650417854,0.48705352588067391,-0.13310843649831727,-0.31992225165811872,-0.15451024723223811,-0.1598930825765667,-0.37355220445301074,-0.18131877712152988,-0.17590174195306207,-0.40428431812849408,-0.19665664793438681
091ca610-6419-5531-8ef1-0a24c75a9950,289dddd8-4bfa-5866-9756-396f2004cbf1,2020-02-29,2020,KO_TKO,Light Heavyweight,MATCH,NO_MATCH,NO_MATCH,NO_MATCH,HIGH / HIGH,MID / MID,HIGH / MID,HIGH / MID,LOW / LOW,MID / MID,HIGH / HIGH,LOW / MID,HIGH / LOW,HIGH / LOW,HIGH / MID,LOW / LOW,MID / MID,LOW / LOW,HIGH / MID,HIGH / HIGH,LOW / MID,0.77121605004800564,0.76997470855712891,0.74357925468361674,0.7046218061062488,0.74357925468361674,-0.0012413414908767351,0.0016108865854291832,0.00056953894774112307,-0.0276367953643889,0.036493197894844509,0.01340950287297283,-0.066594243941756837,0.090307341229334481,0.034906181672297816
1be6af9f-6c57-527a-a39a-4cc792183395,289dddd8-4bfa-5866-9756-396f2004cbf1,2020-02-29,2020,KO_TKO,Middleweight,MATCH,MATCH,MATCH,NO_MATCH,HIGH / MID,LOW / MID,HIGH / MID,HIGH / MID,LOW / MID,HIGH / MID,HIGH / MID,LOW / LOW,HIGH / MID,HIGH / LOW,LOW / MID,HIGH / MID,HIGH / MID,HIGH / LOW,HIGH / LOW,HIGH / LOW,HIGH / LOW,0.53677079383404025,0.47686997056007385,0.47894941730992174,0.44011874271584611,0.47894941730992174,-0.059900823273966397,0.11832732094745879,0.059083730256672767,-0.057821376524118506,0.1139761850383596,0.056912412276524799,-0.096652051118194138,0.19852661595480559,0.09888572481293964
71f61ba8-f021-5e21-b592-b08becc93966,289dddd8-4bfa-5866-9756-396f2004cbf1,2020-02-29,2020,KO_TKO,Women's Featherweight,NO_MATCH,NO_MATCH,NO_MATCH,MATCH,HIGH / MID,LOW / LOW,HIGH / MID,LOW / MID,MID / MID,MID / MID,MID / MID,HIGH / MID,HIGH / LOW,LOW / LOW,LOW / MID,HIGH / MID,HIGH / MID,HIGH / MID,LOW / MID,MID / MID,HIGH / MID,0.45199034682679762,0.51139390468597412,0.4117018223757814,0.43482489057480306,0.4117018223757814,0.059403557859176503,-0.12347932088211944,-0.061578663592994631,-0.040288524451016217,0.093361467794890407,0.045780165824963137,-0.01716545625199456,0.038717423385526306,0.019108324342769711
40462f4e-cacf-5802-bc47-17e1b9cfaca3,e5941356-d256-5653-9834-685d6c41d873,2020-03-07,2020,KO_TKO,Bantamweight,NO_MATCH,NO_MATCH,NO_MATCH,MATCH,LOW / MID,LOW / MID,LOW / MID,LOW / MID,LOW / MID,LOW / LOW,LOW / LOW,LOW / MID,HIGH / MID,HIGH / HIGH,HIGH / MID,HIGH / HIGH,HIGH / LOW,HIGH / MID,MID / MID,LOW / MID,HIGH / MID,0.37419839576698261,0.4481128454208374,0.35179916575795034,0.34891556728835649,0.35179916575795034,0.073914449653854797,-0.18025896106656714,-0.087048216471133699,-0.022399230009032267,0.061725665782808581,0.028536673651470945,-0.025282828478626118,0.069956161337558886,0.032283290658824459
e67d5431-97fd-5f7b-9588-cd9c53b97fe8,e5941356-d256-5653-9834-685d6c41d873,2020-03-07,2020,SUBMISSION,Middleweight,NO_MATCH,NO_MATCH,NO_MATCH,MATCH,MID / MID,LOW / LOW,HIGH / HIGH,LOW / MID,HIGH / MID,HIGH / HIGH,MID / MID,LOW / MID,MID / MID,LOW / LOW,LOW / MID,HIGH / LOW,HIGH / MID,HIGH / MID,MID / MID,MID / MID,HIGH / HIGH,0.62684879300765683,0.62865203619003296,0.60621223963893034,0.61689139061038323,0.60621223963893034,0.0018032431823761241,0.0048441872855173873,0.0022639733107183146,-0.020636553368726496,-0.053828366695705343,-0.025446129807108309,-0.009957402397273607,-0.026334806234750818,-0.012384421485943764
53319eb7-1099-5d60-ac8e-a97f8b7db2e8,4bee5119-5cc9-502f-999a-f47f23ebdaba,2020-03-14,2020,SUBMISSION,Lightweight,NO_MATCH,MATCH,NO_MATCH,NO_MATCH,LOW / MID,HIGH / MID,HIGH / LOW,HIGH / MID,MID / MID,HIGH / HIGH,HIGH / LOW,MID / MID,MID / MID,HIGH / HIGH,HIGH / LOW,MID / MID,MID / MID,HIGH / LOW,HIGH / HIGH,HIGH / LOW,LOW / LOW,0.69829443622987308,0.64220720529556274,0.64818867182187101,0.7252569046748657,0.64818867182187101,-0.056087230934310339,-0.1705024457036437,-0.075185025136059236,-0.050105764408002074,-0.15364344501092986,-0.067466565391395117,0.026962468444992616,0.09361512518093118,0.038382458108970952
a87b105d-1b2d-597b-869d-11613e9bb4ce,4bee5119-5cc9-502f-999a-f47f23ebdaba,2020-03-14,2020,SUBMISSION,Lightweight,NO_MATCH,NO_MATCH,MATCH,MATCH,HIGH / HIGH,HIGH / HIGH,HIGH / HIGH,LOW / MID,MID / MID,HIGH / LOW,LOW / MID,MID / MID,HIGH / LOW,LOW / MID,MID / MID,HIGH / HIGH,HIGH / HIGH,HIGH / HIGH,HIGH / HIGH,HIGH / LOW,HIGH / HIGH,0.54248711308391906,0.53043311834335327,0.46168613412056814,0.44211470511997292,0.46168613412056814,-0.012053994740565788,-0.026005689004222066,-0.012932974826670995,-0.080800978963350922,-0.16263673144025903,-0.081138181422929584,-0.10037240796394614,-0.1983483240774081,-0.098826855378804201
e593a1a4-c9d4-5b98-bc2e-2f4da54e7266,95cf20da-6818-517f-9e18-57f67a591888,2020-05-09,2020,KO_TKO,Heavyweight,MATCH,MATCH,NO_MATCH,NO_MATCH,HIGH / HIGH,HIGH / MID,LOW / MID,HIGH / HIGH,LOW / MID,HIGH / MID,HIGH / HIGH,LOW / MID,LOW / MID,LOW / LOW,LOW / MID,LOW / MID,LOW / LOW,LOW / MID,MID / MID,HIGH / HIGH,LOW / LOW,0.86495146507364284,0.80949383974075317,0.89800700200260664,0.86821308092030425,0.89800700200260664,-0.055457625332889671,0.066264232483314589,0.018054490310966325,0.033055536928963791,-0.037504469985881958,-0.0078355351452592224,0.0032616158466614031,-0.0037637738488652817,-0.00087031474523723354
ee524746-7e4c-5414-bc52-ee52e4b53ebb,95cf20da-6818-517f-9e18-57f67a591888,2020-05-09,2020,KO_TKO,Lightweight,NO_MATCH,MATCH,NO_MATCH,NO_MATCH,HIGH / HIGH,HIGH / MID,LOW / LOW,HIGH / MID,HIGH / HIGH,HIGH / LOW,HIGH / HIGH,HIGH / HIGH,HIGH / MID,HIGH / MID,HIGH / HIGH,HIGH / LOW,LOW / LOW,HIGH / LOW,LOW / MID,HIGH / HIGH,LOW / LOW,0.88182008755804564,0.82096129655838013,0.87868160084198066,0.85704605822803692,0.87868160084198066,-0.060858790999665513,0.071512086326863511,0.018088365625268308,-0.003138486716064981,0.0035654496233206157,0.00075166226947650898,-0.024774029330008718,0.028496392128785103,0.0064693377633538093
ff87326f-2910-5b02-9d69-193f9679bd38,95cf20da-6818-517f-9e18-57f67a591888,2020-05-09,2020,KO_TKO,Welterweight,MATCH,MATCH,NO_MATCH,MATCH,HIGH / HIGH,HIGH / HIGH,HIGH / MID,HIGH / HIGH,HIGH / MID,HIGH / LOW,HIGH / HIGH,HIGH / HIGH,HIGH / LOW,LOW / LOW,HIGH / LOW,HIGH / HIGH,HIGH / LOW,HIGH / HIGH,HIGH / LOW,MID / MID,LOW / MID,0.71082322393088959,0.57391989231109619,0.64715077918076147,0.59106651522439668,0.64715077918076147,-0.1369033316197934,0.21393394254750242,0.097921050350463446,-0.063672444750128121,0.093844457787460367,0.040879364815019331,-0.11975670870649291,0.18449521070981256,0.083603387152994174
0e1b7182-279e-5e76-b38a-d44bb6a94888,fdf9e547-220d-5d4b-8472-31eccaa5cec0,2020-05-13,2020,SUBMISSION,Lightweight,NO_MATCH,NO_MATCH,NO_MATCH,MATCH,LOW / LOW,HIGH / LOW,HIGH / LOW,HIGH / LOW,HIGH / MID,LOW / MID,LOW / MID,HIGH / MID,LOW / MID,MID / MID,HIGH / LOW,HIGH / LOW,HIGH / HIGH,LOW / MID,HIGH / MID,HIGH / MID,LOW / MID,0.76780562427595078,0.58624416589736938,0.59524615584803409,0.66542338258256384,0.59524615584803409,-0.1815614583785814,-0.57770117985957203,-0.24584325462108014,-0.1725594684279167,-0.55570424282615194,-0.2352074906179204,-0.10238224169338694,-0.36529105663304651,-0.14673719858216139
68b7a452-59c4-5b60-953d-8df03da76715,fdf9e547-220d-5d4b-8472-31eccaa5cec0,2020-05-13,2020,KO_TKO,Lightweight,MATCH,MATCH,NO_MATCH,NO_MATCH,HIGH / MID,HIGH / MID,MID / MID,HIGH / MID,HIGH / LOW,HIGH / LOW,HIGH / MID,HIGH / MID,LOW / LOW,LOW / MID,HIGH / LOW,LOW / LOW,HIGH / MID,MID / MID,LOW / LOW,MID / MID,HIGH / HIGH,0.79110920141241603,0.74091184139251709,0.77215487736514177,0.79020683776427414,0.77215487736514177,-0.05019736001989894,0.065554367383342721,0.023491308196057645,-0.018954324047274262,0.024250864869673178,0.0082780341739350088,-0.00090236364814189063,0.0011412819749271608,0.00037780518630701337
389cbb6e-5acb-5a57-b583-ddffc626b705,450533a7-b9c4-5757-b9c0-44886eb4dfbd,2020-05-16,2020,KO_TKO,Middleweight,NO_MATCH,NO_MATCH,MATCH,MATCH,LOW / MID,LOW / MID,HIGH / MID,LOW / MID,LOW / MID,MID / MID,LOW / MID,HIGH / LOW,HIGH / HIGH,LOW / MID,MID / MID,HIGH / HIGH,HIGH / HIGH,HIGH / HIGH,HIGH / HIGH,HIGH / LOW,HIGH / MID,0.32649716979635363,0.41561299562454224,0.37307318734470279,0.40347720408644744,0.37307318734470279,0.089115825828188611,-0.24133324791754229,-0.11209789140940035,0.046576017548349169,-0.13335333274940564,-0.060568833866191607,0.076980034290093813,-0.21169871029777576,-0.097766616247799698
f7cfcff5-9087-5b2f-bace-16e6c6e49409,450533a7-b9c4-5757-b9c0-44886eb4dfbd,2020-05-16,2020,KO_TKO,Heavyweight,NO_MATCH,MATCH,NO_MATCH,NO_MATCH,HIGH / HIGH,HIGH / HIGH,HIGH / HIGH,HIGH / HIGH,HIGH / MID,HIGH / HIGH,HIGH / HIGH,LOW / LOW,HIGH / LOW,HIGH / MID,LOW / MID,LOW / MID,LOW / LOW,LOW / LOW,LOW / MID,HIGH / MID,LOW / LOW,0.95187632502951591,0.88472878932952881,0.90186088100052153,0.8739572741838183,0.90186088100052153,-0.067147535699987104,0.073153970362261109,0.010971563916771355,-0.050015444028994382,0.053974841425644904,0.0073153985853289995,-0.077919050845697613,0.085403626581558936,0.013570880638508359
fa9c56b3-ebf6-5dd6-98c8-66983fd6f160,e74609c6-2a42-5022-a06e-5edb10887783,2020-05-30,2020,SUBMISSION,Flyweight,NO_MATCH,NO_MATCH,MATCH,UNASSIGNABLE,LOW / MISSING,HIGH / LOW,HIGH / MISSING,LOW / MISSING,LOW / MISSING,LOW / MISSING,LOW / MISSING,LOW / MISSING,MID / MISSING,HIGH / MISSING,MID / MISSING,HIGH / MISSING,HIGH / MISSING,MID / MISSING,HIGH / MISSING,LOW / MISSING,HIGH / MISSING,0.53102438745981861,0.47241005301475525,0.47077888894674097,0.47591611066195988,0.47077888894674097,-0.058614334445063365,-0.1177685981798603,-0.058815641887671688,-0.060245498513077644,-0.12085555558994521,-0.060354137799147695,-0.055108276797858735,-0.11110099741784041,-0.055490755689468707
2a54e14a-8b81-5191-8b2a-1017719a4b63,7e985b10-850a-5f42-b999-73f3c4946039,2020-06-06,2020,KO_TKO,Flyweight,NO_MATCH,NO_MATCH,MATCH,NO_MATCH,HIGH / MID,HIGH / MID,HIGH / MID,MID / MID,HIGH / LOW,HIGH / MID,LOW / MID,LOW / MID,LOW / MID,HIGH / HIGH,HIGH / LOW,HIGH / MID,LOW / LOW,HIGH / HIGH,HIGH / LOW,HIGH / HIGH,HIGH / HIGH,0.66556281268013051,0.74389111995697021,0.76157233806086233,0.73937557237415841,0.76157233806086233,0.078328307276839704,-0.1112616624060942,-0.046256473825530456,0.096009525380731819,-0.13475214442029954,-0.055000482284661756,0.073812759694027896,-0.10517299129098073,-0.043923139987127935
48ebe4fd-d176-56aa-a4c8-69d504a0a051,7e985b10-850a-5f42-b999-73f3c4946039,2020-06-06,2020,SUBMISSION,Catch Weight,NO_MATCH,MATCH,NO_MATCH,NO_MATCH,HIGH / LOW,HIGH / LOW,LOW / MID,HIGH / LOW,HIGH / MID,HIGH / MID,HIGH / LOW,MID / MID,LOW / LOW,HIGH / MID,HIGH / LOW,HIGH / HIGH,MID / MID,LOW / MID,HIGH / LOW,HIGH / MID,HIGH / MID,0.82150170207326445,0.76098597049713135,0.8370746099455656,0.81129298534647398,0.8370746099455656,-0.060515731576133103,-0.29194318530772545,-0.095765399215809732,0.015572907872301145,0.091286699460644494,0.025828856106250186,-0.010208716726790468,-0.055616559508398389,-0.016668738436876551
a51d1938-1334-58aa-b0d7-2dc904b8392c,7e985b10-850a-5f42-b999-73f3c4946039,2020-06-06,2020,KO_TKO,Middleweight,NO_MATCH,NO_MATCH,MATCH,NO_MATCH,HIGH / LOW,HIGH / MID,HIGH / MID,MID / MID,LOW / MID,MID / MID,LOW / MID,MID / MID,HIGH / MID,HIGH / LOW,MID / MID,HIGH / MID,HIGH / LOW,HIGH / MID,HIGH / LOW,LOW / MID,HIGH / HIGH,0.48147731254555287,0.43848925828933716,0.38626641901076814,0.47868081908182697,0.38626641901076814,-0.042988054256215713,0.09352379681996803,0.046428535651476532,-0.095210893534784735,0.2203317757683968,0.10780313102888389,-0.002796493463725902,0.0058250850127017362,0.0029079109882125809
ddcb29de-c290-51f6-81e2-9738b9f94e6f,7e985b10-850a-5f42-b999-73f3c4946039,2020-06-06,2020,SUBMISSION,Bantamweight,NO_MATCH,NO_MATCH,NO_MATCH,MATCH,LOW / MID,HIGH / MID,HIGH / HIGH,HIGH / LOW,LOW / MID,LOW / LOW,HIGH / LOW,HIGH / LOW,HIGH / MID,HIGH / MID,HIGH / HIGH,HIGH / MID,HIGH / LOW,HIGH / HIGH,LOW / MID,LOW / LOW,HIGH / MID,0.51120468050748202,0.5442277193069458,0.5435747532672407,0.57574199868294529,0.5435747532672407,0.033023038799463778,0.069950531969845797,0.03485358508928299,0.032370072759758672,0.068518898729021505,0.034143287016784818,0.064537318175463265,0.1416020684581859,0.070148623674675781
be1ece08-9555-5c4b-ad37-568a7af6ce02,9f327be9-aa05-5f6c-9dfd-b93a6140abaa,2020-06-13,2020,KO_TKO,Women's Bantamweight,MATCH,NO_MATCH,NO_MATCH,NO_MATCH,LOW / LOW,LOW / MID,MID / MID,HIGH / LOW,HIGH / LOW,HIGH / MID,LOW / LOW,MID / MID,LOW / MID,HIGH / LOW,LOW / MID,LOW / LOW,LOW / MID,LOW / LOW,HIGH / LOW,LOW / MID,LOW / MID,0.63133532421585215,0.65336489677429199,0.67806200693338448,0.68609255095900101,0.67806200693338448,0.022029572558439847,-0.034298635248777187,-0.015757748382733611,0.046726682717532331,-0.071401600882600724,-0.032269571791270671,0.054757226743148868,-0.083175394030281735,-0.037375756607603478
3fa68c63-53d5-5a2f-987f-9a50e95fd9b1,e064ba11-9990-540f-bdb8-4044dd8f45ac,2020-06-20,2020,SUBMISSION,Women's Flyweight,NO_MATCH,NO_MATCH,MATCH,NO_MATCH,HIGH / MID,HIGH / MID,HIGH / MID,LOW / LOW,LOW / MID,HIGH / LOW,LOW / MID,HIGH / LOW,LOW / MID,MID / MID,HIGH / LOW,HIGH / HIGH,LOW / MID,HIGH / HIGH,HIGH / LOW,LOW / LOW,HIGH / LOW,0.42598526377518509,0.48921272158622742,0.45597734559473502,0.50191420673933496,0.45597734559473502,0.063227457811042331,0.11670185022702029,0.057865642008189638,0.029992081819549932,0.053664178739379897,0.026451894742006404,0.07592894296414987,0.14188273104481808,0.070454425973161844
426516c9-3b40-5ca4-b7be-6ae6a01d8107,e064ba11-9990-540f-bdb8-4044dd8f45ac,2020-06-20,2020,SUBMISSION,Catch Weight,NO_MATCH,NO_MATCH,NO_MATCH,MATCH,HIGH / MID,HIGH / MID,MID / MID,LOW / LOW,LOW / LOW,LOW / LOW,LOW / LOW,LOW / MID,LOW / MID,HIGH / MID,LOW / LOW,HIGH / HIGH,HIGH / MID,HIGH / HIGH,HIGH / HIGH,LOW / LOW,MID / MID,0.50025738641290463,0.34209609031677246,0.34895073793240483,0.34830129587749881,0.34895073793240483,-0.15816129609613216,-0.27496569368989532,-0.13322771765064884,-0.15130664848049979,-0.2644921176690655,-0.1284908351571003,-0.15195609053540582,-0.26548915182388355,-0.12894365995072521
2076dcde-876d-51ed-a914-2680c142cff4,d1b1246c-038d-5d50-97f1-942ec74613d0,2020-06-27,2020,KO_TKO,Welterweight,NO_MATCH,MATCH,NO_MATCH,NO_MATCH,MID / MID,LOW / LOW,HIGH / MID,HIGH / MID,HIGH / MID,HIGH / MID,HIGH / MID,HIGH / MID,LOW / MID,LOW / MID,LOW / LOW,LOW / MID,HIGH / HIGH,MID / MID,MID / MID,HIGH / MID,MID / MID,0.70048075474770055,0.68823879957199097,0.71778287425552489,0.75786551816741177,0.71778287425552489,-0.012241955175709585,0.017631021694219706,0.0074832678158061189,0.017302119507824343,-0.024400227965134802,-0.010065272213034229,0.057384763419711216,-0.078739061430409207,-0.031082670984171099
860b3e04-27f6-508d-9bba-b4f36ea9d448,d1b1246c-038d-5d50-97f1-942ec74613d0,2020-06-27,2020,KO_TKO,Heavyweight,NO_MATCH,MATCH,NO_MATCH,NO_MATCH,MID / MID,LOW / LOW,LOW / LOW,LOW / MID,MID / MID,HIGH / HIGH,HIGH / MID,MID / MID,LOW / MID,HIGH / MID,LOW / MID,LOW / LOW,LOW / LOW,LOW / LOW,MID / MID,LOW / MID,LOW / LOW,0.68316412054867071,0.75493127107620239,0.76739260160221445,0.76879477465918544,0.76739260160221445,0.071767150527531687,-0.099891589084246724,-0.040326292611371481,0.084228481053543747,-0.1162634125700116,-0.046278772718311149,0.085630654110514737,-0.11808893654975289,-0.046929118282800435
9bbc4102-6fdd-53c4-927c-8f0c113510c7,d1b1246c-038d-5d50-97f1-942ec74613d0,2020-06-27,2020,SUBMISSION,Lightweight,MATCH,NO_MATCH,NO_MATCH,NO_MATCH,HIGH / MID,LOW / MID,HIGH / MID,HIGH / MID,LOW / MID,LOW / MID,HIGH / MID,LOW / MID,LOW / MID,LOW / LOW,MID / MID,HIGH / MID,HIGH / MID,HIGH / MID,LOW / MID,LOW / MID,MID / MID,0.58288367410806063,0.52425235509872437,0.57807164259472577,0.51116325961523945,0.57807164259472577,-0.058631319009336269,-0.13152241400721287,-0.064912845715152823,-0.004812031513334869,-0.011470388571321211,-0.0055865535695474589,-0.071720414492821183,-0.15866342761549679,-0.078465499561235108
eb1528bd-66b8-575c-a219-9298f66f9b1d,d1b1246c-038d-5d50-97f1-942ec74613d0,2020-06-27,2020,SUBMISSION,Heavyweight,NO_MATCH,MATCH,NO_MATCH,NO_MATCH,HIGH / MID,HIGH / MID,LOW / LOW,HIGH / MID,HIGH / HIGH,HIGH / HIGH,HIGH / HIGH,HIGH / MID,LOW / MID,MID / MID,HIGH / MID,LOW / MID,HIGH / LOW,HIGH / LOW,LOW / MID,HIGH / LOW,LOW / LOW,0.84315350145983348,0.79335838556289673,0.76002896209197335,0.77015568943223778,0.76002896209197335,-0.049795115896936748,-0.27571835079032492,-0.081490299081011464,-0.083124539367860129,-0.42525062990963014,-0.13326380380537506,-0.072997812027595699,-0.38213455837356514,-0.11776804105913186
1cf95278-5c7a-5ef1-b09a-909448b52f4f,5611546a-d119-5d2d-9b5c-70c794dfd567,2020-07-11,2020,KO_TKO,Bantamweight,NO_MATCH,MATCH,NO_MATCH,NO_MATCH,MID / MID,HIGH / MID,MID / MID,HIGH / MID,MID / MID,HIGH / LOW,HIGH / HIGH,MID / MID,LOW / MID,HIGH / HIGH,HIGH / MID,LOW / LOW,LOW / LOW,LOW / LOW,HIGH / HIGH,HIGH / HIGH,LOW / MID,0.90768662082968066,0.90197670459747314,0.90059917772232589,0.89456025738082179,0.90059917772232589,-0.0057099162322075125,0.0063104944444470346,0.0010868064677278938,-0.0070874431073547628,0.0078388929510699451,0.0013587634956346035,-0.013126363448858869,0.01456692278887424,0.0025957793497553977
b350cae4-add7-594d-a000-8e4582be4119,5611546a-d119-5d2d-9b5c-70c794dfd567,2020-07-11,2020,KO_TKO,Bantamweight,NO_MATCH,NO_MATCH,NO_MATCH,MATCH,LOW / LOW,LOW / MID,HIGH / MID,HIGH / LOW,HIGH / HIGH,LOW / MID,LOW / LOW,LOW / MID,HIGH / HIGH,HIGH / MID,HIGH / MID,HIGH / LOW,HIGH / HIGH,LOW / MID,HIGH / MID,HIGH / MID,HIGH / LOW,0.56453885989828734,0.67835628986358643,0.7004067715122041,0.66811260145273033,0.7004067715122041,0.11381742996529909,-0.18366343046534223,-0.086171728268366193,0.13586791161391676,-0.21565204770787733,-0.09987030198294275,0.10357374155444299,-0.16844750365881278,-0.079477159224209212
c4bb98a4-acec-5029-a4e8-6afe0e99610d,5611546a-d119-5d2d-9b5c-70c794dfd567,2020-07-11,2020,SUBMISSION,Women's Flyweight,NO_MATCH,NO_MATCH,NO_MATCH,MATCH,LOW / LOW,HIGH / LOW,HIGH / HIGH,LOW / MID,LOW / LOW,LOW / MID,LOW / MID,LOW / LOW,HIGH / MID,HIGH / LOW,HIGH / MID,HIGH / HIGH,HIGH / LOW,HIGH / HIGH,HIGH / LOW,HIGH / LOW,MID / MID,0.38994341168982738,0.36877787113189697,0.31725440861273102,0.33983652136005316,0.31725440861273102,-0.021165540557930407,-0.034106106740382558,-0.016058746083728204,-0.072689003077096359,-0.11257058260609448,-0.051405504536088512,-0.050106890329774223,-0.07893577867186985,-0.036567003070200346
cce4cf49-1fad-57c7-8a03-5a4cdbc732d5,5611546a-d119-5d2d-9b5c-70c794dfd567,2020-07-11,2020,SUBMISSION,Featherweight,MATCH,NO_MATCH,NO_MATCH,MATCH,HIGH / HIGH,LOW / MID,HIGH / HIGH,HIGH / MID,HIGH / HIGH,LOW / MID,LOW / MID,HIGH / LOW,HIGH / MID,LOW / LOW,HIGH / LOW,HIGH / HIGH,HIGH / HIGH,HIGH / HIGH,LOW / LOW,MID / MID,HIGH / MID,0.52993640153648058,0.51295477151870728,0.538491490121213,0.44543758080778922,0.538491490121213,-0.016981630017773308,-0.035488988965553525,-0.017709992049624812,0.0085550885847324176,0.018367508049326409,0.0091404952595304234,-0.08449882072869136,-0.16531136745149566,-0.082417951277538232
86b85de6-356d-5d51-8a60-31ecb9c413dc,ceb5d9f1-15f9-5880-aded-313537ac3db0,2020-07-15,2020,SUBMISSION,Bantamweight,NO_MATCH,NO_MATCH,MATCH,NO_MATCH,LOW / LOW,LOW / LOW,HIGH / HIGH,LOW / MID,LOW / MID,MID / MID,LOW / LOW,LOW / MID,HIGH / MID,HIGH / LOW,LOW / MID,HIGH / MID,MID / MID,HIGH / MID,HIGH / LOW,LOW / MID,HIGH / LOW,0.41632541266558454,0.42188945412635803,0.33170698514212654,0.38882561188667858,0.33170698514212654,0.0055640414607734945,0.0095785078365799858,0.004663862271867103,-0.084618427523457995,-0.13538310829822708,-0.063297325239090291,-0.027499800778905958,-0.046038718650806332,-0.022141492772119242
82513857-2b58-5f48-95e1-426e2587b9f2,cd15f53b-d419-5854-9d48-b27f6917ea5f,2020-07-18,2020,SUBMISSION,Women's Flyweight,MATCH,NO_MATCH,NO_MATCH,MATCH,LOW / MID,LOW / LOW,LOW / LOW,HIGH / MID,LOW / MID,MID / MID,LOW / MID,HIGH / HIGH,LOW / MID,LOW / MID,HIGH / MID,HIGH / MID,HIGH / MID,MID / MID,HIGH / MID,LOW / MID,LOW / LOW,0.46704767208246872,0.48969915509223938,0.48286503061412467,0.46110227015777283,0.48286503061412467,0.022651483009770657,0.043431535333973592,0.021671734500399886,0.015817358531655945,0.030128076031033957,0.015025109792326324,-0.0059454019246958922,-0.01109383324306068,-0.0055182244530015134
6971789e-a79a-56b8-aa47-11cebab502e1,2ca9bec6-a64a-55af-90b7-f1ab9c80ebb2,2020-07-25,2020,KO_TKO,Heavyweight,MATCH,MATCH,NO_MATCH,NO_MATCH,HIGH / MID,LOW / LOW,LOW / LOW,HIGH / HIGH,MID / MID,HIGH / HIGH,HIGH / MID,LOW / MID,HIGH / LOW,HIGH / LOW,LOW / MID,LOW / LOW,HIGH / LOW,LOW / LOW,LOW / MID,MID / MID,LOW / LOW,0.67770532574126319,0.79783767461776733,0.75772269895511124,0.74430810479598075,0.75772269895511124,0.12013234887650415,-0.16319259082812757,-0.063004251251593549,0.080017373213848053,-0.1116049155322531,-0.045175566453949607,0.066602779054717565,-0.093742497794742141,-0.038495511782522099
90cf7347-7036-53a1-a3a4-51f6c249e1d7,2ca9bec6-a64a-55af-90b7-f1ab9c80ebb2,2020-07-25,2020,SUBMISSION,Light Heavyweight,NO_MATCH,NO_MATCH,NO_MATCH,MATCH,HIGH / MID,HIGH / MID,HIGH / MID,MID / MID,HIGH / HIGH,HIGH / HIGH,LOW / MID,HIGH / LOW,HIGH / MID,LOW / LOW,LOW / LOW,HIGH / HIGH,HIGH / MID,HIGH / HIGH,LOW / MID,LOW / MID,HIGH / HIGH,0.71990689486080373,0.60239237546920776,0.65534826855153838,0.55697115221197879,0.65534826855153838,-0.11751451939159596,-0.35034358473230032,-0.15538936324468933,-0.064558626309265343,-0.20741236685528452,-0.088784584174625036,-0.16293574264882493,-0.45851282083374745,-0.20804907287178503
93d59fdd-287e-5cff-9c60-efdf6c859d14,2ca9bec6-a64a-55af-90b7-f1ab9c80ebb2,2020-07-25,2020,SUBMISSION,Heavyweight,NO_MATCH,MATCH,NO_MATCH,NO_MATCH,HIGH / HIGH,HIGH / HIGH,MID / MID,HIGH / MID,HIGH / LOW,HIGH / HIGH,HIGH / HIGH,MID / MID,HIGH / LOW,LOW / MID,HIGH / MID,MID / MID,LOW / MID,HIGH / MID,LOW / MID,HIGH / LOW,MID / MID,0.82876879203439213,0.75746148824691772,0.75473988354700783,0.7901867284752393,0.75473988354700783,-0.071307303787474408,-0.3481457725076027,-0.11310980447291008,-0.074028908487384304,-0.35930461053455409,-0.11722541883359461,-0.038582063559152835,-0.20320321533048458,-0.062462644791744015
14a78965-52fc-5b5e-b9ff-d294194342db,2255f38e-dee5-5028-a5a3-5ac1a0821c96,2020-08-01,2020,KO_TKO,Middleweight,NO_MATCH,MATCH,NO_MATCH,NO_MATCH,HIGH / HIGH,HIGH / MID,HIGH / HIGH,HIGH / HIGH,HIGH / MID,HIGH / MID,HIGH / HIGH,LOW / MID,HIGH / MID,HIGH / MID,LOW / MID,HIGH / MID,LOW / MID,HIGH / MID,LOW / MID,HIGH / MID,HIGH / HIGH,0.88144406064358571,0.81040143966674805,0.8717993051275128,0.87765052001518706,0.8717993051275128,-0.071042620976837667,0.084031811121085404,0.021892103323760001,-0.0096447555160729115,0.011002297794012683,0.002379907409106782,-0.0037935406283986506,0.0043130671322626213,0.00091388449587235902
3e061487-8a1f-584d-9387-0a6e8f849fa6,2255f38e-dee5-5028-a5a3-5ac1a0821c96,2020-08-01,2020,KO_TKO,Welterweight,NO_MATCH,NO_MATCH,NO_MATCH,MATCH,HIGH / LOW,HIGH / HIGH,HIGH / MID,HIGH / MID,LOW / MID,LOW / MID,HIGH / MID,HIGH / LOW,HIGH / MID,LOW / MID,HIGH / MID,HIGH / MID,HIGH / LOW,HIGH / HIGH,HIGH / HIGH,HIGH / MID,LOW / LOW,0.72504162499030333,0.71686577796936035,0.73731879677837509,0.70836438892546116,0.73731879677837509,-0.0081758470209429834,0.011340443395538802,0.0045628796969225671,0.01227717178807175,-0.01679129175510613,-0.0066006934620123775,-0.016677236064842171,0.023270432068086155,0.0094492216588466932
1d4ed905-bd73-5e6a-bbe7-928bf9bb538e,f3411e04-172d-5edf-974c-50959ed7a1da,2020-08-08,2020,SUBMISSION,Middleweight,NO_MATCH,NO_MATCH,NO_MATCH,MATCH,LOW / MID,HIGH / LOW,MID / MID,LOW / MID,LOW / MID,LOW / MID,HIGH / MID,LOW / LOW,LOW / MID,LOW / MID,LOW / MID,HIGH / LOW,HIGH / MID,LOW / MID,HIGH / HIGH,LOW / MID,MID / MID,0.72329857742675308,0.60678344964981079,0.61754336731403436,0.62371625416847998,0.61754336731403436,-0.11651512777694228,-0.3514214508257173,-0.15497467733864023,-0.10575521011271871,-0.32367624024871455,-0.14180102159400831,-0.099582323258273098,-0.30740447396759241,-0.13413886639360478
3841c37b-fcd5-5b0e-b19f-5b673ae972a4,f3411e04-172d-5edf-974c-50959ed7a1da,2020-08-08,2020,KO_TKO,Middleweight,NO_MATCH,NO_MATCH,NO_MATCH,MATCH,MID / MID,LOW / MID,HIGH / HIGH,MID / MID,HIGH / LOW,MID / MID,HIGH / MID,LOW / MID,HIGH / MID,MID / MID,LOW / MID,HIGH / HIGH,HIGH / HIGH,HIGH / MID,HIGH / MID,LOW / MID,MID / MID,0.43491396407078814,0.48323914408683777,0.528772679305749,0.45811511914922382,0.528772679305749,0.048325180016049629,-0.10536342567136681,-0.052280445798086439,0.093858715234960866,-0.19541039396307103,-0.09726704023350799,0.023201155078435676,-0.051972276603215239,-0.025683003907530588
ee326788-0947-54c5-9981-6bec19f76b4e,f3411e04-172d-5edf-974c-50959ed7a1da,2020-08-08,2020,KO_TKO,Heavyweight,NO_MATCH,MATCH,MATCH,NO_MATCH,HIGH / HIGH,HIGH / HIGH,HIGH / MID,MID / MID,HIGH / MID,HIGH / HIGH,HIGH / MID,LOW / MID,HIGH / HIGH,LOW / LOW,LOW / MID,HIGH / LOW,LOW / MID,HIGH / LOW,HIGH / LOW,LOW / LOW,HIGH / LOW,0.69640583001238521,0.73077285289764404,0.76386897776855289,0.75479654301254662,0.76386897776855289,0.034367022885258836,-0.048170097209308482,-0.019686163313595129,0.067463147756167685,-0.092463699889941686,-0.036411560390400576,0.058390713000161409,-0.080515653977052515,-0.032044684731870839
62d97ffc-fa28-51ee-8bb2-e2eeaedb89cb,2eb2e789-af65-5d38-aba7-4d4d30da01a8,2020-08-15,2020,KO_TKO,Featherweight,MATCH,NO_MATCH,MATCH,NO_MATCH,HIGH / HIGH,HIGH / LOW,HIGH / MID,HIGH / MID,MID / MID,HIGH / LOW,LOW / MID,LOW / MID,MID / MID,LOW / MID,LOW / MID,HIGH / HIGH,LOW / MID,HIGH / HIGH,HIGH / LOW,LOW / MID,HIGH / HIGH,0.46907667293849498,0.67518579959869385,0.69984504614461562,0.66507978875972007,0.69984504614461562,0.20610912666019887,-0.36422167483075868,-0.17637531443571797,0.23076837320612065,-0.40009271105874078,-0.19178658289412992,0.19600311582122509,-0.34914077972599444,-0.16970803132082413
6c370001-34f4-586a-a495-e3ee59546204,2eb2e789-af65-5d38-aba7-4d4d30da01a8,2020-08-15,2020,KO_TKO,Heavyweight,MATCH,MATCH,NO_MATCH,NO_MATCH,HIGH / HIGH,HIGH / MID,LOW / MID,HIGH / HIGH,HIGH / HIGH,HIGH / HIGH,HIGH / HIGH,MID / MID,MID / MID,LOW / MID,HIGH / MID,LOW / LOW,LOW / LOW,LOW / LOW,HIGH / MID,HIGH / HIGH,LOW / LOW,0.94595461067128206,0.8775971531867981,0.89717494255053909,0.89989594597579037,0.89717494255053909,-0.068357457484483963,0.075006922544012367,0.012061552800283473,-0.048779668120742969,0.052943713881004037,0.0076520883317922374,-0.046058664695491691,0.049915446580014303,0.0070999175243891821
1bfe5451-e50d-5c95-9c35-3138a4e08589,98bcbf56-b0b3-5cb0-8397-205560a0e300,2020-08-22,2020,KO_TKO,Light Heavyweight,NO_MATCH,MATCH,NO_MATCH,NO_MATCH,HIGH / MID,LOW / MID,LOW / MID,HIGH / MID,HIGH / HIGH,HIGH / HIGH,HIGH / MID,MID / MID,HIGH / LOW,LOW / MID,HIGH / LOW,LOW / MID,HIGH / MID,LOW / MID,MID / MID,LOW / LOW,LOW / LOW,0.92198531022402996,0.7980380654335022,0.78858665076679912,0.80243358492534345,0.78858665076679912,-0.12394724479052777,0.14437299356113284,0.034702331193001493,-0.13339865945723084,0.15628699737963248,0.038609312413158514,-0.11955172529868652,0.13888019955605735,0.032946196544610631
b220d9b3-eb44-57f5-ab6e-d411e140078e,9094f27f-f4e3-5081-b2a2-cf73538027b6,2020-08-29,2020,SUBMISSION,Women's Strawweight,NO_MATCH,NO_MATCH,NO_MATCH,MATCH,MID / MID,MID / MID,MID / MID,LOW / LOW,HIGH / LOW,LOW / LOW,LOW / LOW,MID / MID,LOW / LOW,MID / MID,MID / MID,HIGH / MID,HIGH / MID,HIGH / HIGH,LOW / MID,MID / MID,LOW / MID,0.36486558222242421,0.39771509170532227,0.34727931548234769,0.35732367077649002,0.34727931548234769,0.032849509482898054,0.053106055086227399,0.025050401079664303,-0.017586266740076517,-0.027312637804798701,-0.012523970128620623,-0.0075419114459341907,-0.011804563457372796,-0.0054466873933231574
4130acff-c6ad-5f6b-a6f9-e0323df5a7a8,2506d7db-5b61-59e3-9ecc-d9fc61827ca3,2020-09-05,2020,SUBMISSION,Middleweight,NO_MATCH,NO_MATCH,NO_MATCH,MATCH,LOW / MID,LOW / MID,HIGH / MID,LOW / MID,HIGH / MID,HIGH / MID,LOW / MID,LOW / LOW,HIGH / HIGH,LOW / MID,LOW / LOW,HIGH / LOW,HIGH / MID,MID / MID,HIGH / MID,HIGH / LOW,HIGH / HIGH,0.42125695611833885,0.56431823968887329,0.50374228544773836,0.48853046639908465,0.50374228544773836,0.14306128357053444,0.28394651682371796,0.14099765256746058,0.082485329329399504,0.15376320853944025,0.076298867070022619,0.067273510280745796,0.12357056535207622,0.061204593522019124
82db7956-b899-5832-8658-27bc91821e5e,2506d7db-5b61-59e3-9ecc-d9fc61827ca3,2020-09-05,2020,SUBMISSION,Welterweight,MATCH,MATCH,NO_MATCH,NO_MATCH,HIGH / MID,LOW / LOW,LOW / LOW,HIGH / LOW,HIGH / LOW,HIGH / MID,HIGH / MID,MID / MID,HIGH / LOW,LOW / MID,LOW / MID,LOW / LOW,HIGH / MID,LOW / MID,HIGH / MID,HIGH / MID,LOW / MID,0.74410110374921368,0.75066405534744263,0.75401901791776893,0.75460480840615074,0.75401901791776893,0.0065629515982289499,0.025981267494261662,0.009810071389870334,0.009917914168555253,0.039528205616148115,0.014858226780878669,0.010503704656937063,0.04191249202348013,0.015741964268885411
be08338f-4e70-58b7-bb26-93243b627503,2506d7db-5b61-59e3-9ecc-d9fc61827ca3,2020-09-05,2020,KO_TKO,Light Heavyweight,MATCH,NO_MATCH,NO_MATCH,NO_MATCH,HIGH / HIGH,HIGH / LOW,MID / MID,HIGH / MID,HIGH / MID,LOW / MID,HIGH / HIGH,HIGH / MID,MID / MID,LOW / LOW,LOW / MID,LOW / MID,HIGH / LOW,HIGH / LOW,LOW / LOW,HIGH / HIGH,LOW / MID,0.83924723901459786,0.77504426240921021,0.83155321360016599,0.82045196996168268,0.83155321360016599,-0.064202976605387652,0.079585205521454233,0.024763633710586447,-0.0076940254144318709,0.009210052330901719,0.0025328696840014771,-0.018795269052915176,0.022649974737095985,0.0063960449262106707
ce5fae59-8f56-55df-9c54-82f82046cd52,2506d7db-5b61-59e3-9ecc-d9fc61827ca3,2020-09-05,2020,KO_TKO,Heavyweight,NO_MATCH,MATCH,NO_MATCH,NO_MATCH,HIGH / HIGH,HIGH / MID,HIGH / LOW,HIGH / MID,HIGH / LOW,HIGH / HIGH,HIGH / HIGH,HIGH / LOW,HIGH / MID,MID / MID,HIGH / MID,LOW / MID,LOW / LOW,LOW / LOW,HIGH / LOW,MID / MID,LOW / LOW,0.93313815054203553,0.87062251567840576,0.88519984484380199,0.86214719917173577,0.88519984484380199,-0.062515634863629765,0.069344770168518449,0.012268026536444859,-0.047938305698233541,0.05273982830762533,0.0087085687109476322,-0.07099095137029976,0.079127240420926753,0.014532887783257585
5addf1ef-ffeb-5ab2-81a3-68235c222429,1c430f01-57bc-51da-b947-a25026b16490,2020-09-12,2020,KO_TKO,Lightweight,MATCH,NO_MATCH,NO_MATCH,MATCH,HIGH / HIGH,LOW / LOW,MID / MID,HIGH / HIGH,MID / MID,MID / MID,HIGH / HIGH,MID / MID,MID / MID,LOW / MID,HIGH / MID,HIGH / MID,HIGH / HIGH,HIGH / MID,MID / MID,MID / MID,LOW / MID,0.43598981100992262,0.50776916742324829,0.47064543154155725,0.47462128373494605,0.47064543154155725,0.071779356413325668,-0.15240807564106607,-0.075816300745420617,0.034655620531634623,-0.076486137413259936,-0.037891234136798624,0.03863147272502343,-0.084898314791239105,-0.042084697780306712
83856cba-5ee4-588a-8007-50b61411003d,1c430f01-57bc-51da-b947-a25026b16490,2020-09-12,2020,KO_TKO,Featherweight,NO_MATCH,NO_MATCH,NO_MATCH,MATCH,HIGH / LOW,LOW / LOW,HIGH / LOW,LOW / LOW,LOW / LOW,HIGH / MID,LOW / MID,HIGH / LOW,HIGH / LOW,LOW / LOW,HIGH / LOW,HIGH / HIGH,HIGH / LOW,HIGH / LOW,HIGH / LOW,LOW / MID,HIGH / MID,0.25583230601900914,0.36774984002113342,0.29125680004849303,0.32646635550762992,0.29125680004849303,0.11191753400212429,-0.36288074923643721,-0.15404529197168337,0.035424494029483888,-0.12968317718903544,-0.051468633287483856,0.070634049488620787,-0.2438047222641484,-0.10013798650181138
b0e6ef56-87e4-54ab-8ae7-04f6befaa164,1c430f01-57bc-51da-b947-a25026b16490,2020-09-12,2020,SUBMISSION,Light Heavyweight,MATCH,MATCH,MATCH,MATCH,HIGH / MID,HIGH / MID,HIGH / MID,HIGH / MID,HIGH / MID,HIGH / HIGH,HIGH / MID,MID / MID,HIGH / HIGH,LOW / LOW,HIGH / MID,HIGH / LOW,HIGH / HIGH,HIGH / LOW,HIGH / MID,LOW / MID,HIGH / LOW,0.69520792987502866,0.69165349006652832,0.75761666034990693,0.70543464441039172,0.75761666034990693,-0.0035544398085003426,-0.011594376026876629,-0.004929515439913601,0.062408730474878271,0.22910928580705492,0.090668938278623434,0.010226714535363057,0.03412890784475997,0.014323971773293032
c2c86eba-76da-5bb2-b932-6598854b7a66,1c430f01-57bc-51da-b947-a25026b16490,2020-09-12,2020,SUBMISSION,Catch Weight,MATCH,NO_MATCH,NO_MATCH,MATCH,HIGH / HIGH,LOW / MID,HIGH / LOW,HIGH / MID,HIGH / MID,HIGH / MID,HIGH / MID,HIGH / MID,LOW / MID,LOW / LOW,HIGH / LOW,HIGH / HIGH,HIGH / HIGH,LOW / MID,LOW / MID,HIGH / MID,LOW / LOW,0.50014476443258127,0.68812602758407593,0.67649816867541779,0.69369087098554083,0.67649816867541779,0.18798126315149466,0.47171935599386094,0.2233726444493182,0.17635340424283652,0.43511375273809005,0.2075049868318718,0.19354610655295956,0.48972371008004101,0.23106223909935603
3e507082-4f24-54a2-b000-64cbc6cf7f14,80421bb4-e9ab-5b1b-bbb0-a9b39ce49859,2020-09-19,2020,SUBMISSION,Women's Flyweight,NO_MATCH,NO_MATCH,NO_MATCH,MATCH,HIGH / MID,LOW / MID,LOW / MID,LOW / LOW,HIGH / MID,HIGH / MID,LOW / MID,HIGH / LOW,HIGH / LOW,HIGH / LOW,HIGH / LOW,HIGH / MID,HIGH / MID,HIGH / HIGH,MID / MID,MID / MID,LOW / MID,0.52969038736073892,0.59022694826126099,0.54152963739193993,0.53850953973742754,0.54152963739193993,0.060536560900522063,0.1377877540214405,0.067795943991431629,0.01183925003120101,0.025495578407577879,0.012682441711476311,0.0088191523766886215,0.018929845544103152,0.0094206179258464195
78a21a88-210f-53ad-b650-fce711326676,80421bb4-e9ab-5b1b-bbb0-a9b39ce49859,2020-09-19,2020,KO_TKO,Middleweight,NO_MATCH,MATCH,MATCH,MATCH,HIGH / MID,HIGH / LOW,HIGH / MID,MID / MID,HIGH / MID,HIGH / MID,HIGH / MID,LOW / MID,HIGH / MID,LOW / MID,HIGH / MID,HIGH / HIGH,HIGH / MID,HIGH / HIGH,HIGH / HIGH,LOW / MID,HIGH / HIGH,0.44164336144313954,0.57053589820861816,0.59392467747268518,0.53429776609216262,0.59392467747268518,0.12889253676547863,-0.25607340962308789,-0.12732272109303816,0.15228131602954564,-0.29624982390442001,-0.14686496825485379,0.092654404649023081,-0.19045061613967629,-0.094883565153766447
c464d9b7-2567-5783-980a-db823988a2c7,80421bb4-e9ab-5b1b-bbb0-a9b39ce49859,2020-09-19,2020,KO_TKO,Bantamweight,NO_MATCH,NO_MATCH,NO_MATCH,MATCH,HIGH / LOW,LOW / LOW,LOW / MID,HIGH / HIGH,MID / MID,MID / MID,HIGH / LOW,HIGH / MID,LOW / MID,HIGH / MID,HIGH / LOW,HIGH / MID,HIGH / MID,MID / MID,LOW / MID,LOW / MID,LOW / LOW,0.58156232410500586,0.55448263883590698,0.56247744211065365,0.5555817299626159,0.56247744211065365,-0.027079685269098874,0.047682647667399047,0.023395630490212732,-0.01908488199435221,0.033367114024051014,0.016335900053632252,-0.025980594142389957,0.045702417481189195,0.022417510134617097
f08dc9ad-749b-5493-a9b9-495d7ec44e8f,80421bb4-e9ab-5b1b-bbb0-a9b39ce49859,2020-09-19,2020,KO_TKO,Light Heavyweight,MATCH,MATCH,NO_MATCH,NO_MATCH,HIGH / HIGH,MID / MID,HIGH / MID,HIGH / MID,HIGH / LOW,HIGH / MID,HIGH / HIGH,MID / MID,HIGH / MID,LOW / LOW,LOW / MID,HIGH / LOW,LOW / MID,HIGH / LOW,LOW / MID,LOW / MID,LOW / MID,0.73375437262493481,0.72595804929733276,0.81687777624666003,0.74445054395178056,0.81687777624666003,-0.0077963233276020505,0.010682100590690802,0.0042122566485810337,0.083123403621725211,-0.10731515258246432,-0.037352985263973758,0.010696171326845749,-0.014472090968377649,-0.005581209609801227
856f4091-6fb9-5bb1-884a-6d996f93e5ad,c864e7d3-58ea-5d72-a5ea-4da455c4b9b6,2020-09-26,2020,SUBMISSION,Heavyweight,NO_MATCH,MATCH,NO_MATCH,NO_MATCH,HIGH / MID,LOW / LOW,HIGH / LOW,LOW / MID,HIGH / HIGH,HIGH / HIGH,HIGH / MID,HIGH / LOW,HIGH / MID,HIGH / LOW,MID / MID,HIGH / LOW,LOW / MID,HIGH / LOW,HIGH / MID,LOW / MID,LOW / MID,0.63752650875771366,0.66449546813964844,0.70285619022105794,0.73322819925067195,0.70285619022105794,0.026968959381934776,0.077315879912300822,0.035114177809331404,0.06532968146334428,0.19873511439155434,0.087566774763260857,0.095701690492958291,0.30655772990071006,0.13118354280758399
d4620dc5-7d37-5526-9480-2d6e35eea0fc,c864e7d3-58ea-5d72-a5ea-4da455c4b9b6,2020-09-26,2020,KO_TKO,Light Heavyweight,MATCH,NO_MATCH,NO_MATCH,NO_MATCH,HIGH / MID,HIGH / MID,MID / MID,HIGH / HIGH,LOW / LOW,MID / MID,HIGH / MID,LOW / MID,HIGH / MID,LOW / MID,HIGH / MID,MID / MID,LOW / LOW,HIGH / HIGH,HIGH / LOW,HIGH / MID,LOW / LOW,0.85591247213285937,0.80160409212112427,0.86561496833266327,0.83339396235860486,0.86561496833266327,-0.054308380011735102,0.065553283473299917,0.018599720576219319,0.0097024961998039005,-0.011272081646383492,-0.0027018789506329313,-0.022518509774254514,0.026661644360388426,0.0069963560917019468
e75cc6ff-4d8b-532a-a742-a688b28c95b4,c864e7d3-58ea-5d72-a5ea-4da455c4b9b6,2020-09-26,2020,SUBMISSION,Flyweight,NO_MATCH,NO_MATCH,NO_MATCH,MATCH,LOW / LOW,LOW / MID,MID / MID,LOW / MID,MID / MID,LOW / MID,LOW / LOW,HIGH / LOW,LOW / MID,HIGH / LOW,HIGH / LOW,HIGH / LOW,HIGH / MID,HIGH / LOW,HIGH / LOW,HIGH / MID,MID / MID,0.60752964912353957,0.57258111238479614,0.56848982913355262,0.4716681075946304,0.56848982913355262,-0.03494853673874343,-0.085303538600948969,-0.041243144304360546,-0.039039819989986957,-0.094830085998237501,-0.045911588735875253,-0.13586154152890917,-0.29726367513012075,-0.14662147084227126
6d5c1be0-313a-5018-8bb6-9625813f762b,f295a2a8-54bd-56f8-9ef8-29eae2172553,2020-10-03,2020,SUBMISSION,Women's Bantamweight,NO_MATCH,NO_MATCH,MATCH,NO_MATCH,HIGH / HIGH,HIGH / MID,HIGH / LOW,LOW / MID,LOW / LOW,LOW / MID,HIGH / HIGH,LOW / LOW,HIGH / MID,HIGH / LOW,LOW / LOW,HIGH / LOW,MID / MID,LOW / LOW,HIGH / LOW,HIGH / LOW,HIGH / LOW,0.64857330643918676,0.6201397180557251,0.66278002726890362,0.573683748116813,0.66278002726890362,-0.028433588383461661,-0.077802369685209594,-0.036074063915225052,0.014206720829716857,0.041265680844684516,0.018630030721109359,-0.074889558322373762,-0.19318030982709,-0.091534290972104304
065baee0-5b93-5486-badf-25a84a8cdf75,87771685-1753-522e-9f0a-67123836ddfe,2020-10-10,2020,KO_TKO,Middleweight,NO_MATCH,MATCH,NO_MATCH,NO_MATCH,MID / MID,LOW / LOW,LOW / LOW,MID / MID,HIGH / MID,HIGH / HIGH,HIGH / MID,HIGH / HIGH,LOW / MID,LOW / MID,HIGH / MID,MID / MID,MID / MID,MID / MID,LOW / LOW,MID / MID,LOW / MID,0.8061623664509725,0.71715188026428223,0.78790372591075875,0.79695115404677308,0.78790372591075875,-0.089010486186690274,0.11699752383537085,0.042430030658143866,-0.018258640540213755,0.022909262274784375,0.0074118013026514759,-0.0092112124041994203,0.011491779785225004,0.0036558056630502031
9793753c-8025-5ffc-87c9-e1ea12db3a8c,87771685-1753-522e-9f0a-67123836ddfe,2020-10-10,2020,KO_TKO,Heavyweight,MATCH,MATCH,NO_MATCH,NO_MATCH,HIGH / MID,LOW / LOW,MID / MID,HIGH / MID,HIGH / HIGH,HIGH / HIGH,HIGH / HIGH,MID / MID,HIGH / HIGH,HIGH / LOW,HIGH / MID,HIGH / MID,MID / MID,HIGH / LOW,HIGH / MID,LOW / LOW,LOW / MID,0.69220326946368482,0.68199461698532104,0.64023380045135359,0.65780185946601177,0.64023380045135359,-0.010208652478363778,0.014857889654567413,0.0063885962974676441,-0.051969469012331238,0.078046231635144625,0.034692891008831453,-0.034401409997673049,0.050975893937121874,0.022360740056074135
4fe956da-101f-5525-a035-c44c76d428b1,eb5817a3-fa80-5199-b9b3-0f3b108c0891,2020-10-17,2020,KO_TKO,Light Heavyweight,MATCH,MATCH,MATCH,NO_MATCH,HIGH / HIGH,LOW / MID,HIGH / LOW,HIGH / MID,HIGH / MID,HIGH / MID,HIGH / HIGH,LOW / MID,LOW / MID,LOW / MID,LOW / MID,HIGH / MID,HIGH / MID,HIGH / MID,HIGH / MID,MID / MID,HIGH / MID,0.46427155705414724,0.60528844594955444,0.58073795860911681,0.56137338207463594,0.58073795860911681,0.1410168888954072,-0.26523548127180696,-0.13120775368026999,0.11646640155496957,-0.2238300039234683,-0.11122430522993715,0.097101825020488697,-0.18991661602303445,-0.094611654628544484
0f023df3-b198-5395-9bee-eb9721d630d5,e18661a6-7892-5498-87ec-aea67db81c04,2020-10-24,2020,SUBMISSION,Lightweight,NO_MATCH,NO_MATCH,MATCH,NO_MATCH,HIGH / LOW,HIGH / MID,HIGH / LOW,HIGH / MID,LOW / MID,HIGH / LOW,HIGH / MID,HIGH / LOW,HIGH / HIGH,HIGH / MID,HIGH / HIGH,HIGH / LOW,LOW / LOW,HIGH / LOW,HIGH / LOW,HIGH / HIGH,HIGH / LOW,0.7947541308923467,0.8517119288444519,0.84448055250068388,0.84226411658194489,0.84448055250068388,0.056957797952105205,0.32505181332294564,0.093779081165487388,0.049726421608337179,0.27743783387603105,0.081513274981411032,0.047509985689598189,0.26328661161137679,0.077774713511114757
6986a8df-2705-5d9a-a1cd-6bac1d61d54a,e18661a6-7892-5498-87ec-aea67db81c04,2020-10-24,2020,KO_TKO,Heavyweight,MATCH,MATCH,NO_MATCH,NO_MATCH,HIGH / HIGH,HIGH / MID,LOW / MID,HIGH / MID,HIGH / HIGH,HIGH / HIGH,HIGH / HIGH,HIGH / MID,MID / MID,LOW / LOW,MID / MID,HIGH / LOW,MID / MID,HIGH / LOW,HIGH / MID,LOW / LOW,LOW / LOW,0.78845700030353505,0.70140719413757324,0.73115617956647794,0.709361284887563,0.73115617956647794,-0.087049806165961807,0.1169892768966479,0.044407222992218304,-0.057300820737057112,0.0754507825086837,0.027526559064713282,-0.079095715415972045,0.1057129049722082,0.039720422001629743
9ecfac50-786a-52d6-8681-4425780eef81,e18661a6-7892-5498-87ec-aea67db81c04,2020-10-24,2020,KO_TKO,Light Heavyweight,MATCH,MATCH,NO_MATCH,NO_MATCH,HIGH / HIGH,HIGH / MID,HIGH / MID,HIGH / MID,LOW / LOW,HIGH / MID,HIGH / HIGH,LOW / MID,HIGH / LOW,HIGH / LOW,HIGH / MID,LOW / LOW,MID / MID,LOW / LOW,HIGH / MID,HIGH / HIGH,LOW / MID,0.78553608997652491,0.81896787881851196,0.76635917645928398,0.76539883901342243,0.76635917645928398,0.033431788841987053,-0.041678461213989909,-0.013222139803088249,-0.019176913517240934,0.024715443254312019,0.0085932657222267811,-0.020137250963102482,0.025969345714082825,0.0090429360336928694
cade8cdb-5577-5f19-bed3-522cbbf49ead,e18661a6-7892-5498-87ec-aea67db81c04,2020-10-24,2020,KO_TKO,Heavyweight,NO_MATCH,MATCH,NO_MATCH,NO_MATCH,HIGH / LOW,HIGH / HIGH,HIGH / MID,HIGH / MID,HIGH / MID,HIGH / HIGH,HIGH / MID,LOW / MID,HIGH / LOW,MID / MID,HIGH / LOW,LOW / LOW,LOW / LOW,LOW / MID,HIGH / MID,MID / MID,LOW / LOW,0.8709264409139682,0.87291222810745239,0.89228531225503327,0.87849102176005955,0.89228531225503327,0.0019857871934841897,-0.002277490558170614,-0.00050868189052312787,0.021358871341065067,-0.024228418539285271,-0.0050575296991396557,0.0075645808460913511,-0.0086481679235436704,-0.0018955518622210208
7c7b27ff-9eec-5328-b018-adcb1f19452c,2cf67c16-ac00-5e8a-9342-c40614b3a288,2020-10-31,2020,KO_TKO,Middleweight,NO_MATCH,MATCH,NO_MATCH,NO_MATCH,HIGH / HIGH,HIGH / HIGH,HIGH / HIGH,HIGH / HIGH,HIGH / MID,HIGH / MID,HIGH / HIGH,LOW / MID,HIGH / HIGH,HIGH / MID,LOW / MID,LOW / MID,MID / MID,HIGH / LOW,HIGH / MID,HIGH / HIGH,LOW / LOW,0.91556618982429161,0.85473835468292236,0.90473618279889689,0.87932011956591039,0.90473618279889689,-0.060827835141369246,0.068747256410178148,0.013971877299436906,-0.010830007025394717,0.011899270116224672,0.0019461265669376308,-0.036246070258381224,0.040393643131859225,0.0074345652407986082
cd5523f5-6fcd-5b5b-9be4-3ff357884e1f,2cf67c16-ac00-5e8a-9342-c40614b3a288,2020-10-31,2020,SUBMISSION,Middleweight,NO_MATCH,MATCH,NO_MATCH,MATCH,MID / MID,HIGH / LOW,HIGH / HIGH,HIGH / MID,HIGH / LOW,HIGH / LOW,HIGH / MID,MID / MID,HIGH / MID,MID / MID,HIGH / LOW,HIGH / HIGH,HIGH / HIGH,HIGH / MID,MID / MID,LOW / MID,MID / MID,0.66508654945663137,0.51561665534973145,0.56396342802107402,0.52474720287893473,0.56396342802107402,-0.14946989410689993,-0.36900448576599287,-0.17647958299408445,-0.10112312143555735,-0.26385397865856175,-0.12428537012284707,-0.14033934657769664,-0.34997472507117811,-0.16698049133886234
e4ba6084-f20a-5e19-a049-57248c1b8a9b,2cf67c16-ac00-5e8a-9342-c40614b3a288,2020-10-31,2020,KO_TKO,Heavyweight,NO_MATCH,MATCH,NO_MATCH,NO_MATCH,HIGH / HIGH,MID / MID,LOW / MID,HIGH / LOW,HIGH / LOW,HIGH / MID,HIGH / HIGH,HIGH / LOW,MID / MID,LOW / MID,HIGH / HIGH,LOW / MID,HIGH / MID,HIGH / LOW,MID / MID,LOW / MID,LOW / LOW,0.64573191455511747,0.70243299007415771,0.73607452991569977,0.6794570896120582,0.73607452991569977,0.056701075519040245,-0.084165584162939622,-0.03695975096857626,0.090342615360582301,-0.1309469523740322,-0.055849222605563728,0.033725175056940726,-0.050909656951231175,-0.022758118964810489
04d271a0-bb2f-5c18-aab2-ea2b8a75ad0c,192563f4-506c-5590-84ad-b9c84724302e,2020-11-07,2020,SUBMISSION,Featherweight,NO_MATCH,NO_MATCH,NO_MATCH,MATCH,LOW / LOW,HIGH / LOW,HIGH / MID,LOW / LOW,MID / MID,MID / MID,LOW / MID,LOW / MID,HIGH / LOW,HIGH / MID,MID / MID,HIGH / LOW,HIGH / HIGH,LOW / LOW,LOW / MID,LOW / LOW,HIGH / LOW,0.65265253195766737,0.47688427567481995,0.47894155197531058,0.49949531940717773,0.47894155197531058,-0.17576825628284742,-0.40947708205178457,-0.19853671508485637,-0.17371097998235679,-0.40553659201287962,-0.19657031726223492,-0.15315721255048964,-0.36529132278863463,-0.17645975336107553
19cd7892-8918-5c86-9d71-96c7e3945026,192563f4-506c-5590-84ad-b9c84724302e,2020-11-07,2020,KO_TKO,Middleweight,NO_MATCH,MATCH,NO_MATCH,NO_MATCH,LOW / MID,LOW / MID,HIGH / LOW,LOW / MID,HIGH / MID,HIGH / MID,HIGH / MID,LOW / LOW,HIGH / LOW,HIGH / MID,MID / MID,LOW / MID,HIGH / LOW,LOW / MID,HIGH / LOW,HIGH / MID,LOW / MID,0.73434675678620809,0.7858012318611145,0.72564649660301261,0.74682083309237168,0.72564649660301261,0.051454475074906414,-0.067722537026699559,-0.024690533357790048,-0.008700260183195474,0.011918360787139759,0.0046981991961946856,0.012474076306163595,-0.016843970011300058,-0.0064719550739653631
590053f9-5099-53ca-9198-3106ff978569,192563f4-506c-5590-84ad-b9c84724302e,2020-11-07,2020,SUBMISSION,Heavyweight,MATCH,MATCH,NO_MATCH,MATCH,HIGH / MID,HIGH / LOW,HIGH / HIGH,HIGH / MID,LOW / MID,HIGH / MID,HIGH / HIGH,LOW / LOW,HIGH / LOW,HIGH / LOW,HIGH / MID,HIGH / HIGH,HIGH / MID,HIGH / MID,HIGH / HIGH,LOW / LOW,LOW / MID,0.5669297422992704,0.52236121892929077,0.47783452834356105,0.43876497003181447,0.47783452834356105,-0.044568523369979629,-0.097954785869212246,-0.048548089662222682,-0.089095213955709351,-0.18708456035115506,-0.093083496226203682,-0.12816477226745593,-0.25923979322882484,-0.12889463377649807
ee771517-62b7-5257-92d4-85c4b39bfce4,192563f4-506c-5590-84ad-b9c84724302e,2020-11-07,2020,SUBMISSION,Bantamweight,MATCH,NO_MATCH,NO_MATCH,NO_MATCH,LOW / MID,LOW / MID,LOW / MID,HIGH / LOW,HIGH / MID,HIGH / MID,LOW / MID,HIGH / LOW,LOW / LOW,HIGH / LOW,LOW / MID,LOW / MID,HIGH / HIGH,MID / MID,LOW / LOW,HIGH / LOW,LOW / MID,0.68423896169293863,0.74739736318588257,0.77008403499247946,0.74253044100249577,0.77008403499247946,0.063158401492943939,0.22316807107249281,0.090419861798579304,0.085845073299540831,0.31727184700148681,0.12484646425166757,0.058291479309557137,0.20408422399831982,0.083168499116730077
09f8b03a-35ce-53ca-bb52-90360bc242c6,43e9b4d6-2365-5287-949d-c80f04d1e213,2020-11-21,2020,KO_TKO,Light Heavyweight,MATCH,MATCH,NO_MATCH,MATCH,HIGH / HIGH,HIGH / HIGH,HIGH / MID,HIGH / MID,HIGH / HIGH,HIGH / HIGH,HIGH / LOW,LOW / MID,HIGH / MID,LOW / MID,LOW / MID,HIGH / LOW,HIGH / HIGH,HIGH / LOW,HIGH / LOW,LOW / LOW,HIGH / MID,0.69974069043333575,0.62081414461135864,0.63123365155935951,0.61051991443733789,0.63123365155935951,-0.078926545821977112,0.11967807107524464,0.053626259945365726,-0.068507038873976245,0.10303374244026675,0.045832966760793972,-0.08922077599599787,0.13639891127491538,0.061539084068448699
55b860ba-0deb-5acb-98fc-d3d5d3ecf9bc,43e9b4d6-2365-5287-949d-c80f04d1e213,2020-11-21,2020,KO_TKO,Middleweight,MATCH,MATCH,NO_MATCH,NO_MATCH,HIGH / LOW,LOW / MID,HIGH / LOW,HIGH / HIGH,HIGH / HIGH,HIGH / HIGH,HIGH / HIGH,HIGH / MID,HIGH / LOW,LOW / LOW,MID / MID,MID / MID,HIGH / MID,MID / MID,LOW / MID,MID / MID,MID / MID,0.84838173701120967,0.73505377769470215,0.78419079684558513,0.76930684505266511,0.78419079684558513,-0.11332795931650752,0.14338703260156893,0.047208403042110325,-0.064190940165624544,0.078678342003595553,0.023585514494405522,-0.079074891958544558,0.097840787876434132,0.030231234067817078
bf4a84ee-3242-5914-aefa-11ece2561236,43e9b4d6-2365-5287-949d-c80f04d1e213,2020-11-21,2020,SUBMISSION,Flyweight,MATCH,NO_MATCH,MATCH,NO_MATCH,HIGH / MID,HIGH / MID,HIGH / HIGH,HIGH / HIGH,LOW / LOW,LOW / MID,HIGH / MID,LOW / MID,HIGH / MID,HIGH / LOW,HIGH / LOW,HIGH / HIGH,LOW / LOW,HIGH / HIGH,HIGH / HIGH,HIGH / MID,HIGH / MID,0.56999247288035237,0.69630318880081177,0.72445879021344184,0.71769118350758132,0.72445879021344184,0.12631071592045939,0.3477728413052692,0.15994671159391965,0.15446631733308946,0.44506551425469598,0.19994911957726452,0.14769871062722895,0.42080114775892752,0.19018921574425346
e4c2a468-6878-549b-9050-e0a2b2dce52d,43e9b4d6-2365-5287-949d-c80f04d1e213,2020-11-21,2020,KO_TKO,Women's Flyweight,NO_MATCH,NO_MATCH,NO_MATCH,MATCH,HIGH / LOW,MID / MID,LOW / LOW,LOW / MID,LOW / LOW,MID / MID,LOW / LOW,HIGH / MID,HIGH / LOW,LOW / MID,MID / MID,HIGH / MID,HIGH / HIGH,HIGH / HIGH,HIGH / HIGH,LOW / LOW,LOW / LOW,0.28578323083164808,0.3833920955657959,0.29680807618888255,0.32153267339757041,0.29680807618888255,0.097608864734147816,-0.29382462443391921,-0.12990028555053823,0.01102484535723447,-0.037852132514534231,-0.015626711648098313,0.035749442565922329,-0.117865577212656,-0.049787680094230957
118ae057-f12d-5668-a069-99efdcec95ee,b050ecb0-01fa-5551-8292-26c9ae46c488,2020-11-28,2020,SUBMISSION,Light Heavyweight,MATCH,MATCH,NO_MATCH,NO_MATCH,LOW / MID,HIGH / HIGH,HIGH / LOW,HIGH / MID,HIGH / MID,HIGH / HIGH,HIGH / LOW,HIGH / LOW,HIGH / MID,LOW / LOW,LOW / MID,LOW / MID,HIGH / LOW,HIGH / LOW,LOW / MID,HIGH / LOW,HIGH / LOW,0.81380916627991318,0.74505668878555298,0.76745091294739121,0.80417961422665551,0.76745091294739121,-0.068752477494360198,-0.31426907599126763,-0.10717588961711499,-0.04635825333252197,-0.22232919436130905,-0.073304455337423136,-0.0096295520532576617,-0.050425704474649891,-0.015580507183474812
33ff15ee-393c-551c-b3eb-2afcbe3bf5aa,b050ecb0-01fa-5551-8292-26c9ae46c488,2020-11-28,2020,SUBMISSION,Catch Weight,MATCH,NO_MATCH,NO_MATCH,NO_MATCH,MID / MID,LOW / MID,HIGH / LOW,HIGH / LOW,HIGH / MID,HIGH / MID,MID / MID,HIGH / MID,HIGH / LOW,LOW / MID,HIGH / LOW,MID / MID,HIGH / HIGH,HIGH / MID,HIGH / LOW,HIGH / MID,LOW / LOW,0.72073572997337076,0.6873963475227356,0.73404546969424822,0.68768368867704843,0.73404546969424822,-0.033339382450635169,-0.11277756420454588,-0.046946253872650168,0.013309739720877456,0.048833182433043687,0.019362759118401796,-0.033052041296322332,-0.11185795468266257,-0.046551136787776004
36884e30-c2a2-5187-984c-16c81a8cf68b,b050ecb0-01fa-5551-8292-26c9ae46c488,2020-11-28,2020,SUBMISSION,Welterweight,MATCH,NO_MATCH,NO_MATCH,NO_MATCH,HIGH / MID,LOW / LOW,HIGH / HIGH,HIGH / HIGH,MID / MID,MID / MID,HIGH / HIGH,HIGH / MID,HIGH / LOW,HIGH / LOW,HIGH / MID,LOW / MID,HIGH / MID,LOW / MID,HIGH / MID,HIGH / MID,LOW / MID,0.78437316085364384,0.75084739923477173,0.7825036399298968,0.7423573785631673,0.7825036399298968,-0.033525761618872107,-0.14451624610126745,-0.05146943852991559,-0.0018695209237470367,-0.0086327979551770184,-0.002929308963998678,-0.042015782290476533,-0.17802411930855389,-0.064146777960358614
80705457-b71e-5f1e-9712-33a73785a2d9,b050ecb0-01fa-5551-8292-26c9ae46c488,2020-11-28,2020,KO_TKO,Flyweight,NO_MATCH,NO_MATCH,NO_MATCH,MATCH,LOW / LOW,LOW / LOW,HIGH / MID,LOW / MID,LOW / MID,LOW / LOW,LOW / LOW,LOW / MID,HIGH / LOW,HIGH / MID,HIGH / LOW,HIGH / MID,HIGH / HIGH,MID / MID,HIGH / MID,LOW / MID,LOW / MID,0.45708861986824312,0.42630776762962341,0.34676869736140653,0.37281968174169799,0.34676869736140653,-0.030780852238619705,0.069715744009725578,0.034370010805537143,-0.11031992250683659,0.27621930917989956,0.13195836807034461,-0.084268938126545123,0.20378241286615595,0.098602384934015963
3c3df0ae-40b5-593a-8d3f-4da773caae7b,0ba761df-75f9-5842-8dc9-9e61cf94ab0d,2020-12-05,2020,KO_TKO,Lightweight,NO_MATCH,MATCH,NO_MATCH,MATCH,HIGH / MID,HIGH / LOW,LOW / MID,HIGH / MID,HIGH / MID,HIGH / MID,HIGH / MID,HIGH / MID,LOW / MID,HIGH / HIGH,HIGH / MID,HIGH / HIGH,HIGH / MID,HIGH / MID,LOW / MID,LOW / MID,LOW / MID,0.43256774693669076,0.52252852916717529,0.52069842538989286,0.47857649022316373,0.52069842538989286,0.089960782230484537,-0.18894062920409249,-0.094000356357242465,0.088130678453202105,-0.1854320817175561,-0.092249362392775341,0.046008743286472975,-0.1010770978724137,-0.050096885268508973
54498a96-5e6e-548f-8bd7-3c1bd4a4c425,0ba761df-75f9-5842-8dc9-9e61cf94ab0d,2020-12-05,2020,KO_TKO,Bantamweight,NO_MATCH,NO_MATCH,NO_MATCH,MATCH,LOW / MID,HIGH / MID,HIGH / MID,MID / MID,HIGH / MID,LOW / MID,LOW / MID,LOW / MID,MID / MID,HIGH / LOW,HIGH / MID,HIGH / HIGH,HIGH / HIGH,HIGH / HIGH,LOW / MID,LOW / LOW,HIGH / HIGH,0.41792626488913731,0.50529754161834717,0.49417496946748263,0.45124323083907969,0.49417496946748263,0.087371276729209857,-0.18984242991602907,-0.094079310777059777,0.076248704578345317,-0.16758462650543215,-0.082950871592688602,0.033316965949942379,-0.076701491446217962,-0.037675841405979127
64d341fc-1b4f-5057-afb0-03a95cc1d1d5,0ba761df-75f9-5842-8dc9-9e61cf94ab0d,2020-12-05,2020,KO_TKO,Featherweight,NO_MATCH,NO_MATCH,MATCH,MATCH,LOW / LOW,LOW / MID,MID / MID,LOW / LOW,LOW / MID,LOW / MID,LOW / LOW,LOW / MID,LOW / LOW,HIGH / LOW,LOW / LOW,HIGH / HIGH,HIGH / HIGH,HIGH / MID,HIGH / LOW,HIGH / LOW,HIGH / HIGH,0.23140793762849629,0.38763883709907532,0.35967657623966753,0.35757488507007529,0.35967657623966753,0.15623089947057903,-0.5158919571101741,-0.21574756451110855,0.12826863861117124,-0.44102311151246409,-0.18071967132432704,0.126166947441579,-0.4351626921251508,-0.1780237300477544
a08c25c2-2dd1-5175-a0fa-fdb607615ffb,0ba761df-75f9-5842-8dc9-9e61cf94ab0d,2020-12-05,2020,KO_TKO,Light Heavyweight,MATCH,MATCH,NO_MATCH,NO_MATCH,HIGH / MID,HIGH / LOW,LOW / MID,HIGH / MID,HIGH / MID,HIGH / LOW,HIGH / MID,LOW / MID,MID / MID,LOW / MID,HIGH / LOW,LOW / MID,HIGH / LOW,HIGH / MID,LOW / MID,HIGH / LOW,LOW / MID,0.82381825694349831,0.71757787466049194,0.77078665217652564,0.7488127825590859,0.77078665217652564,-0.10624038228300636,0.13806846576398873,0.048722250294857619,-0.053031604766972662,0.066538324074212674,0.021498752234017853,-0.075005474384412407,0.095460947877377023,0.032055011619281884
20fac4bd-b1c4-54f7-ac0a-25a72dfd348c,b393677a-f85f-560c-85f0-6fca8e21cf5b,2020-12-12,2020,KO_TKO,Middleweight,NO_MATCH,NO_MATCH,NO_MATCH,MATCH,HIGH / HIGH,HIGH / HIGH,HIGH / HIGH,HIGH / MID,HIGH / LOW,LOW / MID,HIGH / MID,MID / MID,HIGH / HIGH,HIGH / MID,HIGH / LOW,HIGH / HIGH,HIGH / LOW,HIGH / HIGH,HIGH / LOW,LOW / MID,HIGH / MID,0.55071530390179346,0.53302997350692749,0.49087662190082476,0.52150493424241928,0.49087662190082476,-0.017685330394865972,0.032640327731970009,0.016204267494883046,-0.059838682000968701,0.11502516879510194,0.057349875979058024,-0.02921036965937418,0.05449924975870013,0.027100789806293712
3a8c5ed1-6b0c-56d7-b959-3f4afca95977,b393677a-f85f-560c-85f0-6fca8e21cf5b,2020-12-12,2020,SUBMISSION,Featherweight,NO_MATCH,NO_MATCH,NO_MATCH,MATCH,HIGH / LOW,LOW / LOW,HIGH / LOW,LOW / LOW,HIGH / HIGH,MID / MID,HIGH / LOW,HIGH / MID,LOW / LOW,LOW / LOW,LOW / MID,HIGH / LOW,HIGH / HIGH,LOW / MID,LOW / LOW,LOW / LOW,MID / MID,0.55721231194639831,0.54139417409896851,0.48631179302192468,0.52303507485955891,0.48631179302192468,-0.015818137847429803,-0.035100678317760314,-0.017377908836346101,-0.070900518924473632,-0.14852608449731908,-0.073986400552451009,-0.034177237086839396,-0.074352560293458048,-0.036919871051305952
5076e9e8-d5fc-5f6e-8287-65bc331496a9,b393677a-f85f-560c-85f0-6fca8e21cf5b,2020-12-12,2020,KO_TKO,Heavyweight,NO_MATCH,MATCH,NO_MATCH,NO_MATCH,HIGH / HIGH,HIGH / LOW,LOW / MID,HIGH / HIGH,HIGH / MID,HIGH / HIGH,HIGH / MID,LOW / MID,HIGH / MID,HIGH / MID,HIGH / HIGH,HIGH / LOW,LOW / LOW,HIGH / LOW,HIGH / HIGH,HIGH / MID,LOW / LOW,0.87240834324202365,0.84963184595108032,0.86890852400864227,0.86967602252983578,0.86890852400864227,-0.022776497290943332,0.026454464583629489,0.0063309508778343869,-0.0034998192333813849,0.0040197439211762109,0.00090534420334746971,-0.0027323207121878745,0.0031368434345960261,0.00070470822939861996
c572dcfa-d9b9-53fc-8208-92e8c4ee1b24,2bd1e431-b14d-5809-8d9b-cf7349fc6220,2020-12-19,2020,KO_TKO,Bantamweight,NO_MATCH,MATCH,NO_MATCH,NO_MATCH,HIGH / MID,HIGH / HIGH,LOW / LOW,HIGH / HIGH,HIGH / LOW,HIGH / LOW,HIGH / MID,HIGH / HIGH,LOW / LOW,HIGH / MID,HIGH / MID,HIGH / MID,LOW / MID,HIGH / MID,LOW / MID,LOW / MID,LOW / MID,0.71670817269549281,0.72812628746032715,0.76529449555044349,0.7566576348308045,0.76529449555044349,0.011418114764834342,-0.015805758772732048,-0.0063389438474220627,0.048586322854950681,-0.065591975086087662,-0.025167585598605935,0.039949462135311697,-0.054242139223518393,-0.021038752731388638
d8cf45dd-bfbc-589c-a93f-42f1659ef55b,2bd1e431-b14d-5809-8d9b-cf7349fc6220,2020-12-19,2020,KO_TKO,Heavyweight,NO_MATCH,MATCH,NO_MATCH,NO_MATCH,HIGH / LOW,HIGH / MID,HIGH / HIGH,LOW / MID,HIGH / LOW,HIGH / MID,HIGH / MID,LOW / MID,HIGH / MID,MID / MID,HIGH / MID,LOW / LOW,LOW / MID,LOW / LOW,HIGH / MID,HIGH / MID,LOW / MID,0.85516807619364221,0.87218654155731201,0.89275703710730869,0.88647835741342285,0.89275703710730869,0.017018465363669799,-0.019705294873984758,-0.0046400059943698981,0.03758896091366648,-0.043016438988759981,-0.0094752330634474621,0.031310281219780633,-0.03595868173419256,-0.0080891228178960606
fd07acac-7e1c-52c6-902b-94ba171be297,2bd1e431-b14d-5809-8d9b-cf7349fc6220,2020-12-19,2020,SUBMISSION,Flyweight,NO_MATCH,NO_MATCH,NO_MATCH,MATCH,LOW / LOW,LOW / LOW,MID / MID,LOW / MID,MID / MID,MID / MID,LOW / LOW,HIGH / MID,LOW / LOW,HIGH / LOW,LOW / LOW,HIGH / MID,HIGH / HIGH,MID / MID,LOW / MID,LOW / MID,HIGH / HIGH,0.43096273383680245,0.44707244634628296,0.37840092105577583,0.41007890195977637,0.37840092105577583,0.016109712509480512,0.028718939228207896,0.014144894325959417,-0.052561812781026618,-0.088349391185022885,-0.042541620900231142,-0.020883831877026082,-0.036042869704255742,-0.017564172123554767
892e87a1-9f2d-5cf9-85d5-81b029624a41,de8ca7c2-5a65-51e2-bace-88305a704b77,2021-01-16,2021,KO_TKO,Middleweight,NO_MATCH,MATCH,NO_MATCH,NO_MATCH,HIGH / MID,LOW / LOW,HIGH / HIGH,HIGH / MID,HIGH / MID,HIGH / HIGH,HIGH / HIGH,LOW / LOW,HIGH / HIGH,HIGH / MID,HIGH / MID,MID / MID,MID / MID,MID / MID,MID / MID,MID / MID,MID / MID,0.76639313773536644,0.67081761360168457,0.6660357041150311,0.68640664589407685,0.68640664589407685,-0.095575524133681866,0.13319798551250711,0.053788877417762365,-0.10035743362033533,0.14035199383644448,0.056959984828815577,-0.079986491841289586,0.11022504234871422,0.043768625642275433
cae5e09f-4824-570b-9183-d7e65e682b08,8b130f4e-35bb-567f-a4be-533d91e1125f,2021-01-20,2021,SUBMISSION,Middleweight,NO_MATCH,MATCH,NO_MATCH,NO_MATCH,HIGH / MID,HIGH / MID,MID / MID,HIGH / MID,LOW / MID,HIGH / HIGH,HIGH / MID,LOW / LOW,HIGH / LOW,HIGH / MID,LOW / MID,LOW / MID,HIGH / MID,LOW / LOW,HIGH / LOW,HIGH / MID,HIGH / LOW,0.81358843589420116,0.73586416244506836,0.72439986419412472,0.7586848886198192,0.7586848886198192,-0.077724273449132797,-0.34850656748954245,-0.12043007744979073,-0.089188571700076436,-0.39099409238246663,-0.13717097977630632,-0.054903547274381959,-0.25814665601485376,-0.086323382800705173
0ca920fd-75ff-505b-b472-6ba66ab6b51c,d64fe046-3b3b-5a23-8e48-2fba2a93e81f,2021-01-23,2021,KO_TKO,Middleweight,MATCH,MATCH,NO_MATCH,NO_MATCH,MID / MID,HIGH / LOW,LOW / MID,HIGH / HIGH,MID / MID,HIGH / MID,HIGH / MID,HIGH / LOW,LOW / MID,HIGH / LOW,HIGH / HIGH,LOW / MID,LOW / LOW,LOW / MID,LOW / LOW,HIGH / HIGH,HIGH / LOW,0.81377925804232698,0.82215362787246704,0.8118811890187303,0.85858319561945318,0.85858319561945318,0.0083743698301400604,-0.010238125355489847,-0.003048832656341309,-0.0018980690235966824,0.0023351369463663896,0.00071052230974043978,0.044803937577126196,-0.053594436300483606,-0.014679452174060394
173a845c-ab4c-5e5d-9514-b8480e9e0717,d64fe046-3b3b-5a23-8e48-2fba2a93e81f,2021-01-23,2021,SUBMISSION,Women's Bantamweight,NO_MATCH,NO_MATCH,MATCH,MATCH,HIGH / MID,HIGH / MID,HIGH / HIGH,LOW / LOW,LOW / MID,LOW / MID,LOW / MID,LOW / LOW,MID / MID,LOW / LOW,LOW / LOW,HIGH / MID,HIGH / HIGH,HIGH / LOW,HIGH / HIGH,LOW / LOW,HIGH / HIGH,0.47400306980297785,0.48879432678222656,0.50066976450767364,0.51327409269628532,0.51327409269628532,0.014791256979248713,0.028523375747756208,0.014240983711843402,0.026666694704695793,0.052027705157487447,0.025991302909522673,0.039271022893307472,0.077594230630843919,0.038771384050548197
3e08a332-43d4-550c-a4bf-b6b93fd84b4e,d64fe046-3b3b-5a23-8e48-2fba2a93e81f,2021-01-23,2021,KO_TKO,Lightweight,NO_MATCH,NO_MATCH,NO_MATCH,MATCH,HIGH / HIGH,HIGH / HIGH,LOW / MID,HIGH / MID,LOW / MID,LOW / MID,HIGH / MID,HIGH / MID,LOW / MID,LOW / MID,HIGH / MID,HIGH / MID,HIGH / HIGH,HIGH / HIGH,LOW / MID,HIGH / MID,LOW / MID,0.68006169333209221,0.758109450340271,0.77683903179321323,0.82360294743114126,0.82360294743114126,0.078047757008178786,-0.10864424926415378,-0.043849482058842384,0.096777338461121021,-0.13304964307323164,-0.052559702342537713,0.14354125409904905,-0.19150503432079724,-0.071244599918547494
5f585ba0-a95f-54b5-9ecb-23e884eb194b,d64fe046-3b3b-5a23-8e48-2fba2a93e81f,2021-01-23,2021,KO_TKO,Lightweight,NO_MATCH,NO_MATCH,NO_MATCH,MATCH,HIGH / HIGH,HIGH / HIGH,MID / MID,HIGH / HIGH,LOW / MID,LOW / MID,HIGH / HIGH,HIGH / HIGH,HIGH / MID,MID / MID,HIGH / HIGH,HIGH / LOW,HIGH / HIGH,HIGH / LOW,HIGH / LOW,HIGH / LOW,LOW / MID,0.82907253707202733,0.53266775608062744,0.54057491305264704,0.54840785291367844,0.54840785291367844,-0.29640478099139989,0.44240976792748182,0.18918322862372244,-0.28849762401938028,0.42767442377359016,0.18185521293358936,-0.28066468415834889,0.41328838352342606,0.17471926972704044
2b7ec356-78de-5037-8b13-c167b2c6a737,5ae0ce13-7eef-5523-8fff-eaac44d3b16a,2021-02-06,2021,KO_TKO,Catch Weight,NO_MATCH,MATCH,NO_MATCH,NO_MATCH,HIGH / HIGH,LOW / LOW,HIGH / MID,HIGH / HIGH,HIGH / HIGH,HIGH / HIGH,HIGH / HIGH,HIGH / MID,HIGH / MID,HIGH / HIGH,HIGH / HIGH,HIGH / MID,HIGH / MID,MID / MID,LOW / MID,MID / MID,LOW / LOW,0.69580572197848078,0.675059974193573,0.67300991419070122,0.62461729621418982,0.62461729621418982,-0.020745747784907786,0.030268948697890763,0.013051861590048119,-0.022795807787779565,0.033310425406019584,0.014388357436539254,-0.071188425764290963,0.10793135014963928,0.048378015520511991
4698341b-4512-57de-a77a-fb6e79561daa,5ae0ce13-7eef-5523-8fff-eaac44d3b16a,2021-02-06,2021,KO_TKO,Heavyweight,NO_MATCH,MATCH,NO_MATCH,NO_MATCH,HIGH / LOW,HIGH / HIGH,HIGH / MID,HIGH / MID,HIGH / MID,HIGH / HIGH,HIGH / HIGH,LOW / MID,HIGH / HIGH,LOW / MID,HIGH / MID,LOW / LOW,LOW / LOW,LOW / MID,HIGH / MID,MID / MID,LOW / LOW,0.93562460610097276,0.86270636320114136,0.85682878395330608,0.92125353493084983,0.92125353493084983,-0.072918242899831398,0.081139952203353863,0.014705351365801998,-0.078795822147666672,0.087976220886846909,0.016353805764634192,-0.014371071170122929,0.015479053573968782,0.0020568144212319743
e5f05cb0-c958-5849-9090-13eb35d7f0e4,5ae0ce13-7eef-5523-8fff-eaac44d3b16a,2021-02-06,2021,SUBMISSION,Light Heavyweight,NO_MATCH,MATCH,NO_MATCH,NO_MATCH,HIGH / MID,LOW / MID,MID / MID,HIGH / MID,HIGH / MID,HIGH / HIGH,HIGH / MID,LOW / MID,HIGH / HIGH,LOW / MID,HIGH / LOW,LOW / LOW,HIGH / HIGH,LOW / MID,LOW / MID,LOW / MID,HIGH / LOW,0.60525735338631725,0.7734488844871521,0.74812089779016022,0.78107667571016881,0.78107667571016881,0.16819153110083485,0.55526342998890643,0.23188671308621062,0.14286354440384297,0.44928480574699947,0.19334841388214602,0.17581932232385156,0.58951247389144668,0.2437443095102389
95bd256d-3598-5173-b8e8-2e7d8a54edcd,51bfa819-c36c-5242-a491-c2a17a34ffb1,2021-02-13,2021,SUBMISSION,Women's Strawweight,NO_MATCH,NO_MATCH,NO_MATCH,MATCH,HIGH / LOW,LOW / MID,MID / MID,LOW / LOW,HIGH / HIGH,LOW / LOW,LOW / LOW,HIGH / MID,MID / MID,MID / MID,HIGH / MID,HIGH / HIGH,HIGH / MID,HIGH / HIGH,LOW / LOW,LOW / MID,MID / MID,0.34270302315027867,0.42750656604766846,0.42221093939031618,0.30200667629875422,0.30200667629875422,0.084803542897389783,0.13813466962899351,0.065316501937529067,0.079507916240037502,0.12892708089179111,0.06081671526451278,-0.040696346851524456,-0.060073601905978935,-0.026237329547319929
e187f9b5-b5f7-5b56-9de7-6fb1efed41a7,51bfa819-c36c-5242-a491-c2a17a34ffb1,2021-02-13,2021,SUBMISSION,Middleweight,NO_MATCH,NO_MATCH,MATCH,MATCH,HIGH / MID,LOW / LOW,HIGH / MID,MID / MID,HIGH / MID,HIGH / MID,MID / MID,HIGH / LOW,HIGH / MID,LOW / LOW,LOW / MID,HIGH / HIGH,HIGH / MID,HIGH / HIGH,HIGH / HIGH,HIGH / MID,HIGH / HIGH,0.54262011506222441,0.55715543031692505,0.54103668743968059,0.53435004243331763,0.53435004243331763,0.014535315254700643,0.032295453683417574,0.015985584261496266,-0.0015834276225438204,-0.0034559741434716518,-0.0017158921144390105,-0.0082700726289067772,-0.017919884180507162,-0.0089066214216533268
2de40dae-75ba-574c-913a-8545d0aca98e,7660e8a6-4a42-5257-b127-f5bb459ed389,2021-02-20,2021,KO_TKO,Heavyweight,NO_MATCH,MATCH,NO_MATCH,NO_MATCH,HIGH / LOW,HIGH / HIGH,HIGH / HIGH,HIGH / LOW,MID / MID,HIGH / HIGH,HIGH / HIGH,LOW / LOW,HIGH / HIGH,LOW / MID,LOW / MID,LOW / LOW,MID / MID,LOW / LOW,HIGH / LOW,LOW / LOW,HIGH / LOW,0.78035160294264505,0.80845886468887329,0.8094253693239063,0.82006708660936445,0.82006708660936445,0.02810726174622824,-0.035385208049135031,-0.011557411813590102,0.029073766381261246,-0.036579984201454391,-0.011926728472535938,0.039715483666719398,-0.049641558730652513,-0.0158695650086235
7f01e707-cbf1-5806-bae1-c99f6c81c6c8,7660e8a6-4a42-5257-b127-f5bb459ed389,2021-02-20,2021,KO_TKO,Bantamweight,MATCH,NO_MATCH,NO_MATCH,NO_MATCH,LOW / LOW,HIGH / LOW,LOW / LOW,HIGH / LOW,HIGH / MID,HIGH / MID,HIGH / LOW,HIGH / HIGH,LOW / LOW,HIGH / LOW,MID / MID,LOW / LOW,LOW / MID,LOW / MID,LOW / LOW,HIGH / MID,LOW / LOW,0.87426237341327984,0.88365381956100464,0.87957533698747525,0.90847223225908402,0.90847223225908402,0.0093914461477248024,-0.010684850089849943,-0.0022735170369182107,0.0053129635741954173,-0.006058690373588832,-0.0013078512779813312,0.034209858845804186,-0.038383793968898586,-0.0074326184720264182
86120765-5a25-5815-9381-700c2add2384,7660e8a6-4a42-5257-b127-f5bb459ed389,2021-02-20,2021,SUBMISSION,Heavyweight,NO_MATCH,MATCH,NO_MATCH,NO_MATCH,HIGH / HIGH,HIGH / LOW,HIGH / LOW,HIGH / HIGH,HIGH / HIGH,HIGH / HIGH,HIGH / HIGH,LOW / MID,HIGH / MID,HIGH / MID,HIGH / MID,LOW / MID,LOW / MID,LOW / LOW,HIGH / MID,HIGH / LOW,LOW / MID,0.91163809789611716,0.81299477815628052,0.81431406937445339,0.88297533275759787,0.88297533275759787,-0.098643319739836643,-0.74969563568959496,-0.17012351222627076,-0.097324028521663775,-0.7426157964172091,-0.1679766179544685,-0.028662765138519286,-0.28094383863455752,-0.051438583277259808
c052906f-b1dc-5979-b68e-43147f1dadcd,7660e8a6-4a42-5257-b127-f5bb459ed389,2021-02-20,2021,KO_TKO,Featherweight,NO_MATCH,NO_MATCH,NO_MATCH,MATCH,LOW / LOW,LOW / MID,LOW / LOW,LOW / LOW,HIGH / HIGH,HIGH / HIGH,LOW / LOW,HIGH / HIGH,HIGH / MID,MID / MID,HIGH / HIGH,HIGH / LOW,HIGH / MID,HIGH / LOW,HIGH / LOW,HIGH / MID,LOW / MID,0.75774677636906762,0.65188032388687134,0.67965323468083916,0.62924072308484758,0.62924072308484758,-0.10586645248219628,0.15048826895638734,0.062500684537531076,-0.078093541688228463,0.10876654261132679,0.043935425690870979,-0.12850605328422005,0.18583537062086769,0.078775817059068165
e820546f-a89f-569a-970f-49da4aabbb30,7660e8a6-4a42-5257-b127-f5bb459ed389,2021-02-20,2021,KO_TKO,Heavyweight,MATCH,MATCH,MATCH,NO_MATCH,HIGH / HIGH,HIGH / LOW,HIGH / MID,HIGH / MID,HIGH / HIGH,HIGH / HIGH,HIGH / MID,MID / MID,HIGH / HIGH,HIGH / LOW,HIGH / MID,HIGH / MID,LOW / MID,HIGH / LOW,HIGH / MID,LOW / LOW,HIGH / LOW,0.75678764203161597,0.73116809129714966,0.72744965932338657,0.75830508560557719,0.75830508560557719,-0.025619550734466312,0.034439307994006074,0.013118344068276284,-0.029337982708229404,0.039537888519840358,0.015131437134396665,0.0015174435739612191,-0.0020031039073276635,-0.00073581942441400955
18cc7227-bc66-51e8-ac9c-721ad91b07f5,a3bc326f-a1b1-5a10-bf97-49b5f9a0433f,2021-03-06,2021,KO_TKO,Flyweight,MATCH,NO_MATCH,NO_MATCH,NO_MATCH,HIGH / LOW,LOW / MID,MID / MID,HIGH / LOW,HIGH / LOW,LOW / LOW,LOW / MID,HIGH / LOW,LOW / MID,HIGH / LOW,HIGH / LOW,LOW / MID,HIGH / MID,LOW / MID,LOW / LOW,HIGH / LOW,HIGH / MID,0.73840734114296203,0.72933495044708252,0.73548738526315649,0.77236844624623435,0.77236844624623435,-0.0090723906958795064,0.012362532978309415,0.0048288498815886316,-0.0029199558798055358,0.0039622364441645463,0.001536204187027157,0.033961105103272327,-0.044966073049677591,-0.016614594903541141
7c377415-bc0c-53e4-b098-611aa65532bb,a3bc326f-a1b1-5a10-bf97-49b5f9a0433f,2021-03-06,2021,SUBMISSION,Welterweight,NO_MATCH,NO_MATCH,MATCH,MATCH,LOW / LOW,HIGH / LOW,HIGH / MID,MID / MID,LOW / LOW,MID / MID,LOW / LOW,HIGH / LOW,HIGH / MID,HIGH / HIGH,HIGH / MID,HIGH / HIGH,HIGH / LOW,HIGH / HIGH,HIGH / HIGH,HIGH / MID,HIGH / HIGH,0.54921896985901764,0.4898495078086853,0.4448551190548814,0.46140862390731036,0.46140862390731036,-0.059369462050332333,-0.12372406407048253,-0.06168893655258928,-0.10436385080413624,-0.20824742558001064,-0.10374539990366782,-0.08781034595170728,-0.17797546769113326,-0.08874355863696276
8ac63ea7-dca5-57af-8219-840d4a0af954,a3bc326f-a1b1-5a10-bf97-49b5f9a0433f,2021-03-06,2021,SUBMISSION,Women's Featherweight,MATCH,NO_MATCH,MATCH,MATCH,HIGH / HIGH,HIGH / MID,HIGH / HIGH,HIGH / HIGH,LOW / LOW,LOW / MID,HIGH / HIGH,LOW / MID,HIGH / MID,HIGH / LOW,HIGH / LOW,HIGH / MID,HIGH / MID,HIGH / HIGH,HIGH / MID,HIGH / LOW,HIGH / LOW,0.63578232653695377,0.52154022455215454,0.54164788966035815,0.53337433348643437,0.53337433348643437,-0.11424210198479923,-0.27282045058664595,-0.1322149609108299,-0.094134436876595617,-0.22988599568421308,-0.11083673036322217,-0.1024079930505194,-0.247775672681669,-0.11973098711464358
a1da8fb7-e221-540f-a377-b478b2fc1a7a,a3bc326f-a1b1-5a10-bf97-49b5f9a0433f,2021-03-06,2021,KO_TKO,Bantamweight,MATCH,NO_MATCH,NO_MATCH,NO_MATCH,LOW / LOW,LOW / LOW,HIGH / LOW,HIGH / HIGH,HIGH / HIGH,LOW / MID,LOW / MID,HIGH / HIGH,MID / MID,LOW / MID,HIGH / MID,LOW / MID,HIGH / MID,MID / MID,LOW / MID,MID / MID,LOW / MID,0.69109266462432195,0.61389029026031494,0.62915020460791449,0.67241581853782495,0.67241581853782495,-0.077202374364007009,0.11845768515862576,0.053656966106362211,-0.061942460016407463,0.09390388973156677,0.042105828893450062,-0.018676846086497001,0.027396990237452901,0.011887654095341593
fb19282d-5645-5ad4-a9d4-5efbd6b51332,a3bc326f-a1b1-5a10-bf97-49b5f9a0433f,2021-03-06,2021,SUBMISSION,Lightweight,NO_MATCH,NO_MATCH,MATCH,MATCH,HIGH / HIGH,HIGH / HIGH,HIGH / MID,HIGH / MID,LOW / MID,LOW / MID,HIGH / MID,HIGH / LOW,HIGH / LOW,HIGH / MID,HIGH / LOW,HIGH / LOW,HIGH / HIGH,HIGH / MID,HIGH / LOW,HIGH / LOW,HIGH / HIGH,0.73139088498405436,0.69403308629989624,0.7069241413308619,0.66737374937895033,0.66737374937895033,-0.037357798684158117,-0.13021975215100245,-0.053250701758798979,-0.024466743653192458,-0.08717426002265638,-0.035190885041381792,-0.064017135605104025,-0.21376227035124939,-0.089544905277640197
35b23394-088e-5a28-832a-b72a2c04369e,ddb5f0bf-0dd1-5602-8e80-f97800befcfb,2021-03-13,2021,KO_TKO,Light Heavyweight,NO_MATCH,NO_MATCH,MATCH,NO_MATCH,HIGH / HIGH,HIGH / MID,MID / MID,HIGH / LOW,HIGH / LOW,HIGH / HIGH,MID / MID,MID / MID,HIGH / MID,HIGH / LOW,MID / MID,HIGH / HIGH,MID / MID,HIGH / HIGH,HIGH / MID,LOW / MID,HIGH / MID,0.55274940258257277,0.71144700050354004,0.70303112975278459,0.68098484883691479,0.68098484883691479,0.15869759792096727,-0.25239618602260433,-0.11677026337184154,0.15028172717021182,-0.2404964332011757,-0.11184258699433811,0.12823544625434202,-0.20863531857055512,-0.098262430218639465
6576c37d-c812-5ef4-9a15-b9b4ea0cff70,ddb5f0bf-0dd1-5602-8e80-f97800befcfb,2021-03-13,2021,KO_TKO,Welterweight,MATCH,NO_MATCH,MATCH,NO_MATCH,LOW / MID,LOW / LOW,HIGH / LOW,HIGH / MID,HIGH / MID,HIGH / MID,LOW / MID,HIGH / LOW,HIGH / HIGH,LOW / MID,HIGH / LOW,HIGH / HIGH,MID / MID,HIGH / MID,HIGH / HIGH,MID / MID,HIGH / MID,0.72375643023134228,0.63445425033569336,0.64297587903537112,0.59505924859483939,0.59505924859483939,-0.089302179895648925,0.13168973238561227,0.057313185259108682,-0.080780551195971162,0.11834770308092013,0.051155713112034693,-0.1286971816365029,0.19579393539218726,0.087666502310044844
bcadc43e-e123-5056-becc-31a1bcd52ab3,ddb5f0bf-0dd1-5602-8e80-f97800befcfb,2021-03-13,2021,SUBMISSION,Bantamweight,NO_MATCH,NO_MATCH,NO_MATCH,MATCH,LOW / MID,HIGH / LOW,MID / MID,LOW / MID,HIGH / MID,LOW / MID,LOW / LOW,LOW / MID,LOW / LOW,HIGH / LOW,LOW / MID,HIGH / MID,HIGH / MID,HIGH / MID,LOW / MID,LOW / MID,HIGH / HIGH,0.32002985815745322,0.47963505983352661,0.47905827067766932,0.42376672254262338,0.42376672254262338,0.15960520167607339,0.26751851471520371,0.12763068050923104,0.1590284125202161,0.26641069656374672,0.12707771659239947,0.10373686438517016,0.16553631385800516,0.07715912502223711
0d22c3ec-2b02-5ef2-99b8-440e780e51ed,1f5e6236-f83c-5597-84b0-8241667252ac,2021-03-20,2021,KO_TKO,Bantamweight,MATCH,NO_MATCH,NO_MATCH,NO_MATCH,HIGH / HIGH,LOW / LOW,LOW / MID,HIGH / LOW,MID / MID,MID / MID,HIGH / LOW,HIGH / MID,LOW / MID,LOW / MID,LOW / MID,HIGH / MID,HIGH / MID,HIGH / MID,MID / MID,HIGH / LOW,MID / MID,0.46051164528316907,0.5701289176940918,0.51854298955780087,0.41540246686486859,0.41540246686486859,0.10961727241092273,-0.21352436292758492,-0.10625853747222036,0.058031344274631802,-0.1186847919053845,-0.059246831971133423,-0.045109178418300477,0.10309029376806955,0.050706590872607815
575fe5ab-913f-53d3-a8a9-4a0253ce23d4,1f5e6236-f83c-5597-84b0-8241667252ac,2021-03-20,2021,KO_TKO,Lightweight,NO_MATCH,NO_MATCH,MATCH,NO_MATCH,HIGH / LOW,HIGH / MID,HIGH / MID,LOW / MID,LOW / MID,LOW / LOW,LOW / MID,LOW / LOW,MID / MID,HIGH / LOW,LOW / MID,HIGH / MID,HIGH / LOW,HIGH / HIGH,HIGH / LOW,HIGH / LOW,HIGH / MID,0.50508047810895706,0.46911084651947021,0.46416265282665647,0.45128694935015146,0.45128694935015146,-0.03596963158948685,0.073878692126254641,0.036897960134414987,-0.040917825282300591,0.084482743485697842,0.042176329476907748,-0.053793528758805609,0.11261439065915801,0.056140678804604716
04a16e00-ad17-57e9-988a-37b0f2e8e995,85dd8d31-ba5a-515a-a83f-2b148f07d847,2021-03-27,2021,KO_TKO,Lightweight,MATCH,NO_MATCH,NO_MATCH,NO_MATCH,HIGH / LOW,LOW / LOW,LOW / MID,HIGH / LOW,LOW / LOW,HIGH / MID,LOW / MID,HIGH / MID,LOW / MID,LOW / LOW,LOW / MID,HIGH / MID,HIGH / LOW,HIGH / MID,LOW / MID,MID / MID,HIGH / LOW,0.45393180352517087,0.40306103229522705,0.38875267696737859,0.40677717196384683,0.40677717196384683,-0.050870771229943823,0.11885897887732755,0.058145655963167453,-0.065179126557792288,0.15500362469924223,0.075432814713273344,-0.047154631561324045,0.10968142777526424,0.053722848501938758
8644c2c7-9992-5fe9-8630-0a27f8a6fb6f,85dd8d31-ba5a-515a-a83f-2b148f07d847,2021-03-27,2021,KO_TKO,Heavyweight,MATCH,MATCH,NO_MATCH,NO_MATCH,HIGH / HIGH,HIGH / HIGH,HIGH / HIGH,HIGH / HIGH,LOW / MID,HIGH / LOW,HIGH / HIGH,HIGH / LOW,HIGH / LOW,LOW / MID,HIGH / LOW,LOW / MID,LOW / LOW,LOW / MID,LOW / MID,HIGH / MID,HIGH / LOW,0.89498291091785398,0.88364124298095703,0.87833408104214472,0.91813747014632086,0.91813747014632086,-0.011341667936896949,0.012753477613133599,0.0025107713357292883,-0.016648829875709259,0.018777600557661936,0.0037740068365720164,0.023154559228466876,-0.025542504877832967,-0.0043271152052428838
8a774aaa-ad56-5dc3-9f58-dcf9829c713f,85dd8d31-ba5a-515a-a83f-2b148f07d847,2021-03-27,2021,SUBMISSION,Welterweight,MATCH,NO_MATCH,NO_MATCH,NO_MATCH,HIGH / HIGH,HIGH / HIGH,HIGH / MID,HIGH / HIGH,LOW / MID,LOW / MID,HIGH / HIGH,HIGH / LOW,HIGH / MID,LOW / MID,HIGH / LOW,HIGH / LOW,LOW / LOW,HIGH / MID,HIGH / MID,HIGH / MID,LOW / LOW,0.85244332205065942,0.8307526707649231,0.83619058942099922,0.89282616957373817,0.89282616957373817,-0.021690651285736329,-0.13714877241271695,-0.036509617325711563,-0.016252732629660205,-0.10449126215532178,-0.027444915472526143,0.040382847523078746,0.31976025957885179,0.070478951766949183
b8e8bc11-cb8a-5f9a-a29d-60a5e671b3a3,85dd8d31-ba5a-515a-a83f-2b148f07d847,2021-03-27,2021,KO_TKO,Bantamweight,NO_MATCH,MATCH,NO_MATCH,NO_MATCH,HIGH / HIGH,HIGH / MID,LOW / LOW,HIGH / MID,HIGH / LOW,HIGH / HIGH,HIGH / HIGH,HIGH / MID,HIGH / MID,HIGH / HIGH,HIGH / HIGH,HIGH / LOW,LOW / LOW,LOW / LOW,LOW / MID,HIGH / MID,LOW / MID,0.85671365773860209,0.84807991981506348,0.83900404087322877,0.91034002123031288,0.91034002123031288,-0.0086337379235386091,0.010128864692078549,0.0025487348847470781,-0.017709616865373312,0.020888218355465449,0.0053887229764985264,0.053626363491710793,-0.060714438316741934,-0.01249206408566972
b4fdd815-bd35-51d9-94e1-f0c98ace7044,42bf7659-b296-5d54-a089-0c5d006e0f57,2021-04-10,2021,SUBMISSION,Middleweight,MATCH,NO_MATCH,NO_MATCH,NO_MATCH,HIGH / MID,HIGH / LOW,LOW / MID,HIGH / LOW,LOW / MID,HIGH / MID,HIGH / MID,MID / MID,LOW / MID,LOW / MID,MID / MID,HIGH / LOW,LOW / MID,HIGH / LOW,LOW / LOW,HIGH / LOW,LOW / LOW,0.70910421543569624,0.71544069051742554,0.71592847043374364,0.75631732114367078,0.75631732114367078,0.0063364750817292981,0.022023373360366749,0.0090265932993763842,0.0068242549980473965,0.02373900326456857,0.0097247864289254915,0.047213105707974545,0.1770981919598118,0.06918710191326416
dea86742-c40f-5b61-8d4a-798c8fb40c4e,42bf7659-b296-5d54-a089-0c5d006e0f57,2021-04-10,2021,SUBMISSION,Welterweight,NO_MATCH,MATCH,NO_MATCH,NO_MATCH,MID / MID,LOW / LOW,LOW / MID,LOW / MID,HIGH / HIGH,HIGH / MID,HIGH / MID,HIGH / HIGH,HIGH / LOW,HIGH / LOW,HIGH / HIGH,LOW / MID,LOW / MID,MID / MID,HIGH / MID,HIGH / LOW,LOW / LOW,0.83134542177286197,0.81239932775497437,0.82274083776501605,0.89332666704449804,0.89332666704449804,-0.018946094017887605,-0.10646291250055739,-0.031142542565963494,-0.0086045840078459168,-0.049760147645024677,-0.0142327241764173,0.061981245271636065,0.45808150583013418,0.10689732375013372
dec71e77-f9e6-50e7-a618-0bd1134fd64b,42bf7659-b296-5d54-a089-0c5d006e0f57,2021-04-10,2021,KO_TKO,Heavyweight,MATCH,MATCH,NO_MATCH,NO_MATCH,HIGH / MID,LOW / LOW,LOW / LOW,HIGH / MID,MID / MID,HIGH / HIGH,HIGH / MID,HIGH / HIGH,MID / MID,LOW / MID,LOW / MID,LOW / LOW,LOW / LOW,LOW / LOW,LOW / MID,LOW / MID,LOW / MID,0.72296381393404818,0.84049826860427856,0.8330384587855556,0.85463681610798303,0.85463681610798303,0.11753445467023038,-0.15063572186485547,-0.051308246071735814,0.11007464485150742,-0.14172063908888091,-0.048872892145266064,0.13167300217393485,-0.16731743118930625,-0.055618593158744345
243c36af-bfd5-5f6c-9074-49ef370b5274,6c819065-f7bf-5d3e-8e31-615c6592377f,2021-04-17,2021,SUBMISSION,Middleweight,NO_MATCH,NO_MATCH,MATCH,MATCH,LOW / MID,HIGH / MID,HIGH / MID,LOW / MID,HIGH / HIGH,HIGH / MID,LOW / LOW,LOW / MID,HIGH / MID,LOW / MID,LOW / MID,HIGH / LOW,HIGH / HIGH,HIGH / LOW,HIGH / HIGH,HIGH / LOW,HIGH / HIGH,0.37841327953898102,0.53613609075546265,0.53472675647497969,0.44956501761781742,0.44956501761781742,0.15772281121648163,0.29268422518180243,0.14424529767910269,0.15631347693599867,0.28965058185557696,0.14273609395880524,0.071151738078836402,0.12156659263897013,0.0589120949342615
3a1bd909-67d9-5136-a9b7-060bc20182bf,6c819065-f7bf-5d3e-8e31-615c6592377f,2021-04-17,2021,KO_TKO,Bantamweight,MATCH,NO_MATCH,NO_MATCH,NO_MATCH,LOW / MID,LOW / MID,HIGH / MID,HIGH / LOW,HIGH / LOW,HIGH / MID,LOW / MID,HIGH / MID,HIGH / LOW,HIGH / LOW,LOW / MID,LOW / LOW,HIGH / HIGH,LOW / MID,HIGH / LOW,HIGH / LOW,HIGH / MID,0.56390203123956129,0.76904928684234619,0.75009063068883719,0.83901811544988025,0.83901811544988025,0.20514725560278491,-0.31027452664061084,-0.1368432064489517,0.1861885994492759,-0.28531350721422244,-0.12772674548747742,0.27511608421031897,-0.39735176501638703,-0.16426627120367251
76391b5b-dbc6-5ef9-8e3d-6b8b8990c9b0,440d0da3-1386-5d6c-ad8b-0794deb61e43,2021-04-24,2021,KO_TKO,Bantamweight,NO_MATCH,MATCH,NO_MATCH,NO_MATCH,HIGH / LOW,LOW / LOW,LOW / MID,HIGH / MID,HIGH / MID,HIGH / MID,HIGH / LOW,MID / MID,LOW / LOW,MID / MID,HIGH / LOW,LOW / MID,LOW / MID,MID / MID,LOW / LOW,HIGH / MID,LOW / LOW,0.83825482525018247,0.79805433750152588,0.8158745722171552,0.91108906841331072,0.91108906841331072,-0.040200487748656588,0.049145454428774299,0.014620549047098606,-0.022380253033027264,0.027061509036353598,0.0077406716013665861,0.072834243163128254,-0.083318520750965866,-0.018256347799236069
9d80962f-ab5f-5e53-a45d-0c3df5a5e532,440d0da3-1386-5d6c-ad8b-0794deb61e43,2021-04-24,2021,SUBMISSION,Middleweight,NO_MATCH,NO_MATCH,NO_MATCH,MATCH,HIGH / MID,MID / MID,HIGH / HIGH,MID / MID,HIGH / LOW,HIGH / LOW,LOW / MID,HIGH / LOW,HIGH / HIGH,LOW / MID,LOW / MID,HIGH / HIGH,HIGH / MID,HIGH / HIGH,HIGH / MID,LOW / LOW,LOW / LOW,0.4661256491683316,0.53105974197387695,0.54985884122011197,0.62165779271379507,0.62165779271379507,0.064934092805545351,0.12968513448008456,0.064751328732762209,0.08373319205178037,0.17059929345255265,0.085071624455325762,0.15553214354546346,0.34436141685086474,0.16918529042918926
a6b5b9a9-8902-5318-8662-02da18e77493,440d0da3-1386-5d6c-ad8b-0794deb61e43,2021-04-24,2021,KO_TKO,Light Heavyweight,MATCH,MATCH,MATCH,NO_MATCH,HIGH / HIGH,HIGH / MID,HIGH / LOW,HIGH / HIGH,HIGH / MID,HIGH / MID,HIGH / HIGH,HIGH / LOW,HIGH / MID,LOW / MID,LOW / LOW,HIGH / MID,LOW / MID,HIGH / HIGH,HIGH / LOW,LOW / MID,HIGH / LOW,0.60904235663860873,0.67120885848999023,0.66445542170018979,0.64609668502766604,0.64609668502766604,0.062166501851381506,-0.09719253663251648,-0.044744264167237535,0.055413065061581057,-0.087079974003401783,-0.040257714876295328,0.037054328389057312,-0.059061343387019571,-0.027600322554285794
c2b19c02-89ac-5ccb-8115-d0db3a5896c1,440d0da3-1386-5d6c-ad8b-0794deb61e43,2021-04-24,2021,KO_TKO,Middleweight,MATCH,MATCH,MATCH,NO_MATCH,MID / MID,HIGH / HIGH,HIGH / HIGH,HIGH / MID,HIGH / MID,HIGH / HIGH,HIGH / HIGH,MID / MID,HIGH / MID,LOW / MID,LOW / MID,HIGH / LOW,LOW / MID,HIGH / LOW,HIGH / MID,HIGH / MID,HIGH / LOW,0.7997636099515637,0.82557857036590576,0.82136838391259337,0.83664908274461369,0.83664908274461369,0.025814960414342059,-0.031768241511448164,-0.0096717767840282312,0.021604773961029666,-0.026655513850663559,-0.0081853576336308881,0.036885472793049989,-0.045088530154632406,-0.013411089731453454
66d10ad8-a8ef-5448-9593-2186ebc03045,d7a79d74-a12e-56a9-9f0e-30bad4b75832,2021-05-01,2021,KO_TKO,Light Heavyweight,MATCH,MATCH,NO_MATCH,NO_MATCH,HIGH / MID,HIGH / LOW,LOW / MID,HIGH / HIGH,HIGH / MID,HIGH / HIGH,HIGH / HIGH,HIGH / MID,MID / MID,LOW / MID,HIGH / MID,LOW / MID,LOW / MID,MID / MID,LOW / MID,HIGH / MID,LOW / MID,0.88296078973309089,0.79250520467758179,0.79806169867272958,0.88628945459547026,0.88628945459547026,-0.090455585055509102,0.10808172073332985,0.029355913345990463,-0.084899091060361309,0.10109488278618191,0.027080900803041701,0.0033286648623793713,-0.0037628015601589987,-0.00076808860370614247
6507a673-3671-57d7-a58b-162da93154a6,fdbf3505-1b0f-58f4-986f-8e3615d63c39,2021-05-08,2021,KO_TKO,Lightweight,NO_MATCH,NO_MATCH,MATCH,NO_MATCH,HIGH / MID,HIGH / MID,HIGH / MID,HIGH / MID,MID / MID,MID / MID,HIGH / HIGH,LOW / MID,LOW / MID,HIGH / HIGH,HIGH / MID,HIGH / HIGH,LOW / LOW,HIGH / HIGH,HIGH / LOW,HIGH / MID,HIGH / MID,0.66308825912897307,0.80448663234710693,0.81392174254752647,0.80039940444833568,0.80039940444833568,0.14139837321813387,-0.1932962480095913,-0.075284044205770673,0.1508334834185534,-0.2049561198201042,-0.078884403240196993,0.13731114531936262,-0.18820275645750797,-0.073669123392166927
4a742034-c4dc-5bc1-baba-d49385d57e5c,7a9fe2a0-9ce3-5766-87af-b4ee6da04bef,2021-05-15,2021,KO_TKO,Lightweight,NO_MATCH,MATCH,MATCH,MATCH,HIGH / HIGH,HIGH / HIGH,HIGH / HIGH,HIGH / MID,MID / MID,HIGH / MID,HIGH / LOW,MID / MID,HIGH / HIGH,MID / MID,MID / MID,HIGH / MID,HIGH / HIGH,HIGH / HIGH,HIGH / MID,LOW / MID,HIGH / MID,0.4598230733106225,0.45605301856994629,0.43975193430185938,0.30740157744832258,0.30740157744832258,-0.0037700547406762097,0.0082327207094384791,0.0040872064792861207,-0.020071139008763117,0.044631010011063843,0.022086782990926923,-0.15242149586229992,0.40268682958549373,0.1879014627934909
5371a73a-8484-5850-8dab-b46ea6c7ee08,7a9fe2a0-9ce3-5766-87af-b4ee6da04bef,2021-05-15,2021,KO_TKO,Middleweight,MATCH,MATCH,NO_MATCH,NO_MATCH,HIGH / MID,LOW / LOW,LOW / MID,HIGH / MID,HIGH / HIGH,HIGH / HIGH,HIGH / MID,HIGH / HIGH,HIGH / MID,LOW / LOW,LOW / MID,MID / MID,MID / MID,MID / MID,LOW / LOW,HIGH / HIGH,MID / MID,0.8917381490574805,0.76706355810165405,0.76938776923060304,0.83353424435151779,0.83353424435151779,-0.12467459095582645,0.15060287083888232,0.042538757594761188,-0.12235037982687746,0.14757744092719086,0.04146137261093729,-0.058203904705962706,0.067497748264346069,0.015990219434119872
0d3e3745-4768-5989-85dd-7e493f44dd04,7ddb1105-8441-57af-aaa9-3cef5ab8c342,2021-06-05,2021,KO_TKO,Women's Flyweight,NO_MATCH,NO_MATCH,NO_MATCH,MATCH,MID / MID,MID / MID,LOW / MID,LOW / MID,LOW / LOW,LOW / MID,LOW / LOW,HIGH / MID,LOW / LOW,LOW / LOW,LOW / MID,HIGH / MID,HIGH / MID,HIGH / HIGH,HIGH / LOW,LOW / LOW,HIGH / LOW,0.2485129311710641,0.48421943187713623,0.50723451256378904,0.32161742726233328,0.32161742726233328,0.23570650070607213,-0.66704329453323341,-0.29870322016396178,0.25872158139272494,-0.7134785649951495,-0.32191498900885929,0.073104496091269178,-0.25786784399667462,-0.1045298996229303
84c0666e-16c1-5d44-9cc6-6761c7c02dc9,7ddb1105-8441-57af-aaa9-3cef5ab8c342,2021-06-05,2021,KO_TKO,Heavyweight,MATCH,MATCH,NO_MATCH,NO_MATCH,HIGH / HIGH,MID / MID,LOW / MID,HIGH / MID,LOW / MID,HIGH / HIGH,HIGH / HIGH,HIGH / MID,MID / MID,LOW / LOW,HIGH / MID,LOW / LOW,LOW / LOW,LOW / LOW,HIGH / MID,HIGH / LOW,LOW / LOW,0.88615394315817386,0.85347682237625122,0.85257839872203034,0.88516065353586748,0.88516065353586748,-0.032677120781922642,0.03757230036319302,0.0085081169225283276,-0.033575544436143523,0.038625518015423368,0.0087722038649283574,-0.0009932896223063814,0.001121528302511221,0.00022715083787675817
e9cfba3b-036d-513e-a3c2-bb4cc557e493,7ddb1105-8441-57af-aaa9-3cef5ab8c342,2021-06-05,2021,KO_TKO,Heavyweight,NO_MATCH,MATCH,NO_MATCH,NO_MATCH,HIGH / LOW,HIGH / HIGH,HIGH / HIGH,HIGH / LOW,HIGH / HIGH,HIGH / HIGH,HIGH / HIGH,MID / MID,HIGH / LOW,MID / MID,LOW / MID,LOW / LOW,LOW / LOW,LOW / LOW,HIGH / MID,HIGH / MID,LOW / MID,0.8854239862794423,0.87729096412658691,0.87193957621631146,0.92352619820401294,0.92352619820401294,-0.0081330221528553848,0.0092279013850672942,0.0019298445648891528,-0.013484410063130836,0.015346482649060994,0.0032718092195644748,0.038102211924570639,-0.042132556795194731,-0.0072794205589615125
b2c9559c-17da-5998-8d36-907bca2eb63d,34d227a6-a453-501b-bdb7-8104ad49d551,2021-06-12,2021,KO_TKO,Light Heavyweight,MATCH,MATCH,NO_MATCH,NO_MATCH,HIGH / MID,HIGH / LOW,LOW / MID,HIGH / MID,HIGH / MID,HIGH / MID,HIGH / MID,LOW / MID,MID / MID,LOW / LOW,HIGH / LOW,HIGH / LOW,HIGH / LOW,HIGH / LOW,LOW / MID,LOW / LOW,HIGH / LOW,0.65360818184431646,0.64262741804122925,0.6469711394112444,0.65496814334483344,0.65496814334483344,-0.010980763803087212,0.016942948464270968,0.0077278706506781897,-0.0066370424330720601,0.010206374866351842,0.0046420847233949042,0.0013599615005169818,-0.0020785367486182982,-0.00094030957828872275
0a4a761f-5e0f-5812-8bd6-22b036e7782c,42a6ece5-07eb-58c4-9fb8-a109a3fc0148,2021-06-19,2021,SUBMISSION,Women's Flyweight,NO_MATCH,NO_MATCH,MATCH,NO_MATCH,LOW / LOW,LOW / LOW,HIGH / LOW,LOW / LOW,HIGH / LOW,LOW / LOW,HIGH / LOW,HIGH / MID,HIGH / HIGH,LOW / LOW,HIGH / HIGH,HIGH / MID,MID / MID,MID / MID,HIGH / HIGH,LOW / LOW,HIGH / HIGH,0.35649778514157326,0.46359455585479736,0.4503961275834637,0.40899058149880996,0.40899058149880996,0.1070967707132241,0.18203516815454718,0.08782924140735951,0.093898342441890437,0.15772768215876137,0.0757660009313324,0.052492796357236693,0.085093515094345429,0.040182624943887385
195278b7-1e80-5b22-9e34-8ecb16889928,42a6ece5-07eb-58c4-9fb8-a109a3fc0148,2021-06-19,2021,KO_TKO,Featherweight,NO_MATCH,NO_MATCH,NO_MATCH,MATCH,LOW / MID,MID / MID,LOW / MID,MID / MID,HIGH / LOW,HIGH / LOW,LOW / MID,HIGH / LOW,LOW / MID,LOW / LOW,HIGH / MID,HIGH / LOW,HIGH / MID,LOW / MID,HIGH / HIGH,MID / MID,LOW / MID,0.71505836727508321,0.57397925853729248,0.59464114042157989,0.5783872352653957,0.5783872352653957,-0.14107910873779073,0.21977091120058495,0.10030193809649371,-0.12041722685350331,0.18440607366432199,0.083124070978775944,-0.1366711320096875,0.2121205703570162,0.096565589327215429
47abea85-6f5a-54e9-ab10-fc83e0690b97,42a6ece5-07eb-58c4-9fb8-a109a3fc0148,2021-06-19,2021,KO_TKO,Welterweight,NO_MATCH,MATCH,NO_MATCH,MATCH,MID / MID,HIGH / HIGH,HIGH / HIGH,HIGH / MID,HIGH / HIGH,HIGH / MID,HIGH / MID,HIGH / LOW,HIGH / LOW,HIGH / MID,MID / MID,HIGH / HIGH,HIGH / MID,LOW / MID,HIGH / MID,HIGH / MID,MID / MID,0.85402909779743186,0.64402300119400024,0.66002407483168501,0.72410978757795097,0.72410978757795097,-0.21000609660343161,0.28223082396415311,0.10541211938909503,-0.19400502296574684,0.25768895419754689,0.094276125404220007,-0.12991931021948089,0.16502224437992716,0.054807905020451624
7e013f08-7e62-501f-bc3c-a4b3f2e4e004,42a6ece5-07eb-58c4-9fb8-a109a3fc0148,2021-06-19,2021,KO_TKO,Women's Strawweight,NO_MATCH,NO_MATCH,MATCH,NO_MATCH,LOW / MID,LOW / MID,HIGH / LOW,LOW / LOW,LOW / LOW,LOW / LOW,LOW / LOW,MID / MID,HIGH / MID,MID / MID,LOW / LOW,HIGH / HIGH,LOW / LOW,HIGH / MID,HIGH / MID,HIGH / MID,HIGH / HIGH,0.32406925427430622,0.39476686716079712,0.4110129718045844,0.28175659201716097,0.28175659201716097,0.070697612886490901,-0.19733814022756535,-0.090575227930936308,0.086943717530278186,-0.23766753485477465,-0.10997665363482523,-0.04231266225714525,0.13991369137642362,0.058991220093510432
89017303-e460-56f8-bc22-7964d71f6acf,1d6d352c-7b52-503b-9bfc-adac6157d643,2021-06-26,2021,KO_TKO,Light Heavyweight,NO_MATCH,MATCH,NO_MATCH,NO_MATCH,MID / MID,LOW / MID,LOW / LOW,HIGH / LOW,HIGH / HIGH,HIGH / HIGH,HIGH / MID,HIGH / MID,LOW / MID,LOW / MID,HIGH / MID,LOW / LOW,LOW / MID,LOW / LOW,LOW / MID,LOW / MID,LOW / LOW,0.93045589824677666,0.85077160596847534,0.85827577600377247,0.92871005487693015,0.92871005487693015,-0.079684292278301316,0.089530969764251012,0.017432731496565303,-0.072180122243004186,0.080749214102339845,0.015249373578670192,-0.0017458433698465115,0.0018780936474013382,0.00024587418698762947
bafa2c5f-7ad9-5fa0-8b4a-a558d2f173fc,1d6d352c-7b52-503b-9bfc-adac6157d643,2021-06-26,2021,KO_TKO,Light Heavyweight,NO_MATCH,MATCH,NO_MATCH,MATCH,MID / MID,LOW / LOW,HIGH / HIGH,LOW / MID,LOW / MID,HIGH / MID,HIGH / MID,HIGH / LOW,HIGH / HIGH,LOW / LOW,HIGH / LOW,HIGH / LOW,HIGH / MID,HIGH / LOW,MID / MID,HIGH / MID,HIGH / LOW,0.53231495766857184,0.61365437507629395,0.63059560332583997,0.58186059537334289,0.58186059537334289,0.081339417407722103,-0.14219652275725225,-0.069466356922860795,0.098280645657268129,-0.1694294350226046,-0.082269690538349594,0.049545637704771051,-0.088995552333999361,-0.043888737119014476
2d3fb37f-cd72-5814-a04f-53ebc273609b,996bd67f-5a0a-59bc-a58a-5b0b47e7e33a,2021-07-10,2021,KO_TKO,Featherweight,NO_MATCH,NO_MATCH,MATCH,MATCH,HIGH / MID,LOW / MID,LOW / MID,HIGH / HIGH,LOW / MID,LOW / MID,HIGH / LOW,LOW / LOW,MID / MID,HIGH / HIGH,LOW / LOW,HIGH / HIGH,HIGH / LOW,HIGH / LOW,HIGH / LOW,HIGH / MID,HIGH / LOW,0.4431729169273137,0.51822346448898315,0.52443081084238596,0.46550423786734019,0.46550423786734019,0.075050547561669456,-0.15644652231131473,-0.07794777027423816,0.081257893915072266,-0.16835347908044695,-0.083890346767205748,0.022331320940026489,-0.049161175029827753,-0.024370680705463388
2e117cbf-170c-5515-886d-7d6d5769da5d,996bd67f-5a0a-59bc-a58a-5b0b47e7e33a,2021-07-10,2021,KO_TKO,Heavyweight,NO_MATCH,MATCH,NO_MATCH,NO_MATCH,HIGH / HIGH,HIGH / HIGH,HIGH / LOW,HIGH / MID,HIGH / LOW,HIGH / HIGH,HIGH / HIGH,MID / MID,HIGH / HIGH,LOW / MID,HIGH / HIGH,LOW / LOW,LOW / MID,LOW / LOW,LOW / MID,HIGH / LOW,LOW / LOW,0.81901986022361073,0.8184814453125,0.81002446942974959,0.84514100753489518,0.84514100753489518,-0.00053841491111072948,0.00065760549770965682,0.00019517470235753259,-0.0089953907938611355,0.011043876533609637,0.0033368912219667521,0.026121147311284454,-0.031395153341477744,-0.0087725034461740049
8f28e2a6-825e-5a1c-99bc-e08027efed24,996bd67f-5a0a-59bc-a58a-5b0b47e7e33a,2021-07-10,2021,KO_TKO,Lightweight,NO_MATCH,NO_MATCH,NO_MATCH,MATCH,HIGH / HIGH,HIGH / HIGH,MID / MID,HIGH / HIGH,MID / MID,LOW / MID,HIGH / HIGH,HIGH / HIGH,HIGH / MID,MID / MID,HIGH / HIGH,HIGH / LOW,HIGH / HIGH,HIGH / LOW,HIGH / MID,LOW / MID,LOW / MID,0.82615590626005331,0.61597704887390137,0.60159384967481921,0.5896188891804981,0.5896188891804981,-0.21017885738615194,0.29357379969125258,0.11725185806333457,-0.22456205658523409,0.31720095490559147,0.12850569168866718,-0.23653701707955521,0.3373071265667747,0.13819088718918493
f4e8553a-c236-5223-b10b-47a6e56c36a1,996bd67f-5a0a-59bc-a58a-5b0b47e7e33a,2021-07-10,2021,KO_TKO,Middleweight,NO_MATCH,MATCH,NO_MATCH,NO_MATCH,HIGH / LOW,LOW / MID,HIGH / MID,HIGH / HIGH,MID / MID,HIGH / LOW,HIGH / HIGH,LOW / MID,HIGH / MID,HIGH / HIGH,MID / MID,MID / MID,HIGH / MID,LOW / MID,HIGH / MID,HIGH / MID,LOW / MID,0.76800589955185461,0.7051733136177063,0.68313566908894796,0.69473233410268875,0.69473233410268875,-0.062832585934148311,0.085353807307763263,0.033101512360419194,-0.084870230462906648,0.11710393795496582,0.046581741560964521,-0.073273565449165856,0.10027077423092695,0.039367085199648266
17b5dfca-f823-505a-93cc-47d95abdbb69,fd43de59-e2f7-5649-bb75-bcf93d4fd9d7,2021-07-17,2021,SUBMISSION,Lightweight,NO_MATCH,NO_MATCH,MATCH,NO_MATCH,HIGH / LOW,HIGH / MID,HIGH / MID,LOW / MID,MID / MID,LOW / MID,LOW / MID,HIGH / LOW,HIGH / LOW,HIGH / HIGH,LOW / LOW,HIGH / HIGH,MID / MID,HIGH / HIGH,HIGH / LOW,HIGH / MID,HIGH / MID,0.5921487363373894,0.63582080602645874,0.66207201527641435,0.59364131204974202,0.59364131204974202,0.043672069689069337,0.1132565204558541,0.053627971430168564,0.069923278939024947,0.18806974825925737,0.087699227466205509,0.0014925757123526173,0.003666320661685929,0.0017698814261720708
7798eded-33cf-57f7-b22b-38b59ffdde28,fd43de59-e2f7-5649-bb75-bcf93d4fd9d7,2021-07-17,2021,SUBMISSION,Middleweight,NO_MATCH,NO_MATCH,MATCH,MATCH,HIGH / MID,LOW / LOW,HIGH / LOW,LOW / MID,MID / MID,HIGH / MID,MID / MID,MID / MID,HIGH / MID,LOW / LOW,LOW / LOW,HIGH / MID,HIGH / HIGH,HIGH / MID,HIGH / LOW,MID / MID,HIGH / HIGH,0.438349523250879,0.5160478949546814,0.52173825799304296,0.37918613609460994,0.37918613609460994,0.077698371703802394,0.14889378362172179,0.07415512535288496,0.083388734742163961,0.16072156887783873,0.08006050531934214,-0.059163387156269065,-0.10015157201757569,-0.048368178727912881
c3370ecc-5766-5d91-b38c-3e860d3292fe,fd43de59-e2f7-5649-bb75-bcf93d4fd9d7,2021-07-17,2021,KO_TKO,Featherweight,MATCH,NO_MATCH,NO_MATCH,NO_MATCH,LOW / MID,HIGH / MID,HIGH / LOW,HIGH / MID,HIGH / LOW,HIGH / LOW,MID / MID,HIGH / MID,HIGH / LOW,HIGH / LOW,HIGH / HIGH,HIGH / HIGH,LOW / MID,HIGH / HIGH,MID / MID,LOW / LOW,LOW / MID,0.58032249416833692,0.75793743133544922,0.77833504011503252,0.72874782370714175,0.72874782370714175,0.1776149371671123,-0.26701686437873146,-0.11753492175260524,0.1980125459466956,-0.29357310085543653,-0.12699385446028136,0.14842532953880483,-0.22774377787923272,-0.10255146575747376
c4a17f68-761b-5828-98ec-4cfd6ea58a6b,fd43de59-e2f7-5649-bb75-bcf93d4fd9d7,2021-07-17,2021,KO_TKO,Women's Bantamweight,NO_MATCH,NO_MATCH,NO_MATCH,MATCH,LOW / LOW,HIGH / HIGH,MID / MID,LOW / LOW,LOW / LOW,LOW / MID,LOW / MID,LOW / MID,LOW / MID,HIGH / LOW,LOW / MID,HIGH / HIGH,HIGH / LOW,HIGH / MID,HIGH / LOW,LOW / LOW,HIGH / LOW,0.43245147833676195,0.38987019658088684,0.39990223062768027,0.36191043128609574,0.36191043128609574,-0.042581281755875111,0.10365627681760547,0.050147052578118634,-0.032549247709081686,0.078250037460655175,0.038006008363506816,-0.070541047050666217,0.17807337743747342,0.085046973259369385
a87b7dcd-612a-50c6-b3c6-4f20afcc0fba,9ef242c7-0a32-540b-ab2c-d9f0b671d076,2021-07-24,2021,KO_TKO,Featherweight,NO_MATCH,NO_MATCH,NO_MATCH,MATCH,HIGH / LOW,HIGH / LOW,HIGH / HIGH,HIGH / LOW,LOW / MID,LOW / MID,LOW / MID,LOW / MID,HIGH / LOW,LOW / MID,MID / MID,HIGH / HIGH,HIGH / HIGH,HIGH / MID,HIGH / LOW,LOW / MID,HIGH / MID,0.30373745629856558,0.42628532648086548,0.41909552039190251,0.33288584500226076,0.33288584500226076,0.1225478701822999,-0.33894520487241153,-0.15563300315042483,0.11535806409333693,-0.321935168570473,-0.14733151533283734,0.029148388703695183,-0.091635925741759161,-0.03974023396324422
e8a1c4e9-c8b3-5be1-bf2a-e6c782fc6a4a,9ef242c7-0a32-540b-ab2c-d9f0b671d076,2021-07-24,2021,SUBMISSION,Welterweight,MATCH,NO_MATCH,NO_MATCH,MATCH,HIGH / MID,HIGH / LOW,HIGH / LOW,HIGH / MID,HIGH / MID,MID / MID,LOW / MID,HIGH / MID,LOW / MID,LOW / LOW,LOW / LOW,HIGH / MID,HIGH / LOW,HIGH / MID,LOW / LOW,HIGH / LOW,MID / MID,0.39583640450064561,0.49002227187156677,0.49262338606735873,0.35088797958207146,0.35088797958207146,0.094185867370921161,0.16947796030799755,0.083435367802172977,0.096786981566713115,0.17459145863605996,0.085991341372471247,-0.044948424918574148,-0.071760291723355685,-0.03356408491281053
453bda44-e95c-510d-94cc-7f21c4121530,ed11f74c-ff18-532c-b132-52c8dac8bffd,2021-08-07,2021,SUBMISSION,Welterweight,NO_MATCH,NO_MATCH,MATCH,MATCH,HIGH / LOW,HIGH / HIGH,HIGH / MID,HIGH / LOW,LOW / MID,LOW / MID,HIGH / LOW,HIGH / LOW,HIGH / LOW,LOW / MID,HIGH / LOW,HIGH / HIGH,HIGH / LOW,HIGH / HIGH,HIGH / HIGH,MID / MID,HIGH / LOW,0.54733915235670871,0.65652018785476685,0.64642655839608787,0.57059979031274388,0.57059979031274388,0.10918103549805813,0.27601482549457812,0.13143860935829793,0.099087406039379156,0.24705194502606453,0.11828714769725041,0.023260637956035168,0.052753790611811957,0.026003973002386882
835c6583-06c9-5d2f-a884-e9f107fe9b60,ed11f74c-ff18-532c-b132-52c8dac8bffd,2021-08-07,2021,KO_TKO,Flyweight,MATCH,NO_MATCH,NO_MATCH,NO_MATCH,HIGH / LOW,LOW / LOW,HIGH / LOW,HIGH / LOW,LOW / MID,LOW / LOW,LOW / MID,HIGH / MID,HIGH / MID,LOW / LOW,MID / MID,LOW / MID,HIGH / MID,MID / MID,LOW / MID,HIGH / LOW,MID / MID,0.51776362428631573,0.55786693096160889,0.56447187044742675,0.58529957910166608,0.58529957910166608,0.04010330667529316,-0.074601644621920982,-0.037070271324162934,0.046708246161111022,-0.086371737090729983,-0.04286717042990662,0.067535954815350352,-0.1226050028408473,-0.060575482968214356
04388838-0a94-54ab-a9a6-fff834db11f6,5833db1a-cc50-5599-8b7e-62691d25bf93,2021-08-21,2021,SUBMISSION,Flyweight,NO_MATCH,NO_MATCH,NO_MATCH,MATCH,HIGH / LOW,HIGH / LOW,LOW / LOW,HIGH / MID,HIGH / MID,HIGH / LOW,LOW / MID,MID / MID,MID / MID,LOW / MID,HIGH / MID,HIGH / HIGH,HIGH / LOW,HIGH / HIGH,HIGH / MID,HIGH / LOW,LOW / MID,0.58720032493304608,0.526356041431427,0.53359258177294766,0.4427486212873124,0.4427486212873124,-0.060844283501619079,-0.13749347016294999,-0.067753539250112793,-0.05360774316009842,-0.12209711317632199,-0.060083178278355076,-0.14445170364573368,-0.30005401937660203,-0.14877787994965891
c1f3d955-b29d-58d8-bdd2-6672318f1a9e,5833db1a-cc50-5599-8b7e-62691d25bf93,2021-08-21,2021,SUBMISSION,Welterweight,NO_MATCH,MATCH,NO_MATCH,NO_MATCH,MID / MID,LOW / LOW,LOW / MID,LOW / MID,HIGH / MID,HIGH / MID,HIGH / MID,HIGH / HIGH,HIGH / LOW,LOW / MID,HIGH / MID,LOW / MID,HIGH / MID,MID / MID,HIGH / MID,HIGH / MID,LOW / LOW,0.78386836076014799,0.77591228485107422,0.78155196116846615,0.85054421196931951,0.85054421196931951,-0.0079560759090737676,-0.036149897716025281,-0.012409733217986996,-0.0023163995916818392,-0.010660514727671933,-0.003626138994525907,0.066675851209171522,0.368887046118614,0.1089758495137092
3cf05c5b-652a-5117-a1b4-9d6764dcfac4,8ad58ce2-7ffe-54d0-b07d-2fc661e104e0,2021-08-28,2021,SUBMISSION,Middleweight,NO_MATCH,MATCH,MATCH,NO_MATCH,HIGH / MID,HIGH / LOW,LOW / MID,MID / MID,HIGH / LOW,HIGH / MID,HIGH / LOW,MID / MID,MID / MID,HIGH / LOW,HIGH / MID,HIGH / MID,HIGH / LOW,HIGH / MID,HIGH / LOW,HIGH / LOW,HIGH / LOW,0.68752420760205235,0.60551446676254272,0.60438101235321462,0.54208494203372293,0.54208494203372293,-0.082009740839509626,-0.233055466629698,-0.1060417665801035,-0.083143195248837731,-0.23592459383225828,-0.10741312794573338,-0.14543926556832942,-0.38215670210870456,-0.17883345165912523
cd934cd4-c92d-5023-9b5d-09551a9beb7c,8ad58ce2-7ffe-54d0-b07d-2fc661e104e0,2021-08-28,2021,KO_TKO,Light Heavyweight,MATCH,NO_MATCH,NO_MATCH,NO_MATCH,MID / MID,HIGH / MID,LOW / MID,HIGH / MID,HIGH / MID,LOW / MID,MID / MID,MID / MID,LOW / MID,HIGH / LOW,LOW / MID,LOW / LOW,HIGH / MID,LOW / MID,HIGH / MID,HIGH / LOW,LOW / MID,0.73102757902353888,0.80280226469039917,0.80448776721810167,0.77585433468592657,0.77585433468592657,0.071774685666860294,-0.093657251067258085,-0.033459216434703232,0.073460188194562792,-0.09575457402961729,-0.034121130078575423,0.044826755662387696,-0.059513602688840817,-0.022104883966850002
0dad6ca7-5b52-5c94-af3f-61c3fc701450,fadf6ee2-2e47-525e-be4e-0c78362ad476,2021-09-04,2021,KO_TKO,Light Heavyweight,MATCH,MATCH,NO_MATCH,NO_MATCH,HIGH / HIGH,HIGH / LOW,LOW / MID,HIGH / MID,HIGH / MID,HIGH / HIGH,HIGH / HIGH,HIGH / MID,LOW / LOW,LOW / LOW,LOW / MID,LOW / LOW,LOW / LOW,LOW / LOW,MID / MID,HIGH / LOW,LOW / LOW,0.86970387068862987,0.8568229079246521,0.84974369388591153,0.91750682981473897,0.91750682981473897,-0.012880962763977766,0.014921519805037475,0.0035225983816273634,-0.019960176802718332,0.023218007779647526,0.0055998762135253712,0.047802959126109101,-0.053507248652892733,-0.010171958186310847
3444281f-d0ca-5d5b-b654-0d0809243154,fadf6ee2-2e47-525e-be4e-0c78362ad476,2021-09-04,2021,SUBMISSION,Catch Weight,MATCH,MATCH,NO_MATCH,NO_MATCH,LOW / MID,HIGH / MID,LOW / MID,HIGH / MID,HIGH / HIGH,HIGH / LOW,HIGH / MID,HIGH / HIGH,MID / MID,HIGH / LOW,HIGH / HIGH,HIGH / MID,LOW / MID,LOW / MID,HIGH / LOW,LOW / LOW,LOW / LOW,0.84576296034965537,0.77315610647201538,0.77325923907828464,0.86551702750942894,0.86551702750942894,-0.072606853877639987,-0.38577144966258126,-0.11754462012444633,-0.072503721271370725,-0.38531670496593073,-0.11738513427948494,0.01975406715977357,0.13705304509521699,0.033804739809344841
f752c632-17f3-548b-ad17-83682cb3c8e7,fadf6ee2-2e47-525e-be4e-0c78362ad476,2021-09-04,2021,KO_TKO,Heavyweight,NO_MATCH,MATCH,NO_MATCH,NO_MATCH,HIGH / MID,LOW / MID,HIGH / HIGH,HIGH / LOW,MID / MID,HIGH / HIGH,HIGH / HIGH,MID / MID,HIGH / HIGH,HIGH / MID,HIGH / MID,HIGH / LOW,MID / MID,HIGH / HIGH,HIGH / HIGH,LOW / MID,MID / MID,0.70658704749738888,0.7675437331199646,0.76861670893231659,0.7711353214518305,0.7711353214518305,0.060956685622575724,-0.082749055087188716,-0.032055244684497289,0.062029661434927719,-0.084146013318205981,-0.032552933310987235,0.064548273954441626,-0.087417468352631811,-0.033712119609342575
75691263-a82f-548a-a6e6-e1c3f07a6a64,e82d596a-2f1c-5165-84ed-43a03c53dd19,2021-09-18,2021,KO_TKO,Bantamweight,MATCH,NO_MATCH,NO_MATCH,NO_MATCH,LOW / LOW,LOW / LOW,HIGH / LOW,HIGH / HIGH,LOW / MID,LOW / MID,LOW / MID,HIGH / HIGH,HIGH / MID,LOW / LOW,LOW / MID,LOW / MID,HIGH / HIGH,HIGH / MID,HIGH / MID,HIGH / LOW,HIGH / MID,0.36062991047505111,0.4834805428981781,0.48104147790173341,0.42082068505489162,0.42082068505489162,0.12285063242312699,-0.29315881814923572,-0.14200176181438035,0.1204115674266823,-0.28810124529361814,-0.13947616372072408,0.060190774579840511,-0.1543545629763674,-0.073345432518856224
ca93323e-7586-58c0-b314-fdb56f65b6a4,e82d596a-2f1c-5165-84ed-43a03c53dd19,2021-09-18,2021,KO_TKO,Middleweight,MATCH,NO_MATCH,NO_MATCH,NO_MATCH,LOW / MID,LOW / MID,HIGH / LOW,HIGH / LOW,HIGH / LOW,HIGH / MID,HIGH / MID,HIGH / LOW,HIGH / LOW,LOW / LOW,HIGH / LOW,LOW / LOW,HIGH / LOW,LOW / MID,LOW / MID,LOW / MID,LOW / MID,0.84979265570823204,0.83691763877868652,0.82489370554512109,0.86691886693407683,0.86691886693407683,-0.012875016929545513,0.015266720122142002,0.0040336102623332523,-0.024898950163110944,0.029737848996230387,0.0080999680785330402,0.01712621122584479,-0.019953008051027621,-0.0048516583010757668
fc75feeb-6910-5d89-8cf3-0a52e0322489,e82d596a-2f1c-5165-84ed-43a03c53dd19,2021-09-18,2021,SUBMISSION,Light Heavyweight,MATCH,MATCH,NO_MATCH,NO_MATCH,HIGH / HIGH,HIGH / MID,HIGH / LOW,HIGH / HIGH,HIGH / LOW,HIGH / HIGH,HIGH / HIGH,HIGH / MID,MID / MID,LOW / LOW,LOW / MID,HIGH / MID,LOW / MID,HIGH / HIGH,LOW / MID,LOW / LOW,LOW / MID,0.74608734172819036,0.74656397104263306,0.75813980448516871,0.75231330963124043,0.75231330963124043,0.00047662931444270029,0.0018789028794583551,0.00071144137190792822,0.012052462756978355,0.048630488074784095,0.018129641657772311,0.0062259679030500781,0.024825740627460346,0.0093289943612731019
1f23ae83-139d-5b57-9593-6099ca3c4252,b8f03792-109c-5bab-baa1-9723618a6b50,2021-09-25,2021,SUBMISSION,Lightweight,MATCH,MATCH,NO_MATCH,MATCH,HIGH / MID,LOW / MID,HIGH / HIGH,HIGH / HIGH,HIGH / MID,HIGH / MID,HIGH / HIGH,HIGH / LOW,HIGH / MID,HIGH / LOW,HIGH / HIGH,HIGH / MID,HIGH / HIGH,HIGH / MID,MID / MID,HIGH / MID,LOW / MID,0.72206997446129051,0.61417913436889648,0.63869006869891409,0.64868721337141022,0.64868721337141022,-0.10789084009239402,-0.32800380775919635,-0.14416903892440169,-0.083379905762376416,-0.26236675015028577,-0.11346004416390509,-0.073382761089880288,-0.23430758132934093,-0.10058994722696318
c2087a52-8e50-5467-8fcb-dd6230ca065e,b8f03792-109c-5bab-baa1-9723618a6b50,2021-09-25,2021,KO_TKO,Women's Flyweight,NO_MATCH,NO_MATCH,NO_MATCH,MATCH,MID / MID,HIGH / HIGH,MID / MID,LOW / MID,LOW / MID,LOW / MID,LOW / MID,HIGH / MID,HIGH / LOW,HIGH / MID,HIGH / HIGH,HIGH / MID,HIGH / MID,HIGH / MID,HIGH / HIGH,MID / MID,HIGH / MID,0.45616081065854136,0.45587465167045593,0.44379168593908441,0.3977727253872132,0.3977727253872132,-0.00028615898808542761,0.00062751726066656577,0.00031133083117268479,-0.012369124719456948,0.027490125777243191,0.013606624766911046,-0.058388085271328161,0.13696460186184944,0.066916626423969949
de1168af-aea8-5998-aafe-3265efbefff9,b8f03792-109c-5bab-baa1-9723618a6b50,2021-09-25,2021,KO_TKO,Heavyweight,NO_MATCH,MATCH,NO_MATCH,NO_MATCH,HIGH / MID,HIGH / LOW,HIGH / MID,HIGH / MID,HIGH / LOW,HIGH / HIGH,HIGH / HIGH,LOW / MID,HIGH / MID,HIGH / MID,HIGH / LOW,LOW / LOW,LOW / MID,LOW / LOW,LOW / MID,LOW / MID,HIGH / LOW,0.91695327333068788,0.86157077550888062,0.839577577918593,0.88195975609946409,0.88195975609946409,-0.055382497821807264,0.062299308533921682,0.01226589138272529,-0.07737569541209488,0.088157633020450765,0.018838594695977665,-0.034993517231223792,0.038910087978624275,0.0070367403696105692
72627fbc-eb09-57f6-ba6c-6ccd6d046b16,790497cb-0637-53fb-977c-74f7060d66e5,2021-10-02,2021,KO_TKO,Women's Flyweight,NO_MATCH,NO_MATCH,NO_MATCH,MATCH,LOW / LOW,LOW / MID,HIGH / HIGH,LOW / LOW,LOW / LOW,LOW / LOW,MID / MID,MID / MID,HIGH / HIGH,LOW / LOW,HIGH / MID,HIGH / MID,HIGH / LOW,HIGH / HIGH,HIGH / HIGH,LOW / LOW,LOW / MID,0.2112782864061826,0.33607041835784912,0.34142299285040895,0.24321354108037394,0.24321354108037394,0.12479213195166652,-0.46414455902962071,-0.1812794521148462,0.13014470644422635,-0.47994599938383598,-0.1883582671482551,0.031935254674191338,-0.14076366990536959,-0.049356197090260845
e1c7c046-90c4-5a5a-ba9f-21a8cd286078,790497cb-0637-53fb-977c-74f7060d66e5,2021-10-02,2021,KO_TKO,Lightweight,MATCH,NO_MATCH,NO_MATCH,NO_MATCH,HIGH / HIGH,LOW / MID,HIGH / LOW,HIGH / MID,HIGH / LOW,HIGH / LOW,HIGH / MID,HIGH / LOW,HIGH / LOW,HIGH / LOW,LOW / MID,HIGH / MID,LOW / MID,MID / MID,HIGH / LOW,MID / MID,HIGH / LOW,0.74844474415404461,0.78859943151473999,0.78693798165417028,0.82927429980693035,0.82927429980693035,0.040154687360695385,-0.052261121534952271,-0.018589846387832967,0.038493237500125677,-0.050152062794049546,-0.017884623082125399,0.080829555652885743,-0.10255360172336911,-0.034132782037310169
d9c7857a-48fa-5e51-9162-223b890bd573,202626b5-4289-5b24-b46e-b263dd61eb52,2021-10-09,2021,KO_TKO,Heavyweight,NO_MATCH,NO_MATCH,MATCH,NO_MATCH,HIGH / MID,LOW / LOW,HIGH / LOW,MID / MID,MID / MID,HIGH / HIGH,MID / MID,HIGH / LOW,MID / MID,LOW / LOW,HIGH / MID,HIGH / LOW,LOW / LOW,HIGH / LOW,HIGH / MID,LOW / LOW,HIGH / LOW,0.47223306830402018,0.70959913730621338,0.70714019091310665,0.69907800546543386,0.69907800546543386,0.2373660690021932,-0.40722756275633393,-0.19420527313849356,0.23490712260908647,-0.40375628358270699,-0.19277106641337743,0.22684493716141368,-0.39228967931752934,-0.18798388739712762
f65edfc0-3c7e-5817-95e2-9a4758643de6,202626b5-4289-5b24-b46e-b263dd61eb52,2021-10-09,2021,KO_TKO,Lightweight,NO_MATCH,MATCH,NO_MATCH,MATCH,LOW / MID,LOW / MID,HIGH / MID,LOW / MID,MID / MID,HIGH / LOW,HIGH / LOW,LOW / MID,HIGH / MID,LOW / LOW,LOW / LOW,HIGH / MID,HIGH / HIGH,LOW / MID,HIGH / MID,LOW / MID,LOW / MID,0.64587932534104731,0.55708521604537964,0.56016577156645719,0.57653956433262299,0.57653956433262299,-0.088794109295667667,0.14789446412498608,0.070772053624656217,-0.085713553774590112,0.14237992287702195,0.068052696280818115,-0.069339761008424317,0.11356871759673359,0.053917288354692922
070e88a2-4813-5a0f-841e-5bd7772ca053,bebb7995-b295-5437-ac20-814e7f26a355,2021-10-16,2021,SUBMISSION,Featherweight,MATCH,MATCH,NO_MATCH,NO_MATCH,HIGH / LOW,LOW / LOW,LOW / LOW,HIGH / LOW,HIGH / MID,HIGH / MID,HIGH / LOW,HIGH / MID,HIGH / HIGH,LOW / LOW,HIGH / MID,LOW / LOW,HIGH / HIGH,LOW / LOW,HIGH / MID,HIGH / MID,HIGH / LOW,0.83896278487214149,0.67071324586868286,0.69165490423860876,0.84522200556732474,0.84522200556732474,-0.16824953900345863,-0.71529347611704952,-0.25400229621671488,-0.14730788063353273,-0.64958410839608116,-0.22547204784310004,0.0062592206951832541,0.039643691912932599,0.010541684294831599
045c5057-c872-5c32-9e8e-df58ded72270,567f0f4b-9dbe-5eeb-a79a-f05820007b83,2021-10-23,2021,KO_TKO,Light Heavyweight,MATCH,MATCH,NO_MATCH,NO_MATCH,MID / MID,LOW / MID,LOW / LOW,HIGH / LOW,HIGH / MID,HIGH / HIGH,HIGH / MID,HIGH / HIGH,LOW / LOW,LOW / LOW,LOW / MID,LOW / LOW,LOW / LOW,LOW / MID,HIGH / LOW,LOW / MID,LOW / MID,0.88768739636207672,0.8324701189994812,0.82911766950558452,0.891961542265301,0.891961542265301,-0.055217277362595518,0.064222321774170657,0.015452140092118732,-0.058569726856492199,0.068257563325813217,0.01658664993927338,0.0042741459032242801,-0.0048033677073379966,-0.00094181258623691512
ed101e22-4998-5960-85ab-086070a196ce,567f0f4b-9dbe-5eeb-a79a-f05820007b83,2021-10-23,2021,KO_TKO,Lightweight,MATCH,NO_MATCH,NO_MATCH,MATCH,LOW / MID,LOW / MID,LOW / MID,HIGH / HIGH,HIGH / HIGH,HIGH / HIGH,LOW / MID,LOW / MID,LOW / MID,LOW / LOW,LOW / MID,HIGH / MID,HIGH / HIGH,HIGH / MID,MID / MID,LOW / MID,LOW / LOW,0.50949938520604154,0.62662690877914429,0.61641455394431333,0.69936663966001378,0.69936663966001378,0.11712752357310274,-0.2069226757050292,-0.10118338786543377,0.10691516873827178,-0.19049106836754787,-0.093453058687511109,0.18986725445397223,-0.31674647897797353,-0.15021043576393922
fb4021af-a907-5775-86a2-40e0876fa845,567f0f4b-9dbe-5eeb-a79a-f05820007b83,2021-10-23,2021,SUBMISSION,Featherweight,NO_MATCH,NO_MATCH,NO_MATCH,MATCH,LOW / MID,HIGH / MID,LOW / MID,HIGH / MID,LOW / MID,LOW / LOW,LOW / MID,LOW / LOW,HIGH / LOW,HIGH / LOW,HIGH / MID,HIGH / LOW,HIGH / HIGH,HIGH / LOW,HIGH / HIGH,MID / MID,LOW / LOW,0.68426239270030198,0.53211438655853271,0.56543892853209499,0.4633315682090986,0.4633315682090986,-0.15214800614176927,-0.3933123383165491,-0.1850693016813787,-0.11882346416820699,-0.31942497856247909,-0.14849384016441863,-0.22093082449120338,-0.53046894635301289,-0.2535388799648397
2163fb7e-539b-5772-a950-7d595ad6ff84,b59e76e6-67bd-51e0-ab51-090ed0abbaf3,2021-10-30,2021,KO_TKO,Featherweight,NO_MATCH,NO_MATCH,NO_MATCH,MATCH,HIGH / HIGH,HIGH / LOW,HIGH / HIGH,LOW / LOW,HIGH / HIGH,LOW / MID,LOW / MID,LOW / LOW,LOW / MID,HIGH / LOW,LOW / LOW,HIGH / HIGH,HIGH / LOW,HIGH / LOW,LOW / MID,LOW / MID,HIGH / MID,0.49586878290147496,0.53250265121459961,0.5194112289115822,0.47256445417001697,0.47256445417001697,0.036633868313124651,-0.071276535254566786,-0.035594512931861888,0.023542446010107243,-0.046384576877323336,-0.023182717156964544,-0.023304328731457991,0.048137192550873231,0.024039970951731993
2c373f6e-6e0e-5432-b92e-4f6eda12522a,b59e76e6-67bd-51e0-ab51-090ed0abbaf3,2021-10-30,2021,SUBMISSION,Welterweight,NO_MATCH,NO_MATCH,MATCH,MATCH,HIGH / HIGH,HIGH / LOW,HIGH / MID,HIGH / HIGH,HIGH / MID,LOW / MID,HIGH / HIGH,LOW / MID,HIGH / LOW,HIGH / MID,HIGH / HIGH,HIGH / LOW,HIGH / MID,HIGH / LOW,HIGH / MID,LOW / MID,HIGH / MID,0.75584216677387417,0.6316993236541748,0.62406635877301431,0.65004275375496801,0.65004275375496801,-0.12414284311969936,-0.41108478619333455,-0.17225334556828309,-0.13177580800085986,-0.43159776806074979,-0.18183856092121636,-0.10579941301890616,-0.35999611978128132,-0.14874179936408299
7583663e-263a-5743-95d5-5b271773beae,b59e76e6-67bd-51e0-ab51-090ed0abbaf3,2021-10-30,2021,KO_TKO,Light Heavyweight,NO_MATCH,MATCH,NO_MATCH,NO_MATCH,HIGH / MID,LOW / MID,LOW / MID,HIGH / MID,LOW / MID,HIGH / MID,HIGH / MID,LOW / MID,HIGH / MID,HIGH / MID,HIGH / MID,LOW / LOW,HIGH / LOW,LOW / MID,MID / MID,LOW / LOW,LOW / LOW,0.70229751473817126,0.80525493621826172,0.80008276889509522,0.79684083582519749,0.79684083582519749,0.10295742148009046,-0.13680179382494725,-0.050701129863716055,0.097785254156923962,-0.1303580590230809,-0.048659870438417456,0.094543321087026233,-0.12629783032579969,-0.04735312374286501
88f06b98-1c06-5cb2-a63f-3adfd02ba971,b59e76e6-67bd-51e0-ab51-090ed0abbaf3,2021-10-30,2021,SUBMISSION,Lightweight,NO_MATCH,NO_MATCH,MATCH,MATCH,HIGH / MID,HIGH / HIGH,HIGH / LOW,HIGH / MID,MID / MID,MID / MID,HIGH / LOW,HIGH / LOW,HIGH / MID,HIGH / LOW,HIGH / LOW,HIGH / LOW,HIGH / HIGH,HIGH / MID,HIGH / MID,HIGH / HIGH,HIGH / LOW,0.65760403920766364,0.69562441110610962,0.72089049545015937,0.6560677545578798,0.6560677545578798,0.038020371898445982,0.11770541884734653,0.051450248944487409,0.063286456242495737,0.20436365320315963,0.087240034048141901,-0.0015362846497838367,-0.0044768296033281807,-0.0020181738116160086
fddc075f-d9cd-502a-85b6-87ba12a8cc67,b59e76e6-67bd-51e0-ab51-090ed0abbaf3,2021-10-30,2021,SUBMISSION,Middleweight,NO_MATCH,NO_MATCH,NO_MATCH,MATCH,MID / MID,LOW / LOW,HIGH / LOW,LOW / MID,HIGH / MID,HIGH / MID,HIGH / MID,HIGH / LOW,HIGH / HIGH,LOW / LOW,MID / MID,HIGH / HIGH,HIGH / MID,MID / MID,LOW / MID,LOW / MID,HIGH / LOW,0.57821824014122469,0.54871839284896851,0.52117683139995585,0.5442701021506321,0.5442701021506321,-0.029499847292256187,-0.067603527210562064,-0.033244458581260072,-0.05704140874126884,-0.1268433378705085,-0.062711043643916997,-0.033948137990592597,-0.077412281208806943,-0.038106389136955521
56f6dc1f-e11e-5bcb-9ee4-e4837407da22,03d21603-451e-5127-befc-17671c8337ca,2021-11-06,2021,KO_TKO,Heavyweight,NO_MATCH,MATCH,NO_MATCH,NO_MATCH,LOW / MID,HIGH / LOW,LOW / LOW,MID / MID,HIGH / MID,HIGH / HIGH,HIGH / HIGH,HIGH / HIGH,LOW / MID,LOW / MID,HIGH / MID,LOW / LOW,HIGH / MID,LOW / LOW,LOW / MID,HIGH / LOW,LOW / MID,0.78068246420782195,0.83047086000442505,0.81994016743370812,0.83828019368905471,0.83828019368905471,0.049788395796603102,-0.061824349899289338,-0.019360052198314048,0.039257703225886176,-0.049062879804846776,-0.015678638202152234,0.057597729481232762,-0.071183913360030909,-0.021946885752703638
87523036-9bcb-5ec3-a78a-81e24072fa50,03d21603-451e-5127-befc-17671c8337ca,2021-11-06,2021,KO_TKO,Middleweight,NO_MATCH,MATCH,NO_MATCH,NO_MATCH,HIGH / MID,LOW / MID,HIGH / MID,HIGH / LOW,LOW / LOW,HIGH / MID,HIGH / HIGH,HIGH / LOW,HIGH / MID,LOW / MID,LOW / MID,HIGH / HIGH,LOW / LOW,HIGH / MID,LOW / MID,LOW / MID,HIGH / MID,0.6955539159978642,0.56468760967254639,0.57087068217973069,0.63121854918783515,0.63121854918783515,-0.13086630632531782,0.20843585455892572,0.096809459108365803,-0.12468323381813351,0.19754582159964224,0.091464553348654165,-0.064335366810029049,0.097056373283994302,0.043312340398889621
248e291b-1e43-5724-9a7f-db33862f1623,5f73fe88-017f-575e-a72a-e27ede762eb9,2021-11-13,2021,KO_TKO,Welterweight,MATCH,NO_MATCH,NO_MATCH,NO_MATCH,HIGH / LOW,MID / MID,LOW / MID,HIGH / HIGH,LOW / LOW,MID / MID,HIGH / HIGH,HIGH / MID,LOW / MID,LOW / MID,HIGH / HIGH,LOW / MID,LOW / MID,HIGH / LOW,HIGH / MID,LOW / MID,LOW / LOW,0.7438397123488828,0.62699103355407715,0.68282098909430311,0.67419236192548349,0.67419236192548349,-0.11684867879480565,0.17089333125223471,0.073517596079552494,-0.061018723254579688,0.085592841043608425,0.034984431989613082,-0.069647350423399312,0.098310097588428402,0.040532524058192035
3806f2fa-7292-55dc-bb11-30d007db697f,5f73fe88-017f-575e-a72a-e27ede762eb9,2021-11-13,2021,KO_TKO,Heavyweight,MATCH,NO_MATCH,NO_MATCH,NO_MATCH,HIGH / HIGH,HIGH / HIGH,HIGH / MID,HIGH / MID,LOW / LOW,LOW / MID,HIGH / HIGH,HIGH / LOW,HIGH / MID,LOW / MID,LOW / MID,MID / MID,HIGH / MID,HIGH / MID,HIGH / LOW,LOW / LOW,LOW / LOW,0.60652755861493679,0.52597552537918091,0.5261768168603832,0.56792121457225353,0.56792121457225353,-0.080552033235755882,0.14249548416553626,0.069878640410021564,-0.08035074175455359,0.14211285614566294,0.069687846751036842,-0.03860634404268326,0.065767463761839728,0.031871514687194569
c502df0d-610a-517f-b197-d474faeee8cf,5f73fe88-017f-575e-a72a-e27ede762eb9,2021-11-13,2021,KO_TKO,Light Heavyweight,MATCH,NO_MATCH,NO_MATCH,NO_MATCH,HIGH / MID,MID / MID,MID / MID,HIGH / MID,LOW / LOW,MID / MID,HIGH / HIGH,HIGH / HIGH,MID / MID,LOW / MID,HIGH / MID,LOW / MID,HIGH / LOW,HIGH / LOW,HIGH / MID,HIGH / HIGH,LOW / MID,0.73576525619279409,0.71891552209854126,0.70491838040850918,0.7183473566930878,0.7183473566930878,-0.016849734094252833,0.023167265250873925,0.0091884838822759024,-0.030846875784284911,0.042829098824833045,0.017253162385877555,-0.017417899499706291,0.023957886707022535,0.0095082116469109718
30bf97a1-4d76-5d8d-9357-64c08dd95221,78494a9a-3baf-5008-96c5-063059a489b1,2021-12-04,2021,SUBMISSION,Lightweight,NO_MATCH,NO_MATCH,MATCH,MATCH,LOW / LOW,MID / MID,HIGH / LOW,LOW / LOW,HIGH / MID,HIGH / HIGH,LOW / MID,HIGH / MID,HIGH / MID,LOW / MID,HIGH / LOW,HIGH / LOW,HIGH / LOW,HIGH / LOW,HIGH / LOW,MID / MID,HIGH / LOW,0.57940578240702512,0.57604330778121948,0.56807527230164212,0.5891194860407335,0.5891194860407335,-0.0033624746258056337,-0.0079627938434543299,-0.0038851682471681692,-0.011330510105382996,-0.026582816445006152,-0.013001545686112059,0.0097137036337083815,0.023366063243172364,0.011350708146201038
c062cd87-c840-52f5-9b79-cedd6eea5379,78494a9a-3baf-5008-96c5-063059a489b1,2021-12-04,2021,KO_TKO,Light Heavyweight,MATCH,MATCH,MATCH,MATCH,HIGH / MID,MID / MID,HIGH / LOW,HIGH / HIGH,MID / MID,HIGH / HIGH,HIGH / HIGH,LOW / MID,HIGH / MID,LOW / LOW,HIGH / LOW,HIGH / LOW,HIGH / MID,HIGH / LOW,HIGH / MID,LOW / MID,HIGH / LOW,0.48046413711610142,0.57735484838485718,0.57952958495897289,0.59683525946480409,0.59683525946480409,0.096890711268755758,-0.18370447698553172,-0.091288588638730073,0.099065447842871468,-0.18746412500755461,-0.093122142897743537,0.11637112234870267,-0.21688853898711047,-0.1073757048117053
d47a6c05-68ff-56b3-ba3a-a93fa1db32f8,78494a9a-3baf-5008-96c5-063059a489b1,2021-12-04,2021,KO_TKO,Middleweight,MATCH,MATCH,NO_MATCH,NO_MATCH,HIGH / HIGH,LOW / MID,HIGH / MID,HIGH / MID,MID / MID,HIGH / HIGH,HIGH / MID,HIGH / HIGH,HIGH / HIGH,LOW / LOW,MID / MID,HIGH / MID,MID / MID,HIGH / MID,HIGH / MID,HIGH / LOW,LOW / MID,0.6456921940521374,0.60678768157958984,0.59595125415870165,0.51907374629201841,0.51907374629201841,-0.038904512472547559,0.062143963793174661,0.029081906001965779,-0.049740939893435754,0.080164035038403192,0.037721367660337873,-0.12661844776011899,0.21827694431474676,0.10575604015000561
db61d9b5-626d-5974-93df-9d6814eb1557,78494a9a-3baf-5008-96c5-063059a489b1,2021-12-04,2021,KO_TKO,Bantamweight,NO_MATCH,MATCH,NO_MATCH,NO_MATCH,LOW / LOW,HIGH / MID,HIGH / LOW,MID / MID,HIGH / HIGH,HIGH / LOW,HIGH / LOW,HIGH / HIGH,LOW / MID,MID / MID,HIGH / MID,HIGH / LOW,HIGH / LOW,HIGH / LOW,LOW / MID,LOW / LOW,HIGH / LOW,0.47595443398245507,0.53744393587112427,0.53927161987188632,0.47921147325789132,0.47921147325789132,0.061489501888669196,-0.12150232648389814,-0.060665642800252439,0.063317185889431249,-0.12489725422768849,-0.062353115007173415,0.0032570392754362465,-0.0068198663177470031,-0.0034030656764330591
0b5ebb86-c4f5-539f-9b13-75840bcbb774,7533bb31-9f97-51f8-8834-cb730f6af76f,2021-12-11,2021,SUBMISSION,Lightweight,NO_MATCH,NO_MATCH,MATCH,MATCH,HIGH / HIGH,HIGH / HIGH,HIGH / MID,HIGH / HIGH,MID / MID,LOW / MID,HIGH / LOW,HIGH / MID,HIGH / HIGH,MID / MID,HIGH / MID,HIGH / HIGH,HIGH / HIGH,HIGH / MID,HIGH / MID,LOW / LOW,HIGH / MID,0.46560177224853011,0.5304219126701355,0.51262114071753784,0.47623109838626809,0.47623109838626809,0.064820140421605388,0.12930670087355689,0.064562395119672739,0.047019368469007727,0.092099540104967459,0.045995423589577616,0.010629326137737982,0.020090746298488837,0.010011048749219237
4dcc2b1a-9547-5094-8767-dcbe1cdbad4d,7533bb31-9f97-51f8-8834-cb730f6af76f,2021-12-11,2021,SUBMISSION,Women's Flyweight,NO_MATCH,NO_MATCH,MATCH,MATCH,LOW / MID,HIGH / MID,HIGH / LOW,LOW / MID,LOW / MID,LOW / MID,HIGH / LOW,HIGH / LOW,HIGH / LOW,LOW / LOW,LOW / MID,HIGH / LOW,HIGH / MID,HIGH / LOW,HIGH / MID,LOW / LOW,HIGH / LOW,0.34617790401083021,0.52578061819076538,0.51590062789290558,0.46453054894139501,0.46453054894139501,0.17960271417993517,0.32116524452733813,0.15660611723973183,0.16972272388207538,0.30054509005703928,0.14631431663496264,0.1183526449305648,0.19969144921951215,0.095949489674462207
a61f4b16-86f4-5ef1-937b-28975c7c92b8,7533bb31-9f97-51f8-8834-cb730f6af76f,2021-12-11,2021,SUBMISSION,Middleweight,MATCH,NO_MATCH,MATCH,NO_MATCH,HIGH / MID,HIGH / LOW,HIGH / LOW,HIGH / LOW,HIGH / MID,MID / MID,HIGH / MID,HIGH / LOW,HIGH / MID,LOW / LOW,LOW / MID,HIGH / LOW,LOW / MID,HIGH / LOW,HIGH / LOW,HIGH / LOW,HIGH / MID,0.63356824376797638,0.73020577430725098,0.72955463517606389,0.71667798607040445,0.71667798607040445,0.096637530539274596,0.30615275861518576,0.13179175332041398,0.095986391408087512,0.30374220056679446,0.13084124619564169,0.083109742302428069,0.25722819080172044,0.11221861620669288
addd838e-9cdc-5b0b-b7a3-f43a7ac549c1,7533bb31-9f97-51f8-8834-cb730f6af76f,2021-12-11,2021,KO_TKO,Heavyweight,MATCH,MATCH,NO_MATCH,NO_MATCH,HIGH / HIGH,HIGH / MID,LOW / LOW,HIGH / MID,HIGH / MID,HIGH / HIGH,HIGH / HIGH,HIGH / MID,HIGH / MID,LOW / LOW,HIGH / HIGH,LOW / LOW,LOW / MID,LOW / LOW,LOW / MID,LOW / LOW,LOW / LOW,0.87716087919329144,0.83222317695617676,0.83063201293581135,0.87575337109562146,0.87575337109562146,-0.044937702237114685,0.052589771801625329,0.013059612750113239,-0.046528866257480095,0.054503545791902086,0.013596065441610036,-0.001407508097669985,0.0016059067349443734,0.00034777519353721385
d9eee472-dc62-53d1-987a-f22640ec3dfa,7533bb31-9f97-51f8-8834-cb730f6af76f,2021-12-11,2021,KO_TKO,Bantamweight,NO_MATCH,NO_MATCH,NO_MATCH,MATCH,HIGH / LOW,LOW / MID,LOW / LOW,HIGH / MID,HIGH / MID,HIGH / MID,HIGH / LOW,HIGH / LOW,LOW / MID,HIGH / MID,HIGH / LOW,HIGH / LOW,HIGH / HIGH,LOW / MID,LOW / LOW,MID / MID,LOW / LOW,0.74228834751265338,0.65811949968338013,0.67053139022087027,0.73797976489562145,0.73797976489562145,-0.084168847829273252,0.12035125088907206,0.050466980668983405,-0.071756957291783108,0.10166725842186886,0.042134269002033542,-0.0043085826170319308,0.005821370802321979,0.0022393077763948888
f15fcc80-f5de-50a5-8c18-752ebccb8bd8,7533bb31-9f97-51f8-8834-cb730f6af76f,2021-12-11,2021,SUBMISSION,Women's Bantamweight,NO_MATCH,NO_MATCH,NO_MATCH,MATCH,HIGH / HIGH,HIGH / HIGH,HIGH / HIGH,HIGH / LOW,LOW / LOW,LOW / LOW,HIGH / MID,LOW / LOW,HIGH / MID,HIGH / MID,HIGH / LOW,HIGH / HIGH,HIGH / MID,HIGH / MID,HIGH / HIGH,HIGH / LOW,MID / MID,0.55946552918395431,0.43152177333831787,0.431350655660237,0.36091400972633542,0.36091400972633542,-0.12794375584563644,-0.25497431667600778,-0.12679063748003544,-0.12811487352371731,-0.25527528146436806,-0.12693829020656566,-0.1985515194576189,-0.37205031923864251,-0.18274275592834069
f2b9d1e1-0d50-5ee5-ba9c-a16c289dc415,7533bb31-9f97-51f8-8834-cb730f6af76f,2021-12-11,2021,KO_TKO,Bantamweight,NO_MATCH,MATCH,NO_MATCH,NO_MATCH,HIGH / LOW,MID / MID,LOW / LOW,HIGH / MID,LOW / MID,HIGH / MID,HIGH / MID,HIGH / MID,HIGH / LOW,HIGH / MID,HIGH / MID,MID / MID,LOW / LOW,LOW / LOW,LOW / MID,HIGH / LOW,LOW / MID,0.83941682194409983,0.80937516689300537,0.81821912865610158,0.88048250722940946,0.88048250722940946,-0.030041655051094462,0.036444840049477401,0.010550869922536617,-0.021197693287998254,0.025577206966159699,0.007257328112014013,0.041065685285309628,-0.047762669741291758,-0.011502525996364777
1e5973d6-ede0-5b83-8276-8061840015e2,ae8a5aee-4533-57de-93ab-e6fa8291005d,2021-12-18,2021,KO_TKO,Heavyweight,MATCH,MATCH,NO_MATCH,NO_MATCH,HIGH / MID,LOW / MID,LOW / MID,HIGH / MID,HIGH / HIGH,HIGH / HIGH,HIGH / HIGH,HIGH / HIGH,HIGH / MID,LOW / LOW,HIGH / MID,LOW / MID,LOW / MID,LOW / LOW,LOW / MID,LOW / MID,LOW / MID,0.87837028759179359,0.84853857755661011,0.85167958225977647,0.91605581214226872,0.91605581214226872,-0.029831710035183479,0.034552695346968393,0.0081467755480720098,-0.026690705332017117,0.03085786564716092,0.0072051593781314142,0.037685524550475136,-0.042009048522435588,-0.0077471602654089226
58431cc7-77ea-559e-9b9e-517fafe55376,ae8a5aee-4533-57de-93ab-e6fa8291005d,2021-12-18,2021,KO_TKO,Featherweight,MATCH,NO_MATCH,NO_MATCH,MATCH,LOW / LOW,HIGH / HIGH,HIGH / MID,HIGH / LOW,MID / MID,LOW / MID,HIGH / MID,HIGH / MID,HIGH / LOW,HIGH / LOW,HIGH / MID,HIGH / LOW,HIGH / HIGH,LOW / MID,HIGH / LOW,HIGH / LOW,HIGH / LOW,0.63424738318098284,0.61186474561691284,0.59258542922019719,0.53008726423823738,0.53008726423823738,-0.022382637564069996,0.035927818429567548,0.016873998985064975,-0.041661953960785647,0.067944025669391894,0.03221165577373214,-0.10416011894274546,0.17939743012396753,0.08704300252114533
74f2ed84-6353-596f-8912-a1685654a6e8,ae8a5aee-4533-57de-93ab-e6fa8291005d,2021-12-18,2021,KO_TKO,Heavyweight,MATCH,MATCH,NO_MATCH,NO_MATCH,HIGH / HIGH,HIGH / MID,HIGH / HIGH,HIGH / HIGH,MID / MID,HIGH / HIGH,HIGH / HIGH,LOW / MID,HIGH / HIGH,HIGH / LOW,HIGH / LOW,LOW / LOW,LOW / MID,LOW / LOW,LOW / MID,LOW / MID,LOW / LOW,0.96520554052813301,0.86883735656738281,0.84945819474444983,0.89664262962952301,0.89664262962952301,-0.096368183960750198,0.1051851278787122,0.015992984622292483,-0.11574734578368318,0.12774234572516763,0.021452180719660596,-0.068562910898609997,0.073683697560797318,0.0094720915999605589
94328ae1-9291-57a5-b4ba-d0370a870884,ae8a5aee-4533-57de-93ab-e6fa8291005d,2021-12-18,2021,SUBMISSION,Middleweight,NO_MATCH,NO_MATCH,NO_MATCH,MATCH,HIGH / MID,HIGH / LOW,LOW / MID,LOW / MID,HIGH / MID,HIGH / MID,LOW / MID,HIGH / HIGH,LOW / MID,LOW / LOW,MID / MID,HIGH / LOW,HIGH / HIGH,HIGH / MID,LOW / MID,LOW / LOW,HIGH / HIGH,0.53561238501877495,0.51913911104202271,0.53158764736408737,0.50577514764656784,0.50577514764656784,-0.016473273976752245,-0.034858435522581055,-0.01737521037199885,-0.0040247376546875824,-0.0086294227491489073,-0.0042952001554151242,-0.029837237372207115,-0.062270999730627108,-0.031072127008592965
2adc2ce2-108d-56bc-8181-49e2d5241bf6,2e238719-ce65-5c0b-90bb-cba0941a9e27,2022-01-15,2022,SUBMISSION,Heavyweight,NO_MATCH,MATCH,NO_MATCH,NO_MATCH,LOW / LOW,HIGH / HIGH,LOW / LOW,MID / MID,HIGH / MID,HIGH / HIGH,HIGH / MID,HIGH / HIGH,LOW / MID,LOW / MID,HIGH / HIGH,LOW / MID,LOW / LOW,LOW / LOW,LOW / MID,HIGH / MID,LOW / LOW,0.86027623590276892,0.84169650077819824,0.86988317508410784,0.91136302453899887,0.86988317508410784,-0.018579735124570673,-0.12484671177944029,-0.031622202636773067,0.0096069391813389249,0.071234659757405838,0.016621536235372103,0.051086788636229952,0.45511825905253089,0.09050736043783536
2ac02514-7e02-5a24-a660-6fd88d86c6f1,6e6aaf69-7f23-5555-95b4-e4821fa5cb6e,2022-02-05,2022,SUBMISSION,Light Heavyweight,MATCH,MATCH,NO_MATCH,NO_MATCH,HIGH / HIGH,HIGH / MID,HIGH / LOW,HIGH / MID,HIGH / MID,HIGH / HIGH,HIGH / MID,HIGH / MID,HIGH / MID,LOW / MID,HIGH / MID,HIGH / LOW,LOW / MID,HIGH / LOW,LOW / MID,HIGH / LOW,LOW / LOW,0.80547756865778108,0.82147878408432007,0.8393902665052162,0.84036242589165211,0.8393902665052162,0.016001215426538984,0.085840033819065242,0.026033279089802464,0.033912697847435114,0.19157007790431169,0.055781905892847372,0.034884857233871025,0.19764140059512481,0.057414893239651987
6575a521-0814-5f2f-bb09-28c5be566572,6e6aaf69-7f23-5555-95b4-e4821fa5cb6e,2022-02-05,2022,KO_TKO,Welterweight,MATCH,MATCH,MATCH,MATCH,LOW / MID,LOW / MID,HIGH / LOW,HIGH / HIGH,HIGH / HIGH,HIGH / MID,HIGH / LOW,MID / MID,MID / MID,LOW / MID,LOW / MID,HIGH / LOW,HIGH / LOW,HIGH / MID,HIGH / MID,LOW / MID,HIGH / MID,0.79373162717331358,0.63354599475860596,0.6695985660898609,0.71248956658399853,0.6695985660898609,-0.16018563241470762,0.22541280174841105,0.091741896328890737,-0.12413306108345268,0.17006702534062956,0.0666184659013071,-0.081242060589315046,0.10798013442603133,0.04011560769448811
d550d60b-1609-5f3f-a3bb-6b5cc27e8b9e,6e6aaf69-7f23-5555-95b4-e4821fa5cb6e,2022-02-05,2022,SUBMISSION,Bantamweight,MATCH,MATCH,NO_MATCH,NO_MATCH,HIGH / LOW,LOW / MID,LOW / LOW,HIGH / HIGH,HIGH / MID,HIGH / MID,HIGH / HIGH,HIGH / LOW,HIGH / HIGH,HIGH / LOW,HIGH / MID,LOW / LOW,LOW / LOW,LOW / MID,LOW / LOW,HIGH / MID,LOW / MID,0.84616400089871024,0.81345325708389282,0.84233503100915219,0.84129399284344886,0.84233503100915219,-0.032710743814817422,-0.19279474587835255,-0.054287314956518729,-0.0038289698895580537,-0.024585238205497406,-0.0064652119517232265,-0.0048700080552613878,-0.031166385033741362,-0.0082179340224395325
287fb189-bc28-51d7-b4cb-a3fbf5c5e6ad,e27e2048-5154-5fb9-860f-4c8d3290f688,2022-02-12,2022,KO_TKO,Heavyweight,MATCH,MATCH,NO_MATCH,NO_MATCH,HIGH / HIGH,HIGH / HIGH,HIGH / LOW,HIGH / HIGH,HIGH / MID,HIGH / HIGH,HIGH / HIGH,LOW / MID,HIGH / HIGH,LOW / LOW,HIGH / LOW,LOW / LOW,MID / MID,LOW / LOW,LOW / LOW,LOW / LOW,LOW / LOW,0.91455910405307972,0.79731327295303345,0.8303519208893525,0.89467009797327557,0.8303519208893525,-0.11724583110004627,0.13719442890684824,0.033781762620799065,-0.084207183163727217,0.096592483653819602,0.021480324045720055,-0.01988900607980415,0.021987050946263922,0.0037942415607469084
335cf09a-ab59-5637-b892-c9eb597d90c4,e27e2048-5154-5fb9-860f-4c8d3290f688,2022-02-12,2022,SUBMISSION,Lightweight,NO_MATCH,MATCH,NO_MATCH,NO_MATCH,HIGH / MID,HIGH / HIGH,LOW / MID,HIGH / MID,HIGH / MID,HIGH / HIGH,HIGH / LOW,HIGH / MID,LOW / MID,HIGH / HIGH,HIGH / MID,HIGH / LOW,LOW / MID,HIGH / LOW,HIGH / MID,HIGH / MID,MID / MID,0.70548060222410569,0.73009681701660156,0.72030405893917837,0.76421067473284932,0.72030405893917837,0.024616214792495872,0.087281554584032861,0.035338482103286162,0.01482345671507268,0.051641779390752207,0.021135057209768493,0.058730072508743625,0.22240615093866412,0.086315075261150009
ccad8ba7-0d5e-5ace-9b2c-06d3436f09b4,e27e2048-5154-5fb9-860f-4c8d3290f688,2022-02-12,2022,KO_TKO,Middleweight,NO_MATCH,MATCH,NO_MATCH,NO_MATCH,HIGH / MID,HIGH / HIGH,HIGH / MID,HIGH / HIGH,HIGH / HIGH,HIGH / HIGH,HIGH / HIGH,LOW / MID,MID / MID,HIGH / MID,MID / MID,LOW / MID,LOW / LOW,LOW / MID,LOW / MID,HIGH / MID,HIGH / LOW,0.89398370593577225,0.84318792819976807,0.87005060859698158,0.87502224876311041,0.87005060859698158,-0.050795777736004188,0.058497687951307359,0.013350571255168284,-0.023933097338790676,0.027136168226889856,0.0056473897189020655,-0.018961457172661844,0.021438235792601873,0.0043799836971170469
52f6a192-122c-5b07-8e7c-318d5dacc20a,2ff5f0d0-a468-5940-ac92-33feb195d04a,2022-02-19,2022,KO_TKO,Featherweight,MATCH,NO_MATCH,NO_MATCH,NO_MATCH,LOW / MID,HIGH / LOW,LOW / LOW,HIGH / LOW,HIGH / MID,HIGH / MID,LOW / MID,HIGH / HIGH,HIGH / LOW,HIGH / LOW,HIGH / HIGH,HIGH / MID,MID / MID,HIGH / MID,LOW / MID,LOW / LOW,LOW / LOW,0.69629048235139612,0.68409794569015503,0.69379669505797548,0.54587058295972091,0.69379669505797548,-0.012192536661241093,0.017665830139864114,0.0075546368068326181,-0.0024937872934206462,0.0035879619771413962,0.0015209928470708428,-0.15041989939167522,0.24338501286122949,0.11399405631099611
6ac75820-496a-51c1-9103-cb1bad62b448,2ff5f0d0-a468-5940-ac92-33feb195d04a,2022-02-19,2022,KO_TKO,Light Heavyweight,MATCH,MATCH,NO_MATCH,NO_MATCH,HIGH / HIGH,MID / MID,HIGH / LOW,HIGH / HIGH,HIGH / MID,HIGH / HIGH,HIGH / HIGH,LOW / MID,HIGH / MID,LOW / LOW,HIGH / LOW,LOW / LOW,HIGH / LOW,LOW / LOW,MID / MID,LOW / LOW,LOW / LOW,0.85415708637017518,0.82407873868942261,0.87407372028059571,0.85885165612792458,0.87407372028059571,-0.030078347680752571,0.035849036752641172,0.0096781347250679099,0.019916633910420534,-0.023049601486778676,-0.0054127275320668931,0.0046945697577494006,-0.0054810946310858699,-0.0013473004782068934
584f239d-98ff-5234-8a20-28d7a8c1fdb0,22bf10f5-db53-50f5-b138-e779aa1b8988,2022-02-26,2022,SUBMISSION,Welterweight,NO_MATCH,NO_MATCH,NO_MATCH,MATCH,HIGH / MID,LOW / LOW,LOW / MID,LOW / MID,HIGH / MID,HIGH / HIGH,LOW / MID,HIGH / MID,HIGH / LOW,LOW / LOW,LOW / LOW,HIGH / MID,HIGH / MID,HIGH / MID,HIGH / MID,LOW / LOW,LOW / MID,0.57300255596542626,0.56891912221908569,0.56948904949082557,0.67811102172695226,0.56948904949082557,-0.0040834337463405701,-0.0095176966200520852,-0.0046629615163765181,-0.0035135064746006917,-0.0081947329238981625,-0.0040141516529474952,0.10510846576152599,0.2825713292237324,0.13150262864465961
a364ae52-706f-5346-8851-232b52bea9cc,22bf10f5-db53-50f5-b138-e779aa1b8988,2022-02-26,2022,SUBMISSION,Lightweight,MATCH,NO_MATCH,NO_MATCH,NO_MATCH,LOW / LOW,LOW / LOW,HIGH / LOW,HIGH / HIGH,LOW / LOW,MID / MID,HIGH / HIGH,HIGH / HIGH,HIGH / LOW,LOW / MID,HIGH / MID,LOW / LOW,HIGH / LOW,MID / MID,HIGH / LOW,HIGH / MID,HIGH / MID,0.74212887940984462,0.74121779203414917,0.7513164997633065,0.64146352570190124,0.7513164997633065,-0.00091108737569545184,-0.0035268845461740028,-0.0013514584261324902,0.0091876203534618783,0.036278922951097581,0.013721209162474879,-0.10066535370794338,-0.32957046876431129,-0.13927981884819801
da1e4f1f-55dd-5a3a-a3bb-45aa4f66ae4e,22bf10f5-db53-50f5-b138-e779aa1b8988,2022-02-26,2022,SUBMISSION,Middleweight,NO_MATCH,NO_MATCH,MATCH,NO_MATCH,HIGH / LOW,HIGH / MID,MID / MID,LOW / LOW,HIGH / HIGH,HIGH / HIGH,LOW / MID,HIGH / MID,HIGH / MID,HIGH / LOW,MID / MID,HIGH / MID,LOW / MID,HIGH / MID,HIGH / LOW,HIGH / MID,HIGH / HIGH,0.6865728345506017,0.67823988199234009,0.6899468518774996,0.67384959810332845,0.6899468518774996,-0.0083329525582616082,-0.026239286815356033,-0.011372919617864463,0.0033740173268979046,0.010823277625158667,0.0046444012728245054,-0.012723236447273245,-0.0397916245205443,-0.017308976278830601
f94303fd-69da-5db9-8d5d-79f681f51088,22bf10f5-db53-50f5-b138-e779aa1b8988,2022-02-26,2022,KO_TKO,Catch Weight,NO_MATCH,NO_MATCH,MATCH,NO_MATCH,HIGH / MID,HIGH / HIGH,HIGH / MID,MID / MID,MID / MID,LOW / MID,LOW / MID,HIGH / LOW,HIGH / HIGH,HIGH / HIGH,HIGH / LOW,HIGH / LOW,HIGH / LOW,HIGH / MID,HIGH / MID,HIGH / HIGH,HIGH / MID,0.64287058275850162,0.56315445899963379,0.62068422379323007,0.70448995985753549,0.62068422379323007,-0.07971612375886783,0.13238949257460936,0.063292606032650384,-0.022186358965271546,0.03512097669959463,0.016339037420092128,0.061619377099033867,-0.091530646795161263,-0.040215236834251267
7d77cd96-093a-580b-855e-1baffd6f3635,f2f364ff-9464-55a4-8206-9cea7ffd71bc,2022-03-05,2022,KO_TKO,Lightweight,MATCH,MATCH,NO_MATCH,NO_MATCH,HIGH / MID,MID / MID,HIGH / MID,HIGH / HIGH,HIGH / LOW,HIGH / LOW,HIGH / HIGH,HIGH / MID,LOW / MID,LOW / LOW,HIGH / LOW,HIGH / MID,HIGH / LOW,HIGH / MID,HIGH / LOW,HIGH / MID,HIGH / LOW,0.64428323817206645,0.60369127988815308,0.63115405222932608,0.68261736989135435,0.63115405222932608,-0.040591958283913376,0.065075498989715874,0.03052618699133941,-0.013129185942740373,0.020588467673569644,0.0095129185414959128,0.038334131719287901,-0.057796042568548978,-0.025802680750669424
86f36a98-4eed-5ab1-a6ff-2512bf83d713,f2f364ff-9464-55a4-8206-9cea7ffd71bc,2022-03-05,2022,KO_TKO,Heavyweight,NO_MATCH,MATCH,NO_MATCH,NO_MATCH,HIGH / LOW,HIGH / MID,HIGH / HIGH,LOW / MID,HIGH / MID,HIGH / HIGH,HIGH / MID,MID / MID,HIGH / HIGH,MID / MID,HIGH / MID,LOW / LOW,LOW / MID,LOW / MID,HIGH / MID,HIGH / MID,LOW / MID,0.80454254097407629,0.84358388185501099,0.85923747580565935,0.91143413292408693,0.85923747580565935,0.039041340880934694,-0.04738549822985258,-0.013737616273323483,0.054694934831583053,-0.065771496086756726,-0.018389530071308308,0.10689159195001063,-0.1247454854103391,-0.030359705477962341
f8abde51-1ce7-5653-9fd9-f5f0afd5205a,f2f364ff-9464-55a4-8206-9cea7ffd71bc,2022-03-05,2022,SUBMISSION,Featherweight,NO_MATCH,NO_MATCH,NO_MATCH,MATCH,HIGH / LOW,HIGH / LOW,LOW / MID,MID / MID,MID / MID,LOW / MID,LOW / MID,HIGH / LOW,HIGH / LOW,HIGH / MID,MID / MID,HIGH / HIGH,HIGH / MID,HIGH / HIGH,MID / MID,MID / MID,HIGH / MID,0.48302647675012439,0.46007752418518066,0.44692821216880751,0.39428455906885529,0.44692821216880751,-0.022948952564943725,-0.043433905031835862,-0.021643248981272956,-0.036098264581316875,-0.067496147428947939,-0.033569750409231824,-0.0887419176812691,-0.1584186454521197,-0.077854263721516825
3d715b4b-858d-5f6c-bdb8-0c212852436d,6aad583e-b153-58ee-883d-4df5e136b9a6,2022-03-12,2022,SUBMISSION,Featherweight,NO_MATCH,NO_MATCH,NO_MATCH,MATCH,LOW / LOW,LOW / MID,LOW / MID,LOW / LOW,MID / MID,HIGH / MID,LOW / LOW,LOW / MID,LOW / MID,LOW / MID,LOW / LOW,HIGH / HIGH,HIGH / MID,HIGH / MID,LOW / MID,LOW / LOW,HIGH / LOW,0.38451578541224174,0.48608320951461792,0.44455492193041379,0.48104991672389447,0.44455492193041379,0.10156742410237618,0.18034793267448734,0.088424497340838792,0.060039136518172054,0.10263956397934859,0.049776689381363148,0.096534131311652727,0.17060159892778604,0.083556633148872655
7291f44c-2788-5a98-871c-9612658a400a,6aad583e-b153-58ee-883d-4df5e136b9a6,2022-03-12,2022,KO_TKO,Bantamweight,NO_MATCH,MATCH,NO_MATCH,NO_MATCH,HIGH / MID,HIGH / HIGH,LOW / LOW,HIGH / HIGH,HIGH / LOW,HIGH / LOW,HIGH / MID,HIGH / HIGH,LOW / LOW,HIGH / MID,HIGH / MID,MID / MID,LOW / LOW,MID / MID,MID / MID,LOW / MID,LOW / LOW,0.83031927920055382,0.80692762136459351,0.83126629200631974,0.8225016436352468,0.83126629200631974,-0.023391657835960311,0.028576324830295236,0.0084853963809141605,0.00094701280576592328,-0.0011398906258194008,-0.00032048279772305122,-0.0078176355653070129,0.0094598195800217055,0.0027141195011693153
abed5ad6-4822-5d1b-be6a-01a5235d30a5,6aad583e-b153-58ee-883d-4df5e136b9a6,2022-03-12,2022,KO_TKO,Lightweight,NO_MATCH,NO_MATCH,NO_MATCH,MATCH,HIGH / HIGH,HIGH / LOW,HIGH / MID,HIGH / HIGH,LOW / MID,LOW / MID,HIGH / HIGH,HIGH / LOW,HIGH / LOW,MID / MID,HIGH / MID,HIGH / LOW,HIGH / HIGH,HIGH / MID,LOW / MID,LOW / MID,MID / MID,0.62079746351608267,0.55153656005859375,0.5726150749637271,0.55873827659914843,0.5726150749637271,-0.06926090345748892,0.11829675449593108,0.05732489328824264,-0.048182388552355571,0.080791163496419738,0.038863310472423945,-0.062059186916934239,0.10532371879997943,0.050917344862852987
01457706-7997-501b-b250-1b76f2e4be09,ca4a09f3-d7e2-5c7f-bb7f-5d8231a388da,2022-03-19,2022,KO_TKO,Lightweight,MATCH,MATCH,MATCH,MATCH,HIGH / HIGH,LOW / LOW,HIGH / MID,HIGH / HIGH,HIGH / LOW,HIGH / MID,HIGH / MID,LOW / MID,LOW / MID,HIGH / LOW,LOW / LOW,HIGH / LOW,HIGH / HIGH,MID / MID,HIGH / MID,HIGH / LOW,HIGH / LOW,0.50926285452593345,0.5931704044342041,0.57955950455616323,0.65350525470935994,0.57955950455616323,0.083907549908270651,-0.1525174207786969,-0.075312626119806103,0.070296650030229779,-0.12930404322828204,-0.064052735738976241,0.14424240018342649,-0.24938627704134964,-0.12076433743400963
20213671-3ce4-50f2-b4ef-67d4e134af3a,ca4a09f3-d7e2-5c7f-bb7f-5d8231a388da,2022-03-19,2022,KO_TKO,Heavyweight,NO_MATCH,MATCH,NO_MATCH,NO_MATCH,HIGH / MID,HIGH / LOW,HIGH / MID,HIGH / MID,HIGH / MID,HIGH / HIGH,HIGH / HIGH,HIGH / LOW,HIGH / MID,LOW / MID,HIGH / LOW,LOW / LOW,LOW / MID,LOW / LOW,LOW / LOW,LOW / LOW,HIGH / MID,0.8859616472514954,0.81865805387496948,0.84673479640736871,0.9161720414183,0.84673479640736871,-0.067303593376525916,0.079007182109068375,0.019880155526821104,-0.039226850844126693,0.04528612583685962,0.010485476734698355,0.030210394166804599,-0.033530503039140028,-0.0059776192576171559
4289a353-02c9-59fa-870d-72d683550299,ca4a09f3-d7e2-5c7f-bb7f-5d8231a388da,2022-03-19,2022,SUBMISSION,Heavyweight,NO_MATCH,MATCH,NO_MATCH,NO_MATCH,HIGH / LOW,HIGH / MID,HIGH / LOW,HIGH / MID,MID / MID,HIGH / HIGH,HIGH / HIGH,MID / MID,HIGH / HIGH,HIGH / MID,HIGH / HIGH,HIGH / LOW,LOW / LOW,HIGH / MID,HIGH / HIGH,HIGH / MID,LOW / MID,0.88446160065360313,0.74216526746749878,0.77592107812349564,0.83064101978523519,0.77592107812349564,-0.14229633318610435,-0.8027158715063214,-0.23146303879562979,-0.10854052253010749,-0.66239538302508039,-0.180218803554406,-0.05382058086836794,-0.38241766882077122,-0.092307819280878278
744122ca-6d00-5625-ac0e-3c94b447e616,ca4a09f3-d7e2-5c7f-bb7f-5d8231a388da,2022-03-19,2022,SUBMISSION,Light Heavyweight,MATCH,NO_MATCH,NO_MATCH,MATCH,HIGH / HIGH,HIGH / HIGH,HIGH / HIGH,HIGH / MID,HIGH / MID,HIGH / MID,MID / MID,LOW / LOW,HIGH / HIGH,LOW / LOW,HIGH / LOW,HIGH / HIGH,HIGH / HIGH,HIGH / HIGH,LOW / LOW,LOW / LOW,HIGH / MID,0.47336249041991302,0.54378193616867065,0.57929903195208032,0.54300496545050192,0.57929903195208032,0.070419445748757636,0.14354156889882519,0.071626746766805971,0.10593654153216731,0.22459018262883967,0.11151532108407514,0.069642475030588902,0.14183994874680672,0.07078234516735854
81d852cb-3ca7-5138-ad03-edd141c9e0be,ca4a09f3-d7e2-5c7f-bb7f-5d8231a388da,2022-03-19,2022,SUBMISSION,Featherweight,NO_MATCH,NO_MATCH,MATCH,NO_MATCH,HIGH / LOW,HIGH / LOW,HIGH / LOW,LOW / MID,HIGH / LOW,HIGH / LOW,LOW / MID,HIGH / LOW,MID / MID,LOW / MID,LOW / LOW,HIGH / MID,HIGH / LOW,HIGH / LOW,HIGH / LOW,MID / MID,HIGH / HIGH,0.57115027276228125,0.54430896043777466,0.56791914602050531,0.53475222026776026,0.56791914602050531,-0.026841312324506594,-0.060708463653155187,-0.029940389663577316,-0.0032311267417759471,-0.0075061613167352048,-0.0036804776597681998,-0.036398052494520994,-0.081463551902971054,-0.040252696995129067
d3087aec-026e-54c1-b312-c61834ad2c50,cff44dd5-9e39-51ca-9d29-8d9c3504ba7a,2022-03-26,2022,KO_TKO,Heavyweight,NO_MATCH,MATCH,NO_MATCH,NO_MATCH,HIGH / LOW,HIGH / MID,HIGH / HIGH,HIGH / LOW,HIGH / HIGH,HIGH / HIGH,HIGH / HIGH,LOW / MID,HIGH / HIGH,HIGH / HIGH,HIGH / MID,LOW / LOW,LOW / LOW,LOW / LOW,HIGH / MID,LOW / MID,HIGH / LOW,0.94567184619823663,0.84644424915313721,0.84835671005752111,0.85646314848282112,0.84835671005752111,-0.099227597045099425,0.11085128426487709,0.02062782032263575,-0.097315136140715519,0.10859442725080135,0.020044139089070663,-0.089208697715415508,0.099084332115045665,0.017651279447956601
e0d6ae2a-139f-5ff0-a5a4-812ac86d65cc,62b04efc-821b-5f35-b751-647064cd806f,2022-04-09,2022,KO_TKO,Featherweight,NO_MATCH,MATCH,NO_MATCH,NO_MATCH,HIGH / LOW,HIGH / HIGH,HIGH / MID,HIGH / MID,HIGH / LOW,HIGH / LOW,HIGH / HIGH,HIGH / MID,HIGH / MID,HIGH / MID,HIGH / MID,HIGH / MID,LOW / MID,HIGH / LOW,HIGH / LOW,HIGH / HIGH,HIGH / LOW,0.84900334170115421,0.82520538568496704,0.85928362275370229,0.8796598037020279,0.85928362275370229,-0.023797956016187172,0.028430814650760861,0.007753166376122729,0.010280281052548079,-0.012035922967548546,-0.0029988919920960234,0.030656462000873685,-0.035472123678744555,-0.0083182279723839382
0d1c40af-9d04-5ae6-8394-8a2f25b0fd7d,98a01919-ffc8-5cc6-8f6a-2c9b0e908771,2022-04-16,2022,KO_TKO,Heavyweight,MATCH,MATCH,NO_MATCH,NO_MATCH,HIGH / LOW,HIGH / MID,HIGH / MID,HIGH / MID,HIGH / LOW,HIGH / HIGH,HIGH / LOW,LOW / LOW,HIGH / HIGH,LOW / LOW,LOW / MID,LOW / LOW,HIGH / LOW,LOW / LOW,LOW / MID,LOW / LOW,HIGH / HIGH,0.67130942641643532,0.79142844676971436,0.83697813213700811,0.83120112302759019,0.83697813213700811,0.12011902035327904,-0.16460930029616822,-0.064535400345798868,0.1656687057205728,-0.22056777079044629,-0.081461363761153954,0.15989169661115488,-0.21364161799736409,-0.079544432295546003
f3cda013-77af-5d45-8cf7-a1f2bdf1b78c,98a01919-ffc8-5cc6-8f6a-2c9b0e908771,2022-04-16,2022,KO_TKO,Welterweight,MATCH,MATCH,NO_MATCH,NO_MATCH,LOW / MID,LOW / MID,LOW / MID,HIGH / MID,HIGH / MID,HIGH / HIGH,HIGH / MID,HIGH / HIGH,LOW / MID,HIGH / LOW,HIGH / LOW,HIGH / MID,LOW / MID,HIGH / MID,MID / MID,HIGH / MID,LOW / LOW,0.73902140978675201,0.71486985683441162,0.71707160381220791,0.73751343737859609,0.71707160381220791,-0.024151552952340394,0.033226384109964091,0.013189373991934511,-0.021949805974544101,0.030151190362967983,0.011938652819701828,-0.001507972408155922,0.0020425836008424736,0.00078937100710578523
bc4c5890-5d7c-5252-ba4a-c66e68c61a2c,64c94a2e-55b3-5745-a524-4fdf9168836a,2022-04-23,2022,SUBMISSION,Catch Weight,NO_MATCH,MATCH,NO_MATCH,NO_MATCH,HIGH / LOW,LOW / MID,HIGH / MID,HIGH / MID,HIGH / MID,HIGH / HIGH,HIGH / MID,HIGH / HIGH,HIGH / MID,LOW / MID,HIGH / HIGH,LOW / MID,LOW / MID,LOW / MID,LOW / LOW,HIGH / MID,LOW / MID,0.90311573115522314,0.81065791845321655,0.83600497858022016,0.88364922426912129,0.83600497858022016,-0.092457812702006592,-0.67003817284401523,-0.15845176310913134,-0.067110752575002985,-0.52631890867262343,-0.11671369964911882,-0.019466506886101853,-0.18309239545030698,-0.03478207230861341
fa38736e-2b63-5548-93b8-a979648a451d,64c94a2e-55b3-5745-a524-4fdf9168836a,2022-04-23,2022,KO_TKO,Light Heavyweight,MATCH,NO_MATCH,NO_MATCH,NO_MATCH,HIGH / LOW,MID / MID,LOW / MID,HIGH / HIGH,HIGH / HIGH,HIGH / HIGH,MID / MID,HIGH / LOW,HIGH / LOW,LOW / LOW,LOW / MID,HIGH / LOW,LOW / MID,HIGH / LOW,LOW / MID,LOW / MID,LOW / MID,0.90132098079545431,0.7624812126159668,0.77502335653345544,0.789235242253991,0.77502335653345544,-0.13883976817948751,0.16728357467622099,0.046677625529210474,-0.12629762426199886,0.15096827730031717,0.040876941274301609,-0.11208573854146331,0.13279701484161702,0.034684234276562767
fe9c0588-895e-5319-b1f5-cb5ba458a3ac,64c94a2e-55b3-5745-a524-4fdf9168836a,2022-04-23,2022,SUBMISSION,Lightweight,NO_MATCH,NO_MATCH,NO_MATCH,MATCH,LOW / LOW,HIGH / MID,HIGH / HIGH,LOW / MID,HIGH / MID,HIGH / LOW,LOW / LOW,MID / MID,HIGH / LOW,HIGH / LOW,LOW / LOW,HIGH / MID,HIGH / LOW,HIGH / HIGH,LOW / MID,HIGH / LOW,HIGH / HIGH,0.61707289486306371,0.51716500520706177,0.54486648541400517,0.43664076391137224,0.54486648541400517,-0.099907889656001947,-0.23183032454459473,-0.11331931496386144,-0.07220640944905854,-0.1727461695036574,-0.083899470647271324,-0.18043213095169147,-0.38607285436119076,-0.19012380086557495
5375c670-8adf-5acc-a544-0bb1c43bb728,fc603738-bf30-5875-a8a1-fd02d39e24e9,2022-04-30,2022,SUBMISSION,Lightweight,NO_MATCH,NO_MATCH,NO_MATCH,MATCH,LOW / LOW,HIGH / MID,HIGH / HIGH,LOW / LOW,LOW / MID,HIGH / LOW,MID / MID,LOW / MID,HIGH / HIGH,HIGH / LOW,HIGH / LOW,HIGH / LOW,HIGH / HIGH,HIGH / LOW,LOW / MID,LOW / LOW,HIGH / HIGH,0.57522250683503118,0.63712102174758911,0.64891638941117469,0.5964688163179146,0.64891638941117469,0.061898514912557934,0.15749610089950949,0.075042263983114421,0.07369388257614351,0.19054108442753082,0.090211548076857828,0.021246309482883419,0.051311718629456271,0.024894116470116634
ff7f06b6-7179-56f7-a08c-0371ebea36ed,fc603738-bf30-5875-a8a1-fd02d39e24e9,2022-04-30,2022,SUBMISSION,Heavyweight,NO_MATCH,MATCH,MATCH,NO_MATCH,HIGH / LOW,HIGH / MID,HIGH / LOW,MID / MID,HIGH / MID,HIGH / HIGH,HIGH / MID,HIGH / LOW,HIGH / MID,LOW / LOW,HIGH / HIGH,HIGH / LOW,LOW / LOW,HIGH / LOW,HIGH / MID,HIGH / LOW,HIGH / LOW,0.70108271814675194,0.72075462341308594,0.73188149063121899,0.69429652200004532,0.73188149063121899,0.019671905266334,0.068076004521175015,0.027970249487301313,0.030798772484467052,0.1087378038890896,0.044133538644537063,-0.0067861961467066134,-0.022448720203115169,-0.0094693172226785749
2b72ae25-1f27-5089-a0ed-405f80c2924e,960da368-7e9c-505b-9f6c-226cf2358bdc,2022-05-07,2022,KO_TKO,Lightweight,NO_MATCH,MATCH,NO_MATCH,NO_MATCH,HIGH / HIGH,HIGH / HIGH,HIGH / LOW,HIGH / MID,HIGH / MID,HIGH / LOW,HIGH / MID,HIGH / HIGH,MID / MID,HIGH / LOW,HIGH / HIGH,HIGH / HIGH,MID / MID,HIGH / HIGH,LOW / MID,HIGH / MID,LOW / MID,0.77097713307598315,0.77753186225891113,0.78394100834460823,0.81453317970067807,0.78394100834460823,0.0065547291829279875,-0.0084659092735441255,-0.0029594012641078471,0.01296387526862508,-0.016675058723508773,-0.005769985698951284,0.043556046624694922,-0.054956449155673992,-0.018053532142154959
3f0e9b79-490c-5e41-bd61-c5097636ca3a,960da368-7e9c-505b-9f6c-226cf2358bdc,2022-05-07,2022,SUBMISSION,Flyweight,NO_MATCH,NO_MATCH,NO_MATCH,MATCH,LOW / MID,HIGH / MID,LOW / MID,HIGH / LOW,HIGH / HIGH,HIGH / HIGH,LOW / LOW,HIGH / LOW,LOW / LOW,HIGH / LOW,HIGH / MID,HIGH / HIGH,HIGH / MID,HIGH / HIGH,HIGH / MID,LOW / LOW,LOW / LOW,0.47944573104272992,0.48435956239700317,0.52237998091789228,0.44685041930743502,0.52237998091789228,0.004913831354273257,0.0094844495119055239,0.0047359766703186923,0.042934249875162367,0.086078668545356729,0.043012635448679809,-0.032595311735294896,-0.060734308698594086,-0.030192911779867215
778969a8-1576-5774-92bb-827f70fc4e3c,960da368-7e9c-505b-9f6c-226cf2358bdc,2022-05-07,2022,SUBMISSION,Lightweight,MATCH,NO_MATCH,MATCH,NO_MATCH,HIGH / HIGH,HIGH / HIGH,HIGH / LOW,HIGH / HIGH,MID / MID,HIGH / MID,HIGH / LOW,HIGH / MID,HIGH / HIGH,LOW / MID,HIGH / MID,HIGH / LOW,HIGH / LOW,HIGH / LOW,HIGH / LOW,HIGH / LOW,HIGH / LOW,0.61421280906303555,0.5805707573890686,0.59093504805374175,0.53485074722727322,0.59093504805374175,-0.033642051673966944,-0.08360894229165805,-0.040194970481788217,-0.023277761009293796,-0.058588051532341368,-0.028053143798826896,-0.079362061835762332,-0.18707242917452882,-0.09119205300753247
a042f96a-9bd3-5125-8e7e-b6287e763a9b,db14e2d5-fa6f-5d64-accd-5e7f2f04c5ce,2022-05-14,2022,KO_TKO,Bantamweight,NO_MATCH,NO_MATCH,NO_MATCH,MATCH,LOW / LOW,HIGH / HIGH,HIGH / MID,MID / MID,HIGH / HIGH,LOW / LOW,HIGH / MID,HIGH / HIGH,MID / MID,MID / MID,HIGH / HIGH,HIGH / LOW,HIGH / HIGH,HIGH / LOW,HIGH / MID,LOW / MID,HIGH / MID,0.48900947627139757,0.51607728004455566,0.51664778761933383,0.52046275965425282,0.51664778761933383,0.027067803773158094,-0.053874653630517133,-0.026930116451356012,0.027638311347936262,-0.054979512320747603,-0.027481954127146796,0.031453283382855246,-0.06233647007610188,-0.031155350462016507
dfb94ba2-6a51-5310-8263-bc089badd5b1,db14e2d5-fa6f-5d64-accd-5e7f2f04c5ce,2022-05-14,2022,SUBMISSION,Middleweight,NO_MATCH,NO_MATCH,MATCH,NO_MATCH,MID / MID,LOW / LOW,HIGH / HIGH,LOW / LOW,LOW / MID,MID / MID,HIGH / MID,LOW / LOW,HIGH / HIGH,LOW / LOW,LOW / MID,HIGH / MID,LOW / MID,HIGH / MID,HIGH / HIGH,MID / MID,HIGH / HIGH,0.35062459159610238,0.47816652059555054,0.48983739816233324,0.56738457639671691,0.48983739816233324,0.12754192899944816,0.21866245875430212,0.10570561718652147,0.13921280656623086,0.24128148873523025,0.11700307240651059,0.21675998480061454,0.40616182462136496,0.19898765330094828
e431d873-b0bc-5fc6-b53a-a353151ffa59,db14e2d5-fa6f-5d64-accd-5e7f2f04c5ce,2022-05-14,2022,KO_TKO,Lightweight,MATCH,NO_MATCH,NO_MATCH,NO_MATCH,LOW / MID,HIGH / HIGH,HIGH / LOW,HIGH / LOW,LOW / MID,HIGH / MID,MID / MID,HIGH / MID,LOW / LOW,LOW / MID,HIGH / LOW,LOW / MID,HIGH / MID,LOW / LOW,HIGH / MID,HIGH / LOW,HIGH / LOW,0.74937231387218062,0.80118346214294434,0.833742713078374,0.84187208446112205,0.833742713078374,0.051811148270763718,-0.066854020934827257,-0.023286221328318701,0.084370399206193381,-0.1066889159711373,-0.035172751599244878,0.092499770588941432,-0.11639214272473974,-0.037809799381114229
e5512254-488b-554b-bf95-a5dd8f5cda06,db14e2d5-fa6f-5d64-accd-5e7f2f04c5ce,2022-05-14,2022,SUBMISSION,Light Heavyweight,MATCH,MATCH,NO_MATCH,NO_MATCH,HIGH / HIGH,HIGH / MID,HIGH / HIGH,HIGH / MID,HIGH / HIGH,HIGH / HIGH,HIGH / HIGH,MID / MID,MID / MID,LOW / LOW,HIGH / MID,HIGH / LOW,HIGH / MID,HIGH / LOW,HIGH / MID,HIGH / LOW,HIGH / MID,0.74949486258846043,0.66402351856231689,0.69761988355856686,0.72050001792006568,0.69761988355856686,-0.085471344026143536,-0.29356173284868725,-0.12081531584261562,-0.051874979029893575,-0.18820546069157773,-0.075069047110226828,-0.028994844668394748,-0.10952279953690569,-0.042622273223680285
090e3ce4-5cac-530b-aeb5-1607dbf27209,91ef54e5-0293-5dc9-b271-969b5d892bea,2022-05-21,2022,KO_TKO,Middleweight,NO_MATCH,MATCH,NO_MATCH,NO_MATCH,HIGH / HIGH,HIGH / MID,HIGH / HIGH,HIGH / LOW,HIGH / HIGH,HIGH / HIGH,HIGH / HIGH,MID / MID,HIGH / MID,LOW / MID,HIGH / MID,LOW / MID,HIGH / MID,LOW / MID,LOW / MID,LOW / MID,MID / MID,0.8123902029479213,0.73085445165634155,0.76123952229503822,0.82448694557257196,0.76123952229503822,-0.08153575129157975,0.10576643885524578,0.037241890243286432,-0.051150680652883085,0.065032715125687812,0.021809129763979397,0.012096742624650658,-0.01478053849103475,-0.0043926036754768361
b42efeab-a29b-5548-b226-a49318cffce4,91ef54e5-0293-5dc9-b271-969b5d892bea,2022-05-21,2022,SUBMISSION,Heavyweight,NO_MATCH,MATCH,NO_MATCH,NO_MATCH,HIGH / LOW,LOW / MID,HIGH / LOW,LOW / MID,HIGH / HIGH,HIGH / HIGH,HIGH / MID,HIGH / LOW,HIGH / HIGH,LOW / LOW,HIGH / HIGH,MID / MID,LOW / MID,HIGH / LOW,HIGH / LOW,LOW / LOW,HIGH / MID,0.79692193616670737,0.78136235475540161,0.78266639803669213,0.86953044738535745,0.78266639803669213,-0.015559581411305756,-0.073825315525958057,-0.024557442914787564,-0.014255538130015233,-0.067843053261311237,-0.022517881727963873,0.072608511218650085,0.44245056978075015,0.12099862658648619
f258c0ab-95c7-5e51-b24a-61998257d8c5,bd6ae66b-312f-55e4-84bd-193f5e737d9b,2022-06-04,2022,KO_TKO,Heavyweight,NO_MATCH,MATCH,NO_MATCH,NO_MATCH,HIGH / LOW,HIGH / HIGH,LOW / MID,HIGH / MID,MID / MID,HIGH / HIGH,HIGH / HIGH,MID / MID,HIGH / MID,LOW / MID,HIGH / LOW,LOW / LOW,LOW / LOW,LOW / MID,HIGH / MID,HIGH / HIGH,LOW / LOW,0.90881874270863972,0.86350041627883911,0.87435082342161607,0.91352988609049424,0.87435082342161607,-0.045318326429800604,0.051151291663460441,0.010318114674816968,-0.034467919287023641,0.038663976421184409,0.0074736938935926599,0.0047111433818545212,-0.0051704199764446845,-0.00083694108171034065
f9c2cc89-954a-529d-9128-28b9d10dbb10,bd6ae66b-312f-55e4-84bd-193f5e737d9b,2022-06-04,2022,KO_TKO,Bantamweight,NO_MATCH,NO_MATCH,NO_MATCH,MATCH,LOW / LOW,LOW / MID,HIGH / HIGH,HIGH / LOW,MID / MID,HIGH / MID,LOW / MID,LOW / MID,HIGH / LOW,HIGH / LOW,MID / MID,HIGH / LOW,HIGH / LOW,HIGH / LOW,HIGH / LOW,LOW / LOW,HIGH / HIGH,0.39161793174655163,0.50665974617004395,0.51069855258166474,0.39365998012059716,0.51069855258166474,0.11504181442349232,-0.25755296561914154,-0.12674413492333814,0.11908062083511312,-0.26549279887959842,-0.13071283452666571,0.0020420483740455353,-0.0052008415010507125,-0.002480521264988933
44880018-572f-50bc-8b09-d332ae0b56dd,cac157bd-3b3a-5ddb-9886-9ba1da7b47f6,2022-06-11,2022,KO_TKO,Women's Strawweight,MATCH,NO_MATCH,MATCH,MATCH,LOW / LOW,LOW / LOW,HIGH / MID,HIGH / LOW,LOW / LOW,HIGH / LOW,LOW / LOW,HIGH / MID,HIGH / MID,LOW / LOW,MID / MID,HIGH / MID,HIGH / MID,MID / MID,HIGH / LOW,LOW / MID,HIGH / LOW,0.31407531313419179,0.49650394916534424,0.53257407241062626,0.58511055057714734,0.53257407241062626,0.18242863603115245,-0.45795862956784839,-0.21698440284586279,0.21849875927643447,-0.5280891831336898,-0.25200567826917059,0.27103523744295555,-0.62216799682932045,-0.29835942080955924
a89aecc8-bd1f-5981-a764-93fadd4c04af,cac157bd-3b3a-5ddb-9886-9ba1da7b47f6,2022-06-11,2022,SUBMISSION,Light Heavyweight,NO_MATCH,MATCH,NO_MATCH,MATCH,HIGH / MID,HIGH / LOW,HIGH / MID,HIGH / MID,HIGH / MID,HIGH / MID,HIGH / HIGH,HIGH / HIGH,HIGH / MID,LOW / MID,HIGH / MID,HIGH / LOW,HIGH / MID,HIGH / MID,HIGH / MID,LOW / LOW,HIGH / LOW,0.75536697563438981,0.69355213642120361,0.69254028436400239,0.66116255978809868,0.69254028436400239,-0.061814839213186201,-0.22528841049184645,-0.089564701944629066,-0.062826691270387425,-0.22858484470354878,-0.090967222412071613,-0.094204415846291134,-0.32576123707271387,-0.13344333741349373
1b6c6f52-69e3-5dc8-b52c-af45db779a54,3fafc138-43fb-5456-a517-17c187d588d2,2022-06-18,2022,KO_TKO,Middleweight,NO_MATCH,NO_MATCH,MATCH,NO_MATCH,LOW / MID,LOW / MID,LOW / MID,LOW / MID,LOW / LOW,MID / MID,HIGH / LOW,HIGH / MID,HIGH / MID,LOW / MID,HIGH / MID,HIGH / HIGH,LOW / MID,HIGH / MID,HIGH / LOW,HIGH / LOW,HIGH / LOW,0.46394850604954763,0.58861821889877319,0.60344233211410592,0.46062058410218637,0.60344233211410592,0.12466971284922557,-0.23800422053122228,-0.1181162343444942,0.13949382606455829,-0.26287691251093048,-0.13009322020741282,-0.0033279219473612565,0.0071988915809404475,0.0035789501277546654
3273ada8-866e-56e3-a99c-985e79193ef0,3fafc138-43fb-5456-a517-17c187d588d2,2022-06-18,2022,KO_TKO,Middleweight,NO_MATCH,MATCH,NO_MATCH,NO_MATCH,LOW / MID,HIGH / LOW,HIGH / LOW,HIGH / MID,HIGH / HIGH,HIGH / HIGH,HIGH / MID,HIGH / MID,HIGH / LOW,LOW / MID,MID / MID,HIGH / LOW,LOW / MID,LOW / MID,LOW / LOW,LOW / MID,HIGH / HIGH,0.85550634485895849,0.75174045562744141,0.74944923047134637,0.76373980514978512,0.74944923047134637,-0.10376588923151708,0.12930238427280985,0.040754384996052162,-0.10605711438761212,0.13235493247035982,0.041897271735382283,-0.091766539709173367,0.11346634787125812,0.034940463294643273
ae65e1c7-96c1-553b-b991-469edee270df,3fafc138-43fb-5456-a517-17c187d588d2,2022-06-18,2022,KO_TKO,Middleweight,NO_MATCH,NO_MATCH,MATCH,NO_MATCH,HIGH / MID,MID / MID,HIGH / MID,LOW / MID,LOW / MID,MID / MID,LOW / MID,LOW / LOW,HIGH / MID,HIGH / LOW,LOW / LOW,HIGH / HIGH,MID / MID,HIGH / MID,HIGH / LOW,HIGH / LOW,HIGH / HIGH,0.50672453137032192,0.48437747359275818,0.45857869427345738,0.44262827892355744,0.45857869427345738,-0.022347057777563739,0.045103018436362441,0.022545901786758277,-0.048145837096864541,0.099835614149818563,0.04981634234280588,-0.064096252446764479,0.13523720699433917,0.067342547503887212
dcfeda61-2f06-5043-a7f0-62cbfb467b8c,894fc40d-6ac6-555f-b99d-c030cdc7d3c1,2022-06-25,2022,SUBMISSION,Lightweight,NO_MATCH,NO_MATCH,NO_MATCH,MATCH,LOW / MID,HIGH / HIGH,HIGH / MID,LOW / LOW,MID / MID,MID / MID,LOW / LOW,HIGH / MID,LOW / LOW,LOW / MID,LOW / LOW,HIGH / MID,HIGH / MID,HIGH / HIGH,MID / MID,LOW / MID,HIGH / MID,0.48795565247886735,0.43546184897422791,0.42308395320931486,0.36189921376639916,0.42308395320931486,-0.052493803504639447,-0.097596727513335146,-0.048473696874023892,-0.064871699269552496,-0.11928551888505889,-0.05910068732285545,-0.12605643871246819,-0.2200850054807334,-0.10712967786133928
f5bf888a-b744-59bc-99da-e14e0695e51c,894fc40d-6ac6-555f-b99d-c030cdc7d3c1,2022-06-25,2022,SUBMISSION,Bantamweight,NO_MATCH,NO_MATCH,NO_MATCH,MATCH,LOW / MID,HIGH / MID,LOW / MID,MID / MID,HIGH / MID,HIGH / LOW,MID / MID,HIGH / HIGH,LOW / MID,MID / MID,HIGH / MID,HIGH / LOW,HIGH / HIGH,HIGH / LOW,HIGH / MID,MID / MID,MID / MID,0.72173430874341893,0.63881325721740723,0.65663084699849916,0.68555382973833667,0.65663084699849916,-0.082921051526011702,-0.2608187363877148,-0.11281803482062747,-0.065103461744919766,-0.21022973502242692,-0.089736343187374334,-0.036180479005082256,-0.12223652052883138,-0.050916358948440432
f77e0f36-1eb9-57cd-b634-419e1db7bade,894fc40d-6ac6-555f-b99d-c030cdc7d3c1,2022-06-25,2022,KO_TKO,Flyweight,NO_MATCH,NO_MATCH,NO_MATCH,MATCH,LOW / LOW,LOW / MID,LOW / MID,LOW / LOW,HIGH / HIGH,LOW / MID,LOW / LOW,HIGH / LOW,LOW / MID,LOW / LOW,LOW / MID,HIGH / MID,HIGH / HIGH,LOW / MID,LOW / MID,LOW / MID,HIGH / HIGH,0.55998247470896478,0.502066969871521,0.49939687398844762,0.49494074111128844,0.49939687398844762,-0.057915504837443788,0.10917197116443622,0.05432187992968196,-0.060585600720517163,0.11450436978539258,0.056988067209291449,-0.065041733597676343,0.12346744760133177,0.061469432425967696
108ccd5e-6856-5d7d-a7a2-64a92f6a4e2a,4f3b715a-a650-5aa2-b103-454d03d5b771,2022-07-02,2022,SUBMISSION,Lightweight,NO_MATCH,MATCH,NO_MATCH,NO_MATCH,HIGH / LOW,MID / MID,HIGH / MID,HIGH / MID,HIGH / LOW,HIGH / MID,HIGH / LOW,HIGH / MID,HIGH / MID,LOW / MID,HIGH / HIGH,HIGH / LOW,HIGH / MID,HIGH / LOW,HIGH / MID,HIGH / MID,HIGH / LOW,0.65127122982221175,0.55874639749526978,0.5666738646130125,0.6160479956811048,0.5666738646130125,-0.092524832326941975,-0.23532531529035638,-0.11195667808019416,-0.084597365209199249,-0.21719618675765529,-0.10303494595868934,-0.035223234141106952,-0.096223098782613259,-0.044639081811429671
7964acc4-814c-5892-9799-531860bd3f59,4f3b715a-a650-5aa2-b103-454d03d5b771,2022-07-02,2022,KO_TKO,Welterweight,MATCH,MATCH,NO_MATCH,NO_MATCH,LOW / MID,HIGH / HIGH,MID / MID,HIGH / HIGH,LOW / MID,HIGH / MID,HIGH / MID,HIGH / HIGH,MID / MID,LOW / MID,HIGH / HIGH,LOW / MID,HIGH / MID,LOW / MID,HIGH / LOW,LOW / MID,LOW / LOW,0.79961686507650886,0.82970839738845825,0.86818768166681759,0.86716284666353649,0.86818768166681759,0.030091532311949387,-0.036941616317309023,-0.0111541708417588,0.068570816590308725,-0.082275220110558211,-0.022778913497397836,0.067545981587027626,-0.081094092602665591,-0.022507691455230933
b5e279af-8137-5ea0-9f31-f7ba78a888a9,b9718822-2e68-577b-be1d-b84098ec3154,2022-07-09,2022,KO_TKO,Light Heavyweight,NO_MATCH,MATCH,NO_MATCH,NO_MATCH,LOW / MID,HIGH / MID,HIGH / MID,MID / MID,HIGH / MID,HIGH / HIGH,HIGH / LOW,HIGH / LOW,HIGH / MID,LOW / MID,HIGH / LOW,LOW / MID,HIGH / MID,HIGH / LOW,HIGH / MID,HIGH / LOW,LOW / LOW,0.66994670508931864,0.63224977254867554,0.68309463812341298,0.68579103781120543,0.68309463812341298,-0.037696932540643102,0.057913638777381427,0.026305052309103669,0.013147933034094339,-0.019435247799714006,-0.0085061690952666358,0.015844332721886789,-0.023374807139938503,-0.010207905561637864
39be180c-4478-5d92-9d45-ade77c46ffcf,59b6935c-6fbd-5ba7-8b0c-aaff80894ed5,2022-07-16,2022,KO_TKO,Featherweight,MATCH,NO_MATCH,MATCH,NO_MATCH,HIGH / LOW,MID / MID,HIGH / MID,HIGH / LOW,LOW / MID,HIGH / LOW,LOW / MID,HIGH / HIGH,HIGH / MID,LOW / LOW,HIGH / LOW,HIGH / LOW,MID / MID,HIGH / LOW,HIGH / HIGH,LOW / MID,HIGH / LOW,0.58965316373970411,0.60959047079086304,0.62070281471584909,0.61827196126910977,0.62070281471584909,0.019937307051158926,-0.033252866370338641,-0.015964925531534113,0.031049650976144982,-0.051317902178558972,-0.024518171264354571,0.02861879752940566,-0.047393921460032851,-0.022668230475502038
436aa16a-f4b4-507a-9e08-da87983a8ff7,59b6935c-6fbd-5ba7-8b0c-aaff80894ed5,2022-07-16,2022,KO_TKO,Middleweight,NO_MATCH,MATCH,NO_MATCH,NO_MATCH,HIGH / LOW,MID / MID,HIGH / HIGH,HIGH / MID,LOW / MID,HIGH / MID,HIGH / MID,HIGH / MID,HIGH / MID,MID / MID,HIGH / MID,LOW / LOW,HIGH / MID,LOW / MID,HIGH / MID,HIGH / LOW,LOW / MID,0.80184452027430198,0.84315085411071777,0.87786742888705604,0.89077342769334544,0.87786742888705604,0.041306333836415798,-0.05023116703777375,-0.01466393957912418,0.07602290861275407,-0.090580866001049448,-0.024349229218663206,0.088928907419043468,-0.10517538114955896,-0.027335150047460684
89d7ec42-0ff9-500d-bc7f-bd32e18fb76b,59b6935c-6fbd-5ba7-8b0c-aaff80894ed5,2022-07-16,2022,SUBMISSION,Women's Strawweight,MATCH,NO_MATCH,NO_MATCH,NO_MATCH,HIGH / LOW,HIGH / MID,HIGH / MID,HIGH / LOW,LOW / LOW,LOW / MID,LOW / MID,HIGH / HIGH,HIGH / MID,LOW / LOW,HIGH / MID,HIGH / MID,MID / MID,HIGH / HIGH,HIGH / LOW,HIGH / HIGH,LOW / MID,0.68020041456144031,0.62125778198242188,0.64954964938839854,0.70837119096088497,0.64954964938839854,-0.058942632579018439,-0.1691613060399384,-0.076711372295836855,-0.030650765173041772,-0.091524539322642928,-0.040757856948963833,0.028170776399444653,0.092212712399423191,0.03911714021378726
39c9381c-9525-57a4-9530-7c8a7b83b2cd,e00ac8a1-e1e1-5182-80e9-fd6ce83510a8,2022-07-23,2022,KO_TKO,Light Heavyweight,MATCH,NO_MATCH,NO_MATCH,NO_MATCH,HIGH / MID,HIGH / HIGH,HIGH / MID,HIGH / HIGH,LOW / MID,MID / MID,HIGH / MID,LOW / MID,HIGH / LOW,LOW / LOW,HIGH / HIGH,HIGH / MID,HIGH / MID,HIGH / MID,MID / MID,HIGH / LOW,MID / MID,0.66846707837393982,0.58139067888259888,0.62206477544355576,0.60773672906746545,0.62206477544355576,-0.087076399491340939,0.13956419251692453,0.065319685604460082,-0.046402302930384054,0.07194292041809075,0.032920955838618565,-0.060730349306474363,0.095245371532047818,0.04395639560077963
5d084393-e721-5f90-9c75-429880f97af1,e00ac8a1-e1e1-5182-80e9-fd6ce83510a8,2022-07-23,2022,KO_TKO,Heavyweight,NO_MATCH,MATCH,NO_MATCH,NO_MATCH,HIGH / LOW,HIGH / MID,HIGH / HIGH,HIGH / MID,HIGH / MID,HIGH / HIGH,HIGH / HIGH,LOW / MID,HIGH / HIGH,HIGH / HIGH,HIGH / MID,HIGH / LOW,LOW / LOW,HIGH / LOW,HIGH / HIGH,LOW / MID,HIGH / MID,0.81645554948206989,0.79394781589508057,0.81738370790275394,0.77230288370133415,0.81738370790275394,-0.02250773358698932,0.027954734579468288,0.0087689372584787151,0.00092815842068405541,-0.0011361687097845019,-0.00033985517658220721,-0.044152665780735734,0.055595661131027763,0.018157411454799259
817fc7f9-c1b4-5038-bc7f-6da3c331a456,e00ac8a1-e1e1-5182-80e9-fd6ce83510a8,2022-07-23,2022,SUBMISSION,Lightweight,NO_MATCH,NO_MATCH,NO_MATCH,MATCH,HIGH / MID,LOW / MID,LOW / LOW,HIGH / LOW,LOW / MID,LOW / MID,HIGH / MID,LOW / MID,HIGH / HIGH,LOW / MID,HIGH / LOW,HIGH / HIGH,HIGH / MID,HIGH / HIGH,LOW / LOW,LOW / LOW,HIGH / HIGH,0.47182881664988258,0.51437735557556152,0.49971559046719172,0.52470578625438213,0.49971559046719172,0.042548538925678947,0.083988571547540802,0.041961631707679137,0.027886773817309141,0.05424368628007592,0.027093239134745539,0.052876969604499557,0.10548643240517463,0.05269372990760085
b6d44d15-a91d-5aca-a81d-e16ce28b8c76,e00ac8a1-e1e1-5182-80e9-fd6ce83510a8,2022-07-23,2022,KO_TKO,Featherweight,NO_MATCH,NO_MATCH,MATCH,MATCH,HIGH / LOW,HIGH / LOW,HIGH / MID,LOW / LOW,HIGH / LOW,HIGH / HIGH,LOW / LOW,LOW / MID,LOW / MID,LOW / LOW,LOW / LOW,HIGH / HIGH,HIGH / HIGH,HIGH / HIGH,HIGH / HIGH,LOW / LOW,HIGH / HIGH,0.33250520242349335,0.57497972249984741,0.55838226489175502,0.51602621735388843,0.55838226489175502,0.24247452007635406,-0.54767926859790972,-0.26490706850539486,0.22587706246826167,-0.51838828400316517,-0.25052308082956554,0.18352101493039508,-0.43950206665625158,-0.21131868250291594
983e6a6f-34a5-5223-92af-64bca2889e6a,aaa19c66-e484-59d3-b5ec-5431667dc953,2022-07-30,2022,SUBMISSION,Flyweight,NO_MATCH,NO_MATCH,MATCH,NO_MATCH,HIGH / HIGH,HIGH / HIGH,HIGH / LOW,HIGH / MID,LOW / MID,LOW / MID,MID / MID,MID / MID,MID / MID,HIGH / MID,HIGH / HIGH,HIGH / HIGH,LOW / MID,HIGH / HIGH,HIGH / MID,HIGH / HIGH,HIGH / MID,0.5914104133753928,0.70645487308502197,0.7233492508927396,0.64853372314907276,0.7233492508927396,0.11504445970962918,0.33067981471422303,0.14931221065672151,0.13193883751734681,0.38995531943835793,0.17346786171823458,0.057123309773679964,0.15059743059056563,0.070829713012745155
b739034c-3ecf-527e-8e7c-2ee2d3154dfb,aaa19c66-e484-59d3-b5ec-5431667dc953,2022-07-30,2022,KO_TKO,Lightweight,MATCH,NO_MATCH,NO_MATCH,MATCH,HIGH / HIGH,HIGH / LOW,LOW / MID,HIGH / HIGH,LOW / MID,LOW / MID,HIGH / LOW,HIGH / MID,LOW / MID,LOW / MID,HIGH / LOW,HIGH / LOW,HIGH / MID,HIGH / MID,LOW / LOW,LOW / LOW,LOW / MID,0.60622166730061988,0.61679619550704956,0.65591973127759196,0.53006128290640042,0.65591973127759196,0.010574528206429679,-0.017292947305599271,-0.0082162195256323123,0.049698063976972073,-0.07879271378994307,-0.036670143979419159,-0.07616038439421946,0.13425307882308124,0.065781022520074534
bc1f05cb-d562-503c-8d40-f78e24fc5ebe,aaa19c66-e484-59d3-b5ec-5431667dc953,2022-07-30,2022,KO_TKO,Light Heavyweight,MATCH,NO_MATCH,NO_MATCH,NO_MATCH,HIGH / HIGH,HIGH / HIGH,HIGH / LOW,HIGH / HIGH,HIGH / MID,LOW / MID,HIGH / HIGH,HIGH / LOW,HIGH / MID,HIGH / LOW,LOW / MID,LOW / MID,LOW / LOW,HIGH / LOW,LOW / LOW,HIGH / LOW,LOW / MID,0.82176866197432408,0.76667016744613647,0.7918164997280196,0.81335199372595246,0.7918164997280196,-0.055098494528187603,0.069402242852389745,0.022676400905191241,-0.029952162246304481,0.03712924961816147,0.011573959931070917,-0.0084166682483716171,0.010294949863558889,0.0030710683916541429
c5bd425c-d52b-5831-b92a-3c49ee1e9ae2,aaa19c66-e484-59d3-b5ec-5431667dc953,2022-07-30,2022,KO_TKO,Flyweight,NO_MATCH,NO_MATCH,NO_MATCH,MATCH,HIGH / MID,HIGH / HIGH,MID / MID,HIGH / MID,HIGH / HIGH,LOW / LOW,LOW / MID,MID / MID,LOW / LOW,HIGH / MID,HIGH / MID,HIGH / LOW,HIGH / LOW,HIGH / LOW,HIGH / LOW,HIGH / HIGH,LOW / MID,0.73202327719947702,0.60995930433273315,0.64883049035393803,0.71613067457289181,0.64883049035393803,-0.12206397286674386,0.18242007217532619,0.080320220313697135,-0.083192786845538991,0.12064081621476236,0.05150850054214727,-0.015892602626585206,0.021949656213455626,0.0087702699555331082
fd996f87-46b0-5fa4-bbda-959f9b3ce550,aaa19c66-e484-59d3-b5ec-5431667dc953,2022-07-30,2022,KO_TKO,Heavyweight,MATCH,MATCH,NO_MATCH,NO_MATCH,HIGH / HIGH,HIGH / MID,HIGH / HIGH,HIGH / HIGH,MID / MID,HIGH / HIGH,HIGH / HIGH,HIGH / LOW,HIGH / HIGH,LOW / LOW,HIGH / LOW,LOW / LOW,LOW / MID,LOW / LOW,LOW / LOW,LOW / MID,LOW / MID,0.92172640663617222,0.81980878114700317,0.84962972828721972,0.88514492366866115,0.84962972828721972,-0.10191762548916905,0.1171773211732945,0.026342119933642737,-0.072096678348952503,0.081447799717167327,0.016484463196889503,-0.03658148296751107,0.040497053355281518,0.0070649331409918092
17fe55c8-2d4a-5d1f-8ac7-cdbe7c76076b,98e5d806-11d6-5a42-89ba-43f5b4265a5e,2022-08-06,2022,SUBMISSION,Women's Bantamweight,NO_MATCH,NO_MATCH,NO_MATCH,MATCH,HIGH / MID,LOW / MID,HIGH / LOW,LOW / LOW,LOW / LOW,LOW / LOW,LOW / MID,HIGH / LOW,HIGH / HIGH,HIGH / MID,HIGH / LOW,HIGH / MID,HIGH / LOW,HIGH / HIGH,LOW / MID,HIGH / LOW,HIGH / LOW,0.40256550145988396,0.45768749713897705,0.44076906968325508,0.39184337485688153,0.44076906968325508,0.055121995679093094,0.096802243092720897,0.047418862071693296,0.03820356822337112,0.066082150806840989,0.032218389823794352,-0.010722126603002424,-0.017787804012403485,-0.0085177525464172621
7251fb25-9b0b-5ba2-8c8c-1ce2456b3bf8,98e5d806-11d6-5a42-89ba-43f5b4265a5e,2022-08-06,2022,KO_TKO,Light Heavyweight,MATCH,MATCH,NO_MATCH,NO_MATCH,HIGH / HIGH,HIGH / MID,HIGH / LOW,HIGH / HIGH,MID / MID,HIGH / MID,HIGH / HIGH,LOW / MID,MID / MID,LOW / MID,HIGH / MID,LOW / LOW,HIGH / MID,LOW / LOW,MID / MID,LOW / MID,LOW / LOW,0.88547357461546305,0.83488821983337402,0.88067465463553452,0.84942391313998167,0.88067465463553452,-0.050585354782089031,0.058824767019456214,0.014145597838432314,-0.0047989199799285398,0.0054343477072181512,0.0011222359349890559,-0.036049661475481387,0.041564243984669458,0.0095568558227158758
796ef265-a0fa-5f8e-a7cd-d15dd0076704,98e5d806-11d6-5a42-89ba-43f5b4265a5e,2022-08-06,2022,KO_TKO,Heavyweight,NO_MATCH,MATCH,NO_MATCH,NO_MATCH,MID / MID,HIGH / MID,HIGH / LOW,LOW / MID,HIGH / HIGH,HIGH / HIGH,HIGH / HIGH,HIGH / MID,HIGH / MID,LOW / MID,HIGH / MID,LOW / LOW,LOW / MID,LOW / MID,HIGH / MID,LOW / MID,HIGH / LOW,0.81044375007159564,0.86056584119796753,0.89556636818804447,0.90779993062425313,0.89556636818804447,0.050122091126371893,-0.060008190519773991,-0.016489687246089291,0.085122618116448834,-0.099874394498954147,-0.02502518843348461,0.09735618055265749,-0.1134420763488006,-0.027430719094027164
b01ea57c-bc9f-5c65-9557-efba09e97e5a,98e5d806-11d6-5a42-89ba-43f5b4265a5e,2022-08-06,2022,KO_TKO,Welterweight,MATCH,NO_MATCH,NO_MATCH,NO_MATCH,MID / MID,LOW / MID,HIGH / LOW,HIGH / LOW,LOW / MID,LOW / MID,HIGH / MID,HIGH / HIGH,HIGH / LOW,LOW / LOW,HIGH / LOW,LOW / MID,HIGH / HIGH,HIGH / LOW,LOW / MID,LOW / MID,HIGH / LOW,0.51159205591477497,0.63778358697891235,0.64843680442749085,0.61079667994238185,0.64843680442749085,0.12619153106413739,-0.22047147877794815,-0.10734158998369314,0.13684474851271589,-0.23703700850692438,-0.11494563936440198,0.09920462402760688,-0.17723659607945519,-0.087063095501683535
c94f8390-aa16-576f-ab7a-6efc40f0f32d,98e5d806-11d6-5a42-89ba-43f5b4265a5e,2022-08-06,2022,SUBMISSION,Lightweight,MATCH,NO_MATCH,MATCH,NO_MATCH,HIGH / MID,LOW / LOW,HIGH / MID,HIGH / MID,HIGH / HIGH,HIGH / HIGH,MID / MID,HIGH / MID,HIGH / LOW,LOW / MID,HIGH / LOW,HIGH / MID,MID / MID,HIGH / MID,HIGH / MID,MID / MID,HIGH / HIGH,0.82220114470241257,0.61137634515762329,0.60185038771822819,0.66055298121075035,0.60185038771822819,-0.21082479954478928,-0.78195852213464845,-0.30223368693166419,-0.22035075698418438,-0.80617495999081012,-0.31379083315337591,-0.16164816349166222,-0.6466649933224573,-0.23968448136354764
522097b3-7787-5ff9-8575-6ff366dcc8c1,99e296ce-6705-50c2-af19-f91ed3f4257d,2022-08-13,2022,KO_TKO,Women's Bantamweight,MATCH,NO_MATCH,NO_MATCH,NO_MATCH,MID / MID,MID / MID,LOW / LOW,HIGH / MID,LOW / MID,HIGH / LOW,LOW / MID,HIGH / HIGH,LOW / MID,LOW / LOW,HIGH / MID,LOW / MID,HIGH / HIGH,LOW / MID,LOW / MID,LOW / MID,LOW / LOW,0.60795256151925015,0.76510721445083618,0.74554118627780874,0.7453562138677472,0.74554118627780874,0.15715465293158604,-0.22991911851030522,-0.098526573316271876,0.1375886247585586,-0.20401352408980805,-0.088951906138412515,0.13740365234849705,-0.20376538842199809,-0.088857736203548837
6c69ec25-991a-56fe-8296-f02c42cc8be2,99e296ce-6705-50c2-af19-f91ed3f4257d,2022-08-13,2022,KO_TKO,Lightweight,MATCH,NO_MATCH,NO_MATCH,NO_MATCH,LOW / MID,HIGH / LOW,HIGH / LOW,HIGH / HIGH,HIGH / MID,HIGH / HIGH,LOW / MID,HIGH / HIGH,LOW / LOW,HIGH / LOW,HIGH / LOW,HIGH / MID,MID / MID,HIGH / MID,MID / MID,LOW / LOW,LOW / LOW,0.64250593633169473,0.63105010986328125,0.66376857374593667,0.71168254579630263,0.66376857374593667,-0.011455826468413477,0.017990783352828721,0.0083220158738185335,0.021262637414241947,-0.032557499055902328,-0.014750433557236681,0.069176609464607908,-0.10225589318657541,-0.044675051159577178
862eb01e-d55c-5377-8abe-55a72e3e4f99,99e296ce-6705-50c2-af19-f91ed3f4257d,2022-08-13,2022,KO_TKO,Flyweight,MATCH,MATCH,NO_MATCH,NO_MATCH,HIGH / MID,MID / MID,LOW / MID,HIGH / HIGH,HIGH / LOW,HIGH / LOW,HIGH / HIGH,HIGH / HIGH,LOW / MID,HIGH / LOW,HIGH / MID,LOW / LOW,HIGH / LOW,LOW / LOW,LOW / LOW,HIGH / MID,HIGH / LOW,0.79350478927435897,0.80428498983383179,0.84104717862926548,0.87523572683244044,0.84104717862926548,0.010780200559472819,-0.013494095757842078,-0.0043359068482835689,0.047542389354906511,-0.058188181069995598,-0.017374272630910258,0.081730937558081473,-0.098033676588892227,-0.027074148193597474
9c9e5d85-c06b-5215-8a1c-42875a589a28,99e296ce-6705-50c2-af19-f91ed3f4257d,2022-08-13,2022,KO_TKO,Light Heavyweight,MATCH,MATCH,NO_MATCH,NO_MATCH,LOW / MID,HIGH / LOW,HIGH / LOW,HIGH / MID,HIGH / MID,HIGH / HIGH,HIGH / MID,LOW / MID,HIGH / LOW,LOW / MID,LOW / LOW,LOW / LOW,HIGH / MID,LOW / MID,LOW / LOW,LOW / MID,HIGH / HIGH,0.71564205278120074,0.76832067966461182,0.79099938684142146,0.861638752598887,0.79099938684142146,0.052678626883411073,-0.071027081971274164,-0.027184134675422009,0.075357334060220715,-0.10011707692588223,-0.037178185845827626,0.14599669981768626,-0.18565598664058336,-0.061715607364097425
db2cf41e-1089-549d-a299-a943748b55bc,99e296ce-6705-50c2-af19-f91ed3f4257d,2022-08-13,2022,KO_TKO,Catch Weight,UNASSIGNABLE,UNASSIGNABLE,MATCH,UNASSIGNABLE,LOW / MISSING,LOW / MID,HIGH / MISSING,HIGH / MISSING,HIGH / MISSING,HIGH / MISSING,LOW / MISSING,LOW / MISSING,MID / MISSING,LOW / MISSING,LOW / MISSING,HIGH / MISSING,LOW / MISSING,HIGH / MISSING,HIGH / MISSING,MID / MISSING,HIGH / MISSING,0.74163320241635622,0.72378510236740112,0.71426398645677414,0.7106300151232966,0.71426398645677414,-0.017848100048955096,0.024360256185348594,0.0095412675805595232,-0.027369215959582083,0.037602161639038678,0.014891667341946996,-0.03100318729305962,0.042702862755392701,0.016981586053916004
22ea969a-54a6-51a3-b414-7c5eed073616,42057677-a23a-5f11-80ec-8b4cfdb2bd49,2022-08-20,2022,KO_TKO,Light Heavyweight,MATCH,MATCH,NO_MATCH,NO_MATCH,HIGH / MID,LOW / MID,MID / MID,HIGH / MID,HIGH / HIGH,HIGH / HIGH,HIGH / MID,HIGH / LOW,HIGH / MID,LOW / LOW,LOW / MID,HIGH / HIGH,MID / MID,HIGH / MID,LOW / MID,LOW / MID,MID / MID,0.89899339855642857,0.6404079794883728,0.65411232670636499,0.78297250650282091,0.65411232670636499,-0.25858541906805577,0.33917025014044905,0.11910408768045402,-0.24488107185006358,0.31799660126543872,0.10943594900130391,-0.11602089205360766,0.13817810899725291,0.036898599398487629
fed0b766-930a-5f96-94af-3b22bc2a610f,d67c88dc-612d-53c1-b1f0-49c5a266407b,2022-09-03,2022,KO_TKO,Heavyweight,NO_MATCH,MATCH,NO_MATCH,NO_MATCH,HIGH / MID,HIGH / HIGH,LOW / LOW,HIGH / MID,HIGH / LOW,HIGH / MID,HIGH / HIGH,LOW / MID,HIGH / HIGH,HIGH / LOW,HIGH / HIGH,LOW / MID,LOW / LOW,HIGH / LOW,LOW / LOW,LOW / LOW,LOW / MID,0.86161950540516108,0.76725846529006958,0.77887595967207479,0.79883676273443294,0.77887595967207479,-0.094361040115091499,0.11599003744452135,0.035019460694821501,-0.082743545733086288,0.10096196118176168,0.02974667992663365,-0.062782742670728142,0.075657141236928849,0.021317486742850583
11854f33-b534-5e8f-b012-8050603cc289,b52a6e50-b857-5ad0-b311-ab7c09f92d30,2022-09-10,2022,SUBMISSION,Catch Weight,NO_MATCH,UNASSIGNABLE,MATCH,UNASSIGNABLE,HIGH / MISSING,LOW / LOW,HIGH / MISSING,MID / MISSING,MID / MISSING,MID / MISSING,HIGH / MISSING,LOW / MISSING,HIGH / MISSING,MID / MISSING,HIGH / MISSING,HIGH / MISSING,MID / MISSING,HIGH / MISSING,HIGH / MISSING,MID / MISSING,HIGH / MISSING,0.54319333045418006,0.48781368136405945,0.46675728004015687,0.45252270194839628,0.46675728004015687,-0.055379649090120608,-0.11442820361134776,-0.057096806523947941,-0.076436050414023182,-0.15471644623268532,-0.077196635779418626,-0.090670628505783779,-0.18106073726790972,-0.090282198471226982
82f893e4-66b4-5b31-a6d1-d04eeda12ed4,b52a6e50-b857-5ad0-b311-ab7c09f92d30,2022-09-10,2022,SUBMISSION,Catch Weight,NO_MATCH,NO_MATCH,MATCH,MATCH,HIGH / HIGH,HIGH / MID,HIGH / HIGH,HIGH / MID,LOW / LOW,LOW / LOW,HIGH / HIGH,HIGH / LOW,HIGH / HIGH,LOW / MID,HIGH / MID,HIGH / MID,HIGH / LOW,HIGH / HIGH,HIGH / HIGH,HIGH / LOW,HIGH / LOW,0.50822968982219829,0.52798020839691162,0.50934067815834916,0.42455765431406395,0.50934067815834916,0.019750518574713327,0.040990842183231013,0.020465682842078337,0.0011109883361508643,0.0022617168162151202,0.0011305088100391214,-0.083672035508134346,-0.15712728363314565,-0.078048215780107677
a3e42e09-5178-59ac-b6aa-56f16abade5d,b52a6e50-b857-5ad0-b311-ab7c09f92d30,2022-09-10,2022,SUBMISSION,Light Heavyweight,MATCH,MATCH,NO_MATCH,NO_MATCH,HIGH / HIGH,HIGH / HIGH,HIGH / HIGH,HIGH / MID,HIGH / HIGH,HIGH / HIGH,HIGH / HIGH,LOW / MID,HIGH / LOW,LOW / LOW,HIGH / LOW,LOW / LOW,LOW / MID,LOW / LOW,HIGH / MID,HIGH / LOW,HIGH / LOW,0.84077947335390424,0.84493553638458252,0.87544038922486411,0.89141097465041108,0.87544038922486411,0.0041560630306782809,0.026449276565714719,0.0070059378322335775,0.034660915870959874,0.2455057985952589,0.059485752272912973,0.050631501296506842,0.3827198546373638,0.087703402913927198
b38538d6-eef4-5884-9667-f760b8ded587,b52a6e50-b857-5ad0-b311-ab7c09f92d30,2022-09-10,2022,KO_TKO,Heavyweight,MATCH,MATCH,NO_MATCH,NO_MATCH,MID / MID,HIGH / LOW,LOW / MID,HIGH / MID,MID / MID,HIGH / HIGH,HIGH / MID,HIGH / HIGH,MID / MID,LOW / LOW,HIGH / HIGH,LOW / MID,HIGH / LOW,LOW / MID,MID / MID,LOW / MID,LOW / LOW,0.72654994015990104,0.68752199411392212,0.68971537659145266,0.67632471141625805,0.68971537659145266,-0.039027946045978923,0.055213400937274837,0.022867568935986016,-0.036834563568448386,0.052028206607536931,0.021501612297230341,-0.050225228743642991,0.071633918357459636,0.029990757213214925
2f5085e0-0b58-59dd-bef0-570af2735ad8,619f3ac2-9d52-50b1-b60a-e3980e69c61a,2022-09-17,2022,SUBMISSION,Middleweight,NO_MATCH,NO_MATCH,MATCH,NO_MATCH,LOW / MID,HIGH / MID,HIGH / MID,LOW / MID,HIGH / MID,HIGH / HIGH,LOW / MID,HIGH / HIGH,HIGH / MID,LOW / MID,HIGH / MID,HIGH / LOW,HIGH / LOW,HIGH / HIGH,HIGH / LOW,HIGH / MID,HIGH / LOW,0.54825959548602765,0.56845837831497192,0.55192694169900891,0.56831118322757734,0.55192694169900891,0.020198782828944273,0.045743724541012054,0.022556343833985082,0.0036673462129812595,0.0081513928630280175,0.0040347649307185263,0.020051587741549692,0.045402691411818408,0.02238901693902634
4cba4cd0-fe99-5c8d-a9a8-e2b34a32ac34,619f3ac2-9d52-50b1-b60a-e3980e69c61a,2022-09-17,2022,SUBMISSION,Women's Flyweight,MATCH,NO_MATCH,MATCH,MATCH,MID / MID,HIGH / MID,HIGH / MID,HIGH / LOW,LOW / LOW,HIGH / LOW,LOW / LOW,HIGH / MID,HIGH / MID,LOW / MID,HIGH / LOW,HIGH / HIGH,HIGH / MID,HIGH / HIGH,HIGH / HIGH,LOW / LOW,HIGH / LOW,0.31417549852719262,0.47496539354324341,0.45110718397297273,0.31564654226571881,0.45110718397297273,0.16078989501605079,0.26715758875960743,0.12688588118887806,0.1369316854457801,0.22271857871402162,0.10479144755721544,0.0014710437385261899,0.0021472310130826178,0.00092649576949418999
80c2ee88-4b44-5c80-a7ed-4ef96cc8a88c,619f3ac2-9d52-50b1-b60a-e3980e69c61a,2022-09-17,2022,KO_TKO,Middleweight,MATCH,NO_MATCH,NO_MATCH,NO_MATCH,HIGH / HIGH,HIGH / MID,HIGH / MID,HIGH / HIGH,LOW / MID,MID / MID,HIGH / HIGH,HIGH / LOW,HIGH / HIGH,LOW / MID,HIGH / MID,HIGH / HIGH,LOW / MID,LOW / LOW,HIGH / MID,HIGH / MID,MID / MID,0.80739008746703522,0.73400187492370605,0.7345946627983212,0.8225896898396905,0.7345946627983212,-0.073388212543329168,0.095295348237249777,0.033656424138147373,-0.072795424668714026,0.094488063334170258,0.033341414609180484,0.015199602372655274,-0.018650590851836735,-0.0056241602547791245
cd382ca4-8e93-572f-9502-23117b7dc938,619f3ac2-9d52-50b1-b60a-e3980e69c61a,2022-09-17,2022,KO_TKO,Featherweight,NO_MATCH,NO_MATCH,MATCH,MATCH,LOW / MID,HIGH / MID,HIGH / MID,LOW / MID,LOW / MID,LOW / MID,LOW / LOW,LOW / MID,HIGH / LOW,LOW / MID,LOW / LOW,HIGH / HIGH,HIGH / MID,HIGH / HIGH,HIGH / MID,LOW / LOW,HIGH / HIGH,0.36722798345107205,0.47523248195648193,0.45753927640676734,0.38825824231319322,0.45753927640676734,0.10800449850540988,-0.25782125649980892,-0.12501947693384263,0.090311292955695288,-0.21987986760200207,-0.10613678828610318,0.021030258862121176,-0.055687827701856984,-0.026172446829652918
a0aed029-138e-558a-9185-8fc23ecd79d0,e5bf746b-2346-5e00-a0d6-cbfbe1c481b0,2022-10-01,2022,KO_TKO,Catch Weight,MATCH,NO_MATCH,NO_MATCH,NO_MATCH,HIGH / MID,LOW / LOW,LOW / LOW,HIGH / LOW,LOW / MID,MID / MID,HIGH / MID,HIGH / HIGH,LOW / MID,LOW / LOW,HIGH / MID,LOW / MID,LOW / MID,HIGH / MID,LOW / LOW,MID / MID,LOW / MID,0.68068796922469632,0.7389330267906189,0.74866320379790297,0.76043002861941877,0.74866320379790297,0.058245057565922576,-0.082103283860643583,-0.033804208497140775,0.067975234573206644,-0.095185215063286754,-0.038789987872714024,0.079742059394722453,-0.11078009421633617,-0.044566401810555975
ec8f7a4f-2080-5e96-8073-7e536fefefc2,e5bf746b-2346-5e00-a0d6-cbfbe1c481b0,2022-10-01,2022,SUBMISSION,Bantamweight,MATCH,NO_MATCH,NO_MATCH,NO_MATCH,HIGH / MID,HIGH / MID,LOW / MID,HIGH / LOW,HIGH / HIGH,HIGH / MID,HIGH / MID,HIGH / MID,HIGH / MID,LOW / MID,HIGH / MID,LOW / LOW,HIGH / HIGH,LOW / LOW,HIGH / LOW,HIGH / MID,LOW / MID,0.85553729688141622,0.83750402927398682,0.85631835624559061,0.81732707078891942,0.85631835624559061,-0.018033267607429404,-0.11763184159975371,-0.03053106730499755,0.00078105936417438571,0.0054213194576964163,0.0013370608879896828,-0.038210226092496802,-0.23467591736409132,-0.06392052571076523
6a820195-30d2-59e1-9b79-50c2623e03db,4aef0746-ac9a-51a9-a9b2-1cdf8403b4aa,2022-10-15,2022,KO_TKO,Light Heavyweight,NO_MATCH,MATCH,MATCH,NO_MATCH,HIGH / HIGH,HIGH / HIGH,HIGH / MID,LOW / MID,HIGH / HIGH,HIGH / HIGH,HIGH / MID,MID / MID,HIGH / HIGH,MID / MID,MID / MID,HIGH / LOW,HIGH / LOW,HIGH / MID,HIGH / MID,HIGH / HIGH,HIGH / LOW,0.66525142753105149,0.58936667442321777,0.62103720390108441,0.65327689345911333,0.62103720390108441,-0.075884753107833713,0.12111652853526045,0.056563121304248759,-0.044214223629967075,0.068774065909469995,0.03155619405710941,-0.011974534071938159,0.018163983449767329,0.008160305839364182
ca3c5051-a8df-562f-b62e-c0bf90a80db0,4aef0746-ac9a-51a9-a9b2-1cdf8403b4aa,2022-10-15,2022,KO_TKO,Middleweight,NO_MATCH,MATCH,NO_MATCH,NO_MATCH,HIGH / MID,MID / MID,HIGH / HIGH,HIGH / LOW,HIGH / HIGH,HIGH / HIGH,HIGH / HIGH,HIGH / MID,HIGH / MID,LOW / MID,HIGH / HIGH,LOW / MID,HIGH / HIGH,LOW / MID,LOW / MID,HIGH / LOW,HIGH / HIGH,0.89404788833283499,0.71454888582229614,0.73467080047067246,0.73208114893692711,0.73467080047067246,-0.17949900251053885,0.22410792545197855,0.070256488618561125,-0.15937708786216254,0.19633683174288419,0.059173734156142313,-0.16196673939590789,0.19986797308637538,0.060554660788225634
55c6eeb9-8d2d-57b5-a452-f06b62d7aa1e,1b20bdf6-7ed3-598a-909a-36db44afbfaa,2022-10-22,2022,KO_TKO,Welterweight,NO_MATCH,NO_MATCH,MATCH,NO_MATCH,LOW / LOW,HIGH / MID,MID / MID,LOW / MID,HIGH / LOW,LOW / LOW,LOW / LOW,MID / MID,HIGH / MID,HIGH / HIGH,HIGH / MID,HIGH / LOW,LOW / LOW,HIGH / MID,HIGH / LOW,HIGH / HIGH,HIGH / HIGH,0.69387812136637073,0.63574874401092529,0.69168547065439379,0.75381001928894009,0.69168547065439379,-0.058129377355445433,0.087492898758400162,0.038968372911435983,-0.0021926507119769401,0.0031649973410921017,0.0013472444274202217,0.059931897922569366,-0.082844044995455668,-0.033101097975670402
7aa66289-d29a-523d-aef4-d07d13c938cb,1b20bdf6-7ed3-598a-909a-36db44afbfaa,2022-10-22,2022,SUBMISSION,Lightweight,NO_MATCH,NO_MATCH,MATCH,MATCH,HIGH / HIGH,HIGH / HIGH,HIGH / HIGH,HIGH / MID,MID / MID,MID / MID,LOW / MID,LOW / MID,HIGH / HIGH,HIGH / LOW,LOW / MID,HIGH / HIGH,HIGH / HIGH,HIGH / HIGH,HIGH / MID,HIGH / LOW,HIGH / HIGH,0.38089426766939777,0.5473969578742981,0.55430477845072201,0.5259062446377597,0.55430477845072201,0.16650269020490033,0.31326061499634655,0.15456298634662924,0.17341051078132425,0.32864071094914254,0.16217334426989716,0.14501197696836193,0.2668709713586484,0.13149693500558429
7dbe0aeb-9bdc-5d57-a664-6ac9bfa02565,1b20bdf6-7ed3-598a-909a-36db44afbfaa,2022-10-22,2022,SUBMISSION,Flyweight,MATCH,NO_MATCH,MATCH,MATCH,HIGH / MID,LOW / MID,HIGH / MID,HIGH / LOW,HIGH / MID,HIGH / LOW,LOW / MID,LOW / LOW,LOW / MID,LOW / MID,LOW / LOW,HIGH / HIGH,HIGH / MID,HIGH / LOW,HIGH / LOW,LOW / LOW,HIGH / HIGH,0.40242774847265333,0.55219060182571411,0.55433634447206825,0.53255433647074291,0.55433634447206825,0.14976285335306078,0.28850750817196769,0.14296636800387522,0.15190859599941492,0.2933106676242031,0.14534069006188641,0.13012658799808957,0.2455920853245136,0.12166602855302414
239a9db3-2e5e-5f36-b112-fc156a48b56f,e91325bd-f5fc-5ca5-a9fb-f7885cdd14c0,2022-10-29,2022,KO_TKO,Middleweight,NO_MATCH,MATCH,MATCH,NO_MATCH,HIGH / MID,MID / MID,MID / MID,HIGH / HIGH,HIGH / LOW,HIGH / MID,HIGH / HIGH,LOW / MID,HIGH / MID,HIGH / MID,HIGH / LOW,HIGH / MID,LOW / MID,LOW / LOW,HIGH / MID,HIGH / LOW,HIGH / HIGH,0.75588020643794807,0.71491080522537231,0.72271247153402385,0.75463918345437675,0.72271247153402385,-0.040969401212575751,0.055725119555425806,0.021681375368466746,-0.033167734903924218,0.044871451529381379,0.017293899833990684,-0.001241022983571316,0.001643174223526056,0.00060745668715612988
546185ec-d1b5-5b29-b105-76defcc291c3,e91325bd-f5fc-5ca5-a9fb-f7885cdd14c0,2022-10-29,2022,SUBMISSION,Middleweight,NO_MATCH,NO_MATCH,NO_MATCH,MATCH,MID / MID,LOW / LOW,LOW / MID,LOW / MID,HIGH / MID,HIGH / HIGH,MID / MID,HIGH / MID,HIGH / HIGH,LOW / LOW,LOW / MID,HIGH / HIGH,HIGH / MID,MID / MID,HIGH / MID,HIGH / LOW,LOW / MID,0.56408513187384512,0.55637067556381226,0.5976360429977009,0.61306582457153325,0.5976360429977009,-0.0077144563100328689,-0.01754239118076617,-0.0086437073738004355,0.033550911123855776,0.080089922992514939,0.038976803888816525,0.048980692697688122,0.11919237846177277,0.057657669256440724
5b19214f-5762-5aae-be4a-3ba63e655ceb,e91325bd-f5fc-5ca5-a9fb-f7885cdd14c0,2022-10-29,2022,SUBMISSION,Heavyweight,NO_MATCH,MATCH,NO_MATCH,NO_MATCH,HIGH / HIGH,HIGH / HIGH,HIGH / LOW,HIGH / MID,HIGH / LOW,HIGH / LOW,HIGH / HIGH,LOW / MID,HIGH / MID,MID / MID,MID / MID,LOW / MID,HIGH / LOW,LOW / MID,HIGH / MID,HIGH / MID,LOW / LOW,0.843738833394032,0.72045290470123291,0.71833350432958454,0.81035947239860817,0.71833350432958454,-0.12328592869279908,-0.58164202444535307,-0.19284283108467826,-0.12540532906444746,-0.58919497926048425,-0.19589219553470083,-0.033379360995423824,-0.1936015678097518,-0.055212744470971464
a907bc06-44c2-5c0e-bc54-ebf336d51a9e,e91325bd-f5fc-5ca5-a9fb-f7885cdd14c0,2022-10-29,2022,KO_TKO,Featherweight,NO_MATCH,NO_MATCH,NO_MATCH,MATCH,MID / MID,HIGH / MID,HIGH / HIGH,LOW / LOW,HIGH / MID,LOW / MID,HIGH / HIGH,HIGH / LOW,HIGH / MID,LOW / LOW,LOW / MID,HIGH / MID,HIGH / HIGH,HIGH / LOW,HIGH / LOW,LOW / MID,HIGH / MID,0.71173249392599625,0.64423733949661255,0.65111568724237812,0.68785874648985113,0.65111568724237812,-0.067495154429383697,0.099634932235570572,0.043468915550322729,-0.06061680668361813,0.089014796638808902,0.038622108630232341,-0.023873747436145121,0.034118623517129965,0.014334007084761236
9afb04bb-6393-517e-a9a8-1ea74fdf61ed,fe187a2b-0709-5ed8-bab6-8e49e163c88e,2022-11-05,2022,KO_TKO,Featherweight,NO_MATCH,NO_MATCH,NO_MATCH,MATCH,LOW / MID,LOW / MID,HIGH / MID,MID / MID,LOW / LOW,HIGH / LOW,LOW / LOW,LOW / MID,HIGH / LOW,LOW / LOW,LOW / LOW,HIGH / LOW,HIGH / HIGH,HIGH / LOW,HIGH / LOW,LOW / MID,HIGH / MID,0.2013524878600737,0.39773380756378174,0.34845181233082595,0.28581651119382612,0.34845181233082595,0.19638131970370803,-0.68072591318525943,-0.27511328209567387,0.14709932447075225,-0.54844290587342837,-0.21332280779230861,0.084464023333752414,-0.35029299255468915,-0.12777979296393549
d660e865-634f-56b2-acc6-e1994caf5ee2,fe187a2b-0709-5ed8-bab6-8e49e163c88e,2022-11-05,2022,SUBMISSION,Flyweight,MATCH,NO_MATCH,NO_MATCH,NO_MATCH,LOW / LOW,LOW / MID,MID / MID,HIGH / LOW,HIGH / HIGH,LOW / LOW,LOW / MID,HIGH / MID,MID / MID,LOW / LOW,LOW / MID,HIGH / MID,HIGH / MID,HIGH / MID,HIGH / MID,HIGH / MID,HIGH / LOW,0.5448582379192729,0.51634329557418823,0.49809450406074446,0.54826325598193792,0.49809450406074446,-0.028514942345084671,-0.060766431238962637,-0.030260100544081459,-0.046763733858528445,-0.097802911431190687,-0.048772364452976003,0.0034050180626650217,0.0075093500189810092,0.003722098431421017
f2d7785e-092b-5fc2-853f-2905aed7e37f,fe187a2b-0709-5ed8-bab6-8e49e163c88e,2022-11-05,2022,SUBMISSION,Flyweight,NO_MATCH,NO_MATCH,NO_MATCH,MATCH,LOW / LOW,LOW / LOW,HIGH / LOW,LOW / LOW,HIGH / MID,MID / MID,LOW / LOW,LOW / MID,LOW / LOW,HIGH / LOW,LOW / LOW,HIGH / HIGH,HIGH / MID,MID / MID,MID / MID,LOW / MID,HIGH / LOW,0.40696001500198448,0.49036061763763428,0.4888725245931701,0.38113122649163556,0.4888725245931701,0.083400602635649801,0.15155844284891895,0.074837081519546739,0.081912509591185623,0.1486428033229642,0.073379891491684279,-0.025828788510348921,-0.042631427594998272,-0.020355442003397034
0b9b186a-b0ab-5fe0-bc2c-bd355a40026f,b2198f74-f164-5edd-add4-8b13d28cc97a,2022-11-12,2022,KO_TKO,Lightweight,NO_MATCH,MATCH,NO_MATCH,NO_MATCH,HIGH / MID,LOW / MID,HIGH / MID,HIGH / HIGH,HIGH / MID,HIGH / MID,HIGH / MID,LOW / MID,HIGH / LOW,HIGH / HIGH,HIGH / MID,HIGH / MID,HIGH / MID,LOW / MID,MID / MID,LOW / MID,HIGH / MID,0.75938190501842995,0.67597216367721558,0.68110527280702848,0.67801240629715198,0.68110527280702848,-0.083409741341214372,0.11635292231311445,0.047096971079465304,-0.078276632211401465,0.10878793969385164,0.043796779398919856,-0.081369498721277966,0.11333923336959417,0.04577894286599047
2d6fe5d1-f369-5a22-8a0f-147e523cca25,b2198f74-f164-5edd-add4-8b13d28cc97a,2022-11-12,2022,KO_TKO,Lightweight,MATCH,MATCH,NO_MATCH,MATCH,HIGH / MID,HIGH / MID,HIGH / LOW,HIGH / LOW,HIGH / MID,HIGH / HIGH,HIGH / LOW,HIGH / MID,HIGH / MID,LOW / LOW,HIGH / LOW,HIGH / LOW,HIGH / LOW,HIGH / MID,MID / MID,HIGH / MID,HIGH / LOW,0.62153420113848956,0.49413281679153442,0.49809450406074446,0.57347952021996396,0.49809450406074446,-0.12740138434695514,0.22938659847272852,0.112665246139386,-0.1234396970777451,0.22140111321480888,0.10867276594614872,-0.048054680918525605,0.080468713660106272,0.038683358763910852
2f612449-94ca-59fb-ad60-23728c091dbb,b2198f74-f164-5edd-add4-8b13d28cc97a,2022-11-12,2022,KO_TKO,Light Heavyweight,MATCH,MATCH,NO_MATCH,NO_MATCH,HIGH / HIGH,LOW / MID,LOW / LOW,HIGH / LOW,HIGH / LOW,HIGH / MID,HIGH / HIGH,HIGH / HIGH,HIGH / LOW,LOW / LOW,HIGH / MID,LOW / LOW,LOW / LOW,LOW / LOW,HIGH / LOW,MID / MID,LOW / MID,0.83583108529937167,0.88198620080947876,0.90684860483030139,0.90583985929976329,0.90684860483030139,0.046155115510107092,-0.053749868951348562,-0.013024175754601509,0.071017519530929718,-0.081548975990903466,-0.018274250131920831,0.070008774000391627,-0.080435993087740826,-0.018085300457293806
76d4c8fc-00f6-582e-8a0e-967e33c23e94,b2198f74-f164-5edd-add4-8b13d28cc97a,2022-11-12,2022,SUBMISSION,Women's Flyweight,NO_MATCH,NO_MATCH,MATCH,NO_MATCH,LOW / LOW,HIGH / LOW,HIGH / MID,LOW / MID,LOW / LOW,LOW / LOW,LOW / MID,HIGH / MID,HIGH / HIGH,HIGH / HIGH,HIGH / HIGH,HIGH / MID,LOW / MID,HIGH / LOW,HIGH / MID,LOW / MID,HIGH / HIGH,0.49434564573085837,0.49883168935775757,0.47548643887207392,0.46732866126027495,0.47548643887207392,0.0044860436268991943,0.0089113474902529077,0.0044554368544550138,-0.01885920685878445,-0.036617941303632939,-0.018290263901812848,-0.027016984470583427,-0.052051267178033211,-0.025981539817738514
9b98083c-f09f-5e76-912d-e16caa9444e1,b2198f74-f164-5edd-add4-8b13d28cc97a,2022-11-12,2022,SUBMISSION,Lightweight,MATCH,MATCH,NO_MATCH,NO_MATCH,HIGH / HIGH,HIGH / HIGH,HIGH / MID,HIGH / HIGH,HIGH / LOW,HIGH / LOW,HIGH / HIGH,HIGH / HIGH,HIGH / MID,LOW / MID,HIGH / HIGH,HIGH / MID,HIGH / LOW,HIGH / MID,LOW / MID,MID / MID,MID / MID,0.75860638856159368,0.56148999929428101,0.57027362807660154,0.50092275837889255,0.57027362807660154,-0.19711638926731267,-0.59695377449506526,-0.26021263345897194,-0.18833276048499215,-0.57671981808680761,-0.25027164188681356,-0.25768363018270113,-0.7263320329166133,-0.32456004290454527
a1cf02a1-306b-59e9-8f26-133c5e02fee1,b2198f74-f164-5edd-add4-8b13d28cc97a,2022-11-12,2022,KO_TKO,Featherweight,MATCH,NO_MATCH,NO_MATCH,NO_MATCH,LOW / MID,MID / MID,LOW / MID,HIGH / MID,HIGH / HIGH,HIGH / LOW,LOW / MID,HIGH / MID,HIGH / LOW,LOW / LOW,MID / MID,LOW / MID,HIGH / LOW,LOW / LOW,HIGH / HIGH,HIGH / MID,LOW / LOW,0.75569117091715554,0.65612649917602539,0.65423984041212369,0.72066334855390246,0.65423984041212369,-0.099564671741130151,0.14127918417739876,0.05856218060110556,-0.10145133050503186,0.1441587759535175,0.059863283990403193,-0.035027822363253081,0.04746068334750847,0.018342160873288077
b726aa36-f785-533a-8bb8-e54ceaebdf35,b2198f74-f164-5edd-add4-8b13d28cc97a,2022-11-12,2022,KO_TKO,Light Heavyweight,MATCH,MATCH,NO_MATCH,NO_MATCH,HIGH / HIGH,HIGH / HIGH,HIGH / MID,HIGH / HIGH,HIGH / HIGH,HIGH / HIGH,HIGH / HIGH,HIGH / MID,HIGH / MID,LOW / LOW,HIGH / MID,HIGH / MID,HIGH / LOW,HIGH / MID,LOW / MID,HIGH / LOW,LOW / MID,0.73596454356333962,0.73419857025146484,0.73564991648657541,0.80789190286550439,0.73564991648657541,-0.00176597331187478,0.0024024193569506247,0.00093567780064988948,-0.00031462707676421786,0.00042759444147799641,0.00016624439783897993,0.071927359302164762,-0.093246322926861774,-0.032809201271078781
2c7da6cb-8b9f-5bc5-8ad3-28c1e8966358,4e91cfad-06f1-5292-a200-e9764b399519,2022-11-19,2022,KO_TKO,Light Heavyweight,NO_MATCH,MATCH,NO_MATCH,NO_MATCH,HIGH / LOW,HIGH / MID,HIGH / MID,MID / MID,HIGH / MID,HIGH / HIGH,HIGH / HIGH,HIGH / MID,LOW / MID,LOW / LOW,HIGH / HIGH,LOW / LOW,HIGH / MID,LOW / LOW,HIGH / HIGH,HIGH / HIGH,HIGH / LOW,0.76637411258258314,0.84073352813720703,0.86011945026877001,0.84397413018582113,0.86011945026877001,0.074359415554623887,-0.092604310420045188,-0.029215246211953712,0.093745337686186869,-0.11540082712312275,-0.035014487078464426,0.077600017603237981,-0.096451394546909736,-0.030236983220304443
3705aaa5-4b19-5d8d-9f01-2a2baf188f97,4e91cfad-06f1-5292-a200-e9764b399519,2022-11-19,2022,KO_TKO,Welterweight,MATCH,MATCH,NO_MATCH,NO_MATCH,HIGH / MID,MID / MID,LOW / MID,HIGH / HIGH,HIGH / MID,HIGH / HIGH,HIGH / HIGH,HIGH / LOW,LOW / MID,HIGH / LOW,LOW / MID,LOW / LOW,LOW / MID,LOW / LOW,MID / MID,HIGH / MID,LOW / MID,0.85471763675427714,0.86715549230575562,0.88858471473816636,0.90783552527831934,0.88858471473816636,0.012437855551478472,-0.014447140937916075,-0.003459301845736007,0.033867077983889216,-0.038858823861594394,-0.008693599280286398,0.053117888524042201,-0.060292057650006795,-0.012612674669538851
43426990-89e4-58bc-959a-6aac0a4d29b2,4e91cfad-06f1-5292-a200-e9764b399519,2022-11-19,2022,KO_TKO,Welterweight,MATCH,MATCH,NO_MATCH,NO_MATCH,HIGH / MID,HIGH / LOW,MID / MID,HIGH / MID,HIGH / MID,HIGH / MID,HIGH / HIGH,HIGH / MID,HIGH / LOW,HIGH / LOW,HIGH / MID,MID / MID,HIGH / HIGH,MID / MID,LOW / MID,LOW / LOW,LOW / MID,0.81681740924517321,0.68969523906707764,0.69453178125602411,0.76460620798462564,0.69453178125602411,-0.12712217017809557,0.16916576307718328,0.062733183101987749,-0.1222856279891491,0.16217765809140822,0.059754971106967161,-0.052211201260547568,0.066054640099257433,0.021854375763726973
1d2507f8-77a6-5e09-86ff-1227a22f8518,3f0f3f95-bde3-5aac-a0cf-920c543244b2,2022-12-03,2022,KO_TKO,Heavyweight,MATCH,MATCH,NO_MATCH,NO_MATCH,HIGH / HIGH,HIGH / MID,HIGH / LOW,HIGH / HIGH,HIGH / MID,HIGH / HIGH,HIGH / HIGH,HIGH / HIGH,HIGH / HIGH,LOW / LOW,HIGH / HIGH,LOW / LOW,LOW / LOW,LOW / LOW,LOW / LOW,LOW / MID,LOW / MID,0.92654882593437482,0.8009067177772522,0.82613526433072626,0.88552687632887106,0.82613526433072626,-0.12564210815712262,0.14572226059262394,0.034243060054607935,-0.10041356160364856,0.11470822528868939,0.024833871337727662,-0.04102194960550376,0.045283935324702582,0.0077090210714068118
9e64f17e-04d5-524c-9cc6-e7f3787700f6,3f0f3f95-bde3-5aac-a0cf-920c543244b2,2022-12-03,2022,KO_TKO,Welterweight,MATCH,MATCH,NO_MATCH,NO_MATCH,HIGH / LOW,HIGH / LOW,LOW / MID,HIGH / HIGH,HIGH / HIGH,HIGH / MID,HIGH / HIGH,HIGH / MID,LOW / MID,LOW / MID,HIGH / LOW,HIGH / LOW,HIGH / MID,HIGH / LOW,LOW / MID,LOW / MID,MID / MID,0.83238805343246136,0.72110098600387573,0.72032163807028349,0.80182344273445472,0.72032163807028349,-0.11128706742858563,0.14351955117866988,0.049690895375850891,-0.11206641536217787,0.14460091065856046,0.050126221499530069,-0.030564610698006645,0.037410305046864267,0.011180183217464522
a986b994-31fa-5348-8fc5-353e4ac2a730,3f0f3f95-bde3-5aac-a0cf-920c543244b2,2022-12-03,2022,KO_TKO,Middleweight,MATCH,NO_MATCH,NO_MATCH,NO_MATCH,MID / MID,HIGH / MID,HIGH / MID,HIGH / LOW,HIGH / HIGH,HIGH / MID,LOW / MID,HIGH / LOW,MID / MID,LOW / LOW,LOW / MID,HIGH / LOW,MID / MID,HIGH / LOW,LOW / LOW,HIGH / HIGH,HIGH / HIGH,0.78337218703402178,0.71474862098693848,0.71381069644364581,0.7319250669724815,0.71381069644364581,-0.068623566047083306,0.091677015872635798,0.034440739878430437,-0.069561490590375974,0.092990121554165889,0.034976708119648203,-0.051447120061540286,0.067929776511529733,0.024936560367285698
db0a98cd-cf82-5ec5-9a01-40e6ab5c1c32,3f0f3f95-bde3-5aac-a0cf-920c543244b2,2022-12-03,2022,KO_TKO,Middleweight,NO_MATCH,NO_MATCH,MATCH,MATCH,HIGH / HIGH,HIGH / MID,MID / MID,HIGH / LOW,LOW / MID,MID / MID,HIGH / MID,HIGH / LOW,MID / MID,HIGH / MID,HIGH / LOW,HIGH / MID,HIGH / MID,HIGH / LOW,HIGH / LOW,HIGH / LOW,HIGH / HIGH,0.6273604460554687,0.53741347789764404,0.55987416166170001,0.53592332616887828,0.55987416166170001,-0.089946968157824658,0.15475347385644894,0.075126053266774212,-0.067486284393768692,0.11380920238833675,0.054850516409012146,-0.091437119886590423,0.15753014690172534,0.076506922030178087
1e8cead8-b38e-5c12-8346-94404be08ac4,2c013d06-53f1-5d8b-8e2c-f3ca55d4d265,2022-12-10,2022,KO_TKO,Middleweight,NO_MATCH,MATCH,NO_MATCH,NO_MATCH,HIGH / LOW,MID / MID,HIGH / HIGH,HIGH / MID,HIGH / LOW,HIGH / HIGH,HIGH / MID,HIGH / MID,HIGH / MID,LOW / MID,LOW / MID,LOW / MID,HIGH / MID,HIGH / LOW,HIGH / MID,HIGH / LOW,HIGH / MID,0.69837279773953997,0.66617017984390259,0.66571693443062718,0.64793786134832598,0.66571693443062718,-0.032202617895637387,0.04720789117705354,0.020463379681979879,-0.032655863308912791,0.047888497552644904,0.020766198782985149,-0.050434936391213991,0.074958255594290368,0.032968780328518077
418e06aa-86a0-591a-b3c5-032ed3fff253,2c013d06-53f1-5d8b-8e2c-f3ca55d4d265,2022-12-10,2022,KO_TKO,Heavyweight,MATCH,MATCH,NO_MATCH,NO_MATCH,HIGH / HIGH,HIGH / MID,HIGH / MID,HIGH / HIGH,HIGH / MID,HIGH / HIGH,HIGH / HIGH,HIGH / MID,HIGH / MID,LOW / MID,HIGH / LOW,LOW / LOW,LOW / LOW,LOW / LOW,MID / MID,HIGH / MID,LOW / LOW,0.96396172471129671,0.87834686040878296,0.91767242313112007,0.93478366008038127,0.91767242313112007,-0.085614864302513749,0.093010016132288265,0.013500729086615777,-0.046289301580176634,0.049211099774940238,0.0054790726273169707,-0.029178064630915435,0.030736466242839648,0.0029544137067268926
7ecd5801-7e01-5616-a3ab-fc817940bc67,2c013d06-53f1-5d8b-8e2c-f3ca55d4d265,2022-12-10,2022,KO_TKO,Middleweight,MATCH,MATCH,NO_MATCH,NO_MATCH,HIGH / LOW,HIGH / MID,LOW / LOW,HIGH / HIGH,HIGH / LOW,HIGH / MID,HIGH / HIGH,HIGH / MID,HIGH / LOW,LOW / MID,HIGH / MID,LOW / LOW,MID / MID,LOW / LOW,LOW / MID,HIGH / MID,LOW / MID,0.9123368822927137,0.85136842727661133,0.88952107865573071,0.92412837718476681,0.88952107865573071,-0.060968455016102374,0.06916434094168411,0.014406522204066442,-0.02281580363698299,0.025326106325065462,0.0045207698552317084,0.011791494892053112,-0.012841687992017917,-0.001928319057544519
c3cb4b9a-dfc4-58cf-a348-a38e89a42b12,2c013d06-53f1-5d8b-8e2c-f3ca55d4d265,2022-12-10,2022,KO_TKO,Featherweight,MATCH,MATCH,NO_MATCH,NO_MATCH,HIGH / LOW,HIGH / MID,HIGH / LOW,HIGH / MID,MID / MID,HIGH / LOW,HIGH / HIGH,HIGH / HIGH,HIGH / LOW,LOW / MID,HIGH / MID,HIGH / LOW,MID / MID,HIGH / LOW,LOW / LOW,LOW / MID,HIGH / MID,0.76623590783625561,0.65622174739837646,0.62136316973677308,0.60297439658856034,0.62136316973677308,-0.11001416043787915,0.15499133460734599,0.063537836176686097,-0.14487273809948253,0.20957437061588419,0.088720198446644138,-0.16326151124769528,0.23961536022941399,0.1029836789790782
c48b3135-bcf5-5538-a2b6-bc3f28e2b9bb,2c013d06-53f1-5d8b-8e2c-f3ca55d4d265,2022-12-10,2022,SUBMISSION,Featherweight,UNASSIGNABLE,NO_MATCH,MATCH,UNASSIGNABLE,LOW / MISSING,LOW / MID,MID / MISSING,LOW / MISSING,MID / MISSING,LOW / MISSING,LOW / MISSING,MID / MISSING,MID / MISSING,LOW / MISSING,MID / MISSING,HIGH / MISSING,HIGH / MISSING,LOW / MISSING,HIGH / MISSING,LOW / MISSING,HIGH / MISSING,0.45401632340938819,0.52376657724380493,0.51015026877986636,0.45300333027929818,0.51015026877986636,0.069750253834416742,0.13668096096971405,0.068200605515512519,0.056133945370478167,0.10849040585161707,0.054122474813991711,-0.0010129931300900119,-0.0018536351976672361,-0.00091880467804325572
ffa0287b-4123-5abd-b471-6a646f145d5d,2c013d06-53f1-5d8b-8e2c-f3ca55d4d265,2022-12-10,2022,SUBMISSION,Featherweight,NO_MATCH,NO_MATCH,MATCH,NO_MATCH,HIGH / MID,MID / MID,HIGH / HIGH,HIGH / MID,HIGH / LOW,LOW / LOW,HIGH / LOW,LOW / LOW,HIGH / MID,HIGH / HIGH,LOW / MID,HIGH / HIGH,MID / MID,HIGH / LOW,HIGH / MID,HIGH / LOW,HIGH / HIGH,0.48234980334135535,0.60474556684494019,0.57258451228134555,0.63857485185735385,0.57258451228134555,0.12239576350358483,0.26977002601337241,0.13305586783516382,0.090234708939990194,0.19154313883198315,0.095191690921022143,0.1562250485159985,0.35924475703932512,0.17511650864119721
2da7b989-21a6-59c7-94ea-addb3d65e481,4be450f2-7cf8-5496-82ad-e50a36de936c,2022-12-17,2022,KO_TKO,Flyweight,NO_MATCH,NO_MATCH,MATCH,UNASSIGNABLE,HIGH / MISSING,LOW / LOW,MID / MISSING,LOW / MISSING,LOW / MISSING,LOW / MISSING,LOW / MISSING,MID / MISSING,MID / MISSING,MID / MISSING,MID / MISSING,HIGH / MISSING,LOW / MISSING,HIGH / MISSING,HIGH / MISSING,MID / MISSING,HIGH / MISSING,0.49222834557645018,0.65276503562927246,0.65378435352265662,0.66650590653621655,0.65378435352265662,0.16053669005282228,-0.28227451574993334,-0.13725993255448843,0.16155600794620645,-0.28383483655931124,-0.13796677917030403,0.17427756095976638,-0.30310627575070614,-0.14661374266079813
375b3e80-5a2b-56c0-a4ec-c248ac65824f,4be450f2-7cf8-5496-82ad-e50a36de936c,2022-12-17,2022,KO_TKO,Featherweight,NO_MATCH,NO_MATCH,NO_MATCH,MATCH,LOW / LOW,HIGH / HIGH,LOW / LOW,LOW / MID,HIGH / MID,HIGH / LOW,LOW / LOW,HIGH / MID,HIGH / MID,HIGH / LOW,HIGH / HIGH,HIGH / HIGH,HIGH / MID,HIGH / HIGH,HIGH / HIGH,MID / MID,LOW / MID,0.73893753852468125,0.54660940170288086,0.53342941624604046,0.5736009112947833,0.53342941624604046,-0.19232813682180039,0.30147892207794458,0.13740942583266735,-0.20550812227864079,0.32588663696352471,0.14953450083295827,-0.16533662722989795,0.25327951774571689,0.11366257405708698
461338f9-362a-5b21-8577-27775a2251c3,4be450f2-7cf8-5496-82ad-e50a36de936c,2022-12-17,2022,KO_TKO,Middleweight,NO_MATCH,NO_MATCH,NO_MATCH,MATCH,HIGH / HIGH,HIGH / LOW,HIGH / MID,HIGH / HIGH,LOW / MID,LOW / MID,HIGH / HIGH,HIGH / LOW,HIGH / MID,HIGH / MID,HIGH / LOW,HIGH / LOW,HIGH / LOW,HIGH / LOW,LOW / MID,LOW / MID,LOW / MID,0.69451561399526651,0.66643893718719482,0.68119208418957211,0.68787764500355619,0.68119208418957211,-0.028076676808071688,0.041266125998099756,0.01794227253211915,-0.013323529805694401,0.019370315966369067,0.0083177770906998627,-0.0066379689917103191,0.0096036637432105887,0.0040996543958370796
d4aa95f6-81cd-5b90-b8cd-97c1eacc055a,4be450f2-7cf8-5496-82ad-e50a36de936c,2022-12-17,2022,SUBMISSION,Bantamweight,NO_MATCH,NO_MATCH,MATCH,NO_MATCH,HIGH / LOW,LOW / MID,HIGH / MID,LOW / MID,LOW / LOW,LOW / MID,HIGH / LOW,LOW / LOW,HIGH / MID,HIGH / MID,HIGH / LOW,HIGH / MID,LOW / LOW,HIGH / HIGH,HIGH / LOW,HIGH / HIGH,HIGH / HIGH,0.59931894375263695,0.67493599653244019,0.68597285799939334,0.64399647977772956,0.68597285799939334,0.07561705277980324,0.20914364318989287,0.096355403074461721,0.086653914246756392,0.24368631821210995,0.11137556557107947,0.044677536025092612,0.11822512080911707,0.05554826962533127
8ab1de52-5359-5f7c-a0dd-d30037fe622f,57451653-8a28-52a2-9575-cf5fa5b5285a,2023-01-21,2023,KO_TKO,Heavyweight,NO_MATCH,MATCH,MATCH,NO_MATCH,HIGH / MID,HIGH / LOW,HIGH / MID,MID / MID,HIGH / MID,HIGH / HIGH,HIGH / HIGH,LOW / LOW,HIGH / MID,LOW / MID,HIGH / LOW,HIGH / LOW,LOW / LOW,HIGH / LOW,HIGH / LOW,LOW / LOW,HIGH / MID,0.74043851324720267,0.72827315330505371,0.74049937383689179,0.77872804235135573,0.77872804235135573,-0.012165359942148957,0.016566407751309242,0.0064633138094562642,6.0860589689126776e-05,-8.2191954509591714e-05,-3.1590426277344763e-05,0.038289529104153064,-0.050419277528655104,-0.018410886163659157
be865745-b81b-5017-a84f-a89e9c86f9c0,57451653-8a28-52a2-9575-cf5fa5b5285a,2023-01-21,2023,KO_TKO,Lightweight,UNASSIGNABLE,UNASSIGNABLE,MATCH,UNASSIGNABLE,HIGH / MISSING,LOW / MID,HIGH / MISSING,HIGH / MISSING,HIGH / MISSING,HIGH / MISSING,MID / MISSING,MID / MISSING,HIGH / MISSING,LOW / MISSING,HIGH / MISSING,HIGH / MISSING,MID / MISSING,HIGH / MISSING,HIGH / MISSING,HIGH / MISSING,HIGH / MISSING,0.69466793272055227,0.60012030601501465,0.62167792720487747,0.58486972477208299,0.58486972477208299,-0.094547626705537624,0.14630379159614887,0.066676098352384333,-0.072990005515674805,0.11101178002582107,0.049899919454856806,-0.10979820794846928,0.17204480700300945,0.079105474101664935
d8f87479-033c-5577-a104-1a08177b5abd,57451653-8a28-52a2-9575-cf5fa5b5285a,2023-01-21,2023,KO_TKO,Light Heavyweight,MATCH,MATCH,NO_MATCH,NO_MATCH,HIGH / HIGH,HIGH / HIGH,HIGH / MID,HIGH / LOW,HIGH / MID,HIGH / HIGH,HIGH / MID,LOW / LOW,HIGH / MID,LOW / LOW,LOW / LOW,HIGH / HIGH,LOW / MID,HIGH / MID,HIGH / LOW,LOW / LOW,HIGH / LOW,0.58835874765842577,0.66416561603546143,0.69209928213104099,0.6559183651473145,0.6559183651473145,0.075806868377035652,-0.12119466319670674,-0.056663787176498476,0.10374053447261522,-0.16239253969483119,-0.074645668565119311,0.067559617488888724,-0.10869946090792487,-0.051056349186442807
d93a1cf8-df04-5bb7-b07a-1f81cdfc8db1,57451653-8a28-52a2-9575-cf5fa5b5285a,2023-01-21,2023,KO_TKO,Light Heavyweight,MATCH,MATCH,NO_MATCH,NO_MATCH,MID / MID,HIGH / LOW,HIGH / LOW,HIGH / MID,MID / MID,HIGH / HIGH,HIGH / MID,HIGH / MID,HIGH / HIGH,LOW / LOW,MID / MID,LOW / MID,HIGH / MID,LOW / MID,HIGH / MID,LOW / LOW,LOW / MID,0.77070102940535168,0.7510790228843689,0.76015356268427781,0.77056700679672119,0.77056700679672119,-0.019622006520982782,0.025789658682584871,0.0093836349324351448,-0.010547466721073873,0.013780059425569036,0.0049482955772792575,-0.00013402260863049076,0.00017391213704598396,6.1480454450382749e-05
6f9af87b-a40d-5f37-9cae-e4b5368a38a0,3d166007-4749-5b5b-bc90-d256de730d5e,2023-02-04,2023,SUBMISSION,Heavyweight,NO_MATCH,MATCH,NO_MATCH,NO_MATCH,HIGH / MID,HIGH / HIGH,HIGH / HIGH,HIGH / LOW,HIGH / MID,HIGH / HIGH,HIGH / HIGH,LOW / MID,HIGH / HIGH,LOW / MID,LOW / MID,LOW / MID,LOW / MID,LOW / MID,HIGH / LOW,LOW / MID,HIGH / LOW,0.82566850032075612,0.86830294132232666,0.86847922905404307,0.88075380976219819,0.88075380976219819,0.042634441001570544,0.28045438225222741,0.072221525487077387,0.042810728733286951,0.28179386414315077,0.072527698876378555,0.055085309441442076,0.37976847568248351,0.093998800988699949
addc098d-9c33-54c1-a590-0f7a8ca29e20,3d166007-4749-5b5b-bc90-d256de730d5e,2023-02-04,2023,SUBMISSION,Middleweight,NO_MATCH,MATCH,NO_MATCH,MATCH,LOW / MID,LOW / MID,MID / MID,HIGH / LOW,LOW / MID,HIGH / MID,HIGH / LOW,HIGH / HIGH,HIGH / MID,LOW / MID,HIGH / HIGH,HIGH / MID,HIGH / LOW,HIGH / MID,HIGH / LOW,HIGH / HIGH,MID / MID,0.64320262365686587,0.51883763074874878,0.54150320879982605,0.57604360207694683,0.57604360207694683,-0.12436499290811709,-0.29903673177366363,-0.14451712799810085,-0.10169941485703982,-0.25078524581869932,-0.12048388993856785,-0.067159021579919043,-0.17246256747650113,-0.081883383585291958
716f054a-d1c3-503e-9b01-66f0f8a7608a,978063c0-caeb-525a-8fd5-c050dc6fc83e,2023-02-11,2023,SUBMISSION,Welterweight,NO_MATCH,MATCH,NO_MATCH,NO_MATCH,HIGH / LOW,HIGH / LOW,MID / MID,HIGH / MID,HIGH / MID,HIGH / MID,HIGH / MID,MID / MID,HIGH / MID,HIGH / MID,HIGH / HIGH,MID / MID,HIGH / HIGH,HIGH / LOW,LOW / MID,HIGH / MID,LOW / LOW,0.84407288418934467,0.68666595220565796,0.71931039994352963,0.72016133949604177,0.72016133949604177,-0.15740693198368672,-0.69788117505535396,-0.24094890390521595,-0.12476248424581504,-0.58786074091838558,-0.19505158235679831,-0.1239115446933029,-0.58482453287647762,-0.19382667891898575
a3c979da-e403-5dd1-af38-7710fe720a0b,978063c0-caeb-525a-8fd5-c050dc6fc83e,2023-02-11,2023,SUBMISSION,Featherweight,NO_MATCH,MATCH,NO_MATCH,NO_MATCH,LOW / LOW,LOW / MID,LOW / LOW,HIGH / HIGH,LOW / LOW,HIGH / MID,HIGH / LOW,MID / MID,HIGH / MID,HIGH / MID,HIGH / MID,LOW / MID,HIGH / LOW,LOW / LOW,LOW / MID,HIGH / HIGH,LOW / MID,0.75024295925603413,0.56598120927810669,0.62852543187884169,0.61204696338452325,0.61204696338452325,-0.18426174997792744,-0.55259922145902862,-0.24252976865734333,-0.12171752737719244,-0.39699179623800329,-0.16782027939476685,-0.13819599587151088,-0.44039568434822063,-0.18826301252503541
d0288ff4-5c15-5d7c-ac70-f6741f817e65,978063c0-caeb-525a-8fd5-c050dc6fc83e,2023-02-11,2023,KO_TKO,Heavyweight,MATCH,MATCH,NO_MATCH,NO_MATCH,HIGH / LOW,MID / MID,LOW / LOW,HIGH / LOW,HIGH / HIGH,HIGH / HIGH,HIGH / MID,HIGH / HIGH,HIGH / HIGH,LOW / LOW,HIGH / HIGH,LOW / MID,MID / MID,LOW / MID,LOW / MID,LOW / MID,HIGH / LOW,0.79870941368283421,0.8253210186958313,0.84063096081939193,0.85082007156552286,0.85082007156552286,0.026611605012997086,-0.03277523211023789,-0.010005153630446253,0.041921547136557713,-0.051155561592534954,-0.015119409490558181,0.052110657882688649,-0.063203482340538603,-0.018263249092192652
7aacec63-7df7-50c1-8f6d-707e3d0a1518,6e09468f-df89-5576-8c37-43faea4ea809,2023-02-18,2023,KO_TKO,Light Heavyweight,NO_MATCH,MATCH,NO_MATCH,NO_MATCH,HIGH / MID,HIGH / LOW,LOW / MID,LOW / MID,HIGH / HIGH,HIGH / MID,HIGH / MID,HIGH / MID,MID / MID,LOW / LOW,LOW / MID,LOW / MID,LOW / MID,HIGH / LOW,LOW / MID,HIGH / MID,HIGH / MID,0.80370742029516595,0.76463913917541504,0.78020210214668773,0.78982292309518798,0.78982292309518798,-0.039068281119750914,0.049831288805385288,0.016863957960911023,-0.023505318148478227,0.029682306406001918,0.0097803390535564708,-0.013884497199977974,0.017426525488541178,0.005643626809072641
8c45e95a-6c3b-5a39-b087-4b13b7985ad9,6e09468f-df89-5576-8c37-43faea4ea809,2023-02-18,2023,SUBMISSION,Women's Flyweight,NO_MATCH,NO_MATCH,MATCH,MATCH,HIGH / MID,HIGH / MID,HIGH / MID,LOW / MID,LOW / MID,LOW / MID,LOW / MID,HIGH / MID,HIGH / HIGH,HIGH / MID,HIGH / HIGH,HIGH / MID,HIGH / LOW,HIGH / HIGH,HIGH / HIGH,HIGH / MID,HIGH / HIGH,0.45784076387555428,0.47924497723579407,0.49187521270084927,0.50174801073939812,0.50174801073939812,0.021404213360239788,0.040280026533217717,0.020057583139585722,0.034034448825294994,0.064832690175769314,0.032323059803354676,0.043907246863843841,0.084453800298429305,0.042132901214792129
19129029-0a9c-5733-9020-f44b2c617149,8af15967-c153-53ad-89ae-457debd78938,2023-02-25,2023,SUBMISSION,Welterweight,NO_MATCH,MATCH,NO_MATCH,NO_MATCH,HIGH / MID,LOW / LOW,HIGH / LOW,HIGH / HIGH,MID / MID,HIGH / MID,HIGH / MID,MID / MID,HIGH / MID,HIGH / MID,HIGH / LOW,MID / MID,LOW / MID,MID / MID,MID / MID,HIGH / LOW,MID / MID,0.77848967024688631,0.73976814746856689,0.74474118177070603,0.74439558807570683,0.74439558807570683,-0.038721522778319417,-0.16110375030465907,-0.058789254672030444,-0.033748488476180283,-0.14180878001732533,-0.051406738855877987,-0.034094082171179485,-0.14316175955204069,-0.051921375134528436
558b2d77-372b-5bdf-acbc-650fddd8bf79,8af15967-c153-53ad-89ae-457debd78938,2023-02-25,2023,SUBMISSION,Women's Flyweight,NO_MATCH,NO_MATCH,NO_MATCH,MATCH,HIGH / LOW,HIGH / MID,HIGH / MID,LOW / LOW,LOW / LOW,LOW / LOW,LOW / MID,LOW / MID,HIGH / LOW,LOW / LOW,HIGH / LOW,HIGH / MID,HIGH / MID,HIGH / HIGH,HIGH / LOW,LOW / MID,HIGH / HIGH,0.27931291429352573,0.51444721221923828,0.47381883475628511,0.40600829206342409,0.40600829206342409,0.23513429792571255,0.39491703215792279,0.18664023006900354,0.19450592046275939,0.31455946861843248,0.14648858407866136,0.12669537776989837,0.19333968310993205,0.08682702913311624
6e0cb573-92cd-53bc-a9d8-123aca67e183,8af15967-c153-53ad-89ae-457debd78938,2023-02-25,2023,SUBMISSION,Middleweight,NO_MATCH,NO_MATCH,MATCH,NO_MATCH,HIGH / HIGH,HIGH / MID,HIGH / MID,LOW / MID,HIGH / LOW,HIGH / MID,LOW / MID,HIGH / LOW,HIGH / MID,LOW / LOW,LOW / MID,HIGH / HIGH,LOW / LOW,HIGH / HIGH,HIGH / HIGH,LOW / LOW,HIGH / LOW,0.30129120740500176,0.63903981447219849,0.63821235661540321,0.65280242465641214,0.65280242465641214,0.33774860706719673,0.66046638684603076,0.31759549282109806,0.33692114921040145,0.65817663048780162,0.3165386204770228,0.35151121725141038,0.69934005039551494,0.33537461397772683
7beb1117-0264-5f6c-a1e7-2f98f8a63fa4,8af15967-c153-53ad-89ae-457debd78938,2023-02-25,2023,SUBMISSION,Lightweight,UNASSIGNABLE,NO_MATCH,MATCH,UNASSIGNABLE,MID / MISSING,LOW / MID,HIGH / MISSING,LOW / MISSING,MID / MISSING,LOW / MISSING,LOW / MISSING,LOW / MISSING,HIGH / MISSING,LOW / MISSING,LOW / MISSING,HIGH / MISSING,LOW / MISSING,HIGH / MISSING,HIGH / MISSING,MID / MISSING,HIGH / MISSING,0.58417724323769094,0.63333892822265625,0.64863990049132891,0.65268949313263414,0.65268949313263414,0.049161684984965315,0.12582119278148729,0.059855146485434607,0.064462657253637978,0.16844748190327385,0.079470668992612736,0.0685122498949432,0.18003989170060353,0.084740522928946571
14bec431-7db1-51d7-b51c-2a3fa057e2e6,87ef4cd1-dc8e-5351-860c-57a0529dd4d7,2023-03-04,2023,KO_TKO,Middleweight,MATCH,MATCH,MATCH,NO_MATCH,HIGH / HIGH,HIGH / MID,HIGH / HIGH,HIGH / HIGH,HIGH / LOW,HIGH / MID,HIGH / HIGH,MID / MID,HIGH / MID,LOW / LOW,HIGH / MID,HIGH / MID,LOW / LOW,HIGH / MID,HIGH / LOW,HIGH / MID,HIGH / HIGH,0.80262810093171599,0.76929336786270142,0.7879886598027156,0.80135790446429844,0.80135790446429844,-0.033334733069014577,0.0424190801691956,0.014269883570313925,-0.014639441129000397,0.018407770953304592,0.0059931418304277756,-0.0012701964674175503,0.0015838002684067098,0.00050301557699389959
e8b655f0-9fdf-5b8d-a80f-ce89c141ca69,87ef4cd1-dc8e-5351-860c-57a0529dd4d7,2023-03-04,2023,KO_TKO,Welterweight,NO_MATCH,MATCH,NO_MATCH,NO_MATCH,HIGH / HIGH,LOW / MID,LOW / LOW,HIGH / HIGH,HIGH / LOW,HIGH / MID,HIGH / HIGH,HIGH / HIGH,HIGH / MID,MID / MID,HIGH / HIGH,LOW / LOW,LOW / MID,LOW / LOW,MID / MID,LOW / MID,LOW / LOW,0.81023840519980372,0.8827812671661377,0.90158726675025824,0.88038060534476137,0.88038060534476137,0.072542861966333971,-0.085748922595921095,-0.022269231533937492,0.091348861550454519,-0.1068283079101955,-0.026324396795429056,0.070142200144957645,-0.083025788274217027,-0.021700663283428148
73763cf4-88ec-5598-b864-97a9bfa1a60b,dfb29506-8e5b-5593-bc3e-54292855ca7e,2023-03-11,2023,SUBMISSION,Catch Weight,MATCH,NO_MATCH,NO_MATCH,MATCH,HIGH / HIGH,HIGH / HIGH,HIGH / HIGH,HIGH / HIGH,HIGH / MID,LOW / MID,HIGH / MID,LOW / MID,HIGH / MID,LOW / LOW,HIGH / MID,HIGH / HIGH,HIGH / HIGH,HIGH / HIGH,LOW / MID,LOW / LOW,HIGH / MID,0.48055948486606576,0.62078416347503662,0.60550622721229785,0.57826865344726941,0.57826865344726941,0.14022467860897087,0.31464676741332642,0.15443555912666251,0.1249467423462321,0.27514894482410635,0.1357003726981324,0.097709168581203654,0.20838380814546364,0.10345721706497968
9c1856a1-3790-5bf0-b443-97776f46ba77,dfb29506-8e5b-5593-bc3e-54292855ca7e,2023-03-11,2023,KO_TKO,Heavyweight,NO_MATCH,MATCH,MATCH,NO_MATCH,HIGH / LOW,HIGH / MID,HIGH / LOW,LOW / MID,LOW / MID,HIGH / MID,HIGH / HIGH,LOW / MID,HIGH / HIGH,LOW / MID,HIGH / MID,HIGH / LOW,LOW / LOW,HIGH / LOW,HIGH / HIGH,HIGH / LOW,HIGH / LOW,0.57921178723352718,0.71649527549743652,0.67297515236726491,0.65525230051193939,0.65525230051193939,0.13728348826390935,-0.21270346163282744,-0.096687791187927974,0.093763365133737731,-0.15004021650966765,-0.070117469033988786,0.076040513278412214,-0.12335216133824128,-0.058211743700892243
c73b1c44-54ca-53e2-9773-0bb790f24c77,dfb29506-8e5b-5593-bc3e-54292855ca7e,2023-03-11,2023,SUBMISSION,Bantamweight,NO_MATCH,NO_MATCH,NO_MATCH,MATCH,HIGH / MID,HIGH / MID,MID / MID,LOW / MID,HIGH / HIGH,MID / MID,MID / MID,HIGH / MID,HIGH / HIGH,LOW / MID,HIGH / MID,HIGH / MID,HIGH / MID,HIGH / MID,HIGH / HIGH,HIGH / MID,MID / MID,0.51044106355149177,0.48077073693275452,0.52105138654898642,0.51554007028666726,0.51554007028666726,-0.029670326618737253,-0.058840669593707151,-0.029409577868714232,0.010610322997494648,0.021911543199517824,0.010944468065043178,0.0050990067351754931,0.010470132547168665,0.0052314847116037289
c9772e7f-e066-5722-bdc9-e53a9126330e,dfb29506-8e5b-5593-bc3e-54292855ca7e,2023-03-11,2023,SUBMISSION,Bantamweight,NO_MATCH,MATCH,NO_MATCH,NO_MATCH,LOW / LOW,HIGH / HIGH,LOW / MID,LOW / MID,HIGH / MID,HIGH / LOW,HIGH / LOW,HIGH / LOW,MID / MID,HIGH / MID,HIGH / MID,LOW / LOW,HIGH / MID,LOW / MID,MID / MID,HIGH / MID,MID / MID,0.79124211206987272,0.81790697574615479,0.8553286310459719,0.80994872845496102,0.80994872845496102,0.026664863676282069,0.13665747073652779,0.042907741061428029,0.064086518976099183,0.36671040031414193,0.10552298717418329,0.018706616385088304,0.093881263514194124,0.029952862813015124
1d3a7da1-44f4-5185-972c-b170b59d5708,9cb5790d-1b4f-5ae4-90fd-8947a85f7219,2023-03-18,2023,SUBMISSION,Welterweight,MATCH,NO_MATCH,NO_MATCH,MATCH,HIGH / MID,HIGH / HIGH,HIGH / LOW,HIGH / LOW,HIGH / MID,MID / MID,HIGH / LOW,HIGH / MID,HIGH / MID,LOW / LOW,HIGH / LOW,HIGH / MID,HIGH / LOW,HIGH / MID,HIGH / LOW,LOW / MID,LOW / MID,0.56644929504308161,0.57548415660858154,0.57882904296539517,0.54690918532505151,0.54690918532505151,0.0090348615654999298,0.021059428300724603,0.010317210652686259,0.012379747922313555,0.028969930859335968,0.014178257125431137,-0.019540109718030108,-0.044083823454461268,-0.021755146861892616
32d2e910-e374-5bdf-9942-fa53e565287b,9cb5790d-1b4f-5ae4-90fd-8947a85f7219,2023-03-18,2023,KO_TKO,Flyweight,NO_MATCH,NO_MATCH,NO_MATCH,MATCH,LOW / MID,LOW / MID,HIGH / HIGH,LOW / LOW,HIGH / LOW,LOW / MID,LOW / MID,LOW / MID,MID / MID,LOW / MID,LOW / MID,HIGH / HIGH,HIGH / MID,HIGH / LOW,LOW / MID,LOW / LOW,HIGH / LOW,0.43829250737135461,0.52749031782150269,0.50902854246830265,0.51180097500127497,0.51180097500127497,0.089197810450148074,-0.18524399781173173,-0.092249907522735153,0.070736035096948036,-0.14961757802529496,-0.074462335164360405,0.07350846762992036,-0.15504931623811213,-0.07717701926545395
54baaf38-50d3-512d-8a8b-a0630f3f8df8,9cb5790d-1b4f-5ae4-90fd-8947a85f7219,2023-03-18,2023,SUBMISSION,Featherweight,NO_MATCH,NO_MATCH,MATCH,MATCH,HIGH / LOW,HIGH / MID,HIGH / HIGH,LOW / MID,HIGH / MID,HIGH / LOW,LOW / LOW,LOW / MID,HIGH / MID,LOW / MID,LOW / MID,HIGH / MID,HIGH / HIGH,HIGH / HIGH,HIGH / MID,HIGH / LOW,HIGH / HIGH,0.54244100134582696,0.4815947413444519,0.46603073120733418,0.42045591400951998,0.42045591400951998,-0.060846260001375052,-0.12485145379004925,-0.062308745050433934,-0.076410270138492775,-0.15443245301873887,-0.077057597511420911,-0.12198508733630697,-0.23633590058923737,-0.11745906431548261
c9cbdf83-46e9-546b-9952-5836531810a6,9cb5790d-1b4f-5ae4-90fd-8947a85f7219,2023-03-18,2023,SUBMISSION,Flyweight,UNASSIGNABLE,NO_MATCH,MATCH,UNASSIGNABLE,HIGH / MISSING,LOW / LOW,HIGH / MISSING,HIGH / MISSING,LOW / MISSING,LOW / MISSING,LOW / MISSING,LOW / MISSING,HIGH / MISSING,MID / MISSING,LOW / MISSING,HIGH / MISSING,MID / MISSING,HIGH / MISSING,HIGH / MISSING,LOW / MISSING,HIGH / MISSING,0.34548585212600502,0.53397232294082642,0.51714253297793122,0.51694093022090781,0.51694093022090781,0.18848647081482139,0.33964817623214433,0.16576596764759041,0.1716566808519262,0.3041716906559449,0.14807592539559886,0.17145507809490279,0.30375425757084945,0.14786745131842569
5b25164f-ba96-5bc2-ab3e-55689703019e,31f34478-c7ab-5b47-8fce-f40091e22421,2023-03-25,2023,SUBMISSION,Featherweight,NO_MATCH,NO_MATCH,NO_MATCH,MATCH,HIGH / LOW,HIGH / LOW,HIGH / LOW,LOW / MID,HIGH / LOW,HIGH / MID,LOW / LOW,MID / MID,HIGH / MID,LOW / LOW,MID / MID,HIGH / LOW,HIGH / LOW,HIGH / LOW,HIGH / LOW,LOW / MID,HIGH / MID,0.51016955934382002,0.4793231189250946,0.4698129055179851,0.51878884692274996,0.51878884692274996,-0.030846440418725418,-0.061070367738638831,-0.030522326944987133,-0.040356653825834921,-0.079170660967960438,-0.039548813089816309,0.008619287578929935,0.017753130276565998,0.0088688884103689802
98f3c5a4-75bb-5a40-80e9-bf3fb4390b9f,31f34478-c7ab-5b47-8fce-f40091e22421,2023-03-25,2023,KO_TKO,Flyweight,MATCH,NO_MATCH,NO_MATCH,NO_MATCH,LOW / LOW,LOW / LOW,HIGH / HIGH,HIGH / LOW,HIGH / LOW,HIGH / LOW,LOW / LOW,HIGH / HIGH,HIGH / HIGH,LOW / LOW,HIGH / MID,LOW / MID,HIGH / HIGH,MID / MID,MID / MID,HIGH / MID,HIGH / LOW,0.76422587945123599,0.67545324563980103,0.68388288877682379,0.71188318996274358,0.71188318996274358,-0.088772633811434964,0.12347945864558085,0.049741159845196226,-0.080342990674412196,0.11107671147656617,0.044340592087542846,-0.052342689488492411,0.070949560289824021,0.027421860305501394
b3eb055f-019e-55d0-bed1-419b610ffe81,31f34478-c7ab-5b47-8fce-f40091e22421,2023-03-25,2023,SUBMISSION,Featherweight,NO_MATCH,NO_MATCH,NO_MATCH,MATCH,LOW / LOW,LOW / MID,LOW / MID,HIGH / LOW,HIGH / LOW,HIGH / LOW,LOW / LOW,HIGH / HIGH,HIGH / LOW,MID / MID,HIGH / MID,HIGH / LOW,HIGH / MID,HIGH / LOW,HIGH / HIGH,HIGH / HIGH,LOW / LOW,0.76093936544064655,0.66201889514923096,0.69917026208390565,0.62064904526813103,0.62064904526813103,-0.098920470291415596,-0.34627277027202963,-0.14075970034260543,-0.061769103356740906,-0.22982722910206488,-0.090189662494736589,-0.14029032017251553,-0.46174455769818989,-0.19382348048497133
110d3c8b-87c7-5a0f-bf02-801e2f06e2e5,08a2f43a-bdf3-5df8-a55e-c09fa08c1585,2023-04-08,2023,KO_TKO,Middleweight,MATCH,MATCH,NO_MATCH,NO_MATCH,HIGH / MID,HIGH / LOW,MID / MID,HIGH / MID,HIGH / MID,HIGH / HIGH,HIGH / LOW,MID / MID,LOW / MID,HIGH / LOW,LOW / MID,HIGH / MID,HIGH / MID,HIGH / MID,MID / MID,LOW / MID,HIGH / MID,0.49804462676992789,0.52665627002716064,0.5006938939591008,0.55199613883344822,0.55199613883344822,0.028611643257232755,-0.055858411705753563,-0.02790491000994072,0.0026492671891729103,-0.0053052392552076499,-0.0026526091848153022,0.053951512063520335,-0.10285136638814385,-0.051251737094401978
42b150eb-ca95-5d25-9e59-8ece94e44014,08a2f43a-bdf3-5df8-a55e-c09fa08c1585,2023-04-08,2023,KO_TKO,Middleweight,MATCH,NO_MATCH,NO_MATCH,NO_MATCH,HIGH / LOW,HIGH / LOW,LOW / LOW,HIGH / HIGH,LOW / LOW,MID / MID,HIGH / HIGH,LOW / MID,HIGH / HIGH,LOW / MID,MID / MID,LOW / LOW,LOW / LOW,LOW / MID,LOW / MID,HIGH / HIGH,LOW / LOW,0.89027450149507448,0.68108564615249634,0.73930380980121624,0.7734902991059075,0.7734902991059075,-0.20918885534257814,0.2678417803009514,0.089666680067816362,-0.15097069169385824,0.18582089801350082,0.055922818562006024,-0.11678420238916698,0.14061671544020543,0.039266959576976838
48fe800b-8540-5823-83ea-57c6a0e4b32d,08a2f43a-bdf3-5df8-a55e-c09fa08c1585,2023-04-08,2023,KO_TKO,Welterweight,MATCH,NO_MATCH,NO_MATCH,NO_MATCH,HIGH / MID,HIGH / HIGH,LOW / MID,HIGH / MID,HIGH / LOW,LOW / MID,HIGH / MID,HIGH / MID,HIGH / LOW,HIGH / LOW,HIGH / MID,LOW / MID,HIGH / LOW,HIGH / LOW,HIGH / LOW,LOW / MID,LOW / LOW,0.7247346343392751,0.71698260307312012,0.7263666355207552,0.71441083402031813,0.71441083402031813,-0.0077520312661549795,0.010753989442507439,0.0043278254309344899,0.0016320011814801028,-0.0022493287042980592,-0.00089580337610135896,-0.010323800318956966,0.014347371602106862,0.0057901501926376914
8d993627-c078-54e7-8eef-7f854c5d276f,08a2f43a-bdf3-5df8-a55e-c09fa08c1585,2023-04-08,2023,KO_TKO,Featherweight,MATCH,NO_MATCH,NO_MATCH,NO_MATCH,MID / MID,HIGH / MID,HIGH / HIGH,HIGH / HIGH,HIGH / LOW,LOW / MID,HIGH / MID,LOW / MID,HIGH / MID,LOW / LOW,LOW / MID,LOW / MID,HIGH / HIGH,LOW / LOW,HIGH / LOW,HIGH / LOW,HIGH / MID,0.77794448361688551,0.69936543703079224,0.69836510041627708,0.7729964776942907,0.7729964776942907,-0.078579046586093271,0.10648175843383068,0.04107248809551492,-0.079579383200608422,0.10791313130364777,0.04167496029071098,-0.0049480059225948114,0.0063806719060881534,0.0022219467830270345
8094be40-d35f-59e8-a63e-5d806719b0d1,83b6a6a9-e5a8-5c8c-a4e9-16f384aafb74,2023-04-15,2023,KO_TKO,Light Heavyweight,NO_MATCH,MATCH,NO_MATCH,NO_MATCH,HIGH / MID,HIGH / HIGH,HIGH / LOW,MID / MID,HIGH / LOW,HIGH / MID,HIGH / MID,LOW / MID,HIGH / LOW,HIGH / LOW,HIGH / HIGH,LOW / LOW,HIGH / LOW,LOW / LOW,HIGH / MID,HIGH / MID,HIGH / LOW,0.76533393410179384,0.84522873163223267,0.8390649319648672,0.82713885718474023,0.82713885718474023,0.079894797530438821,-0.099295025302618051,-0.031114016971973774,0.073730997863073355,-0.091975841816959669,-0.029168066360668408,0.061804923082946384,-0.077660331879412986,-0.025187187788743595
afc9f61b-1758-5b76-9886-7df6e8bb884e,83b6a6a9-e5a8-5c8c-a4e9-16f384aafb74,2023-04-15,2023,KO_TKO,Light Heavyweight,MATCH,NO_MATCH,NO_MATCH,MATCH,HIGH / MID,HIGH / HIGH,HIGH / LOW,HIGH / MID,HIGH / LOW,LOW / MID,MID / MID,LOW / MID,LOW / MID,LOW / MID,LOW / MID,HIGH / HIGH,HIGH / MID,HIGH / HIGH,HIGH / LOW,MID / MID,LOW / MID,0.50890228186164954,0.54569309949874878,0.55484072403825324,0.46643993745909201,0.46643993745909201,0.036790817637099238,-0.069800711389186421,-0.034782208917640944,0.0459384421766037,-0.086425071349428229,-0.043010187785908122,-0.042462344402557528,0.087126756923674109,0.043509371577962974
b378cdcc-6512-56a5-9dbc-1c61aa9a610f,83b6a6a9-e5a8-5c8c-a4e9-16f384aafb74,2023-04-15,2023,KO_TKO,Flyweight,MATCH,NO_MATCH,NO_MATCH,MATCH,LOW / MID,HIGH / MID,MID / MID,HIGH / HIGH,HIGH / HIGH,MID / MID,LOW / MID,LOW / MID,HIGH / LOW,HIGH / LOW,MID / MID,HIGH / HIGH,HIGH / LOW,HIGH / HIGH,HIGH / HIGH,HIGH / LOW,LOW / MID,0.53623467468992458,0.50926190614700317,0.45283920805422989,0.46199152918217501,0.46199152918217501,-0.02697276854292141,0.051609456565135936,0.025745599798512653,-0.083395466635694693,0.16903477780101284,0.084306655282762322,-0.074243145507749575,0.14902533535691009,0.074374837711774389
c5a7e9a8-88ac-5ad0-b2b8-22d1a17b1ef8,83b6a6a9-e5a8-5c8c-a4e9-16f384aafb74,2023-04-15,2023,KO_TKO,Featherweight,MATCH,NO_MATCH,NO_MATCH,NO_MATCH,LOW / LOW,HIGH / MID,HIGH / LOW,HIGH / MID,MID / MID,LOW / MID,HIGH / HIGH,HIGH / HIGH,HIGH / MID,HIGH / LOW,HIGH / MID,HIGH / LOW,MID / MID,LOW / MID,LOW / MID,HIGH / LOW,HIGH / LOW,0.82458942491943421,0.7215496301651001,0.72285923691684617,0.7067740606377968,0.7067740606377968,-0.10303979475433411,0.13348443236736152,0.046765738611097729,-0.10173018800258804,0.13167108555061324,0.046038132712218002,-0.11781536428163741,0.15417455564121479,0.055212581664751667
ec2a1541-3af7-5c63-a255-cd92a9f2cd3a,83b6a6a9-e5a8-5c8c-a4e9-16f384aafb74,2023-04-15,2023,SUBMISSION,Featherweight,NO_MATCH,NO_MATCH,MATCH,MATCH,LOW / LOW,MID / MID,MID / MID,LOW / LOW,LOW / MID,LOW / LOW,LOW / MID,LOW / MID,HIGH / MID,LOW / LOW,HIGH / LOW,HIGH / LOW,HIGH / HIGH,HIGH / LOW,HIGH / MID,LOW / LOW,HIGH / LOW,0.38804603725569775,0.45088320970535278,0.42978949084834694,0.45441863854239262,0.45441863854239262,0.062837172449655032,0.10834590374656533,0.052715941764350766,0.041743453592649193,0.070651448458821486,0.034139279413830936,0.066372601286694866,0.11480511101439544,0.055916572024871297
766916e3-4af7-562f-87c0-1bf463d8f5d5,f3d8d138-b778-5f6f-9929-b1e2d287887f,2023-04-22,2023,KO_TKO,Bantamweight,MATCH,NO_MATCH,NO_MATCH,MATCH,HIGH / MID,HIGH / HIGH,HIGH / MID,HIGH / LOW,LOW / MID,LOW / LOW,LOW / MID,LOW / LOW,HIGH / LOW,HIGH / LOW,LOW / MID,HIGH / MID,HIGH / MID,HIGH / MID,HIGH / LOW,HIGH / LOW,HIGH / HIGH,0.38036209008002514,0.5272974967956543,0.56311106553111401,0.50504955555684594,0.50504955555684594,0.14693540671562916,-0.32664123165323922,-0.16050348287434046,0.18274897545108887,-0.3923532155006948,-0.19307919834863638,0.1246874654768208,-0.28353288661553644,-0.13897519695551919
83bc8857-849c-5956-9312-5959dda180e4,f3d8d138-b778-5f6f-9929-b1e2d287887f,2023-04-22,2023,KO_TKO,Heavyweight,NO_MATCH,MATCH,NO_MATCH,NO_MATCH,HIGH / LOW,HIGH / MID,HIGH / HIGH,HIGH / MID,HIGH / MID,HIGH / HIGH,HIGH / HIGH,HIGH / LOW,HIGH / HIGH,HIGH / LOW,HIGH / MID,LOW / LOW,LOW / LOW,LOW / LOW,HIGH / MID,LOW / MID,HIGH / LOW,0.92184682471688384,0.8460843563079834,0.85739424224837768,0.84147394531982411,0.84147394531982411,-0.075762468408900441,0.085760009458864264,0.017582106566294331,-0.064452582468506159,0.072481237263108053,0.014228483337080912,-0.080372879397059727,0.091224025077410911,0.019022591205628638
c97f49f5-c61e-5786-8de2-60e571b380af,f3d8d138-b778-5f6f-9929-b1e2d287887f,2023-04-22,2023,KO_TKO,Bantamweight,MATCH,NO_MATCH,NO_MATCH,NO_MATCH,HIGH / LOW,LOW / MID,LOW / MID,HIGH / LOW,HIGH / HIGH,HIGH / MID,HIGH / LOW,HIGH / HIGH,HIGH / LOW,LOW / LOW,HIGH / LOW,LOW / MID,LOW / MID,LOW / MID,HIGH / LOW,MID / MID,HIGH / LOW,0.71209524658400791,0.74339556694030762,0.75340379625252418,0.75897952090211718,0.75897952090211718,0.031300320356299705,-0.043016618865483414,-0.017043311973637065,0.04130854966851627,-0.056389658315321389,-0.022079459336856608,0.046884274318109265,-0.063763119590704964,-0.024798275694950245
546b840c-cb19-54cb-a583-d115f11ec1ed,9c776e33-5840-5150-bd95-76f9df6d2ebc,2023-04-29,2023,SUBMISSION,Middleweight,MATCH,NO_MATCH,MATCH,MATCH,HIGH / MID,MID / MID,HIGH / MID,HIGH / LOW,LOW / MID,HIGH / MID,LOW / MID,HIGH / LOW,HIGH / MID,LOW / MID,LOW / MID,HIGH / HIGH,HIGH / LOW,HIGH / HIGH,HIGH / LOW,HIGH / MID,HIGH / HIGH,0.48265157717577561,0.48863521218299866,0.51235976407841799,0.52069393321401125,0.52069393321401125,0.0059836350072230426,0.011633373477272224,0.0058118256348604347,0.029708186902642375,0.059138666980415366,0.029559982896228465,0.038042356038235636,0.076377215798061893,0.038169627135613504
851bbe2f-08de-579f-8c5c-074a2e30442a,9c776e33-5840-5150-bd95-76f9df6d2ebc,2023-04-29,2023,SUBMISSION,Middleweight,NO_MATCH,NO_MATCH,NO_MATCH,MATCH,HIGH / MID,HIGH / LOW,HIGH / MID,HIGH / LOW,LOW / LOW,LOW / MID,HIGH / MID,HIGH / LOW,HIGH / HIGH,HIGH / MID,HIGH / LOW,HIGH / LOW,HIGH / LOW,LOW / MID,HIGH / MID,LOW / LOW,LOW / MID,0.71065787088165921,0.66877037286758423,0.68534066937151661,0.55849609044124315,0.55849609044124315,-0.041887498014074986,-0.13520204670380287,-0.057780797820605412,-0.025317201510142606,-0.083880737816194317,-0.035342776351454608,-0.15216178044041606,-0.42257704946876862,-0.19311672640789979
27ceacf6-c6a3-533d-a91e-b0f5da4c443e,ab33e18e-ab56-5549-9fdd-68e705f23c29,2023-05-06,2023,KO_TKO,Lightweight,MATCH,MATCH,NO_MATCH,MATCH,HIGH / HIGH,HIGH / HIGH,HIGH / MID,HIGH / HIGH,HIGH / LOW,HIGH / LOW,HIGH / MID,HIGH / MID,LOW / LOW,HIGH / LOW,HIGH / MID,HIGH / LOW,HIGH / HIGH,LOW / LOW,LOW / MID,LOW / LOW,HIGH / MID,0.82941387717145698,0.69817525148391724,0.72626911605612154,0.75047024786205441,0.75047024786205441,-0.13123862568753975,0.17224913137867501,0.061998553515121839,-0.10314476111533544,0.13279864983949022,0.045828971523022295,-0.078943629309402574,0.10001927205193642,0.033165471900349797
36ba40d1-c407-50ea-8d2f-8bb7a2220740,ab33e18e-ab56-5549-9fdd-68e705f23c29,2023-05-06,2023,SUBMISSION,Light Heavyweight,NO_MATCH,MATCH,NO_MATCH,NO_MATCH,LOW / LOW,HIGH / HIGH,HIGH / MID,MID / MID,HIGH / MID,HIGH / HIGH,HIGH / LOW,HIGH / LOW,HIGH / MID,LOW / LOW,HIGH / LOW,LOW / LOW,HIGH / MID,LOW / LOW,HIGH / LOW,HIGH / LOW,HIGH / LOW,0.79419397497922761,0.84024584293365479,0.84777382655190348,0.85339234952826148,0.85339234952826148,0.046051867954427173,0.25329798382485103,0.075269006673982064,0.053579851572675863,0.30156670096108673,0.087976391093150919,0.059198374549033872,0.33917412494932253,0.097534432340060429
3cb5596d-2833-5457-a193-6f9555991967,ab33e18e-ab56-5549-9fdd-68e705f23c29,2023-05-06,2023,KO_TKO,Middleweight,MATCH,NO_MATCH,NO_MATCH,NO_MATCH,HIGH / MID,LOW / LOW,LOW / MID,HIGH / MID,HIGH / MID,HIGH / MID,MID / MID,MID / MID,HIGH / HIGH,LOW / MID,MID / MID,MID / MID,HIGH / MID,HIGH / MID,MID / MID,HIGH / LOW,LOW / MID,0.72906616440938687,0.62830555438995361,0.62706423784078025,0.63370937054848164,0.63370937054848164,-0.10076061001943326,0.14873788868015619,0.064751617629518352,-0.10200192656860663,0.15071550031525527,0.065675939429436739,-0.095356793860905231,0.14017404513478526,0.060763681956148161
70cbd086-3519-5824-953c-2f01c367d9dc,c91f3e2e-cbb9-55d2-a856-818468ef9fc0,2023-05-13,2023,KO_TKO,Welterweight,MATCH,NO_MATCH,NO_MATCH,NO_MATCH,HIGH / LOW,MID / MID,LOW / LOW,HIGH / MID,HIGH / HIGH,MID / MID,MID / MID,HIGH / HIGH,HIGH / MID,LOW / LOW,HIGH / HIGH,MID / MID,MID / MID,HIGH / LOW,HIGH / LOW,LOW / LOW,LOW / MID,0.69841123702836871,0.70494633913040161,0.71837937540933183,0.72356491826660141,0.72356491826660141,0.006535102102032897,-0.0093135911367245305,-0.0038991191582068291,0.019968138380963119,-0.028189713443120268,-0.011645605755920746,0.025153681238232695,-0.03538217605718974,-0.014539427537808042
83f20313-749e-58e2-a7ca-4883377ffa2a,c91f3e2e-cbb9-55d2-a856-818468ef9fc0,2023-05-13,2023,SUBMISSION,Heavyweight,MATCH,MATCH,MATCH,NO_MATCH,HIGH / HIGH,HIGH / MID,HIGH / MID,HIGH / MID,MID / MID,HIGH / HIGH,HIGH / HIGH,LOW / MID,HIGH / MID,LOW / LOW,HIGH / LOW,HIGH / LOW,LOW / LOW,HIGH / LOW,HIGH / MID,HIGH / LOW,HIGH / LOW,0.77898615194584087,0.71475648880004883,0.71588924552718969,0.74805640363518477,0.74805640363518477,-0.064229663145792038,-0.25511788028497118,-0.095942586641614369,-0.063096906418651177,-0.25113878224343478,-0.094322013061899801,-0.030929748310656091,-0.13097987807676903,-0.047231041903782245
9aafb5d5-cfcd-5bb6-aa85-8137f4bec196,c91f3e2e-cbb9-55d2-a856-818468ef9fc0,2023-05-13,2023,KO_TKO,Welterweight,MATCH,NO_MATCH,NO_MATCH,NO_MATCH,HIGH / HIGH,HIGH / MID,LOW / LOW,HIGH / HIGH,HIGH / MID,LOW / MID,HIGH / MID,HIGH / HIGH,HIGH / HIGH,LOW / MID,HIGH / HIGH,LOW / LOW,LOW / LOW,LOW / MID,LOW / MID,MID / MID,LOW / LOW,0.79991359530708128,0.84390455484390259,0.87617681483426224,0.85478943532970131,0.85478943532970131,0.043990959536821306,-0.053535685554610801,-0.015668781344458232,0.076263219527180959,-0.091064198018131648,-0.024702388158349867,0.054875840022620026,-0.066351448169312599,-0.018948461251071448
f21242b1-daba-5c00-9a99-49eec2a66479,c91f3e2e-cbb9-55d2-a856-818468ef9fc0,2023-05-13,2023,KO_TKO,Light Heavyweight,MATCH,MATCH,NO_MATCH,NO_MATCH,HIGH / HIGH,LOW / MID,LOW / MID,HIGH / HIGH,HIGH / MID,HIGH / HIGH,HIGH / HIGH,HIGH / MID,HIGH / HIGH,LOW / LOW,HIGH / MID,LOW / LOW,LOW / LOW,LOW / LOW,HIGH / LOW,LOW / MID,LOW / MID,0.83319172542246189,0.86675542593002319,0.87568314296461258,0.85717471493210151,0.85717471493210151,0.0335637005075613,-0.039493066376610902,-0.010070883948445811,0.042491417542150689,-0.049740538303941623,-0.012370319524378393,0.023982989509639618,-0.028377987629487816,-0.0074259384128088808
546a779b-cae5-5f34-8fd2-45faefda141b,ad1b2bba-7c77-59a3-9881-b382c23b65ca,2023-05-20,2023,KO_TKO,Lightweight,NO_MATCH,NO_MATCH,NO_MATCH,MATCH,LOW / MID,HIGH / HIGH,LOW / MID,HIGH / MID,LOW / MID,HIGH / LOW,MID / MID,HIGH / MID,LOW / LOW,MID / MID,HIGH / HIGH,HIGH / LOW,HIGH / LOW,HIGH / LOW,LOW / MID,HIGH / MID,LOW / MID,0.83826843599586764,0.7696337103843689,0.79614216151087169,0.77936268149620413,0.77936268149620413,-0.068634725611498748,0.085423677671579573,0.026911528596050067,-0.042126274484995951,0.051560613777144576,0.015400919518236765,-0.05890575449966351,0.072861867847219708,0.022523727521322701
579a4f4a-aef9-5726-a585-9a4a33d7c210,ad1b2bba-7c77-59a3-9881-b382c23b65ca,2023-05-20,2023,KO_TKO,Welterweight,MATCH,MATCH,NO_MATCH,NO_MATCH,HIGH / LOW,HIGH / MID,LOW / LOW,HIGH / HIGH,HIGH / HIGH,HIGH / HIGH,HIGH / HIGH,HIGH / MID,LOW / LOW,LOW / MID,MID / MID,LOW / LOW,LOW / MID,LOW / LOW,LOW / MID,MID / MID,LOW / MID,0.89637078712203178,0.87312108278274536,0.88774935742046002,0.87304359523454089,0.87304359523454089,-0.023249704339286414,0.026279908718341877,0.0053592458725157006,-0.0086214297015717589,0.0096647042924519616,0.001861192997812379,-0.023327191887490883,0.026368660425704682,0.0053789149492638327
845b4ed4-8925-560a-b802-cb810e4dea3f,ad1b2bba-7c77-59a3-9881-b382c23b65ca,2023-05-20,2023,KO_TKO,Lightweight,MATCH,NO_MATCH,NO_MATCH,NO_MATCH,HIGH / HIGH,LOW / LOW,HIGH / LOW,HIGH / HIGH,MID / MID,MID / MID,HIGH / HIGH,LOW / MID,HIGH / LOW,LOW / MID,LOW / LOW,MID / MID,MID / MID,MID / MID,MID / MID,LOW / LOW,LOW / LOW,0.65263275573586688,0.75089430809020996,0.74192794633261405,0.71413158931618992,0.71413158931618992,0.098261552354343085,-0.14025033139146681,-0.058610356645802691,0.089295190596747176,-0.12823755551498095,-0.054062817503555793,0.061498833580323042,-0.090052668552095538,-0.038943254160770421
99a5dcf8-b70c-5389-b20e-0c4deea461cb,ad1b2bba-7c77-59a3-9881-b382c23b65ca,2023-05-20,2023,KO_TKO,Middleweight,MATCH,MATCH,MATCH,MATCH,HIGH / LOW,HIGH / MID,HIGH / HIGH,HIGH / LOW,HIGH / LOW,HIGH / HIGH,HIGH / LOW,HIGH / MID,HIGH / HIGH,LOW / LOW,MID / MID,HIGH / MID,HIGH / HIGH,HIGH / HIGH,HIGH / MID,MID / MID,HIGH / HIGH,0.40086564293308474,0.5293850302696228,0.50368154454346592,0.55761429754022618,0.55761429754022618,0.12851938733653806,-0.27808969647407511,-0.13748352808366199,0.10281590161038118,-0.22831789616826825,-0.11262996859122623,0.15674865460714144,-0.33004118419695039,-0.16325686807715831
1fb96048-fd06-56fb-87ee-8832e22d898c,e29a3c73-aa09-5185-9010-cdc810317a1c,2023-06-10,2023,SUBMISSION,Welterweight,MATCH,MATCH,NO_MATCH,NO_MATCH,HIGH / HIGH,LOW / LOW,MID / MID,HIGH / MID,HIGH / MID,HIGH / MID,HIGH / HIGH,HIGH / LOW,HIGH / HIGH,LOW / MID,HIGH / MID,HIGH / LOW,MID / MID,HIGH / MID,HIGH / LOW,LOW / MID,HIGH / MID,0.72475186641452671,0.69762212038040161,0.71808325340589796,0.71297800106584974,0.71297800106584974,-0.027129746034125102,-0.094004497441493973,-0.038588645027292423,-0.0066686130086287543,-0.02393880772482504,-0.0096217090493408985,-0.011773865348676971,-0.0418858693783144,-0.01692763786748519
65942c87-e14f-522e-9a52-377d57f178d7,e29a3c73-aa09-5185-9010-cdc810317a1c,2023-06-10,2023,KO_TKO,Lightweight,MATCH,NO_MATCH,NO_MATCH,MATCH,HIGH / MID,HIGH / HIGH,HIGH / HIGH,HIGH / HIGH,HIGH / HIGH,MID / MID,LOW / MID,LOW / MID,HIGH / MID,HIGH / LOW,MID / MID,HIGH / HIGH,HIGH / HIGH,HIGH / HIGH,LOW / MID,HIGH / LOW,HIGH / HIGH,0.42978249773407146,0.47364711761474609,0.47442735145081333,0.43436041758529026,0.43436041758529026,0.043864619880674638,-0.097183305333163883,-0.048100643095129347,0.044644853716741872,-0.098829239355583964,-0.048921390987387348,0.0045779198512188035,-0.01059538323404674,-0.0051998626961070049
dc07b933-fcb7-5934-bd25-b3830853cb61,e29a3c73-aa09-5185-9010-cdc810317a1c,2023-06-10,2023,KO_TKO,Bantamweight,MATCH,NO_MATCH,NO_MATCH,NO_MATCH,MID / MID,MID / MID,LOW / MID,HIGH / MID,HIGH / MID,HIGH / LOW,MID / MID,HIGH / MID,MID / MID,HIGH / LOW,HIGH / MID,LOW / LOW,LOW / LOW,LOW / LOW,LOW / MID,HIGH / LOW,LOW / MID,0.79698434014281838,0.81187659502029419,0.8221216041489986,0.81267851637476529,0.81267851637476529,0.014892254877475808,-0.01851332194225952,-0.0058249426460884601,0.025137264006180216,-0.031053290941699563,-0.0095746344367213104,0.01569417623194691,-0.019500572438078151,-0.0061260199196877876
138ab1f4-2f30-508c-9a3e-a2e6a7952f15,461912dc-2d9e-59fd-834e-ebf8584e1952,2023-06-17,2023,SUBMISSION,Featherweight,MATCH,MATCH,NO_MATCH,NO_MATCH,LOW / MID,LOW / MID,HIGH / HIGH,HIGH / MID,HIGH / LOW,HIGH / MID,HIGH / LOW,LOW / MID,HIGH / MID,LOW / LOW,HIGH / LOW,HIGH / MID,MID / MID,HIGH / MID,MID / MID,LOW / MID,HIGH / LOW,0.6760967705688673,0.66849029064178467,0.69031122362153075,0.69125140844971833,0.69125140844971833,-0.0076064799270826322,-0.023212301777131961,-0.01022757449131384,0.014214453052663445,0.044876950564462614,0.019422742284203431,0.01515463788085103,0.047917470433602061,0.020721666510067738
50c08101-fcd2-5d04-862f-98465be2d6b1,461912dc-2d9e-59fd-834e-ebf8584e1952,2023-06-17,2023,KO_TKO,Lightweight,MATCH,MATCH,NO_MATCH,NO_MATCH,HIGH / HIGH,LOW / LOW,LOW / MID,HIGH / HIGH,HIGH / MID,HIGH / MID,HIGH / HIGH,HIGH / MID,HIGH / MID,LOW / MID,HIGH / MID,MID / MID,MID / MID,MID / MID,LOW / MID,HIGH / MID,LOW / MID,0.83175910195278657,0.72690033912658691,0.76334879419083745,0.74060397748652584,0.74060397748652584,-0.10485876282619966,0.13475347494537268,0.04627842499344037,-0.068410307761949118,0.085827795900476317,0.027698793435197745,-0.091155124466260729,0.11607681888169177,0.038981296720077926
1eeb1fc8-5bff-5906-a7e3-0ead913ed4dd,c63c3523-20ee-5429-8157-4704f6030b1b,2023-06-24,2023,KO_TKO,Featherweight,MATCH,NO_MATCH,NO_MATCH,NO_MATCH,LOW / MID,LOW / MID,LOW / MID,HIGH / LOW,LOW / MID,LOW / MID,LOW / MID,HIGH / HIGH,HIGH / MID,LOW / LOW,HIGH / HIGH,LOW / MID,HIGH / MID,HIGH / MID,LOW / MID,LOW / MID,HIGH / HIGH,0.60032220867759145,0.54705810546875,0.5807194053731225,0.61868787401667746,0.61868787401667746,-0.053264103208841451,0.092911503037869214,0.045414022945199251,-0.019602803304468952,0.033198836509719554,0.016053880154309225,0.018365665339086013,-0.030134377674171542,-0.014343399454437522
331557de-340a-5296-b87d-1f471f5630b5,47183d4f-57e3-59c3-99da-bab5ccd76acb,2023-07-01,2023,SUBMISSION,Welterweight,MATCH,NO_MATCH,MATCH,NO_MATCH,HIGH / MID,HIGH / LOW,HIGH / HIGH,HIGH / LOW,LOW / MID,LOW / MID,MID / MID,LOW / MID,HIGH / LOW,LOW / MID,LOW / MID,HIGH / LOW,HIGH / LOW,HIGH / MID,HIGH / HIGH,HIGH / HIGH,HIGH / HIGH,0.55503612196695717,0.6069948673248291,0.5809321477605881,0.62245783671996335,0.62245783671996335,0.051958745357871927,0.12417043388594073,0.06037767227056795,0.025896025793630928,0.059960260581688907,0.02941706361361085,0.067421714753006179,0.16431085265191325,0.079388661805977645
78e2e59a-5dfc-5626-826c-33f0e220b288,47183d4f-57e3-59c3-99da-bab5ccd76acb,2023-07-01,2023,KO_TKO,Featherweight,UNASSIGNABLE,NO_MATCH,MATCH,UNASSIGNABLE,HIGH / MISSING,LOW / LOW,MID / MISSING,HIGH / MISSING,MID / MISSING,LOW / MISSING,MID / MISSING,HIGH / MISSING,MID / MISSING,LOW / MISSING,MID / MISSING,HIGH / MISSING,MID / MISSING,HIGH / MISSING,HIGH / MISSING,LOW / MISSING,HIGH / MISSING,0.62525820894814832,0.67331165075302124,0.67853505137605608,0.68363862446867574,0.68363862446867574,0.048053441804872921,-0.074043600619747185,-0.033706132427033686,0.053276842427907756,-0.081771439300988846,-0.037091696766954743,0.058380415520527418,-0.089264752471634123,-0.040346890032678079
7a2e1746-63c1-5cee-a9f8-298488f39c3e,47183d4f-57e3-59c3-99da-bab5ccd76acb,2023-07-01,2023,SUBMISSION,Lightweight,MATCH,NO_MATCH,NO_MATCH,NO_MATCH,LOW / MID,LOW / LOW,LOW / MID,HIGH / HIGH,LOW / MID,MID / MID,HIGH / MID,HIGH / LOW,HIGH / HIGH,HIGH / LOW,HIGH / MID,HIGH / MID,HIGH / MID,HIGH / MID,LOW / LOW,HIGH / HIGH,HIGH / HIGH,0.68353566325105397,0.65343451499938965,0.66052093646720778,0.60384646720126178,0.60384646720126178,-0.030101148251664323,-0.090861235537132989,-0.040244337543570652,-0.023014726783846196,-0.070201721426184749,-0.030933095424541091,-0.079689196049792188,-0.22459129006522116,-0.10259044698461373
42b22fa2-ad0a-52ae-833d-1fe3772d1044,09e03d3a-c9de-59d7-9f3c-9960705e60fc,2023-07-08,2023,SUBMISSION,Light Heavyweight,NO_MATCH,NO_MATCH,MATCH,NO_MATCH,LOW / MID,LOW / MID,HIGH / LOW,MID / MID,HIGH / MID,HIGH / HIGH,MID / MID,LOW / MID,HIGH / MID,LOW / MID,HIGH / LOW,HIGH / LOW,LOW / LOW,LOW / MID,HIGH / LOW,MID / MID,HIGH / LOW,0.80580330975527192,0.80224204063415527,0.81002622824763792,0.79278641630751601,0.79278641630751601,-0.0035612691211166503,-0.018172342787482254,-0.005726682251697035,0.0042229184923660013,0.021985493464936168,0.006823516436543775,-0.013016893447755917,-0.064878553909948344,-0.020808672130836592
66542c51-f41e-5da3-a5b8-6445aad6bbdd,09e03d3a-c9de-59d7-9f3c-9960705e60fc,2023-07-08,2023,KO_TKO,Women's Strawweight,MATCH,NO_MATCH,NO_MATCH,NO_MATCH,LOW / LOW,LOW / LOW,HIGH / MID,HIGH / HIGH,HIGH / LOW,LOW / LOW,MID / MID,HIGH / MID,HIGH / LOW,LOW / MID,HIGH / MID,HIGH / LOW,LOW / LOW,MID / MID,LOW / LOW,HIGH / LOW,HIGH / LOW,0.66019028137658708,0.62893366813659668,0.6278234476658523,0.5497790049651371,0.5497790049651371,-0.031256613239990405,0.048502303507663935,0.022219577771638313,-0.032366833710734788,0.050269105932076674,0.023044741236409524,-0.11041127641144999,0.18301171025928703,0.087228299499258991
91589876-cdeb-5dca-8a64-bbfa8fe9f632,09e03d3a-c9de-59d7-9f3c-9960705e60fc,2023-07-08,2023,KO_TKO,Middleweight,NO_MATCH,NO_MATCH,MATCH,NO_MATCH,MID / MID,HIGH / MID,HIGH / LOW,HIGH / HIGH,HIGH / LOW,MID / MID,HIGH / HIGH,MID / MID,HIGH / LOW,HIGH / MID,HIGH / HIGH,HIGH / LOW,LOW / MID,HIGH / LOW,HIGH / MID,HIGH / MID,HIGH / LOW,0.82486731554043657,0.75040256977081299,0.77789891150104673,0.76077691810627768,0.76077691810627768,-0.074464745769623586,0.094612721531433935,0.03162742001100087,-0.046968404039389844,0.05862596181926874,0.018657436346406861,-0.064090397434158897,0.080882371958333393,0.026556225744717568
9d8a3e2b-d891-5968-999a-25ddc062a790,09e03d3a-c9de-59d7-9f3c-9960705e60fc,2023-07-08,2023,KO_TKO,Flyweight,NO_MATCH,NO_MATCH,NO_MATCH,MATCH,LOW / LOW,LOW / LOW,MID / MID,MID / MID,HIGH / MID,HIGH / MID,LOW / LOW,HIGH / LOW,LOW / MID,LOW / MID,LOW / LOW,HIGH / MID,HIGH / HIGH,MID / MID,MID / MID,LOW / MID,HIGH / MID,0.51834311044991344,0.53385639190673828,0.52199546927020712,0.56548566593598071,0.56548566593598071,0.015513281456824846,-0.02948947540704161,-0.014703495884859918,0.0036523588202936885,-0.0070215099143181581,-0.0035050278528547807,0.047142555486067272,-0.087047549269942293,-0.043190652743966135
bdd33a56-3a4d-5255-bf8e-e3a500f1faf9,09e03d3a-c9de-59d7-9f3c-9960705e60fc,2023-07-08,2023,SUBMISSION,Light Heavyweight,MATCH,MATCH,MATCH,NO_MATCH,HIGH / HIGH,HIGH / HIGH,HIGH / MID,HIGH / HIGH,HIGH / HIGH,HIGH / MID,HIGH / HIGH,LOW / MID,HIGH / HIGH,LOW / LOW,LOW / MID,HIGH / LOW,MID / MID,HIGH / MID,HIGH / MID,HIGH / MID,HIGH / LOW,0.70682771962796709,0.6524273157119751,0.64947132403597896,0.71332304837951177,0.71332304837951177,-0.054400403915991991,-0.17021338271406594,-0.073944022947338817,-0.05735639559198813,-0.17868209373807753,-0.077792424489424472,0.0064953287515446823,0.022404446156197411,0.0092243461149672523
e90ffa28-0480-59ec-ad3b-9ed0988e53d3,09e03d3a-c9de-59d7-9f3c-9960705e60fc,2023-07-08,2023,KO_TKO,Welterweight,MATCH,MATCH,NO_MATCH,NO_MATCH,HIGH / LOW,HIGH / HIGH,MID / MID,HIGH / HIGH,HIGH / LOW,HIGH / MID,HIGH / HIGH,HIGH / HIGH,MID / MID,LOW / MID,HIGH / HIGH,HIGH / LOW,HIGH / MID,HIGH / LOW,HIGH / LOW,MID / MID,LOW / MID,0.79327424528468959,0.70497751235961914,0.72733372982142208,0.7197513649371603,0.7197513649371603,-0.088296732925070454,0.11800308954870398,0.044302730550903995,-0.065940515463267513,0.086783571639545865,0.031611357230482563,-0.073522880347529296,0.097263168594981741,0.035803759791970029
0c2f56aa-5e59-5b51-8f37-cc67dded9d90,98298300-ef0f-584a-a2c3-2723efc3855a,2023-07-15,2023,KO_TKO,Lightweight,MATCH,NO_MATCH,NO_MATCH,NO_MATCH,HIGH / MID,LOW / LOW,LOW / MID,HIGH / LOW,HIGH / MID,HIGH / MID,HIGH / MID,MID / MID,HIGH / LOW,HIGH / LOW,HIGH / LOW,HIGH / MID,MID / MID,MID / MID,LOW / MID,LOW / MID,MID / MID,0.78432555189823894,0.68200975656509399,0.70868874137802218,0.70803268353105364,0.70803268353105364,-0.10231579533314494,0.13978021537326449,0.054602327355791555,-0.075636810520216757,0.10140775953994638,0.03834678183592162,-0.076292868367185296,0.10233392312063297,0.038729446322078642
d1890e58-a63d-5dc0-93be-0f3c960f95b7,98298300-ef0f-584a-a2c3-2723efc3855a,2023-07-15,2023,SUBMISSION,Lightweight,MATCH,MATCH,NO_MATCH,NO_MATCH,HIGH / MID,LOW / MID,HIGH / LOW,HIGH / MID,HIGH / HIGH,HIGH / MID,HIGH / MID,HIGH / MID,MID / MID,LOW / LOW,HIGH / HIGH,HIGH / MID,MID / MID,HIGH / MID,MID / MID,HIGH / HIGH,HIGH / MID,0.81034040141231012,0.64746558666229248,0.65952808381783878,0.69305396313320644,0.69305396313320644,-0.16287481475001764,-0.61991736500753758,-0.23743988024911733,-0.15081231759447133,-0.58510176504567379,-0.22167427281663371,-0.11728643827910368,-0.48144107748906473,-0.17632777034642005
7c4beb2d-5b62-5d67-9863-65bf475687ac,859bda62-41b1-59c4-8c9f-6ef89917d0b4,2023-07-22,2023,SUBMISSION,Women's Flyweight,NO_MATCH,NO_MATCH,NO_MATCH,MATCH,LOW / MID,HIGH / MID,LOW / MID,LOW / MID,LOW / LOW,LOW / MID,LOW / MID,HIGH / HIGH,HIGH / LOW,HIGH / LOW,HIGH / LOW,HIGH / MID,HIGH / MID,HIGH / LOW,LOW / MID,LOW / LOW,HIGH / MID,0.5219397019438593,0.48592078685760498,0.51070421767077379,0.44325037976523429,0.44325037976523429,-0.036018915086254322,-0.07264049365662173,-0.036302041364930704,-0.011235484273085516,-0.023230307355933011,-0.011602254518527588,-0.07868932217862501,-0.15237875292974967,-0.075950153303220247
be0a7f9e-0cf6-5d52-95b1-8d813e13ae59,859bda62-41b1-59c4-8c9f-6ef89917d0b4,2023-07-22,2023,KO_TKO,Heavyweight,NO_MATCH,MATCH,NO_MATCH,NO_MATCH,HIGH / LOW,HIGH / MID,HIGH / HIGH,HIGH / LOW,MID / MID,HIGH / HIGH,HIGH / HIGH,MID / MID,HIGH / MID,HIGH / MID,HIGH / MID,HIGH / LOW,LOW / LOW,HIGH / LOW,HIGH / LOW,HIGH / MID,MID / MID,0.83948809417214243,0.69806718826293945,0.71633581140486413,0.74881248930695865,0.74881248930695865,-0.14142090590920298,0.18447693798453871,0.065399350890956234,-0.1231522827672783,0.15864322701908115,0.054701299978845791,-0.090675604865183779,0.11430369025062351,0.037331093615675756
c62eeb8c-936e-5927-9601-6dad0c6a1d0e,859bda62-41b1-59c4-8c9f-6ef89917d0b4,2023-07-22,2023,KO_TKO,Middleweight,NO_MATCH,NO_MATCH,NO_MATCH,MATCH,HIGH / HIGH,HIGH / MID,LOW / MID,LOW / LOW,HIGH / LOW,HIGH / MID,LOW / MID,LOW / MID,MID / MID,LOW / MID,LOW / LOW,HIGH / HIGH,HIGH / MID,HIGH / HIGH,LOW / MID,LOW / LOW,HIGH / HIGH,0.38014126879701249,0.51326221227645874,0.50439078208581622,0.45106424672533552,0.45106424672533552,0.13312094347944625,-0.30024390600063444,-0.14731117265057042,0.12424951328880374,-0.28280838528853458,-0.13859634976706864,0.070922977928323028,-0.17106683966657688,-0.082894385425354211
146f09dc-5f46-55e6-97a8-2c88084775c5,f93c1917-bae9-59ba-9bd7-b764e87f998e,2023-07-29,2023,KO_TKO,Heavyweight,MATCH,MATCH,NO_MATCH,NO_MATCH,HIGH / HIGH,HIGH / HIGH,HIGH / HIGH,HIGH / HIGH,LOW / MID,HIGH / LOW,HIGH / HIGH,LOW / LOW,HIGH / HIGH,LOW / LOW,LOW / MID,LOW / MID,HIGH / MID,LOW / MID,HIGH / LOW,LOW / MID,LOW / MID,0.85154228108058394,0.75081396102905273,0.75358430065246818,0.73655136876229188,0.73655136876229188,-0.10072832005153121,0.12589125428122719,0.040053987711274108,-0.097957980428115765,0.12220826311395036,0.038681002578176846,-0.11499091231829206,0.14507017308968487,0.047365486994265571
2e4bde5a-604d-56ca-8df6-d5dbe8f33ba6,f93c1917-bae9-59ba-9bd7-b764e87f998e,2023-07-29,2023,KO_TKO,Lightweight,NO_MATCH,MATCH,NO_MATCH,NO_MATCH,HIGH / HIGH,HIGH / HIGH,LOW / MID,HIGH / HIGH,LOW / MID,HIGH / LOW,HIGH / HIGH,HIGH / HIGH,HIGH / HIGH,MID / MID,HIGH / HIGH,HIGH / LOW,HIGH / MID,HIGH / LOW,LOW / MID,HIGH / MID,LOW / MID,0.80551063950473911,0.69786834716796875,0.69804023425614659,0.64575597430243536,0.64575597430243536,-0.10764229233677036,0.14344594050188098,0.053457424297159509,-0.10747040524859253,0.14319966779988036,0.053353588782227276,-0.15975466520230375,0.22105472744206089,0.087662718396561298
5504317d-3ccd-5d66-a23e-34a55a7db215,f93c1917-bae9-59ba-9bd7-b764e87f998e,2023-07-29,2023,KO_TKO,Middleweight,MATCH,MATCH,NO_MATCH,NO_MATCH,LOW / MID,LOW / MID,HIGH / LOW,HIGH / HIGH,HIGH / LOW,HIGH / MID,HIGH / HIGH,HIGH / LOW,HIGH / HIGH,HIGH / LOW,HIGH / MID,LOW / MID,HIGH / MID,LOW / MID,MID / MID,HIGH / MID,LOW / LOW,0.86807079934691489,0.83933252096176147,0.87989853068675594,0.81760394642495116,0.81760394642495116,-0.028738278385153415,0.033666319343349821,0.0084087248355408234,0.011827731339841052,-0.013533317384328974,-0.0029809510537618881,-0.050466852921963734,0.059895231123409109,0.015863006374790094
5a94e1b6-8d29-5fe7-a230-7914a0a275dc,f93c1917-bae9-59ba-9bd7-b764e87f998e,2023-07-29,2023,SUBMISSION,Welterweight,NO_MATCH,NO_MATCH,MATCH,MATCH,LOW / MID,HIGH / HIGH,HIGH / MID,LOW / MID,LOW / LOW,LOW / LOW,HIGH / LOW,LOW / MID,HIGH / LOW,LOW / MID,LOW / MID,HIGH / MID,HIGH / HIGH,HIGH / HIGH,HIGH / HIGH,LOW / MID,HIGH / LOW,0.32396969572740641,0.41540947556495667,0.36432032408582365,0.41217789902575891,0.41217789902575891,0.09143977983755025,0.14532625992776899,0.067608668639444036,0.04035062835841724,0.06154312160305736,0.027772934792291287,0.088208203298352494,0.13981355108599597,0.064934256695580422
c7000f8f-f157-5098-9a92-21a049f7dff2,f93c1917-bae9-59ba-9bd7-b764e87f998e,2023-07-29,2023,SUBMISSION,Welterweight,NO_MATCH,NO_MATCH,NO_MATCH,MATCH,HIGH / LOW,HIGH / LOW,HIGH / MID,MID / MID,HIGH / HIGH,HIGH / MID,HIGH / MID,HIGH / LOW,HIGH / LOW,HIGH / LOW,LOW / MID,HIGH / MID,HIGH / MID,HIGH / LOW,HIGH / MID,HIGH / MID,LOW / MID,0.58132031802435724,0.57845836877822876,0.55441529629724973,0.56132932161645244,0.56132932161645244,-0.0028619492461284812,-0.006812396375707519,-0.0033192277383705671,-0.026905021727107514,-0.062281215208081608,-0.030556991379572684,-0.019990996407904804,-0.04664282302831646,-0.022842704841553152
5a5eb41f-c132-5d22-a9a0-d869e151be14,eb0af67b-c11f-5cac-8fdb-6f8744f01ec7,2023-08-05,2023,SUBMISSION,Welterweight,MATCH,MATCH,NO_MATCH,NO_MATCH,HIGH / HIGH,MID / MID,HIGH / HIGH,HIGH / HIGH,HIGH / HIGH,HIGH / MID,HIGH / MID,LOW / MID,HIGH / MID,LOW / LOW,LOW / MID,MID / MID,HIGH / LOW,HIGH / HIGH,LOW / MID,MID / MID,HIGH / HIGH,0.73962912521426449,0.68745440244674683,0.72379518745472737,0.68931952032378474,0.68931952032378474,-0.052174722767517667,-0.18264331460480521,-0.074457687421804364,-0.01583393775953712,-0.059035608857529009,-0.02317176948259414,-0.050309604890479753,-0.17665793140822683,-0.071889841765805429
8ee40474-856c-5517-be66-0a3d4ea45d47,eb0af67b-c11f-5cac-8fdb-6f8744f01ec7,2023-08-05,2023,KO_TKO,Light Heavyweight,NO_MATCH,MATCH,NO_MATCH,NO_MATCH,HIGH / LOW,HIGH / HIGH,LOW / MID,MID / MID,HIGH / MID,HIGH / LOW,HIGH / HIGH,HIGH / HIGH,HIGH / MID,HIGH / LOW,HIGH / HIGH,LOW / MID,MID / MID,LOW / MID,HIGH / LOW,HIGH / LOW,LOW / LOW,0.86653444908038868,0.85223597288131714,0.85874514296537274,0.82891574006099078,0.82891574006099078,-0.014298476199071541,0.016638412992058732,0.0040211544280554824,-0.0077893061150159371,0.0090296773647508544,0.0021398813535976231,-0.0376187090193979,0.044383355437430494,0.011456770716603112
d3a33d7d-206c-5e29-a706-eb102c317374,eb0af67b-c11f-5cac-8fdb-6f8744f01ec7,2023-08-05,2023,SUBMISSION,Women's Strawweight,NO_MATCH,NO_MATCH,MATCH,MATCH,HIGH / HIGH,HIGH / MID,HIGH / MID,LOW / MID,LOW / MID,HIGH / LOW,LOW / MID,HIGH / LOW,HIGH / HIGH,LOW / MID,HIGH / HIGH,HIGH / MID,HIGH / HIGH,HIGH / HIGH,HIGH / HIGH,HIGH / HIGH,HIGH / HIGH,0.38918200463076041,0.51831954717636108,0.51827180185250543,0.41713643413510293,0.41713643413510293,0.12913754254560067,0.23751810162913956,0.11719252025669077,0.12908979722174502,0.23741898413866114,0.11714302786702543,0.027954429504342515,0.04684589672872741,0.02254017195453184
65fdf951-e3de-51b1-b5ba-adb435eb9720,651dc82b-e976-5d50-9b61-71e1dd852a71,2023-08-12,2023,KO_TKO,Lightweight,MATCH,NO_MATCH,NO_MATCH,NO_MATCH,HIGH / LOW,LOW / MID,HIGH / LOW,HIGH / LOW,HIGH / HIGH,HIGH / HIGH,LOW / MID,HIGH / MID,MID / MID,LOW / LOW,HIGH / MID,HIGH / MID,HIGH / MID,HIGH / MID,HIGH / MID,HIGH / LOW,HIGH / MID,0.67658779299778038,0.53274005651473999,0.56673026038403262,0.57261032708477622,0.57261032708477622,-0.14384773648304039,0.23902860814615146,0.11373639914780183,-0.10985753261374775,0.17717875521494242,0.08312721162884161,-0.10397746591300416,0.16685678657447733,0.078066476876535409
760896db-aca0-5af6-9f71-fe8b3bf93391,651dc82b-e976-5d50-9b61-71e1dd852a71,2023-08-12,2023,KO_TKO,Light Heavyweight,MATCH,MATCH,NO_MATCH,NO_MATCH,HIGH / HIGH,HIGH / MID,HIGH / LOW,HIGH / HIGH,HIGH / MID,HIGH / HIGH,HIGH / HIGH,HIGH / HIGH,HIGH / LOW,LOW / MID,HIGH / MID,LOW / LOW,LOW / LOW,LOW / LOW,MID / MID,LOW / MID,LOW / LOW,0.96611182093224124,0.88472604751586914,0.90388844302961702,0.86413399766939869,0.86413399766939869,-0.081385773416372098,0.088001537914212224,0.012139675440785177,-0.062223377902624222,0.066573635122857619,0.0080890227027426917,-0.10197782326284255,0.11155173749786927,0.017311161908770478
7bcb6c35-4420-5c0d-baec-42be1d5c8807,651dc82b-e976-5d50-9b61-71e1dd852a71,2023-08-12,2023,SUBMISSION,Heavyweight,NO_MATCH,MATCH,NO_MATCH,NO_MATCH,MID / MID,LOW / MID,LOW / LOW,LOW / LOW,MID / MID,HIGH / HIGH,HIGH / MID,HIGH / HIGH,MID / MID,LOW / MID,HIGH / HIGH,LOW / LOW,LOW / MID,LOW / LOW,MID / MID,LOW / MID,LOW / MID,0.71944326989438645,0.8833431601524353,0.89230076076071618,0.85981886112238226,0.85981886112238226,0.16389989025804885,0.87753931848973843,0.26269651999176402,0.17285749086632973,0.9574334304442409,0.27860202905782594,0.14037559122799581,0.6938405154458831,0.22168985534546348
e2fc4616-20a3-5e93-9733-001b358db237,651dc82b-e976-5d50-9b61-71e1dd852a71,2023-08-12,2023,KO_TKO,Bantamweight,MATCH,NO_MATCH,NO_MATCH,MATCH,LOW / LOW,LOW / LOW,LOW / LOW,HIGH / LOW,HIGH / MID,HIGH / MID,LOW / MID,MID / MID,MID / MID,HIGH / LOW,LOW / MID,HIGH / HIGH,HIGH / MID,HIGH / MID,LOW / LOW,HIGH / LOW,HIGH / MID,0.78850132686788388,0.50441020727157593,0.51619465506972062,0.55180192156053265,0.55180192156053265,-0.28409111959630795,0.44674424882812513,0.20087755391995665,-0.27230667179816326,0.42365015632420167,0.18933592304646091,-0.23669940530735123,0.35694494504965424,0.15614982878018524
13d36144-fcb5-5599-983d-2c53f98c3bc8,2afaf9c9-d416-5259-84f3-631062aaf903,2023-08-19,2023,KO_TKO,Middleweight,MATCH,MATCH,NO_MATCH,NO_MATCH,LOW / MID,LOW / MID,MID / MID,HIGH / HIGH,HIGH / MID,HIGH / MID,HIGH / HIGH,HIGH / HIGH,HIGH / LOW,LOW / LOW,HIGH / HIGH,LOW / MID,HIGH / LOW,LOW / MID,HIGH / LOW,HIGH / HIGH,LOW / MID,0.82096045843016763,0.74815142154693604,0.73571399332031806,0.7554459548504866,0.7554459548504866,-0.072809036883231593,0.092869552890524676,0.031372549023293381,-0.085246465109849567,0.10963349842723785,0.037791935881157146,-0.065514503579681027,0.083166702051847841,0.027751523553454505
42f24316-2fa8-5aab-b182-0750bf085317,4cfbc3c0-b84f-565d-b872-223935f42baf,2023-08-26,2023,KO_TKO,Middleweight,NO_MATCH,MATCH,NO_MATCH,NO_MATCH,HIGH / HIGH,HIGH / HIGH,LOW / MID,HIGH / HIGH,HIGH / LOW,HIGH / LOW,HIGH / HIGH,HIGH / MID,HIGH / HIGH,HIGH / MID,HIGH / MID,LOW / MID,HIGH / LOW,LOW / LOW,MID / MID,LOW / MID,LOW / LOW,0.83416348771279225,0.73406493663787842,0.75180604006441754,0.74882950907255452,0.74882950907255452,-0.10009855107491383,0.12783191734507726,0.043219709117830414,-0.082357447648374715,0.10395104634519076,0.034098492940920308,-0.085333978640237729,0.10791807870975384,0.035584866705148759
9a4f6357-a32c-52fa-8ad0-c0aafab025d0,4cfbc3c0-b84f-565d-b872-223935f42baf,2023-08-26,2023,KO_TKO,Featherweight,NO_MATCH,MATCH,NO_MATCH,NO_MATCH,HIGH / LOW,HIGH / HIGH,LOW / MID,MID / MID,HIGH / LOW,HIGH / LOW,HIGH / HIGH,HIGH / HIGH,LOW / MID,HIGH / LOW,HIGH / MID,HIGH / MID,LOW / LOW,HIGH / MID,HIGH / HIGH,HIGH / HIGH,LOW / LOW,0.90595629428760327,0.84567654132843018,0.86018569159382241,0.85846527824852392,0.85846527824852392,-0.060279752959173094,0.068854116937916127,0.014971511312235838,-0.04577060269378086,0.051842778180700599,0.010703822250977858,-0.047491016039079348,0.053844829731754612,0.011187858877147874
a2010ecc-484c-5d2d-8b4c-647666ef00ef,4cfbc3c0-b84f-565d-b872-223935f42baf,2023-08-26,2023,KO_TKO,Women's Flyweight,NO_MATCH,NO_MATCH,MATCH,NO_MATCH,LOW / LOW,HIGH / LOW,LOW / MID,LOW / LOW,HIGH / LOW,HIGH / LOW,LOW / LOW,HIGH / HIGH,HIGH / MID,HIGH / LOW,HIGH / MID,HIGH / LOW,LOW / MID,LOW / MID,HIGH / LOW,HIGH / LOW,HIGH / MID,0.73944406700981047,0.6344563364982605,0.63511769745097846,0.63864629350258739,0.63864629350258739,-0.10498773051154997,0.15313017388189243,0.065732775709884825,-0.10432636955883201,0.15208831102890846,0.065249700497087545,-0.10079777350722308,0.14654787323517865,0.06268710698303008
dced71a9-2f96-5638-a4ea-c82587000eb9,4cfbc3c0-b84f-565d-b872-223935f42baf,2023-08-26,2023,KO_TKO,Heavyweight,NO_MATCH,MATCH,NO_MATCH,NO_MATCH,MID / MID,HIGH / LOW,LOW / LOW,LOW / MID,HIGH / MID,HIGH / HIGH,HIGH / MID,HIGH / LOW,HIGH / LOW,HIGH / LOW,HIGH / LOW,LOW / MID,LOW / MID,LOW / MID,LOW / MID,HIGH / MID,HIGH / LOW,0.80252059986674462,0.83123874664306641,0.83759796621978722,0.8325839339545783,0.8325839339545783,0.028718146776321785,-0.035159529714830107,-0.010517752842387255,0.035077366353042594,-0.042780707158425108,-0.012623692901041011,0.030063334087833682,-0.036776514048914188,-0.010969974306865388
06a1d14c-ef6b-57dd-9339-22f43076d515,fb618f4e-594e-54d0-9b5b-7c835af38aa1,2023-09-02,2023,SUBMISSION,Bantamweight,NO_MATCH,NO_MATCH,NO_MATCH,MATCH,HIGH / LOW,LOW / LOW,LOW / MID,HIGH / MID,MID / MID,MID / MID,HIGH / MID,HIGH / MID,HIGH / HIGH,HIGH / LOW,HIGH / MID,HIGH / LOW,HIGH / LOW,MID / MID,LOW / MID,HIGH / MID,HIGH / HIGH,0.65507369031022378,0.55382663011550903,0.55226457419489583,0.60779447012607191,0.60779447012607191,-0.10124706019471474,-0.25737679908687805,-0.1223976035115541,-0.10280911611532795,-0.26087169144747047,-0.12412537982598537,-0.047279220184151871,-0.12845521417582539,-0.059707421820822448
8f301e3f-4ede-598c-adcf-80cbbcd5f8d2,fb618f4e-594e-54d0-9b5b-7c835af38aa1,2023-09-02,2023,KO_TKO,Heavyweight,NO_MATCH,MATCH,NO_MATCH,NO_MATCH,HIGH / MID,HIGH / HIGH,HIGH / LOW,LOW / MID,HIGH / MID,HIGH / MID,HIGH / HIGH,LOW / MID,HIGH / HIGH,HIGH / MID,HIGH / MID,MID / MID,LOW / LOW,HIGH / HIGH,HIGH / LOW,LOW / MID,HIGH / MID,0.73501017881450059,0.69199544191360474,0.68948420164118829,0.67341990161601273,0.67341990161601273,-0.043014736900895856,0.060304979078230292,0.024647202470072682,-0.045525977173312304,0.063940563648952287,0.026200455698487266,-0.061590277198487864,0.087515287624557458,0.036434955328571855
0a14008f-9f43-58c0-8912-928cb44b548b,02dcce46-801d-58b3-ad17-6bd224f6f5c8,2023-09-09,2023,KO_TKO,Featherweight,NO_MATCH,NO_MATCH,NO_MATCH,MATCH,LOW / LOW,LOW / LOW,HIGH / MID,LOW / LOW,LOW / MID,MID / MID,LOW / LOW,MID / MID,HIGH / HIGH,MID / MID,HIGH / HIGH,HIGH / LOW,HIGH / MID,LOW / MID,HIGH / LOW,HIGH / MID,HIGH / MID,0.53051333883944385,0.51066315174102783,0.46990534241125542,0.4501906481679524,0.4501906481679524,-0.019850187098416017,0.0381349230437803,0.019032826056337493,-0.060607996428188426,0.12131382634327748,0.060582620996441572,-0.080322690671491448,0.1641739459987086,0.08187259835428945
3dc90b3b-90fd-5f71-8879-4b382016da42,02dcce46-801d-58b3-ad17-6bd224f6f5c8,2023-09-09,2023,SUBMISSION,Light Heavyweight,MATCH,MATCH,NO_MATCH,NO_MATCH,HIGH / HIGH,MID / MID,LOW / MID,HIGH / HIGH,HIGH / MID,HIGH / HIGH,HIGH / HIGH,MID / MID,HIGH / MID,LOW / MID,HIGH / MID,LOW / LOW,LOW / LOW,HIGH / LOW,HIGH / HIGH,HIGH / MID,LOW / MID,0.84668445470376918,0.86942517757415771,0.87192623784252143,0.8683711295169696,0.8683711295169696,0.02274072287038853,0.1605517707663513,0.039025573562836757,0.02524178313875225,0.17989182035091233,0.043380798401194354,0.021686674813200413,0.15251180974689027,0.03719385274155862
4fd64b31-f4fb-5935-8797-5750c88b8998,02dcce46-801d-58b3-ad17-6bd224f6f5c8,2023-09-09,2023,KO_TKO,Light Heavyweight,MATCH,MATCH,NO_MATCH,MATCH,HIGH / MID,HIGH / LOW,MID / MID,HIGH / MID,HIGH / MID,HIGH / HIGH,HIGH / MID,LOW / MID,HIGH / HIGH,LOW / MID,LOW / LOW,HIGH / LOW,HIGH / MID,HIGH / LOW,LOW / MID,LOW / LOW,HIGH / MID,0.51513346021826567,0.63237667083740234,0.62124836233226033,0.61614493847797835,0.61614493847797835,0.11724321061913667,-0.20505920162485591,-0.099948649255320543,0.10611490211399466,-0.18730492817638911,-0.091642758363917415,0.10101147825971268,-0.17905621244812664,-0.087750853143837154
7d82b029-5b3f-53a4-9697-e31ae4210701,02dcce46-801d-58b3-ad17-6bd224f6f5c8,2023-09-09,2023,KO_TKO,Heavyweight,NO_MATCH,MATCH,NO_MATCH,NO_MATCH,HIGH / MID,LOW / MID,LOW / MID,HIGH / MID,HIGH / HIGH,HIGH / HIGH,HIGH / HIGH,HIGH / MID,HIGH / HIGH,LOW / MID,HIGH / MID,LOW / MID,MID / MID,LOW / LOW,LOW / MID,LOW / MID,LOW / MID,0.82288935683185072,0.76909446716308594,0.86250394708591038,0.86541516715902489,0.86541516715902489,-0.053794889668764778,0.067607946669742014,0.021949185171263694,0.039614590254059667,-0.047017972430613036,-0.012463015356481373,0.042525810327174174,-0.050387601024578565,-0.013255102692602293
b8e06409-85a6-55ec-8349-5d4ec6ae9474,02dcce46-801d-58b3-ad17-6bd224f6f5c8,2023-09-09,2023,SUBMISSION,Heavyweight,NO_MATCH,MATCH,NO_MATCH,NO_MATCH,HIGH / MID,HIGH / HIGH,LOW / LOW,HIGH / MID,HIGH / MID,HIGH / HIGH,HIGH / HIGH,HIGH / MID,HIGH / HIGH,LOW / MID,HIGH / HIGH,LOW / LOW,LOW / LOW,LOW / LOW,HIGH / LOW,HIGH / LOW,LOW / LOW,0.91571096263596141,0.86585056781768799,0.89562474557478056,0.86986522022224122,0.86986522022224122,-0.049860394818273424,-0.46470253073509404,-0.088829361301466458,-0.020086217061180855,-0.21374080735468759,-0.03638288220578878,-0.045845742413720192,-0.43431886748428417,-0.081861065739391004
25669c0b-de02-59a6-9c7e-d7194ac2c94f,241a13a7-b43b-58ff-8314-8ecadc37113c,2023-09-16,2023,KO_TKO,Middleweight,MATCH,NO_MATCH,NO_MATCH,MATCH,LOW / LOW,MID / MID,LOW / MID,HIGH / LOW,LOW / LOW,MID / MID,HIGH / LOW,HIGH / LOW,HIGH / MID,HIGH / LOW,HIGH / LOW,HIGH / LOW,HIGH / HIGH,HIGH / LOW,MID / MID,HIGH / LOW,LOW / MID,0.58898757900244381,0.52446800470352173,0.48427469764547237,0.43751989267878266,0.43751989267878266,-0.064519574298922078,0.11602067069100985,0.057199468336377457,-0.10471288135697143,0.19575279231239617,0.097041377274396545,-0.15146768632366114,0.29728292140408463,0.14745266091781578
46e1b829-f31e-51ac-ab75-b1127497be60,241a13a7-b43b-58ff-8314-8ecadc37113c,2023-09-16,2023,SUBMISSION,Lightweight,MATCH,NO_MATCH,NO_MATCH,NO_MATCH,LOW / MID,HIGH / LOW,HIGH / HIGH,HIGH / LOW,LOW / MID,MID / MID,LOW / LOW,HIGH / MID,LOW / LOW,LOW / MID,HIGH / LOW,LOW / MID,HIGH / LOW,HIGH / MID,LOW / MID,HIGH / LOW,HIGH / LOW,0.60065920487146762,0.50156658887863159,0.55520126123790392,0.57916887980714082,0.57916887980714082,-0.099092615992836031,-0.22165482652332391,-0.10922243731747749,-0.045457943633563702,-0.10780673195205592,-0.05254303991666448,-0.021490325064326798,-0.052416438056489323,-0.025354889059765406
74c55776-70fb-598a-a180-79fc64b7a175,241a13a7-b43b-58ff-8314-8ecadc37113c,2023-09-16,2023,KO_TKO,Bantamweight,NO_MATCH,NO_MATCH,NO_MATCH,MATCH,HIGH / LOW,LOW / LOW,LOW / MID,LOW / MID,MID / MID,HIGH / MID,LOW / MID,HIGH / LOW,LOW / MID,LOW / LOW,LOW / MID,HIGH / MID,HIGH / LOW,HIGH / MID,LOW / MID,LOW / MID,HIGH / HIGH,0.48280365358004146,0.45911231637001038,0.45560312455465618,0.46831415606648924,0.46831415606648924,-0.023691337210031083,0.050315178575429997,0.025067425552462053,-0.027200529025385278,0.057987967017247732,0.028875897244499571,-0.014489497513552219,0.0304707123155743,0.0151977758891359
359f190b-b317-575a-ad9c-5723a91813fd,edeb8c10-8690-5e01-9e28-4572b20d96ea,2023-09-23,2023,KO_TKO,Welterweight,MATCH,NO_MATCH,NO_MATCH,NO_MATCH,HIGH / MID,HIGH / MID,LOW / MID,HIGH / HIGH,HIGH / MID,HIGH / LOW,HIGH / MID,HIGH / MID,LOW / MID,HIGH / LOW,HIGH / LOW,LOW / LOW,LOW / MID,LOW / MID,HIGH / MID,MID / MID,LOW / MID,0.89262468852280241,0.8531225323677063,0.86495439661183915,0.84367085547604448,0.84367085547604448,-0.039502156155096113,0.045263025017646605,0.010043532983250284,-0.027670291910963263,0.03148942606188547,0.0067078574796472432,-0.048953833046757933,0.056403774054148356,0.012909343912766574
d21a1424-55b0-5e6d-bc09-5bc96bb10faf,edeb8c10-8690-5e01-9e28-4572b20d96ea,2023-09-23,2023,SUBMISSION,Welterweight,MATCH,NO_MATCH,NO_MATCH,NO_MATCH,HIGH / LOW,LOW / MID,LOW / MID,HIGH / LOW,HIGH / LOW,LOW / MID,HIGH / LOW,HIGH / HIGH,HIGH / MID,LOW / LOW,HIGH / MID,HIGH / MID,LOW / MID,HIGH / HIGH,LOW / MID,LOW / LOW,MID / MID,0.56740702492804851,0.63594645261764526,0.62766874708124598,0.62928032273567713,0.62928032273567713,0.068539427689596755,0.17249630952287676,0.082477158659267857,0.060261722153197472,0.15001335165365404,0.072017324124842075,0.061873297807628624,0.15435108441437861,0.074042992644618888
c05e1ff0-06e2-53ec-9acb-69f31f852e42,e09aabd7-7b97-59de-a6ae-184f14a65a05,2023-10-07,2023,KO_TKO,Flyweight,MATCH,NO_MATCH,NO_MATCH,NO_MATCH,LOW / LOW,LOW / MID,LOW / MID,HIGH / LOW,HIGH / MID,LOW / MID,LOW / MID,HIGH / HIGH,LOW / MID,LOW / LOW,LOW / LOW,MID / MID,HIGH / MID,HIGH / MID,HIGH / LOW,HIGH / LOW,HIGH / LOW,0.55499443612561727,0.57764273881912231,0.62072112382748679,0.6335856070516771,0.6335856070516771,0.02264830269350504,-0.03999748994433372,-0.019644295806945183,0.065726687701869513,-0.1119238164091953,-0.054177485968472688,0.078591170926059828,-0.13243703540171819,-0.063770444519469338
d9a9312c-b120-51a6-97eb-87b193f90188,e09aabd7-7b97-59de-a6ae-184f14a65a05,2023-10-07,2023,KO_TKO,Lightweight,MATCH,NO_MATCH,NO_MATCH,NO_MATCH,HIGH / MID,HIGH / HIGH,HIGH / MID,HIGH / MID,MID / MID,LOW / MID,HIGH / MID,HIGH / HIGH,LOW / MID,LOW / LOW,HIGH / MID,LOW / MID,HIGH / MID,LOW / LOW,LOW / LOW,HIGH / LOW,MID / MID,0.82607105452193019,0.73536908626556396,0.72264080684435461,0.75800120320065245,0.75800120320065245,-0.090701968256366228,0.11630826088685686,0.039778242428809146,-0.10343024767757558,0.13376850288070047,0.046676843952837221,-0.068069851321277741,0.085995819267840889,0.028312139577218523
1b34cef8-2e86-56a1-a66f-152fb892499b,3fb2937e-9b55-5890-9b19-e1ea601d32b0,2023-10-14,2023,SUBMISSION,Featherweight,NO_MATCH,NO_MATCH,MATCH,MATCH,LOW / LOW,HIGH / MID,HIGH / MID,LOW / LOW,HIGH / MID,LOW / MID,LOW / MID,MID / MID,LOW / MID,LOW / LOW,MID / MID,HIGH / HIGH,HIGH / HIGH,HIGH / MID,HIGH / LOW,LOW / LOW,HIGH / HIGH,0.45664148708947505,0.50217247009277344,0.52478131157365893,0.48892710551921215,0.48892710551921215,0.045530983003298386,0.087515655286377614,0.043655741987790236,0.068139824484183875,0.1339942520673737,0.066873977245682475,0.032285618429737095,0.061257116161609448,0.030528266780107616
a15e6d51-cb51-5fef-99d4-0adb0f6dc6e0,3fb2937e-9b55-5890-9b19-e1ea601d32b0,2023-10-14,2023,KO_TKO,Middleweight,NO_MATCH,NO_MATCH,MATCH,NO_MATCH,MID / MID,HIGH / MID,HIGH / LOW,MID / MID,LOW / LOW,LOW / MID,MID / MID,HIGH / MID,HIGH / HIGH,LOW / MID,HIGH / MID,HIGH / MID,MID / MID,HIGH / HIGH,HIGH / HIGH,HIGH / MID,HIGH / MID,0.47969047554519828,0.68091893196105957,0.61484148319368437,0.61119222314720667,0.61119222314720667,0.20122845641586129,-0.35030220313441418,-0.16890927325751098,0.13515100764848609,-0.24822343039112149,-0.122374918169941,0.13150174760200839,-0.24227046057565044,-0.11955051389717039
0126bb47-fe84-5935-9647-0b67547c0fe7,f13f9cea-0ff9-5134-b37c-3bbda61c3dee,2023-10-21,2023,KO_TKO,Lightweight,NO_MATCH,NO_MATCH,MATCH,NO_MATCH,HIGH / LOW,HIGH / HIGH,HIGH / HIGH,MID / MID,LOW / MID,LOW / MID,HIGH / MID,LOW / MID,HIGH / HIGH,HIGH / HIGH,HIGH / LOW,HIGH / LOW,LOW / MID,HIGH / LOW,HIGH / MID,HIGH / HIGH,HIGH / HIGH,0.72542281303559286,0.74309849739074707,0.69260564411566539,0.76531364755952314,0.76531364755952314,0.017675684355154209,-0.024073927820053631,-0.0093942495583950042,-0.032817168919927475,0.046293894153292825,0.019098658428257961,0.039890834523930274,-0.053531071351478277,-0.020314947579471276
37226f64-d3d2-56f4-8049-e7b50b48b841,f13f9cea-0ff9-5134-b37c-3bbda61c3dee,2023-10-21,2023,SUBMISSION,Flyweight,NO_MATCH,NO_MATCH,MATCH,MATCH,LOW / MID,HIGH / MID,HIGH / HIGH,LOW / MID,LOW / LOW,LOW / LOW,LOW / LOW,LOW / LOW,HIGH / MID,HIGH / MID,LOW / MID,HIGH / HIGH,HIGH / HIGH,HIGH / MID,HIGH / HIGH,LOW / LOW,HIGH / HIGH,0.24521343790067665,0.39035338163375854,0.38374782848878664,0.3533427050254373,0.3533427050254373,0.14513994373308189,0.21355553492950236,0.092246132425841731,0.13853439058810998,0.20277876097473824,0.087132765742790191,0.10812926712476065,0.15461853909900497,0.064721437067624177
499e0b5f-05bd-5188-89f0-d4167ec474be,f13f9cea-0ff9-5134-b37c-3bbda61c3dee,2023-10-21,2023,KO_TKO,Lightweight,NO_MATCH,MATCH,NO_MATCH,NO_MATCH,LOW / MID,LOW / LOW,HIGH / LOW,LOW / MID,HIGH / MID,HIGH / MID,HIGH / LOW,HIGH / LOW,HIGH / MID,LOW / LOW,HIGH / MID,HIGH / MID,MID / MID,MID / MID,HIGH / MID,LOW / MID,HIGH / MID,0.75662281482119531,0.69447475671768188,0.69846505724129404,0.66048052500708987,0.66048052500708987,-0.062148058103513426,0.085709052032072242,0.03411322001716148,-0.05815775757990127,0.079979714125499479,0.031690867438937884,-0.096142289814105442,0.13589722784718217,0.056041019633903136
8b757829-b89a-5c92-8dab-2f2e6a970425,f13f9cea-0ff9-5134-b37c-3bbda61c3dee,2023-10-21,2023,KO_TKO,Middleweight,MATCH,MATCH,NO_MATCH,NO_MATCH,HIGH / MID,HIGH / LOW,LOW / MID,HIGH / MID,HIGH / MID,HIGH / HIGH,HIGH / MID,HIGH / HIGH,HIGH / MID,LOW / LOW,MID / MID,HIGH / MID,LOW / MID,HIGH / MID,HIGH / MID,HIGH / MID,MID / MID,0.7228246206244574,0.63012087345123291,0.63969679532832802,0.64442437044079226,0.64442437044079226,-0.092703747173224493,0.13725495737977012,0.059984377324502902,-0.083127825296129387,0.12217231418729058,0.052992208364700782,-0.078400250183665143,0.11480915158594501,0.049607837404450961
298a373a-82db-5961-aa8f-329805a0bb15,5f4c19de-351c-569d-bb49-eee344ed23dd,2023-11-04,2023,KO_TKO,Light Heavyweight,NO_MATCH,NO_MATCH,MATCH,NO_MATCH,MID / MID,LOW / MID,HIGH / LOW,LOW / LOW,HIGH / MID,HIGH / HIGH,MID / MID,HIGH / MID,HIGH / LOW,LOW / LOW,LOW / MID,HIGH / LOW,LOW / LOW,HIGH / LOW,HIGH / LOW,HIGH / MID,HIGH / LOW,0.68421705804290511,0.73608362674713135,0.75671145899840253,0.719737867038309,0.719737867038309,0.051866568704226235,-0.07306853196990426,-0.03006701436013047,0.072494400955497418,-0.10070681336739201,-0.040529552248391984,0.035520808995403885,-0.050611868559261919,-0.021172003258841388
1774119f-d83a-5b6d-afbc-ce55c6fb9fcf,6d3f03ab-49dd-5bce-9f4b-897590ea3bbd,2023-11-11,2023,KO_TKO,Heavyweight,NO_MATCH,MATCH,NO_MATCH,NO_MATCH,HIGH / HIGH,MID / MID,HIGH / HIGH,HIGH / HIGH,MID / MID,HIGH / HIGH,HIGH / HIGH,HIGH / MID,HIGH / MID,HIGH / MID,HIGH / HIGH,HIGH / LOW,MID / MID,HIGH / LOW,HIGH / LOW,MID / MID,MID / MID,0.8902529407648001,0.69468468427658081,0.71966582210591623,0.70648119665420528,0.70648119665420528,-0.19556825648821929,0.24804757452744397,0.081173025004516661,-0.17058711865888387,0.2127186571529906,0.066542834284777322,-0.18377174411059483,0.23120903846951946,0.074108870906772831
435a63b6-4c12-57f5-a13f-5d0850332fc0,6d3f03ab-49dd-5bce-9f4b-897590ea3bbd,2023-11-11,2023,KO_TKO,Lightweight,MATCH,MATCH,NO_MATCH,MATCH,HIGH / MID,HIGH / MID,HIGH / HIGH,HIGH / HIGH,HIGH / LOW,HIGH / LOW,HIGH / HIGH,HIGH / HIGH,HIGH / LOW,HIGH / LOW,HIGH / MID,HIGH / MID,HIGH / HIGH,HIGH / LOW,LOW / MID,HIGH / LOW,HIGH / HIGH,0.71726355784456852,0.70722383260726929,0.71629861931171968,0.70332038527313245,0.70332038527313245,-0.010039725237299235,0.0140961465103705,0.0057779884704646234,-0.0009649385328488469,0.0013462111291070999,0.00054657768172490517,-0.013943172571436069,0.019630829151413676,0.0080788980717709097
69eae701-5093-5a6c-ada5-833476e6b06f,6d3f03ab-49dd-5bce-9f4b-897590ea3bbd,2023-11-11,2023,KO_TKO,Light Heavyweight,MATCH,MATCH,NO_MATCH,NO_MATCH,HIGH / MID,LOW / MID,HIGH / LOW,HIGH / HIGH,HIGH / LOW,HIGH / MID,HIGH / HIGH,HIGH / MID,HIGH / HIGH,LOW / LOW,HIGH / HIGH,MID / MID,HIGH / MID,HIGH / LOW,HIGH / HIGH,MID / MID,LOW / LOW,0.82003414848685652,0.77746587991714478,0.79236626098465923,0.7989968053773292,0.7989968053773292,-0.042568268569711742,0.053306225147853603,0.017133726890199819,-0.027667887502197286,0.034322248232112745,0.010724061866639829,-0.021037343109527318,0.025989036405259514,0.0080145765376684677
6bd10c28-99f1-5732-ad30-111ab867dbc8,6d3f03ab-49dd-5bce-9f4b-897590ea3bbd,2023-11-11,2023,KO_TKO,Women's Strawweight,NO_MATCH,NO_MATCH,NO_MATCH,MATCH,HIGH / HIGH,HIGH / HIGH,MID / MID,MID / MID,LOW / MID,LOW / MID,LOW / MID,HIGH / HIGH,HIGH / LOW,LOW / MID,HIGH / MID,HIGH / MID,HIGH / LOW,HIGH / MID,HIGH / LOW,HIGH / LOW,HIGH / HIGH,0.50431111487575109,0.46118354797363281,0.47108394595435088,0.38326023506288803,0.38326023506288803,-0.043127566902118275,0.089397253503649909,0.044615698138561616,-0.033227168921400208,0.068157061707606825,0.034044721391499194,-0.12105087981286305,0.27447914568050391,0.13466046681896335
99d54cdd-bec4-5c42-87bb-a768f7493dfa,6d3f03ab-49dd-5bce-9f4b-897590ea3bbd,2023-11-11,2023,KO_TKO,Featherweight,NO_MATCH,NO_MATCH,MATCH,NO_MATCH,HIGH / MID,LOW / MID,HIGH / HIGH,LOW / MID,LOW / MID,HIGH / MID,LOW / LOW,HIGH / LOW,HIGH / MID,LOW / LOW,LOW / LOW,HIGH / HIGH,MID / MID,HIGH / HIGH,HIGH / MID,LOW / LOW,HIGH / LOW,0.27457741012163728,0.59321820735931396,0.60939535423183167,0.568420687475099,0.568420687475099,0.31864079723767669,-0.7703290779707731,-0.3607665070818612,0.33481794411019439,-0.7972340177306052,-0.37366594461015501,0.29384327735346172,-0.72762856626072858,-0.33997723090636511
bf6fe7d9-26d0-5182-a0b0-fe1838550e1b,6d3f03ab-49dd-5bce-9f4b-897590ea3bbd,2023-11-11,2023,SUBMISSION,Lightweight,NO_MATCH,NO_MATCH,NO_MATCH,MATCH,LOW / MID,HIGH / LOW,MID / MID,HIGH / LOW,HIGH / LOW,MID / MID,HIGH / LOW,LOW / MID,HIGH / LOW,HIGH / MID,HIGH / LOW,HIGH / HIGH,HIGH / MID,HIGH / MID,HIGH / LOW,LOW / MID,HIGH / MID,0.62292875841144013,0.5112079381942749,0.52185892345259943,0.55482866201185221,0.55482866201185221,-0.11172082021716523,-0.25950302823078419,-0.12670668198317675,-0.1010698349588407,-0.23747168884053904,-0.11570350206891228,-0.068100096399587917,-0.16602509792196463,-0.080205393866156216
09a734a3-456b-5951-98b8-7b70042bd506,9ae1b215-cf0d-53e4-9591-45bd0305205a,2023-11-18,2023,SUBMISSION,Bantamweight,MATCH,NO_MATCH,NO_MATCH,MATCH,LOW / LOW,LOW / LOW,MID / MID,HIGH / MID,LOW / MID,MID / MID,HIGH / MID,HIGH / HIGH,HIGH / LOW,LOW / MID,MID / MID,HIGH / MID,HIGH / LOW,MID / MID,LOW / LOW,LOW / MID,LOW / MID,0.59723953266765129,0.5367169976234436,0.51541832701718593,0.53437448598886805,0.53437448598886805,-0.060522535044207681,-0.13999609222054354,-0.06862992384315092,-0.081821205650465356,-0.18494397744079238,-0.091039007555879681,-0.062865046678783232,-0.14503968167836678,-0.071138968105207534
0a2f939d-eacb-591b-83f1-7cf274f07b75,9ae1b215-cf0d-53e4-9591-45bd0305205a,2023-11-18,2023,SUBMISSION,Lightweight,NO_MATCH,NO_MATCH,NO_MATCH,MATCH,HIGH / MID,MID / MID,HIGH / LOW,LOW / MID,HIGH / LOW,LOW / MID,HIGH / HIGH,HIGH / LOW,HIGH / HIGH,LOW / MID,HIGH / LOW,HIGH / HIGH,HIGH / HIGH,HIGH / HIGH,LOW / LOW,LOW / LOW,HIGH / HIGH,0.45377983290631385,0.52909731864929199,0.5127674521572898,0.56283328879532213,0.56283328879532213,0.075317485742978141,0.14837067957105288,0.074027835849388296,0.058987619250975953,0.11428061082110086,0.057014323239396342,0.10905345588900828,0.22270751838466118,0.11086517422367634
30dc5b09-508e-5648-b9fb-e4464dfc7099,9ae1b215-cf0d-53e4-9591-45bd0305205a,2023-11-18,2023,KO_TKO,Middleweight,MATCH,MATCH,NO_MATCH,NO_MATCH,HIGH / LOW,LOW / MID,LOW / MID,HIGH / LOW,MID / MID,HIGH / MID,HIGH / MID,HIGH / HIGH,HIGH / LOW,LOW / LOW,HIGH / MID,LOW / MID,HIGH / MID,LOW / MID,LOW / LOW,MID / MID,LOW / MID,0.79109618946521043,0.76146793365478516,0.75751733930837384,0.76834311770314712,0.76834311770314712,-0.029628255810425275,0.038171503261015399,0.013256744618962715,-0.033578850156836593,0.04337313796324585,0.015157038680135043,-0.022753071762063315,0.029183164041590798,0.010024109059542693
5c159309-5a98-5571-b3f9-f7b5fe33d3aa,9ae1b215-cf0d-53e4-9591-45bd0305205a,2023-11-18,2023,SUBMISSION,Featherweight,NO_MATCH,MATCH,MATCH,MATCH,HIGH / LOW,MID / MID,HIGH / HIGH,HIGH / LOW,LOW / MID,HIGH / LOW,HIGH / MID,MID / MID,HIGH / MID,HIGH / LOW,HIGH / MID,HIGH / HIGH,HIGH / HIGH,HIGH / HIGH,HIGH / HIGH,LOW / LOW,HIGH / HIGH,0.46010511763634071,0.63602280616760254,0.61315907324260288,0.63490017958220579,0.63490017958220579,0.17591768853126183,0.39428324695236061,0.19282829069016078,0.15305395560626217,0.33336089176131323,0.1642673298245767,0.17479506194586508,0.39120366152945152,0.19140151875836625
ffac29f3-3efe-554b-9569-534fe38001f0,9ae1b215-cf0d-53e4-9591-45bd0305205a,2023-11-18,2023,KO_TKO,Featherweight,MATCH,NO_MATCH,NO_MATCH,NO_MATCH,LOW / LOW,LOW / LOW,MID / MID,HIGH / MID,MID / MID,HIGH / MID,LOW / LOW,HIGH / LOW,HIGH / HIGH,HIGH / LOW,HIGH / LOW,LOW / MID,HIGH / HIGH,LOW / MID,MID / MID,MID / MID,LOW / LOW,0.71142174042748685,0.64522796869277954,0.63603666928274716,0.64988223427770897,0.64988223427770897,-0.066193771734707307,0.097661724924139715,0.042585782299950636,-0.07538507114473969,0.11200920132551301,0.049191894208895581,-0.061539506149777878,0.090474250667868017,0.039305037976468296
13a45098-eb2d-562a-83db-714a63abca47,a209329c-a577-505e-89d5-845621a23efe,2023-12-02,2023,SUBMISSION,Middleweight,MATCH,MATCH,NO_MATCH,NO_MATCH,HIGH / LOW,MID / MID,HIGH / MID,HIGH / LOW,LOW / MID,HIGH / HIGH,HIGH / LOW,HIGH / MID,LOW / MID,LOW / LOW,HIGH / LOW,LOW / MID,HIGH / MID,LOW / LOW,LOW / LOW,LOW / LOW,HIGH / LOW,0.67953735283862271,0.70727664232254028,0.76590806772991638,0.74406234297343299,0.74406234297343299,0.027739289483917573,0.090537732793570358,0.038469234872123781,0.086370714891293665,0.31405181289803763,0.12484415431085133,0.064524990134810278,0.22483183646842808,0.091857756328191875
5c0d0f7c-ae7c-5574-aef8-f0f986dda48a,a209329c-a577-505e-89d5-845621a23efe,2023-12-02,2023,KO_TKO,Lightweight,NO_MATCH,MATCH,NO_MATCH,NO_MATCH,MID / MID,HIGH / HIGH,HIGH / HIGH,HIGH / MID,HIGH / LOW,HIGH / LOW,HIGH / MID,LOW / LOW,MID / MID,MID / MID,MID / MID,HIGH / LOW,HIGH / LOW,HIGH / LOW,LOW / MID,HIGH / HIGH,HIGH / HIGH,0.7812577933859719,0.72981089353561401,0.77522621954774207,0.75892616063102813,0.75892616063102813,-0.051446899850357886,0.068119725902911293,0.025154000297649144,-0.0060315738382298312,0.0077502935843227483,0.0026750994244256893,-0.022331632754943764,0.029000688942878688,0.01026844307372269
b3d0d217-12fa-501d-912b-5e14a434b982,a209329c-a577-505e-89d5-845621a23efe,2023-12-02,2023,SUBMISSION,Welterweight,NO_MATCH,NO_MATCH,MATCH,NO_MATCH,LOW / MID,HIGH / MID,LOW / MID,HIGH / MID,HIGH / LOW,HIGH / LOW,LOW / MID,HIGH / MID,HIGH / LOW,HIGH / MID,HIGH / MID,HIGH / LOW,LOW / MID,HIGH / MID,HIGH / LOW,HIGH / MID,HIGH / MID,0.70544418576962786,0.60813671350479126,0.62805041867391387,0.67756519265541026,0.67756519265541026,-0.097307472264836603,-0.28544451287985095,-0.12782123692376468,-0.077393767095713994,-0.23328980387863929,-0.10320417083969474,-0.027878993114217598,-0.090432460893224764,-0.038556908938010004
cdbd5303-549c-5723-9d7e-4218aa0bd9e0,a209329c-a577-505e-89d5-845621a23efe,2023-12-02,2023,KO_TKO,Lightweight,NO_MATCH,NO_MATCH,MATCH,NO_MATCH,LOW / MID,HIGH / MID,HIGH / MID,LOW / MID,MID / MID,LOW / MID,LOW / MID,LOW / MID,HIGH / HIGH,LOW / MID,HIGH / LOW,HIGH / LOW,LOW / MID,HIGH / LOW,HIGH / LOW,HIGH / MID,HIGH / HIGH,0.62970218267120981,0.69383418560028076,0.69992255305911899,0.7121006281571316,0.7121006281571316,0.064132002929070953,-0.096986024614773403,-0.04338296761142274,0.070220370387909181,-0.10572270873880207,-0.047073999355908808,0.08239844548592179,-0.12297225141021839,-0.054234425210947859
e2eda86e-6840-58c2-9ddf-d6d8d320bde8,a209329c-a577-505e-89d5-845621a23efe,2023-12-02,2023,SUBMISSION,Women's Bantamweight,NO_MATCH,NO_MATCH,NO_MATCH,MATCH,LOW / MID,HIGH / MID,LOW / MID,LOW / MID,LOW / LOW,LOW / MID,LOW / MID,MID / MID,MID / MID,LOW / MID,MID / MID,HIGH / MID,HIGH / HIGH,HIGH / MID,LOW / MID,LOW / MID,HIGH / LOW,0.54201545427664788,0.45830041170120239,0.44963192401344415,0.41728551083064214,0.41728551083064214,-0.083715042575445486,-0.1678761420638113,-0.083741485309229369,-0.092383530263203728,-0.18375184287630364,-0.091611885582689373,-0.12472994344600574,-0.24086189883007003,-0.11965355512553102
01b4fd42-a990-5669-bb4d-7b322bf9a67d,4818d1af-e4dc-5906-9839-7ce902c75fc6,2023-12-09,2023,SUBMISSION,Bantamweight,NO_MATCH,NO_MATCH,MATCH,MATCH,LOW / MID,HIGH / MID,HIGH / HIGH,HIGH / LOW,LOW / LOW,LOW / LOW,LOW / MID,LOW / MID,HIGH / MID,HIGH / MID,HIGH / MID,HIGH / MID,HIGH / HIGH,LOW / LOW,HIGH / MID,LOW / MID,HIGH / LOW,0.48203678910647818,0.48392736911773682,0.48882975999426675,0.47036742437137857,0.47036742437137857,0.0018905800112586357,0.0036567051963456443,0.0018262325291309722,0.0067929708877885742,0.013201532878778899,0.0065950682039691011,-0.011669364735099608,-0.022279294307654851,-0.011113952142318778
754c26a1-0509-58e3-b1d3-10a4c1d7e870,4818d1af-e4dc-5906-9839-7ce902c75fc6,2023-12-09,2023,KO_TKO,Flyweight,NO_MATCH,NO_MATCH,NO_MATCH,MATCH,LOW / LOW,LOW / LOW,LOW / MID,LOW / MID,HIGH / HIGH,HIGH / MID,LOW / LOW,HIGH / LOW,LOW / MID,HIGH / LOW,LOW / MID,HIGH / MID,HIGH / MID,HIGH / MID,MID / MID,MID / MID,HIGH / MID,0.8003841723432028,0.52120256423950195,0.52431985692296046,0.51288902131376601,0.51288902131376601,-0.27918160810370085,0.42895306271556366,0.1894005058397201,-0.27606431542024235,0.42298991576107525,0.18642511986668464,-0.28749515102943679,0.44503233878463477,0.19743062690555255
c3b4453c-bdf4-508c-9507-6e8c7cfdd369,4818d1af-e4dc-5906-9839-7ce902c75fc6,2023-12-09,2023,KO_TKO,Light Heavyweight,MATCH,MATCH,NO_MATCH,NO_MATCH,HIGH / HIGH,HIGH / HIGH,LOW / LOW,HIGH / HIGH,MID / MID,HIGH / HIGH,HIGH / HIGH,HIGH / HIGH,HIGH / LOW,LOW / LOW,MID / MID,LOW / MID,LOW / LOW,HIGH / LOW,LOW / MID,LOW / LOW,LOW / LOW,0.82755514127462282,0.737937331199646,0.76251449352634859,0.760886783298511,0.760886783298511,-0.089617810074976822,0.11461683709139361,0.038939613077948743,-0.065040647748274227,0.081854224808230097,0.026662136484231429,-0.066668357976111814,0.083991167808100925,0.027437901100517942
f33a7837-2fef-55ad-8f81-71baa1ae28ee,4818d1af-e4dc-5906-9839-7ce902c75fc6,2023-12-09,2023,KO_TKO,Flyweight,NO_MATCH,NO_MATCH,NO_MATCH,MATCH,LOW / MID,LOW / MID,HIGH / LOW,LOW / MID,HIGH / MID,LOW / LOW,LOW / LOW,HIGH / LOW,HIGH / MID,LOW / LOW,HIGH / MID,HIGH / MID,HIGH / HIGH,HIGH / MID,LOW / MID,MID / MID,HIGH / HIGH,0.37211257625662197,0.42988520860671997,0.42755751249863055,0.40644031153513094,0.40644031153513094,0.057772632350097997,-0.14432178348236613,-0.069211741529693172,0.05544493624200858,-0.1388923786513212,-0.066552215398340941,0.034327735278508964,-0.088240650277215615,-0.041929513124583984
6bb701a4-abd3-5101-beeb-0d02c93778e2,39c4dbe8-d98c-5dc2-8411-d133b42e360f,2023-12-16,2023,SUBMISSION,Flyweight,NO_MATCH,NO_MATCH,NO_MATCH,MATCH,HIGH / MID,HIGH / LOW,HIGH / MID,LOW / MID,HIGH / MID,LOW / LOW,LOW / MID,MID / MID,HIGH / MID,LOW / LOW,MID / MID,HIGH / MID,HIGH / HIGH,HIGH / LOW,HIGH / MID,HIGH / MID,HIGH / HIGH,0.39299226613311466,0.48787876963615417,0.53624392858179415,0.52925629223584736,0.52925629223584736,0.09488650350303951,0.1699801570435428,0.083582772621246776,0.14325166244867948,0.2691828262670794,0.13311462970039553,0.13626402610273269,0.25422773106848034,0.12566930163079584
78534bc3-a594-5b34-a523-44f6c61e0fc3,39c4dbe8-d98c-5dc2-8411-d133b42e360f,2023-12-16,2023,SUBMISSION,Women's Flyweight,NO_MATCH,MATCH,NO_MATCH,NO_MATCH,LOW / LOW,HIGH / MID,HIGH / LOW,LOW / MID,LOW / MID,HIGH / LOW,HIGH / LOW,HIGH / HIGH,HIGH / LOW,LOW / MID,HIGH / MID,HIGH / MID,LOW / MID,HIGH / MID,HIGH / HIGH,HIGH / MID,LOW / MID,0.65532475382473454,0.66732621192932129,0.68492371507461858,0.63112920038555609,0.63112920038555609,0.012001458104586749,0.03544026384143617,0.015873740152488491,0.029598961249884037,0.089787874409306578,0.039669962496168332,-0.024195553439178452,-0.067843787900440433,-0.031126465396137504
c98f2477-97c5-57ae-8f3f-b3cf70e7d628,39c4dbe8-d98c-5dc2-8411-d133b42e360f,2023-12-16,2023,KO_TKO,Featherweight,MATCH,NO_MATCH,NO_MATCH,NO_MATCH,LOW / MID,HIGH / LOW,HIGH / LOW,HIGH / MID,HIGH / HIGH,MID / MID,HIGH / MID,HIGH / MID,LOW / MID,LOW / LOW,HIGH / MID,LOW / MID,HIGH / MID,LOW / LOW,HIGH / MID,HIGH / LOW,HIGH / LOW,0.77058431817245721,0.7198793888092041,0.72027338709621136,0.67758547103303035,0.67758547103303035,-0.050704929363253104,0.068065399397422621,0.025836001745508701,-0.050310931076245846,0.067518237591496388,0.025615422898229663,-0.092998847139426855,0.1286133805293449,0.051319573420596558
05605339-db0d-5ab0-8d1d-9ac29eb6bf30,a959dc96-7bd3-5f1d-b309-3cead2a640aa,2024-01-13,2024,KO_TKO,Middleweight,MATCH,MATCH,NO_MATCH,NO_MATCH,HIGH / MID,LOW / MID,LOW / MID,HIGH / HIGH,HIGH / MID,HIGH / HIGH,HIGH / HIGH,MID / MID,HIGH / MID,LOW / MID,HIGH / MID,MID / MID,MID / MID,LOW / MID,HIGH / LOW,HIGH / LOW,HIGH / MID,0.86739377683458951,0.74315881729125977,0.78602850679361946,0.81967600831879495,0.81967600831879495,-0.12423495954332975,0.15458328359318052,0.048382982713029835,-0.08136527004097005,0.098499996913991805,0.0281993894827735,-0.047717768515794567,0.056583906496075559,0.014932331553648662
8451c508-e5c5-5e63-88be-b23b0770f82e,a959dc96-7bd3-5f1d-b309-3cead2a640aa,2024-01-13,2024,SUBMISSION,Lightweight,NO_MATCH,NO_MATCH,NO_MATCH,MATCH,HIGH / HIGH,HIGH / HIGH,MID / MID,HIGH / MID,HIGH / LOW,HIGH / LOW,MID / MID,HIGH / MID,LOW / LOW,HIGH / MID,HIGH / LOW,HIGH / HIGH,HIGH / MID,HIGH / HIGH,HIGH / MID,LOW / LOW,LOW / MID,0.65150066245296223,0.64967501163482666,0.60008672525384721,0.53566033231799393,0.53566033231799393,-0.0018256508181355713,-0.0052249325153184145,-0.0023754924339364769,-0.051413937199115023,-0.13761138113655869,-0.064349035350762307,-0.11584033013496831,-0.28697999750257308,-0.13752112155762497
a1d9f746-d7d9-5980-9ad1-642d4ef0286b,a959dc96-7bd3-5f1d-b309-3cead2a640aa,2024-01-13,2024,KO_TKO,Bantamweight,NO_MATCH,NO_MATCH,NO_MATCH,MATCH,HIGH / LOW,LOW / LOW,HIGH / LOW,HIGH / MID,MID / MID,MID / MID,HIGH / LOW,LOW / MID,MID / MID,HIGH / MID,MID / MID,HIGH / LOW,HIGH / MID,HIGH / MID,LOW / LOW,HIGH / LOW,LOW / LOW,0.67545484785049892,0.57655119895935059,0.58056644833930349,0.64324055245757428,0.64324055245757428,-0.098903648891148332,0.15832216684992229,0.07397933131902068,-0.094888399511195431,0.15138205059537813,0.070594948474963365,-0.032214295392924641,0.048867548753461831,0.021947747627033998
f7dc4dd8-bb39-5a13-a476-7a87cd63a48a,a959dc96-7bd3-5f1d-b309-3cead2a640aa,2024-01-13,2024,KO_TKO,Light Heavyweight,MATCH,MATCH,NO_MATCH,NO_MATCH,HIGH / HIGH,HIGH / HIGH,HIGH / HIGH,HIGH / HIGH,HIGH / MID,HIGH / LOW,HIGH / HIGH,LOW / LOW,HIGH / HIGH,LOW / MID,MID / MID,LOW / MID,LOW / LOW,LOW / MID,HIGH / LOW,HIGH / LOW,LOW / MID,0.92068545155197534,0.7625272274017334,0.81055920137202886,0.82665475133080435,0.82665475133080435,-0.15815822415024194,0.18848023274948375,0.050102520129993992,-0.11012625017994648,0.12739406712783211,0.029597018589289467,-0.094030700221170993,0.10773131198707672,0.023757777640671225
a5efe87d-9f54-5d08-b838-423dca222f3d,01fd0234-ade1-59b2-b69e-b968a84c8b63,2024-01-20,2024,SUBMISSION,Welterweight,MATCH,NO_MATCH,NO_MATCH,NO_MATCH,LOW / MID,LOW / LOW,LOW / MID,HIGH / MID,HIGH / LOW,HIGH / HIGH,LOW / MID,HIGH / MID,LOW / MID,HIGH / LOW,LOW / MID,MID / MID,MID / MID,LOW / MID,MID / MID,HIGH / LOW,MID / MID,0.67485347922297789,0.63254380226135254,0.64696485175247598,0.78140018243690079,0.78140018243690079,-0.042309676961625353,-0.12232820782733977,-0.055315556640109176,-0.027888627470501914,-0.082291708187752999,-0.036863699016255025,0.1065467032139229,0.39703317272251715,0.15515902669306364
abab79a0-8343-5a3a-8ad2-c4dd7e30629f,01fd0234-ade1-59b2-b69e-b968a84c8b63,2024-01-20,2024,SUBMISSION,Flyweight,NO_MATCH,NO_MATCH,NO_MATCH,MATCH,MID / MID,MID / MID,HIGH / LOW,LOW / LOW,HIGH / HIGH,HIGH / HIGH,LOW / MID,HIGH / LOW,LOW / LOW,LOW / LOW,LOW / LOW,HIGH / HIGH,HIGH / MID,HIGH / LOW,LOW / LOW,LOW / LOW,HIGH / HIGH,0.55490282102228772,0.62596476078033447,0.65542673627330883,0.6512767466865671,0.6512767466865671,0.071061939758046755,0.17394262256171056,0.083914740960288281,0.10052391525102111,0.25598590336582561,0.12166706584338843,0.096373925664279381,0.24401400086361646,0.11624425999614579
4ae271a8-3849-59b7-94a8-2e9e9876c2de,7c46b698-f943-5998-a742-3e57111dfac5,2024-02-03,2024,KO_TKO,Welterweight,MATCH,NO_MATCH,NO_MATCH,NO_MATCH,HIGH / MID,LOW / LOW,HIGH / LOW,HIGH / HIGH,HIGH / MID,HIGH / MID,HIGH / MID,HIGH / LOW,HIGH / MID,LOW / LOW,HIGH / LOW,LOW / MID,HIGH / MID,MID / MID,HIGH / MID,MID / MID,HIGH / MID,0.76093352462911967,0.75823915004730225,0.78328929651272372,0.76769347378885155,0.76769347378885155,-0.002694374581817427,0.0035471641267195708,0.0012955289235951073,0.022355771883604048,-0.028956098281386899,-0.010189250640305549,0.0067599491597318817,-0.0088445294155916621,-0.0031864575259647338
8515584c-8b8b-5c79-a1be-76970da0529a,7c46b698-f943-5998-a742-3e57111dfac5,2024-02-03,2024,KO_TKO,Welterweight,NO_MATCH,NO_MATCH,MATCH,NO_MATCH,MID / MID,LOW / LOW,HIGH / LOW,HIGH / MID,MID / MID,MID / MID,HIGH / MID,HIGH / MID,HIGH / MID,LOW / MID,HIGH / LOW,HIGH / MID,HIGH / MID,MID / MID,HIGH / LOW,HIGH / LOW,HIGH / HIGH,0.59887973770284852,0.60153132677078247,0.63275071481715639,0.56273876082459728,0.56273876082459728,0.002651589067933946,-0.0044178089639517193,-0.002120181280282657,0.033870977114307865,-0.05501572294723367,-0.026025427358025988,-0.036140976878251241,0.062245298469021493,0.030299926459873144
e9a5e720-126e-5d1b-a457-fb8413ec3e8c,49299228-08d0-5bb0-a9c2-879d035dfe2b,2024-02-10,2024,KO_TKO,Middleweight,NO_MATCH,MATCH,NO_MATCH,NO_MATCH,HIGH / LOW,HIGH / MID,LOW / MID,HIGH / MID,HIGH / MID,HIGH / HIGH,HIGH / LOW,HIGH / MID,HIGH / MID,LOW / MID,HIGH / MID,LOW / MID,LOW / MID,LOW / LOW,HIGH / LOW,HIGH / HIGH,HIGH / MID,0.86363965938653842,0.81623935699462891,0.76424815210527708,0.86868528652046118,0.86868528652046118,-0.04740030239190951,0.056447979313104829,0.015173831425528181,-0.099391507281261338,0.12226307806590728,0.036984791293557313,0.0050456271339227587,-0.0058252828535376444,-0.0013505885160058836
4a36104a-259d-543d-b41e-35a1d80d8f04,df5e60ac-d770-536f-9268-5f5e054664ee,2024-02-17,2024,SUBMISSION,Middleweight,MATCH,MATCH,MATCH,NO_MATCH,LOW / LOW,MID / MID,HIGH / LOW,HIGH / LOW,LOW / MID,HIGH / MID,HIGH / MID,HIGH / MID,HIGH / HIGH,HIGH / LOW,HIGH / HIGH,HIGH / LOW,HIGH / MID,HIGH / LOW,HIGH / MID,HIGH / MID,HIGH / LOW,0.56439838759541716,0.66236674785614014,0.58121213196352561,0.63173342018247436,0.63173342018247436,0.097968360260722975,0.2547678390653314,0.12018416874521276,0.016813744368108452,0.039363582441033551,0.019262002421279956,0.067335032587057198,0.16792101502880341,0.080541574255139914
8090e0d8-1e59-5c08-87f9-24d7a5b2b034,df5e60ac-d770-536f-9268-5f5e054664ee,2024-02-17,2024,KO_TKO,Heavyweight,MATCH,MATCH,NO_MATCH,NO_MATCH,HIGH / HIGH,HIGH / LOW,HIGH / LOW,HIGH / HIGH,MID / MID,HIGH / MID,HIGH / HIGH,LOW / LOW,HIGH / LOW,HIGH / LOW,LOW / MID,LOW / MID,HIGH / LOW,LOW / MID,HIGH / MID,HIGH / MID,LOW / MID,0.76939913123761239,0.76221597194671631,0.76110236694392175,0.80265776087028673,0.80265776087028673,-0.0071831592908960795,0.0093799178946796791,0.0033644833232768928,-0.0082967642936906394,0.010841996007626753,0.0038953184058286988,0.033258629632674341,-0.042318561262913668,-0.01423280132923898
61025cc0-f2e4-5ba7-b4ee-e625bb7f2033,9f760ebf-4469-5860-8732-66c218a2c170,2024-02-24,2024,KO_TKO,Featherweight,MATCH,NO_MATCH,NO_MATCH,NO_MATCH,LOW / LOW,LOW / LOW,HIGH / MID,HIGH / LOW,LOW / MID,MID / MID,HIGH / LOW,HIGH / LOW,HIGH / HIGH,LOW / LOW,LOW / MID,LOW / MID,HIGH / LOW,LOW / MID,HIGH / MID,MID / MID,HIGH / MID,0.56440382774240927,0.71049070358276367,0.69491666323915458,0.64910850313470869,0.64910850313470869,0.1460868758403544,-0.23018586119739215,-0.10592839257346146,0.13051283549674531,-0.20802192744364462,-0.096668182916333251,0.084704675392299422,-0.13982988591454981,-0.066619182713099925
e2a76168-6578-5627-a458-2f63bf475a19,9f760ebf-4469-5860-8732-66c218a2c170,2024-02-24,2024,SUBMISSION,Featherweight,MATCH,MATCH,NO_MATCH,NO_MATCH,LOW / LOW,HIGH / HIGH,LOW / MID,HIGH / MID,LOW / MID,HIGH / MID,HIGH / HIGH,HIGH / HIGH,LOW / MID,LOW / LOW,HIGH / HIGH,HIGH / HIGH,LOW / LOW,HIGH / MID,LOW / LOW,LOW / LOW,LOW / MID,0.76598702450034351,0.65598255395889282,0.63033947976577454,0.64352399217402412,0.64352399217402412,-0.11000447054145068,-0.38531580664960829,-0.15642301060445807,-0.13564754473456897,-0.4572085069116224,-0.18940826195150251,-0.12246303232631939,-0.42089037369018945,-0.17261299319929635
ebfe4af5-74bf-54f7-b2db-a1b475378fad,9f760ebf-4469-5860-8732-66c218a2c170,2024-02-24,2024,SUBMISSION,Flyweight,MATCH,NO_MATCH,NO_MATCH,MATCH,LOW / LOW,LOW / MID,LOW / MID,HIGH / HIGH,HIGH / MID,HIGH / LOW,LOW / LOW,HIGH / MID,HIGH / MID,LOW / LOW,LOW / MID,HIGH / HIGH,HIGH / HIGH,LOW / MID,MID / MID,LOW / MID,HIGH / LOW,0.72330054878556127,0.58663368225097656,0.63459102560617731,0.62946416644939629,0.62946416644939629,-0.13666686653458471,-0.40140226428514547,-0.17902460672215437,-0.088709523179383964,-0.27808530063946302,-0.12045791409359413,-0.093836382336164981,-0.29201825332755371,-0.12693854702966084
807da640-c1ef-5938-8545-f184aacfc22d,c2c6bb71-9921-5636-8172-cec3b23b88c7,2024-03-02,2024,KO_TKO,Middleweight,MATCH,MATCH,NO_MATCH,NO_MATCH,HIGH / LOW,LOW / LOW,HIGH / LOW,HIGH / HIGH,HIGH / MID,HIGH / MID,HIGH / HIGH,HIGH / MID,HIGH / HIGH,LOW / LOW,HIGH / MID,LOW / LOW,LOW / MID,MID / MID,LOW / MID,MID / MID,LOW / MID,0.90420678207371108,0.77433121204376221,0.81638524639567722,0.84196308818678023,0.84196308818678023,-0.12987557002994887,0.15505837087272056,0.041750061256963934,-0.087821535678033857,0.10217171623333032,0.024538037140502685,-0.062243693886930851,0.071321900443449437,0.015799324894785922
c2a87390-4891-59cf-b00b-5547a2e12f1b,c2c6bb71-9921-5636-8172-cec3b23b88c7,2024-03-02,2024,KO_TKO,Heavyweight,NO_MATCH,MATCH,NO_MATCH,NO_MATCH,HIGH / MID,HIGH / LOW,HIGH / MID,HIGH / MID,HIGH / MID,HIGH / HIGH,HIGH / HIGH,LOW / MID,HIGH / MID,LOW / MID,HIGH / LOW,LOW / LOW,LOW / MID,LOW / LOW,MID / MID,HIGH / MID,LOW / LOW,0.88805897800458999,0.79123222827911377,0.82759104950726525,0.90061527084344772,0.90061527084344772,-0.096826749725476224,0.11544664456312345,0.031053190103927198,-0.060467928497324741,0.070519026644081884,0.017194053804629395,0.01255629283885773,-0.014040006564829746,-0.0026534680158556145
07b98bfa-5572-56a4-b973-a7ce7282956a,da24b229-6303-576d-a041-87a41dd59055,2024-03-09,2024,KO_TKO,Lightweight,MATCH,NO_MATCH,NO_MATCH,MATCH,HIGH / HIGH,HIGH / MID,HIGH / MID,HIGH / HIGH,LOW / MID,LOW / MID,HIGH / HIGH,HIGH / HIGH,HIGH / HIGH,LOW / MID,HIGH / HIGH,HIGH / HIGH,HIGH / HIGH,HIGH / HIGH,MID / MID,MID / MID,HIGH / MID,0.63189466483585022,0.55357164144515991,0.51363195323623367,0.48069254214499035,0.48069254214499035,-0.078323023390690305,0.13233153341425863,0.063796741545657815,-0.11826271159961654,0.2072157460068853,0.10105233913649014,-0.15120212269085986,0.27349485048536981,0.13417869800752155
4f21fb42-c885-5fe7-8843-87e71bf2e6cc,da24b229-6303-576d-a041-87a41dd59055,2024-03-09,2024,KO_TKO,Heavyweight,NO_MATCH,MATCH,MATCH,NO_MATCH,HIGH / LOW,HIGH / MID,HIGH / HIGH,LOW / MID,HIGH / LOW,HIGH / MID,HIGH / HIGH,LOW / LOW,HIGH / HIGH,HIGH / LOW,MID / MID,HIGH / LOW,LOW / LOW,HIGH / LOW,HIGH / HIGH,LOW / MID,HIGH / HIGH,0.59794666179846045,0.68442630767822266,0.70292405077887865,0.71114135917010846,0.71114135917010846,0.086479645879762201,-0.13507942466255046,-0.062060131473401753,0.1049773889804182,-0.16174729444232566,-0.073392767153371272,0.113194697371648,-0.1733696717842384,-0.078207572376909257
523c046d-0953-55d5-ad00-5535178794e2,c8fbd130-fb3a-53cd-a6f3-16ecadd5a814,2024-03-16,2024,SUBMISSION,Flyweight,MATCH,NO_MATCH,NO_MATCH,MATCH,HIGH / HIGH,HIGH / LOW,LOW / LOW,HIGH / LOW,HIGH / HIGH,HIGH / LOW,LOW / MID,HIGH / LOW,LOW / LOW,LOW / LOW,LOW / MID,HIGH / LOW,HIGH / HIGH,HIGH / LOW,LOW / LOW,LOW / MID,HIGH / MID,0.56751599933273655,0.63708233833312988,0.58612734110128539,0.59324562666962732,0.59324562666962732,0.069566339000393329,0.17536935183920133,0.083799496317373934,0.018611341768548839,0.04398699370134429,0.02147085048782793,0.02572962733689077,0.061335835081669843,0.029865964064004213
66dec463-9c41-5a89-ad60-d68c0738dd7d,c8fbd130-fb3a-53cd-a6f3-16ecadd5a814,2024-03-16,2024,SUBMISSION,Women's Strawweight,NO_MATCH,NO_MATCH,NO_MATCH,MATCH,LOW / LOW,LOW / MID,HIGH / LOW,LOW / LOW,LOW / LOW,LOW / LOW,LOW / MID,HIGH / LOW,HIGH / LOW,HIGH / LOW,MID / MID,HIGH / MID,HIGH / LOW,HIGH / MID,HIGH / LOW,LOW / MID,HIGH / MID,0.34538494834653655,0.42702320218086243,0.39355246586294496,0.44397911747780777,0.44397911747780777,0.08163825383432588,0.13320213203561176,0.063058052656457989,0.048167517516408409,0.076429136783063012,0.035592780842464741,0.098594169131271225,0.16324150342984006,0.077826694212033323
81363800-7904-5eab-8781-38879be91253,c8fbd130-fb3a-53cd-a6f3-16ecadd5a814,2024-03-16,2024,SUBMISSION,Middleweight,NO_MATCH,NO_MATCH,NO_MATCH,MATCH,MID / MID,HIGH / HIGH,LOW / MID,MID / MID,HIGH / HIGH,HIGH / MID,LOW / MID,HIGH / MID,MID / MID,LOW / LOW,HIGH / MID,HIGH / MID,HIGH / HIGH,HIGH / MID,LOW / MID,LOW / LOW,HIGH / LOW,0.54187885522685408,0.54113668203353882,0.48872404350405102,0.49461426093359995,0.49461426093359995,-0.00074217319331526532,-0.0016187261301157108,-0.00080378509969858403,-0.053154811722803064,-0.10977581934409031,-0.054781503043016322,-0.047264594293254136,-0.09818832005734579,-0.048989426623074595
a0e44342-d175-5ba0-8dfd-e113a2b8711f,c8fbd130-fb3a-53cd-a6f3-16ecadd5a814,2024-03-16,2024,SUBMISSION,Heavyweight,NO_MATCH,MATCH,NO_MATCH,NO_MATCH,HIGH / LOW,HIGH / HIGH,HIGH / LOW,HIGH / LOW,HIGH / HIGH,HIGH / HIGH,HIGH / HIGH,HIGH / MID,MID / MID,LOW / MID,MID / MID,LOW / LOW,LOW / MID,LOW / LOW,LOW / LOW,HIGH / LOW,LOW / MID,0.90861722965294389,0.74697363376617432,0.78313043996260356,0.8631447690810421,0.8631447690810421,-0.16164359588676958,-1.018436745208233,-0.26761566048034791,-0.12548678969034033,-0.86423911453318092,-0.21229198402616956,-0.045472460571901796,-0.40386670604489949,-0.080566377630225117
47cd3d99-e24f-5f50-8c23-6b0703be37ef,2aa2cda5-8e08-54a3-b337-ec24c331c3a7,2024-03-23,2024,KO_TKO,Bantamweight,NO_MATCH,NO_MATCH,NO_MATCH,MATCH,LOW / MID,LOW / MID,HIGH / HIGH,MID / MID,LOW / MID,LOW / MID,HIGH / LOW,LOW / MID,HIGH / MID,MID / MID,HIGH / MID,HIGH / MID,HIGH / MID,HIGH / LOW,LOW / LOW,HIGH / LOW,LOW / MID,0.58237557740765333,0.58248108625411987,0.5312449463409622,0.61541845030823394,0.61541845030823394,0.00010550884646653991,-0.0001811533556813627,-8.8115010051265097e-05,-0.051130631066691135,0.091892354183578773,0.045321141985296465,0.033042872900580611,-0.055186881832870127,-0.02650718998227064
8b9990e4-3040-513e-be27-f9b15355c641,2aa2cda5-8e08-54a3-b337-ec24c331c3a7,2024-03-23,2024,SUBMISSION,Featherweight,MATCH,NO_MATCH,MATCH,NO_MATCH,LOW / MID,HIGH / HIGH,LOW / LOW,HIGH / LOW,HIGH / MID,HIGH / HIGH,LOW / MID,HIGH / HIGH,LOW / MID,LOW / MID,HIGH / MID,HIGH / HIGH,MID / MID,HIGH / MID,HIGH / HIGH,HIGH / MID,HIGH / MID,0.76015852480207347,0.61207348108291626,0.66069656196332494,0.69683713728552776,0.69683713728552776,-0.14808504371915721,-0.48083775235958992,-0.2032070365843055,-0.09946196283874853,-0.34691661937902896,-0.14132103583910688,-0.063321387516545702,-0.2342919767215299,-0.092258986928975106
948ad367-130a-56ae-a4e7-b0242a7c1a0f,2aa2cda5-8e08-54a3-b337-ec24c331c3a7,2024-03-23,2024,KO_TKO,Middleweight,MATCH,NO_MATCH,NO_MATCH,NO_MATCH,HIGH / LOW,HIGH / LOW,HIGH / LOW,HIGH / LOW,LOW / LOW,HIGH / MID,HIGH / MID,HIGH / HIGH,HIGH / MID,LOW / LOW,MID / MID,LOW / MID,HIGH / LOW,MID / MID,HIGH / MID,MID / MID,HIGH / LOW,0.59718271049586136,0.51474076509475708,0.62102747142602333,0.49772739209265027,0.49772739209265027,-0.082441945401104277,0.14855970911819638,0.073214756337360687,0.023844760930161968,-0.039152204054728357,-0.018641591309707467,-0.09945531840321109,0.18217059259415713,0.090016003930589228
97628a32-dbe6-5942-b677-298ab3e4a8f8,2aa2cda5-8e08-54a3-b337-ec24c331c3a7,2024-03-23,2024,SUBMISSION,Featherweight,NO_MATCH,NO_MATCH,NO_MATCH,MATCH,LOW / LOW,HIGH / MID,HIGH / MID,LOW / MID,LOW / MID,LOW / MID,HIGH / LOW,HIGH / LOW,HIGH / MID,HIGH / LOW,HIGH / LOW,HIGH / HIGH,HIGH / MID,LOW / MID,LOW / LOW,MID / MID,HIGH / HIGH,0.60748172979227399,0.52787160873413086,0.54526034340091212,0.5776983625062706,0.5776983625062706,-0.079610121058143135,-0.18466787955080288,-0.090385616723854034,-0.062221386391361877,-0.14714198745384544,-0.071725209945732782,-0.029783367286003393,-0.07313675505365147,-0.035298653988986961
0ac308c1-125b-5dd5-843f-ebfc7cb6c601,d2bb7fd3-511d-5156-9ed0-b50cabfd478d,2024-03-30,2024,KO_TKO,Middleweight,NO_MATCH,NO_MATCH,MATCH,NO_MATCH,LOW / MID,MID / MID,HIGH / HIGH,LOW / MID,MID / MID,HIGH / HIGH,LOW / MID,LOW / MID,HIGH / HIGH,LOW / LOW,MID / MID,HIGH / MID,LOW / MID,HIGH / LOW,HIGH / HIGH,LOW / MID,HIGH / HIGH,0.44139218565041749,0.54935085773468018,0.61199284828451705,0.58694416209755429,0.58694416209755429,0.10795867208426269,-0.2188035323985108,-0.10895804082794919,0.17060066263409956,-0.32678680652442621,-0.16149314047005586,0.1455519764471368,-0.28499590099852856,-0.14142756502712614
5cac32b8-93b6-5668-851c-aa011627806f,d2bb7fd3-511d-5156-9ed0-b50cabfd478d,2024-03-30,2024,KO_TKO,Featherweight,NO_MATCH,NO_MATCH,MATCH,NO_MATCH,HIGH / LOW,HIGH / MID,HIGH / LOW,HIGH / LOW,HIGH / MID,HIGH / MID,MID / MID,HIGH / MID,HIGH / LOW,HIGH / LOW,HIGH / LOW,HIGH / MID,LOW / LOW,HIGH / MID,HIGH / LOW,HIGH / LOW,HIGH / LOW,0.76041175738459443,0.70401549339294434,0.72636326119900929,0.78636366907331623,0.78636366907331623,-0.056396263991650097,0.077059709023364731,0.030204302151883737,-0.034048496185585142,0.045809823134841443,0.017474538822103168,0.025951911688721796,-0.033559296124003851,-0.011762044107722899
842f1b76-9f32-5b73-a05c-99d78ab67e1b,d2bb7fd3-511d-5156-9ed0-b50cabfd478d,2024-03-30,2024,KO_TKO,Welterweight,MATCH,MATCH,NO_MATCH,NO_MATCH,HIGH / LOW,HIGH / HIGH,LOW / LOW,HIGH / HIGH,HIGH / HIGH,HIGH / LOW,HIGH / HIGH,HIGH / MID,HIGH / LOW,LOW / MID,HIGH / MID,HIGH / LOW,LOW / MID,HIGH / LOW,HIGH / MID,MID / MID,LOW / MID,0.85191649071262632,0.6946832537651062,0.78209764406695248,0.80163949734992812,0.80163949734992812,-0.15723323694752012,0.20403251472902309,0.071289589808598841,-0.069818846645673838,0.08550890914383566,0.025552710998308838,-0.050276993362698197,0.06082950417211741,0.017418163288725481
9d632892-cda2-568f-b560-dd409cee3fe7,e00353ed-516b-523f-aafe-3a8df744d1bb,2024-04-06,2024,SUBMISSION,Bantamweight,NO_MATCH,NO_MATCH,MATCH,UNASSIGNABLE,LOW / MISSING,LOW / MID,HIGH / MISSING,LOW / MISSING,LOW / MISSING,LOW / MISSING,LOW / MISSING,LOW / MISSING,MID / MISSING,MID / MISSING,LOW / MISSING,HIGH / MISSING,HIGH / MISSING,LOW / MISSING,HIGH / MISSING,MID / MISSING,HIGH / MISSING,0.52917018373447067,0.53532755374908447,0.52198101175109568,0.51525174691373365,0.51525174691373365,0.0061573700146138055,0.013163963741397944,0.0065545064494054728,-0.0071891719833749868,-0.015153751626491907,-0.0075569067248759669,-0.013918436820737012,-0.029132985928617128,-0.014536720655919211
00c9b060-98a1-54c3-b813-7437ac144b90,f436b533-ab6c-5ae4-98f5-95c33dac3bf0,2024-04-13,2024,KO_TKO,Lightweight,NO_MATCH,MATCH,NO_MATCH,NO_MATCH,HIGH / HIGH,HIGH / HIGH,HIGH / MID,HIGH / LOW,HIGH / HIGH,HIGH / MID,HIGH / LOW,HIGH / HIGH,MID / MID,HIGH / LOW,HIGH / HIGH,HIGH / MID,HIGH / LOW,HIGH / HIGH,HIGH / HIGH,HIGH / HIGH,LOW / MID,0.58804401006366469,0.63959276676177979,0.62818178102868416,0.68999862898690978,0.68999862898690978,0.051548756698115095,-0.084029879748230785,-0.039814363873997144,0.04013777096501947,-0.066027792674649866,-0.031458949685424648,0.10195461892324509,-0.15988781846906269,-0.073606887614430391
1cfbf186-e3d7-5fe9-be47-a982df64dfc7,f436b533-ab6c-5ae4-98f5-95c33dac3bf0,2024-04-13,2024,SUBMISSION,Bantamweight,MATCH,MATCH,NO_MATCH,NO_MATCH,HIGH / MID,HIGH / HIGH,HIGH / LOW,HIGH / HIGH,HIGH / LOW,HIGH / LOW,HIGH / HIGH,HIGH / MID,HIGH / LOW,HIGH / LOW,MID / MID,HIGH / LOW,LOW / MID,HIGH / LOW,HIGH / LOW,HIGH / LOW,MID / MID,0.87005017372352267,0.7278977632522583,0.76968964037439636,0.80206982867775145,0.80206982867775145,-0.14215241047126437,-0.73902944183288177,-0.22715215104869135,-0.10036053334912631,-0.57227936475402541,-0.1645651622966644,-0.067980345045771218,-0.42076587416451705,-0.11367129472117443
2d5c7238-4ee3-51aa-beda-70e9f41a8932,f436b533-ab6c-5ae4-98f5-95c33dac3bf0,2024-04-13,2024,KO_TKO,Light Heavyweight,MATCH,MATCH,NO_MATCH,NO_MATCH,HIGH / MID,HIGH / MID,LOW / MID,HIGH / HIGH,LOW / MID,HIGH / HIGH,HIGH / HIGH,MID / MID,HIGH / HIGH,LOW / LOW,HIGH / HIGH,LOW / MID,HIGH / MID,LOW / LOW,HIGH / MID,HIGH / MID,LOW / LOW,0.87529275212675872,0.78233343362808228,0.80741122319828007,0.87476819479127366,0.87476819479127366,-0.092959318498676446,0.11227736887700027,0.03182683644402242,-0.067881528928478652,0.08072529551820945,0.02153853927786465,-0.00052455733548506522,0.00059947323790973672,0.0001311073637183368
738b8288-e8f5-52f2-8629-34a37d81627e,f436b533-ab6c-5ae4-98f5-95c33dac3bf0,2024-04-13,2024,KO_TKO,Featherweight,MATCH,NO_MATCH,NO_MATCH,NO_MATCH,HIGH / HIGH,HIGH / LOW,HIGH / MID,HIGH / HIGH,HIGH / MID,LOW / LOW,MID / MID,HIGH / HIGH,HIGH / MID,LOW / MID,HIGH / MID,HIGH / MID,LOW / MID,HIGH / MID,LOW / LOW,LOW / LOW,LOW / LOW,0.60291887962432045,0.63832461833953857,0.64912960533999098,0.78281503728668722,0.78281503728668722,0.035405738715218127,-0.057064300430361203,-0.026864334459564487,0.046210725715670531,-0.073849737137023641,-0.034563382309934443,0.17989615766236677,-0.26111378526121948,-0.11050410813002187
ae0725d0-d5a7-59ee-b637-bf3696f29da7,f436b533-ab6c-5ae4-98f5-95c33dac3bf0,2024-04-13,2024,KO_TKO,Lightweight,NO_MATCH,MATCH,NO_MATCH,NO_MATCH,HIGH / LOW,HIGH / HIGH,LOW / LOW,HIGH / MID,LOW / MID,HIGH / LOW,HIGH / HIGH,HIGH / HIGH,HIGH / MID,HIGH / MID,HIGH / HIGH,LOW / MID,LOW / MID,LOW / MID,HIGH / LOW,HIGH / HIGH,LOW / LOW,0.93196766580776003,0.81795716285705566,0.8379893929017378,0.91577501089368751,0.91577501089368751,-0.11401050295070436,0.13048815365837096,0.028511196059407929,-0.093978272906022231,0.10629267797763335,0.021619038316702862,-0.016192654914072513,0.017527407535271433,0.002465450294313833
d1247a06-83ab-5468-93ff-ce7381e1d93c,f436b533-ab6c-5ae4-98f5-95c33dac3bf0,2024-04-13,2024,KO_TKO,Light Heavyweight,MATCH,MATCH,NO_MATCH,NO_MATCH,HIGH / MID,HIGH / MID,HIGH / HIGH,HIGH / HIGH,HIGH / MID,HIGH / HIGH,HIGH / HIGH,HIGH / LOW,HIGH / HIGH,LOW / MID,HIGH / MID,LOW / MID,HIGH / LOW,HIGH / LOW,LOW / MID,HIGH / MID,LOW / MID,0.82897606989927342,0.77019846439361572,0.8424607842784223,0.86133721691902687,0.86133721691902687,-0.058777605505657693,0.073543060890734979,0.02355956109995409,0.013484714379148888,-0.016135825799226899,-0.0044305801769284163,0.032361147019753456,-0.03829479653772358,-0.010021817255337202
d4c69c13-d69c-52a2-94cd-6a6091a1a94f,f436b533-ab6c-5ae4-98f5-95c33dac3bf0,2024-04-13,2024,SUBMISSION,Middleweight,MATCH,MATCH,NO_MATCH,MATCH,HIGH / HIGH,HIGH / LOW,HIGH / MID,HIGH / HIGH,LOW / MID,HIGH / MID,HIGH / HIGH,LOW / LOW,HIGH / HIGH,HIGH / LOW,LOW / LOW,HIGH / HIGH,HIGH / MID,HIGH / HIGH,HIGH / LOW,HIGH / MID,HIGH / MID,0.50807810822758315,0.57899641990661621,0.54399953323500427,0.52950993655986345,0.52950993655986345,0.070918311679033064,0.15567860989803917,0.077093490204558968,0.035921425007421126,0.075826114207714235,0.037792128099782829,0.0214318283322803,0.044545107676151607,0.022237408855510954
682ddc91-98c0-5c40-aa59-6fe49682aabd,6e4863fb-3af8-58d6-84a0-017ce4f52a81,2024-04-27,2024,KO_TKO,Light Heavyweight,MATCH,MATCH,NO_MATCH,MATCH,HIGH / HIGH,HIGH / LOW,LOW / MID,HIGH / HIGH,HIGH / HIGH,HIGH / MID,HIGH / HIGH,HIGH / HIGH,LOW / LOW,LOW / LOW,LOW / MID,HIGH / MID,HIGH / HIGH,HIGH / LOW,MID / MID,LOW / MID,LOW / MID,0.74724136488062898,0.65043008327484131,0.66972056640934563,0.71648662641623584,0.71648662641623584,-0.096811281605787669,0.13875443457173742,0.058312199051827038,-0.077520798471283348,0.10952768490477,0.045197576625556124,-0.030754738464393139,0.042028663294539748,0.016492905373439684
d48d8145-8430-5a7e-9b77-b384f05ce4f8,6e4863fb-3af8-58d6-84a0-017ce4f52a81,2024-04-27,2024,SUBMISSION,Women's Flyweight,NO_MATCH,NO_MATCH,MATCH,NO_MATCH,LOW / LOW,LOW / LOW,LOW / LOW,LOW / LOW,HIGH / LOW,HIGH / LOW,LOW / LOW,HIGH / MID,LOW / LOW,LOW / MID,LOW / LOW,HIGH / HIGH,LOW / LOW,MID / MID,HIGH / MID,LOW / MID,HIGH / HIGH,0.66993485686763121,0.65808951854705811,0.60602535231431109,0.66897809348791304,0.66897809348791304,-0.011845338320573107,-0.035258914252009221,-0.015730898024754802,-0.063909504553320118,-0.17699652284178102,-0.081545984798568671,-0.00095676337971817293,-0.0028945175925967348,-0.0012810228795306355
e392dd9b-1e1b-510f-8667-6bed4ea1588b,6e4863fb-3af8-58d6-84a0-017ce4f52a81,2024-04-27,2024,KO_TKO,Flyweight,NO_MATCH,NO_MATCH,MATCH,NO_MATCH,HIGH / LOW,HIGH / HIGH,MID / MID,HIGH / HIGH,HIGH / LOW,HIGH / MID,LOW / MID,MID / MID,HIGH / MID,HIGH / HIGH,MID / MID,HIGH / HIGH,LOW / MID,HIGH / MID,HIGH / HIGH,HIGH / HIGH,HIGH / MID,0.78778630306180397,0.67571985721588135,0.66995869954848286,0.73186747156155041,0.73186747156155041,-0.11206644584592262,0.15344828632375651,0.060122957835911872,-0.11782760351332111,0.16201079605154178,0.063892606835552104,-0.055918831500253563,0.073627416281108693,0.02686039963861947
136822a8-0c65-5918-85d2-098bb6ee4396,76aaf589-08f8-5dde-b09c-ff09b463adfe,2024-05-04,2024,KO_TKO,Middleweight,NO_MATCH,NO_MATCH,NO_MATCH,MATCH,HIGH / LOW,HIGH / MID,HIGH / HIGH,LOW / MID,HIGH / LOW,HIGH / MID,LOW / MID,LOW / LOW,HIGH / MID,HIGH / LOW,LOW / LOW,HIGH / HIGH,HIGH / LOW,HIGH / HIGH,HIGH / LOW,LOW / LOW,HIGH / MID,0.51163292570678387,0.49660289287567139,0.46981538885461077,0.44087235730759711,0.44087235730759711,-0.015030032831112483,0.029816727513850338,0.014906248207427086,-0.041817536852173098,0.08526759806377171,0.042593322641671816,-0.070760568399186763,0.14885203159533089,0.07412132156904766
1964ab86-dbb0-5b98-92fa-8ab5c2c69dc8,76aaf589-08f8-5dde-b09c-ff09b463adfe,2024-05-04,2024,KO_TKO,Featherweight,NO_MATCH,NO_MATCH,NO_MATCH,MATCH,HIGH / LOW,MID / MID,HIGH / HIGH,HIGH / MID,LOW / MID,LOW / LOW,HIGH / LOW,LOW / MID,HIGH / MID,LOW / MID,MID / MID,HIGH / HIGH,HIGH / MID,HIGH / HIGH,HIGH / MID,HIGH / LOW,HIGH / MID,0.39878177449192692,0.46207502484321594,0.46015679813841742,0.44334449510831858,0.44334449510831858,0.063293250351289021,-0.14731293316264393,-0.072100075785649531,0.061375023646490501,-0.14315296074942152,-0.07003267208691083,0.04456272061639166,-0.10593277299624759,-0.051598003556863448
e1a0249b-7c9a-592c-aa72-19b02c858d3f,76aaf589-08f8-5dde-b09c-ff09b463adfe,2024-05-04,2024,SUBMISSION,Light Heavyweight,MATCH,MATCH,MATCH,NO_MATCH,HIGH / MID,HIGH / MID,HIGH / LOW,HIGH / MID,HIGH / LOW,HIGH / MID,HIGH / HIGH,HIGH / LOW,HIGH / MID,LOW / LOW,LOW / MID,HIGH / MID,LOW / LOW,HIGH / HIGH,HIGH / LOW,HIGH / LOW,HIGH / LOW,0.67644329219600774,0.74885702133178711,0.73965811861215436,0.75564204036042104,0.75564204036042104,0.07241372913577937,0.25335198010236049,0.10321131084094315,0.063214826416146619,0.21737869751235239,0.089518604871898333,0.079198748164413302,0.28074019524817961,0.11341936560308663
6e03730b-5afc-5abc-b001-24641dfe63db,0385a30a-5639-526c-b0c0-f61548679fee,2024-05-11,2024,KO_TKO,Light Heavyweight,MATCH,MATCH,NO_MATCH,NO_MATCH,HIGH / HIGH,HIGH / MID,MID / MID,HIGH / HIGH,HIGH / HIGH,HIGH / MID,HIGH / HIGH,MID / MID,HIGH / HIGH,LOW / LOW,HIGH / MID,MID / MID,LOW / MID,HIGH / HIGH,HIGH / MID,HIGH / MID,LOW / LOW,0.81460375392753714,0.81488841772079468,0.80074999439427219,0.8346701052624963,0.8346701052624963,0.00028466379325753355,-0.00034938958419836186,-0.0001054701638501937,-0.013853759533264953,0.017153022022827175,0.0053287966761213709,0.020066351334959154,-0.024334759755333502,-0.0070377939638471415
a84a86a4-b5e2-5370-b0ed-6357797386eb,0385a30a-5639-526c-b0c0-f61548679fee,2024-05-11,2024,KO_TKO,Lightweight,MATCH,NO_MATCH,NO_MATCH,NO_MATCH,HIGH / LOW,HIGH / LOW,HIGH / MID,HIGH / HIGH,HIGH / LOW,HIGH / MID,HIGH / LOW,MID / MID,HIGH / HIGH,LOW / LOW,HIGH / HIGH,HIGH / MID,HIGH / MID,HIGH / MID,HIGH / MID,HIGH / MID,HIGH / LOW,0.76208470485438828,0.67867469787597656,0.65390803449204837,0.5080222677076387,0.5080222677076387,-0.083410006978411722,0.11591578799717517,0.046646262120871404,-0.10817667036233991,0.15309098920839231,0.063175960924933647,-0.25406243714674959,0.40553243004697437,0.18543840140731077
be3e2d87-2b04-59b9-997c-06a674886080,0385a30a-5639-526c-b0c0-f61548679fee,2024-05-11,2024,KO_TKO,Heavyweight,MATCH,MATCH,NO_MATCH,NO_MATCH,HIGH / LOW,HIGH / MID,HIGH / LOW,HIGH / LOW,HIGH / MID,HIGH / HIGH,HIGH / MID,HIGH / LOW,HIGH / MID,LOW / LOW,HIGH / LOW,LOW / MID,HIGH / LOW,HIGH / LOW,LOW / MID,LOW / MID,LOW / MID,0.81560567575135334,0.76877301931381226,0.7732860141384913,0.78111638128478333,0.78111638128478333,-0.046832656437541087,0.059135235169728934,0.0194646497821356,-0.042319661612862047,0.053282012158867992,0.017397964570097325,-0.034489294466570009,0.043206843197493294,0.013908771726753311
cd4eaf18-7444-5093-b16b-beae5386f2c0,0385a30a-5639-526c-b0c0-f61548679fee,2024-05-11,2024,SUBMISSION,Lightweight,MATCH,NO_MATCH,NO_MATCH,NO_MATCH,HIGH / MID,HIGH / MID,HIGH / MID,HIGH / LOW,HIGH / HIGH,LOW / MID,HIGH / MID,HIGH / MID,HIGH / MID,LOW / MID,HIGH / HIGH,HIGH / LOW,HIGH / LOW,HIGH / MID,LOW / MID,LOW / LOW,HIGH / LOW,0.70738611610933588,0.73738253116607666,0.67522887591847858,0.73087095329291929,0.73087095329291929,0.029996415056740777,0.10815545527794734,0.043337880004639229,-0.032157240190857306,-0.10426676311453131,-0.044461082390118645,0.023484837183583407,0.083662945425938329,0.033777233103049809
3b88ca72-2781-5d92-a4aa-774f1867aaa0,80a91814-3944-5c86-9acb-1e79393b4663,2024-05-18,2024,KO_TKO,Welterweight,NO_MATCH,MATCH,NO_MATCH,MATCH,HIGH / HIGH,MID / MID,HIGH / LOW,HIGH / MID,HIGH / LOW,HIGH / LOW,HIGH / MID,HIGH / LOW,HIGH / LOW,LOW / MID,HIGH / LOW,HIGH / LOW,HIGH / HIGH,HIGH / LOW,LOW / LOW,HIGH / LOW,HIGH / LOW,0.67144458096830661,0.71810102462768555,0.68559047747233526,0.70261110366161961,0.70261110366161961,0.046656443659378932,-0.067178779620661433,-0.028481631059130874,0.014145896504028643,-0.020848995498788769,-0.0090953155190175022,0.031166522693312992,-0.045372061027306843,-0.019508507709731671
aac1e549-4f3b-50b1-b2cc-43a133992418,80a91814-3944-5c86-9acb-1e79393b4663,2024-05-18,2024,KO_TKO,Bantamweight,MATCH,NO_MATCH,NO_MATCH,NO_MATCH,HIGH / LOW,LOW / MID,LOW / LOW,HIGH / LOW,HIGH / LOW,HIGH / MID,HIGH / LOW,HIGH / HIGH,LOW / LOW,LOW / MID,HIGH / HIGH,LOW / LOW,LOW / LOW,LOW / MID,LOW / LOW,HIGH / HIGH,LOW / MID,0.89103021737432053,0.83966225385665894,0.80654811391351178,0.90580158317277393,0.90580158317277393,-0.051367963517661597,0.059378608656147344,0.013833779312838648,-0.084482103460808755,0.099614787436992799,0.025549218704931778,0.014771365798453395,-0.016441938041633117,-0.003001071792732006
50f8b3d8-1f64-5cbf-83db-f4d88ad90085,4c45f6c9-4612-5c18-97eb-3186beeb6644,2024-06-01,2024,SUBMISSION,Middleweight,MATCH,NO_MATCH,NO_MATCH,NO_MATCH,HIGH / HIGH,HIGH / HIGH,HIGH / MID,HIGH / MID,LOW / LOW,LOW / LOW,HIGH / HIGH,HIGH / MID,HIGH / HIGH,HIGH / LOW,HIGH / HIGH,LOW / MID,HIGH / HIGH,HIGH / LOW,MID / MID,LOW / LOW,LOW / LOW,0.61636607294389278,0.52968603372573853,0.57021709730807602,0.56129374103584262,0.56129374103584262,-0.086680039218154259,-0.20371170209602707,-0.099339841552171959,-0.046148975635816769,-0.11359142079745921,-0.054759597813828331,-0.055072331908050165,-0.13414129220567705,-0.064856472150264632
588501c5-6c9a-529b-aa61-2414184ae0dd,4c45f6c9-4612-5c18-97eb-3186beeb6644,2024-06-01,2024,SUBMISSION,Lightweight,NO_MATCH,NO_MATCH,MATCH,MATCH,HIGH / HIGH,HIGH / HIGH,HIGH / MID,HIGH / MID,MID / MID,LOW / MID,HIGH / MID,HIGH / LOW,HIGH / HIGH,HIGH / MID,HIGH / LOW,HIGH / HIGH,HIGH / MID,HIGH / HIGH,HIGH / MID,HIGH / MID,HIGH / MID,0.59021427580058206,0.54865294694900513,0.59998331032819108,0.54808423325717437,0.54808423325717437,-0.041561328851576929,-0.096602163355824389,-0.047332835162977704,0.0097690345276090218,0.024128128761946366,0.011627081313568877,-0.042130042543407686,-0.097861406522970484,-0.047956564613700792
5f979151-1434-5261-9331-4edf94588f79,4c45f6c9-4612-5c18-97eb-3186beeb6644,2024-06-01,2024,SUBMISSION,Heavyweight,NO_MATCH,MATCH,MATCH,NO_MATCH,HIGH / HIGH,HIGH / MID,HIGH / HIGH,LOW / LOW,LOW / LOW,HIGH / HIGH,HIGH / MID,LOW / LOW,HIGH / HIGH,LOW / LOW,HIGH / LOW,HIGH / HIGH,LOW / LOW,HIGH / HIGH,HIGH / HIGH,LOW / MID,HIGH / HIGH,0.28662863327344773,0.50810569524765015,0.52955795148467111,0.32143414517939584,0.32143414517939584,0.22147706197420242,0.37173827009300525,0.17601542413089333,0.24292931821122338,0.41632935432731694,0.19827565056843666,0.034805511905948106,0.050020601776347373,0.021163936275004333
149f5dde-c4b9-5f53-ad7c-9054d3445ffa,1fd1e112-3098-5c7e-a849-8c01d314f342,2024-06-08,2024,KO_TKO,Middleweight,MATCH,MATCH,NO_MATCH,NO_MATCH,HIGH / LOW,LOW / MID,MID / MID,HIGH / MID,MID / MID,HIGH / HIGH,HIGH / LOW,MID / MID,MID / MID,LOW / LOW,MID / MID,MID / MID,HIGH / MID,HIGH / MID,LOW / MID,LOW / MID,HIGH / HIGH,0.68420914799537513,0.69144874811172485,0.74781187287544171,0.75350617828233502,0.75350617828233502,0.0072396001163497203,-0.010525388576017147,-0.0045199871679850734,0.063602724880066575,-0.088887796683404907,-0.036125010747214512,0.069297030286959882,-0.096473574671728568,-0.038964658064826879
6fd977ef-cafb-57d5-b7d7-6786e2facec2,1fd1e112-3098-5c7e-a849-8c01d314f342,2024-06-08,2024,KO_TKO,Light Heavyweight,MATCH,MATCH,NO_MATCH,NO_MATCH,HIGH / HIGH,HIGH / HIGH,LOW / MID,HIGH / HIGH,HIGH / HIGH,HIGH / LOW,HIGH / HIGH,HIGH / HIGH,HIGH / MID,LOW / MID,HIGH / HIGH,LOW / MID,LOW / LOW,LOW / MID,LOW / LOW,HIGH / LOW,LOW / LOW,0.90507142287228881,0.79868912696838379,0.82558710917763478,0.88027513266574997,0.88027513266574997,-0.10638229590390502,0.12504206846738833,0.031514632845259689,-0.07948431369465403,0.091919080165033085,0.021408421729522481,-0.02479629020653884,0.02777935152303132,0.0053226091027119577
9ab6ecfe-705f-5925-9d1a-fb33a63c318f,1fd1e112-3098-5c7e-a849-8c01d314f342,2024-06-08,2024,SUBMISSION,Bantamweight,MATCH,NO_MATCH,NO_MATCH,NO_MATCH,HIGH / LOW,LOW / MID,HIGH / MID,HIGH / MID,HIGH / MID,LOW / LOW,LOW / MID,LOW / MID,LOW / LOW,LOW / LOW,HIGH / LOW,HIGH / MID,LOW / LOW,HIGH / LOW,LOW / LOW,LOW / MID,HIGH / MID,0.56225306185610813,0.5829545259475708,0.60411721497850024,0.68221957430062596,0.68221957430062596,0.020701464091462674,0.048445710271456055,0.023707473756188424,0.041864153122392112,0.10052280659198476,0.048829103866810886,0.11996651244451784,0.32028031754675668,0.14929504199235871
fcad608f-e063-5320-b6de-af0b7671d070,1fd1e112-3098-5c7e-a849-8c01d314f342,2024-06-08,2024,KO_TKO,Welterweight,MATCH,NO_MATCH,NO_MATCH,NO_MATCH,HIGH / MID,LOW / LOW,LOW / LOW,HIGH / HIGH,MID / MID,MID / MID,HIGH / HIGH,HIGH / MID,HIGH / HIGH,LOW / MID,MID / MID,LOW / MID,LOW / MID,MID / MID,LOW / MID,HIGH / MID,LOW / MID,0.78978364527763689,0.70555722713470459,0.77069752888487053,0.78815086281595292,0.78815086281595292,-0.084226418142932302,0.11277115750054617,0.042505630699845552,-0.019086116392766361,0.024463054762334624,0.0083887074667463937,-0.0016327824616839681,0.0020695194078893808,0.00068914113286680512
60616866-3c58-578f-aa60-1aead9494d5d,58e0c7e9-01de-51de-98ae-0ba8c14c9bde,2024-06-15,2024,KO_TKO,Flyweight,MATCH,NO_MATCH,MATCH,MATCH,HIGH / MID,HIGH / MID,HIGH / MID,HIGH / HIGH,LOW / MID,LOW / MID,HIGH / MID,LOW / MID,HIGH / MID,HIGH / LOW,MID / MID,HIGH / HIGH,HIGH / MID,HIGH / HIGH,HIGH / MID,HIGH / MID,HIGH / HIGH,0.57807710783211974,0.58751833438873291,0.50992546887461709,0.48527685834409823,0.48527685834409823,0.0094412265566131692,-0.016200188672933047,-0.007877802469863554,-0.068151638957502647,0.12544268875119691,0.062154119122455193,-0.092800249488021513,0.17498769431282979,0.086920985620812768
af5be593-dd8b-5fbf-ae0c-7c40be7a0e2d,58e0c7e9-01de-51de-98ae-0ba8c14c9bde,2024-06-15,2024,SUBMISSION,Featherweight,MATCH,MATCH,NO_MATCH,MATCH,HIGH / LOW,LOW / LOW,MID / MID,HIGH / MID,MID / MID,HIGH / HIGH,HIGH / LOW,HIGH / HIGH,HIGH / MID,LOW / LOW,LOW / MID,HIGH / MID,HIGH / MID,LOW / MID,MID / MID,LOW / MID,MID / MID,0.61917151545018145,0.593575119972229,0.56817137270626528,0.57059054546511645,0.57059054546511645,-0.025596395477952449,-0.065050012947436842,-0.031041942494828223,-0.051000142743916177,-0.12567971147637802,-0.060554656781952487,-0.048580969985065003,-0.1200618012318142,-0.057799794970695151
60006503-f3ec-55fd-a171-15a7f319e063,c209142a-ce6f-5ff2-8314-094480591cae,2024-06-22,2024,KO_TKO,Middleweight,MATCH,MATCH,NO_MATCH,NO_MATCH,HIGH / MID,HIGH / LOW,LOW / LOW,HIGH / HIGH,HIGH / MID,HIGH / MID,HIGH / HIGH,HIGH / MID,HIGH / MID,HIGH / LOW,HIGH / HIGH,LOW / MID,LOW / MID,LOW / MID,MID / MID,HIGH / MID,LOW / MID,0.91819516457962069,0.81695497035980225,0.82316058970983164,0.89796908872316217,0.89796908872316217,-0.10124019421981845,0.11682598810371941,0.026813451777825528,-0.095034574869789057,0.10925865673444216,0.024580145933619159,-0.020226075856458525,0.022274320253657082,0.0037182757578266079
8508ba5a-a0a0-5c52-ac9a-edfa9da27263,c209142a-ce6f-5ff2-8314-094480591cae,2024-06-22,2024,KO_TKO,Light Heavyweight,MATCH,MATCH,NO_MATCH,NO_MATCH,HIGH / HIGH,HIGH / HIGH,HIGH / MID,HIGH / HIGH,HIGH / MID,HIGH / HIGH,HIGH / HIGH,HIGH / LOW,HIGH / MID,LOW / MID,HIGH / MID,LOW / MID,LOW / MID,MID / MID,HIGH / LOW,HIGH / LOW,LOW / LOW,0.84548567310478207,0.80478900671005249,0.82190911171149272,0.84504621861168228,0.84504621861168228,-0.040696666394729575,0.049331083718367696,0.014232654685365664,-0.023576561393289341,0.028281404067188293,0.0078416872755073114,-0.00043945449309978901,0.00051990087279832342,0.00013599715065629181
0491f58b-fe6f-5287-b743-0866e870b1df,e63d5e59-d639-53ec-a8c3-3bf9db891c12,2024-06-29,2024,KO_TKO,Light Heavyweight,MATCH,MATCH,NO_MATCH,NO_MATCH,HIGH / LOW,MID / MID,HIGH / MID,HIGH / HIGH,MID / MID,HIGH / HIGH,HIGH / HIGH,HIGH / MID,HIGH / HIGH,LOW / LOW,HIGH / HIGH,MID / MID,HIGH / MID,HIGH / LOW,HIGH / HIGH,MID / MID,LOW / LOW,0.83757593090085891,0.75721609592437744,0.80942142480132817,0.83137361731129034,0.83137361731129034,-0.08035983497648147,0.10086324707876171,0.032562445855478538,-0.028154506099530741,0.034192221280886892,0.0099386151020332547,-0.0062023135895685755,0.0074326298833468085,0.0020532787159566052
7d6b7bfb-fd1f-569a-9a56-a9deb5ff1d99,e63d5e59-d639-53ec-a8c3-3bf9db891c12,2024-06-29,2024,KO_TKO,Women's Bantamweight,NO_MATCH,NO_MATCH,NO_MATCH,MATCH,HIGH / MID,HIGH / HIGH,HIGH / MID,LOW / MID,LOW / MID,LOW / MID,LOW / MID,HIGH / LOW,HIGH / MID,LOW / MID,MID / MID,HIGH / MID,HIGH / MID,HIGH / HIGH,MID / MID,MID / MID,HIGH / LOW,0.38394579726388584,0.50053125619888306,0.43861058808182457,0.46633365056496234,0.46633365056496234,0.11658545893499722,-0.26516865708709692,-0.13005375467456354,0.054664790817938735,-0.13311058665976261,-0.064364708894994405,0.082387853301076508,-0.19439997659902819,-0.094723008189509628
80839cd4-daef-534a-bb2d-92a2b35e67b2,e63d5e59-d639-53ec-a8c3-3bf9db891c12,2024-06-29,2024,KO_TKO,Bantamweight,MATCH,MATCH,NO_MATCH,MATCH,LOW / LOW,LOW / LOW,HIGH / LOW,HIGH / MID,MID / MID,HIGH / MID,HIGH / LOW,HIGH / MID,HIGH / LOW,LOW / MID,HIGH / LOW,HIGH / LOW,HIGH / LOW,HIGH / MID,LOW / LOW,HIGH / MID,HIGH / LOW,0.70791656734812214,0.5988573431968689,0.56945704231562988,0.58492886250237131,0.58492886250237131,-0.10905922415125324,0.16730283253881378,0.075602699477370555,-0.13845952503249226,0.21764289450453905,0.10005450678190125,-0.12298770484575083,0.19083600674346218,0.086971317553871302
a48d2989-0be2-58c9-b826-b1674c015f61,488ef9bf-1d27-519e-adee-d8288e755bed,2024-07-13,2024,SUBMISSION,Welterweight,MATCH,NO_MATCH,NO_MATCH,NO_MATCH,LOW / MID,LOW / LOW,LOW / LOW,HIGH / LOW,HIGH / MID,HIGH / MID,LOW / MID,HIGH / HIGH,HIGH / MID,LOW / MID,HIGH / MID,LOW / MID,HIGH / HIGH,LOW / MID,LOW / LOW,LOW / LOW,MID / MID,0.60590880074857967,0.62101805210113525,0.58768968647762232,0.66473343634213722,0.66473343634213722,0.015109251352555586,0.03909377961978211,0.01853794621090632,-0.018219114270957348,-0.045193901312665319,-0.021746307232415996,0.05882463559355755,0.16165642486880116,0.074745066566644147
aea9cf6c-9a44-51fe-beb8-95276db16ec7,488ef9bf-1d27-519e-adee-d8288e755bed,2024-07-13,2024,SUBMISSION,Featherweight,NO_MATCH,NO_MATCH,NO_MATCH,MATCH,MID / MID,HIGH / MID,HIGH / LOW,LOW / LOW,HIGH / LOW,HIGH / LOW,LOW / LOW,HIGH / LOW,HIGH / MID,LOW / MID,HIGH / MID,HIGH / HIGH,HIGH / MID,HIGH / HIGH,HIGH / HIGH,LOW / MID,MID / MID,0.64112405077145196,0.477225661277771,0.59872802947188353,0.53750073474267068,0.53750073474267068,-0.16389838949368096,-0.37617311278507248,-0.18329571669558947,-0.042396021299568432,-0.11166264470611487,-0.052564795202310666,-0.10362331602878128,-0.25366818486905851,-0.12213300862868448
f32595c3-b29f-51a3-a495-d197366ffba8,488ef9bf-1d27-519e-adee-d8288e755bed,2024-07-13,2024,KO_TKO,Bantamweight,MATCH,NO_MATCH,NO_MATCH,MATCH,HIGH / MID,HIGH / MID,HIGH / MID,HIGH / LOW,LOW / LOW,LOW / LOW,MID / MID,HIGH / LOW,HIGH / MID,HIGH / LOW,HIGH / MID,HIGH / MID,HIGH / HIGH,HIGH / MID,HIGH / MID,HIGH / MID,HIGH / HIGH,0.5028727676857685,0.58502990007400513,0.53897271549712877,0.49342662043849794,0.49342662043849794,0.082157132388236631,-0.1513257660068551,-0.074935301275817739,0.036099947811360278,-0.069327757872230222,-0.034589328052316543,-0.0094461472472705532,0.018963035459286792,0.0094811037719537417
95e43074-da90-5bac-aba1-6adf7b90c269,de85654a-8830-5c30-9530-e7eb26fb9268,2024-07-20,2024,KO_TKO,Featherweight,MATCH,NO_MATCH,NO_MATCH,MATCH,MID / MID,HIGH / HIGH,HIGH / MID,HIGH / HIGH,HIGH / HIGH,MID / MID,HIGH / MID,LOW / MID,HIGH / LOW,LOW / LOW,MID / MID,HIGH / LOW,HIGH / MID,LOW / LOW,HIGH / HIGH,HIGH / HIGH,LOW / MID,0.87751916327938206,0.71245813369750977,0.70531080390446721,0.77673428650617216,0.77673428650617216,-0.1650610295818723,0.20837764290299457,0.067678769512936499,-0.17220835937491485,0.21846023133095735,0.071840166931648713,-0.10078487677320991,0.12200047532377803,0.034846023458125347
ed792eb3-3b98-581c-b6d7-47b56bceee48,de85654a-8830-5c30-9530-e7eb26fb9268,2024-07-20,2024,KO_TKO,Featherweight,MATCH,NO_MATCH,NO_MATCH,NO_MATCH,HIGH / LOW,HIGH / MID,MID / MID,HIGH / MID,HIGH / LOW,HIGH / MID,HIGH / MID,HIGH / HIGH,HIGH / HIGH,LOW / MID,HIGH / HIGH,LOW / LOW,HIGH / LOW,LOW / MID,HIGH / LOW,LOW / LOW,LOW / LOW,0.77231448071614484,0.79605793952941895,0.81609082972547498,0.88292292007846096,0.88292292007846096,0.02374345881327411,-0.030280146031526456,-0.010248331662572642,0.04377634900933014,-0.055133834190132014,-0.01801811278049454,0.11060843936231612,-0.133846078046854,-0.038133653048604339
f7033c8a-57d3-5b90-9601-49d68e5f46ac,de85654a-8830-5c30-9530-e7eb26fb9268,2024-07-20,2024,SUBMISSION,Bantamweight,NO_MATCH,NO_MATCH,NO_MATCH,MATCH,MID / MID,HIGH / MID,LOW / MID,MID / MID,HIGH / MID,LOW / MID,MID / MID,HIGH / HIGH,LOW / MID,MID / MID,MID / MID,HIGH / LOW,HIGH / HIGH,HIGH / LOW,LOW / MID,HIGH / MID,MID / MID,0.63255939844475262,0.58517193794250488,0.60969547490762643,0.64766764436716218,0.64766764436716218,-0.047387460502247736,-0.12130244891759623,-0.057705195605400494,-0.022863923537126185,-0.060365590833432403,-0.028402820437951171,0.015108245922409558,0.041986754900688039,0.019341984999321604
8ea6694e-dc68-5c34-bd7c-1aec89bb7c86,ff523245-7c53-5c62-8064-c51308356fcd,2024-07-27,2024,KO_TKO,Heavyweight,NO_MATCH,MATCH,NO_MATCH,NO_MATCH,HIGH / LOW,HIGH / HIGH,HIGH / HIGH,HIGH / MID,HIGH / MID,HIGH / MID,HIGH / HIGH,LOW / MID,HIGH / HIGH,HIGH / HIGH,HIGH / MID,HIGH / LOW,LOW / LOW,HIGH / LOW,HIGH / HIGH,LOW / MID,HIGH / MID,0.81170445549689418,0.71888607740402222,0.78251867547917708,0.76857513853081483,0.76857513853081483,-0.092818378092871967,0.12143340356951043,0.043569825397576284,-0.0291857800177171,0.036618514288622672,0.011842914435610384,-0.043129316966079356,0.054597971671625944,0.018102254426310443
db923be3-b342-5968-9878-d17356142af9,ff523245-7c53-5c62-8064-c51308356fcd,2024-07-27,2024,SUBMISSION,Welterweight,NO_MATCH,NO_MATCH,NO_MATCH,MATCH,HIGH / MID,LOW / LOW,LOW / MID,MID / MID,MID / MID,HIGH / MID,MID / MID,HIGH / MID,HIGH / MID,LOW / LOW,HIGH / LOW,HIGH / MID,HIGH / MID,HIGH / MID,HIGH / MID,LOW / LOW,MID / MID,0.53226375002256887,0.49565476179122925,0.49062833265686395,0.5755922303233928,0.5755922303233928,-0.036608988231339623,-0.075356461385380102,-0.037631056701767474,-0.041635417365704919,-0.085273372705502282,-0.042588538782433322,0.043328480300823924,0.097209854618919289,0.048001716020569962
23248fbd-fb37-5a04-b56f-7b8915ed6380,91ef8d53-cc09-56ba-aa8a-fa029966c7d5,2024-08-03,2024,KO_TKO,Lightweight,MATCH,NO_MATCH,NO_MATCH,NO_MATCH,HIGH / MID,MID / MID,MID / MID,HIGH / LOW,HIGH / LOW,LOW / MID,HIGH / HIGH,HIGH / MID,MID / MID,LOW / MID,HIGH / MID,HIGH / LOW,LOW / LOW,HIGH / MID,LOW / LOW,HIGH / LOW,HIGH / LOW,0.69608796520756677,0.66154265403747559,0.67223182721001118,0.61346478555385142,0.61346478555385142,-0.034545311170091186,0.050901576882272759,0.022190850144318791,-0.023856137997555593,0.034872777142586631,0.015069450202410822,-0.082623179653715351,0.12635317589742323,0.057046947115252905
6bde389f-9d5a-52ae-9e77-eeb422f8d58c,91ef8d53-cc09-56ba-aa8a-fa029966c7d5,2024-08-03,2024,KO_TKO,Light Heavyweight,MATCH,MATCH,NO_MATCH,NO_MATCH,HIGH / MID,HIGH / LOW,HIGH / MID,HIGH / HIGH,HIGH / MID,HIGH / HIGH,HIGH / HIGH,MID / MID,HIGH / HIGH,LOW / MID,HIGH / MID,LOW / MID,LOW / MID,HIGH / LOW,LOW / MID,HIGH / HIGH,LOW / MID,0.85944514547626272,0.78525286912918091,0.83310282246092471,0.84644928850180023,0.84644928850180023,-0.074192276347081809,0.090281209160727655,0.026360663087059751,-0.026342323015338009,0.031129930473969947,0.0080990007403206679,-0.012995856974462483,0.015236708835221463,0.0038221538714144285
f9b110b6-198d-57b6-860f-253d8276cda1,91ef8d53-cc09-56ba-aa8a-fa029966c7d5,2024-08-03,2024,SUBMISSION,Welterweight,NO_MATCH,NO_MATCH,MATCH,MATCH,HIGH / LOW,HIGH / HIGH,HIGH / LOW,LOW / MID,HIGH / LOW,LOW / MID,LOW / MID,HIGH / LOW,LOW / MID,MID / MID,HIGH / LOW,HIGH / HIGH,HIGH / MID,HIGH / HIGH,HIGH / MID,MID / MID,HIGH / LOW,0.33318927753446459,0.46334177255630493,0.38328436870850624,0.44184921267758315,0.44184921267758315,0.13015249502184034,0.21714478730299575,0.10367050353168014,0.05009509117404165,0.078098202883160439,0.035891812632339676,0.10865993514311856,0.17787707717692819,0.08421563207986163
dc0a8865-8ece-50c9-a4de-300556f3f9e8,81c99e69-8c5e-5357-864c-2c474c8ca40b,2024-08-10,2024,SUBMISSION,Heavyweight,NO_MATCH,MATCH,NO_MATCH,NO_MATCH,HIGH / MID,HIGH / HIGH,HIGH / HIGH,LOW / LOW,HIGH / HIGH,HIGH / HIGH,HIGH / HIGH,HIGH / MID,HIGH / MID,LOW / MID,MID / MID,LOW / MID,LOW / LOW,HIGH / LOW,HIGH / LOW,HIGH / MID,HIGH / MID,0.76245351229484593,0.73990672826766968,0.74742626633192089,0.83002615801091373,0.83002615801091373,-0.022546784027176248,-0.090676962090197266,-0.033873391874979619,-0.01502724596292504,-0.06133987858803458,-0.022689334807871275,0.067572645716067803,0.33471878746795758,0.10760806457161154
22eb28a2-abec-5ad3-8bd3-d6c0ffa0c570,77c44064-acb8-5509-b569-d2449bb29cf1,2024-08-17,2024,KO_TKO,Flyweight,MATCH,NO_MATCH,NO_MATCH,NO_MATCH,LOW / MID,HIGH / MID,LOW / MID,HIGH / MID,HIGH / LOW,LOW / MID,MID / MID,HIGH / MID,HIGH / LOW,HIGH / LOW,HIGH / HIGH,LOW / MID,HIGH / LOW,LOW / LOW,LOW / LOW,HIGH / MID,HIGH / LOW,0.74762411838015985,0.770316481590271,0.74201787617907089,0.82903148753015321,0.82903148753015321,0.022692363210111144,-0.029901109319794839,-0.010939066994319249,-0.0056062422010889623,0.0075270013739697772,0.0028611905877656274,0.081407369149993358,-0.10335780082271073,-0.034463353367239415
564c9d36-0d90-5ae7-8560-a3f5bcb7e757,77c44064-acb8-5509-b569-d2449bb29cf1,2024-08-17,2024,KO_TKO,Featherweight,NO_MATCH,NO_MATCH,NO_MATCH,MATCH,HIGH / LOW,LOW / MID,HIGH / MID,HIGH / LOW,HIGH / LOW,HIGH / HIGH,LOW / MID,HIGH / HIGH,HIGH / LOW,LOW / MID,HIGH / LOW,HIGH / LOW,HIGH / LOW,HIGH / LOW,HIGH / MID,MID / MID,HIGH / MID,0.64040158655271762,0.57864618301391602,0.63402353214900486,0.68593789845906872,0.68593789845906872,-0.061755403538801601,0.10140425065147696,0.048228020134939709,-0.0063780544037127518,0.010009387857036756,0.0046277560668878392,0.045536311906351101,-0.068691638040758007,-0.030676015329496417
c1bd1ad2-1316-5c9d-8fa1-b936071228d0,77c44064-acb8-5509-b569-d2449bb29cf1,2024-08-17,2024,SUBMISSION,Heavyweight,MATCH,MATCH,NO_MATCH,NO_MATCH,HIGH / MID,LOW / LOW,HIGH / LOW,HIGH / MID,HIGH / MID,HIGH / HIGH,HIGH / HIGH,LOW / MID,LOW / MID,LOW / LOW,LOW / LOW,LOW / LOW,LOW / LOW,LOW / LOW,HIGH / MID,HIGH / LOW,LOW / MID,0.78762777231251346,0.81539744138717651,0.79440961092140905,0.88077295182225912,0.88077295182225912,0.02776966907466305,0.14013534377110326,0.044515479702781358,0.0067818386088955851,0.032454739289924595,0.010729122206331931,0.093145179509745657,0.57731088291872212,0.15540348494372302
cddd153e-f603-5186-801e-46035c5311f0,77c44064-acb8-5509-b569-d2449bb29cf1,2024-08-17,2024,KO_TKO,Welterweight,MATCH,NO_MATCH,NO_MATCH,NO_MATCH,HIGH / HIGH,HIGH / LOW,LOW / MID,HIGH / HIGH,HIGH / MID,LOW / MID,HIGH / HIGH,HIGH / HIGH,MID / MID,LOW / MID,HIGH / MID,LOW / MID,HIGH / MID,LOW / MID,MID / MID,HIGH / MID,LOW / MID,0.84793501672164839,0.80012309551239014,0.80995614730944188,0.84784218816737256,0.84784218816737256,-0.047811921209258257,0.058038416409375043,0.016827017808103761,-0.037978869412206517,0.045823894554346184,0.0129929068060252,-9.2828554275836694e-05,0.00010948201697830173,2.8240562247903306e-05
f74a2be7-8ff0-5db8-9041-241f90d76b1c,77c44064-acb8-5509-b569-d2449bb29cf1,2024-08-17,2024,SUBMISSION,Middleweight,NO_MATCH,NO_MATCH,MATCH,NO_MATCH,LOW / MID,HIGH / MID,LOW / MID,HIGH / HIGH,LOW / LOW,LOW / MID,HIGH / HIGH,HIGH / MID,HIGH / MID,MID / MID,HIGH / MID,HIGH / LOW,LOW / MID,HIGH / LOW,HIGH / LOW,HIGH / LOW,HIGH / LOW,0.85222615880379549,0.68511945009231567,0.66923770396783488,0.63885891559928398,0.63885891559928398,-0.16710670871147981,-0.75651035526349686,-0.25690076485467506,-0.1829884548359606,-0.80571697351334226,-0.27841032133733268,-0.2133672432045115,-0.89358569249599396,-0.31814871170877901
232aac8d-9700-540f-b3be-1412a8e4ccc8,37a07d58-4008-5803-b2c8-4e4e6fbcff86,2024-08-24,2024,KO_TKO,Welterweight,MATCH,NO_MATCH,NO_MATCH,NO_MATCH,HIGH / LOW,HIGH / MID,HIGH / LOW,HIGH / LOW,LOW / MID,LOW / MID,HIGH / MID,LOW / MID,MID / MID,LOW / MID,HIGH / MID,LOW / LOW,MID / MID,LOW / MID,HIGH / LOW,HIGH / LOW,HIGH / LOW,0.77914387355282122,0.72297638654708862,0.78043231485398568,0.81229446113145565,0.81229446113145565,-0.056167487005732597,0.074819157624677057,0.02796465382125584,0.0012884413011644558,-0.0016522970841331419,-0.00056746022887294023,0.033150587578634427,-0.041667192413612636,-0.013544059267321606
52503726-1329-5d73-ab07-2eb3deb7e8b2,37a07d58-4008-5803-b2c8-4e4e6fbcff86,2024-08-24,2024,SUBMISSION,Middleweight,NO_MATCH,MATCH,NO_MATCH,MATCH,HIGH / MID,HIGH / HIGH,HIGH / MID,HIGH / MID,HIGH / LOW,HIGH / HIGH,HIGH / LOW,HIGH / MID,HIGH / MID,LOW / MID,MID / MID,HIGH / MID,HIGH / HIGH,HIGH / MID,MID / MID,LOW / MID,HIGH / HIGH,0.4568192857710317,0.53485012054443359,0.56779630154358296,0.54948751761040537,0.54948751761040537,0.078030834773401891,0.15508239655466949,0.077380791594039627,0.11097701577255126,0.22854507030128512,0.11370878019421585,0.092668231839373671,0.18705628709588706,0.093252672157290023
4ae7ed13-3ac8-59db-a36f-0651a34b8c5f,ea13800d-815f-5edd-80c9-660785ebe6b6,2024-09-07,2024,KO_TKO,Lightweight,NO_MATCH,NO_MATCH,MATCH,MATCH,HIGH / LOW,LOW / LOW,HIGH / MID,MID / MID,LOW / MID,MID / MID,MID / MID,HIGH / MID,MID / MID,LOW / MID,HIGH / MID,HIGH / LOW,HIGH / MID,HIGH / MID,HIGH / HIGH,MID / MID,HIGH / HIGH,0.4729348888223005,0.43869099020957947,0.43177043668241194,0.37660168644472414,0.37660168644472414,-0.034243898612721035,0.075162452763745002,0.037270173051141664,-0.041164452139888563,0.09106367281527783,0.045087205207336001,-0.096333202377576366,0.22776962895721764,0.11082782592280127
7b17da7f-0cf5-5567-960a-ae8c1ea39bed,ea13800d-815f-5edd-80c9-660785ebe6b6,2024-09-07,2024,SUBMISSION,Featherweight,NO_MATCH,MATCH,MATCH,NO_MATCH,HIGH / LOW,LOW / LOW,HIGH / MID,LOW / MID,HIGH / MID,HIGH / MID,HIGH / LOW,HIGH / MID,HIGH / MID,LOW / LOW,MID / MID,HIGH / MID,LOW / MID,LOW / MID,HIGH / MID,MID / MID,HIGH / MID,0.74238404779756006,0.65860790014266968,0.67353654726296119,0.67731184341237882,0.67731184341237882,-0.083776147654890387,-0.28156175109842874,-0.11736970829395321,-0.068847500534598871,-0.23684808739971008,-0.097482593925378835,-0.065072204385181243,-0.22521647882085793,-0.092382741197615192
976fd738-d6b7-527b-9ace-96b1ce999691,ea13800d-815f-5edd-80c9-660785ebe6b6,2024-09-07,2024,SUBMISSION,Bantamweight,NO_MATCH,NO_MATCH,NO_MATCH,MATCH,MID / MID,HIGH / HIGH,HIGH / LOW,MID / MID,HIGH / HIGH,HIGH / LOW,LOW / MID,HIGH / MID,HIGH / LOW,LOW / MID,HIGH / MID,HIGH / MID,HIGH / MID,HIGH / LOW,HIGH / MID,LOW / MID,HIGH / LOW,0.57435457865073047,0.49526754021644592,0.53839371220728538,0.58201931540563923,0.58201931540563923,-0.079087038434284551,-0.17042185085612815,-0.08459324562500925,-0.035960866443445094,-0.081105681407746766,-0.040015392672716921,0.0076647367549087519,0.018171433075335752,0.0088633014881908112
de7fa6f5-72cf-59cb-8481-60e2add3e078,ea13800d-815f-5edd-80c9-660785ebe6b6,2024-09-07,2024,KO_TKO,Featherweight,MATCH,MATCH,NO_MATCH,NO_MATCH,HIGH / MID,HIGH / HIGH,HIGH / LOW,HIGH / LOW,HIGH / MID,HIGH / MID,HIGH / MID,HIGH / LOW,HIGH / MID,LOW / LOW,MID / MID,HIGH / MID,MID / MID,LOW / LOW,HIGH / LOW,HIGH / HIGH,HIGH / MID,0.8930772656476007,0.72828435897827148,0.73430705903277183,0.77396128637761918,0.77396128637761918,-0.16479290666932922,0.20398152589173751,0.062396918454455087,-0.15877020661482888,0.19574582312198086,0.059160267758421252,-0.11911597926998152,0.14315124607623492,0.039661028934666935
c6fa048e-6fd1-5441-b1ad-4829ad513704,390b775b-c3b8-5508-8c32-768c456e6f80,2024-09-14,2024,KO_TKO,Lightweight,NO_MATCH,NO_MATCH,MATCH,NO_MATCH,HIGH / MID,LOW / MID,LOW / LOW,HIGH / MID,LOW / MID,LOW / MID,HIGH / HIGH,HIGH / MID,HIGH / MID,LOW / MID,HIGH / HIGH,HIGH / MID,LOW / MID,HIGH / HIGH,HIGH / LOW,HIGH / HIGH,HIGH / LOW,0.7680942571169328,0.72534471750259399,0.70438877970043601,0.78980121136311199,0.78980121136311199,-0.042749539614338805,0.057265441967038089,0.021655250621582627,-0.063705477416496792,0.08658200861772658,0.03360571998485009,0.021706954246179189,-0.027868826372802247,-0.0095967428377321529
12dc454c-8259-5611-accc-a9012aa7bad8,a35936bb-aa7a-5b9b-81d6-2b703a8b0c8a,2024-09-28,2024,KO_TKO,Featherweight,MATCH,MATCH,NO_MATCH,NO_MATCH,HIGH / HIGH,LOW / LOW,LOW / LOW,HIGH / MID,HIGH / MID,HIGH / MID,HIGH / LOW,HIGH / HIGH,MID / MID,LOW / MID,MID / MID,HIGH / HIGH,LOW / MID,HIGH / LOW,MID / MID,HIGH / LOW,HIGH / MID,0.79433610101003016,0.70901697874069214,0.6693834174753277,0.71498349573797482,0.71498349573797482,-0.085319122269338021,0.1136271990072461,0.042373479313438295,-0.12495268353470246,0.17114965645123592,0.067009685292536939,-0.079352605272055343,0.10524721315708035,0.038936768353988502
e974de71-dddc-5ce3-b16b-b1e01064a757,a35936bb-aa7a-5b9b-81d6-2b703a8b0c8a,2024-09-28,2024,KO_TKO,Lightweight,NO_MATCH,MATCH,NO_MATCH,NO_MATCH,HIGH / MID,HIGH / MID,HIGH / MID,HIGH / LOW,HIGH / MID,HIGH / MID,HIGH / LOW,HIGH / MID,HIGH / MID,HIGH / LOW,HIGH / HIGH,HIGH / MID,HIGH / LOW,HIGH / HIGH,HIGH / MID,HIGH / MID,HIGH / MID,0.4776277869497717,0.56594324111938477,0.58876941991289355,0.52437549729759181,0.52437549729759181,0.088315454169613061,-0.16966205170036219,-0.084467459037048553,0.11114163296312185,-0.20920288901011386,-0.10376213896821504,0.046747710347820104,-0.093376284816958477,-0.046654061396079999
1801f7cd-334a-5c13-9faa-350626ed955f,8b90a440-f1c3-5fe1-b649-69226f9523b6,2024-10-05,2024,KO_TKO,Welterweight,NO_MATCH,MATCH,NO_MATCH,NO_MATCH,HIGH / LOW,HIGH / HIGH,HIGH / LOW,HIGH / HIGH,HIGH / MID,HIGH / LOW,HIGH / HIGH,MID / MID,LOW / MID,MID / MID,HIGH / HIGH,LOW / LOW,MID / MID,LOW / LOW,HIGH / MID,HIGH / MID,LOW / MID,0.87566481289153864,0.80997365713119507,0.81719155594796355,0.8907102365220686,0.8907102365220686,-0.065691155760343567,0.077981658950607879,0.020650772230796512,-0.05847325694357508,0.069109854045437097,0.017959688463430441,0.015045423630529964,-0.017035779014807906,-0.0035149863522339099
20fddd0b-70de-51de-a5dc-2da4236b0282,8b90a440-f1c3-5fe1-b649-69226f9523b6,2024-10-05,2024,SUBMISSION,Light Heavyweight,MATCH,MATCH,NO_MATCH,NO_MATCH,HIGH / HIGH,HIGH / HIGH,MID / MID,HIGH / MID,HIGH / HIGH,HIGH / HIGH,HIGH / HIGH,HIGH / HIGH,LOW / MID,LOW / LOW,LOW / MID,HIGH / MID,HIGH / MID,HIGH / HIGH,LOW / MID,HIGH / LOW,MID / MID,0.70860842097701937,0.53207904100418091,0.61495845390715254,0.60587257101336245,0.60587257101336245,-0.17652937997283846,-0.47363139561838719,-0.21901778840361585,-0.093649967069866835,-0.27868324539419653,-0.12395199424766923,-0.10273584996365692,-0.30200628583068811,-0.13504432197320276
5851753e-185b-5282-8edb-52cd8b7a6672,8b90a440-f1c3-5fe1-b649-69226f9523b6,2024-10-05,2024,KO_TKO,Middleweight,MATCH,NO_MATCH,NO_MATCH,MATCH,HIGH / HIGH,HIGH / HIGH,MID / MID,HIGH / MID,LOW / MID,LOW / LOW,HIGH / HIGH,MID / MID,HIGH / LOW,LOW / LOW,HIGH / MID,HIGH / MID,HIGH / MID,HIGH / LOW,MID / MID,LOW / LOW,LOW / MID,0.55927088402848757,0.50871485471725464,0.48819836206916339,0.54909835413931585,0.54909835413931585,-0.050556029311232931,0.094746289860150767,0.047118940310457352,-0.071072521959324175,0.13591213968126392,0.067698762923656258,-0.010172529889171722,0.018356365692301368,0.0090701405748429553
933b40a1-fff4-5f3c-b8eb-922d099815c1,8b90a440-f1c3-5fe1-b649-69226f9523b6,2024-10-05,2024,KO_TKO,Light Heavyweight,MATCH,MATCH,NO_MATCH,NO_MATCH,HIGH / HIGH,HIGH / HIGH,LOW / MID,HIGH / HIGH,MID / MID,HIGH / HIGH,HIGH / HIGH,HIGH / MID,HIGH / LOW,LOW / LOW,HIGH / MID,LOW / MID,LOW / MID,LOW / LOW,HIGH / MID,LOW / MID,LOW / LOW,0.90972285982956547,0.75266480445861816,0.80133954900720006,0.89341472249947995,0.89341472249947995,-0.1570580553709473,0.18952002159705705,0.053024736916141305,-0.10838331082236541,0.12685523986693187,0.031316012751310386,-0.016308137330085515,0.018089115526082597,0.0032104593425105812
6bb67f8d-60a0-5896-82b6-dce7d0a9c617,50571922-e771-5a15-8d73-fbb18bc742a1,2024-10-12,2024,SUBMISSION,Featherweight,NO_MATCH,NO_MATCH,MATCH,MATCH,LOW / MID,MID / MID,HIGH / HIGH,LOW / MID,LOW / MID,HIGH / MID,LOW / MID,LOW / LOW,HIGH / HIGH,LOW / MID,HIGH / LOW,HIGH / HIGH,HIGH / MID,HIGH / MID,HIGH / MID,LOW / LOW,HIGH / HIGH,0.40388720348805746,0.45822805166244507,0.47189492732715421,0.32613741385537431,0.32613741385537431,0.054340848174387613,0.09558475168052083,0.046848074188956895,0.068007723839096756,0.12113463986877027,0.059559949295696635,-0.077749789632683142,-0.12259630695140256,-0.056759260425131824
d95b34b6-3dd1-5ecc-b6f1-0d2e2a549204,ebb053a1-1e09-5b2a-a288-394f59f996c5,2024-10-19,2024,KO_TKO,Middleweight,NO_MATCH,NO_MATCH,MATCH,MATCH,HIGH / LOW,HIGH / HIGH,HIGH / LOW,LOW / MID,LOW / MID,HIGH / LOW,MID / MID,MID / MID,HIGH / HIGH,LOW / MID,HIGH / HIGH,HIGH / HIGH,HIGH / MID,HIGH / HIGH,HIGH / HIGH,HIGH / MID,HIGH / MID,0.47356263574962498,0.53863447904586792,0.51857131348387842,0.54723912136317021,0.54723912136317021,0.065071843296242937,-0.12875300803329515,-0.064278154553604361,0.045008677734253433,-0.090793369923896194,-0.04536271827824398,0.073676485613545228,-0.1446016711242829,-0.072143885254887935
0725477d-6c50-52c9-af6c-2fec8f1eef83,a8f2fee6-cfa8-558b-9ca3-252edee28698,2024-10-26,2024,SUBMISSION,Middleweight,NO_MATCH,MATCH,NO_MATCH,NO_MATCH,HIGH / HIGH,MID / MID,MID / MID,HIGH / MID,HIGH / MID,HIGH / HIGH,HIGH / MID,MID / MID,HIGH / MID,LOW / MID,LOW / MID,LOW / MID,HIGH / LOW,LOW / LOW,HIGH / LOW,LOW / MID,HIGH / MID,0.76608805330024854,0.65894567966461182,0.73318451113386596,0.69108763854349264,0.69108763854349264,-0.10714237363563672,-0.37709701338266699,-0.15268149666070718,-0.032903542166382582,-0.13161261819165082,-0.049331378042758334,-0.075000414756755895,-0.27811286840253802,-0.10928878126174324
83be3f41-2500-5c3a-bc89-3b9c47cee16a,a8f2fee6-cfa8-558b-9ca3-252edee28698,2024-10-26,2024,SUBMISSION,Middleweight,MATCH,MATCH,MATCH,NO_MATCH,HIGH / MID,HIGH / MID,HIGH / LOW,HIGH / HIGH,HIGH / LOW,HIGH / LOW,HIGH / HIGH,MID / MID,HIGH / MID,HIGH / LOW,HIGH / HIGH,HIGH / LOW,LOW / LOW,HIGH / LOW,HIGH / MID,HIGH / HIGH,HIGH / LOW,0.81935629080616768,0.73846787214279175,0.73334119862588454,0.86096478094069984,0.86096478094069984,-0.080888418663375927,-0.3700305020184218,-0.12600993309653863,-0.086015092180283137,-0.38944330990326814,-0.13355541768159218,0.041608490134532161,0.26179935825037437,0.069915622736625993
f48d0089-f362-5de2-a04d-afb3a741a2e1,a8f2fee6-cfa8-558b-9ca3-252edee28698,2024-10-26,2024,KO_TKO,Heavyweight,MATCH,MATCH,NO_MATCH,NO_MATCH,LOW / MID,HIGH / MID,HIGH / MID,HIGH / MID,HIGH / HIGH,HIGH / HIGH,HIGH / HIGH,HIGH / HIGH,MID / MID,LOW / LOW,HIGH / HIGH,LOW / MID,HIGH / MID,LOW / MID,HIGH / MID,HIGH / LOW,LOW / LOW,0.83350149724620359,0.70552098751068115,0.76087696564302809,0.80238296891118555,0.80238296891118555,-0.12798050973552244,0.16669897925449309,0.058996137377428454,-0.072624531603175502,0.091163828316562473,0.029458074140829616,-0.031118528335018047,0.038049487288405709,0.011330739557101507
9e86b6c2-5b7b-55d9-a071-fe321b368824,af3f3b2c-6684-539c-a90d-166c421d247b,2024-11-02,2024,SUBMISSION,Bantamweight,MATCH,NO_MATCH,NO_MATCH,NO_MATCH,LOW / MID,HIGH / MID,LOW / MID,HIGH / HIGH,LOW / MID,LOW / LOW,MID / MID,HIGH / HIGH,HIGH / MID,LOW / MID,HIGH / HIGH,MID / MID,LOW / MID,HIGH / LOW,LOW / LOW,HIGH / LOW,LOW / LOW,0.80538333111016014,0.68103492259979248,0.68866708416649869,0.81738762553917421,0.81738762553917421,-0.12434840851036766,-0.49404979828057605,-0.18483374422959253,-0.11671624694366145,-0.46983098527699085,-0.17437995721571048,0.012004294429014073,0.063666089280670413,0.019480220354471389
21b972d6-e0d5-51ac-8647-e5242cd65e08,50df6ed9-a652-50ab-8ddb-d5377a3e5444,2024-11-09,2024,KO_TKO,Welterweight,MATCH,NO_MATCH,NO_MATCH,NO_MATCH,HIGH / LOW,HIGH / LOW,HIGH / LOW,HIGH / LOW,HIGH / MID,MID / MID,HIGH / MID,HIGH / LOW,HIGH / MID,LOW / LOW,HIGH / MID,LOW / LOW,LOW / MID,LOW / MID,MID / MID,HIGH / LOW,HIGH / LOW,0.84909114063713986,0.71921998262405396,0.73670759954789522,0.72320368612865094,0.72320368612865094,-0.12987115801308591,0.16599926383583555,0.056063934323437065,-0.11238354108924464,0.14197546182631318,0.046549404301632014,-0.12588745450848893,0.16047562508856369,0.053842715538566885
253f6efc-3a8a-5735-a03c-083a7af1b55a,61b75bab-e854-5dc3-bd6d-5893c9b89508,2024-11-16,2024,KO_TKO,Heavyweight,NO_MATCH,MATCH,NO_MATCH,NO_MATCH,HIGH / MID,HIGH / HIGH,HIGH / HIGH,HIGH / MID,HIGH / LOW,HIGH / LOW,HIGH / HIGH,HIGH / LOW,HIGH / HIGH,HIGH / MID,HIGH / HIGH,LOW / MID,LOW / LOW,HIGH / LOW,HIGH / LOW,HIGH / MID,HIGH / MID,0.86535138372444187,0.79947727918624878,0.83199026577852986,0.85907192455463743,0.85907192455463743,-0.06587410453819309,0.079177535312895286,0.022079111697627118,-0.033361117945912011,0.039314907436812457,0.010097020928246537,-0.0062794591698044355,0.0072829993609219157,0.0017304725838113051
b5deb297-62ac-5c61-9ac4-6cbe73f0583d,61b75bab-e854-5dc3-bd6d-5893c9b89508,2024-11-16,2024,SUBMISSION,Lightweight,NO_MATCH,NO_MATCH,NO_MATCH,MATCH,HIGH / LOW,HIGH / HIGH,MID / MID,LOW / MID,HIGH / LOW,HIGH / LOW,LOW / MID,MID / MID,LOW / MID,LOW / MID,LOW / LOW,HIGH / HIGH,HIGH / MID,HIGH / HIGH,HIGH / LOW,LOW / LOW,HIGH / MID,0.44114979870192578,0.4800226092338562,0.48066546867851462,0.37455484498373148,0.37455484498373148,0.038872810531930424,0.072096129697756361,0.035808560480929785,0.039515669976588841,0.073333216491396236,0.036426147885186499,-0.066594953718194294,-0.11258218320208185,-0.054321812993962493
cdc079c9-0ebe-55e3-af85-5d5a4836ff97,61b75bab-e854-5dc3-bd6d-5893c9b89508,2024-11-16,2024,KO_TKO,Heavyweight,NO_MATCH,MATCH,NO_MATCH,NO_MATCH,MID / MID,HIGH / LOW,HIGH / LOW,HIGH / LOW,HIGH / MID,HIGH / HIGH,HIGH / MID,LOW / MID,HIGH / MID,HIGH / MID,MID / MID,LOW / LOW,LOW / LOW,LOW / LOW,LOW / MID,HIGH / MID,LOW / MID,0.79651392568756585,0.78594690561294556,0.8015113894985022,0.83385845384753765,0.83385845384753765,-0.010567020074620292,0.013355372760636308,0.0044121447775877648,0.0049974638109363534,-0.0062545693801167035,-0.0020088539402701722,0.037344528159971802,-0.045819055550000348,-0.013803569081154696
003dff80-fc5f-5172-864d-e0c35b643922,8161e8c8-ef15-503b-8a98-81a47cc608ca,2024-11-23,2024,SUBMISSION,Women's Flyweight,MATCH,NO_MATCH,NO_MATCH,NO_MATCH,HIGH / LOW,LOW / LOW,LOW / LOW,HIGH / LOW,LOW / LOW,LOW / LOW,LOW / MID,HIGH / HIGH,HIGH / LOW,HIGH / LOW,HIGH / MID,LOW / MID,LOW / MID,MID / MID,LOW / MID,LOW / LOW,MID / MID,0.58579812471270798,0.65590894222259521,0.64838522618556593,0.59930018947382901,0.59930018947382901,0.070110817509887235,0.18544715125641431,0.087057097570638398,0.062587101472857953,0.16381729270284973,0.077243958618782138,0.013502064761121035,0.033140931658575346,0.016001274186441983
4e46bf28-fae9-56ca-a3ed-b00e30cadc4c,8161e8c8-ef15-503b-8a98-81a47cc608ca,2024-11-23,2024,KO_TKO,Welterweight,NO_MATCH,MATCH,NO_MATCH,NO_MATCH,MID / MID,HIGH / HIGH,LOW / MID,HIGH / MID,MID / MID,HIGH / HIGH,HIGH / HIGH,HIGH / MID,MID / MID,HIGH / LOW,HIGH / MID,LOW / LOW,LOW / LOW,LOW / LOW,LOW / MID,HIGH / HIGH,LOW / MID,0.82576493518019833,0.7375761866569519,0.79466722034583515,0.85685549542339212,0.85685549542339212,-0.08818874852324643,0.11294076409338902,0.038508399996746462,-0.031097714834363188,0.038386714652700882,0.011803692587745326,0.031090560243193788,-0.036959136691359057,-0.0098675086222779762
1eda664e-8add-541f-ab77-c132ef90d676,d22ad558-58ae-5508-9278-291baed84314,2024-12-07,2024,SUBMISSION,Lightweight,NO_MATCH,NO_MATCH,NO_MATCH,MATCH,HIGH / LOW,HIGH / HIGH,HIGH / HIGH,MID / MID,HIGH / MID,LOW / MID,LOW / MID,MID / MID,HIGH / LOW,HIGH / LOW,HIGH / LOW,HIGH / MID,HIGH / MID,HIGH / HIGH,LOW / LOW,HIGH / LOW,HIGH / HIGH,0.5774024848412791,0.49668309092521667,0.49229276464399263,0.52648866494581847,0.52648866494581847,-0.080719393916062421,-0.17479978435598109,-0.086699536689856471,-0.085109720197286465,-0.18348474781944946,-0.091041463380058002,-0.050913819895460621,-0.11375562593276478,-0.056203315184453206
3d478bf8-18c9-5c99-86c5-28e22921ed66,d22ad558-58ae-5508-9278-291baed84314,2024-12-07,2024,SUBMISSION,Flyweight,UNASSIGNABLE,NO_MATCH,MATCH,UNASSIGNABLE,HIGH / MISSING,HIGH / LOW,MID / MISSING,MID / MISSING,LOW / MISSING,LOW / MISSING,MID / MISSING,HIGH / MISSING,HIGH / MISSING,LOW / MISSING,HIGH / MISSING,HIGH / MISSING,LOW / MISSING,HIGH / MISSING,HIGH / MISSING,HIGH / MISSING,HIGH / MISSING,0.60103481936523118,0.65933752059936523,0.5624803464991045,0.62125723695507473,0.62125723695507473,0.058302701234134058,0.157981955869956,0.073483111980722327,-0.038554472866126677,-0.092247480574067398,-0.044858713891643365,0.020222417589843555,0.052016897333502787,0.024717700379657814
4ea808fe-e358-5e10-add9-ffc6f76d6efb,d22ad558-58ae-5508-9278-291baed84314,2024-12-07,2024,KO_TKO,Light Heavyweight,MATCH,MATCH,NO_MATCH,NO_MATCH,HIGH / HIGH,HIGH / HIGH,LOW / MID,HIGH / HIGH,HIGH / HIGH,HIGH / HIGH,HIGH / HIGH,HIGH / HIGH,HIGH / HIGH,LOW / LOW,HIGH / MID,MID / MID,LOW / LOW,HIGH / MID,LOW / LOW,HIGH / LOW,LOW / LOW,0.8601427145214261,0.79966765642166138,0.79715701515909143,0.78873573296308563,0.78873573296308563,-0.060475058099764722,0.072902110717516289,0.020572987582154194,-0.062985699362334668,0.07604665548320616,0.021585216197733743,-0.071406981558340465,0.086666997066866425,0.025072530225209347
76bec230-38dd-5ecb-8746-8b5191c1bf21,d22ad558-58ae-5508-9278-291baed84314,2024-12-07,2024,KO_TKO,Heavyweight,NO_MATCH,MATCH,NO_MATCH,NO_MATCH,MID / MID,HIGH / MID,LOW / MID,LOW / MID,HIGH / HIGH,HIGH / HIGH,HIGH / MID,HIGH / MID,HIGH / HIGH,LOW / MID,HIGH / HIGH,LOW / LOW,LOW / MID,LOW / MID,HIGH / MID,HIGH / LOW,LOW / LOW,0.85288895668984288,0.79272270202636719,0.81959863562409507,0.88145041356980691,0.88145041356980691,-0.060166254663475693,0.0731558809914091,0.02132221919144724,-0.033290321065747808,0.039814607608752134,0.010902993204885091,0.028561456879964031,-0.032939388637215683,-0.0075876546210331044
9c311670-f0e3-5c40-bcd3-48caa2796269,d22ad558-58ae-5508-9278-291baed84314,2024-12-07,2024,KO_TKO,Featherweight,NO_MATCH,MATCH,NO_MATCH,NO_MATCH,HIGH / MID,HIGH / HIGH,LOW / MID,HIGH / MID,HIGH / HIGH,HIGH / HIGH,HIGH / MID,HIGH / HIGH,HIGH / MID,MID / MID,HIGH / HIGH,HIGH / HIGH,LOW / MID,HIGH / LOW,MID / MID,HIGH / LOW,LOW / LOW,0.79878513565277898,0.72167134284973145,0.74572916951033941,0.79062343999293361,0.79062343999293361,-0.077113792803047532,0.10152216157509231,0.036979419756801184,-0.05305596614243957,0.068729502286303978,0.024166233603631161,-0.0081616956598453694,0.010270194239505565,0.0033511222461221207
a7f67273-4fc2-59a5-854b-015916c65462,d22ad558-58ae-5508-9278-291baed84314,2024-12-07,2024,SUBMISSION,Welterweight,MATCH,NO_MATCH,NO_MATCH,NO_MATCH,HIGH / MID,HIGH / MID,HIGH / LOW,HIGH / HIGH,LOW / MID,LOW / MID,HIGH / MID,HIGH / LOW,HIGH / HIGH,LOW / MID,HIGH / MID,MID / MID,HIGH / LOW,HIGH / LOW,HIGH / HIGH,HIGH / MID,HIGH / LOW,0.56369018201338128,0.52447986602783203,0.62503757591485587,0.54422790304246538,0.54422790304246538,-0.039210315985549249,-0.086056641116829868,-0.042667491429706272,0.061347393901474589,0.15152676420051492,0.072925350007240319,-0.019462278970915903,-0.043640314494509558,-0.021562610848279817
b8b4474f-8b30-57dc-85e5-c0eb6c7c3e42,d22ad558-58ae-5508-9278-291baed84314,2024-12-07,2024,SUBMISSION,Welterweight,NO_MATCH,NO_MATCH,MATCH,NO_MATCH,MID / MID,HIGH / HIGH,HIGH / LOW,HIGH / LOW,LOW / LOW,LOW / LOW,LOW / MID,HIGH / LOW,HIGH / LOW,MID / MID,LOW / MID,HIGH / MID,HIGH / LOW,HIGH / LOW,HIGH / HIGH,HIGH / MID,HIGH / MID,0.41065431689145343,0.36547055840492249,0.34909396170546764,0.26780417377479587,0.26780417377479587,-0.045183758486530945,-0.073870777520171627,-0.035068238920780398,-0.061560355185985793,-0.099352387563510836,-0.046770373882367752,-0.14285014311665756,-0.21703509053837411,-0.096917892490385196
ba216c83-d78c-5181-aa7d-055cfd30ce33,d22ad558-58ae-5508-9278-291baed84314,2024-12-07,2024,KO_TKO,Catch Weight,MATCH,NO_MATCH,MATCH,NO_MATCH,MID / MID,HIGH / HIGH,HIGH / MID,HIGH / MID,HIGH / HIGH,HIGH / LOW,MID / MID,HIGH / MID,MID / MID,LOW / LOW,LOW / MID,HIGH / LOW,LOW / LOW,HIGH / LOW,HIGH / LOW,HIGH / MID,HIGH / HIGH,0.82930505618919759,0.80931752920150757,0.79001698236302542,0.83263966231713615,0.83263966231713615,-0.019987526987690019,0.024396732399910553,0.0072230408272449254,-0.039288073826172165,0.048533626482705428,0.014956103853356981,0.0033346061279385664,-0.0040129019523634235,-0.0011272812132507755
1b84ca11-5ef9-52df-af2b-d5f41df0f4e9,4494e592-9a9a-5f73-8757-2e6ca33ab93a,2024-12-14,2024,KO_TKO,Light Heavyweight,NO_MATCH,NO_MATCH,MATCH,NO_MATCH,HIGH / LOW,HIGH / MID,HIGH / LOW,MID / MID,HIGH / LOW,MID / MID,HIGH / MID,HIGH / LOW,MID / MID,LOW / MID,HIGH / LOW,HIGH / LOW,LOW / MID,HIGH / LOW,HIGH / LOW,HIGH / LOW,HIGH / LOW,0.70292930480160187,0.65248757600784302,0.68159867260196894,0.64198821966169417,0.64198821966169417,-0.050441728793758855,0.074464226179501269,0.032513886883245122,-0.021330632199632937,0.03081529655449583,0.013128407343168599,-0.060941085139907702,0.090686370509073577,0.039921436915343791
336f0d0b-a49b-5ba4-a328-f4d2b81b0334,4494e592-9a9a-5f73-8757-2e6ca33ab93a,2024-12-14,2024,KO_TKO,Lightweight,NO_MATCH,NO_MATCH,NO_MATCH,MATCH,HIGH / MID,HIGH / HIGH,LOW / MID,MID / MID,LOW / MID,MID / MID,HIGH / MID,MID / MID,HIGH / HIGH,LOW / LOW,HIGH / HIGH,HIGH / LOW,HIGH / LOW,HIGH / LOW,LOW / LOW,HIGH / LOW,HIGH / LOW,0.66525977695840688,0.60116064548492432,0.61697267362483621,0.59017739972962779,0.59017739972962779,-0.064099131473482562,0.10131541062019167,0.047021813788066719,-0.048287103333570669,0.07535287259398854,0.034658915828170739,-0.075082377228779085,0.1197544372046474,0.055903546770433771
3423c372-774a-5e0e-a44a-0d1df2bb2579,4494e592-9a9a-5f73-8757-2e6ca33ab93a,2024-12-14,2024,KO_TKO,Lightweight,MATCH,NO_MATCH,NO_MATCH,NO_MATCH,HIGH / LOW,HIGH / MID,LOW / MID,HIGH / HIGH,HIGH / MID,HIGH / MID,HIGH / MID,HIGH / HIGH,HIGH / LOW,LOW / MID,HIGH / HIGH,LOW / MID,MID / MID,LOW / MID,MID / MID,HIGH / HIGH,LOW / LOW,0.92294843259759662,0.82726681232452393,0.83247910833310512,0.90891812307732045,0.90891812307732045,-0.095681620273072698,0.10944609385676561,0.023899810085364129,-0.090469324264491502,0.10316523715604438,0.02212630510570442,-0.014030309520276174,0.015318347102090124,0.0023589642645910338
aee57144-60b9-5882-92cc-c03e446eaf92,4494e592-9a9a-5f73-8757-2e6ca33ab93a,2024-12-14,2024,KO_TKO,Featherweight,MATCH,NO_MATCH,NO_MATCH,NO_MATCH,LOW / LOW,HIGH / HIGH,HIGH / MID,HIGH / MID,MID / MID,MID / MID,HIGH / HIGH,HIGH / HIGH,HIGH / HIGH,LOW / MID,HIGH / HIGH,HIGH / LOW,MID / MID,LOW / MID,HIGH / LOW,HIGH / MID,HIGH / LOW,0.74356352486816424,0.58504366874694824,0.58891104836838304,0.61873916655284611,0.61873916655284611,-0.158519856121216,0.23976771068071678,0.10642909106895179,-0.1546524764997812,0.2331790517564426,0.10323446037554129,-0.12482435831531813,0.18377039742911139,0.079600157342777783
5a47ce41-52f3-5438-bc56-659ec5189055,a1e23bed-e6ac-59e3-bed1-bb837aae58fd,2025-01-11,2025,KO_TKO,Welterweight,MATCH,NO_MATCH,NO_MATCH,NO_MATCH,HIGH / HIGH,HIGH / MID,HIGH / HIGH,HIGH / HIGH,HIGH / MID,LOW / MID,HIGH / HIGH,HIGH / MID,HIGH / HIGH,LOW / MID,HIGH / HIGH,LOW / LOW,HIGH / HIGH,LOW / LOW,HIGH / MID,LOW / LOW,LOW / LOW,0.77549614230633745,0.82040309906005859,0.78577703135937749,0.7743312719874581,0.78577703135937749,0.044906956753721139,-0.05629279554563546,-0.018146935292105155,0.010280889053040032,-0.01317006892620648,-0.0045105018261351465,-0.0011648703188793519,0.0015032261366519362,0.00052439268346232693
a4a5703a-27b0-557f-b161-469fecf63af2,a1e23bed-e6ac-59e3-bed1-bb837aae58fd,2025-01-11,2025,KO_TKO,Middleweight,MATCH,NO_MATCH,NO_MATCH,NO_MATCH,LOW / MID,HIGH / HIGH,LOW / LOW,HIGH / MID,LOW / LOW,LOW / LOW,HIGH / HIGH,HIGH / HIGH,HIGH / HIGH,LOW / MID,HIGH / HIGH,LOW / LOW,HIGH / MID,LOW / LOW,HIGH / MID,HIGH / HIGH,LOW / LOW,0.82015151553532184,0.79774421453475952,0.71759996184890629,0.68473865406320344,0.71759996184890629,-0.022407301000562319,0.027701085328956238,0.0085619253899198028,-0.10255155368641555,0.13357684065282985,0.0474043041834976,-0.1354128614721184,0.18045185968528546,0.067044238877638926
aacb3c74-ac30-5bd1-8906-7668e3c4aed6,a1e23bed-e6ac-59e3-bed1-bb837aae58fd,2025-01-11,2025,KO_TKO,Welterweight,MATCH,MATCH,NO_MATCH,NO_MATCH,HIGH / HIGH,HIGH / MID,HIGH / LOW,HIGH / MID,HIGH / HIGH,HIGH / HIGH,HIGH / MID,HIGH / LOW,LOW / MID,HIGH / LOW,HIGH / MID,HIGH / LOW,HIGH / LOW,HIGH / LOW,LOW / LOW,LOW / MID,HIGH / LOW,0.74837736199953153,0.78794181346893311,0.79446907592488059,0.74869582370928323,0.79446907592488059,0.039564451469401574,-0.051516900944434452,-0.01834527747947004,0.046091713925349054,-0.059766717120273427,-0.021070991203142299,0.00031846170975169397,-0.00042544575321412648,-0.00016016293315915253
ac07d68f-52fd-59eb-8c66-b02417b4ffdf,a1e23bed-e6ac-59e3-bed1-bb837aae58fd,2025-01-11,2025,KO_TKO,Middleweight,MATCH,NO_MATCH,NO_MATCH,NO_MATCH,HIGH / LOW,HIGH / LOW,HIGH / MID,HIGH / LOW,HIGH / MID,MID / MID,HIGH / HIGH,HIGH / LOW,HIGH / HIGH,LOW / MID,MID / MID,LOW / MID,HIGH / LOW,LOW / MID,LOW / MID,LOW / LOW,LOW / LOW,0.77504153694935374,0.78309023380279541,0.75140507322812955,0.73573705524990918,0.75140507322812955,0.0080486968534416725,-0.010331306497695592,-0.0035564634263830219,-0.023636463721224188,0.030971739162738099,0.011193127518602651,-0.03930448169944456,0.052043830973878102,0.019228593869880573
934bccae-234c-5637-aea2-eacf1b5cdc16,ac1710ec-d7cc-598b-88de-8c9401cdd37d,2025-01-18,2025,KO_TKO,Middleweight,UNASSIGNABLE,UNASSIGNABLE,MATCH,UNASSIGNABLE,HIGH / MISSING,LOW / LOW,HIGH / MISSING,HIGH / MISSING,MID / MISSING,HIGH / MISSING,HIGH / MISSING,LOW / MISSING,HIGH / MISSING,LOW / MISSING,HIGH / MISSING,HIGH / MISSING,MID / MISSING,MID / MISSING,HIGH / MISSING,LOW / MISSING,HIGH / MISSING,0.68546936919688051,0.67500853538513184,0.69528159593542271,0.71249421835398075,0.69528159593542271,-0.010460833811748671,0.015378478311492194,0.0066899343591088484,0.0098122267385422068,-0.014213123392686877,-0.0060762119377452684,0.027024849157100239,-0.038667983399893302,-0.016269943233519754
b3ce9f2b-9e72-5d1f-a779-e5fc385f7bed,ac1710ec-d7cc-598b-88de-8c9401cdd37d,2025-01-18,2025,KO_TKO,Heavyweight,NO_MATCH,MATCH,MATCH,NO_MATCH,HIGH / HIGH,HIGH / HIGH,HIGH / HIGH,LOW / LOW,HIGH / LOW,HIGH / HIGH,HIGH / HIGH,HIGH / LOW,HIGH / HIGH,LOW / LOW,LOW / MID,HIGH / MID,LOW / LOW,HIGH / HIGH,HIGH / HIGH,MID / MID,HIGH / HIGH,0.36442068986299192,0.63818544149398804,0.65263519562465244,0.64500070779153706,0.65263519562465244,0.27376475163099612,-0.56031996009639173,-0.27305128472733475,0.28821450576166052,-0.5827093724306085,-0.28329875215551165,0.28058001792854514,-0.57094247248273122,-0.27793656200572547
bb580f11-8b79-537a-bd69-eddbfccdc0c0,ac1710ec-d7cc-598b-88de-8c9401cdd37d,2025-01-18,2025,SUBMISSION,Middleweight,MATCH,NO_MATCH,NO_MATCH,MATCH,HIGH / MID,HIGH / LOW,LOW / MID,HIGH / MID,LOW / MID,HIGH / MID,MID / MID,MID / MID,HIGH / HIGH,LOW / LOW,HIGH / MID,HIGH / MID,HIGH / MID,HIGH / HIGH,MID / MID,HIGH / LOW,HIGH / LOW,0.5165100594402694,0.515311598777771,0.53402253247044074,0.53150317610633324,0.53402253247044074,-0.0011984606624984018,-0.002475703541182539,-0.0012365976680882018,0.017512473030171338,0.03689322920042426,0.018397423683152281,0.014993116666063844,0.031501186869814291,0.015712984708129263
c5b2b186-4c15-5b83-91b2-a80b326531cc,ac1710ec-d7cc-598b-88de-8c9401cdd37d,2025-01-18,2025,SUBMISSION,Lightweight,NO_MATCH,NO_MATCH,MATCH,NO_MATCH,HIGH / MID,HIGH / HIGH,HIGH / MID,LOW / MID,HIGH / MID,HIGH / LOW,MID / MID,LOW / MID,HIGH / MID,HIGH / HIGH,HIGH / LOW,HIGH / MID,LOW / MID,HIGH / HIGH,HIGH / HIGH,HIGH / HIGH,HIGH / MID,0.59587945063245706,0.72727686166763306,0.7069753503885241,0.67768892513712486,0.7069753503885241,0.13139741103517599,0.39325608768648845,0.17385931383108261,0.11109589975606704,0.32145648913018443,0.14474182637093758,0.081809474504667801,0.2261960727746114,0.10418995956747279
f27d65af-5d6b-5f77-a829-d47531e9e2ab,ac1710ec-d7cc-598b-88de-8c9401cdd37d,2025-01-18,2025,KO_TKO,Light Heavyweight,MATCH,MATCH,NO_MATCH,NO_MATCH,HIGH / LOW,HIGH / MID,HIGH / MID,HIGH / HIGH,HIGH / MID,HIGH / HIGH,HIGH / HIGH,HIGH / MID,HIGH / HIGH,LOW / LOW,HIGH / HIGH,LOW / LOW,HIGH / HIGH,HIGH / LOW,HIGH / MID,HIGH / MID,LOW / LOW,0.86891041338621733,0.83190840482711792,0.8259035988470429,0.81111289254800123,0.8259035988470429,-0.037002008559099409,0.043517683926886874,0.011070304649191644,-0.043006814539174432,0.050761970043288973,0.013125077175838933,-0.057797520838216099,0.068832782245778545,0.018493859643010497
83b380b5-bfb7-5c16-8b99-860b659e7620,358e2b57-aba1-5df3-b4d6-f379c993e869,2025-02-01,2025,KO_TKO,Heavyweight,NO_MATCH,MATCH,NO_MATCH,NO_MATCH,MID / MID,LOW / LOW,LOW / MID,LOW / LOW,LOW / MID,HIGH / HIGH,HIGH / MID,HIGH / HIGH,HIGH / MID,LOW / MID,HIGH / LOW,LOW / LOW,LOW / LOW,LOW / LOW,LOW / MID,HIGH / MID,HIGH / MID,0.7644776594147179,0.83204752206802368,0.81028310092360423,0.78787943820631601,0.81028310092360423,0.067569862653305779,-0.084696754597247181,-0.027262738071278624,0.045805441508886324,-0.058190891453104049,-0.019478271119606275,0.023401778791598105,-0.030152278489488232,-0.010475640179101506
a7e6fb98-5bfb-5f2d-827a-2e5ff7e4fb2e,358e2b57-aba1-5df3-b4d6-f379c993e869,2025-02-01,2025,KO_TKO,Lightweight,NO_MATCH,NO_MATCH,NO_MATCH,MATCH,HIGH / LOW,HIGH / HIGH,HIGH / MID,HIGH / MID,HIGH / MID,HIGH / MID,HIGH / MID,MID / MID,HIGH / MID,HIGH / LOW,HIGH / MID,HIGH / LOW,HIGH / HIGH,HIGH / LOW,HIGH / MID,HIGH / LOW,HIGH / LOW,0.84385565304590859,0.67267823219299316,0.72185050377419047,0.70816127879122048,0.72185050377419047,-0.17117742085291543,0.22671434712714866,0.082758482594584418,-0.12200514927171813,0.15616339380358962,0.052986085164951957,-0.13569437425468811,0.17530959011709346,0.060788782111056053
2b8399c6-c030-5456-a569-045e4b2d09ba,5f759fdd-4ed1-5c6b-975a-7f058cfeb34d,2025-02-08,2025,SUBMISSION,Featherweight,MATCH,NO_MATCH,MATCH,MATCH,LOW / LOW,LOW / MID,MID / MID,HIGH / MID,HIGH / LOW,HIGH / HIGH,LOW / MID,HIGH / MID,HIGH / HIGH,HIGH / LOW,HIGH / HIGH,HIGH / LOW,HIGH / LOW,LOW / LOW,HIGH / HIGH,HIGH / HIGH,HIGH / LOW,0.64513294209133865,0.65886598825454712,0.65404133900855899,0.63891568434558976,0.65404133900855899,0.013733046163208473,0.039467838172486447,0.017907877507214509,0.0089083969172203403,0.025423943557710826,0.011573560160682284,-0.0062172577457488831,-0.017368257857076408,-0.0079832612686331905
1b4381e2-d799-5d8a-882c-660ee191254d,f4bd86c4-c34d-55a5-8b33-951d0a243594,2025-02-15,2025,SUBMISSION,Welterweight,NO_MATCH,MATCH,NO_MATCH,MATCH,HIGH / HIGH,HIGH / MID,LOW / LOW,HIGH / LOW,HIGH / LOW,HIGH / LOW,HIGH / LOW,HIGH / HIGH,LOW / MID,HIGH / LOW,HIGH / HIGH,HIGH / LOW,HIGH / LOW,HIGH / LOW,HIGH / LOW,HIGH / HIGH,LOW / MID,0.62384096403444433,0.6319536566734314,0.68131019749004584,0.57132958170887804,0.68131019749004584,0.0081126926389870624,0.021803158764972741,0.010187875775496347,0.057469233455601509,0.16579379819106999,0.075006036796500419,-0.052511382325566291,-0.13067634597905187,-0.062760057471783315
24f5bd30-dc74-55f3-8633-cc49094b2dba,f4bd86c4-c34d-55a5-8b33-951d0a243594,2025-02-15,2025,KO_TKO,Lightweight,MATCH,NO_MATCH,NO_MATCH,NO_MATCH,LOW / LOW,LOW / LOW,LOW / MID,HIGH / MID,HIGH / LOW,MID / MID,MID / MID,HIGH / MID,HIGH / MID,HIGH / LOW,HIGH / HIGH,LOW / MID,HIGH / LOW,HIGH / MID,HIGH / MID,HIGH / HIGH,MID / MID,0.65428343308797809,0.70562684535980225,0.70313441632929941,0.63808857804844821,0.70313441632929941,0.051343412271824151,-0.075545908613608881,-0.032864390464612744,0.048850983241321311,-0.072007435915811879,-0.031390769869288793,-0.016194855039529887,0.025063530725731364,0.011459932701559636
2d3eb4c4-8e42-5976-be6f-31bc8db281bb,f4bd86c4-c34d-55a5-8b33-951d0a243594,2025-02-15,2025,KO_TKO,Middleweight,MATCH,MATCH,NO_MATCH,NO_MATCH,HIGH / MID,HIGH / LOW,HIGH / LOW,HIGH / LOW,LOW / MID,HIGH / HIGH,HIGH / MID,HIGH / LOW,HIGH / LOW,LOW / LOW,LOW / MID,LOW / MID,HIGH / LOW,MID / MID,MID / MID,LOW / MID,HIGH / MID,0.59073066119143214,0.53652673959732056,0.5777967550658053,0.57792457844967582,0.5777967550658053,-0.054203921594111582,0.096243777859259083,0.047306071419487589,-0.012933906125626837,0.022138007503030743,0.010754188344161281,-0.012806082741756319,0.021916806456230065,0.01064626978808153
6fb3026c-8b5b-5ab9-b2a5-505c706c96d8,f4bd86c4-c34d-55a5-8b33-951d0a243594,2025-02-15,2025,SUBMISSION,Heavyweight,NO_MATCH,MATCH,NO_MATCH,NO_MATCH,HIGH / LOW,HIGH / LOW,HIGH / LOW,MID / MID,MID / MID,HIGH / MID,HIGH / MID,HIGH / MID,HIGH / LOW,LOW / LOW,LOW / MID,LOW / MID,LOW / LOW,HIGH / LOW,HIGH / HIGH,LOW / LOW,HIGH / LOW,0.63361734685795745,0.73478353023529053,0.75363868159156355,0.73681052556938254,0.75363868159156355,0.10116618337733307,0.32313192806600344,0.13843589406571893,0.1200213347336061,0.39687905527769574,0.16650032015175292,0.10319317871142508,0.33080407974818793,0.14141880835051251
bb320953-4680-5c24-9387-94d744ab645f,f4bd86c4-c34d-55a5-8b33-951d0a243594,2025-02-15,2025,KO_TKO,Middleweight,NO_MATCH,MATCH,NO_MATCH,NO_MATCH,HIGH / MID,HIGH / HIGH,LOW / MID,HIGH / MID,HIGH / MID,HIGH / MID,HIGH / HIGH,HIGH / HIGH,HIGH / HIGH,LOW / MID,HIGH / HIGH,LOW / MID,LOW / LOW,LOW / LOW,HIGH / HIGH,HIGH / MID,HIGH / LOW,0.87884616986758457,0.83729523420333862,0.83213204268134688,0.81323483989840806,0.83213204268134688,-0.041550935664245947,0.0484331391994825,0.011794590257192258,-0.046714127186237686,0.054618743156214039,0.013501400538582974,-0.065611329969176513,0.077589952730382522,0.020202974472019099
a15001e5-818e-5e9e-b451-7818a418558e,224d309b-834a-56df-be93-ba6e1b8e3388,2025-02-22,2025,SUBMISSION,Light Heavyweight,MATCH,MATCH,NO_MATCH,NO_MATCH,HIGH / MID,HIGH / LOW,HIGH / LOW,HIGH / MID,HIGH / MID,HIGH / HIGH,HIGH / HIGH,HIGH / MID,LOW / MID,HIGH / LOW,HIGH / HIGH,LOW / LOW,HIGH / LOW,LOW / MID,HIGH / MID,HIGH / HIGH,HIGH / LOW,0.74418031332216894,0.85444486141204834,0.83634613171780714,0.78625290993305741,0.83634613171780714,0.1102645480898794,0.56391787320265685,0.17627168245717295,0.092165818395638199,0.44671920919428132,0.14567051330305802,0.042072596610888469,0.17967935339230801,0.064389299641918973
74a8b05e-7144-5bff-b7c4-97d39ccbb9cb,7f9ad559-13fd-55d3-a2dd-1a63e83dae09,2025-03-01,2025,KO_TKO,Middleweight,MATCH,NO_MATCH,NO_MATCH,MATCH,HIGH / LOW,HIGH / MID,HIGH / MID,HIGH / MID,HIGH / LOW,HIGH / MID,LOW / MID,HIGH / LOW,HIGH / MID,LOW / LOW,HIGH / LOW,HIGH / HIGH,HIGH / MID,HIGH / MID,HIGH / LOW,HIGH / LOW,LOW / MID,0.60677578934239562,0.53545624017715454,0.54591305908920773,0.51443037077301579,0.54591305908920773,-0.071319549165241081,0.12504017891100522,0.061175624943049511,-0.060862730253187891,0.10569961714128945,0.051569670058425332,-0.092345418569379834,0.16509913542886051,0.081152584980334896
9a699a78-208c-597d-8317-b0a75dbe196a,7f9ad559-13fd-55d3-a2dd-1a63e83dae09,2025-03-01,2025,KO_TKO,Flyweight,NO_MATCH,NO_MATCH,MATCH,NO_MATCH,HIGH / LOW,MID / MID,HIGH / MID,HIGH / MID,LOW / LOW,LOW / LOW,LOW / MID,HIGH / LOW,HIGH / HIGH,HIGH / HIGH,HIGH / LOW,HIGH / MID,HIGH / LOW,HIGH / LOW,HIGH / MID,HIGH / MID,HIGH / LOW,0.55924482563237765,0.47075185179710388,0.46831434820505757,0.49269029663188962,0.46831434820505757,-0.088492973835273769,0.17225624674757944,0.085838478644361504,-0.090930477427320078,0.17744759335611715,0.08842450859277956,-0.066554529000488027,0.12670657291035281,0.063098011399607024
d3b9327a-91cf-5484-ad12-3b0526d9029d,7f9ad559-13fd-55d3-a2dd-1a63e83dae09,2025-03-01,2025,KO_TKO,Welterweight,MATCH,MATCH,NO_MATCH,NO_MATCH,HIGH / MID,LOW / LOW,LOW / LOW,HIGH / MID,MID / MID,HIGH / MID,HIGH / LOW,MID / MID,HIGH / LOW,LOW / LOW,HIGH / LOW,HIGH / LOW,LOW / MID,HIGH / MID,HIGH / LOW,HIGH / LOW,LOW / MID,0.62134746432848886,0.6725427508354187,0.66715298094319098,0.67509269530790306,0.66715298094319098,0.051195286506929838,-0.079175230134236385,-0.036149492740030348,0.045805516614702113,-0.071128927017044263,-0.032590604675461238,0.053745230979414194,-0.082959558489441532,-0.037812986128181902
3bc6362e-95de-5687-98c1-fe1ff39ef906,198a0b4a-0abd-5b98-9eb3-edf4fe870c0c,2025-03-08,2025,SUBMISSION,Middleweight,NO_MATCH,MATCH,NO_MATCH,NO_MATCH,HIGH / LOW,MID / MID,LOW / MID,HIGH / LOW,LOW / MID,HIGH / HIGH,HIGH / LOW,MID / MID,HIGH / MID,LOW / MID,HIGH / MID,LOW / MID,HIGH / HIGH,LOW / LOW,LOW / MID,LOW / LOW,LOW / MID,0.66179964823941684,0.73303794860839844,0.68466929719482383,0.68931969421758044,0.68466929719482383,0.0712383003689816,0.23653195788087378,0.099365859690193126,0.022869648955406996,0.07001653826677523,0.030793272111438119,0.027520045978163599,0.084874048773387223,0.037182866426402728
96fcc952-909f-5e90-a16d-b29f0ab45530,198a0b4a-0abd-5b98-9eb3-edf4fe870c0c,2025-03-08,2025,SUBMISSION,Lightweight,MATCH,MATCH,NO_MATCH,NO_MATCH,HIGH / HIGH,HIGH / MID,HIGH / LOW,HIGH / HIGH,HIGH / LOW,HIGH / LOW,HIGH / HIGH,HIGH / HIGH,MID / MID,LOW / MID,HIGH / HIGH,HIGH / MID,LOW / MID,HIGH / HIGH,HIGH / LOW,HIGH / HIGH,LOW / LOW,0.83191606328411016,0.76260668039321899,0.77999673594679497,0.78876411698366611,0.77999673594679497,-0.069309382890891169,-0.34525486401788319,-0.11051538736976629,-0.051919327337315191,-0.26917890490581886,-0.083689428262477383,-0.043151946300444055,-0.22851196010418806,-0.069935504109109092
aa4e57fe-afba-5602-9962-2abee731d598,198a0b4a-0abd-5b98-9eb3-edf4fe870c0c,2025-03-08,2025,KO_TKO,Lightweight,NO_MATCH,MATCH,NO_MATCH,NO_MATCH,HIGH / MID,HIGH / LOW,MID / MID,HIGH / MID,MID / MID,HIGH / MID,HIGH / MID,HIGH / HIGH,HIGH / HIGH,HIGH / HIGH,HIGH / HIGH,LOW / LOW,MID / MID,MID / MID,LOW / MID,HIGH / HIGH,LOW / MID,0.79472967126856786,0.83958113193511963,0.84931534295512345,0.8431823189129134,0.84931534295512345,0.044851460666551768,-0.054901094321916699,-0.01640169462629272,0.054585671686555592,-0.066428525346855644,-0.019430041988778152,0.048452647644345537,-0.059181187847301336,-0.017544122755979018
2d3886e3-8c4c-5883-8513-44dcff999dc4,66c15bf5-c172-56ab-b7b0-f2f476a0a6ce,2025-03-15,2025,KO_TKO,Women's Bantamweight,MATCH,NO_MATCH,NO_MATCH,NO_MATCH,MID / MID,HIGH / MID,LOW / LOW,HIGH / MID,LOW / MID,LOW / LOW,HIGH / MID,HIGH / HIGH,MID / MID,LOW / LOW,HIGH / MID,LOW / LOW,HIGH / LOW,LOW / LOW,MID / MID,LOW / MID,LOW / LOW,0.59812403207807152,0.76690644025802612,0.73411999869986477,0.72485087716640462,0.73411999869986477,0.1687824081799546,-0.24856666857063003,-0.10717168600000174,0.13599596662179325,-0.20487435727362757,-0.090812118501826966,0.1267268450883331,-0.19216780308561121,-0.085797253797089926
4ebf5e0e-9b47-50f5-ab9b-9e70614b8d68,66c15bf5-c172-56ab-b7b0-f2f476a0a6ce,2025-03-15,2025,KO_TKO,Welterweight,NO_MATCH,MATCH,NO_MATCH,NO_MATCH,HIGH / MID,HIGH / HIGH,MID / MID,HIGH / MID,HIGH / MID,HIGH / LOW,HIGH / MID,MID / MID,HIGH / LOW,MID / MID,HIGH / HIGH,MID / MID,MID / MID,LOW / MID,LOW / LOW,HIGH / HIGH,LOW / MID,0.80865620184139309,0.79349058866500854,0.80872433205082728,0.77887234742708644,0.80872433205082728,-0.01516561317638454,0.018932180552448663,0.0060336878761629922,6.8130209434191791e-05,-8.42475942387233e-05,-2.6067944359525752e-05,-0.029783854414306643,0.037526694700892566,0.012284989638645459
acc66d50-03c0-5e4b-859c-c39f691d8eed,66c15bf5-c172-56ab-b7b0-f2f476a0a6ce,2025-03-15,2025,SUBMISSION,Bantamweight,NO_MATCH,NO_MATCH,NO_MATCH,MATCH,HIGH / HIGH,HIGH / MID,LOW / MID,LOW / MID,MID / MID,LOW / MID,MID / MID,HIGH / MID,MID / MID,LOW / MID,HIGH / MID,HIGH / MID,HIGH / HIGH,HIGH / MID,LOW / MID,HIGH / HIGH,HIGH / HIGH,0.48648290967267677,0.44962072372436523,0.45944997708002844,0.48621462782566177,0.45944997708002844,-0.036862185948311532,-0.069324322940430227,-0.03450682620117182,-0.027032932592648329,-0.051303871285628966,-0.025571339964755135,-0.00026828184701499502,-0.00052230353358773129,-0.00026095709194701167
bcfae99f-a7ff-5c27-ba59-21e17f0f3b80,66c15bf5-c172-56ab-b7b0-f2f476a0a6ce,2025-03-15,2025,SUBMISSION,Flyweight,NO_MATCH,NO_MATCH,NO_MATCH,MATCH,LOW / LOW,LOW / LOW,LOW / MID,HIGH / LOW,LOW / MID,LOW / LOW,LOW / LOW,HIGH / MID,HIGH / HIGH,HIGH / MID,HIGH / LOW,HIGH / MID,HIGH / LOW,MID / MID,HIGH / MID,MID / MID,LOW / MID,0.53197520947469812,0.49760416150093079,0.52364601322037341,0.55964325612027666,0.52364601322037341,-0.034371047973767332,-0.070867066154752356,-0.035387721952604534,-0.0083291962543247111,-0.017639981828588724,-0.0087924763340574419,0.027668046645578537,0.060936085771303605,0.03020295062525663
73fc08f8-34cc-5d93-b6c2-32d2e552476b,bc0250d3-cc43-567a-ad7b-7cb8749712fd,2025-03-22,2025,SUBMISSION,Lightweight,MATCH,NO_MATCH,NO_MATCH,NO_MATCH,MID / MID,LOW / MID,LOW / MID,HIGH / LOW,LOW / MID,LOW / MID,LOW / MID,LOW / MID,LOW / MID,LOW / MID,HIGH / LOW,MID / MID,MID / MID,HIGH / MID,LOW / MID,LOW / MID,HIGH / HIGH,0.58292831104486931,0.56979089975357056,0.58436345794119904,0.59926235886790902,0.58436345794119904,-0.013137411291298751,-0.031013247152345325,-0.015143746375640421,0.0014351468963297309,0.0034469415909232914,0.0016752351593715686,0.01633404782303971,0.039951171314371203,0.019309958938306671
d6bf60ff-d1dd-509d-91c5-29a1c3e6635d,bc0250d3-cc43-567a-ad7b-7cb8749712fd,2025-03-22,2025,SUBMISSION,Welterweight,NO_MATCH,NO_MATCH,MATCH,NO_MATCH,LOW / LOW,HIGH / HIGH,MID / MID,LOW / MID,LOW / LOW,LOW / MID,LOW / MID,LOW / MID,HIGH / HIGH,HIGH / MID,HIGH / LOW,HIGH / MID,LOW / LOW,HIGH / LOW,HIGH / MID,HIGH / MID,HIGH / MID,0.65406209630374768,0.50704330205917358,0.46512437509938231,0.52152843895792234,0.46512437509938231,-0.14701879424457409,-0.35416204652840477,-0.17070431565818256,-0.18893772120436536,-0.43577495318256132,-0.211456541509662,-0.13253365734582534,-0.32433748570264387,-0.15580531317936558
e0cc4441-c2e5-573d-ae06-def6516550d8,10cb9015-0116-52a6-99aa-88e6ee70b544,2025-03-29,2025,KO_TKO,Lightweight,MATCH,MATCH,NO_MATCH,MATCH,HIGH / HIGH,HIGH / MID,LOW / MID,HIGH / HIGH,HIGH / MID,HIGH / LOW,HIGH / HIGH,HIGH / HIGH,HIGH / LOW,LOW / LOW,HIGH / HIGH,HIGH / LOW,HIGH / MID,HIGH / LOW,HIGH / LOW,HIGH / LOW,MID / MID,0.88543697770979635,0.74217414855957031,0.75068844855549721,0.74917824754705309,0.75068844855549721,-0.14326282915022603,0.17649736608053371,0.053349483594716821,-0.13474852915429913,0.16509056637628453,0.049031563607399263,-0.13625873016274326,0.16710434736459498,0.04978686542730168
f33a0774-67bc-58ce-a010-c3255ed138c8,10cb9015-0116-52a6-99aa-88e6ee70b544,2025-03-29,2025,SUBMISSION,Flyweight,NO_MATCH,NO_MATCH,NO_MATCH,MATCH,LOW / MID,MID / MID,HIGH / LOW,LOW / MID,HIGH / LOW,LOW / MID,LOW / MID,HIGH / HIGH,HIGH / MID,LOW / MID,HIGH / MID,HIGH / LOW,HIGH / MID,HIGH / LOW,LOW / MID,LOW / MID,LOW / LOW,0.56040688552486229,0.53692936897277832,0.55329599136102958,0.55427434476442483,0.55329599136102958,-0.023477516552083966,-0.052030034018855087,-0.025762730078170204,-0.0071108941638327039,-0.016046642965552915,-0.0079194232874916226,-0.0061325407604374549,-0.013854080716811601,-0.0068358280796436688
ce3d8e03-07d0-57bc-9775-ff8cab3c0a6f,9e5e07aa-1f10-539b-bde2-abf5a278e302,2025-04-05,2025,SUBMISSION,Women's Flyweight,NO_MATCH,NO_MATCH,NO_MATCH,MATCH,LOW / LOW,LOW / MID,LOW / LOW,LOW / MID,LOW / LOW,LOW / LOW,LOW / LOW,HIGH / MID,MID / MID,HIGH / LOW,HIGH / LOW,HIGH / LOW,HIGH / LOW,LOW / MID,HIGH / LOW,LOW / MID,HIGH / LOW,0.43280864656842588,0.45125439763069153,0.40457161373855627,0.44695221441235722,0.40457161373855627,0.018445751062265647,0.033061780347456438,0.01630720683664566,-0.028237032829869613,-0.04858439259744296,-0.023645133901373017,0.014143567843931337,0.025252321459174887,0.012442957423717149
0131e423-94d3-594c-8be5-2bf6d111fb7b,4f191a25-253f-5563-af4d-90c4cf040819,2025-04-12,2025,KO_TKO,Middleweight,MATCH,MATCH,NO_MATCH,NO_MATCH,HIGH / HIGH,LOW / MID,HIGH / LOW,HIGH / LOW,HIGH / MID,HIGH / HIGH,HIGH / LOW,HIGH / MID,HIGH / HIGH,LOW / MID,HIGH / LOW,HIGH / MID,LOW / MID,HIGH / MID,HIGH / MID,HIGH / MID,MID / MID,0.65872028342156608,0.71176242828369141,0.66826161381156479,0.64226519476775723,0.66826161381156479,0.053042144862125329,-0.077445199308929791,-0.033390947198942048,0.0095413303899987145,-0.01438074602661904,-0.0064214880769488114,-0.016455088653808847,0.025297693922751052,0.011502345926694482
16fae74f-9468-5c8b-abb2-458f53f2f798,4f191a25-253f-5563-af4d-90c4cf040819,2025-04-12,2025,KO_TKO,Featherweight,NO_MATCH,NO_MATCH,NO_MATCH,MATCH,LOW / MID,HIGH / HIGH,HIGH / LOW,LOW / LOW,HIGH / MID,HIGH / MID,LOW / MID,HIGH / MID,LOW / MID,LOW / LOW,HIGH / MID,HIGH / HIGH,HIGH / MID,HIGH / MID,HIGH / LOW,LOW / LOW,HIGH / MID,0.60929040332104334,0.52860605716705322,0.53749096574559596,0.52558037634033816,0.53749096574559596,-0.080684346153990116,0.14205154580529866,0.069558260402558525,-0.071799437575447378,0.12538305485027856,0.06126061782990852,-0.083710026980705177,0.14779187605221678,0.072419990376342197
2486a5a6-8a9a-5fed-9931-2dec7865797f,4f191a25-253f-5563-af4d-90c4cf040819,2025-04-12,2025,KO_TKO,Light Heavyweight,MATCH,MATCH,NO_MATCH,NO_MATCH,HIGH / HIGH,HIGH / HIGH,HIGH / MID,HIGH / HIGH,HIGH / MID,HIGH / MID,HIGH / HIGH,LOW / MID,HIGH / HIGH,LOW / LOW,HIGH / HIGH,HIGH / MID,HIGH / LOW,HIGH / MID,LOW / MID,HIGH / LOW,HIGH / LOW,0.71656134906163604,0.64479696750640869,0.65989560847596795,0.58086399078304296,0.65989560847596795,-0.071764381555227352,0.10552837867435383,0.045831725446883562,-0.05666574058566809,0.082382213322333919,0.035333528288172364,-0.13569735827859308,0.20994723244736824,0.095337525376557389
73d5adc4-2857-5742-8853-7c2321454116,4f191a25-253f-5563-af4d-90c4cf040819,2025-04-12,2025,KO_TKO,Lightweight,MATCH,NO_MATCH,NO_MATCH,MATCH,HIGH / HIGH,HIGH / MID,HIGH / HIGH,HIGH / HIGH,HIGH / LOW,HIGH / LOW,HIGH / MID,HIGH / HIGH,HIGH / HIGH,LOW / LOW,HIGH / HIGH,HIGH / MID,HIGH / LOW,HIGH / HIGH,LOW / LOW,LOW / LOW,MID / MID,0.62011123659788647,0.63691985607147217,0.61542611425678695,0.6274257103592058,0.61542611425678695,0.016808619473585695,-0.02674495719841341,-0.012488281644026517,-0.0046851223410995235,0.0075839792199202671,0.0035816010364468909,0.0073144737613193289,-0.011726398317545184,-0.0055038712578446003
c7b6e982-c112-5558-8f1a-fc3d9bc6aa85,4f191a25-253f-5563-af4d-90c4cf040819,2025-04-12,2025,KO_TKO,Middleweight,NO_MATCH,MATCH,NO_MATCH,NO_MATCH,HIGH / LOW,HIGH / MID,MID / MID,HIGH / LOW,LOW / MID,HIGH / LOW,HIGH / LOW,HIGH / LOW,HIGH / MID,MID / MID,HIGH / LOW,LOW / LOW,HIGH / HIGH,LOW / LOW,LOW / MID,LOW / LOW,LOW / MID,0.70600466760435165,0.8083503246307373,0.7923016579875034,0.76639530780425213,0.7923016579875034,0.10234565702638565,-0.13537368583529438,-0.049703657401283977,0.08629699038315175,-0.1153203517859144,-0.043294654195687746,0.06039064019990048,-0.082076255444064605,-0.031862103254557649
29ba73b7-0db4-53d4-a8cb-4f7a9a52465f,cf678446-bc00-599d-8f52-4029bf1c1b5d,2025-04-26,2025,SUBMISSION,Women's Strawweight,NO_MATCH,NO_MATCH,NO_MATCH,MATCH,HIGH / HIGH,HIGH / MID,HIGH / MID,LOW / MID,LOW / MID,LOW / LOW,LOW / MID,LOW / LOW,HIGH / LOW,HIGH / MID,MID / MID,HIGH / HIGH,HIGH / LOW,HIGH / HIGH,LOW / LOW,LOW / LOW,HIGH / LOW,0.19846693084712774,0.45699653029441833,0.47728709400236491,0.46968139319493435,0.47728709400236491,0.25852959944729059,0.38941052048390379,0.16945670606125862,0.27882016315523717,0.42749385384189853,0.18841384746134374,0.27121446234780661,0.41304825943262846,0.18121148847365592
5d353b30-98cb-5f6b-b0c2-6c627d086bd2,cf678446-bc00-599d-8f52-4029bf1c1b5d,2025-04-26,2025,KO_TKO,Middleweight,NO_MATCH,MATCH,MATCH,NO_MATCH,HIGH / HIGH,HIGH / LOW,LOW / MID,HIGH / LOW,HIGH / LOW,HIGH / HIGH,HIGH / LOW,HIGH / LOW,HIGH / MID,LOW / MID,HIGH / LOW,HIGH / MID,HIGH / MID,HIGH / MID,HIGH / MID,LOW / MID,HIGH / MID,0.58296754496180991,0.64417576789855957,0.64582692214082382,0.63057545969070472,0.64582692214082382,0.061208222936749657,-0.099840104603103552,-0.047305184404600298,0.062859377179013909,-0.10240002972064166,-0.048477499474937985,0.047607914728894807,-0.078501314762777885,-0.037441577572445928
cd3d531f-c923-5667-82e2-829058f00c06,cf678446-bc00-599d-8f52-4029bf1c1b5d,2025-04-26,2025,KO_TKO,Light Heavyweight,MATCH,MATCH,NO_MATCH,NO_MATCH,HIGH / HIGH,HIGH / LOW,HIGH / LOW,HIGH / MID,HIGH / HIGH,HIGH / HIGH,HIGH / HIGH,HIGH / HIGH,HIGH / HIGH,LOW / LOW,HIGH / MID,MID / MID,LOW / MID,HIGH / LOW,LOW / MID,LOW / MID,LOW / MID,0.81850792355223057,0.79870539903640747,0.78059428941326148,0.77113299696117255,0.78059428941326148,-0.019802524515823094,0.024490911660631276,0.0075801425637689601,-0.037913634138969088,0.047427538259160074,0.015199492024748677,-0.04737492659105802,0.059622219353111905,0.019440731266651669
84834cd2-23c9-513e-927a-27618ecc4755,682ec702-0f33-5b9f-8f83-14ec1365e5bd,2025-05-03,2025,KO_TKO,Middleweight,NO_MATCH,MATCH,NO_MATCH,NO_MATCH,HIGH / MID,LOW / LOW,HIGH / HIGH,MID / MID,MID / MID,HIGH / HIGH,HIGH / HIGH,LOW / MID,HIGH / HIGH,LOW / MID,HIGH / MID,HIGH / MID,HIGH / MID,MID / MID,MID / MID,MID / MID,HIGH / HIGH,0.62947611763261702,0.53805804252624512,0.52362253438324968,0.52087823602649774,0.52362253438324968,-0.091418075106371899,0.15692147405598283,0.0761024246700861,-0.10585358324936733,0.18411684362420783,0.089647542342839864,-0.10859788160611927,0.18937161173785405,0.09226971730848213
e0537c2a-1b79-5975-a8a5-4b576de609e9,682ec702-0f33-5b9f-8f83-14ec1365e5bd,2025-05-03,2025,KO_TKO,Middleweight,MATCH,NO_MATCH,MATCH,NO_MATCH,HIGH / HIGH,LOW / MID,HIGH / MID,HIGH / HIGH,MID / MID,MID / MID,MID / MID,LOW / MID,HIGH / HIGH,HIGH / LOW,LOW / MID,HIGH / HIGH,LOW / MID,HIGH / HIGH,HIGH / MID,HIGH / MID,HIGH / HIGH,0.42574806148248961,0.62612861394882202,0.61632735156605567,0.65863205005881975,0.61632735156605567,0.20038055246633241,-0.38570803723997843,-0.18998547558328965,0.19057929008356606,-0.36993047091280856,-0.18256058773480158,0.23288398857633014,-0.43631726633010703,-0.21323321164407447
364d0955-5160-5a86-8b0a-0b03616bb15e,7da47ef9-7a2b-5e60-b551-4f76644972cf,2025-05-10,2025,KO_TKO,Welterweight,NO_MATCH,MATCH,NO_MATCH,NO_MATCH,HIGH / HIGH,MID / MID,LOW / MID,HIGH / HIGH,HIGH / LOW,HIGH / HIGH,HIGH / MID,LOW / MID,HIGH / HIGH,MID / MID,MID / MID,LOW / MID,LOW / LOW,HIGH / LOW,HIGH / LOW,HIGH / LOW,MID / MID,0.69467061118383999,0.75316554307937622,0.76759163457509005,0.72331828675889276,0.76759163457509005,0.058494931895536229,-0.080847255887806169,-0.032298786551550537,0.072921023391250062,-0.099820073440980928,-0.039212387355371338,0.028647675575052767,-0.040411563457516453,-0.01667326523281551
8f91e00f-e493-5fe8-8e7b-58b2cdd99244,7da47ef9-7a2b-5e60-b551-4f76644972cf,2025-05-10,2025,KO_TKO,Bantamweight,MATCH,NO_MATCH,NO_MATCH,NO_MATCH,LOW / LOW,HIGH / LOW,LOW / MID,HIGH / LOW,LOW / MID,LOW / MID,LOW / LOW,HIGH / HIGH,HIGH / LOW,LOW / LOW,HIGH / LOW,LOW / LOW,LOW / LOW,LOW / MID,LOW / LOW,LOW / MID,HIGH / LOW,0.59628120583617827,0.61259591579437256,0.57253999610094197,0.62514365800231098,0.57253999610094197,0.016314709958194284,-0.026993149708928632,-0.01290694030188938,-0.023741209735236302,0.040629782491994115,0.019733190172292442,0.028862452166132702,-0.047269098462799031,-0.02247158762520185
1b7d8a71-08cb-590f-a4cb-90f76d2dcc4b,3dec0766-cbf2-5d86-9ba1-48cdbde36bba,2025-05-17,2025,KO_TKO,Welterweight,MATCH,NO_MATCH,NO_MATCH,NO_MATCH,HIGH / MID,HIGH / MID,MID / MID,HIGH / MID,HIGH / LOW,LOW / MID,HIGH / MID,MID / MID,HIGH / MID,LOW / MID,HIGH / LOW,LOW / MID,LOW / MID,HIGH / LOW,LOW / MID,HIGH / LOW,HIGH / LOW,0.83216788211913517,0.80890476703643799,0.80232178409620925,0.78277607652736581,0.80232178409620925,-0.023263115082697183,0.028353008619404124,0.0083497682690215312,-0.029846098022925927,0.036524447410178351,0.010909057250529205,-0.049391805591769367,0.061187528215493087,0.01901861313646833
526b41d2-0811-5c1c-8dec-f16af57f19df,3dec0766-cbf2-5d86-9ba1-48cdbde36bba,2025-05-17,2025,SUBMISSION,Flyweight,MATCH,NO_MATCH,NO_MATCH,MATCH,LOW / LOW,LOW / MID,LOW / MID,HIGH / LOW,HIGH / HIGH,LOW / MID,LOW / MID,MID / MID,LOW / MID,HIGH / LOW,LOW / MID,HIGH / LOW,HIGH / MID,HIGH / LOW,LOW / LOW,MID / MID,HIGH / MID,0.63289901983157948,0.56049799919128418,0.58760865574321419,0.58328440647808111,0.58760865574321419,-0.072401020640295299,-0.18000530905032752,-0.086403162206341255,-0.045290364088365287,-0.11633580268411969,-0.055277236999426826,-0.049614613353498371,-0.12676699865679675,-0.060340470463286722
637124c4-d69c-5266-838e-7a39b21706a4,3dec0766-cbf2-5d86-9ba1-48cdbde36bba,2025-05-17,2025,KO_TKO,Lightweight,NO_MATCH,NO_MATCH,NO_MATCH,MATCH,LOW / LOW,HIGH / HIGH,HIGH / MID,LOW / LOW,MID / MID,HIGH / MID,LOW / MID,HIGH / HIGH,HIGH / LOW,MID / MID,HIGH / LOW,HIGH / LOW,HIGH / MID,HIGH / LOW,LOW / LOW,LOW / MID,HIGH / MID,0.59033525390680885,0.53304415941238403,0.56869520517194505,0.520058347971601,0.56869520517194505,-0.057291094494424821,0.10208633106683784,0.050222552867288245,-0.021640048734863804,0.037345979411553154,0.018198621850071817,-0.070276905935207856,0.12674958956228821,0.062518785160150053
f7dd7815-1d09-580a-b400-5bf131f747cb,3dec0766-cbf2-5d86-9ba1-48cdbde36bba,2025-05-17,2025,KO_TKO,Women's Strawweight,NO_MATCH,NO_MATCH,NO_MATCH,MATCH,LOW / MID,HIGH / MID,LOW / MID,LOW / MID,LOW / MID,HIGH / LOW,LOW / MID,MID / MID,HIGH / HIGH,LOW / MID,HIGH / MID,HIGH / LOW,HIGH / LOW,LOW / LOW,HIGH / LOW,LOW / MID,LOW / MID,0.54742053015896941,0.41749751567840576,0.42165945100799523,0.45333340036313496,0.42165945100799523,-0.12992301448056365,0.27093870695841982,0.13448096771924081,-0.12576107915097418,0.26101930064764989,0.12964961408678519,-0.094087129795834445,0.18858946283890787,0.094016194636944134
6a5a04e9-b708-592d-9100-cc200940d1e7,0f03b527-bb3c-5ca4-8af6-c23c5a01ea35,2025-05-31,2025,KO_TKO,Light Heavyweight,NO_MATCH,MATCH,NO_MATCH,NO_MATCH,HIGH / MID,HIGH / LOW,LOW / MID,HIGH / MID,HIGH / MID,HIGH / MID,HIGH / MID,HIGH / LOW,MID / MID,MID / MID,HIGH / LOW,LOW / LOW,LOW / LOW,LOW / MID,LOW / MID,HIGH / LOW,HIGH / LOW,0.78106346987833408,0.80739641189575195,0.79013072561088082,0.7842372441790938,0.79013072561088082,0.026332942017417871,-0.033158350398352077,-0.010837062071084286,0.0090672557325467418,-0.011541993240807874,-0.0038880918890997346,0.003173774300759713,-0.0040551679578077482,-0.0013796374222831281
be185a0a-8c8f-5402-9d60-7fae8d129a47,0f03b527-bb3c-5ca4-8af6-c23c5a01ea35,2025-05-31,2025,SUBMISSION,Lightweight,NO_MATCH,NO_MATCH,NO_MATCH,MATCH,HIGH / LOW,HIGH / MID,LOW / MID,MID / MID,LOW / MID,LOW / MID,HIGH / LOW,HIGH / LOW,HIGH / MID,LOW / MID,HIGH / LOW,HIGH / HIGH,HIGH / HIGH,HIGH / HIGH,LOW / LOW,LOW / LOW,HIGH / LOW,0.38390415250818161,0.44331848621368408,0.4498047770800449,0.47166913444840369,0.4498047770800449,0.059414333705502476,0.10140926014781748,0.049148881905767244,0.065900624571863298,0.11312938199730305,0.054941939171003734,0.087764981940222087,0.15367982125515156,0.075089374078281174
dad92a7b-0048-5d66-9219-cc8b8284c67d,0f03b527-bb3c-5ca4-8af6-c23c5a01ea35,2025-05-31,2025,SUBMISSION,Welterweight,MATCH,MATCH,NO_MATCH,MATCH,HIGH / HIGH,LOW / MID,LOW / LOW,HIGH / MID,HIGH / MID,HIGH / MID,HIGH / MID,HIGH / HIGH,MID / MID,HIGH / LOW,HIGH / LOW,HIGH / LOW,HIGH / MID,HIGH / MID,LOW / MID,LOW / MID,HIGH / MID,0.59104796847343355,0.59140646457672119,0.61694199565568952,0.61341373667279708,0.61694199565568952,0.00035849610328764214,0.00087700585938699227,0.00042390530656366554,0.025894027182255974,0.065411441745729104,0.031279724967051892,0.022365768199363534,0.056242832694735179,0.026938711302310736
0b2db50b-8546-5645-88eb-d5712b05b4a5,513de628-2844-5440-9c7f-6afb1460544f,2025-06-07,2025,KO_TKO,Light Heavyweight,NO_MATCH,MATCH,NO_MATCH,NO_MATCH,MID / MID,MID / MID,HIGH / LOW,HIGH / MID,HIGH / LOW,HIGH / MID,HIGH / MID,MID / MID,HIGH / MID,HIGH / MID,HIGH / LOW,HIGH / LOW,LOW / LOW,HIGH / LOW,LOW / MID,HIGH / LOW,MID / MID,0.8124299311071469,0.80433475971221924,0.8064682056672694,0.77790840075275791,0.8064682056672694,-0.0080951713949276582,0.010014121524555386,0.0031023555124053276,-0.0059617254398774966,0.0073651976668271668,0.0022720246731766786,-0.034521530354388985,0.043420891422549762,0.014142147711727927
94561fe4-5c40-58d9-b1ee-a1e9e8e4c993,513de628-2844-5440-9c7f-6afb1460544f,2025-06-07,2025,SUBMISSION,Welterweight,MATCH,NO_MATCH,NO_MATCH,MATCH,HIGH / HIGH,HIGH / HIGH,LOW / MID,HIGH / MID,LOW / MID,MID / MID,HIGH / MID,HIGH / MID,HIGH / HIGH,LOW / LOW,HIGH / HIGH,HIGH / MID,HIGH / LOW,HIGH / HIGH,HIGH / MID,LOW / MID,LOW / LOW,0.51509055288333261,0.55279445648193359,0.59505205696104035,0.55207670080073623,0.59505205696104035,0.037703903598600985,0.080943848705486543,0.040263433447499108,0.079961504077707746,0.18020364339077755,0.088768672823907935,0.036986147917403622,0.079340155916753918,0.039470405897368388
6c5f6865-d9ce-5b61-9cc8-ba74d401819e,b8e43ab8-7c67-539e-8cdb-a972361a9e74,2025-06-14,2025,KO_TKO,Flyweight,NO_MATCH,NO_MATCH,NO_MATCH,MATCH,LOW / LOW,HIGH / LOW,LOW / MID,LOW / LOW,MID / MID,LOW / MID,LOW / LOW,HIGH / MID,LOW / MID,HIGH / LOW,MID / MID,HIGH / MID,HIGH / MID,MID / MID,HIGH / LOW,MID / MID,HIGH / MID,0.40476746622732934,0.4408489465713501,0.45726640310433908,0.44210492839125581,0.45726640310433908,0.036081480344020755,-0.085389547238675534,-0.041651868711064688,0.052498936877009739,-0.12195341525881875,-0.059742012062131811,0.037337462163926471,-0.088234503702783518,-0.043054858336107782
a763e585-5a4a-534b-a015-d8007a665937,b8e43ab8-7c67-539e-8cdb-a972361a9e74,2025-06-14,2025,KO_TKO,Bantamweight,MATCH,MATCH,NO_MATCH,NO_MATCH,HIGH / LOW,LOW / LOW,LOW / MID,HIGH / LOW,HIGH / MID,HIGH / MID,HIGH / LOW,HIGH / HIGH,LOW / MID,LOW / MID,HIGH / MID,LOW / MID,LOW / MID,MID / MID,LOW / LOW,MID / MID,LOW / MID,0.81199963963059296,0.77963680028915405,0.78367966817156842,0.7972738545545891,0.78367966817156842,-0.032362839341438909,0.040671725772459366,0.01321580428777526,-0.02831997145902454,0.035499546016554057,0.011450350463335833,-0.014725785076003861,0.018301669867514719,0.0057537545481269811
94d51d5d-ed7d-5123-8c2e-ef41666dbfd0,c8562273-e492-582d-bec5-0ba65cd82f92,2025-06-21,2025,KO_TKO,Lightweight,MATCH,MATCH,NO_MATCH,NO_MATCH,HIGH / MID,MID / MID,MID / MID,HIGH / MID,HIGH / HIGH,HIGH / LOW,HIGH / HIGH,HIGH / HIGH,LOW / MID,LOW / LOW,HIGH / MID,LOW / MID,LOW / MID,HIGH / LOW,HIGH / MID,HIGH / HIGH,LOW / MID,0.85102601766130015,0.81801944971084595,0.81477967181773681,0.80329076552370748,0.81477967181773681,-0.033006567950454202,0.039556587678335697,0.010923673269692073,-0.036246345843563343,0.043524965786905789,0.012113322558094029,-0.047735252137592665,0.057725953713046479,0.016501275514397774
15d0f14e-20ca-530d-b288-a9b356b4af62,d37f92e1-011d-5482-a590-3afacc05bb2d,2025-06-28,2025,KO_TKO,Lightweight,MATCH,NO_MATCH,NO_MATCH,MATCH,HIGH / HIGH,HIGH / HIGH,HIGH / HIGH,HIGH / HIGH,MID / MID,LOW / MID,HIGH / MID,HIGH / MID,HIGH / MID,HIGH / LOW,HIGH / MID,HIGH / HIGH,HIGH / MID,HIGH / HIGH,HIGH / MID,HIGH / LOW,HIGH / MID,0.5943049064731617,0.5716557502746582,0.56803546279491401,0.60664689582851028,0.56803546279491401,-0.022649156198503495,0.038855523204579634,0.018890287361015889,-0.026269443678247684,0.045208646954436271,0.022004852491054022,0.012341989355348582,-0.020554403353300832,-0.0098618443504032427
533d2524-61c6-5113-be1c-a9d7fdf94551,d37f92e1-011d-5482-a590-3afacc05bb2d,2025-06-28,2025,SUBMISSION,Flyweight,MATCH,NO_MATCH,MATCH,MATCH,HIGH / HIGH,HIGH / HIGH,MID / MID,HIGH / MID,HIGH / LOW,LOW / MID,MID / MID,HIGH / MID,HIGH / LOW,HIGH / LOW,HIGH / HIGH,HIGH / LOW,HIGH / LOW,HIGH / LOW,HIGH / LOW,HIGH / HIGH,HIGH / LOW,0.65862693957329099,0.5972135066986084,0.63659983493430705,0.66357203489753258,0.63659983493430705,-0.061413432874682594,-0.16543073013216858,-0.077125472948430751,-0.022027104638983941,-0.062528712060206715,-0.028530095693292568,0.0049450953242415885,0.014591842977279335,0.0065383999663726766
60f504c6-b158-5e8f-b959-0671d2292b8a,d37f92e1-011d-5482-a590-3afacc05bb2d,2025-06-28,2025,SUBMISSION,Welterweight,MATCH,MATCH,NO_MATCH,NO_MATCH,HIGH / HIGH,HIGH / LOW,MID / MID,HIGH / HIGH,HIGH / HIGH,HIGH / MID,HIGH / MID,HIGH / MID,MID / MID,LOW / MID,HIGH / MID,HIGH / MID,HIGH / MID,MID / MID,LOW / MID,LOW / MID,MID / MID,0.74782077494385213,0.71777856349945068,0.72405671004383976,0.67006732463007501,0.72405671004383976,-0.030042211444401445,-0.11255195335798818,-0.044029845218288566,-0.023764064900012372,-0.090055328170396631,-0.034977792078114467,-0.077753450313777117,-0.2687485743549749,-0.1102456919007172
8f88ceb1-edb3-5652-8598-d6b4a218e8bc,d37f92e1-011d-5482-a590-3afacc05bb2d,2025-06-28,2025,KO_TKO,Middleweight,NO_MATCH,MATCH,NO_MATCH,NO_MATCH,HIGH / HIGH,HIGH / HIGH,MID / MID,HIGH / LOW,HIGH / MID,HIGH / HIGH,HIGH / MID,HIGH / HIGH,HIGH / MID,LOW / MID,HIGH / HIGH,MID / MID,HIGH / LOW,HIGH / LOW,LOW / MID,HIGH / HIGH,HIGH / HIGH,0.74655806236499278,0.75824069976806641,0.78224613594724746,0.72584473545566597,0.78224613594724746,0.011682637403073626,-0.015527487691476272,-0.0057852565035526882,0.035688073582254676,-0.046696049460000555,-0.016816070442282255,-0.020713326909326812,0.028137264467921141,0.010928293325186883
d7ee2860-bccb-5917-85ab-61500e928e5a,d37f92e1-011d-5482-a590-3afacc05bb2d,2025-06-28,2025,SUBMISSION,Lightweight,MATCH,MATCH,NO_MATCH,MATCH,HIGH / MID,HIGH / MID,HIGH / LOW,HIGH / HIGH,HIGH / HIGH,HIGH / LOW,HIGH / HIGH,HIGH / MID,HIGH / HIGH,LOW / MID,HIGH / HIGH,HIGH / LOW,HIGH / HIGH,HIGH / LOW,LOW / MID,HIGH / LOW,HIGH / LOW,0.85644117563876931,0.66047942638397217,0.68488431590105059,0.70248807394353885,0.68488431590105059,-0.19596174925479715,-0.86078966785006084,-0.29725841465301639,-0.17155685973771873,-0.78619494544796864,-0.26442496116226727,-0.15395310169523047,-0.72870943470168359,-0.24000199329661437
05f951da-4043-5fa8-9334-623cafe18e59,d4523f36-6a93-5f8f-af1f-2a7b68249d91,2025-07-12,2025,SUBMISSION,Heavyweight,MATCH,NO_MATCH,NO_MATCH,NO_MATCH,LOW / MID,MID / MID,HIGH / MID,HIGH / MID,HIGH / MID,HIGH / HIGH,MID / MID,LOW / MID,HIGH / MID,LOW / LOW,LOW / LOW,LOW / MID,LOW / MID,HIGH / LOW,HIGH / LOW,HIGH / MID,HIGH / HIGH,0.8037342191113106,0.74507880210876465,0.75641789261975534,0.75132184422510639,0.75641789261975534,-0.058655417002545951,-0.26148470392066558,-0.090846273618636619,-0.047316326491555261,-0.21598431671678653,-0.073820666695156523,-0.052412374886204205,-0.23668974771513196,-0.081504181360653294
088a8075-3cdf-5a00-8a3c-11a876b95404,d4523f36-6a93-5f8f-af1f-2a7b68249d91,2025-07-12,2025,KO_TKO,Heavyweight,MATCH,MATCH,NO_MATCH,NO_MATCH,HIGH / HIGH,HIGH / LOW,HIGH / HIGH,HIGH / HIGH,HIGH / MID,HIGH / HIGH,HIGH / HIGH,LOW / MID,HIGH / HIGH,LOW / MID,LOW / MID,LOW / MID,HIGH / MID,LOW / LOW,LOW / MID,LOW / LOW,LOW / MID,0.86739176166538245,0.78260511159896851,0.78680376741399893,0.7650783769320133,0.78680376741399893,-0.084786650066413949,0.10286249230686853,0.029675592628686208,-0.080587994251383521,0.097511858844533589,0.027867688714653532,-0.10231338473336915,0.12551245153756024,0.037603224110686492
1f4b6028-aad9-5265-973c-c7a906845f6a,d4523f36-6a93-5f8f-af1f-2a7b68249d91,2025-07-12,2025,SUBMISSION,Light Heavyweight,MATCH,MATCH,NO_MATCH,NO_MATCH,HIGH / MID,LOW / MID,LOW / LOW,HIGH / MID,HIGH / MID,HIGH / HIGH,HIGH / MID,HIGH / MID,LOW / MID,LOW / LOW,LOW / MID,LOW / LOW,HIGH / MID,LOW / LOW,LOW / MID,HIGH / LOW,HIGH / LOW,0.76618172267764295,0.78913384675979614,0.803493892258206,0.76914837210197873,0.803493892258206,0.022952124082153191,0.10332063365282695,0.035697795936632803,0.037312169580563048,0.17385070753222642,0.058568002730960966,0.0029666494243357766,0.012769020329148395,0.0045547861418433477
33743301-8274-562c-a51d-6e7fe97e235a,d4523f36-6a93-5f8f-af1f-2a7b68249d91,2025-07-12,2025,KO_TKO,Featherweight,NO_MATCH,MATCH,NO_MATCH,NO_MATCH,MID / MID,HIGH / MID,LOW / LOW,HIGH / MID,HIGH / HIGH,HIGH / LOW,HIGH / MID,HIGH / HIGH,MID / MID,LOW / MID,HIGH / MID,HIGH / MID,LOW / MID,HIGH / LOW,HIGH / MID,HIGH / HIGH,LOW / MID,0.78132724978929213,0.82142609357833862,0.81842734878195245,0.79625594060401172,0.81842734878195245,0.04009884378904649,-0.050047892325579352,-0.01592913163002236,0.037100098992660313,-0.046390555564193969,-0.014849144014363887,0.014928690814719592,-0.018926591693088413,-0.0063061299455586389
cef9a2ea-41c9-5b7f-8988-0bd186e00d58,d4523f36-6a93-5f8f-af1f-2a7b68249d91,2025-07-12,2025,SUBMISSION,Heavyweight,NO_MATCH,MATCH,MATCH,NO_MATCH,HIGH / MID,HIGH / LOW,HIGH / MID,MID / MID,HIGH / MID,HIGH / HIGH,HIGH / MID,HIGH / MID,HIGH / HIGH,LOW / LOW,HIGH / LOW,HIGH / LOW,LOW / MID,HIGH / MID,HIGH / HIGH,HIGH / LOW,HIGH / LOW,0.68112453616828506,0.6618809700012207,0.68427679165282818,0.67493325107949453,0.68427679165282818,-0.019243566167064352,-0.058597362200214498,-0.025844215320704633,0.0031522554845431205,0.0099347242585587914,0.0043040938242265847,-0.0061912850887905213,-0.019229911486937645,-0.0083957403577254452
56e3bb99-102a-5ccf-9876-75f5c4fe2a0c,69aab0b2-6d13-51e2-85ff-01e37604c122,2025-07-19,2025,SUBMISSION,Heavyweight,NO_MATCH,MATCH,NO_MATCH,NO_MATCH,HIGH / LOW,HIGH / MID,LOW / MID,HIGH / LOW,HIGH / HIGH,HIGH / HIGH,HIGH / MID,HIGH / HIGH,LOW / MID,LOW / MID,HIGH / MID,HIGH / LOW,HIGH / LOW,HIGH / LOW,LOW / LOW,LOW / LOW,LOW / MID,0.76097297403732966,0.75431209802627563,0.76029706186221324,0.72163692326793061,0.76029706186221324,-0.0066608760110540288,-0.027485414418431553,-0.010093125986416762,-0.0006759121751164221,-0.0028237740477061735,-0.0010282449389042991,-0.039336050769399056,-0.15234966810354256,-0.058320018191613254
975a4975-9b85-54e7-ae11-3817441c43f3,69aab0b2-6d13-51e2-85ff-01e37604c122,2025-07-19,2025,SUBMISSION,Light Heavyweight,NO_MATCH,NO_MATCH,MATCH,NO_MATCH,HIGH / LOW,HIGH / HIGH,HIGH / LOW,HIGH / MID,HIGH / HIGH,HIGH / HIGH,MID / MID,MID / MID,HIGH / HIGH,LOW / MID,HIGH / MID,HIGH / LOW,MID / MID,HIGH / LOW,HIGH / LOW,LOW / MID,HIGH / LOW,0.7084213675014418,0.64196962118148804,0.68365269261682893,0.68970505271875349,0.68365269261682893,-0.066451746319953764,-0.20530811913978031,-0.089735839412709573,-0.024768674884612873,-0.081530963348930729,-0.034479829810372453,-0.018716314782688315,-0.062213567291357075,-0.026167774186834303
f863f840-5053-518c-a6c9-885860f1fb58,69aab0b2-6d13-51e2-85ff-01e37604c122,2025-07-19,2025,KO_TKO,Middleweight,MATCH,MATCH,NO_MATCH,NO_MATCH,HIGH / MID,LOW / LOW,HIGH / LOW,HIGH / LOW,MID / MID,HIGH / HIGH,HIGH / MID,LOW / MID,HIGH / HIGH,LOW / LOW,HIGH / LOW,HIGH / MID,HIGH / MID,MID / MID,LOW / MID,LOW / MID,LOW / MID,0.74639627448341861,0.66791081428527832,0.6491976032908291,0.6352613570836414,0.6491976032908291,-0.078485460198140289,0.11110200513272861,0.045968377672777352,-0.097198671192589514,0.13951951436192622,0.058747471941008975,-0.11113491739977721,0.16122015803401402,0.068719428040577388
912bb7cc-882c-5127-970c-b6002b9f82a9,240b6fad-bd8d-53f3-94a3-a1a2eddd86d3,2025-07-26,2025,KO_TKO,Light Heavyweight,MATCH,NO_MATCH,NO_MATCH,MATCH,HIGH / HIGH,HIGH / MID,HIGH / HIGH,HIGH / HIGH,HIGH / MID,MID / MID,HIGH / MID,LOW / MID,HIGH / HIGH,LOW / LOW,HIGH / MID,HIGH / HIGH,HIGH / HIGH,HIGH / HIGH,MID / MID,LOW / MID,HIGH / LOW,0.57470727517993403,0.58388286828994751,0.58196267270317359,0.59295181292244525,0.58196267270317359,0.0091755931100134802,-0.015839570189955854,-0.0077204344822751902,0.0072553975232395596,-0.012545484900622572,-0.0061186947714023943,0.018244537742511224,-0.031252311343568984,-0.015185675181752345
dc6e4a3c-7966-5e5d-ab62-746eb050d7b6,240b6fad-bd8d-53f3-94a3-a1a2eddd86d3,2025-07-26,2025,KO_TKO,Welterweight,NO_MATCH,MATCH,NO_MATCH,NO_MATCH,HIGH / MID,HIGH / LOW,LOW / MID,HIGH / LOW,MID / MID,HIGH / MID,HIGH / HIGH,HIGH / MID,HIGH / HIGH,HIGH / MID,HIGH / MID,LOW / LOW,LOW / LOW,LOW / MID,LOW / LOW,HIGH / HIGH,MID / MID,0.83749692443728763,0.86049437522888184,0.85137305251880113,0.82912201441565747,0.85137305251880113,0.022997450791594209,-0.027089487620272329,-0.0069454302245605878,0.013876128081513506,-0.016432810726015795,-0.0043172800497615592,-0.0083749100216301553,0.010050264425239014,0.0027920363900221686
46f0e547-02a3-5e17-93bb-0d14830e5622,75157340-3a01-517f-9735-66ba9e9c3afa,2025-08-02,2025,SUBMISSION,Flyweight,MATCH,NO_MATCH,MATCH,MATCH,HIGH / MID,LOW / MID,HIGH / MID,HIGH / MID,HIGH / MID,LOW / LOW,MID / MID,LOW / MID,HIGH / MID,HIGH / LOW,LOW / MID,HIGH / HIGH,HIGH / LOW,HIGH / HIGH,HIGH / MID,LOW / MID,HIGH / MID,0.49611684719883403,0.47215193510055542,0.48885204733042414,0.56843633926462711,0.48885204733042414,-0.023964912098278612,-0.046464084912163028,-0.023204476255312134,-0.007264799868409888,-0.014314682341104779,-0.0071556018953639888,0.072319492065793078,0.15492936830088377,0.076987945722059026
d9b9155f-f5f7-533a-a328-d350cfc204ef,75157340-3a01-517f-9735-66ba9e9c3afa,2025-08-02,2025,KO_TKO,Bantamweight,NO_MATCH,NO_MATCH,NO_MATCH,MATCH,LOW / MID,LOW / MID,HIGH / HIGH,HIGH / LOW,HIGH / MID,LOW / MID,LOW / MID,LOW / LOW,HIGH / HIGH,HIGH / HIGH,LOW / MID,HIGH / MID,HIGH / MID,HIGH / LOW,HIGH / LOW,HIGH / LOW,HIGH / MID,0.5190429063294667,0.48812723159790039,0.5070942234716066,0.48858546524602198,0.5070942234716066,-0.030915674731566312,0.0614104585448908,0.03069400507962336,-0.011948682857860105,0.023289719468088999,0.011636378583052359,-0.030457441083444725,0.060472140279503317,0.030225100405621624
174049b6-6ed7-5ea5-9e3a-200eb16643fd,13b1fbdb-9d66-51ff-b77b-51c2844f81ff,2025-08-09,2025,KO_TKO,Bantamweight,NO_MATCH,NO_MATCH,NO_MATCH,MATCH,LOW / LOW,LOW / LOW,LOW / MID,LOW / MID,HIGH / MID,HIGH / MID,LOW / LOW,HIGH / MID,LOW / MID,LOW / MID,LOW / MID,HIGH / HIGH,HIGH / MID,HIGH / MID,HIGH / LOW,MID / MID,HIGH / MID,0.7012424354425183,0.53675663471221924,0.53116995019260549,0.54586601230437259,0.53116995019260549,-0.16448580073029906,0.26730887195007674,0.12533833310283043,-0.17007248524991281,0.27777164263641224,0.13054553322208617,-0.1553764231381457,0.25048012261120317,0.1169815964000144
48ba464d-681f-5f21-b7de-5619f8a6907c,13b1fbdb-9d66-51ff-b77b-51c2844f81ff,2025-08-09,2025,KO_TKO,Welterweight,MATCH,MATCH,NO_MATCH,MATCH,HIGH / LOW,LOW / MID,HIGH / HIGH,HIGH / HIGH,HIGH / HIGH,HIGH / HIGH,HIGH / HIGH,HIGH / MID,HIGH / HIGH,LOW / MID,HIGH / HIGH,HIGH / LOW,HIGH / HIGH,LOW / LOW,MID / MID,LOW / LOW,HIGH / LOW,0.85072975063582801,0.76686209440231323,0.80395735955942182,0.78540558904301572,0.80395735955942182,-0.083867656233514776,0.10378752480960954,0.032071675681233813,-0.046772391076406183,0.056548278919252098,0.016151109525671729,-0.065324161592812291,0.079894253025406314,0.023769153868732965
9019f567-a6fb-5d40-a6cf-1c305b19eefd,13b1fbdb-9d66-51ff-b77b-51c2844f81ff,2025-08-09,2025,SUBMISSION,Middleweight,NO_MATCH,NO_MATCH,MATCH,MATCH,HIGH / LOW,HIGH / HIGH,HIGH / MID,LOW / MID,MID / MID,LOW / MID,HIGH / MID,LOW / MID,HIGH / MID,LOW / LOW,HIGH / MID,HIGH / HIGH,HIGH / LOW,HIGH / LOW,HIGH / MID,LOW / MID,HIGH / MID,0.55648255119825518,0.51912230253219604,0.4883209489160294,0.5666401247031263,0.4883209489160294,-0.037360248666059137,-0.080875826171296628,-0.040184864801789844,-0.068161602282225786,-0.14296043074880882,-0.07121548063786734,0.01015757350487112,0.023168640793506889,0.01140820113545582
929a7fbb-377a-5bab-95a3-bb4e5d145efd,13b1fbdb-9d66-51ff-b77b-51c2844f81ff,2025-08-09,2025,KO_TKO,Middleweight,MATCH,NO_MATCH,NO_MATCH,NO_MATCH,MID / MID,HIGH / MID,HIGH / MID,HIGH / MID,HIGH / LOW,LOW / MID,HIGH / HIGH,HIGH / MID,HIGH / MID,LOW / LOW,HIGH / MID,LOW / LOW,LOW / MID,LOW / LOW,LOW / LOW,HIGH / HIGH,HIGH / LOW,0.85560975327088318,0.85375386476516724,0.83177035105158403,0.82781688288772848,0.83177035105158403,-0.0018558885057159413,0.0021714387920346023,0.00053938872062976248,-0.023839402219299144,0.028257994128229103,0.0074526714348120415,-0.0277928703831547,0.033022402484126551,0.00879848246800298
4ed2541e-9240-59c2-93b6-6949f1df546d,8cff1de5-bbee-5a5e-8671-606ff3112d57,2025-08-16,2025,KO_TKO,Welterweight,MATCH,NO_MATCH,NO_MATCH,NO_MATCH,HIGH / HIGH,HIGH / MID,LOW / MID,HIGH / HIGH,LOW / MID,LOW / LOW,HIGH / HIGH,HIGH / HIGH,HIGH / HIGH,LOW / MID,HIGH / MID,LOW / LOW,LOW / LOW,LOW / MID,HIGH / HIGH,HIGH / HIGH,LOW / LOW,0.89778660776493813,0.86695015430450439,0.86486025606081141,0.84654702249096303,0.86486025606081141,-0.030836453460433733,0.034950926536155238,0.0072546838873965829,-0.032926351704126722,0.037364469318539081,0.0078151728397508526,-0.051239585273975097,0.058766660171851684,0.0131002387541904
9e5c6b91-e645-5649-8d61-3b72de7d1ca5,8cff1de5-bbee-5a5e-8671-606ff3112d57,2025-08-16,2025,SUBMISSION,Flyweight,NO_MATCH,NO_MATCH,MATCH,MATCH,LOW / LOW,HIGH / LOW,HIGH / LOW,LOW / MID,LOW / MID,LOW / MID,LOW / LOW,HIGH / LOW,HIGH / MID,LOW / MID,LOW / MID,HIGH / MID,HIGH / HIGH,MID / MID,HIGH / MID,LOW / MID,HIGH / MID,0.35867758878564893,0.39167571067810059,0.44992260565569864,0.45433832361350868,0.44992260565569864,0.032998121892451659,0.052824201711612284,0.024760249638108078,0.091245016870049711,0.15347332676502246,0.073780738382926231,0.09566073482785975,0.16153316871075041,0.077773699606846269
d7333f8a-651c-5b27-8dfe-c81f712874d0,8cff1de5-bbee-5a5e-8671-606ff3112d57,2025-08-16,2025,KO_TKO,Middleweight,NO_MATCH,MATCH,NO_MATCH,MATCH,HIGH / MID,HIGH / HIGH,HIGH / MID,HIGH / MID,HIGH / LOW,HIGH / LOW,HIGH / LOW,HIGH / MID,HIGH / MID,HIGH / MID,HIGH / LOW,HIGH / LOW,HIGH / HIGH,HIGH / LOW,LOW / MID,LOW / LOW,HIGH / LOW,0.55458126552397913,0.60421949625015259,0.64005362745592365,0.5791070647595713,0.64005362745592365,0.04963823072617346,-0.085724183854698599,-0.041755641873737009,0.085472361931944518,-0.14333861329076464,-0.068836457914580984,0.024525799235592172,-0.043274021255212736,-0.021246986086916275
5760c2c7-ae3a-55e6-aafd-8dc99c5a38b9,1530f161-83bc-5651-a047-59e602c3e053,2025-08-23,2025,KO_TKO,Light Heavyweight,MATCH,MATCH,NO_MATCH,NO_MATCH,HIGH / HIGH,HIGH / LOW,HIGH / HIGH,HIGH / HIGH,HIGH / MID,HIGH / MID,HIGH / HIGH,MID / MID,HIGH / HIGH,LOW / LOW,HIGH / MID,LOW / MID,LOW / MID,LOW / MID,HIGH / MID,LOW / MID,LOW / LOW,0.91590544082545289,0.82893449068069458,0.80787616124084216,0.8104429504307018,0.80787616124084216,-0.086970950144758308,0.09977199889078478,0.022191513595911962,-0.10802927958461073,0.1255043478219359,0.029839674536793474,-0.10546249039475108,0.12233217822480127,0.028859980158655964
6f03cf57-e27f-5e92-98d4-a15d8fba2917,61752cc4-fc25-5f13-8401-b73ac648a7b9,2025-09-06,2025,SUBMISSION,Lightweight,MATCH,MATCH,NO_MATCH,NO_MATCH,HIGH / HIGH,HIGH / LOW,HIGH / MID,HIGH / HIGH,LOW / MID,HIGH / MID,HIGH / HIGH,HIGH / HIGH,HIGH / HIGH,HIGH / LOW,HIGH / HIGH,HIGH / LOW,HIGH / MID,HIGH / MID,LOW / MID,HIGH / HIGH,HIGH / LOW,0.71918356192107413,0.60527187585830688,0.62690304294075139,0.6108537352825254,0.62690304294075139,-0.11391168606276725,-0.34049602400099976,-0.15087095203244982,-0.092280518980322745,-0.28413711375694062,-0.12421757048910992,-0.10832982663854873,-0.32625406418651259,-0.14408270982886989
aa38d7ca-3eeb-532f-8acc-3a240df1d6ad,61752cc4-fc25-5f13-8401-b73ac648a7b9,2025-09-06,2025,KO_TKO,Welterweight,MATCH,NO_MATCH,NO_MATCH,NO_MATCH,MID / MID,LOW / MID,HIGH / HIGH,HIGH / MID,LOW / MID,LOW / MID,LOW / MID,MID / MID,HIGH / HIGH,LOW / MID,HIGH / HIGH,LOW / LOW,MID / MID,HIGH / MID,HIGH / LOW,HIGH / MID,HIGH / HIGH,0.58712496469006337,0.63294744491577148,0.63029681610142629,0.68092859455632571,0.63029681610142629,0.045822480225708118,-0.075149709081102301,-0.035738216588320826,0.043171851411362927,-0.070953160897725576,-0.033785350597438812,0.093803629866262339,-0.14821976263659142,-0.06865923301037985
23dc95aa-c8f4-5d6a-92ba-bb3391d730bc,b0c6527d-c398-53c4-805b-d3c97d4423da,2025-09-13,2025,SUBMISSION,Middleweight,NO_MATCH,MATCH,NO_MATCH,NO_MATCH,MID / MID,HIGH / LOW,HIGH / LOW,LOW / LOW,HIGH / HIGH,HIGH / HIGH,HIGH / MID,HIGH / HIGH,HIGH / MID,LOW / LOW,HIGH / LOW,LOW / MID,HIGH / HIGH,LOW / MID,LOW / MID,LOW / LOW,HIGH / LOW,0.74402487128273698,0.75750428438186646,0.76967682362744405,0.76011489204517246,0.76967682362744405,0.013479413099129478,0.054096243644292885,0.020239731769590263,0.025651952344707074,0.10559684897504096,0.038829403741938218,0.016090020762435486,0.064920194446059121,0.024201640021550896
36c8eba7-76d5-546a-996c-eb9ce1913a3e,b0c6527d-c398-53c4-805b-d3c97d4423da,2025-09-13,2025,KO_TKO,Lightweight,NO_MATCH,MATCH,NO_MATCH,NO_MATCH,HIGH / MID,HIGH / HIGH,LOW / MID,HIGH / MID,MID / MID,HIGH / HIGH,HIGH / HIGH,HIGH / MID,LOW / LOW,MID / MID,HIGH / HIGH,LOW / MID,LOW / MID,HIGH / LOW,LOW / MID,HIGH / LOW,MID / MID,0.7801645854721968,0.76478493213653564,0.7922692302096398,0.73289290682185537,0.7922692302096398,-0.015379653335661159,0.019910244601635319,0.0069985186694030768,0.012104644737442993,-0.015396366741847689,-0.0051755367629154406,-0.047271678650341431,0.062505315790063687,0.023018589745466965
1d254d47-d7f3-579c-a3ef-22c0973950fb,10845075-6a1c-5d5f-b277-bbe74d87bf3c,2025-09-27,2025,KO_TKO,Middleweight,UNASSIGNABLE,UNASSIGNABLE,MATCH,UNASSIGNABLE,MID / MISSING,HIGH / LOW,HIGH / MISSING,LOW / MISSING,MID / MISSING,HIGH / MISSING,MID / MISSING,LOW / MISSING,MID / MISSING,LOW / MISSING,LOW / MISSING,HIGH / MISSING,LOW / MISSING,HIGH / MISSING,HIGH / MISSING,HIGH / MISSING,HIGH / MISSING,0.64599672667480623,0.61144095659255981,0.65752981680637113,0.66641117721379883,0.65752981680637113,-0.034555770082246418,0.054976041278197052,0.025659812688753142,0.011533090131564894,-0.01769567507573222,-0.0080324911482741179,0.020414450538992601,-0.031112426538784987,-0.014036814837068312
677197ff-8f0f-544d-8c47-e453de908aa9,10845075-6a1c-5d5f-b277-bbe74d87bf3c,2025-09-27,2025,SUBMISSION,Light Heavyweight,NO_MATCH,NO_MATCH,MATCH,NO_MATCH,HIGH / MID,HIGH / LOW,HIGH / LOW,HIGH / LOW,HIGH / HIGH,HIGH / HIGH,MID / MID,HIGH / MID,HIGH / MID,LOW / MID,LOW / MID,HIGH / LOW,LOW / MID,HIGH / LOW,HIGH / LOW,MID / MID,HIGH / MID,0.6353967744078346,0.68238288164138794,0.68240598218737547,0.71301990677851035,0.68240598218737547,0.046986107233553343,0.13796308210501484,0.061917336229323827,0.047009207779540874,0.13803581554648736,0.061948863597235948,0.077623132370675751,0.23939685738311089,0.10466832653455493
dd717235-9fe4-53bd-b885-ea503c4e23d5,10845075-6a1c-5d5f-b277-bbe74d87bf3c,2025-09-27,2025,SUBMISSION,Lightweight,MATCH,MATCH,NO_MATCH,NO_MATCH,HIGH / MID,LOW / MID,LOW / LOW,HIGH / LOW,HIGH / MID,HIGH / MID,HIGH / MID,HIGH / MID,HIGH / MID,LOW / MID,HIGH / HIGH,HIGH / LOW,MID / MID,LOW / MID,LOW / MID,MID / MID,HIGH / MID,0.72012501976071741,0.63118523359298706,0.6629547476445995,0.63901381453314909,0.6629547476445995,-0.08893978616773035,-0.27595152563206027,-0.12018524497953997,-0.057170272116117915,-0.18587419701055774,-0.079071046660859012,-0.081111205227568317,-0.2544966858824147,-0.11024138892116775
fa872483-137c-5c44-90cc-3517b813b077,10845075-6a1c-5d5f-b277-bbe74d87bf3c,2025-09-27,2025,KO_TKO,Light Heavyweight,MATCH,MATCH,NO_MATCH,NO_MATCH,HIGH / HIGH,HIGH / HIGH,LOW / MID,HIGH / HIGH,HIGH / MID,HIGH / HIGH,HIGH / HIGH,HIGH / MID,HIGH / HIGH,LOW / LOW,HIGH / HIGH,LOW / MID,LOW / LOW,MID / MID,HIGH / LOW,HIGH / HIGH,LOW / LOW,0.92023031506280129,0.86859327554702759,0.88534688069709699,0.86516166304738962,0.88534688069709699,-0.051637039515773697,0.057749002815674647,0.01090452459647947,-0.034883434365704291,0.038644457368864446,0.0067821351309057618,-0.055068652015411668,0.061707598006375527,0.011818174477165747
216c0e72-907b-5a19-ad1a-666b5db0ed83,7bd13667-4355-5cd3-9a9b-2eaf8c59f298,2025-10-04,2025,SUBMISSION,Welterweight,NO_MATCH,MATCH,NO_MATCH,NO_MATCH,HIGH / MID,LOW / MID,HIGH / LOW,MID / MID,MID / MID,HIGH / MID,HIGH / MID,HIGH / LOW,HIGH / MID,HIGH / LOW,LOW / MID,HIGH / HIGH,MID / MID,HIGH / MID,MID / MID,LOW / MID,HIGH / HIGH,0.5410453166075796,0.56143492460250854,0.56791715689859357,0.55977296651772857,0.56791715689859357,0.020389607994928949,0.045443270837315475,0.022479139940428383,0.026871840291013971,0.060334139896251138,0.029799862476785677,0.018727649910148969,0.041660897169264022,0.020615739421061985
2e63a290-ecd4-5e82-aa65-7b572d9e7d77,7bd13667-4355-5cd3-9a9b-2eaf8c59f298,2025-10-04,2025,SUBMISSION,Middleweight,NO_MATCH,MATCH,NO_MATCH,NO_MATCH,HIGH / MID,MID / MID,LOW / LOW,HIGH / MID,HIGH / LOW,HIGH / MID,HIGH / MID,MID / MID,LOW / MID,MID / MID,MID / MID,MID / MID,MID / MID,HIGH / HIGH,HIGH / LOW,MID / MID,HIGH / MID,0.72475895562200709,0.78926706314086914,0.77791501417832976,0.76147267638186211,0.77791501417832976,0.064508107518862046,0.26705560904451486,0.097666953204710305,0.053156058556322661,0.21458711112142881,0.079876225529768585,0.036713720759855017,0.14316337055070782,0.054565093121853647
601c2405-6de8-5993-a547-21d52f2c3527,7bd13667-4355-5cd3-9a9b-2eaf8c59f298,2025-10-04,2025,KO_TKO,Catch Weight,MATCH,NO_MATCH,NO_MATCH,NO_MATCH,HIGH / LOW,LOW / MID,MID / MID,HIGH / MID,MID / MID,MID / MID,HIGH / MID,HIGH / MID,HIGH / LOW,LOW / MID,HIGH / MID,LOW / MID,MID / MID,LOW / MID,MID / MID,HIGH / MID,HIGH / MID,0.7147240799239829,0.7755274772644043,0.7674723112862939,0.73521405861242572,0.7674723112862939,0.060803397340421395,-0.081646847654105681,-0.030994437111935572,0.052748231362310993,-0.071205836300266279,-0.027313224556679894,0.020489978688442823,-0.028265127008816116,-0.011270755818714187
92a4c575-ea83-5ba7-9ebb-43dd2675644f,7bd13667-4355-5cd3-9a9b-2eaf8c59f298,2025-10-04,2025,KO_TKO,Light Heavyweight,MATCH,MATCH,NO_MATCH,NO_MATCH,HIGH / LOW,HIGH / MID,HIGH / LOW,HIGH / HIGH,HIGH / MID,HIGH / HIGH,HIGH / HIGH,HIGH / HIGH,HIGH / LOW,LOW / LOW,HIGH / MID,LOW / LOW,HIGH / LOW,HIGH / LOW,HIGH / MID,LOW / MID,LOW / LOW,0.89288751914789244,0.86210423707962036,0.84934535692296509,0.84720213589788729,0.84934535692296509,-0.030783282068272078,0.035084426502830043,0.0075421578771004399,-0.04354216222492735,0.049994730115609079,0.011223737926375673,-0.045685383250005152,0.05252129913210922,0.011874103719874596
bdb0267c-4760-501d-aedf-447605759547,7bd13667-4355-5cd3-9a9b-2eaf8c59f298,2025-10-04,2025,KO_TKO,Middleweight,MATCH,MATCH,MATCH,MATCH,HIGH / HIGH,HIGH / HIGH,HIGH / MID,HIGH / LOW,LOW / MID,HIGH / HIGH,HIGH / LOW,LOW / MID,MID / MID,LOW / LOW,LOW / MID,HIGH / MID,HIGH / MID,HIGH / MID,HIGH / MID,LOW / MID,HIGH / MID,0.39193450689656678,0.51368319988250732,0.51265728756714668,0.5249450890631171,0.51265728756714668,0.12174869298594054,-0.27051198120836772,-0.13323961382660415,0.1207227806705799,-0.26851281490909096,-0.13224072454171071,0.13301058216655032,-0.29219891327218817,-0.14406647549787174
026a1ab8-19ea-5516-a918-f7ce0d898867,c1054bc4-a1ea-5245-bc15-9ec2b348edcf,2025-10-11,2025,KO_TKO,Heavyweight,NO_MATCH,NO_MATCH,MATCH,NO_MATCH,MID / MID,MID / MID,HIGH / HIGH,LOW / MID,HIGH / MID,HIGH / HIGH,MID / MID,LOW / MID,HIGH / MID,LOW / MID,LOW / MID,HIGH / MID,LOW / LOW,HIGH / LOW,HIGH / HIGH,HIGH / MID,HIGH / HIGH,0.5852190576823898,0.66473871469497681,0.69331269167401266,0.65644364974817804,0.69331269167401266,0.079519657012587008,-0.12740781849643612,-0.059643100685508516,0.10809363399162286,-0.16949487724320028,-0.077986125021645453,0.071224592065788239,-0.11485062099042742,-0.05401226431153211
b56b8e4f-8d46-5a7f-a8d9-b9f487c06d30,c1054bc4-a1ea-5245-bc15-9ec2b348edcf,2025-10-11,2025,SUBMISSION,Flyweight,NO_MATCH,NO_MATCH,MATCH,MATCH,HIGH / HIGH,LOW / MID,HIGH / HIGH,LOW / LOW,HIGH / LOW,LOW / LOW,LOW / LOW,LOW / LOW,HIGH / LOW,LOW / LOW,LOW / MID,HIGH / HIGH,HIGH / LOW,HIGH / HIGH,HIGH / MID,LOW / MID,HIGH / MID,0.23561920146155563,0.37607395648956299,0.42659605079266827,0.44174071737648218,0.42659605079266827,0.14045475502800736,0.20303425106913048,0.085915212652332582,0.19097684933111264,0.2874756516221611,0.12646778245451967,0.20612151591492656,0.3142425737409959,0.139618453290908
f1db8f46-2c21-5f07-aeec-267e86b92432,c1054bc4-a1ea-5245-bc15-9ec2b348edcf,2025-10-11,2025,KO_TKO,Heavyweight,NO_MATCH,MATCH,NO_MATCH,NO_MATCH,MID / MID,LOW / MID,LOW / MID,HIGH / MID,HIGH / LOW,HIGH / HIGH,HIGH / HIGH,HIGH / MID,HIGH / HIGH,HIGH / LOW,HIGH / MID,LOW / LOW,LOW / MID,LOW / LOW,MID / MID,HIGH / MID,LOW / MID,0.85815756817113786,0.84826189279556274,0.84109203523116882,0.83164660489163267,0.84109203523116882,-0.0098956753755751192,0.011598304558473216,0.0029051777108598902,-0.017065532939969041,0.020086639057835198,0.0051324657998466881,-0.026510963279505195,0.031380131662457872,0.0082235901773886379
844e92d4-6b63-55c6-838a-e3860a319478,2aa72f73-c7a6-5de4-9c81-706901cc4db4,2025-10-18,2025,KO_TKO,Middleweight,MATCH,NO_MATCH,NO_MATCH,NO_MATCH,HIGH / MID,HIGH / MID,MID / MID,HIGH / MID,HIGH / MID,MID / MID,LOW / MID,HIGH / LOW,HIGH / HIGH,LOW / LOW,LOW / MID,HIGH / MID,LOW / LOW,HIGH / HIGH,HIGH / LOW,LOW / MID,HIGH / MID,0.53247264335893352,0.61431866884231567,0.61685359747827928,0.61069495290329256,0.61685359747827928,0.081846025483382157,-0.14298227584994244,-0.0698317400042196,0.084380954119345764,-0.1471001922251276,-0.071780663442446518,0.078222309544359048,-0.13706605345964074,-0.067023409512813381
a0d7a361-0094-51c3-ab3c-b38df5417c2e,2aa72f73-c7a6-5de4-9c81-706901cc4db4,2025-10-18,2025,KO_TKO,Lightweight,MATCH,NO_MATCH,NO_MATCH,NO_MATCH,HIGH / LOW,HIGH / LOW,LOW / MID,HIGH / LOW,LOW / MID,MID / MID,HIGH / LOW,HIGH / HIGH,LOW / LOW,LOW / LOW,HIGH / LOW,LOW / LOW,HIGH / MID,LOW / MID,LOW / LOW,LOW / LOW,LOW / MID,0.69715078342653225,0.77270627021789551,0.71235574056864237,0.70675014559953198,0.71235574056864237,0.075555486791363258,-0.10289727019619305,-0.040055208380902832,0.01520495714211012,-0.021575702869318647,-0.0089784279953489948,0.0095993621729997258,-0.013675483190006665,-0.0057221708732674709
01d91e14-d113-5b4b-a5b5-6804f436bd94,011e6515-c5a0-5393-8c30-365bbbb0a8b4,2025-10-25,2025,KO_TKO,Light Heavyweight,MATCH,MATCH,NO_MATCH,NO_MATCH,HIGH / HIGH,HIGH / MID,HIGH / HIGH,HIGH / HIGH,LOW / MID,HIGH / MID,HIGH / MID,MID / MID,HIGH / HIGH,HIGH / LOW,HIGH / HIGH,LOW / LOW,LOW / LOW,LOW / LOW,LOW / LOW,HIGH / HIGH,MID / MID,0.88977218890702481,0.89035660028457642,0.87252569277353031,0.85397855424496516,0.87252569277353031,0.00058441137755160799,-0.00065659451394275981,-0.00012849523719247677,-0.017246496133494493,0.019573361492786961,0.0040995286645197568,-0.035793634662059648,0.041059381092790004,0.0091720922820419555
4122a938-b888-56a1-bcd8-e66b94ec46c4,011e6515-c5a0-5393-8c30-365bbbb0a8b4,2025-10-25,2025,SUBMISSION,Heavyweight,UNASSIGNABLE,UNASSIGNABLE,MATCH,UNASSIGNABLE,HIGH / MISSING,LOW / MID,HIGH / MISSING,LOW / MISSING,MID / MISSING,HIGH / MISSING,MID / MISSING,MID / MISSING,HIGH / MISSING,LOW / MISSING,LOW / MISSING,HIGH / MISSING,LOW / MISSING,HIGH / MISSING,HIGH / MISSING,LOW / MISSING,HIGH / MISSING,0.47782756560292522,0.53786307573318481,0.55040107805769956,0.56166238813387792,0.55040107805769956,0.060035510130259595,0.12213664738448826,0.060977505787143893,0.072573512454774336,0.14964196666691887,0.074622164277060088,0.083834822530952702,0.1750084506209344,0.087145455794233107
8746e82c-01c8-5710-83cd-eacd4a92ff99,011e6515-c5a0-5393-8c30-365bbbb0a8b4,2025-10-25,2025,KO_TKO,Lightweight,MATCH,NO_MATCH,NO_MATCH,NO_MATCH,HIGH / LOW,HIGH / LOW,HIGH / LOW,HIGH / HIGH,LOW / MID,MID / MID,HIGH / MID,HIGH / MID,HIGH / MID,HIGH / LOW,HIGH / HIGH,LOW / MID,LOW / MID,LOW / MID,LOW / LOW,HIGH / HIGH,HIGH / LOW,0.77438320044917386,0.85448062419891357,0.81248715745497402,0.80709685196191205,0.81248715745497402,0.080097423749739716,-0.09842698519045448,-0.029727051506019848,0.03810395700580016,-0.048033265777501194,-0.015741874120241958,0.032713651512738195,-0.041376833799228463,-0.013691315716553194
27d019df-8a51-505c-abb0-421998e5b26b,b8f68ec1-3905-5b2e-b6f9-5c5de237ad4e,2025-11-01,2025,KO_TKO,Featherweight,MATCH,NO_MATCH,NO_MATCH,NO_MATCH,HIGH / MID,HIGH / HIGH,HIGH / MID,HIGH / HIGH,HIGH / MID,LOW / MID,HIGH / MID,HIGH / LOW,HIGH / MID,HIGH / LOW,HIGH / HIGH,MID / MID,HIGH / MID,LOW / MID,HIGH / LOW,HIGH / LOW,LOW / MID,0.88835643099877371,0.76271498203277588,0.75571508655818598,0.74760054635783113,0.75571508655818598,-0.12564144896599783,0.15248863632566773,0.043839893252374293,-0.13264134444058773,0.16170861320383828,0.047210832435942998,-0.14075588464094257,0.17250424232127576,0.051241197699533766
749b46a7-bca2-5a84-b580-22c513f97728,b8f68ec1-3905-5b2e-b6f9-5c5de237ad4e,2025-11-01,2025,SUBMISSION,Welterweight,NO_MATCH,MATCH,NO_MATCH,NO_MATCH,HIGH / MID,LOW / MID,LOW / LOW,HIGH / MID,HIGH / HIGH,HIGH / HIGH,HIGH / MID,HIGH / MID,LOW / MID,HIGH / LOW,HIGH / MID,LOW / MID,LOW / MID,LOW / MID,LOW / MID,HIGH / MID,MID / MID,0.90196895813868516,0.80556422472000122,0.77714179717703624,0.73831224471962464,0.77714179717703624,-0.096404733418683941,-0.68481772211154013,-0.16461428129704858,-0.12482716096164892,-0.8212515252322472,-0.20959862852623146,-0.16365671341906052,-0.98186783709340908,-0.26844303074285425
760433be-3802-5c80-ae1c-6a15adb517f9,b8f68ec1-3905-5b2e-b6f9-5c5de237ad4e,2025-11-01,2025,SUBMISSION,Catch Weight,NO_MATCH,NO_MATCH,NO_MATCH,MATCH,HIGH / MID,HIGH / MID,HIGH / MID,LOW / LOW,HIGH / LOW,MID / MID,LOW / LOW,HIGH / LOW,HIGH / MID,LOW / MID,LOW / MID,HIGH / MID,HIGH / HIGH,HIGH / MID,HIGH / LOW,LOW / MID,HIGH / HIGH,0.33063615683551739,0.40477675199508667,0.4225548156137463,0.44119899661103773,0.4225548156137463,0.074140595159569278,0.11739123161758569,0.054523950748731051,0.091918658778228912,0.14771425444252784,0.069232303991406299,0.11056283977552034,0.18053435052677647,0.08533628640362563
c8894fcd-269e-5b01-84a4-5525b980f2ee,b8f68ec1-3905-5b2e-b6f9-5c5de237ad4e,2025-11-01,2025,KO_TKO,Heavyweight,NO_MATCH,MATCH,NO_MATCH,NO_MATCH,HIGH / MID,HIGH / LOW,HIGH / MID,HIGH / MID,HIGH / LOW,HIGH / MID,HIGH / HIGH,MID / MID,MID / MID,LOW / MID,HIGH / MID,LOW / MID,LOW / MID,LOW / LOW,HIGH / MID,HIGH / LOW,LOW / MID,0.81779001008542296,0.84278440475463867,0.8272591343813247,0.83997567999432776,0.8272591343813247,0.024994394669215714,-0.030105585411112024,-0.0084837370363169892,0.009469124295901743,-0.01151239634422635,-0.0033610737699810295,0.022185669908904804,-0.026767346770800587,-0.0075926974313924762
f453bf6d-4bad-528a-a4d7-3a671f7c46bd,b8f68ec1-3905-5b2e-b6f9-5c5de237ad4e,2025-11-01,2025,SUBMISSION,Featherweight,NO_MATCH,NO_MATCH,MATCH,NO_MATCH,HIGH / HIGH,LOW / LOW,HIGH / HIGH,LOW / MID,LOW / MID,MID / MID,MID / MID,LOW / MID,HIGH / HIGH,HIGH / LOW,MID / MID,HIGH / HIGH,LOW / MID,HIGH / HIGH,HIGH / MID,MID / MID,HIGH / MID,0.41280110018332489,0.48754128813743591,0.5122877691834532,0.52804839682512816,0.5122877691834532,0.074740187954111026,0.13614345814147977,0.067291759326146866,0.099486669000128314,0.18563806272198846,0.092034010142395567,0.11524729664180328,0.21848715900738735,0.10843036107702456
12fa1f97-33c1-559c-bb5a-4d0562736dba,523d2b8f-54df-5384-a980-8efa9ee913ba,2025-11-08,2025,KO_TKO,Welterweight,NO_MATCH,NO_MATCH,MATCH,MATCH,HIGH / MID,HIGH / MID,LOW / MID,HIGH / LOW,HIGH / HIGH,HIGH / MID,LOW / MID,MID / MID,MID / MID,HIGH / MID,HIGH / HIGH,HIGH / MID,HIGH / LOW,HIGH / HIGH,HIGH / MID,HIGH / HIGH,HIGH / LOW,0.57399753319707847,0.57914209365844727,0.56421647237413974,0.56273140458329274,0.56421647237413974,0.0051445604613687967,-0.0089227609108382122,-0.0043567243919790943,-0.0097810608229387253,0.017187104618623605,0.0084291812278646516,-0.011266128613785731,0.019822663335827273,0.0097257228155257502
3ae3cc59-6a33-5cca-a15c-6fc60bacca14,523d2b8f-54df-5384-a980-8efa9ee913ba,2025-11-08,2025,SUBMISSION,Catch Weight,NO_MATCH,NO_MATCH,MATCH,MATCH,MID / MID,LOW / MID,HIGH / MID,MID / MID,LOW / MID,HIGH / MID,MID / MID,MID / MID,HIGH / LOW,LOW / LOW,HIGH / LOW,HIGH / MID,HIGH / MID,LOW / MID,HIGH / LOW,LOW / MID,HIGH / MID,0.55460806519536932,0.54798561334609985,0.56747515398461623,0.56054637907257066,0.56747515398461623,-0.0066224518492694617,-0.014759361304594876,-0.0073018735454497552,0.012867088789246917,0.02931487474511163,0.014437944410112924,0.00593831387720134,0.013422462244588651,0.0066221371116190753
6088e673-a059-5c16-9ed2-77b2b7ba884f,523d2b8f-54df-5384-a980-8efa9ee913ba,2025-11-08,2025,KO_TKO,Welterweight,NO_MATCH,MATCH,NO_MATCH,NO_MATCH,HIGH / HIGH,HIGH / HIGH,HIGH / MID,HIGH / HIGH,HIGH / MID,HIGH / MID,HIGH / HIGH,MID / MID,HIGH / HIGH,HIGH / MID,HIGH / MID,LOW / LOW,HIGH / LOW,LOW / LOW,LOW / MID,HIGH / LOW,LOW / MID,0.88170647573466321,0.80741441249847412,0.80000118728046477,0.7634173862155591,0.80000118728046477,-0.074292063236189088,0.088022147901531234,0.023095850630194058,-0.081705288454198444,0.097245994899559263,0.026006167206109904,-0.11828908951910411,0.14405429190262875,0.041977975261964104
e86ef569-1515-507f-8108-b5293ca7c85b,523d2b8f-54df-5384-a980-8efa9ee913ba,2025-11-08,2025,KO_TKO,Middleweight,MATCH,NO_MATCH,NO_MATCH,NO_MATCH,HIGH / HIGH,LOW / MID,MID / MID,HIGH / HIGH,LOW / MID,LOW / MID,HIGH / HIGH,LOW / MID,HIGH / HIGH,HIGH / LOW,HIGH / HIGH,LOW / MID,LOW / MID,LOW / MID,LOW / MID,HIGH / MID,LOW / LOW,0.90126826402639715,0.83978551626205444,0.81416194851059642,0.81149167319684934,0.81416194851059642,-0.061482747764342704,0.070656432160502727,0.015920725111055196,-0.087106315515800725,0.10164365345230091,0.02478782569301699,-0.089776590829547809,0.10492882771038416,0.025787433585762222
5fb4eb83-dcd6-5cc0-9443-ecf3cc00fb9c,4362fadf-1a5c-5874-a4ff-d0f6d20bd8c4,2025-11-15,2025,KO_TKO,Lightweight,MATCH,MATCH,NO_MATCH,MATCH,MID / MID,HIGH / HIGH,HIGH / HIGH,HIGH / HIGH,HIGH / MID,HIGH / HIGH,HIGH / MID,HIGH / LOW,HIGH / MID,LOW / MID,HIGH / MID,HIGH / HIGH,HIGH / HIGH,HIGH / HIGH,MID / MID,HIGH / HIGH,HIGH / HIGH,0.53129435845007311,0.63311481475830078,0.60417928052799896,0.63503782669029141,0.60417928052799896,0.10182045630822767,-0.17533557260930738,-0.085080239270892588,0.072884922077925851,-0.12855476094628182,-0.063010936457396,0.1037434682402183,-0.17836835169770193,-0.086487590473782766
6ae3a9ae-b6de-54ec-8ef0-ee1f5366477c,4362fadf-1a5c-5874-a4ff-d0f6d20bd8c4,2025-11-15,2025,SUBMISSION,Middleweight,NO_MATCH,NO_MATCH,NO_MATCH,MATCH,HIGH / MID,HIGH / HIGH,HIGH / MID,MID / MID,HIGH / HIGH,HIGH / HIGH,LOW / MID,MID / MID,MID / MID,LOW / MID,LOW / LOW,HIGH / HIGH,HIGH / MID,HIGH / HIGH,LOW / LOW,HIGH / LOW,HIGH / HIGH,0.55360422288392985,0.49602559208869934,0.50485660573701097,0.50319681641034697,0.50485660573701097,-0.057578630795230512,-0.121319537671434,-0.060436247587975112,-0.048747617146918887,-0.10364145484083587,-0.051597443238624141,-0.050407406473582883,-0.10698798763354767,-0.053270599549411435
c5fee04a-09e9-5c85-842e-b695ad6f22e9,4362fadf-1a5c-5874-a4ff-d0f6d20bd8c4,2025-11-15,2025,KO_TKO,Welterweight,NO_MATCH,NO_MATCH,MATCH,NO_MATCH,HIGH / LOW,HIGH / MID,MID / MID,HIGH / LOW,LOW / LOW,LOW / MID,HIGH / LOW,MID / MID,HIGH / HIGH,HIGH / MID,HIGH / MID,HIGH / LOW,LOW / MID,HIGH / LOW,HIGH / LOW,HIGH / HIGH,HIGH / LOW,0.71045418514233982,0.71896934509277344,0.6769375764311738,0.65234116577419632,0.6769375764311738,0.0085151599504336151,-0.011914258436370562,-0.004858549904001766,-0.033516608711166018,0.048325400396550255,0.020532550620577239,-0.058113019368143504,0.085336777436238076,0.037029886113658414
8c25fc07-fc0f-5cac-95e5-74cfe96c99fd,e2e1d1aa-6999-53de-8706-378f44a99e0a,2025-11-22,2025,SUBMISSION,Flyweight,MATCH,NO_MATCH,MATCH,MATCH,HIGH / LOW,HIGH / MID,HIGH / MID,HIGH / MID,LOW / LOW,HIGH / MID,LOW / MID,LOW / MID,HIGH / MID,HIGH / LOW,HIGH / LOW,HIGH / HIGH,HIGH / MID,HIGH / HIGH,HIGH / HIGH,HIGH / LOW,HIGH / HIGH,0.41668632330437816,0.43309980630874634,0.38110430557282932,0.3953541639594052,0.38110430557282932,0.016413483004368179,0.028541817590862828,0.013947950195752845,-0.035582017731548843,-0.059211671317604742,-0.028387000302772275,-0.021332159344972956,-0.035917811057611049,-0.01732257706888049
b34ff758-93bb-5017-bdc8-1f7afe1ad446,e2e1d1aa-6999-53de-8706-378f44a99e0a,2025-11-22,2025,SUBMISSION,Flyweight,MATCH,NO_MATCH,NO_MATCH,MATCH,MID / MID,HIGH / MID,HIGH / MID,HIGH / MID,LOW / MID,LOW / LOW,LOW / MID,LOW / MID,HIGH / MID,HIGH / LOW,MID / MID,HIGH / LOW,HIGH / MID,HIGH / LOW,HIGH / MID,LOW / MID,HIGH / HIGH,0.398748637494866,0.43788442015647888,0.45500047198642818,0.48761542330534574,0.45500047198642818,0.039135782661612883,0.067305600704684942,0.032742289511763667,0.05625183449156218,0.098228158905482754,0.04802495360386036,0.088866785810479743,0.1599376180961759,0.078768325141239465
df17b295-6c51-5024-b55d-6777731ffde3,e2e1d1aa-6999-53de-8706-378f44a99e0a,2025-11-22,2025,KO_TKO,Light Heavyweight,MATCH,MATCH,NO_MATCH,NO_MATCH,HIGH / HIGH,HIGH / HIGH,MID / MID,HIGH / HIGH,HIGH / MID,HIGH / HIGH,HIGH / HIGH,HIGH / HIGH,HIGH / MID,LOW / MID,HIGH / MID,LOW / LOW,MID / MID,MID / MID,LOW / MID,HIGH / HIGH,LOW / LOW,0.81003621043402385,0.89247310161590576,0.88057159952078357,0.83739881921065162,0.88057159952078357,0.082436891181881911,-0.096917424047329018,-0.024524207470163144,0.070535389086759714,-0.083492290612428161,-0.021823098505242368,0.027362608776627773,-0.033221492611137965,-0.009647097352176115
f59ed572-1c04-5df3-9a46-2ec30153ebb1,e2e1d1aa-6999-53de-8706-378f44a99e0a,2025-11-22,2025,KO_TKO,Heavyweight,NO_MATCH,MATCH,NO_MATCH,NO_MATCH,HIGH / HIGH,HIGH / MID,MID / MID,MID / MID,LOW / LOW,HIGH / MID,HIGH / HIGH,HIGH / MID,MID / MID,LOW / MID,HIGH / LOW,LOW / LOW,LOW / LOW,LOW / LOW,HIGH / MID,HIGH / MID,LOW / MID,0.82298734825541264,0.75823289155960083,0.7405988978955963,0.68517788423788639,0.7405988978955963,-0.064754456695811813,0.081950244589797938,0.027117855845981163,-0.082388450359816345,0.10548164748901889,0.035955452895328706,-0.13780946401752625,0.18326233827501615,0.067779485695283082
02130ace-6702-515e-a5b7-a47c4647d220,60cbbda6-a593-5de5-9581-c91a2ea35069,2025-12-06,2025,SUBMISSION,Middleweight,MATCH,MATCH,NO_MATCH,NO_MATCH,HIGH / MID,LOW / LOW,HIGH / LOW,HIGH / MID,HIGH / MID,HIGH / MID,HIGH / MID,HIGH / MID,MID / MID,LOW / LOW,LOW / MID,LOW / MID,HIGH / LOW,MID / MID,LOW / MID,HIGH / LOW,HIGH / MID,0.79731821380283918,0.78868097066879272,0.7947544908719365,0.77340434127914603,0.7947544908719365,-0.0086372431340464573,-0.041731785463853477,-0.013698660566680898,-0.0025637229309026788,-0.012569674621818683,-0.0040816333006389316,-0.023913872523693147,-0.11152999661154972,-0.037562058952320232
0d3f84ec-cdd0-5a71-8a5d-22b7da5533fc,60cbbda6-a593-5de5-9581-c91a2ea35069,2025-12-06,2025,KO_TKO,Flyweight,NO_MATCH,NO_MATCH,MATCH,NO_MATCH,MID / MID,HIGH / HIGH,HIGH / LOW,HIGH / MID,MID / MID,LOW / LOW,MID / MID,LOW / MID,HIGH / MID,HIGH / LOW,LOW / MID,HIGH / MID,HIGH / LOW,HIGH / HIGH,HIGH / HIGH,LOW / MID,HIGH / MID,0.40265744550768223,0.47930991649627686,0.51618920537596902,0.50414053877568243,0.51618920537596902,0.076652470988594623,-0.17426120615587815,-0.085699964348293467,0.11353175986828679,-0.24838718602199017,-0.12274524241267137,0.1014830932680002,-0.22476888664280914,-0.11094152212173716
650197ae-3ec5-540e-9a2b-66325d610e1e,60cbbda6-a593-5de5-9581-c91a2ea35069,2025-12-06,2025,KO_TKO,Lightweight,MATCH,MATCH,NO_MATCH,NO_MATCH,HIGH / MID,HIGH / HIGH,HIGH / LOW,HIGH / HIGH,HIGH / MID,HIGH / MID,HIGH / HIGH,HIGH / HIGH,MID / MID,LOW / MID,HIGH / HIGH,HIGH / LOW,HIGH / MID,HIGH / LOW,HIGH / HIGH,HIGH / HIGH,LOW / LOW,0.82640768482502713,0.7433658242225647,0.72836543169128343,0.70195292982681023,0.72836543169128343,-0.083041860602462436,0.10589993237395995,0.035726808289156448,-0.098042253133743706,0.12628532805872966,0.043651046812455699,-0.1244547549982169,0.1632218666722311,0.058697764151015186
8f8c6e5f-0074-5849-90e4-45392238fbdd,60cbbda6-a593-5de5-9581-c91a2ea35069,2025-12-06,2025,KO_TKO,Flyweight,NO_MATCH,NO_MATCH,MATCH,NO_MATCH,HIGH / LOW,HIGH / HIGH,LOW / MID,MID / MID,LOW / MID,LOW / MID,LOW / LOW,HIGH / HIGH,HIGH / HIGH,LOW / MID,HIGH / HIGH,HIGH / LOW,LOW / LOW,HIGH / LOW,HIGH / HIGH,HIGH / HIGH,HIGH / LOW,0.64292568952173346,0.63986051082611084,0.63092874881113958,0.62998114535985306,0.63092874881113958,-0.0030651786956226168,0.0047789483990769432,0.00219838845890033,-0.011996940710593873,0.018836210888560301,0.0087115252505814145,-0.0129445441618804,0.020339258226146406,0.0094118895856767082
d6d965cc-3e92-5167-bd6c-3cb884f526e2,60cbbda6-a593-5de5-9581-c91a2ea35069,2025-12-06,2025,KO_TKO,Lightweight,MATCH,NO_MATCH,NO_MATCH,NO_MATCH,HIGH / LOW,HIGH / MID,HIGH / MID,HIGH / LOW,HIGH / LOW,HIGH / MID,HIGH / MID,HIGH / LOW,HIGH / HIGH,LOW / LOW,HIGH / MID,HIGH / HIGH,MID / MID,HIGH / HIGH,HIGH / MID,HIGH / MID,HIGH / MID,0.80430856408270324,0.7194598913192749,0.68301755866223735,0.68584383819471639,0.68301755866223735,-0.084848672763428334,0.11148220216376731,0.040407614487219586,-0.12129100542046589,0.16346241434023362,0.062182730025074677,-0.11846472588798684,0.1593330210282673,0.060398955908854073
14055f38-1d60-57fd-abcb-c3ed4e0149d7,48d2ab68-1f2c-51f3-bf12-9e71cb4b5a0f,2025-12-13,2025,KO_TKO,Flyweight,MATCH,NO_MATCH,NO_MATCH,NO_MATCH,HIGH / MID,HIGH / HIGH,LOW / MID,HIGH / MID,HIGH / LOW,LOW / MID,HIGH / LOW,HIGH / HIGH,HIGH / LOW,HIGH / LOW,HIGH / HIGH,HIGH / MID,HIGH / LOW,HIGH / LOW,HIGH / LOW,HIGH / LOW,LOW / LOW,0.65200020894812771,0.65065544843673706,0.64640449150414425,0.64281900799000258,0.64640449150414425,-0.0013447605113906524,0.0020646453749559313,0.00093776113479050738,-0.0055957174439834612,0.0086194267261229252,0.0039259290562960319,-0.0091812009581251353,0.014181678360087158,0.0064744064810990792
20fca119-ddfe-597a-80ee-7fda03a1f6bf,c51d1d9f-bdb6-5901-8cb1-c8633b20f8c4,2026-01-24,2026,KO_TKO,Heavyweight,NO_MATCH,MATCH,NO_MATCH,NO_MATCH,HIGH / MID,LOW / LOW,LOW / MID,HIGH / MID,HIGH / MID,HIGH / HIGH,HIGH / HIGH,LOW / MID,HIGH / HIGH,HIGH / MID,MID / MID,LOW / MID,LOW / MID,LOW / LOW,MID / MID,LOW / LOW,LOW / MID,0.80365003417855296,0.82086259126663208,0.80142809800894499,0.78647031487890473,0.80142809800894499,0.017212557088079117,-0.021191834381293378,-0.0064630978703777014,-0.0022219361696079742,0.0027686348027233243,0.00087749118226173456,-0.017179719299648233,0.021608915078157848,0.0070416173498306714
5575ff8c-ab5e-55ed-8b09-2c47b6a39daa,c51d1d9f-bdb6-5901-8cb1-c8633b20f8c4,2026-01-24,2026,KO_TKO,Heavyweight,MATCH,MATCH,NO_MATCH,NO_MATCH,HIGH / HIGH,HIGH / HIGH,HIGH / MID,HIGH / HIGH,LOW / MID,HIGH / LOW,HIGH / HIGH,LOW / MID,HIGH / MID,LOW / MID,HIGH / LOW,LOW / LOW,HIGH / LOW,LOW / LOW,HIGH / LOW,HIGH / LOW,LOW / LOW,0.87503601576749501,0.87713712453842163,0.88668360821996084,0.89178397657582908,0.88668360821996084,0.0021011087709266185,-0.0023982901343360952,-0.00052071118857443914,0.011647592452465827,-0.013223173552425888,-0.0027753927092144283,0.016747960808334073,-0.018958878135691123,-0.0039052896295210474
72677782-6338-51f2-bc73-0bea8595b6b6,c51d1d9f-bdb6-5901-8cb1-c8633b20f8c4,2026-01-24,2026,KO_TKO,Light Heavyweight,MATCH,NO_MATCH,NO_MATCH,NO_MATCH,HIGH / HIGH,HIGH / HIGH,HIGH / LOW,HIGH / LOW,HIGH / HIGH,HIGH / HIGH,MID / MID,HIGH / LOW,HIGH / MID,LOW / LOW,HIGH / MID,HIGH / LOW,HIGH / LOW,HIGH / MID,HIGH / MID,HIGH / LOW,HIGH / LOW,0.64632326452066746,0.59675562381744385,0.60158358686833346,0.59400564341881357,0.60158358686833346,-0.049567640703223614,0.079792098843566195,0.037518793703541109,-0.044739677652333998,0.071734298296995735,0.033648405033385037,-0.052317621101853895,0.084410968071664705,0.039744184356453799
267f40be-f2fb-564d-b4ca-ec9df8a0f865,603a8463-1406-512a-9e46-0c71623ed5d3,2026-01-31,2026,KO_TKO,Lightweight,MATCH,MATCH,NO_MATCH,MATCH,HIGH / HIGH,HIGH / HIGH,HIGH / LOW,HIGH / HIGH,MID / MID,HIGH / MID,HIGH / HIGH,HIGH / HIGH,HIGH / MID,LOW / LOW,HIGH / HIGH,HIGH / MID,HIGH / HIGH,HIGH / MID,LOW / MID,HIGH / HIGH,HIGH / LOW,0.64786536523245619,0.64808773994445801,0.67887276203843627,0.68189541170926371,0.67887276203843627,0.00022237471200181602,-0.00034318327306137597,-0.00015656222547205667,0.031007396805980081,-0.046750814713578337,-0.020876098042048694,0.034030046476807518,-0.051193385756171772,-0.022808271911252634
7fb05221-d7a0-558d-89bf-bb9fcab900c3,603a8463-1406-512a-9e46-0c71623ed5d3,2026-01-31,2026,SUBMISSION,Lightweight,NO_MATCH,MATCH,NO_MATCH,NO_MATCH,HIGH / LOW,HIGH / LOW,HIGH / LOW,HIGH / MID,HIGH / MID,HIGH / MID,HIGH / MID,HIGH / MID,HIGH / MID,LOW / MID,HIGH / HIGH,LOW / MID,MID / MID,LOW / MID,LOW / LOW,HIGH / HIGH,HIGH / HIGH,0.83598735573538008,0.88606101274490356,0.8875902889806091,0.91947886709327753,0.8875902889806091,0.050073657009523487,0.36428041841930625,0.086229259357091248,0.051602933245229021,0.37779319332946404,0.088941662143248279,0.083491511357897452,0.71142385347429826,0.14656652808170423
a13431f5-3fa0-57fe-a316-e364502035e7,603a8463-1406-512a-9e46-0c71623ed5d3,2026-01-31,2026,KO_TKO,Middleweight,MATCH,MATCH,NO_MATCH,NO_MATCH,HIGH / HIGH,HIGH / LOW,HIGH / MID,HIGH / HIGH,LOW / MID,HIGH / MID,HIGH / HIGH,LOW / MID,HIGH / LOW,LOW / LOW,LOW / MID,MID / MID,HIGH / MID,MID / MID,HIGH / MID,HIGH / MID,MID / MID,0.69512280504929269,0.73870301246643066,0.77774768163715113,0.71902286577835561,0.77774768163715113,0.043580207417137973,-0.06080743472292055,-0.024673988306893296,0.082624876587858442,-0.11231362704640413,-0.043554010983350461,0.023900060729062922,-0.033804631542371066,-0.014001954045603615
e14ebf7e-b492-572f-870e-507d8a1cd9d8,603a8463-1406-512a-9e46-0c71623ed5d3,2026-01-31,2026,SUBMISSION,Light Heavyweight,MATCH,MATCH,NO_MATCH,NO_MATCH,HIGH / MID,LOW / MID,HIGH / MID,HIGH / MID,HIGH / MID,HIGH / HIGH,HIGH / MID,LOW / MID,HIGH / HIGH,LOW / LOW,LOW / MID,LOW / MID,HIGH / HIGH,HIGH / LOW,LOW / MID,HIGH / MID,LOW / MID,0.6912435188423961,0.77956247329711914,0.79650998743729606,0.81101187692236476,0.79650998743729606,0.088318954454723042,0.33693855019334218,0.12990004743150357,0.10526646859489996,0.41693595396312322,0.15661055774574356,0.11976835807996866,0.49086870709944153,0.1799226621675189
f0e89498-c3f5-5c91-923c-a009bf55eeac,603a8463-1406-512a-9e46-0c71623ed5d3,2026-01-31,2026,KO_TKO,Lightweight,MATCH,MATCH,NO_MATCH,NO_MATCH,HIGH / MID,HIGH / MID,LOW / MID,HIGH / MID,LOW / MID,HIGH / LOW,HIGH / HIGH,HIGH / HIGH,HIGH / HIGH,HIGH / LOW,HIGH / MID,LOW / LOW,LOW / MID,LOW / LOW,HIGH / LOW,HIGH / HIGH,LOW / LOW,0.87392195113644655,0.93126720190048218,0.91564665822758207,0.92209067957081658,0.91564665822758207,0.057345250764035627,-0.063555170453840099,-0.011171476870651492,0.041724707091135516,-0.046639475053858709,-0.0087801881370662242,0.048168728434370034,-0.05365249875617252,-0.0098258121955033962
53e2457c-bd84-5486-8888-14346973fe49,03b5cba7-b05b-5fe8-b1a8-47ecb531b52c,2026-02-07,2026,KO_TKO,Welterweight,MATCH,NO_MATCH,NO_MATCH,NO_MATCH,HIGH / LOW,HIGH / MID,MID / MID,HIGH / LOW,HIGH / LOW,HIGH / HIGH,LOW / MID,HIGH / MID,HIGH / MID,LOW / LOW,HIGH / LOW,MID / MID,HIGH / HIGH,LOW / MID,LOW / LOW,LOW / MID,MID / MID,0.62276027404054568,0.56044834852218628,0.58296137695189199,0.59458471440118865,0.58296137695189199,-0.062311925518359401,0.10542456610023848,0.050895843474909219,-0.039798897088653695,0.066040716503485142,0.031611402271897737,-0.028175559639357028,0.046298448994100683,0.02205174295520157
79b5852e-1430-5aef-b387-b10ab69f2ba5,03b5cba7-b05b-5fe8-b1a8-47ecb531b52c,2026-02-07,2026,KO_TKO,Light Heavyweight,MATCH,MATCH,NO_MATCH,NO_MATCH,HIGH / MID,HIGH / LOW,LOW / LOW,HIGH / MID,HIGH / MID,HIGH / MID,HIGH / MID,HIGH / HIGH,HIGH / MID,LOW / MID,HIGH / HIGH,LOW / LOW,LOW / LOW,LOW / MID,LOW / LOW,LOW / MID,HIGH / LOW,0.81677689957279687,0.83784615993499756,0.84442567533722079,0.85588475206957304,0.84442567533722079,0.021069260362200692,-0.025468518768831938,-0.0072768366823305758,0.027648775764423927,-0.033290737286306327,-0.0093673340358771361,0.039107852496776174,-0.04676974681429788,-0.012801499844108534
d5f5d994-b649-5038-95a8-64ae6999e91b,03b5cba7-b05b-5fe8-b1a8-47ecb531b52c,2026-02-07,2026,SUBMISSION,Bantamweight,NO_MATCH,NO_MATCH,NO_MATCH,MATCH,LOW / MID,LOW / MID,MID / MID,LOW / MID,HIGH / MID,LOW / MID,LOW / MID,LOW / MID,HIGH / MID,LOW / MID,MID / MID,HIGH / LOW,HIGH / LOW,LOW / MID,LOW / LOW,HIGH / LOW,LOW / MID,0.6280372858734794,0.54220575094223022,0.56927503052552708,0.59645867773078731,0.56927503052552708,-0.085831534931249176,-0.20762622690447929,-0.10044375609249867,-0.058762255347952319,-0.1466761461413465,-0.070356772067486695,-0.031578608142692088,-0.081485273648613021,-0.038667878206967266
336d35ce-e179-5c94-a3b1-6d5ac111922b,ba6bb3ae-b2f2-5365-ac8a-0afd2dbbeef8,2026-02-21,2026,KO_TKO,Middleweight,NO_MATCH,NO_MATCH,MATCH,NO_MATCH,LOW / LOW,HIGH / HIGH,HIGH / LOW,LOW / MID,MID / MID,MID / MID,MID / MID,HIGH / LOW,HIGH / LOW,HIGH / LOW,HIGH / HIGH,HIGH / LOW,HIGH / LOW,HIGH / LOW,HIGH / HIGH,HIGH / MID,HIGH / LOW,0.54061047142183638,0.576416015625,0.55188517453227026,0.49009294784236102,0.55188517453227026,0.03580554420316362,-0.064130645693857624,-0.031615347148267164,0.011274703110433881,-0.020641003832393867,-0.010231842163293536,-0.050517523579475365,0.098103941064343614,0.048966462872825772
e1d93731-6e9f-5729-89f4-8e2cc328a609,d3178413-813d-533c-b732-08509147e61d,2026-02-28,2026,SUBMISSION,Featherweight,MATCH,NO_MATCH,NO_MATCH,NO_MATCH,LOW / LOW,LOW / MID,LOW / MID,HIGH / LOW,LOW / MID,HIGH / HIGH,LOW / MID,HIGH / LOW,HIGH / LOW,LOW / LOW,LOW / LOW,LOW / MID,HIGH / LOW,LOW / LOW,HIGH / MID,MID / MID,HIGH / MID,0.64800421860423729,0.55531060695648193,0.54059229434476286,0.54801404892353567,0.54059229434476286,-0.092693611647755358,-0.23375685443981675,-0.11153959713051181,-0.10741192425947443,-0.2663188725618254,-0.12766943862395347,-0.099990169680701624,-0.2500319068047957,-0.11959006951132084
7f08d368-90b5-5e3e-b16c-6afcc7f9b320,0bd8e47f-1e27-5644-a6d5-ed22d15d42a5,2026-03-07,2026,KO_TKO,Middleweight,MATCH,MATCH,NO_MATCH,NO_MATCH,HIGH / HIGH,HIGH / HIGH,LOW / LOW,HIGH / HIGH,HIGH / LOW,HIGH / HIGH,HIGH / HIGH,HIGH / HIGH,HIGH / HIGH,LOW / LOW,HIGH / MID,HIGH / MID,HIGH / LOW,HIGH / LOW,LOW / LOW,HIGH / MID,HIGH / HIGH,0.80379789138154711,0.62772113084793091,0.66985769793767047,0.66519298768358459,0.66985769793767047,-0.17607676053361621,0.24725185001394034,0.1000962889908162,-0.13394019344387664,0.18228256001031273,0.07049867218468725,-0.13860490369796252,0.18927065310240743,0.073600468069917158
5af6ee7a-107a-50e6-9353-6e49a026f2b5,4f948b2d-0be0-5b4f-bdb1-81dc9905fc33,2026-03-14,2026,SUBMISSION,Light Heavyweight,NO_MATCH,MATCH,NO_MATCH,NO_MATCH,HIGH / HIGH,HIGH / MID,HIGH / MID,LOW / MID,HIGH / LOW,HIGH / MID,HIGH / MID,LOW / MID,MID / MID,HIGH / LOW,HIGH / MID,LOW / MID,HIGH / LOW,HIGH / LOW,HIGH / MID,HIGH / MID,HIGH / HIGH,0.63053069702285469,0.69454455375671387,0.70309509693376682,0.71261859940935091,0.70309509693376682,0.064013856733859176,0.19026373057875468,0.084823177264985838,0.072564399910912125,0.21865576390983477,0.096773755444175991,0.082087902386496214,0.25125740430098964,0.11025630833601802
3db65f67-a782-5bdb-a849-f40b05a728bb,89d069d4-4564-59aa-acc7-f82c93dd1293,2026-03-21,2026,KO_TKO,Heavyweight,NO_MATCH,MATCH,NO_MATCH,NO_MATCH,HIGH / MID,LOW / LOW,HIGH / MID,MID / MID,HIGH / HIGH,HIGH / HIGH,HIGH / HIGH,MID / MID,HIGH / HIGH,LOW / MID,HIGH / MID,MID / MID,HIGH / MID,LOW / LOW,MID / MID,LOW / MID,MID / MID,0.66764509540467365,0.6539689302444458,0.63966517019800706,0.65702177198918332,0.63966517019800706,-0.013676165160227849,0.020696894988233072,0.0092777186276047363,-0.027979925206666589,0.042811870159326859,0.019381406959862735,-0.010623323415490327,0.016039581617985521,0.0071742822808712747
68f96e6c-d568-5f6b-81d8-9dcec7e047ff,89d069d4-4564-59aa-acc7-f82c93dd1293,2026-03-21,2026,KO_TKO,Light Heavyweight,MATCH,MATCH,NO_MATCH,NO_MATCH,HIGH / LOW,LOW / MID,HIGH / HIGH,HIGH / HIGH,HIGH / HIGH,HIGH / HIGH,HIGH / LOW,HIGH / LOW,HIGH / HIGH,LOW / LOW,HIGH / LOW,LOW / MID,HIGH / MID,LOW / MID,LOW / LOW,MID / MID,HIGH / MID,0.90141111567683718,0.82631403207778931,0.78382338878878266,0.82339006802576642,0.78382338878878266,-0.075097083599047876,0.08698655636725805,0.020447047340989222,-0.11758772688805452,0.13977771617873244,0.037012559122679839,-0.078021047651070763,0.090531394636965634,0.021471299959857432
35843ee5-e80c-5c40-955e-447a0394aecb,e7f7a52c-eb5a-5430-ba0e-520cdd6e19fb,2026-03-28,2026,KO_TKO,Lightweight,NO_MATCH,MATCH,NO_MATCH,NO_MATCH,HIGH / MID,HIGH / HIGH,HIGH / LOW,HIGH / LOW,HIGH / MID,HIGH / HIGH,HIGH / MID,HIGH / HIGH,HIGH / MID,LOW / MID,HIGH / MID,HIGH / MID,HIGH / MID,HIGH / LOW,LOW / MID,HIGH / MID,HIGH / HIGH,0.71241227027997833,0.54585766792297363,0.57023911121789717,0.61017553260568802,0.57023911121789717,-0.1665546023570047,0.26629851482831346,0.12353855549884386,-0.14217315906208117,0.22260100889956025,0.10198771924126672,-0.10223673767429031,0.15491010098730701,0.069256413093742766
6aec0419-337e-5139-bfa6-35102de58e47,e7f7a52c-eb5a-5430-ba0e-520cdd6e19fb,2026-03-28,2026,SUBMISSION,Welterweight,NO_MATCH,NO_MATCH,MATCH,MATCH,HIGH / MID,HIGH / HIGH,HIGH / MID,HIGH / LOW,HIGH / LOW,HIGH / LOW,LOW / MID,HIGH / LOW,LOW / MID,LOW / MID,HIGH / LOW,HIGH / MID,HIGH / HIGH,HIGH / MID,HIGH / LOW,LOW / MID,HIGH / MID,0.45313571222820909,0.3961355984210968,0.35077887241091621,0.42518240154446391,0.35077887241091621,-0.057000113807112285,-0.09914900318799047,-0.048408561360125835,-0.10235683981729288,-0.17157271030270566,-0.082286156366692467,-0.027953310683745181,-0.049852101549499817,-0.024551899113448572
a1f02e03-3d30-5911-a51b-d92a6145d6c7,e7f7a52c-eb5a-5430-ba0e-520cdd6e19fb,2026-03-28,2026,KO_TKO,Middleweight,NO_MATCH,MATCH,NO_MATCH,NO_MATCH,HIGH / MID,LOW / MID,HIGH / LOW,HIGH / MID,MID / MID,HIGH / MID,HIGH / HIGH,LOW / MID,HIGH / MID,HIGH / LOW,HIGH / MID,MID / MID,LOW / MID,HIGH / MID,MID / MID,HIGH / LOW,MID / MID,0.81004383041794958,0.77432119846343994,0.74802308343064983,0.78506602751809851,0.74802308343064983,-0.035722631954509643,0.045101585227490665,0.014847575100693365,-0.062020746987299757,0.079654520129886913,0.027409020121512563,-0.024977802899851076,0.03132053209634228,0.010113266164566093
5b8eef57-be99-51f1-9792-a7fdc31ddc03,9338abff-77fb-5a54-b05e-7985874af967,2026-04-04,2026,KO_TKO,Lightweight,MATCH,NO_MATCH,NO_MATCH,NO_MATCH,LOW / MID,HIGH / LOW,LOW / LOW,HIGH / LOW,LOW / MID,LOW / MID,LOW / LOW,HIGH / HIGH,MID / MID,LOW / MID,HIGH / MID,LOW / MID,HIGH / MID,MID / MID,LOW / MID,HIGH / MID,MID / MID,0.62171789067499106,0.71005845069885254,0.70754724768281552,0.71319258641850625,0.70754724768281552,0.088340560023861481,-0.13286085369090489,-0.059031252224228281,0.085829357007824458,-0.12931797058084693,-0.057568741897481554,0.091474695743515189,-0.1372650532368434,-0.060838861750071999
7e5d3a2f-b945-56f1-8b9f-6aab94a414a7,9338abff-77fb-5a54-b05e-7985874af967,2026-04-04,2026,SUBMISSION,Lightweight,NO_MATCH,NO_MATCH,MATCH,NO_MATCH,HIGH / MID,HIGH / MID,MID / MID,HIGH / MID,HIGH / LOW,HIGH / LOW,LOW / LOW,HIGH / MID,MID / MID,HIGH / MID,HIGH / HIGH,HIGH / MID,LOW / MID,HIGH / HIGH,HIGH / MID,LOW / MID,HIGH / MID,0.52626600039502425,0.50238096714019775,0.48383930458766566,0.52685920205109149,0.48383930458766566,-0.023885033254826493,-0.04918880810441717,-0.024569267027055197,-0.042426695807358583,-0.085772160311108459,-0.04285543050789975,0.00059320165606724373,0.0012529676261459066,0.00062471561413718346
be1cd88c-88ce-58d8-a38a-2651c265b3af,9338abff-77fb-5a54-b05e-7985874af967,2026-04-04,2026,KO_TKO,Flyweight,MATCH,NO_MATCH,NO_MATCH,NO_MATCH,LOW / LOW,LOW / MID,MID / MID,HIGH / LOW,HIGH / MID,HIGH / LOW,HIGH / LOW,HIGH / MID,LOW / MID,LOW / MID,MID / MID,MID / MID,HIGH / MID,LOW / MID,LOW / LOW,HIGH / LOW,HIGH / MID,0.65485218628632402,0.6473548412322998,0.68634974822585337,0.6078518126788226,0.68634974822585337,-0.0074973450540242181,0.011514955360308332,0.0052315946909661099,0.03149756193952935,-0.046977794490932145,-0.020750532873344801,-0.047000373607501422,0.074478417263403041,0.034653187507954861
c1b04869-2d26-537c-9dd7-6d72b392f872,9338abff-77fb-5a54-b05e-7985874af967,2026-04-04,2026,SUBMISSION,Light Heavyweight,MATCH,NO_MATCH,NO_MATCH,NO_MATCH,HIGH / LOW,LOW / MID,HIGH / LOW,HIGH / MID,HIGH / HIGH,HIGH / HIGH,LOW / MID,HIGH / MID,HIGH / LOW,LOW / MID,LOW / MID,HIGH / MID,LOW / MID,HIGH / HIGH,MID / MID,LOW / MID,HIGH / LOW,0.71008021683169742,0.66192877292633057,0.68714293208332755,0.63714084453959074,0.68714293208332755,-0.048151443905366853,-0.1536523293170422,-0.066064213907992775,-0.022937284748369868,-0.076142159266945786,-0.03204850522367797,-0.072939372292106675,-0.22441048253381335,-0.098265458555127527
ecce2aa7-4bb3-5ebb-b18c-23aa41eaba8c,9338abff-77fb-5a54-b05e-7985874af967,2026-04-04,2026,SUBMISSION,Middleweight,MATCH,MATCH,NO_MATCH,NO_MATCH,HIGH / MID,LOW / MID,HIGH / LOW,HIGH / LOW,HIGH / MID,HIGH / HIGH,HIGH / LOW,HIGH / HIGH,MID / MID,LOW / LOW,LOW / MID,HIGH / LOW,LOW / MID,HIGH / MID,HIGH / MID,HIGH / HIGH,HIGH / MID,0.7115651663659156,0.73665726184844971,0.78240708229374267,0.72567086181296969,0.78240708229374267,0.025092095482534105,0.091012809827487162,0.036338935448702259,0.07084191592782707,0.28184321333594542,0.10583585643805427,0.01410569544705409,0.050140560739563966,0.020273213699025017
21d8a26c-89c9-5d94-830c-49c8b2547cc5,9030b80b-cad0-50f4-97b7-3a70ed06d51c,2026-04-11,2026,KO_TKO,Light Heavyweight,MATCH,MATCH,NO_MATCH,NO_MATCH,HIGH / LOW,HIGH / HIGH,HIGH / LOW,HIGH / HIGH,HIGH / MID,HIGH / MID,HIGH / HIGH,HIGH / HIGH,HIGH / HIGH,LOW / LOW,HIGH / HIGH,LOW / LOW,LOW / MID,MID / MID,HIGH / HIGH,HIGH / MID,LOW / LOW,0.91649350157539056,0.9125400185585022,0.87239270651508094,0.91483462454399878,0.87239270651508094,-0.0039534830168883595,0.0043230363254357224,0.00067591307460784095,-0.044100795060309617,0.049315302735665506,0.0093102860714069681,-0.0016588770313917811,0.0018116660378370425,0.0002798058974223562
3e48fd1e-111e-558a-9534-2f91cd85fe28,9030b80b-cad0-50f4-97b7-3a70ed06d51c,2026-04-11,2026,SUBMISSION,Women's Strawweight,NO_MATCH,NO_MATCH,NO_MATCH,MATCH,LOW / MID,HIGH / HIGH,HIGH / LOW,LOW / LOW,LOW / LOW,LOW / LOW,LOW / LOW,HIGH / LOW,HIGH / MID,HIGH / LOW,HIGH / LOW,HIGH / MID,HIGH / LOW,HIGH / HIGH,HIGH / MID,HIGH / HIGH,HIGH / HIGH,0.31577207226347703,0.56895089149475098,0.51470162071995296,0.57366448855115337,0.51470162071995296,0.25317881923127394,0.46206906533908337,0.22399311531110133,0.19892954845647592,0.34352717301879482,0.16520575675017574,0.25789241628767634,0.47306446795222784,0.22937894380308582
69a434a4-7335-5db1-b2fd-5e7b744b29ae,9030b80b-cad0-50f4-97b7-3a70ed06d51c,2026-04-11,2026,KO_TKO,Featherweight,MATCH,MATCH,NO_MATCH,NO_MATCH,LOW / MID,HIGH / HIGH,LOW / MID,HIGH / MID,HIGH / MID,HIGH / MID,HIGH / LOW,HIGH / HIGH,HIGH / MID,LOW / MID,HIGH / HIGH,HIGH / LOW,LOW / MID,HIGH / LOW,HIGH / MID,HIGH / HIGH,LOW / LOW,0.80178621944960071,0.79886972904205322,0.83835081252899757,0.80542925417588696,0.83835081252899757,-0.0029164904075474896,0.0036441230706556194,0.0011646830955352391,0.036564593079396857,-0.04459463054006127,-0.013158242990046559,0.0036430347262862428,-0.0045333572569039859,-0.0014309276695302492
bbd77e52-f262-5695-89b5-e28a38a3dba1,9030b80b-cad0-50f4-97b7-3a70ed06d51c,2026-04-11,2026,SUBMISSION,Middleweight,MATCH,NO_MATCH,NO_MATCH,NO_MATCH,HIGH / MID,HIGH / HIGH,LOW / LOW,HIGH / HIGH,HIGH / MID,LOW / MID,HIGH / MID,HIGH / MID,HIGH / LOW,LOW / MID,HIGH / MID,LOW / MID,MID / MID,HIGH / MID,HIGH / LOW,MID / MID,LOW / MID,0.68074944824997896,0.70454007387161255,0.78049852837812816,0.68167256554439692,0.78049852837812816,0.023790625621633588,0.077443009309552169,0.03295690439836646,0.099749080128149203,0.37461728626018886,0.14575814150777294,0.00092311729441796331,0.0028957020456328308,0.0012576753232292903
d3bfcaf9-0ea3-5bdf-8204-6912f096285b,9030b80b-cad0-50f4-97b7-3a70ed06d51c,2026-04-11,2026,KO_TKO,Light Heavyweight,MATCH,NO_MATCH,NO_MATCH,NO_MATCH,HIGH / MID,HIGH / MID,HIGH / MID,HIGH / HIGH,LOW / MID,MID / MID,HIGH / HIGH,HIGH / MID,HIGH / HIGH,HIGH / LOW,HIGH / HIGH,LOW / LOW,LOW / LOW,LOW / LOW,LOW / MID,HIGH / HIGH,LOW / MID,0.91860902369209052,0.91422641277313232,0.91069179591182992,0.90212910184505357,0.91069179591182992,-0.0043826109189581963,0.004782337993431196,0.00073261724141039566,-0.007917227780260605,0.0086560691715817373,0.0013514642930995578,-0.016479921847036949,0.018102956900876835,0.0029542216813012142
28835089-f502-5ffe-b76e-2d78c8da461b,ed990ebf-6452-502d-be7d-a4a35998aef0,2026-04-18,2026,KO_TKO,Welterweight,MATCH,MATCH,NO_MATCH,NO_MATCH,HIGH / MID,HIGH / MID,MID / MID,HIGH / MID,HIGH / LOW,HIGH / HIGH,HIGH / MID,HIGH / LOW,HIGH / MID,LOW / MID,LOW / MID,HIGH / MID,LOW / LOW,HIGH / HIGH,HIGH / MID,LOW / LOW,HIGH / MID,0.59624450695197839,0.69883900880813599,0.68610051358931912,0.72412919039875301,0.68610051358931912,0.10259450185615759,-0.15876956976551237,-0.072320555550785037,0.089856006637340724,-0.14037330875896337,-0.064485610597561804,0.12788468344677462,-0.19431898674355769,-0.086913794576403566
2f64a16e-82b2-5a73-8bd8-c6d8f63c8cd9,593e68f1-adaa-54a6-b9b9-728f1112f821,2026-04-25,2026,KO_TKO,Heavyweight,MATCH,NO_MATCH,NO_MATCH,NO_MATCH,HIGH / MID,HIGH / LOW,HIGH / MID,HIGH / LOW,HIGH / MID,HIGH / HIGH,MID / MID,HIGH / LOW,LOW / MID,LOW / LOW,LOW / MID,HIGH / LOW,HIGH / LOW,HIGH / LOW,LOW / MID,LOW / MID,HIGH / MID,0.60368200055108345,0.54095661640167236,0.5428371095627037,0.58273408974303165,0.5428371095627037,-0.06272538414941109,0.10970848600006422,0.053652871338209951,-0.060844890988379752,0.10623827759580939,0.051929951705791955,-0.020947910808051806,0.035316594622000208,0.017042883175384937
0564683f-7e00-5f81-8bcb-9ba9ba07a36e,1fc7951f-9d23-5096-add0-b918a7cfa1e5,2026-05-02,2026,KO_TKO,Lightweight,MATCH,MATCH,NO_MATCH,MATCH,HIGH / MID,HIGH / MID,HIGH / MID,HIGH / HIGH,HIGH / MID,HIGH / LOW,HIGH / MID,LOW / LOW,HIGH / MID,LOW / MID,HIGH / MID,HIGH / HIGH,HIGH / MID,HIGH / HIGH,LOW / MID,HIGH / HIGH,HIGH / HIGH,0.68480939594851276,0.72612756490707397,0.65773627985957384,0.75437727291329404,0.65773627985957384,0.041318168958561219,-0.058585163175518928,-0.024339006178612427,-0.02707311608893892,0.040336484952237239,0.017799337242022553,0.069567876964781283,-0.096752059370015131,-0.039014592820830966
276e4192-5b9b-575f-ba94-ba0cea12557f,1fc7951f-9d23-5096-add0-b918a7cfa1e5,2026-05-02,2026,KO_TKO,Heavyweight,NO_MATCH,MATCH,NO_MATCH,NO_MATCH,HIGH / HIGH,LOW / MID,HIGH / MID,MID / MID,HIGH / HIGH,HIGH / HIGH,HIGH / HIGH,HIGH / MID,HIGH / MID,LOW / MID,HIGH / LOW,LOW / MID,LOW / MID,LOW / LOW,LOW / MID,HIGH / MID,LOW / MID,0.87858726614685145,0.86606335639953613,0.85790323576285799,0.87267302167766569,0.85790323576285799,-0.01252390974731532,0.014357172390292827,0.003197972557262195,-0.020684030383993468,0.023823923794602242,0.005450438464970439,-0.0059142444691857587,0.0067542980270153818,0.0014711074670007082
59bfd087-d80a-5767-83d1-c9b3dd93ccf6,1fc7951f-9d23-5096-add0-b918a7cfa1e5,2026-05-02,2026,KO_TKO,Light Heavyweight,MATCH,MATCH,NO_MATCH,NO_MATCH,MID / MID,LOW / MID,LOW / MID,HIGH / MID,HIGH / HIGH,HIGH / HIGH,HIGH / MID,HIGH / LOW,HIGH / HIGH,LOW / LOW,MID / MID,LOW / MID,HIGH / HIGH,LOW / MID,MID / MID,HIGH / MID,LOW / MID,0.75948219537894857,0.85611522197723389,0.78141093237597514,0.87593398799539368,0.78141093237597514,0.096633026598285321,-0.11976809299152752,-0.037145984993069592,0.021928736997026577,-0.028464294072773594,-0.010067633854989759,0.11645179261644512,-0.14265385272198061,-0.042456439005003149
5cc62482-e161-50c5-b2e0-663e7ec07575,1fc7951f-9d23-5096-add0-b918a7cfa1e5,2026-05-02,2026,KO_TKO,Welterweight,MATCH,NO_MATCH,NO_MATCH,NO_MATCH,HIGH / HIGH,HIGH / MID,LOW / LOW,HIGH / HIGH,LOW / LOW,LOW / LOW,HIGH / HIGH,HIGH / HIGH,HIGH / HIGH,HIGH / LOW,HIGH / MID,LOW / LOW,LOW / LOW,LOW / MID,HIGH / LOW,HIGH / MID,LOW / LOW,0.91682746621685951,0.85138845443725586,0.7325001225353398,0.80584103912986527,0.7325001225353398,-0.065439011779603651,0.074050811677393358,0.015167721098639932,-0.18432734368151971,0.22445579612479391,0.064638514067700575,-0.11098642708699424,0.12903280316715937,0.030780031710262862
48a5492e-b3ab-5f73-8f9b-fc47465e19b9,c3dd8de2-7f24-5700-bfc4-3a451ee6b6b2,2026-05-09,2026,KO_TKO,Middleweight,NO_MATCH,MATCH,NO_MATCH,NO_MATCH,HIGH / MID,LOW / MID,LOW / LOW,HIGH / LOW,HIGH / MID,HIGH / MID,HIGH / MID,HIGH / MID,HIGH / LOW,HIGH / LOW,HIGH / MID,LOW / LOW,LOW / MID,LOW / MID,MID / MID,HIGH / MID,LOW / LOW,0.89668511647413562,0.9115263819694519,0.88120409815100709,0.88832478023204064,0.88120409815100709,0.01484126549531628,-0.01641577745652327,-0.0028463840705475977,-0.015481018323128537,0.017415494144190163,0.0034385011381526352,-0.0083603362420949789,0.0093673400806834478,0.0017973895522590978
7d022e7e-c6b3-5021-8a83-51233742ac64,c3dd8de2-7f24-5700-bfc4-3a451ee6b6b2,2026-05-09,2026,SUBMISSION,Lightweight,NO_MATCH,NO_MATCH,NO_MATCH,MATCH,HIGH / MID,HIGH / HIGH,HIGH / MID,MID / MID,LOW / MID,HIGH / LOW,MID / MID,HIGH / MID,HIGH / LOW,MID / MID,HIGH / LOW,HIGH / LOW,HIGH / HIGH,HIGH / LOW,HIGH / LOW,LOW / MID,HIGH / MID,0.56883197175518285,0.4071711003780365,0.40550016986216275,0.22808490595526651,0.40550016986216275,-0.16166087137714635,-0.31840795299690283,-0.15778150710782807,-0.1633318018930201,-0.32122255956218937,-0.1591394243326463,-0.34074706579991632,-0.58237669132311698,-0.27154708776626635
9ff01ba6-7f67-544e-833f-751346430ff4,c3dd8de2-7f24-5700-bfc4-3a451ee6b6b2,2026-05-09,2026,KO_TKO,Flyweight,NO_MATCH,NO_MATCH,MATCH,NO_MATCH,MID / MID,HIGH / HIGH,HIGH / LOW,HIGH / MID,MID / MID,LOW / MID,HIGH / MID,HIGH / LOW,HIGH / HIGH,LOW / MID,HIGH / LOW,HIGH / LOW,HIGH / LOW,HIGH / LOW,HIGH / HIGH,HIGH / LOW,HIGH / LOW,0.58652493971045538,0.61634653806686401,0.54490368545949674,0.60498916898299548,0.54490368545949674,0.02982159835640863,-0.049594177011876794,-0.023771646628162335,-0.041621254250958639,0.0736061350217313,0.036151030026906117,0.0184642292725401,-0.030995365223211002,-0.014928068860698057
d5fb6ba1-9a3b-5cfd-985b-02fa79f037c6,c3dd8de2-7f24-5700-bfc4-3a451ee6b6b2,2026-05-09,2026,SUBMISSION,Lightweight,MATCH,NO_MATCH,NO_MATCH,NO_MATCH,LOW / MID,HIGH / MID,HIGH / MID,HIGH / LOW,LOW / MID,MID / MID,MID / MID,HIGH / LOW,HIGH / MID,LOW / MID,HIGH / MID,HIGH / MID,LOW / MID,HIGH / HIGH,HIGH / MID,LOW / MID,HIGH / HIGH,0.52848335366037813,0.64687544107437134,0.62997862783971026,0.57892718532437892,0.62997862783971026,0.11839208741399321,0.28913355367867111,0.13915318116904218,0.10149527417933213,0.24239363995297658,0.11757841643868389,0.050443831664000793,0.11314863131713571,0.055862030811487495
e584ce20-3a02-58b0-a1e0-24a4b1773ee5,c3dd8de2-7f24-5700-bfc4-3a451ee6b6b2,2026-05-09,2026,SUBMISSION,Middleweight,MATCH,NO_MATCH,NO_MATCH,NO_MATCH,MID / MID,LOW / LOW,LOW / MID,HIGH / LOW,LOW / MID,MID / MID,HIGH / MID,HIGH / HIGH,HIGH / LOW,LOW / MID,HIGH / HIGH,HIGH / LOW,LOW / MID,HIGH / MID,LOW / LOW,MID / MID,HIGH / LOW,0.6692990012145168,0.67706060409545898,0.67705189047550896,0.70245510575040004,0.67705189047550896,0.0077616028809421866,0.023749963359678938,0.010449908591358081,0.0077528892609921574,0.023722981509504359,0.010438109369710791,0.033156104535883246,0.10564952155800711,0.045482022568055946
54359761-0cb7-5a81-9195-2bdadc914c5e,786b090f-cbf0-5891-a9f0-d3c47725571e,2026-05-16,2026,KO_TKO,Featherweight,MATCH,MATCH,NO_MATCH,NO_MATCH,HIGH / LOW,HIGH / MID,MID / MID,HIGH / HIGH,HIGH / MID,HIGH / LOW,HIGH / HIGH,HIGH / HIGH,HIGH / LOW,LOW / MID,HIGH / HIGH,LOW / MID,LOW / MID,LOW / LOW,HIGH / MID,HIGH / LOW,HIGH / MID,0.84476437962616802,0.839019775390625,0.85022413735936364,0.84604242104764493,0.85022413735936364,-0.005744604235543016,0.0068234714139105423,0.0018165348824363443,0.0054597577331956249,-0.0064422579402217961,-0.001665288803101711,0.0012780414214769165,-0.0015117536366313078,-0.00039516171597783756
9210f35d-8878-5a4b-bf34-a2505d1aa9c0,786b090f-cbf0-5891-a9f0-d3c47725571e,2026-05-16,2026,KO_TKO,Middleweight,NO_MATCH,NO_MATCH,MATCH,MATCH,HIGH / MID,HIGH / HIGH,HIGH / MID,LOW / MID,HIGH / LOW,HIGH / HIGH,LOW / MID,LOW / MID,MID / MID,LOW / MID,LOW / LOW,HIGH / MID,HIGH / LOW,HIGH / MID,HIGH / MID,HIGH / HIGH,HIGH / MID,0.63449745012279002,0.57966846227645874,0.52124045440703193,0.63468242461333813,0.52124045440703193,-0.054828987846331279,0.090376945086768912,0.043086487638294424,-0.11325699571575809,0.1966218083702202,0.095618588529642917,0.00018497449054810655,-0.00029148664510025846,-0.00013518308035298521
d5929bd3-0c9d-5cce-b487-983a82538cb0,786b090f-cbf0-5891-a9f0-d3c47725571e,2026-05-16,2026,KO_TKO,Welterweight,MATCH,MATCH,NO_MATCH,NO_MATCH,HIGH / MID,HIGH / MID,LOW / MID,HIGH / LOW,LOW / LOW,HIGH / LOW,HIGH / MID,HIGH / MID,HIGH / LOW,LOW / LOW,HIGH / LOW,LOW / MID,HIGH / HIGH,LOW / LOW,LOW / LOW,LOW / MID,LOW / LOW,0.72027872836252271,0.73221534490585327,0.74307489996267972,0.66295133216972502,0.74307489996267972,0.011936616543330558,-0.016436397903488997,-0.0065353683025962256,0.022796171600157011,-0.031158587300651297,-0.012233482777300311,-0.057327396192797697,0.082936677807136705,0.035357814679675692
299f2cbb-c59e-5b6f-a5df-274a4d87b298,9fdb4b8b-74d5-5f01-8e8b-7f1993642d6e,2026-05-30,2026,KO_TKO,Heavyweight,MATCH,MATCH,NO_MATCH,NO_MATCH,HIGH / HIGH,HIGH / LOW,HIGH / MID,HIGH / HIGH,HIGH / MID,HIGH / HIGH,HIGH / HIGH,MID / MID,HIGH / MID,LOW / MID,HIGH / MID,LOW / LOW,LOW / LOW,LOW / LOW,LOW / LOW,MID / MID,HIGH / LOW,0.87130992453771616,0.9016495943069458,0.88261720534713428,0.91827092239990504,0.88261720534713428,0.030339669769229638,-0.034228228541311426,-0.0068883332224999594,0.011307280809418119,-0.012893850913852242,-0.0027824150419714661,0.04696099786218888,-0.052494729853705777,-0.0098814933971259639
529cbbf2-1d9f-5392-85d0-8759b4083e25,9fdb4b8b-74d5-5f01-8e8b-7f1993642d6e,2026-05-30,2026,KO_TKO,Light Heavyweight,MATCH,MATCH,NO_MATCH,NO_MATCH,HIGH / HIGH,HIGH / MID,HIGH / MID,HIGH / HIGH,HIGH / HIGH,HIGH / HIGH,HIGH / HIGH,HIGH / HIGH,HIGH / HIGH,LOW / LOW,HIGH / MID,LOW / LOW,LOW / MID,LOW / MID,MID / MID,HIGH / HIGH,LOW / LOW,0.87335965886578326,0.9319072961807251,0.9067626393785464,0.92458264894310338,0.9067626393785464,0.058547637314941836,-0.06488589074894599,-0.011401159689171294,0.033402980512763136,-0.03753326590356236,-0.007344570586935802,0.051222990077320119,-0.056994993991494325,-0.010349999162151603
c47cde04-ca56-5e99-8036-f67233a96a96,9fdb4b8b-74d5-5f01-8e8b-7f1993642d6e,2026-05-30,2026,SUBMISSION,Women's Strawweight,NO_MATCH,NO_MATCH,NO_MATCH,MATCH,HIGH / LOW,HIGH / MID,HIGH / MID,LOW / LOW,LOW / MID,LOW / LOW,LOW / LOW,LOW / LOW,HIGH / HIGH,MID / MID,LOW / MID,HIGH / LOW,HIGH / LOW,HIGH / MID,HIGH / LOW,HIGH / LOW,HIGH / MID,0.28908088566642348,0.46097695827484131,0.4655453822368647,0.37888762683646576,0.4655453822368647,0.17189607260841783,0.27680034106624524,0.12893199760264099,0.17646449657044122,0.28531183918974129,0.13316474446438467,0.089806741170042281,0.13504663934995809,0.059988075312085137
eca0057a-c64b-502b-a9f3-9a542e55341f,9fdb4b8b-74d5-5f01-8e8b-7f1993642d6e,2026-05-30,2026,SUBMISSION,Bantamweight,MATCH,NO_MATCH,NO_MATCH,NO_MATCH,MID / MID,HIGH / HIGH,HIGH / LOW,HIGH / HIGH,LOW / LOW,LOW / MID,HIGH / MID,HIGH / MID,HIGH / MID,LOW / MID,HIGH / LOW,HIGH / LOW,LOW / LOW,HIGH / MID,LOW / MID,HIGH / LOW,HIGH / LOW,0.73066503202855571,0.74513161182403564,0.66366194077234919,0.60933535420268303,0.66366194077234919,0.014466579795479939,0.055208551915440385,0.021349729910195014,-0.067003091256206515,-0.22216094377326145,-0.093424217399569187,-0.12132967782587267,-0.37189366954623171,-0.16258181514798115
4a983b5b-7bb1-5ff3-84c2-541d62494f74,95f24aef-5864-578c-ab3d-2faeb7067022,2026-06-06,2026,KO_TKO,Catch Weight,NO_MATCH,MATCH,NO_MATCH,NO_MATCH,LOW / MID,HIGH / MID,LOW / MID,HIGH / LOW,HIGH / HIGH,HIGH / HIGH,HIGH / LOW,HIGH / HIGH,LOW / MID,MID / MID,HIGH / MID,HIGH / MID,HIGH / MID,HIGH / LOW,LOW / MID,HIGH / LOW,LOW / MID,0.62229003091178414,0.66769087314605713,0.66871709924698708,0.67222993141611731,0.66871709924698708,0.045400842234272987,-0.070419029976176661,-0.032235464958191073,0.046427068335202937,-0.071954827911897612,-0.032916460417290364,0.049939900504333168,-0.077194170144826824,-0.035231602889137806
568a476f-e4f7-582d-97d8-2b3a20113b7f,95f24aef-5864-578c-ab3d-2faeb7067022,2026-06-06,2026,SUBMISSION,Bantamweight,NO_MATCH,NO_MATCH,MATCH,MATCH,HIGH / LOW,HIGH / LOW,HIGH / LOW,HIGH / LOW,HIGH / MID,MID / MID,HIGH / LOW,HIGH / LOW,HIGH / HIGH,HIGH / MID,HIGH / LOW,HIGH / HIGH,HIGH / LOW,MID / MID,HIGH / MID,LOW / MID,HIGH / HIGH,0.51605995165252605,0.4940323531627655,0.44160675401128585,0.44887043647668728,0.44160675401128585,-0.022027598489760547,-0.044511696192626737,-0.022249907728068063,-0.074453197641240199,-0.14310242408879548,-0.071301348511223189,-0.067189515175838765,-0.13000889202799537,-0.064833204956835755
5e6ab421-c1bc-54cb-a358-e55c6f1cdf94,95f24aef-5864-578c-ab3d-2faeb7067022,2026-06-06,2026,SUBMISSION,Women's Bantamweight,NO_MATCH,MATCH,NO_MATCH,NO_MATCH,HIGH / MID,HIGH / MID,LOW / MID,LOW / MID,HIGH / MID,HIGH / LOW,HIGH / MID,HIGH / HIGH,MID / MID,LOW / LOW,HIGH / MID,LOW / LOW,HIGH / LOW,LOW / LOW,HIGH / MID,HIGH / LOW,LOW / LOW,0.62741329518071387,0.75221073627471924,0.76605531774586999,0.83193518235906971,0.76605531774586999,0.12479744109400537,0.40789113346418071,0.17217354879743363,0.13864202256515612,0.46538508856237371,0.19319330687720426,0.20452188717835584,0.79612005106428108,0.29846870467729703
62a2eb07-907b-5062-b3f6-ce9d3a2f0b54,95f24aef-5864-578c-ab3d-2faeb7067022,2026-06-06,2026,SUBMISSION,Featherweight,NO_MATCH,NO_MATCH,MATCH,MATCH,HIGH / HIGH,HIGH / HIGH,HIGH / MID,MID / MID,LOW / LOW,LOW / LOW,HIGH / MID,LOW / LOW,HIGH / MID,LOW / MID,LOW / LOW,HIGH / HIGH,HIGH / MID,HIGH / HIGH,HIGH / LOW,LOW / LOW,HIGH / HIGH,0.25237632998826048,0.24829961359500885,0.27993230505239208,0.19666807936476718,0.27993230505239208,-0.0040767163932516337,-0.0054380858126719667,-0.0020411138269126466,0.027555975064131599,0.037554508061120428,0.014668283473602148,-0.055708250623493299,-0.071868242857578146,-0.025015478497316987
c3a5bcae-2118-5640-b525-ab84b193ec1f,95f24aef-5864-578c-ab3d-2faeb7067022,2026-06-06,2026,KO_TKO,Light Heavyweight,MATCH,MATCH,NO_MATCH,NO_MATCH,HIGH / HIGH,HIGH / LOW,HIGH / MID,HIGH / HIGH,HIGH / HIGH,HIGH / HIGH,HIGH / HIGH,HIGH / LOW,HIGH / HIGH,LOW / LOW,HIGH / MID,LOW / MID,HIGH / MID,LOW / LOW,LOW / MID,HIGH / MID,LOW / MID,0.90791016902352328,0.85231995582580566,0.84023752404923557,0.85013414608116633,0.84023752404923557,-0.055590213197717619,0.063183449573137415,0.01332885847801594,-0.06767264497428771,0.077460822321981052,0.017043511752642529,-0.057776022942356953,0.065751284962359283,0.013979237201545142
08574bfe-8854-58a5-8e67-67b9da4a007b,67de698b-dbce-5c47-8d7d-a4de4f3e1620,2026-06-14,2026,KO_TKO,Featherweight,MATCH,NO_MATCH,NO_MATCH,NO_MATCH,HIGH / HIGH,HIGH / HIGH,HIGH / MID,HIGH / HIGH,HIGH / LOW,LOW / LOW,HIGH / MID,HIGH / LOW,MID / MID,HIGH / LOW,HIGH / MID,HIGH / MID,LOW / MID,LOW / MID,HIGH / MID,HIGH / HIGH,LOW / LOW,0.87618597027840817,0.87162983417510986,0.86407816818551098,0.79294652331184767,0.86407816818551098,-0.0045561361032983028,0.0052135315537010229,0.0011489855180105649,-0.012107802092897191,0.013915126094791008,0.0031448304079070132,-0.083239446966560493,0.099822579806982781,0.027541228252752008
83b46dc5-d104-56b2-b329-bdf9b44c68a7,67de698b-dbce-5c47-8d7d-a4de4f3e1620,2026-06-14,2026,KO_TKO,Middleweight,MATCH,MATCH,MATCH,NO_MATCH,HIGH / HIGH,HIGH / MID,HIGH / MID,HIGH / HIGH,HIGH / HIGH,HIGH / HIGH,HIGH / MID,LOW / MID,HIGH / HIGH,HIGH / LOW,LOW / MID,HIGH / HIGH,LOW / MID,HIGH / HIGH,HIGH / LOW,HIGH / HIGH,HIGH / HIGH,0.66093070116681263,0.79282873868942261,0.8017975338374298,0.82597432269151239,0.8017975338374298,0.13189803752260998,-0.18195823699592542,-0.07204805789821378,0.14086683267061717,-0.19320712944987051,-0.075683771818304532,0.16504362152469976,-0.22291469173679579,-0.084683053048551463
a0cb0f44-abed-528d-aec3-c6370ec4be73,67de698b-dbce-5c47-8d7d-a4de4f3e1620,2026-06-14,2026,KO_TKO,Lightweight,MATCH,MATCH,NO_MATCH,NO_MATCH,HIGH / HIGH,HIGH / HIGH,HIGH / LOW,HIGH / HIGH,MID / MID,HIGH / LOW,HIGH / HIGH,HIGH / HIGH,HIGH / MID,HIGH / LOW,HIGH / HIGH,HIGH / LOW,LOW / MID,LOW / MID,HIGH / MID,HIGH / HIGH,LOW / MID,0.90616680048121223,0.86238646507263184,0.85479628145387954,0.86338827672966456,0.85479628145387954,-0.043780335408580395,0.049519890046353626,0.010132815663273344,-0.051370519027332695,0.05836022234767127,0.012279450547688335,-0.04277852375154767,0.048358890588780595,0.0098580936029580759
a100f43e-0a2e-5713-b378-d2764bf6f25a,67de698b-dbce-5c47-8d7d-a4de4f3e1620,2026-06-14,2026,KO_TKO,Heavyweight,MATCH,MATCH,NO_MATCH,NO_MATCH,HIGH / HIGH,HIGH / LOW,HIGH / LOW,HIGH / HIGH,MID / MID,HIGH / HIGH,HIGH / HIGH,HIGH / LOW,HIGH / HIGH,LOW / LOW,HIGH / LOW,LOW / LOW,HIGH / LOW,LOW / LOW,LOW / MID,LOW / MID,LOW / LOW,0.88084434537090073,0.87571656703948975,0.87325239085939188,0.87095493766315657,0.87325239085939188,-0.0051277783314109815,0.0058384458645846238,0.0012483016783604601,-0.0075919545115088471,0.0086563092686257614,0.0018668863927711801,-0.0098894077077441578,0.011290691646630518,0.0024545580834306208
bfbd373e-674a-5f7b-9c98-4a32122c5dc4,67de698b-dbce-5c47-8d7d-a4de4f3e1620,2026-06-14,2026,KO_TKO,Lightweight,MATCH,MATCH,NO_MATCH,NO_MATCH,HIGH / HIGH,HIGH / MID,HIGH / MID,HIGH / MID,HIGH / LOW,HIGH / LOW,HIGH / HIGH,HIGH / HIGH,HIGH / HIGH,HIGH / LOW,MID / MID,LOW / LOW,HIGH / MID,HIGH / LOW,LOW / MID,HIGH / LOW,LOW / MID,0.79833297791134161,0.84094345569610596,0.83145048567348534,0.83357673313027003,0.83145048567348534,0.042610477784764345,-0.051998647134498921,-0.015370603512210819,0.033117507762143727,-0.040645972690258436,-0.012260649018403458,0.035243755218928419,-0.043199983325711705,-0.012972884042514066
6cf936a4-e0dd-5d9b-961f-82a977816802,55b6a70e-b633-58bc-bc37-be71c0a16704,2026-06-20,2026,KO_TKO,Light Heavyweight,MATCH,MATCH,NO_MATCH,NO_MATCH,HIGH / MID,HIGH / MID,HIGH / MID,HIGH / MID,LOW / MID,HIGH / MID,HIGH / MID,LOW / MID,HIGH / MID,HIGH / LOW,HIGH / HIGH,LOW / LOW,LOW / MID,LOW / MID,HIGH / MID,HIGH / HIGH,HIGH / MID,0.7165911154504816,0.8705369234085083,0.83746269811937468,0.87014003759233194,0.83746269811937468,0.1539458079580267,-0.19460476803610047,-0.063559907641067809,0.12087158266889308,-0.15587131655351566,-0.053902221338968728,0.15354892214185034,-0.19414875485048813,-0.06345698600508129
ae675aa3-5577-5bf4-8298-670f895317ed,55b6a70e-b633-58bc-bc37-be71c0a16704,2026-06-20,2026,SUBMISSION,Featherweight,NO_MATCH,NO_MATCH,NO_MATCH,MATCH,MID / MID,HIGH / MID,MID / MID,LOW / MID,HIGH / LOW,HIGH / LOW,HIGH / LOW,HIGH / MID,HIGH / HIGH,LOW / MID,HIGH / MID,HIGH / HIGH,HIGH / MID,LOW / MID,LOW / MID,LOW / MID,HIGH / MID,0.61958084416531123,0.49602791666984558,0.50559252592502146,0.52815652505847821,0.50559252592502146,-0.12355292749546565,-0.28124718983213681,-0.13783672834077243,-0.11398831824028977,-0.26208633700759532,-0.12825662018535622,-0.091424319106833019,-0.21537362321339393,-0.10493110749475276
079f89f6-3852-582b-8ff2-459bb93b2c60,ea5bf92e-7ed9-581d-a473-b18966709c14,2026-06-27,2026,SUBMISSION,Middleweight,NO_MATCH,MATCH,NO_MATCH,NO_MATCH,HIGH / MID,HIGH / MID,HIGH / MID,HIGH / MID,HIGH / LOW,HIGH / LOW,HIGH / MID,HIGH / MID,HIGH / MID,HIGH / MID,HIGH / LOW,LOW / MID,HIGH / HIGH,HIGH / LOW,HIGH / MID,HIGH / LOW,LOW / MID,0.76394067763126194,0.75055098533630371,0.83593216812600313,0.78108862697429082,0.83593216812600313,-0.013389692294958233,-0.055171404856245498,-0.020278577350415272,0.071991490494741184,0.36380318810834167,0.11517723076812869,0.017147949343028879,0.075416180880375938,0.02649408424887123
4ff26c8b-1769-593c-8e56-2e3e9dbe9c0c,ea5bf92e-7ed9-581d-a473-b18966709c14,2026-06-27,2026,KO_TKO,Light Heavyweight,MATCH,NO_MATCH,MATCH,NO_MATCH,HIGH / MID,LOW / LOW,HIGH / LOW,HIGH / MID,HIGH / HIGH,HIGH / HIGH,MID / MID,HIGH / MID,HIGH / MID,LOW / MID,MID / MID,HIGH / LOW,LOW / MID,HIGH / LOW,HIGH / LOW,MID / MID,HIGH / HIGH,0.64905886859661777,0.69371789693832397,0.62942446640418892,0.6778037610207881,0.62942446640418892,0.044659028341706208,-0.066541970095581493,-0.029350951054802857,-0.019634402192428846,0.030717562752359484,0.014166548389134101,0.028744892424170332,-0.043334388811830826,-0.01934926129833657
8302ec2f-5847-536c-85eb-c51e4a5cedcc,ea5bf92e-7ed9-581d-a473-b18966709c14,2026-06-27,2026,SUBMISSION,Flyweight,NO_MATCH,NO_MATCH,MATCH,NO_MATCH,LOW / LOW,HIGH / MID,HIGH / LOW,MID / MID,LOW / MID,LOW / MID,LOW / MID,HIGH / LOW,HIGH / HIGH,MID / MID,HIGH / LOW,HIGH / MID,HIGH / MID,HIGH / LOW,HIGH / LOW,HIGH / LOW,HIGH / MID,0.48620434945209806,0.59246033430099487,0.56714712670019363,0.67780121700655738,0.56714712670019363,0.10625598484889681,0.23168735229458004,0.11461457829390873,0.080942777248095565,0.1714277336413722,0.085261193898147597,0.19159686755445932,0.46665692581867046,0.22301982034943243
efe24eb6-a27b-5af4-bb47-2743fe115199,ea5bf92e-7ed9-581d-a473-b18966709c14,2026-06-27,2026,KO_TKO,Lightweight,MATCH,MATCH,NO_MATCH,NO_MATCH,HIGH / LOW,HIGH / MID,HIGH / LOW,HIGH / MID,HIGH / HIGH,HIGH / HIGH,HIGH / MID,HIGH / HIGH,HIGH / HIGH,LOW / LOW,HIGH / HIGH,HIGH / LOW,LOW / MID,HIGH / LOW,HIGH / HIGH,HIGH / HIGH,LOW / MID,0.93845355695453792,0.89547485113143921,0.8806980136680026,0.87219673874384074,0.8806980136680026,-0.042978705823098706,0.046879230838037383,0.0071375420944464873,-0.057755543286535316,0.063518577931647599,0.010444999291211787,-0.066256818210697177,0.073218352052524624,0.012545708936161791
fc659bc9-527d-5f2a-be53-43c039918efc,ea5bf92e-7ed9-581d-a473-b18966709c14,2026-06-27,2026,SUBMISSION,Featherweight,NO_MATCH,MATCH,NO_MATCH,NO_MATCH,HIGH / MID,LOW / MID,HIGH / LOW,HIGH / LOW,HIGH / MID,HIGH / MID,HIGH / LOW,HIGH / MID,HIGH / MID,LOW / MID,HIGH / LOW,MID / MID,HIGH / MID,HIGH / MID,LOW / MID,LOW / MID,HIGH / HIGH,0.65110170189040062,0.63782167434692383,0.70100124947875142,0.64105256774370523,0.70100124947875142,-0.013280027543476791,-0.037356232527111732,-0.017116937937862786,0.049899547588350801,0.15434107578311274,0.06746932556619456,-0.010049134146695393,-0.028395479204801566,-0.01298503159377834
01d120a8-71e8-5a7b-9680-9135192c5a1e,3a3e7a1b-0d9c-58b8-8017-f4cf7c0fafc2,2026-07-11,2026,KO_TKO,Middleweight,MATCH,MATCH,NO_MATCH,NO_MATCH,HIGH / MID,LOW / MID,HIGH / MID,HIGH / MID,HIGH / HIGH,HIGH / MID,HIGH / HIGH,LOW / MID,HIGH / HIGH,HIGH / LOW,MID / MID,MID / MID,LOW / MID,LOW / MID,LOW / MID,HIGH / LOW,LOW / MID,0.8768311509867498,0.85772716999053955,0.85975165602194825,0.77993771197831951,0.85975165602194825,-0.019103980996210246,0.022028378377684954,0.0050709927916520042,-0.017079494964801545,0.01967086812673316,0.0044990326213370999,-0.096893439008430282,0.11710038354721208,0.033256845242088232
07c778e3-fc10-5234-baec-eb63039e56cd,3a3e7a1b-0d9c-58b8-8017-f4cf7c0fafc2,2026-07-11,2026,SUBMISSION,Flyweight,MATCH,NO_MATCH,NO_MATCH,NO_MATCH,LOW / MID,HIGH / MID,MID / MID,HIGH / LOW,HIGH / MID,HIGH / LOW,HIGH / LOW,HIGH / HIGH,HIGH / MID,LOW / MID,MID / MID,MID / MID,HIGH / MID,LOW / MID,HIGH / LOW,HIGH / LOW,HIGH / MID,0.62012705763167442,0.67384195327758789,0.63871711392565189,0.67902057772287561,0.63871711392565189,0.053714895645913474,0.15245476483704756,0.069505410390036881,0.018590056293977475,0.050175565221183716,0.023401984014596144,0.05889352009120119,0.16845981860080284,0.07651137736418967
20d4b4e4-b668-5317-ae4f-0367e4da9c8d,3a3e7a1b-0d9c-58b8-8017-f4cf7c0fafc2,2026-07-11,2026,SUBMISSION,Lightweight,MATCH,NO_MATCH,NO_MATCH,MATCH,HIGH / HIGH,HIGH / HIGH,HIGH / HIGH,HIGH / MID,HIGH / MID,HIGH / LOW,HIGH / MID,HIGH / HIGH,HIGH / HIGH,LOW / LOW,HIGH / HIGH,HIGH / HIGH,HIGH / LOW,HIGH / HIGH,LOW / LOW,HIGH / LOW,HIGH / MID,0.53976583879469509,0.57927024364471436,0.51058645270505743,0.68234104925621564,0.51058645270505743,0.03950440485001927,0.089744687385766686,0.04420685444246597,-0.02917938608963766,-0.061472426000165781,-0.030648635043806938,0.14257521046152055,0.37075708073950564,0.17424214677033251
4407de30-3db6-58ee-95cc-6a382391f5c7,3a3e7a1b-0d9c-58b8-8017-f4cf7c0fafc2,2026-07-11,2026,KO_TKO,Lightweight,NO_MATCH,MATCH,NO_MATCH,NO_MATCH,HIGH / MID,HIGH / HIGH,HIGH / MID,HIGH / MID,HIGH / MID,HIGH / HIGH,HIGH / MID,HIGH / MID,HIGH / HIGH,HIGH / LOW,HIGH / HIGH,HIGH / MID,HIGH / MID,HIGH / MID,HIGH / MID,HIGH / HIGH,HIGH / MID,0.71750625055185213,0.64235043525695801,0.62205730763740741,0.6998070451364381,0.62205730763740741,-0.075155815294894124,0.1106476550880362,0.048110492683614448,-0.095448942914444723,0.14274943620601077,0.063037960233012363,-0.017699205415414032,0.024977011926430537,0.01031309167244357
6f2c0b4d-d092-5714-86b1-0b21b10c2419,3a3e7a1b-0d9c-58b8-8017-f4cf7c0fafc2,2026-07-11,2026,KO_TKO,Welterweight,NO_MATCH,MATCH,NO_MATCH,NO_MATCH,HIGH / LOW,HIGH / HIGH,LOW / MID,HIGH / MID,LOW / MID,HIGH / LOW,HIGH / HIGH,HIGH / HIGH,HIGH / MID,MID / MID,HIGH / HIGH,LOW / MID,LOW / MID,LOW / MID,HIGH / HIGH,HIGH / MID,LOW / LOW,0.92181696096024435,0.91368007659912109,0.90059337725041211,0.92142359631627457,0.90059337725041211,-0.0081368843611232533,0.0088661953656467701,0.0013385415824416456,-0.021223583709832239,0.02329282581157327,0.0037690890529869289,-0.00039336464396977355,0.00042681857057520756,6.1663622375822749e-05
908dd4da-6adb-5114-af76-fb04ec06d7ab,3a3e7a1b-0d9c-58b8-8017-f4cf7c0fafc2,2026-07-11,2026,KO_TKO,Light Heavyweight,MATCH,MATCH,NO_MATCH,NO_MATCH,HIGH / MID,HIGH / HIGH,HIGH / LOW,HIGH / HIGH,HIGH / HIGH,HIGH / MID,HIGH / HIGH,LOW / MID,HIGH / MID,HIGH / LOW,HIGH / HIGH,HIGH / LOW,HIGH / LOW,HIGH / LOW,MID / MID,HIGH / LOW,HIGH / LOW,0.73525184409692135,0.66182976961135864,0.59037079370167489,0.65391560531067972,0.59037079370167489,-0.073422074485562705,0.10520470828602779,0.04426751866702594,-0.14488105039524646,0.21946228215308611,0.097704500598514959,-0.081336238786241633,0.11723478629039918,0.049682822193392387
9103824b-2cf4-5438-81c7-f9248e205d5a,3a3e7a1b-0d9c-58b8-8017-f4cf7c0fafc2,2026-07-11,2026,KO_TKO,Bantamweight,NO_MATCH,MATCH,NO_MATCH,NO_MATCH,HIGH / HIGH,HIGH / HIGH,LOW / LOW,HIGH / HIGH,HIGH / HIGH,HIGH / HIGH,HIGH / HIGH,HIGH / HIGH,LOW / LOW,HIGH / MID,HIGH / LOW,LOW / LOW,LOW / MID,LOW / LOW,LOW / LOW,HIGH / HIGH,LOW / MID,0.90952221291299795,0.92843693494796753,0.91990104070174195,0.9186685630561604,0.91990104070174195,0.018914722034969578,-0.020583036177601904,-0.003064957676519443,0.010378827788743994,-0.011346678929200216,-0.0017703866754968734,0.0091463501431624517,-0.01000598687416708,-0.0015714273208111175
e77ed015-2ce9-53dc-97ad-2f5272c38e92,3a3e7a1b-0d9c-58b8-8017-f4cf7c0fafc2,2026-07-11,2026,KO_TKO,Middleweight,MATCH,MATCH,MATCH,NO_MATCH,HIGH / MID,HIGH / LOW,MID / MID,HIGH / MID,HIGH / LOW,HIGH / HIGH,HIGH / MID,HIGH / MID,HIGH / MID,HIGH / LOW,HIGH / HIGH,HIGH / MID,MID / MID,HIGH / MID,HIGH / MID,LOW / MID,HIGH / MID,0.69909553858789408,0.67979294061660767,0.67598895383332902,0.64871071465622132,0.67598895383332902,-0.019302597971286417,0.027999159139065144,0.011989065981249811,-0.023106584754565063,0.033610676420515573,0.01443966314031106,-0.050384823931672762,0.074800534643392036,0.032860667099633228
c7158bee-feb6-513c-822b-e84ef090c27e,e46f38e6-da15-56d7-9d78-14a71d8d07ee,2026-07-18,2026,SUBMISSION,Lightweight,NO_MATCH,NO_MATCH,NO_MATCH,MATCH,HIGH / MID,HIGH / LOW,HIGH / LOW,LOW / MID,HIGH / HIGH,HIGH / HIGH,MID / MID,MID / MID,LOW / MID,LOW / LOW,HIGH / LOW,HIGH / MID,HIGH / HIGH,HIGH / MID,LOW / MID,LOW / LOW,HIGH / LOW,0.55822569078261797,0.48500865697860718,0.48557243940718869,0.48142753296250124,0.48557243940718869,-0.073217033804010789,-0.15335095181493574,-0.076382524505538785,-0.072653251375429273,-0.15225561058315973,-0.075835327937883085,-0.07679815782011673,-0.16028064171291045,-0.079843452355370798
10af9af0-ccfa-5d75-af1f-39224929d5e4,20fc29ae-ec26-59b1-88ef-fba4f08baa6c,2026-07-25,2026,SUBMISSION,Lightweight,NO_MATCH,MATCH,NO_MATCH,NO_MATCH,LOW / LOW,LOW / MID,LOW / LOW,HIGH / MID,LOW / LOW,HIGH / MID,HIGH / MID,HIGH / HIGH,HIGH / MID,HIGH / MID,HIGH / MID,LOW / LOW,HIGH / LOW,LOW / MID,LOW / MID,HIGH / MID,HIGH / MID,0.79875861401068793,0.65290313959121704,0.71699091559580619,0.66868312271189179,0.71699091559580619,-0.14585547441947089,-0.54509876477517638,-0.21173281376820685,-0.08176769841488174,-0.34097388465116962,-0.12393935040936266,-0.13007549129879614,-0.49857013777755266,-0.19087820485654816
169964ae-5a87-5cb8-bb4c-0cca84af804d,20fc29ae-ec26-59b1-88ef-fba4f08baa6c,2026-07-25,2026,KO_TKO,Welterweight,MATCH,MATCH,NO_MATCH,NO_MATCH,HIGH / HIGH,HIGH / MID,LOW / LOW,HIGH / HIGH,HIGH / MID,HIGH / HIGH,HIGH / HIGH,HIGH / MID,LOW / LOW,HIGH / LOW,HIGH / LOW,HIGH / LOW,LOW / LOW,HIGH / LOW,LOW / MID,HIGH / LOW,LOW / MID,0.79258538902893272,0.79868900775909424,0.81150729807946309,0.79091888188594606,0.81150729807946309,0.0061036187301615197,-0.0076713968072171235,-0.0024947052472611628,0.018921909050530372,-0.023593133878598876,-0.0074913221669748037,-0.0016665071429866618,0.0021048351922520192,0.00069409310754379311
384c1532-8157-5e5d-837c-b348d93af9e1,20fc29ae-ec26-59b1-88ef-fba4f08baa6c,2026-07-25,2026,KO_TKO,Light Heavyweight,MATCH,NO_MATCH,NO_MATCH,NO_MATCH,HIGH / HIGH,HIGH / MID,HIGH / HIGH,HIGH / HIGH,HIGH / LOW,MID / MID,HIGH / HIGH,HIGH / LOW,HIGH / HIGH,LOW / MID,HIGH / MID,LOW / MID,HIGH / LOW,HIGH / LOW,LOW / MID,HIGH / MID,LOW / MID,0.89610412786733262,0.76262789964675903,0.79143213543981716,0.77768338709130291,0.79143213543981716,-0.13347622822057359,0.16128638870333906,0.045551161779901532,-0.10467199242751546,0.12421248642105531,0.032706201880987204,-0.11842074077602971,0.14173713647770125,0.03863032412898789
67f45379-1eac-5050-920e-d75b000200cb,20fc29ae-ec26-59b1-88ef-fba4f08baa6c,2026-07-25,2026,KO_TKO,Heavyweight,NO_MATCH,MATCH,NO_MATCH,NO_MATCH,MID / MID,LOW / LOW,HIGH / LOW,LOW / MID,MID / MID,HIGH / HIGH,HIGH / MID,MID / MID,HIGH / MID,LOW / MID,LOW / LOW,LOW / LOW,LOW / LOW,LOW / LOW,HIGH / MID,HIGH / MID,LOW / MID,0.78045555624480034,0.87198823690414429,0.83395976415332407,0.87410633325819997,0.83395976415332407,0.091532680659343946,-0.11089813836659529,-0.031812751292870541,0.053504207908523727,-0.066307361111901553,-0.02063040286376026,0.093650777013399633,-0.11332423535946948,-0.032350547458084619
f02b8509-a9a7-5618-b8b9-80451b8de19c,20fc29ae-ec26-59b1-88ef-fba4f08baa6c,2026-07-25,2026,SUBMISSION,Heavyweight,NO_MATCH,NO_MATCH,MATCH,NO_MATCH,HIGH / LOW,MID / MID,HIGH / MID,LOW / MID,HIGH / MID,HIGH / MID,MID / MID,LOW / MID,HIGH / HIGH,LOW / MID,LOW / MID,HIGH / LOW,LOW / LOW,HIGH / LOW,HIGH / MID,HIGH / MID,HIGH / HIGH,0.60300998692330776,0.6607515811920166,0.59170786786855045,0.69284387862607222,0.59170786786855045,0.05774159426870884,0.15717848653458433,0.072971607718502307,-0.011302119054757309,-0.028071803924638372,-0.013502843431701828,0.089833891702764457,0.25655496739015382,0.11641159582037169
1d0aa4e8-84b0-5201-86f2-744ffcd6d2e8,ecf00abd-ee79-5cc0-b902-1ff482a8a7ca,2026-08-01,2026,KO_TKO,Lightweight,MATCH,NO_MATCH,NO_MATCH,NO_MATCH,LOW / MID,HIGH / MID,LOW / MID,HIGH / LOW,LOW / LOW,HIGH / MID,LOW / MID,HIGH / HIGH,LOW / MID,LOW / MID,HIGH / MID,LOW / MID,HIGH / HIGH,HIGH / LOW,HIGH / LOW,LOW / LOW,HIGH / LOW,0.56691728414856191,0.53677266836166382,0.56535034498884384,0.47688205592913147,0.56535034498884384,-0.030144615786898088,0.054638741257391987,0.027018922007515628,-0.0015669391597180615,0.0027677911470954664,0.0013596838320595883,-0.090035228219430441,0.17294421163894957,0.086091744639674866
1f18a992-c249-5bd8-879b-52e4ee6e1b80,ecf00abd-ee79-5cc0-b902-1ff482a8a7ca,2026-08-01,2026,KO_TKO,Light Heavyweight,MATCH,NO_MATCH,NO_MATCH,NO_MATCH,LOW / MID,HIGH / MID,HIGH / MID,HIGH / MID,LOW / LOW,LOW / MID,HIGH / HIGH,LOW / MID,HIGH / HIGH,HIGH / LOW,HIGH / MID,LOW / MID,LOW / MID,LOW / MID,HIGH / MID,HIGH / HIGH,LOW / LOW,0.80033707000777243,0.87343811988830566,0.83975278973186485,0.82669187572168379,0.83975278973186485,0.073101049880533231,-0.087404309054466917,-0.023847376115674279,0.039415719724092413,-0.048074574145047455,-0.014186117214361249,0.026354805713911356,-0.032399068410658843,-0.0098295796722128737
7253e4bc-ccbb-5436-9907-e4a72a9575c2,ecf00abd-ee79-5cc0-b902-1ff482a8a7ca,2026-08-01,2026,KO_TKO,Lightweight,MATCH,NO_MATCH,NO_MATCH,NO_MATCH,LOW / MID,HIGH / LOW,HIGH / MID,HIGH / LOW,HIGH / LOW,LOW / MID,LOW / MID,LOW / MID,HIGH / MID,LOW / MID,LOW / MID,LOW / LOW,HIGH / MID,LOW / MID,HIGH / HIGH,HIGH / LOW,MID / MID,0.6629521438882342,0.66926240921020508,0.72268472491983482,0.64085163275948753,0.72268472491983482,0.006310265321970876,-0.0094734177771282901,-0.0042139033480997484,0.059732581031600618,-0.086270255520302375,-0.036697495516749903,-0.022100511128746669,0.033904838441140062,0.015386292381988423
ec6a79d1-d329-587e-aefc-9d4651e278f6,ecf00abd-ee79-5cc0-b902-1ff482a8a7ca,2026-08-01,2026,SUBMISSION,Middleweight,NO_MATCH,MATCH,NO_MATCH,MATCH,HIGH / HIGH,HIGH / MID,HIGH / MID,LOW / LOW,HIGH / HIGH,HIGH / HIGH,HIGH / LOW,HIGH / MID,HIGH / HIGH,LOW / LOW,HIGH / LOW,HIGH / MID,HIGH / HIGH,HIGH / MID,LOW / MID,LOW / LOW,HIGH / LOW,0.57030133127995308,0.65364634990692139,0.65417573848033428,0.60340495867696364,0.65417573848033428,0.083345018626968304,0.21562382946028469,0.1020099422869547,0.083874407200381196,0.21715346127243029,0.10270228835660389,0.03310362739701056,0.080168479574852403,0.038853935696261388
5b674810-7b11-56a7-ae5c-c0d0fdcc3b72,e26ecb05-10c7-5aeb-97ed-8f842df8992a,2026-08-08,2026,KO_TKO,Welterweight,MATCH,NO_MATCH,NO_MATCH,NO_MATCH,HIGH / HIGH,LOW / LOW,LOW / LOW,HIGH / HIGH,MID / MID,MID / MID,HIGH / HIGH,HIGH / HIGH,MID / MID,HIGH / LOW,HIGH / HIGH,LOW / MID,HIGH / MID,LOW / MID,LOW / MID,LOW / MID,HIGH / MID,0.70727431453736955,0.71249651908874512,0.76128566962318389,0.6937108753498461,0.76128566962318389,0.0052222045513755644,-0.0073564380653354244,-0.0030300753934785485,0.054011355085814339,-0.073590085998173349,-0.028703795402315137,-0.013563439187523452,0.019363320997833167,0.0081247009493906619
79e2b0f7-ec06-577c-af96-99d13203b231,e26ecb05-10c7-5aeb-97ed-8f842df8992a,2026-08-08,2026,KO_TKO,Featherweight,NO_MATCH,NO_MATCH,NO_MATCH,MATCH,HIGH / LOW,HIGH / LOW,HIGH / HIGH,LOW / LOW,MID / MID,MID / MID,LOW / MID,LOW / MID,LOW / LOW,HIGH / LOW,LOW / MID,HIGH / HIGH,HIGH / LOW,HIGH / MID,LOW / MID,LOW / LOW,HIGH / LOW,0.41188190774564504,0.42833751440048218,0.43557806303913854,0.53192424931645677,0.43557806303913854,0.01645560665483714,-0.039174793282345854,-0.019084892995083036,0.023696155293493504,-0.055937352880639168,-0.027310767514251377,0.12004234157081173,-0.2557644141230524,-0.12678798205893943
f23c5bf1-b4b5-5bd5-82b4-74ca39060c25,e26ecb05-10c7-5aeb-97ed-8f842df8992a,2026-08-08,2026,KO_TKO,Featherweight,NO_MATCH,NO_MATCH,NO_MATCH,MATCH,LOW / MID,HIGH / LOW,LOW / MID,LOW / MID,HIGH / MID,MID / MID,MID / MID,HIGH / MID,LOW / MID,HIGH / LOW,LOW / MID,HIGH / LOW,HIGH / MID,LOW / MID,LOW / MID,HIGH / MID,HIGH / LOW,0.74298993145662007,0.58790934085845947,0.59638311572026048,0.55389939416924838,0.59638311572026048,-0.15508059059816059,0.2341097396257219,0.10376453601903649,-0.14660681573635959,0.21979922126190854,0.096852413943011778,-0.18909053728737168,0.29369942213982714,0.13295157518989076
3e6fa4a0-fe43-57cb-8cd6-164cbf9c85be,02545891-beb2-5a1b-89ab-89db0297bc97,2026-08-15,2026,KO_TKO,Lightweight,MATCH,NO_MATCH,NO_MATCH,NO_MATCH,HIGH / HIGH,HIGH / MID,HIGH / MID,HIGH / HIGH,HIGH / LOW,LOW / MID,HIGH / HIGH,HIGH / LOW,HIGH / MID,HIGH / LOW,HIGH / HIGH,HIGH / LOW,HIGH / LOW,HIGH / LOW,HIGH / HIGH,HIGH / HIGH,LOW / LOW,0.83713800353801193,0.79330956935882568,0.76707836769810323,0.81548334426680047,0.76707836769810323,-0.043828434179186249,0.053775412718402638,0.016196904227049478,-0.070059635839908707,0.087399965216591491,0.027728456902595389,-0.021654659271211463,0.026207937777374568,0.0075223663513794593
ac3a1845-8f0b-5bd3-a5b5-d45555eaf223,02545891-beb2-5a1b-89ab-89db0297bc97,2026-08-15,2026,SUBMISSION,Welterweight,MATCH,NO_MATCH,MATCH,NO_MATCH,HIGH / HIGH,MID / MID,HIGH / HIGH,HIGH / HIGH,HIGH / MID,LOW / LOW,HIGH / MID,LOW / LOW,HIGH / MID,LOW / LOW,LOW / LOW,HIGH / MID,LOW / MID,HIGH / HIGH,HIGH / HIGH,LOW / LOW,HIGH / HIGH,0.36449909533673963,0.48233810067176819,0.46629596181195065,0.4808687215155128,0.46629596181195065,0.11783900533502856,0.20509118901820439,0.099790452858347173,0.10179686647521102,0.17457206446217904,0.084572333500830543,0.11636962617877317,0.20225671793664829,0.09837513683066218
b2911cc5-5ea6-5403-8a7b-7fb185aa9133,02545891-beb2-5a1b-89ab-89db0297bc97,2026-08-15,2026,SUBMISSION,Middleweight,NO_MATCH,MATCH,NO_MATCH,NO_MATCH,HIGH / MID,HIGH / MID,HIGH / MID,MID / MID,HIGH / HIGH,HIGH / HIGH,HIGH / MID,HIGH / MID,LOW / MID,LOW / LOW,LOW / MID,HIGH / MID,HIGH / LOW,HIGH / MID,LOW / MID,HIGH / LOW,HIGH / HIGH,0.69452557866185294,0.57483410835266113,0.56933744825098664,0.59867682114265897,0.56933744825098664,-0.11969147030919181,-0.33061337815309599,-0.15193152728998272,-0.12518813041086629,-0.34345879296748039,-0.15822064943463676,-0.095848757519193972,-0.2729009871311231,-0.1239518432421024
