kind,cell,year,model,all_N,all_gate,finish_N,finish_gate,KO_N,SUB_N,actual_KO,actual_SUB,mean_KO,mean_SUB,gap,log_loss,brier,ll_delta_MIN,brier_delta_MIN,finish_year_counts,all_year_counts,event_N,observed_Wilson95
terrain,experience_bucket::0,2018,LINEAR_MIN,96,MODERATE_UNCERTAINTY,51,MODERATE_UNCERTAINTY,28,23,0.5490196078431373,0.45098039215686275,0.63715929047507736,0.36284070952492264,0.088139682631940053,0.64251274551808812,0.2276526976562176,0,0,"{""2018"": 51}","{""2018"": 96}",28,"[0.41384708550368815, 0.6773248145062598]"
terrain,experience_bucket::0,2019,LINEAR_MIN,116,NORMAL,51,MODERATE_UNCERTAINTY,26,25,0.50980392156862742,0.49019607843137253,0.61657001144363033,0.38342998855636967,0.10676608987500291,0.66438342319299126,0.2381467682877382,0,0,"{""2019"": 51}","{""2019"": 116}",31,"[0.37680923894569696, 0.6414251410562926]"
terrain,experience_bucket::0,2020,LINEAR_MIN,95,MODERATE_UNCERTAINTY,53,MODERATE_UNCERTAINTY,36,17,0.67924528301886788,0.32075471698113206,0.62429395437804469,0.37570604562195531,-0.054951328640823194,0.60226026185440129,0.20651860084041421,0,0,"{""2020"": 53}","{""2020"": 95}",32,"[0.545185201490326, 0.7890778592086491]"
terrain,experience_bucket::0,2021,LINEAR_MIN,77,MODERATE_UNCERTAINTY,40,THIN_EXPLORATORY,30,10,0.75,0.25,0.63013377015135286,0.36986622984864714,-0.11986622984864714,0.61059673480715426,0.20799040910125929,0,0,"{""2021"": 40}","{""2021"": 77}",27,"[0.5980603857923197, 0.858128813609037]"
terrain,experience_bucket::0,2022,LINEAR_MIN,85,MODERATE_UNCERTAINTY,43,THIN_EXPLORATORY,31,12,0.72093023255813948,0.27906976744186046,0.6246399901976134,0.3753600098023866,-0.096290242360526079,0.58865689789420972,0.19954017517162961,0,0,"{""2022"": 43}","{""2022"": 85}",29,"[0.5730897131812113, 0.8325338621376251]"
terrain,experience_bucket::0,2023,LINEAR_MIN,112,NORMAL,59,MODERATE_UNCERTAINTY,37,22,0.6271186440677966,0.3728813559322034,0.6264462122086103,0.3735537877913897,-0.00067243185918630655,0.62929824233726672,0.21869110935835842,0,0,"{""2023"": 59}","{""2023"": 112}",30,"[0.4995359106706382, 0.7391600120767886]"
terrain,experience_bucket::0,2024,LINEAR_MIN,80,MODERATE_UNCERTAINTY,40,THIN_EXPLORATORY,28,12,0.69999999999999996,0.29999999999999999,0.64572736521471297,0.35427263478528703,-0.054272634785286988,0.56430357416361376,0.18944956659938553,0,0,"{""2024"": 40}","{""2024"": 80}",22,"[0.5456998118185507, 0.8192515477025347]"
terrain,experience_bucket::0,2025,LINEAR_MIN,86,MODERATE_UNCERTAINTY,53,MODERATE_UNCERTAINTY,37,16,0.69811320754716977,0.30188679245283018,0.66488238196993255,0.33511761803006745,-0.033230825577237222,0.58077073019769154,0.1968503499856461,0,0,"{""2025"": 53}","{""2025"": 86}",31,"[0.5646316733114988, 0.8048169727242108]"
terrain,experience_bucket::0,2026,LINEAR_MIN,74,MODERATE_UNCERTAINTY,44,THIN_EXPLORATORY,33,11,0.75,0.25,0.68397619359083672,0.31602380640916328,-0.066023806409163277,0.55859963980480321,0.18546915684064891,0,0,"{""2026"": 44}","{""2026"": 74}",21,"[0.6055943364104086, 0.8542578617103511]"
terrain,experience_bucket::0,2018,XGB,96,MODERATE_UNCERTAINTY,51,MODERATE_UNCERTAINTY,28,23,0.5490196078431373,0.45098039215686275,0.6234640017444012,0.3765359982555988,0.074444393901263894,0.65211770098963251,0.23185330927928224,0.0096049554715445344,0.0042006116230645955,"{""2018"": 51}","{""2018"": 96}",28,"[0.41384708550368815, 0.6773248145062598]"
terrain,experience_bucket::0,2019,XGB,116,NORMAL,51,MODERATE_UNCERTAINTY,26,25,0.50980392156862742,0.49019607843137253,0.6042402269793492,0.3957597730206508,0.094436305410721788,0.68825509260117568,0.24737446524702991,0.023871669408184557,0.0092276969592916969,"{""2019"": 51}","{""2019"": 116}",31,"[0.37680923894569696, 0.6414251410562926]"
terrain,experience_bucket::0,2020,XGB,95,MODERATE_UNCERTAINTY,53,MODERATE_UNCERTAINTY,36,17,0.67924528301886788,0.32075471698113206,0.6155469749333724,0.3844530250666276,-0.063698308085495481,0.60660808440924263,0.20960259688656876,0.0043478225548413589,0.0030839960461545705,"{""2020"": 53}","{""2020"": 95}",32,"[0.545185201490326, 0.7890778592086491]"
terrain,experience_bucket::0,2021,XGB,77,MODERATE_UNCERTAINTY,40,THIN_EXPLORATORY,30,10,0.75,0.25,0.61440722420811655,0.38559277579188345,-0.13559277579188345,0.61921211592807812,0.21242388260604264,0.0086153811209237173,0.0044334735047833942,"{""2021"": 40}","{""2021"": 77}",27,"[0.5980603857923197, 0.858128813609037]"
terrain,experience_bucket::0,2022,XGB,85,MODERATE_UNCERTAINTY,43,THIN_EXPLORATORY,31,12,0.72093023255813948,0.27906976744186046,0.62447142393090005,0.37552857606909995,-0.096458808627239434,0.61805753055040047,0.21244238719462846,0.029400632656190716,0.012902212022998856,"{""2022"": 43}","{""2022"": 85}",29,"[0.5730897131812113, 0.8325338621376251]"
terrain,experience_bucket::0,2023,XGB,112,NORMAL,59,MODERATE_UNCERTAINTY,37,22,0.6271186440677966,0.3728813559322034,0.61240021101499009,0.38759978898500991,-0.014718433052806512,0.64639207376819352,0.22636360517047377,0.017093831430926947,0.007672495812115405,"{""2023"": 59}","{""2023"": 112}",30,"[0.4995359106706382, 0.7391600120767886]"
terrain,experience_bucket::0,2024,XGB,80,MODERATE_UNCERTAINTY,40,THIN_EXPLORATORY,28,12,0.69999999999999996,0.29999999999999999,0.60398635715246196,0.39601364284753804,-0.096013642847537994,0.60192220108687533,0.20645720158328115,0.037618626923261525,0.017007634983895615,"{""2024"": 40}","{""2024"": 80}",22,"[0.5456998118185507, 0.8192515477025347]"
terrain,experience_bucket::0,2025,XGB,86,MODERATE_UNCERTAINTY,53,MODERATE_UNCERTAINTY,37,16,0.69811320754716977,0.30188679245283018,0.66917081036657655,0.33082918963342345,-0.028942397180593216,0.56765848817010855,0.19157417965895523,-0.01311224202758301,-0.0052761703266908846,"{""2025"": 53}","{""2025"": 86}",31,"[0.5646316733114988, 0.8048169727242108]"
terrain,experience_bucket::0,2026,XGB,74,MODERATE_UNCERTAINTY,44,THIN_EXPLORATORY,33,11,0.75,0.25,0.67046324773268262,0.32953675226731738,-0.079536752267317379,0.56201924848934659,0.18658368272799211,0.0034196086845434139,0.0011145258873432101,"{""2026"": 44}","{""2026"": 74}",21,"[0.6055943364104086, 0.8542578617103511]"
terrain,experience_bucket::0,2018,LGBM,96,MODERATE_UNCERTAINTY,51,MODERATE_UNCERTAINTY,28,23,0.5490196078431373,0.45098039215686275,0.61842829681868172,0.38157170318131828,0.069408688975544419,0.65581166456522222,0.23226285941892258,0.013298919047134103,0.0046101617627049138,"{""2018"": 51}","{""2018"": 96}",28,"[0.41384708550368815, 0.6773248145062598]"
terrain,experience_bucket::0,2019,LGBM,116,NORMAL,51,MODERATE_UNCERTAINTY,26,25,0.50980392156862742,0.49019607843137253,0.58228556910877483,0.41771443089122517,0.072481647540147409,0.68267259180899176,0.24553287881135319,0.01828916861600054,0.0073861105236149634,"{""2019"": 51}","{""2019"": 116}",31,"[0.37680923894569696, 0.6414251410562926]"
terrain,experience_bucket::0,2020,LGBM,95,MODERATE_UNCERTAINTY,53,MODERATE_UNCERTAINTY,36,17,0.67924528301886788,0.32075471698113206,0.60902012380938353,0.39097987619061647,-0.070225159209484356,0.62740105544939218,0.21921985294623264,0.025140793594990888,0.012701252105818442,"{""2020"": 53}","{""2020"": 95}",32,"[0.545185201490326, 0.7890778592086491]"
terrain,experience_bucket::0,2021,LGBM,77,MODERATE_UNCERTAINTY,40,THIN_EXPLORATORY,30,10,0.75,0.25,0.61742509045185689,0.38257490954814311,-0.13257490954814311,0.61898441283649686,0.21211329962994077,0.0083876780293425553,0.0041228905286814967,"{""2021"": 40}","{""2021"": 77}",27,"[0.5980603857923197, 0.858128813609037]"
terrain,experience_bucket::0,2022,LGBM,85,MODERATE_UNCERTAINTY,43,THIN_EXPLORATORY,31,12,0.72093023255813948,0.27906976744186046,0.62126282882254003,0.37873717117745997,-0.099667403735599458,0.62286476588996675,0.21468180061217751,0.034207867995757021,0.015141625440547925,"{""2022"": 43}","{""2022"": 85}",29,"[0.5730897131812113, 0.8325338621376251]"
terrain,experience_bucket::0,2023,LGBM,112,NORMAL,59,MODERATE_UNCERTAINTY,37,22,0.6271186440677966,0.3728813559322034,0.61473977997951912,0.38526022002048088,-0.012378864088277486,0.64666763589172249,0.22632271747306351,0.017369393554455683,0.0076316081147051393,"{""2023"": 59}","{""2023"": 112}",30,"[0.4995359106706382, 0.7391600120767886]"
terrain,experience_bucket::0,2024,LGBM,80,MODERATE_UNCERTAINTY,40,THIN_EXPLORATORY,28,12,0.69999999999999996,0.29999999999999999,0.62821993795723685,0.37178006204276315,-0.071780062042763104,0.59011756365453816,0.20082242858252886,0.025813989490924345,0.01137286198314329,"{""2024"": 40}","{""2024"": 80}",22,"[0.5456998118185507, 0.8192515477025347]"
terrain,experience_bucket::0,2025,LGBM,86,MODERATE_UNCERTAINTY,53,MODERATE_UNCERTAINTY,37,16,0.69811320754716977,0.30188679245283018,0.66981174321328663,0.33018825678671337,-0.028301464333883142,0.55770537434902456,0.18718404557733137,-0.023065355848666962,-0.0096663044083147125,"{""2025"": 53}","{""2025"": 86}",31,"[0.5646316733114988, 0.8048169727242108]"
terrain,experience_bucket::0,2026,LGBM,74,MODERATE_UNCERTAINTY,44,THIN_EXPLORATORY,33,11,0.75,0.25,0.67862934648338991,0.32137065351661009,-0.071370653516610094,0.57821956327193291,0.19416457638302423,0.019619923467129631,0.008695419542375328,"{""2026"": 44}","{""2026"": 74}",21,"[0.6055943364104086, 0.8542578617103511]"
terrain,experience_bucket::0,2018,CAT,96,MODERATE_UNCERTAINTY,51,MODERATE_UNCERTAINTY,28,23,0.5490196078431373,0.45098039215686275,0.63401116301977278,0.36598883698022722,0.08499155517663548,0.64649563469353188,0.22906140747203502,0.003982889175443702,0.0014087098158173832,"{""2018"": 51}","{""2018"": 96}",28,"[0.41384708550368815, 0.6773248145062598]"
terrain,experience_bucket::0,2019,CAT,116,NORMAL,51,MODERATE_UNCERTAINTY,26,25,0.50980392156862742,0.49019607843137253,0.59519357005433837,0.40480642994566163,0.085389648485710956,0.66784088904773953,0.23862278775299728,0.0034574658547482772,0.00047601946525904174,"{""2019"": 51}","{""2019"": 116}",31,"[0.37680923894569696, 0.6414251410562926]"
terrain,experience_bucket::0,2020,CAT,95,MODERATE_UNCERTAINTY,53,MODERATE_UNCERTAINTY,36,17,0.67924528301886788,0.32075471698113206,0.62187027225841629,0.37812972774158371,-0.057375010760451595,0.60922807810189816,0.21145916395948719,0.0069678162474968146,0.0049405631190729887,"{""2020"": 53}","{""2020"": 95}",32,"[0.545185201490326, 0.7890778592086491]"
terrain,experience_bucket::0,2021,CAT,77,MODERATE_UNCERTAINTY,40,THIN_EXPLORATORY,30,10,0.75,0.25,0.61381557737196613,0.38618442262803387,-0.13618442262803387,0.63262914948567495,0.2171152975725395,0.022032414678520702,0.0091248884712802469,"{""2021"": 40}","{""2021"": 77}",27,"[0.5980603857923197, 0.858128813609037]"
terrain,experience_bucket::0,2022,CAT,85,MODERATE_UNCERTAINTY,43,THIN_EXPLORATORY,31,12,0.72093023255813948,0.27906976744186046,0.62985853578162554,0.37014146421837446,-0.091071696776513944,0.59096426602367924,0.19958687569803746,0.002307368129469493,4.6700526407898185e-05,"{""2022"": 43}","{""2022"": 85}",29,"[0.5730897131812113, 0.8325338621376251]"
terrain,experience_bucket::0,2023,CAT,112,NORMAL,59,MODERATE_UNCERTAINTY,37,22,0.6271186440677966,0.3728813559322034,0.6195163852208484,0.3804836147791516,-0.0076022588469482066,0.65942886502230247,0.23220318678274984,0.030130622685035569,0.013512077424391439,"{""2023"": 59}","{""2023"": 112}",30,"[0.4995359106706382, 0.7391600120767886]"
terrain,experience_bucket::0,2024,CAT,80,MODERATE_UNCERTAINTY,40,THIN_EXPLORATORY,28,12,0.69999999999999996,0.29999999999999999,0.64172441328714391,0.35827558671285609,-0.058275586712856042,0.5797886148389223,0.19719519646727424,0.015485040675308436,0.0077456298678886884,"{""2024"": 40}","{""2024"": 80}",22,"[0.5456998118185507, 0.8192515477025347]"
terrain,experience_bucket::0,2025,CAT,86,MODERATE_UNCERTAINTY,53,MODERATE_UNCERTAINTY,37,16,0.69811320754716977,0.30188679245283018,0.66516323576501613,0.33483676423498387,-0.032949971782153642,0.56902153862430649,0.19188801594995197,-0.011749191573385017,-0.0049623340356941331,"{""2025"": 53}","{""2025"": 86}",31,"[0.5646316733114988, 0.8048169727242108]"
terrain,experience_bucket::0,2026,CAT,74,MODERATE_UNCERTAINTY,44,THIN_EXPLORATORY,33,11,0.75,0.25,0.66751158335705763,0.33248841664294237,-0.082488416642942375,0.55522334811158924,0.18442921771703844,-0.003376291693213965,-0.0010399391236104679,"{""2026"": 44}","{""2026"": 74}",21,"[0.6055943364104086, 0.8542578617103511]"
terrain,experience_bucket::0,2018,SELECT,96,MODERATE_UNCERTAINTY,51,MODERATE_UNCERTAINTY,28,23,0.5490196078431373,0.45098039215686275,0.6234640017444012,0.3765359982555988,0.074444393901263894,0.65211770098963251,0.23185330927928224,0.0096049554715445344,0.0042006116230645955,"{""2018"": 51}","{""2018"": 96}",28,"[0.41384708550368815, 0.6773248145062598]"
terrain,experience_bucket::0,2019,SELECT,116,NORMAL,51,MODERATE_UNCERTAINTY,26,25,0.50980392156862742,0.49019607843137253,0.6042402269793492,0.3957597730206508,0.094436305410721788,0.68825509260117568,0.24737446524702991,0.023871669408184557,0.0092276969592916969,"{""2019"": 51}","{""2019"": 116}",31,"[0.37680923894569696, 0.6414251410562926]"
terrain,experience_bucket::0,2020,SELECT,95,MODERATE_UNCERTAINTY,53,MODERATE_UNCERTAINTY,36,17,0.67924528301886788,0.32075471698113206,0.60902012380938353,0.39097987619061647,-0.070225159209484356,0.62740105544939218,0.21921985294623264,0.025140793594990888,0.012701252105818442,"{""2020"": 53}","{""2020"": 95}",32,"[0.545185201490326, 0.7890778592086491]"
terrain,experience_bucket::0,2021,SELECT,77,MODERATE_UNCERTAINTY,40,THIN_EXPLORATORY,30,10,0.75,0.25,0.61381557737196613,0.38618442262803387,-0.13618442262803387,0.63262914948567495,0.2171152975725395,0.022032414678520702,0.0091248884712802469,"{""2021"": 40}","{""2021"": 77}",27,"[0.5980603857923197, 0.858128813609037]"
terrain,experience_bucket::0,2022,SELECT,85,MODERATE_UNCERTAINTY,43,THIN_EXPLORATORY,31,12,0.72093023255813948,0.27906976744186046,0.62126282882254003,0.37873717117745997,-0.099667403735599458,0.62286476588996675,0.21468180061217751,0.034207867995757021,0.015141625440547925,"{""2022"": 43}","{""2022"": 85}",29,"[0.5730897131812113, 0.8325338621376251]"
terrain,experience_bucket::0,2023,SELECT,112,NORMAL,59,MODERATE_UNCERTAINTY,37,22,0.6271186440677966,0.3728813559322034,0.6195163852208484,0.3804836147791516,-0.0076022588469482066,0.65942886502230247,0.23220318678274984,0.030130622685035569,0.013512077424391439,"{""2023"": 59}","{""2023"": 112}",30,"[0.4995359106706382, 0.7391600120767886]"
terrain,experience_bucket::0,2024,SELECT,80,MODERATE_UNCERTAINTY,40,THIN_EXPLORATORY,28,12,0.69999999999999996,0.29999999999999999,0.64172441328714391,0.35827558671285609,-0.058275586712856042,0.5797886148389223,0.19719519646727424,0.015485040675308436,0.0077456298678886884,"{""2024"": 40}","{""2024"": 80}",22,"[0.5456998118185507, 0.8192515477025347]"
terrain,experience_bucket::0,2025,SELECT,86,MODERATE_UNCERTAINTY,53,MODERATE_UNCERTAINTY,37,16,0.69811320754716977,0.30188679245283018,0.66981174321328663,0.33018825678671337,-0.028301464333883142,0.55770537434902456,0.18718404557733137,-0.023065355848666962,-0.0096663044083147125,"{""2025"": 53}","{""2025"": 86}",31,"[0.5646316733114988, 0.8048169727242108]"
terrain,experience_bucket::0,2026,SELECT,74,MODERATE_UNCERTAINTY,44,THIN_EXPLORATORY,33,11,0.75,0.25,0.67862934648338991,0.32137065351661009,-0.071370653516610094,0.57821956327193291,0.19416457638302423,0.019619923467129631,0.008695419542375328,"{""2026"": 44}","{""2026"": 74}",21,"[0.6055943364104086, 0.8542578617103511]"
terrain,experience_bucket::11+,2018,LINEAR_MIN,29,THIN_EXPLORATORY,19,INSUFFICIENT,13,6,0.68421052631578949,0.31578947368421051,0.71510853316564305,0.28489146683435695,0.030898006849853554,,,,,"{""2018"": 19}","{""2018"": 29}",15,"[0.46010407675327475, 0.8463562091220773]"
terrain,experience_bucket::11+,2019,LINEAR_MIN,40,THIN_EXPLORATORY,18,INSUFFICIENT,11,7,0.61111111111111116,0.3888888888888889,0.72691051035437659,0.27308948964562341,0.11579939924326543,,,,,"{""2019"": 18}","{""2019"": 40}",14,"[0.3861904160223791, 0.7969475342783638]"
terrain,experience_bucket::11+,2020,LINEAR_MIN,40,THIN_EXPLORATORY,14,INSUFFICIENT,10,4,0.7142857142857143,0.2857142857142857,0.78742990785935285,0.21257009214064715,0.07314419357363855,,,,,"{""2020"": 14}","{""2020"": 40}",13,"[0.4535091567010681, 0.8827862135542308]"
terrain,experience_bucket::11+,2021,LINEAR_MIN,48,THIN_EXPLORATORY,24,INSUFFICIENT,20,4,0.83333333333333337,0.16666666666666666,0.73748940776909544,0.26251059223090456,-0.095843925564237931,,,,,"{""2021"": 24}","{""2021"": 48}",18,"[0.6414692935030095, 0.9332132367136705]"
terrain,experience_bucket::11+,2022,LINEAR_MIN,45,THIN_EXPLORATORY,21,INSUFFICIENT,12,9,0.5714285714285714,0.42857142857142855,0.70514628625139597,0.29485371374860403,0.13371771482282457,,,,,"{""2022"": 21}","{""2022"": 45}",17,"[0.3654655436930671, 0.7553003107462404]"
terrain,experience_bucket::11+,2023,LINEAR_MIN,48,THIN_EXPLORATORY,25,THIN_EXPLORATORY,17,8,0.68000000000000005,0.32000000000000001,0.70322128661380146,0.29677871338619854,0.023221286613801406,0.64738866225609015,0.21981098012221412,0,0,"{""2023"": 25}","{""2023"": 48}",18,"[0.48410269273102247, 0.8279480969309202]"
terrain,experience_bucket::11+,2024,LINEAR_MIN,55,MODERATE_UNCERTAINTY,26,THIN_EXPLORATORY,12,14,0.46153846153846156,0.53846153846153844,0.72993205332108824,0.27006794667891176,0.26839359178262667,0.72965057244259135,0.26072269243798363,0,0,"{""2024"": 26}","{""2024"": 55}",16,"[0.2875585353039122, 0.6454206125314121]"
terrain,experience_bucket::11+,2025,LINEAR_MIN,52,MODERATE_UNCERTAINTY,25,THIN_EXPLORATORY,14,11,0.56000000000000005,0.44,0.66869134890014859,0.33130865109985141,0.10869134890014853,0.68435821402468888,0.24611812369521438,0,0,"{""2025"": 25}","{""2025"": 52}",19,"[0.3706733186979878, 0.7333436111893266]"
terrain,experience_bucket::11+,2026,LINEAR_MIN,35,THIN_EXPLORATORY,17,INSUFFICIENT,12,5,0.70588235294117652,0.29411764705882354,0.69444610976541865,0.30555389023458135,-0.011436243175757865,,,,,"{""2026"": 17}","{""2026"": 35}",11,"[0.4686688993346016, 0.8672001038970478]"
terrain,experience_bucket::11+,2018,XGB,29,THIN_EXPLORATORY,19,INSUFFICIENT,13,6,0.68421052631578949,0.31578947368421051,0.67896312945767456,0.32103687054232544,-0.0052473968581149277,,,,,"{""2018"": 19}","{""2018"": 29}",15,"[0.46010407675327475, 0.8463562091220773]"
terrain,experience_bucket::11+,2019,XGB,40,THIN_EXPLORATORY,18,INSUFFICIENT,11,7,0.61111111111111116,0.3888888888888889,0.67254807882838774,0.32745192117161226,0.06143696771727658,,,,,"{""2019"": 18}","{""2019"": 40}",14,"[0.3861904160223791, 0.7969475342783638]"
terrain,experience_bucket::11+,2020,XGB,40,THIN_EXPLORATORY,14,INSUFFICIENT,10,4,0.7142857142857143,0.2857142857142857,0.74878386514527462,0.25121613485472538,0.034498150859560317,,,,,"{""2020"": 14}","{""2020"": 40}",13,"[0.4535091567010681, 0.8827862135542308]"
terrain,experience_bucket::11+,2021,XGB,48,THIN_EXPLORATORY,24,INSUFFICIENT,20,4,0.83333333333333337,0.16666666666666666,0.71612934271494544,0.28387065728505456,-0.11720399061838793,,,,,"{""2021"": 24}","{""2021"": 48}",18,"[0.6414692935030095, 0.9332132367136705]"
terrain,experience_bucket::11+,2022,XGB,45,THIN_EXPLORATORY,21,INSUFFICIENT,12,9,0.5714285714285714,0.42857142857142855,0.66521172296433217,0.33478827703566783,0.093783151535760778,,,,,"{""2022"": 21}","{""2022"": 45}",17,"[0.3654655436930671, 0.7553003107462404]"
terrain,experience_bucket::11+,2023,XGB,48,THIN_EXPLORATORY,25,THIN_EXPLORATORY,17,8,0.68000000000000005,0.32000000000000001,0.66405485033988954,0.33594514966011046,-0.015945149660110514,0.66798409355276778,0.23453551453232468,0.020595431296677621,0.01472453441011057,"{""2023"": 25}","{""2023"": 48}",18,"[0.48410269273102247, 0.8279480969309202]"
terrain,experience_bucket::11+,2024,XGB,55,MODERATE_UNCERTAINTY,26,THIN_EXPLORATORY,12,14,0.46153846153846156,0.53846153846153844,0.66895128557315242,0.33104871442684758,0.20741282403469086,0.63042650191226579,0.22300478121651232,-0.099224070530325587,-0.037717911221471299,"{""2024"": 26}","{""2024"": 55}",16,"[0.2875585353039122, 0.6454206125314121]"
terrain,experience_bucket::11+,2025,XGB,52,MODERATE_UNCERTAINTY,25,THIN_EXPLORATORY,14,11,0.56000000000000005,0.44,0.65889074444770812,0.34110925555229188,0.098890744447708068,0.71902230768069897,0.26292241956365919,0.03466409365601008,0.016804295868444754,"{""2025"": 25}","{""2025"": 52}",19,"[0.3706733186979878, 0.7333436111893266]"
terrain,experience_bucket::11+,2026,XGB,35,THIN_EXPLORATORY,17,INSUFFICIENT,12,5,0.70588235294117652,0.29411764705882354,0.65851899981498718,0.34148100018501282,-0.047363353126189334,,,,,"{""2026"": 17}","{""2026"": 35}",11,"[0.4686688993346016, 0.8672001038970478]"
terrain,experience_bucket::11+,2018,LGBM,29,THIN_EXPLORATORY,19,INSUFFICIENT,13,6,0.68421052631578949,0.31578947368421051,0.65839156741631455,0.34160843258368545,-0.025818958899474942,,,,,"{""2018"": 19}","{""2018"": 29}",15,"[0.46010407675327475, 0.8463562091220773]"
terrain,experience_bucket::11+,2019,LGBM,40,THIN_EXPLORATORY,18,INSUFFICIENT,11,7,0.61111111111111116,0.3888888888888889,0.6766074601848433,0.3233925398151567,0.065496349073732141,,,,,"{""2019"": 18}","{""2019"": 40}",14,"[0.3861904160223791, 0.7969475342783638]"
terrain,experience_bucket::11+,2020,LGBM,40,THIN_EXPLORATORY,14,INSUFFICIENT,10,4,0.7142857142857143,0.2857142857142857,0.76544156163921928,0.23455843836078072,0.05115584735350498,,,,,"{""2020"": 14}","{""2020"": 40}",13,"[0.4535091567010681, 0.8827862135542308]"
terrain,experience_bucket::11+,2021,LGBM,48,THIN_EXPLORATORY,24,INSUFFICIENT,20,4,0.83333333333333337,0.16666666666666666,0.71881861817347936,0.28118138182652064,-0.11451471515985401,,,,,"{""2021"": 24}","{""2021"": 48}",18,"[0.6414692935030095, 0.9332132367136705]"
terrain,experience_bucket::11+,2022,LGBM,45,THIN_EXPLORATORY,21,INSUFFICIENT,12,9,0.5714285714285714,0.42857142857142855,0.67856665084198442,0.32143334915801558,0.10713807941341302,,,,,"{""2022"": 21}","{""2022"": 45}",17,"[0.3654655436930671, 0.7553003107462404]"
terrain,experience_bucket::11+,2023,LGBM,48,THIN_EXPLORATORY,25,THIN_EXPLORATORY,17,8,0.68000000000000005,0.32000000000000001,0.66642501578302127,0.33357498421697873,-0.01357498421697878,0.66256233771317019,0.22966950970982103,0.015173675457079996,0.0098585295876069349,"{""2023"": 25}","{""2023"": 48}",18,"[0.48410269273102247, 0.8279480969309202]"
terrain,experience_bucket::11+,2024,LGBM,55,MODERATE_UNCERTAINTY,26,THIN_EXPLORATORY,12,14,0.46153846153846156,0.53846153846153844,0.68581766345246664,0.31418233654753336,0.22427920191400508,0.63303149679161952,0.22467303147936576,-0.096619075650971997,-0.036049660958617835,"{""2024"": 26}","{""2024"": 55}",16,"[0.2875585353039122, 0.6454206125314121]"
terrain,experience_bucket::11+,2025,LGBM,52,MODERATE_UNCERTAINTY,25,THIN_EXPLORATORY,14,11,0.56000000000000005,0.44,0.66073338538684123,0.33926661461315877,0.10073338538684118,0.70365823978810538,0.25686724999531496,0.019300025763416509,0.01074912630010056,"{""2025"": 25}","{""2025"": 52}",19,"[0.3706733186979878, 0.7333436111893266]"
terrain,experience_bucket::11+,2026,LGBM,35,THIN_EXPLORATORY,17,INSUFFICIENT,12,5,0.70588235294117652,0.29411764705882354,0.65329418610452505,0.34670581389547495,-0.052588166836651462,,,,,"{""2026"": 17}","{""2026"": 35}",11,"[0.4686688993346016, 0.8672001038970478]"
terrain,experience_bucket::11+,2018,CAT,29,THIN_EXPLORATORY,19,INSUFFICIENT,13,6,0.68421052631578949,0.31578947368421051,0.66650027069173468,0.33349972930826532,-0.017710255624054816,,,,,"{""2018"": 19}","{""2018"": 29}",15,"[0.46010407675327475, 0.8463562091220773]"
terrain,experience_bucket::11+,2019,CAT,40,THIN_EXPLORATORY,18,INSUFFICIENT,11,7,0.61111111111111116,0.3888888888888889,0.68203045287094521,0.31796954712905479,0.070919341759834054,,,,,"{""2019"": 18}","{""2019"": 40}",14,"[0.3861904160223791, 0.7969475342783638]"
terrain,experience_bucket::11+,2020,CAT,40,THIN_EXPLORATORY,14,INSUFFICIENT,10,4,0.7142857142857143,0.2857142857142857,0.75952167970850648,0.24047832029149352,0.045235965422792179,,,,,"{""2020"": 14}","{""2020"": 40}",13,"[0.4535091567010681, 0.8827862135542308]"
terrain,experience_bucket::11+,2021,CAT,48,THIN_EXPLORATORY,24,INSUFFICIENT,20,4,0.83333333333333337,0.16666666666666666,0.72130496982172099,0.27869503017827901,-0.11202836351161238,,,,,"{""2021"": 24}","{""2021"": 48}",18,"[0.6414692935030095, 0.9332132367136705]"
terrain,experience_bucket::11+,2022,CAT,45,THIN_EXPLORATORY,21,INSUFFICIENT,12,9,0.5714285714285714,0.42857142857142855,0.69212375770568602,0.30787624229431398,0.12069518627711462,,,,,"{""2022"": 21}","{""2022"": 45}",17,"[0.3654655436930671, 0.7553003107462404]"
terrain,experience_bucket::11+,2023,CAT,48,THIN_EXPLORATORY,25,THIN_EXPLORATORY,17,8,0.68000000000000005,0.32000000000000001,0.65820513511284262,0.34179486488715738,-0.021794864887157428,0.66350468850846345,0.23167760290616152,0.016116026252373267,0.011866622783947426,"{""2023"": 25}","{""2023"": 48}",18,"[0.48410269273102247, 0.8279480969309202]"
terrain,experience_bucket::11+,2024,CAT,55,MODERATE_UNCERTAINTY,26,THIN_EXPLORATORY,12,14,0.46153846153846156,0.53846153846153844,0.70526695008064866,0.29473304991935134,0.24372848854218709,0.64773314256812597,0.2280222224432332,-0.081917429874465528,-0.032700469994750431,"{""2024"": 26}","{""2024"": 55}",16,"[0.2875585353039122, 0.6454206125314121]"
terrain,experience_bucket::11+,2025,CAT,52,MODERATE_UNCERTAINTY,25,THIN_EXPLORATORY,14,11,0.56000000000000005,0.44,0.63004981878026367,0.36995018121973633,0.070049818780263617,0.70126071609277318,0.25614987830081093,0.016902502068084233,0.010031754605596507,"{""2025"": 25}","{""2025"": 52}",19,"[0.3706733186979878, 0.7333436111893266]"
terrain,experience_bucket::11+,2026,CAT,35,THIN_EXPLORATORY,17,INSUFFICIENT,12,5,0.70588235294117652,0.29411764705882354,0.62563200878027758,0.37436799121972242,-0.080250344160898934,,,,,"{""2026"": 17}","{""2026"": 35}",11,"[0.4686688993346016, 0.8672001038970478]"
terrain,experience_bucket::11+,2018,SELECT,29,THIN_EXPLORATORY,19,INSUFFICIENT,13,6,0.68421052631578949,0.31578947368421051,0.67896312945767456,0.32103687054232544,-0.0052473968581149277,,,,,"{""2018"": 19}","{""2018"": 29}",15,"[0.46010407675327475, 0.8463562091220773]"
terrain,experience_bucket::11+,2019,SELECT,40,THIN_EXPLORATORY,18,INSUFFICIENT,11,7,0.61111111111111116,0.3888888888888889,0.67254807882838774,0.32745192117161226,0.06143696771727658,,,,,"{""2019"": 18}","{""2019"": 40}",14,"[0.3861904160223791, 0.7969475342783638]"
terrain,experience_bucket::11+,2020,SELECT,40,THIN_EXPLORATORY,14,INSUFFICIENT,10,4,0.7142857142857143,0.2857142857142857,0.76544156163921928,0.23455843836078072,0.05115584735350498,,,,,"{""2020"": 14}","{""2020"": 40}",13,"[0.4535091567010681, 0.8827862135542308]"
terrain,experience_bucket::11+,2021,SELECT,48,THIN_EXPLORATORY,24,INSUFFICIENT,20,4,0.83333333333333337,0.16666666666666666,0.72130496982172099,0.27869503017827901,-0.11202836351161238,,,,,"{""2021"": 24}","{""2021"": 48}",18,"[0.6414692935030095, 0.9332132367136705]"
terrain,experience_bucket::11+,2022,SELECT,45,THIN_EXPLORATORY,21,INSUFFICIENT,12,9,0.5714285714285714,0.42857142857142855,0.67856665084198442,0.32143334915801558,0.10713807941341302,,,,,"{""2022"": 21}","{""2022"": 45}",17,"[0.3654655436930671, 0.7553003107462404]"
terrain,experience_bucket::11+,2023,SELECT,48,THIN_EXPLORATORY,25,THIN_EXPLORATORY,17,8,0.68000000000000005,0.32000000000000001,0.65820513511284262,0.34179486488715738,-0.021794864887157428,0.66350468850846345,0.23167760290616152,0.016116026252373267,0.011866622783947426,"{""2023"": 25}","{""2023"": 48}",18,"[0.48410269273102247, 0.8279480969309202]"
terrain,experience_bucket::11+,2024,SELECT,55,MODERATE_UNCERTAINTY,26,THIN_EXPLORATORY,12,14,0.46153846153846156,0.53846153846153844,0.70526695008064866,0.29473304991935134,0.24372848854218709,0.64773314256812597,0.2280222224432332,-0.081917429874465528,-0.032700469994750431,"{""2024"": 26}","{""2024"": 55}",16,"[0.2875585353039122, 0.6454206125314121]"
terrain,experience_bucket::11+,2025,SELECT,52,MODERATE_UNCERTAINTY,25,THIN_EXPLORATORY,14,11,0.56000000000000005,0.44,0.66073338538684123,0.33926661461315877,0.10073338538684118,0.70365823978810538,0.25686724999531496,0.019300025763416509,0.01074912630010056,"{""2025"": 25}","{""2025"": 52}",19,"[0.3706733186979878, 0.7333436111893266]"
terrain,experience_bucket::11+,2026,SELECT,35,THIN_EXPLORATORY,17,INSUFFICIENT,12,5,0.70588235294117652,0.29411764705882354,0.65329418610452505,0.34670581389547495,-0.052588166836651462,,,,,"{""2026"": 17}","{""2026"": 35}",11,"[0.4686688993346016, 0.8672001038970478]"
terrain,experience_bucket::1–2,2018,LINEAR_MIN,138,NORMAL,64,MODERATE_UNCERTAINTY,36,28,0.5625,0.4375,0.61638630068944433,0.38361369931055567,0.053886300689444333,0.70324754236405973,0.25039303311641148,0,0,"{""2018"": 64}","{""2018"": 138}",31,"[0.4408620895699301, 0.6770599029559693]"
terrain,experience_bucket::1–2,2019,LINEAR_MIN,156,NORMAL,64,MODERATE_UNCERTAINTY,40,24,0.625,0.375,0.62204252500054724,0.37795747499945276,-0.0029574749994527583,0.66376963564373204,0.23190741763904835,0,0,"{""2019"": 64}","{""2019"": 156}",35,"[0.502503786840045, 0.7333401982117536]"
terrain,experience_bucket::1–2,2020,LINEAR_MIN,131,NORMAL,73,MODERATE_UNCERTAINTY,40,33,0.54794520547945202,0.45205479452054792,0.60752502171972245,0.39247497828027755,0.059579816240270422,0.72592658538109478,0.26471703763389193,0,0,"{""2020"": 73}","{""2020"": 131}",35,"[0.43424321509808306, 0.6568534416732852]"
terrain,experience_bucket::1–2,2021,LINEAR_MIN,149,NORMAL,81,MODERATE_UNCERTAINTY,53,28,0.65432098765432101,0.34567901234567899,0.622848682943557,0.377151317056443,-0.03147230471076401,0.6630914571143175,0.23244816550354047,0,0,"{""2021"": 81}","{""2021"": 149}",37,"[0.5458937528984923, 0.7487735046840956]"
terrain,experience_bucket::1–2,2022,LINEAR_MIN,128,NORMAL,69,MODERATE_UNCERTAINTY,39,30,0.56521739130434778,0.43478260869565216,0.6452765501852965,0.3547234498147035,0.080059158880948722,0.65988807218406154,0.23261817539085849,0,0,"{""2022"": 69}","{""2022"": 128}",36,"[0.44788403615274297, 0.6756719736486849]"
terrain,experience_bucket::1–2,2023,LINEAR_MIN,128,NORMAL,67,MODERATE_UNCERTAINTY,44,23,0.65671641791044777,0.34328358208955223,0.65305712196031096,0.34694287803968904,-0.0036592959501368094,0.64805077939174316,0.226185228246782,0,0,"{""2023"": 67}","{""2023"": 128}",35,"[0.5373266459034898, 0.7591099372723709]"
terrain,experience_bucket::1–2,2024,LINEAR_MIN,120,NORMAL,52,MODERATE_UNCERTAINTY,32,20,0.61538461538461542,0.38461538461538464,0.67691510568657598,0.32308489431342402,0.061530490301960561,0.63558319094718785,0.22190060889087612,0,0,"{""2024"": 52}","{""2024"": 120}",33,"[0.4795987371581939, 0.7352953621978379]"
terrain,experience_bucket::1–2,2025,LINEAR_MIN,136,NORMAL,71,MODERATE_UNCERTAINTY,41,30,0.57746478873239437,0.42253521126760563,0.65702213174298263,0.34297786825701737,0.079557343010588255,0.64777781585215333,0.22765706885442377,0,0,"{""2025"": 71}","{""2025"": 136}",39,"[0.46150748022028815, 0.6854698792985033]"
terrain,experience_bucket::1–2,2026,LINEAR_MIN,83,MODERATE_UNCERTAINTY,48,THIN_EXPLORATORY,31,17,0.64583333333333337,0.35416666666666669,0.68397784502753434,0.31602215497246566,0.038144511694200967,0.58384434229711912,0.20184074628802859,0,0,"{""2026"": 48}","{""2026"": 83}",23,"[0.504390570103431, 0.7656635587439515]"
terrain,experience_bucket::1–2,2018,XGB,138,NORMAL,64,MODERATE_UNCERTAINTY,36,28,0.5625,0.4375,0.60639814008027315,0.39360185991972685,0.043898140080273151,0.66278877864872832,0.23709861845393973,-0.040458763715331462,-0.013294414662471712,"{""2018"": 64}","{""2018"": 138}",31,"[0.4408620895699301, 0.6770599029559693]"
terrain,experience_bucket::1–2,2019,XGB,156,NORMAL,64,MODERATE_UNCERTAINTY,40,24,0.625,0.375,0.63868942903354764,0.36131057096645236,0.01368942903354764,0.649974536896886,0.22653223949079232,-0.013795098746846106,-0.0053751781482560216,"{""2019"": 64}","{""2019"": 156}",35,"[0.502503786840045, 0.7333401982117536]"
terrain,experience_bucket::1–2,2020,XGB,131,NORMAL,73,MODERATE_UNCERTAINTY,40,33,0.54794520547945202,0.45205479452054792,0.60002266789135872,0.39997733210864128,0.052077462411906694,0.69560546319461403,0.2504807288361619,-0.030321122186480736,-0.014236308797730041,"{""2020"": 73}","{""2020"": 131}",35,"[0.43424321509808306, 0.6568534416732852]"
terrain,experience_bucket::1–2,2021,XGB,149,NORMAL,81,MODERATE_UNCERTAINTY,53,28,0.65432098765432101,0.34567901234567899,0.63226947225170371,0.36773052774829629,-0.022051515402617294,0.64433552062045663,0.22653577773749273,-0.018755936493860786,-0.0059123877660477719,"{""2021"": 81}","{""2021"": 149}",37,"[0.5458937528984923, 0.7487735046840956]"
terrain,experience_bucket::1–2,2022,XGB,128,NORMAL,69,MODERATE_UNCERTAINTY,39,30,0.56521739130434778,0.43478260869565216,0.6400631333606831,0.3599368666393169,0.074845742056335318,0.66753861986175256,0.23720525027538103,0.0076505476776910072,0.0045870748845225854,"{""2022"": 69}","{""2022"": 128}",36,"[0.44788403615274297, 0.6756719736486849]"
terrain,experience_bucket::1–2,2023,XGB,128,NORMAL,67,MODERATE_UNCERTAINTY,44,23,0.65671641791044777,0.34328358208955223,0.62791905741193399,0.37208094258806601,-0.02879736049851378,0.62977964749405313,0.21970349479760801,-0.018271131897690043,-0.0064817334491739679,"{""2023"": 67}","{""2023"": 128}",35,"[0.5373266459034898, 0.7591099372723709]"
terrain,experience_bucket::1–2,2024,XGB,120,NORMAL,52,MODERATE_UNCERTAINTY,32,20,0.61538461538461542,0.38461538461538464,0.64809741996801817,0.35190258003198183,0.032712804583402755,0.64898131516577173,0.22887586401965698,0.01339812421858411,0.0069752551287808988,"{""2024"": 52}","{""2024"": 120}",33,"[0.4795987371581939, 0.7352953621978379]"
terrain,experience_bucket::1–2,2025,XGB,136,NORMAL,71,MODERATE_UNCERTAINTY,41,30,0.57746478873239437,0.42253521126760563,0.65240046046149558,0.34759953953850442,0.074935671729101205,0.64731328205568972,0.22779523697577,-0.00046453379646380896,0.00013816812134619593,"{""2025"": 71}","{""2025"": 136}",39,"[0.46150748022028815, 0.6854698792985033]"
terrain,experience_bucket::1–2,2026,XGB,83,MODERATE_UNCERTAINTY,48,THIN_EXPLORATORY,31,17,0.64583333333333337,0.35416666666666669,0.68048219134410226,0.31951780865589774,0.03464885801076889,0.57442484644427594,0.19723073068891539,-0.0094194958528431311,-0.0046100155991131708,"{""2026"": 48}","{""2026"": 83}",23,"[0.504390570103431, 0.7656635587439515]"
terrain,experience_bucket::1–2,2018,LGBM,138,NORMAL,64,MODERATE_UNCERTAINTY,36,28,0.5625,0.4375,0.60348837373813202,0.39651162626186798,0.040988373738132022,0.66363756292498977,0.23637211633069494,-0.039609979439069992,-0.014020916785716504,"{""2018"": 64}","{""2018"": 138}",31,"[0.4408620895699301, 0.6770599029559693]"
terrain,experience_bucket::1–2,2019,LGBM,156,NORMAL,64,MODERATE_UNCERTAINTY,40,24,0.625,0.375,0.63189560891703789,0.36810439108296211,0.0068956089170378876,0.62588892758503711,0.21646284628170526,-0.03788070805869502,-0.015444571357343066,"{""2019"": 64}","{""2019"": 156}",35,"[0.502503786840045, 0.7333401982117536]"
terrain,experience_bucket::1–2,2020,LGBM,131,NORMAL,73,MODERATE_UNCERTAINTY,40,33,0.54794520547945202,0.45205479452054792,0.59905739930604829,0.40094260069395171,0.051112193826596264,0.71133787494521861,0.25664131042608157,-0.014588710435876243,-0.0080757272078103813,"{""2020"": 73}","{""2020"": 131}",35,"[0.43424321509808306, 0.6568534416732852]"
terrain,experience_bucket::1–2,2021,LGBM,149,NORMAL,81,MODERATE_UNCERTAINTY,53,28,0.65432098765432101,0.34567901234567899,0.63442620645244108,0.36557379354755892,-0.01989478120187993,0.63579349515076022,0.2224141036087364,-0.027297961963557226,-0.010034061894804113,"{""2021"": 81}","{""2021"": 149}",37,"[0.5458937528984923, 0.7487735046840956]"
terrain,experience_bucket::1–2,2022,LGBM,128,NORMAL,69,MODERATE_UNCERTAINTY,39,30,0.56521739130434778,0.43478260869565216,0.64441675492558181,0.35558324507441819,0.079199363621234031,0.66460927744798748,0.23568304660837142,0.0047212052639257589,0.0030648712175129892,"{""2022"": 69}","{""2022"": 128}",36,"[0.44788403615274297, 0.6756719736486849]"
terrain,experience_bucket::1–2,2023,LGBM,128,NORMAL,67,MODERATE_UNCERTAINTY,44,23,0.65671641791044777,0.34328358208955223,0.63475555053662291,0.36524444946337709,-0.021960867373824855,0.62619955159622143,0.21882445681438284,-0.021851227795521743,-0.0073607714323991914,"{""2023"": 67}","{""2023"": 128}",35,"[0.5373266459034898, 0.7591099372723709]"
terrain,experience_bucket::1–2,2024,LGBM,120,NORMAL,52,MODERATE_UNCERTAINTY,32,20,0.61538461538461542,0.38461538461538464,0.64549793253742915,0.35450206746257085,0.030113317152813734,0.61897205177957249,0.21582502466203851,-0.016611139167615308,-0.0060755842288375923,"{""2024"": 52}","{""2024"": 120}",33,"[0.4795987371581939, 0.7352953621978379]"
terrain,experience_bucket::1–2,2025,LGBM,136,NORMAL,71,MODERATE_UNCERTAINTY,41,30,0.57746478873239437,0.42253521126760563,0.64907731669084523,0.35092268330915477,0.071612527958450856,0.65877636755230073,0.23285554369882508,0.010998551700147368,0.0051984748444012406,"{""2025"": 71}","{""2025"": 136}",39,"[0.46150748022028815, 0.6854698792985033]"
terrain,experience_bucket::1–2,2026,LGBM,83,MODERATE_UNCERTAINTY,48,THIN_EXPLORATORY,31,17,0.64583333333333337,0.35416666666666669,0.67547042647977662,0.32452957352022338,0.02963709314644325,0.57837506224130486,0.19828320412644621,-0.0054692800558142768,-0.0035575421615823438,"{""2026"": 48}","{""2026"": 83}",23,"[0.504390570103431, 0.7656635587439515]"
terrain,experience_bucket::1–2,2018,CAT,138,NORMAL,64,MODERATE_UNCERTAINTY,36,28,0.5625,0.4375,0.61777485723099079,0.38222514276900921,0.055274857230990793,0.67356551311101465,0.24065131946434926,-0.029682029253045097,-0.0097417136520621759,"{""2018"": 64}","{""2018"": 138}",31,"[0.4408620895699301, 0.6770599029559693]"
terrain,experience_bucket::1–2,2019,CAT,156,NORMAL,64,MODERATE_UNCERTAINTY,40,24,0.625,0.375,0.63731311021368997,0.36268688978631003,0.012313110213689971,0.63036297113203288,0.21777138302367066,-0.033406664511699165,-0.014136034615377664,"{""2019"": 64}","{""2019"": 156}",35,"[0.502503786840045, 0.7333401982117536]"
terrain,experience_bucket::1–2,2020,CAT,131,NORMAL,73,MODERATE_UNCERTAINTY,40,33,0.54794520547945202,0.45205479452054792,0.59512505096152579,0.40487494903847421,0.047179845482073768,0.70195635451266025,0.25277679523194185,-0.023970230868434479,-0.01194024240195005,"{""2020"": 73}","{""2020"": 131}",35,"[0.43424321509808306, 0.6568534416732852]"
terrain,experience_bucket::1–2,2021,CAT,149,NORMAL,81,MODERATE_UNCERTAINTY,53,28,0.65432098765432101,0.34567901234567899,0.63591525091776546,0.36408474908223454,-0.018405736736555545,0.65831502672804465,0.22980203530823515,-0.0047764303862727932,-0.0026461301953053422,"{""2021"": 81}","{""2021"": 149}",37,"[0.5458937528984923, 0.7487735046840956]"
terrain,experience_bucket::1–2,2022,CAT,128,NORMAL,69,MODERATE_UNCERTAINTY,39,30,0.56521739130434778,0.43478260869565216,0.65355515710287171,0.34644484289712829,0.088337765798523926,0.66495949619459549,0.23547272650797868,0.0050714240105339953,0.002854551117120253,"{""2022"": 69}","{""2022"": 128}",36,"[0.44788403615274297, 0.6756719736486849]"
terrain,experience_bucket::1–2,2023,CAT,128,NORMAL,67,MODERATE_UNCERTAINTY,44,23,0.65671641791044777,0.34328358208955223,0.62833271446124705,0.37166728553875295,-0.028383703449200715,0.62857509076001461,0.21992275770809239,-0.019475688631728699,-0.006262470538689586,"{""2023"": 67}","{""2023"": 128}",35,"[0.5373266459034898, 0.7591099372723709]"
terrain,experience_bucket::1–2,2024,CAT,120,NORMAL,52,MODERATE_UNCERTAINTY,32,20,0.61538461538461542,0.38461538461538464,0.67582619756451112,0.32417380243548888,0.060441582179895703,0.63833657364440255,0.2239505008453164,0.0027533826972148639,0.0020498919544402836,"{""2024"": 52}","{""2024"": 120}",33,"[0.4795987371581939, 0.7352953621978379]"
terrain,experience_bucket::1–2,2025,CAT,136,NORMAL,71,MODERATE_UNCERTAINTY,41,30,0.57746478873239437,0.42253521126760563,0.64852294408512057,0.35147705591487943,0.071058155352726193,0.6468549007888057,0.22845235722583923,-0.00092291506334755827,0.00079528837141537134,"{""2025"": 71}","{""2025"": 136}",39,"[0.46150748022028815, 0.6854698792985033]"
terrain,experience_bucket::1–2,2026,CAT,83,MODERATE_UNCERTAINTY,48,THIN_EXPLORATORY,31,17,0.64583333333333337,0.35416666666666669,0.67499893340928718,0.32500106659071282,0.029165600075953813,0.58114924145548708,0.20011607614115992,-0.002695100841632013,-0.0017246701468686041,"{""2026"": 48}","{""2026"": 83}",23,"[0.504390570103431, 0.7656635587439515]"
terrain,experience_bucket::1–2,2018,SELECT,138,NORMAL,64,MODERATE_UNCERTAINTY,36,28,0.5625,0.4375,0.60639814008027315,0.39360185991972685,0.043898140080273151,0.66278877864872832,0.23709861845393973,-0.040458763715331462,-0.013294414662471712,"{""2018"": 64}","{""2018"": 138}",31,"[0.4408620895699301, 0.6770599029559693]"
terrain,experience_bucket::1–2,2019,SELECT,156,NORMAL,64,MODERATE_UNCERTAINTY,40,24,0.625,0.375,0.63868942903354764,0.36131057096645236,0.01368942903354764,0.649974536896886,0.22653223949079232,-0.013795098746846106,-0.0053751781482560216,"{""2019"": 64}","{""2019"": 156}",35,"[0.502503786840045, 0.7333401982117536]"
terrain,experience_bucket::1–2,2020,SELECT,131,NORMAL,73,MODERATE_UNCERTAINTY,40,33,0.54794520547945202,0.45205479452054792,0.59905739930604829,0.40094260069395171,0.051112193826596264,0.71133787494521861,0.25664131042608157,-0.014588710435876243,-0.0080757272078103813,"{""2020"": 73}","{""2020"": 131}",35,"[0.43424321509808306, 0.6568534416732852]"
terrain,experience_bucket::1–2,2021,SELECT,149,NORMAL,81,MODERATE_UNCERTAINTY,53,28,0.65432098765432101,0.34567901234567899,0.63591525091776546,0.36408474908223454,-0.018405736736555545,0.65831502672804465,0.22980203530823515,-0.0047764303862727932,-0.0026461301953053422,"{""2021"": 81}","{""2021"": 149}",37,"[0.5458937528984923, 0.7487735046840956]"
terrain,experience_bucket::1–2,2022,SELECT,128,NORMAL,69,MODERATE_UNCERTAINTY,39,30,0.56521739130434778,0.43478260869565216,0.64441675492558181,0.35558324507441819,0.079199363621234031,0.66460927744798748,0.23568304660837142,0.0047212052639257589,0.0030648712175129892,"{""2022"": 69}","{""2022"": 128}",36,"[0.44788403615274297, 0.6756719736486849]"
terrain,experience_bucket::1–2,2023,SELECT,128,NORMAL,67,MODERATE_UNCERTAINTY,44,23,0.65671641791044777,0.34328358208955223,0.62833271446124705,0.37166728553875295,-0.028383703449200715,0.62857509076001461,0.21992275770809239,-0.019475688631728699,-0.006262470538689586,"{""2023"": 67}","{""2023"": 128}",35,"[0.5373266459034898, 0.7591099372723709]"
terrain,experience_bucket::1–2,2024,SELECT,120,NORMAL,52,MODERATE_UNCERTAINTY,32,20,0.61538461538461542,0.38461538461538464,0.67582619756451112,0.32417380243548888,0.060441582179895703,0.63833657364440255,0.2239505008453164,0.0027533826972148639,0.0020498919544402836,"{""2024"": 52}","{""2024"": 120}",33,"[0.4795987371581939, 0.7352953621978379]"
terrain,experience_bucket::1–2,2025,SELECT,136,NORMAL,71,MODERATE_UNCERTAINTY,41,30,0.57746478873239437,0.42253521126760563,0.64907731669084523,0.35092268330915477,0.071612527958450856,0.65877636755230073,0.23285554369882508,0.010998551700147368,0.0051984748444012406,"{""2025"": 71}","{""2025"": 136}",39,"[0.46150748022028815, 0.6854698792985033]"
terrain,experience_bucket::1–2,2026,SELECT,83,MODERATE_UNCERTAINTY,48,THIN_EXPLORATORY,31,17,0.64583333333333337,0.35416666666666669,0.67547042647977662,0.32452957352022338,0.02963709314644325,0.57837506224130486,0.19828320412644621,-0.0054692800558142768,-0.0035575421615823438,"{""2026"": 48}","{""2026"": 83}",23,"[0.504390570103431, 0.7656635587439515]"
terrain,experience_bucket::3–5,2018,LINEAR_MIN,105,NORMAL,55,MODERATE_UNCERTAINTY,37,18,0.67272727272727273,0.32727272727272727,0.66868402234960944,0.33131597765039056,-0.0040432503776632878,0.56456402151734197,0.19238444813989636,0,0,"{""2018"": 55}","{""2018"": 105}",29,"[0.5410322355657868, 0.7818693440483107]"
terrain,experience_bucket::3–5,2019,LINEAR_MIN,105,NORMAL,45,THIN_EXPLORATORY,32,13,0.71111111111111114,0.28888888888888886,0.69401769152458248,0.30598230847541752,-0.017093419586528658,0.57604155562691095,0.19646990291895747,0,0,"{""2019"": 45}","{""2019"": 105}",31,"[0.5663145942523844, 0.8226991751715074]"
terrain,experience_bucket::3–5,2020,LINEAR_MIN,100,NORMAL,48,THIN_EXPLORATORY,29,19,0.60416666666666663,0.39583333333333331,0.65741913099256399,0.34258086900743601,0.053252464325897364,0.6023854136247152,0.2118198249046169,0,0,"{""2020"": 48}","{""2020"": 100}",28,"[0.4631040849254725, 0.7297917213940862]"
terrain,experience_bucket::3–5,2021,LINEAR_MIN,128,NORMAL,58,MODERATE_UNCERTAINTY,41,17,0.7068965517241379,0.29310344827586204,0.62808536208928845,0.37191463791071155,-0.078811189634849454,0.59090500243979127,0.20532661972473354,0,0,"{""2021"": 58}","{""2021"": 128}",34,"[0.5798709910321587, 0.808218172090378]"
terrain,experience_bucket::3–5,2022,LINEAR_MIN,137,NORMAL,75,MODERATE_UNCERTAINTY,46,29,0.61333333333333329,0.38666666666666666,0.66904461662714765,0.33095538337285235,0.055711283293814362,0.66121784362034008,0.23336087412575612,0,0,"{""2022"": 75}","{""2022"": 137}",37,"[0.5001747668382223, 0.715447828865675]"
terrain,experience_bucket::3–5,2023,LINEAR_MIN,112,NORMAL,54,MODERATE_UNCERTAINTY,26,28,0.48148148148148145,0.51851851851851849,0.64839781862567281,0.35160218137432719,0.16691633714419135,0.67224452658062128,0.2401327037961225,0,0,"{""2023"": 54}","{""2023"": 112}",29,"[0.3539397274661188, 0.6114829980187293]"
terrain,experience_bucket::3–5,2024,LINEAR_MIN,118,NORMAL,53,MODERATE_UNCERTAINTY,35,18,0.660377358490566,0.33962264150943394,0.67626173273900747,0.32373826726099253,0.015884374248441469,0.62881567222008994,0.21970544192324384,0,0,"{""2024"": 53}","{""2024"": 118}",29,"[0.5259478663754829, 0.7731296089867581]"
terrain,experience_bucket::3–5,2025,LINEAR_MIN,112,NORMAL,51,MODERATE_UNCERTAINTY,35,16,0.68627450980392157,0.31372549019607843,0.65310559325724693,0.34689440674275307,-0.033168916546674643,0.51292299283208265,0.16957584618690261,0,0,"{""2025"": 51}","{""2025"": 112}",31,"[0.5497300046930566, 0.7967232153447456]"
terrain,experience_bucket::3–5,2026,LINEAR_MIN,72,MODERATE_UNCERTAINTY,37,THIN_EXPLORATORY,19,18,0.51351351351351349,0.48648648648648651,0.68742802553472104,0.31257197446527896,0.17391451202120756,0.68854649427044179,0.24886849758233215,0,0,"{""2026"": 37}","{""2026"": 72}",19,"[0.358948966656188, 0.6655359569698336]"
terrain,experience_bucket::3–5,2018,XGB,105,NORMAL,55,MODERATE_UNCERTAINTY,37,18,0.67272727272727273,0.32727272727272727,0.65430820259180933,0.34569179740819067,-0.0184190701354634,0.5531706657622808,0.18854580951118946,-0.011393355755061289,-0.003838638628706884,"{""2018"": 55}","{""2018"": 105}",29,"[0.5410322355657868, 0.7818693440483107]"
terrain,experience_bucket::3–5,2019,XGB,105,NORMAL,45,THIN_EXPLORATORY,32,13,0.71111111111111114,0.28888888888888886,0.67810213234689498,0.32189786765310502,-0.033008978764216157,0.55754018657365956,0.18802303045383795,-0.018501369053251535,-0.0084468724651195533,"{""2019"": 45}","{""2019"": 105}",31,"[0.5663145942523844, 0.8226991751715074]"
terrain,experience_bucket::3–5,2020,XGB,100,NORMAL,48,THIN_EXPLORATORY,29,19,0.60416666666666663,0.39583333333333331,0.66143882522980368,0.33856117477019632,0.057272158563137054,0.55470645122191209,0.188516887230984,-0.047678962402803116,-0.023302937673632906,"{""2020"": 48}","{""2020"": 100}",28,"[0.4631040849254725, 0.7297917213940862]"
terrain,experience_bucket::3–5,2021,XGB,128,NORMAL,58,MODERATE_UNCERTAINTY,41,17,0.7068965517241379,0.29310344827586204,0.64178415002494027,0.35821584997505973,-0.065112401699197631,0.55953042734499914,0.1908889703811637,-0.031374575094792106,-0.014437649343569826,"{""2021"": 58}","{""2021"": 128}",34,"[0.5798709910321587, 0.808218172090378]"
terrain,experience_bucket::3–5,2022,XGB,137,NORMAL,75,MODERATE_UNCERTAINTY,46,29,0.61333333333333329,0.38666666666666666,0.66071626822153728,0.33928373177846272,0.047382934888203998,0.63805845390587523,0.2247871293717176,-0.023159389714464813,-0.0085737447540385637,"{""2022"": 75}","{""2022"": 137}",37,"[0.5001747668382223, 0.715447828865675]"
terrain,experience_bucket::3–5,2023,XGB,112,NORMAL,54,MODERATE_UNCERTAINTY,26,28,0.48148148148148145,0.51851851851851849,0.66378224227163529,0.33621775772836471,0.18230076079015384,0.70957130270228241,0.2546124977078939,0.037326776121661236,0.014479793911771411,"{""2023"": 54}","{""2023"": 112}",29,"[0.3539397274661188, 0.6114829980187293]"
terrain,experience_bucket::3–5,2024,XGB,118,NORMAL,53,MODERATE_UNCERTAINTY,35,18,0.660377358490566,0.33962264150943394,0.6524257817358341,0.3475742182641659,-0.0079515767547319038,0.62136468863416783,0.21608301622086501,-0.007450983585922292,-0.0036224257023788641,"{""2024"": 53}","{""2024"": 118}",29,"[0.5259478663754829, 0.7731296089867581]"
terrain,experience_bucket::3–5,2025,XGB,112,NORMAL,51,MODERATE_UNCERTAINTY,35,16,0.68627450980392157,0.31372549019607843,0.66968173840466672,0.33031826159533328,-0.016592771399254858,0.51625237898020759,0.17001413247400399,0.0033293861481248996,0.00043828628710134338,"{""2025"": 51}","{""2025"": 112}",31,"[0.5497300046930566, 0.7967232153447456]"
terrain,experience_bucket::3–5,2026,XGB,72,MODERATE_UNCERTAINTY,37,THIN_EXPLORATORY,19,18,0.51351351351351349,0.48648648648648651,0.70073111556671763,0.29926888443328237,0.18721760205320415,0.72227843497596689,0.26069112149938523,0.033731940705525224,0.011822623917053039,"{""2026"": 37}","{""2026"": 72}",19,"[0.358948966656188, 0.6655359569698336]"
terrain,experience_bucket::3–5,2018,LGBM,105,NORMAL,55,MODERATE_UNCERTAINTY,37,18,0.67272727272727273,0.32727272727272727,0.64409386823057357,0.35590613176942643,-0.028633404496699155,0.56018403052414756,0.19042288007798552,-0.0043799909931944514,-0.0019615680619108474,"{""2018"": 55}","{""2018"": 105}",29,"[0.5410322355657868, 0.7818693440483107]"
terrain,experience_bucket::3–5,2019,LGBM,105,NORMAL,45,THIN_EXPLORATORY,32,13,0.71111111111111114,0.28888888888888886,0.67317648656316031,0.32682351343683969,-0.037934624547950824,0.57285542498359332,0.19358397693218093,-0.0031861306433176471,-0.0028859259867765005,"{""2019"": 45}","{""2019"": 105}",31,"[0.5663145942523844, 0.8226991751715074]"
terrain,experience_bucket::3–5,2020,LGBM,100,NORMAL,48,THIN_EXPLORATORY,29,19,0.60416666666666663,0.39583333333333331,0.66111879114254524,0.33888120885745476,0.056952124475878607,0.56394601671471278,0.19477263847229662,-0.038439396910002345,-0.017047186432320276,"{""2020"": 48}","{""2020"": 100}",28,"[0.4631040849254725, 0.7297917213940862]"
terrain,experience_bucket::3–5,2021,LGBM,128,NORMAL,58,MODERATE_UNCERTAINTY,41,17,0.7068965517241379,0.29310344827586204,0.64334188333059283,0.35665811666940717,-0.063554668393545066,0.55793243743325072,0.18991811251203639,-0.032972565006540597,-0.015408507212697138,"{""2021"": 58}","{""2021"": 128}",34,"[0.5798709910321587, 0.808218172090378]"
terrain,experience_bucket::3–5,2022,LGBM,137,NORMAL,75,MODERATE_UNCERTAINTY,46,29,0.61333333333333329,0.38666666666666666,0.66696453836789482,0.33303546163210518,0.053631205034561535,0.64741749609220378,0.2291166984515553,-0.013800347528136208,-0.0042441756742008481,"{""2022"": 75}","{""2022"": 137}",37,"[0.5001747668382223, 0.715447828865675]"
terrain,experience_bucket::3–5,2023,LGBM,112,NORMAL,54,MODERATE_UNCERTAINTY,26,28,0.48148148148148145,0.51851851851851849,0.67169140773846792,0.32830859226153208,0.19020992625698646,0.72082432883230441,0.25951687896945175,0.048579802251683069,0.019384175173329264,"{""2023"": 54}","{""2023"": 112}",29,"[0.3539397274661188, 0.6114829980187293]"
terrain,experience_bucket::3–5,2024,LGBM,118,NORMAL,53,MODERATE_UNCERTAINTY,35,18,0.660377358490566,0.33962264150943394,0.67069255652187298,0.32930744347812702,0.010315198031306982,0.61201395236711487,0.21366267185186308,-0.016801719852975176,-0.0060427700713807991,"{""2024"": 53}","{""2024"": 118}",29,"[0.5259478663754829, 0.7731296089867581]"
terrain,experience_bucket::3–5,2025,LGBM,112,NORMAL,51,MODERATE_UNCERTAINTY,35,16,0.68627450980392157,0.31372549019607843,0.6649088191603022,0.3350911808396978,-0.021365690643619373,0.52873851163019581,0.17524939858600475,0.015815518798113267,0.005673552399102116,"{""2025"": 51}","{""2025"": 112}",31,"[0.5497300046930566, 0.7967232153447456]"
terrain,experience_bucket::3–5,2026,LGBM,72,MODERATE_UNCERTAINTY,37,THIN_EXPLORATORY,19,18,0.51351351351351349,0.48648648648648651,0.6978789132765566,0.3021210867234434,0.18436539976304311,0.75257362233477931,0.27072990601803043,0.064027128064337691,0.021861408435698285,"{""2026"": 37}","{""2026"": 72}",19,"[0.358948966656188, 0.6655359569698336]"
terrain,experience_bucket::3–5,2018,CAT,105,NORMAL,55,MODERATE_UNCERTAINTY,37,18,0.67272727272727273,0.32727272727272727,0.65759236039011104,0.34240763960988896,-0.015134912337161688,0.55513631778550188,0.18863598205114238,-0.0094277037318401587,-0.0037484660887539723,"{""2018"": 55}","{""2018"": 105}",29,"[0.5410322355657868, 0.7818693440483107]"
terrain,experience_bucket::3–5,2019,CAT,105,NORMAL,45,THIN_EXPLORATORY,32,13,0.71111111111111114,0.28888888888888886,0.68688028222539055,0.31311971777460945,-0.02423082888572059,0.56277320757393401,0.1908551348210861,-0.013268348052977115,-0.0056147680978713456,"{""2019"": 45}","{""2019"": 105}",31,"[0.5663145942523844, 0.8226991751715074]"
terrain,experience_bucket::3–5,2020,CAT,100,NORMAL,48,THIN_EXPLORATORY,29,19,0.60416666666666663,0.39583333333333331,0.65739089488262692,0.34260910511737308,0.05322422821596029,0.55185981920398819,0.1884613565866716,-0.050525594420726926,-0.023358468317945313,"{""2020"": 48}","{""2020"": 100}",28,"[0.4631040849254725, 0.7297917213940862]"
terrain,experience_bucket::3–5,2021,CAT,128,NORMAL,58,MODERATE_UNCERTAINTY,41,17,0.7068965517241379,0.29310344827586204,0.6312529904283215,0.3687470095716785,-0.075643561295816397,0.58433035744308437,0.20326934433824417,-0.0065746449967068717,-0.002057275386489366,"{""2021"": 58}","{""2021"": 128}",34,"[0.5798709910321587, 0.808218172090378]"
terrain,experience_bucket::3–5,2022,CAT,137,NORMAL,75,MODERATE_UNCERTAINTY,46,29,0.61333333333333329,0.38666666666666666,0.6684405204020113,0.3315594795979887,0.05510718706867801,0.6435590273391435,0.22674461529930842,-0.017658816281196633,-0.0066162588264477651,"{""2022"": 75}","{""2022"": 137}",37,"[0.5001747668382223, 0.715447828865675]"
terrain,experience_bucket::3–5,2023,CAT,112,NORMAL,54,MODERATE_UNCERTAINTY,26,28,0.48148148148148145,0.51851851851851849,0.66368904630405057,0.33631095369594943,0.18220756482256911,0.69881892505480314,0.25123749340447021,0.026574398474181776,0.011104789608347694,"{""2023"": 54}","{""2023"": 112}",29,"[0.3539397274661188, 0.6114829980187293]"
terrain,experience_bucket::3–5,2024,CAT,118,NORMAL,53,MODERATE_UNCERTAINTY,35,18,0.660377358490566,0.33962264150943394,0.69025372268140406,0.30974627731859594,0.029876364190838056,0.62079354330304026,0.21885080798172982,-0.0080221289170497919,-0.0008546339415140586,"{""2024"": 53}","{""2024"": 118}",29,"[0.5259478663754829, 0.7731296089867581]"
terrain,experience_bucket::3–5,2025,CAT,112,NORMAL,51,MODERATE_UNCERTAINTY,35,16,0.68627450980392157,0.31372549019607843,0.65534838757044189,0.34465161242955811,-0.03092612223347968,0.53772974798373618,0.17844363543533967,0.024806755151653519,0.0088677892484370271,"{""2025"": 51}","{""2025"": 112}",31,"[0.5497300046930566, 0.7967232153447456]"
terrain,experience_bucket::3–5,2026,CAT,72,MODERATE_UNCERTAINTY,37,THIN_EXPLORATORY,19,18,0.51351351351351349,0.48648648648648651,0.71068524568866531,0.28931475431133469,0.19717173217515183,0.74899720637774825,0.26706951371276449,0.060450712107306612,0.018201016130432398,"{""2026"": 37}","{""2026"": 72}",19,"[0.358948966656188, 0.6655359569698336]"
terrain,experience_bucket::3–5,2018,SELECT,105,NORMAL,55,MODERATE_UNCERTAINTY,37,18,0.67272727272727273,0.32727272727272727,0.65430820259180933,0.34569179740819067,-0.0184190701354634,0.5531706657622808,0.18854580951118946,-0.011393355755061289,-0.003838638628706884,"{""2018"": 55}","{""2018"": 105}",29,"[0.5410322355657868, 0.7818693440483107]"
terrain,experience_bucket::3–5,2019,SELECT,105,NORMAL,45,THIN_EXPLORATORY,32,13,0.71111111111111114,0.28888888888888886,0.67810213234689498,0.32189786765310502,-0.033008978764216157,0.55754018657365956,0.18802303045383795,-0.018501369053251535,-0.0084468724651195533,"{""2019"": 45}","{""2019"": 105}",31,"[0.5663145942523844, 0.8226991751715074]"
terrain,experience_bucket::3–5,2020,SELECT,100,NORMAL,48,THIN_EXPLORATORY,29,19,0.60416666666666663,0.39583333333333331,0.66111879114254524,0.33888120885745476,0.056952124475878607,0.56394601671471278,0.19477263847229662,-0.038439396910002345,-0.017047186432320276,"{""2020"": 48}","{""2020"": 100}",28,"[0.4631040849254725, 0.7297917213940862]"
terrain,experience_bucket::3–5,2021,SELECT,128,NORMAL,58,MODERATE_UNCERTAINTY,41,17,0.7068965517241379,0.29310344827586204,0.6312529904283215,0.3687470095716785,-0.075643561295816397,0.58433035744308437,0.20326934433824417,-0.0065746449967068717,-0.002057275386489366,"{""2021"": 58}","{""2021"": 128}",34,"[0.5798709910321587, 0.808218172090378]"
terrain,experience_bucket::3–5,2022,SELECT,137,NORMAL,75,MODERATE_UNCERTAINTY,46,29,0.61333333333333329,0.38666666666666666,0.66696453836789482,0.33303546163210518,0.053631205034561535,0.64741749609220378,0.2291166984515553,-0.013800347528136208,-0.0042441756742008481,"{""2022"": 75}","{""2022"": 137}",37,"[0.5001747668382223, 0.715447828865675]"
terrain,experience_bucket::3–5,2023,SELECT,112,NORMAL,54,MODERATE_UNCERTAINTY,26,28,0.48148148148148145,0.51851851851851849,0.66368904630405057,0.33631095369594943,0.18220756482256911,0.69881892505480314,0.25123749340447021,0.026574398474181776,0.011104789608347694,"{""2023"": 54}","{""2023"": 112}",29,"[0.3539397274661188, 0.6114829980187293]"
terrain,experience_bucket::3–5,2024,SELECT,118,NORMAL,53,MODERATE_UNCERTAINTY,35,18,0.660377358490566,0.33962264150943394,0.69025372268140406,0.30974627731859594,0.029876364190838056,0.62079354330304026,0.21885080798172982,-0.0080221289170497919,-0.0008546339415140586,"{""2024"": 53}","{""2024"": 118}",29,"[0.5259478663754829, 0.7731296089867581]"
terrain,experience_bucket::3–5,2025,SELECT,112,NORMAL,51,MODERATE_UNCERTAINTY,35,16,0.68627450980392157,0.31372549019607843,0.6649088191603022,0.3350911808396978,-0.021365690643619373,0.52873851163019581,0.17524939858600475,0.015815518798113267,0.005673552399102116,"{""2025"": 51}","{""2025"": 112}",31,"[0.5497300046930566, 0.7967232153447456]"
terrain,experience_bucket::3–5,2026,SELECT,72,MODERATE_UNCERTAINTY,37,THIN_EXPLORATORY,19,18,0.51351351351351349,0.48648648648648651,0.6978789132765566,0.3021210867234434,0.18436539976304311,0.75257362233477931,0.27072990601803043,0.064027128064337691,0.021861408435698285,"{""2026"": 37}","{""2026"": 72}",19,"[0.358948966656188, 0.6655359569698336]"
terrain,experience_bucket::6–10,2018,LINEAR_MIN,102,NORMAL,52,MODERATE_UNCERTAINTY,37,15,0.71153846153846156,0.28846153846153844,0.70461012565972159,0.29538987434027841,-0.0069283358787399774,0.57218092469306003,0.18881075862354788,0,0,"{""2018"": 52}","{""2018"": 102}",30,"[0.5772721196331574, 0.8167003958529009]"
terrain,experience_bucket::6–10,2019,LINEAR_MIN,90,MODERATE_UNCERTAINTY,53,MODERATE_UNCERTAINTY,43,10,0.81132075471698117,0.18867924528301888,0.69331629722810129,0.30668370277189871,-0.11800445748887989,0.48238540278430736,0.15634559109464788,0,0,"{""2019"": 53}","{""2019"": 90}",31,"[0.6864154091329746, 0.8941467489231409]"
terrain,experience_bucket::6–10,2020,LINEAR_MIN,77,MODERATE_UNCERTAINTY,32,THIN_EXPLORATORY,23,9,0.71875,0.28125,0.71203639128847607,0.28796360871152393,-0.0067136087115239329,0.55286073384700463,0.18757816144219139,0,0,"{""2020"": 32}","{""2020"": 77}",25,"[0.5462549057408342, 0.8443541950225723]"
terrain,experience_bucket::6–10,2021,LINEAR_MIN,90,MODERATE_UNCERTAINTY,36,THIN_EXPLORATORY,22,14,0.61111111111111116,0.3888888888888889,0.69699989665063433,0.30300010334936567,0.085888785539523171,0.69924589484723887,0.24901904278131692,0,0,"{""2021"": 36}","{""2021"": 90}",26,"[0.44864459096605147, 0.75215126934629]"
terrain,experience_bucket::6–10,2022,LINEAR_MIN,110,NORMAL,60,MODERATE_UNCERTAINTY,43,17,0.71666666666666667,0.28333333333333333,0.74783573519489366,0.25216426480510634,0.031169068528226984,0.54497633365797604,0.18299686189669287,0,0,"{""2022"": 60}","{""2022"": 110}",32,"[0.5923271483560882, 0.8149317157156729]"
terrain,experience_bucket::6–10,2023,LINEAR_MIN,105,NORMAL,53,MODERATE_UNCERTAINTY,34,19,0.64150943396226412,0.35849056603773582,0.67704031099810258,0.32295968900189742,0.03553087703583846,0.59547752858308256,0.20818538002558759,0,0,"{""2023"": 53}","{""2023"": 105}",31,"[0.5069114155535945, 0.7569804744719122]"
terrain,experience_bucket::6–10,2024,LINEAR_MIN,129,NORMAL,52,MODERATE_UNCERTAINTY,34,18,0.65384615384615385,0.34615384615384615,0.67228024099545014,0.32771975900454986,0.018434087149296285,0.59266755438579011,0.20492449810063226,0,0,"{""2024"": 52}","{""2024"": 129}",29,"[0.5180355424727014, 0.7684899233353408]"
terrain,experience_bucket::6–10,2025,LINEAR_MIN,118,NORMAL,52,MODERATE_UNCERTAINTY,36,16,0.69230769230769229,0.30769230769230771,0.66714091023967981,0.33285908976032019,-0.025166782068012483,0.59226374331651632,0.20470429350366154,0,0,"{""2025"": 52}","{""2025"": 118}",28,"[0.5573041117529434, 0.8008527205071096]"
terrain,experience_bucket::6–10,2026,LINEAR_MIN,68,MODERATE_UNCERTAINTY,37,THIN_EXPLORATORY,26,11,0.70270270270270274,0.29729729729729731,0.69223322915680296,0.30776677084319704,-0.010469473545899777,0.41271810632093464,0.13120781438147613,0,0,"{""2026"": 37}","{""2026"": 68}",19,"[0.5421686408886435, 0.8251052135016799]"
terrain,experience_bucket::6–10,2018,XGB,102,NORMAL,52,MODERATE_UNCERTAINTY,37,15,0.71153846153846156,0.28846153846153844,0.6779424966527865,0.3220575033472135,-0.033595964885675067,0.55275793821910491,0.18593300081116659,-0.01942298647395518,-0.0028777578123813288,"{""2018"": 52}","{""2018"": 102}",30,"[0.5772721196331574, 0.8167003958529009]"
terrain,experience_bucket::6–10,2019,XGB,90,MODERATE_UNCERTAINTY,53,MODERATE_UNCERTAINTY,43,10,0.81132075471698117,0.18867924528301888,0.68529144491789473,0.31470855508210527,-0.12602930979908644,0.49439621262611771,0.15819766032694513,0.012010809841810341,0.0018520692322973164,"{""2019"": 53}","{""2019"": 90}",31,"[0.6864154091329746, 0.8941467489231409]"
terrain,experience_bucket::6–10,2020,XGB,77,MODERATE_UNCERTAINTY,32,THIN_EXPLORATORY,23,9,0.71875,0.28125,0.6926984004676342,0.3073015995323658,-0.026051599532365799,0.60152697452631709,0.20565349850480125,0.048666240679312502,0.018075337062609866,"{""2020"": 32}","{""2020"": 77}",25,"[0.5462549057408342, 0.8443541950225723]"
terrain,experience_bucket::6–10,2021,XGB,90,MODERATE_UNCERTAINTY,36,THIN_EXPLORATORY,22,14,0.61111111111111116,0.3888888888888889,0.69654329203897047,0.30345670796102953,0.085432180927859314,0.64742417260562901,0.23012899674998069,-0.051821722241609761,-0.018890046031336243,"{""2021"": 36}","{""2021"": 90}",26,"[0.44864459096605147, 0.75215126934629]"
terrain,experience_bucket::6–10,2022,XGB,110,NORMAL,60,MODERATE_UNCERTAINTY,43,17,0.71666666666666667,0.28333333333333333,0.71771861165761952,0.28228138834238048,0.0010519449909528467,0.55414575804255406,0.18573390322850833,0.0091694243845780888,0.0027370413318154679,"{""2022"": 60}","{""2022"": 110}",32,"[0.5923271483560882, 0.8149317157156729]"
terrain,experience_bucket::6–10,2023,XGB,105,NORMAL,53,MODERATE_UNCERTAINTY,34,19,0.64150943396226412,0.35849056603773582,0.68990643631737192,0.31009356368262808,0.048397002355107799,0.61382463903051576,0.21110683275983316,0.018347110447432934,0.0029214527342455517,"{""2023"": 53}","{""2023"": 105}",31,"[0.5069114155535945, 0.7569804744719122]"
terrain,experience_bucket::6–10,2024,XGB,129,NORMAL,52,MODERATE_UNCERTAINTY,34,18,0.65384615384615385,0.34615384615384615,0.62106171880777061,0.37893828119222939,-0.032784435038383242,0.59254440644136319,0.2038471965215807,-0.0001231479444268751,-0.0010773015790515755,"{""2024"": 52}","{""2024"": 129}",29,"[0.5180355424727014, 0.7684899233353408]"
terrain,experience_bucket::6–10,2025,XGB,118,NORMAL,52,MODERATE_UNCERTAINTY,36,16,0.69230769230769229,0.30769230769230771,0.66242661269811487,0.33757338730188513,-0.029881079609577421,0.553236154364803,0.18584307850970311,-0.03902758895171321,-0.018861214993958455,"{""2025"": 52}","{""2025"": 118}",28,"[0.5573041117529434, 0.8008527205071096]"
terrain,experience_bucket::6–10,2026,XGB,68,MODERATE_UNCERTAINTY,37,THIN_EXPLORATORY,26,11,0.70270270270270274,0.29729729729729731,0.71378456539398916,0.28621543460601084,0.011081862691286415,0.46105381294511127,0.15083002384229685,0.048335706624176591,0.019622209460820748,"{""2026"": 37}","{""2026"": 68}",19,"[0.5421686408886435, 0.8251052135016799]"
terrain,experience_bucket::6–10,2018,LGBM,102,NORMAL,52,MODERATE_UNCERTAINTY,37,15,0.71153846153846156,0.28846153846153844,0.65624968910672754,0.34375031089327246,-0.055288772431734023,0.5337231693255684,0.17595868981085,-0.0384577553674917,-0.012852068812697919,"{""2018"": 52}","{""2018"": 102}",30,"[0.5772721196331574, 0.8167003958529009]"
terrain,experience_bucket::6–10,2019,LGBM,90,MODERATE_UNCERTAINTY,53,MODERATE_UNCERTAINTY,43,10,0.81132075471698117,0.18867924528301888,0.69151559109028793,0.30848440890971207,-0.11980516362669325,0.47873621246960124,0.15216875079217876,-0.0036491903147061189,-0.004176840302469083,"{""2019"": 53}","{""2019"": 90}",31,"[0.6864154091329746, 0.8941467489231409]"
terrain,experience_bucket::6–10,2020,LGBM,77,MODERATE_UNCERTAINTY,32,THIN_EXPLORATORY,23,9,0.71875,0.28125,0.70985081522708127,0.29014918477291873,-0.0088991847729187334,0.60607620983785604,0.20731885355087823,0.053215475990851566,0.019740692108686852,"{""2020"": 32}","{""2020"": 77}",25,"[0.5462549057408342, 0.8443541950225723]"
terrain,experience_bucket::6–10,2021,LGBM,90,MODERATE_UNCERTAINTY,36,THIN_EXPLORATORY,22,14,0.61111111111111116,0.3888888888888889,0.70294448283889588,0.29705551716110412,0.091833371727784718,0.64399374436866619,0.22932926210241331,-0.055252150478572716,-0.019689780678903618,"{""2021"": 36}","{""2021"": 90}",26,"[0.44864459096605147, 0.75215126934629]"
terrain,experience_bucket::6–10,2022,LGBM,110,NORMAL,60,MODERATE_UNCERTAINTY,43,17,0.71666666666666667,0.28333333333333333,0.73222301734352668,0.26777698265647332,0.015556350676860009,0.54909086662638917,0.18361368405980952,0.0041145329684131766,0.00061682216311664687,"{""2022"": 60}","{""2022"": 110}",32,"[0.5923271483560882, 0.8149317157156729]"
terrain,experience_bucket::6–10,2023,LGBM,105,NORMAL,53,MODERATE_UNCERTAINTY,34,19,0.64150943396226412,0.35849056603773582,0.69863819141066541,0.30136180858933459,0.057128757448401291,0.61615148956425436,0.21260566542593218,0.020673960981171548,0.0044202854003445747,"{""2023"": 53}","{""2023"": 105}",31,"[0.5069114155535945, 0.7569804744719122]"
terrain,experience_bucket::6–10,2024,LGBM,129,NORMAL,52,MODERATE_UNCERTAINTY,34,18,0.65384615384615385,0.34615384615384615,0.63639462604916974,0.36360537395083026,-0.017451527796984112,0.58372927752016124,0.20045459857991041,-0.0089382768656287269,-0.0044698995207218201,"{""2024"": 52}","{""2024"": 129}",29,"[0.5180355424727014, 0.7684899233353408]"
terrain,experience_bucket::6–10,2025,LGBM,118,NORMAL,52,MODERATE_UNCERTAINTY,36,16,0.69230769230769229,0.30769230769230771,0.65728040615936822,0.34271959384063178,-0.035027286148324066,0.55974282073570214,0.18840254689828745,-0.032520922580814099,-0.016301746605374184,"{""2025"": 52}","{""2025"": 118}",28,"[0.5573041117529434, 0.8008527205071096]"
terrain,experience_bucket::6–10,2026,LGBM,68,MODERATE_UNCERTAINTY,37,THIN_EXPLORATORY,26,11,0.70270270270270274,0.29729729729729731,0.7045821286662266,0.2954178713337734,0.0018794259635238619,0.4703719800461259,0.15185503311897391,0.057653873725191242,0.020647218737497787,"{""2026"": 37}","{""2026"": 68}",19,"[0.5421686408886435, 0.8251052135016799]"
terrain,experience_bucket::6–10,2018,CAT,102,NORMAL,52,MODERATE_UNCERTAINTY,37,15,0.71153846153846156,0.28846153846153844,0.66158705086576197,0.33841294913423803,-0.049951410672699592,0.54291430818339037,0.17985233608908471,-0.029266616509669656,-0.0089584225344632243,"{""2018"": 52}","{""2018"": 102}",30,"[0.5772721196331574, 0.8167003958529009]"
terrain,experience_bucket::6–10,2019,CAT,90,MODERATE_UNCERTAINTY,53,MODERATE_UNCERTAINTY,43,10,0.81132075471698117,0.18867924528301888,0.70613853356058076,0.29386146643941924,-0.10518222115640041,0.46630546478430229,0.14741319324706587,-0.016079938000005106,-0.0089323978475819577,"{""2019"": 53}","{""2019"": 90}",31,"[0.6864154091329746, 0.8941467489231409]"
terrain,experience_bucket::6–10,2020,CAT,77,MODERATE_UNCERTAINTY,32,THIN_EXPLORATORY,23,9,0.71875,0.28125,0.70648932397575237,0.29351067602424763,-0.01226067602424763,0.63250172432050555,0.21782050383674345,0.079640990473501039,0.030242342394552084,"{""2020"": 32}","{""2020"": 77}",25,"[0.5462549057408342, 0.8443541950225723]"
terrain,experience_bucket::6–10,2021,CAT,90,MODERATE_UNCERTAINTY,36,THIN_EXPLORATORY,22,14,0.61111111111111116,0.3888888888888889,0.70205063705344051,0.29794936294655949,0.090939525942329347,0.6476199445921943,0.22986683492129967,-0.051625950255044489,-0.019152207860017298,"{""2021"": 36}","{""2021"": 90}",26,"[0.44864459096605147, 0.75215126934629]"
terrain,experience_bucket::6–10,2022,CAT,110,NORMAL,60,MODERATE_UNCERTAINTY,43,17,0.71666666666666667,0.28333333333333333,0.74618134363992594,0.25381865636007406,0.029514676973259268,0.53800875491680822,0.17801422203504583,-0.0069675787411677421,-0.004982639861647065,"{""2022"": 60}","{""2022"": 110}",32,"[0.5923271483560882, 0.8149317157156729]"
terrain,experience_bucket::6–10,2023,CAT,105,NORMAL,53,MODERATE_UNCERTAINTY,34,19,0.64150943396226412,0.35849056603773582,0.68607244902670594,0.31392755097329406,0.044563015064441824,0.61289971464787962,0.21066171899948846,0.017422186064796948,0.002476338973900853,"{""2023"": 53}","{""2023"": 105}",31,"[0.5069114155535945, 0.7569804744719122]"
terrain,experience_bucket::6–10,2024,CAT,129,NORMAL,52,MODERATE_UNCERTAINTY,34,18,0.65384615384615385,0.34615384615384615,0.65427710705467745,0.34572289294532255,0.00043095320852359897,0.58631782655768849,0.20011067519277131,-0.0063497278281015443,-0.004813822907860925,"{""2024"": 52}","{""2024"": 129}",29,"[0.5180355424727014, 0.7684899233353408]"
terrain,experience_bucket::6–10,2025,CAT,118,NORMAL,52,MODERATE_UNCERTAINTY,36,16,0.69230769230769229,0.30769230769230771,0.65655467750496754,0.34344532249503246,-0.035753014802724747,0.57223747510437339,0.19345390932199064,-0.0200262682121428,-0.011250384181670946,"{""2025"": 52}","{""2025"": 118}",28,"[0.5573041117529434, 0.8008527205071096]"
terrain,experience_bucket::6–10,2026,CAT,68,MODERATE_UNCERTAINTY,37,THIN_EXPLORATORY,26,11,0.70270270270270274,0.29729729729729731,0.70322661507605011,0.29677338492394989,0.00052391237334736829,0.49092042450213003,0.16368357502493469,0.078202318181195232,0.032475760643458584,"{""2026"": 37}","{""2026"": 68}",19,"[0.5421686408886435, 0.8251052135016799]"
terrain,experience_bucket::6–10,2018,SELECT,102,NORMAL,52,MODERATE_UNCERTAINTY,37,15,0.71153846153846156,0.28846153846153844,0.6779424966527865,0.3220575033472135,-0.033595964885675067,0.55275793821910491,0.18593300081116659,-0.01942298647395518,-0.0028777578123813288,"{""2018"": 52}","{""2018"": 102}",30,"[0.5772721196331574, 0.8167003958529009]"
terrain,experience_bucket::6–10,2019,SELECT,90,MODERATE_UNCERTAINTY,53,MODERATE_UNCERTAINTY,43,10,0.81132075471698117,0.18867924528301888,0.68529144491789473,0.31470855508210527,-0.12602930979908644,0.49439621262611771,0.15819766032694513,0.012010809841810341,0.0018520692322973164,"{""2019"": 53}","{""2019"": 90}",31,"[0.6864154091329746, 0.8941467489231409]"
terrain,experience_bucket::6–10,2020,SELECT,77,MODERATE_UNCERTAINTY,32,THIN_EXPLORATORY,23,9,0.71875,0.28125,0.70985081522708127,0.29014918477291873,-0.0088991847729187334,0.60607620983785604,0.20731885355087823,0.053215475990851566,0.019740692108686852,"{""2020"": 32}","{""2020"": 77}",25,"[0.5462549057408342, 0.8443541950225723]"
terrain,experience_bucket::6–10,2021,SELECT,90,MODERATE_UNCERTAINTY,36,THIN_EXPLORATORY,22,14,0.61111111111111116,0.3888888888888889,0.70205063705344051,0.29794936294655949,0.090939525942329347,0.6476199445921943,0.22986683492129967,-0.051625950255044489,-0.019152207860017298,"{""2021"": 36}","{""2021"": 90}",26,"[0.44864459096605147, 0.75215126934629]"
terrain,experience_bucket::6–10,2022,SELECT,110,NORMAL,60,MODERATE_UNCERTAINTY,43,17,0.71666666666666667,0.28333333333333333,0.73222301734352668,0.26777698265647332,0.015556350676860009,0.54909086662638917,0.18361368405980952,0.0041145329684131766,0.00061682216311664687,"{""2022"": 60}","{""2022"": 110}",32,"[0.5923271483560882, 0.8149317157156729]"
terrain,experience_bucket::6–10,2023,SELECT,105,NORMAL,53,MODERATE_UNCERTAINTY,34,19,0.64150943396226412,0.35849056603773582,0.68607244902670594,0.31392755097329406,0.044563015064441824,0.61289971464787962,0.21066171899948846,0.017422186064796948,0.002476338973900853,"{""2023"": 53}","{""2023"": 105}",31,"[0.5069114155535945, 0.7569804744719122]"
terrain,experience_bucket::6–10,2024,SELECT,129,NORMAL,52,MODERATE_UNCERTAINTY,34,18,0.65384615384615385,0.34615384615384615,0.65427710705467745,0.34572289294532255,0.00043095320852359897,0.58631782655768849,0.20011067519277131,-0.0063497278281015443,-0.004813822907860925,"{""2024"": 52}","{""2024"": 129}",29,"[0.5180355424727014, 0.7684899233353408]"
terrain,experience_bucket::6–10,2025,SELECT,118,NORMAL,52,MODERATE_UNCERTAINTY,36,16,0.69230769230769229,0.30769230769230771,0.65728040615936822,0.34271959384063178,-0.035027286148324066,0.55974282073570214,0.18840254689828745,-0.032520922580814099,-0.016301746605374184,"{""2025"": 52}","{""2025"": 118}",28,"[0.5573041117529434, 0.8008527205071096]"
terrain,experience_bucket::6–10,2026,SELECT,68,MODERATE_UNCERTAINTY,37,THIN_EXPLORATORY,26,11,0.70270270270270274,0.29729729729729731,0.7045821286662266,0.2954178713337734,0.0018794259635238619,0.4703719800461259,0.15185503311897391,0.057653873725191242,0.020647218737497787,"{""2026"": 37}","{""2026"": 68}",19,"[0.5421686408886435, 0.8251052135016799]"
terrain,layoff_bucket::12–18 months,2018,LINEAR_MIN,40,THIN_EXPLORATORY,21,INSUFFICIENT,15,6,0.7142857142857143,0.2857142857142857,0.66453950349156921,0.33546049650843079,-0.049746210794145096,,,,,"{""2018"": 21}","{""2018"": 40}",16,"[0.5004361928391441, 0.8618613704787788]"
terrain,layoff_bucket::12–18 months,2019,LINEAR_MIN,44,THIN_EXPLORATORY,23,INSUFFICIENT,16,7,0.69565217391304346,0.30434782608695654,0.65252634153042455,0.34747365846957545,-0.043125832382618912,,,,,"{""2019"": 23}","{""2019"": 44}",19,"[0.49134243731240795, 0.8439597554678597]"
terrain,layoff_bucket::12–18 months,2020,LINEAR_MIN,58,MODERATE_UNCERTAINTY,31,THIN_EXPLORATORY,15,16,0.4838709677419355,0.5161290322580645,0.68326154095338032,0.31673845904661968,0.19939057321144482,0.77571867444463138,0.28493192255555971,0,0,"{""2020"": 31}","{""2020"": 58}",22,"[0.31970251562417307, 0.651596045519712]"
terrain,layoff_bucket::12–18 months,2021,LINEAR_MIN,73,MODERATE_UNCERTAINTY,31,THIN_EXPLORATORY,18,13,0.58064516129032262,0.41935483870967744,0.66005571412441866,0.33994428587558134,0.079410552834096038,0.7352277020622171,0.26104599848053001,0,0,"{""2021"": 31}","{""2021"": 73}",22,"[0.4076626249536972, 0.7358445693268778]"
terrain,layoff_bucket::12–18 months,2022,LINEAR_MIN,57,MODERATE_UNCERTAINTY,29,THIN_EXPLORATORY,19,10,0.65517241379310343,0.34482758620689657,0.69595417045214825,0.30404582954785175,0.040781756659044821,0.63667976782170332,0.22306124242561132,0,0,"{""2022"": 29}","{""2022"": 57}",17,"[0.47345104090476137, 0.80059281473325]"
terrain,layoff_bucket::12–18 months,2023,LINEAR_MIN,61,MODERATE_UNCERTAINTY,34,THIN_EXPLORATORY,22,12,0.6470588235294118,0.35294117647058826,0.7032820850748609,0.2967179149251391,0.056223261545449099,0.60414590902758081,0.2093724991645072,0,0,"{""2023"": 34}","{""2023"": 61}",21,"[0.47913963119781733, 0.785120794051205]"
terrain,layoff_bucket::12–18 months,2024,LINEAR_MIN,57,MODERATE_UNCERTAINTY,26,THIN_EXPLORATORY,19,7,0.73076923076923073,0.26923076923076922,0.66174295124341187,0.33825704875658813,-0.069026279525818857,0.53005749657558876,0.17698020062440278,0,0,"{""2024"": 26}","{""2024"": 57}",20,"[0.5391695962082381, 0.8629555167798162]"
terrain,layoff_bucket::12–18 months,2025,LINEAR_MIN,50,MODERATE_UNCERTAINTY,24,INSUFFICIENT,14,10,0.58333333333333337,0.41666666666666669,0.62565002412997639,0.37434997587002361,0.042316690796643019,,,,,"{""2025"": 24}","{""2025"": 50}",20,"[0.3883466586522876, 0.7553239739018824]"
terrain,layoff_bucket::12–18 months,2026,LINEAR_MIN,33,THIN_EXPLORATORY,20,INSUFFICIENT,11,9,0.55000000000000004,0.45000000000000001,0.71666098524884048,0.28333901475115952,0.16666098524884043,,,,,"{""2026"": 20}","{""2026"": 33}",14,"[0.34208534245034233, 0.7418021417443759]"
terrain,layoff_bucket::12–18 months,2018,XGB,40,THIN_EXPLORATORY,21,INSUFFICIENT,15,6,0.7142857142857143,0.2857142857142857,0.64112713791075204,0.35887286208924796,-0.073158576374962259,,,,,"{""2018"": 21}","{""2018"": 40}",16,"[0.5004361928391441, 0.8618613704787788]"
terrain,layoff_bucket::12–18 months,2019,XGB,44,THIN_EXPLORATORY,23,INSUFFICIENT,16,7,0.69565217391304346,0.30434782608695654,0.67367874150690821,0.32632125849309179,-0.021973432406135252,,,,,"{""2019"": 23}","{""2019"": 44}",19,"[0.49134243731240795, 0.8439597554678597]"
terrain,layoff_bucket::12–18 months,2020,XGB,58,MODERATE_UNCERTAINTY,31,THIN_EXPLORATORY,15,16,0.4838709677419355,0.5161290322580645,0.64925997487960319,0.35074002512039681,0.16538900713766769,0.74327880404924063,0.2711197151049789,-0.032439870395390841,-0.013812207450580828,"{""2020"": 31}","{""2020"": 58}",22,"[0.31970251562417307, 0.651596045519712]"
terrain,layoff_bucket::12–18 months,2021,XGB,73,MODERATE_UNCERTAINTY,31,THIN_EXPLORATORY,18,13,0.58064516129032262,0.41935483870967744,0.65195299348523539,0.34804700651476461,0.071307832194912768,0.70004356700577641,0.24989649886928419,-0.035184135056440614,-0.011149499611245851,"{""2021"": 31}","{""2021"": 73}",22,"[0.4076626249536972, 0.7358445693268778]"
terrain,layoff_bucket::12–18 months,2022,XGB,57,MODERATE_UNCERTAINTY,29,THIN_EXPLORATORY,19,10,0.65517241379310343,0.34482758620689657,0.68126445289315851,0.31873554710684149,0.026092039100055087,0.56004842301321023,0.18967902298691519,-0.076631344808493096,-0.033382219438696112,"{""2022"": 29}","{""2022"": 57}",17,"[0.47345104090476137, 0.80059281473325]"
terrain,layoff_bucket::12–18 months,2023,XGB,61,MODERATE_UNCERTAINTY,34,THIN_EXPLORATORY,22,12,0.6470588235294118,0.35294117647058826,0.66258044014958772,0.33741955985041228,0.015521616620175926,0.61153461549375054,0.21224474177415689,0.0073887064661696386,0.002872242609649698,"{""2023"": 34}","{""2023"": 61}",21,"[0.47913963119781733, 0.785120794051205]"
terrain,layoff_bucket::12–18 months,2024,XGB,57,MODERATE_UNCERTAINTY,26,THIN_EXPLORATORY,19,7,0.73076923076923073,0.26923076923076922,0.65341769961210394,0.34658230038789606,-0.077351531157126785,0.54681530146626922,0.18260208552225615,0.016757804890680461,0.005621884897853353,"{""2024"": 26}","{""2024"": 57}",20,"[0.5391695962082381, 0.8629555167798162]"
terrain,layoff_bucket::12–18 months,2025,XGB,50,MODERATE_UNCERTAINTY,24,INSUFFICIENT,14,10,0.58333333333333337,0.41666666666666669,0.64334476863344514,0.35665523136655486,0.060011435300111771,,,,,"{""2025"": 24}","{""2025"": 50}",20,"[0.3883466586522876, 0.7553239739018824]"
terrain,layoff_bucket::12–18 months,2026,XGB,33,THIN_EXPLORATORY,20,INSUFFICIENT,11,9,0.55000000000000004,0.45000000000000001,0.71000267118215565,0.28999732881784435,0.16000267118215561,,,,,"{""2026"": 20}","{""2026"": 33}",14,"[0.34208534245034233, 0.7418021417443759]"
terrain,layoff_bucket::12–18 months,2018,LGBM,40,THIN_EXPLORATORY,21,INSUFFICIENT,15,6,0.7142857142857143,0.2857142857142857,0.62748692452883947,0.37251307547116053,-0.086798789756874828,,,,,"{""2018"": 21}","{""2018"": 40}",16,"[0.5004361928391441, 0.8618613704787788]"
terrain,layoff_bucket::12–18 months,2019,LGBM,44,THIN_EXPLORATORY,23,INSUFFICIENT,16,7,0.69565217391304346,0.30434782608695654,0.66900254420532723,0.33099745579467277,-0.026649629707716227,,,,,"{""2019"": 23}","{""2019"": 44}",19,"[0.49134243731240795, 0.8439597554678597]"
terrain,layoff_bucket::12–18 months,2020,LGBM,58,MODERATE_UNCERTAINTY,31,THIN_EXPLORATORY,15,16,0.4838709677419355,0.5161290322580645,0.65387289295481399,0.34612710704518601,0.17000192521287849,0.75926340737706655,0.27930832697858815,-0.016455267067564779,-0.0056235955769715464,"{""2020"": 31}","{""2020"": 58}",22,"[0.31970251562417307, 0.651596045519712]"
terrain,layoff_bucket::12–18 months,2021,LGBM,73,MODERATE_UNCERTAINTY,31,THIN_EXPLORATORY,18,13,0.58064516129032262,0.41935483870967744,0.65351821463508253,0.34648178536491747,0.072873053344759908,0.69608998935190958,0.24881096884251921,-0.039137712710307568,-0.012235029638010811,"{""2021"": 31}","{""2021"": 73}",22,"[0.4076626249536972, 0.7358445693268778]"
terrain,layoff_bucket::12–18 months,2022,LGBM,57,MODERATE_UNCERTAINTY,29,THIN_EXPLORATORY,19,10,0.65517241379310343,0.34482758620689657,0.69118726193176727,0.30881273806823273,0.036014848138663846,0.56512700251102754,0.19241718067774408,-0.071552765310675823,-0.030644061747867258,"{""2022"": 29}","{""2022"": 57}",17,"[0.47345104090476137, 0.80059281473325]"
terrain,layoff_bucket::12–18 months,2023,LGBM,61,MODERATE_UNCERTAINTY,34,THIN_EXPLORATORY,22,12,0.6470588235294118,0.35294117647058826,0.67670243610562852,0.32329756389437148,0.029643612576216727,0.61874935969935307,0.21588439670295095,0.014603450671772088,0.0065118975384437488,"{""2023"": 34}","{""2023"": 61}",21,"[0.47913963119781733, 0.785120794051205]"
terrain,layoff_bucket::12–18 months,2024,LGBM,57,MODERATE_UNCERTAINTY,26,THIN_EXPLORATORY,19,7,0.73076923076923073,0.26923076923076922,0.65016208676171694,0.34983791323828306,-0.080607144007513787,0.52761204682100626,0.1736234369315531,-0.0024454497545825767,-0.0033567636928497303,"{""2024"": 26}","{""2024"": 57}",20,"[0.5391695962082381, 0.8629555167798162]"
terrain,layoff_bucket::12–18 months,2025,LGBM,50,MODERATE_UNCERTAINTY,24,INSUFFICIENT,14,10,0.58333333333333337,0.41666666666666669,0.64420976089564419,0.35579023910435581,0.06087642756231082,,,,,"{""2025"": 24}","{""2025"": 50}",20,"[0.3883466586522876, 0.7553239739018824]"
terrain,layoff_bucket::12–18 months,2026,LGBM,33,THIN_EXPLORATORY,20,INSUFFICIENT,11,9,0.55000000000000004,0.45000000000000001,0.71676926861166967,0.28323073138833033,0.16676926861166963,,,,,"{""2026"": 20}","{""2026"": 33}",14,"[0.34208534245034233, 0.7418021417443759]"
terrain,layoff_bucket::12–18 months,2018,CAT,40,THIN_EXPLORATORY,21,INSUFFICIENT,15,6,0.7142857142857143,0.2857142857142857,0.63925125382078019,0.36074874617921981,-0.075034460464934116,,,,,"{""2018"": 21}","{""2018"": 40}",16,"[0.5004361928391441, 0.8618613704787788]"
terrain,layoff_bucket::12–18 months,2019,CAT,44,THIN_EXPLORATORY,23,INSUFFICIENT,16,7,0.69565217391304346,0.30434782608695654,0.67468897864109401,0.32531102135890599,-0.020963195271949453,,,,,"{""2019"": 23}","{""2019"": 44}",19,"[0.49134243731240795, 0.8439597554678597]"
terrain,layoff_bucket::12–18 months,2020,CAT,58,MODERATE_UNCERTAINTY,31,THIN_EXPLORATORY,15,16,0.4838709677419355,0.5161290322580645,0.65179708887200105,0.34820291112799895,0.16792612113006555,0.72881470686932781,0.26456475257489426,-0.046903967575303629,-0.02036716998066548,"{""2020"": 31}","{""2020"": 58}",22,"[0.31970251562417307, 0.651596045519712]"
terrain,layoff_bucket::12–18 months,2021,CAT,73,MODERATE_UNCERTAINTY,31,THIN_EXPLORATORY,18,13,0.58064516129032262,0.41935483870967744,0.65339730560937104,0.34660269439062896,0.072752144319048417,0.6885551819840976,0.24410036583147143,-0.046672520078119298,-0.016945632649058653,"{""2021"": 31}","{""2021"": 73}",22,"[0.4076626249536972, 0.7358445693268778]"
terrain,layoff_bucket::12–18 months,2022,CAT,57,MODERATE_UNCERTAINTY,29,THIN_EXPLORATORY,19,10,0.65517241379310343,0.34482758620689657,0.69265725350724028,0.30734274649275972,0.037484839714136853,0.56375415692008601,0.18992548496218584,-0.072925610901617144,-0.03313575746342546,"{""2022"": 29}","{""2022"": 57}",17,"[0.47345104090476137, 0.80059281473325]"
terrain,layoff_bucket::12–18 months,2023,CAT,61,MODERATE_UNCERTAINTY,34,THIN_EXPLORATORY,22,12,0.6470588235294118,0.35294117647058826,0.67281347864029206,0.32718652135970794,0.025754655110880265,0.60630365659577223,0.21068093039881713,0.0021577475681913687,0.0013084312343099292,"{""2023"": 34}","{""2023"": 61}",21,"[0.47913963119781733, 0.785120794051205]"
terrain,layoff_bucket::12–18 months,2024,CAT,57,MODERATE_UNCERTAINTY,26,THIN_EXPLORATORY,19,7,0.73076923076923073,0.26923076923076922,0.68026288490402953,0.31973711509597047,-0.050506345865201197,0.53638663356626104,0.17744879242714737,0.0063291369906722664,0.00046859180274455608,"{""2024"": 26}","{""2024"": 57}",20,"[0.5391695962082381, 0.8629555167798162]"
terrain,layoff_bucket::12–18 months,2025,CAT,50,MODERATE_UNCERTAINTY,24,INSUFFICIENT,14,10,0.58333333333333337,0.41666666666666669,0.63659514103316805,0.36340485896683195,0.053261807699834685,,,,,"{""2025"": 24}","{""2025"": 50}",20,"[0.3883466586522876, 0.7553239739018824]"
terrain,layoff_bucket::12–18 months,2026,CAT,33,THIN_EXPLORATORY,20,INSUFFICIENT,11,9,0.55000000000000004,0.45000000000000001,0.69061949956309454,0.30938050043690546,0.1406194995630945,,,,,"{""2026"": 20}","{""2026"": 33}",14,"[0.34208534245034233, 0.7418021417443759]"
terrain,layoff_bucket::12–18 months,2018,SELECT,40,THIN_EXPLORATORY,21,INSUFFICIENT,15,6,0.7142857142857143,0.2857142857142857,0.64112713791075204,0.35887286208924796,-0.073158576374962259,,,,,"{""2018"": 21}","{""2018"": 40}",16,"[0.5004361928391441, 0.8618613704787788]"
terrain,layoff_bucket::12–18 months,2019,SELECT,44,THIN_EXPLORATORY,23,INSUFFICIENT,16,7,0.69565217391304346,0.30434782608695654,0.67367874150690821,0.32632125849309179,-0.021973432406135252,,,,,"{""2019"": 23}","{""2019"": 44}",19,"[0.49134243731240795, 0.8439597554678597]"
terrain,layoff_bucket::12–18 months,2020,SELECT,58,MODERATE_UNCERTAINTY,31,THIN_EXPLORATORY,15,16,0.4838709677419355,0.5161290322580645,0.65387289295481399,0.34612710704518601,0.17000192521287849,0.75926340737706655,0.27930832697858815,-0.016455267067564779,-0.0056235955769715464,"{""2020"": 31}","{""2020"": 58}",22,"[0.31970251562417307, 0.651596045519712]"
terrain,layoff_bucket::12–18 months,2021,SELECT,73,MODERATE_UNCERTAINTY,31,THIN_EXPLORATORY,18,13,0.58064516129032262,0.41935483870967744,0.65339730560937104,0.34660269439062896,0.072752144319048417,0.6885551819840976,0.24410036583147143,-0.046672520078119298,-0.016945632649058653,"{""2021"": 31}","{""2021"": 73}",22,"[0.4076626249536972, 0.7358445693268778]"
terrain,layoff_bucket::12–18 months,2022,SELECT,57,MODERATE_UNCERTAINTY,29,THIN_EXPLORATORY,19,10,0.65517241379310343,0.34482758620689657,0.69118726193176727,0.30881273806823273,0.036014848138663846,0.56512700251102754,0.19241718067774408,-0.071552765310675823,-0.030644061747867258,"{""2022"": 29}","{""2022"": 57}",17,"[0.47345104090476137, 0.80059281473325]"
terrain,layoff_bucket::12–18 months,2023,SELECT,61,MODERATE_UNCERTAINTY,34,THIN_EXPLORATORY,22,12,0.6470588235294118,0.35294117647058826,0.67281347864029206,0.32718652135970794,0.025754655110880265,0.60630365659577223,0.21068093039881713,0.0021577475681913687,0.0013084312343099292,"{""2023"": 34}","{""2023"": 61}",21,"[0.47913963119781733, 0.785120794051205]"
terrain,layoff_bucket::12–18 months,2024,SELECT,57,MODERATE_UNCERTAINTY,26,THIN_EXPLORATORY,19,7,0.73076923076923073,0.26923076923076922,0.68026288490402953,0.31973711509597047,-0.050506345865201197,0.53638663356626104,0.17744879242714737,0.0063291369906722664,0.00046859180274455608,"{""2024"": 26}","{""2024"": 57}",20,"[0.5391695962082381, 0.8629555167798162]"
terrain,layoff_bucket::12–18 months,2025,SELECT,50,MODERATE_UNCERTAINTY,24,INSUFFICIENT,14,10,0.58333333333333337,0.41666666666666669,0.64420976089564419,0.35579023910435581,0.06087642756231082,,,,,"{""2025"": 24}","{""2025"": 50}",20,"[0.3883466586522876, 0.7553239739018824]"
terrain,layoff_bucket::12–18 months,2026,SELECT,33,THIN_EXPLORATORY,20,INSUFFICIENT,11,9,0.55000000000000004,0.45000000000000001,0.71676926861166967,0.28323073138833033,0.16676926861166963,,,,,"{""2026"": 20}","{""2026"": 33}",14,"[0.34208534245034233, 0.7418021417443759]"
terrain,layoff_bucket::18+ months,2018,LINEAR_MIN,29,THIN_EXPLORATORY,19,INSUFFICIENT,8,11,0.42105263157894735,0.57894736842105265,0.69043226034961691,0.30956773965038309,0.26937962877066957,,,,,"{""2018"": 19}","{""2018"": 29}",15,"[0.23141891282454238, 0.6372409646574496]"
terrain,layoff_bucket::18+ months,2019,LINEAR_MIN,24,INSUFFICIENT,16,INSUFFICIENT,9,7,0.5625,0.4375,0.63483775138104548,0.36516224861895452,0.072337751381045479,,,,,"{""2019"": 16}","{""2019"": 24}",12,"[0.331785563988119, 0.7690134759450765]"
terrain,layoff_bucket::18+ months,2020,LINEAR_MIN,37,THIN_EXPLORATORY,22,INSUFFICIENT,12,10,0.54545454545454541,0.45454545454545453,0.59743009671826086,0.40256990328173914,0.051975551263715447,,,,,"{""2020"": 22}","{""2020"": 37}",18,"[0.3465979532073494, 0.7307970581918668]"
terrain,layoff_bucket::18+ months,2021,LINEAR_MIN,41,THIN_EXPLORATORY,26,THIN_EXPLORATORY,18,8,0.69230769230769229,0.30769230769230771,0.63377322984279261,0.36622677015720739,-0.058534462464899684,0.54001536232081715,0.17873137508325115,0,0,"{""2021"": 26}","{""2021"": 41}",20,"[0.5001174167780164, 0.8349868440453624]"
terrain,layoff_bucket::18+ months,2022,LINEAR_MIN,38,THIN_EXPLORATORY,22,INSUFFICIENT,14,8,0.63636363636363635,0.36363636363636365,0.66977768621873024,0.33022231378126976,0.033414049855093886,,,,,"{""2022"": 22}","{""2022"": 38}",17,"[0.42951708090131013, 0.8026679532963387]"
terrain,layoff_bucket::18+ months,2023,LINEAR_MIN,37,THIN_EXPLORATORY,15,INSUFFICIENT,5,10,0.33333333333333331,0.66666666666666663,0.55626361703925375,0.44373638296074625,0.22293028370592044,,,,,"{""2023"": 15}","{""2023"": 37}",13,"[0.1517632443971473, 0.5828645226148023]"
terrain,layoff_bucket::18+ months,2024,LINEAR_MIN,31,THIN_EXPLORATORY,14,INSUFFICIENT,8,6,0.5714285714285714,0.42857142857142855,0.68919195058561633,0.31080804941438367,0.11776337915704493,,,,,"{""2024"": 14}","{""2024"": 31}",13,"[0.3259064457965074, 0.7861920109552588]"
terrain,layoff_bucket::18+ months,2025,LINEAR_MIN,41,THIN_EXPLORATORY,17,INSUFFICIENT,7,10,0.41176470588235292,0.58823529411764708,0.63832573421440197,0.36167426578559803,0.22656102833204905,,,,,"{""2025"": 17}","{""2025"": 41}",14,"[0.2161105679021481, 0.6399455735700021]"
terrain,layoff_bucket::18+ months,2026,LINEAR_MIN,15,INSUFFICIENT,7,INSUFFICIENT,5,2,0.7142857142857143,0.2857142857142857,0.67112173408815223,0.32887826591184777,-0.043163980197562068,,,,,"{""2026"": 7}","{""2026"": 15}",7,"[0.35893445183261935, 0.9177810759959433]"
terrain,layoff_bucket::18+ months,2018,XGB,29,THIN_EXPLORATORY,19,INSUFFICIENT,8,11,0.42105263157894735,0.57894736842105265,0.65896225759857574,0.34103774240142426,0.2379096260196284,,,,,"{""2018"": 19}","{""2018"": 29}",15,"[0.23141891282454238, 0.6372409646574496]"
terrain,layoff_bucket::18+ months,2019,XGB,24,INSUFFICIENT,16,INSUFFICIENT,9,7,0.5625,0.4375,0.64976430311799049,0.35023569688200951,0.087264303117990494,,,,,"{""2019"": 16}","{""2019"": 24}",12,"[0.331785563988119, 0.7690134759450765]"
terrain,layoff_bucket::18+ months,2020,XGB,37,THIN_EXPLORATORY,22,INSUFFICIENT,12,10,0.54545454545454541,0.45454545454545453,0.61724513091824273,0.38275486908175727,0.071790585463697321,,,,,"{""2020"": 22}","{""2020"": 37}",18,"[0.3465979532073494, 0.7307970581918668]"
terrain,layoff_bucket::18+ months,2021,XGB,41,THIN_EXPLORATORY,26,THIN_EXPLORATORY,18,8,0.69230769230769229,0.30769230769230771,0.64869246345299936,0.35130753654700064,-0.043615228854692933,0.56358841536816784,0.1921675074816365,0.023573053047350689,0.013436132398385311,"{""2021"": 26}","{""2021"": 41}",20,"[0.5001174167780164, 0.8349868440453624]"
terrain,layoff_bucket::18+ months,2022,XGB,38,THIN_EXPLORATORY,22,INSUFFICIENT,14,8,0.63636363636363635,0.36363636363636365,0.67404153130271216,0.32595846869728784,0.037677894939075807,,,,,"{""2022"": 22}","{""2022"": 38}",17,"[0.42951708090131013, 0.8026679532963387]"
terrain,layoff_bucket::18+ months,2023,XGB,37,THIN_EXPLORATORY,15,INSUFFICIENT,5,10,0.33333333333333331,0.66666666666666663,0.5930558164914449,0.4069441835085551,0.25972248315811158,,,,,"{""2023"": 15}","{""2023"": 37}",13,"[0.1517632443971473, 0.5828645226148023]"
terrain,layoff_bucket::18+ months,2024,XGB,31,THIN_EXPLORATORY,14,INSUFFICIENT,8,6,0.5714285714285714,0.42857142857142855,0.64007137077195309,0.35992862922804691,0.068642799343381689,,,,,"{""2024"": 14}","{""2024"": 31}",13,"[0.3259064457965074, 0.7861920109552588]"
terrain,layoff_bucket::18+ months,2025,XGB,41,THIN_EXPLORATORY,17,INSUFFICIENT,7,10,0.41176470588235292,0.58823529411764708,0.60964962314156923,0.39035037685843077,0.19788491725921631,,,,,"{""2025"": 17}","{""2025"": 41}",14,"[0.2161105679021481, 0.6399455735700021]"
terrain,layoff_bucket::18+ months,2026,XGB,15,INSUFFICIENT,7,INSUFFICIENT,5,2,0.7142857142857143,0.2857142857142857,0.64708885550498962,0.35291114449501038,-0.067196858780724678,,,,,"{""2026"": 7}","{""2026"": 15}",7,"[0.35893445183261935, 0.9177810759959433]"
terrain,layoff_bucket::18+ months,2018,LGBM,29,THIN_EXPLORATORY,19,INSUFFICIENT,8,11,0.42105263157894735,0.57894736842105265,0.64572913069558713,0.35427086930441287,0.22467649911663978,,,,,"{""2018"": 19}","{""2018"": 29}",15,"[0.23141891282454238, 0.6372409646574496]"
terrain,layoff_bucket::18+ months,2019,LGBM,24,INSUFFICIENT,16,INSUFFICIENT,9,7,0.5625,0.4375,0.6356089013995242,0.3643910986004758,0.073108901399524195,,,,,"{""2019"": 16}","{""2019"": 24}",12,"[0.331785563988119, 0.7690134759450765]"
terrain,layoff_bucket::18+ months,2020,LGBM,37,THIN_EXPLORATORY,22,INSUFFICIENT,12,10,0.54545454545454541,0.45454545454545453,0.61613366730679353,0.38386633269320647,0.070679121852248117,,,,,"{""2020"": 22}","{""2020"": 37}",18,"[0.3465979532073494, 0.7307970581918668]"
terrain,layoff_bucket::18+ months,2021,LGBM,41,THIN_EXPLORATORY,26,THIN_EXPLORATORY,18,8,0.69230769230769229,0.30769230769230771,0.64865119592820919,0.35134880407179081,-0.043656496379483101,0.54503615089368995,0.1834224606877983,0.0050207885728728134,0.0046910856045470888,"{""2021"": 26}","{""2021"": 41}",20,"[0.5001174167780164, 0.8349868440453624]"
terrain,layoff_bucket::18+ months,2022,LGBM,38,THIN_EXPLORATORY,22,INSUFFICIENT,14,8,0.63636363636363635,0.36363636363636365,0.6796711204142023,0.3203288795857977,0.043307484050565948,,,,,"{""2022"": 22}","{""2022"": 38}",17,"[0.42951708090131013, 0.8026679532963387]"
terrain,layoff_bucket::18+ months,2023,LGBM,37,THIN_EXPLORATORY,15,INSUFFICIENT,5,10,0.33333333333333331,0.66666666666666663,0.58547986087136505,0.41452013912863495,0.25214652753803174,,,,,"{""2023"": 15}","{""2023"": 37}",13,"[0.1517632443971473, 0.5828645226148023]"
terrain,layoff_bucket::18+ months,2024,LGBM,31,THIN_EXPLORATORY,14,INSUFFICIENT,8,6,0.5714285714285714,0.42857142857142855,0.65479821832129725,0.34520178167870275,0.083369646892725857,,,,,"{""2024"": 14}","{""2024"": 31}",13,"[0.3259064457965074, 0.7861920109552588]"
terrain,layoff_bucket::18+ months,2025,LGBM,41,THIN_EXPLORATORY,17,INSUFFICIENT,7,10,0.41176470588235292,0.58823529411764708,0.61644919016957866,0.38355080983042134,0.20468448428722574,,,,,"{""2025"": 17}","{""2025"": 41}",14,"[0.2161105679021481, 0.6399455735700021]"
terrain,layoff_bucket::18+ months,2026,LGBM,15,INSUFFICIENT,7,INSUFFICIENT,5,2,0.7142857142857143,0.2857142857142857,0.64560761954166634,0.35439238045833366,-0.068678094744047957,,,,,"{""2026"": 7}","{""2026"": 15}",7,"[0.35893445183261935, 0.9177810759959433]"
terrain,layoff_bucket::18+ months,2018,CAT,29,THIN_EXPLORATORY,19,INSUFFICIENT,8,11,0.42105263157894735,0.57894736842105265,0.6458057450568967,0.3541942549431033,0.22475311347794935,,,,,"{""2018"": 19}","{""2018"": 29}",15,"[0.23141891282454238, 0.6372409646574496]"
terrain,layoff_bucket::18+ months,2019,CAT,24,INSUFFICIENT,16,INSUFFICIENT,9,7,0.5625,0.4375,0.64596312093861874,0.35403687906138126,0.08346312093861874,,,,,"{""2019"": 16}","{""2019"": 24}",12,"[0.331785563988119, 0.7690134759450765]"
terrain,layoff_bucket::18+ months,2020,CAT,37,THIN_EXPLORATORY,22,INSUFFICIENT,12,10,0.54545454545454541,0.45454545454545453,0.61275976402523014,0.38724023597476986,0.067305218570684722,,,,,"{""2020"": 22}","{""2020"": 37}",18,"[0.3465979532073494, 0.7307970581918668]"
terrain,layoff_bucket::18+ months,2021,CAT,41,THIN_EXPLORATORY,26,THIN_EXPLORATORY,18,8,0.69230769230769229,0.30769230769230771,0.66489542537261315,0.33510457462738685,-0.027412266935079144,0.54502386349970022,0.18405785878096045,0.0050085011788830675,0.0053264836977093017,"{""2021"": 26}","{""2021"": 41}",20,"[0.5001174167780164, 0.8349868440453624]"
terrain,layoff_bucket::18+ months,2022,CAT,38,THIN_EXPLORATORY,22,INSUFFICIENT,14,8,0.63636363636363635,0.36363636363636365,0.6788093439227153,0.3211906560772847,0.042445707559078949,,,,,"{""2022"": 22}","{""2022"": 38}",17,"[0.42951708090131013, 0.8026679532963387]"
terrain,layoff_bucket::18+ months,2023,CAT,37,THIN_EXPLORATORY,15,INSUFFICIENT,5,10,0.33333333333333331,0.66666666666666663,0.56790333423955652,0.43209666576044348,0.23457000090622321,,,,,"{""2023"": 15}","{""2023"": 37}",13,"[0.1517632443971473, 0.5828645226148023]"
terrain,layoff_bucket::18+ months,2024,CAT,31,THIN_EXPLORATORY,14,INSUFFICIENT,8,6,0.5714285714285714,0.42857142857142855,0.68328877641708707,0.31671122358291293,0.11186020498851568,,,,,"{""2024"": 14}","{""2024"": 31}",13,"[0.3259064457965074, 0.7861920109552588]"
terrain,layoff_bucket::18+ months,2025,CAT,41,THIN_EXPLORATORY,17,INSUFFICIENT,7,10,0.41176470588235292,0.58823529411764708,0.60450599693769136,0.39549400306230864,0.19274129105533844,,,,,"{""2025"": 17}","{""2025"": 41}",14,"[0.2161105679021481, 0.6399455735700021]"
terrain,layoff_bucket::18+ months,2026,CAT,15,INSUFFICIENT,7,INSUFFICIENT,5,2,0.7142857142857143,0.2857142857142857,0.64940639085826157,0.35059360914173843,-0.064879323427452729,,,,,"{""2026"": 7}","{""2026"": 15}",7,"[0.35893445183261935, 0.9177810759959433]"
terrain,layoff_bucket::18+ months,2018,SELECT,29,THIN_EXPLORATORY,19,INSUFFICIENT,8,11,0.42105263157894735,0.57894736842105265,0.65896225759857574,0.34103774240142426,0.2379096260196284,,,,,"{""2018"": 19}","{""2018"": 29}",15,"[0.23141891282454238, 0.6372409646574496]"
terrain,layoff_bucket::18+ months,2019,SELECT,24,INSUFFICIENT,16,INSUFFICIENT,9,7,0.5625,0.4375,0.64976430311799049,0.35023569688200951,0.087264303117990494,,,,,"{""2019"": 16}","{""2019"": 24}",12,"[0.331785563988119, 0.7690134759450765]"
terrain,layoff_bucket::18+ months,2020,SELECT,37,THIN_EXPLORATORY,22,INSUFFICIENT,12,10,0.54545454545454541,0.45454545454545453,0.61613366730679353,0.38386633269320647,0.070679121852248117,,,,,"{""2020"": 22}","{""2020"": 37}",18,"[0.3465979532073494, 0.7307970581918668]"
terrain,layoff_bucket::18+ months,2021,SELECT,41,THIN_EXPLORATORY,26,THIN_EXPLORATORY,18,8,0.69230769230769229,0.30769230769230771,0.66489542537261315,0.33510457462738685,-0.027412266935079144,0.54502386349970022,0.18405785878096045,0.0050085011788830675,0.0053264836977093017,"{""2021"": 26}","{""2021"": 41}",20,"[0.5001174167780164, 0.8349868440453624]"
terrain,layoff_bucket::18+ months,2022,SELECT,38,THIN_EXPLORATORY,22,INSUFFICIENT,14,8,0.63636363636363635,0.36363636363636365,0.6796711204142023,0.3203288795857977,0.043307484050565948,,,,,"{""2022"": 22}","{""2022"": 38}",17,"[0.42951708090131013, 0.8026679532963387]"
terrain,layoff_bucket::18+ months,2023,SELECT,37,THIN_EXPLORATORY,15,INSUFFICIENT,5,10,0.33333333333333331,0.66666666666666663,0.56790333423955652,0.43209666576044348,0.23457000090622321,,,,,"{""2023"": 15}","{""2023"": 37}",13,"[0.1517632443971473, 0.5828645226148023]"
terrain,layoff_bucket::18+ months,2024,SELECT,31,THIN_EXPLORATORY,14,INSUFFICIENT,8,6,0.5714285714285714,0.42857142857142855,0.68328877641708707,0.31671122358291293,0.11186020498851568,,,,,"{""2024"": 14}","{""2024"": 31}",13,"[0.3259064457965074, 0.7861920109552588]"
terrain,layoff_bucket::18+ months,2025,SELECT,41,THIN_EXPLORATORY,17,INSUFFICIENT,7,10,0.41176470588235292,0.58823529411764708,0.61644919016957866,0.38355080983042134,0.20468448428722574,,,,,"{""2025"": 17}","{""2025"": 41}",14,"[0.2161105679021481, 0.6399455735700021]"
terrain,layoff_bucket::18+ months,2026,SELECT,15,INSUFFICIENT,7,INSUFFICIENT,5,2,0.7142857142857143,0.2857142857142857,0.64560761954166634,0.35439238045833366,-0.068678094744047957,,,,,"{""2026"": 7}","{""2026"": 15}",7,"[0.35893445183261935, 0.9177810759959433]"
terrain,layoff_bucket::6–12 months,2018,LINEAR_MIN,191,NORMAL,96,MODERATE_UNCERTAINTY,65,31,0.67708333333333337,0.32291666666666669,0.6794982569467457,0.3205017430532543,0.0024149236134123342,0.57188279192210711,0.19480593161159368,0,0,"{""2018"": 96}","{""2018"": 191}",33,"[0.5782983099894397, 0.7622415859776339]"
terrain,layoff_bucket::6–12 months,2019,LINEAR_MIN,176,NORMAL,75,MODERATE_UNCERTAINTY,53,22,0.70666666666666667,0.29333333333333333,0.65955368503402756,0.34044631496597244,-0.047112981632639106,0.60465823946224906,0.20984976751391377,0,0,"{""2019"": 75}","{""2019"": 176}",36,"[0.5955955483261394, 0.7975985967809675]"
terrain,layoff_bucket::6–12 months,2020,LINEAR_MIN,163,NORMAL,77,MODERATE_UNCERTAINTY,48,29,0.62337662337662336,0.37662337662337664,0.66181690095989842,0.33818309904010158,0.038440277583275062,0.58924808368854664,0.20617471799733639,0,0,"{""2020"": 77}","{""2020"": 163}",38,"[0.5117280371207936, 0.7232998839134109]"
terrain,layoff_bucket::6–12 months,2021,LINEAR_MIN,196,NORMAL,89,MODERATE_UNCERTAINTY,62,27,0.6966292134831461,0.30337078651685395,0.64833992027587461,0.35166007972412539,-0.048289293207271489,0.59315176556933624,0.20602891959822545,0,0,"{""2021"": 89}","{""2021"": 196}",36,"[0.5946286603942715, 0.7823580914791123]"
terrain,layoff_bucket::6–12 months,2022,LINEAR_MIN,207,NORMAL,103,NORMAL,63,40,0.61165048543689315,0.38834951456310679,0.68417730376909436,0.31582269623090564,0.072526818332201204,0.66586025590216891,0.23200024936498057,0,0,"{""2022"": 103}","{""2022"": 207}",40,"[0.5151342340722562, 0.7001380043815406]"
terrain,layoff_bucket::6–12 months,2023,LINEAR_MIN,178,NORMAL,90,MODERATE_UNCERTAINTY,52,38,0.57777777777777772,0.42222222222222222,0.66144586038916287,0.33855413961083713,0.083668082611385142,0.63463682489186124,0.21969490167801553,0,0,"{""2023"": 90}","{""2023"": 178}",39,"[0.4746118562531433, 0.6745759353257391]"
terrain,layoff_bucket::6–12 months,2024,LINEAR_MIN,232,NORMAL,98,MODERATE_UNCERTAINTY,60,38,0.61224489795918369,0.38775510204081631,0.6876901561374904,0.3123098438625096,0.075445258178306718,0.63826276683314875,0.22224060974473211,0,0,"{""2024"": 98}","{""2024"": 232}",40,"[0.5132867257374744, 0.702735317296434]"
terrain,layoff_bucket::6–12 months,2025,LINEAR_MIN,224,NORMAL,104,NORMAL,72,32,0.69230769230769229,0.30769230769230771,0.67949363784785122,0.32050636215214878,-0.012814054459841073,0.58183895705335698,0.1997540686581199,0,0,"{""2025"": 104}","{""2025"": 224}",39,"[0.5980794776445407, 0.7728353860583624]"
terrain,layoff_bucket::6–12 months,2026,LINEAR_MIN,145,NORMAL,74,MODERATE_UNCERTAINTY,44,30,0.59459459459459463,0.40540540540540543,0.67203763815818829,0.32796236184181171,0.077443043563593661,0.58220343884930525,0.20478972743716559,0,0,"{""2026"": 74}","{""2026"": 145}",25,"[0.4807583890640794, 0.6990943553744422]"
terrain,layoff_bucket::6–12 months,2018,XGB,191,NORMAL,96,MODERATE_UNCERTAINTY,65,31,0.67708333333333337,0.32291666666666669,0.66842538180450595,0.33157461819549405,-0.0086579515288274234,0.54666724932643174,0.18501814605207981,-0.025215542595675492,-0.0097877855595138921,"{""2018"": 96}","{""2018"": 191}",33,"[0.5782983099894397, 0.7622415859776339]"
terrain,layoff_bucket::6–12 months,2019,XGB,176,NORMAL,75,MODERATE_UNCERTAINTY,53,22,0.70666666666666667,0.29333333333333333,0.6567197799682617,0.3432802200317383,-0.049946886698404969,0.58365632125323708,0.19951391934540391,-0.021001918209011931,-0.010335848168509848,"{""2019"": 75}","{""2019"": 176}",36,"[0.5955955483261394, 0.7975985967809675]"
terrain,layoff_bucket::6–12 months,2020,XGB,163,NORMAL,77,MODERATE_UNCERTAINTY,48,29,0.62337662337662336,0.37662337662337664,0.64932011590375527,0.35067988409624473,0.025943492527131906,0.56590878236495401,0.19404810042207593,-0.02333930132359267,-0.012126617575260464,"{""2020"": 77}","{""2020"": 163}",38,"[0.5117280371207936, 0.7232998839134109]"
terrain,layoff_bucket::6–12 months,2021,XGB,196,NORMAL,89,MODERATE_UNCERTAINTY,62,27,0.6966292134831461,0.30337078651685395,0.65917850478311601,0.34082149521688399,-0.037450708700030089,0.5625718912678711,0.19276695117587658,-0.030579874301465283,-0.013261968422348874,"{""2021"": 89}","{""2021"": 196}",36,"[0.5946286603942715, 0.7823580914791123]"
terrain,layoff_bucket::6–12 months,2022,XGB,207,NORMAL,103,NORMAL,63,40,0.61165048543689315,0.38834951456310679,0.66283871768747715,0.33716128231252285,0.051188232250583998,0.66041489016215416,0.23289298006518339,-0.0054453657400144123,0.0008927307002028511,"{""2022"": 103}","{""2022"": 207}",40,"[0.5151342340722562, 0.7001380043815406]"
terrain,layoff_bucket::6–12 months,2023,XGB,178,NORMAL,90,MODERATE_UNCERTAINTY,52,38,0.57777777777777772,0.42222222222222222,0.66995588011211815,0.33004411988788185,0.092178102334340428,0.67590899240947,0.23884595690996938,0.041272167517608808,0.019151055231953842,"{""2023"": 90}","{""2023"": 178}",39,"[0.4746118562531433, 0.6745759353257391]"
terrain,layoff_bucket::6–12 months,2024,XGB,232,NORMAL,98,MODERATE_UNCERTAINTY,60,38,0.61224489795918369,0.38775510204081631,0.64351695897627847,0.35648304102372153,0.031272061017094788,0.62726276029676298,0.21985494769061317,-0.011000006536385864,-0.0023856620541189227,"{""2024"": 98}","{""2024"": 232}",40,"[0.5132867257374744, 0.702735317296434]"
terrain,layoff_bucket::6–12 months,2025,XGB,224,NORMAL,104,NORMAL,72,32,0.69230769230769229,0.30769230769230771,0.67847878371293724,0.32152121628706276,-0.013828908594755052,0.57881405291282961,0.19871267452087604,-0.0030249041405273555,-0.0010413941372438755,"{""2025"": 104}","{""2025"": 224}",39,"[0.5980794776445407, 0.7728353860583624]"
terrain,layoff_bucket::6–12 months,2026,XGB,145,NORMAL,74,MODERATE_UNCERTAINTY,44,30,0.59459459459459463,0.40540540540540543,0.68285697577772919,0.31714302422227081,0.088262381183134564,0.60531791981365723,0.21446078357670037,0.02311448096435197,0.0096710561395347786,"{""2026"": 74}","{""2026"": 145}",25,"[0.4807583890640794, 0.6990943553744422]"
terrain,layoff_bucket::6–12 months,2018,LGBM,191,NORMAL,96,MODERATE_UNCERTAINTY,65,31,0.67708333333333337,0.32291666666666669,0.65196431750377937,0.34803568249622063,-0.025119015829554003,0.55141608852039659,0.18594863323442909,-0.020466703401710636,-0.0088572983771646394,"{""2018"": 96}","{""2018"": 191}",33,"[0.5782983099894397, 0.7622415859776339]"
terrain,layoff_bucket::6–12 months,2019,LGBM,176,NORMAL,75,MODERATE_UNCERTAINTY,53,22,0.70666666666666667,0.29333333333333333,0.6540276695092615,0.3459723304907385,-0.052638997157405165,0.58222974758261481,0.19848903873480458,-0.022428491879634218,-0.011360728779109196,"{""2019"": 75}","{""2019"": 176}",36,"[0.5955955483261394, 0.7975985967809675]"
terrain,layoff_bucket::6–12 months,2020,LGBM,163,NORMAL,77,MODERATE_UNCERTAINTY,48,29,0.62337662337662336,0.37662337662337664,0.65460492629283562,0.34539507370716438,0.031228302916212258,0.55696746536112873,0.19102364353822487,-0.032280618327417847,-0.015151074459111531,"{""2020"": 77}","{""2020"": 163}",38,"[0.5117280371207936, 0.7232998839134109]"
terrain,layoff_bucket::6–12 months,2021,LGBM,196,NORMAL,89,MODERATE_UNCERTAINTY,62,27,0.6966292134831461,0.30337078651685395,0.66149124835340556,0.33850875164659444,-0.035137965129740545,0.56087724481231382,0.19178026714681087,-0.032274520757022557,-0.014248652451414535,"{""2021"": 89}","{""2021"": 196}",36,"[0.5946286603942715, 0.7823580914791123]"
terrain,layoff_bucket::6–12 months,2022,LGBM,207,NORMAL,103,NORMAL,63,40,0.61165048543689315,0.38834951456310679,0.6710118886949088,0.3289881113050912,0.059361403258015644,0.66617713786166644,0.23462166962762354,0.00031688195949739872,0.0026214202626429818,"{""2022"": 103}","{""2022"": 207}",40,"[0.5151342340722562, 0.7001380043815406]"
terrain,layoff_bucket::6–12 months,2023,LGBM,178,NORMAL,90,MODERATE_UNCERTAINTY,52,38,0.57777777777777772,0.42222222222222222,0.67385985479505195,0.32614014520494805,0.096082077017274226,0.67522493595741317,0.23786803422278777,0.040588111065551977,0.018173132544772264,"{""2023"": 90}","{""2023"": 178}",39,"[0.4746118562531433, 0.6745759353257391]"
terrain,layoff_bucket::6–12 months,2024,LGBM,232,NORMAL,98,MODERATE_UNCERTAINTY,60,38,0.61224489795918369,0.38775510204081631,0.65540144887572238,0.34459855112427762,0.043156550916538694,0.60635487000907495,0.21103434351785846,-0.031907896824073904,-0.011206266226873632,"{""2024"": 98}","{""2024"": 232}",40,"[0.5132867257374744, 0.702735317296434]"
terrain,layoff_bucket::6–12 months,2025,LGBM,224,NORMAL,104,NORMAL,72,32,0.69230769230769229,0.30769230769230771,0.67194544653899591,0.32805455346100409,-0.020362245768696385,0.5895820166247262,0.20302561067100833,0.0077430595713693035,0.0032715420128883932,"{""2025"": 104}","{""2025"": 224}",39,"[0.5980794776445407, 0.7728353860583624]"
terrain,layoff_bucket::6–12 months,2026,LGBM,145,NORMAL,74,MODERATE_UNCERTAINTY,44,30,0.59459459459459463,0.40540540540540543,0.68155823913522851,0.31844176086477149,0.086963644540633878,0.61917028718497058,0.21794304454583521,0.036966848335665457,0.013153317108669602,"{""2026"": 74}","{""2026"": 145}",25,"[0.4807583890640794, 0.6990943553744422]"
terrain,layoff_bucket::6–12 months,2018,CAT,191,NORMAL,96,MODERATE_UNCERTAINTY,65,31,0.67708333333333337,0.32291666666666669,0.66995308804401787,0.33004691195598213,-0.0071302452893154955,0.54880636508517078,0.18453868421787326,-0.023076426836936392,-0.010267247393720473,"{""2018"": 96}","{""2018"": 191}",33,"[0.5782983099894397, 0.7622415859776339]"
terrain,layoff_bucket::6–12 months,2019,CAT,176,NORMAL,75,MODERATE_UNCERTAINTY,53,22,0.70666666666666667,0.29333333333333333,0.6679535996021102,0.3320464003978898,-0.038713067064556461,0.57259020172339892,0.19455771667866092,-0.032068037738850239,-0.015292050835252837,"{""2019"": 75}","{""2019"": 176}",36,"[0.5955955483261394, 0.7975985967809675]"
terrain,layoff_bucket::6–12 months,2020,CAT,163,NORMAL,77,MODERATE_UNCERTAINTY,48,29,0.62337662337662336,0.37662337662337664,0.6477329708087366,0.3522670291912634,0.024356347432113234,0.57080567688640949,0.19663640773899882,-0.018442406802137115,-0.0095383102583375626,"{""2020"": 77}","{""2020"": 163}",38,"[0.5117280371207936, 0.7232998839134109]"
terrain,layoff_bucket::6–12 months,2021,CAT,196,NORMAL,89,MODERATE_UNCERTAINTY,62,27,0.6966292134831461,0.30337078651685395,0.65679226875924168,0.34320773124075832,-0.039836944723904422,0.57364853275121608,0.1978866692800671,-0.019503232818120327,-0.0081422503181583453,"{""2021"": 89}","{""2021"": 196}",36,"[0.5946286603942715, 0.7823580914791123]"
terrain,layoff_bucket::6–12 months,2022,CAT,207,NORMAL,103,NORMAL,63,40,0.61165048543689315,0.38834951456310679,0.68410662187336546,0.31589337812663454,0.072456136436472307,0.66233139790461004,0.23227704425518386,-0.0035288579975587607,0.00027679489020326795,"{""2022"": 103}","{""2022"": 207}",40,"[0.5151342340722562, 0.7001380043815406]"
terrain,layoff_bucket::6–12 months,2023,CAT,178,NORMAL,90,MODERATE_UNCERTAINTY,52,38,0.57777777777777772,0.42222222222222222,0.66314246633522322,0.33685753366477678,0.085364688557445501,0.6548516781157856,0.22892502322954311,0.020214853223924287,0.0092301215515275623,"{""2023"": 90}","{""2023"": 178}",39,"[0.4746118562531433, 0.6745759353257391]"
terrain,layoff_bucket::6–12 months,2024,CAT,232,NORMAL,98,MODERATE_UNCERTAINTY,60,38,0.61224489795918369,0.38775510204081631,0.67174908086034046,0.32825091913965954,0.059504182901156777,0.62393798720824434,0.21820861423161028,-0.014324779624904483,-0.0040319955131217899,"{""2024"": 98}","{""2024"": 232}",40,"[0.5132867257374744, 0.702735317296434]"
terrain,layoff_bucket::6–12 months,2025,CAT,224,NORMAL,104,NORMAL,72,32,0.69230769230769229,0.30769230769230771,0.66464225532730292,0.33535774467269708,-0.027665436980389368,0.59026160634016989,0.20346748787777902,0.0084226492868129353,0.0037134192196590708,"{""2025"": 104}","{""2025"": 224}",39,"[0.5980794776445407, 0.7728353860583624]"
terrain,layoff_bucket::6–12 months,2026,CAT,145,NORMAL,74,MODERATE_UNCERTAINTY,44,30,0.59459459459459463,0.40540540540540543,0.67574461689776943,0.32425538310223057,0.081150022303174807,0.62898009676272615,0.22365995759768581,0.046776657913420935,0.018870230160520175,"{""2026"": 74}","{""2026"": 145}",25,"[0.4807583890640794, 0.6990943553744422]"
terrain,layoff_bucket::6–12 months,2018,SELECT,191,NORMAL,96,MODERATE_UNCERTAINTY,65,31,0.67708333333333337,0.32291666666666669,0.66842538180450595,0.33157461819549405,-0.0086579515288274234,0.54666724932643174,0.18501814605207981,-0.025215542595675492,-0.0097877855595138921,"{""2018"": 96}","{""2018"": 191}",33,"[0.5782983099894397, 0.7622415859776339]"
terrain,layoff_bucket::6–12 months,2019,SELECT,176,NORMAL,75,MODERATE_UNCERTAINTY,53,22,0.70666666666666667,0.29333333333333333,0.6567197799682617,0.3432802200317383,-0.049946886698404969,0.58365632125323708,0.19951391934540391,-0.021001918209011931,-0.010335848168509848,"{""2019"": 75}","{""2019"": 176}",36,"[0.5955955483261394, 0.7975985967809675]"
terrain,layoff_bucket::6–12 months,2020,SELECT,163,NORMAL,77,MODERATE_UNCERTAINTY,48,29,0.62337662337662336,0.37662337662337664,0.65460492629283562,0.34539507370716438,0.031228302916212258,0.55696746536112873,0.19102364353822487,-0.032280618327417847,-0.015151074459111531,"{""2020"": 77}","{""2020"": 163}",38,"[0.5117280371207936, 0.7232998839134109]"
terrain,layoff_bucket::6–12 months,2021,SELECT,196,NORMAL,89,MODERATE_UNCERTAINTY,62,27,0.6966292134831461,0.30337078651685395,0.65679226875924168,0.34320773124075832,-0.039836944723904422,0.57364853275121608,0.1978866692800671,-0.019503232818120327,-0.0081422503181583453,"{""2021"": 89}","{""2021"": 196}",36,"[0.5946286603942715, 0.7823580914791123]"
terrain,layoff_bucket::6–12 months,2022,SELECT,207,NORMAL,103,NORMAL,63,40,0.61165048543689315,0.38834951456310679,0.6710118886949088,0.3289881113050912,0.059361403258015644,0.66617713786166644,0.23462166962762354,0.00031688195949739872,0.0026214202626429818,"{""2022"": 103}","{""2022"": 207}",40,"[0.5151342340722562, 0.7001380043815406]"
terrain,layoff_bucket::6–12 months,2023,SELECT,178,NORMAL,90,MODERATE_UNCERTAINTY,52,38,0.57777777777777772,0.42222222222222222,0.66314246633522322,0.33685753366477678,0.085364688557445501,0.6548516781157856,0.22892502322954311,0.020214853223924287,0.0092301215515275623,"{""2023"": 90}","{""2023"": 178}",39,"[0.4746118562531433, 0.6745759353257391]"
terrain,layoff_bucket::6–12 months,2024,SELECT,232,NORMAL,98,MODERATE_UNCERTAINTY,60,38,0.61224489795918369,0.38775510204081631,0.67174908086034046,0.32825091913965954,0.059504182901156777,0.62393798720824434,0.21820861423161028,-0.014324779624904483,-0.0040319955131217899,"{""2024"": 98}","{""2024"": 232}",40,"[0.5132867257374744, 0.702735317296434]"
terrain,layoff_bucket::6–12 months,2025,SELECT,224,NORMAL,104,NORMAL,72,32,0.69230769230769229,0.30769230769230771,0.67194544653899591,0.32805455346100409,-0.020362245768696385,0.5895820166247262,0.20302561067100833,0.0077430595713693035,0.0032715420128883932,"{""2025"": 104}","{""2025"": 224}",39,"[0.5980794776445407, 0.7728353860583624]"
terrain,layoff_bucket::6–12 months,2026,SELECT,145,NORMAL,74,MODERATE_UNCERTAINTY,44,30,0.59459459459459463,0.40540540540540543,0.68155823913522851,0.31844176086477149,0.086963644540633878,0.61917028718497058,0.21794304454583521,0.036966848335665457,0.013153317108669602,"{""2026"": 74}","{""2026"": 145}",25,"[0.4807583890640794, 0.6990943553744422]"
terrain,layoff_bucket::< 6 months,2018,LINEAR_MIN,114,NORMAL,54,MODERATE_UNCERTAINTY,35,19,0.64814814814814814,0.35185185185185186,0.63236588798060056,0.36763411201939944,-0.015782260167547579,0.64548761291914913,0.22126014851986289,0,0,"{""2018"": 54}","{""2018"": 114}",31,"[0.5148483072023632, 0.7617698889188528]"
terrain,layoff_bucket::< 6 months,2019,LINEAR_MIN,147,NORMAL,66,MODERATE_UNCERTAINTY,48,18,0.72727272727272729,0.27272727272727271,0.70060052126152761,0.29939947873847239,-0.026672206011199684,0.63356827114449077,0.21930684652470314,0,0,"{""2019"": 66}","{""2019"": 147}",32,"[0.6095777422224589, 0.8199665500441133]"
terrain,layoff_bucket::< 6 months,2020,LINEAR_MIN,90,MODERATE_UNCERTAINTY,37,THIN_EXPLORATORY,27,10,0.72972972972972971,0.27027027027027029,0.66027450900476414,0.33972549099523586,-0.069455220724965572,0.60366525891306777,0.20909877990308656,0,0,"{""2020"": 37}","{""2020"": 90}",26,"[0.5702183167528573, 0.8460253848895091]"
terrain,layoff_bucket::< 6 months,2021,LINEAR_MIN,105,NORMAL,53,MODERATE_UNCERTAINTY,38,15,0.71698113207547165,0.28301886792452829,0.66093117673897239,0.33906882326102761,-0.056049955336499258,0.64152966664811761,0.22397047162051856,0,0,"{""2021"": 53}","{""2021"": 105}",33,"[0.5842971358358297, 0.8203370955366142]"
terrain,layoff_bucket::< 6 months,2022,LINEAR_MIN,118,NORMAL,71,MODERATE_UNCERTAINTY,44,27,0.61971830985915488,0.38028169014084506,0.69003664795286457,0.30996335204713543,0.070318338093709687,0.59824906515018694,0.20988252750091385,0,0,"{""2022"": 71}","{""2022"": 118}",35,"[0.5034185628665777, 0.7237282654806456]"
terrain,layoff_bucket::< 6 months,2023,LINEAR_MIN,117,NORMAL,60,MODERATE_UNCERTAINTY,42,18,0.69999999999999996,0.29999999999999999,0.6741050907035484,0.3258949092964516,-0.025894909296451551,0.64061027904358214,0.22636865602629991,0,0,"{""2023"": 60}","{""2023"": 117}",32,"[0.5749129205308552, 0.8010183386123089]"
terrain,layoff_bucket::< 6 months,2024,LINEAR_MIN,102,NORMAL,45,THIN_EXPLORATORY,26,19,0.57777777777777772,0.42222222222222222,0.68290275348843676,0.31709724651156324,0.10512497571065904,0.69649776435226407,0.24878137268731595,0,0,"{""2024"": 45}","{""2024"": 102}",26,"[0.4330078870920313, 0.710312975327297]"
terrain,layoff_bucket::< 6 months,2025,LINEAR_MIN,103,NORMAL,54,MODERATE_UNCERTAINTY,33,21,0.61111111111111116,0.3888888888888889,0.64502020866477094,0.35497979133522906,0.033909097553659784,0.66463992913024672,0.23639021731821452,0,0,"{""2025"": 54}","{""2025"": 103}",30,"[0.47788298538207685, 0.7295806617088351]"
terrain,layoff_bucket::< 6 months,2026,LINEAR_MIN,65,MODERATE_UNCERTAINTY,38,THIN_EXPLORATORY,28,10,0.73684210526315785,0.26315789473684209,0.70847709956895677,0.29152290043104323,-0.028365005694201084,0.46759702307283996,0.1474485455294931,0,0,"{""2026"": 38}","{""2026"": 65}",19,"[0.5799115381253364, 0.8502837874520186]"
terrain,layoff_bucket::< 6 months,2018,XGB,114,NORMAL,54,MODERATE_UNCERTAINTY,35,19,0.64814814814814814,0.35185185185185186,0.60735096202956307,0.39264903797043693,-0.040797186118585071,0.62774462792184071,0.21975595803402181,-0.017742984997308562,-0.0015041904858410162,"{""2018"": 54}","{""2018"": 114}",31,"[0.5148483072023632, 0.7617698889188528]"
terrain,layoff_bucket::< 6 months,2019,XGB,147,NORMAL,66,MODERATE_UNCERTAINTY,48,18,0.72727272727272729,0.27272727272727271,0.67685163653258118,0.32314836346741882,-0.050421090740146113,0.59589308456969736,0.20094129296267518,-0.037675186574793525,-0.018365553562027934,"{""2019"": 66}","{""2019"": 147}",32,"[0.6095777422224589, 0.8199665500441133]"
terrain,layoff_bucket::< 6 months,2020,XGB,90,MODERATE_UNCERTAINTY,37,THIN_EXPLORATORY,27,10,0.72972972972972971,0.27027027027027029,0.66205243967674876,0.33794756032325124,-0.067677290052980954,0.59583466656195561,0.20381170706766083,-0.0078305923511120361,-0.0052870728354257393,"{""2020"": 37}","{""2020"": 90}",26,"[0.5702183167528573, 0.8460253848895091]"
terrain,layoff_bucket::< 6 months,2021,XGB,105,NORMAL,53,MODERATE_UNCERTAINTY,38,15,0.71698113207547165,0.28301886792452829,0.65955730035619919,0.34044269964380081,-0.057423831719272456,0.63063700521094024,0.22020001774488326,-0.010892661437177225,-0.0037704538756352861,"{""2021"": 53}","{""2021"": 105}",33,"[0.5842971358358297, 0.8203370955366142]"
terrain,layoff_bucket::< 6 months,2022,XGB,118,NORMAL,71,MODERATE_UNCERTAINTY,44,27,0.61971830985915488,0.38028169014084506,0.67454462613857968,0.32545537386142032,0.054826316279424803,0.59995320963050858,0.20896324767353405,0.001704144480321779,-0.00091927982737978258,"{""2022"": 71}","{""2022"": 118}",35,"[0.5034185628665777, 0.7237282654806456]"
terrain,layoff_bucket::< 6 months,2023,XGB,117,NORMAL,60,MODERATE_UNCERTAINTY,42,18,0.69999999999999996,0.29999999999999999,0.65602714816729224,0.34397285183270776,-0.043972851832707716,0.61851887629687008,0.21321790133337729,-0.022091402746711949,-0.013150754692922621,"{""2023"": 60}","{""2023"": 117}",32,"[0.5749129205308552, 0.8010183386123089]"
terrain,layoff_bucket::< 6 months,2024,XGB,102,NORMAL,45,THIN_EXPLORATORY,26,19,0.57777777777777772,0.42222222222222222,0.64340119361877446,0.35659880638122554,0.065623415840996735,0.66028128460227131,0.23281022433263673,-0.036216479749992758,-0.0159711483546792,"{""2024"": 45}","{""2024"": 102}",26,"[0.4330078870920313, 0.710312975327297]"
terrain,layoff_bucket::< 6 months,2025,XGB,103,NORMAL,54,MODERATE_UNCERTAINTY,33,21,0.61111111111111116,0.3888888888888889,0.6486396717804449,0.3513603282195551,0.037528560669333744,0.64274878540167868,0.22603061471616825,-0.021891143728568214,-0.010359602602046273,"{""2025"": 54}","{""2025"": 103}",30,"[0.47788298538207685, 0.7295806617088351]"
terrain,layoff_bucket::< 6 months,2026,XGB,65,MODERATE_UNCERTAINTY,38,THIN_EXPLORATORY,28,10,0.73684210526315785,0.26315789473684209,0.70878833571546951,0.29121166428453049,-0.028053769547688345,0.50493026456928403,0.16204634710679588,0.037333241496444104,0.014597801577302788,"{""2026"": 38}","{""2026"": 65}",19,"[0.5799115381253364, 0.8502837874520186]"
terrain,layoff_bucket::< 6 months,2018,LGBM,114,NORMAL,54,MODERATE_UNCERTAINTY,35,19,0.64814814814814814,0.35185185185185186,0.60459609088328126,0.39540390911671874,-0.043552057264866884,0.62611461445893246,0.21834648375484031,-0.019372998460216739,-0.0029136647650224753,"{""2018"": 54}","{""2018"": 114}",31,"[0.5148483072023632, 0.7617698889188528]"
terrain,layoff_bucket::< 6 months,2019,LGBM,147,NORMAL,66,MODERATE_UNCERTAINTY,48,18,0.72727272727272729,0.27272727272727271,0.68113098977023534,0.31886901022976466,-0.046141737502491953,0.58765787414983284,0.19905719698076019,-0.045910396994658084,-0.020249649543942903,"{""2019"": 66}","{""2019"": 147}",32,"[0.6095777422224589, 0.8199665500441133]"
terrain,layoff_bucket::< 6 months,2020,LGBM,90,MODERATE_UNCERTAINTY,37,THIN_EXPLORATORY,27,10,0.72972972972972971,0.27027027027027029,0.66666811858114361,0.33333188141885639,-0.063061611148586105,0.60806852128628663,0.20885373616919686,0.0044032623732189287,-0.00024504373388974717,"{""2020"": 37}","{""2020"": 90}",26,"[0.5702183167528573, 0.8460253848895091]"
terrain,layoff_bucket::< 6 months,2021,LGBM,105,NORMAL,53,MODERATE_UNCERTAINTY,38,15,0.71698113207547165,0.28301886792452829,0.66534496835682611,0.33465503164317389,-0.051636163718645545,0.6257427672166328,0.21784322093725467,-0.015786899431484817,-0.0061272506832639245,"{""2021"": 53}","{""2021"": 105}",33,"[0.5842971358358297, 0.8203370955366142]"
terrain,layoff_bucket::< 6 months,2022,LGBM,118,NORMAL,71,MODERATE_UNCERTAINTY,44,27,0.61971830985915488,0.38028169014084506,0.68392897739494685,0.31607102260505315,0.064210667535791965,0.59146750543718252,0.20657853277933708,-0.006781559713004235,-0.0033039947215767612,"{""2022"": 71}","{""2022"": 118}",35,"[0.5034185628665777, 0.7237282654806456]"
terrain,layoff_bucket::< 6 months,2023,LGBM,117,NORMAL,60,MODERATE_UNCERTAINTY,42,18,0.69999999999999996,0.29999999999999999,0.6675156628492549,0.3324843371507451,-0.032484337150745057,0.62437730138951342,0.21645063018959584,-0.016232977654068566,-0.0099180258367040294,"{""2023"": 60}","{""2023"": 117}",32,"[0.5749129205308552, 0.8010183386123089]"
terrain,layoff_bucket::< 6 months,2024,LGBM,102,NORMAL,45,THIN_EXPLORATORY,26,19,0.57777777777777772,0.42222222222222222,0.6607921442178436,0.3392078557821564,0.083014366440065879,0.67203598341907833,0.23996120150915215,-0.024461780933185642,-0.0088201711781637805,"{""2024"": 45}","{""2024"": 102}",26,"[0.4330078870920313, 0.710312975327297]"
terrain,layoff_bucket::< 6 months,2025,LGBM,103,NORMAL,54,MODERATE_UNCERTAINTY,33,21,0.61111111111111116,0.3888888888888889,0.64571774227314327,0.35428225772685673,0.034606631162032109,0.64804531620092076,0.22867904572483158,-0.016594612929325778,-0.0077111715933830156,"{""2025"": 54}","{""2025"": 103}",30,"[0.47788298538207685, 0.7295806617088351]"
terrain,layoff_bucket::< 6 months,2026,LGBM,65,MODERATE_UNCERTAINTY,38,THIN_EXPLORATORY,28,10,0.73684210526315785,0.26315789473684209,0.68762346793834794,0.31237653206165206,-0.049218637324809911,0.52204336155434339,0.16810170812040498,0.054446338481503473,0.020653162590911871,"{""2026"": 38}","{""2026"": 65}",19,"[0.5799115381253364, 0.8502837874520186]"
terrain,layoff_bucket::< 6 months,2018,CAT,114,NORMAL,54,MODERATE_UNCERTAINTY,35,19,0.64814814814814814,0.35185185185185186,0.60668741729368414,0.39331258270631586,-0.041460730854464001,0.62898563913137295,0.21958305401085293,-0.016501973787776028,-0.0016770945090099165,"{""2018"": 54}","{""2018"": 114}",31,"[0.5148483072023632, 0.7617698889188528]"
terrain,layoff_bucket::< 6 months,2019,CAT,147,NORMAL,66,MODERATE_UNCERTAINTY,48,18,0.72727272727272729,0.27272727272727271,0.6886328147012909,0.3113671852987091,-0.038639912571436397,0.59083456223436148,0.20091752334772819,-0.042733708910129481,-0.01838932317697492,"{""2019"": 66}","{""2019"": 147}",32,"[0.6095777422224589, 0.8199665500441133]"
terrain,layoff_bucket::< 6 months,2020,CAT,90,MODERATE_UNCERTAINTY,37,THIN_EXPLORATORY,27,10,0.72972972972972971,0.27027027027027029,0.66697270923894125,0.33302729076105875,-0.062757020490788462,0.61443676957259941,0.21008695718984063,0.01077151065953184,0.00098817728675404609,"{""2020"": 37}","{""2020"": 90}",26,"[0.5702183167528573, 0.8460253848895091]"
terrain,layoff_bucket::< 6 months,2021,CAT,105,NORMAL,53,MODERATE_UNCERTAINTY,38,15,0.71698113207547165,0.28301886792452829,0.65490267029577087,0.34509732970422913,-0.062078461779700778,0.67806365349545394,0.2382501732283504,0.036533986847336247,0.014279701607831825,"{""2021"": 53}","{""2021"": 105}",33,"[0.5842971358358297, 0.8203370955366142]"
terrain,layoff_bucket::< 6 months,2022,CAT,118,NORMAL,71,MODERATE_UNCERTAINTY,44,27,0.61971830985915488,0.38028169014084506,0.69084473844362848,0.30915526155637152,0.0711264285844736,0.586447653060999,0.20420509517818228,-0.01180141208918772,-0.0056774323227315989,"{""2022"": 71}","{""2022"": 118}",35,"[0.5034185628665777, 0.7237282654806456]"
terrain,layoff_bucket::< 6 months,2023,CAT,117,NORMAL,60,MODERATE_UNCERTAINTY,42,18,0.69999999999999996,0.29999999999999999,0.66129063813375655,0.33870936186624345,-0.038709361866243408,0.63878357218657678,0.22363986850662801,-0.0018267068570052979,-0.0027287875196718553,"{""2023"": 60}","{""2023"": 117}",32,"[0.5749129205308552, 0.8010183386123089]"
terrain,layoff_bucket::< 6 months,2024,CAT,102,NORMAL,45,THIN_EXPLORATORY,26,19,0.57777777777777772,0.42222222222222222,0.68892160095003863,0.31107839904996137,0.1111438231722609,0.66065164347091432,0.23311950958865349,-0.035846120881349662,-0.015661863098662476,"{""2024"": 45}","{""2024"": 102}",26,"[0.4330078870920313, 0.710312975327297]"
terrain,layoff_bucket::< 6 months,2025,CAT,103,NORMAL,54,MODERATE_UNCERTAINTY,33,21,0.61111111111111116,0.3888888888888889,0.64226491868749469,0.35773508131250531,0.03115380757638353,0.65151225654806821,0.22991799126391455,-0.013127672582178375,-0.0064722260543000057,"{""2025"": 54}","{""2025"": 103}",30,"[0.47788298538207685, 0.7295806617088351]"
terrain,layoff_bucket::< 6 months,2026,CAT,65,MODERATE_UNCERTAINTY,38,THIN_EXPLORATORY,28,10,0.73684210526315785,0.26315789473684209,0.71018672167106067,0.28981327832893933,-0.026655383592097182,0.50727392383888092,0.16090500346412931,0.039676900766040829,0.013456457934636193,"{""2026"": 38}","{""2026"": 65}",19,"[0.5799115381253364, 0.8502837874520186]"
terrain,layoff_bucket::< 6 months,2018,SELECT,114,NORMAL,54,MODERATE_UNCERTAINTY,35,19,0.64814814814814814,0.35185185185185186,0.60735096202956307,0.39264903797043693,-0.040797186118585071,0.62774462792184071,0.21975595803402181,-0.017742984997308562,-0.0015041904858410162,"{""2018"": 54}","{""2018"": 114}",31,"[0.5148483072023632, 0.7617698889188528]"
terrain,layoff_bucket::< 6 months,2019,SELECT,147,NORMAL,66,MODERATE_UNCERTAINTY,48,18,0.72727272727272729,0.27272727272727271,0.67685163653258118,0.32314836346741882,-0.050421090740146113,0.59589308456969736,0.20094129296267518,-0.037675186574793525,-0.018365553562027934,"{""2019"": 66}","{""2019"": 147}",32,"[0.6095777422224589, 0.8199665500441133]"
terrain,layoff_bucket::< 6 months,2020,SELECT,90,MODERATE_UNCERTAINTY,37,THIN_EXPLORATORY,27,10,0.72972972972972971,0.27027027027027029,0.66666811858114361,0.33333188141885639,-0.063061611148586105,0.60806852128628663,0.20885373616919686,0.0044032623732189287,-0.00024504373388974717,"{""2020"": 37}","{""2020"": 90}",26,"[0.5702183167528573, 0.8460253848895091]"
terrain,layoff_bucket::< 6 months,2021,SELECT,105,NORMAL,53,MODERATE_UNCERTAINTY,38,15,0.71698113207547165,0.28301886792452829,0.65490267029577087,0.34509732970422913,-0.062078461779700778,0.67806365349545394,0.2382501732283504,0.036533986847336247,0.014279701607831825,"{""2021"": 53}","{""2021"": 105}",33,"[0.5842971358358297, 0.8203370955366142]"
terrain,layoff_bucket::< 6 months,2022,SELECT,118,NORMAL,71,MODERATE_UNCERTAINTY,44,27,0.61971830985915488,0.38028169014084506,0.68392897739494685,0.31607102260505315,0.064210667535791965,0.59146750543718252,0.20657853277933708,-0.006781559713004235,-0.0033039947215767612,"{""2022"": 71}","{""2022"": 118}",35,"[0.5034185628665777, 0.7237282654806456]"
terrain,layoff_bucket::< 6 months,2023,SELECT,117,NORMAL,60,MODERATE_UNCERTAINTY,42,18,0.69999999999999996,0.29999999999999999,0.66129063813375655,0.33870936186624345,-0.038709361866243408,0.63878357218657678,0.22363986850662801,-0.0018267068570052979,-0.0027287875196718553,"{""2023"": 60}","{""2023"": 117}",32,"[0.5749129205308552, 0.8010183386123089]"
terrain,layoff_bucket::< 6 months,2024,SELECT,102,NORMAL,45,THIN_EXPLORATORY,26,19,0.57777777777777772,0.42222222222222222,0.68892160095003863,0.31107839904996137,0.1111438231722609,0.66065164347091432,0.23311950958865349,-0.035846120881349662,-0.015661863098662476,"{""2024"": 45}","{""2024"": 102}",26,"[0.4330078870920313, 0.710312975327297]"
terrain,layoff_bucket::< 6 months,2025,SELECT,103,NORMAL,54,MODERATE_UNCERTAINTY,33,21,0.61111111111111116,0.3888888888888889,0.64571774227314327,0.35428225772685673,0.034606631162032109,0.64804531620092076,0.22867904572483158,-0.016594612929325778,-0.0077111715933830156,"{""2025"": 54}","{""2025"": 103}",30,"[0.47788298538207685, 0.7295806617088351]"
terrain,layoff_bucket::< 6 months,2026,SELECT,65,MODERATE_UNCERTAINTY,38,THIN_EXPLORATORY,28,10,0.73684210526315785,0.26315789473684209,0.68762346793834794,0.31237653206165206,-0.049218637324809911,0.52204336155434339,0.16810170812040498,0.054446338481503473,0.020653162590911871,"{""2026"": 38}","{""2026"": 65}",19,"[0.5799115381253364, 0.8502837874520186]"
terrain,layoff_bucket::STRUCTURAL_NA_OR_UNKNOWN,2018,LINEAR_MIN,96,MODERATE_UNCERTAINTY,51,MODERATE_UNCERTAINTY,28,23,0.5490196078431373,0.45098039215686275,0.63715929047507736,0.36284070952492264,0.088139682631940053,0.64251274551808812,0.2276526976562176,0,0,"{""2018"": 51}","{""2018"": 96}",28,"[0.41384708550368815, 0.6773248145062598]"
terrain,layoff_bucket::STRUCTURAL_NA_OR_UNKNOWN,2019,LINEAR_MIN,116,NORMAL,51,MODERATE_UNCERTAINTY,26,25,0.50980392156862742,0.49019607843137253,0.61657001144363033,0.38342998855636967,0.10676608987500291,0.66438342319299126,0.2381467682877382,0,0,"{""2019"": 51}","{""2019"": 116}",31,"[0.37680923894569696, 0.6414251410562926]"
terrain,layoff_bucket::STRUCTURAL_NA_OR_UNKNOWN,2020,LINEAR_MIN,95,MODERATE_UNCERTAINTY,53,MODERATE_UNCERTAINTY,36,17,0.67924528301886788,0.32075471698113206,0.62429395437804469,0.37570604562195531,-0.054951328640823194,0.60226026185440129,0.20651860084041421,0,0,"{""2020"": 53}","{""2020"": 95}",32,"[0.545185201490326, 0.7890778592086491]"
terrain,layoff_bucket::STRUCTURAL_NA_OR_UNKNOWN,2021,LINEAR_MIN,77,MODERATE_UNCERTAINTY,40,THIN_EXPLORATORY,30,10,0.75,0.25,0.63013377015135286,0.36986622984864714,-0.11986622984864714,0.61059673480715426,0.20799040910125929,0,0,"{""2021"": 40}","{""2021"": 77}",27,"[0.5980603857923197, 0.858128813609037]"
terrain,layoff_bucket::STRUCTURAL_NA_OR_UNKNOWN,2022,LINEAR_MIN,85,MODERATE_UNCERTAINTY,43,THIN_EXPLORATORY,31,12,0.72093023255813948,0.27906976744186046,0.6246399901976134,0.3753600098023866,-0.096290242360526079,0.58865689789420972,0.19954017517162961,0,0,"{""2022"": 43}","{""2022"": 85}",29,"[0.5730897131812113, 0.8325338621376251]"
terrain,layoff_bucket::STRUCTURAL_NA_OR_UNKNOWN,2023,LINEAR_MIN,112,NORMAL,59,MODERATE_UNCERTAINTY,37,22,0.6271186440677966,0.3728813559322034,0.6264462122086103,0.3735537877913897,-0.00067243185918630655,0.62929824233726672,0.21869110935835842,0,0,"{""2023"": 59}","{""2023"": 112}",30,"[0.4995359106706382, 0.7391600120767886]"
terrain,layoff_bucket::STRUCTURAL_NA_OR_UNKNOWN,2024,LINEAR_MIN,80,MODERATE_UNCERTAINTY,40,THIN_EXPLORATORY,28,12,0.69999999999999996,0.29999999999999999,0.64572736521471297,0.35427263478528703,-0.054272634785286988,0.56430357416361376,0.18944956659938553,0,0,"{""2024"": 40}","{""2024"": 80}",22,"[0.5456998118185507, 0.8192515477025347]"
terrain,layoff_bucket::STRUCTURAL_NA_OR_UNKNOWN,2025,LINEAR_MIN,86,MODERATE_UNCERTAINTY,53,MODERATE_UNCERTAINTY,37,16,0.69811320754716977,0.30188679245283018,0.66488238196993255,0.33511761803006745,-0.033230825577237222,0.58077073019769154,0.1968503499856461,0,0,"{""2025"": 53}","{""2025"": 86}",31,"[0.5646316733114988, 0.8048169727242108]"
terrain,layoff_bucket::STRUCTURAL_NA_OR_UNKNOWN,2026,LINEAR_MIN,74,MODERATE_UNCERTAINTY,44,THIN_EXPLORATORY,33,11,0.75,0.25,0.68397619359083672,0.31602380640916328,-0.066023806409163277,0.55859963980480321,0.18546915684064891,0,0,"{""2026"": 44}","{""2026"": 74}",21,"[0.6055943364104086, 0.8542578617103511]"
terrain,layoff_bucket::STRUCTURAL_NA_OR_UNKNOWN,2018,XGB,96,MODERATE_UNCERTAINTY,51,MODERATE_UNCERTAINTY,28,23,0.5490196078431373,0.45098039215686275,0.6234640017444012,0.3765359982555988,0.074444393901263894,0.65211770098963251,0.23185330927928224,0.0096049554715445344,0.0042006116230645955,"{""2018"": 51}","{""2018"": 96}",28,"[0.41384708550368815, 0.6773248145062598]"
terrain,layoff_bucket::STRUCTURAL_NA_OR_UNKNOWN,2019,XGB,116,NORMAL,51,MODERATE_UNCERTAINTY,26,25,0.50980392156862742,0.49019607843137253,0.6042402269793492,0.3957597730206508,0.094436305410721788,0.68825509260117568,0.24737446524702991,0.023871669408184557,0.0092276969592916969,"{""2019"": 51}","{""2019"": 116}",31,"[0.37680923894569696, 0.6414251410562926]"
terrain,layoff_bucket::STRUCTURAL_NA_OR_UNKNOWN,2020,XGB,95,MODERATE_UNCERTAINTY,53,MODERATE_UNCERTAINTY,36,17,0.67924528301886788,0.32075471698113206,0.6155469749333724,0.3844530250666276,-0.063698308085495481,0.60660808440924263,0.20960259688656876,0.0043478225548413589,0.0030839960461545705,"{""2020"": 53}","{""2020"": 95}",32,"[0.545185201490326, 0.7890778592086491]"
terrain,layoff_bucket::STRUCTURAL_NA_OR_UNKNOWN,2021,XGB,77,MODERATE_UNCERTAINTY,40,THIN_EXPLORATORY,30,10,0.75,0.25,0.61440722420811655,0.38559277579188345,-0.13559277579188345,0.61921211592807812,0.21242388260604264,0.0086153811209237173,0.0044334735047833942,"{""2021"": 40}","{""2021"": 77}",27,"[0.5980603857923197, 0.858128813609037]"
terrain,layoff_bucket::STRUCTURAL_NA_OR_UNKNOWN,2022,XGB,85,MODERATE_UNCERTAINTY,43,THIN_EXPLORATORY,31,12,0.72093023255813948,0.27906976744186046,0.62447142393090005,0.37552857606909995,-0.096458808627239434,0.61805753055040047,0.21244238719462846,0.029400632656190716,0.012902212022998856,"{""2022"": 43}","{""2022"": 85}",29,"[0.5730897131812113, 0.8325338621376251]"
terrain,layoff_bucket::STRUCTURAL_NA_OR_UNKNOWN,2023,XGB,112,NORMAL,59,MODERATE_UNCERTAINTY,37,22,0.6271186440677966,0.3728813559322034,0.61240021101499009,0.38759978898500991,-0.014718433052806512,0.64639207376819352,0.22636360517047377,0.017093831430926947,0.007672495812115405,"{""2023"": 59}","{""2023"": 112}",30,"[0.4995359106706382, 0.7391600120767886]"
terrain,layoff_bucket::STRUCTURAL_NA_OR_UNKNOWN,2024,XGB,80,MODERATE_UNCERTAINTY,40,THIN_EXPLORATORY,28,12,0.69999999999999996,0.29999999999999999,0.60398635715246196,0.39601364284753804,-0.096013642847537994,0.60192220108687533,0.20645720158328115,0.037618626923261525,0.017007634983895615,"{""2024"": 40}","{""2024"": 80}",22,"[0.5456998118185507, 0.8192515477025347]"
terrain,layoff_bucket::STRUCTURAL_NA_OR_UNKNOWN,2025,XGB,86,MODERATE_UNCERTAINTY,53,MODERATE_UNCERTAINTY,37,16,0.69811320754716977,0.30188679245283018,0.66917081036657655,0.33082918963342345,-0.028942397180593216,0.56765848817010855,0.19157417965895523,-0.01311224202758301,-0.0052761703266908846,"{""2025"": 53}","{""2025"": 86}",31,"[0.5646316733114988, 0.8048169727242108]"
terrain,layoff_bucket::STRUCTURAL_NA_OR_UNKNOWN,2026,XGB,74,MODERATE_UNCERTAINTY,44,THIN_EXPLORATORY,33,11,0.75,0.25,0.67046324773268262,0.32953675226731738,-0.079536752267317379,0.56201924848934659,0.18658368272799211,0.0034196086845434139,0.0011145258873432101,"{""2026"": 44}","{""2026"": 74}",21,"[0.6055943364104086, 0.8542578617103511]"
terrain,layoff_bucket::STRUCTURAL_NA_OR_UNKNOWN,2018,LGBM,96,MODERATE_UNCERTAINTY,51,MODERATE_UNCERTAINTY,28,23,0.5490196078431373,0.45098039215686275,0.61842829681868172,0.38157170318131828,0.069408688975544419,0.65581166456522222,0.23226285941892258,0.013298919047134103,0.0046101617627049138,"{""2018"": 51}","{""2018"": 96}",28,"[0.41384708550368815, 0.6773248145062598]"
terrain,layoff_bucket::STRUCTURAL_NA_OR_UNKNOWN,2019,LGBM,116,NORMAL,51,MODERATE_UNCERTAINTY,26,25,0.50980392156862742,0.49019607843137253,0.58228556910877483,0.41771443089122517,0.072481647540147409,0.68267259180899176,0.24553287881135319,0.01828916861600054,0.0073861105236149634,"{""2019"": 51}","{""2019"": 116}",31,"[0.37680923894569696, 0.6414251410562926]"
terrain,layoff_bucket::STRUCTURAL_NA_OR_UNKNOWN,2020,LGBM,95,MODERATE_UNCERTAINTY,53,MODERATE_UNCERTAINTY,36,17,0.67924528301886788,0.32075471698113206,0.60902012380938353,0.39097987619061647,-0.070225159209484356,0.62740105544939218,0.21921985294623264,0.025140793594990888,0.012701252105818442,"{""2020"": 53}","{""2020"": 95}",32,"[0.545185201490326, 0.7890778592086491]"
terrain,layoff_bucket::STRUCTURAL_NA_OR_UNKNOWN,2021,LGBM,77,MODERATE_UNCERTAINTY,40,THIN_EXPLORATORY,30,10,0.75,0.25,0.61742509045185689,0.38257490954814311,-0.13257490954814311,0.61898441283649686,0.21211329962994077,0.0083876780293425553,0.0041228905286814967,"{""2021"": 40}","{""2021"": 77}",27,"[0.5980603857923197, 0.858128813609037]"
terrain,layoff_bucket::STRUCTURAL_NA_OR_UNKNOWN,2022,LGBM,85,MODERATE_UNCERTAINTY,43,THIN_EXPLORATORY,31,12,0.72093023255813948,0.27906976744186046,0.62126282882254003,0.37873717117745997,-0.099667403735599458,0.62286476588996675,0.21468180061217751,0.034207867995757021,0.015141625440547925,"{""2022"": 43}","{""2022"": 85}",29,"[0.5730897131812113, 0.8325338621376251]"
terrain,layoff_bucket::STRUCTURAL_NA_OR_UNKNOWN,2023,LGBM,112,NORMAL,59,MODERATE_UNCERTAINTY,37,22,0.6271186440677966,0.3728813559322034,0.61473977997951912,0.38526022002048088,-0.012378864088277486,0.64666763589172249,0.22632271747306351,0.017369393554455683,0.0076316081147051393,"{""2023"": 59}","{""2023"": 112}",30,"[0.4995359106706382, 0.7391600120767886]"
terrain,layoff_bucket::STRUCTURAL_NA_OR_UNKNOWN,2024,LGBM,80,MODERATE_UNCERTAINTY,40,THIN_EXPLORATORY,28,12,0.69999999999999996,0.29999999999999999,0.62821993795723685,0.37178006204276315,-0.071780062042763104,0.59011756365453816,0.20082242858252886,0.025813989490924345,0.01137286198314329,"{""2024"": 40}","{""2024"": 80}",22,"[0.5456998118185507, 0.8192515477025347]"
terrain,layoff_bucket::STRUCTURAL_NA_OR_UNKNOWN,2025,LGBM,86,MODERATE_UNCERTAINTY,53,MODERATE_UNCERTAINTY,37,16,0.69811320754716977,0.30188679245283018,0.66981174321328663,0.33018825678671337,-0.028301464333883142,0.55770537434902456,0.18718404557733137,-0.023065355848666962,-0.0096663044083147125,"{""2025"": 53}","{""2025"": 86}",31,"[0.5646316733114988, 0.8048169727242108]"
terrain,layoff_bucket::STRUCTURAL_NA_OR_UNKNOWN,2026,LGBM,74,MODERATE_UNCERTAINTY,44,THIN_EXPLORATORY,33,11,0.75,0.25,0.67862934648338991,0.32137065351661009,-0.071370653516610094,0.57821956327193291,0.19416457638302423,0.019619923467129631,0.008695419542375328,"{""2026"": 44}","{""2026"": 74}",21,"[0.6055943364104086, 0.8542578617103511]"
terrain,layoff_bucket::STRUCTURAL_NA_OR_UNKNOWN,2018,CAT,96,MODERATE_UNCERTAINTY,51,MODERATE_UNCERTAINTY,28,23,0.5490196078431373,0.45098039215686275,0.63401116301977278,0.36598883698022722,0.08499155517663548,0.64649563469353188,0.22906140747203502,0.003982889175443702,0.0014087098158173832,"{""2018"": 51}","{""2018"": 96}",28,"[0.41384708550368815, 0.6773248145062598]"
terrain,layoff_bucket::STRUCTURAL_NA_OR_UNKNOWN,2019,CAT,116,NORMAL,51,MODERATE_UNCERTAINTY,26,25,0.50980392156862742,0.49019607843137253,0.59519357005433837,0.40480642994566163,0.085389648485710956,0.66784088904773953,0.23862278775299728,0.0034574658547482772,0.00047601946525904174,"{""2019"": 51}","{""2019"": 116}",31,"[0.37680923894569696, 0.6414251410562926]"
terrain,layoff_bucket::STRUCTURAL_NA_OR_UNKNOWN,2020,CAT,95,MODERATE_UNCERTAINTY,53,MODERATE_UNCERTAINTY,36,17,0.67924528301886788,0.32075471698113206,0.62187027225841629,0.37812972774158371,-0.057375010760451595,0.60922807810189816,0.21145916395948719,0.0069678162474968146,0.0049405631190729887,"{""2020"": 53}","{""2020"": 95}",32,"[0.545185201490326, 0.7890778592086491]"
terrain,layoff_bucket::STRUCTURAL_NA_OR_UNKNOWN,2021,CAT,77,MODERATE_UNCERTAINTY,40,THIN_EXPLORATORY,30,10,0.75,0.25,0.61381557737196613,0.38618442262803387,-0.13618442262803387,0.63262914948567495,0.2171152975725395,0.022032414678520702,0.0091248884712802469,"{""2021"": 40}","{""2021"": 77}",27,"[0.5980603857923197, 0.858128813609037]"
terrain,layoff_bucket::STRUCTURAL_NA_OR_UNKNOWN,2022,CAT,85,MODERATE_UNCERTAINTY,43,THIN_EXPLORATORY,31,12,0.72093023255813948,0.27906976744186046,0.62985853578162554,0.37014146421837446,-0.091071696776513944,0.59096426602367924,0.19958687569803746,0.002307368129469493,4.6700526407898185e-05,"{""2022"": 43}","{""2022"": 85}",29,"[0.5730897131812113, 0.8325338621376251]"
terrain,layoff_bucket::STRUCTURAL_NA_OR_UNKNOWN,2023,CAT,112,NORMAL,59,MODERATE_UNCERTAINTY,37,22,0.6271186440677966,0.3728813559322034,0.6195163852208484,0.3804836147791516,-0.0076022588469482066,0.65942886502230247,0.23220318678274984,0.030130622685035569,0.013512077424391439,"{""2023"": 59}","{""2023"": 112}",30,"[0.4995359106706382, 0.7391600120767886]"
terrain,layoff_bucket::STRUCTURAL_NA_OR_UNKNOWN,2024,CAT,80,MODERATE_UNCERTAINTY,40,THIN_EXPLORATORY,28,12,0.69999999999999996,0.29999999999999999,0.64172441328714391,0.35827558671285609,-0.058275586712856042,0.5797886148389223,0.19719519646727424,0.015485040675308436,0.0077456298678886884,"{""2024"": 40}","{""2024"": 80}",22,"[0.5456998118185507, 0.8192515477025347]"
terrain,layoff_bucket::STRUCTURAL_NA_OR_UNKNOWN,2025,CAT,86,MODERATE_UNCERTAINTY,53,MODERATE_UNCERTAINTY,37,16,0.69811320754716977,0.30188679245283018,0.66516323576501613,0.33483676423498387,-0.032949971782153642,0.56902153862430649,0.19188801594995197,-0.011749191573385017,-0.0049623340356941331,"{""2025"": 53}","{""2025"": 86}",31,"[0.5646316733114988, 0.8048169727242108]"
terrain,layoff_bucket::STRUCTURAL_NA_OR_UNKNOWN,2026,CAT,74,MODERATE_UNCERTAINTY,44,THIN_EXPLORATORY,33,11,0.75,0.25,0.66751158335705763,0.33248841664294237,-0.082488416642942375,0.55522334811158924,0.18442921771703844,-0.003376291693213965,-0.0010399391236104679,"{""2026"": 44}","{""2026"": 74}",21,"[0.6055943364104086, 0.8542578617103511]"
terrain,layoff_bucket::STRUCTURAL_NA_OR_UNKNOWN,2018,SELECT,96,MODERATE_UNCERTAINTY,51,MODERATE_UNCERTAINTY,28,23,0.5490196078431373,0.45098039215686275,0.6234640017444012,0.3765359982555988,0.074444393901263894,0.65211770098963251,0.23185330927928224,0.0096049554715445344,0.0042006116230645955,"{""2018"": 51}","{""2018"": 96}",28,"[0.41384708550368815, 0.6773248145062598]"
terrain,layoff_bucket::STRUCTURAL_NA_OR_UNKNOWN,2019,SELECT,116,NORMAL,51,MODERATE_UNCERTAINTY,26,25,0.50980392156862742,0.49019607843137253,0.6042402269793492,0.3957597730206508,0.094436305410721788,0.68825509260117568,0.24737446524702991,0.023871669408184557,0.0092276969592916969,"{""2019"": 51}","{""2019"": 116}",31,"[0.37680923894569696, 0.6414251410562926]"
terrain,layoff_bucket::STRUCTURAL_NA_OR_UNKNOWN,2020,SELECT,95,MODERATE_UNCERTAINTY,53,MODERATE_UNCERTAINTY,36,17,0.67924528301886788,0.32075471698113206,0.60902012380938353,0.39097987619061647,-0.070225159209484356,0.62740105544939218,0.21921985294623264,0.025140793594990888,0.012701252105818442,"{""2020"": 53}","{""2020"": 95}",32,"[0.545185201490326, 0.7890778592086491]"
terrain,layoff_bucket::STRUCTURAL_NA_OR_UNKNOWN,2021,SELECT,77,MODERATE_UNCERTAINTY,40,THIN_EXPLORATORY,30,10,0.75,0.25,0.61381557737196613,0.38618442262803387,-0.13618442262803387,0.63262914948567495,0.2171152975725395,0.022032414678520702,0.0091248884712802469,"{""2021"": 40}","{""2021"": 77}",27,"[0.5980603857923197, 0.858128813609037]"
terrain,layoff_bucket::STRUCTURAL_NA_OR_UNKNOWN,2022,SELECT,85,MODERATE_UNCERTAINTY,43,THIN_EXPLORATORY,31,12,0.72093023255813948,0.27906976744186046,0.62126282882254003,0.37873717117745997,-0.099667403735599458,0.62286476588996675,0.21468180061217751,0.034207867995757021,0.015141625440547925,"{""2022"": 43}","{""2022"": 85}",29,"[0.5730897131812113, 0.8325338621376251]"
terrain,layoff_bucket::STRUCTURAL_NA_OR_UNKNOWN,2023,SELECT,112,NORMAL,59,MODERATE_UNCERTAINTY,37,22,0.6271186440677966,0.3728813559322034,0.6195163852208484,0.3804836147791516,-0.0076022588469482066,0.65942886502230247,0.23220318678274984,0.030130622685035569,0.013512077424391439,"{""2023"": 59}","{""2023"": 112}",30,"[0.4995359106706382, 0.7391600120767886]"
terrain,layoff_bucket::STRUCTURAL_NA_OR_UNKNOWN,2024,SELECT,80,MODERATE_UNCERTAINTY,40,THIN_EXPLORATORY,28,12,0.69999999999999996,0.29999999999999999,0.64172441328714391,0.35827558671285609,-0.058275586712856042,0.5797886148389223,0.19719519646727424,0.015485040675308436,0.0077456298678886884,"{""2024"": 40}","{""2024"": 80}",22,"[0.5456998118185507, 0.8192515477025347]"
terrain,layoff_bucket::STRUCTURAL_NA_OR_UNKNOWN,2025,SELECT,86,MODERATE_UNCERTAINTY,53,MODERATE_UNCERTAINTY,37,16,0.69811320754716977,0.30188679245283018,0.66981174321328663,0.33018825678671337,-0.028301464333883142,0.55770537434902456,0.18718404557733137,-0.023065355848666962,-0.0096663044083147125,"{""2025"": 53}","{""2025"": 86}",31,"[0.5646316733114988, 0.8048169727242108]"
terrain,layoff_bucket::STRUCTURAL_NA_OR_UNKNOWN,2026,SELECT,74,MODERATE_UNCERTAINTY,44,THIN_EXPLORATORY,33,11,0.75,0.25,0.67862934648338991,0.32137065351661009,-0.071370653516610094,0.57821956327193291,0.19416457638302423,0.019619923467129631,0.008695419542375328,"{""2026"": 44}","{""2026"": 74}",21,"[0.6055943364104086, 0.8542578617103511]"
terrain,scheduled_duration_bucket::3_ROUND,2018,LINEAR_MIN,425,NORMAL,211,NORMAL,126,85,0.59715639810426535,0.40284360189573459,0.64257291979180475,0.35742708020819525,0.045416521687539402,0.63776744346002667,0.22224532981402986,0,0,"{""2018"": 211}","{""2018"": 425}",39,"[0.5298116789897023, 0.6610267198233426]"
terrain,scheduled_duration_bucket::3_ROUND,2019,LINEAR_MIN,462,NORMAL,201,NORMAL,127,74,0.63184079601990051,0.36815920398009949,0.64183730217916268,0.35816269782083732,0.0099965061592621751,0.63265039875920737,0.22070175467849346,0,0,"{""2019"": 201}","{""2019"": 462}",42,"[0.5632739063664495, 0.6954627786050874]"
terrain,scheduled_duration_bucket::3_ROUND,2020,LINEAR_MIN,397,NORMAL,197,NORMAL,121,76,0.6142131979695431,0.38578680203045684,0.63181384866241908,0.36818615133758092,0.017600650692875974,0.64991206480724684,0.22987680380497241,0,0,"{""2020"": 197}","{""2020"": 397}",41,"[0.5446715923550425, 0.6793857325829067]"
terrain,scheduled_duration_bucket::3_ROUND,2021,LINEAR_MIN,440,NORMAL,214,NORMAL,149,65,0.69626168224299068,0.30373831775700932,0.63776249938479512,0.36223750061520488,-0.058499182858195553,0.62728403316203052,0.2178447401903435,0,0,"{""2021"": 214}","{""2021"": 440}",43,"[0.6316347503269782, 0.7539667805053168]"
terrain,scheduled_duration_bucket::3_ROUND,2022,LINEAR_MIN,454,NORMAL,240,NORMAL,151,89,0.62916666666666665,0.37083333333333335,0.66647612108348919,0.33352387891651081,0.037309454416822541,0.6410538643434921,0.22399734429174475,0,0,"{""2022"": 240}","{""2022"": 454}",42,"[0.5664705795377835, 0.6877929911439805]"
terrain,scheduled_duration_bucket::3_ROUND,2023,LINEAR_MIN,456,NORMAL,234,NORMAL,141,93,0.60256410256410253,0.39743589743589741,0.64586098066332187,0.35413901933667813,0.043296878099219338,0.64870359504129227,0.22786605172274227,0,0,"{""2023"": 234}","{""2023"": 456}",43,"[0.5386927864457116, 0.6631223228207792]"
terrain,scheduled_duration_bucket::3_ROUND,2024,LINEAR_MIN,447,NORMAL,195,NORMAL,121,74,0.62051282051282053,0.37948717948717947,0.66150553771785403,0.33849446228214597,0.040992717205033502,0.62712514304078293,0.21833174926941804,0,0,"{""2024"": 195}","{""2024"": 447}",42,"[0.5506965183302774, 0.6856726990288771]"
terrain,scheduled_duration_bucket::3_ROUND,2025,LINEAR_MIN,454,NORMAL,226,NORMAL,147,79,0.65044247787610621,0.34955752212389379,0.6572778038103092,0.3427221961896908,0.0068353259342029959,0.60139129398997693,0.20709174970012709,0,0,"{""2025"": 226}","{""2025"": 454}",42,"[0.5862318214643824, 0.7096242888688223]"
terrain,scheduled_duration_bucket::3_ROUND,2026,LINEAR_MIN,302,NORMAL,165,NORMAL,107,58,0.64848484848484844,0.3515151515151515,0.67615360631065835,0.32384639368934165,0.027668757825809909,0.57626412554595419,0.19732466444574634,0,0,"{""2026"": 165}","{""2026"": 302}",27,"[0.5730110984404385, 0.7172019827675181]"
terrain,scheduled_duration_bucket::3_ROUND,2018,XGB,425,NORMAL,211,NORMAL,126,85,0.59715639810426535,0.40284360189573459,0.62835306028054227,0.37164693971945773,0.031196662176276924,0.61912805199220555,0.21683749053842546,-0.018639391467821162,-0.0054078392756043998,"{""2018"": 211}","{""2018"": 425}",39,"[0.5298116789897023, 0.6610267198233426]"
terrain,scheduled_duration_bucket::3_ROUND,2019,XGB,462,NORMAL,201,NORMAL,127,74,0.63184079601990051,0.36815920398009949,0.64189122683966338,0.35810877316033662,0.010050430819762868,0.62253569399035091,0.21547118567966286,-0.010114704768856505,-0.0052305689988306281,"{""2019"": 201}","{""2019"": 462}",42,"[0.5632739063664495, 0.6954627786050874]"
terrain,scheduled_duration_bucket::3_ROUND,2020,XGB,397,NORMAL,197,NORMAL,121,76,0.6142131979695431,0.38578680203045684,0.62362262455339967,0.37637737544660033,0.0094094265838565727,0.62910873460948824,0.22045135085448669,-0.020803330197758603,-0.0094254529504857083,"{""2020"": 197}","{""2020"": 397}",41,"[0.5446715923550425, 0.6793857325829067]"
terrain,scheduled_duration_bucket::3_ROUND,2021,XGB,440,NORMAL,214,NORMAL,149,65,0.69626168224299068,0.30373831775700932,0.64412838192743671,0.35587161807256329,-0.052133300315553965,0.60737910827233632,0.21058117092635781,-0.019904924889694028,-0.0072635692639856616,"{""2021"": 214}","{""2021"": 440}",43,"[0.6316347503269782, 0.7539667805053168]"
terrain,scheduled_duration_bucket::3_ROUND,2022,XGB,454,NORMAL,240,NORMAL,151,89,0.62916666666666665,0.37083333333333335,0.65700681768357749,0.34299318231642251,0.027840151016910841,0.63973635831666131,0.22432030042800519,-0.0013175060268308077,0.00032295613626045794,"{""2022"": 240}","{""2022"": 454}",42,"[0.5664705795377835, 0.6877929911439805]"
terrain,scheduled_duration_bucket::3_ROUND,2023,XGB,456,NORMAL,234,NORMAL,141,93,0.60256410256410253,0.39743589743589741,0.64019104392610049,0.35980895607389951,0.037626941361997956,0.65763187207362506,0.23167881910804244,0.0089282770323328136,0.0038127673853001563,"{""2023"": 234}","{""2023"": 456}",43,"[0.5386927864457116, 0.6631223228207792]"
terrain,scheduled_duration_bucket::3_ROUND,2024,XGB,447,NORMAL,195,NORMAL,121,74,0.62051282051282053,0.37948717948717947,0.62783338366410668,0.37216661633589332,0.0073205631512861524,0.62817731436564639,0.21951878195527388,0.0010521713248633326,0.0011870326858558636,"{""2024"": 195}","{""2024"": 447}",42,"[0.5506965183302774, 0.6856726990288771]"
terrain,scheduled_duration_bucket::3_ROUND,2025,XGB,454,NORMAL,226,NORMAL,147,79,0.65044247787610621,0.34955752212389379,0.66147179426872627,0.33852820573127373,0.011029316392620059,0.5900375027294289,0.2024089824425874,-0.011353791260548203,-0.004682767257539697,"{""2025"": 226}","{""2025"": 454}",42,"[0.5862318214643824, 0.7096242888688223]"
terrain,scheduled_duration_bucket::3_ROUND,2026,XGB,302,NORMAL,165,NORMAL,107,58,0.64848484848484844,0.3515151515151515,0.67827899266373026,0.32172100733626974,0.029794144178881821,0.59180390914465819,0.20354930533969795,0.015539783598704037,0.0062246408939515769,"{""2026"": 165}","{""2026"": 302}",27,"[0.5730110984404385, 0.7172019827675181]"
terrain,scheduled_duration_bucket::3_ROUND,2018,LGBM,425,NORMAL,211,NORMAL,126,85,0.59715639810426535,0.40284360189573459,0.6198047225994352,0.3801952774005648,0.022648324495169847,0.62024959784859945,0.21626381863676433,-0.017517845611427305,-0.0059815111772655149,"{""2018"": 211}","{""2018"": 425}",39,"[0.5298116789897023, 0.6610267198233426]"
terrain,scheduled_duration_bucket::3_ROUND,2019,LGBM,462,NORMAL,201,NORMAL,127,74,0.63184079601990051,0.36815920398009949,0.63278601020430603,0.36721398979569397,0.00094521418440551841,0.61656453301514791,0.21322464524373819,-0.016085865744059617,-0.0074771094347553038,"{""2019"": 201}","{""2019"": 462}",42,"[0.5632739063664495, 0.6954627786050874]"
terrain,scheduled_duration_bucket::3_ROUND,2020,LGBM,397,NORMAL,197,NORMAL,121,76,0.6142131979695431,0.38578680203045684,0.62315091589281357,0.37684908410718643,0.0089377179232704718,0.64229292085618961,0.226574825325774,-0.0076191439510572608,-0.0033019784791983812,"{""2020"": 197}","{""2020"": 397}",41,"[0.5446715923550425, 0.6793857325829067]"
terrain,scheduled_duration_bucket::3_ROUND,2021,LGBM,440,NORMAL,214,NORMAL,149,65,0.69626168224299068,0.30373831775700932,0.64668011128745806,0.35331988871254194,-0.049581570955532617,0.60238655340602898,0.2081618298605763,-0.024897479756001428,-0.0096829103297671557,"{""2021"": 214}","{""2021"": 440}",43,"[0.6316347503269782, 0.7539667805053168]"
terrain,scheduled_duration_bucket::3_ROUND,2022,LGBM,454,NORMAL,240,NORMAL,151,89,0.62916666666666665,0.37083333333333335,0.66277107937240798,0.33722892062759202,0.033604412705741327,0.64259860476953345,0.22560572850958147,0.0015447404260413883,0.0016083842178367441,"{""2022"": 240}","{""2022"": 454}",42,"[0.5664705795377835, 0.6877929911439805]"
terrain,scheduled_duration_bucket::3_ROUND,2023,LGBM,456,NORMAL,234,NORMAL,141,93,0.60256410256410253,0.39743589743589741,0.64626514662619217,0.35373485337380783,0.043701044062089633,0.66184998980788956,0.23336935612703968,0.01314639476659733,0.0055033044042974164,"{""2023"": 234}","{""2023"": 456}",43,"[0.5386927864457116, 0.6631223228207792]"
terrain,scheduled_duration_bucket::3_ROUND,2024,LGBM,447,NORMAL,195,NORMAL,121,74,0.62051282051282053,0.37948717948717947,0.64201917290564503,0.35798082709435497,0.021506352392824502,0.61446760703340553,0.21382700374427527,-0.012657536007377346,-0.0045047455251427792,"{""2024"": 195}","{""2024"": 447}",42,"[0.5506965183302774, 0.6856726990288771]"
terrain,scheduled_duration_bucket::3_ROUND,2025,LGBM,454,NORMAL,226,NORMAL,147,79,0.65044247787610621,0.34955752212389379,0.65932288270978023,0.34067711729021977,0.0088804048336740271,0.59506397310760395,0.20447928652071931,-0.006327320882373073,-0.002612463179407771,"{""2025"": 226}","{""2025"": 454}",42,"[0.5862318214643824, 0.7096242888688223]"
terrain,scheduled_duration_bucket::3_ROUND,2026,LGBM,302,NORMAL,165,NORMAL,107,58,0.64848484848484844,0.3515151515151515,0.67835442203827823,0.32164557796172177,0.029869573553429785,0.60746390120500482,0.20896909018193935,0.031199775659050646,0.011644425736192988,"{""2026"": 165}","{""2026"": 302}",27,"[0.5730110984404385, 0.7172019827675181]"
terrain,scheduled_duration_bucket::3_ROUND,2018,CAT,425,NORMAL,211,NORMAL,126,85,0.59715639810426535,0.40284360189573459,0.6305625930704809,0.3694374069295191,0.033406194966215552,0.6162793483657889,0.21463880780569497,-0.021488095094237946,-0.0076065220083348702,"{""2018"": 211}","{""2018"": 425}",39,"[0.5298116789897023, 0.6610267198233426]"
terrain,scheduled_duration_bucket::3_ROUND,2019,CAT,462,NORMAL,201,NORMAL,127,74,0.63184079601990051,0.36815920398009949,0.64430393211219905,0.35569606788780095,0.012463136092298543,0.60918257163144784,0.21021040135803945,-0.023467827127759595,-0.010491353320454056,"{""2019"": 201}","{""2019"": 462}",42,"[0.5632739063664495, 0.6954627786050874]"
terrain,scheduled_duration_bucket::3_ROUND,2020,CAT,397,NORMAL,197,NORMAL,121,76,0.6142131979695431,0.38578680203045684,0.62429135126982693,0.37570864873017307,0.010078153300283832,0.6357430727697756,0.22345775227719883,-0.014168992037471259,-0.0064190515277735552,"{""2020"": 197}","{""2020"": 397}",41,"[0.5446715923550425, 0.6793857325829067]"
terrain,scheduled_duration_bucket::3_ROUND,2021,CAT,440,NORMAL,214,NORMAL,149,65,0.69626168224299068,0.30373831775700932,0.64441820103394143,0.35558179896605857,-0.051843481209049247,0.62173001508596648,0.21591559257217055,-0.005554018076063847,-0.0019291476181729358,"{""2021"": 214}","{""2021"": 440}",43,"[0.6316347503269782, 0.7539667805053168]"
terrain,scheduled_duration_bucket::3_ROUND,2022,CAT,454,NORMAL,240,NORMAL,151,89,0.62916666666666665,0.37083333333333335,0.67062241527026623,0.32937758472973377,0.041455748603599574,0.63458834620378579,0.22128050303344987,-0.0064655181397063255,-0.0027168412582948462,"{""2022"": 240}","{""2022"": 454}",42,"[0.5664705795377835, 0.6877929911439805]"
terrain,scheduled_duration_bucket::3_ROUND,2023,CAT,456,NORMAL,234,NORMAL,141,93,0.60256410256410253,0.39743589743589741,0.63996786022145302,0.36003213977854698,0.037403757657350489,0.66039281998738797,0.23334620553015281,0.011689224946095707,0.0054801538074105037,"{""2023"": 234}","{""2023"": 456}",43,"[0.5386927864457116, 0.6631223228207792]"
terrain,scheduled_duration_bucket::3_ROUND,2024,CAT,447,NORMAL,195,NORMAL,121,74,0.62051282051282053,0.37948717948717947,0.66082106892363646,0.33917893107636354,0.040308248410815928,0.61831779809373588,0.21538919421744232,-0.0088073449470470588,-0.0029425550519757062,"{""2024"": 195}","{""2024"": 447}",42,"[0.5506965183302774, 0.6856726990288771]"
terrain,scheduled_duration_bucket::3_ROUND,2025,CAT,454,NORMAL,226,NORMAL,147,79,0.65044247787610621,0.34955752212389379,0.65261457083128493,0.34738542916871507,0.0021720929551787282,0.59732565783472968,0.20530117226793398,-0.0040656361552471936,-0.0017905774321930875,"{""2025"": 226}","{""2025"": 454}",42,"[0.5862318214643824, 0.7096242888688223]"
terrain,scheduled_duration_bucket::3_ROUND,2026,CAT,302,NORMAL,165,NORMAL,107,58,0.64848484848484844,0.3515151515151515,0.67449278221152142,0.32550721778847858,0.026007933726672983,0.59846638057813806,0.20539860105636365,0.022202255032183947,0.0080739366106173278,"{""2026"": 165}","{""2026"": 302}",27,"[0.5730110984404385, 0.7172019827675181]"
terrain,scheduled_duration_bucket::3_ROUND,2018,SELECT,425,NORMAL,211,NORMAL,126,85,0.59715639810426535,0.40284360189573459,0.62835306028054227,0.37164693971945773,0.031196662176276924,0.61912805199220555,0.21683749053842546,-0.018639391467821162,-0.0054078392756043998,"{""2018"": 211}","{""2018"": 425}",39,"[0.5298116789897023, 0.6610267198233426]"
terrain,scheduled_duration_bucket::3_ROUND,2019,SELECT,462,NORMAL,201,NORMAL,127,74,0.63184079601990051,0.36815920398009949,0.64189122683966338,0.35810877316033662,0.010050430819762868,0.62253569399035091,0.21547118567966286,-0.010114704768856505,-0.0052305689988306281,"{""2019"": 201}","{""2019"": 462}",42,"[0.5632739063664495, 0.6954627786050874]"
terrain,scheduled_duration_bucket::3_ROUND,2020,SELECT,397,NORMAL,197,NORMAL,121,76,0.6142131979695431,0.38578680203045684,0.62315091589281357,0.37684908410718643,0.0089377179232704718,0.64229292085618961,0.226574825325774,-0.0076191439510572608,-0.0033019784791983812,"{""2020"": 197}","{""2020"": 397}",41,"[0.5446715923550425, 0.6793857325829067]"
terrain,scheduled_duration_bucket::3_ROUND,2021,SELECT,440,NORMAL,214,NORMAL,149,65,0.69626168224299068,0.30373831775700932,0.64441820103394143,0.35558179896605857,-0.051843481209049247,0.62173001508596648,0.21591559257217055,-0.005554018076063847,-0.0019291476181729358,"{""2021"": 214}","{""2021"": 440}",43,"[0.6316347503269782, 0.7539667805053168]"
terrain,scheduled_duration_bucket::3_ROUND,2022,SELECT,454,NORMAL,240,NORMAL,151,89,0.62916666666666665,0.37083333333333335,0.66277107937240798,0.33722892062759202,0.033604412705741327,0.64259860476953345,0.22560572850958147,0.0015447404260413883,0.0016083842178367441,"{""2022"": 240}","{""2022"": 454}",42,"[0.5664705795377835, 0.6877929911439805]"
terrain,scheduled_duration_bucket::3_ROUND,2023,SELECT,456,NORMAL,234,NORMAL,141,93,0.60256410256410253,0.39743589743589741,0.63996786022145302,0.36003213977854698,0.037403757657350489,0.66039281998738797,0.23334620553015281,0.011689224946095707,0.0054801538074105037,"{""2023"": 234}","{""2023"": 456}",43,"[0.5386927864457116, 0.6631223228207792]"
terrain,scheduled_duration_bucket::3_ROUND,2024,SELECT,447,NORMAL,195,NORMAL,121,74,0.62051282051282053,0.37948717948717947,0.66082106892363646,0.33917893107636354,0.040308248410815928,0.61831779809373588,0.21538919421744232,-0.0088073449470470588,-0.0029425550519757062,"{""2024"": 195}","{""2024"": 447}",42,"[0.5506965183302774, 0.6856726990288771]"
terrain,scheduled_duration_bucket::3_ROUND,2025,SELECT,454,NORMAL,226,NORMAL,147,79,0.65044247787610621,0.34955752212389379,0.65932288270978023,0.34067711729021977,0.0088804048336740271,0.59506397310760395,0.20447928652071931,-0.006327320882373073,-0.002612463179407771,"{""2025"": 226}","{""2025"": 454}",42,"[0.5862318214643824, 0.7096242888688223]"
terrain,scheduled_duration_bucket::3_ROUND,2026,SELECT,302,NORMAL,165,NORMAL,107,58,0.64848484848484844,0.3515151515151515,0.67835442203827823,0.32164557796172177,0.029869573553429785,0.60746390120500482,0.20896909018193935,0.031199775659050646,0.011644425736192988,"{""2026"": 165}","{""2026"": 302}",27,"[0.5730110984404385, 0.7172019827675181]"
terrain,scheduled_duration_bucket::5_ROUND,2018,LINEAR_MIN,45,THIN_EXPLORATORY,30,THIN_EXPLORATORY,25,5,0.83333333333333337,0.16666666666666666,0.77884569586546137,0.22115430413453863,-0.054487637467871997,0.45948039158226417,0.14732640738735331,0,0,"{""2018"": 30}","{""2018"": 45}",29,"[0.6643564949358398, 0.9266345762815145]"
terrain,scheduled_duration_bucket::5_ROUND,2019,LINEAR_MIN,45,THIN_EXPLORATORY,30,THIN_EXPLORATORY,25,5,0.83333333333333337,0.16666666666666666,0.77691478345742782,0.22308521654257218,-0.056418549875905555,0.48226927828307581,0.1585471796304391,0,0,"{""2019"": 30}","{""2019"": 45}",29,"[0.6643564949358398, 0.9266345762815145]"
terrain,scheduled_duration_bucket::5_ROUND,2020,LINEAR_MIN,46,THIN_EXPLORATORY,23,INSUFFICIENT,17,6,0.73913043478260865,0.2608695652173913,0.79716867391238277,0.20283132608761723,0.058038239129774127,,,,,"{""2020"": 23}","{""2020"": 46}",21,"[0.5352999516257462, 0.8745138395501366]"
terrain,scheduled_duration_bucket::5_ROUND,2021,LINEAR_MIN,52,MODERATE_UNCERTAINTY,25,THIN_EXPLORATORY,17,8,0.68000000000000005,0.32000000000000001,0.73582449292783736,0.26417550707216264,0.05582449292783731,0.55236495791611206,0.18589170034029498,0,0,"{""2021"": 25}","{""2021"": 52}",21,"[0.48410269273102247, 0.8279480969309202]"
terrain,scheduled_duration_bucket::5_ROUND,2022,LINEAR_MIN,51,MODERATE_UNCERTAINTY,28,THIN_EXPLORATORY,20,8,0.7142857142857143,0.2857142857142857,0.76021053040194408,0.23978946959805592,0.045924816116229783,0.46758172930677805,0.14987903111142747,0,0,"{""2022"": 28}","{""2022"": 51}",25,"[0.5294071156670428, 0.8474600394333092]"
terrain,scheduled_duration_bucket::5_ROUND,2023,LINEAR_MIN,49,THIN_EXPLORATORY,24,INSUFFICIENT,17,7,0.70833333333333337,0.29166666666666669,0.75253479460259687,0.24746520539740313,0.044201461269263498,,,,,"{""2023"": 24}","{""2023"": 49}",22,"[0.5083230633550337, 0.8508535180303913]"
terrain,scheduled_duration_bucket::5_ROUND,2024,LINEAR_MIN,55,MODERATE_UNCERTAINTY,28,THIN_EXPLORATORY,20,8,0.7142857142857143,0.2857142857142857,0.77906350009242953,0.22093649990757047,0.064777785806715227,0.58749729793138827,0.20076341233274439,0,0,"{""2024"": 28}","{""2024"": 55}",26,"[0.5294071156670428, 0.8474600394333092]"
terrain,scheduled_duration_bucket::5_ROUND,2025,LINEAR_MIN,50,MODERATE_UNCERTAINTY,26,THIN_EXPLORATORY,16,10,0.61538461538461542,0.38461538461538464,0.69459808646596,0.30540191353404,0.079213471081344577,0.57401476237530835,0.20153575060682349,0,0,"{""2025"": 26}","{""2025"": 50}",24,"[0.4253485008511553, 0.7757140556428721]"
terrain,scheduled_duration_bucket::5_ROUND,2026,LINEAR_MIN,30,THIN_EXPLORATORY,18,INSUFFICIENT,14,4,0.77777777777777779,0.22222222222222221,0.78964412931435346,0.21035587068564654,0.01186635153657567,,,,,"{""2026"": 18}","{""2026"": 30}",17,"[0.5478541568378739, 0.9099907189139831]"
terrain,scheduled_duration_bucket::5_ROUND,2018,XGB,45,THIN_EXPLORATORY,30,THIN_EXPLORATORY,25,5,0.83333333333333337,0.16666666666666666,0.73879699210325878,0.26120300789674122,-0.094536341230074594,0.46376477309201553,0.14978269487148976,0.0042843815097513742,0.0024562874841364268,"{""2018"": 30}","{""2018"": 45}",29,"[0.6643564949358398, 0.9266345762815145]"
terrain,scheduled_duration_bucket::5_ROUND,2019,XGB,45,THIN_EXPLORATORY,30,THIN_EXPLORATORY,25,5,0.83333333333333337,0.16666666666666666,0.72043821314970657,0.27956178685029343,-0.1128951201836268,0.49459578282797056,0.16109163718332781,0.012326504544894711,0.0025444575528886957,"{""2019"": 30}","{""2019"": 45}",29,"[0.6643564949358398, 0.9266345762815145]"
terrain,scheduled_duration_bucket::5_ROUND,2020,XGB,46,THIN_EXPLORATORY,23,INSUFFICIENT,17,6,0.73913043478260865,0.2608695652173913,0.78132060558899585,0.21867939441100415,0.042190170806387206,,,,,"{""2020"": 23}","{""2020"": 46}",21,"[0.5352999516257462, 0.8745138395501366]"
terrain,scheduled_duration_bucket::5_ROUND,2021,XGB,52,MODERATE_UNCERTAINTY,25,THIN_EXPLORATORY,17,8,0.68000000000000005,0.32000000000000001,0.69731143712997434,0.30268856287002566,0.017311437129974294,0.58546657770459709,0.20010363922413277,0.033101619788485068,0.014211938883837755,"{""2021"": 25}","{""2021"": 52}",21,"[0.48410269273102247, 0.8279480969309202]"
terrain,scheduled_duration_bucket::5_ROUND,2022,XGB,51,MODERATE_UNCERTAINTY,28,THIN_EXPLORATORY,20,8,0.7142857142857143,0.2857142857142857,0.71147407804216656,0.28852592195783344,-0.0028116362435477438,0.47024535754602498,0.1512518271937672,0.0026636282392468922,0.001372796082339717,"{""2022"": 28}","{""2022"": 51}",25,"[0.5294071156670428, 0.8474600394333092]"
terrain,scheduled_duration_bucket::5_ROUND,2023,XGB,49,THIN_EXPLORATORY,24,INSUFFICIENT,17,7,0.70833333333333337,0.29166666666666669,0.72533910349011421,0.27466089650988579,0.017005770156780842,,,,,"{""2023"": 24}","{""2023"": 49}",22,"[0.5083230633550337, 0.8508535180303913]"
terrain,scheduled_duration_bucket::5_ROUND,2024,XGB,55,MODERATE_UNCERTAINTY,28,THIN_EXPLORATORY,20,8,0.7142857142857143,0.2857142857142857,0.70355426945856636,0.29644573054143364,-0.01073144482714794,0.55232381475267189,0.18586603219758444,-0.035173483178716387,-0.014897380135159915,"{""2024"": 28}","{""2024"": 55}",26,"[0.5294071156670428, 0.8474600394333092]"
terrain,scheduled_duration_bucket::5_ROUND,2025,XGB,50,MODERATE_UNCERTAINTY,26,THIN_EXPLORATORY,16,10,0.61538461538461542,0.38461538461538464,0.66792620259981894,0.33207379740018106,0.052541587215203522,0.60651447419602378,0.21115710165191512,0.032499711820715302,0.0096213510450916286,"{""2025"": 26}","{""2025"": 50}",24,"[0.4253485008511553, 0.7757140556428721]"
terrain,scheduled_duration_bucket::5_ROUND,2026,XGB,30,THIN_EXPLORATORY,18,INSUFFICIENT,14,4,0.77777777777777779,0.22222222222222221,0.76552208264668786,0.23447791735331214,-0.012255695131089928,,,,,"{""2026"": 18}","{""2026"": 30}",17,"[0.5478541568378739, 0.9099907189139831]"
terrain,scheduled_duration_bucket::5_ROUND,2018,LGBM,45,THIN_EXPLORATORY,30,THIN_EXPLORATORY,25,5,0.83333333333333337,0.16666666666666666,0.71479629852179127,0.28520370147820873,-0.1185370348115421,0.47346612993552928,0.15080560290532377,0.013985738353265205,0.0034791955179704357,"{""2018"": 30}","{""2018"": 45}",29,"[0.6643564949358398, 0.9266345762815145]"
terrain,scheduled_duration_bucket::5_ROUND,2019,LGBM,45,THIN_EXPLORATORY,30,THIN_EXPLORATORY,25,5,0.83333333333333337,0.16666666666666666,0.73566991502090207,0.26433008497909793,-0.097663418312431305,0.48391108828864943,0.15611773832526088,0.0016418100055736161,-0.0024294413051782326,"{""2019"": 30}","{""2019"": 45}",29,"[0.6643564949358398, 0.9266345762815145]"
terrain,scheduled_duration_bucket::5_ROUND,2020,LGBM,46,THIN_EXPLORATORY,23,INSUFFICIENT,17,6,0.73913043478260865,0.2608695652173913,0.80059287849619154,0.19940712150380846,0.061462443713582893,,,,,"{""2020"": 23}","{""2020"": 46}",21,"[0.5352999516257462, 0.8745138395501366]"
terrain,scheduled_duration_bucket::5_ROUND,2021,LGBM,52,MODERATE_UNCERTAINTY,25,THIN_EXPLORATORY,17,8,0.68000000000000005,0.32000000000000001,0.70269839906976506,0.29730160093023494,0.022698399069765007,0.58723300513969057,0.20136635571103251,0.034868047223578495,0.015474655370737547,"{""2021"": 25}","{""2021"": 52}",21,"[0.48410269273102247, 0.8279480969309202]"
terrain,scheduled_duration_bucket::5_ROUND,2022,LGBM,51,MODERATE_UNCERTAINTY,28,THIN_EXPLORATORY,20,8,0.7142857142857143,0.2857142857142857,0.72570070591935154,0.27429929408064846,0.011414991633637239,0.45203747964238783,0.14446230164967017,-0.015544249664390192,-0.0054167294617573237,"{""2022"": 28}","{""2022"": 51}",25,"[0.5294071156670428, 0.8474600394333092]"
terrain,scheduled_duration_bucket::5_ROUND,2023,LGBM,49,THIN_EXPLORATORY,24,INSUFFICIENT,17,7,0.70833333333333337,0.29166666666666669,0.73050042297643614,0.26949957702356386,0.022167089643102766,,,,,"{""2023"": 24}","{""2023"": 49}",22,"[0.5083230633550337, 0.8508535180303913]"
terrain,scheduled_duration_bucket::5_ROUND,2024,LGBM,55,MODERATE_UNCERTAINTY,28,THIN_EXPLORATORY,20,8,0.7142857142857143,0.2857142857142857,0.71326559262911537,0.28673440737088463,-0.0010201216565989268,0.54355523893902802,0.18388543744146713,-0.043942058992360325,-0.016877974891277212,"{""2024"": 28}","{""2024"": 55}",26,"[0.5294071156670428, 0.8474600394333092]"
terrain,scheduled_duration_bucket::5_ROUND,2025,LGBM,50,MODERATE_UNCERTAINTY,26,THIN_EXPLORATORY,16,10,0.61538461538461542,0.38461538461538464,0.66095407365682546,0.33904592634317454,0.045569458272210039,0.5965690684804732,0.20759662619279384,0.022554306105164814,0.0060608755859703402,"{""2025"": 26}","{""2025"": 50}",24,"[0.4253485008511553, 0.7757140556428721]"
terrain,scheduled_duration_bucket::5_ROUND,2026,LGBM,30,THIN_EXPLORATORY,18,INSUFFICIENT,14,4,0.77777777777777779,0.22222222222222221,0.74171398864680294,0.25828601135319706,-0.036063789130974855,,,,,"{""2026"": 18}","{""2026"": 30}",17,"[0.5478541568378739, 0.9099907189139831]"
terrain,scheduled_duration_bucket::5_ROUND,2018,CAT,45,THIN_EXPLORATORY,30,THIN_EXPLORATORY,25,5,0.83333333333333337,0.16666666666666666,0.73523548828463492,0.26476451171536508,-0.098097845048698451,0.4816840091670595,0.1547897520736759,0.022203617584795287,0.0074633446863225624,"{""2018"": 30}","{""2018"": 45}",29,"[0.6643564949358398, 0.9266345762815145]"
terrain,scheduled_duration_bucket::5_ROUND,2019,CAT,45,THIN_EXPLORATORY,30,THIN_EXPLORATORY,25,5,0.83333333333333337,0.16666666666666666,0.7416441300808595,0.2583558699191405,-0.091689203252473872,0.4808702369930215,0.15718535030933192,-0.0013990412900542477,-0.0013618293211071857,"{""2019"": 30}","{""2019"": 45}",29,"[0.6643564949358398, 0.9266345762815145]"
terrain,scheduled_duration_bucket::5_ROUND,2020,CAT,46,THIN_EXPLORATORY,23,INSUFFICIENT,17,6,0.73913043478260865,0.2608695652173913,0.79189486031481759,0.20810513968518241,0.052764425532208947,,,,,"{""2020"": 23}","{""2020"": 46}",21,"[0.5352999516257462, 0.8745138395501366]"
terrain,scheduled_duration_bucket::5_ROUND,2021,CAT,52,MODERATE_UNCERTAINTY,25,THIN_EXPLORATORY,17,8,0.68000000000000005,0.32000000000000001,0.6941631620976797,0.3058368379023203,0.014163162097679649,0.59051467574586669,0.20281854034264846,0.038149717829754612,0.016926840002353439,"{""2021"": 25}","{""2021"": 52}",21,"[0.48410269273102247, 0.8279480969309202]"
terrain,scheduled_duration_bucket::5_ROUND,2022,CAT,51,MODERATE_UNCERTAINTY,28,THIN_EXPLORATORY,20,8,0.7142857142857143,0.2857142857142857,0.73815577765035589,0.26184422234964411,0.023870063364641592,0.42972659910416011,0.13493088550635438,-0.037855130202617895,-0.014948145605073099,"{""2022"": 28}","{""2022"": 51}",25,"[0.5294071156670428, 0.8474600394333092]"
terrain,scheduled_duration_bucket::5_ROUND,2023,CAT,49,THIN_EXPLORATORY,24,INSUFFICIENT,17,7,0.70833333333333337,0.29166666666666669,0.73139399924036741,0.26860600075963259,0.023060665907034039,,,,,"{""2023"": 24}","{""2023"": 49}",22,"[0.5083230633550337, 0.8508535180303913]"
terrain,scheduled_duration_bucket::5_ROUND,2024,CAT,55,MODERATE_UNCERTAINTY,28,THIN_EXPLORATORY,20,8,0.7142857142857143,0.2857142857142857,0.7462367119923472,0.2537632880076528,0.0319509977066329,0.57302579562926925,0.19520595524378656,-0.014471502302119164,-0.0055574570889578246,"{""2024"": 28}","{""2024"": 55}",26,"[0.5294071156670428, 0.8474600394333092]"
terrain,scheduled_duration_bucket::5_ROUND,2025,CAT,50,MODERATE_UNCERTAINTY,26,THIN_EXPLORATORY,16,10,0.61538461538461542,0.38461538461538464,0.6585670762914021,0.3414329237085979,0.043182460906786679,0.60774325336006974,0.21369588174211782,0.033728490984761259,0.012160131135294306,"{""2025"": 26}","{""2025"": 50}",24,"[0.4253485008511553, 0.7757140556428721]"
terrain,scheduled_duration_bucket::5_ROUND,2026,CAT,30,THIN_EXPLORATORY,18,INSUFFICIENT,14,4,0.77777777777777779,0.22222222222222221,0.74609068911191501,0.25390931088808499,-0.031687088665862784,,,,,"{""2026"": 18}","{""2026"": 30}",17,"[0.5478541568378739, 0.9099907189139831]"
terrain,scheduled_duration_bucket::5_ROUND,2018,SELECT,45,THIN_EXPLORATORY,30,THIN_EXPLORATORY,25,5,0.83333333333333337,0.16666666666666666,0.73879699210325878,0.26120300789674122,-0.094536341230074594,0.46376477309201553,0.14978269487148976,0.0042843815097513742,0.0024562874841364268,"{""2018"": 30}","{""2018"": 45}",29,"[0.6643564949358398, 0.9266345762815145]"
terrain,scheduled_duration_bucket::5_ROUND,2019,SELECT,45,THIN_EXPLORATORY,30,THIN_EXPLORATORY,25,5,0.83333333333333337,0.16666666666666666,0.72043821314970657,0.27956178685029343,-0.1128951201836268,0.49459578282797056,0.16109163718332781,0.012326504544894711,0.0025444575528886957,"{""2019"": 30}","{""2019"": 45}",29,"[0.6643564949358398, 0.9266345762815145]"
terrain,scheduled_duration_bucket::5_ROUND,2020,SELECT,46,THIN_EXPLORATORY,23,INSUFFICIENT,17,6,0.73913043478260865,0.2608695652173913,0.80059287849619154,0.19940712150380846,0.061462443713582893,,,,,"{""2020"": 23}","{""2020"": 46}",21,"[0.5352999516257462, 0.8745138395501366]"
terrain,scheduled_duration_bucket::5_ROUND,2021,SELECT,52,MODERATE_UNCERTAINTY,25,THIN_EXPLORATORY,17,8,0.68000000000000005,0.32000000000000001,0.6941631620976797,0.3058368379023203,0.014163162097679649,0.59051467574586669,0.20281854034264846,0.038149717829754612,0.016926840002353439,"{""2021"": 25}","{""2021"": 52}",21,"[0.48410269273102247, 0.8279480969309202]"
terrain,scheduled_duration_bucket::5_ROUND,2022,SELECT,51,MODERATE_UNCERTAINTY,28,THIN_EXPLORATORY,20,8,0.7142857142857143,0.2857142857142857,0.72570070591935154,0.27429929408064846,0.011414991633637239,0.45203747964238783,0.14446230164967017,-0.015544249664390192,-0.0054167294617573237,"{""2022"": 28}","{""2022"": 51}",25,"[0.5294071156670428, 0.8474600394333092]"
terrain,scheduled_duration_bucket::5_ROUND,2023,SELECT,49,THIN_EXPLORATORY,24,INSUFFICIENT,17,7,0.70833333333333337,0.29166666666666669,0.73139399924036741,0.26860600075963259,0.023060665907034039,,,,,"{""2023"": 24}","{""2023"": 49}",22,"[0.5083230633550337, 0.8508535180303913]"
terrain,scheduled_duration_bucket::5_ROUND,2024,SELECT,55,MODERATE_UNCERTAINTY,28,THIN_EXPLORATORY,20,8,0.7142857142857143,0.2857142857142857,0.7462367119923472,0.2537632880076528,0.0319509977066329,0.57302579562926925,0.19520595524378656,-0.014471502302119164,-0.0055574570889578246,"{""2024"": 28}","{""2024"": 55}",26,"[0.5294071156670428, 0.8474600394333092]"
terrain,scheduled_duration_bucket::5_ROUND,2025,SELECT,50,MODERATE_UNCERTAINTY,26,THIN_EXPLORATORY,16,10,0.61538461538461542,0.38461538461538464,0.66095407365682546,0.33904592634317454,0.045569458272210039,0.5965690684804732,0.20759662619279384,0.022554306105164814,0.0060608755859703402,"{""2025"": 26}","{""2025"": 50}",24,"[0.4253485008511553, 0.7757140556428721]"
terrain,scheduled_duration_bucket::5_ROUND,2026,SELECT,30,THIN_EXPLORATORY,18,INSUFFICIENT,14,4,0.77777777777777779,0.22222222222222221,0.74171398864680294,0.25828601135319706,-0.036063789130974855,,,,,"{""2026"": 18}","{""2026"": 30}",17,"[0.5478541568378739, 0.9099907189139831]"
terrain,title_status::NON_TITLE_BOUT,2018,LINEAR_MIN,449,NORMAL,228,NORMAL,143,85,0.6271929824561403,0.37280701754385964,0.65574255050364283,0.34425744949635717,0.028549568047502527,0.61183259697727632,0.21118735392934904,0,0,"{""2018"": 228}","{""2018"": 449}",39,"[0.5628061429840798, 0.6873648156314676]"
terrain,title_status::NON_TITLE_BOUT,2019,LINEAR_MIN,488,NORMAL,221,NORMAL,143,78,0.6470588235294118,0.35294117647058826,0.65857091410751767,0.34142908589248233,0.011512090578105871,0.6187757555378085,0.21489984536338727,0,0,"{""2019"": 221}","{""2019"": 488}",42,"[0.5820313321960968, 0.7070612592722587]"
terrain,title_status::NON_TITLE_BOUT,2020,LINEAR_MIN,425,NORMAL,211,NORMAL,132,79,0.62559241706161139,0.37440758293838861,0.64285269175930537,0.35714730824069463,0.017260274697693978,0.63768125315775848,0.22478377969871483,0,0,"{""2020"": 211}","{""2020"": 425}",41,"[0.5585924996166451, 0.688101040312413]"
terrain,title_status::NON_TITLE_BOUT,2021,LINEAR_MIN,473,NORMAL,226,NORMAL,158,68,0.69911504424778759,0.30088495575221241,0.64838884742760206,0.35161115257239794,-0.050726196820185532,0.62112763338972987,0.21493412836595882,0,0,"{""2021"": 226}","{""2021"": 473}",43,"[0.6364001257793237, 0.7551741378969765]"
terrain,title_status::NON_TITLE_BOUT,2022,LINEAR_MIN,487,NORMAL,260,NORMAL,166,94,0.63846153846153841,0.36153846153846153,0.67480477150033968,0.32519522849966032,0.03634323303880127,0.6272723180419344,0.21803846757770656,0,0,"{""2022"": 260}","{""2022"": 487}",42,"[0.5784381467026909, 0.6944530066506225]"
terrain,title_status::NON_TITLE_BOUT,2023,LINEAR_MIN,480,NORMAL,245,NORMAL,149,96,0.60816326530612241,0.39183673469387753,0.65233960592172013,0.34766039407827987,0.04417634061559772,0.63974441367275658,0.22395656566267605,0,0,"{""2023"": 245}","{""2023"": 480}",43,"[0.5458179335547667, 0.6671690833642662]"
terrain,title_status::NON_TITLE_BOUT,2024,LINEAR_MIN,481,NORMAL,211,NORMAL,132,79,0.62559241706161139,0.37440758293838861,0.67079621817317114,0.32920378182682886,0.045203801111559749,0.63010476050374842,0.21947668836874235,0,0,"{""2024"": 211}","{""2024"": 481}",42,"[0.5585924996166451, 0.688101040312413]"
terrain,title_status::NON_TITLE_BOUT,2025,LINEAR_MIN,482,NORMAL,243,NORMAL,159,84,0.65432098765432101,0.34567901234567899,0.66200861643188857,0.33799138356811143,0.0076876287775675678,0.59542948291639519,0.20492568495160371,0,0,"{""2025"": 243}","{""2025"": 482}",42,"[0.5925412480486048, 0.7112975007512072]"
terrain,title_status::NON_TITLE_BOUT,2026,LINEAR_MIN,323,NORMAL,179,NORMAL,117,62,0.65363128491620115,0.34636871508379891,0.68436838319178284,0.31563161680821716,0.030737098275581687,0.56957144957102313,0.19530026538361892,0,0,"{""2026"": 179}","{""2026"": 323}",27,"[0.5813602159171586, 0.7194468349275652]"
terrain,title_status::NON_TITLE_BOUT,2018,XGB,449,NORMAL,228,NORMAL,143,85,0.6271929824561403,0.37280701754385964,0.63733037103686419,0.36266962896313581,0.010137388580723883,0.60028620489546647,0.20854567777751853,-0.011546392081809723,-0.0026416761518305294,"{""2018"": 228}","{""2018"": 449}",39,"[0.5628061429840798, 0.6873648156314676]"
terrain,title_status::NON_TITLE_BOUT,2019,XGB,488,NORMAL,221,NORMAL,143,78,0.6470588235294118,0.35294117647058826,0.65280606776341055,0.34719393223658945,0.0057472442339987495,0.60681573770026731,0.20838823689426664,-0.011960017837541163,-0.0065116084691206871,"{""2019"": 221}","{""2019"": 488}",42,"[0.5820313321960968, 0.7070612592722587]"
terrain,title_status::NON_TITLE_BOUT,2020,XGB,425,NORMAL,211,NORMAL,132,79,0.62559241706161139,0.37440758293838861,0.63292001392604047,0.36707998607395953,0.0073275968644290757,0.61496756736522484,0.21444593051224264,-0.022713685792533831,-0.010337849186472112,"{""2020"": 211}","{""2020"": 425}",41,"[0.5585924996166451, 0.688101040312413]"
terrain,title_status::NON_TITLE_BOUT,2021,XGB,473,NORMAL,226,NORMAL,158,68,0.69911504424778759,0.30088495575221241,0.65021090987509333,0.34978909012490667,-0.048904134372694252,0.60627722401521078,0.20987306329421401,-0.014850409374519131,-0.0050610650717448332,"{""2021"": 226}","{""2021"": 473}",43,"[0.6364001257793237, 0.7551741378969765]"
terrain,title_status::NON_TITLE_BOUT,2022,XGB,487,NORMAL,260,NORMAL,166,94,0.63846153846153841,0.36153846153846153,0.66180340154812889,0.33819659845187111,0.023341863086590475,0.62460241115684068,0.21775647002979764,-0.0026699068850936118,-0.0002819975479089196,"{""2022"": 260}","{""2022"": 487}",42,"[0.5784381467026909, 0.6944530066506225]"
terrain,title_status::NON_TITLE_BOUT,2023,XGB,480,NORMAL,245,NORMAL,149,96,0.60816326530612241,0.39183673469387753,0.64674417072412915,0.35325582927587085,0.038580905418006739,0.65197914955730818,0.22889869773327678,0.012234735884551607,0.0049421320706006817,"{""2023"": 245}","{""2023"": 480}",43,"[0.5458179335547667, 0.6671690833642662]"
terrain,title_status::NON_TITLE_BOUT,2024,XGB,481,NORMAL,211,NORMAL,132,79,0.62559241706161139,0.37440758293838861,0.63427385052233509,0.36572614947766491,0.0086814334607236976,0.62446853277726244,0.21783847600055617,-0.0056362277264860247,-0.0016382123681861476,"{""2024"": 211}","{""2024"": 481}",42,"[0.5585924996166451, 0.688101040312413]"
terrain,title_status::NON_TITLE_BOUT,2025,XGB,482,NORMAL,243,NORMAL,159,84,0.65432098765432101,0.34567901234567899,0.66274252987692872,0.33725747012307128,0.0084215422226077141,0.58603705121004168,0.20057541448879584,-0.0093924317063532776,-0.0043502704628078726,"{""2025"": 243}","{""2025"": 482}",42,"[0.5925412480486048, 0.7112975007512072]"
terrain,title_status::NON_TITLE_BOUT,2026,XGB,323,NORMAL,179,NORMAL,117,62,0.65363128491620115,0.34636871508379891,0.68412546563747878,0.31587453436252122,0.030494180721277631,0.58602968081397289,0.20138459969414441,0.016458231242949751,0.0060843343105254511,"{""2026"": 179}","{""2026"": 323}",27,"[0.5813602159171586, 0.7194468349275652]"
terrain,title_status::NON_TITLE_BOUT,2018,LGBM,449,NORMAL,228,NORMAL,143,85,0.6271929824561403,0.37280701754385964,0.62799429139685448,0.37200570860314552,0.0008013089407141738,0.60261641689676493,0.20833579622759435,-0.0092161800805113173,-0.0028515577017546863,"{""2018"": 228}","{""2018"": 449}",39,"[0.5628061429840798, 0.6873648156314676]"
terrain,title_status::NON_TITLE_BOUT,2019,LGBM,488,NORMAL,221,NORMAL,143,78,0.6470588235294118,0.35294117647058826,0.64605810183674117,0.35394189816325883,-0.0010007216926706253,0.60149244360694543,0.20634083728282676,-0.017283311930863125,-0.0085590080805605442,"{""2019"": 221}","{""2019"": 488}",42,"[0.5820313321960968, 0.7070612592722587]"
terrain,title_status::NON_TITLE_BOUT,2020,LGBM,425,NORMAL,211,NORMAL,132,79,0.62559241706161139,0.37440758293838861,0.63394092767829868,0.36605907232170132,0.008348510616687288,0.62682110203199903,0.22002293311479437,-0.010860151125759547,-0.0047608465839204268,"{""2020"": 211}","{""2020"": 425}",41,"[0.5585924996166451, 0.688101040312413]"
terrain,title_status::NON_TITLE_BOUT,2021,LGBM,473,NORMAL,226,NORMAL,158,68,0.69911504424778759,0.30088495575221241,0.65270134001833857,0.34729865998166143,-0.046413704229449015,0.6016890248745026,0.20770403692068573,-0.019438608515227215,-0.0072300914452731032,"{""2021"": 226}","{""2021"": 473}",43,"[0.6364001257793237, 0.7551741378969765]"
terrain,title_status::NON_TITLE_BOUT,2022,LGBM,487,NORMAL,260,NORMAL,166,94,0.63846153846153841,0.36153846153846153,0.6682548852322634,0.3317451147677366,0.029793346770724982,0.62595000985419458,0.21846803935990936,-0.001322308187739824,0.00042957178220279094,"{""2022"": 260}","{""2022"": 487}",42,"[0.5784381467026909, 0.6944530066506225]"
terrain,title_status::NON_TITLE_BOUT,2023,LGBM,480,NORMAL,245,NORMAL,149,96,0.60816326530612241,0.39183673469387753,0.65323740867514368,0.34676259132485632,0.045074143369021269,0.65407931218077697,0.22973331933408481,0.014334898508020407,0.0057767536714086985,"{""2023"": 245}","{""2023"": 480}",43,"[0.5458179335547667, 0.6671690833642662]"
terrain,title_status::NON_TITLE_BOUT,2024,LGBM,481,NORMAL,211,NORMAL,132,79,0.62559241706161139,0.37440758293838861,0.64778720873589202,0.35221279126410798,0.022194791674280623,0.61305510209215952,0.21327008184604718,-0.017049658411588883,-0.0062066065226951432,"{""2024"": 211}","{""2024"": 481}",42,"[0.5585924996166451, 0.688101040312413]"
terrain,title_status::NON_TITLE_BOUT,2025,LGBM,482,NORMAL,243,NORMAL,159,84,0.65432098765432101,0.34567901234567899,0.66008186447313033,0.33991813552686967,0.005760876818809324,0.58960190109723087,0.20207515115482866,-0.0058275818191642747,-0.0028505337967750346,"{""2025"": 243}","{""2025"": 482}",42,"[0.5925412480486048, 0.7112975007512072]"
terrain,title_status::NON_TITLE_BOUT,2026,LGBM,323,NORMAL,179,NORMAL,117,62,0.65363128491620115,0.34636871508379891,0.6824807672651495,0.3175192327348505,0.028849482348948352,0.59959530016938367,0.2058972914912949,0.03002385059836064,0.010597026107675985,"{""2026"": 179}","{""2026"": 323}",27,"[0.5813602159171586, 0.7194468349275652]"
terrain,title_status::NON_TITLE_BOUT,2018,CAT,449,NORMAL,228,NORMAL,143,85,0.6271929824561403,0.37280701754385964,0.63933346592077245,0.36066653407922755,0.012140483464632146,0.59705035640119708,0.20599270210047549,-0.014782240576079117,-0.0051946518288735494,"{""2018"": 228}","{""2018"": 449}",39,"[0.5628061429840798, 0.6873648156314676]"
terrain,title_status::NON_TITLE_BOUT,2019,CAT,488,NORMAL,221,NORMAL,143,78,0.6470588235294118,0.35294117647058826,0.65683284211122805,0.34316715788877195,0.0097740185818162573,0.59533596775038378,0.20417358183958301,-0.023439787787424688,-0.01072626352380431,"{""2019"": 221}","{""2019"": 488}",42,"[0.5820313321960968, 0.7070612592722587]"
terrain,title_status::NON_TITLE_BOUT,2020,CAT,425,NORMAL,211,NORMAL,132,79,0.62559241706161139,0.37440758293838861,0.63398009921103482,0.36601990078896518,0.0083876821494234255,0.62172834617014694,0.21739700067068163,-0.015952906987611686,-0.0073867790280331613,"{""2020"": 211}","{""2020"": 425}",41,"[0.5585924996166451, 0.688101040312413]"
terrain,title_status::NON_TITLE_BOUT,2021,CAT,473,NORMAL,226,NORMAL,158,68,0.69911504424778759,0.30088495575221241,0.65177344738673437,0.34822655261326563,-0.047341596861053215,0.61937324736876376,0.21461045298556738,-0.0017543860209661656,-0.00032367538039148149,"{""2021"": 226}","{""2021"": 473}",43,"[0.6364001257793237, 0.7551741378969765]"
terrain,title_status::NON_TITLE_BOUT,2022,CAT,487,NORMAL,260,NORMAL,166,94,0.63846153846153841,0.36153846153846153,0.67615000556481386,0.32384999443518614,0.037688467103275447,0.61788116579712793,0.21409504785337027,-0.0093911522448063174,-0.0039434197243362785,"{""2022"": 260}","{""2022"": 487}",42,"[0.5784381467026909, 0.6944530066506225]"
terrain,title_status::NON_TITLE_BOUT,2023,CAT,480,NORMAL,245,NORMAL,149,96,0.60816326530612241,0.39183673469387753,0.6467091413934285,0.3532908586065715,0.038545876087306086,0.65357159280445476,0.22989785558562933,0.013827179131698309,0.0059412899229532414,"{""2023"": 245}","{""2023"": 480}",43,"[0.5458179335547667, 0.6671690833642662]"
terrain,title_status::NON_TITLE_BOUT,2024,CAT,481,NORMAL,211,NORMAL,132,79,0.62559241706161139,0.37440758293838861,0.66800818218495128,0.33199181781504872,0.042415765123339888,0.62285606554013528,0.21695229933909932,-0.0072486949636131623,-0.0025243890296430499,"{""2024"": 211}","{""2024"": 481}",42,"[0.5585924996166451, 0.688101040312413]"
terrain,title_status::NON_TITLE_BOUT,2025,CAT,482,NORMAL,243,NORMAL,159,84,0.65432098765432101,0.34567901234567899,0.65345235191059881,0.34654764808940119,-0.00086863574372220143,0.59329708861171071,0.20367177497073757,-0.0021323943046843374,-0.0012539099808661026,"{""2025"": 243}","{""2025"": 482}",42,"[0.5925412480486048, 0.7112975007512072]"
terrain,title_status::NON_TITLE_BOUT,2026,CAT,323,NORMAL,179,NORMAL,117,62,0.65363128491620115,0.34636871508379891,0.67886042393288759,0.32113957606711241,0.025229139016686442,0.59085251334852595,0.20248041509558823,0.021281063777502746,0.0071801497119693058,"{""2026"": 179}","{""2026"": 323}",27,"[0.5813602159171586, 0.7194468349275652]"
terrain,title_status::NON_TITLE_BOUT,2018,SELECT,449,NORMAL,228,NORMAL,143,85,0.6271929824561403,0.37280701754385964,0.63733037103686419,0.36266962896313581,0.010137388580723883,0.60028620489546647,0.20854567777751853,-0.011546392081809723,-0.0026416761518305294,"{""2018"": 228}","{""2018"": 449}",39,"[0.5628061429840798, 0.6873648156314676]"
terrain,title_status::NON_TITLE_BOUT,2019,SELECT,488,NORMAL,221,NORMAL,143,78,0.6470588235294118,0.35294117647058826,0.65280606776341055,0.34719393223658945,0.0057472442339987495,0.60681573770026731,0.20838823689426664,-0.011960017837541163,-0.0065116084691206871,"{""2019"": 221}","{""2019"": 488}",42,"[0.5820313321960968, 0.7070612592722587]"
terrain,title_status::NON_TITLE_BOUT,2020,SELECT,425,NORMAL,211,NORMAL,132,79,0.62559241706161139,0.37440758293838861,0.63394092767829868,0.36605907232170132,0.008348510616687288,0.62682110203199903,0.22002293311479437,-0.010860151125759547,-0.0047608465839204268,"{""2020"": 211}","{""2020"": 425}",41,"[0.5585924996166451, 0.688101040312413]"
terrain,title_status::NON_TITLE_BOUT,2021,SELECT,473,NORMAL,226,NORMAL,158,68,0.69911504424778759,0.30088495575221241,0.65177344738673437,0.34822655261326563,-0.047341596861053215,0.61937324736876376,0.21461045298556738,-0.0017543860209661656,-0.00032367538039148149,"{""2021"": 226}","{""2021"": 473}",43,"[0.6364001257793237, 0.7551741378969765]"
terrain,title_status::NON_TITLE_BOUT,2022,SELECT,487,NORMAL,260,NORMAL,166,94,0.63846153846153841,0.36153846153846153,0.6682548852322634,0.3317451147677366,0.029793346770724982,0.62595000985419458,0.21846803935990936,-0.001322308187739824,0.00042957178220279094,"{""2022"": 260}","{""2022"": 487}",42,"[0.5784381467026909, 0.6944530066506225]"
terrain,title_status::NON_TITLE_BOUT,2023,SELECT,480,NORMAL,245,NORMAL,149,96,0.60816326530612241,0.39183673469387753,0.6467091413934285,0.3532908586065715,0.038545876087306086,0.65357159280445476,0.22989785558562933,0.013827179131698309,0.0059412899229532414,"{""2023"": 245}","{""2023"": 480}",43,"[0.5458179335547667, 0.6671690833642662]"
terrain,title_status::NON_TITLE_BOUT,2024,SELECT,481,NORMAL,211,NORMAL,132,79,0.62559241706161139,0.37440758293838861,0.66800818218495128,0.33199181781504872,0.042415765123339888,0.62285606554013528,0.21695229933909932,-0.0072486949636131623,-0.0025243890296430499,"{""2024"": 211}","{""2024"": 481}",42,"[0.5585924996166451, 0.688101040312413]"
terrain,title_status::NON_TITLE_BOUT,2025,SELECT,482,NORMAL,243,NORMAL,159,84,0.65432098765432101,0.34567901234567899,0.66008186447313033,0.33991813552686967,0.005760876818809324,0.58960190109723087,0.20207515115482866,-0.0058275818191642747,-0.0028505337967750346,"{""2025"": 243}","{""2025"": 482}",42,"[0.5925412480486048, 0.7112975007512072]"
terrain,title_status::NON_TITLE_BOUT,2026,SELECT,323,NORMAL,179,NORMAL,117,62,0.65363128491620115,0.34636871508379891,0.6824807672651495,0.3175192327348505,0.028849482348948352,0.59959530016938367,0.2058972914912949,0.03002385059836064,0.010597026107675985,"{""2026"": 179}","{""2026"": 323}",27,"[0.5813602159171586, 0.7194468349275652]"
terrain,title_status::TITLE_BOUT,2018,LINEAR_MIN,21,INSUFFICIENT,13,INSUFFICIENT,8,5,0.61538461538461542,0.38461538461538464,0.72607349516954522,0.27392650483045478,0.11068887978492981,,,,,"{""2018"": 13}","{""2018"": 21}",11,"[0.355228915126657, 0.8229029220223743]"
terrain,title_status::TITLE_BOUT,2019,LINEAR_MIN,19,INSUFFICIENT,10,INSUFFICIENT,9,1,0.90000000000000002,0.10000000000000001,0.67725692239731361,0.32274307760268639,-0.22274307760268641,,,,,"{""2019"": 10}","{""2019"": 19}",9,"[0.5958499732047615, 0.9821237869049271]"
terrain,title_status::TITLE_BOUT,2020,LINEAR_MIN,18,INSUFFICIENT,9,INSUFFICIENT,6,3,0.66666666666666663,0.33333333333333331,0.79558774725199166,0.20441225274800834,0.12892108058532503,,,,,"{""2020"": 9}","{""2020"": 18}",7,"[0.3542021355803963, 0.879416181613089]"
terrain,title_status::TITLE_BOUT,2021,LINEAR_MIN,19,INSUFFICIENT,13,INSUFFICIENT,8,5,0.61538461538461542,0.38461538461538464,0.64160828253107727,0.35839171746892273,0.026223667146461849,,,,,"{""2021"": 13}","{""2021"": 19}",10,"[0.355228915126657, 0.8229029220223743]"
terrain,title_status::TITLE_BOUT,2022,LINEAR_MIN,18,INSUFFICIENT,8,INSUFFICIENT,5,3,0.625,0.375,0.72386541515044189,0.27613458484955811,0.098865415150441893,,,,,"{""2022"": 8}","{""2022"": 18}",6,"[0.30574239460262737, 0.8631557141764026]"
terrain,title_status::TITLE_BOUT,2023,LINEAR_MIN,25,THIN_EXPLORATORY,13,INSUFFICIENT,9,4,0.69230769230769229,0.30769230769230771,0.72070008421985976,0.27929991578014024,0.028392391912167469,,,,,"{""2023"": 13}","{""2023"": 25}",9,"[0.42369343180549035, 0.8731929634428948]"
terrain,title_status::TITLE_BOUT,2024,LINEAR_MIN,21,INSUFFICIENT,12,INSUFFICIENT,9,3,0.75,0.25,0.77244631858587098,0.22755368141412902,0.022446318585870983,,,,,"{""2024"": 12}","{""2024"": 21}",11,"[0.46769466506643426, 0.9110583316059453]"
terrain,title_status::TITLE_BOUT,2025,LINEAR_MIN,22,INSUFFICIENT,9,INSUFFICIENT,4,5,0.44444444444444442,0.55555555555555558,0.63736001292177313,0.36263998707822687,0.19291556847732871,,,,,"{""2025"": 9}","{""2025"": 22}",7,"[0.18877852109766452, 0.733348706504507]"
terrain,title_status::TITLE_BOUT,2026,LINEAR_MIN,9,INSUFFICIENT,4,INSUFFICIENT,4,0,1,0,0.81924969439696327,0.18075030560303673,-0.18075030560303673,,,,,"{""2026"": 4}","{""2026"": 9}",3,"[0.5101091635454027, 1.0]"
terrain,title_status::TITLE_BOUT,2018,XGB,21,INSUFFICIENT,13,INSUFFICIENT,8,5,0.61538461538461542,0.38461538461538464,0.72577545276054967,0.27422454723945033,0.11039083737593425,,,,,"{""2018"": 13}","{""2018"": 21}",11,"[0.355228915126657, 0.8229029220223743]"
terrain,title_status::TITLE_BOUT,2019,XGB,19,INSUFFICIENT,10,INSUFFICIENT,9,1,0.90000000000000002,0.10000000000000001,0.63631420135498051,0.36368579864501949,-0.26368579864501951,,,,,"{""2019"": 10}","{""2019"": 19}",9,"[0.5958499732047615, 0.9821237869049271]"
terrain,title_status::TITLE_BOUT,2020,XGB,18,INSUFFICIENT,9,INSUFFICIENT,6,3,0.66666666666666663,0.33333333333333331,0.80865644746356535,0.19134355253643465,0.14198978079689872,,,,,"{""2020"": 9}","{""2020"": 18}",7,"[0.3542021355803963, 0.879416181613089]"
terrain,title_status::TITLE_BOUT,2021,XGB,19,INSUFFICIENT,13,INSUFFICIENT,8,5,0.61538461538461542,0.38461538461538464,0.64066107914997983,0.35933892085002017,0.02527646376536441,,,,,"{""2021"": 13}","{""2021"": 19}",10,"[0.355228915126657, 0.8229029220223743]"
terrain,title_status::TITLE_BOUT,2022,XGB,18,INSUFFICIENT,8,INSUFFICIENT,5,3,0.625,0.375,0.69175325334072113,0.30824674665927887,0.06675325334072113,,,,,"{""2022"": 8}","{""2022"": 18}",6,"[0.30574239460262737, 0.8631557141764026]"
terrain,title_status::TITLE_BOUT,2023,XGB,25,THIN_EXPLORATORY,13,INSUFFICIENT,9,4,0.69230769230769229,0.30769230769230771,0.67388622577373802,0.32611377422626198,-0.018421466533954267,,,,,"{""2023"": 13}","{""2023"": 25}",9,"[0.42369343180549035, 0.8731929634428948]"
terrain,title_status::TITLE_BOUT,2024,XGB,21,INSUFFICIENT,12,INSUFFICIENT,9,3,0.75,0.25,0.69127057492733002,0.30872942507266998,-0.058729425072669983,,,,,"{""2024"": 12}","{""2024"": 21}",11,"[0.46769466506643426, 0.9110583316059453]"
terrain,title_status::TITLE_BOUT,2025,XGB,22,INSUFFICIENT,9,INSUFFICIENT,4,5,0.44444444444444442,0.55555555555555558,0.64580800135930383,0.35419199864069617,0.20136355691485941,,,,,"{""2025"": 9}","{""2025"": 22}",7,"[0.18877852109766452, 0.733348706504507]"
terrain,title_status::TITLE_BOUT,2026,XGB,9,INSUFFICIENT,4,INSUFFICIENT,4,0,1,0,0.80924323201179504,0.19075676798820496,-0.19075676798820496,,,,,"{""2026"": 4}","{""2026"": 9}",3,"[0.5101091635454027, 1.0]"
terrain,title_status::TITLE_BOUT,2018,LGBM,21,INSUFFICIENT,13,INSUFFICIENT,8,5,0.61538461538461542,0.38461538461538464,0.69538361428090534,0.30461638571909466,0.079998998896289919,,,,,"{""2018"": 13}","{""2018"": 21}",11,"[0.355228915126657, 0.8229029220223743]"
terrain,title_status::TITLE_BOUT,2019,LGBM,19,INSUFFICIENT,10,INSUFFICIENT,9,1,0.90000000000000002,0.10000000000000001,0.6481244995772758,0.3518755004227242,-0.25187550042272422,,,,,"{""2019"": 10}","{""2019"": 19}",9,"[0.5958499732047615, 0.9821237869049271]"
terrain,title_status::TITLE_BOUT,2020,LGBM,18,INSUFFICIENT,9,INSUFFICIENT,6,3,0.66666666666666663,0.33333333333333331,0.8236478773528485,0.1763521226471515,0.15698121068618187,,,,,"{""2020"": 9}","{""2020"": 18}",7,"[0.3542021355803963, 0.879416181613089]"
terrain,title_status::TITLE_BOUT,2021,LGBM,19,INSUFFICIENT,13,INSUFFICIENT,8,5,0.61538461538461542,0.38461538461538464,0.64973084216274102,0.35026915783725898,0.034346226778125599,,,,,"{""2021"": 13}","{""2021"": 19}",10,"[0.355228915126657, 0.8229029220223743]"
terrain,title_status::TITLE_BOUT,2022,LGBM,18,INSUFFICIENT,8,INSUFFICIENT,5,3,0.625,0.375,0.70480108184140655,0.29519891815859345,0.079801081841406551,,,,,"{""2022"": 8}","{""2022"": 18}",6,"[0.30574239460262737, 0.8631557141764026]"
terrain,title_status::TITLE_BOUT,2023,LGBM,25,THIN_EXPLORATORY,13,INSUFFICIENT,9,4,0.69230769230769229,0.30769230769230771,0.67037610281178384,0.32962389718821616,-0.021931589495908455,,,,,"{""2023"": 13}","{""2023"": 25}",9,"[0.42369343180549035, 0.8731929634428948]"
terrain,title_status::TITLE_BOUT,2024,LGBM,21,INSUFFICIENT,12,INSUFFICIENT,9,3,0.75,0.25,0.70683952224523516,0.29316047775476484,-0.043160477754764837,,,,,"{""2024"": 12}","{""2024"": 21}",11,"[0.46769466506643426, 0.9110583316059453]"
terrain,title_status::TITLE_BOUT,2025,LGBM,22,INSUFFICIENT,9,INSUFFICIENT,4,5,0.44444444444444442,0.55555555555555558,0.64354270450190187,0.35645729549809813,0.19909826005745745,,,,,"{""2025"": 9}","{""2025"": 22}",7,"[0.18877852109766452, 0.733348706504507]"
terrain,title_status::TITLE_BOUT,2026,LGBM,9,INSUFFICIENT,4,INSUFFICIENT,4,0,1,0,0.77881852287414244,0.22118147712585756,-0.22118147712585756,,,,,"{""2026"": 4}","{""2026"": 9}",3,"[0.5101091635454027, 1.0]"
terrain,title_status::TITLE_BOUT,2018,CAT,21,INSUFFICIENT,13,INSUFFICIENT,8,5,0.61538461538461542,0.38461538461538464,0.7182878120364905,0.2817121879635095,0.10290319665187508,,,,,"{""2018"": 13}","{""2018"": 21}",11,"[0.355228915126657, 0.8229029220223743]"
terrain,title_status::TITLE_BOUT,2019,CAT,19,INSUFFICIENT,10,INSUFFICIENT,9,1,0.90000000000000002,0.10000000000000001,0.65943561503964065,0.34056438496035935,-0.24056438496035937,,,,,"{""2019"": 10}","{""2019"": 19}",9,"[0.5958499732047615, 0.9821237869049271]"
terrain,title_status::TITLE_BOUT,2020,CAT,18,INSUFFICIENT,9,INSUFFICIENT,6,3,0.66666666666666663,0.33333333333333331,0.82546411709648182,0.17453588290351818,0.15879745042981519,,,,,"{""2020"": 9}","{""2020"": 18}",7,"[0.3542021355803963, 0.879416181613089]"
terrain,title_status::TITLE_BOUT,2021,CAT,19,INSUFFICIENT,13,INSUFFICIENT,8,5,0.61538461538461542,0.38461538461538464,0.6122134587925756,0.3877865412074244,-0.0031711565920398144,,,,,"{""2021"": 13}","{""2021"": 19}",10,"[0.355228915126657, 0.8229029220223743]"
terrain,title_status::TITLE_BOUT,2022,CAT,18,INSUFFICIENT,8,INSUFFICIENT,5,3,0.625,0.375,0.72734249902778503,0.27265750097221497,0.10234249902778503,,,,,"{""2022"": 8}","{""2022"": 18}",6,"[0.30574239460262737, 0.8631557141764026]"
terrain,title_status::TITLE_BOUT,2023,CAT,25,THIN_EXPLORATORY,13,INSUFFICIENT,9,4,0.69230769230769229,0.30769230769230771,0.68170735632298607,0.31829264367701393,-0.010600335984706222,,,,,"{""2023"": 13}","{""2023"": 25}",9,"[0.42369343180549035, 0.8731929634428948]"
terrain,title_status::TITLE_BOUT,2024,CAT,21,INSUFFICIENT,12,INSUFFICIENT,9,3,0.75,0.25,0.73375082790584256,0.26624917209415744,-0.016249172094157438,,,,,"{""2024"": 12}","{""2024"": 21}",11,"[0.46769466506643426, 0.9110583316059453]"
terrain,title_status::TITLE_BOUT,2025,CAT,22,INSUFFICIENT,9,INSUFFICIENT,4,5,0.44444444444444442,0.55555555555555558,0.64719060857459632,0.35280939142540368,0.2027461641301519,,,,,"{""2025"": 9}","{""2025"": 22}",7,"[0.18877852109766452, 0.733348706504507]"
terrain,title_status::TITLE_BOUT,2026,CAT,9,INSUFFICIENT,4,INSUFFICIENT,4,0,1,0,0.80123139623215411,0.19876860376784589,-0.19876860376784589,,,,,"{""2026"": 4}","{""2026"": 9}",3,"[0.5101091635454027, 1.0]"
terrain,title_status::TITLE_BOUT,2018,SELECT,21,INSUFFICIENT,13,INSUFFICIENT,8,5,0.61538461538461542,0.38461538461538464,0.72577545276054967,0.27422454723945033,0.11039083737593425,,,,,"{""2018"": 13}","{""2018"": 21}",11,"[0.355228915126657, 0.8229029220223743]"
terrain,title_status::TITLE_BOUT,2019,SELECT,19,INSUFFICIENT,10,INSUFFICIENT,9,1,0.90000000000000002,0.10000000000000001,0.63631420135498051,0.36368579864501949,-0.26368579864501951,,,,,"{""2019"": 10}","{""2019"": 19}",9,"[0.5958499732047615, 0.9821237869049271]"
terrain,title_status::TITLE_BOUT,2020,SELECT,18,INSUFFICIENT,9,INSUFFICIENT,6,3,0.66666666666666663,0.33333333333333331,0.8236478773528485,0.1763521226471515,0.15698121068618187,,,,,"{""2020"": 9}","{""2020"": 18}",7,"[0.3542021355803963, 0.879416181613089]"
terrain,title_status::TITLE_BOUT,2021,SELECT,19,INSUFFICIENT,13,INSUFFICIENT,8,5,0.61538461538461542,0.38461538461538464,0.6122134587925756,0.3877865412074244,-0.0031711565920398144,,,,,"{""2021"": 13}","{""2021"": 19}",10,"[0.355228915126657, 0.8229029220223743]"
terrain,title_status::TITLE_BOUT,2022,SELECT,18,INSUFFICIENT,8,INSUFFICIENT,5,3,0.625,0.375,0.70480108184140655,0.29519891815859345,0.079801081841406551,,,,,"{""2022"": 8}","{""2022"": 18}",6,"[0.30574239460262737, 0.8631557141764026]"
terrain,title_status::TITLE_BOUT,2023,SELECT,25,THIN_EXPLORATORY,13,INSUFFICIENT,9,4,0.69230769230769229,0.30769230769230771,0.68170735632298607,0.31829264367701393,-0.010600335984706222,,,,,"{""2023"": 13}","{""2023"": 25}",9,"[0.42369343180549035, 0.8731929634428948]"
terrain,title_status::TITLE_BOUT,2024,SELECT,21,INSUFFICIENT,12,INSUFFICIENT,9,3,0.75,0.25,0.73375082790584256,0.26624917209415744,-0.016249172094157438,,,,,"{""2024"": 12}","{""2024"": 21}",11,"[0.46769466506643426, 0.9110583316059453]"
terrain,title_status::TITLE_BOUT,2025,SELECT,22,INSUFFICIENT,9,INSUFFICIENT,4,5,0.44444444444444442,0.55555555555555558,0.64354270450190187,0.35645729549809813,0.19909826005745745,,,,,"{""2025"": 9}","{""2025"": 22}",7,"[0.18877852109766452, 0.733348706504507]"
terrain,title_status::TITLE_BOUT,2026,SELECT,9,INSUFFICIENT,4,INSUFFICIENT,4,0,1,0,0.77881852287414244,0.22118147712585756,-0.22118147712585756,,,,,"{""2026"": 4}","{""2026"": 9}",3,"[0.5101091635454027, 1.0]"
terrain,weight_class::Bantamweight,2018,LINEAR_MIN,52,MODERATE_UNCERTAINTY,25,THIN_EXPLORATORY,12,13,0.47999999999999998,0.52000000000000002,0.62170069836166497,0.37829930163833503,0.14170069836166499,0.63946945744558992,0.22597829174253217,0,0,"{""2018"": 25}","{""2018"": 52}",17,"[0.30031285954112974, 0.6650148304964322]"
terrain,weight_class::Bantamweight,2019,LINEAR_MIN,60,MODERATE_UNCERTAINTY,24,INSUFFICIENT,15,9,0.625,0.375,0.6041515990229408,0.3958484009770592,-0.0208484009770592,,,,,"{""2019"": 24}","{""2019"": 60}",18,"[0.42709962442674276, 0.7884063244045122]"
terrain,weight_class::Bantamweight,2020,LINEAR_MIN,49,THIN_EXPLORATORY,29,THIN_EXPLORATORY,21,8,0.72413793103448276,0.27586206896551724,0.6139404915323502,0.3860595084676498,-0.11019743950213257,0.55326559056467661,0.18802271267457826,0,0,"{""2020"": 29}","{""2020"": 49}",23,"[0.5428286758313405, 0.8530124489791204]"
terrain,weight_class::Bantamweight,2021,LINEAR_MIN,57,MODERATE_UNCERTAINTY,31,THIN_EXPLORATORY,25,6,0.80645161290322576,0.19354838709677419,0.66574526170620907,0.33425473829379093,-0.14070635119701669,0.54937758763501376,0.1833072645951446,0,0,"{""2021"": 31}","{""2021"": 57}",23,"[0.6371974218820453, 0.908129916384139]"
terrain,weight_class::Bantamweight,2022,LINEAR_MIN,60,MODERATE_UNCERTAINTY,28,THIN_EXPLORATORY,17,11,0.6071428571428571,0.39285714285714285,0.7099165506456756,0.2900834493543244,0.10277369350281851,0.68716245974566059,0.24353496764501031,0,0,"{""2022"": 28}","{""2022"": 60}",24,"[0.42409044296597176, 0.764343134584204]"
terrain,weight_class::Bantamweight,2023,LINEAR_MIN,51,MODERATE_UNCERTAINTY,24,INSUFFICIENT,15,9,0.625,0.375,0.65593994258181176,0.34406005741818824,0.030939942581811763,,,,,"{""2023"": 24}","{""2023"": 51}",20,"[0.42709962442674276, 0.7884063244045122]"
terrain,weight_class::Bantamweight,2024,LINEAR_MIN,62,MODERATE_UNCERTAINTY,18,INSUFFICIENT,8,10,0.44444444444444442,0.55555555555555558,0.67132045174657362,0.32867954825342638,0.2268760073021292,,,,,"{""2024"": 18}","{""2024"": 62}",18,"[0.24559518127005633, 0.6628358435795723]"
terrain,weight_class::Bantamweight,2025,LINEAR_MIN,57,MODERATE_UNCERTAINTY,18,INSUFFICIENT,11,7,0.61111111111111116,0.3888888888888889,0.64313012252340163,0.35686987747659837,0.032019011412290466,,,,,"{""2025"": 18}","{""2025"": 57}",15,"[0.3861904160223791, 0.7969475342783638]"
terrain,weight_class::Bantamweight,2026,LINEAR_MIN,37,THIN_EXPLORATORY,15,INSUFFICIENT,6,9,0.40000000000000002,0.59999999999999998,0.63246933287577289,0.36753066712422711,0.23246933287577287,,,,,"{""2026"": 15}","{""2026"": 37}",10,"[0.1982449614134158, 0.6425316987937539]"
terrain,weight_class::Bantamweight,2018,XGB,52,MODERATE_UNCERTAINTY,25,THIN_EXPLORATORY,12,13,0.47999999999999998,0.52000000000000002,0.63429449558258055,0.36570550441741945,0.15429449558258057,0.64941225574170802,0.22960584725912561,0.0099427982961180598,0.0036275555165934037,"{""2018"": 25}","{""2018"": 52}",17,"[0.30031285954112974, 0.6650148304964322]"
terrain,weight_class::Bantamweight,2019,XGB,60,MODERATE_UNCERTAINTY,24,INSUFFICIENT,15,9,0.625,0.375,0.66561318437258399,0.33438681562741601,0.040613184372583988,,,,,"{""2019"": 24}","{""2019"": 60}",18,"[0.42709962442674276, 0.7884063244045122]"
terrain,weight_class::Bantamweight,2020,XGB,49,THIN_EXPLORATORY,29,THIN_EXPLORATORY,21,8,0.72413793103448276,0.27586206896551724,0.65427770696837328,0.34572229303162672,-0.069860224066109478,0.52897991049832871,0.17684921568324202,-0.024285680066347837,-0.011173496991336235,"{""2020"": 29}","{""2020"": 49}",23,"[0.5428286758313405, 0.8530124489791204]"
terrain,weight_class::Bantamweight,2021,XGB,57,MODERATE_UNCERTAINTY,31,THIN_EXPLORATORY,25,6,0.80645161290322576,0.19354838709677419,0.68453694639667384,0.31546305360332616,-0.12191466650655192,0.4950835415932161,0.15976340410339249,-0.054294046041797647,-0.023543860491752153,"{""2021"": 31}","{""2021"": 57}",23,"[0.6371974218820453, 0.908129916384139]"
terrain,weight_class::Bantamweight,2022,XGB,60,MODERATE_UNCERTAINTY,28,THIN_EXPLORATORY,17,11,0.6071428571428571,0.39285714285714285,0.68816320278814858,0.31183679721185142,0.081020345645291481,0.73430069416306942,0.26574298937855445,0.047138234417408671,0.02220802173354413,"{""2022"": 28}","{""2022"": 60}",24,"[0.42409044296597176, 0.764343134584204]"
terrain,weight_class::Bantamweight,2023,XGB,51,MODERATE_UNCERTAINTY,24,INSUFFICIENT,15,9,0.625,0.375,0.63844242195288337,0.36155757804711663,0.013442421952883365,,,,,"{""2023"": 24}","{""2023"": 51}",20,"[0.42709962442674276, 0.7884063244045122]"
terrain,weight_class::Bantamweight,2024,XGB,62,MODERATE_UNCERTAINTY,18,INSUFFICIENT,8,10,0.44444444444444442,0.55555555555555558,0.61930497321817612,0.38069502678182388,0.1748605287737317,,,,,"{""2024"": 18}","{""2024"": 62}",18,"[0.24559518127005633, 0.6628358435795723]"
terrain,weight_class::Bantamweight,2025,XGB,57,MODERATE_UNCERTAINTY,18,INSUFFICIENT,11,7,0.61111111111111116,0.3888888888888889,0.64088818430900574,0.35911181569099426,0.029777073197894577,,,,,"{""2025"": 18}","{""2025"": 57}",15,"[0.3861904160223791, 0.7969475342783638]"
terrain,weight_class::Bantamweight,2026,XGB,37,THIN_EXPLORATORY,15,INSUFFICIENT,6,9,0.40000000000000002,0.59999999999999998,0.65942662556966147,0.34057337443033853,0.25942662556966145,,,,,"{""2026"": 15}","{""2026"": 37}",10,"[0.1982449614134158, 0.6425316987937539]"
terrain,weight_class::Bantamweight,2018,LGBM,52,MODERATE_UNCERTAINTY,25,THIN_EXPLORATORY,12,13,0.47999999999999998,0.52000000000000002,0.63230770452887419,0.36769229547112581,0.15230770452887421,0.63067181113669346,0.22015103384504664,-0.0087976463088964545,-0.0058272578974855769,"{""2018"": 25}","{""2018"": 52}",17,"[0.30031285954112974, 0.6650148304964322]"
terrain,weight_class::Bantamweight,2019,LGBM,60,MODERATE_UNCERTAINTY,24,INSUFFICIENT,15,9,0.625,0.375,0.64914510367773737,0.35085489632226263,0.024145103677737367,,,,,"{""2019"": 24}","{""2019"": 60}",18,"[0.42709962442674276, 0.7884063244045122]"
terrain,weight_class::Bantamweight,2020,LGBM,49,THIN_EXPLORATORY,29,THIN_EXPLORATORY,21,8,0.72413793103448276,0.27586206896551724,0.64928232100383121,0.35071767899616879,-0.074855610030651554,0.53872031923611263,0.18247868398379052,-0.01454527132856407,-0.0055440286907877129,"{""2020"": 29}","{""2020"": 49}",23,"[0.5428286758313405, 0.8530124489791204]"
terrain,weight_class::Bantamweight,2021,LGBM,57,MODERATE_UNCERTAINTY,31,THIN_EXPLORATORY,25,6,0.80645161290322576,0.19354838709677419,0.68862687641458564,0.31137312358541436,-0.11782473648864011,0.49218292301716993,0.15898756540893813,-0.057194664617843879,-0.024319699186206533,"{""2021"": 31}","{""2021"": 57}",23,"[0.6371974218820453, 0.908129916384139]"
terrain,weight_class::Bantamweight,2022,LGBM,60,MODERATE_UNCERTAINTY,28,THIN_EXPLORATORY,17,11,0.6071428571428571,0.39285714285714285,0.69302857716950594,0.30697142283049406,0.085885720026648849,0.75218888796863936,0.27222022218003444,0.065026428222978772,0.028685254535024067,"{""2022"": 28}","{""2022"": 60}",24,"[0.42409044296597176, 0.764343134584204]"
terrain,weight_class::Bantamweight,2023,LGBM,51,MODERATE_UNCERTAINTY,24,INSUFFICIENT,15,9,0.625,0.375,0.64839485175558431,0.35160514824441569,0.023394851755584312,,,,,"{""2023"": 24}","{""2023"": 51}",20,"[0.42709962442674276, 0.7884063244045122]"
terrain,weight_class::Bantamweight,2024,LGBM,62,MODERATE_UNCERTAINTY,18,INSUFFICIENT,8,10,0.44444444444444442,0.55555555555555558,0.62421488488016441,0.37578511511983559,0.17977044043571999,,,,,"{""2024"": 18}","{""2024"": 62}",18,"[0.24559518127005633, 0.6628358435795723]"
terrain,weight_class::Bantamweight,2025,LGBM,57,MODERATE_UNCERTAINTY,18,INSUFFICIENT,11,7,0.61111111111111116,0.3888888888888889,0.63819742645564903,0.36180257354435097,0.02708631534453787,,,,,"{""2025"": 18}","{""2025"": 57}",15,"[0.3861904160223791, 0.7969475342783638]"
terrain,weight_class::Bantamweight,2026,LGBM,37,THIN_EXPLORATORY,15,INSUFFICIENT,6,9,0.40000000000000002,0.59999999999999998,0.64400521208280448,0.35599478791719552,0.24400521208280446,,,,,"{""2026"": 15}","{""2026"": 37}",10,"[0.1982449614134158, 0.6425316987937539]"
terrain,weight_class::Bantamweight,2018,CAT,52,MODERATE_UNCERTAINTY,25,THIN_EXPLORATORY,12,13,0.47999999999999998,0.52000000000000002,0.64192467344206139,0.35807532655793861,0.16192467344206141,0.64303693649631188,0.22669101839802347,0.0035674790507219246,0.00071272665549129146,"{""2018"": 25}","{""2018"": 52}",17,"[0.30031285954112974, 0.6650148304964322]"
terrain,weight_class::Bantamweight,2019,CAT,60,MODERATE_UNCERTAINTY,24,INSUFFICIENT,15,9,0.625,0.375,0.66026792500331377,0.33973207499668623,0.035267925003313771,,,,,"{""2019"": 24}","{""2019"": 60}",18,"[0.42709962442674276, 0.7884063244045122]"
terrain,weight_class::Bantamweight,2020,CAT,49,THIN_EXPLORATORY,29,THIN_EXPLORATORY,21,8,0.72413793103448276,0.27586206896551724,0.65381526454772232,0.34618473545227768,-0.070322666486760443,0.54577128167174682,0.18612817143893287,-0.0074943088929297144,-0.0018945412356453763,"{""2020"": 29}","{""2020"": 49}",23,"[0.5428286758313405, 0.8530124489791204]"
terrain,weight_class::Bantamweight,2021,CAT,57,MODERATE_UNCERTAINTY,31,THIN_EXPLORATORY,25,6,0.80645161290322576,0.19354838709677419,0.70139829696262745,0.29860170303737255,-0.1050533159405983,0.50395067165942731,0.16735974290062328,-0.045426915975586499,-0.015947521694521367,"{""2021"": 31}","{""2021"": 57}",23,"[0.6371974218820453, 0.908129916384139]"
terrain,weight_class::Bantamweight,2022,CAT,60,MODERATE_UNCERTAINTY,28,THIN_EXPLORATORY,17,11,0.6071428571428571,0.39285714285714285,0.70249841112442191,0.29750158887557809,0.095355553981564811,0.73713181996289301,0.26760595570043139,0.049969360217232243,0.024070988055421016,"{""2022"": 28}","{""2022"": 60}",24,"[0.42409044296597176, 0.764343134584204]"
terrain,weight_class::Bantamweight,2023,CAT,51,MODERATE_UNCERTAINTY,24,INSUFFICIENT,15,9,0.625,0.375,0.65099123861846631,0.34900876138153369,0.025991238618466306,,,,,"{""2023"": 24}","{""2023"": 51}",20,"[0.42709962442674276, 0.7884063244045122]"
terrain,weight_class::Bantamweight,2024,CAT,62,MODERATE_UNCERTAINTY,18,INSUFFICIENT,8,10,0.44444444444444442,0.55555555555555558,0.67080953460245574,0.32919046539754426,0.22636509015801132,,,,,"{""2024"": 18}","{""2024"": 62}",18,"[0.24559518127005633, 0.6628358435795723]"
terrain,weight_class::Bantamweight,2025,CAT,57,MODERATE_UNCERTAINTY,18,INSUFFICIENT,11,7,0.61111111111111116,0.3888888888888889,0.63198760552175626,0.36801239447824374,0.020876494410645097,,,,,"{""2025"": 18}","{""2025"": 57}",15,"[0.3861904160223791, 0.7969475342783638]"
terrain,weight_class::Bantamweight,2026,CAT,37,THIN_EXPLORATORY,15,INSUFFICIENT,6,9,0.40000000000000002,0.59999999999999998,0.64089213374788867,0.35910786625211133,0.24089213374788865,,,,,"{""2026"": 15}","{""2026"": 37}",10,"[0.1982449614134158, 0.6425316987937539]"
terrain,weight_class::Bantamweight,2018,SELECT,52,MODERATE_UNCERTAINTY,25,THIN_EXPLORATORY,12,13,0.47999999999999998,0.52000000000000002,0.63429449558258055,0.36570550441741945,0.15429449558258057,0.64941225574170802,0.22960584725912561,0.0099427982961180598,0.0036275555165934037,"{""2018"": 25}","{""2018"": 52}",17,"[0.30031285954112974, 0.6650148304964322]"
terrain,weight_class::Bantamweight,2019,SELECT,60,MODERATE_UNCERTAINTY,24,INSUFFICIENT,15,9,0.625,0.375,0.66561318437258399,0.33438681562741601,0.040613184372583988,,,,,"{""2019"": 24}","{""2019"": 60}",18,"[0.42709962442674276, 0.7884063244045122]"
terrain,weight_class::Bantamweight,2020,SELECT,49,THIN_EXPLORATORY,29,THIN_EXPLORATORY,21,8,0.72413793103448276,0.27586206896551724,0.64928232100383121,0.35071767899616879,-0.074855610030651554,0.53872031923611263,0.18247868398379052,-0.01454527132856407,-0.0055440286907877129,"{""2020"": 29}","{""2020"": 49}",23,"[0.5428286758313405, 0.8530124489791204]"
terrain,weight_class::Bantamweight,2021,SELECT,57,MODERATE_UNCERTAINTY,31,THIN_EXPLORATORY,25,6,0.80645161290322576,0.19354838709677419,0.70139829696262745,0.29860170303737255,-0.1050533159405983,0.50395067165942731,0.16735974290062328,-0.045426915975586499,-0.015947521694521367,"{""2021"": 31}","{""2021"": 57}",23,"[0.6371974218820453, 0.908129916384139]"
terrain,weight_class::Bantamweight,2022,SELECT,60,MODERATE_UNCERTAINTY,28,THIN_EXPLORATORY,17,11,0.6071428571428571,0.39285714285714285,0.69302857716950594,0.30697142283049406,0.085885720026648849,0.75218888796863936,0.27222022218003444,0.065026428222978772,0.028685254535024067,"{""2022"": 28}","{""2022"": 60}",24,"[0.42409044296597176, 0.764343134584204]"
terrain,weight_class::Bantamweight,2023,SELECT,51,MODERATE_UNCERTAINTY,24,INSUFFICIENT,15,9,0.625,0.375,0.65099123861846631,0.34900876138153369,0.025991238618466306,,,,,"{""2023"": 24}","{""2023"": 51}",20,"[0.42709962442674276, 0.7884063244045122]"
terrain,weight_class::Bantamweight,2024,SELECT,62,MODERATE_UNCERTAINTY,18,INSUFFICIENT,8,10,0.44444444444444442,0.55555555555555558,0.67080953460245574,0.32919046539754426,0.22636509015801132,,,,,"{""2024"": 18}","{""2024"": 62}",18,"[0.24559518127005633, 0.6628358435795723]"
terrain,weight_class::Bantamweight,2025,SELECT,57,MODERATE_UNCERTAINTY,18,INSUFFICIENT,11,7,0.61111111111111116,0.3888888888888889,0.63819742645564903,0.36180257354435097,0.02708631534453787,,,,,"{""2025"": 18}","{""2025"": 57}",15,"[0.3861904160223791, 0.7969475342783638]"
terrain,weight_class::Bantamweight,2026,SELECT,37,THIN_EXPLORATORY,15,INSUFFICIENT,6,9,0.40000000000000002,0.59999999999999998,0.64400521208280448,0.35599478791719552,0.24400521208280446,,,,,"{""2026"": 15}","{""2026"": 37}",10,"[0.1982449614134158, 0.6425316987937539]"
terrain,weight_class::Catch Weight,2018,LINEAR_MIN,0,INSUFFICIENT,0,INSUFFICIENT,0,0,,,,,,,,,,{},{},0,"[null, null]"
terrain,weight_class::Catch Weight,2019,LINEAR_MIN,1,INSUFFICIENT,0,INSUFFICIENT,0,0,,,,,,,,,,{},"{""2019"": 1}",0,"[null, null]"
terrain,weight_class::Catch Weight,2020,LINEAR_MIN,12,INSUFFICIENT,6,INSUFFICIENT,1,5,0.16666666666666666,0.83333333333333337,0.66454794423994656,0.33545205576005344,0.49788127757327993,,,,,"{""2020"": 6}","{""2020"": 12}",6,"[0.030053369748306635, 0.5635028221864702]"
terrain,weight_class::Catch Weight,2021,LINEAR_MIN,4,INSUFFICIENT,2,INSUFFICIENT,1,1,0.5,0.5,0.77078434116406802,0.22921565883593198,0.27078434116406802,,,,,"{""2021"": 2}","{""2021"": 4}",2,"[0.09453120573423074, 0.9054687942657693]"
terrain,weight_class::Catch Weight,2022,LINEAR_MIN,13,INSUFFICIENT,10,INSUFFICIENT,6,4,0.59999999999999998,0.40000000000000002,0.68011713140268071,0.31988286859731929,0.08011713140268073,,,,,"{""2022"": 10}","{""2022"": 13}",7,"[0.31267376973365824, 0.8318196702937638]"
terrain,weight_class::Catch Weight,2023,LINEAR_MIN,11,INSUFFICIENT,3,INSUFFICIENT,1,2,0.33333333333333331,0.66666666666666663,0.60407661469196106,0.39592338530803894,0.27074328135862774,,,,,"{""2023"": 3}","{""2023"": 11}",3,"[0.06149194472039621, 0.7923403991979522]"
terrain,weight_class::Catch Weight,2024,LINEAR_MIN,4,INSUFFICIENT,1,INSUFFICIENT,1,0,1,0,0.82930505618919759,0.17069494381080241,-0.17069494381080241,,,,,"{""2024"": 1}","{""2024"": 4}",1,"[0.20654931437723745, 1.0]"
terrain,weight_class::Catch Weight,2025,LINEAR_MIN,8,INSUFFICIENT,5,INSUFFICIENT,2,3,0.40000000000000002,0.59999999999999998,0.54624216513562196,0.45375783486437804,0.14624216513562194,,,,,"{""2025"": 5}","{""2025"": 8}",5,"[0.11762077423264783, 0.769275718723987]"
terrain,weight_class::Catch Weight,2026,LINEAR_MIN,6,INSUFFICIENT,2,INSUFFICIENT,1,1,0.5,0.5,0.64773113275636152,0.35226886724363848,0.14773113275636152,,,,,"{""2026"": 2}","{""2026"": 6}",2,"[0.09453120573423074, 0.9054687942657693]"
terrain,weight_class::Catch Weight,2018,XGB,0,INSUFFICIENT,0,INSUFFICIENT,0,0,,,,,,,,,,{},{},0,"[null, null]"
terrain,weight_class::Catch Weight,2019,XGB,1,INSUFFICIENT,0,INSUFFICIENT,0,0,,,,,,,,,,{},"{""2019"": 1}",0,"[null, null]"
terrain,weight_class::Catch Weight,2020,XGB,12,INSUFFICIENT,6,INSUFFICIENT,1,5,0.16666666666666666,0.83333333333333337,0.66662545998891198,0.33337454001108802,0.49995879332224535,,,,,"{""2020"": 6}","{""2020"": 12}",6,"[0.030053369748306635, 0.5635028221864702]"
terrain,weight_class::Catch Weight,2021,XGB,4,INSUFFICIENT,2,INSUFFICIENT,1,1,0.5,0.5,0.72410804033279419,0.27589195966720581,0.22410804033279419,,,,,"{""2021"": 2}","{""2021"": 4}",2,"[0.09453120573423074, 0.9054687942657693]"
terrain,weight_class::Catch Weight,2022,XGB,13,INSUFFICIENT,10,INSUFFICIENT,6,4,0.59999999999999998,0.40000000000000002,0.65716135799884801,0.34283864200115199,0.057161357998848028,,,,,"{""2022"": 10}","{""2022"": 13}",7,"[0.31267376973365824, 0.8318196702937638]"
terrain,weight_class::Catch Weight,2023,XGB,11,INSUFFICIENT,3,INSUFFICIENT,1,2,0.33333333333333331,0.66666666666666663,0.67121231555938721,0.32878768444061279,0.33787898222605389,,,,,"{""2023"": 3}","{""2023"": 11}",3,"[0.06149194472039621, 0.7923403991979522]"
terrain,weight_class::Catch Weight,2024,XGB,4,INSUFFICIENT,1,INSUFFICIENT,1,0,1,0,0.80931752920150757,0.19068247079849243,-0.19068247079849243,,,,,"{""2024"": 1}","{""2024"": 4}",1,"[0.20654931437723745, 1.0]"
terrain,weight_class::Catch Weight,2025,XGB,8,INSUFFICIENT,5,INSUFFICIENT,2,3,0.40000000000000002,0.59999999999999998,0.59427746534347536,0.40572253465652464,0.19427746534347534,,,,,"{""2025"": 5}","{""2025"": 8}",5,"[0.11762077423264783, 0.769275718723987]"
terrain,weight_class::Catch Weight,2026,XGB,6,INSUFFICIENT,2,INSUFFICIENT,1,1,0.5,0.5,0.70129972696304321,0.29870027303695679,0.20129972696304321,,,,,"{""2026"": 2}","{""2026"": 6}",2,"[0.09453120573423074, 0.9054687942657693]"
terrain,weight_class::Catch Weight,2018,LGBM,0,INSUFFICIENT,0,INSUFFICIENT,0,0,,,,,,,,,,{},{},0,"[null, null]"
terrain,weight_class::Catch Weight,2019,LGBM,1,INSUFFICIENT,0,INSUFFICIENT,0,0,,,,,,,,,,{},"{""2019"": 1}",0,"[null, null]"
terrain,weight_class::Catch Weight,2020,LGBM,12,INSUFFICIENT,6,INSUFFICIENT,1,5,0.16666666666666666,0.83333333333333337,0.69365897505807561,0.30634102494192439,0.52699230839140898,,,,,"{""2020"": 6}","{""2020"": 12}",6,"[0.030053369748306635, 0.5635028221864702]"
terrain,weight_class::Catch Weight,2021,LGBM,4,INSUFFICIENT,2,INSUFFICIENT,1,1,0.5,0.5,0.72313457663449299,0.27686542336550701,0.22313457663449299,,,,,"{""2021"": 2}","{""2021"": 4}",2,"[0.09453120573423074, 0.9054687942657693]"
terrain,weight_class::Catch Weight,2022,LGBM,13,INSUFFICIENT,10,INSUFFICIENT,6,4,0.59999999999999998,0.40000000000000002,0.66754250185890618,0.33245749814109382,0.067542501858906201,,,,,"{""2022"": 10}","{""2022"": 13}",7,"[0.31267376973365824, 0.8318196702937638]"
terrain,weight_class::Catch Weight,2023,LGBM,11,INSUFFICIENT,3,INSUFFICIENT,1,2,0.33333333333333331,0.66666666666666663,0.6660920767134475,0.3339079232865525,0.33275874338011419,,,,,"{""2023"": 3}","{""2023"": 11}",3,"[0.06149194472039621, 0.7923403991979522]"
terrain,weight_class::Catch Weight,2024,LGBM,4,INSUFFICIENT,1,INSUFFICIENT,1,0,1,0,0.79001698236302542,0.20998301763697458,-0.20998301763697458,,,,,"{""2024"": 1}","{""2024"": 4}",1,"[0.20654931437723745, 1.0]"
terrain,weight_class::Catch Weight,2025,LGBM,8,INSUFFICIENT,5,INSUFFICIENT,2,3,0.40000000000000002,0.59999999999999998,0.59958472577085842,0.40041527422914158,0.1995847257708584,,,,,"{""2025"": 5}","{""2025"": 8}",5,"[0.11762077423264783, 0.769275718723987]"
terrain,weight_class::Catch Weight,2026,LGBM,6,INSUFFICIENT,2,INSUFFICIENT,1,1,0.5,0.5,0.71145365127171423,0.28854634872828577,0.21145365127171423,,,,,"{""2026"": 2}","{""2026"": 6}",2,"[0.09453120573423074, 0.9054687942657693]"
terrain,weight_class::Catch Weight,2018,CAT,0,INSUFFICIENT,0,INSUFFICIENT,0,0,,,,,,,,,,{},{},0,"[null, null]"
terrain,weight_class::Catch Weight,2019,CAT,1,INSUFFICIENT,0,INSUFFICIENT,0,0,,,,,,,,,,{},"{""2019"": 1}",0,"[null, null]"
terrain,weight_class::Catch Weight,2020,CAT,12,INSUFFICIENT,6,INSUFFICIENT,1,5,0.16666666666666666,0.83333333333333337,0.68898892518433674,0.31101107481566326,0.52232225851767011,,,,,"{""2020"": 6}","{""2020"": 12}",6,"[0.030053369748306635, 0.5635028221864702]"
terrain,weight_class::Catch Weight,2021,CAT,4,INSUFFICIENT,2,INSUFFICIENT,1,1,0.5,0.5,0.74506716186180943,0.25493283813819057,0.24506716186180943,,,,,"{""2021"": 2}","{""2021"": 4}",2,"[0.09453120573423074, 0.9054687942657693]"
terrain,weight_class::Catch Weight,2022,CAT,13,INSUFFICIENT,10,INSUFFICIENT,6,4,0.59999999999999998,0.40000000000000002,0.68458715573324436,0.31541284426675564,0.084587155733244379,,,,,"{""2022"": 10}","{""2022"": 13}",7,"[0.31267376973365824, 0.8318196702937638]"
terrain,weight_class::Catch Weight,2023,CAT,11,INSUFFICIENT,3,INSUFFICIENT,1,2,0.33333333333333331,0.66666666666666663,0.66552316531088518,0.33447683468911482,0.33218983197755186,,,,,"{""2023"": 3}","{""2023"": 11}",3,"[0.06149194472039621, 0.7923403991979522]"
terrain,weight_class::Catch Weight,2024,CAT,4,INSUFFICIENT,1,INSUFFICIENT,1,0,1,0,0.83263966231713615,0.16736033768286385,-0.16736033768286385,,,,,"{""2024"": 1}","{""2024"": 4}",1,"[0.20654931437723745, 1.0]"
terrain,weight_class::Catch Weight,2025,CAT,8,INSUFFICIENT,5,INSUFFICIENT,2,3,0.40000000000000002,0.59999999999999998,0.59277734861383224,0.40722265138616776,0.19277734861383222,,,,,"{""2025"": 5}","{""2025"": 8}",5,"[0.11762077423264783, 0.769275718723987]"
terrain,weight_class::Catch Weight,2026,CAT,6,INSUFFICIENT,2,INSUFFICIENT,1,1,0.5,0.5,0.66902577534011176,0.33097422465988824,0.16902577534011176,,,,,"{""2026"": 2}","{""2026"": 6}",2,"[0.09453120573423074, 0.9054687942657693]"
terrain,weight_class::Catch Weight,2018,SELECT,0,INSUFFICIENT,0,INSUFFICIENT,0,0,,,,,,,,,,{},{},0,"[null, null]"
terrain,weight_class::Catch Weight,2019,SELECT,1,INSUFFICIENT,0,INSUFFICIENT,0,0,,,,,,,,,,{},"{""2019"": 1}",0,"[null, null]"
terrain,weight_class::Catch Weight,2020,SELECT,12,INSUFFICIENT,6,INSUFFICIENT,1,5,0.16666666666666666,0.83333333333333337,0.69365897505807561,0.30634102494192439,0.52699230839140898,,,,,"{""2020"": 6}","{""2020"": 12}",6,"[0.030053369748306635, 0.5635028221864702]"
terrain,weight_class::Catch Weight,2021,SELECT,4,INSUFFICIENT,2,INSUFFICIENT,1,1,0.5,0.5,0.74506716186180943,0.25493283813819057,0.24506716186180943,,,,,"{""2021"": 2}","{""2021"": 4}",2,"[0.09453120573423074, 0.9054687942657693]"
terrain,weight_class::Catch Weight,2022,SELECT,13,INSUFFICIENT,10,INSUFFICIENT,6,4,0.59999999999999998,0.40000000000000002,0.66754250185890618,0.33245749814109382,0.067542501858906201,,,,,"{""2022"": 10}","{""2022"": 13}",7,"[0.31267376973365824, 0.8318196702937638]"
terrain,weight_class::Catch Weight,2023,SELECT,11,INSUFFICIENT,3,INSUFFICIENT,1,2,0.33333333333333331,0.66666666666666663,0.66552316531088518,0.33447683468911482,0.33218983197755186,,,,,"{""2023"": 3}","{""2023"": 11}",3,"[0.06149194472039621, 0.7923403991979522]"
terrain,weight_class::Catch Weight,2024,SELECT,4,INSUFFICIENT,1,INSUFFICIENT,1,0,1,0,0.83263966231713615,0.16736033768286385,-0.16736033768286385,,,,,"{""2024"": 1}","{""2024"": 4}",1,"[0.20654931437723745, 1.0]"
terrain,weight_class::Catch Weight,2025,SELECT,8,INSUFFICIENT,5,INSUFFICIENT,2,3,0.40000000000000002,0.59999999999999998,0.59958472577085842,0.40041527422914158,0.1995847257708584,,,,,"{""2025"": 5}","{""2025"": 8}",5,"[0.11762077423264783, 0.769275718723987]"
terrain,weight_class::Catch Weight,2026,SELECT,6,INSUFFICIENT,2,INSUFFICIENT,1,1,0.5,0.5,0.71145365127171423,0.28854634872828577,0.21145365127171423,,,,,"{""2026"": 2}","{""2026"": 6}",2,"[0.09453120573423074, 0.9054687942657693]"
terrain,weight_class::Featherweight,2018,LINEAR_MIN,55,MODERATE_UNCERTAINTY,26,THIN_EXPLORATORY,19,7,0.73076923076923073,0.26923076923076922,0.65320424842638181,0.34679575157361819,-0.07756498234284892,0.60549324827583861,0.20783022981784069,0,0,"{""2018"": 26}","{""2018"": 55}",23,"[0.5391695962082381, 0.8629555167798162]"
terrain,weight_class::Featherweight,2019,LINEAR_MIN,60,MODERATE_UNCERTAINTY,27,THIN_EXPLORATORY,16,11,0.59259259259259256,0.40740740740740738,0.66376233828057163,0.33623766171942837,0.071169745687979069,0.5857569352860349,0.20084596177444158,0,0,"{""2019"": 27}","{""2019"": 60}",20,"[0.4072670096806468, 0.7548524292560443]"
terrain,weight_class::Featherweight,2020,LINEAR_MIN,58,MODERATE_UNCERTAINTY,23,INSUFFICIENT,13,10,0.56521739130434778,0.43478260869565216,0.57810608375359029,0.42189391624640971,0.012888692449242511,,,,,"{""2020"": 23}","{""2020"": 58}",18,"[0.3681137508501646, 0.743653646743258]"
terrain,weight_class::Featherweight,2021,LINEAR_MIN,56,MODERATE_UNCERTAINTY,19,INSUFFICIENT,15,4,0.78947368421052633,0.21052631578947367,0.6691771381625099,0.3308228618374901,-0.12029654604801643,,,,,"{""2021"": 19}","{""2021"": 56}",17,"[0.5666572155618583, 0.9149232336708375]"
terrain,weight_class::Featherweight,2022,LINEAR_MIN,55,MODERATE_UNCERTAINTY,28,THIN_EXPLORATORY,19,9,0.6785714285714286,0.32142857142857145,0.61672267689624027,0.38327732310375973,-0.061848751675188329,0.6503217047614297,0.22852046662603059,0,0,"{""2022"": 28}","{""2022"": 55}",22,"[0.49338843180857617, 0.8206675307750504]"
terrain,weight_class::Featherweight,2023,LINEAR_MIN,58,MODERATE_UNCERTAINTY,28,THIN_EXPLORATORY,17,11,0.6071428571428571,0.39285714285714285,0.63987523577111083,0.36012476422888917,0.032732378628253733,0.66606464978364344,0.23275115538416627,0,0,"{""2023"": 28}","{""2023"": 58}",21,"[0.42409044296597176, 0.764343134584204]"
terrain,weight_class::Featherweight,2024,LINEAR_MIN,60,MODERATE_UNCERTAINTY,34,THIN_EXPLORATORY,21,13,0.61764705882352944,0.38235294117647056,0.68225980069112047,0.31774019930887953,0.064612741867591028,0.613802781831991,0.21629228269043535,0,0,"{""2024"": 34}","{""2024"": 60}",20,"[0.450410173444307, 0.7609981667549109]"
terrain,weight_class::Featherweight,2025,LINEAR_MIN,54,MODERATE_UNCERTAINTY,26,THIN_EXPLORATORY,19,7,0.73076923076923073,0.26923076923076922,0.68492501209819179,0.31507498790180821,-0.045844218671038939,0.50715967846419208,0.16444709828591794,0,0,"{""2025"": 26}","{""2025"": 54}",22,"[0.5391695962082381, 0.8629555167798162]"
terrain,weight_class::Featherweight,2026,LINEAR_MIN,42,THIN_EXPLORATORY,26,THIN_EXPLORATORY,19,7,0.73076923076923073,0.26923076923076922,0.69471249534473201,0.30528750465526799,-0.03605673542449872,0.52035279240499199,0.17232317637619662,0,0,"{""2026"": 26}","{""2026"": 42}",21,"[0.5391695962082381, 0.8629555167798162]"
terrain,weight_class::Featherweight,2018,XGB,55,MODERATE_UNCERTAINTY,26,THIN_EXPLORATORY,19,7,0.73076923076923073,0.26923076923076922,0.64809145033359528,0.35190854966640472,-0.082677780435635451,0.57521365601401153,0.19985680075489348,-0.030279592261826988,-0.0079734290629472314,"{""2018"": 26}","{""2018"": 55}",23,"[0.5391695962082381, 0.8629555167798162]"
terrain,weight_class::Featherweight,2019,XGB,60,MODERATE_UNCERTAINTY,27,THIN_EXPLORATORY,16,11,0.59259259259259256,0.40740740740740738,0.66851675179269576,0.33148324820730424,0.075924159200103203,0.5877356290482203,0.19777394754874594,0.0019786937621855192,-0.0030720142256955994,"{""2019"": 27}","{""2019"": 60}",20,"[0.4072670096806468, 0.7548524292560443]"
terrain,weight_class::Featherweight,2020,XGB,58,MODERATE_UNCERTAINTY,23,INSUFFICIENT,13,10,0.56521739130434778,0.43478260869565216,0.558723095966422,0.441276904033578,-0.0064942953379257817,,,,,"{""2020"": 23}","{""2020"": 58}",18,"[0.3681137508501646, 0.743653646743258]"
terrain,weight_class::Featherweight,2021,XGB,56,MODERATE_UNCERTAINTY,19,INSUFFICIENT,15,4,0.78947368421052633,0.21052631578947367,0.64472777592508412,0.35527222407491588,-0.1447459082854422,,,,,"{""2021"": 19}","{""2021"": 56}",17,"[0.5666572155618583, 0.9149232336708375]"
terrain,weight_class::Featherweight,2022,XGB,55,MODERATE_UNCERTAINTY,28,THIN_EXPLORATORY,19,9,0.6785714285714286,0.32142857142857145,0.6263437441417149,0.3736562558582851,-0.052227684429713706,0.62999875123989191,0.21957822671806732,-0.020322953521537908,-0.008942239907963289,"{""2022"": 28}","{""2022"": 55}",22,"[0.49338843180857617, 0.8206675307750504]"
terrain,weight_class::Featherweight,2023,XGB,58,MODERATE_UNCERTAINTY,28,THIN_EXPLORATORY,17,11,0.6071428571428571,0.39285714285714285,0.62648545524903709,0.37351454475096291,0.019342598106179998,0.64844952046108673,0.22714523453169849,-0.017615129322556815,-0.0056059208524677374,"{""2023"": 28}","{""2023"": 58}",21,"[0.42409044296597176, 0.764343134584204]"
terrain,weight_class::Featherweight,2024,XGB,60,MODERATE_UNCERTAINTY,34,THIN_EXPLORATORY,21,13,0.61764705882352944,0.38235294117647056,0.62616130446686469,0.37383869553313531,0.0085142456433352498,0.61071636837458576,0.21194980333169916,-0.0030864134574051156,-0.0043424793587362055,"{""2024"": 34}","{""2024"": 60}",20,"[0.450410173444307, 0.7609981667549109]"
terrain,weight_class::Featherweight,2025,XGB,54,MODERATE_UNCERTAINTY,26,THIN_EXPLORATORY,19,7,0.73076923076923073,0.26923076923076922,0.67179814439553476,0.32820185560446524,-0.058971086373695969,0.50319011967665495,0.16232516586304874,-0.003969558787537129,-0.0021219324228691655,"{""2025"": 26}","{""2025"": 54}",22,"[0.5391695962082381, 0.8629555167798162]"
terrain,weight_class::Featherweight,2026,XGB,42,THIN_EXPLORATORY,26,THIN_EXPLORATORY,19,7,0.73076923076923073,0.26923076923076922,0.66939047150886977,0.33060952849113023,-0.06137875926036096,0.55237247919196852,0.18293809262568403,0.032019686786976559,0.010614916249487384,"{""2026"": 26}","{""2026"": 42}",21,"[0.5391695962082381, 0.8629555167798162]"
terrain,weight_class::Featherweight,2018,LGBM,55,MODERATE_UNCERTAINTY,26,THIN_EXPLORATORY,19,7,0.73076923076923073,0.26923076923076922,0.63242118834027172,0.36757881165972828,-0.098348042428959004,0.59427735358498512,0.20716752196391994,-0.011215894690853311,-0.00066270785392073806,"{""2018"": 26}","{""2018"": 55}",23,"[0.5391695962082381, 0.8629555167798162]"
terrain,weight_class::Featherweight,2019,LGBM,60,MODERATE_UNCERTAINTY,27,THIN_EXPLORATORY,16,11,0.59259259259259256,0.40740740740740738,0.65169244949275962,0.34830755050724038,0.059099856900167058,0.57037064311784758,0.19155362173810808,-0.015386292168187347,-0.0092923400363334688,"{""2019"": 27}","{""2019"": 60}",20,"[0.4072670096806468, 0.7548524292560443]"
terrain,weight_class::Featherweight,2020,LGBM,58,MODERATE_UNCERTAINTY,23,INSUFFICIENT,13,10,0.56521739130434778,0.43478260869565216,0.54585457800205861,0.45414542199794139,-0.019362813302289172,,,,,"{""2020"": 23}","{""2020"": 58}",18,"[0.3681137508501646, 0.743653646743258]"
terrain,weight_class::Featherweight,2021,LGBM,56,MODERATE_UNCERTAINTY,19,INSUFFICIENT,15,4,0.78947368421052633,0.21052631578947367,0.64855446656217575,0.35144553343782425,-0.14091921764835058,,,,,"{""2021"": 19}","{""2021"": 56}",17,"[0.5666572155618583, 0.9149232336708375]"
terrain,weight_class::Featherweight,2022,LGBM,55,MODERATE_UNCERTAINTY,28,THIN_EXPLORATORY,19,9,0.6785714285714286,0.32142857142857145,0.62635541895096625,0.37364458104903375,-0.052216009620462356,0.63383457572592117,0.22167372300926358,-0.016487129035508617,-0.0068467436167669775,"{""2022"": 28}","{""2022"": 55}",22,"[0.49338843180857617, 0.8206675307750504]"
terrain,weight_class::Featherweight,2023,LGBM,58,MODERATE_UNCERTAINTY,28,THIN_EXPLORATORY,17,11,0.6071428571428571,0.39285714285714285,0.63085278849198689,0.36914721150801311,0.023709931349129798,0.65790398658988458,0.23185237072095904,-0.0081606631937589554,-0.00089878466320716325,"{""2023"": 28}","{""2023"": 58}",21,"[0.42409044296597176, 0.764343134584204]"
terrain,weight_class::Featherweight,2024,LGBM,60,MODERATE_UNCERTAINTY,34,THIN_EXPLORATORY,21,13,0.61764705882352944,0.38235294117647056,0.64384027875901684,0.35615972124098316,0.0261932199354874,0.61911501193206653,0.21528129721554301,0.0053122301000755748,-0.001010985474892387,"{""2024"": 34}","{""2024"": 60}",20,"[0.450410173444307, 0.7609981667549109]"
terrain,weight_class::Featherweight,2025,LGBM,54,MODERATE_UNCERTAINTY,26,THIN_EXPLORATORY,19,7,0.73076923076923073,0.26923076923076922,0.66264503391451568,0.33735496608548432,-0.068124196854715047,0.50209492992850024,0.16127765579129363,-0.0050647485356918407,-0.0031694424946242645,"{""2025"": 26}","{""2025"": 54}",22,"[0.5391695962082381, 0.8629555167798162]"
terrain,weight_class::Featherweight,2026,LGBM,42,THIN_EXPLORATORY,26,THIN_EXPLORATORY,19,7,0.73076923076923073,0.26923076923076922,0.67876906418363336,0.32123093581636664,-0.052000166585597363,0.57298290667423657,0.19087475545699756,0.052630114269244639,0.018551579080800927,"{""2026"": 26}","{""2026"": 42}",21,"[0.5391695962082381, 0.8629555167798162]"
terrain,weight_class::Featherweight,2018,CAT,55,MODERATE_UNCERTAINTY,26,THIN_EXPLORATORY,19,7,0.73076923076923073,0.26923076923076922,0.64601093897625084,0.35398906102374916,-0.08475829179297989,0.60386660368916167,0.21043084674668369,-0.0016266445866768341,0.0026006169288429796,"{""2018"": 26}","{""2018"": 55}",23,"[0.5391695962082381, 0.8629555167798162]"
terrain,weight_class::Featherweight,2019,CAT,60,MODERATE_UNCERTAINTY,27,THIN_EXPLORATORY,16,11,0.59259259259259256,0.40740740740740738,0.6584605076724469,0.3415394923275531,0.065867915079854344,0.56596066472594331,0.19090242675349078,-0.019796270560091565,-0.0099435350209507514,"{""2019"": 27}","{""2019"": 60}",20,"[0.4072670096806468, 0.7548524292560443]"
terrain,weight_class::Featherweight,2020,CAT,58,MODERATE_UNCERTAINTY,23,INSUFFICIENT,13,10,0.56521739130434778,0.43478260869565216,0.56138624071756549,0.43861375928243451,-0.0038311505867822948,,,,,"{""2020"": 23}","{""2020"": 58}",18,"[0.3681137508501646, 0.743653646743258]"
terrain,weight_class::Featherweight,2021,CAT,56,MODERATE_UNCERTAINTY,19,INSUFFICIENT,15,4,0.78947368421052633,0.21052631578947367,0.64725708306545837,0.35274291693454163,-0.14221660114506796,,,,,"{""2021"": 19}","{""2021"": 56}",17,"[0.5666572155618583, 0.9149232336708375]"
terrain,weight_class::Featherweight,2022,CAT,55,MODERATE_UNCERTAINTY,28,THIN_EXPLORATORY,19,9,0.6785714285714286,0.32142857142857145,0.63152910695200293,0.36847089304799707,-0.047042321619425675,0.64814521860693142,0.22824546139164154,-0.0021764861544983877,-0.00027500523438904418,"{""2022"": 28}","{""2022"": 55}",22,"[0.49338843180857617, 0.8206675307750504]"
terrain,weight_class::Featherweight,2023,CAT,58,MODERATE_UNCERTAINTY,28,THIN_EXPLORATORY,17,11,0.6071428571428571,0.39285714285714285,0.62607373333772975,0.37392626666227025,0.018930876194872659,0.63888703869861285,0.22419007594677912,-0.02717761108503056,-0.0085610794373871639,"{""2023"": 28}","{""2023"": 58}",21,"[0.42409044296597176, 0.764343134584204]"
terrain,weight_class::Featherweight,2024,CAT,60,MODERATE_UNCERTAINTY,34,THIN_EXPLORATORY,21,13,0.61764705882352944,0.38235294117647056,0.66619651170008765,0.33380348829991235,0.048549452876558208,0.58354516248352095,0.20191130810116573,-0.030257619348470023,-0.014380974589269617,"{""2024"": 34}","{""2024"": 60}",20,"[0.450410173444307, 0.7609981667549109]"
terrain,weight_class::Featherweight,2025,CAT,54,MODERATE_UNCERTAINTY,26,THIN_EXPLORATORY,19,7,0.73076923076923073,0.26923076923076922,0.65925690026266137,0.34074309973733863,-0.071512330506569355,0.51365448952611703,0.16621618458864135,0.0064948110619249873,0.0017690863027234386,"{""2025"": 26}","{""2025"": 54}",22,"[0.5391695962082381, 0.8629555167798162]"
terrain,weight_class::Featherweight,2026,CAT,42,THIN_EXPLORATORY,26,THIN_EXPLORATORY,19,7,0.73076923076923073,0.26923076923076922,0.66902658267526938,0.33097341732473062,-0.06174264809396135,0.55360952816315367,0.18229603189556012,0.033256735758161703,0.0099728555193634993,"{""2026"": 26}","{""2026"": 42}",21,"[0.5391695962082381, 0.8629555167798162]"
terrain,weight_class::Featherweight,2018,SELECT,55,MODERATE_UNCERTAINTY,26,THIN_EXPLORATORY,19,7,0.73076923076923073,0.26923076923076922,0.64809145033359528,0.35190854966640472,-0.082677780435635451,0.57521365601401153,0.19985680075489348,-0.030279592261826988,-0.0079734290629472314,"{""2018"": 26}","{""2018"": 55}",23,"[0.5391695962082381, 0.8629555167798162]"
terrain,weight_class::Featherweight,2019,SELECT,60,MODERATE_UNCERTAINTY,27,THIN_EXPLORATORY,16,11,0.59259259259259256,0.40740740740740738,0.66851675179269576,0.33148324820730424,0.075924159200103203,0.5877356290482203,0.19777394754874594,0.0019786937621855192,-0.0030720142256955994,"{""2019"": 27}","{""2019"": 60}",20,"[0.4072670096806468, 0.7548524292560443]"
terrain,weight_class::Featherweight,2020,SELECT,58,MODERATE_UNCERTAINTY,23,INSUFFICIENT,13,10,0.56521739130434778,0.43478260869565216,0.54585457800205861,0.45414542199794139,-0.019362813302289172,,,,,"{""2020"": 23}","{""2020"": 58}",18,"[0.3681137508501646, 0.743653646743258]"
terrain,weight_class::Featherweight,2021,SELECT,56,MODERATE_UNCERTAINTY,19,INSUFFICIENT,15,4,0.78947368421052633,0.21052631578947367,0.64725708306545837,0.35274291693454163,-0.14221660114506796,,,,,"{""2021"": 19}","{""2021"": 56}",17,"[0.5666572155618583, 0.9149232336708375]"
terrain,weight_class::Featherweight,2022,SELECT,55,MODERATE_UNCERTAINTY,28,THIN_EXPLORATORY,19,9,0.6785714285714286,0.32142857142857145,0.62635541895096625,0.37364458104903375,-0.052216009620462356,0.63383457572592117,0.22167372300926358,-0.016487129035508617,-0.0068467436167669775,"{""2022"": 28}","{""2022"": 55}",22,"[0.49338843180857617, 0.8206675307750504]"
terrain,weight_class::Featherweight,2023,SELECT,58,MODERATE_UNCERTAINTY,28,THIN_EXPLORATORY,17,11,0.6071428571428571,0.39285714285714285,0.62607373333772975,0.37392626666227025,0.018930876194872659,0.63888703869861285,0.22419007594677912,-0.02717761108503056,-0.0085610794373871639,"{""2023"": 28}","{""2023"": 58}",21,"[0.42409044296597176, 0.764343134584204]"
terrain,weight_class::Featherweight,2024,SELECT,60,MODERATE_UNCERTAINTY,34,THIN_EXPLORATORY,21,13,0.61764705882352944,0.38235294117647056,0.66619651170008765,0.33380348829991235,0.048549452876558208,0.58354516248352095,0.20191130810116573,-0.030257619348470023,-0.014380974589269617,"{""2024"": 34}","{""2024"": 60}",20,"[0.450410173444307, 0.7609981667549109]"
terrain,weight_class::Featherweight,2025,SELECT,54,MODERATE_UNCERTAINTY,26,THIN_EXPLORATORY,19,7,0.73076923076923073,0.26923076923076922,0.66264503391451568,0.33735496608548432,-0.068124196854715047,0.50209492992850024,0.16127765579129363,-0.0050647485356918407,-0.0031694424946242645,"{""2025"": 26}","{""2025"": 54}",22,"[0.5391695962082381, 0.8629555167798162]"
terrain,weight_class::Featherweight,2026,SELECT,42,THIN_EXPLORATORY,26,THIN_EXPLORATORY,19,7,0.73076923076923073,0.26923076923076922,0.67876906418363336,0.32123093581636664,-0.052000166585597363,0.57298290667423657,0.19087475545699756,0.052630114269244639,0.018551579080800927,"{""2026"": 26}","{""2026"": 42}",21,"[0.5391695962082381, 0.8629555167798162]"
terrain,weight_class::Flyweight,2018,LINEAR_MIN,24,INSUFFICIENT,11,INSUFFICIENT,6,5,0.54545454545454541,0.45454545454545453,0.39806999216810107,0.60193000783189898,-0.14738455328644434,,,,,"{""2018"": 11}","{""2018"": 24}",11,"[0.280091537409322, 0.7872872837754024]"
terrain,weight_class::Flyweight,2019,LINEAR_MIN,16,INSUFFICIENT,7,INSUFFICIENT,5,2,0.7142857142857143,0.2857142857142857,0.59515461355896115,0.40484538644103885,-0.11913110072675315,,,,,"{""2019"": 7}","{""2019"": 16}",7,"[0.35893445183261935, 0.9177810759959433]"
terrain,weight_class::Flyweight,2020,LINEAR_MIN,20,INSUFFICIENT,11,INSUFFICIENT,5,6,0.45454545454545453,0.54545454545454541,0.59292537563613257,0.40707462436386743,0.13837992109067804,,,,,"{""2020"": 11}","{""2020"": 20}",10,"[0.21271271622459764, 0.719908462590678]"
terrain,weight_class::Flyweight,2021,LINEAR_MIN,24,INSUFFICIENT,9,INSUFFICIENT,5,4,0.55555555555555558,0.44444444444444442,0.64865724223982457,0.35134275776017543,0.093101686684268992,,,,,"{""2021"": 9}","{""2021"": 24}",9,"[0.26665129349549305, 0.8112214789023355]"
terrain,weight_class::Flyweight,2022,LINEAR_MIN,31,THIN_EXPLORATORY,17,INSUFFICIENT,7,10,0.41176470588235292,0.58823529411764708,0.57785016044755988,0.42214983955244012,0.16608545456520696,,,,,"{""2022"": 17}","{""2022"": 31}",15,"[0.2161105679021481, 0.6399455735700021]"
terrain,weight_class::Flyweight,2023,LINEAR_MIN,35,THIN_EXPLORATORY,19,INSUFFICIENT,11,8,0.57894736842105265,0.42105263157894735,0.50816488038135088,0.49183511961864912,-0.070782488039701774,,,,,"{""2023"": 19}","{""2023"": 35}",16,"[0.3627590353425504, 0.7685810871754576]"
terrain,weight_class::Flyweight,2024,LINEAR_MIN,39,THIN_EXPLORATORY,15,INSUFFICIENT,8,7,0.53333333333333333,0.46666666666666667,0.62221189566659774,0.37778810433340226,0.08887856233326441,,,,,"{""2024"": 15}","{""2024"": 39}",12,"[0.30116980025498397, 0.7519046463426261]"
terrain,weight_class::Flyweight,2025,LINEAR_MIN,37,THIN_EXPLORATORY,19,INSUFFICIENT,8,11,0.42105263157894735,0.57894736842105265,0.51739390307155464,0.48260609692844536,0.096341271492607294,,,,,"{""2025"": 19}","{""2025"": 37}",17,"[0.23141891282454238, 0.6372409646574496]"
terrain,weight_class::Flyweight,2026,LINEAR_MIN,22,INSUFFICIENT,9,INSUFFICIENT,6,3,0.66666666666666663,0.33333333333333331,0.63804742357662791,0.36195257642337209,-0.028619243090038715,,,,,"{""2026"": 9}","{""2026"": 22}",8,"[0.3542021355803963, 0.879416181613089]"
terrain,weight_class::Flyweight,2018,XGB,24,INSUFFICIENT,11,INSUFFICIENT,6,5,0.54545454545454541,0.45454545454545453,0.51412735202095727,0.48587264797904273,-0.031327193433588141,,,,,"{""2018"": 11}","{""2018"": 24}",11,"[0.280091537409322, 0.7872872837754024]"
terrain,weight_class::Flyweight,2019,XGB,16,INSUFFICIENT,7,INSUFFICIENT,5,2,0.7142857142857143,0.2857142857142857,0.59226381352969582,0.40773618647030418,-0.12202190075601849,,,,,"{""2019"": 7}","{""2019"": 16}",7,"[0.35893445183261935, 0.9177810759959433]"
terrain,weight_class::Flyweight,2020,XGB,20,INSUFFICIENT,11,INSUFFICIENT,5,6,0.45454545454545453,0.54545454545454541,0.60062728415835986,0.39937271584164014,0.14608182961290533,,,,,"{""2020"": 11}","{""2020"": 20}",10,"[0.21271271622459764, 0.719908462590678]"
terrain,weight_class::Flyweight,2021,XGB,24,INSUFFICIENT,9,INSUFFICIENT,5,4,0.55555555555555558,0.44444444444444442,0.63517659902572632,0.36482340097427368,0.079621043470170738,,,,,"{""2021"": 9}","{""2021"": 24}",9,"[0.26665129349549305, 0.8112214789023355]"
terrain,weight_class::Flyweight,2022,XGB,31,THIN_EXPLORATORY,17,INSUFFICIENT,7,10,0.41176470588235292,0.58823529411764708,0.57920553579049949,0.42079446420950051,0.16744082990814657,,,,,"{""2022"": 17}","{""2022"": 31}",15,"[0.2161105679021481, 0.6399455735700021]"
terrain,weight_class::Flyweight,2023,XGB,35,THIN_EXPLORATORY,19,INSUFFICIENT,11,8,0.57894736842105265,0.42105263157894735,0.53155386447906494,0.46844613552093506,-0.047393503941987714,,,,,"{""2023"": 19}","{""2023"": 35}",16,"[0.3627590353425504, 0.7685810871754576]"
terrain,weight_class::Flyweight,2024,XGB,39,THIN_EXPLORATORY,15,INSUFFICIENT,8,7,0.53333333333333333,0.46666666666666667,0.61107907692591346,0.38892092307408654,0.07774574359258013,,,,,"{""2024"": 15}","{""2024"": 39}",12,"[0.30116980025498397, 0.7519046463426261]"
terrain,weight_class::Flyweight,2025,XGB,37,THIN_EXPLORATORY,19,INSUFFICIENT,8,11,0.42105263157894735,0.57894736842105265,0.52717528531425872,0.47282471468574128,0.10612265373531138,,,,,"{""2025"": 19}","{""2025"": 37}",17,"[0.23141891282454238, 0.6372409646574496]"
terrain,weight_class::Flyweight,2026,XGB,22,INSUFFICIENT,9,INSUFFICIENT,6,3,0.66666666666666663,0.33333333333333331,0.66245790322621667,0.33754209677378333,-0.0042087634404499585,,,,,"{""2026"": 9}","{""2026"": 22}",8,"[0.3542021355803963, 0.879416181613089]"
terrain,weight_class::Flyweight,2018,LGBM,24,INSUFFICIENT,11,INSUFFICIENT,6,5,0.54545454545454541,0.45454545454545453,0.50159708782924051,0.49840291217075949,-0.043857457625304908,,,,,"{""2018"": 11}","{""2018"": 24}",11,"[0.280091537409322, 0.7872872837754024]"
terrain,weight_class::Flyweight,2019,LGBM,16,INSUFFICIENT,7,INSUFFICIENT,5,2,0.7142857142857143,0.2857142857142857,0.59587711781998631,0.40412288218001369,-0.11840859646572799,,,,,"{""2019"": 7}","{""2019"": 16}",7,"[0.35893445183261935, 0.9177810759959433]"
terrain,weight_class::Flyweight,2020,LGBM,20,INSUFFICIENT,11,INSUFFICIENT,5,6,0.45454545454545453,0.54545454545454541,0.60710896456589103,0.39289103543410897,0.1525635100204365,,,,,"{""2020"": 11}","{""2020"": 20}",10,"[0.21271271622459764, 0.719908462590678]"
terrain,weight_class::Flyweight,2021,LGBM,24,INSUFFICIENT,9,INSUFFICIENT,5,4,0.55555555555555558,0.44444444444444442,0.64695329826599257,0.35304670173400743,0.091397742710436991,,,,,"{""2021"": 9}","{""2021"": 24}",9,"[0.26665129349549305, 0.8112214789023355]"
terrain,weight_class::Flyweight,2022,LGBM,31,THIN_EXPLORATORY,17,INSUFFICIENT,7,10,0.41176470588235292,0.58823529411764708,0.5914798130653901,0.4085201869346099,0.17971510718303718,,,,,"{""2022"": 17}","{""2022"": 31}",15,"[0.2161105679021481, 0.6399455735700021]"
terrain,weight_class::Flyweight,2023,LGBM,35,THIN_EXPLORATORY,19,INSUFFICIENT,11,8,0.57894736842105265,0.42105263157894735,0.52990553403984242,0.47009446596015758,-0.049041834381210236,,,,,"{""2023"": 19}","{""2023"": 35}",16,"[0.3627590353425504, 0.7685810871754576]"
terrain,weight_class::Flyweight,2024,LGBM,39,THIN_EXPLORATORY,15,INSUFFICIENT,8,7,0.53333333333333333,0.46666666666666667,0.61665001382000473,0.38334998617999527,0.083316680486671402,,,,,"{""2024"": 15}","{""2024"": 39}",12,"[0.30116980025498397, 0.7519046463426261]"
terrain,weight_class::Flyweight,2025,LGBM,37,THIN_EXPLORATORY,19,INSUFFICIENT,8,11,0.42105263157894735,0.57894736842105265,0.53944494206617266,0.46055505793382734,0.11839231048722532,,,,,"{""2025"": 19}","{""2025"": 37}",17,"[0.23141891282454238, 0.6372409646574496]"
terrain,weight_class::Flyweight,2026,LGBM,22,INSUFFICIENT,9,INSUFFICIENT,6,3,0.66666666666666663,0.33333333333333331,0.64453898529934017,0.35546101470065983,-0.022127681367326457,,,,,"{""2026"": 9}","{""2026"": 22}",8,"[0.3542021355803963, 0.879416181613089]"
terrain,weight_class::Flyweight,2018,CAT,24,INSUFFICIENT,11,INSUFFICIENT,6,5,0.54545454545454541,0.45454545454545453,0.52941512551707737,0.47058487448292263,-0.016039419937468047,,,,,"{""2018"": 11}","{""2018"": 24}",11,"[0.280091537409322, 0.7872872837754024]"
terrain,weight_class::Flyweight,2019,CAT,16,INSUFFICIENT,7,INSUFFICIENT,5,2,0.7142857142857143,0.2857142857142857,0.60018783638577311,0.39981216361422689,-0.11409787789994119,,,,,"{""2019"": 7}","{""2019"": 16}",7,"[0.35893445183261935, 0.9177810759959433]"
terrain,weight_class::Flyweight,2020,CAT,20,INSUFFICIENT,11,INSUFFICIENT,5,6,0.45454545454545453,0.54545454545454541,0.58607469391440037,0.41392530608559963,0.13152923936894584,,,,,"{""2020"": 11}","{""2020"": 20}",10,"[0.21271271622459764, 0.719908462590678]"
terrain,weight_class::Flyweight,2021,CAT,24,INSUFFICIENT,9,INSUFFICIENT,5,4,0.55555555555555558,0.44444444444444442,0.63513261828789325,0.36486738171210675,0.079577062732337667,,,,,"{""2021"": 9}","{""2021"": 24}",9,"[0.26665129349549305, 0.8112214789023355]"
terrain,weight_class::Flyweight,2022,CAT,31,THIN_EXPLORATORY,17,INSUFFICIENT,7,10,0.41176470588235292,0.58823529411764708,0.5812871879444993,0.4187128120555007,0.16952248206214637,,,,,"{""2022"": 17}","{""2022"": 31}",15,"[0.2161105679021481, 0.6399455735700021]"
terrain,weight_class::Flyweight,2023,CAT,35,THIN_EXPLORATORY,19,INSUFFICIENT,11,8,0.57894736842105265,0.42105263157894735,0.53724146664854688,0.46275853335145312,-0.041705901772505771,,,,,"{""2023"": 19}","{""2023"": 35}",16,"[0.3627590353425504, 0.7685810871754576]"
terrain,weight_class::Flyweight,2024,CAT,39,THIN_EXPLORATORY,15,INSUFFICIENT,8,7,0.53333333333333333,0.46666666666666667,0.64437461510587701,0.35562538489412299,0.11104128177254369,,,,,"{""2024"": 15}","{""2024"": 39}",12,"[0.30116980025498397, 0.7519046463426261]"
terrain,weight_class::Flyweight,2025,CAT,37,THIN_EXPLORATORY,19,INSUFFICIENT,8,11,0.42105263157894735,0.57894736842105265,0.55360559187279745,0.44639440812720255,0.13255296029385011,,,,,"{""2025"": 19}","{""2025"": 37}",17,"[0.23141891282454238, 0.6372409646574496]"
terrain,weight_class::Flyweight,2026,CAT,22,INSUFFICIENT,9,INSUFFICIENT,6,3,0.66666666666666663,0.33333333333333331,0.65326555172445488,0.34673444827554512,-0.013401114942211745,,,,,"{""2026"": 9}","{""2026"": 22}",8,"[0.3542021355803963, 0.879416181613089]"
terrain,weight_class::Flyweight,2018,SELECT,24,INSUFFICIENT,11,INSUFFICIENT,6,5,0.54545454545454541,0.45454545454545453,0.51412735202095727,0.48587264797904273,-0.031327193433588141,,,,,"{""2018"": 11}","{""2018"": 24}",11,"[0.280091537409322, 0.7872872837754024]"
terrain,weight_class::Flyweight,2019,SELECT,16,INSUFFICIENT,7,INSUFFICIENT,5,2,0.7142857142857143,0.2857142857142857,0.59226381352969582,0.40773618647030418,-0.12202190075601849,,,,,"{""2019"": 7}","{""2019"": 16}",7,"[0.35893445183261935, 0.9177810759959433]"
terrain,weight_class::Flyweight,2020,SELECT,20,INSUFFICIENT,11,INSUFFICIENT,5,6,0.45454545454545453,0.54545454545454541,0.60710896456589103,0.39289103543410897,0.1525635100204365,,,,,"{""2020"": 11}","{""2020"": 20}",10,"[0.21271271622459764, 0.719908462590678]"
terrain,weight_class::Flyweight,2021,SELECT,24,INSUFFICIENT,9,INSUFFICIENT,5,4,0.55555555555555558,0.44444444444444442,0.63513261828789325,0.36486738171210675,0.079577062732337667,,,,,"{""2021"": 9}","{""2021"": 24}",9,"[0.26665129349549305, 0.8112214789023355]"
terrain,weight_class::Flyweight,2022,SELECT,31,THIN_EXPLORATORY,17,INSUFFICIENT,7,10,0.41176470588235292,0.58823529411764708,0.5914798130653901,0.4085201869346099,0.17971510718303718,,,,,"{""2022"": 17}","{""2022"": 31}",15,"[0.2161105679021481, 0.6399455735700021]"
terrain,weight_class::Flyweight,2023,SELECT,35,THIN_EXPLORATORY,19,INSUFFICIENT,11,8,0.57894736842105265,0.42105263157894735,0.53724146664854688,0.46275853335145312,-0.041705901772505771,,,,,"{""2023"": 19}","{""2023"": 35}",16,"[0.3627590353425504, 0.7685810871754576]"
terrain,weight_class::Flyweight,2024,SELECT,39,THIN_EXPLORATORY,15,INSUFFICIENT,8,7,0.53333333333333333,0.46666666666666667,0.64437461510587701,0.35562538489412299,0.11104128177254369,,,,,"{""2024"": 15}","{""2024"": 39}",12,"[0.30116980025498397, 0.7519046463426261]"
terrain,weight_class::Flyweight,2025,SELECT,37,THIN_EXPLORATORY,19,INSUFFICIENT,8,11,0.42105263157894735,0.57894736842105265,0.53944494206617266,0.46055505793382734,0.11839231048722532,,,,,"{""2025"": 19}","{""2025"": 37}",17,"[0.23141891282454238, 0.6372409646574496]"
terrain,weight_class::Flyweight,2026,SELECT,22,INSUFFICIENT,9,INSUFFICIENT,6,3,0.66666666666666663,0.33333333333333331,0.64453898529934017,0.35546101470065983,-0.022127681367326457,,,,,"{""2026"": 9}","{""2026"": 22}",8,"[0.3542021355803963, 0.879416181613089]"
terrain,weight_class::Heavyweight,2018,LINEAR_MIN,32,THIN_EXPLORATORY,19,INSUFFICIENT,13,6,0.68421052631578949,0.31578947368421051,0.79588941386349887,0.20411058613650113,0.11167888754770938,,,,,"{""2018"": 19}","{""2018"": 32}",16,"[0.46010407675327475, 0.8463562091220773]"
terrain,weight_class::Heavyweight,2019,LINEAR_MIN,37,THIN_EXPLORATORY,25,THIN_EXPLORATORY,21,4,0.83999999999999997,0.16,0.74690135621221299,0.25309864378778701,-0.093098643787786983,0.45678559998800083,0.13957812370888928,0,0,"{""2019"": 25}","{""2019"": 37}",18,"[0.6534637839282114, 0.9359654854332355]"
terrain,weight_class::Heavyweight,2020,LINEAR_MIN,44,THIN_EXPLORATORY,27,THIN_EXPLORATORY,20,7,0.7407407407407407,0.25925925925925924,0.76691227787908567,0.23308772212091433,0.026171537138344969,0.48179254338979444,0.15831022585829951,0,0,"{""2020"": 27}","{""2020"": 44}",20,"[0.5532142868544692, 0.8682962543809281]"
terrain,weight_class::Heavyweight,2021,LINEAR_MIN,37,THIN_EXPLORATORY,22,INSUFFICIENT,20,2,0.90909090909090906,0.090909090909090912,0.78088595771297065,0.21911404228702935,-0.12820495137793841,,,,,"{""2021"": 22}","{""2021"": 37}",16,"[0.7218505315839417, 0.9747045710090046]"
terrain,weight_class::Heavyweight,2022,LINEAR_MIN,35,THIN_EXPLORATORY,22,INSUFFICIENT,16,6,0.72727272727272729,0.27272727272727271,0.81467386399955866,0.18532613600044134,0.087401136726831363,,,,,"{""2022"": 22}","{""2022"": 35}",20,"[0.5184826598759762, 0.8684923971201053]"
terrain,weight_class::Heavyweight,2023,LINEAR_MIN,33,THIN_EXPLORATORY,18,INSUFFICIENT,13,5,0.72222222222222221,0.27777777777777779,0.78152164841877947,0.21847835158122053,0.059299426196557259,,,,,"{""2023"": 18}","{""2023"": 33}",16,"[0.4912734343970254, 0.8750024662044601]"
terrain,weight_class::Heavyweight,2024,LINEAR_MIN,32,THIN_EXPLORATORY,16,INSUFFICIENT,12,4,0.75,0.25,0.76227292699627147,0.23772707300372853,0.012272926996271472,,,,,"{""2024"": 16}","{""2024"": 32}",14,"[0.5050168346449122, 0.8981793250878696]"
terrain,weight_class::Heavyweight,2025,LINEAR_MIN,35,THIN_EXPLORATORY,19,INSUFFICIENT,14,5,0.73684210526315785,0.26315789473684209,0.70262773347180485,0.29737226652819515,-0.034214371791353004,,,,,"{""2025"": 19}","{""2025"": 35}",16,"[0.5120844910218489, 0.8819358765321748]"
terrain,weight_class::Heavyweight,2026,LINEAR_MIN,26,THIN_EXPLORATORY,14,INSUFFICIENT,12,2,0.8571428571428571,0.14285714285714285,0.74923754220869687,0.25076245779130313,-0.10790531493416022,,,,,"{""2026"": 14}","{""2026"": 26}",12,"[0.6005862050302965, 0.9599060787285351]"
terrain,weight_class::Heavyweight,2018,XGB,32,THIN_EXPLORATORY,19,INSUFFICIENT,13,6,0.68421052631578949,0.31578947368421051,0.78976555560764516,0.21023444439235484,0.10555502929185567,,,,,"{""2018"": 19}","{""2018"": 32}",16,"[0.46010407675327475, 0.8463562091220773]"
terrain,weight_class::Heavyweight,2019,XGB,37,THIN_EXPLORATORY,25,THIN_EXPLORATORY,21,4,0.83999999999999997,0.16,0.75471026420593257,0.24528973579406743,-0.085289735794067401,0.3992268485724893,0.11866514855353294,-0.057558751415511547,-0.020912975155356329,"{""2019"": 25}","{""2019"": 37}",18,"[0.6534637839282114, 0.9359654854332355]"
terrain,weight_class::Heavyweight,2020,XGB,44,THIN_EXPLORATORY,27,THIN_EXPLORATORY,20,7,0.7407407407407407,0.25925925925925924,0.765894717640347,0.234105282359653,0.025153976899606301,0.48175530282045259,0.15739455889968107,-3.724056934191323e-05,-0.00091566695861844839,"{""2020"": 27}","{""2020"": 44}",20,"[0.5532142868544692, 0.8682962543809281]"
terrain,weight_class::Heavyweight,2021,XGB,37,THIN_EXPLORATORY,22,INSUFFICIENT,20,2,0.90909090909090906,0.090909090909090912,0.78609441356225451,0.21390558643774549,-0.12299649552865455,,,,,"{""2021"": 22}","{""2021"": 37}",16,"[0.7218505315839417, 0.9747045710090046]"
terrain,weight_class::Heavyweight,2022,XGB,35,THIN_EXPLORATORY,22,INSUFFICIENT,16,6,0.72727272727272729,0.27272727272727271,0.78795247186313977,0.21204752813686023,0.060679744590412477,,,,,"{""2022"": 22}","{""2022"": 35}",20,"[0.5184826598759762, 0.8684923971201053]"
terrain,weight_class::Heavyweight,2023,XGB,33,THIN_EXPLORATORY,18,INSUFFICIENT,13,5,0.72222222222222221,0.27777777777777779,0.78156957361433244,0.21843042638566756,0.059347351392110226,,,,,"{""2023"": 18}","{""2023"": 33}",16,"[0.4912734343970254, 0.8750024662044601]"
terrain,weight_class::Heavyweight,2024,XGB,32,THIN_EXPLORATORY,16,INSUFFICIENT,12,4,0.75,0.25,0.73663710802793503,0.26336289197206497,-0.013362891972064972,,,,,"{""2024"": 16}","{""2024"": 32}",14,"[0.5050168346449122, 0.8981793250878696]"
terrain,weight_class::Heavyweight,2025,XGB,35,THIN_EXPLORATORY,19,INSUFFICIENT,14,5,0.73684210526315785,0.26315789473684209,0.72217690317254313,0.27782309682745687,-0.014665202090614726,,,,,"{""2025"": 19}","{""2025"": 35}",16,"[0.5120844910218489, 0.8819358765321748]"
terrain,weight_class::Heavyweight,2026,XGB,26,THIN_EXPLORATORY,14,INSUFFICIENT,12,2,0.8571428571428571,0.14285714285714285,0.76199539218630108,0.23800460781369892,-0.095147464956556016,,,,,"{""2026"": 14}","{""2026"": 26}",12,"[0.6005862050302965, 0.9599060787285351]"
terrain,weight_class::Heavyweight,2018,LGBM,32,THIN_EXPLORATORY,19,INSUFFICIENT,13,6,0.68421052631578949,0.31578947368421051,0.76039542067690713,0.23960457932309287,0.076184894361117639,,,,,"{""2018"": 19}","{""2018"": 32}",16,"[0.46010407675327475, 0.8463562091220773]"
terrain,weight_class::Heavyweight,2019,LGBM,37,THIN_EXPLORATORY,25,THIN_EXPLORATORY,21,4,0.83999999999999997,0.16,0.74866699668202374,0.25133300331797626,-0.091333003317976225,0.39702525999994281,0.11850815747146924,-0.059760339988058131,-0.021069966237420034,"{""2019"": 25}","{""2019"": 37}",18,"[0.6534637839282114, 0.9359654854332355]"
terrain,weight_class::Heavyweight,2020,LGBM,44,THIN_EXPLORATORY,27,THIN_EXPLORATORY,20,7,0.7407407407407407,0.25925925925925924,0.77262237795783995,0.22737762204216005,0.031881637217099246,0.45932448786566066,0.15024049675683543,-0.022468055524133758,-0.0080697291014640762,"{""2020"": 27}","{""2020"": 44}",20,"[0.5532142868544692, 0.8682962543809281]"
terrain,weight_class::Heavyweight,2021,LGBM,37,THIN_EXPLORATORY,22,INSUFFICIENT,20,2,0.90909090909090906,0.090909090909090912,0.7809042806374038,0.2190957193625962,-0.12818662845350526,,,,,"{""2021"": 22}","{""2021"": 37}",16,"[0.7218505315839417, 0.9747045710090046]"
terrain,weight_class::Heavyweight,2022,LGBM,35,THIN_EXPLORATORY,22,INSUFFICIENT,16,6,0.72727272727272729,0.27272727272727271,0.80605749930865256,0.19394250069134744,0.078784772035925266,,,,,"{""2022"": 22}","{""2022"": 35}",20,"[0.5184826598759762, 0.8684923971201053]"
terrain,weight_class::Heavyweight,2023,LGBM,33,THIN_EXPLORATORY,18,INSUFFICIENT,13,5,0.72222222222222221,0.27777777777777779,0.79217644841434942,0.20782355158565058,0.069954226192127211,,,,,"{""2023"": 18}","{""2023"": 33}",16,"[0.4912734343970254, 0.8750024662044601]"
terrain,weight_class::Heavyweight,2024,LGBM,32,THIN_EXPLORATORY,16,INSUFFICIENT,12,4,0.75,0.25,0.76296363670995793,0.23703636329004207,0.012963636709957926,,,,,"{""2024"": 16}","{""2024"": 32}",14,"[0.5050168346449122, 0.8981793250878696]"
terrain,weight_class::Heavyweight,2025,LGBM,35,THIN_EXPLORATORY,19,INSUFFICIENT,14,5,0.73684210526315785,0.26315789473684209,0.72361480168754955,0.27638519831245045,-0.013227303575608307,,,,,"{""2025"": 19}","{""2025"": 35}",16,"[0.5120844910218489, 0.8819358765321748]"
terrain,weight_class::Heavyweight,2026,LGBM,26,THIN_EXPLORATORY,14,INSUFFICIENT,12,2,0.8571428571428571,0.14285714285714285,0.75514024430872217,0.24485975569127783,-0.10200261283413492,,,,,"{""2026"": 14}","{""2026"": 26}",12,"[0.6005862050302965, 0.9599060787285351]"
terrain,weight_class::Heavyweight,2018,CAT,32,THIN_EXPLORATORY,19,INSUFFICIENT,13,6,0.68421052631578949,0.31578947368421051,0.76976794616946931,0.23023205383053069,0.085557419853679817,,,,,"{""2018"": 19}","{""2018"": 32}",16,"[0.46010407675327475, 0.8463562091220773]"
terrain,weight_class::Heavyweight,2019,CAT,37,THIN_EXPLORATORY,25,THIN_EXPLORATORY,21,4,0.83999999999999997,0.16,0.75333489248585406,0.24666510751414594,-0.086665107514145912,0.39630440637689679,0.1170449672957897,-0.060481193611104128,-0.022533156413099564,"{""2019"": 25}","{""2019"": 37}",18,"[0.6534637839282114, 0.9359654854332355]"
terrain,weight_class::Heavyweight,2020,CAT,44,THIN_EXPLORATORY,27,THIN_EXPLORATORY,20,7,0.7407407407407407,0.25925925925925924,0.765728641295921,0.234271358704079,0.024987900555180298,0.48099260096790908,0.15737414009060494,-0.00079994242188542264,-0.00093608576769463282,"{""2020"": 27}","{""2020"": 44}",20,"[0.5532142868544692, 0.8682962543809281]"
terrain,weight_class::Heavyweight,2021,CAT,37,THIN_EXPLORATORY,22,INSUFFICIENT,20,2,0.90909090909090906,0.090909090909090912,0.81682841335538547,0.18317158664461453,-0.092262495735523586,,,,,"{""2021"": 22}","{""2021"": 37}",16,"[0.7218505315839417, 0.9747045710090046]"
terrain,weight_class::Heavyweight,2022,CAT,35,THIN_EXPLORATORY,22,INSUFFICIENT,16,6,0.72727272727272729,0.27272727272727271,0.83116993457525123,0.16883006542474877,0.10389720730252394,,,,,"{""2022"": 22}","{""2022"": 35}",20,"[0.5184826598759762, 0.8684923971201053]"
terrain,weight_class::Heavyweight,2023,CAT,33,THIN_EXPLORATORY,18,INSUFFICIENT,13,5,0.72222222222222221,0.27777777777777779,0.78932773373875753,0.21067226626124247,0.067105511516535321,,,,,"{""2023"": 18}","{""2023"": 33}",16,"[0.4912734343970254, 0.8750024662044601]"
terrain,weight_class::Heavyweight,2024,CAT,32,THIN_EXPLORATORY,16,INSUFFICIENT,12,4,0.75,0.25,0.79195547435979141,0.20804452564020859,0.041955474359791411,,,,,"{""2024"": 16}","{""2024"": 32}",14,"[0.5050168346449122, 0.8981793250878696]"
terrain,weight_class::Heavyweight,2025,CAT,35,THIN_EXPLORATORY,19,INSUFFICIENT,14,5,0.73684210526315785,0.26315789473684209,0.71125620866335082,0.28874379133664918,-0.025585896599807034,,,,,"{""2025"": 19}","{""2025"": 35}",16,"[0.5120844910218489, 0.8819358765321748]"
terrain,weight_class::Heavyweight,2026,CAT,26,THIN_EXPLORATORY,14,INSUFFICIENT,12,2,0.8571428571428571,0.14285714285714285,0.7689403295263636,0.2310596704736364,-0.088202527616493498,,,,,"{""2026"": 14}","{""2026"": 26}",12,"[0.6005862050302965, 0.9599060787285351]"
terrain,weight_class::Heavyweight,2018,SELECT,32,THIN_EXPLORATORY,19,INSUFFICIENT,13,6,0.68421052631578949,0.31578947368421051,0.78976555560764516,0.21023444439235484,0.10555502929185567,,,,,"{""2018"": 19}","{""2018"": 32}",16,"[0.46010407675327475, 0.8463562091220773]"
terrain,weight_class::Heavyweight,2019,SELECT,37,THIN_EXPLORATORY,25,THIN_EXPLORATORY,21,4,0.83999999999999997,0.16,0.75471026420593257,0.24528973579406743,-0.085289735794067401,0.3992268485724893,0.11866514855353294,-0.057558751415511547,-0.020912975155356329,"{""2019"": 25}","{""2019"": 37}",18,"[0.6534637839282114, 0.9359654854332355]"
terrain,weight_class::Heavyweight,2020,SELECT,44,THIN_EXPLORATORY,27,THIN_EXPLORATORY,20,7,0.7407407407407407,0.25925925925925924,0.77262237795783995,0.22737762204216005,0.031881637217099246,0.45932448786566066,0.15024049675683543,-0.022468055524133758,-0.0080697291014640762,"{""2020"": 27}","{""2020"": 44}",20,"[0.5532142868544692, 0.8682962543809281]"
terrain,weight_class::Heavyweight,2021,SELECT,37,THIN_EXPLORATORY,22,INSUFFICIENT,20,2,0.90909090909090906,0.090909090909090912,0.81682841335538547,0.18317158664461453,-0.092262495735523586,,,,,"{""2021"": 22}","{""2021"": 37}",16,"[0.7218505315839417, 0.9747045710090046]"
terrain,weight_class::Heavyweight,2022,SELECT,35,THIN_EXPLORATORY,22,INSUFFICIENT,16,6,0.72727272727272729,0.27272727272727271,0.80605749930865256,0.19394250069134744,0.078784772035925266,,,,,"{""2022"": 22}","{""2022"": 35}",20,"[0.5184826598759762, 0.8684923971201053]"
terrain,weight_class::Heavyweight,2023,SELECT,33,THIN_EXPLORATORY,18,INSUFFICIENT,13,5,0.72222222222222221,0.27777777777777779,0.78932773373875753,0.21067226626124247,0.067105511516535321,,,,,"{""2023"": 18}","{""2023"": 33}",16,"[0.4912734343970254, 0.8750024662044601]"
terrain,weight_class::Heavyweight,2024,SELECT,32,THIN_EXPLORATORY,16,INSUFFICIENT,12,4,0.75,0.25,0.79195547435979141,0.20804452564020859,0.041955474359791411,,,,,"{""2024"": 16}","{""2024"": 32}",14,"[0.5050168346449122, 0.8981793250878696]"
terrain,weight_class::Heavyweight,2025,SELECT,35,THIN_EXPLORATORY,19,INSUFFICIENT,14,5,0.73684210526315785,0.26315789473684209,0.72361480168754955,0.27638519831245045,-0.013227303575608307,,,,,"{""2025"": 19}","{""2025"": 35}",16,"[0.5120844910218489, 0.8819358765321748]"
terrain,weight_class::Heavyweight,2026,SELECT,26,THIN_EXPLORATORY,14,INSUFFICIENT,12,2,0.8571428571428571,0.14285714285714285,0.75514024430872217,0.24485975569127783,-0.10200261283413492,,,,,"{""2026"": 14}","{""2026"": 26}",12,"[0.6005862050302965, 0.9599060787285351]"
terrain,weight_class::Interim Bantamweight,2018,LINEAR_MIN,0,INSUFFICIENT,0,INSUFFICIENT,0,0,,,,,,,,,,{},{},0,"[null, null]"
terrain,weight_class::Interim Bantamweight,2019,LINEAR_MIN,0,INSUFFICIENT,0,INSUFFICIENT,0,0,,,,,,,,,,{},{},0,"[null, null]"
terrain,weight_class::Interim Bantamweight,2020,LINEAR_MIN,0,INSUFFICIENT,0,INSUFFICIENT,0,0,,,,,,,,,,{},{},0,"[null, null]"
terrain,weight_class::Interim Bantamweight,2021,LINEAR_MIN,1,INSUFFICIENT,0,INSUFFICIENT,0,0,,,,,,,,,,{},"{""2021"": 1}",0,"[null, null]"
terrain,weight_class::Interim Bantamweight,2022,LINEAR_MIN,0,INSUFFICIENT,0,INSUFFICIENT,0,0,,,,,,,,,,{},{},0,"[null, null]"
terrain,weight_class::Interim Bantamweight,2023,LINEAR_MIN,0,INSUFFICIENT,0,INSUFFICIENT,0,0,,,,,,,,,,{},{},0,"[null, null]"
terrain,weight_class::Interim Bantamweight,2024,LINEAR_MIN,0,INSUFFICIENT,0,INSUFFICIENT,0,0,,,,,,,,,,{},{},0,"[null, null]"
terrain,weight_class::Interim Bantamweight,2025,LINEAR_MIN,0,INSUFFICIENT,0,INSUFFICIENT,0,0,,,,,,,,,,{},{},0,"[null, null]"
terrain,weight_class::Interim Bantamweight,2026,LINEAR_MIN,0,INSUFFICIENT,0,INSUFFICIENT,0,0,,,,,,,,,,{},{},0,"[null, null]"
terrain,weight_class::Interim Bantamweight,2018,XGB,0,INSUFFICIENT,0,INSUFFICIENT,0,0,,,,,,,,,,{},{},0,"[null, null]"
terrain,weight_class::Interim Bantamweight,2019,XGB,0,INSUFFICIENT,0,INSUFFICIENT,0,0,,,,,,,,,,{},{},0,"[null, null]"
terrain,weight_class::Interim Bantamweight,2020,XGB,0,INSUFFICIENT,0,INSUFFICIENT,0,0,,,,,,,,,,{},{},0,"[null, null]"
terrain,weight_class::Interim Bantamweight,2021,XGB,1,INSUFFICIENT,0,INSUFFICIENT,0,0,,,,,,,,,,{},"{""2021"": 1}",0,"[null, null]"
terrain,weight_class::Interim Bantamweight,2022,XGB,0,INSUFFICIENT,0,INSUFFICIENT,0,0,,,,,,,,,,{},{},0,"[null, null]"
terrain,weight_class::Interim Bantamweight,2023,XGB,0,INSUFFICIENT,0,INSUFFICIENT,0,0,,,,,,,,,,{},{},0,"[null, null]"
terrain,weight_class::Interim Bantamweight,2024,XGB,0,INSUFFICIENT,0,INSUFFICIENT,0,0,,,,,,,,,,{},{},0,"[null, null]"
terrain,weight_class::Interim Bantamweight,2025,XGB,0,INSUFFICIENT,0,INSUFFICIENT,0,0,,,,,,,,,,{},{},0,"[null, null]"
terrain,weight_class::Interim Bantamweight,2026,XGB,0,INSUFFICIENT,0,INSUFFICIENT,0,0,,,,,,,,,,{},{},0,"[null, null]"
terrain,weight_class::Interim Bantamweight,2018,LGBM,0,INSUFFICIENT,0,INSUFFICIENT,0,0,,,,,,,,,,{},{},0,"[null, null]"
terrain,weight_class::Interim Bantamweight,2019,LGBM,0,INSUFFICIENT,0,INSUFFICIENT,0,0,,,,,,,,,,{},{},0,"[null, null]"
terrain,weight_class::Interim Bantamweight,2020,LGBM,0,INSUFFICIENT,0,INSUFFICIENT,0,0,,,,,,,,,,{},{},0,"[null, null]"
terrain,weight_class::Interim Bantamweight,2021,LGBM,1,INSUFFICIENT,0,INSUFFICIENT,0,0,,,,,,,,,,{},"{""2021"": 1}",0,"[null, null]"
terrain,weight_class::Interim Bantamweight,2022,LGBM,0,INSUFFICIENT,0,INSUFFICIENT,0,0,,,,,,,,,,{},{},0,"[null, null]"
terrain,weight_class::Interim Bantamweight,2023,LGBM,0,INSUFFICIENT,0,INSUFFICIENT,0,0,,,,,,,,,,{},{},0,"[null, null]"
terrain,weight_class::Interim Bantamweight,2024,LGBM,0,INSUFFICIENT,0,INSUFFICIENT,0,0,,,,,,,,,,{},{},0,"[null, null]"
terrain,weight_class::Interim Bantamweight,2025,LGBM,0,INSUFFICIENT,0,INSUFFICIENT,0,0,,,,,,,,,,{},{},0,"[null, null]"
terrain,weight_class::Interim Bantamweight,2026,LGBM,0,INSUFFICIENT,0,INSUFFICIENT,0,0,,,,,,,,,,{},{},0,"[null, null]"
terrain,weight_class::Interim Bantamweight,2018,CAT,0,INSUFFICIENT,0,INSUFFICIENT,0,0,,,,,,,,,,{},{},0,"[null, null]"
terrain,weight_class::Interim Bantamweight,2019,CAT,0,INSUFFICIENT,0,INSUFFICIENT,0,0,,,,,,,,,,{},{},0,"[null, null]"
terrain,weight_class::Interim Bantamweight,2020,CAT,0,INSUFFICIENT,0,INSUFFICIENT,0,0,,,,,,,,,,{},{},0,"[null, null]"
terrain,weight_class::Interim Bantamweight,2021,CAT,1,INSUFFICIENT,0,INSUFFICIENT,0,0,,,,,,,,,,{},"{""2021"": 1}",0,"[null, null]"
terrain,weight_class::Interim Bantamweight,2022,CAT,0,INSUFFICIENT,0,INSUFFICIENT,0,0,,,,,,,,,,{},{},0,"[null, null]"
terrain,weight_class::Interim Bantamweight,2023,CAT,0,INSUFFICIENT,0,INSUFFICIENT,0,0,,,,,,,,,,{},{},0,"[null, null]"
terrain,weight_class::Interim Bantamweight,2024,CAT,0,INSUFFICIENT,0,INSUFFICIENT,0,0,,,,,,,,,,{},{},0,"[null, null]"
terrain,weight_class::Interim Bantamweight,2025,CAT,0,INSUFFICIENT,0,INSUFFICIENT,0,0,,,,,,,,,,{},{},0,"[null, null]"
terrain,weight_class::Interim Bantamweight,2026,CAT,0,INSUFFICIENT,0,INSUFFICIENT,0,0,,,,,,,,,,{},{},0,"[null, null]"
terrain,weight_class::Interim Bantamweight,2018,SELECT,0,INSUFFICIENT,0,INSUFFICIENT,0,0,,,,,,,,,,{},{},0,"[null, null]"
terrain,weight_class::Interim Bantamweight,2019,SELECT,0,INSUFFICIENT,0,INSUFFICIENT,0,0,,,,,,,,,,{},{},0,"[null, null]"
terrain,weight_class::Interim Bantamweight,2020,SELECT,0,INSUFFICIENT,0,INSUFFICIENT,0,0,,,,,,,,,,{},{},0,"[null, null]"
terrain,weight_class::Interim Bantamweight,2021,SELECT,1,INSUFFICIENT,0,INSUFFICIENT,0,0,,,,,,,,,,{},"{""2021"": 1}",0,"[null, null]"
terrain,weight_class::Interim Bantamweight,2022,SELECT,0,INSUFFICIENT,0,INSUFFICIENT,0,0,,,,,,,,,,{},{},0,"[null, null]"
terrain,weight_class::Interim Bantamweight,2023,SELECT,0,INSUFFICIENT,0,INSUFFICIENT,0,0,,,,,,,,,,{},{},0,"[null, null]"
terrain,weight_class::Interim Bantamweight,2024,SELECT,0,INSUFFICIENT,0,INSUFFICIENT,0,0,,,,,,,,,,{},{},0,"[null, null]"
terrain,weight_class::Interim Bantamweight,2025,SELECT,0,INSUFFICIENT,0,INSUFFICIENT,0,0,,,,,,,,,,{},{},0,"[null, null]"
terrain,weight_class::Interim Bantamweight,2026,SELECT,0,INSUFFICIENT,0,INSUFFICIENT,0,0,,,,,,,,,,{},{},0,"[null, null]"
terrain,weight_class::Interim Featherweight,2018,LINEAR_MIN,0,INSUFFICIENT,0,INSUFFICIENT,0,0,,,,,,,,,,{},{},0,"[null, null]"
terrain,weight_class::Interim Featherweight,2019,LINEAR_MIN,0,INSUFFICIENT,0,INSUFFICIENT,0,0,,,,,,,,,,{},{},0,"[null, null]"
terrain,weight_class::Interim Featherweight,2020,LINEAR_MIN,0,INSUFFICIENT,0,INSUFFICIENT,0,0,,,,,,,,,,{},{},0,"[null, null]"
terrain,weight_class::Interim Featherweight,2021,LINEAR_MIN,0,INSUFFICIENT,0,INSUFFICIENT,0,0,,,,,,,,,,{},{},0,"[null, null]"
terrain,weight_class::Interim Featherweight,2022,LINEAR_MIN,0,INSUFFICIENT,0,INSUFFICIENT,0,0,,,,,,,,,,{},{},0,"[null, null]"
terrain,weight_class::Interim Featherweight,2023,LINEAR_MIN,1,INSUFFICIENT,1,INSUFFICIENT,0,1,0,1,0.84211922746245749,0.15788077253754251,0.84211922746245749,,,,,"{""2023"": 1}","{""2023"": 1}",1,"[0.0, 0.7934506856227626]"
terrain,weight_class::Interim Featherweight,2024,LINEAR_MIN,0,INSUFFICIENT,0,INSUFFICIENT,0,0,,,,,,,,,,{},{},0,"[null, null]"
terrain,weight_class::Interim Featherweight,2025,LINEAR_MIN,0,INSUFFICIENT,0,INSUFFICIENT,0,0,,,,,,,,,,{},{},0,"[null, null]"
terrain,weight_class::Interim Featherweight,2026,LINEAR_MIN,0,INSUFFICIENT,0,INSUFFICIENT,0,0,,,,,,,,,,{},{},0,"[null, null]"
terrain,weight_class::Interim Featherweight,2018,XGB,0,INSUFFICIENT,0,INSUFFICIENT,0,0,,,,,,,,,,{},{},0,"[null, null]"
terrain,weight_class::Interim Featherweight,2019,XGB,0,INSUFFICIENT,0,INSUFFICIENT,0,0,,,,,,,,,,{},{},0,"[null, null]"
terrain,weight_class::Interim Featherweight,2020,XGB,0,INSUFFICIENT,0,INSUFFICIENT,0,0,,,,,,,,,,{},{},0,"[null, null]"
terrain,weight_class::Interim Featherweight,2021,XGB,0,INSUFFICIENT,0,INSUFFICIENT,0,0,,,,,,,,,,{},{},0,"[null, null]"
terrain,weight_class::Interim Featherweight,2022,XGB,0,INSUFFICIENT,0,INSUFFICIENT,0,0,,,,,,,,,,{},{},0,"[null, null]"
terrain,weight_class::Interim Featherweight,2023,XGB,1,INSUFFICIENT,1,INSUFFICIENT,0,1,0,1,0.71724390983581543,0.28275609016418457,0.71724390983581543,,,,,"{""2023"": 1}","{""2023"": 1}",1,"[0.0, 0.7934506856227626]"
terrain,weight_class::Interim Featherweight,2024,XGB,0,INSUFFICIENT,0,INSUFFICIENT,0,0,,,,,,,,,,{},{},0,"[null, null]"
terrain,weight_class::Interim Featherweight,2025,XGB,0,INSUFFICIENT,0,INSUFFICIENT,0,0,,,,,,,,,,{},{},0,"[null, null]"
terrain,weight_class::Interim Featherweight,2026,XGB,0,INSUFFICIENT,0,INSUFFICIENT,0,0,,,,,,,,,,{},{},0,"[null, null]"
terrain,weight_class::Interim Featherweight,2018,LGBM,0,INSUFFICIENT,0,INSUFFICIENT,0,0,,,,,,,,,,{},{},0,"[null, null]"
terrain,weight_class::Interim Featherweight,2019,LGBM,0,INSUFFICIENT,0,INSUFFICIENT,0,0,,,,,,,,,,{},{},0,"[null, null]"
terrain,weight_class::Interim Featherweight,2020,LGBM,0,INSUFFICIENT,0,INSUFFICIENT,0,0,,,,,,,,,,{},{},0,"[null, null]"
terrain,weight_class::Interim Featherweight,2021,LGBM,0,INSUFFICIENT,0,INSUFFICIENT,0,0,,,,,,,,,,{},{},0,"[null, null]"
terrain,weight_class::Interim Featherweight,2022,LGBM,0,INSUFFICIENT,0,INSUFFICIENT,0,0,,,,,,,,,,{},{},0,"[null, null]"
terrain,weight_class::Interim Featherweight,2023,LGBM,1,INSUFFICIENT,1,INSUFFICIENT,0,1,0,1,0.72440088787277057,0.27559911212722943,0.72440088787277057,,,,,"{""2023"": 1}","{""2023"": 1}",1,"[0.0, 0.7934506856227626]"
terrain,weight_class::Interim Featherweight,2024,LGBM,0,INSUFFICIENT,0,INSUFFICIENT,0,0,,,,,,,,,,{},{},0,"[null, null]"
terrain,weight_class::Interim Featherweight,2025,LGBM,0,INSUFFICIENT,0,INSUFFICIENT,0,0,,,,,,,,,,{},{},0,"[null, null]"
terrain,weight_class::Interim Featherweight,2026,LGBM,0,INSUFFICIENT,0,INSUFFICIENT,0,0,,,,,,,,,,{},{},0,"[null, null]"
terrain,weight_class::Interim Featherweight,2018,CAT,0,INSUFFICIENT,0,INSUFFICIENT,0,0,,,,,,,,,,{},{},0,"[null, null]"
terrain,weight_class::Interim Featherweight,2019,CAT,0,INSUFFICIENT,0,INSUFFICIENT,0,0,,,,,,,,,,{},{},0,"[null, null]"
terrain,weight_class::Interim Featherweight,2020,CAT,0,INSUFFICIENT,0,INSUFFICIENT,0,0,,,,,,,,,,{},{},0,"[null, null]"
terrain,weight_class::Interim Featherweight,2021,CAT,0,INSUFFICIENT,0,INSUFFICIENT,0,0,,,,,,,,,,{},{},0,"[null, null]"
terrain,weight_class::Interim Featherweight,2022,CAT,0,INSUFFICIENT,0,INSUFFICIENT,0,0,,,,,,,,,,{},{},0,"[null, null]"
terrain,weight_class::Interim Featherweight,2023,CAT,1,INSUFFICIENT,1,INSUFFICIENT,0,1,0,1,0.73539023900066447,0.26460976099933553,0.73539023900066447,,,,,"{""2023"": 1}","{""2023"": 1}",1,"[0.0, 0.7934506856227626]"
terrain,weight_class::Interim Featherweight,2024,CAT,0,INSUFFICIENT,0,INSUFFICIENT,0,0,,,,,,,,,,{},{},0,"[null, null]"
terrain,weight_class::Interim Featherweight,2025,CAT,0,INSUFFICIENT,0,INSUFFICIENT,0,0,,,,,,,,,,{},{},0,"[null, null]"
terrain,weight_class::Interim Featherweight,2026,CAT,0,INSUFFICIENT,0,INSUFFICIENT,0,0,,,,,,,,,,{},{},0,"[null, null]"
terrain,weight_class::Interim Featherweight,2018,SELECT,0,INSUFFICIENT,0,INSUFFICIENT,0,0,,,,,,,,,,{},{},0,"[null, null]"
terrain,weight_class::Interim Featherweight,2019,SELECT,0,INSUFFICIENT,0,INSUFFICIENT,0,0,,,,,,,,,,{},{},0,"[null, null]"
terrain,weight_class::Interim Featherweight,2020,SELECT,0,INSUFFICIENT,0,INSUFFICIENT,0,0,,,,,,,,,,{},{},0,"[null, null]"
terrain,weight_class::Interim Featherweight,2021,SELECT,0,INSUFFICIENT,0,INSUFFICIENT,0,0,,,,,,,,,,{},{},0,"[null, null]"
terrain,weight_class::Interim Featherweight,2022,SELECT,0,INSUFFICIENT,0,INSUFFICIENT,0,0,,,,,,,,,,{},{},0,"[null, null]"
terrain,weight_class::Interim Featherweight,2023,SELECT,1,INSUFFICIENT,1,INSUFFICIENT,0,1,0,1,0.73539023900066447,0.26460976099933553,0.73539023900066447,,,,,"{""2023"": 1}","{""2023"": 1}",1,"[0.0, 0.7934506856227626]"
terrain,weight_class::Interim Featherweight,2024,SELECT,0,INSUFFICIENT,0,INSUFFICIENT,0,0,,,,,,,,,,{},{},0,"[null, null]"
terrain,weight_class::Interim Featherweight,2025,SELECT,0,INSUFFICIENT,0,INSUFFICIENT,0,0,,,,,,,,,,{},{},0,"[null, null]"
terrain,weight_class::Interim Featherweight,2026,SELECT,0,INSUFFICIENT,0,INSUFFICIENT,0,0,,,,,,,,,,{},{},0,"[null, null]"
terrain,weight_class::Interim Flyweight,2018,LINEAR_MIN,0,INSUFFICIENT,0,INSUFFICIENT,0,0,,,,,,,,,,{},{},0,"[null, null]"
terrain,weight_class::Interim Flyweight,2019,LINEAR_MIN,0,INSUFFICIENT,0,INSUFFICIENT,0,0,,,,,,,,,,{},{},0,"[null, null]"
terrain,weight_class::Interim Flyweight,2020,LINEAR_MIN,0,INSUFFICIENT,0,INSUFFICIENT,0,0,,,,,,,,,,{},{},0,"[null, null]"
terrain,weight_class::Interim Flyweight,2021,LINEAR_MIN,0,INSUFFICIENT,0,INSUFFICIENT,0,0,,,,,,,,,,{},{},0,"[null, null]"
terrain,weight_class::Interim Flyweight,2022,LINEAR_MIN,1,INSUFFICIENT,1,INSUFFICIENT,1,0,1,0,0.73202327719947702,0.26797672280052298,-0.26797672280052298,,,,,"{""2022"": 1}","{""2022"": 1}",1,"[0.20654931437723745, 1.0]"
terrain,weight_class::Interim Flyweight,2023,LINEAR_MIN,0,INSUFFICIENT,0,INSUFFICIENT,0,0,,,,,,,,,,{},{},0,"[null, null]"
terrain,weight_class::Interim Flyweight,2024,LINEAR_MIN,0,INSUFFICIENT,0,INSUFFICIENT,0,0,,,,,,,,,,{},{},0,"[null, null]"
terrain,weight_class::Interim Flyweight,2025,LINEAR_MIN,0,INSUFFICIENT,0,INSUFFICIENT,0,0,,,,,,,,,,{},{},0,"[null, null]"
terrain,weight_class::Interim Flyweight,2026,LINEAR_MIN,0,INSUFFICIENT,0,INSUFFICIENT,0,0,,,,,,,,,,{},{},0,"[null, null]"
terrain,weight_class::Interim Flyweight,2018,XGB,0,INSUFFICIENT,0,INSUFFICIENT,0,0,,,,,,,,,,{},{},0,"[null, null]"
terrain,weight_class::Interim Flyweight,2019,XGB,0,INSUFFICIENT,0,INSUFFICIENT,0,0,,,,,,,,,,{},{},0,"[null, null]"
terrain,weight_class::Interim Flyweight,2020,XGB,0,INSUFFICIENT,0,INSUFFICIENT,0,0,,,,,,,,,,{},{},0,"[null, null]"
terrain,weight_class::Interim Flyweight,2021,XGB,0,INSUFFICIENT,0,INSUFFICIENT,0,0,,,,,,,,,,{},{},0,"[null, null]"
terrain,weight_class::Interim Flyweight,2022,XGB,1,INSUFFICIENT,1,INSUFFICIENT,1,0,1,0,0.60995930433273315,0.39004069566726685,-0.39004069566726685,,,,,"{""2022"": 1}","{""2022"": 1}",1,"[0.20654931437723745, 1.0]"
terrain,weight_class::Interim Flyweight,2023,XGB,0,INSUFFICIENT,0,INSUFFICIENT,0,0,,,,,,,,,,{},{},0,"[null, null]"
terrain,weight_class::Interim Flyweight,2024,XGB,0,INSUFFICIENT,0,INSUFFICIENT,0,0,,,,,,,,,,{},{},0,"[null, null]"
terrain,weight_class::Interim Flyweight,2025,XGB,0,INSUFFICIENT,0,INSUFFICIENT,0,0,,,,,,,,,,{},{},0,"[null, null]"
terrain,weight_class::Interim Flyweight,2026,XGB,0,INSUFFICIENT,0,INSUFFICIENT,0,0,,,,,,,,,,{},{},0,"[null, null]"
terrain,weight_class::Interim Flyweight,2018,LGBM,0,INSUFFICIENT,0,INSUFFICIENT,0,0,,,,,,,,,,{},{},0,"[null, null]"
terrain,weight_class::Interim Flyweight,2019,LGBM,0,INSUFFICIENT,0,INSUFFICIENT,0,0,,,,,,,,,,{},{},0,"[null, null]"
terrain,weight_class::Interim Flyweight,2020,LGBM,0,INSUFFICIENT,0,INSUFFICIENT,0,0,,,,,,,,,,{},{},0,"[null, null]"
terrain,weight_class::Interim Flyweight,2021,LGBM,0,INSUFFICIENT,0,INSUFFICIENT,0,0,,,,,,,,,,{},{},0,"[null, null]"
terrain,weight_class::Interim Flyweight,2022,LGBM,1,INSUFFICIENT,1,INSUFFICIENT,1,0,1,0,0.64883049035393803,0.35116950964606197,-0.35116950964606197,,,,,"{""2022"": 1}","{""2022"": 1}",1,"[0.20654931437723745, 1.0]"
terrain,weight_class::Interim Flyweight,2023,LGBM,0,INSUFFICIENT,0,INSUFFICIENT,0,0,,,,,,,,,,{},{},0,"[null, null]"
terrain,weight_class::Interim Flyweight,2024,LGBM,0,INSUFFICIENT,0,INSUFFICIENT,0,0,,,,,,,,,,{},{},0,"[null, null]"
terrain,weight_class::Interim Flyweight,2025,LGBM,0,INSUFFICIENT,0,INSUFFICIENT,0,0,,,,,,,,,,{},{},0,"[null, null]"
terrain,weight_class::Interim Flyweight,2026,LGBM,0,INSUFFICIENT,0,INSUFFICIENT,0,0,,,,,,,,,,{},{},0,"[null, null]"
terrain,weight_class::Interim Flyweight,2018,CAT,0,INSUFFICIENT,0,INSUFFICIENT,0,0,,,,,,,,,,{},{},0,"[null, null]"
terrain,weight_class::Interim Flyweight,2019,CAT,0,INSUFFICIENT,0,INSUFFICIENT,0,0,,,,,,,,,,{},{},0,"[null, null]"
terrain,weight_class::Interim Flyweight,2020,CAT,0,INSUFFICIENT,0,INSUFFICIENT,0,0,,,,,,,,,,{},{},0,"[null, null]"
terrain,weight_class::Interim Flyweight,2021,CAT,0,INSUFFICIENT,0,INSUFFICIENT,0,0,,,,,,,,,,{},{},0,"[null, null]"
terrain,weight_class::Interim Flyweight,2022,CAT,1,INSUFFICIENT,1,INSUFFICIENT,1,0,1,0,0.71613067457289181,0.28386932542710819,-0.28386932542710819,,,,,"{""2022"": 1}","{""2022"": 1}",1,"[0.20654931437723745, 1.0]"
terrain,weight_class::Interim Flyweight,2023,CAT,0,INSUFFICIENT,0,INSUFFICIENT,0,0,,,,,,,,,,{},{},0,"[null, null]"
terrain,weight_class::Interim Flyweight,2024,CAT,0,INSUFFICIENT,0,INSUFFICIENT,0,0,,,,,,,,,,{},{},0,"[null, null]"
terrain,weight_class::Interim Flyweight,2025,CAT,0,INSUFFICIENT,0,INSUFFICIENT,0,0,,,,,,,,,,{},{},0,"[null, null]"
terrain,weight_class::Interim Flyweight,2026,CAT,0,INSUFFICIENT,0,INSUFFICIENT,0,0,,,,,,,,,,{},{},0,"[null, null]"
terrain,weight_class::Interim Flyweight,2018,SELECT,0,INSUFFICIENT,0,INSUFFICIENT,0,0,,,,,,,,,,{},{},0,"[null, null]"
terrain,weight_class::Interim Flyweight,2019,SELECT,0,INSUFFICIENT,0,INSUFFICIENT,0,0,,,,,,,,,,{},{},0,"[null, null]"
terrain,weight_class::Interim Flyweight,2020,SELECT,0,INSUFFICIENT,0,INSUFFICIENT,0,0,,,,,,,,,,{},{},0,"[null, null]"
terrain,weight_class::Interim Flyweight,2021,SELECT,0,INSUFFICIENT,0,INSUFFICIENT,0,0,,,,,,,,,,{},{},0,"[null, null]"
terrain,weight_class::Interim Flyweight,2022,SELECT,1,INSUFFICIENT,1,INSUFFICIENT,1,0,1,0,0.64883049035393803,0.35116950964606197,-0.35116950964606197,,,,,"{""2022"": 1}","{""2022"": 1}",1,"[0.20654931437723745, 1.0]"
terrain,weight_class::Interim Flyweight,2023,SELECT,0,INSUFFICIENT,0,INSUFFICIENT,0,0,,,,,,,,,,{},{},0,"[null, null]"
terrain,weight_class::Interim Flyweight,2024,SELECT,0,INSUFFICIENT,0,INSUFFICIENT,0,0,,,,,,,,,,{},{},0,"[null, null]"
terrain,weight_class::Interim Flyweight,2025,SELECT,0,INSUFFICIENT,0,INSUFFICIENT,0,0,,,,,,,,,,{},{},0,"[null, null]"
terrain,weight_class::Interim Flyweight,2026,SELECT,0,INSUFFICIENT,0,INSUFFICIENT,0,0,,,,,,,,,,{},{},0,"[null, null]"
terrain,weight_class::Interim Heavyweight,2018,LINEAR_MIN,0,INSUFFICIENT,0,INSUFFICIENT,0,0,,,,,,,,,,{},{},0,"[null, null]"
terrain,weight_class::Interim Heavyweight,2019,LINEAR_MIN,0,INSUFFICIENT,0,INSUFFICIENT,0,0,,,,,,,,,,{},{},0,"[null, null]"
terrain,weight_class::Interim Heavyweight,2020,LINEAR_MIN,0,INSUFFICIENT,0,INSUFFICIENT,0,0,,,,,,,,,,{},{},0,"[null, null]"
terrain,weight_class::Interim Heavyweight,2021,LINEAR_MIN,1,INSUFFICIENT,1,INSUFFICIENT,1,0,1,0,0.8457404024727585,0.1542595975272415,-0.1542595975272415,,,,,"{""2021"": 1}","{""2021"": 1}",1,"[0.20654931437723745, 1.0]"
terrain,weight_class::Interim Heavyweight,2022,LINEAR_MIN,0,INSUFFICIENT,0,INSUFFICIENT,0,0,,,,,,,,,,{},{},0,"[null, null]"
terrain,weight_class::Interim Heavyweight,2023,LINEAR_MIN,1,INSUFFICIENT,1,INSUFFICIENT,1,0,1,0,0.8902529407648001,0.1097470592351999,-0.1097470592351999,,,,,"{""2023"": 1}","{""2023"": 1}",1,"[0.20654931437723745, 1.0]"
terrain,weight_class::Interim Heavyweight,2024,LINEAR_MIN,1,INSUFFICIENT,1,INSUFFICIENT,1,0,1,0,0.81170445549689418,0.18829554450310582,-0.18829554450310582,,,,,"{""2024"": 1}","{""2024"": 1}",1,"[0.20654931437723745, 1.0]"
terrain,weight_class::Interim Heavyweight,2025,LINEAR_MIN,0,INSUFFICIENT,0,INSUFFICIENT,0,0,,,,,,,,,,{},{},0,"[null, null]"
terrain,weight_class::Interim Heavyweight,2026,LINEAR_MIN,1,INSUFFICIENT,1,INSUFFICIENT,1,0,1,0,0.86781353582079501,0.13218646417920499,-0.13218646417920499,,,,,"{""2026"": 1}","{""2026"": 1}",1,"[0.20654931437723745, 1.0]"
terrain,weight_class::Interim Heavyweight,2018,XGB,0,INSUFFICIENT,0,INSUFFICIENT,0,0,,,,,,,,,,{},{},0,"[null, null]"
terrain,weight_class::Interim Heavyweight,2019,XGB,0,INSUFFICIENT,0,INSUFFICIENT,0,0,,,,,,,,,,{},{},0,"[null, null]"
terrain,weight_class::Interim Heavyweight,2020,XGB,0,INSUFFICIENT,0,INSUFFICIENT,0,0,,,,,,,,,,{},{},0,"[null, null]"
terrain,weight_class::Interim Heavyweight,2021,XGB,1,INSUFFICIENT,1,INSUFFICIENT,1,0,1,0,0.76302647590637207,0.23697352409362793,-0.23697352409362793,,,,,"{""2021"": 1}","{""2021"": 1}",1,"[0.20654931437723745, 1.0]"
terrain,weight_class::Interim Heavyweight,2022,XGB,0,INSUFFICIENT,0,INSUFFICIENT,0,0,,,,,,,,,,{},{},0,"[null, null]"
terrain,weight_class::Interim Heavyweight,2023,XGB,1,INSUFFICIENT,1,INSUFFICIENT,1,0,1,0,0.69468468427658081,0.30531531572341919,-0.30531531572341919,,,,,"{""2023"": 1}","{""2023"": 1}",1,"[0.20654931437723745, 1.0]"
terrain,weight_class::Interim Heavyweight,2024,XGB,1,INSUFFICIENT,1,INSUFFICIENT,1,0,1,0,0.71888607740402222,0.28111392259597778,-0.28111392259597778,,,,,"{""2024"": 1}","{""2024"": 1}",1,"[0.20654931437723745, 1.0]"
terrain,weight_class::Interim Heavyweight,2025,XGB,0,INSUFFICIENT,0,INSUFFICIENT,0,0,,,,,,,,,,{},{},0,"[null, null]"
terrain,weight_class::Interim Heavyweight,2026,XGB,1,INSUFFICIENT,1,INSUFFICIENT,1,0,1,0,0.84569990634918213,0.15430009365081787,-0.15430009365081787,,,,,"{""2026"": 1}","{""2026"": 1}",1,"[0.20654931437723745, 1.0]"
terrain,weight_class::Interim Heavyweight,2018,LGBM,0,INSUFFICIENT,0,INSUFFICIENT,0,0,,,,,,,,,,{},{},0,"[null, null]"
terrain,weight_class::Interim Heavyweight,2019,LGBM,0,INSUFFICIENT,0,INSUFFICIENT,0,0,,,,,,,,,,{},{},0,"[null, null]"
terrain,weight_class::Interim Heavyweight,2020,LGBM,0,INSUFFICIENT,0,INSUFFICIENT,0,0,,,,,,,,,,{},{},0,"[null, null]"
terrain,weight_class::Interim Heavyweight,2021,LGBM,1,INSUFFICIENT,1,INSUFFICIENT,1,0,1,0,0.75771701122482493,0.24228298877517507,-0.24228298877517507,,,,,"{""2021"": 1}","{""2021"": 1}",1,"[0.20654931437723745, 1.0]"
terrain,weight_class::Interim Heavyweight,2022,LGBM,0,INSUFFICIENT,0,INSUFFICIENT,0,0,,,,,,,,,,{},{},0,"[null, null]"
terrain,weight_class::Interim Heavyweight,2023,LGBM,1,INSUFFICIENT,1,INSUFFICIENT,1,0,1,0,0.71966582210591623,0.28033417789408377,-0.28033417789408377,,,,,"{""2023"": 1}","{""2023"": 1}",1,"[0.20654931437723745, 1.0]"
terrain,weight_class::Interim Heavyweight,2024,LGBM,1,INSUFFICIENT,1,INSUFFICIENT,1,0,1,0,0.78251867547917708,0.21748132452082292,-0.21748132452082292,,,,,"{""2024"": 1}","{""2024"": 1}",1,"[0.20654931437723745, 1.0]"
terrain,weight_class::Interim Heavyweight,2025,LGBM,0,INSUFFICIENT,0,INSUFFICIENT,0,0,,,,,,,,,,{},{},0,"[null, null]"
terrain,weight_class::Interim Heavyweight,2026,LGBM,1,INSUFFICIENT,1,INSUFFICIENT,1,0,1,0,0.84318141806811253,0.15681858193188747,-0.15681858193188747,,,,,"{""2026"": 1}","{""2026"": 1}",1,"[0.20654931437723745, 1.0]"
terrain,weight_class::Interim Heavyweight,2018,CAT,0,INSUFFICIENT,0,INSUFFICIENT,0,0,,,,,,,,,,{},{},0,"[null, null]"
terrain,weight_class::Interim Heavyweight,2019,CAT,0,INSUFFICIENT,0,INSUFFICIENT,0,0,,,,,,,,,,{},{},0,"[null, null]"
terrain,weight_class::Interim Heavyweight,2020,CAT,0,INSUFFICIENT,0,INSUFFICIENT,0,0,,,,,,,,,,{},{},0,"[null, null]"
terrain,weight_class::Interim Heavyweight,2021,CAT,1,INSUFFICIENT,1,INSUFFICIENT,1,0,1,0,0.78492596960704397,0.21507403039295603,-0.21507403039295603,,,,,"{""2021"": 1}","{""2021"": 1}",1,"[0.20654931437723745, 1.0]"
terrain,weight_class::Interim Heavyweight,2022,CAT,0,INSUFFICIENT,0,INSUFFICIENT,0,0,,,,,,,,,,{},{},0,"[null, null]"
terrain,weight_class::Interim Heavyweight,2023,CAT,1,INSUFFICIENT,1,INSUFFICIENT,1,0,1,0,0.70648119665420528,0.29351880334579472,-0.29351880334579472,,,,,"{""2023"": 1}","{""2023"": 1}",1,"[0.20654931437723745, 1.0]"
terrain,weight_class::Interim Heavyweight,2024,CAT,1,INSUFFICIENT,1,INSUFFICIENT,1,0,1,0,0.76857513853081483,0.23142486146918517,-0.23142486146918517,,,,,"{""2024"": 1}","{""2024"": 1}",1,"[0.20654931437723745, 1.0]"
terrain,weight_class::Interim Heavyweight,2025,CAT,0,INSUFFICIENT,0,INSUFFICIENT,0,0,,,,,,,,,,{},{},0,"[null, null]"
terrain,weight_class::Interim Heavyweight,2026,CAT,1,INSUFFICIENT,1,INSUFFICIENT,1,0,1,0,0.82171351467195763,0.17828648532804237,-0.17828648532804237,,,,,"{""2026"": 1}","{""2026"": 1}",1,"[0.20654931437723745, 1.0]"
terrain,weight_class::Interim Heavyweight,2018,SELECT,0,INSUFFICIENT,0,INSUFFICIENT,0,0,,,,,,,,,,{},{},0,"[null, null]"
terrain,weight_class::Interim Heavyweight,2019,SELECT,0,INSUFFICIENT,0,INSUFFICIENT,0,0,,,,,,,,,,{},{},0,"[null, null]"
terrain,weight_class::Interim Heavyweight,2020,SELECT,0,INSUFFICIENT,0,INSUFFICIENT,0,0,,,,,,,,,,{},{},0,"[null, null]"
terrain,weight_class::Interim Heavyweight,2021,SELECT,1,INSUFFICIENT,1,INSUFFICIENT,1,0,1,0,0.78492596960704397,0.21507403039295603,-0.21507403039295603,,,,,"{""2021"": 1}","{""2021"": 1}",1,"[0.20654931437723745, 1.0]"
terrain,weight_class::Interim Heavyweight,2022,SELECT,0,INSUFFICIENT,0,INSUFFICIENT,0,0,,,,,,,,,,{},{},0,"[null, null]"
terrain,weight_class::Interim Heavyweight,2023,SELECT,1,INSUFFICIENT,1,INSUFFICIENT,1,0,1,0,0.70648119665420528,0.29351880334579472,-0.29351880334579472,,,,,"{""2023"": 1}","{""2023"": 1}",1,"[0.20654931437723745, 1.0]"
terrain,weight_class::Interim Heavyweight,2024,SELECT,1,INSUFFICIENT,1,INSUFFICIENT,1,0,1,0,0.76857513853081483,0.23142486146918517,-0.23142486146918517,,,,,"{""2024"": 1}","{""2024"": 1}",1,"[0.20654931437723745, 1.0]"
terrain,weight_class::Interim Heavyweight,2025,SELECT,0,INSUFFICIENT,0,INSUFFICIENT,0,0,,,,,,,,,,{},{},0,"[null, null]"
terrain,weight_class::Interim Heavyweight,2026,SELECT,1,INSUFFICIENT,1,INSUFFICIENT,1,0,1,0,0.84318141806811253,0.15681858193188747,-0.15681858193188747,,,,,"{""2026"": 1}","{""2026"": 1}",1,"[0.20654931437723745, 1.0]"
terrain,weight_class::Interim Lightweight,2018,LINEAR_MIN,0,INSUFFICIENT,0,INSUFFICIENT,0,0,,,,,,,,,,{},{},0,"[null, null]"
terrain,weight_class::Interim Lightweight,2019,LINEAR_MIN,1,INSUFFICIENT,0,INSUFFICIENT,0,0,,,,,,,,,,{},"{""2019"": 1}",0,"[null, null]"
terrain,weight_class::Interim Lightweight,2020,LINEAR_MIN,1,INSUFFICIENT,1,INSUFFICIENT,1,0,1,0,0.88182008755804564,0.11817991244195436,-0.11817991244195436,,,,,"{""2020"": 1}","{""2020"": 1}",1,"[0.20654931437723745, 1.0]"
terrain,weight_class::Interim Lightweight,2021,LINEAR_MIN,0,INSUFFICIENT,0,INSUFFICIENT,0,0,,,,,,,,,,{},{},0,"[null, null]"
terrain,weight_class::Interim Lightweight,2022,LINEAR_MIN,0,INSUFFICIENT,0,INSUFFICIENT,0,0,,,,,,,,,,{},{},0,"[null, null]"
terrain,weight_class::Interim Lightweight,2023,LINEAR_MIN,0,INSUFFICIENT,0,INSUFFICIENT,0,0,,,,,,,,,,{},{},0,"[null, null]"
terrain,weight_class::Interim Lightweight,2024,LINEAR_MIN,0,INSUFFICIENT,0,INSUFFICIENT,0,0,,,,,,,,,,{},{},0,"[null, null]"
terrain,weight_class::Interim Lightweight,2025,LINEAR_MIN,0,INSUFFICIENT,0,INSUFFICIENT,0,0,,,,,,,,,,{},{},0,"[null, null]"
terrain,weight_class::Interim Lightweight,2026,LINEAR_MIN,1,INSUFFICIENT,0,INSUFFICIENT,0,0,,,,,,,,,,{},"{""2026"": 1}",0,"[null, null]"
terrain,weight_class::Interim Lightweight,2018,XGB,0,INSUFFICIENT,0,INSUFFICIENT,0,0,,,,,,,,,,{},{},0,"[null, null]"
terrain,weight_class::Interim Lightweight,2019,XGB,1,INSUFFICIENT,0,INSUFFICIENT,0,0,,,,,,,,,,{},"{""2019"": 1}",0,"[null, null]"
terrain,weight_class::Interim Lightweight,2020,XGB,1,INSUFFICIENT,1,INSUFFICIENT,1,0,1,0,0.82096129655838013,0.17903870344161987,-0.17903870344161987,,,,,"{""2020"": 1}","{""2020"": 1}",1,"[0.20654931437723745, 1.0]"
terrain,weight_class::Interim Lightweight,2021,XGB,0,INSUFFICIENT,0,INSUFFICIENT,0,0,,,,,,,,,,{},{},0,"[null, null]"
terrain,weight_class::Interim Lightweight,2022,XGB,0,INSUFFICIENT,0,INSUFFICIENT,0,0,,,,,,,,,,{},{},0,"[null, null]"
terrain,weight_class::Interim Lightweight,2023,XGB,0,INSUFFICIENT,0,INSUFFICIENT,0,0,,,,,,,,,,{},{},0,"[null, null]"
terrain,weight_class::Interim Lightweight,2024,XGB,0,INSUFFICIENT,0,INSUFFICIENT,0,0,,,,,,,,,,{},{},0,"[null, null]"
terrain,weight_class::Interim Lightweight,2025,XGB,0,INSUFFICIENT,0,INSUFFICIENT,0,0,,,,,,,,,,{},{},0,"[null, null]"
terrain,weight_class::Interim Lightweight,2026,XGB,1,INSUFFICIENT,0,INSUFFICIENT,0,0,,,,,,,,,,{},"{""2026"": 1}",0,"[null, null]"
terrain,weight_class::Interim Lightweight,2018,LGBM,0,INSUFFICIENT,0,INSUFFICIENT,0,0,,,,,,,,,,{},{},0,"[null, null]"
terrain,weight_class::Interim Lightweight,2019,LGBM,1,INSUFFICIENT,0,INSUFFICIENT,0,0,,,,,,,,,,{},"{""2019"": 1}",0,"[null, null]"
terrain,weight_class::Interim Lightweight,2020,LGBM,1,INSUFFICIENT,1,INSUFFICIENT,1,0,1,0,0.87868160084198066,0.12131839915801934,-0.12131839915801934,,,,,"{""2020"": 1}","{""2020"": 1}",1,"[0.20654931437723745, 1.0]"
terrain,weight_class::Interim Lightweight,2021,LGBM,0,INSUFFICIENT,0,INSUFFICIENT,0,0,,,,,,,,,,{},{},0,"[null, null]"
terrain,weight_class::Interim Lightweight,2022,LGBM,0,INSUFFICIENT,0,INSUFFICIENT,0,0,,,,,,,,,,{},{},0,"[null, null]"
terrain,weight_class::Interim Lightweight,2023,LGBM,0,INSUFFICIENT,0,INSUFFICIENT,0,0,,,,,,,,,,{},{},0,"[null, null]"
terrain,weight_class::Interim Lightweight,2024,LGBM,0,INSUFFICIENT,0,INSUFFICIENT,0,0,,,,,,,,,,{},{},0,"[null, null]"
terrain,weight_class::Interim Lightweight,2025,LGBM,0,INSUFFICIENT,0,INSUFFICIENT,0,0,,,,,,,,,,{},{},0,"[null, null]"
terrain,weight_class::Interim Lightweight,2026,LGBM,1,INSUFFICIENT,0,INSUFFICIENT,0,0,,,,,,,,,,{},"{""2026"": 1}",0,"[null, null]"
terrain,weight_class::Interim Lightweight,2018,CAT,0,INSUFFICIENT,0,INSUFFICIENT,0,0,,,,,,,,,,{},{},0,"[null, null]"
terrain,weight_class::Interim Lightweight,2019,CAT,1,INSUFFICIENT,0,INSUFFICIENT,0,0,,,,,,,,,,{},"{""2019"": 1}",0,"[null, null]"
terrain,weight_class::Interim Lightweight,2020,CAT,1,INSUFFICIENT,1,INSUFFICIENT,1,0,1,0,0.85704605822803692,0.14295394177196308,-0.14295394177196308,,,,,"{""2020"": 1}","{""2020"": 1}",1,"[0.20654931437723745, 1.0]"
terrain,weight_class::Interim Lightweight,2021,CAT,0,INSUFFICIENT,0,INSUFFICIENT,0,0,,,,,,,,,,{},{},0,"[null, null]"
terrain,weight_class::Interim Lightweight,2022,CAT,0,INSUFFICIENT,0,INSUFFICIENT,0,0,,,,,,,,,,{},{},0,"[null, null]"
terrain,weight_class::Interim Lightweight,2023,CAT,0,INSUFFICIENT,0,INSUFFICIENT,0,0,,,,,,,,,,{},{},0,"[null, null]"
terrain,weight_class::Interim Lightweight,2024,CAT,0,INSUFFICIENT,0,INSUFFICIENT,0,0,,,,,,,,,,{},{},0,"[null, null]"
terrain,weight_class::Interim Lightweight,2025,CAT,0,INSUFFICIENT,0,INSUFFICIENT,0,0,,,,,,,,,,{},{},0,"[null, null]"
terrain,weight_class::Interim Lightweight,2026,CAT,1,INSUFFICIENT,0,INSUFFICIENT,0,0,,,,,,,,,,{},"{""2026"": 1}",0,"[null, null]"
terrain,weight_class::Interim Lightweight,2018,SELECT,0,INSUFFICIENT,0,INSUFFICIENT,0,0,,,,,,,,,,{},{},0,"[null, null]"
terrain,weight_class::Interim Lightweight,2019,SELECT,1,INSUFFICIENT,0,INSUFFICIENT,0,0,,,,,,,,,,{},"{""2019"": 1}",0,"[null, null]"
terrain,weight_class::Interim Lightweight,2020,SELECT,1,INSUFFICIENT,1,INSUFFICIENT,1,0,1,0,0.87868160084198066,0.12131839915801934,-0.12131839915801934,,,,,"{""2020"": 1}","{""2020"": 1}",1,"[0.20654931437723745, 1.0]"
terrain,weight_class::Interim Lightweight,2021,SELECT,0,INSUFFICIENT,0,INSUFFICIENT,0,0,,,,,,,,,,{},{},0,"[null, null]"
terrain,weight_class::Interim Lightweight,2022,SELECT,0,INSUFFICIENT,0,INSUFFICIENT,0,0,,,,,,,,,,{},{},0,"[null, null]"
terrain,weight_class::Interim Lightweight,2023,SELECT,0,INSUFFICIENT,0,INSUFFICIENT,0,0,,,,,,,,,,{},{},0,"[null, null]"
terrain,weight_class::Interim Lightweight,2024,SELECT,0,INSUFFICIENT,0,INSUFFICIENT,0,0,,,,,,,,,,{},{},0,"[null, null]"
terrain,weight_class::Interim Lightweight,2025,SELECT,0,INSUFFICIENT,0,INSUFFICIENT,0,0,,,,,,,,,,{},{},0,"[null, null]"
terrain,weight_class::Interim Lightweight,2026,SELECT,1,INSUFFICIENT,0,INSUFFICIENT,0,0,,,,,,,,,,{},"{""2026"": 1}",0,"[null, null]"
terrain,weight_class::Interim Middleweight,2018,LINEAR_MIN,0,INSUFFICIENT,0,INSUFFICIENT,0,0,,,,,,,,,,{},{},0,"[null, null]"
terrain,weight_class::Interim Middleweight,2019,LINEAR_MIN,1,INSUFFICIENT,0,INSUFFICIENT,0,0,,,,,,,,,,{},"{""2019"": 1}",0,"[null, null]"
terrain,weight_class::Interim Middleweight,2020,LINEAR_MIN,0,INSUFFICIENT,0,INSUFFICIENT,0,0,,,,,,,,,,{},{},0,"[null, null]"
terrain,weight_class::Interim Middleweight,2021,LINEAR_MIN,0,INSUFFICIENT,0,INSUFFICIENT,0,0,,,,,,,,,,{},{},0,"[null, null]"
terrain,weight_class::Interim Middleweight,2022,LINEAR_MIN,0,INSUFFICIENT,0,INSUFFICIENT,0,0,,,,,,,,,,{},{},0,"[null, null]"
terrain,weight_class::Interim Middleweight,2023,LINEAR_MIN,0,INSUFFICIENT,0,INSUFFICIENT,0,0,,,,,,,,,,{},{},0,"[null, null]"
terrain,weight_class::Interim Middleweight,2024,LINEAR_MIN,0,INSUFFICIENT,0,INSUFFICIENT,0,0,,,,,,,,,,{},{},0,"[null, null]"
terrain,weight_class::Interim Middleweight,2025,LINEAR_MIN,0,INSUFFICIENT,0,INSUFFICIENT,0,0,,,,,,,,,,{},{},0,"[null, null]"
terrain,weight_class::Interim Middleweight,2026,LINEAR_MIN,0,INSUFFICIENT,0,INSUFFICIENT,0,0,,,,,,,,,,{},{},0,"[null, null]"
terrain,weight_class::Interim Middleweight,2018,XGB,0,INSUFFICIENT,0,INSUFFICIENT,0,0,,,,,,,,,,{},{},0,"[null, null]"
terrain,weight_class::Interim Middleweight,2019,XGB,1,INSUFFICIENT,0,INSUFFICIENT,0,0,,,,,,,,,,{},"{""2019"": 1}",0,"[null, null]"
terrain,weight_class::Interim Middleweight,2020,XGB,0,INSUFFICIENT,0,INSUFFICIENT,0,0,,,,,,,,,,{},{},0,"[null, null]"
terrain,weight_class::Interim Middleweight,2021,XGB,0,INSUFFICIENT,0,INSUFFICIENT,0,0,,,,,,,,,,{},{},0,"[null, null]"
terrain,weight_class::Interim Middleweight,2022,XGB,0,INSUFFICIENT,0,INSUFFICIENT,0,0,,,,,,,,,,{},{},0,"[null, null]"
terrain,weight_class::Interim Middleweight,2023,XGB,0,INSUFFICIENT,0,INSUFFICIENT,0,0,,,,,,,,,,{},{},0,"[null, null]"
terrain,weight_class::Interim Middleweight,2024,XGB,0,INSUFFICIENT,0,INSUFFICIENT,0,0,,,,,,,,,,{},{},0,"[null, null]"
terrain,weight_class::Interim Middleweight,2025,XGB,0,INSUFFICIENT,0,INSUFFICIENT,0,0,,,,,,,,,,{},{},0,"[null, null]"
terrain,weight_class::Interim Middleweight,2026,XGB,0,INSUFFICIENT,0,INSUFFICIENT,0,0,,,,,,,,,,{},{},0,"[null, null]"
terrain,weight_class::Interim Middleweight,2018,LGBM,0,INSUFFICIENT,0,INSUFFICIENT,0,0,,,,,,,,,,{},{},0,"[null, null]"
terrain,weight_class::Interim Middleweight,2019,LGBM,1,INSUFFICIENT,0,INSUFFICIENT,0,0,,,,,,,,,,{},"{""2019"": 1}",0,"[null, null]"
terrain,weight_class::Interim Middleweight,2020,LGBM,0,INSUFFICIENT,0,INSUFFICIENT,0,0,,,,,,,,,,{},{},0,"[null, null]"
terrain,weight_class::Interim Middleweight,2021,LGBM,0,INSUFFICIENT,0,INSUFFICIENT,0,0,,,,,,,,,,{},{},0,"[null, null]"
terrain,weight_class::Interim Middleweight,2022,LGBM,0,INSUFFICIENT,0,INSUFFICIENT,0,0,,,,,,,,,,{},{},0,"[null, null]"
terrain,weight_class::Interim Middleweight,2023,LGBM,0,INSUFFICIENT,0,INSUFFICIENT,0,0,,,,,,,,,,{},{},0,"[null, null]"
terrain,weight_class::Interim Middleweight,2024,LGBM,0,INSUFFICIENT,0,INSUFFICIENT,0,0,,,,,,,,,,{},{},0,"[null, null]"
terrain,weight_class::Interim Middleweight,2025,LGBM,0,INSUFFICIENT,0,INSUFFICIENT,0,0,,,,,,,,,,{},{},0,"[null, null]"
terrain,weight_class::Interim Middleweight,2026,LGBM,0,INSUFFICIENT,0,INSUFFICIENT,0,0,,,,,,,,,,{},{},0,"[null, null]"
terrain,weight_class::Interim Middleweight,2018,CAT,0,INSUFFICIENT,0,INSUFFICIENT,0,0,,,,,,,,,,{},{},0,"[null, null]"
terrain,weight_class::Interim Middleweight,2019,CAT,1,INSUFFICIENT,0,INSUFFICIENT,0,0,,,,,,,,,,{},"{""2019"": 1}",0,"[null, null]"
terrain,weight_class::Interim Middleweight,2020,CAT,0,INSUFFICIENT,0,INSUFFICIENT,0,0,,,,,,,,,,{},{},0,"[null, null]"
terrain,weight_class::Interim Middleweight,2021,CAT,0,INSUFFICIENT,0,INSUFFICIENT,0,0,,,,,,,,,,{},{},0,"[null, null]"
terrain,weight_class::Interim Middleweight,2022,CAT,0,INSUFFICIENT,0,INSUFFICIENT,0,0,,,,,,,,,,{},{},0,"[null, null]"
terrain,weight_class::Interim Middleweight,2023,CAT,0,INSUFFICIENT,0,INSUFFICIENT,0,0,,,,,,,,,,{},{},0,"[null, null]"
terrain,weight_class::Interim Middleweight,2024,CAT,0,INSUFFICIENT,0,INSUFFICIENT,0,0,,,,,,,,,,{},{},0,"[null, null]"
terrain,weight_class::Interim Middleweight,2025,CAT,0,INSUFFICIENT,0,INSUFFICIENT,0,0,,,,,,,,,,{},{},0,"[null, null]"
terrain,weight_class::Interim Middleweight,2026,CAT,0,INSUFFICIENT,0,INSUFFICIENT,0,0,,,,,,,,,,{},{},0,"[null, null]"
terrain,weight_class::Interim Middleweight,2018,SELECT,0,INSUFFICIENT,0,INSUFFICIENT,0,0,,,,,,,,,,{},{},0,"[null, null]"
terrain,weight_class::Interim Middleweight,2019,SELECT,1,INSUFFICIENT,0,INSUFFICIENT,0,0,,,,,,,,,,{},"{""2019"": 1}",0,"[null, null]"
terrain,weight_class::Interim Middleweight,2020,SELECT,0,INSUFFICIENT,0,INSUFFICIENT,0,0,,,,,,,,,,{},{},0,"[null, null]"
terrain,weight_class::Interim Middleweight,2021,SELECT,0,INSUFFICIENT,0,INSUFFICIENT,0,0,,,,,,,,,,{},{},0,"[null, null]"
terrain,weight_class::Interim Middleweight,2022,SELECT,0,INSUFFICIENT,0,INSUFFICIENT,0,0,,,,,,,,,,{},{},0,"[null, null]"
terrain,weight_class::Interim Middleweight,2023,SELECT,0,INSUFFICIENT,0,INSUFFICIENT,0,0,,,,,,,,,,{},{},0,"[null, null]"
terrain,weight_class::Interim Middleweight,2024,SELECT,0,INSUFFICIENT,0,INSUFFICIENT,0,0,,,,,,,,,,{},{},0,"[null, null]"
terrain,weight_class::Interim Middleweight,2025,SELECT,0,INSUFFICIENT,0,INSUFFICIENT,0,0,,,,,,,,,,{},{},0,"[null, null]"
terrain,weight_class::Interim Middleweight,2026,SELECT,0,INSUFFICIENT,0,INSUFFICIENT,0,0,,,,,,,,,,{},{},0,"[null, null]"
terrain,weight_class::Interim Welterweight,2018,LINEAR_MIN,1,INSUFFICIENT,0,INSUFFICIENT,0,0,,,,,,,,,,{},"{""2018"": 1}",0,"[null, null]"
terrain,weight_class::Interim Welterweight,2019,LINEAR_MIN,0,INSUFFICIENT,0,INSUFFICIENT,0,0,,,,,,,,,,{},{},0,"[null, null]"
terrain,weight_class::Interim Welterweight,2020,LINEAR_MIN,0,INSUFFICIENT,0,INSUFFICIENT,0,0,,,,,,,,,,{},{},0,"[null, null]"
terrain,weight_class::Interim Welterweight,2021,LINEAR_MIN,0,INSUFFICIENT,0,INSUFFICIENT,0,0,,,,,,,,,,{},{},0,"[null, null]"
terrain,weight_class::Interim Welterweight,2022,LINEAR_MIN,0,INSUFFICIENT,0,INSUFFICIENT,0,0,,,,,,,,,,{},{},0,"[null, null]"
terrain,weight_class::Interim Welterweight,2023,LINEAR_MIN,0,INSUFFICIENT,0,INSUFFICIENT,0,0,,,,,,,,,,{},{},0,"[null, null]"
terrain,weight_class::Interim Welterweight,2024,LINEAR_MIN,0,INSUFFICIENT,0,INSUFFICIENT,0,0,,,,,,,,,,{},{},0,"[null, null]"
terrain,weight_class::Interim Welterweight,2025,LINEAR_MIN,0,INSUFFICIENT,0,INSUFFICIENT,0,0,,,,,,,,,,{},{},0,"[null, null]"
terrain,weight_class::Interim Welterweight,2026,LINEAR_MIN,0,INSUFFICIENT,0,INSUFFICIENT,0,0,,,,,,,,,,{},{},0,"[null, null]"
terrain,weight_class::Interim Welterweight,2018,XGB,1,INSUFFICIENT,0,INSUFFICIENT,0,0,,,,,,,,,,{},"{""2018"": 1}",0,"[null, null]"
terrain,weight_class::Interim Welterweight,2019,XGB,0,INSUFFICIENT,0,INSUFFICIENT,0,0,,,,,,,,,,{},{},0,"[null, null]"
terrain,weight_class::Interim Welterweight,2020,XGB,0,INSUFFICIENT,0,INSUFFICIENT,0,0,,,,,,,,,,{},{},0,"[null, null]"
terrain,weight_class::Interim Welterweight,2021,XGB,0,INSUFFICIENT,0,INSUFFICIENT,0,0,,,,,,,,,,{},{},0,"[null, null]"
terrain,weight_class::Interim Welterweight,2022,XGB,0,INSUFFICIENT,0,INSUFFICIENT,0,0,,,,,,,,,,{},{},0,"[null, null]"
terrain,weight_class::Interim Welterweight,2023,XGB,0,INSUFFICIENT,0,INSUFFICIENT,0,0,,,,,,,,,,{},{},0,"[null, null]"
terrain,weight_class::Interim Welterweight,2024,XGB,0,INSUFFICIENT,0,INSUFFICIENT,0,0,,,,,,,,,,{},{},0,"[null, null]"
terrain,weight_class::Interim Welterweight,2025,XGB,0,INSUFFICIENT,0,INSUFFICIENT,0,0,,,,,,,,,,{},{},0,"[null, null]"
terrain,weight_class::Interim Welterweight,2026,XGB,0,INSUFFICIENT,0,INSUFFICIENT,0,0,,,,,,,,,,{},{},0,"[null, null]"
terrain,weight_class::Interim Welterweight,2018,LGBM,1,INSUFFICIENT,0,INSUFFICIENT,0,0,,,,,,,,,,{},"{""2018"": 1}",0,"[null, null]"
terrain,weight_class::Interim Welterweight,2019,LGBM,0,INSUFFICIENT,0,INSUFFICIENT,0,0,,,,,,,,,,{},{},0,"[null, null]"
terrain,weight_class::Interim Welterweight,2020,LGBM,0,INSUFFICIENT,0,INSUFFICIENT,0,0,,,,,,,,,,{},{},0,"[null, null]"
terrain,weight_class::Interim Welterweight,2021,LGBM,0,INSUFFICIENT,0,INSUFFICIENT,0,0,,,,,,,,,,{},{},0,"[null, null]"
terrain,weight_class::Interim Welterweight,2022,LGBM,0,INSUFFICIENT,0,INSUFFICIENT,0,0,,,,,,,,,,{},{},0,"[null, null]"
terrain,weight_class::Interim Welterweight,2023,LGBM,0,INSUFFICIENT,0,INSUFFICIENT,0,0,,,,,,,,,,{},{},0,"[null, null]"
terrain,weight_class::Interim Welterweight,2024,LGBM,0,INSUFFICIENT,0,INSUFFICIENT,0,0,,,,,,,,,,{},{},0,"[null, null]"
terrain,weight_class::Interim Welterweight,2025,LGBM,0,INSUFFICIENT,0,INSUFFICIENT,0,0,,,,,,,,,,{},{},0,"[null, null]"
terrain,weight_class::Interim Welterweight,2026,LGBM,0,INSUFFICIENT,0,INSUFFICIENT,0,0,,,,,,,,,,{},{},0,"[null, null]"
terrain,weight_class::Interim Welterweight,2018,CAT,1,INSUFFICIENT,0,INSUFFICIENT,0,0,,,,,,,,,,{},"{""2018"": 1}",0,"[null, null]"
terrain,weight_class::Interim Welterweight,2019,CAT,0,INSUFFICIENT,0,INSUFFICIENT,0,0,,,,,,,,,,{},{},0,"[null, null]"
terrain,weight_class::Interim Welterweight,2020,CAT,0,INSUFFICIENT,0,INSUFFICIENT,0,0,,,,,,,,,,{},{},0,"[null, null]"
terrain,weight_class::Interim Welterweight,2021,CAT,0,INSUFFICIENT,0,INSUFFICIENT,0,0,,,,,,,,,,{},{},0,"[null, null]"
terrain,weight_class::Interim Welterweight,2022,CAT,0,INSUFFICIENT,0,INSUFFICIENT,0,0,,,,,,,,,,{},{},0,"[null, null]"
terrain,weight_class::Interim Welterweight,2023,CAT,0,INSUFFICIENT,0,INSUFFICIENT,0,0,,,,,,,,,,{},{},0,"[null, null]"
terrain,weight_class::Interim Welterweight,2024,CAT,0,INSUFFICIENT,0,INSUFFICIENT,0,0,,,,,,,,,,{},{},0,"[null, null]"
terrain,weight_class::Interim Welterweight,2025,CAT,0,INSUFFICIENT,0,INSUFFICIENT,0,0,,,,,,,,,,{},{},0,"[null, null]"
terrain,weight_class::Interim Welterweight,2026,CAT,0,INSUFFICIENT,0,INSUFFICIENT,0,0,,,,,,,,,,{},{},0,"[null, null]"
terrain,weight_class::Interim Welterweight,2018,SELECT,1,INSUFFICIENT,0,INSUFFICIENT,0,0,,,,,,,,,,{},"{""2018"": 1}",0,"[null, null]"
terrain,weight_class::Interim Welterweight,2019,SELECT,0,INSUFFICIENT,0,INSUFFICIENT,0,0,,,,,,,,,,{},{},0,"[null, null]"
terrain,weight_class::Interim Welterweight,2020,SELECT,0,INSUFFICIENT,0,INSUFFICIENT,0,0,,,,,,,,,,{},{},0,"[null, null]"
terrain,weight_class::Interim Welterweight,2021,SELECT,0,INSUFFICIENT,0,INSUFFICIENT,0,0,,,,,,,,,,{},{},0,"[null, null]"
terrain,weight_class::Interim Welterweight,2022,SELECT,0,INSUFFICIENT,0,INSUFFICIENT,0,0,,,,,,,,,,{},{},0,"[null, null]"
terrain,weight_class::Interim Welterweight,2023,SELECT,0,INSUFFICIENT,0,INSUFFICIENT,0,0,,,,,,,,,,{},{},0,"[null, null]"
terrain,weight_class::Interim Welterweight,2024,SELECT,0,INSUFFICIENT,0,INSUFFICIENT,0,0,,,,,,,,,,{},{},0,"[null, null]"
terrain,weight_class::Interim Welterweight,2025,SELECT,0,INSUFFICIENT,0,INSUFFICIENT,0,0,,,,,,,,,,{},{},0,"[null, null]"
terrain,weight_class::Interim Welterweight,2026,SELECT,0,INSUFFICIENT,0,INSUFFICIENT,0,0,,,,,,,,,,{},{},0,"[null, null]"
terrain,weight_class::Light Heavyweight,2018,LINEAR_MIN,38,THIN_EXPLORATORY,25,THIN_EXPLORATORY,17,8,0.68000000000000005,0.32000000000000001,0.76187350937154297,0.23812649062845703,0.081873509371542919,0.58382212422293545,0.20272460082235216,0,0,"{""2018"": 25}","{""2018"": 38}",18,"[0.48410269273102247, 0.8279480969309202]"
terrain,weight_class::Light Heavyweight,2019,LINEAR_MIN,45,THIN_EXPLORATORY,30,THIN_EXPLORATORY,20,10,0.66666666666666663,0.33333333333333331,0.70060316554393076,0.29939683445606924,0.033936498877264132,0.68067098057373532,0.23932476920876691,0,0,"{""2019"": 30}","{""2019"": 45}",24,"[0.4878005164454384, 0.8076950191632386]"
terrain,weight_class::Light Heavyweight,2020,LINEAR_MIN,35,THIN_EXPLORATORY,22,INSUFFICIENT,17,5,0.77272727272727271,0.22727272727272727,0.73467809989990984,0.26532190010009016,-0.038049172827362865,,,,,"{""2020"": 22}","{""2020"": 35}",20,"[0.5656004682477829, 0.8987696001475147]"
terrain,weight_class::Light Heavyweight,2021,LINEAR_MIN,37,THIN_EXPLORATORY,19,INSUFFICIENT,15,4,0.78947368421052633,0.21052631578947367,0.70875508180145974,0.29124491819854026,-0.080718602409066587,,,,,"{""2021"": 19}","{""2021"": 37}",17,"[0.5666572155618583, 0.9149232336708375]"
terrain,weight_class::Light Heavyweight,2022,LINEAR_MIN,35,THIN_EXPLORATORY,25,THIN_EXPLORATORY,20,5,0.80000000000000004,0.20000000000000001,0.74798645916782325,0.25201354083217675,-0.052013540832176797,0.5086922552475126,0.1639980456853132,0,0,"{""2022"": 25}","{""2022"": 35}",20,"[0.6086904963045967, 0.9113941531319742]"
terrain,weight_class::Light Heavyweight,2023,LINEAR_MIN,34,THIN_EXPLORATORY,18,INSUFFICIENT,13,5,0.72222222222222221,0.27777777777777779,0.76321061520787259,0.23678938479212741,0.040988392985650379,,,,,"{""2023"": 18}","{""2023"": 34}",14,"[0.4912734343970254, 0.8750024662044601]"
terrain,weight_class::Light Heavyweight,2024,LINEAR_MIN,32,THIN_EXPLORATORY,20,INSUFFICIENT,16,4,0.80000000000000004,0.20000000000000001,0.78786797996821578,0.21213202003178422,-0.012132020031784263,,,,,"{""2024"": 20}","{""2024"": 32}",18,"[0.5839825677481064, 0.919342337420202]"
terrain,weight_class::Light Heavyweight,2025,LINEAR_MIN,37,THIN_EXPLORATORY,24,INSUFFICIENT,15,9,0.625,0.375,0.76152454702949857,0.23847545297050143,0.13652454702949857,,,,,"{""2025"": 24}","{""2025"": 37}",18,"[0.42709962442674276, 0.7884063244045122]"
terrain,weight_class::Light Heavyweight,2026,LINEAR_MIN,26,THIN_EXPLORATORY,22,INSUFFICIENT,19,3,0.86363636363636365,0.13636363636363635,0.7757119503014267,0.2242880496985733,-0.087924413334936946,,,,,"{""2026"": 22}","{""2026"": 26}",20,"[0.6666501283342828, 0.9525099628594474]"
terrain,weight_class::Light Heavyweight,2018,XGB,38,THIN_EXPLORATORY,25,THIN_EXPLORATORY,17,8,0.68000000000000005,0.32000000000000001,0.7363204431533813,0.2636795568466187,0.05632044315338125,0.58988545883640964,0.20501693850464997,0.0060633346134741231,0.0022923376822977519,"{""2018"": 25}","{""2018"": 38}",18,"[0.48410269273102247, 0.8279480969309202]"
terrain,weight_class::Light Heavyweight,2019,XGB,45,THIN_EXPLORATORY,30,THIN_EXPLORATORY,20,10,0.66666666666666663,0.33333333333333331,0.67688060402870176,0.32311939597129824,0.01021393736203513,0.61148174704836555,0.21031401689662416,-0.069189233525369792,-0.029010752312142792,"{""2019"": 30}","{""2019"": 45}",24,"[0.4878005164454384, 0.8076950191632386]"
terrain,weight_class::Light Heavyweight,2020,XGB,35,THIN_EXPLORATORY,22,INSUFFICIENT,17,5,0.77272727272727271,0.22727272727272727,0.70725167881358753,0.29274832118641247,-0.065475593913685182,,,,,"{""2020"": 22}","{""2020"": 35}",20,"[0.5656004682477829, 0.8987696001475147]"
terrain,weight_class::Light Heavyweight,2021,XGB,37,THIN_EXPLORATORY,19,INSUFFICIENT,15,4,0.78947368421052633,0.21052631578947367,0.72825810470079122,0.27174189529920878,-0.061215579509735107,,,,,"{""2021"": 19}","{""2021"": 37}",17,"[0.5666572155618583, 0.9149232336708375]"
terrain,weight_class::Light Heavyweight,2022,XGB,35,THIN_EXPLORATORY,25,THIN_EXPLORATORY,20,5,0.80000000000000004,0.20000000000000001,0.73287226200103761,0.26712773799896239,-0.067127737998962433,0.51705343459591691,0.16753549430935577,0.0083611793484041977,0.0035374486240425883,"{""2022"": 25}","{""2022"": 35}",20,"[0.6086904963045967, 0.9113941531319742]"
terrain,weight_class::Light Heavyweight,2023,XGB,34,THIN_EXPLORATORY,18,INSUFFICIENT,13,5,0.72222222222222221,0.27777777777777779,0.76287420259581673,0.23712579740418327,0.040651980373594521,,,,,"{""2023"": 18}","{""2023"": 34}",14,"[0.4912734343970254, 0.8750024662044601]"
terrain,weight_class::Light Heavyweight,2024,XGB,32,THIN_EXPLORATORY,20,INSUFFICIENT,16,4,0.80000000000000004,0.20000000000000001,0.71312293708324437,0.28687706291675563,-0.086877062916755676,,,,,"{""2024"": 20}","{""2024"": 32}",18,"[0.5839825677481064, 0.919342337420202]"
terrain,weight_class::Light Heavyweight,2025,XGB,37,THIN_EXPLORATORY,24,INSUFFICIENT,15,9,0.625,0.375,0.75395090629657113,0.24604909370342887,0.12895090629657113,,,,,"{""2025"": 24}","{""2025"": 37}",18,"[0.42709962442674276, 0.7884063244045122]"
terrain,weight_class::Light Heavyweight,2026,XGB,26,THIN_EXPLORATORY,22,INSUFFICIENT,19,3,0.86363636363636365,0.13636363636363635,0.78853903575377027,0.21146096424622973,-0.075097327882593379,,,,,"{""2026"": 22}","{""2026"": 26}",20,"[0.6666501283342828, 0.9525099628594474]"
terrain,weight_class::Light Heavyweight,2018,LGBM,38,THIN_EXPLORATORY,25,THIN_EXPLORATORY,17,8,0.68000000000000005,0.32000000000000001,0.72943582362439363,0.27056417637560637,0.049435823624393582,0.59026931676057726,0.20316238276727583,0.0064471925376418382,0.0004377819449236378,"{""2018"": 25}","{""2018"": 38}",18,"[0.48410269273102247, 0.8279480969309202]"
terrain,weight_class::Light Heavyweight,2019,LGBM,45,THIN_EXPLORATORY,30,THIN_EXPLORATORY,20,10,0.66666666666666663,0.33333333333333331,0.6844534292698472,0.3155465707301528,0.017786762603180573,0.61152229144184811,0.21068271239596861,-0.069148689131887167,-0.028642056812798342,"{""2019"": 30}","{""2019"": 45}",24,"[0.4878005164454384, 0.8076950191632386]"
terrain,weight_class::Light Heavyweight,2020,LGBM,35,THIN_EXPLORATORY,22,INSUFFICIENT,17,5,0.77272727272727271,0.22727272727272727,0.71919400955604995,0.28080599044395005,-0.053533263171222756,,,,,"{""2020"": 22}","{""2020"": 35}",20,"[0.5656004682477829, 0.8987696001475147]"
terrain,weight_class::Light Heavyweight,2021,LGBM,37,THIN_EXPLORATORY,19,INSUFFICIENT,15,4,0.78947368421052633,0.21052631578947367,0.72546195106618472,0.27453804893381528,-0.064011733144341609,,,,,"{""2021"": 19}","{""2021"": 37}",17,"[0.5666572155618583, 0.9149232336708375]"
terrain,weight_class::Light Heavyweight,2022,LGBM,35,THIN_EXPLORATORY,25,THIN_EXPLORATORY,20,5,0.80000000000000004,0.20000000000000001,0.75601298222446023,0.24398701777553977,-0.043987017775539816,0.51315896190361432,0.16588990559605343,0.0044667066561016088,0.0018918599107402129,"{""2022"": 25}","{""2022"": 35}",20,"[0.6086904963045967, 0.9113941531319742]"
terrain,weight_class::Light Heavyweight,2023,LGBM,34,THIN_EXPLORATORY,18,INSUFFICIENT,13,5,0.72222222222222221,0.27777777777777779,0.77121266221664442,0.22878733778335558,0.048990439994422208,,,,,"{""2023"": 18}","{""2023"": 34}",14,"[0.4912734343970254, 0.8750024662044601]"
terrain,weight_class::Light Heavyweight,2024,LGBM,32,THIN_EXPLORATORY,20,INSUFFICIENT,16,4,0.80000000000000004,0.20000000000000001,0.74062987850549766,0.25937012149450234,-0.059370121494502381,,,,,"{""2024"": 20}","{""2024"": 32}",18,"[0.5839825677481064, 0.919342337420202]"
terrain,weight_class::Light Heavyweight,2025,LGBM,37,THIN_EXPLORATORY,24,INSUFFICIENT,15,9,0.625,0.375,0.74863497231362697,0.25136502768637303,0.12363497231362697,,,,,"{""2025"": 24}","{""2025"": 37}",18,"[0.42709962442674276, 0.7884063244045122]"
terrain,weight_class::Light Heavyweight,2026,LGBM,26,THIN_EXPLORATORY,22,INSUFFICIENT,19,3,0.86363636363636365,0.13636363636363635,0.76424805489677783,0.23575194510322217,-0.099388308739585818,,,,,"{""2026"": 22}","{""2026"": 26}",20,"[0.6666501283342828, 0.9525099628594474]"
terrain,weight_class::Light Heavyweight,2018,CAT,38,THIN_EXPLORATORY,25,THIN_EXPLORATORY,17,8,0.68000000000000005,0.32000000000000001,0.72252896673421074,0.27747103326578926,0.042528966734210694,0.58583298350003754,0.20153444971126133,0.0020108592771021895,-0.0011901511110908769,"{""2018"": 25}","{""2018"": 38}",18,"[0.48410269273102247, 0.8279480969309202]"
terrain,weight_class::Light Heavyweight,2019,CAT,45,THIN_EXPLORATORY,30,THIN_EXPLORATORY,20,10,0.66666666666666663,0.33333333333333331,0.68991476173792254,0.31008523826207746,0.023248095071255914,0.60001758983888587,0.20754818788967114,-0.080653390734849353,-0.031776581319095824,"{""2019"": 30}","{""2019"": 45}",24,"[0.4878005164454384, 0.8076950191632386]"
terrain,weight_class::Light Heavyweight,2020,CAT,35,THIN_EXPLORATORY,22,INSUFFICIENT,17,5,0.77272727272727271,0.22727272727272727,0.7093226269737225,0.2906773730262775,-0.063404645753550204,,,,,"{""2020"": 22}","{""2020"": 35}",20,"[0.5656004682477829, 0.8987696001475147]"
terrain,weight_class::Light Heavyweight,2021,CAT,37,THIN_EXPLORATORY,19,INSUFFICIENT,15,4,0.78947368421052633,0.21052631578947367,0.74010340549934972,0.25989659450065028,-0.049370278711176607,,,,,"{""2021"": 19}","{""2021"": 37}",17,"[0.5666572155618583, 0.9149232336708375]"
terrain,weight_class::Light Heavyweight,2022,CAT,35,THIN_EXPLORATORY,25,THIN_EXPLORATORY,20,5,0.80000000000000004,0.20000000000000001,0.7663721278146457,0.2336278721853543,-0.033627872185354346,0.49896580285475517,0.15866983831697987,-0.0097264523927574516,-0.0053282073683333288,"{""2022"": 25}","{""2022"": 35}",20,"[0.6086904963045967, 0.9113941531319742]"
terrain,weight_class::Light Heavyweight,2023,CAT,34,THIN_EXPLORATORY,18,INSUFFICIENT,13,5,0.72222222222222221,0.27777777777777779,0.7637860381748629,0.2362139618251371,0.041563815952640693,,,,,"{""2023"": 18}","{""2023"": 34}",14,"[0.4912734343970254, 0.8750024662044601]"
terrain,weight_class::Light Heavyweight,2024,CAT,32,THIN_EXPLORATORY,20,INSUFFICIENT,16,4,0.80000000000000004,0.20000000000000001,0.77006473928290586,0.22993526071709414,-0.029935260717094181,,,,,"{""2024"": 20}","{""2024"": 32}",18,"[0.5839825677481064, 0.919342337420202]"
terrain,weight_class::Light Heavyweight,2025,CAT,37,THIN_EXPLORATORY,24,INSUFFICIENT,15,9,0.625,0.375,0.73503665661205375,0.26496334338794625,0.11003665661205375,,,,,"{""2025"": 24}","{""2025"": 37}",18,"[0.42709962442674276, 0.7884063244045122]"
terrain,weight_class::Light Heavyweight,2026,CAT,26,THIN_EXPLORATORY,22,INSUFFICIENT,19,3,0.86363636363636365,0.13636363636363635,0.78805917462994468,0.21194082537005532,-0.075577189006418966,,,,,"{""2026"": 22}","{""2026"": 26}",20,"[0.6666501283342828, 0.9525099628594474]"
terrain,weight_class::Light Heavyweight,2018,SELECT,38,THIN_EXPLORATORY,25,THIN_EXPLORATORY,17,8,0.68000000000000005,0.32000000000000001,0.7363204431533813,0.2636795568466187,0.05632044315338125,0.58988545883640964,0.20501693850464997,0.0060633346134741231,0.0022923376822977519,"{""2018"": 25}","{""2018"": 38}",18,"[0.48410269273102247, 0.8279480969309202]"
terrain,weight_class::Light Heavyweight,2019,SELECT,45,THIN_EXPLORATORY,30,THIN_EXPLORATORY,20,10,0.66666666666666663,0.33333333333333331,0.67688060402870176,0.32311939597129824,0.01021393736203513,0.61148174704836555,0.21031401689662416,-0.069189233525369792,-0.029010752312142792,"{""2019"": 30}","{""2019"": 45}",24,"[0.4878005164454384, 0.8076950191632386]"
terrain,weight_class::Light Heavyweight,2020,SELECT,35,THIN_EXPLORATORY,22,INSUFFICIENT,17,5,0.77272727272727271,0.22727272727272727,0.71919400955604995,0.28080599044395005,-0.053533263171222756,,,,,"{""2020"": 22}","{""2020"": 35}",20,"[0.5656004682477829, 0.8987696001475147]"
terrain,weight_class::Light Heavyweight,2021,SELECT,37,THIN_EXPLORATORY,19,INSUFFICIENT,15,4,0.78947368421052633,0.21052631578947367,0.74010340549934972,0.25989659450065028,-0.049370278711176607,,,,,"{""2021"": 19}","{""2021"": 37}",17,"[0.5666572155618583, 0.9149232336708375]"
terrain,weight_class::Light Heavyweight,2022,SELECT,35,THIN_EXPLORATORY,25,THIN_EXPLORATORY,20,5,0.80000000000000004,0.20000000000000001,0.75601298222446023,0.24398701777553977,-0.043987017775539816,0.51315896190361432,0.16588990559605343,0.0044667066561016088,0.0018918599107402129,"{""2022"": 25}","{""2022"": 35}",20,"[0.6086904963045967, 0.9113941531319742]"
terrain,weight_class::Light Heavyweight,2023,SELECT,34,THIN_EXPLORATORY,18,INSUFFICIENT,13,5,0.72222222222222221,0.27777777777777779,0.7637860381748629,0.2362139618251371,0.041563815952640693,,,,,"{""2023"": 18}","{""2023"": 34}",14,"[0.4912734343970254, 0.8750024662044601]"
terrain,weight_class::Light Heavyweight,2024,SELECT,32,THIN_EXPLORATORY,20,INSUFFICIENT,16,4,0.80000000000000004,0.20000000000000001,0.77006473928290586,0.22993526071709414,-0.029935260717094181,,,,,"{""2024"": 20}","{""2024"": 32}",18,"[0.5839825677481064, 0.919342337420202]"
terrain,weight_class::Light Heavyweight,2025,SELECT,37,THIN_EXPLORATORY,24,INSUFFICIENT,15,9,0.625,0.375,0.74863497231362697,0.25136502768637303,0.12363497231362697,,,,,"{""2025"": 24}","{""2025"": 37}",18,"[0.42709962442674276, 0.7884063244045122]"
terrain,weight_class::Light Heavyweight,2026,SELECT,26,THIN_EXPLORATORY,22,INSUFFICIENT,19,3,0.86363636363636365,0.13636363636363635,0.76424805489677783,0.23575194510322217,-0.099388308739585818,,,,,"{""2026"": 22}","{""2026"": 26}",20,"[0.6666501283342828, 0.9525099628594474]"
terrain,weight_class::Lightweight,2018,LINEAR_MIN,71,MODERATE_UNCERTAINTY,38,THIN_EXPLORATORY,24,14,0.63157894736842102,0.36842105263157893,0.63029079532074872,0.36970920467925128,-0.0012881520476722974,0.62922328803025618,0.21709984553380784,0,0,"{""2018"": 38}","{""2018"": 71}",25,"[0.47283959557009003, 0.7661578075284404]"
terrain,weight_class::Lightweight,2019,LINEAR_MIN,73,MODERATE_UNCERTAINTY,33,THIN_EXPLORATORY,25,8,0.75757575757575757,0.24242424242424243,0.69930312999855104,0.30069687000144896,-0.058272627577206526,0.57489740379046916,0.19922250987764351,0,0,"{""2019"": 33}","{""2019"": 73}",23,"[0.5897538017044264, 0.8716828662282499]"
terrain,weight_class::Lightweight,2020,LINEAR_MIN,48,THIN_EXPLORATORY,24,INSUFFICIENT,14,10,0.58333333333333337,0.41666666666666669,0.65861815182828287,0.34138184817171713,0.075284818494949501,,,,,"{""2020"": 24}","{""2020"": 48}",18,"[0.3883466586522876, 0.7553239739018824]"
terrain,weight_class::Lightweight,2021,LINEAR_MIN,62,MODERATE_UNCERTAINTY,36,THIN_EXPLORATORY,24,12,0.66666666666666663,0.33333333333333331,0.62883189875696044,0.37116810124303956,-0.037834767909706191,0.64269996390128092,0.22595291386154676,0,0,"{""2021"": 36}","{""2021"": 62}",26,"[0.5033399787115652, 0.7978538117569468]"
terrain,weight_class::Lightweight,2022,LINEAR_MIN,65,MODERATE_UNCERTAINTY,39,THIN_EXPLORATORY,22,17,0.5641025641025641,0.4358974358974359,0.65022902557516893,0.34977097442483107,0.086126461472604832,0.67169279796592107,0.23863385978867888,0,0,"{""2022"": 39}","{""2022"": 65}",30,"[0.40975691648669477, 0.7069524612431037]"
terrain,weight_class::Lightweight,2023,LINEAR_MIN,74,MODERATE_UNCERTAINTY,44,THIN_EXPLORATORY,34,10,0.77272727272727271,0.22727272727272727,0.67055576294961761,0.32944423705038239,-0.1021715097776551,0.53819612936554373,0.17999361037154857,0,0,"{""2023"": 44}","{""2023"": 74}",27,"[0.6300764193536367, 0.8715805240508284]"
terrain,weight_class::Lightweight,2024,LINEAR_MIN,64,MODERATE_UNCERTAINTY,30,THIN_EXPLORATORY,21,9,0.69999999999999996,0.29999999999999999,0.67010436679639285,0.32989563320360715,-0.029895633203607108,0.58244379900199506,0.20240651045443817,0,0,"{""2024"": 30}","{""2024"": 64}",21,"[0.5212421254128504, 0.8333525173175619]"
terrain,weight_class::Lightweight,2025,LINEAR_MIN,68,MODERATE_UNCERTAINTY,33,THIN_EXPLORATORY,21,12,0.63636363636363635,0.36363636363636365,0.70217756633094819,0.29782243366905181,0.065813929967311835,0.66396556246788196,0.23208909275655845,0,0,"{""2025"": 33}","{""2025"": 68}",24,"[0.466161783022664, 0.7781282176475764]"
terrain,weight_class::Lightweight,2026,LINEAR_MIN,46,THIN_EXPLORATORY,32,THIN_EXPLORATORY,20,12,0.625,0.375,0.71076387459164159,0.28923612540835841,0.085763874591641587,0.63860642303821347,0.22461431817403882,0,0,"{""2026"": 32}","{""2026"": 46}",19,"[0.4525440735307745, 0.7706611269054578]"
terrain,weight_class::Lightweight,2018,XGB,71,MODERATE_UNCERTAINTY,38,THIN_EXPLORATORY,24,14,0.63157894736842102,0.36842105263157893,0.57817724268687398,0.42182275731312602,-0.053401704681547035,0.60609299554265372,0.20933878303510461,-0.023130292487602577,-0.0077610624987032454,"{""2018"": 38}","{""2018"": 71}",25,"[0.47283959557009003, 0.7661578075284404]"
terrain,weight_class::Lightweight,2019,XGB,73,MODERATE_UNCERTAINTY,33,THIN_EXPLORATORY,25,8,0.75757575757575757,0.24242424242424243,0.64973046291958203,0.35026953708041797,-0.10784529465617554,0.5922705445170886,0.20517681719859329,0.01737314072661944,0.0059543073209497709,"{""2019"": 33}","{""2019"": 73}",23,"[0.5897538017044264, 0.8716828662282499]"
terrain,weight_class::Lightweight,2020,XGB,48,THIN_EXPLORATORY,24,INSUFFICIENT,14,10,0.58333333333333337,0.41666666666666669,0.62612755596637726,0.37387244403362274,0.042794222633043888,,,,,"{""2020"": 24}","{""2020"": 48}",18,"[0.3883466586522876, 0.7553239739018824]"
terrain,weight_class::Lightweight,2021,XGB,62,MODERATE_UNCERTAINTY,36,THIN_EXPLORATORY,24,12,0.66666666666666663,0.33333333333333331,0.60956805447737372,0.39043194552262628,-0.057098612189292908,0.67124282190397877,0.24191430198266517,0.028542858002697791,0.015961388121118431,"{""2021"": 36}","{""2021"": 62}",26,"[0.5033399787115652, 0.7978538117569468]"
terrain,weight_class::Lightweight,2022,XGB,65,MODERATE_UNCERTAINTY,39,THIN_EXPLORATORY,22,17,0.5641025641025641,0.4358974358974359,0.6108226959521954,0.3891773040478046,0.046720131849631308,0.64608947443922071,0.22805690141378016,-0.025603323526700354,-0.010576958374898773,"{""2022"": 39}","{""2022"": 65}",30,"[0.40975691648669477, 0.7069524612431037]"
terrain,weight_class::Lightweight,2023,XGB,74,MODERATE_UNCERTAINTY,44,THIN_EXPLORATORY,34,10,0.77272727272727271,0.22727272727272727,0.64323293959552597,0.35676706040447403,-0.12949433313174674,0.53419124677068297,0.17654708999104252,-0.004004882594860786,-0.0034465203805060661,"{""2023"": 44}","{""2023"": 74}",27,"[0.6300764193536367, 0.8715805240508284]"
terrain,weight_class::Lightweight,2024,XGB,64,MODERATE_UNCERTAINTY,30,THIN_EXPLORATORY,21,9,0.69999999999999996,0.29999999999999999,0.62268054087956748,0.37731945912043252,-0.077319459120432477,0.63369714303660907,0.22218345886660024,0.051253344034614033,0.01977694841216206,"{""2024"": 30}","{""2024"": 64}",21,"[0.5212421254128504, 0.8333525173175619]"
terrain,weight_class::Lightweight,2025,XGB,68,MODERATE_UNCERTAINTY,33,THIN_EXPLORATORY,21,12,0.63636363636363635,0.36363636363636365,0.68412069299004297,0.31587930700995703,0.047757056626406613,0.6208137106533741,0.21588607293409734,-0.043151851814507862,-0.016203019822461088,"{""2025"": 33}","{""2025"": 68}",24,"[0.466161783022664, 0.7781282176475764]"
terrain,weight_class::Lightweight,2026,XGB,46,THIN_EXPLORATORY,32,THIN_EXPLORATORY,20,12,0.625,0.375,0.69374975562095642,0.30625024437904358,0.068749755620956421,0.6342562736069477,0.22108308680060101,-0.0043501494312658262,-0.0035312313734378029,"{""2026"": 32}","{""2026"": 46}",19,"[0.4525440735307745, 0.7706611269054578]"
terrain,weight_class::Lightweight,2018,LGBM,71,MODERATE_UNCERTAINTY,38,THIN_EXPLORATORY,24,14,0.63157894736842102,0.36842105263157893,0.56881054685938404,0.43118945314061596,-0.062768400509036981,0.62081318266967056,0.21482945790252997,-0.0084101053605855399,-0.0022703876312778555,"{""2018"": 38}","{""2018"": 71}",25,"[0.47283959557009003, 0.7661578075284404]"
terrain,weight_class::Lightweight,2019,LGBM,73,MODERATE_UNCERTAINTY,33,THIN_EXPLORATORY,25,8,0.75757575757575757,0.24242424242424243,0.64917802131871105,0.35082197868128895,-0.10839773625704652,0.58271620068482255,0.20152181620797593,0.0078187968943532679,0.0022993063303323805,"{""2019"": 33}","{""2019"": 73}",23,"[0.5897538017044264, 0.8716828662282499]"
terrain,weight_class::Lightweight,2020,LGBM,48,THIN_EXPLORATORY,24,INSUFFICIENT,14,10,0.58333333333333337,0.41666666666666669,0.63465054228208551,0.36534945771791449,0.051317208948752135,,,,,"{""2020"": 24}","{""2020"": 48}",18,"[0.3883466586522876, 0.7553239739018824]"
terrain,weight_class::Lightweight,2021,LGBM,62,MODERATE_UNCERTAINTY,36,THIN_EXPLORATORY,24,12,0.66666666666666663,0.33333333333333331,0.613385821636245,0.386614178363755,-0.053280845030421631,0.66571037399453181,0.23930126250988884,0.023010410093250996,0.013348348648342164,"{""2021"": 36}","{""2021"": 62}",26,"[0.5033399787115652, 0.7978538117569468]"
terrain,weight_class::Lightweight,2022,LGBM,65,MODERATE_UNCERTAINTY,39,THIN_EXPLORATORY,22,17,0.5641025641025641,0.4358974358974359,0.61331821128745223,0.38668178871254777,0.049215647184888134,0.63744387687896298,0.22463487408414201,-0.034248921086958165,-0.013998985704536934,"{""2022"": 39}","{""2022"": 65}",30,"[0.40975691648669477, 0.7069524612431037]"
terrain,weight_class::Lightweight,2023,LGBM,74,MODERATE_UNCERTAINTY,44,THIN_EXPLORATORY,34,10,0.77272727272727271,0.22727272727272727,0.65311275376543354,0.34688724623456646,-0.11961451896183917,0.52644400617221454,0.17354295679736184,-0.011752123193329229,-0.0064506535741867431,"{""2023"": 44}","{""2023"": 74}",27,"[0.6300764193536367, 0.8715805240508284]"
terrain,weight_class::Lightweight,2024,LGBM,64,MODERATE_UNCERTAINTY,30,THIN_EXPLORATORY,21,9,0.69999999999999996,0.29999999999999999,0.62487948966186402,0.37512051033813598,-0.075120510338135937,0.6046603537835088,0.20967215997807659,0.022216554781513877,0.0072656495236384372,"{""2024"": 30}","{""2024"": 64}",21,"[0.5212421254128504, 0.8333525173175619]"
terrain,weight_class::Lightweight,2025,LGBM,68,MODERATE_UNCERTAINTY,33,THIN_EXPLORATORY,21,12,0.63636363636363635,0.36363636363636365,0.68403108615594621,0.31596891384405379,0.047667449792309857,0.62432251198423083,0.21784770731243203,-0.039643050483651049,-0.014241385444126417,"{""2025"": 33}","{""2025"": 68}",24,"[0.466161783022664, 0.7781282176475764]"
terrain,weight_class::Lightweight,2026,LGBM,46,THIN_EXPLORATORY,32,THIN_EXPLORATORY,20,12,0.625,0.375,0.69618693244765018,0.30381306755234982,0.071186932447650175,0.6355537512649112,0.22013987193094708,-0.003052671773302356,-0.0044744462430917498,"{""2026"": 32}","{""2026"": 46}",19,"[0.4525440735307745, 0.7706611269054578]"
terrain,weight_class::Lightweight,2018,CAT,71,MODERATE_UNCERTAINTY,38,THIN_EXPLORATORY,24,14,0.63157894736842102,0.36842105263157893,0.58963429757325658,0.41036570242674342,-0.041944649795164435,0.59833993755478299,0.20570725742510443,-0.030883350475473109,-0.011392588108703449,"{""2018"": 38}","{""2018"": 71}",25,"[0.47283959557009003, 0.7661578075284404]"
terrain,weight_class::Lightweight,2019,CAT,73,MODERATE_UNCERTAINTY,33,THIN_EXPLORATORY,25,8,0.75757575757575757,0.24242424242424243,0.66787831199097347,0.33212168800902653,-0.089697445584784097,0.56130816705124909,0.19126713760097822,-0.013589236739220162,-0.0079553722766652832,"{""2019"": 33}","{""2019"": 73}",23,"[0.5897538017044264, 0.8716828662282499]"
terrain,weight_class::Lightweight,2020,CAT,48,THIN_EXPLORATORY,24,INSUFFICIENT,14,10,0.58333333333333337,0.41666666666666669,0.6388897507548319,0.3611102492451681,0.055556417421498527,,,,,"{""2020"": 24}","{""2020"": 48}",18,"[0.3883466586522876, 0.7553239739018824]"
terrain,weight_class::Lightweight,2021,CAT,62,MODERATE_UNCERTAINTY,36,THIN_EXPLORATORY,24,12,0.66666666666666663,0.33333333333333331,0.6125438972781535,0.3874561027218465,-0.054122769388513126,0.65921132807530647,0.23867219974665424,0.016511364174025427,0.012719285885107501,"{""2021"": 36}","{""2021"": 62}",26,"[0.5033399787115652, 0.7978538117569468]"
terrain,weight_class::Lightweight,2022,CAT,65,MODERATE_UNCERTAINTY,39,THIN_EXPLORATORY,22,17,0.5641025641025641,0.4358974358974359,0.61877874977467984,0.38122125022532016,0.05467618567211574,0.60981733715747821,0.21204864021132899,-0.061875460808442785,-0.026585219577349922,"{""2022"": 39}","{""2022"": 65}",30,"[0.40975691648669477, 0.7069524612431037]"
terrain,weight_class::Lightweight,2023,CAT,74,MODERATE_UNCERTAINTY,44,THIN_EXPLORATORY,34,10,0.77272727272727271,0.22727272727272727,0.64965889403832489,0.35034110596167511,-0.12306837868894782,0.53250673767148171,0.17601283966562997,-0.0056893916940619895,-0.0039807707059185699,"{""2023"": 44}","{""2023"": 74}",27,"[0.6300764193536367, 0.8715805240508284]"
terrain,weight_class::Lightweight,2024,CAT,64,MODERATE_UNCERTAINTY,30,THIN_EXPLORATORY,21,9,0.69999999999999996,0.29999999999999999,0.63434739860256595,0.36565260139743405,-0.065652601397434007,0.60349830806082261,0.21122618855232195,0.021054509058827713,0.0088196780978837385,"{""2024"": 30}","{""2024"": 64}",21,"[0.5212421254128504, 0.8333525173175619]"
terrain,weight_class::Lightweight,2025,CAT,68,MODERATE_UNCERTAINTY,33,THIN_EXPLORATORY,21,12,0.63636363636363635,0.36363636363636365,0.67329123546777037,0.32670876453222963,0.036927599104134012,0.63161812267468986,0.22112260416668797,-0.032347439793192004,-0.01096648858987047,"{""2025"": 33}","{""2025"": 68}",24,"[0.466161783022664, 0.7781282176475764]"
terrain,weight_class::Lightweight,2026,CAT,46,THIN_EXPLORATORY,32,THIN_EXPLORATORY,20,12,0.625,0.375,0.68554165246808163,0.31445834753191837,0.06054165246808163,0.62119410667769293,0.21172472024722827,-0.017412316360520666,-0.012889597926810555,"{""2026"": 32}","{""2026"": 46}",19,"[0.4525440735307745, 0.7706611269054578]"
terrain,weight_class::Lightweight,2018,SELECT,71,MODERATE_UNCERTAINTY,38,THIN_EXPLORATORY,24,14,0.63157894736842102,0.36842105263157893,0.57817724268687398,0.42182275731312602,-0.053401704681547035,0.60609299554265372,0.20933878303510461,-0.023130292487602577,-0.0077610624987032454,"{""2018"": 38}","{""2018"": 71}",25,"[0.47283959557009003, 0.7661578075284404]"
terrain,weight_class::Lightweight,2019,SELECT,73,MODERATE_UNCERTAINTY,33,THIN_EXPLORATORY,25,8,0.75757575757575757,0.24242424242424243,0.64973046291958203,0.35026953708041797,-0.10784529465617554,0.5922705445170886,0.20517681719859329,0.01737314072661944,0.0059543073209497709,"{""2019"": 33}","{""2019"": 73}",23,"[0.5897538017044264, 0.8716828662282499]"
terrain,weight_class::Lightweight,2020,SELECT,48,THIN_EXPLORATORY,24,INSUFFICIENT,14,10,0.58333333333333337,0.41666666666666669,0.63465054228208551,0.36534945771791449,0.051317208948752135,,,,,"{""2020"": 24}","{""2020"": 48}",18,"[0.3883466586522876, 0.7553239739018824]"
terrain,weight_class::Lightweight,2021,SELECT,62,MODERATE_UNCERTAINTY,36,THIN_EXPLORATORY,24,12,0.66666666666666663,0.33333333333333331,0.6125438972781535,0.3874561027218465,-0.054122769388513126,0.65921132807530647,0.23867219974665424,0.016511364174025427,0.012719285885107501,"{""2021"": 36}","{""2021"": 62}",26,"[0.5033399787115652, 0.7978538117569468]"
terrain,weight_class::Lightweight,2022,SELECT,65,MODERATE_UNCERTAINTY,39,THIN_EXPLORATORY,22,17,0.5641025641025641,0.4358974358974359,0.61331821128745223,0.38668178871254777,0.049215647184888134,0.63744387687896298,0.22463487408414201,-0.034248921086958165,-0.013998985704536934,"{""2022"": 39}","{""2022"": 65}",30,"[0.40975691648669477, 0.7069524612431037]"
terrain,weight_class::Lightweight,2023,SELECT,74,MODERATE_UNCERTAINTY,44,THIN_EXPLORATORY,34,10,0.77272727272727271,0.22727272727272727,0.64965889403832489,0.35034110596167511,-0.12306837868894782,0.53250673767148171,0.17601283966562997,-0.0056893916940619895,-0.0039807707059185699,"{""2023"": 44}","{""2023"": 74}",27,"[0.6300764193536367, 0.8715805240508284]"
terrain,weight_class::Lightweight,2024,SELECT,64,MODERATE_UNCERTAINTY,30,THIN_EXPLORATORY,21,9,0.69999999999999996,0.29999999999999999,0.63434739860256595,0.36565260139743405,-0.065652601397434007,0.60349830806082261,0.21122618855232195,0.021054509058827713,0.0088196780978837385,"{""2024"": 30}","{""2024"": 64}",21,"[0.5212421254128504, 0.8333525173175619]"
terrain,weight_class::Lightweight,2025,SELECT,68,MODERATE_UNCERTAINTY,33,THIN_EXPLORATORY,21,12,0.63636363636363635,0.36363636363636365,0.68403108615594621,0.31596891384405379,0.047667449792309857,0.62432251198423083,0.21784770731243203,-0.039643050483651049,-0.014241385444126417,"{""2025"": 33}","{""2025"": 68}",24,"[0.466161783022664, 0.7781282176475764]"
terrain,weight_class::Lightweight,2026,SELECT,46,THIN_EXPLORATORY,32,THIN_EXPLORATORY,20,12,0.625,0.375,0.69618693244765018,0.30381306755234982,0.071186932447650175,0.6355537512649112,0.22013987193094708,-0.003052671773302356,-0.0044744462430917498,"{""2026"": 32}","{""2026"": 46}",19,"[0.4525440735307745, 0.7706611269054578]"
terrain,weight_class::Middleweight,2018,LINEAR_MIN,43,THIN_EXPLORATORY,27,THIN_EXPLORATORY,19,8,0.70370370370370372,0.29629629629629628,0.72874908599495669,0.27125091400504331,0.025045382291252971,0.48803498418950647,0.16243996953128531,0,0,"{""2018"": 27}","{""2018"": 43}",18,"[0.5151931703585185, 0.8414695953022023]"
terrain,weight_class::Middleweight,2019,LINEAR_MIN,45,THIN_EXPLORATORY,17,INSUFFICIENT,8,9,0.47058823529411764,0.52941176470588236,0.667121652725709,0.332878347274291,0.19653341743159136,,,,,"{""2019"": 17}","{""2019"": 45}",16,"[0.26165106442409436, 0.6903676493999558]"
terrain,weight_class::Middleweight,2020,LINEAR_MIN,43,THIN_EXPLORATORY,26,THIN_EXPLORATORY,18,8,0.69230769230769229,0.30769230769230771,0.64562413963499654,0.35437586036500346,-0.046683552672695749,0.58813913561670295,0.20633050226393032,0,0,"{""2020"": 26}","{""2020"": 43}",19,"[0.5001174167780164, 0.8349868440453624]"
terrain,weight_class::Middleweight,2021,LINEAR_MIN,59,MODERATE_UNCERTAINTY,32,THIN_EXPLORATORY,18,14,0.5625,0.4375,0.6862451323512192,0.3137548676487808,0.1237451323512192,0.61211632509491953,0.20666051823636156,0,0,"{""2021"": 32}","{""2021"": 59}",22,"[0.3932559113685198, 0.7183466888495963]"
terrain,weight_class::Middleweight,2022,LINEAR_MIN,62,MODERATE_UNCERTAINTY,34,THIN_EXPLORATORY,24,10,0.70588235294117652,0.29411764705882354,0.7148803179660469,0.2851196820339531,0.0089979650248703802,0.55052777064151104,0.18757337297649149,0,0,"{""2022"": 34}","{""2022"": 62}",22,"[0.5383109020528557, 0.8316536932957758]"
terrain,weight_class::Middleweight,2023,LINEAR_MIN,51,MODERATE_UNCERTAINTY,34,THIN_EXPLORATORY,24,10,0.70588235294117652,0.29411764705882354,0.67450233101505286,0.32549766898494714,-0.031380021926123658,0.56965698601587555,0.19408609769960172,0,0,"{""2023"": 34}","{""2023"": 51}",24,"[0.5383109020528557, 0.8316536932957758]"
terrain,weight_class::Middleweight,2024,LINEAR_MIN,55,MODERATE_UNCERTAINTY,32,THIN_EXPLORATORY,19,13,0.59375,0.40625,0.66935997331940056,0.33064002668059944,0.075609973319400559,0.7113913884553229,0.25137360776932577,0,0,"{""2024"": 32}","{""2024"": 55}",22,"[0.42260024875382873, 0.7448036515733456]"
terrain,weight_class::Middleweight,2025,LINEAR_MIN,71,MODERATE_UNCERTAINTY,42,THIN_EXPLORATORY,32,10,0.76190476190476186,0.23809523809523808,0.68645245965554658,0.31354754034445342,-0.075452302249215286,0.55462283816917723,0.18801814213817544,0,0,"{""2025"": 42}","{""2025"": 71}",27,"[0.6147245613168169, 0.8651903577535287]"
terrain,weight_class::Middleweight,2026,LINEAR_MIN,45,THIN_EXPLORATORY,25,THIN_EXPLORATORY,15,10,0.59999999999999998,0.40000000000000002,0.72547028841760441,0.27452971158239559,0.12547028841760444,0.68027316685414529,0.24380066784088888,0,0,"{""2026"": 25}","{""2026"": 45}",18,"[0.40739457358967, 0.7659669762225203]"
terrain,weight_class::Middleweight,2018,XGB,43,THIN_EXPLORATORY,27,THIN_EXPLORATORY,19,8,0.70370370370370372,0.29629629629629628,0.69322905275556779,0.30677094724443221,-0.010474650948135933,0.47809603964827679,0.15899601647300818,-0.0099389445412296409,-0.0034439530582771171,"{""2018"": 27}","{""2018"": 43}",18,"[0.5151931703585185, 0.8414695953022023]"
terrain,weight_class::Middleweight,2019,XGB,45,THIN_EXPLORATORY,17,INSUFFICIENT,8,9,0.47058823529411764,0.52941176470588236,0.63664773106575012,0.36335226893424988,0.16605949577163248,,,,,"{""2019"": 17}","{""2019"": 45}",16,"[0.26165106442409436, 0.6903676493999558]"
terrain,weight_class::Middleweight,2020,XGB,43,THIN_EXPLORATORY,26,THIN_EXPLORATORY,18,8,0.69230769230769229,0.30769230769230771,0.60910137800069952,0.39089862199930048,-0.083206314306992768,0.58850393498824327,0.20416383174281244,0.00036479937154043629,-0.0021666705211178497,"{""2020"": 26}","{""2020"": 43}",19,"[0.5001174167780164, 0.8349868440453624]"
terrain,weight_class::Middleweight,2021,XGB,59,MODERATE_UNCERTAINTY,32,THIN_EXPLORATORY,18,14,0.5625,0.4375,0.66163219884037971,0.33836780115962029,0.099132198840379715,0.6398409654681485,0.22343582937526674,0.027724640373228963,0.016775311138905194,"{""2021"": 32}","{""2021"": 59}",22,"[0.3932559113685198, 0.7183466888495963]"
terrain,weight_class::Middleweight,2022,XGB,62,MODERATE_UNCERTAINTY,34,THIN_EXPLORATORY,24,10,0.70588235294117652,0.29411764705882354,0.68679700616528006,0.31320299383471994,-0.019085346775896461,0.57118458591667076,0.19361642525133496,0.020656815275159592,0.0060430522748434615,"{""2022"": 34}","{""2022"": 62}",22,"[0.5383109020528557, 0.8316536932957758]"
terrain,weight_class::Middleweight,2023,XGB,51,MODERATE_UNCERTAINTY,34,THIN_EXPLORATORY,24,10,0.70588235294117652,0.29411764705882354,0.65224487378316764,0.34775512621683236,-0.053637479158008872,0.58899617070741395,0.201356087788366,0.019339184691538325,0.0072699900887642846,"{""2023"": 34}","{""2023"": 51}",24,"[0.5383109020528557, 0.8316536932957758]"
terrain,weight_class::Middleweight,2024,XGB,55,MODERATE_UNCERTAINTY,32,THIN_EXPLORATORY,19,13,0.59375,0.40625,0.62199527490884066,0.37800472509115934,0.028245274908840656,0.6761526363737882,0.2419480419559368,-0.035238752081534611,-0.0094255658133889624,"{""2024"": 32}","{""2024"": 55}",22,"[0.42260024875382873, 0.7448036515733456]"
terrain,weight_class::Middleweight,2025,XGB,71,MODERATE_UNCERTAINTY,42,THIN_EXPLORATORY,32,10,0.76190476190476186,0.23809523809523808,0.68017058216390158,0.31982941783609842,-0.08173417974086028,0.55902791483306968,0.18639310791983124,0.0044050766638923985,-0.0016250342183441947,"{""2025"": 42}","{""2025"": 71}",27,"[0.6147245613168169, 0.8651903577535287]"
terrain,weight_class::Middleweight,2026,XGB,45,THIN_EXPLORATORY,25,THIN_EXPLORATORY,15,10,0.59999999999999998,0.40000000000000002,0.70758130788803097,0.29241869211196903,0.107581307888031,0.71718269934791934,0.25801437917092118,0.036909532493773885,0.014213711330032273,"{""2026"": 25}","{""2026"": 45}",18,"[0.40739457358967, 0.7659669762225203]"
terrain,weight_class::Middleweight,2018,LGBM,43,THIN_EXPLORATORY,27,THIN_EXPLORATORY,19,8,0.70370370370370372,0.29629629629629628,0.66571454902282057,0.33428545097717943,-0.037989154680883153,0.47984944224824877,0.15571884819257689,-0.0081855419412577082,-0.0067211213387083956,"{""2018"": 27}","{""2018"": 43}",18,"[0.5151931703585185, 0.8414695953022023]"
terrain,weight_class::Middleweight,2019,LGBM,45,THIN_EXPLORATORY,17,INSUFFICIENT,8,9,0.47058823529411764,0.52941176470588236,0.63203692593047567,0.36796307406952433,0.16144869063635803,,,,,"{""2019"": 17}","{""2019"": 45}",16,"[0.26165106442409436, 0.6903676493999558]"
terrain,weight_class::Middleweight,2020,LGBM,43,THIN_EXPLORATORY,26,THIN_EXPLORATORY,18,8,0.69230769230769229,0.30769230769230771,0.61156505486801238,0.38843494513198762,-0.08074263743967991,0.57839349083974312,0.20177132723313576,-0.0097456447769597755,-0.0045591750307945236,"{""2020"": 26}","{""2020"": 43}",19,"[0.5001174167780164, 0.8349868440453624]"
terrain,weight_class::Middleweight,2021,LGBM,59,MODERATE_UNCERTAINTY,32,THIN_EXPLORATORY,18,14,0.5625,0.4375,0.66090346533446831,0.33909653466553169,0.09840346533446831,0.63102390009431941,0.21979293120676768,0.018907574999399879,0.013132412970406144,"{""2021"": 32}","{""2021"": 59}",22,"[0.3932559113685198, 0.7183466888495963]"
terrain,weight_class::Middleweight,2022,LGBM,62,MODERATE_UNCERTAINTY,34,THIN_EXPLORATORY,24,10,0.70588235294117652,0.29411764705882354,0.70040580176179124,0.29959419823820876,-0.0054765511793852806,0.57268661468222082,0.19483641497469142,0.022158844040709641,0.0072630419981998965,"{""2022"": 34}","{""2022"": 62}",22,"[0.5383109020528557, 0.8316536932957758]"
terrain,weight_class::Middleweight,2023,LGBM,51,MODERATE_UNCERTAINTY,34,THIN_EXPLORATORY,24,10,0.70588235294117652,0.29411764705882354,0.65611261891307771,0.34388738108692229,-0.049769734028098811,0.5929235893054825,0.20372336358087076,0.023266603289607075,0.0096372658812690602,"{""2023"": 34}","{""2023"": 51}",24,"[0.5383109020528557, 0.8316536932957758]"
terrain,weight_class::Middleweight,2024,LGBM,55,MODERATE_UNCERTAINTY,32,THIN_EXPLORATORY,19,13,0.59375,0.40625,0.63449653876640344,0.36550346123359656,0.04074653876640344,0.64947142110411216,0.2297151733643012,-0.061919967351210699,-0.02165843440502456,"{""2024"": 32}","{""2024"": 55}",22,"[0.42260024875382873, 0.7448036515733456]"
terrain,weight_class::Middleweight,2025,LGBM,71,MODERATE_UNCERTAINTY,42,THIN_EXPLORATORY,32,10,0.76190476190476186,0.23809523809523808,0.67574402346831108,0.32425597653168892,-0.086160738436450779,0.55393261487427936,0.18352018623707914,-0.00069022329489793182,-0.0044979559010963248,"{""2025"": 42}","{""2025"": 71}",27,"[0.6147245613168169, 0.8651903577535287]"
terrain,weight_class::Middleweight,2026,LGBM,45,THIN_EXPLORATORY,25,THIN_EXPLORATORY,15,10,0.59999999999999998,0.40000000000000002,0.71769868816081572,0.28230131183918428,0.11769868816081575,0.76536816649949058,0.27461720940241785,0.085094999645345226,0.030816541561528979,"{""2026"": 25}","{""2026"": 45}",18,"[0.40739457358967, 0.7659669762225203]"
terrain,weight_class::Middleweight,2018,CAT,43,THIN_EXPLORATORY,27,THIN_EXPLORATORY,19,8,0.70370370370370372,0.29629629629629628,0.67305128397114566,0.32694871602885434,-0.030652419732558056,0.48078029764378649,0.1559849402021177,-0.0072546865457199352,-0.0064550293291675935,"{""2018"": 27}","{""2018"": 43}",18,"[0.5151931703585185, 0.8414695953022023]"
terrain,weight_class::Middleweight,2019,CAT,45,THIN_EXPLORATORY,17,INSUFFICIENT,8,9,0.47058823529411764,0.52941176470588236,0.64875559029082741,0.35124440970917259,0.17816735499670977,,,,,"{""2019"": 17}","{""2019"": 45}",16,"[0.26165106442409436, 0.6903676493999558]"
terrain,weight_class::Middleweight,2020,CAT,43,THIN_EXPLORATORY,26,THIN_EXPLORATORY,18,8,0.69230769230769229,0.30769230769230771,0.6186902096268827,0.3813097903731173,-0.073617482680809587,0.58515110804965842,0.20405136066016091,-0.0029880275670445097,-0.002279141603769427,"{""2020"": 26}","{""2020"": 43}",19,"[0.5001174167780164, 0.8349868440453624]"
terrain,weight_class::Middleweight,2021,CAT,59,MODERATE_UNCERTAINTY,32,THIN_EXPLORATORY,18,14,0.5625,0.4375,0.66274399638428538,0.33725600361571462,0.10024399638428538,0.63999232214533586,0.22161822235818779,0.027875997050416251,0.014957704121826246,"{""2021"": 32}","{""2021"": 59}",22,"[0.3932559113685198, 0.7183466888495963]"
terrain,weight_class::Middleweight,2022,CAT,62,MODERATE_UNCERTAINTY,34,THIN_EXPLORATORY,24,10,0.70588235294117652,0.29411764705882354,0.7188084719001675,0.2811915280998325,0.012926118958990984,0.59073407204439243,0.20253668117950863,0.040206301402881305,0.014963308203017134,"{""2022"": 34}","{""2022"": 62}",22,"[0.5383109020528557, 0.8316536932957758]"
terrain,weight_class::Middleweight,2023,CAT,51,MODERATE_UNCERTAINTY,34,THIN_EXPLORATORY,24,10,0.70588235294117652,0.29411764705882354,0.65003119164565237,0.34996880835434763,-0.055851161295524143,0.5773953033153324,0.196539917656014,0.007738317299456861,0.0024538199564122973,"{""2023"": 34}","{""2023"": 51}",24,"[0.5383109020528557, 0.8316536932957758]"
terrain,weight_class::Middleweight,2024,CAT,55,MODERATE_UNCERTAINTY,32,THIN_EXPLORATORY,19,13,0.59375,0.40625,0.64188441766703286,0.35811558233296714,0.048134417667032858,0.65089498209276342,0.22864166997708371,-0.060496406362559374,-0.022731937792242043,"{""2024"": 32}","{""2024"": 55}",22,"[0.42260024875382873, 0.7448036515733456]"
terrain,weight_class::Middleweight,2025,CAT,71,MODERATE_UNCERTAINTY,42,THIN_EXPLORATORY,32,10,0.76190476190476186,0.23809523809523808,0.66198328542850671,0.33801671457149329,-0.099921476476255155,0.57542493165541087,0.19320624817080695,0.020802093486233714,0.0051881060326315082,"{""2025"": 42}","{""2025"": 71}",27,"[0.6147245613168169, 0.8651903577535287]"
terrain,weight_class::Middleweight,2026,CAT,45,THIN_EXPLORATORY,25,THIN_EXPLORATORY,15,10,0.59999999999999998,0.40000000000000002,0.70401827434946707,0.29598172565053293,0.10401827434946709,0.72053656405507271,0.25962442610192382,0.040263397200927357,0.015823758261034961,"{""2026"": 25}","{""2026"": 45}",18,"[0.40739457358967, 0.7659669762225203]"
terrain,weight_class::Middleweight,2018,SELECT,43,THIN_EXPLORATORY,27,THIN_EXPLORATORY,19,8,0.70370370370370372,0.29629629629629628,0.69322905275556779,0.30677094724443221,-0.010474650948135933,0.47809603964827679,0.15899601647300818,-0.0099389445412296409,-0.0034439530582771171,"{""2018"": 27}","{""2018"": 43}",18,"[0.5151931703585185, 0.8414695953022023]"
terrain,weight_class::Middleweight,2019,SELECT,45,THIN_EXPLORATORY,17,INSUFFICIENT,8,9,0.47058823529411764,0.52941176470588236,0.63664773106575012,0.36335226893424988,0.16605949577163248,,,,,"{""2019"": 17}","{""2019"": 45}",16,"[0.26165106442409436, 0.6903676493999558]"
terrain,weight_class::Middleweight,2020,SELECT,43,THIN_EXPLORATORY,26,THIN_EXPLORATORY,18,8,0.69230769230769229,0.30769230769230771,0.61156505486801238,0.38843494513198762,-0.08074263743967991,0.57839349083974312,0.20177132723313576,-0.0097456447769597755,-0.0045591750307945236,"{""2020"": 26}","{""2020"": 43}",19,"[0.5001174167780164, 0.8349868440453624]"
terrain,weight_class::Middleweight,2021,SELECT,59,MODERATE_UNCERTAINTY,32,THIN_EXPLORATORY,18,14,0.5625,0.4375,0.66274399638428538,0.33725600361571462,0.10024399638428538,0.63999232214533586,0.22161822235818779,0.027875997050416251,0.014957704121826246,"{""2021"": 32}","{""2021"": 59}",22,"[0.3932559113685198, 0.7183466888495963]"
terrain,weight_class::Middleweight,2022,SELECT,62,MODERATE_UNCERTAINTY,34,THIN_EXPLORATORY,24,10,0.70588235294117652,0.29411764705882354,0.70040580176179124,0.29959419823820876,-0.0054765511793852806,0.57268661468222082,0.19483641497469142,0.022158844040709641,0.0072630419981998965,"{""2022"": 34}","{""2022"": 62}",22,"[0.5383109020528557, 0.8316536932957758]"
terrain,weight_class::Middleweight,2023,SELECT,51,MODERATE_UNCERTAINTY,34,THIN_EXPLORATORY,24,10,0.70588235294117652,0.29411764705882354,0.65003119164565237,0.34996880835434763,-0.055851161295524143,0.5773953033153324,0.196539917656014,0.007738317299456861,0.0024538199564122973,"{""2023"": 34}","{""2023"": 51}",24,"[0.5383109020528557, 0.8316536932957758]"
terrain,weight_class::Middleweight,2024,SELECT,55,MODERATE_UNCERTAINTY,32,THIN_EXPLORATORY,19,13,0.59375,0.40625,0.64188441766703286,0.35811558233296714,0.048134417667032858,0.65089498209276342,0.22864166997708371,-0.060496406362559374,-0.022731937792242043,"{""2024"": 32}","{""2024"": 55}",22,"[0.42260024875382873, 0.7448036515733456]"
terrain,weight_class::Middleweight,2025,SELECT,71,MODERATE_UNCERTAINTY,42,THIN_EXPLORATORY,32,10,0.76190476190476186,0.23809523809523808,0.67574402346831108,0.32425597653168892,-0.086160738436450779,0.55393261487427936,0.18352018623707914,-0.00069022329489793182,-0.0044979559010963248,"{""2025"": 42}","{""2025"": 71}",27,"[0.6147245613168169, 0.8651903577535287]"
terrain,weight_class::Middleweight,2026,SELECT,45,THIN_EXPLORATORY,25,THIN_EXPLORATORY,15,10,0.59999999999999998,0.40000000000000002,0.71769868816081572,0.28230131183918428,0.11769868816081575,0.76536816649949058,0.27461720940241785,0.085094999645345226,0.030816541561528979,"{""2026"": 25}","{""2026"": 45}",18,"[0.40739457358967, 0.7659669762225203]"
terrain,weight_class::Road To UFC 1 Bantamweight Tournament,2018,LINEAR_MIN,0,INSUFFICIENT,0,INSUFFICIENT,0,0,,,,,,,,,,{},{},0,"[null, null]"
terrain,weight_class::Road To UFC 1 Bantamweight Tournament,2019,LINEAR_MIN,0,INSUFFICIENT,0,INSUFFICIENT,0,0,,,,,,,,,,{},{},0,"[null, null]"
terrain,weight_class::Road To UFC 1 Bantamweight Tournament,2020,LINEAR_MIN,0,INSUFFICIENT,0,INSUFFICIENT,0,0,,,,,,,,,,{},{},0,"[null, null]"
terrain,weight_class::Road To UFC 1 Bantamweight Tournament,2021,LINEAR_MIN,0,INSUFFICIENT,0,INSUFFICIENT,0,0,,,,,,,,,,{},{},0,"[null, null]"
terrain,weight_class::Road To UFC 1 Bantamweight Tournament,2022,LINEAR_MIN,0,INSUFFICIENT,0,INSUFFICIENT,0,0,,,,,,,,,,{},{},0,"[null, null]"
terrain,weight_class::Road To UFC 1 Bantamweight Tournament,2023,LINEAR_MIN,1,INSUFFICIENT,1,INSUFFICIENT,1,0,1,0,0.58221248475797038,0.41778751524202962,-0.41778751524202962,,,,,"{""2023"": 1}","{""2023"": 1}",1,"[0.20654931437723745, 1.0]"
terrain,weight_class::Road To UFC 1 Bantamweight Tournament,2024,LINEAR_MIN,0,INSUFFICIENT,0,INSUFFICIENT,0,0,,,,,,,,,,{},{},0,"[null, null]"
terrain,weight_class::Road To UFC 1 Bantamweight Tournament,2025,LINEAR_MIN,0,INSUFFICIENT,0,INSUFFICIENT,0,0,,,,,,,,,,{},{},0,"[null, null]"
terrain,weight_class::Road To UFC 1 Bantamweight Tournament,2026,LINEAR_MIN,0,INSUFFICIENT,0,INSUFFICIENT,0,0,,,,,,,,,,{},{},0,"[null, null]"
terrain,weight_class::Road To UFC 1 Bantamweight Tournament,2018,XGB,0,INSUFFICIENT,0,INSUFFICIENT,0,0,,,,,,,,,,{},{},0,"[null, null]"
terrain,weight_class::Road To UFC 1 Bantamweight Tournament,2019,XGB,0,INSUFFICIENT,0,INSUFFICIENT,0,0,,,,,,,,,,{},{},0,"[null, null]"
terrain,weight_class::Road To UFC 1 Bantamweight Tournament,2020,XGB,0,INSUFFICIENT,0,INSUFFICIENT,0,0,,,,,,,,,,{},{},0,"[null, null]"
terrain,weight_class::Road To UFC 1 Bantamweight Tournament,2021,XGB,0,INSUFFICIENT,0,INSUFFICIENT,0,0,,,,,,,,,,{},{},0,"[null, null]"
terrain,weight_class::Road To UFC 1 Bantamweight Tournament,2022,XGB,0,INSUFFICIENT,0,INSUFFICIENT,0,0,,,,,,,,,,{},{},0,"[null, null]"
terrain,weight_class::Road To UFC 1 Bantamweight Tournament,2023,XGB,1,INSUFFICIENT,1,INSUFFICIENT,1,0,1,0,0.54679572582244873,0.45320427417755127,-0.45320427417755127,,,,,"{""2023"": 1}","{""2023"": 1}",1,"[0.20654931437723745, 1.0]"
terrain,weight_class::Road To UFC 1 Bantamweight Tournament,2024,XGB,0,INSUFFICIENT,0,INSUFFICIENT,0,0,,,,,,,,,,{},{},0,"[null, null]"
terrain,weight_class::Road To UFC 1 Bantamweight Tournament,2025,XGB,0,INSUFFICIENT,0,INSUFFICIENT,0,0,,,,,,,,,,{},{},0,"[null, null]"
terrain,weight_class::Road To UFC 1 Bantamweight Tournament,2026,XGB,0,INSUFFICIENT,0,INSUFFICIENT,0,0,,,,,,,,,,{},{},0,"[null, null]"
terrain,weight_class::Road To UFC 1 Bantamweight Tournament,2018,LGBM,0,INSUFFICIENT,0,INSUFFICIENT,0,0,,,,,,,,,,{},{},0,"[null, null]"
terrain,weight_class::Road To UFC 1 Bantamweight Tournament,2019,LGBM,0,INSUFFICIENT,0,INSUFFICIENT,0,0,,,,,,,,,,{},{},0,"[null, null]"
terrain,weight_class::Road To UFC 1 Bantamweight Tournament,2020,LGBM,0,INSUFFICIENT,0,INSUFFICIENT,0,0,,,,,,,,,,{},{},0,"[null, null]"
terrain,weight_class::Road To UFC 1 Bantamweight Tournament,2021,LGBM,0,INSUFFICIENT,0,INSUFFICIENT,0,0,,,,,,,,,,{},{},0,"[null, null]"
terrain,weight_class::Road To UFC 1 Bantamweight Tournament,2022,LGBM,0,INSUFFICIENT,0,INSUFFICIENT,0,0,,,,,,,,,,{},{},0,"[null, null]"
terrain,weight_class::Road To UFC 1 Bantamweight Tournament,2023,LGBM,1,INSUFFICIENT,1,INSUFFICIENT,1,0,1,0,0.5328386374153824,0.4671613625846176,-0.4671613625846176,,,,,"{""2023"": 1}","{""2023"": 1}",1,"[0.20654931437723745, 1.0]"
terrain,weight_class::Road To UFC 1 Bantamweight Tournament,2024,LGBM,0,INSUFFICIENT,0,INSUFFICIENT,0,0,,,,,,,,,,{},{},0,"[null, null]"
terrain,weight_class::Road To UFC 1 Bantamweight Tournament,2025,LGBM,0,INSUFFICIENT,0,INSUFFICIENT,0,0,,,,,,,,,,{},{},0,"[null, null]"
terrain,weight_class::Road To UFC 1 Bantamweight Tournament,2026,LGBM,0,INSUFFICIENT,0,INSUFFICIENT,0,0,,,,,,,,,,{},{},0,"[null, null]"
terrain,weight_class::Road To UFC 1 Bantamweight Tournament,2018,CAT,0,INSUFFICIENT,0,INSUFFICIENT,0,0,,,,,,,,,,{},{},0,"[null, null]"
terrain,weight_class::Road To UFC 1 Bantamweight Tournament,2019,CAT,0,INSUFFICIENT,0,INSUFFICIENT,0,0,,,,,,,,,,{},{},0,"[null, null]"
terrain,weight_class::Road To UFC 1 Bantamweight Tournament,2020,CAT,0,INSUFFICIENT,0,INSUFFICIENT,0,0,,,,,,,,,,{},{},0,"[null, null]"
terrain,weight_class::Road To UFC 1 Bantamweight Tournament,2021,CAT,0,INSUFFICIENT,0,INSUFFICIENT,0,0,,,,,,,,,,{},{},0,"[null, null]"
terrain,weight_class::Road To UFC 1 Bantamweight Tournament,2022,CAT,0,INSUFFICIENT,0,INSUFFICIENT,0,0,,,,,,,,,,{},{},0,"[null, null]"
terrain,weight_class::Road To UFC 1 Bantamweight Tournament,2023,CAT,1,INSUFFICIENT,1,INSUFFICIENT,1,0,1,0,0.53491151489997313,0.46508848510002687,-0.46508848510002687,,,,,"{""2023"": 1}","{""2023"": 1}",1,"[0.20654931437723745, 1.0]"
terrain,weight_class::Road To UFC 1 Bantamweight Tournament,2024,CAT,0,INSUFFICIENT,0,INSUFFICIENT,0,0,,,,,,,,,,{},{},0,"[null, null]"
terrain,weight_class::Road To UFC 1 Bantamweight Tournament,2025,CAT,0,INSUFFICIENT,0,INSUFFICIENT,0,0,,,,,,,,,,{},{},0,"[null, null]"
terrain,weight_class::Road To UFC 1 Bantamweight Tournament,2026,CAT,0,INSUFFICIENT,0,INSUFFICIENT,0,0,,,,,,,,,,{},{},0,"[null, null]"
terrain,weight_class::Road To UFC 1 Bantamweight Tournament,2018,SELECT,0,INSUFFICIENT,0,INSUFFICIENT,0,0,,,,,,,,,,{},{},0,"[null, null]"
terrain,weight_class::Road To UFC 1 Bantamweight Tournament,2019,SELECT,0,INSUFFICIENT,0,INSUFFICIENT,0,0,,,,,,,,,,{},{},0,"[null, null]"
terrain,weight_class::Road To UFC 1 Bantamweight Tournament,2020,SELECT,0,INSUFFICIENT,0,INSUFFICIENT,0,0,,,,,,,,,,{},{},0,"[null, null]"
terrain,weight_class::Road To UFC 1 Bantamweight Tournament,2021,SELECT,0,INSUFFICIENT,0,INSUFFICIENT,0,0,,,,,,,,,,{},{},0,"[null, null]"
terrain,weight_class::Road To UFC 1 Bantamweight Tournament,2022,SELECT,0,INSUFFICIENT,0,INSUFFICIENT,0,0,,,,,,,,,,{},{},0,"[null, null]"
terrain,weight_class::Road To UFC 1 Bantamweight Tournament,2023,SELECT,1,INSUFFICIENT,1,INSUFFICIENT,1,0,1,0,0.53491151489997313,0.46508848510002687,-0.46508848510002687,,,,,"{""2023"": 1}","{""2023"": 1}",1,"[0.20654931437723745, 1.0]"
terrain,weight_class::Road To UFC 1 Bantamweight Tournament,2024,SELECT,0,INSUFFICIENT,0,INSUFFICIENT,0,0,,,,,,,,,,{},{},0,"[null, null]"
terrain,weight_class::Road To UFC 1 Bantamweight Tournament,2025,SELECT,0,INSUFFICIENT,0,INSUFFICIENT,0,0,,,,,,,,,,{},{},0,"[null, null]"
terrain,weight_class::Road To UFC 1 Bantamweight Tournament,2026,SELECT,0,INSUFFICIENT,0,INSUFFICIENT,0,0,,,,,,,,,,{},{},0,"[null, null]"
terrain,weight_class::Road To UFC 1 Featherweight Tournament,2018,LINEAR_MIN,0,INSUFFICIENT,0,INSUFFICIENT,0,0,,,,,,,,,,{},{},0,"[null, null]"
terrain,weight_class::Road To UFC 1 Featherweight Tournament,2019,LINEAR_MIN,0,INSUFFICIENT,0,INSUFFICIENT,0,0,,,,,,,,,,{},{},0,"[null, null]"
terrain,weight_class::Road To UFC 1 Featherweight Tournament,2020,LINEAR_MIN,0,INSUFFICIENT,0,INSUFFICIENT,0,0,,,,,,,,,,{},{},0,"[null, null]"
terrain,weight_class::Road To UFC 1 Featherweight Tournament,2021,LINEAR_MIN,0,INSUFFICIENT,0,INSUFFICIENT,0,0,,,,,,,,,,{},{},0,"[null, null]"
terrain,weight_class::Road To UFC 1 Featherweight Tournament,2022,LINEAR_MIN,0,INSUFFICIENT,0,INSUFFICIENT,0,0,,,,,,,,,,{},{},0,"[null, null]"
terrain,weight_class::Road To UFC 1 Featherweight Tournament,2023,LINEAR_MIN,1,INSUFFICIENT,0,INSUFFICIENT,0,0,,,,,,,,,,{},"{""2023"": 1}",0,"[null, null]"
terrain,weight_class::Road To UFC 1 Featherweight Tournament,2024,LINEAR_MIN,0,INSUFFICIENT,0,INSUFFICIENT,0,0,,,,,,,,,,{},{},0,"[null, null]"
terrain,weight_class::Road To UFC 1 Featherweight Tournament,2025,LINEAR_MIN,0,INSUFFICIENT,0,INSUFFICIENT,0,0,,,,,,,,,,{},{},0,"[null, null]"
terrain,weight_class::Road To UFC 1 Featherweight Tournament,2026,LINEAR_MIN,0,INSUFFICIENT,0,INSUFFICIENT,0,0,,,,,,,,,,{},{},0,"[null, null]"
terrain,weight_class::Road To UFC 1 Featherweight Tournament,2018,XGB,0,INSUFFICIENT,0,INSUFFICIENT,0,0,,,,,,,,,,{},{},0,"[null, null]"
terrain,weight_class::Road To UFC 1 Featherweight Tournament,2019,XGB,0,INSUFFICIENT,0,INSUFFICIENT,0,0,,,,,,,,,,{},{},0,"[null, null]"
terrain,weight_class::Road To UFC 1 Featherweight Tournament,2020,XGB,0,INSUFFICIENT,0,INSUFFICIENT,0,0,,,,,,,,,,{},{},0,"[null, null]"
terrain,weight_class::Road To UFC 1 Featherweight Tournament,2021,XGB,0,INSUFFICIENT,0,INSUFFICIENT,0,0,,,,,,,,,,{},{},0,"[null, null]"
terrain,weight_class::Road To UFC 1 Featherweight Tournament,2022,XGB,0,INSUFFICIENT,0,INSUFFICIENT,0,0,,,,,,,,,,{},{},0,"[null, null]"
terrain,weight_class::Road To UFC 1 Featherweight Tournament,2023,XGB,1,INSUFFICIENT,0,INSUFFICIENT,0,0,,,,,,,,,,{},"{""2023"": 1}",0,"[null, null]"
terrain,weight_class::Road To UFC 1 Featherweight Tournament,2024,XGB,0,INSUFFICIENT,0,INSUFFICIENT,0,0,,,,,,,,,,{},{},0,"[null, null]"
terrain,weight_class::Road To UFC 1 Featherweight Tournament,2025,XGB,0,INSUFFICIENT,0,INSUFFICIENT,0,0,,,,,,,,,,{},{},0,"[null, null]"
terrain,weight_class::Road To UFC 1 Featherweight Tournament,2026,XGB,0,INSUFFICIENT,0,INSUFFICIENT,0,0,,,,,,,,,,{},{},0,"[null, null]"
terrain,weight_class::Road To UFC 1 Featherweight Tournament,2018,LGBM,0,INSUFFICIENT,0,INSUFFICIENT,0,0,,,,,,,,,,{},{},0,"[null, null]"
terrain,weight_class::Road To UFC 1 Featherweight Tournament,2019,LGBM,0,INSUFFICIENT,0,INSUFFICIENT,0,0,,,,,,,,,,{},{},0,"[null, null]"
terrain,weight_class::Road To UFC 1 Featherweight Tournament,2020,LGBM,0,INSUFFICIENT,0,INSUFFICIENT,0,0,,,,,,,,,,{},{},0,"[null, null]"
terrain,weight_class::Road To UFC 1 Featherweight Tournament,2021,LGBM,0,INSUFFICIENT,0,INSUFFICIENT,0,0,,,,,,,,,,{},{},0,"[null, null]"
terrain,weight_class::Road To UFC 1 Featherweight Tournament,2022,LGBM,0,INSUFFICIENT,0,INSUFFICIENT,0,0,,,,,,,,,,{},{},0,"[null, null]"
terrain,weight_class::Road To UFC 1 Featherweight Tournament,2023,LGBM,1,INSUFFICIENT,0,INSUFFICIENT,0,0,,,,,,,,,,{},"{""2023"": 1}",0,"[null, null]"
terrain,weight_class::Road To UFC 1 Featherweight Tournament,2024,LGBM,0,INSUFFICIENT,0,INSUFFICIENT,0,0,,,,,,,,,,{},{},0,"[null, null]"
terrain,weight_class::Road To UFC 1 Featherweight Tournament,2025,LGBM,0,INSUFFICIENT,0,INSUFFICIENT,0,0,,,,,,,,,,{},{},0,"[null, null]"
terrain,weight_class::Road To UFC 1 Featherweight Tournament,2026,LGBM,0,INSUFFICIENT,0,INSUFFICIENT,0,0,,,,,,,,,,{},{},0,"[null, null]"
terrain,weight_class::Road To UFC 1 Featherweight Tournament,2018,CAT,0,INSUFFICIENT,0,INSUFFICIENT,0,0,,,,,,,,,,{},{},0,"[null, null]"
terrain,weight_class::Road To UFC 1 Featherweight Tournament,2019,CAT,0,INSUFFICIENT,0,INSUFFICIENT,0,0,,,,,,,,,,{},{},0,"[null, null]"
terrain,weight_class::Road To UFC 1 Featherweight Tournament,2020,CAT,0,INSUFFICIENT,0,INSUFFICIENT,0,0,,,,,,,,,,{},{},0,"[null, null]"
terrain,weight_class::Road To UFC 1 Featherweight Tournament,2021,CAT,0,INSUFFICIENT,0,INSUFFICIENT,0,0,,,,,,,,,,{},{},0,"[null, null]"
terrain,weight_class::Road To UFC 1 Featherweight Tournament,2022,CAT,0,INSUFFICIENT,0,INSUFFICIENT,0,0,,,,,,,,,,{},{},0,"[null, null]"
terrain,weight_class::Road To UFC 1 Featherweight Tournament,2023,CAT,1,INSUFFICIENT,0,INSUFFICIENT,0,0,,,,,,,,,,{},"{""2023"": 1}",0,"[null, null]"
terrain,weight_class::Road To UFC 1 Featherweight Tournament,2024,CAT,0,INSUFFICIENT,0,INSUFFICIENT,0,0,,,,,,,,,,{},{},0,"[null, null]"
terrain,weight_class::Road To UFC 1 Featherweight Tournament,2025,CAT,0,INSUFFICIENT,0,INSUFFICIENT,0,0,,,,,,,,,,{},{},0,"[null, null]"
terrain,weight_class::Road To UFC 1 Featherweight Tournament,2026,CAT,0,INSUFFICIENT,0,INSUFFICIENT,0,0,,,,,,,,,,{},{},0,"[null, null]"
terrain,weight_class::Road To UFC 1 Featherweight Tournament,2018,SELECT,0,INSUFFICIENT,0,INSUFFICIENT,0,0,,,,,,,,,,{},{},0,"[null, null]"
terrain,weight_class::Road To UFC 1 Featherweight Tournament,2019,SELECT,0,INSUFFICIENT,0,INSUFFICIENT,0,0,,,,,,,,,,{},{},0,"[null, null]"
terrain,weight_class::Road To UFC 1 Featherweight Tournament,2020,SELECT,0,INSUFFICIENT,0,INSUFFICIENT,0,0,,,,,,,,,,{},{},0,"[null, null]"
terrain,weight_class::Road To UFC 1 Featherweight Tournament,2021,SELECT,0,INSUFFICIENT,0,INSUFFICIENT,0,0,,,,,,,,,,{},{},0,"[null, null]"
terrain,weight_class::Road To UFC 1 Featherweight Tournament,2022,SELECT,0,INSUFFICIENT,0,INSUFFICIENT,0,0,,,,,,,,,,{},{},0,"[null, null]"
terrain,weight_class::Road To UFC 1 Featherweight Tournament,2023,SELECT,1,INSUFFICIENT,0,INSUFFICIENT,0,0,,,,,,,,,,{},"{""2023"": 1}",0,"[null, null]"
terrain,weight_class::Road To UFC 1 Featherweight Tournament,2024,SELECT,0,INSUFFICIENT,0,INSUFFICIENT,0,0,,,,,,,,,,{},{},0,"[null, null]"
terrain,weight_class::Road To UFC 1 Featherweight Tournament,2025,SELECT,0,INSUFFICIENT,0,INSUFFICIENT,0,0,,,,,,,,,,{},{},0,"[null, null]"
terrain,weight_class::Road To UFC 1 Featherweight Tournament,2026,SELECT,0,INSUFFICIENT,0,INSUFFICIENT,0,0,,,,,,,,,,{},{},0,"[null, null]"
terrain,weight_class::Road To UFC 1 Lightweight Tournament,2018,LINEAR_MIN,0,INSUFFICIENT,0,INSUFFICIENT,0,0,,,,,,,,,,{},{},0,"[null, null]"
terrain,weight_class::Road To UFC 1 Lightweight Tournament,2019,LINEAR_MIN,0,INSUFFICIENT,0,INSUFFICIENT,0,0,,,,,,,,,,{},{},0,"[null, null]"
terrain,weight_class::Road To UFC 1 Lightweight Tournament,2020,LINEAR_MIN,0,INSUFFICIENT,0,INSUFFICIENT,0,0,,,,,,,,,,{},{},0,"[null, null]"
terrain,weight_class::Road To UFC 1 Lightweight Tournament,2021,LINEAR_MIN,0,INSUFFICIENT,0,INSUFFICIENT,0,0,,,,,,,,,,{},{},0,"[null, null]"
terrain,weight_class::Road To UFC 1 Lightweight Tournament,2022,LINEAR_MIN,0,INSUFFICIENT,0,INSUFFICIENT,0,0,,,,,,,,,,{},{},0,"[null, null]"
terrain,weight_class::Road To UFC 1 Lightweight Tournament,2023,LINEAR_MIN,1,INSUFFICIENT,1,INSUFFICIENT,1,0,1,0,0.60839791886949379,0.39160208113050621,-0.39160208113050621,,,,,"{""2023"": 1}","{""2023"": 1}",1,"[0.20654931437723745, 1.0]"
terrain,weight_class::Road To UFC 1 Lightweight Tournament,2024,LINEAR_MIN,0,INSUFFICIENT,0,INSUFFICIENT,0,0,,,,,,,,,,{},{},0,"[null, null]"
terrain,weight_class::Road To UFC 1 Lightweight Tournament,2025,LINEAR_MIN,0,INSUFFICIENT,0,INSUFFICIENT,0,0,,,,,,,,,,{},{},0,"[null, null]"
terrain,weight_class::Road To UFC 1 Lightweight Tournament,2026,LINEAR_MIN,0,INSUFFICIENT,0,INSUFFICIENT,0,0,,,,,,,,,,{},{},0,"[null, null]"
terrain,weight_class::Road To UFC 1 Lightweight Tournament,2018,XGB,0,INSUFFICIENT,0,INSUFFICIENT,0,0,,,,,,,,,,{},{},0,"[null, null]"
terrain,weight_class::Road To UFC 1 Lightweight Tournament,2019,XGB,0,INSUFFICIENT,0,INSUFFICIENT,0,0,,,,,,,,,,{},{},0,"[null, null]"
terrain,weight_class::Road To UFC 1 Lightweight Tournament,2020,XGB,0,INSUFFICIENT,0,INSUFFICIENT,0,0,,,,,,,,,,{},{},0,"[null, null]"
terrain,weight_class::Road To UFC 1 Lightweight Tournament,2021,XGB,0,INSUFFICIENT,0,INSUFFICIENT,0,0,,,,,,,,,,{},{},0,"[null, null]"
terrain,weight_class::Road To UFC 1 Lightweight Tournament,2022,XGB,0,INSUFFICIENT,0,INSUFFICIENT,0,0,,,,,,,,,,{},{},0,"[null, null]"
terrain,weight_class::Road To UFC 1 Lightweight Tournament,2023,XGB,1,INSUFFICIENT,1,INSUFFICIENT,1,0,1,0,0.54679572582244873,0.45320427417755127,-0.45320427417755127,,,,,"{""2023"": 1}","{""2023"": 1}",1,"[0.20654931437723745, 1.0]"
terrain,weight_class::Road To UFC 1 Lightweight Tournament,2024,XGB,0,INSUFFICIENT,0,INSUFFICIENT,0,0,,,,,,,,,,{},{},0,"[null, null]"
terrain,weight_class::Road To UFC 1 Lightweight Tournament,2025,XGB,0,INSUFFICIENT,0,INSUFFICIENT,0,0,,,,,,,,,,{},{},0,"[null, null]"
terrain,weight_class::Road To UFC 1 Lightweight Tournament,2026,XGB,0,INSUFFICIENT,0,INSUFFICIENT,0,0,,,,,,,,,,{},{},0,"[null, null]"
terrain,weight_class::Road To UFC 1 Lightweight Tournament,2018,LGBM,0,INSUFFICIENT,0,INSUFFICIENT,0,0,,,,,,,,,,{},{},0,"[null, null]"
terrain,weight_class::Road To UFC 1 Lightweight Tournament,2019,LGBM,0,INSUFFICIENT,0,INSUFFICIENT,0,0,,,,,,,,,,{},{},0,"[null, null]"
terrain,weight_class::Road To UFC 1 Lightweight Tournament,2020,LGBM,0,INSUFFICIENT,0,INSUFFICIENT,0,0,,,,,,,,,,{},{},0,"[null, null]"
terrain,weight_class::Road To UFC 1 Lightweight Tournament,2021,LGBM,0,INSUFFICIENT,0,INSUFFICIENT,0,0,,,,,,,,,,{},{},0,"[null, null]"
terrain,weight_class::Road To UFC 1 Lightweight Tournament,2022,LGBM,0,INSUFFICIENT,0,INSUFFICIENT,0,0,,,,,,,,,,{},{},0,"[null, null]"
terrain,weight_class::Road To UFC 1 Lightweight Tournament,2023,LGBM,1,INSUFFICIENT,1,INSUFFICIENT,1,0,1,0,0.5328386374153824,0.4671613625846176,-0.4671613625846176,,,,,"{""2023"": 1}","{""2023"": 1}",1,"[0.20654931437723745, 1.0]"
terrain,weight_class::Road To UFC 1 Lightweight Tournament,2024,LGBM,0,INSUFFICIENT,0,INSUFFICIENT,0,0,,,,,,,,,,{},{},0,"[null, null]"
terrain,weight_class::Road To UFC 1 Lightweight Tournament,2025,LGBM,0,INSUFFICIENT,0,INSUFFICIENT,0,0,,,,,,,,,,{},{},0,"[null, null]"
terrain,weight_class::Road To UFC 1 Lightweight Tournament,2026,LGBM,0,INSUFFICIENT,0,INSUFFICIENT,0,0,,,,,,,,,,{},{},0,"[null, null]"
terrain,weight_class::Road To UFC 1 Lightweight Tournament,2018,CAT,0,INSUFFICIENT,0,INSUFFICIENT,0,0,,,,,,,,,,{},{},0,"[null, null]"
terrain,weight_class::Road To UFC 1 Lightweight Tournament,2019,CAT,0,INSUFFICIENT,0,INSUFFICIENT,0,0,,,,,,,,,,{},{},0,"[null, null]"
terrain,weight_class::Road To UFC 1 Lightweight Tournament,2020,CAT,0,INSUFFICIENT,0,INSUFFICIENT,0,0,,,,,,,,,,{},{},0,"[null, null]"
terrain,weight_class::Road To UFC 1 Lightweight Tournament,2021,CAT,0,INSUFFICIENT,0,INSUFFICIENT,0,0,,,,,,,,,,{},{},0,"[null, null]"
terrain,weight_class::Road To UFC 1 Lightweight Tournament,2022,CAT,0,INSUFFICIENT,0,INSUFFICIENT,0,0,,,,,,,,,,{},{},0,"[null, null]"
terrain,weight_class::Road To UFC 1 Lightweight Tournament,2023,CAT,1,INSUFFICIENT,1,INSUFFICIENT,1,0,1,0,0.53491151489997313,0.46508848510002687,-0.46508848510002687,,,,,"{""2023"": 1}","{""2023"": 1}",1,"[0.20654931437723745, 1.0]"
terrain,weight_class::Road To UFC 1 Lightweight Tournament,2024,CAT,0,INSUFFICIENT,0,INSUFFICIENT,0,0,,,,,,,,,,{},{},0,"[null, null]"
terrain,weight_class::Road To UFC 1 Lightweight Tournament,2025,CAT,0,INSUFFICIENT,0,INSUFFICIENT,0,0,,,,,,,,,,{},{},0,"[null, null]"
terrain,weight_class::Road To UFC 1 Lightweight Tournament,2026,CAT,0,INSUFFICIENT,0,INSUFFICIENT,0,0,,,,,,,,,,{},{},0,"[null, null]"
terrain,weight_class::Road To UFC 1 Lightweight Tournament,2018,SELECT,0,INSUFFICIENT,0,INSUFFICIENT,0,0,,,,,,,,,,{},{},0,"[null, null]"
terrain,weight_class::Road To UFC 1 Lightweight Tournament,2019,SELECT,0,INSUFFICIENT,0,INSUFFICIENT,0,0,,,,,,,,,,{},{},0,"[null, null]"
terrain,weight_class::Road To UFC 1 Lightweight Tournament,2020,SELECT,0,INSUFFICIENT,0,INSUFFICIENT,0,0,,,,,,,,,,{},{},0,"[null, null]"
terrain,weight_class::Road To UFC 1 Lightweight Tournament,2021,SELECT,0,INSUFFICIENT,0,INSUFFICIENT,0,0,,,,,,,,,,{},{},0,"[null, null]"
terrain,weight_class::Road To UFC 1 Lightweight Tournament,2022,SELECT,0,INSUFFICIENT,0,INSUFFICIENT,0,0,,,,,,,,,,{},{},0,"[null, null]"
terrain,weight_class::Road To UFC 1 Lightweight Tournament,2023,SELECT,1,INSUFFICIENT,1,INSUFFICIENT,1,0,1,0,0.53491151489997313,0.46508848510002687,-0.46508848510002687,,,,,"{""2023"": 1}","{""2023"": 1}",1,"[0.20654931437723745, 1.0]"
terrain,weight_class::Road To UFC 1 Lightweight Tournament,2024,SELECT,0,INSUFFICIENT,0,INSUFFICIENT,0,0,,,,,,,,,,{},{},0,"[null, null]"
terrain,weight_class::Road To UFC 1 Lightweight Tournament,2025,SELECT,0,INSUFFICIENT,0,INSUFFICIENT,0,0,,,,,,,,,,{},{},0,"[null, null]"
terrain,weight_class::Road To UFC 1 Lightweight Tournament,2026,SELECT,0,INSUFFICIENT,0,INSUFFICIENT,0,0,,,,,,,,,,{},{},0,"[null, null]"
terrain,weight_class::Road to UFC 1 Flyweight Tournament,2018,LINEAR_MIN,0,INSUFFICIENT,0,INSUFFICIENT,0,0,,,,,,,,,,{},{},0,"[null, null]"
terrain,weight_class::Road to UFC 1 Flyweight Tournament,2019,LINEAR_MIN,0,INSUFFICIENT,0,INSUFFICIENT,0,0,,,,,,,,,,{},{},0,"[null, null]"
terrain,weight_class::Road to UFC 1 Flyweight Tournament,2020,LINEAR_MIN,0,INSUFFICIENT,0,INSUFFICIENT,0,0,,,,,,,,,,{},{},0,"[null, null]"
terrain,weight_class::Road to UFC 1 Flyweight Tournament,2021,LINEAR_MIN,0,INSUFFICIENT,0,INSUFFICIENT,0,0,,,,,,,,,,{},{},0,"[null, null]"
terrain,weight_class::Road to UFC 1 Flyweight Tournament,2022,LINEAR_MIN,0,INSUFFICIENT,0,INSUFFICIENT,0,0,,,,,,,,,,{},{},0,"[null, null]"
terrain,weight_class::Road to UFC 1 Flyweight Tournament,2023,LINEAR_MIN,1,INSUFFICIENT,1,INSUFFICIENT,0,1,0,1,0.56500430036872951,0.43499569963127049,0.56500430036872951,,,,,"{""2023"": 1}","{""2023"": 1}",1,"[0.0, 0.7934506856227626]"
terrain,weight_class::Road to UFC 1 Flyweight Tournament,2024,LINEAR_MIN,0,INSUFFICIENT,0,INSUFFICIENT,0,0,,,,,,,,,,{},{},0,"[null, null]"
terrain,weight_class::Road to UFC 1 Flyweight Tournament,2025,LINEAR_MIN,0,INSUFFICIENT,0,INSUFFICIENT,0,0,,,,,,,,,,{},{},0,"[null, null]"
terrain,weight_class::Road to UFC 1 Flyweight Tournament,2026,LINEAR_MIN,0,INSUFFICIENT,0,INSUFFICIENT,0,0,,,,,,,,,,{},{},0,"[null, null]"
terrain,weight_class::Road to UFC 1 Flyweight Tournament,2018,XGB,0,INSUFFICIENT,0,INSUFFICIENT,0,0,,,,,,,,,,{},{},0,"[null, null]"
terrain,weight_class::Road to UFC 1 Flyweight Tournament,2019,XGB,0,INSUFFICIENT,0,INSUFFICIENT,0,0,,,,,,,,,,{},{},0,"[null, null]"
terrain,weight_class::Road to UFC 1 Flyweight Tournament,2020,XGB,0,INSUFFICIENT,0,INSUFFICIENT,0,0,,,,,,,,,,{},{},0,"[null, null]"
terrain,weight_class::Road to UFC 1 Flyweight Tournament,2021,XGB,0,INSUFFICIENT,0,INSUFFICIENT,0,0,,,,,,,,,,{},{},0,"[null, null]"
terrain,weight_class::Road to UFC 1 Flyweight Tournament,2022,XGB,0,INSUFFICIENT,0,INSUFFICIENT,0,0,,,,,,,,,,{},{},0,"[null, null]"
terrain,weight_class::Road to UFC 1 Flyweight Tournament,2023,XGB,1,INSUFFICIENT,1,INSUFFICIENT,0,1,0,1,0.54679572582244873,0.45320427417755127,0.54679572582244873,,,,,"{""2023"": 1}","{""2023"": 1}",1,"[0.0, 0.7934506856227626]"
terrain,weight_class::Road to UFC 1 Flyweight Tournament,2024,XGB,0,INSUFFICIENT,0,INSUFFICIENT,0,0,,,,,,,,,,{},{},0,"[null, null]"
terrain,weight_class::Road to UFC 1 Flyweight Tournament,2025,XGB,0,INSUFFICIENT,0,INSUFFICIENT,0,0,,,,,,,,,,{},{},0,"[null, null]"
terrain,weight_class::Road to UFC 1 Flyweight Tournament,2026,XGB,0,INSUFFICIENT,0,INSUFFICIENT,0,0,,,,,,,,,,{},{},0,"[null, null]"
terrain,weight_class::Road to UFC 1 Flyweight Tournament,2018,LGBM,0,INSUFFICIENT,0,INSUFFICIENT,0,0,,,,,,,,,,{},{},0,"[null, null]"
terrain,weight_class::Road to UFC 1 Flyweight Tournament,2019,LGBM,0,INSUFFICIENT,0,INSUFFICIENT,0,0,,,,,,,,,,{},{},0,"[null, null]"
terrain,weight_class::Road to UFC 1 Flyweight Tournament,2020,LGBM,0,INSUFFICIENT,0,INSUFFICIENT,0,0,,,,,,,,,,{},{},0,"[null, null]"
terrain,weight_class::Road to UFC 1 Flyweight Tournament,2021,LGBM,0,INSUFFICIENT,0,INSUFFICIENT,0,0,,,,,,,,,,{},{},0,"[null, null]"
terrain,weight_class::Road to UFC 1 Flyweight Tournament,2022,LGBM,0,INSUFFICIENT,0,INSUFFICIENT,0,0,,,,,,,,,,{},{},0,"[null, null]"
terrain,weight_class::Road to UFC 1 Flyweight Tournament,2023,LGBM,1,INSUFFICIENT,1,INSUFFICIENT,0,1,0,1,0.5328386374153824,0.4671613625846176,0.5328386374153824,,,,,"{""2023"": 1}","{""2023"": 1}",1,"[0.0, 0.7934506856227626]"
terrain,weight_class::Road to UFC 1 Flyweight Tournament,2024,LGBM,0,INSUFFICIENT,0,INSUFFICIENT,0,0,,,,,,,,,,{},{},0,"[null, null]"
terrain,weight_class::Road to UFC 1 Flyweight Tournament,2025,LGBM,0,INSUFFICIENT,0,INSUFFICIENT,0,0,,,,,,,,,,{},{},0,"[null, null]"
terrain,weight_class::Road to UFC 1 Flyweight Tournament,2026,LGBM,0,INSUFFICIENT,0,INSUFFICIENT,0,0,,,,,,,,,,{},{},0,"[null, null]"
terrain,weight_class::Road to UFC 1 Flyweight Tournament,2018,CAT,0,INSUFFICIENT,0,INSUFFICIENT,0,0,,,,,,,,,,{},{},0,"[null, null]"
terrain,weight_class::Road to UFC 1 Flyweight Tournament,2019,CAT,0,INSUFFICIENT,0,INSUFFICIENT,0,0,,,,,,,,,,{},{},0,"[null, null]"
terrain,weight_class::Road to UFC 1 Flyweight Tournament,2020,CAT,0,INSUFFICIENT,0,INSUFFICIENT,0,0,,,,,,,,,,{},{},0,"[null, null]"
terrain,weight_class::Road to UFC 1 Flyweight Tournament,2021,CAT,0,INSUFFICIENT,0,INSUFFICIENT,0,0,,,,,,,,,,{},{},0,"[null, null]"
terrain,weight_class::Road to UFC 1 Flyweight Tournament,2022,CAT,0,INSUFFICIENT,0,INSUFFICIENT,0,0,,,,,,,,,,{},{},0,"[null, null]"
terrain,weight_class::Road to UFC 1 Flyweight Tournament,2023,CAT,1,INSUFFICIENT,1,INSUFFICIENT,0,1,0,1,0.53491151489997313,0.46508848510002687,0.53491151489997313,,,,,"{""2023"": 1}","{""2023"": 1}",1,"[0.0, 0.7934506856227626]"
terrain,weight_class::Road to UFC 1 Flyweight Tournament,2024,CAT,0,INSUFFICIENT,0,INSUFFICIENT,0,0,,,,,,,,,,{},{},0,"[null, null]"
terrain,weight_class::Road to UFC 1 Flyweight Tournament,2025,CAT,0,INSUFFICIENT,0,INSUFFICIENT,0,0,,,,,,,,,,{},{},0,"[null, null]"
terrain,weight_class::Road to UFC 1 Flyweight Tournament,2026,CAT,0,INSUFFICIENT,0,INSUFFICIENT,0,0,,,,,,,,,,{},{},0,"[null, null]"
terrain,weight_class::Road to UFC 1 Flyweight Tournament,2018,SELECT,0,INSUFFICIENT,0,INSUFFICIENT,0,0,,,,,,,,,,{},{},0,"[null, null]"
terrain,weight_class::Road to UFC 1 Flyweight Tournament,2019,SELECT,0,INSUFFICIENT,0,INSUFFICIENT,0,0,,,,,,,,,,{},{},0,"[null, null]"
terrain,weight_class::Road to UFC 1 Flyweight Tournament,2020,SELECT,0,INSUFFICIENT,0,INSUFFICIENT,0,0,,,,,,,,,,{},{},0,"[null, null]"
terrain,weight_class::Road to UFC 1 Flyweight Tournament,2021,SELECT,0,INSUFFICIENT,0,INSUFFICIENT,0,0,,,,,,,,,,{},{},0,"[null, null]"
terrain,weight_class::Road to UFC 1 Flyweight Tournament,2022,SELECT,0,INSUFFICIENT,0,INSUFFICIENT,0,0,,,,,,,,,,{},{},0,"[null, null]"
terrain,weight_class::Road to UFC 1 Flyweight Tournament,2023,SELECT,1,INSUFFICIENT,1,INSUFFICIENT,0,1,0,1,0.53491151489997313,0.46508848510002687,0.53491151489997313,,,,,"{""2023"": 1}","{""2023"": 1}",1,"[0.0, 0.7934506856227626]"
terrain,weight_class::Road to UFC 1 Flyweight Tournament,2024,SELECT,0,INSUFFICIENT,0,INSUFFICIENT,0,0,,,,,,,,,,{},{},0,"[null, null]"
terrain,weight_class::Road to UFC 1 Flyweight Tournament,2025,SELECT,0,INSUFFICIENT,0,INSUFFICIENT,0,0,,,,,,,,,,{},{},0,"[null, null]"
terrain,weight_class::Road to UFC 1 Flyweight Tournament,2026,SELECT,0,INSUFFICIENT,0,INSUFFICIENT,0,0,,,,,,,,,,{},{},0,"[null, null]"
terrain,weight_class::Road to UFC 3 Bantamweight Tournament TitleBout,2018,LINEAR_MIN,0,INSUFFICIENT,0,INSUFFICIENT,0,0,,,,,,,,,,{},{},0,"[null, null]"
terrain,weight_class::Road to UFC 3 Bantamweight Tournament TitleBout,2019,LINEAR_MIN,0,INSUFFICIENT,0,INSUFFICIENT,0,0,,,,,,,,,,{},{},0,"[null, null]"
terrain,weight_class::Road to UFC 3 Bantamweight Tournament TitleBout,2020,LINEAR_MIN,0,INSUFFICIENT,0,INSUFFICIENT,0,0,,,,,,,,,,{},{},0,"[null, null]"
terrain,weight_class::Road to UFC 3 Bantamweight Tournament TitleBout,2021,LINEAR_MIN,0,INSUFFICIENT,0,INSUFFICIENT,0,0,,,,,,,,,,{},{},0,"[null, null]"
terrain,weight_class::Road to UFC 3 Bantamweight Tournament TitleBout,2022,LINEAR_MIN,0,INSUFFICIENT,0,INSUFFICIENT,0,0,,,,,,,,,,{},{},0,"[null, null]"
terrain,weight_class::Road to UFC 3 Bantamweight Tournament TitleBout,2023,LINEAR_MIN,0,INSUFFICIENT,0,INSUFFICIENT,0,0,,,,,,,,,,{},{},0,"[null, null]"
terrain,weight_class::Road to UFC 3 Bantamweight Tournament TitleBout,2024,LINEAR_MIN,1,INSUFFICIENT,0,INSUFFICIENT,0,0,,,,,,,,,,{},"{""2024"": 1}",0,"[null, null]"
terrain,weight_class::Road to UFC 3 Bantamweight Tournament TitleBout,2025,LINEAR_MIN,0,INSUFFICIENT,0,INSUFFICIENT,0,0,,,,,,,,,,{},{},0,"[null, null]"
terrain,weight_class::Road to UFC 3 Bantamweight Tournament TitleBout,2026,LINEAR_MIN,0,INSUFFICIENT,0,INSUFFICIENT,0,0,,,,,,,,,,{},{},0,"[null, null]"
terrain,weight_class::Road to UFC 3 Bantamweight Tournament TitleBout,2018,XGB,0,INSUFFICIENT,0,INSUFFICIENT,0,0,,,,,,,,,,{},{},0,"[null, null]"
terrain,weight_class::Road to UFC 3 Bantamweight Tournament TitleBout,2019,XGB,0,INSUFFICIENT,0,INSUFFICIENT,0,0,,,,,,,,,,{},{},0,"[null, null]"
terrain,weight_class::Road to UFC 3 Bantamweight Tournament TitleBout,2020,XGB,0,INSUFFICIENT,0,INSUFFICIENT,0,0,,,,,,,,,,{},{},0,"[null, null]"
terrain,weight_class::Road to UFC 3 Bantamweight Tournament TitleBout,2021,XGB,0,INSUFFICIENT,0,INSUFFICIENT,0,0,,,,,,,,,,{},{},0,"[null, null]"
terrain,weight_class::Road to UFC 3 Bantamweight Tournament TitleBout,2022,XGB,0,INSUFFICIENT,0,INSUFFICIENT,0,0,,,,,,,,,,{},{},0,"[null, null]"
terrain,weight_class::Road to UFC 3 Bantamweight Tournament TitleBout,2023,XGB,0,INSUFFICIENT,0,INSUFFICIENT,0,0,,,,,,,,,,{},{},0,"[null, null]"
terrain,weight_class::Road to UFC 3 Bantamweight Tournament TitleBout,2024,XGB,1,INSUFFICIENT,0,INSUFFICIENT,0,0,,,,,,,,,,{},"{""2024"": 1}",0,"[null, null]"
terrain,weight_class::Road to UFC 3 Bantamweight Tournament TitleBout,2025,XGB,0,INSUFFICIENT,0,INSUFFICIENT,0,0,,,,,,,,,,{},{},0,"[null, null]"
terrain,weight_class::Road to UFC 3 Bantamweight Tournament TitleBout,2026,XGB,0,INSUFFICIENT,0,INSUFFICIENT,0,0,,,,,,,,,,{},{},0,"[null, null]"
terrain,weight_class::Road to UFC 3 Bantamweight Tournament TitleBout,2018,LGBM,0,INSUFFICIENT,0,INSUFFICIENT,0,0,,,,,,,,,,{},{},0,"[null, null]"
terrain,weight_class::Road to UFC 3 Bantamweight Tournament TitleBout,2019,LGBM,0,INSUFFICIENT,0,INSUFFICIENT,0,0,,,,,,,,,,{},{},0,"[null, null]"
terrain,weight_class::Road to UFC 3 Bantamweight Tournament TitleBout,2020,LGBM,0,INSUFFICIENT,0,INSUFFICIENT,0,0,,,,,,,,,,{},{},0,"[null, null]"
terrain,weight_class::Road to UFC 3 Bantamweight Tournament TitleBout,2021,LGBM,0,INSUFFICIENT,0,INSUFFICIENT,0,0,,,,,,,,,,{},{},0,"[null, null]"
terrain,weight_class::Road to UFC 3 Bantamweight Tournament TitleBout,2022,LGBM,0,INSUFFICIENT,0,INSUFFICIENT,0,0,,,,,,,,,,{},{},0,"[null, null]"
terrain,weight_class::Road to UFC 3 Bantamweight Tournament TitleBout,2023,LGBM,0,INSUFFICIENT,0,INSUFFICIENT,0,0,,,,,,,,,,{},{},0,"[null, null]"
terrain,weight_class::Road to UFC 3 Bantamweight Tournament TitleBout,2024,LGBM,1,INSUFFICIENT,0,INSUFFICIENT,0,0,,,,,,,,,,{},"{""2024"": 1}",0,"[null, null]"
terrain,weight_class::Road to UFC 3 Bantamweight Tournament TitleBout,2025,LGBM,0,INSUFFICIENT,0,INSUFFICIENT,0,0,,,,,,,,,,{},{},0,"[null, null]"
terrain,weight_class::Road to UFC 3 Bantamweight Tournament TitleBout,2026,LGBM,0,INSUFFICIENT,0,INSUFFICIENT,0,0,,,,,,,,,,{},{},0,"[null, null]"
terrain,weight_class::Road to UFC 3 Bantamweight Tournament TitleBout,2018,CAT,0,INSUFFICIENT,0,INSUFFICIENT,0,0,,,,,,,,,,{},{},0,"[null, null]"
terrain,weight_class::Road to UFC 3 Bantamweight Tournament TitleBout,2019,CAT,0,INSUFFICIENT,0,INSUFFICIENT,0,0,,,,,,,,,,{},{},0,"[null, null]"
terrain,weight_class::Road to UFC 3 Bantamweight Tournament TitleBout,2020,CAT,0,INSUFFICIENT,0,INSUFFICIENT,0,0,,,,,,,,,,{},{},0,"[null, null]"
terrain,weight_class::Road to UFC 3 Bantamweight Tournament TitleBout,2021,CAT,0,INSUFFICIENT,0,INSUFFICIENT,0,0,,,,,,,,,,{},{},0,"[null, null]"
terrain,weight_class::Road to UFC 3 Bantamweight Tournament TitleBout,2022,CAT,0,INSUFFICIENT,0,INSUFFICIENT,0,0,,,,,,,,,,{},{},0,"[null, null]"
terrain,weight_class::Road to UFC 3 Bantamweight Tournament TitleBout,2023,CAT,0,INSUFFICIENT,0,INSUFFICIENT,0,0,,,,,,,,,,{},{},0,"[null, null]"
terrain,weight_class::Road to UFC 3 Bantamweight Tournament TitleBout,2024,CAT,1,INSUFFICIENT,0,INSUFFICIENT,0,0,,,,,,,,,,{},"{""2024"": 1}",0,"[null, null]"
terrain,weight_class::Road to UFC 3 Bantamweight Tournament TitleBout,2025,CAT,0,INSUFFICIENT,0,INSUFFICIENT,0,0,,,,,,,,,,{},{},0,"[null, null]"
terrain,weight_class::Road to UFC 3 Bantamweight Tournament TitleBout,2026,CAT,0,INSUFFICIENT,0,INSUFFICIENT,0,0,,,,,,,,,,{},{},0,"[null, null]"
terrain,weight_class::Road to UFC 3 Bantamweight Tournament TitleBout,2018,SELECT,0,INSUFFICIENT,0,INSUFFICIENT,0,0,,,,,,,,,,{},{},0,"[null, null]"
terrain,weight_class::Road to UFC 3 Bantamweight Tournament TitleBout,2019,SELECT,0,INSUFFICIENT,0,INSUFFICIENT,0,0,,,,,,,,,,{},{},0,"[null, null]"
terrain,weight_class::Road to UFC 3 Bantamweight Tournament TitleBout,2020,SELECT,0,INSUFFICIENT,0,INSUFFICIENT,0,0,,,,,,,,,,{},{},0,"[null, null]"
terrain,weight_class::Road to UFC 3 Bantamweight Tournament TitleBout,2021,SELECT,0,INSUFFICIENT,0,INSUFFICIENT,0,0,,,,,,,,,,{},{},0,"[null, null]"
terrain,weight_class::Road to UFC 3 Bantamweight Tournament TitleBout,2022,SELECT,0,INSUFFICIENT,0,INSUFFICIENT,0,0,,,,,,,,,,{},{},0,"[null, null]"
terrain,weight_class::Road to UFC 3 Bantamweight Tournament TitleBout,2023,SELECT,0,INSUFFICIENT,0,INSUFFICIENT,0,0,,,,,,,,,,{},{},0,"[null, null]"
terrain,weight_class::Road to UFC 3 Bantamweight Tournament TitleBout,2024,SELECT,1,INSUFFICIENT,0,INSUFFICIENT,0,0,,,,,,,,,,{},"{""2024"": 1}",0,"[null, null]"
terrain,weight_class::Road to UFC 3 Bantamweight Tournament TitleBout,2025,SELECT,0,INSUFFICIENT,0,INSUFFICIENT,0,0,,,,,,,,,,{},{},0,"[null, null]"
terrain,weight_class::Road to UFC 3 Bantamweight Tournament TitleBout,2026,SELECT,0,INSUFFICIENT,0,INSUFFICIENT,0,0,,,,,,,,,,{},{},0,"[null, null]"
terrain,weight_class::Road to UFC 3 Flyweight Tournament TitleBout,2018,LINEAR_MIN,0,INSUFFICIENT,0,INSUFFICIENT,0,0,,,,,,,,,,{},{},0,"[null, null]"
terrain,weight_class::Road to UFC 3 Flyweight Tournament TitleBout,2019,LINEAR_MIN,0,INSUFFICIENT,0,INSUFFICIENT,0,0,,,,,,,,,,{},{},0,"[null, null]"
terrain,weight_class::Road to UFC 3 Flyweight Tournament TitleBout,2020,LINEAR_MIN,0,INSUFFICIENT,0,INSUFFICIENT,0,0,,,,,,,,,,{},{},0,"[null, null]"
terrain,weight_class::Road to UFC 3 Flyweight Tournament TitleBout,2021,LINEAR_MIN,0,INSUFFICIENT,0,INSUFFICIENT,0,0,,,,,,,,,,{},{},0,"[null, null]"
terrain,weight_class::Road to UFC 3 Flyweight Tournament TitleBout,2022,LINEAR_MIN,0,INSUFFICIENT,0,INSUFFICIENT,0,0,,,,,,,,,,{},{},0,"[null, null]"
terrain,weight_class::Road to UFC 3 Flyweight Tournament TitleBout,2023,LINEAR_MIN,0,INSUFFICIENT,0,INSUFFICIENT,0,0,,,,,,,,,,{},{},0,"[null, null]"
terrain,weight_class::Road to UFC 3 Flyweight Tournament TitleBout,2024,LINEAR_MIN,1,INSUFFICIENT,1,INSUFFICIENT,1,0,1,0,0.58506317244625983,0.41493682755374017,-0.41493682755374017,,,,,"{""2024"": 1}","{""2024"": 1}",1,"[0.20654931437723745, 1.0]"
terrain,weight_class::Road to UFC 3 Flyweight Tournament TitleBout,2025,LINEAR_MIN,0,INSUFFICIENT,0,INSUFFICIENT,0,0,,,,,,,,,,{},{},0,"[null, null]"
terrain,weight_class::Road to UFC 3 Flyweight Tournament TitleBout,2026,LINEAR_MIN,0,INSUFFICIENT,0,INSUFFICIENT,0,0,,,,,,,,,,{},{},0,"[null, null]"
terrain,weight_class::Road to UFC 3 Flyweight Tournament TitleBout,2018,XGB,0,INSUFFICIENT,0,INSUFFICIENT,0,0,,,,,,,,,,{},{},0,"[null, null]"
terrain,weight_class::Road to UFC 3 Flyweight Tournament TitleBout,2019,XGB,0,INSUFFICIENT,0,INSUFFICIENT,0,0,,,,,,,,,,{},{},0,"[null, null]"
terrain,weight_class::Road to UFC 3 Flyweight Tournament TitleBout,2020,XGB,0,INSUFFICIENT,0,INSUFFICIENT,0,0,,,,,,,,,,{},{},0,"[null, null]"
terrain,weight_class::Road to UFC 3 Flyweight Tournament TitleBout,2021,XGB,0,INSUFFICIENT,0,INSUFFICIENT,0,0,,,,,,,,,,{},{},0,"[null, null]"
terrain,weight_class::Road to UFC 3 Flyweight Tournament TitleBout,2022,XGB,0,INSUFFICIENT,0,INSUFFICIENT,0,0,,,,,,,,,,{},{},0,"[null, null]"
terrain,weight_class::Road to UFC 3 Flyweight Tournament TitleBout,2023,XGB,0,INSUFFICIENT,0,INSUFFICIENT,0,0,,,,,,,,,,{},{},0,"[null, null]"
terrain,weight_class::Road to UFC 3 Flyweight Tournament TitleBout,2024,XGB,1,INSUFFICIENT,1,INSUFFICIENT,1,0,1,0,0.52684897184371948,0.47315102815628052,-0.47315102815628052,,,,,"{""2024"": 1}","{""2024"": 1}",1,"[0.20654931437723745, 1.0]"
terrain,weight_class::Road to UFC 3 Flyweight Tournament TitleBout,2025,XGB,0,INSUFFICIENT,0,INSUFFICIENT,0,0,,,,,,,,,,{},{},0,"[null, null]"
terrain,weight_class::Road to UFC 3 Flyweight Tournament TitleBout,2026,XGB,0,INSUFFICIENT,0,INSUFFICIENT,0,0,,,,,,,,,,{},{},0,"[null, null]"
terrain,weight_class::Road to UFC 3 Flyweight Tournament TitleBout,2018,LGBM,0,INSUFFICIENT,0,INSUFFICIENT,0,0,,,,,,,,,,{},{},0,"[null, null]"
terrain,weight_class::Road to UFC 3 Flyweight Tournament TitleBout,2019,LGBM,0,INSUFFICIENT,0,INSUFFICIENT,0,0,,,,,,,,,,{},{},0,"[null, null]"
terrain,weight_class::Road to UFC 3 Flyweight Tournament TitleBout,2020,LGBM,0,INSUFFICIENT,0,INSUFFICIENT,0,0,,,,,,,,,,{},{},0,"[null, null]"
terrain,weight_class::Road to UFC 3 Flyweight Tournament TitleBout,2021,LGBM,0,INSUFFICIENT,0,INSUFFICIENT,0,0,,,,,,,,,,{},{},0,"[null, null]"
terrain,weight_class::Road to UFC 3 Flyweight Tournament TitleBout,2022,LGBM,0,INSUFFICIENT,0,INSUFFICIENT,0,0,,,,,,,,,,{},{},0,"[null, null]"
terrain,weight_class::Road to UFC 3 Flyweight Tournament TitleBout,2023,LGBM,0,INSUFFICIENT,0,INSUFFICIENT,0,0,,,,,,,,,,{},{},0,"[null, null]"
terrain,weight_class::Road to UFC 3 Flyweight Tournament TitleBout,2024,LGBM,1,INSUFFICIENT,1,INSUFFICIENT,1,0,1,0,0.53768920377897644,0.46231079622102356,-0.46231079622102356,,,,,"{""2024"": 1}","{""2024"": 1}",1,"[0.20654931437723745, 1.0]"
terrain,weight_class::Road to UFC 3 Flyweight Tournament TitleBout,2025,LGBM,0,INSUFFICIENT,0,INSUFFICIENT,0,0,,,,,,,,,,{},{},0,"[null, null]"
terrain,weight_class::Road to UFC 3 Flyweight Tournament TitleBout,2026,LGBM,0,INSUFFICIENT,0,INSUFFICIENT,0,0,,,,,,,,,,{},{},0,"[null, null]"
terrain,weight_class::Road to UFC 3 Flyweight Tournament TitleBout,2018,CAT,0,INSUFFICIENT,0,INSUFFICIENT,0,0,,,,,,,,,,{},{},0,"[null, null]"
terrain,weight_class::Road to UFC 3 Flyweight Tournament TitleBout,2019,CAT,0,INSUFFICIENT,0,INSUFFICIENT,0,0,,,,,,,,,,{},{},0,"[null, null]"
terrain,weight_class::Road to UFC 3 Flyweight Tournament TitleBout,2020,CAT,0,INSUFFICIENT,0,INSUFFICIENT,0,0,,,,,,,,,,{},{},0,"[null, null]"
terrain,weight_class::Road to UFC 3 Flyweight Tournament TitleBout,2021,CAT,0,INSUFFICIENT,0,INSUFFICIENT,0,0,,,,,,,,,,{},{},0,"[null, null]"
terrain,weight_class::Road to UFC 3 Flyweight Tournament TitleBout,2022,CAT,0,INSUFFICIENT,0,INSUFFICIENT,0,0,,,,,,,,,,{},{},0,"[null, null]"
terrain,weight_class::Road to UFC 3 Flyweight Tournament TitleBout,2023,CAT,0,INSUFFICIENT,0,INSUFFICIENT,0,0,,,,,,,,,,{},{},0,"[null, null]"
terrain,weight_class::Road to UFC 3 Flyweight Tournament TitleBout,2024,CAT,1,INSUFFICIENT,1,INSUFFICIENT,1,0,1,0,0.54426945198465138,0.45573054801534862,-0.45573054801534862,,,,,"{""2024"": 1}","{""2024"": 1}",1,"[0.20654931437723745, 1.0]"
terrain,weight_class::Road to UFC 3 Flyweight Tournament TitleBout,2025,CAT,0,INSUFFICIENT,0,INSUFFICIENT,0,0,,,,,,,,,,{},{},0,"[null, null]"
terrain,weight_class::Road to UFC 3 Flyweight Tournament TitleBout,2026,CAT,0,INSUFFICIENT,0,INSUFFICIENT,0,0,,,,,,,,,,{},{},0,"[null, null]"
terrain,weight_class::Road to UFC 3 Flyweight Tournament TitleBout,2018,SELECT,0,INSUFFICIENT,0,INSUFFICIENT,0,0,,,,,,,,,,{},{},0,"[null, null]"
terrain,weight_class::Road to UFC 3 Flyweight Tournament TitleBout,2019,SELECT,0,INSUFFICIENT,0,INSUFFICIENT,0,0,,,,,,,,,,{},{},0,"[null, null]"
terrain,weight_class::Road to UFC 3 Flyweight Tournament TitleBout,2020,SELECT,0,INSUFFICIENT,0,INSUFFICIENT,0,0,,,,,,,,,,{},{},0,"[null, null]"
terrain,weight_class::Road to UFC 3 Flyweight Tournament TitleBout,2021,SELECT,0,INSUFFICIENT,0,INSUFFICIENT,0,0,,,,,,,,,,{},{},0,"[null, null]"
terrain,weight_class::Road to UFC 3 Flyweight Tournament TitleBout,2022,SELECT,0,INSUFFICIENT,0,INSUFFICIENT,0,0,,,,,,,,,,{},{},0,"[null, null]"
terrain,weight_class::Road to UFC 3 Flyweight Tournament TitleBout,2023,SELECT,0,INSUFFICIENT,0,INSUFFICIENT,0,0,,,,,,,,,,{},{},0,"[null, null]"
terrain,weight_class::Road to UFC 3 Flyweight Tournament TitleBout,2024,SELECT,1,INSUFFICIENT,1,INSUFFICIENT,1,0,1,0,0.54426945198465138,0.45573054801534862,-0.45573054801534862,,,,,"{""2024"": 1}","{""2024"": 1}",1,"[0.20654931437723745, 1.0]"
terrain,weight_class::Road to UFC 3 Flyweight Tournament TitleBout,2025,SELECT,0,INSUFFICIENT,0,INSUFFICIENT,0,0,,,,,,,,,,{},{},0,"[null, null]"
terrain,weight_class::Road to UFC 3 Flyweight Tournament TitleBout,2026,SELECT,0,INSUFFICIENT,0,INSUFFICIENT,0,0,,,,,,,,,,{},{},0,"[null, null]"
terrain,weight_class::Road to UFC 3 Women's Strawweight Tournament TitleBout,2018,LINEAR_MIN,0,INSUFFICIENT,0,INSUFFICIENT,0,0,,,,,,,,,,{},{},0,"[null, null]"
terrain,weight_class::Road to UFC 3 Women's Strawweight Tournament TitleBout,2019,LINEAR_MIN,0,INSUFFICIENT,0,INSUFFICIENT,0,0,,,,,,,,,,{},{},0,"[null, null]"
terrain,weight_class::Road to UFC 3 Women's Strawweight Tournament TitleBout,2020,LINEAR_MIN,0,INSUFFICIENT,0,INSUFFICIENT,0,0,,,,,,,,,,{},{},0,"[null, null]"
terrain,weight_class::Road to UFC 3 Women's Strawweight Tournament TitleBout,2021,LINEAR_MIN,0,INSUFFICIENT,0,INSUFFICIENT,0,0,,,,,,,,,,{},{},0,"[null, null]"
terrain,weight_class::Road to UFC 3 Women's Strawweight Tournament TitleBout,2022,LINEAR_MIN,0,INSUFFICIENT,0,INSUFFICIENT,0,0,,,,,,,,,,{},{},0,"[null, null]"
terrain,weight_class::Road to UFC 3 Women's Strawweight Tournament TitleBout,2023,LINEAR_MIN,0,INSUFFICIENT,0,INSUFFICIENT,0,0,,,,,,,,,,{},{},0,"[null, null]"
terrain,weight_class::Road to UFC 3 Women's Strawweight Tournament TitleBout,2024,LINEAR_MIN,1,INSUFFICIENT,1,INSUFFICIENT,1,0,1,0,0.55013582304151809,0.44986417695848191,-0.44986417695848191,,,,,"{""2024"": 1}","{""2024"": 1}",1,"[0.20654931437723745, 1.0]"
terrain,weight_class::Road to UFC 3 Women's Strawweight Tournament TitleBout,2025,LINEAR_MIN,0,INSUFFICIENT,0,INSUFFICIENT,0,0,,,,,,,,,,{},{},0,"[null, null]"
terrain,weight_class::Road to UFC 3 Women's Strawweight Tournament TitleBout,2026,LINEAR_MIN,0,INSUFFICIENT,0,INSUFFICIENT,0,0,,,,,,,,,,{},{},0,"[null, null]"
terrain,weight_class::Road to UFC 3 Women's Strawweight Tournament TitleBout,2018,XGB,0,INSUFFICIENT,0,INSUFFICIENT,0,0,,,,,,,,,,{},{},0,"[null, null]"
terrain,weight_class::Road to UFC 3 Women's Strawweight Tournament TitleBout,2019,XGB,0,INSUFFICIENT,0,INSUFFICIENT,0,0,,,,,,,,,,{},{},0,"[null, null]"
terrain,weight_class::Road to UFC 3 Women's Strawweight Tournament TitleBout,2020,XGB,0,INSUFFICIENT,0,INSUFFICIENT,0,0,,,,,,,,,,{},{},0,"[null, null]"
terrain,weight_class::Road to UFC 3 Women's Strawweight Tournament TitleBout,2021,XGB,0,INSUFFICIENT,0,INSUFFICIENT,0,0,,,,,,,,,,{},{},0,"[null, null]"
terrain,weight_class::Road to UFC 3 Women's Strawweight Tournament TitleBout,2022,XGB,0,INSUFFICIENT,0,INSUFFICIENT,0,0,,,,,,,,,,{},{},0,"[null, null]"
terrain,weight_class::Road to UFC 3 Women's Strawweight Tournament TitleBout,2023,XGB,0,INSUFFICIENT,0,INSUFFICIENT,0,0,,,,,,,,,,{},{},0,"[null, null]"
terrain,weight_class::Road to UFC 3 Women's Strawweight Tournament TitleBout,2024,XGB,1,INSUFFICIENT,1,INSUFFICIENT,1,0,1,0,0.52684897184371948,0.47315102815628052,-0.47315102815628052,,,,,"{""2024"": 1}","{""2024"": 1}",1,"[0.20654931437723745, 1.0]"
terrain,weight_class::Road to UFC 3 Women's Strawweight Tournament TitleBout,2025,XGB,0,INSUFFICIENT,0,INSUFFICIENT,0,0,,,,,,,,,,{},{},0,"[null, null]"
terrain,weight_class::Road to UFC 3 Women's Strawweight Tournament TitleBout,2026,XGB,0,INSUFFICIENT,0,INSUFFICIENT,0,0,,,,,,,,,,{},{},0,"[null, null]"
terrain,weight_class::Road to UFC 3 Women's Strawweight Tournament TitleBout,2018,LGBM,0,INSUFFICIENT,0,INSUFFICIENT,0,0,,,,,,,,,,{},{},0,"[null, null]"
terrain,weight_class::Road to UFC 3 Women's Strawweight Tournament TitleBout,2019,LGBM,0,INSUFFICIENT,0,INSUFFICIENT,0,0,,,,,,,,,,{},{},0,"[null, null]"
terrain,weight_class::Road to UFC 3 Women's Strawweight Tournament TitleBout,2020,LGBM,0,INSUFFICIENT,0,INSUFFICIENT,0,0,,,,,,,,,,{},{},0,"[null, null]"
terrain,weight_class::Road to UFC 3 Women's Strawweight Tournament TitleBout,2021,LGBM,0,INSUFFICIENT,0,INSUFFICIENT,0,0,,,,,,,,,,{},{},0,"[null, null]"
terrain,weight_class::Road to UFC 3 Women's Strawweight Tournament TitleBout,2022,LGBM,0,INSUFFICIENT,0,INSUFFICIENT,0,0,,,,,,,,,,{},{},0,"[null, null]"
terrain,weight_class::Road to UFC 3 Women's Strawweight Tournament TitleBout,2023,LGBM,0,INSUFFICIENT,0,INSUFFICIENT,0,0,,,,,,,,,,{},{},0,"[null, null]"
terrain,weight_class::Road to UFC 3 Women's Strawweight Tournament TitleBout,2024,LGBM,1,INSUFFICIENT,1,INSUFFICIENT,1,0,1,0,0.51188537033494563,0.48811462966505437,-0.48811462966505437,,,,,"{""2024"": 1}","{""2024"": 1}",1,"[0.20654931437723745, 1.0]"
terrain,weight_class::Road to UFC 3 Women's Strawweight Tournament TitleBout,2025,LGBM,0,INSUFFICIENT,0,INSUFFICIENT,0,0,,,,,,,,,,{},{},0,"[null, null]"
terrain,weight_class::Road to UFC 3 Women's Strawweight Tournament TitleBout,2026,LGBM,0,INSUFFICIENT,0,INSUFFICIENT,0,0,,,,,,,,,,{},{},0,"[null, null]"
terrain,weight_class::Road to UFC 3 Women's Strawweight Tournament TitleBout,2018,CAT,0,INSUFFICIENT,0,INSUFFICIENT,0,0,,,,,,,,,,{},{},0,"[null, null]"
terrain,weight_class::Road to UFC 3 Women's Strawweight Tournament TitleBout,2019,CAT,0,INSUFFICIENT,0,INSUFFICIENT,0,0,,,,,,,,,,{},{},0,"[null, null]"
terrain,weight_class::Road to UFC 3 Women's Strawweight Tournament TitleBout,2020,CAT,0,INSUFFICIENT,0,INSUFFICIENT,0,0,,,,,,,,,,{},{},0,"[null, null]"
terrain,weight_class::Road to UFC 3 Women's Strawweight Tournament TitleBout,2021,CAT,0,INSUFFICIENT,0,INSUFFICIENT,0,0,,,,,,,,,,{},{},0,"[null, null]"
terrain,weight_class::Road to UFC 3 Women's Strawweight Tournament TitleBout,2022,CAT,0,INSUFFICIENT,0,INSUFFICIENT,0,0,,,,,,,,,,{},{},0,"[null, null]"
terrain,weight_class::Road to UFC 3 Women's Strawweight Tournament TitleBout,2023,CAT,0,INSUFFICIENT,0,INSUFFICIENT,0,0,,,,,,,,,,{},{},0,"[null, null]"
terrain,weight_class::Road to UFC 3 Women's Strawweight Tournament TitleBout,2024,CAT,1,INSUFFICIENT,1,INSUFFICIENT,1,0,1,0,0.44445247499926882,0.55554752500073112,-0.55554752500073112,,,,,"{""2024"": 1}","{""2024"": 1}",1,"[0.20654931437723745, 1.0]"
terrain,weight_class::Road to UFC 3 Women's Strawweight Tournament TitleBout,2025,CAT,0,INSUFFICIENT,0,INSUFFICIENT,0,0,,,,,,,,,,{},{},0,"[null, null]"
terrain,weight_class::Road to UFC 3 Women's Strawweight Tournament TitleBout,2026,CAT,0,INSUFFICIENT,0,INSUFFICIENT,0,0,,,,,,,,,,{},{},0,"[null, null]"
terrain,weight_class::Road to UFC 3 Women's Strawweight Tournament TitleBout,2018,SELECT,0,INSUFFICIENT,0,INSUFFICIENT,0,0,,,,,,,,,,{},{},0,"[null, null]"
terrain,weight_class::Road to UFC 3 Women's Strawweight Tournament TitleBout,2019,SELECT,0,INSUFFICIENT,0,INSUFFICIENT,0,0,,,,,,,,,,{},{},0,"[null, null]"
terrain,weight_class::Road to UFC 3 Women's Strawweight Tournament TitleBout,2020,SELECT,0,INSUFFICIENT,0,INSUFFICIENT,0,0,,,,,,,,,,{},{},0,"[null, null]"
terrain,weight_class::Road to UFC 3 Women's Strawweight Tournament TitleBout,2021,SELECT,0,INSUFFICIENT,0,INSUFFICIENT,0,0,,,,,,,,,,{},{},0,"[null, null]"
terrain,weight_class::Road to UFC 3 Women's Strawweight Tournament TitleBout,2022,SELECT,0,INSUFFICIENT,0,INSUFFICIENT,0,0,,,,,,,,,,{},{},0,"[null, null]"
terrain,weight_class::Road to UFC 3 Women's Strawweight Tournament TitleBout,2023,SELECT,0,INSUFFICIENT,0,INSUFFICIENT,0,0,,,,,,,,,,{},{},0,"[null, null]"
terrain,weight_class::Road to UFC 3 Women's Strawweight Tournament TitleBout,2024,SELECT,1,INSUFFICIENT,1,INSUFFICIENT,1,0,1,0,0.44445247499926882,0.55554752500073112,-0.55554752500073112,,,,,"{""2024"": 1}","{""2024"": 1}",1,"[0.20654931437723745, 1.0]"
terrain,weight_class::Road to UFC 3 Women's Strawweight Tournament TitleBout,2025,SELECT,0,INSUFFICIENT,0,INSUFFICIENT,0,0,,,,,,,,,,{},{},0,"[null, null]"
terrain,weight_class::Road to UFC 3 Women's Strawweight Tournament TitleBout,2026,SELECT,0,INSUFFICIENT,0,INSUFFICIENT,0,0,,,,,,,,,,{},{},0,"[null, null]"
terrain,weight_class::Ultimate Fighter 27 Featherweight Tournament,2018,LINEAR_MIN,1,INSUFFICIENT,0,INSUFFICIENT,0,0,,,,,,,,,,{},"{""2018"": 1}",0,"[null, null]"
terrain,weight_class::Ultimate Fighter 27 Featherweight Tournament,2019,LINEAR_MIN,0,INSUFFICIENT,0,INSUFFICIENT,0,0,,,,,,,,,,{},{},0,"[null, null]"
terrain,weight_class::Ultimate Fighter 27 Featherweight Tournament,2020,LINEAR_MIN,0,INSUFFICIENT,0,INSUFFICIENT,0,0,,,,,,,,,,{},{},0,"[null, null]"
terrain,weight_class::Ultimate Fighter 27 Featherweight Tournament,2021,LINEAR_MIN,0,INSUFFICIENT,0,INSUFFICIENT,0,0,,,,,,,,,,{},{},0,"[null, null]"
terrain,weight_class::Ultimate Fighter 27 Featherweight Tournament,2022,LINEAR_MIN,0,INSUFFICIENT,0,INSUFFICIENT,0,0,,,,,,,,,,{},{},0,"[null, null]"
terrain,weight_class::Ultimate Fighter 27 Featherweight Tournament,2023,LINEAR_MIN,0,INSUFFICIENT,0,INSUFFICIENT,0,0,,,,,,,,,,{},{},0,"[null, null]"
terrain,weight_class::Ultimate Fighter 27 Featherweight Tournament,2024,LINEAR_MIN,0,INSUFFICIENT,0,INSUFFICIENT,0,0,,,,,,,,,,{},{},0,"[null, null]"
terrain,weight_class::Ultimate Fighter 27 Featherweight Tournament,2025,LINEAR_MIN,0,INSUFFICIENT,0,INSUFFICIENT,0,0,,,,,,,,,,{},{},0,"[null, null]"
terrain,weight_class::Ultimate Fighter 27 Featherweight Tournament,2026,LINEAR_MIN,0,INSUFFICIENT,0,INSUFFICIENT,0,0,,,,,,,,,,{},{},0,"[null, null]"
terrain,weight_class::Ultimate Fighter 27 Featherweight Tournament,2018,XGB,1,INSUFFICIENT,0,INSUFFICIENT,0,0,,,,,,,,,,{},"{""2018"": 1}",0,"[null, null]"
terrain,weight_class::Ultimate Fighter 27 Featherweight Tournament,2019,XGB,0,INSUFFICIENT,0,INSUFFICIENT,0,0,,,,,,,,,,{},{},0,"[null, null]"
terrain,weight_class::Ultimate Fighter 27 Featherweight Tournament,2020,XGB,0,INSUFFICIENT,0,INSUFFICIENT,0,0,,,,,,,,,,{},{},0,"[null, null]"
terrain,weight_class::Ultimate Fighter 27 Featherweight Tournament,2021,XGB,0,INSUFFICIENT,0,INSUFFICIENT,0,0,,,,,,,,,,{},{},0,"[null, null]"
terrain,weight_class::Ultimate Fighter 27 Featherweight Tournament,2022,XGB,0,INSUFFICIENT,0,INSUFFICIENT,0,0,,,,,,,,,,{},{},0,"[null, null]"
terrain,weight_class::Ultimate Fighter 27 Featherweight Tournament,2023,XGB,0,INSUFFICIENT,0,INSUFFICIENT,0,0,,,,,,,,,,{},{},0,"[null, null]"
terrain,weight_class::Ultimate Fighter 27 Featherweight Tournament,2024,XGB,0,INSUFFICIENT,0,INSUFFICIENT,0,0,,,,,,,,,,{},{},0,"[null, null]"
terrain,weight_class::Ultimate Fighter 27 Featherweight Tournament,2025,XGB,0,INSUFFICIENT,0,INSUFFICIENT,0,0,,,,,,,,,,{},{},0,"[null, null]"
terrain,weight_class::Ultimate Fighter 27 Featherweight Tournament,2026,XGB,0,INSUFFICIENT,0,INSUFFICIENT,0,0,,,,,,,,,,{},{},0,"[null, null]"
terrain,weight_class::Ultimate Fighter 27 Featherweight Tournament,2018,LGBM,1,INSUFFICIENT,0,INSUFFICIENT,0,0,,,,,,,,,,{},"{""2018"": 1}",0,"[null, null]"
terrain,weight_class::Ultimate Fighter 27 Featherweight Tournament,2019,LGBM,0,INSUFFICIENT,0,INSUFFICIENT,0,0,,,,,,,,,,{},{},0,"[null, null]"
terrain,weight_class::Ultimate Fighter 27 Featherweight Tournament,2020,LGBM,0,INSUFFICIENT,0,INSUFFICIENT,0,0,,,,,,,,,,{},{},0,"[null, null]"
terrain,weight_class::Ultimate Fighter 27 Featherweight Tournament,2021,LGBM,0,INSUFFICIENT,0,INSUFFICIENT,0,0,,,,,,,,,,{},{},0,"[null, null]"
terrain,weight_class::Ultimate Fighter 27 Featherweight Tournament,2022,LGBM,0,INSUFFICIENT,0,INSUFFICIENT,0,0,,,,,,,,,,{},{},0,"[null, null]"
terrain,weight_class::Ultimate Fighter 27 Featherweight Tournament,2023,LGBM,0,INSUFFICIENT,0,INSUFFICIENT,0,0,,,,,,,,,,{},{},0,"[null, null]"
terrain,weight_class::Ultimate Fighter 27 Featherweight Tournament,2024,LGBM,0,INSUFFICIENT,0,INSUFFICIENT,0,0,,,,,,,,,,{},{},0,"[null, null]"
terrain,weight_class::Ultimate Fighter 27 Featherweight Tournament,2025,LGBM,0,INSUFFICIENT,0,INSUFFICIENT,0,0,,,,,,,,,,{},{},0,"[null, null]"
terrain,weight_class::Ultimate Fighter 27 Featherweight Tournament,2026,LGBM,0,INSUFFICIENT,0,INSUFFICIENT,0,0,,,,,,,,,,{},{},0,"[null, null]"
terrain,weight_class::Ultimate Fighter 27 Featherweight Tournament,2018,CAT,1,INSUFFICIENT,0,INSUFFICIENT,0,0,,,,,,,,,,{},"{""2018"": 1}",0,"[null, null]"
terrain,weight_class::Ultimate Fighter 27 Featherweight Tournament,2019,CAT,0,INSUFFICIENT,0,INSUFFICIENT,0,0,,,,,,,,,,{},{},0,"[null, null]"
terrain,weight_class::Ultimate Fighter 27 Featherweight Tournament,2020,CAT,0,INSUFFICIENT,0,INSUFFICIENT,0,0,,,,,,,,,,{},{},0,"[null, null]"
terrain,weight_class::Ultimate Fighter 27 Featherweight Tournament,2021,CAT,0,INSUFFICIENT,0,INSUFFICIENT,0,0,,,,,,,,,,{},{},0,"[null, null]"
terrain,weight_class::Ultimate Fighter 27 Featherweight Tournament,2022,CAT,0,INSUFFICIENT,0,INSUFFICIENT,0,0,,,,,,,,,,{},{},0,"[null, null]"
terrain,weight_class::Ultimate Fighter 27 Featherweight Tournament,2023,CAT,0,INSUFFICIENT,0,INSUFFICIENT,0,0,,,,,,,,,,{},{},0,"[null, null]"
terrain,weight_class::Ultimate Fighter 27 Featherweight Tournament,2024,CAT,0,INSUFFICIENT,0,INSUFFICIENT,0,0,,,,,,,,,,{},{},0,"[null, null]"
terrain,weight_class::Ultimate Fighter 27 Featherweight Tournament,2025,CAT,0,INSUFFICIENT,0,INSUFFICIENT,0,0,,,,,,,,,,{},{},0,"[null, null]"
terrain,weight_class::Ultimate Fighter 27 Featherweight Tournament,2026,CAT,0,INSUFFICIENT,0,INSUFFICIENT,0,0,,,,,,,,,,{},{},0,"[null, null]"
terrain,weight_class::Ultimate Fighter 27 Featherweight Tournament,2018,SELECT,1,INSUFFICIENT,0,INSUFFICIENT,0,0,,,,,,,,,,{},"{""2018"": 1}",0,"[null, null]"
terrain,weight_class::Ultimate Fighter 27 Featherweight Tournament,2019,SELECT,0,INSUFFICIENT,0,INSUFFICIENT,0,0,,,,,,,,,,{},{},0,"[null, null]"
terrain,weight_class::Ultimate Fighter 27 Featherweight Tournament,2020,SELECT,0,INSUFFICIENT,0,INSUFFICIENT,0,0,,,,,,,,,,{},{},0,"[null, null]"
terrain,weight_class::Ultimate Fighter 27 Featherweight Tournament,2021,SELECT,0,INSUFFICIENT,0,INSUFFICIENT,0,0,,,,,,,,,,{},{},0,"[null, null]"
terrain,weight_class::Ultimate Fighter 27 Featherweight Tournament,2022,SELECT,0,INSUFFICIENT,0,INSUFFICIENT,0,0,,,,,,,,,,{},{},0,"[null, null]"
terrain,weight_class::Ultimate Fighter 27 Featherweight Tournament,2023,SELECT,0,INSUFFICIENT,0,INSUFFICIENT,0,0,,,,,,,,,,{},{},0,"[null, null]"
terrain,weight_class::Ultimate Fighter 27 Featherweight Tournament,2024,SELECT,0,INSUFFICIENT,0,INSUFFICIENT,0,0,,,,,,,,,,{},{},0,"[null, null]"
terrain,weight_class::Ultimate Fighter 27 Featherweight Tournament,2025,SELECT,0,INSUFFICIENT,0,INSUFFICIENT,0,0,,,,,,,,,,{},{},0,"[null, null]"
terrain,weight_class::Ultimate Fighter 27 Featherweight Tournament,2026,SELECT,0,INSUFFICIENT,0,INSUFFICIENT,0,0,,,,,,,,,,{},{},0,"[null, null]"
terrain,weight_class::Ultimate Fighter 27 Lightweight Tournament,2018,LINEAR_MIN,1,INSUFFICIENT,0,INSUFFICIENT,0,0,,,,,,,,,,{},"{""2018"": 1}",0,"[null, null]"
terrain,weight_class::Ultimate Fighter 27 Lightweight Tournament,2019,LINEAR_MIN,0,INSUFFICIENT,0,INSUFFICIENT,0,0,,,,,,,,,,{},{},0,"[null, null]"
terrain,weight_class::Ultimate Fighter 27 Lightweight Tournament,2020,LINEAR_MIN,0,INSUFFICIENT,0,INSUFFICIENT,0,0,,,,,,,,,,{},{},0,"[null, null]"
terrain,weight_class::Ultimate Fighter 27 Lightweight Tournament,2021,LINEAR_MIN,0,INSUFFICIENT,0,INSUFFICIENT,0,0,,,,,,,,,,{},{},0,"[null, null]"
terrain,weight_class::Ultimate Fighter 27 Lightweight Tournament,2022,LINEAR_MIN,0,INSUFFICIENT,0,INSUFFICIENT,0,0,,,,,,,,,,{},{},0,"[null, null]"
terrain,weight_class::Ultimate Fighter 27 Lightweight Tournament,2023,LINEAR_MIN,0,INSUFFICIENT,0,INSUFFICIENT,0,0,,,,,,,,,,{},{},0,"[null, null]"
terrain,weight_class::Ultimate Fighter 27 Lightweight Tournament,2024,LINEAR_MIN,0,INSUFFICIENT,0,INSUFFICIENT,0,0,,,,,,,,,,{},{},0,"[null, null]"
terrain,weight_class::Ultimate Fighter 27 Lightweight Tournament,2025,LINEAR_MIN,0,INSUFFICIENT,0,INSUFFICIENT,0,0,,,,,,,,,,{},{},0,"[null, null]"
terrain,weight_class::Ultimate Fighter 27 Lightweight Tournament,2026,LINEAR_MIN,0,INSUFFICIENT,0,INSUFFICIENT,0,0,,,,,,,,,,{},{},0,"[null, null]"
terrain,weight_class::Ultimate Fighter 27 Lightweight Tournament,2018,XGB,1,INSUFFICIENT,0,INSUFFICIENT,0,0,,,,,,,,,,{},"{""2018"": 1}",0,"[null, null]"
terrain,weight_class::Ultimate Fighter 27 Lightweight Tournament,2019,XGB,0,INSUFFICIENT,0,INSUFFICIENT,0,0,,,,,,,,,,{},{},0,"[null, null]"
terrain,weight_class::Ultimate Fighter 27 Lightweight Tournament,2020,XGB,0,INSUFFICIENT,0,INSUFFICIENT,0,0,,,,,,,,,,{},{},0,"[null, null]"
terrain,weight_class::Ultimate Fighter 27 Lightweight Tournament,2021,XGB,0,INSUFFICIENT,0,INSUFFICIENT,0,0,,,,,,,,,,{},{},0,"[null, null]"
terrain,weight_class::Ultimate Fighter 27 Lightweight Tournament,2022,XGB,0,INSUFFICIENT,0,INSUFFICIENT,0,0,,,,,,,,,,{},{},0,"[null, null]"
terrain,weight_class::Ultimate Fighter 27 Lightweight Tournament,2023,XGB,0,INSUFFICIENT,0,INSUFFICIENT,0,0,,,,,,,,,,{},{},0,"[null, null]"
terrain,weight_class::Ultimate Fighter 27 Lightweight Tournament,2024,XGB,0,INSUFFICIENT,0,INSUFFICIENT,0,0,,,,,,,,,,{},{},0,"[null, null]"
terrain,weight_class::Ultimate Fighter 27 Lightweight Tournament,2025,XGB,0,INSUFFICIENT,0,INSUFFICIENT,0,0,,,,,,,,,,{},{},0,"[null, null]"
terrain,weight_class::Ultimate Fighter 27 Lightweight Tournament,2026,XGB,0,INSUFFICIENT,0,INSUFFICIENT,0,0,,,,,,,,,,{},{},0,"[null, null]"
terrain,weight_class::Ultimate Fighter 27 Lightweight Tournament,2018,LGBM,1,INSUFFICIENT,0,INSUFFICIENT,0,0,,,,,,,,,,{},"{""2018"": 1}",0,"[null, null]"
terrain,weight_class::Ultimate Fighter 27 Lightweight Tournament,2019,LGBM,0,INSUFFICIENT,0,INSUFFICIENT,0,0,,,,,,,,,,{},{},0,"[null, null]"
terrain,weight_class::Ultimate Fighter 27 Lightweight Tournament,2020,LGBM,0,INSUFFICIENT,0,INSUFFICIENT,0,0,,,,,,,,,,{},{},0,"[null, null]"
terrain,weight_class::Ultimate Fighter 27 Lightweight Tournament,2021,LGBM,0,INSUFFICIENT,0,INSUFFICIENT,0,0,,,,,,,,,,{},{},0,"[null, null]"
terrain,weight_class::Ultimate Fighter 27 Lightweight Tournament,2022,LGBM,0,INSUFFICIENT,0,INSUFFICIENT,0,0,,,,,,,,,,{},{},0,"[null, null]"
terrain,weight_class::Ultimate Fighter 27 Lightweight Tournament,2023,LGBM,0,INSUFFICIENT,0,INSUFFICIENT,0,0,,,,,,,,,,{},{},0,"[null, null]"
terrain,weight_class::Ultimate Fighter 27 Lightweight Tournament,2024,LGBM,0,INSUFFICIENT,0,INSUFFICIENT,0,0,,,,,,,,,,{},{},0,"[null, null]"
terrain,weight_class::Ultimate Fighter 27 Lightweight Tournament,2025,LGBM,0,INSUFFICIENT,0,INSUFFICIENT,0,0,,,,,,,,,,{},{},0,"[null, null]"
terrain,weight_class::Ultimate Fighter 27 Lightweight Tournament,2026,LGBM,0,INSUFFICIENT,0,INSUFFICIENT,0,0,,,,,,,,,,{},{},0,"[null, null]"
terrain,weight_class::Ultimate Fighter 27 Lightweight Tournament,2018,CAT,1,INSUFFICIENT,0,INSUFFICIENT,0,0,,,,,,,,,,{},"{""2018"": 1}",0,"[null, null]"
terrain,weight_class::Ultimate Fighter 27 Lightweight Tournament,2019,CAT,0,INSUFFICIENT,0,INSUFFICIENT,0,0,,,,,,,,,,{},{},0,"[null, null]"
terrain,weight_class::Ultimate Fighter 27 Lightweight Tournament,2020,CAT,0,INSUFFICIENT,0,INSUFFICIENT,0,0,,,,,,,,,,{},{},0,"[null, null]"
terrain,weight_class::Ultimate Fighter 27 Lightweight Tournament,2021,CAT,0,INSUFFICIENT,0,INSUFFICIENT,0,0,,,,,,,,,,{},{},0,"[null, null]"
terrain,weight_class::Ultimate Fighter 27 Lightweight Tournament,2022,CAT,0,INSUFFICIENT,0,INSUFFICIENT,0,0,,,,,,,,,,{},{},0,"[null, null]"
terrain,weight_class::Ultimate Fighter 27 Lightweight Tournament,2023,CAT,0,INSUFFICIENT,0,INSUFFICIENT,0,0,,,,,,,,,,{},{},0,"[null, null]"
terrain,weight_class::Ultimate Fighter 27 Lightweight Tournament,2024,CAT,0,INSUFFICIENT,0,INSUFFICIENT,0,0,,,,,,,,,,{},{},0,"[null, null]"
terrain,weight_class::Ultimate Fighter 27 Lightweight Tournament,2025,CAT,0,INSUFFICIENT,0,INSUFFICIENT,0,0,,,,,,,,,,{},{},0,"[null, null]"
terrain,weight_class::Ultimate Fighter 27 Lightweight Tournament,2026,CAT,0,INSUFFICIENT,0,INSUFFICIENT,0,0,,,,,,,,,,{},{},0,"[null, null]"
terrain,weight_class::Ultimate Fighter 27 Lightweight Tournament,2018,SELECT,1,INSUFFICIENT,0,INSUFFICIENT,0,0,,,,,,,,,,{},"{""2018"": 1}",0,"[null, null]"
terrain,weight_class::Ultimate Fighter 27 Lightweight Tournament,2019,SELECT,0,INSUFFICIENT,0,INSUFFICIENT,0,0,,,,,,,,,,{},{},0,"[null, null]"
terrain,weight_class::Ultimate Fighter 27 Lightweight Tournament,2020,SELECT,0,INSUFFICIENT,0,INSUFFICIENT,0,0,,,,,,,,,,{},{},0,"[null, null]"
terrain,weight_class::Ultimate Fighter 27 Lightweight Tournament,2021,SELECT,0,INSUFFICIENT,0,INSUFFICIENT,0,0,,,,,,,,,,{},{},0,"[null, null]"
terrain,weight_class::Ultimate Fighter 27 Lightweight Tournament,2022,SELECT,0,INSUFFICIENT,0,INSUFFICIENT,0,0,,,,,,,,,,{},{},0,"[null, null]"
terrain,weight_class::Ultimate Fighter 27 Lightweight Tournament,2023,SELECT,0,INSUFFICIENT,0,INSUFFICIENT,0,0,,,,,,,,,,{},{},0,"[null, null]"
terrain,weight_class::Ultimate Fighter 27 Lightweight Tournament,2024,SELECT,0,INSUFFICIENT,0,INSUFFICIENT,0,0,,,,,,,,,,{},{},0,"[null, null]"
terrain,weight_class::Ultimate Fighter 27 Lightweight Tournament,2025,SELECT,0,INSUFFICIENT,0,INSUFFICIENT,0,0,,,,,,,,,,{},{},0,"[null, null]"
terrain,weight_class::Ultimate Fighter 27 Lightweight Tournament,2026,SELECT,0,INSUFFICIENT,0,INSUFFICIENT,0,0,,,,,,,,,,{},{},0,"[null, null]"
terrain,weight_class::Ultimate Fighter 28 Heavyweight Tournament,2018,LINEAR_MIN,1,INSUFFICIENT,1,INSUFFICIENT,0,1,0,1,0.69414644202855624,0.30585355797144376,0.69414644202855624,,,,,"{""2018"": 1}","{""2018"": 1}",1,"[0.0, 0.7934506856227626]"
terrain,weight_class::Ultimate Fighter 28 Heavyweight Tournament,2019,LINEAR_MIN,0,INSUFFICIENT,0,INSUFFICIENT,0,0,,,,,,,,,,{},{},0,"[null, null]"
terrain,weight_class::Ultimate Fighter 28 Heavyweight Tournament,2020,LINEAR_MIN,0,INSUFFICIENT,0,INSUFFICIENT,0,0,,,,,,,,,,{},{},0,"[null, null]"
terrain,weight_class::Ultimate Fighter 28 Heavyweight Tournament,2021,LINEAR_MIN,0,INSUFFICIENT,0,INSUFFICIENT,0,0,,,,,,,,,,{},{},0,"[null, null]"
terrain,weight_class::Ultimate Fighter 28 Heavyweight Tournament,2022,LINEAR_MIN,0,INSUFFICIENT,0,INSUFFICIENT,0,0,,,,,,,,,,{},{},0,"[null, null]"
terrain,weight_class::Ultimate Fighter 28 Heavyweight Tournament,2023,LINEAR_MIN,0,INSUFFICIENT,0,INSUFFICIENT,0,0,,,,,,,,,,{},{},0,"[null, null]"
terrain,weight_class::Ultimate Fighter 28 Heavyweight Tournament,2024,LINEAR_MIN,0,INSUFFICIENT,0,INSUFFICIENT,0,0,,,,,,,,,,{},{},0,"[null, null]"
terrain,weight_class::Ultimate Fighter 28 Heavyweight Tournament,2025,LINEAR_MIN,0,INSUFFICIENT,0,INSUFFICIENT,0,0,,,,,,,,,,{},{},0,"[null, null]"
terrain,weight_class::Ultimate Fighter 28 Heavyweight Tournament,2026,LINEAR_MIN,0,INSUFFICIENT,0,INSUFFICIENT,0,0,,,,,,,,,,{},{},0,"[null, null]"
terrain,weight_class::Ultimate Fighter 28 Heavyweight Tournament,2018,XGB,1,INSUFFICIENT,1,INSUFFICIENT,0,1,0,1,0.7090715765953064,0.2909284234046936,0.7090715765953064,,,,,"{""2018"": 1}","{""2018"": 1}",1,"[0.0, 0.7934506856227626]"
terrain,weight_class::Ultimate Fighter 28 Heavyweight Tournament,2019,XGB,0,INSUFFICIENT,0,INSUFFICIENT,0,0,,,,,,,,,,{},{},0,"[null, null]"
terrain,weight_class::Ultimate Fighter 28 Heavyweight Tournament,2020,XGB,0,INSUFFICIENT,0,INSUFFICIENT,0,0,,,,,,,,,,{},{},0,"[null, null]"
terrain,weight_class::Ultimate Fighter 28 Heavyweight Tournament,2021,XGB,0,INSUFFICIENT,0,INSUFFICIENT,0,0,,,,,,,,,,{},{},0,"[null, null]"
terrain,weight_class::Ultimate Fighter 28 Heavyweight Tournament,2022,XGB,0,INSUFFICIENT,0,INSUFFICIENT,0,0,,,,,,,,,,{},{},0,"[null, null]"
terrain,weight_class::Ultimate Fighter 28 Heavyweight Tournament,2023,XGB,0,INSUFFICIENT,0,INSUFFICIENT,0,0,,,,,,,,,,{},{},0,"[null, null]"
terrain,weight_class::Ultimate Fighter 28 Heavyweight Tournament,2024,XGB,0,INSUFFICIENT,0,INSUFFICIENT,0,0,,,,,,,,,,{},{},0,"[null, null]"
terrain,weight_class::Ultimate Fighter 28 Heavyweight Tournament,2025,XGB,0,INSUFFICIENT,0,INSUFFICIENT,0,0,,,,,,,,,,{},{},0,"[null, null]"
terrain,weight_class::Ultimate Fighter 28 Heavyweight Tournament,2026,XGB,0,INSUFFICIENT,0,INSUFFICIENT,0,0,,,,,,,,,,{},{},0,"[null, null]"
terrain,weight_class::Ultimate Fighter 28 Heavyweight Tournament,2018,LGBM,1,INSUFFICIENT,1,INSUFFICIENT,0,1,0,1,0.70355447659327142,0.29644552340672858,0.70355447659327142,,,,,"{""2018"": 1}","{""2018"": 1}",1,"[0.0, 0.7934506856227626]"
terrain,weight_class::Ultimate Fighter 28 Heavyweight Tournament,2019,LGBM,0,INSUFFICIENT,0,INSUFFICIENT,0,0,,,,,,,,,,{},{},0,"[null, null]"
terrain,weight_class::Ultimate Fighter 28 Heavyweight Tournament,2020,LGBM,0,INSUFFICIENT,0,INSUFFICIENT,0,0,,,,,,,,,,{},{},0,"[null, null]"
terrain,weight_class::Ultimate Fighter 28 Heavyweight Tournament,2021,LGBM,0,INSUFFICIENT,0,INSUFFICIENT,0,0,,,,,,,,,,{},{},0,"[null, null]"
terrain,weight_class::Ultimate Fighter 28 Heavyweight Tournament,2022,LGBM,0,INSUFFICIENT,0,INSUFFICIENT,0,0,,,,,,,,,,{},{},0,"[null, null]"
terrain,weight_class::Ultimate Fighter 28 Heavyweight Tournament,2023,LGBM,0,INSUFFICIENT,0,INSUFFICIENT,0,0,,,,,,,,,,{},{},0,"[null, null]"
terrain,weight_class::Ultimate Fighter 28 Heavyweight Tournament,2024,LGBM,0,INSUFFICIENT,0,INSUFFICIENT,0,0,,,,,,,,,,{},{},0,"[null, null]"
terrain,weight_class::Ultimate Fighter 28 Heavyweight Tournament,2025,LGBM,0,INSUFFICIENT,0,INSUFFICIENT,0,0,,,,,,,,,,{},{},0,"[null, null]"
terrain,weight_class::Ultimate Fighter 28 Heavyweight Tournament,2026,LGBM,0,INSUFFICIENT,0,INSUFFICIENT,0,0,,,,,,,,,,{},{},0,"[null, null]"
terrain,weight_class::Ultimate Fighter 28 Heavyweight Tournament,2018,CAT,1,INSUFFICIENT,1,INSUFFICIENT,0,1,0,1,0.73048734361713319,0.26951265638286681,0.73048734361713319,,,,,"{""2018"": 1}","{""2018"": 1}",1,"[0.0, 0.7934506856227626]"
terrain,weight_class::Ultimate Fighter 28 Heavyweight Tournament,2019,CAT,0,INSUFFICIENT,0,INSUFFICIENT,0,0,,,,,,,,,,{},{},0,"[null, null]"
terrain,weight_class::Ultimate Fighter 28 Heavyweight Tournament,2020,CAT,0,INSUFFICIENT,0,INSUFFICIENT,0,0,,,,,,,,,,{},{},0,"[null, null]"
terrain,weight_class::Ultimate Fighter 28 Heavyweight Tournament,2021,CAT,0,INSUFFICIENT,0,INSUFFICIENT,0,0,,,,,,,,,,{},{},0,"[null, null]"
terrain,weight_class::Ultimate Fighter 28 Heavyweight Tournament,2022,CAT,0,INSUFFICIENT,0,INSUFFICIENT,0,0,,,,,,,,,,{},{},0,"[null, null]"
terrain,weight_class::Ultimate Fighter 28 Heavyweight Tournament,2023,CAT,0,INSUFFICIENT,0,INSUFFICIENT,0,0,,,,,,,,,,{},{},0,"[null, null]"
terrain,weight_class::Ultimate Fighter 28 Heavyweight Tournament,2024,CAT,0,INSUFFICIENT,0,INSUFFICIENT,0,0,,,,,,,,,,{},{},0,"[null, null]"
terrain,weight_class::Ultimate Fighter 28 Heavyweight Tournament,2025,CAT,0,INSUFFICIENT,0,INSUFFICIENT,0,0,,,,,,,,,,{},{},0,"[null, null]"
terrain,weight_class::Ultimate Fighter 28 Heavyweight Tournament,2026,CAT,0,INSUFFICIENT,0,INSUFFICIENT,0,0,,,,,,,,,,{},{},0,"[null, null]"
terrain,weight_class::Ultimate Fighter 28 Heavyweight Tournament,2018,SELECT,1,INSUFFICIENT,1,INSUFFICIENT,0,1,0,1,0.7090715765953064,0.2909284234046936,0.7090715765953064,,,,,"{""2018"": 1}","{""2018"": 1}",1,"[0.0, 0.7934506856227626]"
terrain,weight_class::Ultimate Fighter 28 Heavyweight Tournament,2019,SELECT,0,INSUFFICIENT,0,INSUFFICIENT,0,0,,,,,,,,,,{},{},0,"[null, null]"
terrain,weight_class::Ultimate Fighter 28 Heavyweight Tournament,2020,SELECT,0,INSUFFICIENT,0,INSUFFICIENT,0,0,,,,,,,,,,{},{},0,"[null, null]"
terrain,weight_class::Ultimate Fighter 28 Heavyweight Tournament,2021,SELECT,0,INSUFFICIENT,0,INSUFFICIENT,0,0,,,,,,,,,,{},{},0,"[null, null]"
terrain,weight_class::Ultimate Fighter 28 Heavyweight Tournament,2022,SELECT,0,INSUFFICIENT,0,INSUFFICIENT,0,0,,,,,,,,,,{},{},0,"[null, null]"
terrain,weight_class::Ultimate Fighter 28 Heavyweight Tournament,2023,SELECT,0,INSUFFICIENT,0,INSUFFICIENT,0,0,,,,,,,,,,{},{},0,"[null, null]"
terrain,weight_class::Ultimate Fighter 28 Heavyweight Tournament,2024,SELECT,0,INSUFFICIENT,0,INSUFFICIENT,0,0,,,,,,,,,,{},{},0,"[null, null]"
terrain,weight_class::Ultimate Fighter 28 Heavyweight Tournament,2025,SELECT,0,INSUFFICIENT,0,INSUFFICIENT,0,0,,,,,,,,,,{},{},0,"[null, null]"
terrain,weight_class::Ultimate Fighter 28 Heavyweight Tournament,2026,SELECT,0,INSUFFICIENT,0,INSUFFICIENT,0,0,,,,,,,,,,{},{},0,"[null, null]"
terrain,weight_class::Ultimate Fighter 28 Women's Featherweight Tournament,2018,LINEAR_MIN,1,INSUFFICIENT,1,INSUFFICIENT,0,1,0,1,0.57201519746078955,0.42798480253921045,0.57201519746078955,,,,,"{""2018"": 1}","{""2018"": 1}",1,"[0.0, 0.7934506856227626]"
terrain,weight_class::Ultimate Fighter 28 Women's Featherweight Tournament,2019,LINEAR_MIN,0,INSUFFICIENT,0,INSUFFICIENT,0,0,,,,,,,,,,{},{},0,"[null, null]"
terrain,weight_class::Ultimate Fighter 28 Women's Featherweight Tournament,2020,LINEAR_MIN,0,INSUFFICIENT,0,INSUFFICIENT,0,0,,,,,,,,,,{},{},0,"[null, null]"
terrain,weight_class::Ultimate Fighter 28 Women's Featherweight Tournament,2021,LINEAR_MIN,0,INSUFFICIENT,0,INSUFFICIENT,0,0,,,,,,,,,,{},{},0,"[null, null]"
terrain,weight_class::Ultimate Fighter 28 Women's Featherweight Tournament,2022,LINEAR_MIN,0,INSUFFICIENT,0,INSUFFICIENT,0,0,,,,,,,,,,{},{},0,"[null, null]"
terrain,weight_class::Ultimate Fighter 28 Women's Featherweight Tournament,2023,LINEAR_MIN,0,INSUFFICIENT,0,INSUFFICIENT,0,0,,,,,,,,,,{},{},0,"[null, null]"
terrain,weight_class::Ultimate Fighter 28 Women's Featherweight Tournament,2024,LINEAR_MIN,0,INSUFFICIENT,0,INSUFFICIENT,0,0,,,,,,,,,,{},{},0,"[null, null]"
terrain,weight_class::Ultimate Fighter 28 Women's Featherweight Tournament,2025,LINEAR_MIN,0,INSUFFICIENT,0,INSUFFICIENT,0,0,,,,,,,,,,{},{},0,"[null, null]"
terrain,weight_class::Ultimate Fighter 28 Women's Featherweight Tournament,2026,LINEAR_MIN,0,INSUFFICIENT,0,INSUFFICIENT,0,0,,,,,,,,,,{},{},0,"[null, null]"
terrain,weight_class::Ultimate Fighter 28 Women's Featherweight Tournament,2018,XGB,1,INSUFFICIENT,1,INSUFFICIENT,0,1,0,1,0.52138566970825195,0.47861433029174805,0.52138566970825195,,,,,"{""2018"": 1}","{""2018"": 1}",1,"[0.0, 0.7934506856227626]"
terrain,weight_class::Ultimate Fighter 28 Women's Featherweight Tournament,2019,XGB,0,INSUFFICIENT,0,INSUFFICIENT,0,0,,,,,,,,,,{},{},0,"[null, null]"
terrain,weight_class::Ultimate Fighter 28 Women's Featherweight Tournament,2020,XGB,0,INSUFFICIENT,0,INSUFFICIENT,0,0,,,,,,,,,,{},{},0,"[null, null]"
terrain,weight_class::Ultimate Fighter 28 Women's Featherweight Tournament,2021,XGB,0,INSUFFICIENT,0,INSUFFICIENT,0,0,,,,,,,,,,{},{},0,"[null, null]"
terrain,weight_class::Ultimate Fighter 28 Women's Featherweight Tournament,2022,XGB,0,INSUFFICIENT,0,INSUFFICIENT,0,0,,,,,,,,,,{},{},0,"[null, null]"
terrain,weight_class::Ultimate Fighter 28 Women's Featherweight Tournament,2023,XGB,0,INSUFFICIENT,0,INSUFFICIENT,0,0,,,,,,,,,,{},{},0,"[null, null]"
terrain,weight_class::Ultimate Fighter 28 Women's Featherweight Tournament,2024,XGB,0,INSUFFICIENT,0,INSUFFICIENT,0,0,,,,,,,,,,{},{},0,"[null, null]"
terrain,weight_class::Ultimate Fighter 28 Women's Featherweight Tournament,2025,XGB,0,INSUFFICIENT,0,INSUFFICIENT,0,0,,,,,,,,,,{},{},0,"[null, null]"
terrain,weight_class::Ultimate Fighter 28 Women's Featherweight Tournament,2026,XGB,0,INSUFFICIENT,0,INSUFFICIENT,0,0,,,,,,,,,,{},{},0,"[null, null]"
terrain,weight_class::Ultimate Fighter 28 Women's Featherweight Tournament,2018,LGBM,1,INSUFFICIENT,1,INSUFFICIENT,0,1,0,1,0.4961522457751068,0.50384775422489314,0.4961522457751068,,,,,"{""2018"": 1}","{""2018"": 1}",1,"[0.0, 0.7934506856227626]"
terrain,weight_class::Ultimate Fighter 28 Women's Featherweight Tournament,2019,LGBM,0,INSUFFICIENT,0,INSUFFICIENT,0,0,,,,,,,,,,{},{},0,"[null, null]"
terrain,weight_class::Ultimate Fighter 28 Women's Featherweight Tournament,2020,LGBM,0,INSUFFICIENT,0,INSUFFICIENT,0,0,,,,,,,,,,{},{},0,"[null, null]"
terrain,weight_class::Ultimate Fighter 28 Women's Featherweight Tournament,2021,LGBM,0,INSUFFICIENT,0,INSUFFICIENT,0,0,,,,,,,,,,{},{},0,"[null, null]"
terrain,weight_class::Ultimate Fighter 28 Women's Featherweight Tournament,2022,LGBM,0,INSUFFICIENT,0,INSUFFICIENT,0,0,,,,,,,,,,{},{},0,"[null, null]"
terrain,weight_class::Ultimate Fighter 28 Women's Featherweight Tournament,2023,LGBM,0,INSUFFICIENT,0,INSUFFICIENT,0,0,,,,,,,,,,{},{},0,"[null, null]"
terrain,weight_class::Ultimate Fighter 28 Women's Featherweight Tournament,2024,LGBM,0,INSUFFICIENT,0,INSUFFICIENT,0,0,,,,,,,,,,{},{},0,"[null, null]"
terrain,weight_class::Ultimate Fighter 28 Women's Featherweight Tournament,2025,LGBM,0,INSUFFICIENT,0,INSUFFICIENT,0,0,,,,,,,,,,{},{},0,"[null, null]"
terrain,weight_class::Ultimate Fighter 28 Women's Featherweight Tournament,2026,LGBM,0,INSUFFICIENT,0,INSUFFICIENT,0,0,,,,,,,,,,{},{},0,"[null, null]"
terrain,weight_class::Ultimate Fighter 28 Women's Featherweight Tournament,2018,CAT,1,INSUFFICIENT,1,INSUFFICIENT,0,1,0,1,0.51371025176890339,0.48628974823109661,0.51371025176890339,,,,,"{""2018"": 1}","{""2018"": 1}",1,"[0.0, 0.7934506856227626]"
terrain,weight_class::Ultimate Fighter 28 Women's Featherweight Tournament,2019,CAT,0,INSUFFICIENT,0,INSUFFICIENT,0,0,,,,,,,,,,{},{},0,"[null, null]"
terrain,weight_class::Ultimate Fighter 28 Women's Featherweight Tournament,2020,CAT,0,INSUFFICIENT,0,INSUFFICIENT,0,0,,,,,,,,,,{},{},0,"[null, null]"
terrain,weight_class::Ultimate Fighter 28 Women's Featherweight Tournament,2021,CAT,0,INSUFFICIENT,0,INSUFFICIENT,0,0,,,,,,,,,,{},{},0,"[null, null]"
terrain,weight_class::Ultimate Fighter 28 Women's Featherweight Tournament,2022,CAT,0,INSUFFICIENT,0,INSUFFICIENT,0,0,,,,,,,,,,{},{},0,"[null, null]"
terrain,weight_class::Ultimate Fighter 28 Women's Featherweight Tournament,2023,CAT,0,INSUFFICIENT,0,INSUFFICIENT,0,0,,,,,,,,,,{},{},0,"[null, null]"
terrain,weight_class::Ultimate Fighter 28 Women's Featherweight Tournament,2024,CAT,0,INSUFFICIENT,0,INSUFFICIENT,0,0,,,,,,,,,,{},{},0,"[null, null]"
terrain,weight_class::Ultimate Fighter 28 Women's Featherweight Tournament,2025,CAT,0,INSUFFICIENT,0,INSUFFICIENT,0,0,,,,,,,,,,{},{},0,"[null, null]"
terrain,weight_class::Ultimate Fighter 28 Women's Featherweight Tournament,2026,CAT,0,INSUFFICIENT,0,INSUFFICIENT,0,0,,,,,,,,,,{},{},0,"[null, null]"
terrain,weight_class::Ultimate Fighter 28 Women's Featherweight Tournament,2018,SELECT,1,INSUFFICIENT,1,INSUFFICIENT,0,1,0,1,0.52138566970825195,0.47861433029174805,0.52138566970825195,,,,,"{""2018"": 1}","{""2018"": 1}",1,"[0.0, 0.7934506856227626]"
terrain,weight_class::Ultimate Fighter 28 Women's Featherweight Tournament,2019,SELECT,0,INSUFFICIENT,0,INSUFFICIENT,0,0,,,,,,,,,,{},{},0,"[null, null]"
terrain,weight_class::Ultimate Fighter 28 Women's Featherweight Tournament,2020,SELECT,0,INSUFFICIENT,0,INSUFFICIENT,0,0,,,,,,,,,,{},{},0,"[null, null]"
terrain,weight_class::Ultimate Fighter 28 Women's Featherweight Tournament,2021,SELECT,0,INSUFFICIENT,0,INSUFFICIENT,0,0,,,,,,,,,,{},{},0,"[null, null]"
terrain,weight_class::Ultimate Fighter 28 Women's Featherweight Tournament,2022,SELECT,0,INSUFFICIENT,0,INSUFFICIENT,0,0,,,,,,,,,,{},{},0,"[null, null]"
terrain,weight_class::Ultimate Fighter 28 Women's Featherweight Tournament,2023,SELECT,0,INSUFFICIENT,0,INSUFFICIENT,0,0,,,,,,,,,,{},{},0,"[null, null]"
terrain,weight_class::Ultimate Fighter 28 Women's Featherweight Tournament,2024,SELECT,0,INSUFFICIENT,0,INSUFFICIENT,0,0,,,,,,,,,,{},{},0,"[null, null]"
terrain,weight_class::Ultimate Fighter 28 Women's Featherweight Tournament,2025,SELECT,0,INSUFFICIENT,0,INSUFFICIENT,0,0,,,,,,,,,,{},{},0,"[null, null]"
terrain,weight_class::Ultimate Fighter 28 Women's Featherweight Tournament,2026,SELECT,0,INSUFFICIENT,0,INSUFFICIENT,0,0,,,,,,,,,,{},{},0,"[null, null]"
terrain,weight_class::Ultimate Fighter 32 Featherweight Tournament,2018,LINEAR_MIN,0,INSUFFICIENT,0,INSUFFICIENT,0,0,,,,,,,,,,{},{},0,"[null, null]"
terrain,weight_class::Ultimate Fighter 32 Featherweight Tournament,2019,LINEAR_MIN,0,INSUFFICIENT,0,INSUFFICIENT,0,0,,,,,,,,,,{},{},0,"[null, null]"
terrain,weight_class::Ultimate Fighter 32 Featherweight Tournament,2020,LINEAR_MIN,0,INSUFFICIENT,0,INSUFFICIENT,0,0,,,,,,,,,,{},{},0,"[null, null]"
terrain,weight_class::Ultimate Fighter 32 Featherweight Tournament,2021,LINEAR_MIN,0,INSUFFICIENT,0,INSUFFICIENT,0,0,,,,,,,,,,{},{},0,"[null, null]"
terrain,weight_class::Ultimate Fighter 32 Featherweight Tournament,2022,LINEAR_MIN,0,INSUFFICIENT,0,INSUFFICIENT,0,0,,,,,,,,,,{},{},0,"[null, null]"
terrain,weight_class::Ultimate Fighter 32 Featherweight Tournament,2023,LINEAR_MIN,0,INSUFFICIENT,0,INSUFFICIENT,0,0,,,,,,,,,,{},{},0,"[null, null]"
terrain,weight_class::Ultimate Fighter 32 Featherweight Tournament,2024,LINEAR_MIN,1,INSUFFICIENT,1,INSUFFICIENT,1,0,1,0,0.60420041357967091,0.39579958642032909,-0.39579958642032909,,,,,"{""2024"": 1}","{""2024"": 1}",1,"[0.20654931437723745, 1.0]"
terrain,weight_class::Ultimate Fighter 32 Featherweight Tournament,2025,LINEAR_MIN,0,INSUFFICIENT,0,INSUFFICIENT,0,0,,,,,,,,,,{},{},0,"[null, null]"
terrain,weight_class::Ultimate Fighter 32 Featherweight Tournament,2026,LINEAR_MIN,0,INSUFFICIENT,0,INSUFFICIENT,0,0,,,,,,,,,,{},{},0,"[null, null]"
terrain,weight_class::Ultimate Fighter 32 Featherweight Tournament,2018,XGB,0,INSUFFICIENT,0,INSUFFICIENT,0,0,,,,,,,,,,{},{},0,"[null, null]"
terrain,weight_class::Ultimate Fighter 32 Featherweight Tournament,2019,XGB,0,INSUFFICIENT,0,INSUFFICIENT,0,0,,,,,,,,,,{},{},0,"[null, null]"
terrain,weight_class::Ultimate Fighter 32 Featherweight Tournament,2020,XGB,0,INSUFFICIENT,0,INSUFFICIENT,0,0,,,,,,,,,,{},{},0,"[null, null]"
terrain,weight_class::Ultimate Fighter 32 Featherweight Tournament,2021,XGB,0,INSUFFICIENT,0,INSUFFICIENT,0,0,,,,,,,,,,{},{},0,"[null, null]"
terrain,weight_class::Ultimate Fighter 32 Featherweight Tournament,2022,XGB,0,INSUFFICIENT,0,INSUFFICIENT,0,0,,,,,,,,,,{},{},0,"[null, null]"
terrain,weight_class::Ultimate Fighter 32 Featherweight Tournament,2023,XGB,0,INSUFFICIENT,0,INSUFFICIENT,0,0,,,,,,,,,,{},{},0,"[null, null]"
terrain,weight_class::Ultimate Fighter 32 Featherweight Tournament,2024,XGB,1,INSUFFICIENT,1,INSUFFICIENT,1,0,1,0,0.52684897184371948,0.47315102815628052,-0.47315102815628052,,,,,"{""2024"": 1}","{""2024"": 1}",1,"[0.20654931437723745, 1.0]"
terrain,weight_class::Ultimate Fighter 32 Featherweight Tournament,2025,XGB,0,INSUFFICIENT,0,INSUFFICIENT,0,0,,,,,,,,,,{},{},0,"[null, null]"
terrain,weight_class::Ultimate Fighter 32 Featherweight Tournament,2026,XGB,0,INSUFFICIENT,0,INSUFFICIENT,0,0,,,,,,,,,,{},{},0,"[null, null]"
terrain,weight_class::Ultimate Fighter 32 Featherweight Tournament,2018,LGBM,0,INSUFFICIENT,0,INSUFFICIENT,0,0,,,,,,,,,,{},{},0,"[null, null]"
terrain,weight_class::Ultimate Fighter 32 Featherweight Tournament,2019,LGBM,0,INSUFFICIENT,0,INSUFFICIENT,0,0,,,,,,,,,,{},{},0,"[null, null]"
terrain,weight_class::Ultimate Fighter 32 Featherweight Tournament,2020,LGBM,0,INSUFFICIENT,0,INSUFFICIENT,0,0,,,,,,,,,,{},{},0,"[null, null]"
terrain,weight_class::Ultimate Fighter 32 Featherweight Tournament,2021,LGBM,0,INSUFFICIENT,0,INSUFFICIENT,0,0,,,,,,,,,,{},{},0,"[null, null]"
terrain,weight_class::Ultimate Fighter 32 Featherweight Tournament,2022,LGBM,0,INSUFFICIENT,0,INSUFFICIENT,0,0,,,,,,,,,,{},{},0,"[null, null]"
terrain,weight_class::Ultimate Fighter 32 Featherweight Tournament,2023,LGBM,0,INSUFFICIENT,0,INSUFFICIENT,0,0,,,,,,,,,,{},{},0,"[null, null]"
terrain,weight_class::Ultimate Fighter 32 Featherweight Tournament,2024,LGBM,1,INSUFFICIENT,1,INSUFFICIENT,1,0,1,0,0.53768920377897644,0.46231079622102356,-0.46231079622102356,,,,,"{""2024"": 1}","{""2024"": 1}",1,"[0.20654931437723745, 1.0]"
terrain,weight_class::Ultimate Fighter 32 Featherweight Tournament,2025,LGBM,0,INSUFFICIENT,0,INSUFFICIENT,0,0,,,,,,,,,,{},{},0,"[null, null]"
terrain,weight_class::Ultimate Fighter 32 Featherweight Tournament,2026,LGBM,0,INSUFFICIENT,0,INSUFFICIENT,0,0,,,,,,,,,,{},{},0,"[null, null]"
terrain,weight_class::Ultimate Fighter 32 Featherweight Tournament,2018,CAT,0,INSUFFICIENT,0,INSUFFICIENT,0,0,,,,,,,,,,{},{},0,"[null, null]"
terrain,weight_class::Ultimate Fighter 32 Featherweight Tournament,2019,CAT,0,INSUFFICIENT,0,INSUFFICIENT,0,0,,,,,,,,,,{},{},0,"[null, null]"
terrain,weight_class::Ultimate Fighter 32 Featherweight Tournament,2020,CAT,0,INSUFFICIENT,0,INSUFFICIENT,0,0,,,,,,,,,,{},{},0,"[null, null]"
terrain,weight_class::Ultimate Fighter 32 Featherweight Tournament,2021,CAT,0,INSUFFICIENT,0,INSUFFICIENT,0,0,,,,,,,,,,{},{},0,"[null, null]"
terrain,weight_class::Ultimate Fighter 32 Featherweight Tournament,2022,CAT,0,INSUFFICIENT,0,INSUFFICIENT,0,0,,,,,,,,,,{},{},0,"[null, null]"
terrain,weight_class::Ultimate Fighter 32 Featherweight Tournament,2023,CAT,0,INSUFFICIENT,0,INSUFFICIENT,0,0,,,,,,,,,,{},{},0,"[null, null]"
terrain,weight_class::Ultimate Fighter 32 Featherweight Tournament,2024,CAT,1,INSUFFICIENT,1,INSUFFICIENT,1,0,1,0,0.54426945198465138,0.45573054801534862,-0.45573054801534862,,,,,"{""2024"": 1}","{""2024"": 1}",1,"[0.20654931437723745, 1.0]"
terrain,weight_class::Ultimate Fighter 32 Featherweight Tournament,2025,CAT,0,INSUFFICIENT,0,INSUFFICIENT,0,0,,,,,,,,,,{},{},0,"[null, null]"
terrain,weight_class::Ultimate Fighter 32 Featherweight Tournament,2026,CAT,0,INSUFFICIENT,0,INSUFFICIENT,0,0,,,,,,,,,,{},{},0,"[null, null]"
terrain,weight_class::Ultimate Fighter 32 Featherweight Tournament,2018,SELECT,0,INSUFFICIENT,0,INSUFFICIENT,0,0,,,,,,,,,,{},{},0,"[null, null]"
terrain,weight_class::Ultimate Fighter 32 Featherweight Tournament,2019,SELECT,0,INSUFFICIENT,0,INSUFFICIENT,0,0,,,,,,,,,,{},{},0,"[null, null]"
terrain,weight_class::Ultimate Fighter 32 Featherweight Tournament,2020,SELECT,0,INSUFFICIENT,0,INSUFFICIENT,0,0,,,,,,,,,,{},{},0,"[null, null]"
terrain,weight_class::Ultimate Fighter 32 Featherweight Tournament,2021,SELECT,0,INSUFFICIENT,0,INSUFFICIENT,0,0,,,,,,,,,,{},{},0,"[null, null]"
terrain,weight_class::Ultimate Fighter 32 Featherweight Tournament,2022,SELECT,0,INSUFFICIENT,0,INSUFFICIENT,0,0,,,,,,,,,,{},{},0,"[null, null]"
terrain,weight_class::Ultimate Fighter 32 Featherweight Tournament,2023,SELECT,0,INSUFFICIENT,0,INSUFFICIENT,0,0,,,,,,,,,,{},{},0,"[null, null]"
terrain,weight_class::Ultimate Fighter 32 Featherweight Tournament,2024,SELECT,1,INSUFFICIENT,1,INSUFFICIENT,1,0,1,0,0.54426945198465138,0.45573054801534862,-0.45573054801534862,,,,,"{""2024"": 1}","{""2024"": 1}",1,"[0.20654931437723745, 1.0]"
terrain,weight_class::Ultimate Fighter 32 Featherweight Tournament,2025,SELECT,0,INSUFFICIENT,0,INSUFFICIENT,0,0,,,,,,,,,,{},{},0,"[null, null]"
terrain,weight_class::Ultimate Fighter 32 Featherweight Tournament,2026,SELECT,0,INSUFFICIENT,0,INSUFFICIENT,0,0,,,,,,,,,,{},{},0,"[null, null]"
terrain,weight_class::Ultimate Fighter 32 Middleweight Tournament,2018,LINEAR_MIN,0,INSUFFICIENT,0,INSUFFICIENT,0,0,,,,,,,,,,{},{},0,"[null, null]"
terrain,weight_class::Ultimate Fighter 32 Middleweight Tournament,2019,LINEAR_MIN,0,INSUFFICIENT,0,INSUFFICIENT,0,0,,,,,,,,,,{},{},0,"[null, null]"
terrain,weight_class::Ultimate Fighter 32 Middleweight Tournament,2020,LINEAR_MIN,0,INSUFFICIENT,0,INSUFFICIENT,0,0,,,,,,,,,,{},{},0,"[null, null]"
terrain,weight_class::Ultimate Fighter 32 Middleweight Tournament,2021,LINEAR_MIN,0,INSUFFICIENT,0,INSUFFICIENT,0,0,,,,,,,,,,{},{},0,"[null, null]"
terrain,weight_class::Ultimate Fighter 32 Middleweight Tournament,2022,LINEAR_MIN,0,INSUFFICIENT,0,INSUFFICIENT,0,0,,,,,,,,,,{},{},0,"[null, null]"
terrain,weight_class::Ultimate Fighter 32 Middleweight Tournament,2023,LINEAR_MIN,0,INSUFFICIENT,0,INSUFFICIENT,0,0,,,,,,,,,,{},{},0,"[null, null]"
terrain,weight_class::Ultimate Fighter 32 Middleweight Tournament,2024,LINEAR_MIN,1,INSUFFICIENT,1,INSUFFICIENT,1,0,1,0,0.61751560210720391,0.38248439789279609,-0.38248439789279609,,,,,"{""2024"": 1}","{""2024"": 1}",1,"[0.20654931437723745, 1.0]"
terrain,weight_class::Ultimate Fighter 32 Middleweight Tournament,2025,LINEAR_MIN,0,INSUFFICIENT,0,INSUFFICIENT,0,0,,,,,,,,,,{},{},0,"[null, null]"
terrain,weight_class::Ultimate Fighter 32 Middleweight Tournament,2026,LINEAR_MIN,0,INSUFFICIENT,0,INSUFFICIENT,0,0,,,,,,,,,,{},{},0,"[null, null]"
terrain,weight_class::Ultimate Fighter 32 Middleweight Tournament,2018,XGB,0,INSUFFICIENT,0,INSUFFICIENT,0,0,,,,,,,,,,{},{},0,"[null, null]"
terrain,weight_class::Ultimate Fighter 32 Middleweight Tournament,2019,XGB,0,INSUFFICIENT,0,INSUFFICIENT,0,0,,,,,,,,,,{},{},0,"[null, null]"
terrain,weight_class::Ultimate Fighter 32 Middleweight Tournament,2020,XGB,0,INSUFFICIENT,0,INSUFFICIENT,0,0,,,,,,,,,,{},{},0,"[null, null]"
terrain,weight_class::Ultimate Fighter 32 Middleweight Tournament,2021,XGB,0,INSUFFICIENT,0,INSUFFICIENT,0,0,,,,,,,,,,{},{},0,"[null, null]"
terrain,weight_class::Ultimate Fighter 32 Middleweight Tournament,2022,XGB,0,INSUFFICIENT,0,INSUFFICIENT,0,0,,,,,,,,,,{},{},0,"[null, null]"
terrain,weight_class::Ultimate Fighter 32 Middleweight Tournament,2023,XGB,0,INSUFFICIENT,0,INSUFFICIENT,0,0,,,,,,,,,,{},{},0,"[null, null]"
terrain,weight_class::Ultimate Fighter 32 Middleweight Tournament,2024,XGB,1,INSUFFICIENT,1,INSUFFICIENT,1,0,1,0,0.52684897184371948,0.47315102815628052,-0.47315102815628052,,,,,"{""2024"": 1}","{""2024"": 1}",1,"[0.20654931437723745, 1.0]"
terrain,weight_class::Ultimate Fighter 32 Middleweight Tournament,2025,XGB,0,INSUFFICIENT,0,INSUFFICIENT,0,0,,,,,,,,,,{},{},0,"[null, null]"
terrain,weight_class::Ultimate Fighter 32 Middleweight Tournament,2026,XGB,0,INSUFFICIENT,0,INSUFFICIENT,0,0,,,,,,,,,,{},{},0,"[null, null]"
terrain,weight_class::Ultimate Fighter 32 Middleweight Tournament,2018,LGBM,0,INSUFFICIENT,0,INSUFFICIENT,0,0,,,,,,,,,,{},{},0,"[null, null]"
terrain,weight_class::Ultimate Fighter 32 Middleweight Tournament,2019,LGBM,0,INSUFFICIENT,0,INSUFFICIENT,0,0,,,,,,,,,,{},{},0,"[null, null]"
terrain,weight_class::Ultimate Fighter 32 Middleweight Tournament,2020,LGBM,0,INSUFFICIENT,0,INSUFFICIENT,0,0,,,,,,,,,,{},{},0,"[null, null]"
terrain,weight_class::Ultimate Fighter 32 Middleweight Tournament,2021,LGBM,0,INSUFFICIENT,0,INSUFFICIENT,0,0,,,,,,,,,,{},{},0,"[null, null]"
terrain,weight_class::Ultimate Fighter 32 Middleweight Tournament,2022,LGBM,0,INSUFFICIENT,0,INSUFFICIENT,0,0,,,,,,,,,,{},{},0,"[null, null]"
terrain,weight_class::Ultimate Fighter 32 Middleweight Tournament,2023,LGBM,0,INSUFFICIENT,0,INSUFFICIENT,0,0,,,,,,,,,,{},{},0,"[null, null]"
terrain,weight_class::Ultimate Fighter 32 Middleweight Tournament,2024,LGBM,1,INSUFFICIENT,1,INSUFFICIENT,1,0,1,0,0.53768920377897644,0.46231079622102356,-0.46231079622102356,,,,,"{""2024"": 1}","{""2024"": 1}",1,"[0.20654931437723745, 1.0]"
terrain,weight_class::Ultimate Fighter 32 Middleweight Tournament,2025,LGBM,0,INSUFFICIENT,0,INSUFFICIENT,0,0,,,,,,,,,,{},{},0,"[null, null]"
terrain,weight_class::Ultimate Fighter 32 Middleweight Tournament,2026,LGBM,0,INSUFFICIENT,0,INSUFFICIENT,0,0,,,,,,,,,,{},{},0,"[null, null]"
terrain,weight_class::Ultimate Fighter 32 Middleweight Tournament,2018,CAT,0,INSUFFICIENT,0,INSUFFICIENT,0,0,,,,,,,,,,{},{},0,"[null, null]"
terrain,weight_class::Ultimate Fighter 32 Middleweight Tournament,2019,CAT,0,INSUFFICIENT,0,INSUFFICIENT,0,0,,,,,,,,,,{},{},0,"[null, null]"
terrain,weight_class::Ultimate Fighter 32 Middleweight Tournament,2020,CAT,0,INSUFFICIENT,0,INSUFFICIENT,0,0,,,,,,,,,,{},{},0,"[null, null]"
terrain,weight_class::Ultimate Fighter 32 Middleweight Tournament,2021,CAT,0,INSUFFICIENT,0,INSUFFICIENT,0,0,,,,,,,,,,{},{},0,"[null, null]"
terrain,weight_class::Ultimate Fighter 32 Middleweight Tournament,2022,CAT,0,INSUFFICIENT,0,INSUFFICIENT,0,0,,,,,,,,,,{},{},0,"[null, null]"
terrain,weight_class::Ultimate Fighter 32 Middleweight Tournament,2023,CAT,0,INSUFFICIENT,0,INSUFFICIENT,0,0,,,,,,,,,,{},{},0,"[null, null]"
terrain,weight_class::Ultimate Fighter 32 Middleweight Tournament,2024,CAT,1,INSUFFICIENT,1,INSUFFICIENT,1,0,1,0,0.54426945198465138,0.45573054801534862,-0.45573054801534862,,,,,"{""2024"": 1}","{""2024"": 1}",1,"[0.20654931437723745, 1.0]"
terrain,weight_class::Ultimate Fighter 32 Middleweight Tournament,2025,CAT,0,INSUFFICIENT,0,INSUFFICIENT,0,0,,,,,,,,,,{},{},0,"[null, null]"
terrain,weight_class::Ultimate Fighter 32 Middleweight Tournament,2026,CAT,0,INSUFFICIENT,0,INSUFFICIENT,0,0,,,,,,,,,,{},{},0,"[null, null]"
terrain,weight_class::Ultimate Fighter 32 Middleweight Tournament,2018,SELECT,0,INSUFFICIENT,0,INSUFFICIENT,0,0,,,,,,,,,,{},{},0,"[null, null]"
terrain,weight_class::Ultimate Fighter 32 Middleweight Tournament,2019,SELECT,0,INSUFFICIENT,0,INSUFFICIENT,0,0,,,,,,,,,,{},{},0,"[null, null]"
terrain,weight_class::Ultimate Fighter 32 Middleweight Tournament,2020,SELECT,0,INSUFFICIENT,0,INSUFFICIENT,0,0,,,,,,,,,,{},{},0,"[null, null]"
terrain,weight_class::Ultimate Fighter 32 Middleweight Tournament,2021,SELECT,0,INSUFFICIENT,0,INSUFFICIENT,0,0,,,,,,,,,,{},{},0,"[null, null]"
terrain,weight_class::Ultimate Fighter 32 Middleweight Tournament,2022,SELECT,0,INSUFFICIENT,0,INSUFFICIENT,0,0,,,,,,,,,,{},{},0,"[null, null]"
terrain,weight_class::Ultimate Fighter 32 Middleweight Tournament,2023,SELECT,0,INSUFFICIENT,0,INSUFFICIENT,0,0,,,,,,,,,,{},{},0,"[null, null]"
terrain,weight_class::Ultimate Fighter 32 Middleweight Tournament,2024,SELECT,1,INSUFFICIENT,1,INSUFFICIENT,1,0,1,0,0.54426945198465138,0.45573054801534862,-0.45573054801534862,,,,,"{""2024"": 1}","{""2024"": 1}",1,"[0.20654931437723745, 1.0]"
terrain,weight_class::Ultimate Fighter 32 Middleweight Tournament,2025,SELECT,0,INSUFFICIENT,0,INSUFFICIENT,0,0,,,,,,,,,,{},{},0,"[null, null]"
terrain,weight_class::Ultimate Fighter 32 Middleweight Tournament,2026,SELECT,0,INSUFFICIENT,0,INSUFFICIENT,0,0,,,,,,,,,,{},{},0,"[null, null]"
terrain,weight_class::Ultimate Fighter 33 Flyweight Tournament,2018,LINEAR_MIN,0,INSUFFICIENT,0,INSUFFICIENT,0,0,,,,,,,,,,{},{},0,"[null, null]"
terrain,weight_class::Ultimate Fighter 33 Flyweight Tournament,2019,LINEAR_MIN,0,INSUFFICIENT,0,INSUFFICIENT,0,0,,,,,,,,,,{},{},0,"[null, null]"
terrain,weight_class::Ultimate Fighter 33 Flyweight Tournament,2020,LINEAR_MIN,0,INSUFFICIENT,0,INSUFFICIENT,0,0,,,,,,,,,,{},{},0,"[null, null]"
terrain,weight_class::Ultimate Fighter 33 Flyweight Tournament,2021,LINEAR_MIN,0,INSUFFICIENT,0,INSUFFICIENT,0,0,,,,,,,,,,{},{},0,"[null, null]"
terrain,weight_class::Ultimate Fighter 33 Flyweight Tournament,2022,LINEAR_MIN,0,INSUFFICIENT,0,INSUFFICIENT,0,0,,,,,,,,,,{},{},0,"[null, null]"
terrain,weight_class::Ultimate Fighter 33 Flyweight Tournament,2023,LINEAR_MIN,0,INSUFFICIENT,0,INSUFFICIENT,0,0,,,,,,,,,,{},{},0,"[null, null]"
terrain,weight_class::Ultimate Fighter 33 Flyweight Tournament,2024,LINEAR_MIN,0,INSUFFICIENT,0,INSUFFICIENT,0,0,,,,,,,,,,{},{},0,"[null, null]"
terrain,weight_class::Ultimate Fighter 33 Flyweight Tournament,2025,LINEAR_MIN,1,INSUFFICIENT,1,INSUFFICIENT,0,1,0,1,0.54645614710427959,0.45354385289572041,0.54645614710427959,,,,,"{""2025"": 1}","{""2025"": 1}",1,"[0.0, 0.7934506856227626]"
terrain,weight_class::Ultimate Fighter 33 Flyweight Tournament,2026,LINEAR_MIN,0,INSUFFICIENT,0,INSUFFICIENT,0,0,,,,,,,,,,{},{},0,"[null, null]"
terrain,weight_class::Ultimate Fighter 33 Flyweight Tournament,2018,XGB,0,INSUFFICIENT,0,INSUFFICIENT,0,0,,,,,,,,,,{},{},0,"[null, null]"
terrain,weight_class::Ultimate Fighter 33 Flyweight Tournament,2019,XGB,0,INSUFFICIENT,0,INSUFFICIENT,0,0,,,,,,,,,,{},{},0,"[null, null]"
terrain,weight_class::Ultimate Fighter 33 Flyweight Tournament,2020,XGB,0,INSUFFICIENT,0,INSUFFICIENT,0,0,,,,,,,,,,{},{},0,"[null, null]"
terrain,weight_class::Ultimate Fighter 33 Flyweight Tournament,2021,XGB,0,INSUFFICIENT,0,INSUFFICIENT,0,0,,,,,,,,,,{},{},0,"[null, null]"
terrain,weight_class::Ultimate Fighter 33 Flyweight Tournament,2022,XGB,0,INSUFFICIENT,0,INSUFFICIENT,0,0,,,,,,,,,,{},{},0,"[null, null]"
terrain,weight_class::Ultimate Fighter 33 Flyweight Tournament,2023,XGB,0,INSUFFICIENT,0,INSUFFICIENT,0,0,,,,,,,,,,{},{},0,"[null, null]"
terrain,weight_class::Ultimate Fighter 33 Flyweight Tournament,2024,XGB,0,INSUFFICIENT,0,INSUFFICIENT,0,0,,,,,,,,,,{},{},0,"[null, null]"
terrain,weight_class::Ultimate Fighter 33 Flyweight Tournament,2025,XGB,1,INSUFFICIENT,1,INSUFFICIENT,0,1,0,1,0.6091916561126709,0.3908083438873291,0.6091916561126709,,,,,"{""2025"": 1}","{""2025"": 1}",1,"[0.0, 0.7934506856227626]"
terrain,weight_class::Ultimate Fighter 33 Flyweight Tournament,2026,XGB,0,INSUFFICIENT,0,INSUFFICIENT,0,0,,,,,,,,,,{},{},0,"[null, null]"
terrain,weight_class::Ultimate Fighter 33 Flyweight Tournament,2018,LGBM,0,INSUFFICIENT,0,INSUFFICIENT,0,0,,,,,,,,,,{},{},0,"[null, null]"
terrain,weight_class::Ultimate Fighter 33 Flyweight Tournament,2019,LGBM,0,INSUFFICIENT,0,INSUFFICIENT,0,0,,,,,,,,,,{},{},0,"[null, null]"
terrain,weight_class::Ultimate Fighter 33 Flyweight Tournament,2020,LGBM,0,INSUFFICIENT,0,INSUFFICIENT,0,0,,,,,,,,,,{},{},0,"[null, null]"
terrain,weight_class::Ultimate Fighter 33 Flyweight Tournament,2021,LGBM,0,INSUFFICIENT,0,INSUFFICIENT,0,0,,,,,,,,,,{},{},0,"[null, null]"
terrain,weight_class::Ultimate Fighter 33 Flyweight Tournament,2022,LGBM,0,INSUFFICIENT,0,INSUFFICIENT,0,0,,,,,,,,,,{},{},0,"[null, null]"
terrain,weight_class::Ultimate Fighter 33 Flyweight Tournament,2023,LGBM,0,INSUFFICIENT,0,INSUFFICIENT,0,0,,,,,,,,,,{},{},0,"[null, null]"
terrain,weight_class::Ultimate Fighter 33 Flyweight Tournament,2024,LGBM,0,INSUFFICIENT,0,INSUFFICIENT,0,0,,,,,,,,,,{},{},0,"[null, null]"
terrain,weight_class::Ultimate Fighter 33 Flyweight Tournament,2025,LGBM,1,INSUFFICIENT,1,INSUFFICIENT,0,1,0,1,0.595396149602469,0.404603850397531,0.595396149602469,,,,,"{""2025"": 1}","{""2025"": 1}",1,"[0.0, 0.7934506856227626]"
terrain,weight_class::Ultimate Fighter 33 Flyweight Tournament,2026,LGBM,0,INSUFFICIENT,0,INSUFFICIENT,0,0,,,,,,,,,,{},{},0,"[null, null]"
terrain,weight_class::Ultimate Fighter 33 Flyweight Tournament,2018,CAT,0,INSUFFICIENT,0,INSUFFICIENT,0,0,,,,,,,,,,{},{},0,"[null, null]"
terrain,weight_class::Ultimate Fighter 33 Flyweight Tournament,2019,CAT,0,INSUFFICIENT,0,INSUFFICIENT,0,0,,,,,,,,,,{},{},0,"[null, null]"
terrain,weight_class::Ultimate Fighter 33 Flyweight Tournament,2020,CAT,0,INSUFFICIENT,0,INSUFFICIENT,0,0,,,,,,,,,,{},{},0,"[null, null]"
terrain,weight_class::Ultimate Fighter 33 Flyweight Tournament,2021,CAT,0,INSUFFICIENT,0,INSUFFICIENT,0,0,,,,,,,,,,{},{},0,"[null, null]"
terrain,weight_class::Ultimate Fighter 33 Flyweight Tournament,2022,CAT,0,INSUFFICIENT,0,INSUFFICIENT,0,0,,,,,,,,,,{},{},0,"[null, null]"
terrain,weight_class::Ultimate Fighter 33 Flyweight Tournament,2023,CAT,0,INSUFFICIENT,0,INSUFFICIENT,0,0,,,,,,,,,,{},{},0,"[null, null]"
terrain,weight_class::Ultimate Fighter 33 Flyweight Tournament,2024,CAT,0,INSUFFICIENT,0,INSUFFICIENT,0,0,,,,,,,,,,{},{},0,"[null, null]"
terrain,weight_class::Ultimate Fighter 33 Flyweight Tournament,2025,CAT,1,INSUFFICIENT,1,INSUFFICIENT,0,1,0,1,0.58751783339210317,0.41248216660789683,0.58751783339210317,,,,,"{""2025"": 1}","{""2025"": 1}",1,"[0.0, 0.7934506856227626]"
terrain,weight_class::Ultimate Fighter 33 Flyweight Tournament,2026,CAT,0,INSUFFICIENT,0,INSUFFICIENT,0,0,,,,,,,,,,{},{},0,"[null, null]"
terrain,weight_class::Ultimate Fighter 33 Flyweight Tournament,2018,SELECT,0,INSUFFICIENT,0,INSUFFICIENT,0,0,,,,,,,,,,{},{},0,"[null, null]"
terrain,weight_class::Ultimate Fighter 33 Flyweight Tournament,2019,SELECT,0,INSUFFICIENT,0,INSUFFICIENT,0,0,,,,,,,,,,{},{},0,"[null, null]"
terrain,weight_class::Ultimate Fighter 33 Flyweight Tournament,2020,SELECT,0,INSUFFICIENT,0,INSUFFICIENT,0,0,,,,,,,,,,{},{},0,"[null, null]"
terrain,weight_class::Ultimate Fighter 33 Flyweight Tournament,2021,SELECT,0,INSUFFICIENT,0,INSUFFICIENT,0,0,,,,,,,,,,{},{},0,"[null, null]"
terrain,weight_class::Ultimate Fighter 33 Flyweight Tournament,2022,SELECT,0,INSUFFICIENT,0,INSUFFICIENT,0,0,,,,,,,,,,{},{},0,"[null, null]"
terrain,weight_class::Ultimate Fighter 33 Flyweight Tournament,2023,SELECT,0,INSUFFICIENT,0,INSUFFICIENT,0,0,,,,,,,,,,{},{},0,"[null, null]"
terrain,weight_class::Ultimate Fighter 33 Flyweight Tournament,2024,SELECT,0,INSUFFICIENT,0,INSUFFICIENT,0,0,,,,,,,,,,{},{},0,"[null, null]"
terrain,weight_class::Ultimate Fighter 33 Flyweight Tournament,2025,SELECT,1,INSUFFICIENT,1,INSUFFICIENT,0,1,0,1,0.595396149602469,0.404603850397531,0.595396149602469,,,,,"{""2025"": 1}","{""2025"": 1}",1,"[0.0, 0.7934506856227626]"
terrain,weight_class::Ultimate Fighter 33 Flyweight Tournament,2026,SELECT,0,INSUFFICIENT,0,INSUFFICIENT,0,0,,,,,,,,,,{},{},0,"[null, null]"
terrain,weight_class::Ultimate Fighter 33 Welterweight Tournament,2018,LINEAR_MIN,0,INSUFFICIENT,0,INSUFFICIENT,0,0,,,,,,,,,,{},{},0,"[null, null]"
terrain,weight_class::Ultimate Fighter 33 Welterweight Tournament,2019,LINEAR_MIN,0,INSUFFICIENT,0,INSUFFICIENT,0,0,,,,,,,,,,{},{},0,"[null, null]"
terrain,weight_class::Ultimate Fighter 33 Welterweight Tournament,2020,LINEAR_MIN,0,INSUFFICIENT,0,INSUFFICIENT,0,0,,,,,,,,,,{},{},0,"[null, null]"
terrain,weight_class::Ultimate Fighter 33 Welterweight Tournament,2021,LINEAR_MIN,0,INSUFFICIENT,0,INSUFFICIENT,0,0,,,,,,,,,,{},{},0,"[null, null]"
terrain,weight_class::Ultimate Fighter 33 Welterweight Tournament,2022,LINEAR_MIN,0,INSUFFICIENT,0,INSUFFICIENT,0,0,,,,,,,,,,{},{},0,"[null, null]"
terrain,weight_class::Ultimate Fighter 33 Welterweight Tournament,2023,LINEAR_MIN,0,INSUFFICIENT,0,INSUFFICIENT,0,0,,,,,,,,,,{},{},0,"[null, null]"
terrain,weight_class::Ultimate Fighter 33 Welterweight Tournament,2024,LINEAR_MIN,0,INSUFFICIENT,0,INSUFFICIENT,0,0,,,,,,,,,,{},{},0,"[null, null]"
terrain,weight_class::Ultimate Fighter 33 Welterweight Tournament,2025,LINEAR_MIN,1,INSUFFICIENT,1,INSUFFICIENT,1,0,1,0,0.61450717515729403,0.38549282484270597,-0.38549282484270597,,,,,"{""2025"": 1}","{""2025"": 1}",1,"[0.20654931437723745, 1.0]"
terrain,weight_class::Ultimate Fighter 33 Welterweight Tournament,2026,LINEAR_MIN,0,INSUFFICIENT,0,INSUFFICIENT,0,0,,,,,,,,,,{},{},0,"[null, null]"
terrain,weight_class::Ultimate Fighter 33 Welterweight Tournament,2018,XGB,0,INSUFFICIENT,0,INSUFFICIENT,0,0,,,,,,,,,,{},{},0,"[null, null]"
terrain,weight_class::Ultimate Fighter 33 Welterweight Tournament,2019,XGB,0,INSUFFICIENT,0,INSUFFICIENT,0,0,,,,,,,,,,{},{},0,"[null, null]"
terrain,weight_class::Ultimate Fighter 33 Welterweight Tournament,2020,XGB,0,INSUFFICIENT,0,INSUFFICIENT,0,0,,,,,,,,,,{},{},0,"[null, null]"
terrain,weight_class::Ultimate Fighter 33 Welterweight Tournament,2021,XGB,0,INSUFFICIENT,0,INSUFFICIENT,0,0,,,,,,,,,,{},{},0,"[null, null]"
terrain,weight_class::Ultimate Fighter 33 Welterweight Tournament,2022,XGB,0,INSUFFICIENT,0,INSUFFICIENT,0,0,,,,,,,,,,{},{},0,"[null, null]"
terrain,weight_class::Ultimate Fighter 33 Welterweight Tournament,2023,XGB,0,INSUFFICIENT,0,INSUFFICIENT,0,0,,,,,,,,,,{},{},0,"[null, null]"
terrain,weight_class::Ultimate Fighter 33 Welterweight Tournament,2024,XGB,0,INSUFFICIENT,0,INSUFFICIENT,0,0,,,,,,,,,,{},{},0,"[null, null]"
terrain,weight_class::Ultimate Fighter 33 Welterweight Tournament,2025,XGB,1,INSUFFICIENT,1,INSUFFICIENT,1,0,1,0,0.5825042724609375,0.4174957275390625,-0.4174957275390625,,,,,"{""2025"": 1}","{""2025"": 1}",1,"[0.20654931437723745, 1.0]"
terrain,weight_class::Ultimate Fighter 33 Welterweight Tournament,2026,XGB,0,INSUFFICIENT,0,INSUFFICIENT,0,0,,,,,,,,,,{},{},0,"[null, null]"
terrain,weight_class::Ultimate Fighter 33 Welterweight Tournament,2018,LGBM,0,INSUFFICIENT,0,INSUFFICIENT,0,0,,,,,,,,,,{},{},0,"[null, null]"
terrain,weight_class::Ultimate Fighter 33 Welterweight Tournament,2019,LGBM,0,INSUFFICIENT,0,INSUFFICIENT,0,0,,,,,,,,,,{},{},0,"[null, null]"
terrain,weight_class::Ultimate Fighter 33 Welterweight Tournament,2020,LGBM,0,INSUFFICIENT,0,INSUFFICIENT,0,0,,,,,,,,,,{},{},0,"[null, null]"
terrain,weight_class::Ultimate Fighter 33 Welterweight Tournament,2021,LGBM,0,INSUFFICIENT,0,INSUFFICIENT,0,0,,,,,,,,,,{},{},0,"[null, null]"
terrain,weight_class::Ultimate Fighter 33 Welterweight Tournament,2022,LGBM,0,INSUFFICIENT,0,INSUFFICIENT,0,0,,,,,,,,,,{},{},0,"[null, null]"
terrain,weight_class::Ultimate Fighter 33 Welterweight Tournament,2023,LGBM,0,INSUFFICIENT,0,INSUFFICIENT,0,0,,,,,,,,,,{},{},0,"[null, null]"
terrain,weight_class::Ultimate Fighter 33 Welterweight Tournament,2024,LGBM,0,INSUFFICIENT,0,INSUFFICIENT,0,0,,,,,,,,,,{},{},0,"[null, null]"
terrain,weight_class::Ultimate Fighter 33 Welterweight Tournament,2025,LGBM,1,INSUFFICIENT,1,INSUFFICIENT,1,0,1,0,0.57929201188883761,0.42070798811116239,-0.42070798811116239,,,,,"{""2025"": 1}","{""2025"": 1}",1,"[0.20654931437723745, 1.0]"
terrain,weight_class::Ultimate Fighter 33 Welterweight Tournament,2026,LGBM,0,INSUFFICIENT,0,INSUFFICIENT,0,0,,,,,,,,,,{},{},0,"[null, null]"
terrain,weight_class::Ultimate Fighter 33 Welterweight Tournament,2018,CAT,0,INSUFFICIENT,0,INSUFFICIENT,0,0,,,,,,,,,,{},{},0,"[null, null]"
terrain,weight_class::Ultimate Fighter 33 Welterweight Tournament,2019,CAT,0,INSUFFICIENT,0,INSUFFICIENT,0,0,,,,,,,,,,{},{},0,"[null, null]"
terrain,weight_class::Ultimate Fighter 33 Welterweight Tournament,2020,CAT,0,INSUFFICIENT,0,INSUFFICIENT,0,0,,,,,,,,,,{},{},0,"[null, null]"
terrain,weight_class::Ultimate Fighter 33 Welterweight Tournament,2021,CAT,0,INSUFFICIENT,0,INSUFFICIENT,0,0,,,,,,,,,,{},{},0,"[null, null]"
terrain,weight_class::Ultimate Fighter 33 Welterweight Tournament,2022,CAT,0,INSUFFICIENT,0,INSUFFICIENT,0,0,,,,,,,,,,{},{},0,"[null, null]"
terrain,weight_class::Ultimate Fighter 33 Welterweight Tournament,2023,CAT,0,INSUFFICIENT,0,INSUFFICIENT,0,0,,,,,,,,,,{},{},0,"[null, null]"
terrain,weight_class::Ultimate Fighter 33 Welterweight Tournament,2024,CAT,0,INSUFFICIENT,0,INSUFFICIENT,0,0,,,,,,,,,,{},{},0,"[null, null]"
terrain,weight_class::Ultimate Fighter 33 Welterweight Tournament,2025,CAT,1,INSUFFICIENT,1,INSUFFICIENT,1,0,1,0,0.59052537523133464,0.40947462476866536,-0.40947462476866536,,,,,"{""2025"": 1}","{""2025"": 1}",1,"[0.20654931437723745, 1.0]"
terrain,weight_class::Ultimate Fighter 33 Welterweight Tournament,2026,CAT,0,INSUFFICIENT,0,INSUFFICIENT,0,0,,,,,,,,,,{},{},0,"[null, null]"
terrain,weight_class::Ultimate Fighter 33 Welterweight Tournament,2018,SELECT,0,INSUFFICIENT,0,INSUFFICIENT,0,0,,,,,,,,,,{},{},0,"[null, null]"
terrain,weight_class::Ultimate Fighter 33 Welterweight Tournament,2019,SELECT,0,INSUFFICIENT,0,INSUFFICIENT,0,0,,,,,,,,,,{},{},0,"[null, null]"
terrain,weight_class::Ultimate Fighter 33 Welterweight Tournament,2020,SELECT,0,INSUFFICIENT,0,INSUFFICIENT,0,0,,,,,,,,,,{},{},0,"[null, null]"
terrain,weight_class::Ultimate Fighter 33 Welterweight Tournament,2021,SELECT,0,INSUFFICIENT,0,INSUFFICIENT,0,0,,,,,,,,,,{},{},0,"[null, null]"
terrain,weight_class::Ultimate Fighter 33 Welterweight Tournament,2022,SELECT,0,INSUFFICIENT,0,INSUFFICIENT,0,0,,,,,,,,,,{},{},0,"[null, null]"
terrain,weight_class::Ultimate Fighter 33 Welterweight Tournament,2023,SELECT,0,INSUFFICIENT,0,INSUFFICIENT,0,0,,,,,,,,,,{},{},0,"[null, null]"
terrain,weight_class::Ultimate Fighter 33 Welterweight Tournament,2024,SELECT,0,INSUFFICIENT,0,INSUFFICIENT,0,0,,,,,,,,,,{},{},0,"[null, null]"
terrain,weight_class::Ultimate Fighter 33 Welterweight Tournament,2025,SELECT,1,INSUFFICIENT,1,INSUFFICIENT,1,0,1,0,0.57929201188883761,0.42070798811116239,-0.42070798811116239,,,,,"{""2025"": 1}","{""2025"": 1}",1,"[0.20654931437723745, 1.0]"
terrain,weight_class::Ultimate Fighter 33 Welterweight Tournament,2026,SELECT,0,INSUFFICIENT,0,INSUFFICIENT,0,0,,,,,,,,,,{},{},0,"[null, null]"
terrain,weight_class::Welterweight,2018,LINEAR_MIN,78,MODERATE_UNCERTAINTY,45,THIN_EXPLORATORY,31,14,0.68888888888888888,0.31111111111111112,0.69694782545908851,0.30305217454091149,0.0080589365701996263,0.6369451753362837,0.21384447062060077,0,0,"{""2018"": 45}","{""2018"": 78}",27,"[0.5433519442263318, 0.804713007363466]"
terrain,weight_class::Welterweight,2019,LINEAR_MIN,76,MODERATE_UNCERTAINTY,37,THIN_EXPLORATORY,25,12,0.67567567567567566,0.32432432432432434,0.69015046867716789,0.30984953132283211,0.014474793001492237,0.63189700266247406,0.21988483303769757,0,0,"{""2019"": 37}","{""2019"": 76}",24,"[0.514636672419722, 0.8036673347185581]"
terrain,weight_class::Welterweight,2020,LINEAR_MIN,52,MODERATE_UNCERTAINTY,21,INSUFFICIENT,15,6,0.7142857142857143,0.2857142857142857,0.7036363862407029,0.2963636137592971,-0.010649328045011397,,,,,"{""2020"": 21}","{""2020"": 52}",21,"[0.5004361928391441, 0.8618613704787788]"
terrain,weight_class::Welterweight,2021,LINEAR_MIN,59,MODERATE_UNCERTAINTY,26,THIN_EXPLORATORY,16,10,0.61538461538461542,0.38461538461538464,0.67309336624749783,0.32690663375250217,0.057708750862882408,0.66457022559157175,0.23152372383648559,0,0,"{""2021"": 26}","{""2021"": 59}",22,"[0.4253485008511553, 0.7757140556428721]"
terrain,weight_class::Welterweight,2022,LINEAR_MIN,61,MODERATE_UNCERTAINTY,33,THIN_EXPLORATORY,25,8,0.75757575757575757,0.24242424242424243,0.7064973299508559,0.2935026700491441,-0.051078427624901668,0.56545242237925375,0.19082756069138065,0,0,"{""2022"": 33}","{""2022"": 61}",24,"[0.5897538017044264, 0.8716828662282499]"
terrain,weight_class::Welterweight,2023,LINEAR_MIN,61,MODERATE_UNCERTAINTY,34,THIN_EXPLORATORY,14,20,0.41176470588235292,0.58823529411764708,0.69987259033583826,0.30012740966416174,0.28810788445348534,0.7903007869798685,0.29358021173652854,0,0,"{""2023"": 34}","{""2023"": 61}",23,"[0.2636596836387115, 0.5777840612118749]"
terrain,weight_class::Welterweight,2024,LINEAR_MIN,62,MODERATE_UNCERTAINTY,30,THIN_EXPLORATORY,23,7,0.76666666666666672,0.23333333333333334,0.67733958439621278,0.32266041560378722,-0.089327082270453939,0.46922603713772509,0.1492399927529155,0,0,"{""2024"": 30}","{""2024"": 62}",22,"[0.5907167384187784, 0.8820761185551049]"
terrain,weight_class::Welterweight,2025,LINEAR_MIN,57,MODERATE_UNCERTAINTY,36,THIN_EXPLORATORY,26,10,0.72222222222222221,0.27777777777777779,0.70238425656685877,0.29761574343314123,-0.019837965655363443,0.56862335864174129,0.19025895933261308,0,0,"{""2025"": 36}","{""2025"": 57}",30,"[0.5600751000260289, 0.841516620598654]"
terrain,weight_class::Welterweight,2026,LINEAR_MIN,38,THIN_EXPLORATORY,20,INSUFFICIENT,16,4,0.80000000000000004,0.20000000000000001,0.68743890644757222,0.31256109355242778,-0.11256109355242783,,,,,"{""2026"": 20}","{""2026"": 38}",16,"[0.5839825677481064, 0.919342337420202]"
terrain,weight_class::Welterweight,2018,XGB,78,MODERATE_UNCERTAINTY,45,THIN_EXPLORATORY,31,14,0.68888888888888888,0.31111111111111112,0.66039649049441018,0.33960350950558982,-0.028492398394478702,0.61317944796670443,0.20910377694219962,-0.023765727369579399,-0.0047406936784011259,"{""2018"": 45}","{""2018"": 78}",27,"[0.5433519442263318, 0.804713007363466]"
terrain,weight_class::Welterweight,2019,XGB,76,MODERATE_UNCERTAINTY,37,THIN_EXPLORATORY,25,12,0.67567567567567566,0.32432432432432434,0.67240921226707662,0.32759078773292338,-0.0032664634085990407,0.63937733640059058,0.21862777410564557,0.0074803337381164547,-0.0012570589320520106,"{""2019"": 37}","{""2019"": 76}",24,"[0.514636672419722, 0.8036673347185581]"
terrain,weight_class::Welterweight,2020,XGB,52,MODERATE_UNCERTAINTY,21,INSUFFICIENT,15,6,0.7142857142857143,0.2857142857142857,0.66988004815010793,0.33011995184989207,-0.04440566613560637,,,,,"{""2020"": 21}","{""2020"": 52}",21,"[0.5004361928391441, 0.8618613704787788]"
terrain,weight_class::Welterweight,2021,XGB,59,MODERATE_UNCERTAINTY,26,THIN_EXPLORATORY,16,10,0.61538461538461542,0.38461538461538464,0.66579486658939946,0.33420513341060054,0.05041025120478404,0.67986978905166484,0.24038677274163447,0.015299563460092997,0.0088630489051488726,"{""2021"": 26}","{""2021"": 59}",22,"[0.4253485008511553, 0.7757140556428721]"
terrain,weight_class::Welterweight,2022,XGB,61,MODERATE_UNCERTAINTY,33,THIN_EXPLORATORY,25,8,0.75757575757575757,0.24242424242424243,0.68137899492726184,0.31862100507273816,-0.076196762648495731,0.54218519122792219,0.18026997270704589,-0.023267231151331655,-0.010557587984334788,"{""2022"": 33}","{""2022"": 61}",24,"[0.5897538017044264, 0.8716828662282499]"
terrain,weight_class::Welterweight,2023,XGB,61,MODERATE_UNCERTAINTY,34,THIN_EXPLORATORY,14,20,0.41176470588235292,0.58823529411764708,0.67460607868783617,0.32539392131216383,0.26284137280548325,0.76424607419586243,0.28594170555024734,-0.026054712784006239,-0.0076385061862811665,"{""2023"": 34}","{""2023"": 61}",23,"[0.2636596836387115, 0.5777840612118749]"
terrain,weight_class::Welterweight,2024,XGB,62,MODERATE_UNCERTAINTY,30,THIN_EXPLORATORY,23,7,0.76666666666666672,0.23333333333333334,0.65824349025885265,0.34175650974114735,-0.10842317640781407,0.47139660042673059,0.14605491702529586,0.0021705632890054688,-0.0031850757276196502,"{""2024"": 30}","{""2024"": 62}",22,"[0.5907167384187784, 0.8820761185551049]"
terrain,weight_class::Welterweight,2025,XGB,57,MODERATE_UNCERTAINTY,36,THIN_EXPLORATORY,26,10,0.72222222222222221,0.27777777777777779,0.69702548119756913,0.30297451880243087,-0.02519674102465308,0.52754402703348469,0.17546070240852135,-0.041079331608256782,-0.014798256924091745,"{""2025"": 36}","{""2025"": 57}",30,"[0.5600751000260289, 0.841516620598654]"
terrain,weight_class::Welterweight,2026,XGB,38,THIN_EXPLORATORY,20,INSUFFICIENT,16,4,0.80000000000000004,0.20000000000000001,0.69703160524368291,0.30296839475631709,-0.10296839475631714,,,,,"{""2026"": 20}","{""2026"": 38}",16,"[0.5839825677481064, 0.919342337420202]"
terrain,weight_class::Welterweight,2018,LGBM,78,MODERATE_UNCERTAINTY,45,THIN_EXPLORATORY,31,14,0.68888888888888888,0.31111111111111112,0.65259379319192123,0.34740620680807877,-0.03629509569696765,0.59398731309008501,0.20091837125745352,-0.042957862246198825,-0.0129260993631472,"{""2018"": 45}","{""2018"": 78}",27,"[0.5433519442263318, 0.804713007363466]"
terrain,weight_class::Welterweight,2019,LGBM,76,MODERATE_UNCERTAINTY,37,THIN_EXPLORATORY,25,12,0.67567567567567566,0.32432432432432434,0.66753634255417904,0.33246365744582096,-0.0081393331214966169,0.61826636913708644,0.20974469174698643,-0.01363063352538761,-0.01014014129071112,"{""2019"": 37}","{""2019"": 76}",24,"[0.514636672419722, 0.8036673347185581]"
terrain,weight_class::Welterweight,2020,LGBM,52,MODERATE_UNCERTAINTY,21,INSUFFICIENT,15,6,0.7142857142857143,0.2857142857142857,0.68185327922600014,0.31814672077399986,-0.03243243505971416,,,,,"{""2020"": 21}","{""2020"": 52}",21,"[0.5004361928391441, 0.8618613704787788]"
terrain,weight_class::Welterweight,2021,LGBM,59,MODERATE_UNCERTAINTY,26,THIN_EXPLORATORY,16,10,0.61538461538461542,0.38461538461538464,0.66943929878190167,0.33056070121809833,0.054054683397286252,0.67477627633220749,0.23703361232701042,0.010206050740635863,0.0055098884905248205,"{""2021"": 26}","{""2021"": 59}",22,"[0.4253485008511553, 0.7757140556428721]"
terrain,weight_class::Welterweight,2022,LGBM,61,MODERATE_UNCERTAINTY,33,THIN_EXPLORATORY,25,8,0.75757575757575757,0.24242424242424243,0.68644053552051121,0.31355946447948879,-0.071135222055246361,0.5321214664542141,0.17686534369389778,-0.033330955925039742,-0.013962216997482874,"{""2022"": 33}","{""2022"": 61}",24,"[0.5897538017044264, 0.8716828662282499]"
terrain,weight_class::Welterweight,2023,LGBM,61,MODERATE_UNCERTAINTY,34,THIN_EXPLORATORY,14,20,0.41176470588235292,0.58823529411764708,0.68123215695725736,0.31876784304274264,0.26946745107490444,0.77044055915068865,0.28845522555426589,-0.019860227829179858,-0.0051249861822625998,"{""2023"": 34}","{""2023"": 61}",23,"[0.2636596836387115, 0.5777840612118749]"
terrain,weight_class::Welterweight,2024,LGBM,62,MODERATE_UNCERTAINTY,30,THIN_EXPLORATORY,23,7,0.76666666666666672,0.23333333333333334,0.68529729096936343,0.31470270903063657,-0.081369375697303292,0.43790744562088962,0.13308850980419043,-0.031318591516835394,-0.016151482948725072,"{""2024"": 30}","{""2024"": 62}",22,"[0.5907167384187784, 0.8820761185551049]"
terrain,weight_class::Welterweight,2025,LGBM,57,MODERATE_UNCERTAINTY,36,THIN_EXPLORATORY,26,10,0.72222222222222221,0.27777777777777779,0.69498662411035184,0.30501337588964816,-0.027235598111870374,0.53067971123916147,0.1768143298169878,-0.037943647402579939,-0.01344462951562532,"{""2025"": 36}","{""2025"": 57}",30,"[0.5600751000260289, 0.841516620598654]"
terrain,weight_class::Welterweight,2026,LGBM,38,THIN_EXPLORATORY,20,INSUFFICIENT,16,4,0.80000000000000004,0.20000000000000001,0.68581225423749093,0.31418774576250907,-0.11418774576250912,,,,,"{""2026"": 20}","{""2026"": 38}",16,"[0.5839825677481064, 0.919342337420202]"
terrain,weight_class::Welterweight,2018,CAT,78,MODERATE_UNCERTAINTY,45,THIN_EXPLORATORY,31,14,0.68888888888888888,0.31111111111111112,0.6642966286773011,0.3357033713226989,-0.02459226021158778,0.57287700338304748,0.19107347347169529,-0.064068171953236164,-0.022770997148905483,"{""2018"": 45}","{""2018"": 78}",27,"[0.5433519442263318, 0.804713007363466]"
terrain,weight_class::Welterweight,2019,CAT,76,MODERATE_UNCERTAINTY,37,THIN_EXPLORATORY,25,12,0.67567567567567566,0.32432432432432434,0.6859738727028003,0.3140261272971997,0.010298197027124645,0.63910063949976981,0.22017290226016506,0.007203636837295602,0.00028806922246748357,"{""2019"": 37}","{""2019"": 76}",24,"[0.514636672419722, 0.8036673347185581]"
terrain,weight_class::Welterweight,2020,CAT,52,MODERATE_UNCERTAINTY,21,INSUFFICIENT,15,6,0.7142857142857143,0.2857142857142857,0.68183693567481307,0.31816306432518693,-0.03244877861090123,,,,,"{""2020"": 21}","{""2020"": 52}",21,"[0.5004361928391441, 0.8618613704787788]"
terrain,weight_class::Welterweight,2021,CAT,59,MODERATE_UNCERTAINTY,26,THIN_EXPLORATORY,16,10,0.61538461538461542,0.38461538461538464,0.67358015711883656,0.32641984288116344,0.058195541734221146,0.69101051609068775,0.23562083761516117,0.026440290499115945,0.0040971137786755731,"{""2021"": 26}","{""2021"": 59}",22,"[0.4253485008511553, 0.7757140556428721]"
terrain,weight_class::Welterweight,2022,CAT,61,MODERATE_UNCERTAINTY,33,THIN_EXPLORATORY,25,8,0.75757575757575757,0.24242424242424243,0.70325587628089004,0.29674412371910996,-0.054319881294867534,0.51236640818355927,0.16912028812700905,-0.053086014195694475,-0.021707272564371629,"{""2022"": 33}","{""2022"": 61}",24,"[0.5897538017044264, 0.8716828662282499]"
terrain,weight_class::Welterweight,2023,CAT,61,MODERATE_UNCERTAINTY,34,THIN_EXPLORATORY,14,20,0.41176470588235292,0.58823529411764708,0.68328489834568185,0.31671510165431815,0.27152019246332892,0.78118817717257127,0.2930414627777635,-0.0091126098072972159,-0.00053874895876500556,"{""2023"": 34}","{""2023"": 61}",23,"[0.2636596836387115, 0.5777840612118749]"
terrain,weight_class::Welterweight,2024,CAT,62,MODERATE_UNCERTAINTY,30,THIN_EXPLORATORY,23,7,0.76666666666666672,0.23333333333333334,0.70682404847458402,0.29317595152541598,-0.059842618192082697,0.45450159404003826,0.14244839084190805,-0.014724443097686887,-0.0067916019110074409,"{""2024"": 30}","{""2024"": 62}",22,"[0.5907167384187784, 0.8820761185551049]"
terrain,weight_class::Welterweight,2025,CAT,57,MODERATE_UNCERTAINTY,36,THIN_EXPLORATORY,26,10,0.72222222222222221,0.27777777777777779,0.68093009078158662,0.31906990921841338,-0.041292131440635593,0.51568927085759197,0.16903175635831597,-0.052934087784149403,-0.02122720297429714,"{""2025"": 36}","{""2025"": 57}",30,"[0.5600751000260289, 0.841516620598654]"
terrain,weight_class::Welterweight,2026,CAT,38,THIN_EXPLORATORY,20,INSUFFICIENT,16,4,0.80000000000000004,0.20000000000000001,0.6857381198499547,0.3142618801500453,-0.11426188015004535,,,,,"{""2026"": 20}","{""2026"": 38}",16,"[0.5839825677481064, 0.919342337420202]"
terrain,weight_class::Welterweight,2018,SELECT,78,MODERATE_UNCERTAINTY,45,THIN_EXPLORATORY,31,14,0.68888888888888888,0.31111111111111112,0.66039649049441018,0.33960350950558982,-0.028492398394478702,0.61317944796670443,0.20910377694219962,-0.023765727369579399,-0.0047406936784011259,"{""2018"": 45}","{""2018"": 78}",27,"[0.5433519442263318, 0.804713007363466]"
terrain,weight_class::Welterweight,2019,SELECT,76,MODERATE_UNCERTAINTY,37,THIN_EXPLORATORY,25,12,0.67567567567567566,0.32432432432432434,0.67240921226707662,0.32759078773292338,-0.0032664634085990407,0.63937733640059058,0.21862777410564557,0.0074803337381164547,-0.0012570589320520106,"{""2019"": 37}","{""2019"": 76}",24,"[0.514636672419722, 0.8036673347185581]"
terrain,weight_class::Welterweight,2020,SELECT,52,MODERATE_UNCERTAINTY,21,INSUFFICIENT,15,6,0.7142857142857143,0.2857142857142857,0.68185327922600014,0.31814672077399986,-0.03243243505971416,,,,,"{""2020"": 21}","{""2020"": 52}",21,"[0.5004361928391441, 0.8618613704787788]"
terrain,weight_class::Welterweight,2021,SELECT,59,MODERATE_UNCERTAINTY,26,THIN_EXPLORATORY,16,10,0.61538461538461542,0.38461538461538464,0.67358015711883656,0.32641984288116344,0.058195541734221146,0.69101051609068775,0.23562083761516117,0.026440290499115945,0.0040971137786755731,"{""2021"": 26}","{""2021"": 59}",22,"[0.4253485008511553, 0.7757140556428721]"
terrain,weight_class::Welterweight,2022,SELECT,61,MODERATE_UNCERTAINTY,33,THIN_EXPLORATORY,25,8,0.75757575757575757,0.24242424242424243,0.68644053552051121,0.31355946447948879,-0.071135222055246361,0.5321214664542141,0.17686534369389778,-0.033330955925039742,-0.013962216997482874,"{""2022"": 33}","{""2022"": 61}",24,"[0.5897538017044264, 0.8716828662282499]"
terrain,weight_class::Welterweight,2023,SELECT,61,MODERATE_UNCERTAINTY,34,THIN_EXPLORATORY,14,20,0.41176470588235292,0.58823529411764708,0.68328489834568185,0.31671510165431815,0.27152019246332892,0.78118817717257127,0.2930414627777635,-0.0091126098072972159,-0.00053874895876500556,"{""2023"": 34}","{""2023"": 61}",23,"[0.2636596836387115, 0.5777840612118749]"
terrain,weight_class::Welterweight,2024,SELECT,62,MODERATE_UNCERTAINTY,30,THIN_EXPLORATORY,23,7,0.76666666666666672,0.23333333333333334,0.70682404847458402,0.29317595152541598,-0.059842618192082697,0.45450159404003826,0.14244839084190805,-0.014724443097686887,-0.0067916019110074409,"{""2024"": 30}","{""2024"": 62}",22,"[0.5907167384187784, 0.8820761185551049]"
terrain,weight_class::Welterweight,2025,SELECT,57,MODERATE_UNCERTAINTY,36,THIN_EXPLORATORY,26,10,0.72222222222222221,0.27777777777777779,0.69498662411035184,0.30501337588964816,-0.027235598111870374,0.53067971123916147,0.1768143298169878,-0.037943647402579939,-0.01344462951562532,"{""2025"": 36}","{""2025"": 57}",30,"[0.5600751000260289, 0.841516620598654]"
terrain,weight_class::Welterweight,2026,SELECT,38,THIN_EXPLORATORY,20,INSUFFICIENT,16,4,0.80000000000000004,0.20000000000000001,0.68581225423749093,0.31418774576250907,-0.11418774576250912,,,,,"{""2026"": 20}","{""2026"": 38}",16,"[0.5839825677481064, 0.919342337420202]"
terrain,weight_class::Women's Bantamweight,2018,LINEAR_MIN,12,INSUFFICIENT,3,INSUFFICIENT,2,1,0.66666666666666663,0.33333333333333331,0.5875829001586621,0.4124170998413379,-0.079083766508004527,,,,,"{""2018"": 3}","{""2018"": 12}",3,"[0.2076596008020477, 0.9385080552796037]"
terrain,weight_class::Women's Bantamweight,2019,LINEAR_MIN,23,INSUFFICIENT,10,INSUFFICIENT,8,2,0.80000000000000004,0.20000000000000001,0.592863940064013,0.407136059935987,-0.20713605993598705,,,,,"{""2019"": 10}","{""2019"": 23}",9,"[0.49016247153664183, 0.9433178485456247]"
terrain,weight_class::Women's Bantamweight,2020,LINEAR_MIN,18,INSUFFICIENT,3,INSUFFICIENT,2,1,0.66666666666666663,0.33333333333333331,0.61829029996202378,0.38170970003797622,-0.048376366704642848,,,,,"{""2020"": 3}","{""2020"": 18}",3,"[0.2076596008020477, 0.9385080552796037]"
terrain,weight_class::Women's Bantamweight,2021,LINEAR_MIN,18,INSUFFICIENT,7,INSUFFICIENT,4,3,0.5714285714285714,0.42857142857142855,0.56651776251632013,0.43348223748367987,-0.0049108089122512633,,,,,"{""2021"": 7}","{""2021"": 18}",7,"[0.2504583645276572, 0.8417801447485302]"
terrain,weight_class::Women's Bantamweight,2022,LINEAR_MIN,15,INSUFFICIENT,6,INSUFFICIENT,3,3,0.5,0.5,0.57709594196914782,0.42290405803085218,0.077095941969147819,,,,,"{""2022"": 6}","{""2022"": 15}",6,"[0.1876163064826506, 0.8123836935173494]"
terrain,weight_class::Women's Bantamweight,2023,LINEAR_MIN,18,INSUFFICIENT,4,INSUFFICIENT,0,4,0,1,0.57375611593775622,0.42624388406224378,0.57375611593775622,,,,,"{""2023"": 4}","{""2023"": 18}",4,"[0.0, 0.4898908364545973]"
terrain,weight_class::Women's Bantamweight,2024,LINEAR_MIN,21,INSUFFICIENT,9,INSUFFICIENT,4,5,0.44444444444444442,0.55555555555555558,0.60870490697214874,0.39129509302785126,0.16426046252770432,,,,,"{""2024"": 9}","{""2024"": 21}",9,"[0.18877852109766452, 0.733348706504507]"
terrain,weight_class::Women's Bantamweight,2025,LINEAR_MIN,20,INSUFFICIENT,8,INSUFFICIENT,4,4,0.5,0.5,0.54144690131207551,0.45855309868792449,0.041446901312075513,,,,,"{""2025"": 8}","{""2025"": 20}",8,"[0.21521606221387757, 0.7847839377861224]"
terrain,weight_class::Women's Bantamweight,2026,LINEAR_MIN,13,INSUFFICIENT,6,INSUFFICIENT,2,4,0.33333333333333331,0.66666666666666663,0.56240088318664905,0.43759911681335095,0.22906754985331573,,,,,"{""2026"": 6}","{""2026"": 13}",6,"[0.09677141110578041, 0.700006684861608]"
terrain,weight_class::Women's Bantamweight,2018,XGB,12,INSUFFICIENT,3,INSUFFICIENT,2,1,0.66666666666666663,0.33333333333333331,0.59965205192565918,0.40034794807434082,-0.06701461474100745,,,,,"{""2018"": 3}","{""2018"": 12}",3,"[0.2076596008020477, 0.9385080552796037]"
terrain,weight_class::Women's Bantamweight,2019,XGB,23,INSUFFICIENT,10,INSUFFICIENT,8,2,0.80000000000000004,0.20000000000000001,0.56198622584342961,0.43801377415657039,-0.23801377415657043,,,,,"{""2019"": 10}","{""2019"": 23}",9,"[0.49016247153664183, 0.9433178485456247]"
terrain,weight_class::Women's Bantamweight,2020,XGB,18,INSUFFICIENT,3,INSUFFICIENT,2,1,0.66666666666666663,0.33333333333333331,0.60394640763600671,0.39605359236399329,-0.062720259030659919,,,,,"{""2020"": 3}","{""2020"": 18}",3,"[0.2076596008020477, 0.9385080552796037]"
terrain,weight_class::Women's Bantamweight,2021,XGB,18,INSUFFICIENT,7,INSUFFICIENT,4,3,0.5714285714285714,0.42857142857142855,0.53324710471289494,0.46675289528710506,-0.03818146671567646,,,,,"{""2021"": 7}","{""2021"": 18}",7,"[0.2504583645276572, 0.8417801447485302]"
terrain,weight_class::Women's Bantamweight,2022,XGB,15,INSUFFICIENT,6,INSUFFICIENT,3,3,0.5,0.5,0.60517823696136475,0.39482176303863525,0.10517823696136475,,,,,"{""2022"": 6}","{""2022"": 15}",6,"[0.1876163064826506, 0.8123836935173494]"
terrain,weight_class::Women's Bantamweight,2023,XGB,18,INSUFFICIENT,4,INSUFFICIENT,0,4,0,1,0.54965854436159134,0.45034145563840866,0.54965854436159134,,,,,"{""2023"": 4}","{""2023"": 18}",4,"[0.0, 0.4898908364545973]"
terrain,weight_class::Women's Bantamweight,2024,XGB,21,INSUFFICIENT,9,INSUFFICIENT,4,5,0.44444444444444442,0.55555555555555558,0.5935325026512146,0.4064674973487854,0.14908805820677018,,,,,"{""2024"": 9}","{""2024"": 21}",9,"[0.18877852109766452, 0.733348706504507]"
terrain,weight_class::Women's Bantamweight,2025,XGB,20,INSUFFICIENT,8,INSUFFICIENT,4,4,0.5,0.5,0.58878219500184059,0.41121780499815941,0.088782195001840591,,,,,"{""2025"": 8}","{""2025"": 20}",8,"[0.21521606221387757, 0.7847839377861224]"
terrain,weight_class::Women's Bantamweight,2026,XGB,13,INSUFFICIENT,6,INSUFFICIENT,2,4,0.33333333333333331,0.66666666666666663,0.54418894648551941,0.45581105351448059,0.21085561315218609,,,,,"{""2026"": 6}","{""2026"": 13}",6,"[0.09677141110578041, 0.700006684861608]"
terrain,weight_class::Women's Bantamweight,2018,LGBM,12,INSUFFICIENT,3,INSUFFICIENT,2,1,0.66666666666666663,0.33333333333333331,0.61097190391988709,0.38902809608011291,-0.055694762746779536,,,,,"{""2018"": 3}","{""2018"": 12}",3,"[0.2076596008020477, 0.9385080552796037]"
terrain,weight_class::Women's Bantamweight,2019,LGBM,23,INSUFFICIENT,10,INSUFFICIENT,8,2,0.80000000000000004,0.20000000000000001,0.55561393352222765,0.44438606647777235,-0.24438606647777239,,,,,"{""2019"": 10}","{""2019"": 23}",9,"[0.49016247153664183, 0.9433178485456247]"
terrain,weight_class::Women's Bantamweight,2020,LGBM,18,INSUFFICIENT,3,INSUFFICIENT,2,1,0.66666666666666663,0.33333333333333331,0.62878176983100864,0.37121823016899136,-0.037884896835657988,,,,,"{""2020"": 3}","{""2020"": 18}",3,"[0.2076596008020477, 0.9385080552796037]"
terrain,weight_class::Women's Bantamweight,2021,LGBM,18,INSUFFICIENT,7,INSUFFICIENT,4,3,0.5714285714285714,0.42857142857142855,0.54147756211847631,0.45852243788152369,-0.029951009310095089,,,,,"{""2021"": 7}","{""2021"": 18}",7,"[0.2504583645276572, 0.8417801447485302]"
terrain,weight_class::Women's Bantamweight,2022,LGBM,15,INSUFFICIENT,6,INSUFFICIENT,3,3,0.5,0.5,0.58620360747358102,0.41379639252641898,0.086203607473581023,,,,,"{""2022"": 6}","{""2022"": 15}",6,"[0.1876163064826506, 0.8123836935173494]"
terrain,weight_class::Women's Bantamweight,2023,LGBM,18,INSUFFICIENT,4,INSUFFICIENT,0,4,0,1,0.57064224004456221,0.42935775995543779,0.57064224004456221,,,,,"{""2023"": 4}","{""2023"": 18}",4,"[0.0, 0.4898908364545973]"
terrain,weight_class::Women's Bantamweight,2024,LGBM,21,INSUFFICIENT,9,INSUFFICIENT,4,5,0.44444444444444442,0.55555555555555558,0.60920790430383409,0.39079209569616591,0.16476345985938967,,,,,"{""2024"": 9}","{""2024"": 21}",9,"[0.18877852109766452, 0.733348706504507]"
terrain,weight_class::Women's Bantamweight,2025,LGBM,20,INSUFFICIENT,8,INSUFFICIENT,4,4,0.5,0.5,0.58097412672957804,0.41902587327042196,0.080974126729578044,,,,,"{""2025"": 8}","{""2025"": 20}",8,"[0.21521606221387757, 0.7847839377861224]"
terrain,weight_class::Women's Bantamweight,2026,LGBM,13,INSUFFICIENT,6,INSUFFICIENT,2,4,0.33333333333333331,0.66666666666666663,0.54302193692675194,0.45697806307324806,0.20968860359341862,,,,,"{""2026"": 6}","{""2026"": 13}",6,"[0.09677141110578041, 0.700006684861608]"
terrain,weight_class::Women's Bantamweight,2018,CAT,12,INSUFFICIENT,3,INSUFFICIENT,2,1,0.66666666666666663,0.33333333333333331,0.56922946100595329,0.43077053899404671,-0.097437205660713344,,,,,"{""2018"": 3}","{""2018"": 12}",3,"[0.2076596008020477, 0.9385080552796037]"
terrain,weight_class::Women's Bantamweight,2019,CAT,23,INSUFFICIENT,10,INSUFFICIENT,8,2,0.80000000000000004,0.20000000000000001,0.58089113047925933,0.41910886952074067,-0.21910886952074071,,,,,"{""2019"": 10}","{""2019"": 23}",9,"[0.49016247153664183, 0.9433178485456247]"
terrain,weight_class::Women's Bantamweight,2020,CAT,18,INSUFFICIENT,3,INSUFFICIENT,2,1,0.66666666666666663,0.33333333333333331,0.61635355710294704,0.38364644289705296,-0.050313109563719594,,,,,"{""2020"": 3}","{""2020"": 18}",3,"[0.2076596008020477, 0.9385080552796037]"
terrain,weight_class::Women's Bantamweight,2021,CAT,18,INSUFFICIENT,7,INSUFFICIENT,4,3,0.5714285714285714,0.42857142857142855,0.53634872195634975,0.46365127804365025,-0.035079849472221647,,,,,"{""2021"": 7}","{""2021"": 18}",7,"[0.2504583645276572, 0.8417801447485302]"
terrain,weight_class::Women's Bantamweight,2022,CAT,15,INSUFFICIENT,6,INSUFFICIENT,3,3,0.5,0.5,0.56567730843000852,0.43432269156999148,0.065677308430008519,,,,,"{""2022"": 6}","{""2022"": 15}",6,"[0.1876163064826506, 0.8123836935173494]"
terrain,weight_class::Women's Bantamweight,2023,CAT,18,INSUFFICIENT,4,INSUFFICIENT,0,4,0,1,0.5490927796175149,0.4509072203824851,0.5490927796175149,,,,,"{""2023"": 4}","{""2023"": 18}",4,"[0.0, 0.4898908364545973]"
terrain,weight_class::Women's Bantamweight,2024,CAT,21,INSUFFICIENT,9,INSUFFICIENT,4,5,0.44444444444444442,0.55555555555555558,0.64927822727925344,0.35072177272074656,0.20483378283480902,,,,,"{""2024"": 9}","{""2024"": 21}",9,"[0.18877852109766452, 0.733348706504507]"
terrain,weight_class::Women's Bantamweight,2025,CAT,20,INSUFFICIENT,8,INSUFFICIENT,4,4,0.5,0.5,0.59814723940322456,0.40185276059677544,0.098147239403224562,,,,,"{""2025"": 8}","{""2025"": 20}",8,"[0.21521606221387757, 0.7847839377861224]"
terrain,weight_class::Women's Bantamweight,2026,CAT,13,INSUFFICIENT,6,INSUFFICIENT,2,4,0.33333333333333331,0.66666666666666663,0.55438423130232584,0.44561576869767416,0.22105089796899252,,,,,"{""2026"": 6}","{""2026"": 13}",6,"[0.09677141110578041, 0.700006684861608]"
terrain,weight_class::Women's Bantamweight,2018,SELECT,12,INSUFFICIENT,3,INSUFFICIENT,2,1,0.66666666666666663,0.33333333333333331,0.59965205192565918,0.40034794807434082,-0.06701461474100745,,,,,"{""2018"": 3}","{""2018"": 12}",3,"[0.2076596008020477, 0.9385080552796037]"
terrain,weight_class::Women's Bantamweight,2019,SELECT,23,INSUFFICIENT,10,INSUFFICIENT,8,2,0.80000000000000004,0.20000000000000001,0.56198622584342961,0.43801377415657039,-0.23801377415657043,,,,,"{""2019"": 10}","{""2019"": 23}",9,"[0.49016247153664183, 0.9433178485456247]"
terrain,weight_class::Women's Bantamweight,2020,SELECT,18,INSUFFICIENT,3,INSUFFICIENT,2,1,0.66666666666666663,0.33333333333333331,0.62878176983100864,0.37121823016899136,-0.037884896835657988,,,,,"{""2020"": 3}","{""2020"": 18}",3,"[0.2076596008020477, 0.9385080552796037]"
terrain,weight_class::Women's Bantamweight,2021,SELECT,18,INSUFFICIENT,7,INSUFFICIENT,4,3,0.5714285714285714,0.42857142857142855,0.53634872195634975,0.46365127804365025,-0.035079849472221647,,,,,"{""2021"": 7}","{""2021"": 18}",7,"[0.2504583645276572, 0.8417801447485302]"
terrain,weight_class::Women's Bantamweight,2022,SELECT,15,INSUFFICIENT,6,INSUFFICIENT,3,3,0.5,0.5,0.58620360747358102,0.41379639252641898,0.086203607473581023,,,,,"{""2022"": 6}","{""2022"": 15}",6,"[0.1876163064826506, 0.8123836935173494]"
terrain,weight_class::Women's Bantamweight,2023,SELECT,18,INSUFFICIENT,4,INSUFFICIENT,0,4,0,1,0.5490927796175149,0.4509072203824851,0.5490927796175149,,,,,"{""2023"": 4}","{""2023"": 18}",4,"[0.0, 0.4898908364545973]"
terrain,weight_class::Women's Bantamweight,2024,SELECT,21,INSUFFICIENT,9,INSUFFICIENT,4,5,0.44444444444444442,0.55555555555555558,0.64927822727925344,0.35072177272074656,0.20483378283480902,,,,,"{""2024"": 9}","{""2024"": 21}",9,"[0.18877852109766452, 0.733348706504507]"
terrain,weight_class::Women's Bantamweight,2025,SELECT,20,INSUFFICIENT,8,INSUFFICIENT,4,4,0.5,0.5,0.58097412672957804,0.41902587327042196,0.080974126729578044,,,,,"{""2025"": 8}","{""2025"": 20}",8,"[0.21521606221387757, 0.7847839377861224]"
terrain,weight_class::Women's Bantamweight,2026,SELECT,13,INSUFFICIENT,6,INSUFFICIENT,2,4,0.33333333333333331,0.66666666666666663,0.54302193692675194,0.45697806307324806,0.20968860359341862,,,,,"{""2026"": 6}","{""2026"": 13}",6,"[0.09677141110578041, 0.700006684861608]"
terrain,weight_class::Women's Featherweight,2018,LINEAR_MIN,5,INSUFFICIENT,3,INSUFFICIENT,3,0,1,0,0.63108177295483114,0.36891822704516886,-0.36891822704516886,,,,,"{""2018"": 3}","{""2018"": 5}",2,"[0.4385029682449546, 1.0]"
terrain,weight_class::Women's Featherweight,2019,LINEAR_MIN,3,INSUFFICIENT,2,INSUFFICIENT,0,2,0,1,0.58786334403347107,0.41213665596652893,0.58786334403347107,,,,,"{""2019"": 2}","{""2019"": 3}",2,"[0.0, 0.6576197724933469]"
terrain,weight_class::Women's Featherweight,2020,LINEAR_MIN,3,INSUFFICIENT,2,INSUFFICIENT,2,0,1,0,0.47828564488956066,0.52171435511043929,-0.52171435511043929,,,,,"{""2020"": 2}","{""2020"": 3}",1,"[0.34238022750665303, 1.0]"
terrain,weight_class::Women's Featherweight,2021,LINEAR_MIN,5,INSUFFICIENT,3,INSUFFICIENT,1,2,0.33333333333333331,0.66666666666666663,0.63680149518788864,0.36319850481211136,0.30346816185455533,,,,,"{""2021"": 3}","{""2021"": 5}",3,"[0.06149194472039621, 0.7923403991979522]"
terrain,weight_class::Women's Featherweight,2022,LINEAR_MIN,5,INSUFFICIENT,1,INSUFFICIENT,0,1,0,1,0.45034306854005418,0.54965693145994576,0.45034306854005418,,,,,"{""2022"": 1}","{""2022"": 5}",1,"[0.0, 0.7934506856227626]"
terrain,weight_class::Women's Featherweight,2023,LINEAR_MIN,4,INSUFFICIENT,0,INSUFFICIENT,0,0,,,,,,,,,,{},"{""2023"": 4}",0,"[null, null]"
terrain,weight_class::Women's Featherweight,2024,LINEAR_MIN,0,INSUFFICIENT,0,INSUFFICIENT,0,0,,,,,,,,,,{},{},0,"[null, null]"
terrain,weight_class::Women's Featherweight,2025,LINEAR_MIN,1,INSUFFICIENT,0,INSUFFICIENT,0,0,,,,,,,,,,{},"{""2025"": 1}",0,"[null, null]"
terrain,weight_class::Women's Featherweight,2026,LINEAR_MIN,0,INSUFFICIENT,0,INSUFFICIENT,0,0,,,,,,,,,,{},{},0,"[null, null]"
terrain,weight_class::Women's Featherweight,2018,XGB,5,INSUFFICIENT,3,INSUFFICIENT,3,0,1,0,0.6883242130279541,0.3116757869720459,-0.3116757869720459,,,,,"{""2018"": 3}","{""2018"": 5}",2,"[0.4385029682449546, 1.0]"
terrain,weight_class::Women's Featherweight,2019,XGB,3,INSUFFICIENT,2,INSUFFICIENT,0,2,0,1,0.66434487700462341,0.33565512299537659,0.66434487700462341,,,,,"{""2019"": 2}","{""2019"": 3}",2,"[0.0, 0.6576197724933469]"
terrain,weight_class::Women's Featherweight,2020,XGB,3,INSUFFICIENT,2,INSUFFICIENT,2,0,1,0,0.54742223024368286,0.45257776975631714,-0.45257776975631714,,,,,"{""2020"": 2}","{""2020"": 3}",1,"[0.34238022750665303, 1.0]"
terrain,weight_class::Women's Featherweight,2021,XGB,5,INSUFFICIENT,3,INSUFFICIENT,1,2,0.33333333333333331,0.66666666666666663,0.55268903573354089,0.44731096426645911,0.21935570240020758,,,,,"{""2021"": 3}","{""2021"": 5}",3,"[0.06149194472039621, 0.7923403991979522]"
terrain,weight_class::Women's Featherweight,2022,XGB,5,INSUFFICIENT,1,INSUFFICIENT,0,1,0,1,0.57191908359527588,0.42808091640472412,0.57191908359527588,,,,,"{""2022"": 1}","{""2022"": 5}",1,"[0.0, 0.7934506856227626]"
terrain,weight_class::Women's Featherweight,2023,XGB,4,INSUFFICIENT,0,INSUFFICIENT,0,0,,,,,,,,,,{},"{""2023"": 4}",0,"[null, null]"
terrain,weight_class::Women's Featherweight,2024,XGB,0,INSUFFICIENT,0,INSUFFICIENT,0,0,,,,,,,,,,{},{},0,"[null, null]"
terrain,weight_class::Women's Featherweight,2025,XGB,1,INSUFFICIENT,0,INSUFFICIENT,0,0,,,,,,,,,,{},"{""2025"": 1}",0,"[null, null]"
terrain,weight_class::Women's Featherweight,2026,XGB,0,INSUFFICIENT,0,INSUFFICIENT,0,0,,,,,,,,,,{},{},0,"[null, null]"
terrain,weight_class::Women's Featherweight,2018,LGBM,5,INSUFFICIENT,3,INSUFFICIENT,3,0,1,0,0.6793165571140326,0.3206834428859674,-0.3206834428859674,,,,,"{""2018"": 3}","{""2018"": 5}",2,"[0.4385029682449546, 1.0]"
terrain,weight_class::Women's Featherweight,2019,LGBM,3,INSUFFICIENT,2,INSUFFICIENT,0,2,0,1,0.6922661384613904,0.3077338615386096,0.6922661384613904,,,,,"{""2019"": 2}","{""2019"": 3}",2,"[0.0, 0.6576197724933469]"
terrain,weight_class::Women's Featherweight,2020,LGBM,3,INSUFFICIENT,2,INSUFFICIENT,2,0,1,0,0.49823805920128439,0.50176194079871561,-0.50176194079871561,,,,,"{""2020"": 2}","{""2020"": 3}",1,"[0.34238022750665303, 1.0]"
terrain,weight_class::Women's Featherweight,2021,LGBM,5,INSUFFICIENT,3,INSUFFICIENT,1,2,0.33333333333333331,0.66666666666666663,0.57248386052487943,0.42751613947512057,0.23915052719154611,,,,,"{""2021"": 3}","{""2021"": 5}",3,"[0.06149194472039621, 0.7923403991979522]"
terrain,weight_class::Women's Featherweight,2022,LGBM,5,INSUFFICIENT,1,INSUFFICIENT,0,1,0,1,0.57416150751842088,0.42583849248157912,0.57416150751842088,,,,,"{""2022"": 1}","{""2022"": 5}",1,"[0.0, 0.7934506856227626]"
terrain,weight_class::Women's Featherweight,2023,LGBM,4,INSUFFICIENT,0,INSUFFICIENT,0,0,,,,,,,,,,{},"{""2023"": 4}",0,"[null, null]"
terrain,weight_class::Women's Featherweight,2024,LGBM,0,INSUFFICIENT,0,INSUFFICIENT,0,0,,,,,,,,,,{},{},0,"[null, null]"
terrain,weight_class::Women's Featherweight,2025,LGBM,1,INSUFFICIENT,0,INSUFFICIENT,0,0,,,,,,,,,,{},"{""2025"": 1}",0,"[null, null]"
terrain,weight_class::Women's Featherweight,2026,LGBM,0,INSUFFICIENT,0,INSUFFICIENT,0,0,,,,,,,,,,{},{},0,"[null, null]"
terrain,weight_class::Women's Featherweight,2018,CAT,5,INSUFFICIENT,3,INSUFFICIENT,3,0,1,0,0.68573098566020763,0.31426901433979237,-0.31426901433979237,,,,,"{""2018"": 3}","{""2018"": 5}",2,"[0.4385029682449546, 1.0]"
terrain,weight_class::Women's Featherweight,2019,CAT,3,INSUFFICIENT,2,INSUFFICIENT,0,2,0,1,0.62857566498474149,0.37142433501525851,0.62857566498474149,,,,,"{""2019"": 2}","{""2019"": 3}",2,"[0.0, 0.6576197724933469]"
terrain,weight_class::Women's Featherweight,2020,CAT,3,INSUFFICIENT,2,INSUFFICIENT,2,0,1,0,0.49780725915041768,0.50219274084958232,-0.50219274084958232,,,,,"{""2020"": 2}","{""2020"": 3}",1,"[0.34238022750665303, 1.0]"
terrain,weight_class::Women's Featherweight,2021,CAT,5,INSUFFICIENT,3,INSUFFICIENT,1,2,0.33333333333333331,0.66666666666666663,0.57381780526084114,0.42618219473915886,0.24048447192750783,,,,,"{""2021"": 3}","{""2021"": 5}",3,"[0.06149194472039621, 0.7923403991979522]"
terrain,weight_class::Women's Featherweight,2022,CAT,5,INSUFFICIENT,1,INSUFFICIENT,0,1,0,1,0.49412907996080713,0.50587092003919287,0.49412907996080713,,,,,"{""2022"": 1}","{""2022"": 5}",1,"[0.0, 0.7934506856227626]"
terrain,weight_class::Women's Featherweight,2023,CAT,4,INSUFFICIENT,0,INSUFFICIENT,0,0,,,,,,,,,,{},"{""2023"": 4}",0,"[null, null]"
terrain,weight_class::Women's Featherweight,2024,CAT,0,INSUFFICIENT,0,INSUFFICIENT,0,0,,,,,,,,,,{},{},0,"[null, null]"
terrain,weight_class::Women's Featherweight,2025,CAT,1,INSUFFICIENT,0,INSUFFICIENT,0,0,,,,,,,,,,{},"{""2025"": 1}",0,"[null, null]"
terrain,weight_class::Women's Featherweight,2026,CAT,0,INSUFFICIENT,0,INSUFFICIENT,0,0,,,,,,,,,,{},{},0,"[null, null]"
terrain,weight_class::Women's Featherweight,2018,SELECT,5,INSUFFICIENT,3,INSUFFICIENT,3,0,1,0,0.6883242130279541,0.3116757869720459,-0.3116757869720459,,,,,"{""2018"": 3}","{""2018"": 5}",2,"[0.4385029682449546, 1.0]"
terrain,weight_class::Women's Featherweight,2019,SELECT,3,INSUFFICIENT,2,INSUFFICIENT,0,2,0,1,0.66434487700462341,0.33565512299537659,0.66434487700462341,,,,,"{""2019"": 2}","{""2019"": 3}",2,"[0.0, 0.6576197724933469]"
terrain,weight_class::Women's Featherweight,2020,SELECT,3,INSUFFICIENT,2,INSUFFICIENT,2,0,1,0,0.49823805920128439,0.50176194079871561,-0.50176194079871561,,,,,"{""2020"": 2}","{""2020"": 3}",1,"[0.34238022750665303, 1.0]"
terrain,weight_class::Women's Featherweight,2021,SELECT,5,INSUFFICIENT,3,INSUFFICIENT,1,2,0.33333333333333331,0.66666666666666663,0.57381780526084114,0.42618219473915886,0.24048447192750783,,,,,"{""2021"": 3}","{""2021"": 5}",3,"[0.06149194472039621, 0.7923403991979522]"
terrain,weight_class::Women's Featherweight,2022,SELECT,5,INSUFFICIENT,1,INSUFFICIENT,0,1,0,1,0.57416150751842088,0.42583849248157912,0.57416150751842088,,,,,"{""2022"": 1}","{""2022"": 5}",1,"[0.0, 0.7934506856227626]"
terrain,weight_class::Women's Featherweight,2023,SELECT,4,INSUFFICIENT,0,INSUFFICIENT,0,0,,,,,,,,,,{},"{""2023"": 4}",0,"[null, null]"
terrain,weight_class::Women's Featherweight,2024,SELECT,0,INSUFFICIENT,0,INSUFFICIENT,0,0,,,,,,,,,,{},{},0,"[null, null]"
terrain,weight_class::Women's Featherweight,2025,SELECT,1,INSUFFICIENT,0,INSUFFICIENT,0,0,,,,,,,,,,{},"{""2025"": 1}",0,"[null, null]"
terrain,weight_class::Women's Featherweight,2026,SELECT,0,INSUFFICIENT,0,INSUFFICIENT,0,0,,,,,,,,,,{},{},0,"[null, null]"
terrain,weight_class::Women's Flyweight,2018,LINEAR_MIN,23,INSUFFICIENT,7,INSUFFICIENT,1,6,0.14285714285714285,0.8571428571428571,0.48940342280089572,0.51059657719910434,0.34654627994375287,,,,,"{""2018"": 7}","{""2018"": 23}",6,"[0.02567962434474355, 0.5131278292743189]"
terrain,weight_class::Women's Flyweight,2019,LINEAR_MIN,36,THIN_EXPLORATORY,11,INSUFFICIENT,6,5,0.54545454545454541,0.45454545454545453,0.41280689984466501,0.58719310015533499,-0.1326476456098804,,,,,"{""2019"": 11}","{""2019"": 36}",10,"[0.280091537409322, 0.7872872837754024]"
terrain,weight_class::Women's Flyweight,2020,LINEAR_MIN,34,THIN_EXPLORATORY,17,INSUFFICIENT,7,10,0.41176470588235292,0.58823529411764708,0.53155052351010923,0.46844947648989077,0.11978581762775631,,,,,"{""2020"": 17}","{""2020"": 34}",16,"[0.2161105679021481, 0.6399455735700021]"
terrain,weight_class::Women's Flyweight,2021,LINEAR_MIN,42,THIN_EXPLORATORY,19,INSUFFICIENT,13,6,0.68421052631578949,0.31578947368421051,0.44899680813705156,0.55100319186294844,-0.23521371817873793,,,,,"{""2021"": 19}","{""2021"": 42}",16,"[0.46010407675327475, 0.8463562091220773]"
terrain,weight_class::Women's Flyweight,2022,LINEAR_MIN,33,THIN_EXPLORATORY,12,INSUFFICIENT,5,7,0.41666666666666669,0.58333333333333337,0.53753771997561739,0.46246228002438261,0.1208710533089507,,,,,"{""2022"": 12}","{""2022"": 33}",11,"[0.19326031365875665, 0.6804886874504503]"
terrain,weight_class::Women's Flyweight,2023,LINEAR_MIN,34,THIN_EXPLORATORY,12,INSUFFICIENT,4,8,0.33333333333333331,0.66666666666666663,0.52531970360584646,0.47468029639415354,0.19198637027251314,,,,,"{""2023"": 12}","{""2023"": 34}",12,"[0.13812009109121315, 0.6093779111272004]"
terrain,weight_class::Women's Flyweight,2024,LINEAR_MIN,29,THIN_EXPLORATORY,6,INSUFFICIENT,2,4,0.33333333333333331,0.66666666666666663,0.57210451960395714,0.42789548039604286,0.23877118627062383,,,,,"{""2024"": 6}","{""2024"": 29}",6,"[0.09677141110578041, 0.700006684861608]"
terrain,weight_class::Women's Flyweight,2025,LINEAR_MIN,24,INSUFFICIENT,7,INSUFFICIENT,4,3,0.5714285714285714,0.42857142857142855,0.53446116843929758,0.46553883156070242,-0.036967402989273812,,,,,"{""2025"": 7}","{""2025"": 24}",7,"[0.2504583645276572, 0.8417801447485302]"
terrain,weight_class::Women's Flyweight,2026,LINEAR_MIN,11,INSUFFICIENT,4,INSUFFICIENT,2,2,0.5,0.5,0.46023180585049733,0.53976819414950272,-0.039768194149502667,,,,,"{""2026"": 4}","{""2026"": 11}",3,"[0.15003898915214947, 0.8499610108478506]"
terrain,weight_class::Women's Flyweight,2018,XGB,23,INSUFFICIENT,7,INSUFFICIENT,1,6,0.14285714285714285,0.8571428571428571,0.55610548598425724,0.44389451401574276,0.41324834312711439,,,,,"{""2018"": 7}","{""2018"": 23}",6,"[0.02567962434474355, 0.5131278292743189]"
terrain,weight_class::Women's Flyweight,2019,XGB,36,THIN_EXPLORATORY,11,INSUFFICIENT,6,5,0.54545454545454541,0.45454545454545453,0.43441274491223419,0.56558725508776586,-0.11104180054231122,,,,,"{""2019"": 11}","{""2019"": 36}",10,"[0.280091537409322, 0.7872872837754024]"
terrain,weight_class::Women's Flyweight,2020,XGB,34,THIN_EXPLORATORY,17,INSUFFICIENT,7,10,0.41176470588235292,0.58823529411764708,0.55156934261322021,0.44843065738677979,0.13980463673086729,,,,,"{""2020"": 17}","{""2020"": 34}",16,"[0.2161105679021481, 0.6399455735700021]"
terrain,weight_class::Women's Flyweight,2021,XGB,42,THIN_EXPLORATORY,19,INSUFFICIENT,13,6,0.68421052631578949,0.31578947368421051,0.53916792022554494,0.46083207977445506,-0.14504260609024455,,,,,"{""2021"": 19}","{""2021"": 42}",16,"[0.46010407675327475, 0.8463562091220773]"
terrain,weight_class::Women's Flyweight,2022,XGB,33,THIN_EXPLORATORY,12,INSUFFICIENT,5,7,0.41666666666666669,0.58333333333333337,0.5848517045378685,0.4151482954621315,0.16818503787120181,,,,,"{""2022"": 12}","{""2022"": 33}",11,"[0.19326031365875665, 0.6804886874504503]"
terrain,weight_class::Women's Flyweight,2023,XGB,34,THIN_EXPLORATORY,12,INSUFFICIENT,4,8,0.33333333333333331,0.66666666666666663,0.6001216396689415,0.3998783603310585,0.26678830633560818,,,,,"{""2023"": 12}","{""2023"": 34}",12,"[0.13812009109121315, 0.6093779111272004]"
terrain,weight_class::Women's Flyweight,2024,XGB,29,THIN_EXPLORATORY,6,INSUFFICIENT,2,4,0.33333333333333331,0.66666666666666663,0.56488944590091705,0.43511055409908295,0.23155611256758374,,,,,"{""2024"": 6}","{""2024"": 29}",6,"[0.09677141110578041, 0.700006684861608]"
terrain,weight_class::Women's Flyweight,2025,XGB,24,INSUFFICIENT,7,INSUFFICIENT,4,3,0.5714285714285714,0.42857142857142855,0.55019404632704594,0.44980595367295406,-0.021234525101525459,,,,,"{""2025"": 7}","{""2025"": 24}",7,"[0.2504583645276572, 0.8417801447485302]"
terrain,weight_class::Women's Flyweight,2026,XGB,11,INSUFFICIENT,4,INSUFFICIENT,2,2,0.5,0.5,0.39677783101797104,0.60322216898202896,-0.10322216898202896,,,,,"{""2026"": 4}","{""2026"": 11}",3,"[0.15003898915214947, 0.8499610108478506]"
terrain,weight_class::Women's Flyweight,2018,LGBM,23,INSUFFICIENT,7,INSUFFICIENT,1,6,0.14285714285714285,0.8571428571428571,0.54586635608674694,0.45413364391325306,0.40300921322960409,,,,,"{""2018"": 7}","{""2018"": 23}",6,"[0.02567962434474355, 0.5131278292743189]"
terrain,weight_class::Women's Flyweight,2019,LGBM,36,THIN_EXPLORATORY,11,INSUFFICIENT,6,5,0.54545454545454541,0.45454545454545453,0.43227522676213215,0.56772477323786785,-0.11317931869241327,,,,,"{""2019"": 11}","{""2019"": 36}",10,"[0.280091537409322, 0.7872872837754024]"
terrain,weight_class::Women's Flyweight,2020,LGBM,34,THIN_EXPLORATORY,17,INSUFFICIENT,7,10,0.41176470588235292,0.58823529411764708,0.5155175600747901,0.4844824399252099,0.10375285419243718,,,,,"{""2020"": 17}","{""2020"": 34}",16,"[0.2161105679021481, 0.6399455735700021]"
terrain,weight_class::Women's Flyweight,2021,LGBM,42,THIN_EXPLORATORY,19,INSUFFICIENT,13,6,0.68421052631578949,0.31578947368421051,0.54437755495842721,0.45562244504157279,-0.13983297135736228,,,,,"{""2021"": 19}","{""2021"": 42}",16,"[0.46010407675327475, 0.8463562091220773]"
terrain,weight_class::Women's Flyweight,2022,LGBM,33,THIN_EXPLORATORY,12,INSUFFICIENT,5,7,0.41666666666666669,0.58333333333333337,0.56916760356283769,0.43083239643716231,0.152500936896171,,,,,"{""2022"": 12}","{""2022"": 33}",11,"[0.19326031365875665, 0.6804886874504503]"
terrain,weight_class::Women's Flyweight,2023,LGBM,34,THIN_EXPLORATORY,12,INSUFFICIENT,4,8,0.33333333333333331,0.66666666666666663,0.60276954393792848,0.39723045606207152,0.26943621060459516,,,,,"{""2023"": 12}","{""2023"": 34}",12,"[0.13812009109121315, 0.6093779111272004]"
terrain,weight_class::Women's Flyweight,2024,LGBM,29,THIN_EXPLORATORY,6,INSUFFICIENT,2,4,0.33333333333333331,0.66666666666666663,0.56209400582534863,0.43790599417465137,0.22876067249201532,,,,,"{""2024"": 6}","{""2024"": 29}",6,"[0.09677141110578041, 0.700006684861608]"
terrain,weight_class::Women's Flyweight,2025,LGBM,24,INSUFFICIENT,7,INSUFFICIENT,4,3,0.5714285714285714,0.42857142857142855,0.55306212845921843,0.44693787154078157,-0.01836644296935297,,,,,"{""2025"": 7}","{""2025"": 24}",7,"[0.2504583645276572, 0.8417801447485302]"
terrain,weight_class::Women's Flyweight,2026,LGBM,11,INSUFFICIENT,4,INSUFFICIENT,2,2,0.5,0.5,0.43649708136139892,0.56350291863860114,-0.06350291863860108,,,,,"{""2026"": 4}","{""2026"": 11}",3,"[0.15003898915214947, 0.8499610108478506]"
terrain,weight_class::Women's Flyweight,2018,CAT,23,INSUFFICIENT,7,INSUFFICIENT,1,6,0.14285714285714285,0.8571428571428571,0.55406691793327945,0.44593308206672055,0.4112097750761366,,,,,"{""2018"": 7}","{""2018"": 23}",6,"[0.02567962434474355, 0.5131278292743189]"
terrain,weight_class::Women's Flyweight,2019,CAT,36,THIN_EXPLORATORY,11,INSUFFICIENT,6,5,0.54545454545454541,0.45454545454545453,0.43756591466111222,0.56243408533888783,-0.10788863079343319,,,,,"{""2019"": 11}","{""2019"": 36}",10,"[0.280091537409322, 0.7872872837754024]"
terrain,weight_class::Women's Flyweight,2020,CAT,34,THIN_EXPLORATORY,17,INSUFFICIENT,7,10,0.41176470588235292,0.58823529411764708,0.53306266752168552,0.46693733247831448,0.1212979616393326,,,,,"{""2020"": 17}","{""2020"": 34}",16,"[0.2161105679021481, 0.6399455735700021]"
terrain,weight_class::Women's Flyweight,2021,CAT,42,THIN_EXPLORATORY,19,INSUFFICIENT,13,6,0.68421052631578949,0.31578947368421051,0.48028607764107262,0.51971392235892733,-0.20392444867471687,,,,,"{""2021"": 19}","{""2021"": 42}",16,"[0.46010407675327475, 0.8463562091220773]"
terrain,weight_class::Women's Flyweight,2022,CAT,33,THIN_EXPLORATORY,12,INSUFFICIENT,5,7,0.41666666666666669,0.58333333333333337,0.54728787418043356,0.45271212581956644,0.13062120751376688,,,,,"{""2022"": 12}","{""2022"": 33}",11,"[0.19326031365875665, 0.6804886874504503]"
terrain,weight_class::Women's Flyweight,2023,CAT,34,THIN_EXPLORATORY,12,INSUFFICIENT,4,8,0.33333333333333331,0.66666666666666663,0.56568946581355462,0.43431053418644538,0.2323561324802213,,,,,"{""2023"": 12}","{""2023"": 34}",12,"[0.13812009109121315, 0.6093779111272004]"
terrain,weight_class::Women's Flyweight,2024,CAT,29,THIN_EXPLORATORY,6,INSUFFICIENT,2,4,0.33333333333333331,0.66666666666666663,0.53835653343065604,0.46164346656934396,0.20502320009732272,,,,,"{""2024"": 6}","{""2024"": 29}",6,"[0.09677141110578041, 0.700006684861608]"
terrain,weight_class::Women's Flyweight,2025,CAT,24,INSUFFICIENT,7,INSUFFICIENT,4,3,0.5714285714285714,0.42857142857142855,0.56467781533477879,0.43532218466522121,-0.0067507560937926092,,,,,"{""2025"": 7}","{""2025"": 24}",7,"[0.2504583645276572, 0.8417801447485302]"
terrain,weight_class::Women's Flyweight,2026,CAT,11,INSUFFICIENT,4,INSUFFICIENT,2,2,0.5,0.5,0.42498592061807722,0.57501407938192273,-0.075014079381922782,,,,,"{""2026"": 4}","{""2026"": 11}",3,"[0.15003898915214947, 0.8499610108478506]"
terrain,weight_class::Women's Flyweight,2018,SELECT,23,INSUFFICIENT,7,INSUFFICIENT,1,6,0.14285714285714285,0.8571428571428571,0.55610548598425724,0.44389451401574276,0.41324834312711439,,,,,"{""2018"": 7}","{""2018"": 23}",6,"[0.02567962434474355, 0.5131278292743189]"
terrain,weight_class::Women's Flyweight,2019,SELECT,36,THIN_EXPLORATORY,11,INSUFFICIENT,6,5,0.54545454545454541,0.45454545454545453,0.43441274491223419,0.56558725508776586,-0.11104180054231122,,,,,"{""2019"": 11}","{""2019"": 36}",10,"[0.280091537409322, 0.7872872837754024]"
terrain,weight_class::Women's Flyweight,2020,SELECT,34,THIN_EXPLORATORY,17,INSUFFICIENT,7,10,0.41176470588235292,0.58823529411764708,0.5155175600747901,0.4844824399252099,0.10375285419243718,,,,,"{""2020"": 17}","{""2020"": 34}",16,"[0.2161105679021481, 0.6399455735700021]"
terrain,weight_class::Women's Flyweight,2021,SELECT,42,THIN_EXPLORATORY,19,INSUFFICIENT,13,6,0.68421052631578949,0.31578947368421051,0.48028607764107262,0.51971392235892733,-0.20392444867471687,,,,,"{""2021"": 19}","{""2021"": 42}",16,"[0.46010407675327475, 0.8463562091220773]"
terrain,weight_class::Women's Flyweight,2022,SELECT,33,THIN_EXPLORATORY,12,INSUFFICIENT,5,7,0.41666666666666669,0.58333333333333337,0.56916760356283769,0.43083239643716231,0.152500936896171,,,,,"{""2022"": 12}","{""2022"": 33}",11,"[0.19326031365875665, 0.6804886874504503]"
terrain,weight_class::Women's Flyweight,2023,SELECT,34,THIN_EXPLORATORY,12,INSUFFICIENT,4,8,0.33333333333333331,0.66666666666666663,0.56568946581355462,0.43431053418644538,0.2323561324802213,,,,,"{""2023"": 12}","{""2023"": 34}",12,"[0.13812009109121315, 0.6093779111272004]"
terrain,weight_class::Women's Flyweight,2024,SELECT,29,THIN_EXPLORATORY,6,INSUFFICIENT,2,4,0.33333333333333331,0.66666666666666663,0.53835653343065604,0.46164346656934396,0.20502320009732272,,,,,"{""2024"": 6}","{""2024"": 29}",6,"[0.09677141110578041, 0.700006684861608]"
terrain,weight_class::Women's Flyweight,2025,SELECT,24,INSUFFICIENT,7,INSUFFICIENT,4,3,0.5714285714285714,0.42857142857142855,0.55306212845921843,0.44693787154078157,-0.01836644296935297,,,,,"{""2025"": 7}","{""2025"": 24}",7,"[0.2504583645276572, 0.8417801447485302]"
terrain,weight_class::Women's Flyweight,2026,SELECT,11,INSUFFICIENT,4,INSUFFICIENT,2,2,0.5,0.5,0.43649708136139892,0.56350291863860114,-0.06350291863860108,,,,,"{""2026"": 4}","{""2026"": 11}",3,"[0.15003898915214947, 0.8499610108478506]"
terrain,weight_class::Women's Strawweight,2018,LINEAR_MIN,32,THIN_EXPLORATORY,10,INSUFFICIENT,4,6,0.40000000000000002,0.59999999999999998,0.45370152142155706,0.54629847857844294,0.053701521421557041,,,,,"{""2018"": 10}","{""2018"": 32}",8,"[0.16818032970623614, 0.6873262302663417]"
terrain,weight_class::Women's Strawweight,2019,LINEAR_MIN,30,THIN_EXPLORATORY,8,INSUFFICIENT,3,5,0.375,0.625,0.5549909813412115,0.4450090186587885,0.1799909813412115,,,,,"{""2019"": 8}","{""2019"": 30}",8,"[0.13684428582359742, 0.6942576053973727]"
terrain,weight_class::Women's Strawweight,2020,LINEAR_MIN,26,THIN_EXPLORATORY,8,INSUFFICIENT,2,6,0.25,0.75,0.52792855567520003,0.47207144432479997,0.27792855567520003,,,,,"{""2020"": 8}","{""2020"": 26}",7,"[0.071479212752109, 0.5907245696898311]"
terrain,weight_class::Women's Strawweight,2021,LINEAR_MIN,30,THIN_EXPLORATORY,13,INSUFFICIENT,8,5,0.61538461538461542,0.38461538461538464,0.47292832876792945,0.52707167123207055,-0.14245628661668597,,,,,"{""2021"": 13}","{""2021"": 30}",12,"[0.355228915126657, 0.8229029220223743]"
terrain,weight_class::Women's Strawweight,2022,LINEAR_MIN,34,THIN_EXPLORATORY,12,INSUFFICIENT,6,6,0.5,0.5,0.56437380644831148,0.43562619355168852,0.064373806448311477,,,,,"{""2022"": 12}","{""2022"": 34}",10,"[0.2537815976337061, 0.7462184023662939]"
terrain,weight_class::Women's Strawweight,2023,LINEAR_MIN,35,THIN_EXPLORATORY,15,INSUFFICIENT,9,6,0.59999999999999998,0.40000000000000002,0.5293764887043777,0.4706235112956223,-0.070623511295622277,,,,,"{""2023"": 15}","{""2023"": 35}",13,"[0.357468301206246, 0.8017550385865841]"
terrain,weight_class::Women's Strawweight,2024,LINEAR_MIN,36,THIN_EXPLORATORY,7,INSUFFICIENT,1,6,0.14285714285714285,0.8571428571428571,0.49830259301381447,0.50169740698618548,0.35544545015667162,,,,,"{""2024"": 7}","{""2024"": 36}",7,"[0.02567962434474355, 0.5131278292743189]"
terrain,weight_class::Women's Strawweight,2025,LINEAR_MIN,33,THIN_EXPLORATORY,13,INSUFFICIENT,6,7,0.46153846153846156,0.53846153846153844,0.50071287675894571,0.49928712324105429,0.039174415220484149,,,,,"{""2025"": 13}","{""2025"": 33}",11,"[0.23206067809538303, 0.7085620428549398]"
terrain,weight_class::Women's Strawweight,2026,LINEAR_MIN,18,INSUFFICIENT,7,INSUFFICIENT,2,5,0.2857142857142857,0.7142857142857143,0.41762450527072542,0.58237549472927452,0.13191021955643972,,,,,"{""2026"": 7}","{""2026"": 18}",6,"[0.08221892400405678, 0.6410655481673808]"
terrain,weight_class::Women's Strawweight,2018,XGB,32,THIN_EXPLORATORY,10,INSUFFICIENT,4,6,0.40000000000000002,0.59999999999999998,0.35768217146396636,0.64231782853603359,-0.042317828536033664,,,,,"{""2018"": 10}","{""2018"": 32}",8,"[0.16818032970623614, 0.6873262302663417]"
terrain,weight_class::Women's Strawweight,2019,XGB,30,THIN_EXPLORATORY,8,INSUFFICIENT,3,5,0.375,0.625,0.55228038504719734,0.44771961495280266,0.17728038504719734,,,,,"{""2019"": 8}","{""2019"": 30}",8,"[0.13684428582359742, 0.6942576053973727]"
terrain,weight_class::Women's Strawweight,2020,XGB,26,THIN_EXPLORATORY,8,INSUFFICIENT,2,6,0.25,0.75,0.51481213420629501,0.48518786579370499,0.26481213420629501,,,,,"{""2020"": 8}","{""2020"": 26}",7,"[0.071479212752109, 0.5907245696898311]"
terrain,weight_class::Women's Strawweight,2021,XGB,30,THIN_EXPLORATORY,13,INSUFFICIENT,8,5,0.61538461538461542,0.38461538461538464,0.51420302803699791,0.48579697196300209,-0.10118158734761751,,,,,"{""2021"": 13}","{""2021"": 30}",12,"[0.355228915126657, 0.8229029220223743]"
terrain,weight_class::Women's Strawweight,2022,XGB,34,THIN_EXPLORATORY,12,INSUFFICIENT,6,6,0.5,0.5,0.6026657372713089,0.3973342627286911,0.1026657372713089,,,,,"{""2022"": 12}","{""2022"": 34}",10,"[0.2537815976337061, 0.7462184023662939]"
terrain,weight_class::Women's Strawweight,2023,XGB,35,THIN_EXPLORATORY,15,INSUFFICIENT,9,6,0.59999999999999998,0.40000000000000002,0.57119281291961665,0.42880718708038335,-0.028807187080383323,,,,,"{""2023"": 15}","{""2023"": 35}",13,"[0.357468301206246, 0.8017550385865841]"
terrain,weight_class::Women's Strawweight,2024,XGB,36,THIN_EXPLORATORY,7,INSUFFICIENT,1,6,0.14285714285714285,0.8571428571428571,0.53955977729388649,0.46044022270611351,0.39670263443674364,,,,,"{""2024"": 7}","{""2024"": 36}",7,"[0.02567962434474355, 0.5131278292743189]"
terrain,weight_class::Women's Strawweight,2025,XGB,33,THIN_EXPLORATORY,13,INSUFFICIENT,6,7,0.46153846153846156,0.53846153846153844,0.54328389121935916,0.45671610878064084,0.081745429680897597,,,,,"{""2025"": 13}","{""2025"": 33}",11,"[0.23206067809538303, 0.7085620428549398]"
terrain,weight_class::Women's Strawweight,2026,XGB,18,INSUFFICIENT,7,INSUFFICIENT,2,5,0.2857142857142857,0.7142857142857143,0.49875184042113169,0.50124815957886826,0.21303755470684599,,,,,"{""2026"": 7}","{""2026"": 18}",6,"[0.08221892400405678, 0.6410655481673808]"
terrain,weight_class::Women's Strawweight,2018,LGBM,32,THIN_EXPLORATORY,10,INSUFFICIENT,4,6,0.40000000000000002,0.59999999999999998,0.3923614468486355,0.6076385531513645,-0.0076385531513645244,,,,,"{""2018"": 10}","{""2018"": 32}",8,"[0.16818032970623614, 0.6873262302663417]"
terrain,weight_class::Women's Strawweight,2019,LGBM,30,THIN_EXPLORATORY,8,INSUFFICIENT,3,5,0.375,0.625,0.51268037898347241,0.48731962101652759,0.13768037898347241,,,,,"{""2019"": 8}","{""2019"": 30}",8,"[0.13684428582359742, 0.6942576053973727]"
terrain,weight_class::Women's Strawweight,2020,LGBM,26,THIN_EXPLORATORY,8,INSUFFICIENT,2,6,0.25,0.75,0.53634678779710176,0.46365321220289824,0.28634678779710176,,,,,"{""2020"": 8}","{""2020"": 26}",7,"[0.071479212752109, 0.5907245696898311]"
terrain,weight_class::Women's Strawweight,2021,LGBM,30,THIN_EXPLORATORY,13,INSUFFICIENT,8,5,0.61538461538461542,0.38461538461538464,0.52381602823132123,0.47618397176867877,-0.09156858715329419,,,,,"{""2021"": 13}","{""2021"": 30}",12,"[0.355228915126657, 0.8229029220223743]"
terrain,weight_class::Women's Strawweight,2022,LGBM,34,THIN_EXPLORATORY,12,INSUFFICIENT,6,6,0.5,0.5,0.59348212374063702,0.40651787625936298,0.093482123740637024,,,,,"{""2022"": 12}","{""2022"": 34}",10,"[0.2537815976337061, 0.7462184023662939]"
terrain,weight_class::Women's Strawweight,2023,LGBM,35,THIN_EXPLORATORY,15,INSUFFICIENT,9,6,0.59999999999999998,0.40000000000000002,0.57067632792465628,0.42932367207534372,-0.029323672075343699,,,,,"{""2023"": 15}","{""2023"": 35}",13,"[0.357468301206246, 0.8017550385865841]"
terrain,weight_class::Women's Strawweight,2024,LGBM,36,THIN_EXPLORATORY,7,INSUFFICIENT,1,6,0.14285714285714285,0.8571428571428571,0.51526506673353378,0.48473493326646622,0.37240792387639093,,,,,"{""2024"": 7}","{""2024"": 36}",7,"[0.02567962434474355, 0.5131278292743189]"
terrain,weight_class::Women's Strawweight,2025,LGBM,33,THIN_EXPLORATORY,13,INSUFFICIENT,6,7,0.46153846153846156,0.53846153846153844,0.52649579865201779,0.47350420134798221,0.064957337113556224,,,,,"{""2025"": 13}","{""2025"": 33}",11,"[0.23206067809538303, 0.7085620428549398]"
terrain,weight_class::Women's Strawweight,2026,LGBM,18,INSUFFICIENT,7,INSUFFICIENT,2,5,0.2857142857142857,0.7142857142857143,0.51115475592626702,0.48884524407373298,0.22544047021198133,,,,,"{""2026"": 7}","{""2026"": 18}",6,"[0.08221892400405678, 0.6410655481673808]"
terrain,weight_class::Women's Strawweight,2018,CAT,32,THIN_EXPLORATORY,10,INSUFFICIENT,4,6,0.40000000000000002,0.59999999999999998,0.43896053843127036,0.56103946156872964,0.038960538431270342,,,,,"{""2018"": 10}","{""2018"": 32}",8,"[0.16818032970623614, 0.6873262302663417]"
terrain,weight_class::Women's Strawweight,2019,CAT,30,THIN_EXPLORATORY,8,INSUFFICIENT,3,5,0.375,0.625,0.5085337517592039,0.4914662482407961,0.1335337517592039,,,,,"{""2019"": 8}","{""2019"": 30}",8,"[0.13684428582359742, 0.6942576053973727]"
terrain,weight_class::Women's Strawweight,2020,CAT,26,THIN_EXPLORATORY,8,INSUFFICIENT,2,6,0.25,0.75,0.49553297164252574,0.50446702835747426,0.24553297164252574,,,,,"{""2020"": 8}","{""2020"": 26}",7,"[0.071479212752109, 0.5907245696898311]"
terrain,weight_class::Women's Strawweight,2021,CAT,30,THIN_EXPLORATORY,13,INSUFFICIENT,8,5,0.61538461538461542,0.38461538461538464,0.44777664748728413,0.55222335251271581,-0.16760796789733129,,,,,"{""2021"": 13}","{""2021"": 30}",12,"[0.355228915126657, 0.8229029220223743]"
terrain,weight_class::Women's Strawweight,2022,CAT,34,THIN_EXPLORATORY,12,INSUFFICIENT,6,6,0.5,0.5,0.59509117717973747,0.40490882282026253,0.095091177179737474,,,,,"{""2022"": 12}","{""2022"": 34}",10,"[0.2537815976337061, 0.7462184023662939]"
terrain,weight_class::Women's Strawweight,2023,CAT,35,THIN_EXPLORATORY,15,INSUFFICIENT,9,6,0.59999999999999998,0.40000000000000002,0.53619244470731964,0.46380755529268036,-0.06380755529268034,,,,,"{""2023"": 15}","{""2023"": 35}",13,"[0.357468301206246, 0.8017550385865841]"
terrain,weight_class::Women's Strawweight,2024,CAT,36,THIN_EXPLORATORY,7,INSUFFICIENT,1,6,0.14285714285714285,0.8571428571428571,0.53767401395525405,0.46232598604474595,0.3948168710981112,,,,,"{""2024"": 7}","{""2024"": 36}",7,"[0.02567962434474355, 0.5131278292743189]"
terrain,weight_class::Women's Strawweight,2025,CAT,33,THIN_EXPLORATORY,13,INSUFFICIENT,6,7,0.46153846153846156,0.53846153846153844,0.5391293935013286,0.4608706064986714,0.077590931962867038,,,,,"{""2025"": 13}","{""2025"": 33}",11,"[0.23206067809538303, 0.7085620428549398]"
terrain,weight_class::Women's Strawweight,2026,CAT,18,INSUFFICIENT,7,INSUFFICIENT,2,5,0.2857142857142857,0.7142857142857143,0.47034937457705256,0.52965062542294739,0.18463508886276686,,,,,"{""2026"": 7}","{""2026"": 18}",6,"[0.08221892400405678, 0.6410655481673808]"
terrain,weight_class::Women's Strawweight,2018,SELECT,32,THIN_EXPLORATORY,10,INSUFFICIENT,4,6,0.40000000000000002,0.59999999999999998,0.35768217146396636,0.64231782853603359,-0.042317828536033664,,,,,"{""2018"": 10}","{""2018"": 32}",8,"[0.16818032970623614, 0.6873262302663417]"
terrain,weight_class::Women's Strawweight,2019,SELECT,30,THIN_EXPLORATORY,8,INSUFFICIENT,3,5,0.375,0.625,0.55228038504719734,0.44771961495280266,0.17728038504719734,,,,,"{""2019"": 8}","{""2019"": 30}",8,"[0.13684428582359742, 0.6942576053973727]"
terrain,weight_class::Women's Strawweight,2020,SELECT,26,THIN_EXPLORATORY,8,INSUFFICIENT,2,6,0.25,0.75,0.53634678779710176,0.46365321220289824,0.28634678779710176,,,,,"{""2020"": 8}","{""2020"": 26}",7,"[0.071479212752109, 0.5907245696898311]"
terrain,weight_class::Women's Strawweight,2021,SELECT,30,THIN_EXPLORATORY,13,INSUFFICIENT,8,5,0.61538461538461542,0.38461538461538464,0.44777664748728413,0.55222335251271581,-0.16760796789733129,,,,,"{""2021"": 13}","{""2021"": 30}",12,"[0.355228915126657, 0.8229029220223743]"
terrain,weight_class::Women's Strawweight,2022,SELECT,34,THIN_EXPLORATORY,12,INSUFFICIENT,6,6,0.5,0.5,0.59348212374063702,0.40651787625936298,0.093482123740637024,,,,,"{""2022"": 12}","{""2022"": 34}",10,"[0.2537815976337061, 0.7462184023662939]"
terrain,weight_class::Women's Strawweight,2023,SELECT,35,THIN_EXPLORATORY,15,INSUFFICIENT,9,6,0.59999999999999998,0.40000000000000002,0.53619244470731964,0.46380755529268036,-0.06380755529268034,,,,,"{""2023"": 15}","{""2023"": 35}",13,"[0.357468301206246, 0.8017550385865841]"
terrain,weight_class::Women's Strawweight,2024,SELECT,36,THIN_EXPLORATORY,7,INSUFFICIENT,1,6,0.14285714285714285,0.8571428571428571,0.53767401395525405,0.46232598604474595,0.3948168710981112,,,,,"{""2024"": 7}","{""2024"": 36}",7,"[0.02567962434474355, 0.5131278292743189]"
terrain,weight_class::Women's Strawweight,2025,SELECT,33,THIN_EXPLORATORY,13,INSUFFICIENT,6,7,0.46153846153846156,0.53846153846153844,0.52649579865201779,0.47350420134798221,0.064957337113556224,,,,,"{""2025"": 13}","{""2025"": 33}",11,"[0.23206067809538303, 0.7085620428549398]"
terrain,weight_class::Women's Strawweight,2026,SELECT,18,INSUFFICIENT,7,INSUFFICIENT,2,5,0.2857142857142857,0.7142857142857143,0.51115475592626702,0.48884524407373298,0.22544047021198133,,,,,"{""2026"": 7}","{""2026"": 18}",6,"[0.08221892400405678, 0.6410655481673808]"
terrain,completeness_tier::HIGH_MISSINGNESS,2018,LINEAR_MIN,96,MODERATE_UNCERTAINTY,51,MODERATE_UNCERTAINTY,28,23,0.5490196078431373,0.45098039215686275,0.63715929047507736,0.36284070952492264,0.088139682631940053,0.64251274551808812,0.2276526976562176,0,0,"{""2018"": 51}","{""2018"": 96}",28,"[0.41384708550368815, 0.6773248145062598]"
terrain,completeness_tier::HIGH_MISSINGNESS,2019,LINEAR_MIN,116,NORMAL,51,MODERATE_UNCERTAINTY,26,25,0.50980392156862742,0.49019607843137253,0.61657001144363033,0.38342998855636967,0.10676608987500291,0.66438342319299126,0.2381467682877382,0,0,"{""2019"": 51}","{""2019"": 116}",31,"[0.37680923894569696, 0.6414251410562926]"
terrain,completeness_tier::HIGH_MISSINGNESS,2020,LINEAR_MIN,95,MODERATE_UNCERTAINTY,53,MODERATE_UNCERTAINTY,36,17,0.67924528301886788,0.32075471698113206,0.62429395437804469,0.37570604562195531,-0.054951328640823194,0.60226026185440129,0.20651860084041421,0,0,"{""2020"": 53}","{""2020"": 95}",32,"[0.545185201490326, 0.7890778592086491]"
terrain,completeness_tier::HIGH_MISSINGNESS,2021,LINEAR_MIN,77,MODERATE_UNCERTAINTY,40,THIN_EXPLORATORY,30,10,0.75,0.25,0.63013377015135286,0.36986622984864714,-0.11986622984864714,0.61059673480715426,0.20799040910125929,0,0,"{""2021"": 40}","{""2021"": 77}",27,"[0.5980603857923197, 0.858128813609037]"
terrain,completeness_tier::HIGH_MISSINGNESS,2022,LINEAR_MIN,85,MODERATE_UNCERTAINTY,43,THIN_EXPLORATORY,31,12,0.72093023255813948,0.27906976744186046,0.6246399901976134,0.3753600098023866,-0.096290242360526079,0.58865689789420972,0.19954017517162961,0,0,"{""2022"": 43}","{""2022"": 85}",29,"[0.5730897131812113, 0.8325338621376251]"
terrain,completeness_tier::HIGH_MISSINGNESS,2023,LINEAR_MIN,112,NORMAL,59,MODERATE_UNCERTAINTY,37,22,0.6271186440677966,0.3728813559322034,0.6264462122086103,0.3735537877913897,-0.00067243185918630655,0.62929824233726672,0.21869110935835842,0,0,"{""2023"": 59}","{""2023"": 112}",30,"[0.4995359106706382, 0.7391600120767886]"
terrain,completeness_tier::HIGH_MISSINGNESS,2024,LINEAR_MIN,80,MODERATE_UNCERTAINTY,40,THIN_EXPLORATORY,28,12,0.69999999999999996,0.29999999999999999,0.64572736521471297,0.35427263478528703,-0.054272634785286988,0.56430357416361376,0.18944956659938553,0,0,"{""2024"": 40}","{""2024"": 80}",22,"[0.5456998118185507, 0.8192515477025347]"
terrain,completeness_tier::HIGH_MISSINGNESS,2025,LINEAR_MIN,86,MODERATE_UNCERTAINTY,53,MODERATE_UNCERTAINTY,37,16,0.69811320754716977,0.30188679245283018,0.66488238196993255,0.33511761803006745,-0.033230825577237222,0.58077073019769154,0.1968503499856461,0,0,"{""2025"": 53}","{""2025"": 86}",31,"[0.5646316733114988, 0.8048169727242108]"
terrain,completeness_tier::HIGH_MISSINGNESS,2026,LINEAR_MIN,74,MODERATE_UNCERTAINTY,44,THIN_EXPLORATORY,33,11,0.75,0.25,0.68397619359083672,0.31602380640916328,-0.066023806409163277,0.55859963980480321,0.18546915684064891,0,0,"{""2026"": 44}","{""2026"": 74}",21,"[0.6055943364104086, 0.8542578617103511]"
terrain,completeness_tier::HIGH_MISSINGNESS,2018,XGB,96,MODERATE_UNCERTAINTY,51,MODERATE_UNCERTAINTY,28,23,0.5490196078431373,0.45098039215686275,0.6234640017444012,0.3765359982555988,0.074444393901263894,0.65211770098963251,0.23185330927928224,0.0096049554715445344,0.0042006116230645955,"{""2018"": 51}","{""2018"": 96}",28,"[0.41384708550368815, 0.6773248145062598]"
terrain,completeness_tier::HIGH_MISSINGNESS,2019,XGB,116,NORMAL,51,MODERATE_UNCERTAINTY,26,25,0.50980392156862742,0.49019607843137253,0.6042402269793492,0.3957597730206508,0.094436305410721788,0.68825509260117568,0.24737446524702991,0.023871669408184557,0.0092276969592916969,"{""2019"": 51}","{""2019"": 116}",31,"[0.37680923894569696, 0.6414251410562926]"
terrain,completeness_tier::HIGH_MISSINGNESS,2020,XGB,95,MODERATE_UNCERTAINTY,53,MODERATE_UNCERTAINTY,36,17,0.67924528301886788,0.32075471698113206,0.6155469749333724,0.3844530250666276,-0.063698308085495481,0.60660808440924263,0.20960259688656876,0.0043478225548413589,0.0030839960461545705,"{""2020"": 53}","{""2020"": 95}",32,"[0.545185201490326, 0.7890778592086491]"
terrain,completeness_tier::HIGH_MISSINGNESS,2021,XGB,77,MODERATE_UNCERTAINTY,40,THIN_EXPLORATORY,30,10,0.75,0.25,0.61440722420811655,0.38559277579188345,-0.13559277579188345,0.61921211592807812,0.21242388260604264,0.0086153811209237173,0.0044334735047833942,"{""2021"": 40}","{""2021"": 77}",27,"[0.5980603857923197, 0.858128813609037]"
terrain,completeness_tier::HIGH_MISSINGNESS,2022,XGB,85,MODERATE_UNCERTAINTY,43,THIN_EXPLORATORY,31,12,0.72093023255813948,0.27906976744186046,0.62447142393090005,0.37552857606909995,-0.096458808627239434,0.61805753055040047,0.21244238719462846,0.029400632656190716,0.012902212022998856,"{""2022"": 43}","{""2022"": 85}",29,"[0.5730897131812113, 0.8325338621376251]"
terrain,completeness_tier::HIGH_MISSINGNESS,2023,XGB,112,NORMAL,59,MODERATE_UNCERTAINTY,37,22,0.6271186440677966,0.3728813559322034,0.61240021101499009,0.38759978898500991,-0.014718433052806512,0.64639207376819352,0.22636360517047377,0.017093831430926947,0.007672495812115405,"{""2023"": 59}","{""2023"": 112}",30,"[0.4995359106706382, 0.7391600120767886]"
terrain,completeness_tier::HIGH_MISSINGNESS,2024,XGB,80,MODERATE_UNCERTAINTY,40,THIN_EXPLORATORY,28,12,0.69999999999999996,0.29999999999999999,0.60398635715246196,0.39601364284753804,-0.096013642847537994,0.60192220108687533,0.20645720158328115,0.037618626923261525,0.017007634983895615,"{""2024"": 40}","{""2024"": 80}",22,"[0.5456998118185507, 0.8192515477025347]"
terrain,completeness_tier::HIGH_MISSINGNESS,2025,XGB,86,MODERATE_UNCERTAINTY,53,MODERATE_UNCERTAINTY,37,16,0.69811320754716977,0.30188679245283018,0.66917081036657655,0.33082918963342345,-0.028942397180593216,0.56765848817010855,0.19157417965895523,-0.01311224202758301,-0.0052761703266908846,"{""2025"": 53}","{""2025"": 86}",31,"[0.5646316733114988, 0.8048169727242108]"
terrain,completeness_tier::HIGH_MISSINGNESS,2026,XGB,74,MODERATE_UNCERTAINTY,44,THIN_EXPLORATORY,33,11,0.75,0.25,0.67046324773268262,0.32953675226731738,-0.079536752267317379,0.56201924848934659,0.18658368272799211,0.0034196086845434139,0.0011145258873432101,"{""2026"": 44}","{""2026"": 74}",21,"[0.6055943364104086, 0.8542578617103511]"
terrain,completeness_tier::HIGH_MISSINGNESS,2018,LGBM,96,MODERATE_UNCERTAINTY,51,MODERATE_UNCERTAINTY,28,23,0.5490196078431373,0.45098039215686275,0.61842829681868172,0.38157170318131828,0.069408688975544419,0.65581166456522222,0.23226285941892258,0.013298919047134103,0.0046101617627049138,"{""2018"": 51}","{""2018"": 96}",28,"[0.41384708550368815, 0.6773248145062598]"
terrain,completeness_tier::HIGH_MISSINGNESS,2019,LGBM,116,NORMAL,51,MODERATE_UNCERTAINTY,26,25,0.50980392156862742,0.49019607843137253,0.58228556910877483,0.41771443089122517,0.072481647540147409,0.68267259180899176,0.24553287881135319,0.01828916861600054,0.0073861105236149634,"{""2019"": 51}","{""2019"": 116}",31,"[0.37680923894569696, 0.6414251410562926]"
terrain,completeness_tier::HIGH_MISSINGNESS,2020,LGBM,95,MODERATE_UNCERTAINTY,53,MODERATE_UNCERTAINTY,36,17,0.67924528301886788,0.32075471698113206,0.60902012380938353,0.39097987619061647,-0.070225159209484356,0.62740105544939218,0.21921985294623264,0.025140793594990888,0.012701252105818442,"{""2020"": 53}","{""2020"": 95}",32,"[0.545185201490326, 0.7890778592086491]"
terrain,completeness_tier::HIGH_MISSINGNESS,2021,LGBM,77,MODERATE_UNCERTAINTY,40,THIN_EXPLORATORY,30,10,0.75,0.25,0.61742509045185689,0.38257490954814311,-0.13257490954814311,0.61898441283649686,0.21211329962994077,0.0083876780293425553,0.0041228905286814967,"{""2021"": 40}","{""2021"": 77}",27,"[0.5980603857923197, 0.858128813609037]"
terrain,completeness_tier::HIGH_MISSINGNESS,2022,LGBM,85,MODERATE_UNCERTAINTY,43,THIN_EXPLORATORY,31,12,0.72093023255813948,0.27906976744186046,0.62126282882254003,0.37873717117745997,-0.099667403735599458,0.62286476588996675,0.21468180061217751,0.034207867995757021,0.015141625440547925,"{""2022"": 43}","{""2022"": 85}",29,"[0.5730897131812113, 0.8325338621376251]"
terrain,completeness_tier::HIGH_MISSINGNESS,2023,LGBM,112,NORMAL,59,MODERATE_UNCERTAINTY,37,22,0.6271186440677966,0.3728813559322034,0.61473977997951912,0.38526022002048088,-0.012378864088277486,0.64666763589172249,0.22632271747306351,0.017369393554455683,0.0076316081147051393,"{""2023"": 59}","{""2023"": 112}",30,"[0.4995359106706382, 0.7391600120767886]"
terrain,completeness_tier::HIGH_MISSINGNESS,2024,LGBM,80,MODERATE_UNCERTAINTY,40,THIN_EXPLORATORY,28,12,0.69999999999999996,0.29999999999999999,0.62821993795723685,0.37178006204276315,-0.071780062042763104,0.59011756365453816,0.20082242858252886,0.025813989490924345,0.01137286198314329,"{""2024"": 40}","{""2024"": 80}",22,"[0.5456998118185507, 0.8192515477025347]"
terrain,completeness_tier::HIGH_MISSINGNESS,2025,LGBM,86,MODERATE_UNCERTAINTY,53,MODERATE_UNCERTAINTY,37,16,0.69811320754716977,0.30188679245283018,0.66981174321328663,0.33018825678671337,-0.028301464333883142,0.55770537434902456,0.18718404557733137,-0.023065355848666962,-0.0096663044083147125,"{""2025"": 53}","{""2025"": 86}",31,"[0.5646316733114988, 0.8048169727242108]"
terrain,completeness_tier::HIGH_MISSINGNESS,2026,LGBM,74,MODERATE_UNCERTAINTY,44,THIN_EXPLORATORY,33,11,0.75,0.25,0.67862934648338991,0.32137065351661009,-0.071370653516610094,0.57821956327193291,0.19416457638302423,0.019619923467129631,0.008695419542375328,"{""2026"": 44}","{""2026"": 74}",21,"[0.6055943364104086, 0.8542578617103511]"
terrain,completeness_tier::HIGH_MISSINGNESS,2018,CAT,96,MODERATE_UNCERTAINTY,51,MODERATE_UNCERTAINTY,28,23,0.5490196078431373,0.45098039215686275,0.63401116301977278,0.36598883698022722,0.08499155517663548,0.64649563469353188,0.22906140747203502,0.003982889175443702,0.0014087098158173832,"{""2018"": 51}","{""2018"": 96}",28,"[0.41384708550368815, 0.6773248145062598]"
terrain,completeness_tier::HIGH_MISSINGNESS,2019,CAT,116,NORMAL,51,MODERATE_UNCERTAINTY,26,25,0.50980392156862742,0.49019607843137253,0.59519357005433837,0.40480642994566163,0.085389648485710956,0.66784088904773953,0.23862278775299728,0.0034574658547482772,0.00047601946525904174,"{""2019"": 51}","{""2019"": 116}",31,"[0.37680923894569696, 0.6414251410562926]"
terrain,completeness_tier::HIGH_MISSINGNESS,2020,CAT,95,MODERATE_UNCERTAINTY,53,MODERATE_UNCERTAINTY,36,17,0.67924528301886788,0.32075471698113206,0.62187027225841629,0.37812972774158371,-0.057375010760451595,0.60922807810189816,0.21145916395948719,0.0069678162474968146,0.0049405631190729887,"{""2020"": 53}","{""2020"": 95}",32,"[0.545185201490326, 0.7890778592086491]"
terrain,completeness_tier::HIGH_MISSINGNESS,2021,CAT,77,MODERATE_UNCERTAINTY,40,THIN_EXPLORATORY,30,10,0.75,0.25,0.61381557737196613,0.38618442262803387,-0.13618442262803387,0.63262914948567495,0.2171152975725395,0.022032414678520702,0.0091248884712802469,"{""2021"": 40}","{""2021"": 77}",27,"[0.5980603857923197, 0.858128813609037]"
terrain,completeness_tier::HIGH_MISSINGNESS,2022,CAT,85,MODERATE_UNCERTAINTY,43,THIN_EXPLORATORY,31,12,0.72093023255813948,0.27906976744186046,0.62985853578162554,0.37014146421837446,-0.091071696776513944,0.59096426602367924,0.19958687569803746,0.002307368129469493,4.6700526407898185e-05,"{""2022"": 43}","{""2022"": 85}",29,"[0.5730897131812113, 0.8325338621376251]"
terrain,completeness_tier::HIGH_MISSINGNESS,2023,CAT,112,NORMAL,59,MODERATE_UNCERTAINTY,37,22,0.6271186440677966,0.3728813559322034,0.6195163852208484,0.3804836147791516,-0.0076022588469482066,0.65942886502230247,0.23220318678274984,0.030130622685035569,0.013512077424391439,"{""2023"": 59}","{""2023"": 112}",30,"[0.4995359106706382, 0.7391600120767886]"
terrain,completeness_tier::HIGH_MISSINGNESS,2024,CAT,80,MODERATE_UNCERTAINTY,40,THIN_EXPLORATORY,28,12,0.69999999999999996,0.29999999999999999,0.64172441328714391,0.35827558671285609,-0.058275586712856042,0.5797886148389223,0.19719519646727424,0.015485040675308436,0.0077456298678886884,"{""2024"": 40}","{""2024"": 80}",22,"[0.5456998118185507, 0.8192515477025347]"
terrain,completeness_tier::HIGH_MISSINGNESS,2025,CAT,86,MODERATE_UNCERTAINTY,53,MODERATE_UNCERTAINTY,37,16,0.69811320754716977,0.30188679245283018,0.66516323576501613,0.33483676423498387,-0.032949971782153642,0.56902153862430649,0.19188801594995197,-0.011749191573385017,-0.0049623340356941331,"{""2025"": 53}","{""2025"": 86}",31,"[0.5646316733114988, 0.8048169727242108]"
terrain,completeness_tier::HIGH_MISSINGNESS,2026,CAT,74,MODERATE_UNCERTAINTY,44,THIN_EXPLORATORY,33,11,0.75,0.25,0.66751158335705763,0.33248841664294237,-0.082488416642942375,0.55522334811158924,0.18442921771703844,-0.003376291693213965,-0.0010399391236104679,"{""2026"": 44}","{""2026"": 74}",21,"[0.6055943364104086, 0.8542578617103511]"
terrain,completeness_tier::HIGH_MISSINGNESS,2018,SELECT,96,MODERATE_UNCERTAINTY,51,MODERATE_UNCERTAINTY,28,23,0.5490196078431373,0.45098039215686275,0.6234640017444012,0.3765359982555988,0.074444393901263894,0.65211770098963251,0.23185330927928224,0.0096049554715445344,0.0042006116230645955,"{""2018"": 51}","{""2018"": 96}",28,"[0.41384708550368815, 0.6773248145062598]"
terrain,completeness_tier::HIGH_MISSINGNESS,2019,SELECT,116,NORMAL,51,MODERATE_UNCERTAINTY,26,25,0.50980392156862742,0.49019607843137253,0.6042402269793492,0.3957597730206508,0.094436305410721788,0.68825509260117568,0.24737446524702991,0.023871669408184557,0.0092276969592916969,"{""2019"": 51}","{""2019"": 116}",31,"[0.37680923894569696, 0.6414251410562926]"
terrain,completeness_tier::HIGH_MISSINGNESS,2020,SELECT,95,MODERATE_UNCERTAINTY,53,MODERATE_UNCERTAINTY,36,17,0.67924528301886788,0.32075471698113206,0.60902012380938353,0.39097987619061647,-0.070225159209484356,0.62740105544939218,0.21921985294623264,0.025140793594990888,0.012701252105818442,"{""2020"": 53}","{""2020"": 95}",32,"[0.545185201490326, 0.7890778592086491]"
terrain,completeness_tier::HIGH_MISSINGNESS,2021,SELECT,77,MODERATE_UNCERTAINTY,40,THIN_EXPLORATORY,30,10,0.75,0.25,0.61381557737196613,0.38618442262803387,-0.13618442262803387,0.63262914948567495,0.2171152975725395,0.022032414678520702,0.0091248884712802469,"{""2021"": 40}","{""2021"": 77}",27,"[0.5980603857923197, 0.858128813609037]"
terrain,completeness_tier::HIGH_MISSINGNESS,2022,SELECT,85,MODERATE_UNCERTAINTY,43,THIN_EXPLORATORY,31,12,0.72093023255813948,0.27906976744186046,0.62126282882254003,0.37873717117745997,-0.099667403735599458,0.62286476588996675,0.21468180061217751,0.034207867995757021,0.015141625440547925,"{""2022"": 43}","{""2022"": 85}",29,"[0.5730897131812113, 0.8325338621376251]"
terrain,completeness_tier::HIGH_MISSINGNESS,2023,SELECT,112,NORMAL,59,MODERATE_UNCERTAINTY,37,22,0.6271186440677966,0.3728813559322034,0.6195163852208484,0.3804836147791516,-0.0076022588469482066,0.65942886502230247,0.23220318678274984,0.030130622685035569,0.013512077424391439,"{""2023"": 59}","{""2023"": 112}",30,"[0.4995359106706382, 0.7391600120767886]"
terrain,completeness_tier::HIGH_MISSINGNESS,2024,SELECT,80,MODERATE_UNCERTAINTY,40,THIN_EXPLORATORY,28,12,0.69999999999999996,0.29999999999999999,0.64172441328714391,0.35827558671285609,-0.058275586712856042,0.5797886148389223,0.19719519646727424,0.015485040675308436,0.0077456298678886884,"{""2024"": 40}","{""2024"": 80}",22,"[0.5456998118185507, 0.8192515477025347]"
terrain,completeness_tier::HIGH_MISSINGNESS,2025,SELECT,86,MODERATE_UNCERTAINTY,53,MODERATE_UNCERTAINTY,37,16,0.69811320754716977,0.30188679245283018,0.66981174321328663,0.33018825678671337,-0.028301464333883142,0.55770537434902456,0.18718404557733137,-0.023065355848666962,-0.0096663044083147125,"{""2025"": 53}","{""2025"": 86}",31,"[0.5646316733114988, 0.8048169727242108]"
terrain,completeness_tier::HIGH_MISSINGNESS,2026,SELECT,74,MODERATE_UNCERTAINTY,44,THIN_EXPLORATORY,33,11,0.75,0.25,0.67862934648338991,0.32137065351661009,-0.071370653516610094,0.57821956327193291,0.19416457638302423,0.019619923467129631,0.008695419542375328,"{""2026"": 44}","{""2026"": 74}",21,"[0.6055943364104086, 0.8542578617103511]"
terrain,completeness_tier::LOW_MISSINGNESS,2018,LINEAR_MIN,374,NORMAL,190,NORMAL,123,67,0.64736842105263159,0.35263157894736841,0.66554280598845095,0.33445719401154905,0.018174384935819354,0.60834311734795299,0.20896457490480952,0,0,"{""2018"": 190}","{""2018"": 374}",39,"[0.5771239107541795, 0.711771975299798]"
terrain,completeness_tier::LOW_MISSINGNESS,2019,LINEAR_MIN,391,NORMAL,180,NORMAL,126,54,0.69999999999999996,0.29999999999999999,0.67150928143394095,0.32849071856605905,-0.028490718566059003,0.59859585509028013,0.20539990498119842,0,0,"{""2019"": 180}","{""2019"": 391}",42,"[0.6294468133268561, 0.7621949875044985]"
terrain,completeness_tier::LOW_MISSINGNESS,2020,LINEAR_MIN,348,NORMAL,167,NORMAL,102,65,0.6107784431137725,0.38922155688622756,0.65697382098470047,0.34302617901529953,0.046195377870927978,0.64439783797248851,0.22898423171906357,0,0,"{""2020"": 167}","{""2020"": 348}",41,"[0.5351325933497507, 0.6814424713646826]"
terrain,completeness_tier::LOW_MISSINGNESS,2021,LINEAR_MIN,415,NORMAL,199,NORMAL,136,63,0.68341708542713564,0.3165829145728643,0.65161525821853261,0.34838474178146739,-0.031801827208603028,0.6212263198607596,0.21581130927231415,0,0,"{""2021"": 199}","{""2021"": 415}",43,"[0.6158380504793615, 0.7440489293541341]"
terrain,completeness_tier::LOW_MISSINGNESS,2022,LINEAR_MIN,420,NORMAL,225,NORMAL,140,85,0.62222222222222223,0.37777777777777777,0.68613619703464213,0.31386380296535787,0.063913974812419894,0.62947986334923056,0.21944776875003835,0,0,"{""2022"": 225}","{""2022"": 420}",42,"[0.5573208300043887, 0.6830202353053486]"
terrain,completeness_tier::LOW_MISSINGNESS,2023,LINEAR_MIN,393,NORMAL,199,NORMAL,121,78,0.60804020100502509,0.39195979899497485,0.6644823016350333,0.3355176983649667,0.056442100630008207,0.64053081520555766,0.22437525598963065,0,0,"{""2023"": 199}","{""2023"": 393}",43,"[0.5387803862979486, 0.673207834699864]"
terrain,completeness_tier::LOW_MISSINGNESS,2024,LINEAR_MIN,422,NORMAL,183,NORMAL,113,70,0.61748633879781423,0.38251366120218577,0.68294132922940454,0.31705867077059546,0.06545499043159031,0.63479335665839876,0.2219567431086226,0,0,"{""2024"": 183}","{""2024"": 422}",42,"[0.5453424746214958, 0.6847991667005503]"
terrain,completeness_tier::LOW_MISSINGNESS,2025,LINEAR_MIN,418,NORMAL,199,NORMAL,126,73,0.63316582914572861,0.36683417085427134,0.66012848072783115,0.33987151927216885,0.026962651582102537,0.60330636966339291,0.20909344924003459,0,0,"{""2025"": 199}","{""2025"": 418}",42,"[0.564273096266506, 0.6970147110098676]"
terrain,completeness_tier::LOW_MISSINGNESS,2026,LINEAR_MIN,258,NORMAL,139,NORMAL,88,51,0.63309352517985606,0.36690647482014388,0.68837400612172772,0.31162599387827228,0.055280480941871657,0.56284860434623341,0.19426127693585579,0,0,"{""2026"": 139}","{""2026"": 258}",27,"[0.5503958265388406, 0.70863261174143]"
terrain,completeness_tier::LOW_MISSINGNESS,2018,XGB,374,NORMAL,190,NORMAL,123,67,0.64736842105263159,0.35263157894736841,0.6471039020701459,0.3528960979298541,-0.00026451898248569528,0.58574189164549773,0.20221932935004772,-0.022601225702455235,-0.0067452455547617335,"{""2018"": 190}","{""2018"": 374}",39,"[0.5771239107541795, 0.711771975299798]"
terrain,completeness_tier::LOW_MISSINGNESS,2019,XGB,391,NORMAL,180,NORMAL,126,54,0.69999999999999996,0.29999999999999999,0.66565017451842623,0.33434982548157377,-0.034349825481573726,0.58259187919022049,0.19736866505285303,-0.016003975900059596,-0.0080312399283453979,"{""2019"": 180}","{""2019"": 391}",42,"[0.6294468133268561, 0.7621949875044985]"
terrain,completeness_tier::LOW_MISSINGNESS,2020,XGB,348,NORMAL,167,NORMAL,102,65,0.6107784431137725,0.38922155688622756,0.64790443888681382,0.35209556111318618,0.03712599577304132,0.62056854797228256,0.21711591355392898,-0.023829290000206019,-0.011868318165134624,"{""2020"": 167}","{""2020"": 348}",41,"[0.5351325933497507, 0.6814424713646826]"
terrain,completeness_tier::LOW_MISSINGNESS,2021,XGB,415,NORMAL,199,NORMAL,136,63,0.68341708542713564,0.3165829145728643,0.65678377232359886,0.34321622767640114,-0.026633313103536782,0.60224778379784827,0.20889450379197078,-0.018978536062911281,-0.0069168054803433335,"{""2021"": 199}","{""2021"": 415}",43,"[0.6158380504793615, 0.7440489293541341]"
terrain,completeness_tier::LOW_MISSINGNESS,2022,XGB,420,NORMAL,225,NORMAL,140,85,0.62222222222222223,0.37777777777777777,0.67000284088982476,0.32999715911017524,0.047780618667602526,0.62278720974942314,0.2174973360656787,-0.0066926535998074735,-0.0019504326843596835,"{""2022"": 225}","{""2022"": 420}",42,"[0.5573208300043887, 0.6830202353053486]"
terrain,completeness_tier::LOW_MISSINGNESS,2023,XGB,393,NORMAL,199,NORMAL,121,78,0.60804020100502509,0.39195979899497485,0.65869964981198914,0.34130035018801086,0.050659448806964047,0.65198188409779567,0.22875004536304161,0.011451068892237988,0.0043747893734109485,"{""2023"": 199}","{""2023"": 393}",43,"[0.5387803862979486, 0.673207834699864]"
terrain,completeness_tier::LOW_MISSINGNESS,2024,XGB,422,NORMAL,183,NORMAL,113,70,0.61748633879781423,0.38251366120218577,0.64463155777727976,0.35536844222272024,0.027145218979465535,0.62231013699945803,0.21722471759278428,-0.012483219658940824,-0.0047320255158383008,"{""2024"": 183}","{""2024"": 422}",42,"[0.5453424746214958, 0.6847991667005503]"
terrain,completeness_tier::LOW_MISSINGNESS,2025,XGB,418,NORMAL,199,NORMAL,126,73,0.63316582914572861,0.36683417085427134,0.66026459207486865,0.33973540792513135,0.027098762929140041,0.59815051292930543,0.20643760378417045,-0.0051558567340874162,-0.0026558454558641832,"{""2025"": 199}","{""2025"": 418}",42,"[0.564273096266506, 0.6970147110098676]"
terrain,completeness_tier::LOW_MISSINGNESS,2026,XGB,258,NORMAL,139,NORMAL,88,51,0.63309352517985606,0.36690647482014388,0.69205070774761035,0.30794929225238965,0.058957182567754285,0.58317681768995733,0.20169601824692862,0.020328213343724044,0.0074347413110728323,"{""2026"": 139}","{""2026"": 258}",27,"[0.5503958265388406, 0.70863261174143]"
terrain,completeness_tier::LOW_MISSINGNESS,2018,LGBM,374,NORMAL,190,NORMAL,123,67,0.64736842105263159,0.35263157894736841,0.63517285413885161,0.36482714586114839,-0.012195566913779987,0.58752765342786328,0.20163383152185232,-0.020815463920089709,-0.0073307433829571649,"{""2018"": 190}","{""2018"": 374}",39,"[0.5771239107541795, 0.711771975299798]"
terrain,completeness_tier::LOW_MISSINGNESS,2019,LGBM,391,NORMAL,180,NORMAL,126,54,0.69999999999999996,0.29999999999999999,0.6642417859841393,0.3357582140158607,-0.035758214015860657,0.57572500890247558,0.19455282791316769,-0.02287084618780446,-0.010847077068030704,"{""2019"": 180}","{""2019"": 391}",42,"[0.6294468133268561, 0.7621949875044985]"
terrain,completeness_tier::LOW_MISSINGNESS,2020,LGBM,348,NORMAL,167,NORMAL,102,65,0.6107784431137725,0.38922155688622756,0.65207365314011589,0.34792634685988411,0.041295210026343399,0.62996086193317991,0.22162033610735293,-0.014436976039308734,-0.0073638956117107277,"{""2020"": 167}","{""2020"": 348}",41,"[0.5351325933497507, 0.6814424713646826]"
terrain,completeness_tier::LOW_MISSINGNESS,2021,LGBM,415,NORMAL,199,NORMAL,136,63,0.68341708542713564,0.3165829145728643,0.65959799082505455,0.34040200917494545,-0.023819094602081092,0.5971465881604151,0.20651386179769607,-0.024079731700344446,-0.0092974474746180535,"{""2021"": 199}","{""2021"": 415}",43,"[0.6158380504793615, 0.7440489293541341]"
terrain,completeness_tier::LOW_MISSINGNESS,2022,LGBM,420,NORMAL,225,NORMAL,140,85,0.62222222222222223,0.37777777777777777,0.67853500967000224,0.32146499032999776,0.056312787447780011,0.6226556872951392,0.21759556383185194,-0.0068241760540913099,-0.0018522049181864326,"{""2022"": 225}","{""2022"": 420}",42,"[0.5573208300043887, 0.6830202353053486]"
terrain,completeness_tier::LOW_MISSINGNESS,2023,LGBM,393,NORMAL,199,NORMAL,121,78,0.60804020100502509,0.39195979899497485,0.6657708916742302,0.3342291083257698,0.057730690669205109,0.6537686990131959,0.22957280442831141,0.013237883807638294,0.0051975484386807547,"{""2023"": 199}","{""2023"": 393}",43,"[0.5387803862979486, 0.673207834699864]"
terrain,completeness_tier::LOW_MISSINGNESS,2024,LGBM,422,NORMAL,183,NORMAL,113,70,0.61748633879781423,0.38251366120218577,0.65593649066626536,0.34406350933373464,0.038450151868451132,0.60894004106899091,0.21208831057482838,-0.025853315589407899,-0.0098684325337941824,"{""2024"": 183}","{""2024"": 422}",42,"[0.5453424746214958, 0.6847991667005503]"
terrain,completeness_tier::LOW_MISSINGNESS,2025,LGBM,418,NORMAL,199,NORMAL,126,73,0.63316582914572861,0.36683417085427134,0.6567424875235357,0.3432575124764643,0.023576658377807092,0.60521039629302753,0.20949284733214391,0.0019040266296347721,0.00039939809210930854,"{""2025"": 199}","{""2025"": 418}",42,"[0.564273096266506, 0.6970147110098676]"
terrain,completeness_tier::LOW_MISSINGNESS,2026,LGBM,258,NORMAL,139,NORMAL,88,51,0.63309352517985606,0.36690647482014388,0.6864722315589149,0.3135277684410851,0.053378706379058838,0.59681312963838662,0.20562191568680843,0.033964525292153387,0.011360638750952636,"{""2026"": 139}","{""2026"": 258}",27,"[0.5503958265388406, 0.70863261174143]"
terrain,completeness_tier::LOW_MISSINGNESS,2018,CAT,374,NORMAL,190,NORMAL,123,67,0.64736842105263159,0.35263157894736841,0.64616422353895842,0.35383577646104158,-0.0012041975136731775,0.58691676532012149,0.20131762751651647,-0.021426352027831452,-0.0076469473882929849,"{""2018"": 190}","{""2018"": 374}",39,"[0.5771239107541795, 0.711771975299798]"
terrain,completeness_tier::LOW_MISSINGNESS,2019,CAT,391,NORMAL,180,NORMAL,126,54,0.69999999999999996,0.29999999999999999,0.67444190102336954,0.32555809897663046,-0.025558098976630417,0.5711773259237608,0.19332271670468346,-0.027418529166519257,-0.012077188276514958,"{""2019"": 180}","{""2019"": 391}",42,"[0.6294468133268561, 0.7621949875044985]"
terrain,completeness_tier::LOW_MISSINGNESS,2020,CAT,348,NORMAL,167,NORMAL,102,65,0.6107784431137725,0.38922155688622756,0.64814283567485409,0.35185716432514591,0.037364392561081594,0.62859785365662624,0.22037512929460321,-0.015799984315862214,-0.008609102424460403,"{""2020"": 167}","{""2020"": 348}",41,"[0.5351325933497507, 0.6814424713646826]"
terrain,completeness_tier::LOW_MISSINGNESS,2021,CAT,415,NORMAL,199,NORMAL,136,63,0.68341708542713564,0.3165829145728643,0.65681884913983313,0.34318115086016687,-0.026598236287302512,0.61561770925937942,0.21402908751813632,-0.0056086106013800326,-0.0017822217541777982,"{""2021"": 199}","{""2021"": 415}",43,"[0.6158380504793615, 0.7440489293541341]"
terrain,completeness_tier::LOW_MISSINGNESS,2022,CAT,420,NORMAL,225,NORMAL,140,85,0.62222222222222223,0.37777777777777777,0.68681699733539547,0.31318300266460453,0.064594775113173242,0.61743148633247491,0.21468066607640127,-0.012048377016755586,-0.0047671026736371075,"{""2022"": 225}","{""2022"": 420}",42,"[0.5573208300043887, 0.6830202353053486]"
terrain,completeness_tier::LOW_MISSINGNESS,2023,CAT,393,NORMAL,199,NORMAL,121,78,0.60804020100502509,0.39195979899497485,0.65705763088220481,0.34294236911779519,0.049017429877179719,0.6478495232308018,0.22743045522568092,0.0073187080252440431,0.003055199236050272,"{""2023"": 199}","{""2023"": 393}",43,"[0.5387803862979486, 0.673207834699864]"
terrain,completeness_tier::LOW_MISSINGNESS,2024,CAT,422,NORMAL,183,NORMAL,113,70,0.61748633879781423,0.38251366120218577,0.67806426144485843,0.32193573855514157,0.060577922647044202,0.61980955361935042,0.21627787847287602,-0.014983803039048359,-0.0056788646357466104,"{""2024"": 183}","{""2024"": 422}",42,"[0.5453424746214958, 0.6847991667005503]"
terrain,completeness_tier::LOW_MISSINGNESS,2025,CAT,418,NORMAL,199,NORMAL,126,73,0.63316582914572861,0.36683417085427134,0.65005017837136192,0.34994982162863808,0.016884349225633311,0.60622503372322867,0.20997031664573212,0.0029186640598358425,0.00087686740569750449,"{""2025"": 199}","{""2025"": 418}",42,"[0.564273096266506, 0.6970147110098676]"
terrain,completeness_tier::LOW_MISSINGNESS,2026,CAT,258,NORMAL,139,NORMAL,88,51,0.63309352517985606,0.36690647482014388,0.68597432950507164,0.31402567049492836,0.05288080432521558,0.59185311874311597,0.20390535434635559,0.029004514396882754,0.0096440774104998208,"{""2026"": 139}","{""2026"": 258}",27,"[0.5503958265388406, 0.70863261174143]"
terrain,completeness_tier::LOW_MISSINGNESS,2018,SELECT,374,NORMAL,190,NORMAL,123,67,0.64736842105263159,0.35263157894736841,0.6471039020701459,0.3528960979298541,-0.00026451898248569528,0.58574189164549773,0.20221932935004772,-0.022601225702455235,-0.0067452455547617335,"{""2018"": 190}","{""2018"": 374}",39,"[0.5771239107541795, 0.711771975299798]"
terrain,completeness_tier::LOW_MISSINGNESS,2019,SELECT,391,NORMAL,180,NORMAL,126,54,0.69999999999999996,0.29999999999999999,0.66565017451842623,0.33434982548157377,-0.034349825481573726,0.58259187919022049,0.19736866505285303,-0.016003975900059596,-0.0080312399283453979,"{""2019"": 180}","{""2019"": 391}",42,"[0.6294468133268561, 0.7621949875044985]"
terrain,completeness_tier::LOW_MISSINGNESS,2020,SELECT,348,NORMAL,167,NORMAL,102,65,0.6107784431137725,0.38922155688622756,0.65207365314011589,0.34792634685988411,0.041295210026343399,0.62996086193317991,0.22162033610735293,-0.014436976039308734,-0.0073638956117107277,"{""2020"": 167}","{""2020"": 348}",41,"[0.5351325933497507, 0.6814424713646826]"
terrain,completeness_tier::LOW_MISSINGNESS,2021,SELECT,415,NORMAL,199,NORMAL,136,63,0.68341708542713564,0.3165829145728643,0.65681884913983313,0.34318115086016687,-0.026598236287302512,0.61561770925937942,0.21402908751813632,-0.0056086106013800326,-0.0017822217541777982,"{""2021"": 199}","{""2021"": 415}",43,"[0.6158380504793615, 0.7440489293541341]"
terrain,completeness_tier::LOW_MISSINGNESS,2022,SELECT,420,NORMAL,225,NORMAL,140,85,0.62222222222222223,0.37777777777777777,0.67853500967000224,0.32146499032999776,0.056312787447780011,0.6226556872951392,0.21759556383185194,-0.0068241760540913099,-0.0018522049181864326,"{""2022"": 225}","{""2022"": 420}",42,"[0.5573208300043887, 0.6830202353053486]"
terrain,completeness_tier::LOW_MISSINGNESS,2023,SELECT,393,NORMAL,199,NORMAL,121,78,0.60804020100502509,0.39195979899497485,0.65705763088220481,0.34294236911779519,0.049017429877179719,0.6478495232308018,0.22743045522568092,0.0073187080252440431,0.003055199236050272,"{""2023"": 199}","{""2023"": 393}",43,"[0.5387803862979486, 0.673207834699864]"
terrain,completeness_tier::LOW_MISSINGNESS,2024,SELECT,422,NORMAL,183,NORMAL,113,70,0.61748633879781423,0.38251366120218577,0.67806426144485843,0.32193573855514157,0.060577922647044202,0.61980955361935042,0.21627787847287602,-0.014983803039048359,-0.0056788646357466104,"{""2024"": 183}","{""2024"": 422}",42,"[0.5453424746214958, 0.6847991667005503]"
terrain,completeness_tier::LOW_MISSINGNESS,2025,SELECT,418,NORMAL,199,NORMAL,126,73,0.63316582914572861,0.36683417085427134,0.6567424875235357,0.3432575124764643,0.023576658377807092,0.60521039629302753,0.20949284733214391,0.0019040266296347721,0.00039939809210930854,"{""2025"": 199}","{""2025"": 418}",42,"[0.564273096266506, 0.6970147110098676]"
terrain,completeness_tier::LOW_MISSINGNESS,2026,SELECT,258,NORMAL,139,NORMAL,88,51,0.63309352517985606,0.36690647482014388,0.6864722315589149,0.3135277684410851,0.053378706379058838,0.59681312963838662,0.20562191568680843,0.033964525292153387,0.011360638750952636,"{""2026"": 139}","{""2026"": 258}",27,"[0.5503958265388406, 0.70863261174143]"
terrain,completeness_tier::MODERATE_MISSINGNESS,2018,LINEAR_MIN,0,INSUFFICIENT,0,INSUFFICIENT,0,0,,,,,,,,,,{},{},0,"[null, null]"
terrain,completeness_tier::MODERATE_MISSINGNESS,2019,LINEAR_MIN,0,INSUFFICIENT,0,INSUFFICIENT,0,0,,,,,,,,,,{},{},0,"[null, null]"
terrain,completeness_tier::MODERATE_MISSINGNESS,2020,LINEAR_MIN,0,INSUFFICIENT,0,INSUFFICIENT,0,0,,,,,,,,,,{},{},0,"[null, null]"
terrain,completeness_tier::MODERATE_MISSINGNESS,2021,LINEAR_MIN,0,INSUFFICIENT,0,INSUFFICIENT,0,0,,,,,,,,,,{},{},0,"[null, null]"
terrain,completeness_tier::MODERATE_MISSINGNESS,2022,LINEAR_MIN,0,INSUFFICIENT,0,INSUFFICIENT,0,0,,,,,,,,,,{},{},0,"[null, null]"
terrain,completeness_tier::MODERATE_MISSINGNESS,2023,LINEAR_MIN,0,INSUFFICIENT,0,INSUFFICIENT,0,0,,,,,,,,,,{},{},0,"[null, null]"
terrain,completeness_tier::MODERATE_MISSINGNESS,2024,LINEAR_MIN,0,INSUFFICIENT,0,INSUFFICIENT,0,0,,,,,,,,,,{},{},0,"[null, null]"
terrain,completeness_tier::MODERATE_MISSINGNESS,2025,LINEAR_MIN,0,INSUFFICIENT,0,INSUFFICIENT,0,0,,,,,,,,,,{},{},0,"[null, null]"
terrain,completeness_tier::MODERATE_MISSINGNESS,2026,LINEAR_MIN,0,INSUFFICIENT,0,INSUFFICIENT,0,0,,,,,,,,,,{},{},0,"[null, null]"
terrain,completeness_tier::MODERATE_MISSINGNESS,2018,XGB,0,INSUFFICIENT,0,INSUFFICIENT,0,0,,,,,,,,,,{},{},0,"[null, null]"
terrain,completeness_tier::MODERATE_MISSINGNESS,2019,XGB,0,INSUFFICIENT,0,INSUFFICIENT,0,0,,,,,,,,,,{},{},0,"[null, null]"
terrain,completeness_tier::MODERATE_MISSINGNESS,2020,XGB,0,INSUFFICIENT,0,INSUFFICIENT,0,0,,,,,,,,,,{},{},0,"[null, null]"
terrain,completeness_tier::MODERATE_MISSINGNESS,2021,XGB,0,INSUFFICIENT,0,INSUFFICIENT,0,0,,,,,,,,,,{},{},0,"[null, null]"
terrain,completeness_tier::MODERATE_MISSINGNESS,2022,XGB,0,INSUFFICIENT,0,INSUFFICIENT,0,0,,,,,,,,,,{},{},0,"[null, null]"
terrain,completeness_tier::MODERATE_MISSINGNESS,2023,XGB,0,INSUFFICIENT,0,INSUFFICIENT,0,0,,,,,,,,,,{},{},0,"[null, null]"
terrain,completeness_tier::MODERATE_MISSINGNESS,2024,XGB,0,INSUFFICIENT,0,INSUFFICIENT,0,0,,,,,,,,,,{},{},0,"[null, null]"
terrain,completeness_tier::MODERATE_MISSINGNESS,2025,XGB,0,INSUFFICIENT,0,INSUFFICIENT,0,0,,,,,,,,,,{},{},0,"[null, null]"
terrain,completeness_tier::MODERATE_MISSINGNESS,2026,XGB,0,INSUFFICIENT,0,INSUFFICIENT,0,0,,,,,,,,,,{},{},0,"[null, null]"
terrain,completeness_tier::MODERATE_MISSINGNESS,2018,LGBM,0,INSUFFICIENT,0,INSUFFICIENT,0,0,,,,,,,,,,{},{},0,"[null, null]"
terrain,completeness_tier::MODERATE_MISSINGNESS,2019,LGBM,0,INSUFFICIENT,0,INSUFFICIENT,0,0,,,,,,,,,,{},{},0,"[null, null]"
terrain,completeness_tier::MODERATE_MISSINGNESS,2020,LGBM,0,INSUFFICIENT,0,INSUFFICIENT,0,0,,,,,,,,,,{},{},0,"[null, null]"
terrain,completeness_tier::MODERATE_MISSINGNESS,2021,LGBM,0,INSUFFICIENT,0,INSUFFICIENT,0,0,,,,,,,,,,{},{},0,"[null, null]"
terrain,completeness_tier::MODERATE_MISSINGNESS,2022,LGBM,0,INSUFFICIENT,0,INSUFFICIENT,0,0,,,,,,,,,,{},{},0,"[null, null]"
terrain,completeness_tier::MODERATE_MISSINGNESS,2023,LGBM,0,INSUFFICIENT,0,INSUFFICIENT,0,0,,,,,,,,,,{},{},0,"[null, null]"
terrain,completeness_tier::MODERATE_MISSINGNESS,2024,LGBM,0,INSUFFICIENT,0,INSUFFICIENT,0,0,,,,,,,,,,{},{},0,"[null, null]"
terrain,completeness_tier::MODERATE_MISSINGNESS,2025,LGBM,0,INSUFFICIENT,0,INSUFFICIENT,0,0,,,,,,,,,,{},{},0,"[null, null]"
terrain,completeness_tier::MODERATE_MISSINGNESS,2026,LGBM,0,INSUFFICIENT,0,INSUFFICIENT,0,0,,,,,,,,,,{},{},0,"[null, null]"
terrain,completeness_tier::MODERATE_MISSINGNESS,2018,CAT,0,INSUFFICIENT,0,INSUFFICIENT,0,0,,,,,,,,,,{},{},0,"[null, null]"
terrain,completeness_tier::MODERATE_MISSINGNESS,2019,CAT,0,INSUFFICIENT,0,INSUFFICIENT,0,0,,,,,,,,,,{},{},0,"[null, null]"
terrain,completeness_tier::MODERATE_MISSINGNESS,2020,CAT,0,INSUFFICIENT,0,INSUFFICIENT,0,0,,,,,,,,,,{},{},0,"[null, null]"
terrain,completeness_tier::MODERATE_MISSINGNESS,2021,CAT,0,INSUFFICIENT,0,INSUFFICIENT,0,0,,,,,,,,,,{},{},0,"[null, null]"
terrain,completeness_tier::MODERATE_MISSINGNESS,2022,CAT,0,INSUFFICIENT,0,INSUFFICIENT,0,0,,,,,,,,,,{},{},0,"[null, null]"
terrain,completeness_tier::MODERATE_MISSINGNESS,2023,CAT,0,INSUFFICIENT,0,INSUFFICIENT,0,0,,,,,,,,,,{},{},0,"[null, null]"
terrain,completeness_tier::MODERATE_MISSINGNESS,2024,CAT,0,INSUFFICIENT,0,INSUFFICIENT,0,0,,,,,,,,,,{},{},0,"[null, null]"
terrain,completeness_tier::MODERATE_MISSINGNESS,2025,CAT,0,INSUFFICIENT,0,INSUFFICIENT,0,0,,,,,,,,,,{},{},0,"[null, null]"
terrain,completeness_tier::MODERATE_MISSINGNESS,2026,CAT,0,INSUFFICIENT,0,INSUFFICIENT,0,0,,,,,,,,,,{},{},0,"[null, null]"
terrain,completeness_tier::MODERATE_MISSINGNESS,2018,SELECT,0,INSUFFICIENT,0,INSUFFICIENT,0,0,,,,,,,,,,{},{},0,"[null, null]"
terrain,completeness_tier::MODERATE_MISSINGNESS,2019,SELECT,0,INSUFFICIENT,0,INSUFFICIENT,0,0,,,,,,,,,,{},{},0,"[null, null]"
terrain,completeness_tier::MODERATE_MISSINGNESS,2020,SELECT,0,INSUFFICIENT,0,INSUFFICIENT,0,0,,,,,,,,,,{},{},0,"[null, null]"
terrain,completeness_tier::MODERATE_MISSINGNESS,2021,SELECT,0,INSUFFICIENT,0,INSUFFICIENT,0,0,,,,,,,,,,{},{},0,"[null, null]"
terrain,completeness_tier::MODERATE_MISSINGNESS,2022,SELECT,0,INSUFFICIENT,0,INSUFFICIENT,0,0,,,,,,,,,,{},{},0,"[null, null]"
terrain,completeness_tier::MODERATE_MISSINGNESS,2023,SELECT,0,INSUFFICIENT,0,INSUFFICIENT,0,0,,,,,,,,,,{},{},0,"[null, null]"
terrain,completeness_tier::MODERATE_MISSINGNESS,2024,SELECT,0,INSUFFICIENT,0,INSUFFICIENT,0,0,,,,,,,,,,{},{},0,"[null, null]"
terrain,completeness_tier::MODERATE_MISSINGNESS,2025,SELECT,0,INSUFFICIENT,0,INSUFFICIENT,0,0,,,,,,,,,,{},{},0,"[null, null]"
terrain,completeness_tier::MODERATE_MISSINGNESS,2026,SELECT,0,INSUFFICIENT,0,INSUFFICIENT,0,0,,,,,,,,,,{},{},0,"[null, null]"
terrain,striking_environment::STRIKE_LOW,2018,LINEAR_MIN,287,NORMAL,138,NORMAL,80,58,0.57971014492753625,0.42028985507246375,0.63460723266135222,0.36539276733864778,0.054897087733815964,0.68167457517549002,0.24162853569866041,0,0,"{""2018"": 138}","{""2018"": 287}",39,"[0.49629083327975365, 0.6588119144141406]"
terrain,striking_environment::STRIKE_LOW,2019,LINEAR_MIN,289,NORMAL,124,NORMAL,79,45,0.63709677419354838,0.36290322580645162,0.64226896402856837,0.35773103597143163,0.0051721898350199913,0.66268728585192427,0.23296909761803639,0,0,"{""2019"": 124}","{""2019"": 289}",41,"[0.5495245537453526, 0.7164298581773647]"
terrain,striking_environment::STRIKE_LOW,2020,LINEAR_MIN,261,NORMAL,125,NORMAL,75,50,0.59999999999999998,0.40000000000000002,0.6367134008834231,0.3632865991165769,0.03671340088342312,0.66413410990908972,0.23616034131246347,0,0,"{""2020"": 125}","{""2020"": 261}",41,"[0.5123745945370625, 0.6816623267212721]"
terrain,striking_environment::STRIKE_LOW,2021,LINEAR_MIN,287,NORMAL,139,NORMAL,88,51,0.63309352517985606,0.36690647482014388,0.61229372743318511,0.38770627256681489,-0.020799797746670956,0.68359222605223335,0.24345538592203475,0,0,"{""2021"": 139}","{""2021"": 287}",40,"[0.5503958265388406, 0.70863261174143]"
terrain,striking_environment::STRIKE_LOW,2022,LINEAR_MIN,281,NORMAL,142,NORMAL,82,60,0.57746478873239437,0.42253521126760563,0.63839486974569193,0.36160513025430807,0.060930081013297555,0.67224141922131042,0.23906092929646267,0,0,"{""2022"": 142}","{""2022"": 281}",42,"[0.49523026877575627, 0.6556184691475805]"
terrain,striking_environment::STRIKE_LOW,2023,LINEAR_MIN,257,NORMAL,127,NORMAL,70,57,0.55118110236220474,0.44881889763779526,0.61280776260527259,0.38719223739472741,0.061626660243067843,0.68142595426783836,0.24301154372876768,0,0,"{""2023"": 127}","{""2023"": 257}",43,"[0.4644419396517996, 0.6349149470504136]"
terrain,striking_environment::STRIKE_LOW,2024,LINEAR_MIN,258,NORMAL,101,NORMAL,56,45,0.5544554455445545,0.44554455445544555,0.62599658935994618,0.37400341064005382,0.071541143815391672,0.69144232297743458,0.24695933832751998,0,0,"{""2024"": 101}","{""2024"": 258}",40,"[0.45729983104573313, 0.6476204945938867]"
terrain,striking_environment::STRIKE_LOW,2025,LINEAR_MIN,262,NORMAL,118,NORMAL,65,53,0.55084745762711862,0.44915254237288138,0.60339570273787924,0.39660429726212076,0.052548245110760616,0.67061586664144046,0.2377812387397765,0,0,"{""2025"": 118}","{""2025"": 262}",38,"[0.46090894142379035, 0.6375797020654475]"
terrain,striking_environment::STRIKE_LOW,2026,LINEAR_MIN,150,NORMAL,70,MODERATE_UNCERTAINTY,36,34,0.51428571428571423,0.48571428571428571,0.60449259382095843,0.39550740617904157,0.0902068795352442,0.67760460526150723,0.24224900497377166,0,0,"{""2026"": 70}","{""2026"": 150}",26,"[0.39954383919009234, 0.6275412161696143]"
terrain,striking_environment::STRIKE_LOW,2018,XGB,287,NORMAL,138,NORMAL,80,58,0.57971014492753625,0.42028985507246375,0.62088941512764362,0.37911058487235638,0.041179270200107365,0.64288186281592297,0.22769630223801626,-0.038792712359567043,-0.013932233460644188,"{""2018"": 138}","{""2018"": 287}",39,"[0.49629083327975365, 0.6588119144141406]"
terrain,striking_environment::STRIKE_LOW,2019,XGB,289,NORMAL,124,NORMAL,79,45,0.63709677419354838,0.36290322580645162,0.63955196209492227,0.36044803790507773,0.0024551879013738898,0.62952028292327444,0.21746240068863226,-0.033167002928649943,-0.015506696929404122,"{""2019"": 124}","{""2019"": 289}",41,"[0.5495245537453526, 0.7164298581773647]"
terrain,striking_environment::STRIKE_LOW,2020,XGB,261,NORMAL,125,NORMAL,75,50,0.59999999999999998,0.40000000000000002,0.63131796240806581,0.36868203759193419,0.031317962408065836,0.62958141232675024,0.22120833771930509,-0.034552697582339517,-0.014952003593158352,"{""2020"": 125}","{""2020"": 261}",41,"[0.5123745945370625, 0.6816623267212721]"
terrain,striking_environment::STRIKE_LOW,2021,XGB,287,NORMAL,139,NORMAL,88,51,0.63309352517985606,0.36690647482014388,0.62608409699776191,0.37391590300223809,-0.0070094281820941573,0.65341152782446277,0.23200154100944181,-0.030180698227770492,-0.011453844912592947,"{""2021"": 139}","{""2021"": 287}",40,"[0.5503958265388406, 0.70863261174143]"
terrain,striking_environment::STRIKE_LOW,2022,XGB,281,NORMAL,142,NORMAL,82,60,0.57746478873239437,0.42253521126760563,0.64024177067716359,0.35975822932283641,0.062776981944769217,0.66323910107999595,0.23586914335665909,-0.009002318141314334,-0.0031917859398035431,"{""2022"": 142}","{""2022"": 281}",42,"[0.49523026877575627, 0.6556184691475805]"
terrain,striking_environment::STRIKE_LOW,2023,XGB,257,NORMAL,127,NORMAL,70,57,0.55118110236220474,0.44881889763779526,0.62873047824919692,0.37126952175080308,0.077549375886992178,0.70446124831507395,0.25208617514142728,0.023035294047235918,0.0090746314126595624,"{""2023"": 127}","{""2023"": 257}",43,"[0.4644419396517996, 0.6349149470504136]"
terrain,striking_environment::STRIKE_LOW,2024,XGB,258,NORMAL,101,NORMAL,56,45,0.5544554455445545,0.44554455445544555,0.60519998026366284,0.39480001973633716,0.050744534719108336,0.67072560051222807,0.23907743822672511,-0.020716722465206606,-0.0078819001007948419,"{""2024"": 101}","{""2024"": 258}",40,"[0.45729983104573313, 0.6476204945938867]"
terrain,striking_environment::STRIKE_LOW,2025,XGB,262,NORMAL,118,NORMAL,65,53,0.55084745762711862,0.44915254237288138,0.61278385580596273,0.38721614419403727,0.06193639817884411,0.67353114540740477,0.23928591269401672,0.0029152787659643691,0.0015046739542402441,"{""2025"": 118}","{""2025"": 262}",38,"[0.46090894142379035, 0.6375797020654475]"
terrain,striking_environment::STRIKE_LOW,2026,XGB,150,NORMAL,70,MODERATE_UNCERTAINTY,36,34,0.51428571428571423,0.48571428571428571,0.61818397492170329,0.38181602507829671,0.10389826063598906,0.69509404671732111,0.24865269641915347,0.017489441455813673,0.0064036914453818334,"{""2026"": 70}","{""2026"": 150}",26,"[0.39954383919009234, 0.6275412161696143]"
terrain,striking_environment::STRIKE_LOW,2018,LGBM,287,NORMAL,138,NORMAL,80,58,0.57971014492753625,0.42028985507246375,0.60909861079758376,0.39090138920241624,0.029388465870047509,0.64139360998418937,0.22614560070095197,-0.040280965191300713,-0.015482934997708454,"{""2018"": 138}","{""2018"": 287}",39,"[0.49629083327975365, 0.6588119144141406]"
terrain,striking_environment::STRIKE_LOW,2019,LGBM,289,NORMAL,124,NORMAL,79,45,0.63709677419354838,0.36290322580645162,0.63633380528227423,0.36366619471772577,-0.00076296891127414224,0.62455741889465977,0.21562232377459198,-0.038129866957264648,-0.017346773843444407,"{""2019"": 124}","{""2019"": 289}",41,"[0.5495245537453526, 0.7164298581773647]"
terrain,striking_environment::STRIKE_LOW,2020,LGBM,261,NORMAL,125,NORMAL,75,50,0.59999999999999998,0.40000000000000002,0.6302150127610312,0.3697849872389688,0.030215012761031224,0.63917046657332521,0.22562372740269274,-0.024963643335764375,-0.010536613909770676,"{""2020"": 125}","{""2020"": 261}",41,"[0.5123745945370625, 0.6816623267212721]"
terrain,striking_environment::STRIKE_LOW,2021,LGBM,287,NORMAL,139,NORMAL,88,51,0.63309352517985606,0.36690647482014388,0.63033197475900038,0.36966802524099962,-0.0027615504208556851,0.64552838897861176,0.22839578316169865,-0.038063837073621529,-0.015059602760336036,"{""2021"": 139}","{""2021"": 287}",40,"[0.5503958265388406, 0.70863261174143]"
terrain,striking_environment::STRIKE_LOW,2022,LGBM,281,NORMAL,142,NORMAL,82,60,0.57746478873239437,0.42253521126760563,0.64647229647005111,0.35352770352994889,0.069007507737656737,0.66914982919888344,0.23831890788931237,-0.0030915900224269986,-0.0007420214071503005,"{""2022"": 142}","{""2022"": 281}",42,"[0.49523026877575627, 0.6556184691475805]"
terrain,striking_environment::STRIKE_LOW,2023,LGBM,257,NORMAL,127,NORMAL,70,57,0.55118110236220474,0.44881889763779526,0.6321985783038977,0.3678014216961023,0.081017475941692951,0.70536908483496386,0.25246877023498177,0.023943130567125343,0.0094572265062140247,"{""2023"": 127}","{""2023"": 257}",43,"[0.4644419396517996, 0.6349149470504136]"
terrain,striking_environment::STRIKE_LOW,2024,LGBM,258,NORMAL,101,NORMAL,56,45,0.5544554455445545,0.44554455445544555,0.61247405318526493,0.38752594681473507,0.058018607640710429,0.66635337756031277,0.23757747269151427,-0.025088945417121842,-0.0093818656360056454,"{""2024"": 101}","{""2024"": 258}",40,"[0.45729983104573313, 0.6476204945938867]"
terrain,striking_environment::STRIKE_LOW,2025,LGBM,262,NORMAL,118,NORMAL,65,53,0.55084745762711862,0.44915254237288138,0.61033038908627646,0.38966961091372354,0.05948293145915784,0.67283505545991273,0.23895746186114233,0.0022191888184721694,0.0011762231213658179,"{""2025"": 118}","{""2025"": 262}",38,"[0.46090894142379035, 0.6375797020654475]"
terrain,striking_environment::STRIKE_LOW,2026,LGBM,150,NORMAL,70,MODERATE_UNCERTAINTY,36,34,0.51428571428571423,0.48571428571428571,0.61169632169063048,0.38830367830936952,0.09741060740491625,0.70189282636264627,0.25076236952281966,0.024288221101138967,0.0085133645490480248,"{""2026"": 70}","{""2026"": 150}",26,"[0.39954383919009234, 0.6275412161696143]"
terrain,striking_environment::STRIKE_LOW,2018,CAT,287,NORMAL,138,NORMAL,80,58,0.57971014492753625,0.42028985507246375,0.61900291634162996,0.38099708365837004,0.039292771414093708,0.63764659160148829,0.22431103947969006,-0.044027983574001707,-0.017317496218970382,"{""2018"": 138}","{""2018"": 287}",39,"[0.49629083327975365, 0.6588119144141406]"
terrain,striking_environment::STRIKE_LOW,2019,CAT,289,NORMAL,124,NORMAL,79,45,0.63709677419354838,0.36290322580645162,0.6469679251315088,0.3530320748684912,0.0098711509379604268,0.62467568359728343,0.21615028100419789,-0.038011602254640869,-0.016818816613838491,"{""2019"": 124}","{""2019"": 289}",41,"[0.5495245537453526, 0.7164298581773647]"
terrain,striking_environment::STRIKE_LOW,2020,CAT,261,NORMAL,125,NORMAL,75,50,0.59999999999999998,0.40000000000000002,0.63053170471139963,0.36946829528860037,0.030531704711399654,0.64194261490733129,0.22598764078355871,-0.022191495001758352,-0.010172700528904751,"{""2020"": 125}","{""2020"": 261}",41,"[0.5123745945370625, 0.6816623267212721]"
terrain,striking_environment::STRIKE_LOW,2021,CAT,287,NORMAL,139,NORMAL,88,51,0.63309352517985606,0.36690647482014388,0.62032459684195906,0.37967540315804094,-0.012768928337897001,0.67356852635662978,0.23948017973162716,-0.010023699695603594,-0.0039752061904075823,"{""2021"": 139}","{""2021"": 287}",40,"[0.5503958265388406, 0.70863261174143]"
terrain,striking_environment::STRIKE_LOW,2022,CAT,281,NORMAL,142,NORMAL,82,60,0.57746478873239437,0.42253521126760563,0.64928217415249301,0.35071782584750699,0.071817385420098634,0.67354535450051034,0.23890056506857821,0.0013039352792000561,-0.00016036422788447751,"{""2022"": 142}","{""2022"": 281}",42,"[0.49523026877575627, 0.6556184691475805]"
terrain,striking_environment::STRIKE_LOW,2023,CAT,257,NORMAL,127,NORMAL,70,57,0.55118110236220474,0.44881889763779526,0.62137065131455582,0.37862934868544418,0.070189548952351077,0.69819387938110256,0.24984514423954729,0.016767925113264179,0.0068336005107795935,"{""2023"": 127}","{""2023"": 257}",43,"[0.4644419396517996, 0.6349149470504136]"
terrain,striking_environment::STRIKE_LOW,2024,CAT,258,NORMAL,101,NORMAL,56,45,0.5544554455445545,0.44554455445544555,0.63026613401509579,0.36973386598490421,0.075810688470541288,0.68840974785415709,0.24528325721731895,-0.0030325751232775453,-0.0016760811102010369,"{""2024"": 101}","{""2024"": 258}",40,"[0.45729983104573313, 0.6476204945938867]"
terrain,striking_environment::STRIKE_LOW,2025,CAT,262,NORMAL,118,NORMAL,65,53,0.55084745762711862,0.44915254237288138,0.60951854451885901,0.39048145548114099,0.058671086891740387,0.67454862676203953,0.2402116095693306,0.0039327601205988846,0.0024303708295541305,"{""2025"": 118}","{""2025"": 262}",38,"[0.46090894142379035, 0.6375797020654475]"
terrain,striking_environment::STRIKE_LOW,2026,CAT,150,NORMAL,70,MODERATE_UNCERTAINTY,36,34,0.51428571428571423,0.48571428571428571,0.6137076352405787,0.3862923647594213,0.099421920954864462,0.70844486587724487,0.25447042666488517,0.030840260615737591,0.012221421691113451,"{""2026"": 70}","{""2026"": 150}",26,"[0.39954383919009234, 0.6275412161696143]"
terrain,striking_environment::STRIKE_LOW,2018,SELECT,287,NORMAL,138,NORMAL,80,58,0.57971014492753625,0.42028985507246375,0.62088941512764362,0.37911058487235638,0.041179270200107365,0.64288186281592297,0.22769630223801626,-0.038792712359567043,-0.013932233460644188,"{""2018"": 138}","{""2018"": 287}",39,"[0.49629083327975365, 0.6588119144141406]"
terrain,striking_environment::STRIKE_LOW,2019,SELECT,289,NORMAL,124,NORMAL,79,45,0.63709677419354838,0.36290322580645162,0.63955196209492227,0.36044803790507773,0.0024551879013738898,0.62952028292327444,0.21746240068863226,-0.033167002928649943,-0.015506696929404122,"{""2019"": 124}","{""2019"": 289}",41,"[0.5495245537453526, 0.7164298581773647]"
terrain,striking_environment::STRIKE_LOW,2020,SELECT,261,NORMAL,125,NORMAL,75,50,0.59999999999999998,0.40000000000000002,0.6302150127610312,0.3697849872389688,0.030215012761031224,0.63917046657332521,0.22562372740269274,-0.024963643335764375,-0.010536613909770676,"{""2020"": 125}","{""2020"": 261}",41,"[0.5123745945370625, 0.6816623267212721]"
terrain,striking_environment::STRIKE_LOW,2021,SELECT,287,NORMAL,139,NORMAL,88,51,0.63309352517985606,0.36690647482014388,0.62032459684195906,0.37967540315804094,-0.012768928337897001,0.67356852635662978,0.23948017973162716,-0.010023699695603594,-0.0039752061904075823,"{""2021"": 139}","{""2021"": 287}",40,"[0.5503958265388406, 0.70863261174143]"
terrain,striking_environment::STRIKE_LOW,2022,SELECT,281,NORMAL,142,NORMAL,82,60,0.57746478873239437,0.42253521126760563,0.64647229647005111,0.35352770352994889,0.069007507737656737,0.66914982919888344,0.23831890788931237,-0.0030915900224269986,-0.0007420214071503005,"{""2022"": 142}","{""2022"": 281}",42,"[0.49523026877575627, 0.6556184691475805]"
terrain,striking_environment::STRIKE_LOW,2023,SELECT,257,NORMAL,127,NORMAL,70,57,0.55118110236220474,0.44881889763779526,0.62137065131455582,0.37862934868544418,0.070189548952351077,0.69819387938110256,0.24984514423954729,0.016767925113264179,0.0068336005107795935,"{""2023"": 127}","{""2023"": 257}",43,"[0.4644419396517996, 0.6349149470504136]"
terrain,striking_environment::STRIKE_LOW,2024,SELECT,258,NORMAL,101,NORMAL,56,45,0.5544554455445545,0.44554455445544555,0.63026613401509579,0.36973386598490421,0.075810688470541288,0.68840974785415709,0.24528325721731895,-0.0030325751232775453,-0.0016760811102010369,"{""2024"": 101}","{""2024"": 258}",40,"[0.45729983104573313, 0.6476204945938867]"
terrain,striking_environment::STRIKE_LOW,2025,SELECT,262,NORMAL,118,NORMAL,65,53,0.55084745762711862,0.44915254237288138,0.61033038908627646,0.38966961091372354,0.05948293145915784,0.67283505545991273,0.23895746186114233,0.0022191888184721694,0.0011762231213658179,"{""2025"": 118}","{""2025"": 262}",38,"[0.46090894142379035, 0.6375797020654475]"
terrain,striking_environment::STRIKE_LOW,2026,SELECT,150,NORMAL,70,MODERATE_UNCERTAINTY,36,34,0.51428571428571423,0.48571428571428571,0.61169632169063048,0.38830367830936952,0.09741060740491625,0.70189282636264627,0.25076236952281966,0.024288221101138967,0.0085133645490480248,"{""2026"": 70}","{""2026"": 150}",26,"[0.39954383919009234, 0.6275412161696143]"
terrain,striking_environment::STRIKE_ONE_SIDED,2018,LINEAR_MIN,82,MODERATE_UNCERTAINTY,47,THIN_EXPLORATORY,39,8,0.82978723404255317,0.1702127659574468,0.73727604672705715,0.26272395327294285,-0.092511187315496013,0.38046840558156514,0.11260314804951019,0,0,"{""2018"": 47}","{""2018"": 82}",26,"[0.6986022402737561, 0.9111363612350974]"
terrain,striking_environment::STRIKE_ONE_SIDED,2019,LINEAR_MIN,90,MODERATE_UNCERTAINTY,51,MODERATE_UNCERTAINTY,42,9,0.82352941176470584,0.17647058823529413,0.72457731117295232,0.27542268882704768,-0.098952100591753522,0.48562294366287501,0.15573465927268218,0,0,"{""2019"": 51}","{""2019"": 90}",31,"[0.6974585747569192, 0.9042759653087368]"
terrain,striking_environment::STRIKE_ONE_SIDED,2020,LINEAR_MIN,78,MODERATE_UNCERTAINTY,38,THIN_EXPLORATORY,23,15,0.60526315789473684,0.39473684210526316,0.69884088250269116,0.30115911749730884,0.093577724607954327,0.63481120360919641,0.22751224390792524,0,0,"{""2020"": 38}","{""2020"": 78}",25,"[0.4471786799604255, 0.744019242518399]"
terrain,striking_environment::STRIKE_ONE_SIDED,2021,LINEAR_MIN,101,NORMAL,50,MODERATE_UNCERTAINTY,40,10,0.80000000000000004,0.20000000000000001,0.73227021483827504,0.26772978516172496,-0.067729785161725009,0.483932095710008,0.15389607427283622,0,0,"{""2021"": 50}","{""2021"": 101}",30,"[0.6696289406777459, 0.887562499842239]"
terrain,striking_environment::STRIKE_ONE_SIDED,2022,LINEAR_MIN,122,NORMAL,76,MODERATE_UNCERTAINTY,54,22,0.71052631578947367,0.28947368421052633,0.76282976634272981,0.23717023365727019,0.052303450553256137,0.5286843411117943,0.17513019959378595,0,0,"{""2022"": 76}","{""2022"": 122}",36,"[0.600404448228802, 0.8003898317437719]"
terrain,striking_environment::STRIKE_ONE_SIDED,2023,LINEAR_MIN,115,NORMAL,59,MODERATE_UNCERTAINTY,39,20,0.66101694915254239,0.33898305084745761,0.73848427884995793,0.26151572115004207,0.077467329697415543,0.62916674397461869,0.21654246456112766,0,0,"{""2023"": 59}","{""2023"": 115}",34,"[0.5337247056692836, 0.7686234631441234]"
terrain,striking_environment::STRIKE_ONE_SIDED,2024,LINEAR_MIN,132,NORMAL,66,MODERATE_UNCERTAINTY,45,21,0.68181818181818177,0.31818181818181818,0.73456182535381909,0.26543817464618091,0.052743643535637319,0.56141456116218913,0.1902182468584725,0,0,"{""2024"": 66}","{""2024"": 132}",34,"[0.5621255011195574, 0.7815099326937003]"
terrain,striking_environment::STRIKE_ONE_SIDED,2025,LINEAR_MIN,126,NORMAL,65,MODERATE_UNCERTAINTY,49,16,0.75384615384615383,0.24615384615384617,0.72334439450475418,0.27665560549524582,-0.030501759341399648,0.49730151922742116,0.16416608694327969,0,0,"{""2025"": 65}","{""2025"": 126}",32,"[0.6369421680412217, 0.8424201314410202]"
terrain,striking_environment::STRIKE_ONE_SIDED,2026,LINEAR_MIN,93,MODERATE_UNCERTAINTY,57,MODERATE_UNCERTAINTY,40,17,0.70175438596491224,0.2982456140350877,0.75769123008290751,0.24230876991709249,0.055936844117995266,0.50440961440382903,0.16954729606439661,0,0,"{""2026"": 57}","{""2026"": 93}",24,"[0.5733571989653998, 0.8046744992518191]"
terrain,striking_environment::STRIKE_ONE_SIDED,2018,XGB,82,MODERATE_UNCERTAINTY,47,THIN_EXPLORATORY,39,8,0.82978723404255317,0.1702127659574468,0.70816950975580417,0.29183049024419583,-0.121617724286749,0.41075557375775767,0.12607655146400035,0.030287168176192321,0.013473403414490137,"{""2018"": 47}","{""2018"": 82}",26,"[0.6986022402737561, 0.9111363612350974]"
terrain,striking_environment::STRIKE_ONE_SIDED,2019,XGB,90,MODERATE_UNCERTAINTY,51,MODERATE_UNCERTAINTY,42,9,0.82352941176470584,0.17647058823529413,0.71427258498528423,0.28572741501471577,-0.10925682677942161,0.50558407049239185,0.16430608507989403,0.019961126829516736,0.00857142580721185,"{""2019"": 51}","{""2019"": 90}",31,"[0.6974585747569192, 0.9042759653087368]"
terrain,striking_environment::STRIKE_ONE_SIDED,2020,XGB,78,MODERATE_UNCERTAINTY,38,THIN_EXPLORATORY,23,15,0.60526315789473684,0.39473684210526316,0.68470813961405508,0.31529186038594492,0.079444981719318242,0.63447146458046555,0.22240171807877426,-0.00033973902873093547,-0.0051105258291509166,"{""2020"": 38}","{""2020"": 78}",25,"[0.4471786799604255, 0.744019242518399]"
terrain,striking_environment::STRIKE_ONE_SIDED,2021,XGB,101,NORMAL,50,MODERATE_UNCERTAINTY,40,10,0.80000000000000004,0.20000000000000001,0.73758381783962246,0.26241618216037754,-0.062416182160377587,0.48114576547687365,0.15420921977042448,-0.0027863302331343843,0.00031314549758825974,"{""2021"": 50}","{""2021"": 101}",30,"[0.6696289406777459, 0.887562499842239]"
terrain,striking_environment::STRIKE_ONE_SIDED,2022,XGB,122,NORMAL,76,MODERATE_UNCERTAINTY,54,22,0.71052631578947367,0.28947368421052633,0.71934100907099874,0.28065899092900126,0.0088146932815250656,0.54083886836552875,0.18042122682740516,0.012154527253734448,0.0052910272336192448,"{""2022"": 76}","{""2022"": 122}",36,"[0.600404448228802, 0.8003898317437719]"
terrain,striking_environment::STRIKE_ONE_SIDED,2023,XGB,115,NORMAL,59,MODERATE_UNCERTAINTY,39,20,0.66101694915254239,0.33898305084745761,0.69548154634944459,0.30451845365055541,0.034464597196902202,0.60999725015553552,0.2091546582312957,-0.019169493819083103,-0.0073878063298319233,"{""2023"": 59}","{""2023"": 115}",34,"[0.5337247056692836, 0.7686234631441234]"
terrain,striking_environment::STRIKE_ONE_SIDED,2024,XGB,132,NORMAL,66,MODERATE_UNCERTAINTY,45,21,0.68181818181818177,0.31818181818181818,0.68222401991034998,0.31777598008965002,0.00040583809216820921,0.57079422580193673,0.19412268878756991,0.0093796646397475945,0.0039044419290974464,"{""2024"": 66}","{""2024"": 132}",34,"[0.5621255011195574, 0.7815099326937003]"
terrain,striking_environment::STRIKE_ONE_SIDED,2025,XGB,126,NORMAL,65,MODERATE_UNCERTAINTY,49,16,0.75384615384615383,0.24615384615384617,0.72058187172963073,0.27941812827036927,-0.033264282116523103,0.4921572086343321,0.15949042854268639,-0.005144310593089031,-0.0046756584005933121,"{""2025"": 65}","{""2025"": 126}",32,"[0.6369421680412217, 0.8424201314410202]"
terrain,striking_environment::STRIKE_ONE_SIDED,2026,XGB,93,MODERATE_UNCERTAINTY,57,MODERATE_UNCERTAINTY,40,17,0.70175438596491224,0.2982456140350877,0.75446311057659621,0.24553688942340379,0.052708724611683966,0.52686129322637476,0.17822437333320806,0.022451678822545881,0.0086770772688114679,"{""2026"": 57}","{""2026"": 93}",24,"[0.5733571989653998, 0.8046744992518191]"
terrain,striking_environment::STRIKE_ONE_SIDED,2018,LGBM,82,MODERATE_UNCERTAINTY,47,THIN_EXPLORATORY,39,8,0.82978723404255317,0.1702127659574468,0.6961131116810042,0.3038868883189958,-0.13367412236154896,0.42585554668549075,0.1297548532421279,0.045387141103925562,0.017151705192617731,"{""2018"": 47}","{""2018"": 82}",26,"[0.6986022402737561, 0.9111363612350974]"
terrain,striking_environment::STRIKE_ONE_SIDED,2019,LGBM,90,MODERATE_UNCERTAINTY,51,MODERATE_UNCERTAINTY,42,9,0.82352941176470584,0.17647058823529413,0.71600978037929763,0.28399021962070237,-0.10751963138540821,0.4948106473917121,0.15928800271479285,0.0091877037288370361,0.0035533434421106871,"{""2019"": 51}","{""2019"": 90}",31,"[0.6974585747569192, 0.9042759653087368]"
terrain,striking_environment::STRIKE_ONE_SIDED,2020,LGBM,78,MODERATE_UNCERTAINTY,38,THIN_EXPLORATORY,23,15,0.60526315789473684,0.39473684210526316,0.70354982072317052,0.29645017927682948,0.09828666282843368,0.64818001439668615,0.22899056039194235,0.013368810787489561,0.001478316484017126,"{""2020"": 38}","{""2020"": 78}",25,"[0.4471786799604255, 0.744019242518399]"
terrain,striking_environment::STRIKE_ONE_SIDED,2021,LGBM,101,NORMAL,50,MODERATE_UNCERTAINTY,40,10,0.80000000000000004,0.20000000000000001,0.73547269983531838,0.26452730016468162,-0.064527300164681667,0.48368256571661283,0.15518308722425722,-0.00024952999339524439,0.0012870129514210116,"{""2021"": 50}","{""2021"": 101}",30,"[0.6696289406777459, 0.887562499842239]"
terrain,striking_environment::STRIKE_ONE_SIDED,2022,LGBM,122,NORMAL,76,MODERATE_UNCERTAINTY,54,22,0.71052631578947367,0.28947368421052633,0.73136906065236251,0.26863093934763749,0.02084274486288884,0.52941613791957642,0.17620079711925363,0.00073179680778218961,0.0010705975254677179,"{""2022"": 76}","{""2022"": 122}",36,"[0.600404448228802, 0.8003898317437719]"
terrain,striking_environment::STRIKE_ONE_SIDED,2023,LGBM,115,NORMAL,59,MODERATE_UNCERTAINTY,39,20,0.66101694915254239,0.33898305084745761,0.70839399528694835,0.29160600471305165,0.047377046134405965,0.6174160209611107,0.21198617132291567,-0.011750723013507726,-0.0045562932382119791,"{""2023"": 59}","{""2023"": 115}",34,"[0.5337247056692836, 0.7686234631441234]"
terrain,striking_environment::STRIKE_ONE_SIDED,2024,LGBM,132,NORMAL,66,MODERATE_UNCERTAINTY,45,21,0.68181818181818177,0.31818181818181818,0.70058510765761017,0.29941489234238983,0.018766925839428406,0.54163202823290457,0.18212188114459318,-0.019782532929284589,-0.0080963657138792781,"{""2024"": 66}","{""2024"": 132}",34,"[0.5621255011195574, 0.7815099326937003]"
terrain,striking_environment::STRIKE_ONE_SIDED,2025,LGBM,126,NORMAL,65,MODERATE_UNCERTAINTY,49,16,0.75384615384615383,0.24615384615384617,0.71470910866570592,0.28529089133429408,-0.039137045180447916,0.50971804338104998,0.16750323029980205,0.012416524153628797,0.0033371433565223744,"{""2025"": 65}","{""2025"": 126}",32,"[0.6369421680412217, 0.8424201314410202]"
terrain,striking_environment::STRIKE_ONE_SIDED,2026,LGBM,93,MODERATE_UNCERTAINTY,57,MODERATE_UNCERTAINTY,40,17,0.70175438596491224,0.2982456140350877,0.75281147101421819,0.24718852898578181,0.05105708504930595,0.54674821689030106,0.1836913928289832,0.042338602486472122,0.014144096764586641,"{""2026"": 57}","{""2026"": 93}",24,"[0.5733571989653998, 0.8046744992518191]"
terrain,striking_environment::STRIKE_ONE_SIDED,2018,CAT,82,MODERATE_UNCERTAINTY,47,THIN_EXPLORATORY,39,8,0.82978723404255317,0.1702127659574468,0.711977312336601,0.288022687663399,-0.11780992170595217,0.43111939295912888,0.13257219117059452,0.050650987377563642,0.01996904312108428,"{""2018"": 47}","{""2018"": 82}",26,"[0.6986022402737561, 0.9111363612350974]"
terrain,striking_environment::STRIKE_ONE_SIDED,2019,CAT,90,MODERATE_UNCERTAINTY,51,MODERATE_UNCERTAINTY,42,9,0.82352941176470584,0.17647058823529413,0.72505147217130572,0.27494852782869428,-0.098477939593400121,0.4798022037502267,0.15403702364909483,-0.0058207399126483624,-0.0016976356235873552,"{""2019"": 51}","{""2019"": 90}",31,"[0.6974585747569192, 0.9042759653087368]"
terrain,striking_environment::STRIKE_ONE_SIDED,2020,CAT,78,MODERATE_UNCERTAINTY,38,THIN_EXPLORATORY,23,15,0.60526315789473684,0.39473684210526316,0.68683160756382688,0.31316839243617312,0.081568449669090048,0.63098354823187641,0.22157896426570514,-0.0038276553773200187,-0.0059332796422200754,"{""2020"": 38}","{""2020"": 78}",25,"[0.4471786799604255, 0.744019242518399]"
terrain,striking_environment::STRIKE_ONE_SIDED,2021,CAT,101,NORMAL,50,MODERATE_UNCERTAINTY,40,10,0.80000000000000004,0.20000000000000001,0.74746978843257084,0.25253021156742916,-0.052530211567429208,0.48177583050675826,0.15430759592604895,-0.0021562652032498424,0.00041152165321270065,"{""2021"": 50}","{""2021"": 101}",30,"[0.6696289406777459, 0.887562499842239]"
terrain,striking_environment::STRIKE_ONE_SIDED,2022,CAT,122,NORMAL,76,MODERATE_UNCERTAINTY,54,22,0.71052631578947367,0.28947368421052633,0.75066031335957561,0.24933968664042439,0.040133997570101942,0.50048499816154024,0.16518525032405834,-0.02819934295025394,-0.009944949269727596,"{""2022"": 76}","{""2022"": 122}",36,"[0.600404448228802, 0.8003898317437719]"
terrain,striking_environment::STRIKE_ONE_SIDED,2023,CAT,115,NORMAL,59,MODERATE_UNCERTAINTY,39,20,0.66101694915254239,0.33898305084745761,0.70584286174202626,0.29415713825797374,0.044825912589483874,0.60778701026000936,0.20885910954076611,-0.021379733714609182,-0.0076833550203614567,"{""2023"": 59}","{""2023"": 115}",34,"[0.5337247056692836, 0.7686234631441234]"
terrain,striking_environment::STRIKE_ONE_SIDED,2024,CAT,132,NORMAL,66,MODERATE_UNCERTAINTY,45,21,0.68181818181818177,0.31818181818181818,0.72396403325873671,0.27603596674126329,0.042145851440554938,0.52802968420427665,0.17757578900730897,-0.03338487695791241,-0.012642457851163502,"{""2024"": 66}","{""2024"": 132}",34,"[0.5621255011195574, 0.7815099326937003]"
terrain,striking_environment::STRIKE_ONE_SIDED,2025,CAT,126,NORMAL,65,MODERATE_UNCERTAINTY,49,16,0.75384615384615383,0.24615384615384617,0.69996682303794377,0.30003317696205623,-0.053879330808210057,0.50650214210688893,0.16552470376777501,0.0092006228794677455,0.0013586168244953194,"{""2025"": 65}","{""2025"": 126}",32,"[0.6369421680412217, 0.8424201314410202]"
terrain,striking_environment::STRIKE_ONE_SIDED,2026,CAT,93,MODERATE_UNCERTAINTY,57,MODERATE_UNCERTAINTY,40,17,0.70175438596491224,0.2982456140350877,0.74583792445153929,0.25416207554846071,0.04408353848662705,0.53090590835618068,0.17638011259434319,0.026496293952351691,0.0068328165299466059,"{""2026"": 57}","{""2026"": 93}",24,"[0.5733571989653998, 0.8046744992518191]"
terrain,striking_environment::STRIKE_ONE_SIDED,2018,SELECT,82,MODERATE_UNCERTAINTY,47,THIN_EXPLORATORY,39,8,0.82978723404255317,0.1702127659574468,0.70816950975580417,0.29183049024419583,-0.121617724286749,0.41075557375775767,0.12607655146400035,0.030287168176192321,0.013473403414490137,"{""2018"": 47}","{""2018"": 82}",26,"[0.6986022402737561, 0.9111363612350974]"
terrain,striking_environment::STRIKE_ONE_SIDED,2019,SELECT,90,MODERATE_UNCERTAINTY,51,MODERATE_UNCERTAINTY,42,9,0.82352941176470584,0.17647058823529413,0.71427258498528423,0.28572741501471577,-0.10925682677942161,0.50558407049239185,0.16430608507989403,0.019961126829516736,0.00857142580721185,"{""2019"": 51}","{""2019"": 90}",31,"[0.6974585747569192, 0.9042759653087368]"
terrain,striking_environment::STRIKE_ONE_SIDED,2020,SELECT,78,MODERATE_UNCERTAINTY,38,THIN_EXPLORATORY,23,15,0.60526315789473684,0.39473684210526316,0.70354982072317052,0.29645017927682948,0.09828666282843368,0.64818001439668615,0.22899056039194235,0.013368810787489561,0.001478316484017126,"{""2020"": 38}","{""2020"": 78}",25,"[0.4471786799604255, 0.744019242518399]"
terrain,striking_environment::STRIKE_ONE_SIDED,2021,SELECT,101,NORMAL,50,MODERATE_UNCERTAINTY,40,10,0.80000000000000004,0.20000000000000001,0.74746978843257084,0.25253021156742916,-0.052530211567429208,0.48177583050675826,0.15430759592604895,-0.0021562652032498424,0.00041152165321270065,"{""2021"": 50}","{""2021"": 101}",30,"[0.6696289406777459, 0.887562499842239]"
terrain,striking_environment::STRIKE_ONE_SIDED,2022,SELECT,122,NORMAL,76,MODERATE_UNCERTAINTY,54,22,0.71052631578947367,0.28947368421052633,0.73136906065236251,0.26863093934763749,0.02084274486288884,0.52941613791957642,0.17620079711925363,0.00073179680778218961,0.0010705975254677179,"{""2022"": 76}","{""2022"": 122}",36,"[0.600404448228802, 0.8003898317437719]"
terrain,striking_environment::STRIKE_ONE_SIDED,2023,SELECT,115,NORMAL,59,MODERATE_UNCERTAINTY,39,20,0.66101694915254239,0.33898305084745761,0.70584286174202626,0.29415713825797374,0.044825912589483874,0.60778701026000936,0.20885910954076611,-0.021379733714609182,-0.0076833550203614567,"{""2023"": 59}","{""2023"": 115}",34,"[0.5337247056692836, 0.7686234631441234]"
terrain,striking_environment::STRIKE_ONE_SIDED,2024,SELECT,132,NORMAL,66,MODERATE_UNCERTAINTY,45,21,0.68181818181818177,0.31818181818181818,0.72396403325873671,0.27603596674126329,0.042145851440554938,0.52802968420427665,0.17757578900730897,-0.03338487695791241,-0.012642457851163502,"{""2024"": 66}","{""2024"": 132}",34,"[0.5621255011195574, 0.7815099326937003]"
terrain,striking_environment::STRIKE_ONE_SIDED,2025,SELECT,126,NORMAL,65,MODERATE_UNCERTAINTY,49,16,0.75384615384615383,0.24615384615384617,0.71470910866570592,0.28529089133429408,-0.039137045180447916,0.50971804338104998,0.16750323029980205,0.012416524153628797,0.0033371433565223744,"{""2025"": 65}","{""2025"": 126}",32,"[0.6369421680412217, 0.8424201314410202]"
terrain,striking_environment::STRIKE_ONE_SIDED,2026,SELECT,93,MODERATE_UNCERTAINTY,57,MODERATE_UNCERTAINTY,40,17,0.70175438596491224,0.2982456140350877,0.75281147101421819,0.24718852898578181,0.05105708504930595,0.54674821689030106,0.1836913928289832,0.042338602486472122,0.014144096764586641,"{""2026"": 57}","{""2026"": 93}",24,"[0.5733571989653998, 0.8046744992518191]"
terrain,striking_environment::STRIKE_TWO_SIDED,2018,LINEAR_MIN,5,INSUFFICIENT,5,INSUFFICIENT,4,1,0.80000000000000004,0.20000000000000001,0.84507216687348341,0.15492783312651659,0.045072166873483366,,,,,"{""2018"": 5}","{""2018"": 5}",5,"[0.37553462976252533, 0.9637758913675698]"
terrain,striking_environment::STRIKE_TWO_SIDED,2019,LINEAR_MIN,12,INSUFFICIENT,5,INSUFFICIENT,5,0,1,0,0.85537524974926848,0.14462475025073152,-0.14462475025073152,,,,,"{""2019"": 5}","{""2019"": 12}",5,"[0.5655175352168251, 1.0]"
terrain,striking_environment::STRIKE_TWO_SIDED,2020,LINEAR_MIN,9,INSUFFICIENT,4,INSUFFICIENT,4,0,1,0,0.89237486472870731,0.10762513527129269,-0.10762513527129269,,,,,"{""2020"": 4}","{""2020"": 9}",4,"[0.5101091635454027, 1.0]"
terrain,striking_environment::STRIKE_TWO_SIDED,2021,LINEAR_MIN,27,THIN_EXPLORATORY,10,INSUFFICIENT,8,2,0.80000000000000004,0.20000000000000001,0.79490975303614997,0.20509024696385003,-0.0050902469638500758,,,,,"{""2021"": 10}","{""2021"": 27}",10,"[0.49016247153664183, 0.9433178485456247]"
terrain,striking_environment::STRIKE_TWO_SIDED,2022,LINEAR_MIN,17,INSUFFICIENT,7,INSUFFICIENT,4,3,0.5714285714285714,0.42857142857142855,0.82193008383696409,0.17806991616303591,0.25050151240839269,,,,,"{""2022"": 7}","{""2022"": 17}",6,"[0.2504583645276572, 0.8417801447485302]"
terrain,striking_environment::STRIKE_TWO_SIDED,2023,LINEAR_MIN,21,INSUFFICIENT,13,INSUFFICIENT,12,1,0.92307692307692313,0.076923076923076927,0.83344767095034722,0.16655232904965278,-0.089629252126575909,,,,,"{""2023"": 13}","{""2023"": 21}",9,"[0.6668604907890041, 0.9862895787574435]"
terrain,striking_environment::STRIKE_TWO_SIDED,2024,LINEAR_MIN,32,THIN_EXPLORATORY,16,INSUFFICIENT,12,4,0.75,0.25,0.82947045314215173,0.17052954685784827,0.079470453142151731,,,,,"{""2024"": 16}","{""2024"": 32}",13,"[0.5050168346449122, 0.8981793250878696]"
terrain,striking_environment::STRIKE_TWO_SIDED,2025,LINEAR_MIN,30,THIN_EXPLORATORY,16,INSUFFICIENT,12,4,0.75,0.25,0.82171806868497799,0.17828193131502201,0.071718068684977987,,,,,"{""2025"": 16}","{""2025"": 30}",13,"[0.5050168346449122, 0.8981793250878696]"
terrain,striking_environment::STRIKE_TWO_SIDED,2026,LINEAR_MIN,15,INSUFFICIENT,12,INSUFFICIENT,12,0,1,0,0.84842543072727883,0.15157456927272117,-0.15157456927272117,,,,,"{""2026"": 12}","{""2026"": 15}",10,"[0.7575059933447592, 1.0]"
terrain,striking_environment::STRIKE_TWO_SIDED,2018,XGB,5,INSUFFICIENT,5,INSUFFICIENT,4,1,0.80000000000000004,0.20000000000000001,0.79660702943801875,0.20339297056198125,-0.00339297056198129,,,,,"{""2018"": 5}","{""2018"": 5}",5,"[0.37553462976252533, 0.9637758913675698]"
terrain,striking_environment::STRIKE_TWO_SIDED,2019,XGB,12,INSUFFICIENT,5,INSUFFICIENT,5,0,1,0,0.81693725585937504,0.18306274414062496,-0.18306274414062496,,,,,"{""2019"": 5}","{""2019"": 12}",5,"[0.5655175352168251, 1.0]"
terrain,striking_environment::STRIKE_TWO_SIDED,2020,XGB,9,INSUFFICIENT,4,INSUFFICIENT,4,0,1,0,0.81659667193889618,0.18340332806110382,-0.18340332806110382,,,,,"{""2020"": 4}","{""2020"": 9}",4,"[0.5101091635454027, 1.0]"
terrain,striking_environment::STRIKE_TWO_SIDED,2021,XGB,27,THIN_EXPLORATORY,10,INSUFFICIENT,8,2,0.80000000000000004,0.20000000000000001,0.67950903177261357,0.32049096822738643,-0.12049096822738647,,,,,"{""2021"": 10}","{""2021"": 27}",10,"[0.49016247153664183, 0.9433178485456247]"
terrain,striking_environment::STRIKE_TWO_SIDED,2022,XGB,17,INSUFFICIENT,7,INSUFFICIENT,4,3,0.5714285714285714,0.42857142857142855,0.73805586780820576,0.26194413219179424,0.16662729637963436,,,,,"{""2022"": 7}","{""2022"": 17}",6,"[0.2504583645276572, 0.8417801447485302]"
terrain,striking_environment::STRIKE_TWO_SIDED,2023,XGB,21,INSUFFICIENT,13,INSUFFICIENT,12,1,0.92307692307692313,0.076923076923076927,0.78454218002466058,0.21545781997533942,-0.13853474305226254,,,,,"{""2023"": 13}","{""2023"": 21}",9,"[0.6668604907890041, 0.9862895787574435]"
terrain,striking_environment::STRIKE_TWO_SIDED,2024,XGB,32,THIN_EXPLORATORY,16,INSUFFICIENT,12,4,0.75,0.25,0.73847448453307152,0.26152551546692848,-0.011525515466928482,,,,,"{""2024"": 16}","{""2024"": 32}",13,"[0.5050168346449122, 0.8981793250878696]"
terrain,striking_environment::STRIKE_TWO_SIDED,2025,XGB,30,THIN_EXPLORATORY,16,INSUFFICIENT,12,4,0.75,0.25,0.76539607346057892,0.23460392653942108,0.015396073460578918,,,,,"{""2025"": 16}","{""2025"": 30}",13,"[0.5050168346449122, 0.8981793250878696]"
terrain,striking_environment::STRIKE_TWO_SIDED,2026,XGB,15,INSUFFICIENT,12,INSUFFICIENT,12,0,1,0,0.82648106912771857,0.17351893087228143,-0.17351893087228143,,,,,"{""2026"": 12}","{""2026"": 15}",10,"[0.7575059933447592, 1.0]"
terrain,striking_environment::STRIKE_TWO_SIDED,2018,LGBM,5,INSUFFICIENT,5,INSUFFICIENT,4,1,0.80000000000000004,0.20000000000000001,0.78198354946160886,0.21801645053839114,-0.018016450538391182,,,,,"{""2018"": 5}","{""2018"": 5}",5,"[0.37553462976252533, 0.9637758913675698]"
terrain,striking_environment::STRIKE_TWO_SIDED,2019,LGBM,12,INSUFFICIENT,5,INSUFFICIENT,5,0,1,0,0.82832616455977115,0.17167383544022885,-0.17167383544022885,,,,,"{""2019"": 5}","{""2019"": 12}",5,"[0.5655175352168251, 1.0]"
terrain,striking_environment::STRIKE_TWO_SIDED,2020,LGBM,9,INSUFFICIENT,4,INSUFFICIENT,4,0,1,0,0.84613257294749311,0.15386742705250689,-0.15386742705250689,,,,,"{""2020"": 4}","{""2020"": 9}",4,"[0.5101091635454027, 1.0]"
terrain,striking_environment::STRIKE_TWO_SIDED,2021,LGBM,27,THIN_EXPLORATORY,10,INSUFFICIENT,8,2,0.80000000000000004,0.20000000000000001,0.68702206909189112,0.31297793090810888,-0.11297793090810893,,,,,"{""2021"": 10}","{""2021"": 27}",10,"[0.49016247153664183, 0.9433178485456247]"
terrain,striking_environment::STRIKE_TWO_SIDED,2022,LGBM,17,INSUFFICIENT,7,INSUFFICIENT,4,3,0.5714285714285714,0.42857142857142855,0.7553232096319622,0.2446767903680378,0.1838946382033908,,,,,"{""2022"": 7}","{""2022"": 17}",6,"[0.2504583645276572, 0.8417801447485302]"
terrain,striking_environment::STRIKE_TWO_SIDED,2023,LGBM,21,INSUFFICIENT,13,INSUFFICIENT,12,1,0.92307692307692313,0.076923076923076927,0.80030325204975827,0.19969674795024173,-0.12277367102716485,,,,,"{""2023"": 13}","{""2023"": 21}",9,"[0.6668604907890041, 0.9862895787574435]"
terrain,striking_environment::STRIKE_TWO_SIDED,2024,LGBM,32,THIN_EXPLORATORY,16,INSUFFICIENT,12,4,0.75,0.25,0.74611758217578328,0.25388241782421672,-0.0038824178242167218,,,,,"{""2024"": 16}","{""2024"": 32}",13,"[0.5050168346449122, 0.8981793250878696]"
terrain,striking_environment::STRIKE_TWO_SIDED,2025,LGBM,30,THIN_EXPLORATORY,16,INSUFFICIENT,12,4,0.75,0.25,0.7635423151082571,0.2364576848917429,0.013542315108257097,,,,,"{""2025"": 16}","{""2025"": 30}",13,"[0.5050168346449122, 0.8981793250878696]"
terrain,striking_environment::STRIKE_TWO_SIDED,2026,LGBM,15,INSUFFICIENT,12,INSUFFICIENT,12,0,1,0,0.80755365171121829,0.19244634828878171,-0.19244634828878171,,,,,"{""2026"": 12}","{""2026"": 15}",10,"[0.7575059933447592, 1.0]"
terrain,striking_environment::STRIKE_TWO_SIDED,2018,CAT,5,INSUFFICIENT,5,INSUFFICIENT,4,1,0.80000000000000004,0.20000000000000001,0.77717326748738469,0.22282673251261531,-0.022826732512615355,,,,,"{""2018"": 5}","{""2018"": 5}",5,"[0.37553462976252533, 0.9637758913675698]"
terrain,striking_environment::STRIKE_TWO_SIDED,2019,CAT,12,INSUFFICIENT,5,INSUFFICIENT,5,0,1,0,0.83957887743257076,0.16042112256742924,-0.16042112256742924,,,,,"{""2019"": 5}","{""2019"": 12}",5,"[0.5655175352168251, 1.0]"
terrain,striking_environment::STRIKE_TWO_SIDED,2020,CAT,9,INSUFFICIENT,4,INSUFFICIENT,4,0,1,0,0.83094734533756709,0.16905265466243291,-0.16905265466243291,,,,,"{""2020"": 4}","{""2020"": 9}",4,"[0.5101091635454027, 1.0]"
terrain,striking_environment::STRIKE_TWO_SIDED,2021,CAT,27,THIN_EXPLORATORY,10,INSUFFICIENT,8,2,0.80000000000000004,0.20000000000000001,0.7108342596165963,0.2891657403834037,-0.089165740383403747,,,,,"{""2021"": 10}","{""2021"": 27}",10,"[0.49016247153664183, 0.9433178485456247]"
terrain,striking_environment::STRIKE_TWO_SIDED,2022,CAT,17,INSUFFICIENT,7,INSUFFICIENT,4,3,0.5714285714285714,0.42857142857142855,0.75508169364031474,0.24491830635968526,0.18365312221174335,,,,,"{""2022"": 7}","{""2022"": 17}",6,"[0.2504583645276572, 0.8417801447485302]"
terrain,striking_environment::STRIKE_TWO_SIDED,2023,CAT,21,INSUFFICIENT,13,INSUFFICIENT,12,1,0.92307692307692313,0.076923076923076927,0.78428207583312493,0.21571792416687507,-0.1387948472437982,,,,,"{""2023"": 13}","{""2023"": 21}",9,"[0.6668604907890041, 0.9862895787574435]"
terrain,striking_environment::STRIKE_TWO_SIDED,2024,CAT,32,THIN_EXPLORATORY,16,INSUFFICIENT,12,4,0.75,0.25,0.79045338211298721,0.20954661788701279,0.040453382112987213,,,,,"{""2024"": 16}","{""2024"": 32}",13,"[0.5050168346449122, 0.8981793250878696]"
terrain,striking_environment::STRIKE_TWO_SIDED,2025,CAT,30,THIN_EXPLORATORY,16,INSUFFICIENT,12,4,0.75,0.25,0.74618460907558104,0.25381539092441896,-0.0038153909244189599,,,,,"{""2025"": 16}","{""2025"": 30}",13,"[0.5050168346449122, 0.8981793250878696]"
terrain,striking_environment::STRIKE_TWO_SIDED,2026,CAT,15,INSUFFICIENT,12,INSUFFICIENT,12,0,1,0,0.82317797005222726,0.17682202994777274,-0.17682202994777274,,,,,"{""2026"": 12}","{""2026"": 15}",10,"[0.7575059933447592, 1.0]"
terrain,striking_environment::STRIKE_TWO_SIDED,2018,SELECT,5,INSUFFICIENT,5,INSUFFICIENT,4,1,0.80000000000000004,0.20000000000000001,0.79660702943801875,0.20339297056198125,-0.00339297056198129,,,,,"{""2018"": 5}","{""2018"": 5}",5,"[0.37553462976252533, 0.9637758913675698]"
terrain,striking_environment::STRIKE_TWO_SIDED,2019,SELECT,12,INSUFFICIENT,5,INSUFFICIENT,5,0,1,0,0.81693725585937504,0.18306274414062496,-0.18306274414062496,,,,,"{""2019"": 5}","{""2019"": 12}",5,"[0.5655175352168251, 1.0]"
terrain,striking_environment::STRIKE_TWO_SIDED,2020,SELECT,9,INSUFFICIENT,4,INSUFFICIENT,4,0,1,0,0.84613257294749311,0.15386742705250689,-0.15386742705250689,,,,,"{""2020"": 4}","{""2020"": 9}",4,"[0.5101091635454027, 1.0]"
terrain,striking_environment::STRIKE_TWO_SIDED,2021,SELECT,27,THIN_EXPLORATORY,10,INSUFFICIENT,8,2,0.80000000000000004,0.20000000000000001,0.7108342596165963,0.2891657403834037,-0.089165740383403747,,,,,"{""2021"": 10}","{""2021"": 27}",10,"[0.49016247153664183, 0.9433178485456247]"
terrain,striking_environment::STRIKE_TWO_SIDED,2022,SELECT,17,INSUFFICIENT,7,INSUFFICIENT,4,3,0.5714285714285714,0.42857142857142855,0.7553232096319622,0.2446767903680378,0.1838946382033908,,,,,"{""2022"": 7}","{""2022"": 17}",6,"[0.2504583645276572, 0.8417801447485302]"
terrain,striking_environment::STRIKE_TWO_SIDED,2023,SELECT,21,INSUFFICIENT,13,INSUFFICIENT,12,1,0.92307692307692313,0.076923076923076927,0.78428207583312493,0.21571792416687507,-0.1387948472437982,,,,,"{""2023"": 13}","{""2023"": 21}",9,"[0.6668604907890041, 0.9862895787574435]"
terrain,striking_environment::STRIKE_TWO_SIDED,2024,SELECT,32,THIN_EXPLORATORY,16,INSUFFICIENT,12,4,0.75,0.25,0.79045338211298721,0.20954661788701279,0.040453382112987213,,,,,"{""2024"": 16}","{""2024"": 32}",13,"[0.5050168346449122, 0.8981793250878696]"
terrain,striking_environment::STRIKE_TWO_SIDED,2025,SELECT,30,THIN_EXPLORATORY,16,INSUFFICIENT,12,4,0.75,0.25,0.7635423151082571,0.2364576848917429,0.013542315108257097,,,,,"{""2025"": 16}","{""2025"": 30}",13,"[0.5050168346449122, 0.8981793250878696]"
terrain,striking_environment::STRIKE_TWO_SIDED,2026,SELECT,15,INSUFFICIENT,12,INSUFFICIENT,12,0,1,0,0.80755365171121829,0.19244634828878171,-0.19244634828878171,,,,,"{""2026"": 12}","{""2026"": 15}",10,"[0.7575059933447592, 1.0]"
terrain,striking_environment::UNASSIGNABLE_BY_CONTRACT,2018,LINEAR_MIN,96,MODERATE_UNCERTAINTY,51,MODERATE_UNCERTAINTY,28,23,0.5490196078431373,0.45098039215686275,0.63715929047507736,0.36284070952492264,0.088139682631940053,0.64251274551808812,0.2276526976562176,0,0,"{""2018"": 51}","{""2018"": 96}",28,"[0.41384708550368815, 0.6773248145062598]"
terrain,striking_environment::UNASSIGNABLE_BY_CONTRACT,2019,LINEAR_MIN,116,NORMAL,51,MODERATE_UNCERTAINTY,26,25,0.50980392156862742,0.49019607843137253,0.61657001144363033,0.38342998855636967,0.10676608987500291,0.66438342319299126,0.2381467682877382,0,0,"{""2019"": 51}","{""2019"": 116}",31,"[0.37680923894569696, 0.6414251410562926]"
terrain,striking_environment::UNASSIGNABLE_BY_CONTRACT,2020,LINEAR_MIN,95,MODERATE_UNCERTAINTY,53,MODERATE_UNCERTAINTY,36,17,0.67924528301886788,0.32075471698113206,0.62429395437804469,0.37570604562195531,-0.054951328640823194,0.60226026185440129,0.20651860084041421,0,0,"{""2020"": 53}","{""2020"": 95}",32,"[0.545185201490326, 0.7890778592086491]"
terrain,striking_environment::UNASSIGNABLE_BY_CONTRACT,2021,LINEAR_MIN,77,MODERATE_UNCERTAINTY,40,THIN_EXPLORATORY,30,10,0.75,0.25,0.63013377015135286,0.36986622984864714,-0.11986622984864714,0.61059673480715426,0.20799040910125929,0,0,"{""2021"": 40}","{""2021"": 77}",27,"[0.5980603857923197, 0.858128813609037]"
terrain,striking_environment::UNASSIGNABLE_BY_CONTRACT,2022,LINEAR_MIN,85,MODERATE_UNCERTAINTY,43,THIN_EXPLORATORY,31,12,0.72093023255813948,0.27906976744186046,0.6246399901976134,0.3753600098023866,-0.096290242360526079,0.58865689789420972,0.19954017517162961,0,0,"{""2022"": 43}","{""2022"": 85}",29,"[0.5730897131812113, 0.8325338621376251]"
terrain,striking_environment::UNASSIGNABLE_BY_CONTRACT,2023,LINEAR_MIN,112,NORMAL,59,MODERATE_UNCERTAINTY,37,22,0.6271186440677966,0.3728813559322034,0.6264462122086103,0.3735537877913897,-0.00067243185918630655,0.62929824233726672,0.21869110935835842,0,0,"{""2023"": 59}","{""2023"": 112}",30,"[0.4995359106706382, 0.7391600120767886]"
terrain,striking_environment::UNASSIGNABLE_BY_CONTRACT,2024,LINEAR_MIN,80,MODERATE_UNCERTAINTY,40,THIN_EXPLORATORY,28,12,0.69999999999999996,0.29999999999999999,0.64572736521471297,0.35427263478528703,-0.054272634785286988,0.56430357416361376,0.18944956659938553,0,0,"{""2024"": 40}","{""2024"": 80}",22,"[0.5456998118185507, 0.8192515477025347]"
terrain,striking_environment::UNASSIGNABLE_BY_CONTRACT,2025,LINEAR_MIN,86,MODERATE_UNCERTAINTY,53,MODERATE_UNCERTAINTY,37,16,0.69811320754716977,0.30188679245283018,0.66488238196993255,0.33511761803006745,-0.033230825577237222,0.58077073019769154,0.1968503499856461,0,0,"{""2025"": 53}","{""2025"": 86}",31,"[0.5646316733114988, 0.8048169727242108]"
terrain,striking_environment::UNASSIGNABLE_BY_CONTRACT,2026,LINEAR_MIN,74,MODERATE_UNCERTAINTY,44,THIN_EXPLORATORY,33,11,0.75,0.25,0.68397619359083672,0.31602380640916328,-0.066023806409163277,0.55859963980480321,0.18546915684064891,0,0,"{""2026"": 44}","{""2026"": 74}",21,"[0.6055943364104086, 0.8542578617103511]"
terrain,striking_environment::UNASSIGNABLE_BY_CONTRACT,2018,XGB,96,MODERATE_UNCERTAINTY,51,MODERATE_UNCERTAINTY,28,23,0.5490196078431373,0.45098039215686275,0.6234640017444012,0.3765359982555988,0.074444393901263894,0.65211770098963251,0.23185330927928224,0.0096049554715445344,0.0042006116230645955,"{""2018"": 51}","{""2018"": 96}",28,"[0.41384708550368815, 0.6773248145062598]"
terrain,striking_environment::UNASSIGNABLE_BY_CONTRACT,2019,XGB,116,NORMAL,51,MODERATE_UNCERTAINTY,26,25,0.50980392156862742,0.49019607843137253,0.6042402269793492,0.3957597730206508,0.094436305410721788,0.68825509260117568,0.24737446524702991,0.023871669408184557,0.0092276969592916969,"{""2019"": 51}","{""2019"": 116}",31,"[0.37680923894569696, 0.6414251410562926]"
terrain,striking_environment::UNASSIGNABLE_BY_CONTRACT,2020,XGB,95,MODERATE_UNCERTAINTY,53,MODERATE_UNCERTAINTY,36,17,0.67924528301886788,0.32075471698113206,0.6155469749333724,0.3844530250666276,-0.063698308085495481,0.60660808440924263,0.20960259688656876,0.0043478225548413589,0.0030839960461545705,"{""2020"": 53}","{""2020"": 95}",32,"[0.545185201490326, 0.7890778592086491]"
terrain,striking_environment::UNASSIGNABLE_BY_CONTRACT,2021,XGB,77,MODERATE_UNCERTAINTY,40,THIN_EXPLORATORY,30,10,0.75,0.25,0.61440722420811655,0.38559277579188345,-0.13559277579188345,0.61921211592807812,0.21242388260604264,0.0086153811209237173,0.0044334735047833942,"{""2021"": 40}","{""2021"": 77}",27,"[0.5980603857923197, 0.858128813609037]"
terrain,striking_environment::UNASSIGNABLE_BY_CONTRACT,2022,XGB,85,MODERATE_UNCERTAINTY,43,THIN_EXPLORATORY,31,12,0.72093023255813948,0.27906976744186046,0.62447142393090005,0.37552857606909995,-0.096458808627239434,0.61805753055040047,0.21244238719462846,0.029400632656190716,0.012902212022998856,"{""2022"": 43}","{""2022"": 85}",29,"[0.5730897131812113, 0.8325338621376251]"
terrain,striking_environment::UNASSIGNABLE_BY_CONTRACT,2023,XGB,112,NORMAL,59,MODERATE_UNCERTAINTY,37,22,0.6271186440677966,0.3728813559322034,0.61240021101499009,0.38759978898500991,-0.014718433052806512,0.64639207376819352,0.22636360517047377,0.017093831430926947,0.007672495812115405,"{""2023"": 59}","{""2023"": 112}",30,"[0.4995359106706382, 0.7391600120767886]"
terrain,striking_environment::UNASSIGNABLE_BY_CONTRACT,2024,XGB,80,MODERATE_UNCERTAINTY,40,THIN_EXPLORATORY,28,12,0.69999999999999996,0.29999999999999999,0.60398635715246196,0.39601364284753804,-0.096013642847537994,0.60192220108687533,0.20645720158328115,0.037618626923261525,0.017007634983895615,"{""2024"": 40}","{""2024"": 80}",22,"[0.5456998118185507, 0.8192515477025347]"
terrain,striking_environment::UNASSIGNABLE_BY_CONTRACT,2025,XGB,86,MODERATE_UNCERTAINTY,53,MODERATE_UNCERTAINTY,37,16,0.69811320754716977,0.30188679245283018,0.66917081036657655,0.33082918963342345,-0.028942397180593216,0.56765848817010855,0.19157417965895523,-0.01311224202758301,-0.0052761703266908846,"{""2025"": 53}","{""2025"": 86}",31,"[0.5646316733114988, 0.8048169727242108]"
terrain,striking_environment::UNASSIGNABLE_BY_CONTRACT,2026,XGB,74,MODERATE_UNCERTAINTY,44,THIN_EXPLORATORY,33,11,0.75,0.25,0.67046324773268262,0.32953675226731738,-0.079536752267317379,0.56201924848934659,0.18658368272799211,0.0034196086845434139,0.0011145258873432101,"{""2026"": 44}","{""2026"": 74}",21,"[0.6055943364104086, 0.8542578617103511]"
terrain,striking_environment::UNASSIGNABLE_BY_CONTRACT,2018,LGBM,96,MODERATE_UNCERTAINTY,51,MODERATE_UNCERTAINTY,28,23,0.5490196078431373,0.45098039215686275,0.61842829681868172,0.38157170318131828,0.069408688975544419,0.65581166456522222,0.23226285941892258,0.013298919047134103,0.0046101617627049138,"{""2018"": 51}","{""2018"": 96}",28,"[0.41384708550368815, 0.6773248145062598]"
terrain,striking_environment::UNASSIGNABLE_BY_CONTRACT,2019,LGBM,116,NORMAL,51,MODERATE_UNCERTAINTY,26,25,0.50980392156862742,0.49019607843137253,0.58228556910877483,0.41771443089122517,0.072481647540147409,0.68267259180899176,0.24553287881135319,0.01828916861600054,0.0073861105236149634,"{""2019"": 51}","{""2019"": 116}",31,"[0.37680923894569696, 0.6414251410562926]"
terrain,striking_environment::UNASSIGNABLE_BY_CONTRACT,2020,LGBM,95,MODERATE_UNCERTAINTY,53,MODERATE_UNCERTAINTY,36,17,0.67924528301886788,0.32075471698113206,0.60902012380938353,0.39097987619061647,-0.070225159209484356,0.62740105544939218,0.21921985294623264,0.025140793594990888,0.012701252105818442,"{""2020"": 53}","{""2020"": 95}",32,"[0.545185201490326, 0.7890778592086491]"
terrain,striking_environment::UNASSIGNABLE_BY_CONTRACT,2021,LGBM,77,MODERATE_UNCERTAINTY,40,THIN_EXPLORATORY,30,10,0.75,0.25,0.61742509045185689,0.38257490954814311,-0.13257490954814311,0.61898441283649686,0.21211329962994077,0.0083876780293425553,0.0041228905286814967,"{""2021"": 40}","{""2021"": 77}",27,"[0.5980603857923197, 0.858128813609037]"
terrain,striking_environment::UNASSIGNABLE_BY_CONTRACT,2022,LGBM,85,MODERATE_UNCERTAINTY,43,THIN_EXPLORATORY,31,12,0.72093023255813948,0.27906976744186046,0.62126282882254003,0.37873717117745997,-0.099667403735599458,0.62286476588996675,0.21468180061217751,0.034207867995757021,0.015141625440547925,"{""2022"": 43}","{""2022"": 85}",29,"[0.5730897131812113, 0.8325338621376251]"
terrain,striking_environment::UNASSIGNABLE_BY_CONTRACT,2023,LGBM,112,NORMAL,59,MODERATE_UNCERTAINTY,37,22,0.6271186440677966,0.3728813559322034,0.61473977997951912,0.38526022002048088,-0.012378864088277486,0.64666763589172249,0.22632271747306351,0.017369393554455683,0.0076316081147051393,"{""2023"": 59}","{""2023"": 112}",30,"[0.4995359106706382, 0.7391600120767886]"
terrain,striking_environment::UNASSIGNABLE_BY_CONTRACT,2024,LGBM,80,MODERATE_UNCERTAINTY,40,THIN_EXPLORATORY,28,12,0.69999999999999996,0.29999999999999999,0.62821993795723685,0.37178006204276315,-0.071780062042763104,0.59011756365453816,0.20082242858252886,0.025813989490924345,0.01137286198314329,"{""2024"": 40}","{""2024"": 80}",22,"[0.5456998118185507, 0.8192515477025347]"
terrain,striking_environment::UNASSIGNABLE_BY_CONTRACT,2025,LGBM,86,MODERATE_UNCERTAINTY,53,MODERATE_UNCERTAINTY,37,16,0.69811320754716977,0.30188679245283018,0.66981174321328663,0.33018825678671337,-0.028301464333883142,0.55770537434902456,0.18718404557733137,-0.023065355848666962,-0.0096663044083147125,"{""2025"": 53}","{""2025"": 86}",31,"[0.5646316733114988, 0.8048169727242108]"
terrain,striking_environment::UNASSIGNABLE_BY_CONTRACT,2026,LGBM,74,MODERATE_UNCERTAINTY,44,THIN_EXPLORATORY,33,11,0.75,0.25,0.67862934648338991,0.32137065351661009,-0.071370653516610094,0.57821956327193291,0.19416457638302423,0.019619923467129631,0.008695419542375328,"{""2026"": 44}","{""2026"": 74}",21,"[0.6055943364104086, 0.8542578617103511]"
terrain,striking_environment::UNASSIGNABLE_BY_CONTRACT,2018,CAT,96,MODERATE_UNCERTAINTY,51,MODERATE_UNCERTAINTY,28,23,0.5490196078431373,0.45098039215686275,0.63401116301977278,0.36598883698022722,0.08499155517663548,0.64649563469353188,0.22906140747203502,0.003982889175443702,0.0014087098158173832,"{""2018"": 51}","{""2018"": 96}",28,"[0.41384708550368815, 0.6773248145062598]"
terrain,striking_environment::UNASSIGNABLE_BY_CONTRACT,2019,CAT,116,NORMAL,51,MODERATE_UNCERTAINTY,26,25,0.50980392156862742,0.49019607843137253,0.59519357005433837,0.40480642994566163,0.085389648485710956,0.66784088904773953,0.23862278775299728,0.0034574658547482772,0.00047601946525904174,"{""2019"": 51}","{""2019"": 116}",31,"[0.37680923894569696, 0.6414251410562926]"
terrain,striking_environment::UNASSIGNABLE_BY_CONTRACT,2020,CAT,95,MODERATE_UNCERTAINTY,53,MODERATE_UNCERTAINTY,36,17,0.67924528301886788,0.32075471698113206,0.62187027225841629,0.37812972774158371,-0.057375010760451595,0.60922807810189816,0.21145916395948719,0.0069678162474968146,0.0049405631190729887,"{""2020"": 53}","{""2020"": 95}",32,"[0.545185201490326, 0.7890778592086491]"
terrain,striking_environment::UNASSIGNABLE_BY_CONTRACT,2021,CAT,77,MODERATE_UNCERTAINTY,40,THIN_EXPLORATORY,30,10,0.75,0.25,0.61381557737196613,0.38618442262803387,-0.13618442262803387,0.63262914948567495,0.2171152975725395,0.022032414678520702,0.0091248884712802469,"{""2021"": 40}","{""2021"": 77}",27,"[0.5980603857923197, 0.858128813609037]"
terrain,striking_environment::UNASSIGNABLE_BY_CONTRACT,2022,CAT,85,MODERATE_UNCERTAINTY,43,THIN_EXPLORATORY,31,12,0.72093023255813948,0.27906976744186046,0.62985853578162554,0.37014146421837446,-0.091071696776513944,0.59096426602367924,0.19958687569803746,0.002307368129469493,4.6700526407898185e-05,"{""2022"": 43}","{""2022"": 85}",29,"[0.5730897131812113, 0.8325338621376251]"
terrain,striking_environment::UNASSIGNABLE_BY_CONTRACT,2023,CAT,112,NORMAL,59,MODERATE_UNCERTAINTY,37,22,0.6271186440677966,0.3728813559322034,0.6195163852208484,0.3804836147791516,-0.0076022588469482066,0.65942886502230247,0.23220318678274984,0.030130622685035569,0.013512077424391439,"{""2023"": 59}","{""2023"": 112}",30,"[0.4995359106706382, 0.7391600120767886]"
terrain,striking_environment::UNASSIGNABLE_BY_CONTRACT,2024,CAT,80,MODERATE_UNCERTAINTY,40,THIN_EXPLORATORY,28,12,0.69999999999999996,0.29999999999999999,0.64172441328714391,0.35827558671285609,-0.058275586712856042,0.5797886148389223,0.19719519646727424,0.015485040675308436,0.0077456298678886884,"{""2024"": 40}","{""2024"": 80}",22,"[0.5456998118185507, 0.8192515477025347]"
terrain,striking_environment::UNASSIGNABLE_BY_CONTRACT,2025,CAT,86,MODERATE_UNCERTAINTY,53,MODERATE_UNCERTAINTY,37,16,0.69811320754716977,0.30188679245283018,0.66516323576501613,0.33483676423498387,-0.032949971782153642,0.56902153862430649,0.19188801594995197,-0.011749191573385017,-0.0049623340356941331,"{""2025"": 53}","{""2025"": 86}",31,"[0.5646316733114988, 0.8048169727242108]"
terrain,striking_environment::UNASSIGNABLE_BY_CONTRACT,2026,CAT,74,MODERATE_UNCERTAINTY,44,THIN_EXPLORATORY,33,11,0.75,0.25,0.66751158335705763,0.33248841664294237,-0.082488416642942375,0.55522334811158924,0.18442921771703844,-0.003376291693213965,-0.0010399391236104679,"{""2026"": 44}","{""2026"": 74}",21,"[0.6055943364104086, 0.8542578617103511]"
terrain,striking_environment::UNASSIGNABLE_BY_CONTRACT,2018,SELECT,96,MODERATE_UNCERTAINTY,51,MODERATE_UNCERTAINTY,28,23,0.5490196078431373,0.45098039215686275,0.6234640017444012,0.3765359982555988,0.074444393901263894,0.65211770098963251,0.23185330927928224,0.0096049554715445344,0.0042006116230645955,"{""2018"": 51}","{""2018"": 96}",28,"[0.41384708550368815, 0.6773248145062598]"
terrain,striking_environment::UNASSIGNABLE_BY_CONTRACT,2019,SELECT,116,NORMAL,51,MODERATE_UNCERTAINTY,26,25,0.50980392156862742,0.49019607843137253,0.6042402269793492,0.3957597730206508,0.094436305410721788,0.68825509260117568,0.24737446524702991,0.023871669408184557,0.0092276969592916969,"{""2019"": 51}","{""2019"": 116}",31,"[0.37680923894569696, 0.6414251410562926]"
terrain,striking_environment::UNASSIGNABLE_BY_CONTRACT,2020,SELECT,95,MODERATE_UNCERTAINTY,53,MODERATE_UNCERTAINTY,36,17,0.67924528301886788,0.32075471698113206,0.60902012380938353,0.39097987619061647,-0.070225159209484356,0.62740105544939218,0.21921985294623264,0.025140793594990888,0.012701252105818442,"{""2020"": 53}","{""2020"": 95}",32,"[0.545185201490326, 0.7890778592086491]"
terrain,striking_environment::UNASSIGNABLE_BY_CONTRACT,2021,SELECT,77,MODERATE_UNCERTAINTY,40,THIN_EXPLORATORY,30,10,0.75,0.25,0.61381557737196613,0.38618442262803387,-0.13618442262803387,0.63262914948567495,0.2171152975725395,0.022032414678520702,0.0091248884712802469,"{""2021"": 40}","{""2021"": 77}",27,"[0.5980603857923197, 0.858128813609037]"
terrain,striking_environment::UNASSIGNABLE_BY_CONTRACT,2022,SELECT,85,MODERATE_UNCERTAINTY,43,THIN_EXPLORATORY,31,12,0.72093023255813948,0.27906976744186046,0.62126282882254003,0.37873717117745997,-0.099667403735599458,0.62286476588996675,0.21468180061217751,0.034207867995757021,0.015141625440547925,"{""2022"": 43}","{""2022"": 85}",29,"[0.5730897131812113, 0.8325338621376251]"
terrain,striking_environment::UNASSIGNABLE_BY_CONTRACT,2023,SELECT,112,NORMAL,59,MODERATE_UNCERTAINTY,37,22,0.6271186440677966,0.3728813559322034,0.6195163852208484,0.3804836147791516,-0.0076022588469482066,0.65942886502230247,0.23220318678274984,0.030130622685035569,0.013512077424391439,"{""2023"": 59}","{""2023"": 112}",30,"[0.4995359106706382, 0.7391600120767886]"
terrain,striking_environment::UNASSIGNABLE_BY_CONTRACT,2024,SELECT,80,MODERATE_UNCERTAINTY,40,THIN_EXPLORATORY,28,12,0.69999999999999996,0.29999999999999999,0.64172441328714391,0.35827558671285609,-0.058275586712856042,0.5797886148389223,0.19719519646727424,0.015485040675308436,0.0077456298678886884,"{""2024"": 40}","{""2024"": 80}",22,"[0.5456998118185507, 0.8192515477025347]"
terrain,striking_environment::UNASSIGNABLE_BY_CONTRACT,2025,SELECT,86,MODERATE_UNCERTAINTY,53,MODERATE_UNCERTAINTY,37,16,0.69811320754716977,0.30188679245283018,0.66981174321328663,0.33018825678671337,-0.028301464333883142,0.55770537434902456,0.18718404557733137,-0.023065355848666962,-0.0096663044083147125,"{""2025"": 53}","{""2025"": 86}",31,"[0.5646316733114988, 0.8048169727242108]"
terrain,striking_environment::UNASSIGNABLE_BY_CONTRACT,2026,SELECT,74,MODERATE_UNCERTAINTY,44,THIN_EXPLORATORY,33,11,0.75,0.25,0.67862934648338991,0.32137065351661009,-0.071370653516610094,0.57821956327193291,0.19416457638302423,0.019619923467129631,0.008695419542375328,"{""2026"": 44}","{""2026"": 74}",21,"[0.6055943364104086, 0.8542578617103511]"
terrain,grappling_environment::GRAPPLE_LOW,2018,LINEAR_MIN,254,NORMAL,120,NORMAL,87,33,0.72499999999999998,0.27500000000000002,0.72041692659936696,0.27958307340063304,-0.0045830734006330198,0.55601360271693245,0.18451524072145317,0,0,"{""2018"": 120}","{""2018"": 254}",37,"[0.6390703417242319, 0.7969710333873515]"
terrain,grappling_environment::GRAPPLE_LOW,2019,LINEAR_MIN,283,NORMAL,130,NORMAL,97,33,0.74615384615384617,0.25384615384615383,0.71005943919469616,0.28994056080530384,-0.036094406959150005,0.56538435426551137,0.19072668303049328,0,0,"{""2019"": 130}","{""2019"": 283}",42,"[0.6650197728000546, 0.8131579201503791]"
terrain,grappling_environment::GRAPPLE_LOW,2020,LINEAR_MIN,249,NORMAL,115,NORMAL,77,38,0.66956521739130437,0.33043478260869563,0.69231994606562131,0.30768005393437869,0.022754728674316937,0.59426488573989189,0.20715303973540239,0,0,"{""2020"": 115}","{""2020"": 249}",40,"[0.579339229468313, 0.7488290746488765]"
terrain,grappling_environment::GRAPPLE_LOW,2021,LINEAR_MIN,303,NORMAL,142,NORMAL,102,40,0.71830985915492962,0.28169014084507044,0.69495260254479363,0.30504739745520637,-0.02335725661013599,0.58064474789790987,0.19718245477277471,0,0,"{""2021"": 142}","{""2021"": 303}",43,"[0.6393290230352737, 0.7857901474759481]"
terrain,grappling_environment::GRAPPLE_LOW,2022,LINEAR_MIN,323,NORMAL,169,NORMAL,112,57,0.66272189349112431,0.33727810650887574,0.72059594257991122,0.27940405742008878,0.057874049088786905,0.6120327045224675,0.2109783264275415,0,0,"{""2022"": 169}","{""2022"": 323}",42,"[0.5885297059191125, 0.7296809848217999]"
terrain,grappling_environment::GRAPPLE_LOW,2023,LINEAR_MIN,266,NORMAL,126,NORMAL,81,45,0.6428571428571429,0.35714285714285715,0.7197343433659612,0.2802656566340388,0.0768772005088183,0.62692849995814637,0.21793618900146228,0,0,"{""2023"": 126}","{""2023"": 266}",42,"[0.556104768935823, 0.7211564412121205]"
terrain,grappling_environment::GRAPPLE_LOW,2024,LINEAR_MIN,304,NORMAL,126,NORMAL,84,42,0.66666666666666663,0.33333333333333331,0.73481148596301926,0.26518851403698074,0.068144819296352632,0.61118194669120307,0.21087834203680667,0,0,"{""2024"": 126}","{""2024"": 304}",41,"[0.5805019155164631, 0.7429694963228038]"
terrain,grappling_environment::GRAPPLE_LOW,2025,LINEAR_MIN,282,NORMAL,128,NORMAL,86,42,0.671875,0.328125,0.70488361702624847,0.29511638297375153,0.033008617026248466,0.57400384396930937,0.19650173655389735,0,0,"{""2025"": 128}","{""2025"": 282}",41,"[0.5865640159976144, 0.7471701552833669]"
terrain,grappling_environment::GRAPPLE_LOW,2026,LINEAR_MIN,180,NORMAL,102,NORMAL,72,30,0.70588235294117652,0.29411764705882354,0.73241403729633747,0.26758596270366253,0.026531684355160956,0.52553981632746583,0.17928635991844452,0,0,"{""2026"": 102}","{""2026"": 180}",27,"[0.6112835092896618, 0.7855364180617945]"
terrain,grappling_environment::GRAPPLE_LOW,2018,XGB,254,NORMAL,120,NORMAL,87,33,0.72499999999999998,0.27500000000000002,0.70026909063259757,0.29973090936740243,-0.024730909367402409,0.52670010532964784,0.17575452955881257,-0.029313497387284636,-0.0087607111626406119,"{""2018"": 120}","{""2018"": 254}",37,"[0.6390703417242319, 0.7969710333873515]"
terrain,grappling_environment::GRAPPLE_LOW,2019,XGB,283,NORMAL,130,NORMAL,97,33,0.74615384615384617,0.25384615384615383,0.71087099565909462,0.28912900434090538,-0.03528285049475155,0.56262591425122843,0.18758855070646929,-0.0027584400142829234,-0.0031381323240240303,"{""2019"": 130}","{""2019"": 283}",42,"[0.6650197728000546, 0.8131579201503791]"
terrain,grappling_environment::GRAPPLE_LOW,2020,XGB,249,NORMAL,115,NORMAL,77,38,0.66956521739130437,0.33043478260869563,0.68181803485621573,0.31818196514378427,0.012252817464911359,0.56250965625520755,0.19202543145036319,-0.031755229484684455,-0.015127608285039215,"{""2020"": 115}","{""2020"": 249}",40,"[0.579339229468313, 0.7488290746488765]"
terrain,grappling_environment::GRAPPLE_LOW,2021,XGB,303,NORMAL,142,NORMAL,102,40,0.71830985915492962,0.28169014084507044,0.68649570098225499,0.31350429901774501,-0.031814158172674634,0.57201489392659488,0.19468735118872565,-0.0086298539713148582,-0.0024951035840490104,"{""2021"": 142}","{""2021"": 303}",43,"[0.6393290230352737, 0.7857901474759481]"
terrain,grappling_environment::GRAPPLE_LOW,2022,XGB,323,NORMAL,169,NORMAL,112,57,0.66272189349112431,0.33727810650887574,0.69624388147387983,0.30375611852612017,0.033521987982755519,0.59348392103356096,0.20403297441836535,-0.018548783488906592,-0.006945352009176114,"{""2022"": 169}","{""2022"": 323}",42,"[0.5885297059191125, 0.7296809848217999]"
terrain,grappling_environment::GRAPPLE_LOW,2023,XGB,266,NORMAL,126,NORMAL,81,45,0.6428571428571429,0.35714285714285715,0.69348819009841434,0.30651180990158566,0.050631047241271432,0.63659228287614911,0.22086022190824414,0.009663782918002994,0.0029240329067818037,"{""2023"": 126}","{""2023"": 266}",42,"[0.556104768935823, 0.7211564412121205]"
terrain,grappling_environment::GRAPPLE_LOW,2024,XGB,304,NORMAL,126,NORMAL,84,42,0.66666666666666663,0.33333333333333331,0.67701206864818697,0.32298793135181303,0.010345401981520341,0.59208363297247379,0.20349528475192999,-0.019098313718729162,-0.0073830572848766788,"{""2024"": 126}","{""2024"": 304}",41,"[0.5805019155164631, 0.7429694963228038]"
terrain,grappling_environment::GRAPPLE_LOW,2025,XGB,282,NORMAL,128,NORMAL,86,42,0.671875,0.328125,0.70432104938663542,0.29567895061336458,0.032446049386635423,0.57549843886211782,0.19693300539111308,0.0014945948928084055,0.00043126883721573105,"{""2025"": 128}","{""2025"": 282}",41,"[0.5865640159976144, 0.7471701552833669]"
terrain,grappling_environment::GRAPPLE_LOW,2026,XGB,180,NORMAL,102,NORMAL,72,30,0.70588235294117652,0.29411764705882354,0.73429457960175537,0.26570542039824463,0.028412226660578854,0.54429890936744718,0.18502269047950198,0.018759093039981432,0.0057363305610575194,"{""2026"": 102}","{""2026"": 180}",27,"[0.6112835092896618, 0.7855364180617945]"
terrain,grappling_environment::GRAPPLE_LOW,2018,LGBM,254,NORMAL,120,NORMAL,87,33,0.72499999999999998,0.27500000000000002,0.69054605350365572,0.30945394649634428,-0.034453946496344257,0.54121873306812518,0.18051704465234727,-0.014794869648807248,-0.003998196069105898,"{""2018"": 120}","{""2018"": 254}",37,"[0.6390703417242319, 0.7969710333873515]"
terrain,grappling_environment::GRAPPLE_LOW,2019,LGBM,283,NORMAL,130,NORMAL,97,33,0.74615384615384617,0.25384615384615383,0.70739657737404005,0.29260342262595995,-0.03875726877980612,0.55831679177502225,0.18610243347022717,-0.0070675624904892606,-0.0046242495602661195,"{""2019"": 130}","{""2019"": 283}",42,"[0.6650197728000546, 0.8131579201503791]"
terrain,grappling_environment::GRAPPLE_LOW,2020,LGBM,249,NORMAL,115,NORMAL,77,38,0.66956521739130437,0.33043478260869563,0.69012783380332121,0.30987216619667879,0.020562616412016843,0.56672239087196019,0.19467529216146229,-0.027542494867931765,-0.012477747573940145,"{""2020"": 115}","{""2020"": 249}",40,"[0.579339229468313, 0.7488290746488765]"
terrain,grappling_environment::GRAPPLE_LOW,2021,LGBM,303,NORMAL,142,NORMAL,102,40,0.71830985915492962,0.28169014084507044,0.69021067235995737,0.30978932764004263,-0.028099186794972253,0.56692952271875197,0.19239720738620919,-0.013715225179157853,-0.00478524738656549,"{""2021"": 142}","{""2021"": 303}",43,"[0.6393290230352737, 0.7857901474759481]"
terrain,grappling_environment::GRAPPLE_LOW,2022,LGBM,323,NORMAL,169,NORMAL,112,57,0.66272189349112431,0.33727810650887574,0.70644598397394709,0.29355401602605291,0.043724090482822775,0.59240291044570104,0.20396077731185638,-0.019629794076766446,-0.0070175491156851061,"{""2022"": 169}","{""2022"": 323}",42,"[0.5885297059191125, 0.7296809848217999]"
terrain,grappling_environment::GRAPPLE_LOW,2023,LGBM,266,NORMAL,126,NORMAL,81,45,0.6428571428571429,0.35714285714285715,0.7043141389157308,0.2956858610842692,0.061456996058587898,0.64077690332971127,0.22283995094244061,0.013848403371565145,0.0049037619409782914,"{""2023"": 126}","{""2023"": 266}",42,"[0.556104768935823, 0.7211564412121205]"
terrain,grappling_environment::GRAPPLE_LOW,2024,LGBM,304,NORMAL,126,NORMAL,84,42,0.66666666666666663,0.33333333333333331,0.69285612932949714,0.30714387067050286,0.026189462662830509,0.57951275802547941,0.19919886372295087,-0.031669188665723574,-0.011679478313855761,"{""2024"": 126}","{""2024"": 304}",41,"[0.5805019155164631, 0.7429694963228038]"
terrain,grappling_environment::GRAPPLE_LOW,2025,LGBM,282,NORMAL,128,NORMAL,86,42,0.671875,0.328125,0.69727911510278195,0.30272088489721805,0.025404115102781955,0.5820898727053867,0.19961144652994639,0.0080860287360773348,0.0031097099760490398,"{""2025"": 128}","{""2025"": 282}",41,"[0.5865640159976144, 0.7471701552833669]"
terrain,grappling_environment::GRAPPLE_LOW,2026,LGBM,180,NORMAL,102,NORMAL,72,30,0.70588235294117652,0.29411764705882354,0.73312374697369065,0.26687625302630935,0.027241394032514132,0.56473358728715317,0.19118943354389395,0.039193770959687499,0.011903073625449449,"{""2026"": 102}","{""2026"": 180}",27,"[0.6112835092896618, 0.7855364180617945]"
terrain,grappling_environment::GRAPPLE_LOW,2018,CAT,254,NORMAL,120,NORMAL,87,33,0.72499999999999998,0.27500000000000002,0.70335279645617099,0.29664720354382901,-0.021647203543828986,0.54296916888092495,0.18129974253906381,-0.013044433836007431,-0.0032154981823893309,"{""2018"": 120}","{""2018"": 254}",37,"[0.6390703417242319, 0.7969710333873515]"
terrain,grappling_environment::GRAPPLE_LOW,2019,CAT,283,NORMAL,130,NORMAL,97,33,0.74615384615384617,0.25384615384615383,0.71274047655161454,0.28725952344838546,-0.033413369602231624,0.54923222592333965,0.18321483751234366,-0.016152128342171775,-0.0075118455181496582,"{""2019"": 130}","{""2019"": 283}",42,"[0.6650197728000546, 0.8131579201503791]"
terrain,grappling_environment::GRAPPLE_LOW,2020,CAT,249,NORMAL,115,NORMAL,77,38,0.66956521739130437,0.33043478260869563,0.68568192313119747,0.31431807686880253,0.0161167057398931,0.5695249731819666,0.19501394862058047,-0.024739912557925577,-0.012139091114821919,"{""2020"": 115}","{""2020"": 249}",40,"[0.579339229468313, 0.7488290746488765]"
terrain,grappling_environment::GRAPPLE_LOW,2021,CAT,303,NORMAL,142,NORMAL,102,40,0.71830985915492962,0.28169014084507044,0.70136858028529026,0.29863141971470974,-0.016941278869639365,0.58184724978271163,0.19784321476692099,0.0012025018848019311,0.00066075999414632767,"{""2021"": 142}","{""2021"": 303}",43,"[0.6393290230352737, 0.7857901474759481]"
terrain,grappling_environment::GRAPPLE_LOW,2022,CAT,323,NORMAL,169,NORMAL,112,57,0.66272189349112431,0.33727810650887574,0.71880739929517945,0.28119260070482055,0.056085505804055136,0.59470100929947689,0.20412598081306094,-0.017331695222990596,-0.0068523456144805022,"{""2022"": 169}","{""2022"": 323}",42,"[0.5885297059191125, 0.7296809848217999]"
terrain,grappling_environment::GRAPPLE_LOW,2023,CAT,266,NORMAL,126,NORMAL,81,45,0.6428571428571429,0.35714285714285715,0.69473471955932964,0.30526528044067036,0.051877576702186734,0.62808981240022521,0.217680679225633,0.0011613124420789846,-0.00025550977582935189,"{""2023"": 126}","{""2023"": 266}",42,"[0.556104768935823, 0.7211564412121205]"
terrain,grappling_environment::GRAPPLE_LOW,2024,CAT,304,NORMAL,126,NORMAL,84,42,0.66666666666666663,0.33333333333333331,0.72518111573481014,0.27481888426518986,0.058514449068143515,0.58500291223589185,0.20098116325566343,-0.026179034455311338,-0.0098971787811432833,"{""2024"": 126}","{""2024"": 304}",41,"[0.5805019155164631, 0.7429694963228038]"
terrain,grappling_environment::GRAPPLE_LOW,2025,CAT,282,NORMAL,128,NORMAL,86,42,0.671875,0.328125,0.68722067483644445,0.31277932516355555,0.015345674836444445,0.57414601068717896,0.19585920395641784,0.0001421667178696023,-0.00064253259747954101,"{""2025"": 128}","{""2025"": 282}",41,"[0.5865640159976144, 0.7471701552833669]"
terrain,grappling_environment::GRAPPLE_LOW,2026,CAT,180,NORMAL,102,NORMAL,72,30,0.70588235294117652,0.29411764705882354,0.72400248688068247,0.27599751311931753,0.018120133939505956,0.55408660817647459,0.18682827657350171,0.028546791849008799,0.0075419166550572203,"{""2026"": 102}","{""2026"": 180}",27,"[0.6112835092896618, 0.7855364180617945]"
terrain,grappling_environment::GRAPPLE_LOW,2018,SELECT,254,NORMAL,120,NORMAL,87,33,0.72499999999999998,0.27500000000000002,0.70026909063259757,0.29973090936740243,-0.024730909367402409,0.52670010532964784,0.17575452955881257,-0.029313497387284636,-0.0087607111626406119,"{""2018"": 120}","{""2018"": 254}",37,"[0.6390703417242319, 0.7969710333873515]"
terrain,grappling_environment::GRAPPLE_LOW,2019,SELECT,283,NORMAL,130,NORMAL,97,33,0.74615384615384617,0.25384615384615383,0.71087099565909462,0.28912900434090538,-0.03528285049475155,0.56262591425122843,0.18758855070646929,-0.0027584400142829234,-0.0031381323240240303,"{""2019"": 130}","{""2019"": 283}",42,"[0.6650197728000546, 0.8131579201503791]"
terrain,grappling_environment::GRAPPLE_LOW,2020,SELECT,249,NORMAL,115,NORMAL,77,38,0.66956521739130437,0.33043478260869563,0.69012783380332121,0.30987216619667879,0.020562616412016843,0.56672239087196019,0.19467529216146229,-0.027542494867931765,-0.012477747573940145,"{""2020"": 115}","{""2020"": 249}",40,"[0.579339229468313, 0.7488290746488765]"
terrain,grappling_environment::GRAPPLE_LOW,2021,SELECT,303,NORMAL,142,NORMAL,102,40,0.71830985915492962,0.28169014084507044,0.70136858028529026,0.29863141971470974,-0.016941278869639365,0.58184724978271163,0.19784321476692099,0.0012025018848019311,0.00066075999414632767,"{""2021"": 142}","{""2021"": 303}",43,"[0.6393290230352737, 0.7857901474759481]"
terrain,grappling_environment::GRAPPLE_LOW,2022,SELECT,323,NORMAL,169,NORMAL,112,57,0.66272189349112431,0.33727810650887574,0.70644598397394709,0.29355401602605291,0.043724090482822775,0.59240291044570104,0.20396077731185638,-0.019629794076766446,-0.0070175491156851061,"{""2022"": 169}","{""2022"": 323}",42,"[0.5885297059191125, 0.7296809848217999]"
terrain,grappling_environment::GRAPPLE_LOW,2023,SELECT,266,NORMAL,126,NORMAL,81,45,0.6428571428571429,0.35714285714285715,0.69473471955932964,0.30526528044067036,0.051877576702186734,0.62808981240022521,0.217680679225633,0.0011613124420789846,-0.00025550977582935189,"{""2023"": 126}","{""2023"": 266}",42,"[0.556104768935823, 0.7211564412121205]"
terrain,grappling_environment::GRAPPLE_LOW,2024,SELECT,304,NORMAL,126,NORMAL,84,42,0.66666666666666663,0.33333333333333331,0.72518111573481014,0.27481888426518986,0.058514449068143515,0.58500291223589185,0.20098116325566343,-0.026179034455311338,-0.0098971787811432833,"{""2024"": 126}","{""2024"": 304}",41,"[0.5805019155164631, 0.7429694963228038]"
terrain,grappling_environment::GRAPPLE_LOW,2025,SELECT,282,NORMAL,128,NORMAL,86,42,0.671875,0.328125,0.69727911510278195,0.30272088489721805,0.025404115102781955,0.5820898727053867,0.19961144652994639,0.0080860287360773348,0.0031097099760490398,"{""2025"": 128}","{""2025"": 282}",41,"[0.5865640159976144, 0.7471701552833669]"
terrain,grappling_environment::GRAPPLE_LOW,2026,SELECT,180,NORMAL,102,NORMAL,72,30,0.70588235294117652,0.29411764705882354,0.73312374697369065,0.26687625302630935,0.027241394032514132,0.56473358728715317,0.19118943354389395,0.039193770959687499,0.011903073625449449,"{""2026"": 102}","{""2026"": 180}",27,"[0.6112835092896618, 0.7855364180617945]"
terrain,grappling_environment::GRAPPLE_ONE_SIDED,2018,LINEAR_MIN,101,NORMAL,57,MODERATE_UNCERTAINTY,25,32,0.43859649122807015,0.56140350877192979,0.57790622781812295,0.42209377218187705,0.1393097365900528,0.69069668660372185,0.2494934934887143,0,0,"{""2018"": 57}","{""2018"": 101}",35,"[0.317726968997944, 0.5672199054576847]"
terrain,grappling_environment::GRAPPLE_ONE_SIDED,2019,LINEAR_MIN,94,MODERATE_UNCERTAINTY,42,THIN_EXPLORATORY,26,16,0.61904761904761907,0.38095238095238093,0.58881041316303273,0.41118958683696727,-0.030237205884586338,0.65840069821025982,0.23129321279632289,0,0,"{""2019"": 42}","{""2019"": 94}",28,"[0.4681404026715268, 0.7500027423604485]"
terrain,grappling_environment::GRAPPLE_ONE_SIDED,2020,LINEAR_MIN,87,MODERATE_UNCERTAINTY,45,THIN_EXPLORATORY,22,23,0.48888888888888887,0.51111111111111107,0.58448484782200139,0.41551515217799861,0.095595958933112513,0.70254333470658814,0.25380171074118912,0,0,"{""2020"": 45}","{""2020"": 87}",28,"[0.349570237528785, 0.6299553535541681]"
terrain,grappling_environment::GRAPPLE_ONE_SIDED,2021,LINEAR_MIN,102,NORMAL,52,MODERATE_UNCERTAINTY,31,21,0.59615384615384615,0.40384615384615385,0.55149088350631115,0.44850911649368885,-0.044662962647534998,0.71262190629399136,0.25750006367213119,0,0,"{""2021"": 52}","{""2021"": 102}",28,"[0.4606757548486152, 0.7184026612814113]"
terrain,grappling_environment::GRAPPLE_ONE_SIDED,2022,LINEAR_MIN,80,MODERATE_UNCERTAINTY,42,THIN_EXPLORATORY,22,20,0.52380952380952384,0.47619047619047616,0.60891762495721602,0.39108237504278398,0.085108101147692183,0.67224104671420892,0.24020884245511379,0,0,"{""2022"": 42}","{""2022"": 80}",27,"[0.3772246413134498, 0.6664039876929454]"
terrain,grappling_environment::GRAPPLE_ONE_SIDED,2023,LINEAR_MIN,115,NORMAL,63,MODERATE_UNCERTAINTY,37,26,0.58730158730158732,0.41269841269841268,0.58306713520431552,0.41693286479568448,-0.0042344520972718014,0.6639835415452352,0.23516759790814173,0,0,"{""2023"": 63}","{""2023"": 115}",35,"[0.4641531769742257, 0.7004153437324827]"
terrain,grappling_environment::GRAPPLE_ONE_SIDED,2024,LINEAR_MIN,105,NORMAL,51,MODERATE_UNCERTAINTY,28,23,0.5490196078431373,0.45098039215686275,0.5810240829890243,0.4189759170109757,0.032004475145887001,0.68830724871728288,0.24689052192582159,0,0,"{""2024"": 51}","{""2024"": 105}",34,"[0.41384708550368815, 0.6773248145062598]"
terrain,grappling_environment::GRAPPLE_ONE_SIDED,2025,LINEAR_MIN,120,NORMAL,63,MODERATE_UNCERTAINTY,36,27,0.5714285714285714,0.42857142857142855,0.5970322192110713,0.4029677807889287,0.025603647782499905,0.6497302945162432,0.2284184067218866,0,0,"{""2025"": 63}","{""2025"": 120}",33,"[0.44861615143095024, 0.6860308200563566]"
terrain,grappling_environment::GRAPPLE_ONE_SIDED,2026,LINEAR_MIN,69,MODERATE_UNCERTAINTY,32,THIN_EXPLORATORY,14,18,0.4375,0.5625,0.58435523287468549,0.41564476712531451,0.14685523287468549,0.70982850701949107,0.25639157100149473,0,0,"{""2026"": 32}","{""2026"": 69}",16,"[0.2816533111504036, 0.6067440886314801]"
terrain,grappling_environment::GRAPPLE_ONE_SIDED,2018,XGB,101,NORMAL,57,MODERATE_UNCERTAINTY,25,32,0.43859649122807015,0.56140350877192979,0.55371564678978502,0.44628435321021498,0.11511915556171487,0.70668734046858961,0.25684468027041518,0.015990653864867709,0.0073511867817008933,"{""2018"": 57}","{""2018"": 101}",35,"[0.317726968997944, 0.5672199054576847]"
terrain,grappling_environment::GRAPPLE_ONE_SIDED,2019,XGB,94,MODERATE_UNCERTAINTY,42,THIN_EXPLORATORY,26,16,0.61904761904761907,0.38095238095238093,0.56710196109045119,0.43289803890954881,-0.051945657957167879,0.6325117034746941,0.22218220290384291,-0.025888994735565555,-0.0091110098924799734,"{""2019"": 42}","{""2019"": 94}",28,"[0.4681404026715268, 0.7500027423604485]"
terrain,grappling_environment::GRAPPLE_ONE_SIDED,2020,XGB,87,MODERATE_UNCERTAINTY,45,THIN_EXPLORATORY,22,23,0.48888888888888887,0.51111111111111107,0.56816649105813766,0.43183350894186234,0.079277602169248784,0.72763370404008376,0.26227398729530343,0.025090369333495711,0.0084722765541142692,"{""2020"": 45}","{""2020"": 87}",28,"[0.349570237528785, 0.6299553535541681]"
terrain,grappling_environment::GRAPPLE_ONE_SIDED,2021,XGB,102,NORMAL,52,MODERATE_UNCERTAINTY,31,21,0.59615384615384615,0.40384615384615385,0.59199115404715907,0.40800884595284093,-0.0041626921066870715,0.66616867121199874,0.23884183023148597,-0.046453235081992367,-0.018658233440645197,"{""2021"": 52}","{""2021"": 102}",28,"[0.4606757548486152, 0.7184026612814113]"
terrain,grappling_environment::GRAPPLE_ONE_SIDED,2022,XGB,80,MODERATE_UNCERTAINTY,42,THIN_EXPLORATORY,22,20,0.52380952380952384,0.47619047619047616,0.60361998350847335,0.39638001649152665,0.07981045969894951,0.70555177985973805,0.2550656719785947,0.033310733145529126,0.014856829523480906,"{""2022"": 42}","{""2022"": 80}",27,"[0.3772246413134498, 0.6664039876929454]"
terrain,grappling_environment::GRAPPLE_ONE_SIDED,2023,XGB,115,NORMAL,63,MODERATE_UNCERTAINTY,37,26,0.58730158730158732,0.41269841269841268,0.60875810990257873,0.39124189009742127,0.021456522600991401,0.67775555243451002,0.24179746358647525,0.013772010889274789,0.0066298656783335182,"{""2023"": 63}","{""2023"": 115}",35,"[0.4641531769742257, 0.7004153437324827]"
terrain,grappling_environment::GRAPPLE_ONE_SIDED,2024,XGB,105,NORMAL,51,MODERATE_UNCERTAINTY,28,23,0.5490196078431373,0.45098039215686275,0.58178490809365813,0.41821509190634187,0.032765300250520824,0.69252637430375263,0.24921827132022936,0.0042191255864695793,0.0023277493944077678,"{""2024"": 51}","{""2024"": 105}",34,"[0.41384708550368815, 0.6773248145062598]"
terrain,grappling_environment::GRAPPLE_ONE_SIDED,2025,XGB,120,NORMAL,63,MODERATE_UNCERTAINTY,36,27,0.5714285714285714,0.42857142857142855,0.58424325547521072,0.41575674452478928,0.012814684046639324,0.64850454866806473,0.22823461520738725,-0.001225745848178415,-0.00018379151449938495,"{""2025"": 63}","{""2025"": 120}",33,"[0.44861615143095024, 0.6860308200563566]"
terrain,grappling_environment::GRAPPLE_ONE_SIDED,2026,XGB,69,MODERATE_UNCERTAINTY,32,THIN_EXPLORATORY,14,18,0.4375,0.5625,0.57745176088064909,0.42254823911935091,0.13995176088064909,0.72517273815468997,0.26335931896229303,0.015344231135198881,0.0069677479607983522,"{""2026"": 32}","{""2026"": 69}",16,"[0.2816533111504036, 0.6067440886314801]"
terrain,grappling_environment::GRAPPLE_ONE_SIDED,2018,LGBM,101,NORMAL,57,MODERATE_UNCERTAINTY,25,32,0.43859649122807015,0.56140350877192979,0.53255925338314569,0.46744074661685431,0.093962762155075541,0.68076835323483276,0.24422194909325481,-0.0099283333688891858,-0.0052715443954594937,"{""2018"": 57}","{""2018"": 101}",35,"[0.317726968997944, 0.5672199054576847]"
terrain,grappling_environment::GRAPPLE_ONE_SIDED,2019,LGBM,94,MODERATE_UNCERTAINTY,42,THIN_EXPLORATORY,26,16,0.61904761904761907,0.38095238095238093,0.56954853618982759,0.43045146381017241,-0.049499082857791477,0.61922681086596998,0.21609243745034162,-0.039173887344289816,-0.015200775345981228,"{""2019"": 42}","{""2019"": 94}",28,"[0.4681404026715268, 0.7500027423604485]"
terrain,grappling_environment::GRAPPLE_ONE_SIDED,2020,LGBM,87,MODERATE_UNCERTAINTY,45,THIN_EXPLORATORY,22,23,0.48888888888888887,0.51111111111111107,0.55999077965176303,0.44000922034823697,0.071101890762874154,0.7409316556466643,0.26866140887973977,0.038388320940076062,0.01485969813855057,"{""2020"": 45}","{""2020"": 87}",28,"[0.349570237528785, 0.6299553535541681]"
terrain,grappling_environment::GRAPPLE_ONE_SIDED,2021,LGBM,102,NORMAL,52,MODERATE_UNCERTAINTY,31,21,0.59615384615384615,0.40384615384615385,0.59164279045617252,0.40835720954382748,-0.0045110556976736271,0.66227762538954305,0.23683811056459048,-0.050344280904448174,-0.020661953107540713,"{""2021"": 52}","{""2021"": 102}",28,"[0.4606757548486152, 0.7184026612814113]"
terrain,grappling_environment::GRAPPLE_ONE_SIDED,2022,LGBM,80,MODERATE_UNCERTAINTY,42,THIN_EXPLORATORY,22,20,0.52380952380952384,0.47619047619047616,0.60885757992152645,0.39114242007847355,0.085048056112002612,0.70406081859396275,0.25332255572148799,0.031819771879753787,0.013113713266374206,"{""2022"": 42}","{""2022"": 80}",27,"[0.3772246413134498, 0.6664039876929454]"
terrain,grappling_environment::GRAPPLE_ONE_SIDED,2023,LGBM,115,NORMAL,63,MODERATE_UNCERTAINTY,37,26,0.58730158730158732,0.41269841269841268,0.60921774661482375,0.39078225338517625,0.021916159313236427,0.67416427502155007,0.24010604977241931,0.010180733476314825,0.004938451864277619,"{""2023"": 63}","{""2023"": 115}",35,"[0.4641531769742257, 0.7004153437324827]"
terrain,grappling_environment::GRAPPLE_ONE_SIDED,2024,LGBM,105,NORMAL,51,MODERATE_UNCERTAINTY,28,23,0.5490196078431373,0.45098039215686275,0.58154622540754974,0.41845377459245026,0.032526617564412441,0.67670009460312641,0.24191661747622156,-0.011607154114156524,-0.0049739044496000355,"{""2024"": 51}","{""2024"": 105}",34,"[0.41384708550368815, 0.6773248145062598]"
terrain,grappling_environment::GRAPPLE_ONE_SIDED,2025,LGBM,120,NORMAL,63,MODERATE_UNCERTAINTY,36,27,0.5714285714285714,0.42857142857142855,0.58678268496522157,0.41321731503477843,0.015354113536650171,0.65345018388883425,0.23051789234808373,0.0037198893725911659,0.0020994856261971019,"{""2025"": 63}","{""2025"": 120}",33,"[0.44861615143095024, 0.6860308200563566]"
terrain,grappling_environment::GRAPPLE_ONE_SIDED,2026,LGBM,69,MODERATE_UNCERTAINTY,32,THIN_EXPLORATORY,14,18,0.4375,0.5625,0.56001732169035778,0.43998267830964222,0.12251732169035778,0.71984479691563896,0.26134323779643986,0.010016289896147938,0.0049516667949451865,"{""2026"": 32}","{""2026"": 69}",16,"[0.2816533111504036, 0.6067440886314801]"
terrain,grappling_environment::GRAPPLE_ONE_SIDED,2018,CAT,101,NORMAL,57,MODERATE_UNCERTAINTY,25,32,0.43859649122807015,0.56140350877192979,0.54752255610110356,0.45247744389889644,0.10892606487303341,0.67353630327481429,0.24093387730013835,-0.017160383328907562,-0.0085596161885759196,"{""2018"": 57}","{""2018"": 101}",35,"[0.317726968997944, 0.5672199054576847]"
terrain,grappling_environment::GRAPPLE_ONE_SIDED,2019,CAT,94,MODERATE_UNCERTAINTY,42,THIN_EXPLORATORY,26,16,0.61904761904761907,0.38095238095238093,0.59316722804665623,0.40683277195334377,-0.025880391000962844,0.61550292444438959,0.2140629365998965,-0.042897773765870117,-0.017230276196426395,"{""2019"": 42}","{""2019"": 94}",28,"[0.4681404026715268, 0.7500027423604485]"
terrain,grappling_environment::GRAPPLE_ONE_SIDED,2020,CAT,87,MODERATE_UNCERTAINTY,45,THIN_EXPLORATORY,22,23,0.48888888888888887,0.51111111111111107,0.56225355403344368,0.43774644596655632,0.073364665144554808,0.73527496155245253,0.26567384742530453,0.032731626845864455,0.011872136684115351,"{""2020"": 45}","{""2020"": 87}",28,"[0.349570237528785, 0.6299553535541681]"
terrain,grappling_environment::GRAPPLE_ONE_SIDED,2021,CAT,102,NORMAL,52,MODERATE_UNCERTAINTY,31,21,0.59615384615384615,0.40384615384615385,0.55735346296913935,0.44264653703086065,-0.038800383184706799,0.6800520919608547,0.2451691635092178,-0.032569814333136708,-0.012330900162913383,"{""2021"": 52}","{""2021"": 102}",28,"[0.4606757548486152, 0.7184026612814113]"
terrain,grappling_environment::GRAPPLE_ONE_SIDED,2022,CAT,80,MODERATE_UNCERTAINTY,42,THIN_EXPLORATORY,22,20,0.52380952380952384,0.47619047619047616,0.60709775901741436,0.39290224098258564,0.083288235207890526,0.66211073128970455,0.23466628765215639,-0.010130315424504502,-0.0055425548029574435,"{""2022"": 42}","{""2022"": 80}",27,"[0.3772246413134498, 0.6664039876929454]"
terrain,grappling_environment::GRAPPLE_ONE_SIDED,2023,CAT,115,NORMAL,63,MODERATE_UNCERTAINTY,37,26,0.58730158730158732,0.41269841269841268,0.60459572306916798,0.39540427693083202,0.017294135767580654,0.68294972744044202,0.24446930400360395,0.018966185895206714,0.0093017060954622179,"{""2023"": 63}","{""2023"": 115}",35,"[0.4641531769742257, 0.7004153437324827]"
terrain,grappling_environment::GRAPPLE_ONE_SIDED,2024,CAT,105,NORMAL,51,MODERATE_UNCERTAINTY,28,23,0.5490196078431373,0.45098039215686275,0.58818804463751095,0.41181195536248905,0.039168436794373651,0.7121019023623324,0.25729679299403097,0.023794653645049464,0.010406271068209324,"{""2024"": 51}","{""2024"": 105}",34,"[0.41384708550368815, 0.6773248145062598]"
terrain,grappling_environment::GRAPPLE_ONE_SIDED,2025,CAT,120,NORMAL,63,MODERATE_UNCERTAINTY,36,27,0.5714285714285714,0.42857142857142855,0.58533297913754712,0.41466702086245288,0.013904407708975719,0.6727494675653668,0.23958466880487395,0.023019173049123626,0.011166262082987297,"{""2025"": 63}","{""2025"": 120}",33,"[0.44861615143095024, 0.6860308200563566]"
terrain,grappling_environment::GRAPPLE_ONE_SIDED,2026,CAT,69,MODERATE_UNCERTAINTY,32,THIN_EXPLORATORY,14,18,0.4375,0.5625,0.58345703919809688,0.41654296080190312,0.14595703919809688,0.73595564891459464,0.26864814303201312,0.026127141895103661,0.012256572030518418,"{""2026"": 32}","{""2026"": 69}",16,"[0.2816533111504036, 0.6067440886314801]"
terrain,grappling_environment::GRAPPLE_ONE_SIDED,2018,SELECT,101,NORMAL,57,MODERATE_UNCERTAINTY,25,32,0.43859649122807015,0.56140350877192979,0.55371564678978502,0.44628435321021498,0.11511915556171487,0.70668734046858961,0.25684468027041518,0.015990653864867709,0.0073511867817008933,"{""2018"": 57}","{""2018"": 101}",35,"[0.317726968997944, 0.5672199054576847]"
terrain,grappling_environment::GRAPPLE_ONE_SIDED,2019,SELECT,94,MODERATE_UNCERTAINTY,42,THIN_EXPLORATORY,26,16,0.61904761904761907,0.38095238095238093,0.56710196109045119,0.43289803890954881,-0.051945657957167879,0.6325117034746941,0.22218220290384291,-0.025888994735565555,-0.0091110098924799734,"{""2019"": 42}","{""2019"": 94}",28,"[0.4681404026715268, 0.7500027423604485]"
terrain,grappling_environment::GRAPPLE_ONE_SIDED,2020,SELECT,87,MODERATE_UNCERTAINTY,45,THIN_EXPLORATORY,22,23,0.48888888888888887,0.51111111111111107,0.55999077965176303,0.44000922034823697,0.071101890762874154,0.7409316556466643,0.26866140887973977,0.038388320940076062,0.01485969813855057,"{""2020"": 45}","{""2020"": 87}",28,"[0.349570237528785, 0.6299553535541681]"
terrain,grappling_environment::GRAPPLE_ONE_SIDED,2021,SELECT,102,NORMAL,52,MODERATE_UNCERTAINTY,31,21,0.59615384615384615,0.40384615384615385,0.55735346296913935,0.44264653703086065,-0.038800383184706799,0.6800520919608547,0.2451691635092178,-0.032569814333136708,-0.012330900162913383,"{""2021"": 52}","{""2021"": 102}",28,"[0.4606757548486152, 0.7184026612814113]"
terrain,grappling_environment::GRAPPLE_ONE_SIDED,2022,SELECT,80,MODERATE_UNCERTAINTY,42,THIN_EXPLORATORY,22,20,0.52380952380952384,0.47619047619047616,0.60885757992152645,0.39114242007847355,0.085048056112002612,0.70406081859396275,0.25332255572148799,0.031819771879753787,0.013113713266374206,"{""2022"": 42}","{""2022"": 80}",27,"[0.3772246413134498, 0.6664039876929454]"
terrain,grappling_environment::GRAPPLE_ONE_SIDED,2023,SELECT,115,NORMAL,63,MODERATE_UNCERTAINTY,37,26,0.58730158730158732,0.41269841269841268,0.60459572306916798,0.39540427693083202,0.017294135767580654,0.68294972744044202,0.24446930400360395,0.018966185895206714,0.0093017060954622179,"{""2023"": 63}","{""2023"": 115}",35,"[0.4641531769742257, 0.7004153437324827]"
terrain,grappling_environment::GRAPPLE_ONE_SIDED,2024,SELECT,105,NORMAL,51,MODERATE_UNCERTAINTY,28,23,0.5490196078431373,0.45098039215686275,0.58818804463751095,0.41181195536248905,0.039168436794373651,0.7121019023623324,0.25729679299403097,0.023794653645049464,0.010406271068209324,"{""2024"": 51}","{""2024"": 105}",34,"[0.41384708550368815, 0.6773248145062598]"
terrain,grappling_environment::GRAPPLE_ONE_SIDED,2025,SELECT,120,NORMAL,63,MODERATE_UNCERTAINTY,36,27,0.5714285714285714,0.42857142857142855,0.58678268496522157,0.41321731503477843,0.015354113536650171,0.65345018388883425,0.23051789234808373,0.0037198893725911659,0.0020994856261971019,"{""2025"": 63}","{""2025"": 120}",33,"[0.44861615143095024, 0.6860308200563566]"
terrain,grappling_environment::GRAPPLE_ONE_SIDED,2026,SELECT,69,MODERATE_UNCERTAINTY,32,THIN_EXPLORATORY,14,18,0.4375,0.5625,0.56001732169035778,0.43998267830964222,0.12251732169035778,0.71984479691563896,0.26134323779643986,0.010016289896147938,0.0049516667949451865,"{""2026"": 32}","{""2026"": 69}",16,"[0.2816533111504036, 0.6067440886314801]"
terrain,grappling_environment::GRAPPLE_TWO_SIDED,2018,LINEAR_MIN,19,INSUFFICIENT,13,INSUFFICIENT,11,2,0.84615384615384615,0.15384615384615385,0.54326515078835724,0.45673484921164276,-0.3028886953654889,,,,,"{""2018"": 13}","{""2018"": 19}",11,"[0.5776536898051745, 0.9567418216419186]"
terrain,grappling_environment::GRAPPLE_TWO_SIDED,2019,LINEAR_MIN,14,INSUFFICIENT,8,INSUFFICIENT,3,5,0.375,0.625,0.479238276243938,0.520761723756062,0.104238276243938,,,,,"{""2019"": 8}","{""2019"": 14}",8,"[0.13684428582359742, 0.6942576053973727]"
terrain,grappling_environment::GRAPPLE_TWO_SIDED,2020,LINEAR_MIN,12,INSUFFICIENT,7,INSUFFICIENT,3,4,0.42857142857142855,0.5714285714285714,0.54228802212978144,0.45771197787021856,0.1137165935583529,,,,,"{""2020"": 7}","{""2020"": 12}",7,"[0.15821985525146975, 0.7495416354723428]"
terrain,grappling_environment::GRAPPLE_TWO_SIDED,2021,LINEAR_MIN,10,INSUFFICIENT,5,INSUFFICIENT,3,2,0.59999999999999998,0.40000000000000002,0.46212817635981984,0.53787182364018016,-0.13787182364018014,,,,,"{""2021"": 5}","{""2021"": 10}",4,"[0.2307242812760128, 0.882379225767352]"
terrain,grappling_environment::GRAPPLE_TWO_SIDED,2022,LINEAR_MIN,17,INSUFFICIENT,14,INSUFFICIENT,6,8,0.42857142857142855,0.5714285714285714,0.50181355632760094,0.49818644367239906,0.073242127756172393,,,,,"{""2022"": 14}","{""2022"": 17}",11,"[0.21380798904474121, 0.6740935542034926]"
terrain,grappling_environment::GRAPPLE_TWO_SIDED,2023,LINEAR_MIN,12,INSUFFICIENT,10,INSUFFICIENT,3,7,0.29999999999999999,0.69999999999999996,0.48122212433886569,0.51877787566113431,0.1812221243388657,,,,,"{""2023"": 10}","{""2023"": 12}",10,"[0.10779126740630099, 0.6032218525388546]"
terrain,grappling_environment::GRAPPLE_TWO_SIDED,2024,LINEAR_MIN,13,INSUFFICIENT,6,INSUFFICIENT,1,5,0.16666666666666666,0.83333333333333337,0.45996463086673112,0.54003536913326888,0.29329796420006449,,,,,"{""2024"": 6}","{""2024"": 13}",6,"[0.030053369748306635, 0.5635028221864702]"
terrain,grappling_environment::GRAPPLE_TWO_SIDED,2025,LINEAR_MIN,16,INSUFFICIENT,8,INSUFFICIENT,4,4,0.5,0.5,0.44092935939764177,0.55907064060235823,-0.059070640602358226,,,,,"{""2025"": 8}","{""2025"": 16}",6,"[0.21521606221387757, 0.7847839377861224]"
terrain,grappling_environment::GRAPPLE_TWO_SIDED,2026,LINEAR_MIN,9,INSUFFICIENT,5,INSUFFICIENT,2,3,0.40000000000000002,0.59999999999999998,0.45567751894076053,0.54432248105923953,0.055677518940760506,,,,,"{""2026"": 5}","{""2026"": 9}",5,"[0.11762077423264783, 0.769275718723987]"
terrain,grappling_environment::GRAPPLE_TWO_SIDED,2018,XGB,19,INSUFFICIENT,13,INSUFFICIENT,11,2,0.84615384615384615,0.15384615384615385,0.56581989618448114,0.43418010381551886,-0.280333949969365,,,,,"{""2018"": 13}","{""2018"": 19}",11,"[0.5776536898051745, 0.9567418216419186]"
terrain,grappling_environment::GRAPPLE_TWO_SIDED,2019,XGB,14,INSUFFICIENT,8,INSUFFICIENT,3,5,0.375,0.625,0.44818995147943497,0.55181004852056503,0.073189951479434967,,,,,"{""2019"": 8}","{""2019"": 14}",8,"[0.13684428582359742, 0.6942576053973727]"
terrain,grappling_environment::GRAPPLE_TWO_SIDED,2020,XGB,12,INSUFFICIENT,7,INSUFFICIENT,3,4,0.42857142857142855,0.5714285714285714,0.6033535982881274,0.3966464017118726,0.17478216971669885,,,,,"{""2020"": 7}","{""2020"": 12}",7,"[0.15821985525146975, 0.7495416354723428]"
terrain,grappling_environment::GRAPPLE_TWO_SIDED,2021,XGB,10,INSUFFICIENT,5,INSUFFICIENT,3,2,0.59999999999999998,0.40000000000000002,0.48680822849273681,0.51319177150726314,-0.11319177150726317,,,,,"{""2021"": 5}","{""2021"": 10}",4,"[0.2307242812760128, 0.882379225767352]"
terrain,grappling_environment::GRAPPLE_TWO_SIDED,2022,XGB,17,INSUFFICIENT,14,INSUFFICIENT,6,8,0.42857142857142855,0.5714285714285714,0.55238456598349983,0.44761543401650017,0.12381313741207128,,,,,"{""2022"": 14}","{""2022"": 17}",11,"[0.21380798904474121, 0.6740935542034926]"
terrain,grappling_environment::GRAPPLE_TWO_SIDED,2023,XGB,12,INSUFFICIENT,10,INSUFFICIENT,3,7,0.29999999999999999,0.69999999999999996,0.53499574363231661,0.46500425636768339,0.23499574363231662,,,,,"{""2023"": 10}","{""2023"": 12}",10,"[0.10779126740630099, 0.6032218525388546]"
terrain,grappling_environment::GRAPPLE_TWO_SIDED,2024,XGB,13,INSUFFICIENT,6,INSUFFICIENT,1,5,0.16666666666666666,0.83333333333333337,0.49883735179901123,0.50116264820098877,0.3321706851323446,,,,,"{""2024"": 6}","{""2024"": 13}",6,"[0.030053369748306635, 0.5635028221864702]"
terrain,grappling_environment::GRAPPLE_TWO_SIDED,2025,XGB,16,INSUFFICIENT,8,INSUFFICIENT,4,4,0.5,0.5,0.55402930080890656,0.44597069919109344,0.054029300808906555,,,,,"{""2025"": 8}","{""2025"": 16}",6,"[0.21521606221387757, 0.7847839377861224]"
terrain,grappling_environment::GRAPPLE_TWO_SIDED,2026,XGB,9,INSUFFICIENT,5,INSUFFICIENT,2,3,0.40000000000000002,0.59999999999999998,0.5637089818716049,0.4362910181283951,0.16370898187160488,,,,,"{""2026"": 5}","{""2026"": 9}",5,"[0.11762077423264783, 0.769275718723987]"
terrain,grappling_environment::GRAPPLE_TWO_SIDED,2018,LGBM,19,INSUFFICIENT,13,INSUFFICIENT,11,2,0.84615384615384615,0.15384615384615385,0.57395680177721653,0.42604319822278347,-0.27219704437662962,,,,,"{""2018"": 13}","{""2018"": 19}",11,"[0.5776536898051745, 0.9567418216419186]"
terrain,grappling_environment::GRAPPLE_TWO_SIDED,2019,LGBM,14,INSUFFICIENT,8,INSUFFICIENT,3,5,0.375,0.625,0.46011598731838665,0.53988401268161335,0.085115987318386654,,,,,"{""2019"": 8}","{""2019"": 14}",8,"[0.13684428582359742, 0.6942576053973727]"
terrain,grappling_environment::GRAPPLE_TWO_SIDED,2020,LGBM,12,INSUFFICIENT,7,INSUFFICIENT,3,4,0.42857142857142855,0.5714285714285714,0.61885915752686882,0.38114084247313118,0.19028772895544027,,,,,"{""2020"": 7}","{""2020"": 12}",7,"[0.15821985525146975, 0.7495416354723428]"
terrain,grappling_environment::GRAPPLE_TWO_SIDED,2021,LGBM,10,INSUFFICIENT,5,INSUFFICIENT,3,2,0.59999999999999998,0.40000000000000002,0.49693191907019135,0.5030680809298087,-0.10306808092980863,,,,,"{""2021"": 5}","{""2021"": 10}",4,"[0.2307242812760128, 0.882379225767352]"
terrain,grappling_environment::GRAPPLE_TWO_SIDED,2022,LGBM,17,INSUFFICIENT,14,INSUFFICIENT,6,8,0.42857142857142855,0.5714285714285714,0.55064196624638262,0.44935803375361738,0.12207053767495407,,,,,"{""2022"": 14}","{""2022"": 17}",11,"[0.21380798904474121, 0.6740935542034926]"
terrain,grappling_environment::GRAPPLE_TWO_SIDED,2023,LGBM,12,INSUFFICIENT,10,INSUFFICIENT,3,7,0.29999999999999999,0.69999999999999996,0.53641079030558447,0.46358920969441553,0.23641079030558448,,,,,"{""2023"": 10}","{""2023"": 12}",10,"[0.10779126740630099, 0.6032218525388546]"
terrain,grappling_environment::GRAPPLE_TWO_SIDED,2024,LGBM,13,INSUFFICIENT,6,INSUFFICIENT,1,5,0.16666666666666666,0.83333333333333337,0.51294133343747916,0.48705866656252084,0.34627466677081253,,,,,"{""2024"": 6}","{""2024"": 13}",6,"[0.030053369748306635, 0.5635028221864702]"
terrain,grappling_environment::GRAPPLE_TWO_SIDED,2025,LGBM,16,INSUFFICIENT,8,INSUFFICIENT,4,4,0.5,0.5,0.55908989140232079,0.44091010859767921,0.059089891402320793,,,,,"{""2025"": 8}","{""2025"": 16}",6,"[0.21521606221387757, 0.7847839377861224]"
terrain,grappling_environment::GRAPPLE_TWO_SIDED,2026,LGBM,9,INSUFFICIENT,5,INSUFFICIENT,2,3,0.40000000000000002,0.59999999999999998,0.54409274025625987,0.45590725974374013,0.14409274025625984,,,,,"{""2026"": 5}","{""2026"": 9}",5,"[0.11762077423264783, 0.769275718723987]"
terrain,grappling_environment::GRAPPLE_TWO_SIDED,2018,CAT,19,INSUFFICIENT,13,INSUFFICIENT,11,2,0.84615384615384615,0.15384615384615385,0.55077547691528239,0.44922452308471761,-0.29537836923856375,,,,,"{""2018"": 13}","{""2018"": 19}",11,"[0.5776536898051745, 0.9567418216419186]"
terrain,grappling_environment::GRAPPLE_TWO_SIDED,2019,CAT,14,INSUFFICIENT,8,INSUFFICIENT,3,5,0.375,0.625,0.47878208181713333,0.52121791818286667,0.10378208181713333,,,,,"{""2019"": 8}","{""2019"": 14}",8,"[0.13684428582359742, 0.6942576053973727]"
terrain,grappling_environment::GRAPPLE_TWO_SIDED,2020,CAT,12,INSUFFICIENT,7,INSUFFICIENT,3,4,0.42857142857142855,0.5714285714285714,0.58357463801542353,0.41642536198457647,0.15500320944399498,,,,,"{""2020"": 7}","{""2020"": 12}",7,"[0.15821985525146975, 0.7495416354723428]"
terrain,grappling_environment::GRAPPLE_TWO_SIDED,2021,CAT,10,INSUFFICIENT,5,INSUFFICIENT,3,2,0.59999999999999998,0.40000000000000002,0.42604650078406764,0.57395349921593231,-0.17395349921593234,,,,,"{""2021"": 5}","{""2021"": 10}",4,"[0.2307242812760128, 0.882379225767352]"
terrain,grappling_environment::GRAPPLE_TWO_SIDED,2022,CAT,17,INSUFFICIENT,14,INSUFFICIENT,6,8,0.42857142857142855,0.5714285714285714,0.53980486006051709,0.46019513993948291,0.11123343148908854,,,,,"{""2022"": 14}","{""2022"": 17}",11,"[0.21380798904474121, 0.6740935542034926]"
terrain,grappling_environment::GRAPPLE_TWO_SIDED,2023,CAT,12,INSUFFICIENT,10,INSUFFICIENT,3,7,0.29999999999999999,0.69999999999999996,0.51283633277256357,0.48716366722743643,0.21283633277256359,,,,,"{""2023"": 10}","{""2023"": 12}",10,"[0.10779126740630099, 0.6032218525388546]"
terrain,grappling_environment::GRAPPLE_TWO_SIDED,2024,CAT,13,INSUFFICIENT,6,INSUFFICIENT,1,5,0.16666666666666666,0.83333333333333337,0.4525581642183259,0.54744183578167416,0.28589149755165921,,,,,"{""2024"": 6}","{""2024"": 13}",6,"[0.030053369748306635, 0.5635028221864702]"
terrain,grappling_environment::GRAPPLE_TWO_SIDED,2025,CAT,16,INSUFFICIENT,8,INSUFFICIENT,4,4,0.5,0.5,0.56497017889632817,0.43502982110367183,0.064970178896328168,,,,,"{""2025"": 8}","{""2025"": 16}",6,"[0.21521606221387757, 0.7847839377861224]"
terrain,grappling_environment::GRAPPLE_TWO_SIDED,2026,CAT,9,INSUFFICIENT,5,INSUFFICIENT,2,3,0.40000000000000002,0.59999999999999998,0.56631057700724796,0.43368942299275204,0.16631057700724794,,,,,"{""2026"": 5}","{""2026"": 9}",5,"[0.11762077423264783, 0.769275718723987]"
terrain,grappling_environment::GRAPPLE_TWO_SIDED,2018,SELECT,19,INSUFFICIENT,13,INSUFFICIENT,11,2,0.84615384615384615,0.15384615384615385,0.56581989618448114,0.43418010381551886,-0.280333949969365,,,,,"{""2018"": 13}","{""2018"": 19}",11,"[0.5776536898051745, 0.9567418216419186]"
terrain,grappling_environment::GRAPPLE_TWO_SIDED,2019,SELECT,14,INSUFFICIENT,8,INSUFFICIENT,3,5,0.375,0.625,0.44818995147943497,0.55181004852056503,0.073189951479434967,,,,,"{""2019"": 8}","{""2019"": 14}",8,"[0.13684428582359742, 0.6942576053973727]"
terrain,grappling_environment::GRAPPLE_TWO_SIDED,2020,SELECT,12,INSUFFICIENT,7,INSUFFICIENT,3,4,0.42857142857142855,0.5714285714285714,0.61885915752686882,0.38114084247313118,0.19028772895544027,,,,,"{""2020"": 7}","{""2020"": 12}",7,"[0.15821985525146975, 0.7495416354723428]"
terrain,grappling_environment::GRAPPLE_TWO_SIDED,2021,SELECT,10,INSUFFICIENT,5,INSUFFICIENT,3,2,0.59999999999999998,0.40000000000000002,0.42604650078406764,0.57395349921593231,-0.17395349921593234,,,,,"{""2021"": 5}","{""2021"": 10}",4,"[0.2307242812760128, 0.882379225767352]"
terrain,grappling_environment::GRAPPLE_TWO_SIDED,2022,SELECT,17,INSUFFICIENT,14,INSUFFICIENT,6,8,0.42857142857142855,0.5714285714285714,0.55064196624638262,0.44935803375361738,0.12207053767495407,,,,,"{""2022"": 14}","{""2022"": 17}",11,"[0.21380798904474121, 0.6740935542034926]"
terrain,grappling_environment::GRAPPLE_TWO_SIDED,2023,SELECT,12,INSUFFICIENT,10,INSUFFICIENT,3,7,0.29999999999999999,0.69999999999999996,0.51283633277256357,0.48716366722743643,0.21283633277256359,,,,,"{""2023"": 10}","{""2023"": 12}",10,"[0.10779126740630099, 0.6032218525388546]"
terrain,grappling_environment::GRAPPLE_TWO_SIDED,2024,SELECT,13,INSUFFICIENT,6,INSUFFICIENT,1,5,0.16666666666666666,0.83333333333333337,0.4525581642183259,0.54744183578167416,0.28589149755165921,,,,,"{""2024"": 6}","{""2024"": 13}",6,"[0.030053369748306635, 0.5635028221864702]"
terrain,grappling_environment::GRAPPLE_TWO_SIDED,2025,SELECT,16,INSUFFICIENT,8,INSUFFICIENT,4,4,0.5,0.5,0.55908989140232079,0.44091010859767921,0.059089891402320793,,,,,"{""2025"": 8}","{""2025"": 16}",6,"[0.21521606221387757, 0.7847839377861224]"
terrain,grappling_environment::GRAPPLE_TWO_SIDED,2026,SELECT,9,INSUFFICIENT,5,INSUFFICIENT,2,3,0.40000000000000002,0.59999999999999998,0.54409274025625987,0.45590725974374013,0.14409274025625984,,,,,"{""2026"": 5}","{""2026"": 9}",5,"[0.11762077423264783, 0.769275718723987]"
terrain,grappling_environment::UNASSIGNABLE_BY_CONTRACT,2018,LINEAR_MIN,96,MODERATE_UNCERTAINTY,51,MODERATE_UNCERTAINTY,28,23,0.5490196078431373,0.45098039215686275,0.63715929047507736,0.36284070952492264,0.088139682631940053,0.64251274551808812,0.2276526976562176,0,0,"{""2018"": 51}","{""2018"": 96}",28,"[0.41384708550368815, 0.6773248145062598]"
terrain,grappling_environment::UNASSIGNABLE_BY_CONTRACT,2019,LINEAR_MIN,116,NORMAL,51,MODERATE_UNCERTAINTY,26,25,0.50980392156862742,0.49019607843137253,0.61657001144363033,0.38342998855636967,0.10676608987500291,0.66438342319299126,0.2381467682877382,0,0,"{""2019"": 51}","{""2019"": 116}",31,"[0.37680923894569696, 0.6414251410562926]"
terrain,grappling_environment::UNASSIGNABLE_BY_CONTRACT,2020,LINEAR_MIN,95,MODERATE_UNCERTAINTY,53,MODERATE_UNCERTAINTY,36,17,0.67924528301886788,0.32075471698113206,0.62429395437804469,0.37570604562195531,-0.054951328640823194,0.60226026185440129,0.20651860084041421,0,0,"{""2020"": 53}","{""2020"": 95}",32,"[0.545185201490326, 0.7890778592086491]"
terrain,grappling_environment::UNASSIGNABLE_BY_CONTRACT,2021,LINEAR_MIN,77,MODERATE_UNCERTAINTY,40,THIN_EXPLORATORY,30,10,0.75,0.25,0.63013377015135286,0.36986622984864714,-0.11986622984864714,0.61059673480715426,0.20799040910125929,0,0,"{""2021"": 40}","{""2021"": 77}",27,"[0.5980603857923197, 0.858128813609037]"
terrain,grappling_environment::UNASSIGNABLE_BY_CONTRACT,2022,LINEAR_MIN,85,MODERATE_UNCERTAINTY,43,THIN_EXPLORATORY,31,12,0.72093023255813948,0.27906976744186046,0.6246399901976134,0.3753600098023866,-0.096290242360526079,0.58865689789420972,0.19954017517162961,0,0,"{""2022"": 43}","{""2022"": 85}",29,"[0.5730897131812113, 0.8325338621376251]"
terrain,grappling_environment::UNASSIGNABLE_BY_CONTRACT,2023,LINEAR_MIN,112,NORMAL,59,MODERATE_UNCERTAINTY,37,22,0.6271186440677966,0.3728813559322034,0.6264462122086103,0.3735537877913897,-0.00067243185918630655,0.62929824233726672,0.21869110935835842,0,0,"{""2023"": 59}","{""2023"": 112}",30,"[0.4995359106706382, 0.7391600120767886]"
terrain,grappling_environment::UNASSIGNABLE_BY_CONTRACT,2024,LINEAR_MIN,80,MODERATE_UNCERTAINTY,40,THIN_EXPLORATORY,28,12,0.69999999999999996,0.29999999999999999,0.64572736521471297,0.35427263478528703,-0.054272634785286988,0.56430357416361376,0.18944956659938553,0,0,"{""2024"": 40}","{""2024"": 80}",22,"[0.5456998118185507, 0.8192515477025347]"
terrain,grappling_environment::UNASSIGNABLE_BY_CONTRACT,2025,LINEAR_MIN,86,MODERATE_UNCERTAINTY,53,MODERATE_UNCERTAINTY,37,16,0.69811320754716977,0.30188679245283018,0.66488238196993255,0.33511761803006745,-0.033230825577237222,0.58077073019769154,0.1968503499856461,0,0,"{""2025"": 53}","{""2025"": 86}",31,"[0.5646316733114988, 0.8048169727242108]"
terrain,grappling_environment::UNASSIGNABLE_BY_CONTRACT,2026,LINEAR_MIN,74,MODERATE_UNCERTAINTY,44,THIN_EXPLORATORY,33,11,0.75,0.25,0.68397619359083672,0.31602380640916328,-0.066023806409163277,0.55859963980480321,0.18546915684064891,0,0,"{""2026"": 44}","{""2026"": 74}",21,"[0.6055943364104086, 0.8542578617103511]"
terrain,grappling_environment::UNASSIGNABLE_BY_CONTRACT,2018,XGB,96,MODERATE_UNCERTAINTY,51,MODERATE_UNCERTAINTY,28,23,0.5490196078431373,0.45098039215686275,0.6234640017444012,0.3765359982555988,0.074444393901263894,0.65211770098963251,0.23185330927928224,0.0096049554715445344,0.0042006116230645955,"{""2018"": 51}","{""2018"": 96}",28,"[0.41384708550368815, 0.6773248145062598]"
terrain,grappling_environment::UNASSIGNABLE_BY_CONTRACT,2019,XGB,116,NORMAL,51,MODERATE_UNCERTAINTY,26,25,0.50980392156862742,0.49019607843137253,0.6042402269793492,0.3957597730206508,0.094436305410721788,0.68825509260117568,0.24737446524702991,0.023871669408184557,0.0092276969592916969,"{""2019"": 51}","{""2019"": 116}",31,"[0.37680923894569696, 0.6414251410562926]"
terrain,grappling_environment::UNASSIGNABLE_BY_CONTRACT,2020,XGB,95,MODERATE_UNCERTAINTY,53,MODERATE_UNCERTAINTY,36,17,0.67924528301886788,0.32075471698113206,0.6155469749333724,0.3844530250666276,-0.063698308085495481,0.60660808440924263,0.20960259688656876,0.0043478225548413589,0.0030839960461545705,"{""2020"": 53}","{""2020"": 95}",32,"[0.545185201490326, 0.7890778592086491]"
terrain,grappling_environment::UNASSIGNABLE_BY_CONTRACT,2021,XGB,77,MODERATE_UNCERTAINTY,40,THIN_EXPLORATORY,30,10,0.75,0.25,0.61440722420811655,0.38559277579188345,-0.13559277579188345,0.61921211592807812,0.21242388260604264,0.0086153811209237173,0.0044334735047833942,"{""2021"": 40}","{""2021"": 77}",27,"[0.5980603857923197, 0.858128813609037]"
terrain,grappling_environment::UNASSIGNABLE_BY_CONTRACT,2022,XGB,85,MODERATE_UNCERTAINTY,43,THIN_EXPLORATORY,31,12,0.72093023255813948,0.27906976744186046,0.62447142393090005,0.37552857606909995,-0.096458808627239434,0.61805753055040047,0.21244238719462846,0.029400632656190716,0.012902212022998856,"{""2022"": 43}","{""2022"": 85}",29,"[0.5730897131812113, 0.8325338621376251]"
terrain,grappling_environment::UNASSIGNABLE_BY_CONTRACT,2023,XGB,112,NORMAL,59,MODERATE_UNCERTAINTY,37,22,0.6271186440677966,0.3728813559322034,0.61240021101499009,0.38759978898500991,-0.014718433052806512,0.64639207376819352,0.22636360517047377,0.017093831430926947,0.007672495812115405,"{""2023"": 59}","{""2023"": 112}",30,"[0.4995359106706382, 0.7391600120767886]"
terrain,grappling_environment::UNASSIGNABLE_BY_CONTRACT,2024,XGB,80,MODERATE_UNCERTAINTY,40,THIN_EXPLORATORY,28,12,0.69999999999999996,0.29999999999999999,0.60398635715246196,0.39601364284753804,-0.096013642847537994,0.60192220108687533,0.20645720158328115,0.037618626923261525,0.017007634983895615,"{""2024"": 40}","{""2024"": 80}",22,"[0.5456998118185507, 0.8192515477025347]"
terrain,grappling_environment::UNASSIGNABLE_BY_CONTRACT,2025,XGB,86,MODERATE_UNCERTAINTY,53,MODERATE_UNCERTAINTY,37,16,0.69811320754716977,0.30188679245283018,0.66917081036657655,0.33082918963342345,-0.028942397180593216,0.56765848817010855,0.19157417965895523,-0.01311224202758301,-0.0052761703266908846,"{""2025"": 53}","{""2025"": 86}",31,"[0.5646316733114988, 0.8048169727242108]"
terrain,grappling_environment::UNASSIGNABLE_BY_CONTRACT,2026,XGB,74,MODERATE_UNCERTAINTY,44,THIN_EXPLORATORY,33,11,0.75,0.25,0.67046324773268262,0.32953675226731738,-0.079536752267317379,0.56201924848934659,0.18658368272799211,0.0034196086845434139,0.0011145258873432101,"{""2026"": 44}","{""2026"": 74}",21,"[0.6055943364104086, 0.8542578617103511]"
terrain,grappling_environment::UNASSIGNABLE_BY_CONTRACT,2018,LGBM,96,MODERATE_UNCERTAINTY,51,MODERATE_UNCERTAINTY,28,23,0.5490196078431373,0.45098039215686275,0.61842829681868172,0.38157170318131828,0.069408688975544419,0.65581166456522222,0.23226285941892258,0.013298919047134103,0.0046101617627049138,"{""2018"": 51}","{""2018"": 96}",28,"[0.41384708550368815, 0.6773248145062598]"
terrain,grappling_environment::UNASSIGNABLE_BY_CONTRACT,2019,LGBM,116,NORMAL,51,MODERATE_UNCERTAINTY,26,25,0.50980392156862742,0.49019607843137253,0.58228556910877483,0.41771443089122517,0.072481647540147409,0.68267259180899176,0.24553287881135319,0.01828916861600054,0.0073861105236149634,"{""2019"": 51}","{""2019"": 116}",31,"[0.37680923894569696, 0.6414251410562926]"
terrain,grappling_environment::UNASSIGNABLE_BY_CONTRACT,2020,LGBM,95,MODERATE_UNCERTAINTY,53,MODERATE_UNCERTAINTY,36,17,0.67924528301886788,0.32075471698113206,0.60902012380938353,0.39097987619061647,-0.070225159209484356,0.62740105544939218,0.21921985294623264,0.025140793594990888,0.012701252105818442,"{""2020"": 53}","{""2020"": 95}",32,"[0.545185201490326, 0.7890778592086491]"
terrain,grappling_environment::UNASSIGNABLE_BY_CONTRACT,2021,LGBM,77,MODERATE_UNCERTAINTY,40,THIN_EXPLORATORY,30,10,0.75,0.25,0.61742509045185689,0.38257490954814311,-0.13257490954814311,0.61898441283649686,0.21211329962994077,0.0083876780293425553,0.0041228905286814967,"{""2021"": 40}","{""2021"": 77}",27,"[0.5980603857923197, 0.858128813609037]"
terrain,grappling_environment::UNASSIGNABLE_BY_CONTRACT,2022,LGBM,85,MODERATE_UNCERTAINTY,43,THIN_EXPLORATORY,31,12,0.72093023255813948,0.27906976744186046,0.62126282882254003,0.37873717117745997,-0.099667403735599458,0.62286476588996675,0.21468180061217751,0.034207867995757021,0.015141625440547925,"{""2022"": 43}","{""2022"": 85}",29,"[0.5730897131812113, 0.8325338621376251]"
terrain,grappling_environment::UNASSIGNABLE_BY_CONTRACT,2023,LGBM,112,NORMAL,59,MODERATE_UNCERTAINTY,37,22,0.6271186440677966,0.3728813559322034,0.61473977997951912,0.38526022002048088,-0.012378864088277486,0.64666763589172249,0.22632271747306351,0.017369393554455683,0.0076316081147051393,"{""2023"": 59}","{""2023"": 112}",30,"[0.4995359106706382, 0.7391600120767886]"
terrain,grappling_environment::UNASSIGNABLE_BY_CONTRACT,2024,LGBM,80,MODERATE_UNCERTAINTY,40,THIN_EXPLORATORY,28,12,0.69999999999999996,0.29999999999999999,0.62821993795723685,0.37178006204276315,-0.071780062042763104,0.59011756365453816,0.20082242858252886,0.025813989490924345,0.01137286198314329,"{""2024"": 40}","{""2024"": 80}",22,"[0.5456998118185507, 0.8192515477025347]"
terrain,grappling_environment::UNASSIGNABLE_BY_CONTRACT,2025,LGBM,86,MODERATE_UNCERTAINTY,53,MODERATE_UNCERTAINTY,37,16,0.69811320754716977,0.30188679245283018,0.66981174321328663,0.33018825678671337,-0.028301464333883142,0.55770537434902456,0.18718404557733137,-0.023065355848666962,-0.0096663044083147125,"{""2025"": 53}","{""2025"": 86}",31,"[0.5646316733114988, 0.8048169727242108]"
terrain,grappling_environment::UNASSIGNABLE_BY_CONTRACT,2026,LGBM,74,MODERATE_UNCERTAINTY,44,THIN_EXPLORATORY,33,11,0.75,0.25,0.67862934648338991,0.32137065351661009,-0.071370653516610094,0.57821956327193291,0.19416457638302423,0.019619923467129631,0.008695419542375328,"{""2026"": 44}","{""2026"": 74}",21,"[0.6055943364104086, 0.8542578617103511]"
terrain,grappling_environment::UNASSIGNABLE_BY_CONTRACT,2018,CAT,96,MODERATE_UNCERTAINTY,51,MODERATE_UNCERTAINTY,28,23,0.5490196078431373,0.45098039215686275,0.63401116301977278,0.36598883698022722,0.08499155517663548,0.64649563469353188,0.22906140747203502,0.003982889175443702,0.0014087098158173832,"{""2018"": 51}","{""2018"": 96}",28,"[0.41384708550368815, 0.6773248145062598]"
terrain,grappling_environment::UNASSIGNABLE_BY_CONTRACT,2019,CAT,116,NORMAL,51,MODERATE_UNCERTAINTY,26,25,0.50980392156862742,0.49019607843137253,0.59519357005433837,0.40480642994566163,0.085389648485710956,0.66784088904773953,0.23862278775299728,0.0034574658547482772,0.00047601946525904174,"{""2019"": 51}","{""2019"": 116}",31,"[0.37680923894569696, 0.6414251410562926]"
terrain,grappling_environment::UNASSIGNABLE_BY_CONTRACT,2020,CAT,95,MODERATE_UNCERTAINTY,53,MODERATE_UNCERTAINTY,36,17,0.67924528301886788,0.32075471698113206,0.62187027225841629,0.37812972774158371,-0.057375010760451595,0.60922807810189816,0.21145916395948719,0.0069678162474968146,0.0049405631190729887,"{""2020"": 53}","{""2020"": 95}",32,"[0.545185201490326, 0.7890778592086491]"
terrain,grappling_environment::UNASSIGNABLE_BY_CONTRACT,2021,CAT,77,MODERATE_UNCERTAINTY,40,THIN_EXPLORATORY,30,10,0.75,0.25,0.61381557737196613,0.38618442262803387,-0.13618442262803387,0.63262914948567495,0.2171152975725395,0.022032414678520702,0.0091248884712802469,"{""2021"": 40}","{""2021"": 77}",27,"[0.5980603857923197, 0.858128813609037]"
terrain,grappling_environment::UNASSIGNABLE_BY_CONTRACT,2022,CAT,85,MODERATE_UNCERTAINTY,43,THIN_EXPLORATORY,31,12,0.72093023255813948,0.27906976744186046,0.62985853578162554,0.37014146421837446,-0.091071696776513944,0.59096426602367924,0.19958687569803746,0.002307368129469493,4.6700526407898185e-05,"{""2022"": 43}","{""2022"": 85}",29,"[0.5730897131812113, 0.8325338621376251]"
terrain,grappling_environment::UNASSIGNABLE_BY_CONTRACT,2023,CAT,112,NORMAL,59,MODERATE_UNCERTAINTY,37,22,0.6271186440677966,0.3728813559322034,0.6195163852208484,0.3804836147791516,-0.0076022588469482066,0.65942886502230247,0.23220318678274984,0.030130622685035569,0.013512077424391439,"{""2023"": 59}","{""2023"": 112}",30,"[0.4995359106706382, 0.7391600120767886]"
terrain,grappling_environment::UNASSIGNABLE_BY_CONTRACT,2024,CAT,80,MODERATE_UNCERTAINTY,40,THIN_EXPLORATORY,28,12,0.69999999999999996,0.29999999999999999,0.64172441328714391,0.35827558671285609,-0.058275586712856042,0.5797886148389223,0.19719519646727424,0.015485040675308436,0.0077456298678886884,"{""2024"": 40}","{""2024"": 80}",22,"[0.5456998118185507, 0.8192515477025347]"
terrain,grappling_environment::UNASSIGNABLE_BY_CONTRACT,2025,CAT,86,MODERATE_UNCERTAINTY,53,MODERATE_UNCERTAINTY,37,16,0.69811320754716977,0.30188679245283018,0.66516323576501613,0.33483676423498387,-0.032949971782153642,0.56902153862430649,0.19188801594995197,-0.011749191573385017,-0.0049623340356941331,"{""2025"": 53}","{""2025"": 86}",31,"[0.5646316733114988, 0.8048169727242108]"
terrain,grappling_environment::UNASSIGNABLE_BY_CONTRACT,2026,CAT,74,MODERATE_UNCERTAINTY,44,THIN_EXPLORATORY,33,11,0.75,0.25,0.66751158335705763,0.33248841664294237,-0.082488416642942375,0.55522334811158924,0.18442921771703844,-0.003376291693213965,-0.0010399391236104679,"{""2026"": 44}","{""2026"": 74}",21,"[0.6055943364104086, 0.8542578617103511]"
terrain,grappling_environment::UNASSIGNABLE_BY_CONTRACT,2018,SELECT,96,MODERATE_UNCERTAINTY,51,MODERATE_UNCERTAINTY,28,23,0.5490196078431373,0.45098039215686275,0.6234640017444012,0.3765359982555988,0.074444393901263894,0.65211770098963251,0.23185330927928224,0.0096049554715445344,0.0042006116230645955,"{""2018"": 51}","{""2018"": 96}",28,"[0.41384708550368815, 0.6773248145062598]"
terrain,grappling_environment::UNASSIGNABLE_BY_CONTRACT,2019,SELECT,116,NORMAL,51,MODERATE_UNCERTAINTY,26,25,0.50980392156862742,0.49019607843137253,0.6042402269793492,0.3957597730206508,0.094436305410721788,0.68825509260117568,0.24737446524702991,0.023871669408184557,0.0092276969592916969,"{""2019"": 51}","{""2019"": 116}",31,"[0.37680923894569696, 0.6414251410562926]"
terrain,grappling_environment::UNASSIGNABLE_BY_CONTRACT,2020,SELECT,95,MODERATE_UNCERTAINTY,53,MODERATE_UNCERTAINTY,36,17,0.67924528301886788,0.32075471698113206,0.60902012380938353,0.39097987619061647,-0.070225159209484356,0.62740105544939218,0.21921985294623264,0.025140793594990888,0.012701252105818442,"{""2020"": 53}","{""2020"": 95}",32,"[0.545185201490326, 0.7890778592086491]"
terrain,grappling_environment::UNASSIGNABLE_BY_CONTRACT,2021,SELECT,77,MODERATE_UNCERTAINTY,40,THIN_EXPLORATORY,30,10,0.75,0.25,0.61381557737196613,0.38618442262803387,-0.13618442262803387,0.63262914948567495,0.2171152975725395,0.022032414678520702,0.0091248884712802469,"{""2021"": 40}","{""2021"": 77}",27,"[0.5980603857923197, 0.858128813609037]"
terrain,grappling_environment::UNASSIGNABLE_BY_CONTRACT,2022,SELECT,85,MODERATE_UNCERTAINTY,43,THIN_EXPLORATORY,31,12,0.72093023255813948,0.27906976744186046,0.62126282882254003,0.37873717117745997,-0.099667403735599458,0.62286476588996675,0.21468180061217751,0.034207867995757021,0.015141625440547925,"{""2022"": 43}","{""2022"": 85}",29,"[0.5730897131812113, 0.8325338621376251]"
terrain,grappling_environment::UNASSIGNABLE_BY_CONTRACT,2023,SELECT,112,NORMAL,59,MODERATE_UNCERTAINTY,37,22,0.6271186440677966,0.3728813559322034,0.6195163852208484,0.3804836147791516,-0.0076022588469482066,0.65942886502230247,0.23220318678274984,0.030130622685035569,0.013512077424391439,"{""2023"": 59}","{""2023"": 112}",30,"[0.4995359106706382, 0.7391600120767886]"
terrain,grappling_environment::UNASSIGNABLE_BY_CONTRACT,2024,SELECT,80,MODERATE_UNCERTAINTY,40,THIN_EXPLORATORY,28,12,0.69999999999999996,0.29999999999999999,0.64172441328714391,0.35827558671285609,-0.058275586712856042,0.5797886148389223,0.19719519646727424,0.015485040675308436,0.0077456298678886884,"{""2024"": 40}","{""2024"": 80}",22,"[0.5456998118185507, 0.8192515477025347]"
terrain,grappling_environment::UNASSIGNABLE_BY_CONTRACT,2025,SELECT,86,MODERATE_UNCERTAINTY,53,MODERATE_UNCERTAINTY,37,16,0.69811320754716977,0.30188679245283018,0.66981174321328663,0.33018825678671337,-0.028301464333883142,0.55770537434902456,0.18718404557733137,-0.023065355848666962,-0.0096663044083147125,"{""2025"": 53}","{""2025"": 86}",31,"[0.5646316733114988, 0.8048169727242108]"
terrain,grappling_environment::UNASSIGNABLE_BY_CONTRACT,2026,SELECT,74,MODERATE_UNCERTAINTY,44,THIN_EXPLORATORY,33,11,0.75,0.25,0.67862934648338991,0.32137065351661009,-0.071370653516610094,0.57821956327193291,0.19416457638302423,0.019619923467129631,0.008695419542375328,"{""2026"": 44}","{""2026"": 74}",21,"[0.6055943364104086, 0.8542578617103511]"
terrain,joint_mov_environment::STRIKE_LOW__GRAPPLE_LOW,2018,LINEAR_MIN,180,NORMAL,75,MODERATE_UNCERTAINTY,49,26,0.65333333333333332,0.34666666666666668,0.69205970458483135,0.30794029541516865,0.038726371251498026,0.65922675883328552,0.23022830237457029,0,0,"{""2018"": 75}","{""2018"": 180}",32,"[0.5405474609420188, 0.7511772273632541]"
terrain,joint_mov_environment::STRIKE_LOW__GRAPPLE_LOW,2019,LINEAR_MIN,203,NORMAL,89,MODERATE_UNCERTAINTY,62,27,0.6966292134831461,0.30337078651685395,0.68497231126512148,0.31502768873487852,-0.011656902218024623,0.62304949329873049,0.21530654941226185,0,0,"{""2019"": 89}","{""2019"": 203}",39,"[0.5946286603942715, 0.7823580914791123]"
terrain,joint_mov_environment::STRIKE_LOW__GRAPPLE_LOW,2020,LINEAR_MIN,174,NORMAL,81,MODERATE_UNCERTAINTY,51,30,0.62962962962962965,0.37037037037037035,0.67408848226892548,0.32591151773107452,0.044458852639295832,0.63297204385196881,0.22236801398753375,0,0,"{""2020"": 81}","{""2020"": 174}",37,"[0.5208373389089231, 0.7266831574604506]"
terrain,joint_mov_environment::STRIKE_LOW__GRAPPLE_LOW,2021,LINEAR_MIN,194,NORMAL,94,MODERATE_UNCERTAINTY,62,32,0.65957446808510634,0.34042553191489361,0.65370386478421605,0.34629613521578395,-0.0058706033008902869,0.65803649864202485,0.23130521748468438,0,0,"{""2021"": 94}","{""2021"": 194}",36,"[0.5592082220071468, 0.7474102642827856]"
terrain,joint_mov_environment::STRIKE_LOW__GRAPPLE_LOW,2022,LINEAR_MIN,204,NORMAL,101,NORMAL,61,40,0.60396039603960394,0.39603960396039606,0.67056879431459449,0.32943120568540551,0.066608398274990543,0.66408081716969514,0.23413936396977564,0,0,"{""2022"": 101}","{""2022"": 204}",41,"[0.5064566738465976, 0.6938457660108579]"
terrain,joint_mov_environment::STRIKE_LOW__GRAPPLE_LOW,2023,LINEAR_MIN,164,NORMAL,72,MODERATE_UNCERTAINTY,42,30,0.58333333333333337,0.41666666666666669,0.67276519510523591,0.32723480489476409,0.089431861771902543,0.6816754224089675,0.24291065257876887,0,0,"{""2023"": 72}","{""2023"": 164}",37,"[0.46807697931465553, 0.6901478252526017]"
terrain,joint_mov_environment::STRIKE_LOW__GRAPPLE_LOW,2024,LINEAR_MIN,173,NORMAL,62,MODERATE_UNCERTAINTY,38,24,0.61290322580645162,0.38709677419354838,0.68696198563483513,0.31303801436516487,0.074058759828383502,0.69569858391729644,0.24733742918361137,0,0,"{""2024"": 62}","{""2024"": 173}",36,"[0.48847843539018354, 0.7241535483288614]"
terrain,joint_mov_environment::STRIKE_LOW__GRAPPLE_LOW,2025,LINEAR_MIN,163,NORMAL,70,MODERATE_UNCERTAINTY,40,30,0.5714285714285714,0.42857142857142855,0.64921438431586365,0.35078561568413635,0.077785812887292249,0.69022361696337975,0.24557949502359441,0,0,"{""2025"": 70}","{""2025"": 163}",33,"[0.45477836559850204, 0.6806469112000313]"
terrain,joint_mov_environment::STRIKE_LOW__GRAPPLE_LOW,2026,LINEAR_MIN,91,MODERATE_UNCERTAINTY,46,THIN_EXPLORATORY,26,20,0.56521739130434778,0.43478260869565216,0.64398317714288977,0.35601682285711023,0.078765785838541991,0.68741080778464203,0.24714471339702995,0,0,"{""2026"": 46}","{""2026"": 91}",23,"[0.4224743369429499, 0.6979073722198005]"
terrain,joint_mov_environment::STRIKE_LOW__GRAPPLE_LOW,2018,XGB,180,NORMAL,75,MODERATE_UNCERTAINTY,49,26,0.65333333333333332,0.34666666666666668,0.67547646204630529,0.32452353795369471,0.022143128712971971,0.59803627508160362,0.20770675310123068,-0.061190483751681873,-0.022521549273339575,"{""2018"": 75}","{""2018"": 180}",32,"[0.5405474609420188, 0.7511772273632541]"
terrain,joint_mov_environment::STRIKE_LOW__GRAPPLE_LOW,2019,XGB,203,NORMAL,89,MODERATE_UNCERTAINTY,62,27,0.6966292134831461,0.30337078651685395,0.69394854514786364,0.30605145485213636,-0.0026806683352824656,0.61378474926200322,0.20908907899913859,-0.0092647440367273921,-0.0062174704131233169,"{""2019"": 89}","{""2019"": 203}",39,"[0.5946286603942715, 0.7823580914791123]"
terrain,joint_mov_environment::STRIKE_LOW__GRAPPLE_LOW,2020,XGB,174,NORMAL,81,MODERATE_UNCERTAINTY,51,30,0.62962962962962965,0.37037037037037035,0.67045298733828984,0.32954701266171016,0.040823357708660191,0.5971948833286721,0.20739272805889827,-0.035777160523296575,-0.014975285928635451,"{""2020"": 81}","{""2020"": 174}",37,"[0.5208373389089231, 0.7266831574604506]"
terrain,joint_mov_environment::STRIKE_LOW__GRAPPLE_LOW,2021,XGB,194,NORMAL,94,MODERATE_UNCERTAINTY,62,32,0.65957446808510634,0.34042553191489361,0.65405923889038409,0.34594076110961591,-0.0055152291947222487,0.6358884458237698,0.22308673432085532,-0.022148052818255052,-0.0082184831638290289,"{""2021"": 94}","{""2021"": 194}",36,"[0.5592082220071468, 0.7474102642827856]"
terrain,joint_mov_environment::STRIKE_LOW__GRAPPLE_LOW,2022,XGB,204,NORMAL,101,NORMAL,61,40,0.60396039603960394,0.39603960396039606,0.66358265723332321,0.33641734276667679,0.059622261193719273,0.64007096189041002,0.22512622102846946,-0.024009855279285203,-0.0090131429413062136,"{""2022"": 101}","{""2022"": 204}",41,"[0.5064566738465976, 0.6938457660108579]"
terrain,joint_mov_environment::STRIKE_LOW__GRAPPLE_LOW,2023,XGB,164,NORMAL,72,MODERATE_UNCERTAINTY,42,30,0.58333333333333337,0.41666666666666669,0.67142820192707908,0.32857179807292092,0.088094868593745712,0.70287063070738165,0.24973821897934456,0.021195208298414106,0.006827566400575703,"{""2023"": 72}","{""2023"": 164}",37,"[0.46807697931465553, 0.6901478252526017]"
terrain,joint_mov_environment::STRIKE_LOW__GRAPPLE_LOW,2024,XGB,173,NORMAL,62,MODERATE_UNCERTAINTY,38,24,0.61290322580645162,0.38709677419354838,0.63793123873972124,0.36206876126027876,0.025028012933269617,0.65938724663804649,0.23350043053149303,-0.036311337279249879,-0.013836998652118371,"{""2024"": 62}","{""2024"": 173}",36,"[0.48847843539018354, 0.7241535483288614]"
terrain,joint_mov_environment::STRIKE_LOW__GRAPPLE_LOW,2025,XGB,163,NORMAL,70,MODERATE_UNCERTAINTY,40,30,0.5714285714285714,0.42857142857142855,0.65467607378959658,0.34532392621040342,0.083247502361025183,0.69066319368463203,0.24739489250804561,0.00043957672125228832,0.0018153974844512461,"{""2025"": 70}","{""2025"": 163}",33,"[0.45477836559850204, 0.6806469112000313]"
terrain,joint_mov_environment::STRIKE_LOW__GRAPPLE_LOW,2026,XGB,91,MODERATE_UNCERTAINTY,46,THIN_EXPLORATORY,26,20,0.56521739130434778,0.43478260869565216,0.6496426534393559,0.3503573465606441,0.084425262135008117,0.70000229377349821,0.2497140620030249,0.01259148598885588,0.0025693486059949265,"{""2026"": 46}","{""2026"": 91}",23,"[0.4224743369429499, 0.6979073722198005]"
terrain,joint_mov_environment::STRIKE_LOW__GRAPPLE_LOW,2018,LGBM,180,NORMAL,75,MODERATE_UNCERTAINTY,49,26,0.65333333333333332,0.34666666666666668,0.66861472516181841,0.33138527483818159,0.015281391828485091,0.6091846054486576,0.21137761663357296,-0.050042153384627884,-0.018850685740997318,"{""2018"": 75}","{""2018"": 180}",32,"[0.5405474609420188, 0.7511772273632541]"
terrain,joint_mov_environment::STRIKE_LOW__GRAPPLE_LOW,2019,LGBM,203,NORMAL,89,MODERATE_UNCERTAINTY,62,27,0.6966292134831461,0.30337078651685395,0.68749474458417514,0.31250525541582486,-0.0091344688989709599,0.61016506019025019,0.20819798796720934,-0.012884433108480508,-0.0071085614450525601,"{""2019"": 89}","{""2019"": 203}",39,"[0.5946286603942715, 0.7823580914791123]"
terrain,joint_mov_environment::STRIKE_LOW__GRAPPLE_LOW,2020,LGBM,174,NORMAL,81,MODERATE_UNCERTAINTY,51,30,0.62962962962962965,0.37037037037037035,0.67403314281047988,0.32596685718952012,0.044403513180850229,0.60062673001329958,0.20954543486231397,-0.032345313838669093,-0.012822579125219724,"{""2020"": 81}","{""2020"": 174}",37,"[0.5208373389089231, 0.7266831574604506]"
terrain,joint_mov_environment::STRIKE_LOW__GRAPPLE_LOW,2021,LGBM,194,NORMAL,94,MODERATE_UNCERTAINTY,62,32,0.65957446808510634,0.34042553191489361,0.6597762219885952,0.3402237780114048,0.00020175390348886602,0.62757793263479977,0.21939329730451881,-0.030458566007225064,-0.011911920180165523,"{""2021"": 94}","{""2021"": 194}",36,"[0.5592082220071468, 0.7474102642827856]"
terrain,joint_mov_environment::STRIKE_LOW__GRAPPLE_LOW,2022,LGBM,204,NORMAL,101,NORMAL,61,40,0.60396039603960394,0.39603960396039606,0.66956969143277523,0.33043030856722477,0.065609295393171285,0.64637831398697609,0.22793722277260856,-0.017702503182719164,-0.0062021411971670886,"{""2022"": 101}","{""2022"": 204}",41,"[0.5064566738465976, 0.6938457660108579]"
terrain,joint_mov_environment::STRIKE_LOW__GRAPPLE_LOW,2023,LGBM,164,NORMAL,72,MODERATE_UNCERTAINTY,42,30,0.58333333333333337,0.41666666666666669,0.67842174964866531,0.32157825035133469,0.095088416315331936,0.70705258384769198,0.25171985960032822,0.025377161438724403,0.0088092070215593302,"{""2023"": 72}","{""2023"": 164}",37,"[0.46807697931465553, 0.6901478252526017]"
terrain,joint_mov_environment::STRIKE_LOW__GRAPPLE_LOW,2024,LGBM,173,NORMAL,62,MODERATE_UNCERTAINTY,38,24,0.61290322580645162,0.38709677419354838,0.64826903115382639,0.35173096884617361,0.035365805347374768,0.65994668962629566,0.23472435586020476,-0.035751894291000584,-0.012613073323406615,"{""2024"": 62}","{""2024"": 173}",36,"[0.48847843539018354, 0.7241535483288614]"
terrain,joint_mov_environment::STRIKE_LOW__GRAPPLE_LOW,2025,LGBM,163,NORMAL,70,MODERATE_UNCERTAINTY,40,30,0.5714285714285714,0.42857142857142855,0.64915624330082566,0.35084375669917434,0.077727671872254267,0.68800982387575682,0.24608232609062516,-0.0022137930876228473,0.00050283106703072659,"{""2025"": 70}","{""2025"": 163}",33,"[0.45477836559850204, 0.6806469112000313]"
terrain,joint_mov_environment::STRIKE_LOW__GRAPPLE_LOW,2026,LGBM,91,MODERATE_UNCERTAINTY,46,THIN_EXPLORATORY,26,20,0.56521739130434778,0.43478260869565216,0.64986012065951482,0.35013987934048518,0.084642729355167035,0.7095127217099011,0.25221662229396119,0.022101913925258895,0.0050719088969312428,"{""2026"": 46}","{""2026"": 91}",23,"[0.4224743369429499, 0.6979073722198005]"
terrain,joint_mov_environment::STRIKE_LOW__GRAPPLE_LOW,2018,CAT,180,NORMAL,75,MODERATE_UNCERTAINTY,49,26,0.65333333333333332,0.34666666666666668,0.68031426215186708,0.31968573784813292,0.026980928818533756,0.60834861738631396,0.21096961824514188,-0.050878141446971586,-0.019258684129428414,"{""2018"": 75}","{""2018"": 180}",32,"[0.5405474609420188, 0.7511772273632541]"
terrain,joint_mov_environment::STRIKE_LOW__GRAPPLE_LOW,2019,CAT,203,NORMAL,89,MODERATE_UNCERTAINTY,62,27,0.6966292134831461,0.30337078651685395,0.69261031878775858,0.30738968121224142,-0.0040188946953875204,0.60550646756250526,0.20664938618113154,-0.017543025736225317,-0.008657163231130343,"{""2019"": 89}","{""2019"": 203}",39,"[0.5946286603942715, 0.7823580914791123]"
terrain,joint_mov_environment::STRIKE_LOW__GRAPPLE_LOW,2020,CAT,174,NORMAL,81,MODERATE_UNCERTAINTY,51,30,0.62962962962962965,0.37037037037037035,0.67444482039585529,0.32555517960414471,0.044815190766225643,0.60922515182882486,0.21223020025261097,-0.023746892023143781,-0.010137813734922766,"{""2020"": 81}","{""2020"": 174}",37,"[0.5208373389089231, 0.7266831574604506]"
terrain,joint_mov_environment::STRIKE_LOW__GRAPPLE_LOW,2021,CAT,194,NORMAL,94,MODERATE_UNCERTAINTY,62,32,0.65957446808510634,0.34042553191489361,0.66290747761161961,0.33709252238838039,0.0033330095265132753,0.65478424507139932,0.2295300347519437,-0.0032522535706253903,-0.0017751827327406231,"{""2021"": 94}","{""2021"": 194}",36,"[0.5592082220071468, 0.7474102642827856]"
terrain,joint_mov_environment::STRIKE_LOW__GRAPPLE_LOW,2022,CAT,204,NORMAL,101,NORMAL,61,40,0.60396039603960394,0.39603960396039606,0.67467910893083971,0.32532089106916029,0.070718712891235769,0.65934104280679762,0.23154409251164842,-0.0047397743628975891,-0.0025952714581272155,"{""2022"": 101}","{""2022"": 204}",41,"[0.5064566738465976, 0.6938457660108579]"
terrain,joint_mov_environment::STRIKE_LOW__GRAPPLE_LOW,2023,CAT,164,NORMAL,72,MODERATE_UNCERTAINTY,42,30,0.58333333333333337,0.41666666666666669,0.66612767233040315,0.33387232766959685,0.082794338997069783,0.68557432482346359,0.24285224474213576,0.0038989024144960335,-5.8407836633160413e-05,"{""2023"": 72}","{""2023"": 164}",37,"[0.46807697931465553, 0.6901478252526017]"
terrain,joint_mov_environment::STRIKE_LOW__GRAPPLE_LOW,2024,CAT,173,NORMAL,62,MODERATE_UNCERTAINTY,38,24,0.61290322580645162,0.38709677419354838,0.6785427904839102,0.3214572095160898,0.065639564677458573,0.69475362184319445,0.24629439149406682,-0.00094496207410186303,-0.0010430376895446049,"{""2024"": 62}","{""2024"": 173}",36,"[0.48847843539018354, 0.7241535483288614]"
terrain,joint_mov_environment::STRIKE_LOW__GRAPPLE_LOW,2025,CAT,163,NORMAL,70,MODERATE_UNCERTAINTY,40,30,0.5714285714285714,0.42857142857142855,0.64616093134822139,0.35383906865177861,0.074732359919649993,0.67911719671315807,0.24237700065349849,-0.01110642025022171,-0.0032024943700958912,"{""2025"": 70}","{""2025"": 163}",33,"[0.45477836559850204, 0.6806469112000313]"
terrain,joint_mov_environment::STRIKE_LOW__GRAPPLE_LOW,2026,CAT,91,MODERATE_UNCERTAINTY,46,THIN_EXPLORATORY,26,20,0.56521739130434778,0.43478260869565216,0.64428411778485295,0.35571588221514705,0.079066726480505167,0.71063422008983124,0.25338970991915277,0.023223412305189123,0.0062449965221227982,"{""2026"": 46}","{""2026"": 91}",23,"[0.4224743369429499, 0.6979073722198005]"
terrain,joint_mov_environment::STRIKE_LOW__GRAPPLE_LOW,2018,SELECT,180,NORMAL,75,MODERATE_UNCERTAINTY,49,26,0.65333333333333332,0.34666666666666668,0.67547646204630529,0.32452353795369471,0.022143128712971971,0.59803627508160362,0.20770675310123068,-0.061190483751681873,-0.022521549273339575,"{""2018"": 75}","{""2018"": 180}",32,"[0.5405474609420188, 0.7511772273632541]"
terrain,joint_mov_environment::STRIKE_LOW__GRAPPLE_LOW,2019,SELECT,203,NORMAL,89,MODERATE_UNCERTAINTY,62,27,0.6966292134831461,0.30337078651685395,0.69394854514786364,0.30605145485213636,-0.0026806683352824656,0.61378474926200322,0.20908907899913859,-0.0092647440367273921,-0.0062174704131233169,"{""2019"": 89}","{""2019"": 203}",39,"[0.5946286603942715, 0.7823580914791123]"
terrain,joint_mov_environment::STRIKE_LOW__GRAPPLE_LOW,2020,SELECT,174,NORMAL,81,MODERATE_UNCERTAINTY,51,30,0.62962962962962965,0.37037037037037035,0.67403314281047988,0.32596685718952012,0.044403513180850229,0.60062673001329958,0.20954543486231397,-0.032345313838669093,-0.012822579125219724,"{""2020"": 81}","{""2020"": 174}",37,"[0.5208373389089231, 0.7266831574604506]"
terrain,joint_mov_environment::STRIKE_LOW__GRAPPLE_LOW,2021,SELECT,194,NORMAL,94,MODERATE_UNCERTAINTY,62,32,0.65957446808510634,0.34042553191489361,0.66290747761161961,0.33709252238838039,0.0033330095265132753,0.65478424507139932,0.2295300347519437,-0.0032522535706253903,-0.0017751827327406231,"{""2021"": 94}","{""2021"": 194}",36,"[0.5592082220071468, 0.7474102642827856]"
terrain,joint_mov_environment::STRIKE_LOW__GRAPPLE_LOW,2022,SELECT,204,NORMAL,101,NORMAL,61,40,0.60396039603960394,0.39603960396039606,0.66956969143277523,0.33043030856722477,0.065609295393171285,0.64637831398697609,0.22793722277260856,-0.017702503182719164,-0.0062021411971670886,"{""2022"": 101}","{""2022"": 204}",41,"[0.5064566738465976, 0.6938457660108579]"
terrain,joint_mov_environment::STRIKE_LOW__GRAPPLE_LOW,2023,SELECT,164,NORMAL,72,MODERATE_UNCERTAINTY,42,30,0.58333333333333337,0.41666666666666669,0.66612767233040315,0.33387232766959685,0.082794338997069783,0.68557432482346359,0.24285224474213576,0.0038989024144960335,-5.8407836633160413e-05,"{""2023"": 72}","{""2023"": 164}",37,"[0.46807697931465553, 0.6901478252526017]"
terrain,joint_mov_environment::STRIKE_LOW__GRAPPLE_LOW,2024,SELECT,173,NORMAL,62,MODERATE_UNCERTAINTY,38,24,0.61290322580645162,0.38709677419354838,0.6785427904839102,0.3214572095160898,0.065639564677458573,0.69475362184319445,0.24629439149406682,-0.00094496207410186303,-0.0010430376895446049,"{""2024"": 62}","{""2024"": 173}",36,"[0.48847843539018354, 0.7241535483288614]"
terrain,joint_mov_environment::STRIKE_LOW__GRAPPLE_LOW,2025,SELECT,163,NORMAL,70,MODERATE_UNCERTAINTY,40,30,0.5714285714285714,0.42857142857142855,0.64915624330082566,0.35084375669917434,0.077727671872254267,0.68800982387575682,0.24608232609062516,-0.0022137930876228473,0.00050283106703072659,"{""2025"": 70}","{""2025"": 163}",33,"[0.45477836559850204, 0.6806469112000313]"
terrain,joint_mov_environment::STRIKE_LOW__GRAPPLE_LOW,2026,SELECT,91,MODERATE_UNCERTAINTY,46,THIN_EXPLORATORY,26,20,0.56521739130434778,0.43478260869565216,0.64986012065951482,0.35013987934048518,0.084642729355167035,0.7095127217099011,0.25221662229396119,0.022101913925258895,0.0050719088969312428,"{""2026"": 46}","{""2026"": 91}",23,"[0.4224743369429499, 0.6979073722198005]"
terrain,joint_mov_environment::STRIKE_LOW__GRAPPLE_ONE_SIDED,2018,LINEAR_MIN,89,MODERATE_UNCERTAINTY,51,MODERATE_UNCERTAINTY,21,30,0.41176470588235292,0.58823529411764708,0.56999793640199903,0.43000206359800097,0.15823323051964611,0.70410875154077235,0.25544709618808914,0,0,"{""2018"": 51}","{""2018"": 89}",34,"[0.2875439520458094, 0.5483466279362843]"
terrain,joint_mov_environment::STRIKE_LOW__GRAPPLE_ONE_SIDED,2019,LINEAR_MIN,73,MODERATE_UNCERTAINTY,27,THIN_EXPLORATORY,14,13,0.51851851851851849,0.48148148148148145,0.54981146766648736,0.45018853233351264,0.031292949147968874,0.74545777796846568,0.26898837191626596,0,0,"{""2019"": 27}","{""2019"": 73}",22,"[0.3398561575495229, 0.6925677302378153]"
terrain,joint_mov_environment::STRIKE_LOW__GRAPPLE_ONE_SIDED,2020,LINEAR_MIN,77,MODERATE_UNCERTAINTY,38,THIN_EXPLORATORY,21,17,0.55263157894736847,0.44736842105263158,0.57268379906886335,0.42731620093113665,0.020052220121494879,0.65606457191114564,0.23253775805392429,0,0,"{""2020"": 38}","{""2020"": 77}",24,"[0.3970629712199248, 0.6985359900194876]"
terrain,joint_mov_environment::STRIKE_LOW__GRAPPLE_ONE_SIDED,2021,LINEAR_MIN,83,MODERATE_UNCERTAINTY,40,THIN_EXPLORATORY,23,17,0.57499999999999996,0.42499999999999999,0.53375059854243267,0.46624940145756733,-0.041249401457567281,0.72619360563524238,0.26352673857742037,0,0,"{""2021"": 40}","{""2021"": 83}",26,"[0.42195068541991065, 0.7149060744004962]"
terrain,joint_mov_environment::STRIKE_LOW__GRAPPLE_ONE_SIDED,2022,LINEAR_MIN,62,MODERATE_UNCERTAINTY,29,THIN_EXPLORATORY,16,13,0.55172413793103448,0.44827586206896552,0.5915764821436964,0.4084235178563036,0.039852344212661928,0.66557399626457581,0.23917008240916451,0,0,"{""2022"": 29}","{""2022"": 62}",20,"[0.37547963210970914, 0.7158683197696281]"
terrain,joint_mov_environment::STRIKE_LOW__GRAPPLE_ONE_SIDED,2023,LINEAR_MIN,83,MODERATE_UNCERTAINTY,46,THIN_EXPLORATORY,26,20,0.56521739130434778,0.43478260869565216,0.55169344914860163,0.44830655085139837,-0.013523942155746149,0.67475329291582331,0.23992820162792702,0,0,"{""2023"": 46}","{""2023"": 83}",29,"[0.4224743369429499, 0.6979073722198005]"
terrain,joint_mov_environment::STRIKE_LOW__GRAPPLE_ONE_SIDED,2024,LINEAR_MIN,74,MODERATE_UNCERTAINTY,34,THIN_EXPLORATORY,17,17,0.5,0.5,0.54357959884078444,0.45642040115921556,0.043579598840784439,0.69361603857581189,0.25061795116775393,0,0,"{""2024"": 34}","{""2024"": 74}",23,"[0.34069325645682497, 0.659306743543175]"
terrain,joint_mov_environment::STRIKE_LOW__GRAPPLE_ONE_SIDED,2025,LINEAR_MIN,84,MODERATE_UNCERTAINTY,41,THIN_EXPLORATORY,22,19,0.53658536585365857,0.46341463414634149,0.55511086595678616,0.44488913404321384,0.01852550010312759,0.62919490633667052,0.22000712199203853,0,0,"{""2025"": 41}","{""2025"": 84}",27,"[0.38746471267669474, 0.6794376602366394]"
terrain,joint_mov_environment::STRIKE_LOW__GRAPPLE_ONE_SIDED,2026,LINEAR_MIN,51,MODERATE_UNCERTAINTY,20,INSUFFICIENT,9,11,0.45000000000000001,0.55000000000000004,0.55488386100694354,0.44511613899305646,0.10488386100694352,,,,,"{""2026"": 20}","{""2026"": 51}",13,"[0.2581978582556243, 0.6579146575496577]"
terrain,joint_mov_environment::STRIKE_LOW__GRAPPLE_ONE_SIDED,2018,XGB,89,MODERATE_UNCERTAINTY,51,MODERATE_UNCERTAINTY,21,30,0.41176470588235292,0.58823529411764708,0.55336334483296268,0.44663665516703732,0.14159863895060976,0.71858162106069834,0.26178356293839028,0.014472869519925673,0.0063364667503011517,"{""2018"": 51}","{""2018"": 89}",34,"[0.2875439520458094, 0.5483466279362843]"
terrain,joint_mov_environment::STRIKE_LOW__GRAPPLE_ONE_SIDED,2019,XGB,73,MODERATE_UNCERTAINTY,27,THIN_EXPLORATORY,14,13,0.51851851851851849,0.48148148148148145,0.51694456184351889,0.48305543815648111,-0.0015739566749995992,0.67681461268610776,0.24252644662059014,-0.068643165282357754,-0.026461925295675818,"{""2019"": 27}","{""2019"": 73}",22,"[0.3398561575495229, 0.6925677302378153]"
terrain,joint_mov_environment::STRIKE_LOW__GRAPPLE_ONE_SIDED,2020,XGB,77,MODERATE_UNCERTAINTY,38,THIN_EXPLORATORY,21,17,0.55263157894736847,0.44736842105263158,0.55476003493133341,0.44523996506866659,0.0021284559839649386,0.66615252731122065,0.23589383827502203,0.010087955400075068,0.0033560802210976857,"{""2020"": 38}","{""2020"": 77}",24,"[0.3970629712199248, 0.6985359900194876]"
terrain,joint_mov_environment::STRIKE_LOW__GRAPPLE_ONE_SIDED,2021,XGB,83,MODERATE_UNCERTAINTY,40,THIN_EXPLORATORY,23,17,0.57499999999999996,0.42499999999999999,0.57775199711322789,0.42224800288677211,0.0027519971132279331,0.676756633124865,0.24433584900965344,-0.049436972510377319,-0.019190889567766926,"{""2021"": 40}","{""2021"": 83}",26,"[0.42195068541991065, 0.7149060744004962]"
terrain,joint_mov_environment::STRIKE_LOW__GRAPPLE_ONE_SIDED,2022,XGB,62,MODERATE_UNCERTAINTY,29,THIN_EXPLORATORY,16,13,0.55172413793103448,0.44827586206896552,0.59932262424764959,0.40067737575235041,0.047598486316615118,0.70368409408122201,0.2539173772885937,0.038110097816645996,0.014747294879429195,"{""2022"": 29}","{""2022"": 62}",20,"[0.37547963210970914, 0.7158683197696281]"
terrain,joint_mov_environment::STRIKE_LOW__GRAPPLE_ONE_SIDED,2023,XGB,83,MODERATE_UNCERTAINTY,46,THIN_EXPLORATORY,26,20,0.56521739130434778,0.43478260869565216,0.58533208979212714,0.41466791020787286,0.020114698487779359,0.70189148967277259,0.25276928621091327,0.027138196756949347,0.012841084582986249,"{""2023"": 46}","{""2023"": 83}",29,"[0.4224743369429499, 0.6979073722198005]"
terrain,joint_mov_environment::STRIKE_LOW__GRAPPLE_ONE_SIDED,2024,XGB,74,MODERATE_UNCERTAINTY,34,THIN_EXPLORATORY,17,17,0.5,0.5,0.56200907949139089,0.43799092050860911,0.062009079491390895,0.69560024847913748,0.25137815881910536,0.0019842099033255066,0.00076020765135145524,"{""2024"": 34}","{""2024"": 74}",23,"[0.34069325645682497, 0.659306743543175]"
terrain,joint_mov_environment::STRIKE_LOW__GRAPPLE_ONE_SIDED,2025,XGB,84,MODERATE_UNCERTAINTY,41,THIN_EXPLORATORY,22,19,0.53658536585365857,0.46341463414634149,0.55322073727119259,0.44677926272880741,0.016635371417534017,0.66036560387848653,0.23311761601362374,0.031170697541816086,0.013110494021585215,"{""2025"": 41}","{""2025"": 84}",27,"[0.38746471267669474, 0.6794376602366394]"
terrain,joint_mov_environment::STRIKE_LOW__GRAPPLE_ONE_SIDED,2026,XGB,51,MODERATE_UNCERTAINTY,20,INSUFFICIENT,9,11,0.45000000000000001,0.55000000000000004,0.56484494209289549,0.43515505790710451,0.11484494209289547,,,,,"{""2026"": 20}","{""2026"": 51}",13,"[0.2581978582556243, 0.6579146575496577]"
terrain,joint_mov_environment::STRIKE_LOW__GRAPPLE_ONE_SIDED,2018,LGBM,89,MODERATE_UNCERTAINTY,51,MODERATE_UNCERTAINTY,21,30,0.41176470588235292,0.58823529411764708,0.53144656666472212,0.46855343333527788,0.1196818607823692,0.69343726011394868,0.24991325725655136,-0.010671491426823722,-0.0055338389315377516,"{""2018"": 51}","{""2018"": 89}",34,"[0.2875439520458094, 0.5483466279362843]"
terrain,joint_mov_environment::STRIKE_LOW__GRAPPLE_ONE_SIDED,2019,LGBM,73,MODERATE_UNCERTAINTY,27,THIN_EXPLORATORY,14,13,0.51851851851851849,0.48148148148148145,0.51990487735049506,0.48009512264950494,0.0013863588319765752,0.67031988780309437,0.23915692291264712,-0.075137890165371299,-0.029831449003618869,"{""2019"": 27}","{""2019"": 73}",22,"[0.3398561575495229, 0.6925677302378153]"
terrain,joint_mov_environment::STRIKE_LOW__GRAPPLE_ONE_SIDED,2020,LGBM,77,MODERATE_UNCERTAINTY,38,THIN_EXPLORATORY,21,17,0.55263157894736847,0.44736842105263158,0.54138517671066799,0.45861482328933201,-0.011246402236700481,0.68016044162883427,0.24266979232724223,0.024095869717688827,0.010132034273317846,"{""2020"": 38}","{""2020"": 77}",24,"[0.3970629712199248, 0.6985359900194876]"
terrain,joint_mov_environment::STRIKE_LOW__GRAPPLE_ONE_SIDED,2021,LGBM,83,MODERATE_UNCERTAINTY,40,THIN_EXPLORATORY,23,17,0.57499999999999996,0.42499999999999999,0.57781300073055353,0.42218699926944647,0.002813000730553572,0.67115945256880705,0.24159426533275599,-0.055034153066435276,-0.021932473244664352,"{""2021"": 40}","{""2021"": 83}",26,"[0.42195068541991065, 0.7149060744004962]"
terrain,joint_mov_environment::STRIKE_LOW__GRAPPLE_ONE_SIDED,2022,LGBM,62,MODERATE_UNCERTAINTY,29,THIN_EXPLORATORY,16,13,0.55172413793103448,0.44827586206896552,0.60986380510957716,0.39013619489042284,0.058139667178542687,0.70142726793923693,0.25158967364684848,0.035853271674661104,0.01241959123768393,"{""2022"": 29}","{""2022"": 62}",20,"[0.37547963210970914, 0.7158683197696281]"
terrain,joint_mov_environment::STRIKE_LOW__GRAPPLE_ONE_SIDED,2023,LGBM,83,MODERATE_UNCERTAINTY,46,THIN_EXPLORATORY,26,20,0.56521739130434778,0.43478260869565216,0.58405943970952112,0.41594056029047888,0.018842048405173339,0.69614407303528159,0.2500908610905927,0.021390780119458431,0.010162659462665688,"{""2023"": 46}","{""2023"": 83}",29,"[0.4224743369429499, 0.6979073722198005]"
terrain,joint_mov_environment::STRIKE_LOW__GRAPPLE_ONE_SIDED,2024,LGBM,74,MODERATE_UNCERTAINTY,34,THIN_EXPLORATORY,17,17,0.5,0.5,0.56278858185148672,0.43721141814851328,0.062788581851486724,0.68433268835867589,0.24601079428768965,-0.0092833502171359786,-0.0046071568800642648,"{""2024"": 34}","{""2024"": 74}",23,"[0.34069325645682497, 0.659306743543175]"
terrain,joint_mov_environment::STRIKE_LOW__GRAPPLE_ONE_SIDED,2025,LGBM,84,MODERATE_UNCERTAINTY,41,THIN_EXPLORATORY,22,19,0.53658536585365857,0.46341463414634149,0.55389046415688425,0.44610953584311575,0.017305098303225686,0.65794462451132563,0.23199286511951564,0.028749718174655024,0.011985743127477114,"{""2025"": 41}","{""2025"": 84}",27,"[0.38746471267669474, 0.6794376602366394]"
terrain,joint_mov_environment::STRIKE_LOW__GRAPPLE_ONE_SIDED,2026,LGBM,51,MODERATE_UNCERTAINTY,20,INSUFFICIENT,9,11,0.45000000000000001,0.55000000000000004,0.54312247732923635,0.45687752267076365,0.093122477329236342,,,,,"{""2026"": 20}","{""2026"": 51}",13,"[0.2581978582556243, 0.6579146575496577]"
terrain,joint_mov_environment::STRIKE_LOW__GRAPPLE_ONE_SIDED,2018,CAT,89,MODERATE_UNCERTAINTY,51,MODERATE_UNCERTAINTY,21,30,0.41176470588235292,0.58823529411764708,0.54443549366644906,0.45556450633355094,0.13267078778409613,0.68710691001346791,0.24694800692399965,-0.01700184152730469,-0.0084990892640895467,"{""2018"": 51}","{""2018"": 89}",34,"[0.2875439520458094, 0.5483466279362843]"
terrain,joint_mov_environment::STRIKE_LOW__GRAPPLE_ONE_SIDED,2019,CAT,73,MODERATE_UNCERTAINTY,27,THIN_EXPLORATORY,14,13,0.51851851851851849,0.48148148148148145,0.54634991443183345,0.45365008556816655,0.02783139591331496,0.6670038030896942,0.23782676597619029,-0.078453974878771218,-0.031161605940075731,"{""2019"": 27}","{""2019"": 73}",22,"[0.3398561575495229, 0.6925677302378153]"
terrain,joint_mov_environment::STRIKE_LOW__GRAPPLE_ONE_SIDED,2020,CAT,77,MODERATE_UNCERTAINTY,38,THIN_EXPLORATORY,21,17,0.55263157894736847,0.44736842105263158,0.54787108827000741,0.45212891172999259,-0.0047604906773610622,0.67808544483391486,0.24084658278091015,0.022020872922769157,0.0083088247269858147,"{""2020"": 38}","{""2020"": 77}",24,"[0.3970629712199248, 0.6985359900194876]"
terrain,joint_mov_environment::STRIKE_LOW__GRAPPLE_ONE_SIDED,2021,CAT,83,MODERATE_UNCERTAINTY,40,THIN_EXPLORATORY,23,17,0.57499999999999996,0.42499999999999999,0.54453958904049338,0.45546041095950662,-0.030460410959506579,0.6888350058838244,0.24906665748216109,-0.037358599751418031,-0.014460081095259278,"{""2021"": 40}","{""2021"": 83}",26,"[0.42195068541991065, 0.7149060744004962]"
terrain,joint_mov_environment::STRIKE_LOW__GRAPPLE_ONE_SIDED,2022,CAT,62,MODERATE_UNCERTAINTY,29,THIN_EXPLORATORY,16,13,0.55172413793103448,0.44827586206896552,0.61264453304383393,0.38735546695616607,0.060920395112799453,0.67175413362071901,0.23893169958601912,0.0061801373561432161,-0.00023838282314539056,"{""2022"": 29}","{""2022"": 62}",20,"[0.37547963210970914, 0.7158683197696281]"
terrain,joint_mov_environment::STRIKE_LOW__GRAPPLE_ONE_SIDED,2023,CAT,83,MODERATE_UNCERTAINTY,46,THIN_EXPLORATORY,26,20,0.56521739130434778,0.43478260869565216,0.57882336708474369,0.42117663291525631,0.013605975780395907,0.7124741950437723,0.25771959834464897,0.037720902127949006,0.017791396716721891,"{""2023"": 46}","{""2023"": 83}",29,"[0.4224743369429499, 0.6979073722198005]"
terrain,joint_mov_environment::STRIKE_LOW__GRAPPLE_ONE_SIDED,2024,CAT,74,MODERATE_UNCERTAINTY,34,THIN_EXPLORATORY,17,17,0.5,0.5,0.5720463500799573,0.4279536499200427,0.0720463500799573,0.70350326671592289,0.25600009872742235,0.0098872281401110387,0.0053821475596683918,"{""2024"": 34}","{""2024"": 74}",23,"[0.34069325645682497, 0.659306743543175]"
terrain,joint_mov_environment::STRIKE_LOW__GRAPPLE_ONE_SIDED,2025,CAT,84,MODERATE_UNCERTAINTY,41,THIN_EXPLORATORY,22,19,0.53658536585365857,0.46341463414634149,0.55627315742364702,0.44372684257635298,0.019687791569988455,0.67677387838845715,0.24125601219538811,0.047578972051786593,0.02124889020334958,"{""2025"": 41}","{""2025"": 84}",27,"[0.38746471267669474, 0.6794376602366394]"
terrain,joint_mov_environment::STRIKE_LOW__GRAPPLE_ONE_SIDED,2026,CAT,51,MODERATE_UNCERTAINTY,20,INSUFFICIENT,9,11,0.45000000000000001,0.55000000000000004,0.56226447183071637,0.43773552816928363,0.11226447183071636,,,,,"{""2026"": 20}","{""2026"": 51}",13,"[0.2581978582556243, 0.6579146575496577]"
terrain,joint_mov_environment::STRIKE_LOW__GRAPPLE_ONE_SIDED,2018,SELECT,89,MODERATE_UNCERTAINTY,51,MODERATE_UNCERTAINTY,21,30,0.41176470588235292,0.58823529411764708,0.55336334483296268,0.44663665516703732,0.14159863895060976,0.71858162106069834,0.26178356293839028,0.014472869519925673,0.0063364667503011517,"{""2018"": 51}","{""2018"": 89}",34,"[0.2875439520458094, 0.5483466279362843]"
terrain,joint_mov_environment::STRIKE_LOW__GRAPPLE_ONE_SIDED,2019,SELECT,73,MODERATE_UNCERTAINTY,27,THIN_EXPLORATORY,14,13,0.51851851851851849,0.48148148148148145,0.51694456184351889,0.48305543815648111,-0.0015739566749995992,0.67681461268610776,0.24252644662059014,-0.068643165282357754,-0.026461925295675818,"{""2019"": 27}","{""2019"": 73}",22,"[0.3398561575495229, 0.6925677302378153]"
terrain,joint_mov_environment::STRIKE_LOW__GRAPPLE_ONE_SIDED,2020,SELECT,77,MODERATE_UNCERTAINTY,38,THIN_EXPLORATORY,21,17,0.55263157894736847,0.44736842105263158,0.54138517671066799,0.45861482328933201,-0.011246402236700481,0.68016044162883427,0.24266979232724223,0.024095869717688827,0.010132034273317846,"{""2020"": 38}","{""2020"": 77}",24,"[0.3970629712199248, 0.6985359900194876]"
terrain,joint_mov_environment::STRIKE_LOW__GRAPPLE_ONE_SIDED,2021,SELECT,83,MODERATE_UNCERTAINTY,40,THIN_EXPLORATORY,23,17,0.57499999999999996,0.42499999999999999,0.54453958904049338,0.45546041095950662,-0.030460410959506579,0.6888350058838244,0.24906665748216109,-0.037358599751418031,-0.014460081095259278,"{""2021"": 40}","{""2021"": 83}",26,"[0.42195068541991065, 0.7149060744004962]"
terrain,joint_mov_environment::STRIKE_LOW__GRAPPLE_ONE_SIDED,2022,SELECT,62,MODERATE_UNCERTAINTY,29,THIN_EXPLORATORY,16,13,0.55172413793103448,0.44827586206896552,0.60986380510957716,0.39013619489042284,0.058139667178542687,0.70142726793923693,0.25158967364684848,0.035853271674661104,0.01241959123768393,"{""2022"": 29}","{""2022"": 62}",20,"[0.37547963210970914, 0.7158683197696281]"
terrain,joint_mov_environment::STRIKE_LOW__GRAPPLE_ONE_SIDED,2023,SELECT,83,MODERATE_UNCERTAINTY,46,THIN_EXPLORATORY,26,20,0.56521739130434778,0.43478260869565216,0.57882336708474369,0.42117663291525631,0.013605975780395907,0.7124741950437723,0.25771959834464897,0.037720902127949006,0.017791396716721891,"{""2023"": 46}","{""2023"": 83}",29,"[0.4224743369429499, 0.6979073722198005]"
terrain,joint_mov_environment::STRIKE_LOW__GRAPPLE_ONE_SIDED,2024,SELECT,74,MODERATE_UNCERTAINTY,34,THIN_EXPLORATORY,17,17,0.5,0.5,0.5720463500799573,0.4279536499200427,0.0720463500799573,0.70350326671592289,0.25600009872742235,0.0098872281401110387,0.0053821475596683918,"{""2024"": 34}","{""2024"": 74}",23,"[0.34069325645682497, 0.659306743543175]"
terrain,joint_mov_environment::STRIKE_LOW__GRAPPLE_ONE_SIDED,2025,SELECT,84,MODERATE_UNCERTAINTY,41,THIN_EXPLORATORY,22,19,0.53658536585365857,0.46341463414634149,0.55389046415688425,0.44610953584311575,0.017305098303225686,0.65794462451132563,0.23199286511951564,0.028749718174655024,0.011985743127477114,"{""2025"": 41}","{""2025"": 84}",27,"[0.38746471267669474, 0.6794376602366394]"
terrain,joint_mov_environment::STRIKE_LOW__GRAPPLE_ONE_SIDED,2026,SELECT,51,MODERATE_UNCERTAINTY,20,INSUFFICIENT,9,11,0.45000000000000001,0.55000000000000004,0.54312247732923635,0.45687752267076365,0.093122477329236342,,,,,"{""2026"": 20}","{""2026"": 51}",13,"[0.2581978582556243, 0.6579146575496577]"
terrain,joint_mov_environment::STRIKE_LOW__GRAPPLE_TWO_SIDED,2018,LINEAR_MIN,18,INSUFFICIENT,12,INSUFFICIENT,10,2,0.83333333333333337,0.16666666666666666,0.55011879224185778,0.44988120775814222,-0.28321454109147559,,,,,"{""2018"": 12}","{""2018"": 18}",10,"[0.5519691377470266, 0.9530348578161463]"
terrain,joint_mov_environment::STRIKE_LOW__GRAPPLE_TWO_SIDED,2019,LINEAR_MIN,13,INSUFFICIENT,8,INSUFFICIENT,3,5,0.375,0.625,0.479238276243938,0.520761723756062,0.104238276243938,,,,,"{""2019"": 8}","{""2019"": 13}",8,"[0.13684428582359742, 0.6942576053973727]"
terrain,joint_mov_environment::STRIKE_LOW__GRAPPLE_TWO_SIDED,2020,LINEAR_MIN,10,INSUFFICIENT,6,INSUFFICIENT,3,3,0.5,0.5,0.53767061367135294,0.46232938632864706,0.037670613671352937,,,,,"{""2020"": 6}","{""2020"": 10}",6,"[0.1876163064826506, 0.8123836935173494]"
terrain,joint_mov_environment::STRIKE_LOW__GRAPPLE_TWO_SIDED,2021,LINEAR_MIN,10,INSUFFICIENT,5,INSUFFICIENT,3,2,0.59999999999999998,0.40000000000000002,0.46212817635981984,0.53787182364018016,-0.13787182364018014,,,,,"{""2021"": 5}","{""2021"": 10}",4,"[0.2307242812760128, 0.882379225767352]"
terrain,joint_mov_environment::STRIKE_LOW__GRAPPLE_TWO_SIDED,2022,LINEAR_MIN,15,INSUFFICIENT,12,INSUFFICIENT,5,7,0.41666666666666669,0.58333333333333337,0.48074210799558542,0.51925789200441463,0.064075441328918736,,,,,"{""2022"": 12}","{""2022"": 15}",11,"[0.19326031365875665, 0.6804886874504503]"
terrain,joint_mov_environment::STRIKE_LOW__GRAPPLE_TWO_SIDED,2023,LINEAR_MIN,10,INSUFFICIENT,9,INSUFFICIENT,2,7,0.22222222222222221,0.77777777777777779,0.44551034916188242,0.55448965083811763,0.22328812693966021,,,,,"{""2023"": 9}","{""2023"": 10}",9,"[0.06322510711784671, 0.5474110308930111]"
terrain,joint_mov_environment::STRIKE_LOW__GRAPPLE_TWO_SIDED,2024,LINEAR_MIN,11,INSUFFICIENT,5,INSUFFICIENT,1,4,0.20000000000000001,0.80000000000000004,0.43046121108162261,0.56953878891837739,0.2304612110816226,,,,,"{""2024"": 5}","{""2024"": 11}",5,"[0.03622410863243014, 0.6244653702374747]"
terrain,joint_mov_environment::STRIKE_LOW__GRAPPLE_TWO_SIDED,2025,LINEAR_MIN,15,INSUFFICIENT,7,INSUFFICIENT,3,4,0.42857142857142855,0.5714285714285714,0.42802007381872303,0.57197992618127702,-0.00055135475270551293,,,,,"{""2025"": 7}","{""2025"": 15}",6,"[0.15821985525146975, 0.7495416354723428]"
terrain,joint_mov_environment::STRIKE_LOW__GRAPPLE_TWO_SIDED,2026,LINEAR_MIN,8,INSUFFICIENT,4,INSUFFICIENT,1,3,0.25,0.75,0.39839454968882249,0.60160545031117751,0.14839454968882249,,,,,"{""2026"": 4}","{""2026"": 8}",4,"[0.04558726080970055, 0.6993581574175981]"
terrain,joint_mov_environment::STRIKE_LOW__GRAPPLE_TWO_SIDED,2018,XGB,18,INSUFFICIENT,12,INSUFFICIENT,10,2,0.83333333333333337,0.16666666666666666,0.56670617063840234,0.43329382936159766,-0.26662716269493103,,,,,"{""2018"": 12}","{""2018"": 18}",10,"[0.5519691377470266, 0.9530348578161463]"
terrain,joint_mov_environment::STRIKE_LOW__GRAPPLE_TWO_SIDED,2019,XGB,13,INSUFFICIENT,8,INSUFFICIENT,3,5,0.375,0.625,0.44818995147943497,0.55181004852056503,0.073189951479434967,,,,,"{""2019"": 8}","{""2019"": 13}",8,"[0.13684428582359742, 0.6942576053973727]"
terrain,joint_mov_environment::STRIKE_LOW__GRAPPLE_TWO_SIDED,2020,XGB,10,INSUFFICIENT,6,INSUFFICIENT,3,3,0.5,0.5,0.58786199986934662,0.41213800013065338,0.087861999869346619,,,,,"{""2020"": 6}","{""2020"": 10}",6,"[0.1876163064826506, 0.8123836935173494]"
terrain,joint_mov_environment::STRIKE_LOW__GRAPPLE_TWO_SIDED,2021,XGB,10,INSUFFICIENT,5,INSUFFICIENT,3,2,0.59999999999999998,0.40000000000000002,0.48680822849273681,0.51319177150726314,-0.11319177150726317,,,,,"{""2021"": 5}","{""2021"": 10}",4,"[0.2307242812760128, 0.882379225767352]"
terrain,joint_mov_environment::STRIKE_LOW__GRAPPLE_TWO_SIDED,2022,XGB,15,INSUFFICIENT,12,INSUFFICIENT,5,7,0.41666666666666669,0.58333333333333337,0.54267724603414536,0.45732275396585464,0.12601057936747867,,,,,"{""2022"": 12}","{""2022"": 15}",11,"[0.19326031365875665, 0.6804886874504503]"
terrain,joint_mov_environment::STRIKE_LOW__GRAPPLE_TWO_SIDED,2023,XGB,10,INSUFFICIENT,9,INSUFFICIENT,2,7,0.22222222222222221,0.77777777777777779,0.50896267427338493,0.49103732572661507,0.28674045205116272,,,,,"{""2023"": 9}","{""2023"": 10}",9,"[0.06322510711784671, 0.5474110308930111]"
terrain,joint_mov_environment::STRIKE_LOW__GRAPPLE_TWO_SIDED,2024,XGB,11,INSUFFICIENT,5,INSUFFICIENT,1,4,0.20000000000000001,0.80000000000000004,0.49303050041198732,0.50696949958801274,0.2930305004119873,,,,,"{""2024"": 5}","{""2024"": 11}",5,"[0.03622410863243014, 0.6244653702374747]"
terrain,joint_mov_environment::STRIKE_LOW__GRAPPLE_TWO_SIDED,2025,XGB,15,INSUFFICIENT,7,INSUFFICIENT,3,4,0.42857142857142855,0.5714285714285714,0.54273137024470741,0.45726862975529259,0.11415994167327886,,,,,"{""2025"": 7}","{""2025"": 15}",6,"[0.15821985525146975, 0.7495416354723428]"
terrain,joint_mov_environment::STRIKE_LOW__GRAPPLE_TWO_SIDED,2026,XGB,8,INSUFFICIENT,4,INSUFFICIENT,1,3,0.25,0.75,0.52310433611273766,0.47689566388726234,0.27310433611273766,,,,,"{""2026"": 4}","{""2026"": 8}",4,"[0.04558726080970055, 0.6993581574175981]"
terrain,joint_mov_environment::STRIKE_LOW__GRAPPLE_TWO_SIDED,2018,LGBM,18,INSUFFICIENT,12,INSUFFICIENT,10,2,0.83333333333333337,0.16666666666666666,0.56714408358577895,0.43285591641422105,-0.26618924974755442,,,,,"{""2018"": 12}","{""2018"": 18}",10,"[0.5519691377470266, 0.9530348578161463]"
terrain,joint_mov_environment::STRIKE_LOW__GRAPPLE_TWO_SIDED,2019,LGBM,13,INSUFFICIENT,8,INSUFFICIENT,3,5,0.375,0.625,0.46011598731838665,0.53988401268161335,0.085115987318386654,,,,,"{""2019"": 8}","{""2019"": 13}",8,"[0.13684428582359742, 0.6942576053973727]"
terrain,joint_mov_environment::STRIKE_LOW__GRAPPLE_TWO_SIDED,2020,LGBM,10,INSUFFICIENT,6,INSUFFICIENT,3,3,0.5,0.5,0.60125921874577337,0.39874078125422663,0.10125921874577337,,,,,"{""2020"": 6}","{""2020"": 10}",6,"[0.1876163064826506, 0.8123836935173494]"
terrain,joint_mov_environment::STRIKE_LOW__GRAPPLE_TWO_SIDED,2021,LGBM,10,INSUFFICIENT,5,INSUFFICIENT,3,2,0.59999999999999998,0.40000000000000002,0.49693191907019135,0.5030680809298087,-0.10306808092980863,,,,,"{""2021"": 5}","{""2021"": 10}",4,"[0.2307242812760128, 0.882379225767352]"
terrain,joint_mov_environment::STRIKE_LOW__GRAPPLE_TWO_SIDED,2022,LGBM,15,INSUFFICIENT,12,INSUFFICIENT,5,7,0.41666666666666669,0.58333333333333337,0.54053974298826579,0.45946025701173421,0.12387307632159911,,,,,"{""2022"": 12}","{""2022"": 15}",11,"[0.19326031365875665, 0.6804886874504503]"
terrain,joint_mov_environment::STRIKE_LOW__GRAPPLE_TWO_SIDED,2023,LGBM,10,INSUFFICIENT,9,INSUFFICIENT,2,7,0.22222222222222221,0.77777777777777779,0.50845769369479221,0.49154230630520779,0.28623547147257,,,,,"{""2023"": 9}","{""2023"": 10}",9,"[0.06322510711784671, 0.5474110308930111]"
terrain,joint_mov_environment::STRIKE_LOW__GRAPPLE_TWO_SIDED,2024,LGBM,11,INSUFFICIENT,5,INSUFFICIENT,1,4,0.20000000000000001,0.80000000000000004,0.50647753144479257,0.49352246855520743,0.30647753144479256,,,,,"{""2024"": 5}","{""2024"": 11}",5,"[0.03622410863243014, 0.6244653702374747]"
terrain,joint_mov_environment::STRIKE_LOW__GRAPPLE_TWO_SIDED,2025,LGBM,15,INSUFFICIENT,7,INSUFFICIENT,3,4,0.42857142857142855,0.5714285714285714,0.55264855009865255,0.44735144990134745,0.124077121527224,,,,,"{""2025"": 7}","{""2025"": 15}",6,"[0.15821985525146975, 0.7495416354723428]"
terrain,joint_mov_environment::STRIKE_LOW__GRAPPLE_TWO_SIDED,2026,LGBM,8,INSUFFICIENT,4,INSUFFICIENT,1,3,0.25,0.75,0.51568185535543143,0.48431814464456857,0.26568185535543143,,,,,"{""2026"": 4}","{""2026"": 8}",4,"[0.04558726080970055, 0.6993581574175981]"
terrain,joint_mov_environment::STRIKE_LOW__GRAPPLE_TWO_SIDED,2018,CAT,18,INSUFFICIENT,12,INSUFFICIENT,10,2,0.83333333333333337,0.16666666666666666,0.55271855139716586,0.44728144860283414,-0.28061478193616751,,,,,"{""2018"": 12}","{""2018"": 18}",10,"[0.5519691377470266, 0.9530348578161463]"
terrain,joint_mov_environment::STRIKE_LOW__GRAPPLE_TWO_SIDED,2019,CAT,13,INSUFFICIENT,8,INSUFFICIENT,3,5,0.375,0.625,0.47878208181713333,0.52121791818286667,0.10378208181713333,,,,,"{""2019"": 8}","{""2019"": 13}",8,"[0.13684428582359742, 0.6942576053973727]"
terrain,joint_mov_environment::STRIKE_LOW__GRAPPLE_TWO_SIDED,2020,CAT,10,INSUFFICIENT,6,INSUFFICIENT,3,3,0.5,0.5,0.56122188043339738,0.43877811956660262,0.06122188043339738,,,,,"{""2020"": 6}","{""2020"": 10}",6,"[0.1876163064826506, 0.8123836935173494]"
terrain,joint_mov_environment::STRIKE_LOW__GRAPPLE_TWO_SIDED,2021,CAT,10,INSUFFICIENT,5,INSUFFICIENT,3,2,0.59999999999999998,0.40000000000000002,0.42604650078406764,0.57395349921593231,-0.17395349921593234,,,,,"{""2021"": 5}","{""2021"": 10}",4,"[0.2307242812760128, 0.882379225767352]"
terrain,joint_mov_environment::STRIKE_LOW__GRAPPLE_TWO_SIDED,2022,CAT,15,INSUFFICIENT,12,INSUFFICIENT,5,7,0.41666666666666669,0.58333333333333337,0.52406560578066885,0.47593439421933115,0.10739893911400217,,,,,"{""2022"": 12}","{""2022"": 15}",11,"[0.19326031365875665, 0.6804886874504503]"
terrain,joint_mov_environment::STRIKE_LOW__GRAPPLE_TWO_SIDED,2023,CAT,10,INSUFFICIENT,9,INSUFFICIENT,2,7,0.22222222222222221,0.77777777777777779,0.48077838036237086,0.51922161963762914,0.25855615814014865,,,,,"{""2023"": 9}","{""2023"": 10}",9,"[0.06322510711784671, 0.5474110308930111]"
terrain,joint_mov_environment::STRIKE_LOW__GRAPPLE_TWO_SIDED,2024,CAT,11,INSUFFICIENT,5,INSUFFICIENT,1,4,0.20000000000000001,0.80000000000000004,0.42753012456073697,0.57246987543926298,0.22753012456073696,,,,,"{""2024"": 5}","{""2024"": 11}",5,"[0.03622410863243014, 0.6244653702374747]"
terrain,joint_mov_environment::STRIKE_LOW__GRAPPLE_TWO_SIDED,2025,CAT,15,INSUFFICIENT,7,INSUFFICIENT,3,4,0.42857142857142855,0.5714285714285714,0.55496051492576182,0.44503948507423818,0.12638908635433327,,,,,"{""2025"": 7}","{""2025"": 15}",6,"[0.15821985525146975, 0.7495416354723428]"
terrain,joint_mov_environment::STRIKE_LOW__GRAPPLE_TWO_SIDED,2026,CAT,8,INSUFFICIENT,4,INSUFFICIENT,1,3,0.25,0.75,0.51929390303073641,0.48070609696926359,0.26929390303073641,,,,,"{""2026"": 4}","{""2026"": 8}",4,"[0.04558726080970055, 0.6993581574175981]"
terrain,joint_mov_environment::STRIKE_LOW__GRAPPLE_TWO_SIDED,2018,SELECT,18,INSUFFICIENT,12,INSUFFICIENT,10,2,0.83333333333333337,0.16666666666666666,0.56670617063840234,0.43329382936159766,-0.26662716269493103,,,,,"{""2018"": 12}","{""2018"": 18}",10,"[0.5519691377470266, 0.9530348578161463]"
terrain,joint_mov_environment::STRIKE_LOW__GRAPPLE_TWO_SIDED,2019,SELECT,13,INSUFFICIENT,8,INSUFFICIENT,3,5,0.375,0.625,0.44818995147943497,0.55181004852056503,0.073189951479434967,,,,,"{""2019"": 8}","{""2019"": 13}",8,"[0.13684428582359742, 0.6942576053973727]"
terrain,joint_mov_environment::STRIKE_LOW__GRAPPLE_TWO_SIDED,2020,SELECT,10,INSUFFICIENT,6,INSUFFICIENT,3,3,0.5,0.5,0.60125921874577337,0.39874078125422663,0.10125921874577337,,,,,"{""2020"": 6}","{""2020"": 10}",6,"[0.1876163064826506, 0.8123836935173494]"
terrain,joint_mov_environment::STRIKE_LOW__GRAPPLE_TWO_SIDED,2021,SELECT,10,INSUFFICIENT,5,INSUFFICIENT,3,2,0.59999999999999998,0.40000000000000002,0.42604650078406764,0.57395349921593231,-0.17395349921593234,,,,,"{""2021"": 5}","{""2021"": 10}",4,"[0.2307242812760128, 0.882379225767352]"
terrain,joint_mov_environment::STRIKE_LOW__GRAPPLE_TWO_SIDED,2022,SELECT,15,INSUFFICIENT,12,INSUFFICIENT,5,7,0.41666666666666669,0.58333333333333337,0.54053974298826579,0.45946025701173421,0.12387307632159911,,,,,"{""2022"": 12}","{""2022"": 15}",11,"[0.19326031365875665, 0.6804886874504503]"
terrain,joint_mov_environment::STRIKE_LOW__GRAPPLE_TWO_SIDED,2023,SELECT,10,INSUFFICIENT,9,INSUFFICIENT,2,7,0.22222222222222221,0.77777777777777779,0.48077838036237086,0.51922161963762914,0.25855615814014865,,,,,"{""2023"": 9}","{""2023"": 10}",9,"[0.06322510711784671, 0.5474110308930111]"
terrain,joint_mov_environment::STRIKE_LOW__GRAPPLE_TWO_SIDED,2024,SELECT,11,INSUFFICIENT,5,INSUFFICIENT,1,4,0.20000000000000001,0.80000000000000004,0.42753012456073697,0.57246987543926298,0.22753012456073696,,,,,"{""2024"": 5}","{""2024"": 11}",5,"[0.03622410863243014, 0.6244653702374747]"
terrain,joint_mov_environment::STRIKE_LOW__GRAPPLE_TWO_SIDED,2025,SELECT,15,INSUFFICIENT,7,INSUFFICIENT,3,4,0.42857142857142855,0.5714285714285714,0.55264855009865255,0.44735144990134745,0.124077121527224,,,,,"{""2025"": 7}","{""2025"": 15}",6,"[0.15821985525146975, 0.7495416354723428]"
terrain,joint_mov_environment::STRIKE_LOW__GRAPPLE_TWO_SIDED,2026,SELECT,8,INSUFFICIENT,4,INSUFFICIENT,1,3,0.25,0.75,0.51568185535543143,0.48431814464456857,0.26568185535543143,,,,,"{""2026"": 4}","{""2026"": 8}",4,"[0.04558726080970055, 0.6993581574175981]"
terrain,joint_mov_environment::STRIKE_ONE_SIDED__GRAPPLE_LOW,2018,LINEAR_MIN,69,MODERATE_UNCERTAINTY,40,THIN_EXPLORATORY,34,6,0.84999999999999998,0.14999999999999999,0.75800481284235677,0.24199518715764323,-0.09199518715764321,0.3411884888493899,0.095213071532748259,0,0,"{""2018"": 40}","{""2018"": 69}",23,"[0.709276756335103, 0.9293881228267964]"
terrain,joint_mov_environment::STRIKE_ONE_SIDED__GRAPPLE_LOW,2019,LINEAR_MIN,68,MODERATE_UNCERTAINTY,36,THIN_EXPLORATORY,30,6,0.83333333333333337,0.16666666666666666,0.75189764288800975,0.24810235711199025,-0.081435690445323616,0.47892502242011908,0.15252329797778921,0,0,"{""2019"": 36}","{""2019"": 68}",24,"[0.6810920568872054, 0.9212955240498188]"
terrain,joint_mov_environment::STRIKE_ONE_SIDED__GRAPPLE_LOW,2020,LINEAR_MIN,66,MODERATE_UNCERTAINTY,30,THIN_EXPLORATORY,22,8,0.73333333333333328,0.26666666666666666,0.71487090916162199,0.28512909083837801,-0.018462424171711289,0.55316256141527365,0.19119772240188374,0,0,"{""2020"": 30}","{""2020"": 66}",21,"[0.555520383048111, 0.8581733668040368]"
terrain,joint_mov_environment::STRIKE_ONE_SIDED__GRAPPLE_LOW,2021,LINEAR_MIN,84,MODERATE_UNCERTAINTY,39,THIN_EXPLORATORY,32,7,0.82051282051282048,0.17948717948717949,0.77030386943735263,0.22969613056264737,-0.050208951075467856,0.45122949458844847,0.1389017263297751,0,0,"{""2021"": 39}","{""2021"": 84}",25,"[0.6733195433811838, 0.9102273452678089]"
terrain,joint_mov_environment::STRIKE_ONE_SIDED__GRAPPLE_LOW,2022,LINEAR_MIN,102,NORMAL,61,MODERATE_UNCERTAINTY,47,14,0.77049180327868849,0.22950819672131148,0.79179927021921626,0.20820072978078374,0.021307466940527764,0.49781453656562874,0.16209935353727797,0,0,"{""2022"": 61}","{""2022"": 102}",35,"[0.65086594876416, 0.8580676964712871]"
terrain,joint_mov_environment::STRIKE_ONE_SIDED__GRAPPLE_LOW,2023,LINEAR_MIN,83,MODERATE_UNCERTAINTY,43,THIN_EXPLORATORY,29,14,0.67441860465116277,0.32558139534883723,0.7663894038968514,0.2336105961031486,0.091970799245688628,0.61938388602058292,0.21090231865407319,0,0,"{""2023"": 43}","{""2023"": 83}",28,"[0.5251621096752948, 0.7950670287343129]"
terrain,joint_mov_environment::STRIKE_ONE_SIDED__GRAPPLE_LOW,2024,LINEAR_MIN,104,NORMAL,52,MODERATE_UNCERTAINTY,37,15,0.71153846153846156,0.28846153846153844,0.76354820748691432,0.23645179251308568,0.052009745948452757,0.52506280910781522,0.1736960421619389,0,0,"{""2024"": 52}","{""2024"": 104}",30,"[0.5772721196331574, 0.8167003958529009]"
terrain,joint_mov_environment::STRIKE_ONE_SIDED__GRAPPLE_LOW,2025,LINEAR_MIN,95,MODERATE_UNCERTAINTY,46,THIN_EXPLORATORY,36,10,0.78260869565217395,0.21739130434782608,0.75432329683431132,0.24567670316568868,-0.028285398817862628,0.44253434885388471,0.14050298884211057,0,0,"{""2025"": 46}","{""2025"": 95}",28,"[0.6442631262842105, 0.8773909467543746]"
terrain,joint_mov_environment::STRIKE_ONE_SIDED__GRAPPLE_LOW,2026,LINEAR_MIN,76,MODERATE_UNCERTAINTY,46,THIN_EXPLORATORY,36,10,0.78260869565217395,0.21739130434782608,0.78880473252729411,0.21119526747270589,0.0061960368751201589,0.4494237621707427,0.1463467611353387,0,0,"{""2026"": 46}","{""2026"": 76}",22,"[0.6442631262842105, 0.8773909467543746]"
terrain,joint_mov_environment::STRIKE_ONE_SIDED__GRAPPLE_LOW,2018,XGB,69,MODERATE_UNCERTAINTY,40,THIN_EXPLORATORY,34,6,0.84999999999999998,0.14999999999999999,0.73471302688121798,0.26528697311878202,-0.115286973118782,0.37708854077512155,0.11096380289025984,0.035900051925731639,0.015750731357511562,"{""2018"": 40}","{""2018"": 69}",23,"[0.709276756335103, 0.9293881228267964]"
terrain,joint_mov_environment::STRIKE_ONE_SIDED__GRAPPLE_LOW,2019,XGB,68,MODERATE_UNCERTAINTY,36,THIN_EXPLORATORY,30,6,0.83333333333333337,0.16666666666666666,0.73797562883959877,0.26202437116040123,-0.095357704493734596,0.48592473865832603,0.15544921877414244,0.0069997162382068696,0.0029259207963532241,"{""2019"": 36}","{""2019"": 68}",24,"[0.6810920568872054, 0.9212955240498188]"
terrain,joint_mov_environment::STRIKE_ONE_SIDED__GRAPPLE_LOW,2020,XGB,66,MODERATE_UNCERTAINTY,30,THIN_EXPLORATORY,22,8,0.73333333333333328,0.26666666666666666,0.69453317821025851,0.30546682178974149,-0.038800155123074775,0.51628232010855701,0.17093545274738089,-0.036880241306716625,-0.020262269654502809,"{""2020"": 30}","{""2020"": 66}",21,"[0.555520383048111, 0.8581733668040368]"
terrain,joint_mov_environment::STRIKE_ONE_SIDED__GRAPPLE_LOW,2021,XGB,84,MODERATE_UNCERTAINTY,39,THIN_EXPLORATORY,32,7,0.82051282051282048,0.17948717948717949,0.76506230999261904,0.23493769000738096,-0.055450510520201446,0.44834970038328065,0.14008112339423673,-0.0028797942051677758,0.0011793970644616196,"{""2021"": 39}","{""2021"": 84}",25,"[0.6733195433811838, 0.9102273452678089]"
terrain,joint_mov_environment::STRIKE_ONE_SIDED__GRAPPLE_LOW,2022,XGB,102,NORMAL,61,MODERATE_UNCERTAINTY,47,14,0.77049180327868849,0.22950819672131148,0.74552420514528872,0.25447579485471128,-0.024967598133399771,0.50505245343048866,0.16413697268162311,0.0072379168648599541,0.0020376191443451288,"{""2022"": 61}","{""2022"": 102}",35,"[0.65086594876416, 0.8580676964712871]"
terrain,joint_mov_environment::STRIKE_ONE_SIDED__GRAPPLE_LOW,2023,XGB,83,MODERATE_UNCERTAINTY,43,THIN_EXPLORATORY,29,14,0.67441860465116277,0.32558139534883723,0.70454091803972108,0.29545908196027892,0.030122313388558308,0.60347714223784021,0.20532704666647841,-0.015906743782742698,-0.0055752719875947921,"{""2023"": 43}","{""2023"": 83}",28,"[0.5251621096752948, 0.7950670287343129]"
terrain,joint_mov_environment::STRIKE_ONE_SIDED__GRAPPLE_LOW,2024,XGB,104,NORMAL,52,MODERATE_UNCERTAINTY,37,15,0.71153846153846156,0.28846153846153844,0.70446636585088873,0.29553363414911127,-0.0070720956875728325,0.53643772716430194,0.178721021897843,0.011374918056486783,0.0050249797359040787,"{""2024"": 52}","{""2024"": 104}",30,"[0.5772721196331574, 0.8167003958529009]"
terrain,joint_mov_environment::STRIKE_ONE_SIDED__GRAPPLE_LOW,2025,XGB,95,MODERATE_UNCERTAINTY,46,THIN_EXPLORATORY,36,10,0.78260869565217395,0.21739130434782608,0.75386274314445001,0.24613725685554999,-0.028745952507723938,0.44728936491096144,0.13994779367219898,0.0047550160570766437,-0.00055519516991161405,"{""2025"": 46}","{""2025"": 95}",28,"[0.6442631262842105, 0.8773909467543746]"
terrain,joint_mov_environment::STRIKE_ONE_SIDED__GRAPPLE_LOW,2026,XGB,76,MODERATE_UNCERTAINTY,46,THIN_EXPLORATORY,36,10,0.78260869565217395,0.21739130434782608,0.79144847263460572,0.20855152736539428,0.0088397769824317685,0.47371649259722365,0.15548696550606725,0.024292730426481144,0.0091402043707285233,"{""2026"": 46}","{""2026"": 76}",22,"[0.6442631262842105, 0.8773909467543746]"
terrain,joint_mov_environment::STRIKE_ONE_SIDED__GRAPPLE_LOW,2018,LGBM,69,MODERATE_UNCERTAINTY,40,THIN_EXPLORATORY,34,6,0.84999999999999998,0.14999999999999999,0.7202376071498563,0.2797623928501437,-0.12976239285014368,0.40386693200669654,0.12012167801807876,0.062678443157306682,0.024908606485330477,"{""2018"": 40}","{""2018"": 69}",23,"[0.709276756335103, 0.9293881228267964]"
terrain,joint_mov_environment::STRIKE_ONE_SIDED__GRAPPLE_LOW,2019,LGBM,68,MODERATE_UNCERTAINTY,36,THIN_EXPLORATORY,30,6,0.83333333333333337,0.16666666666666666,0.73980255466207723,0.26019744533792277,-0.093530778671256143,0.48129038698028126,0.15291785233837665,0.0023653645601621268,0.00039455436058741705,"{""2019"": 36}","{""2019"": 68}",24,"[0.6810920568872054, 0.9212955240498188]"
terrain,joint_mov_environment::STRIKE_ONE_SIDED__GRAPPLE_LOW,2020,LGBM,66,MODERATE_UNCERTAINTY,30,THIN_EXPLORATORY,22,8,0.73333333333333328,0.26666666666666666,0.71278286759810283,0.28721713240189717,-0.02055046573523045,0.52819982483656236,0.17694964883410663,-0.024962736578711345,-0.014248073567777042,"{""2020"": 30}","{""2020"": 66}",21,"[0.555520383048111, 0.8581733668040368]"
terrain,joint_mov_environment::STRIKE_ONE_SIDED__GRAPPLE_LOW,2021,LGBM,84,MODERATE_UNCERTAINTY,39,THIN_EXPLORATORY,32,7,0.82051282051282048,0.17948717948717949,0.76268708400102803,0.23731291599897197,-0.057825736511792458,0.45052339757930454,0.1409436421876053,-0.00070609700914404049,0.0020419158578301876,"{""2021"": 39}","{""2021"": 84}",25,"[0.6733195433811838, 0.9102273452678089]"
terrain,joint_mov_environment::STRIKE_ONE_SIDED__GRAPPLE_LOW,2022,LGBM,102,NORMAL,61,MODERATE_UNCERTAINTY,47,14,0.77049180327868849,0.22950819672131148,0.76189458999119686,0.23810541000880314,-0.008597213287491634,0.49162712687478394,0.15936484434179018,-0.0061874096908448627,-0.0027345091954877969,"{""2022"": 61}","{""2022"": 102}",35,"[0.65086594876416, 0.8580676964712871]"
terrain,joint_mov_environment::STRIKE_ONE_SIDED__GRAPPLE_LOW,2023,LGBM,83,MODERATE_UNCERTAINTY,43,THIN_EXPLORATORY,29,14,0.67441860465116277,0.32558139534883723,0.72063885541497852,0.27936114458502148,0.046220250763815751,0.61219461673419628,0.20859416607212744,-0.0071892692863867649,-0.0023081525819458456,"{""2023"": 43}","{""2023"": 83}",28,"[0.5251621096752948, 0.7950670287343129]"
terrain,joint_mov_environment::STRIKE_ONE_SIDED__GRAPPLE_LOW,2024,LGBM,104,NORMAL,52,MODERATE_UNCERTAINTY,37,15,0.71153846153846156,0.28846153846153844,0.72643425029272046,0.27356574970727954,0.014895788754258898,0.50920263988647219,0.16790122424274273,-0.015860169221343107,-0.0057948179191961756,"{""2024"": 52}","{""2024"": 104}",30,"[0.5772721196331574, 0.8167003958529009]"
terrain,joint_mov_environment::STRIKE_ONE_SIDED__GRAPPLE_LOW,2025,LGBM,95,MODERATE_UNCERTAINTY,46,THIN_EXPLORATORY,36,10,0.78260869565217395,0.21739130434782608,0.74526456663524032,0.25473543336475968,-0.037344129016933625,0.46361119270674467,0.14735444755927427,0.021076843852860013,0.0068514587171636934,"{""2025"": 46}","{""2025"": 95}",28,"[0.6442631262842105, 0.8773909467543746]"
terrain,joint_mov_environment::STRIKE_ONE_SIDED__GRAPPLE_LOW,2026,LGBM,76,MODERATE_UNCERTAINTY,46,THIN_EXPLORATORY,36,10,0.78260869565217395,0.21739130434782608,0.79268818209096215,0.20731181790903785,0.010079486438788199,0.50477582451780878,0.1654914209337269,0.05535206234706614,0.01914465979838819,"{""2026"": 46}","{""2026"": 76}",22,"[0.6442631262842105, 0.8773909467543746]"
terrain,joint_mov_environment::STRIKE_ONE_SIDED__GRAPPLE_LOW,2018,CAT,69,MODERATE_UNCERTAINTY,40,THIN_EXPLORATORY,34,6,0.84999999999999998,0.14999999999999999,0.73732248939783906,0.26267751060216094,-0.11267751060216091,0.40684524152497004,0.12171787353447645,0.065656752675580174,0.026504802001728174,"{""2018"": 40}","{""2018"": 69}",23,"[0.709276756335103, 0.9293881228267964]"
terrain,joint_mov_environment::STRIKE_ONE_SIDED__GRAPPLE_LOW,2019,CAT,68,MODERATE_UNCERTAINTY,36,THIN_EXPLORATORY,30,6,0.83333333333333337,0.16666666666666666,0.74489025534545905,0.25510974465454095,-0.088443077987874319,0.46188589577830402,0.14684909861848111,-0.017039126641815148,-0.0056741993593080855,"{""2019"": 36}","{""2019"": 68}",24,"[0.6810920568872054, 0.9212955240498188]"
terrain,joint_mov_environment::STRIKE_ONE_SIDED__GRAPPLE_LOW,2020,CAT,66,MODERATE_UNCERTAINTY,30,THIN_EXPLORATORY,22,8,0.73333333333333328,0.26666666666666666,0.69665337755577184,0.30334662244422816,-0.036679955777561446,0.51308315844541497,0.17005890062493886,-0.040079402969858687,-0.021138821776944875,"{""2020"": 30}","{""2020"": 66}",21,"[0.555520383048111, 0.8581733668040368]"
terrain,joint_mov_environment::STRIKE_ONE_SIDED__GRAPPLE_LOW,2021,CAT,84,MODERATE_UNCERTAINTY,39,THIN_EXPLORATORY,32,7,0.82051282051282048,0.17948717948717949,0.79032655545148678,0.20967344454851322,-0.030186265061333706,0.44434428882748989,0.13722577371330527,-0.0068852057609586088,-0.0016759526164698273,"{""2021"": 39}","{""2021"": 84}",25,"[0.6733195433811838, 0.9102273452678089]"
terrain,joint_mov_environment::STRIKE_ONE_SIDED__GRAPPLE_LOW,2022,CAT,102,NORMAL,61,MODERATE_UNCERTAINTY,47,14,0.77049180327868849,0.22950819672131148,0.78770964956374279,0.21229035043625721,0.017217846285054295,0.46998755774865103,0.15223191493290256,-0.027826978816977668,-0.0098674386043754118,"{""2022"": 61}","{""2022"": 102}",35,"[0.65086594876416, 0.8580676964712871]"
terrain,joint_mov_environment::STRIKE_ONE_SIDED__GRAPPLE_LOW,2023,CAT,83,MODERATE_UNCERTAINTY,43,THIN_EXPLORATORY,29,14,0.67441860465116277,0.32558139534883723,0.71729796684268121,0.28270203315731879,0.042879362191518444,0.60491451155935105,0.20655838672368382,-0.01446937446123185,-0.0043439319303894015,"{""2023"": 43}","{""2023"": 83}",28,"[0.5251621096752948, 0.7950670287343129]"
terrain,joint_mov_environment::STRIKE_ONE_SIDED__GRAPPLE_LOW,2024,CAT,104,NORMAL,52,MODERATE_UNCERTAINTY,37,15,0.71153846153846156,0.28846153846153844,0.75568065886408242,0.24431934113591758,0.044142197325620858,0.48478071505219211,0.1589480730787845,-0.040282094055623038,-0.014747969083154393,"{""2024"": 52}","{""2024"": 104}",30,"[0.5772721196331574, 0.8167003958529009]"
terrain,joint_mov_environment::STRIKE_ONE_SIDED__GRAPPLE_LOW,2025,CAT,95,MODERATE_UNCERTAINTY,46,THIN_EXPLORATORY,36,10,0.78260869565217395,0.21739130434782608,0.7254506887828398,0.2745493112171602,-0.057158006869334144,0.45466121149949784,0.14275401595994436,0.012126862645613173,0.0022510271178337823,"{""2025"": 46}","{""2025"": 95}",28,"[0.6442631262842105, 0.8773909467543746]"
terrain,joint_mov_environment::STRIKE_ONE_SIDED__GRAPPLE_LOW,2026,CAT,76,MODERATE_UNCERTAINTY,46,THIN_EXPLORATORY,36,10,0.78260869565217395,0.21739130434782608,0.77540999174173064,0.22459000825826936,-0.0071987039104433048,0.48305456000364266,0.15533205482242024,0.033630797832900031,0.0089852936870815463,"{""2026"": 46}","{""2026"": 76}",22,"[0.6442631262842105, 0.8773909467543746]"
terrain,joint_mov_environment::STRIKE_ONE_SIDED__GRAPPLE_LOW,2018,SELECT,69,MODERATE_UNCERTAINTY,40,THIN_EXPLORATORY,34,6,0.84999999999999998,0.14999999999999999,0.73471302688121798,0.26528697311878202,-0.115286973118782,0.37708854077512155,0.11096380289025984,0.035900051925731639,0.015750731357511562,"{""2018"": 40}","{""2018"": 69}",23,"[0.709276756335103, 0.9293881228267964]"
terrain,joint_mov_environment::STRIKE_ONE_SIDED__GRAPPLE_LOW,2019,SELECT,68,MODERATE_UNCERTAINTY,36,THIN_EXPLORATORY,30,6,0.83333333333333337,0.16666666666666666,0.73797562883959877,0.26202437116040123,-0.095357704493734596,0.48592473865832603,0.15544921877414244,0.0069997162382068696,0.0029259207963532241,"{""2019"": 36}","{""2019"": 68}",24,"[0.6810920568872054, 0.9212955240498188]"
terrain,joint_mov_environment::STRIKE_ONE_SIDED__GRAPPLE_LOW,2020,SELECT,66,MODERATE_UNCERTAINTY,30,THIN_EXPLORATORY,22,8,0.73333333333333328,0.26666666666666666,0.71278286759810283,0.28721713240189717,-0.02055046573523045,0.52819982483656236,0.17694964883410663,-0.024962736578711345,-0.014248073567777042,"{""2020"": 30}","{""2020"": 66}",21,"[0.555520383048111, 0.8581733668040368]"
terrain,joint_mov_environment::STRIKE_ONE_SIDED__GRAPPLE_LOW,2021,SELECT,84,MODERATE_UNCERTAINTY,39,THIN_EXPLORATORY,32,7,0.82051282051282048,0.17948717948717949,0.79032655545148678,0.20967344454851322,-0.030186265061333706,0.44434428882748989,0.13722577371330527,-0.0068852057609586088,-0.0016759526164698273,"{""2021"": 39}","{""2021"": 84}",25,"[0.6733195433811838, 0.9102273452678089]"
terrain,joint_mov_environment::STRIKE_ONE_SIDED__GRAPPLE_LOW,2022,SELECT,102,NORMAL,61,MODERATE_UNCERTAINTY,47,14,0.77049180327868849,0.22950819672131148,0.76189458999119686,0.23810541000880314,-0.008597213287491634,0.49162712687478394,0.15936484434179018,-0.0061874096908448627,-0.0027345091954877969,"{""2022"": 61}","{""2022"": 102}",35,"[0.65086594876416, 0.8580676964712871]"
terrain,joint_mov_environment::STRIKE_ONE_SIDED__GRAPPLE_LOW,2023,SELECT,83,MODERATE_UNCERTAINTY,43,THIN_EXPLORATORY,29,14,0.67441860465116277,0.32558139534883723,0.71729796684268121,0.28270203315731879,0.042879362191518444,0.60491451155935105,0.20655838672368382,-0.01446937446123185,-0.0043439319303894015,"{""2023"": 43}","{""2023"": 83}",28,"[0.5251621096752948, 0.7950670287343129]"
terrain,joint_mov_environment::STRIKE_ONE_SIDED__GRAPPLE_LOW,2024,SELECT,104,NORMAL,52,MODERATE_UNCERTAINTY,37,15,0.71153846153846156,0.28846153846153844,0.75568065886408242,0.24431934113591758,0.044142197325620858,0.48478071505219211,0.1589480730787845,-0.040282094055623038,-0.014747969083154393,"{""2024"": 52}","{""2024"": 104}",30,"[0.5772721196331574, 0.8167003958529009]"
terrain,joint_mov_environment::STRIKE_ONE_SIDED__GRAPPLE_LOW,2025,SELECT,95,MODERATE_UNCERTAINTY,46,THIN_EXPLORATORY,36,10,0.78260869565217395,0.21739130434782608,0.74526456663524032,0.25473543336475968,-0.037344129016933625,0.46361119270674467,0.14735444755927427,0.021076843852860013,0.0068514587171636934,"{""2025"": 46}","{""2025"": 95}",28,"[0.6442631262842105, 0.8773909467543746]"
terrain,joint_mov_environment::STRIKE_ONE_SIDED__GRAPPLE_LOW,2026,SELECT,76,MODERATE_UNCERTAINTY,46,THIN_EXPLORATORY,36,10,0.78260869565217395,0.21739130434782608,0.79268818209096215,0.20731181790903785,0.010079486438788199,0.50477582451780878,0.1654914209337269,0.05535206234706614,0.01914465979838819,"{""2026"": 46}","{""2026"": 76}",22,"[0.6442631262842105, 0.8773909467543746]"
terrain,joint_mov_environment::STRIKE_ONE_SIDED__GRAPPLE_ONE_SIDED,2018,LINEAR_MIN,12,INSUFFICIENT,6,INSUFFICIENT,4,2,0.66666666666666663,0.33333333333333331,0.64512670485517754,0.35487329514482246,-0.021539961811489095,,,,,"{""2018"": 6}","{""2018"": 12}",6,"[0.299993315138392, 0.9032285888942195]"
terrain,joint_mov_environment::STRIKE_ONE_SIDED__GRAPPLE_ONE_SIDED,2019,LINEAR_MIN,21,INSUFFICIENT,15,INSUFFICIENT,12,3,0.80000000000000004,0.20000000000000001,0.65900851505681435,0.34099148494318565,-0.1409914849431857,,,,,"{""2019"": 15}","{""2019"": 21}",14,"[0.5481455128483065, 0.9295245065301844]"
terrain,joint_mov_environment::STRIKE_ONE_SIDED__GRAPPLE_ONE_SIDED,2020,LINEAR_MIN,10,INSUFFICIENT,7,INSUFFICIENT,1,6,0.14285714285714285,0.8571428571428571,0.64854768391046491,0.35145231608953509,0.50569054105332212,,,,,"{""2020"": 7}","{""2020"": 10}",7,"[0.02567962434474355, 0.5131278292743189]"
terrain,joint_mov_environment::STRIKE_ONE_SIDED__GRAPPLE_ONE_SIDED,2021,LINEAR_MIN,17,INSUFFICIENT,11,INSUFFICIENT,8,3,0.72727272727272729,0.27272727272727271,0.59742362125972681,0.40257637874027319,-0.12984910601300048,,,,,"{""2021"": 11}","{""2021"": 17}",11,"[0.43435469882387084, 0.902539407099751]"
terrain,joint_mov_environment::STRIKE_ONE_SIDED__GRAPPLE_ONE_SIDED,2022,LINEAR_MIN,18,INSUFFICIENT,13,INSUFFICIENT,6,7,0.46153846153846156,0.53846153846153844,0.64760171277199063,0.35239828722800937,0.18606325123352907,,,,,"{""2022"": 13}","{""2022"": 18}",10,"[0.23206067809538303, 0.7085620428549398]"
terrain,joint_mov_environment::STRIKE_ONE_SIDED__GRAPPLE_ONE_SIDED,2023,LINEAR_MIN,30,THIN_EXPLORATORY,15,INSUFFICIENT,9,6,0.59999999999999998,0.40000000000000002,0.65421333224341327,0.34578666775658673,0.054213332243413292,,,,,"{""2023"": 15}","{""2023"": 30}",15,"[0.357468301206246, 0.8017550385865841]"
terrain,joint_mov_environment::STRIKE_ONE_SIDED__GRAPPLE_ONE_SIDED,2024,LINEAR_MIN,26,THIN_EXPLORATORY,13,INSUFFICIENT,8,5,0.61538461538461542,0.38461538461538464,0.6283916887877099,0.3716083112122901,0.013007073403094482,,,,,"{""2024"": 13}","{""2024"": 26}",12,"[0.355228915126657, 0.8229029220223743]"
terrain,joint_mov_environment::STRIKE_ONE_SIDED__GRAPPLE_ONE_SIDED,2025,LINEAR_MIN,30,THIN_EXPLORATORY,18,INSUFFICIENT,12,6,0.66666666666666663,0.33333333333333331,0.65484553499892362,0.34515446500107638,-0.011821131667743012,,,,,"{""2025"": 18}","{""2025"": 30}",14,"[0.43749467295945105, 0.837212252491663]"
terrain,joint_mov_environment::STRIKE_ONE_SIDED__GRAPPLE_ONE_SIDED,2026,LINEAR_MIN,16,INSUFFICIENT,10,INSUFFICIENT,3,7,0.29999999999999999,0.69999999999999996,0.62185730225216851,0.37814269774783149,0.32185730225216852,,,,,"{""2026"": 10}","{""2026"": 16}",8,"[0.10779126740630099, 0.6032218525388546]"
terrain,joint_mov_environment::STRIKE_ONE_SIDED__GRAPPLE_ONE_SIDED,2018,XGB,12,INSUFFICIENT,6,INSUFFICIENT,4,2,0.66666666666666663,0.33333333333333331,0.55671021342277527,0.44328978657722473,-0.10995645324389136,,,,,"{""2018"": 6}","{""2018"": 12}",6,"[0.299993315138392, 0.9032285888942195]"
terrain,joint_mov_environment::STRIKE_ONE_SIDED__GRAPPLE_ONE_SIDED,2019,XGB,21,INSUFFICIENT,15,INSUFFICIENT,12,3,0.80000000000000004,0.20000000000000001,0.65738527973492944,0.34261472026507056,-0.1426147202650706,,,,,"{""2019"": 15}","{""2019"": 21}",14,"[0.5481455128483065, 0.9295245065301844]"
terrain,joint_mov_environment::STRIKE_ONE_SIDED__GRAPPLE_ONE_SIDED,2020,XGB,10,INSUFFICIENT,7,INSUFFICIENT,1,6,0.14285714285714285,0.8571428571428571,0.64094439574650353,0.35905560425349647,0.49808725288936068,,,,,"{""2020"": 7}","{""2020"": 10}",7,"[0.02567962434474355, 0.5131278292743189]"
terrain,joint_mov_environment::STRIKE_ONE_SIDED__GRAPPLE_ONE_SIDED,2021,XGB,17,INSUFFICIENT,11,INSUFFICIENT,8,3,0.72727272727272729,0.27272727272727271,0.64016007293354382,0.35983992706645618,-0.087112654339183471,,,,,"{""2021"": 11}","{""2021"": 17}",11,"[0.43435469882387084, 0.902539407099751]"
terrain,joint_mov_environment::STRIKE_ONE_SIDED__GRAPPLE_ONE_SIDED,2022,XGB,18,INSUFFICIENT,13,INSUFFICIENT,6,7,0.46153846153846156,0.53846153846153844,0.61320640032108009,0.38679359967891991,0.15166793878261853,,,,,"{""2022"": 13}","{""2022"": 18}",10,"[0.23206067809538303, 0.7085620428549398]"
terrain,joint_mov_environment::STRIKE_ONE_SIDED__GRAPPLE_ONE_SIDED,2023,XGB,30,THIN_EXPLORATORY,15,INSUFFICIENT,9,6,0.59999999999999998,0.40000000000000002,0.66459055940310163,0.33540944059689837,0.064590559403101655,,,,,"{""2023"": 15}","{""2023"": 30}",15,"[0.357468301206246, 0.8017550385865841]"
terrain,joint_mov_environment::STRIKE_ONE_SIDED__GRAPPLE_ONE_SIDED,2024,XGB,26,THIN_EXPLORATORY,13,INSUFFICIENT,8,5,0.61538461538461542,0.38461538461538464,0.60512789854636562,0.39487210145363438,-0.010256716838249802,,,,,"{""2024"": 13}","{""2024"": 26}",12,"[0.355228915126657, 0.8229029220223743]"
terrain,joint_mov_environment::STRIKE_ONE_SIDED__GRAPPLE_ONE_SIDED,2025,XGB,30,THIN_EXPLORATORY,18,INSUFFICIENT,12,6,0.66666666666666663,0.33333333333333331,0.64039003683461082,0.35960996316538918,-0.026276629832055809,,,,,"{""2025"": 18}","{""2025"": 30}",14,"[0.43749467295945105, 0.837212252491663]"
terrain,joint_mov_environment::STRIKE_ONE_SIDED__GRAPPLE_ONE_SIDED,2026,XGB,16,INSUFFICIENT,10,INSUFFICIENT,3,7,0.29999999999999999,0.69999999999999996,0.58716399967670441,0.41283600032329559,0.28716399967670442,,,,,"{""2026"": 10}","{""2026"": 16}",8,"[0.10779126740630099, 0.6032218525388546]"
terrain,joint_mov_environment::STRIKE_ONE_SIDED__GRAPPLE_ONE_SIDED,2018,LGBM,12,INSUFFICIENT,6,INSUFFICIENT,4,2,0.66666666666666663,0.33333333333333331,0.54201709048974545,0.45798290951025455,-0.12464957617692118,,,,,"{""2018"": 6}","{""2018"": 12}",6,"[0.299993315138392, 0.9032285888942195]"
terrain,joint_mov_environment::STRIKE_ONE_SIDED__GRAPPLE_ONE_SIDED,2019,LGBM,21,INSUFFICIENT,15,INSUFFICIENT,12,3,0.80000000000000004,0.20000000000000001,0.65890712210062596,0.34109287789937404,-0.14109287789937408,,,,,"{""2019"": 15}","{""2019"": 21}",14,"[0.5481455128483065, 0.9295245065301844]"
terrain,joint_mov_environment::STRIKE_ONE_SIDED__GRAPPLE_ONE_SIDED,2020,LGBM,10,INSUFFICIENT,7,INSUFFICIENT,1,6,0.14285714285714285,0.8571428571428571,0.66099262418913596,0.33900737581086404,0.51813548133199316,,,,,"{""2020"": 7}","{""2020"": 10}",7,"[0.02567962434474355, 0.5131278292743189]"
terrain,joint_mov_environment::STRIKE_ONE_SIDED__GRAPPLE_ONE_SIDED,2021,LGBM,17,INSUFFICIENT,11,INSUFFICIENT,8,3,0.72727272727272729,0.27272727272727271,0.6389853377932565,0.3610146622067435,-0.08828738947947079,,,,,"{""2021"": 11}","{""2021"": 17}",11,"[0.43435469882387084, 0.902539407099751]"
terrain,joint_mov_environment::STRIKE_ONE_SIDED__GRAPPLE_ONE_SIDED,2022,LGBM,18,INSUFFICIENT,13,INSUFFICIENT,6,7,0.46153846153846156,0.53846153846153844,0.60661292373279752,0.39338707626720248,0.14507446219433595,,,,,"{""2022"": 13}","{""2022"": 18}",10,"[0.23206067809538303, 0.7085620428549398]"
terrain,joint_mov_environment::STRIKE_ONE_SIDED__GRAPPLE_ONE_SIDED,2023,LGBM,30,THIN_EXPLORATORY,15,INSUFFICIENT,9,6,0.59999999999999998,0.40000000000000002,0.66798575195221066,0.33201424804778934,0.067985751952210682,,,,,"{""2023"": 15}","{""2023"": 30}",15,"[0.357468301206246, 0.8017550385865841]"
terrain,joint_mov_environment::STRIKE_ONE_SIDED__GRAPPLE_ONE_SIDED,2024,LGBM,26,THIN_EXPLORATORY,13,INSUFFICIENT,8,5,0.61538461538461542,0.38461538461538464,0.60913659590614522,0.39086340409385478,-0.0062480194784702014,,,,,"{""2024"": 13}","{""2024"": 26}",12,"[0.355228915126657, 0.8229029220223743]"
terrain,joint_mov_environment::STRIKE_ONE_SIDED__GRAPPLE_ONE_SIDED,2025,LGBM,30,THIN_EXPLORATORY,18,INSUFFICIENT,12,6,0.66666666666666663,0.33333333333333331,0.64276348430676811,0.35723651569323189,-0.023903182359898523,,,,,"{""2025"": 18}","{""2025"": 30}",14,"[0.43749467295945105, 0.837212252491663]"
terrain,joint_mov_environment::STRIKE_ONE_SIDED__GRAPPLE_ONE_SIDED,2026,LGBM,16,INSUFFICIENT,10,INSUFFICIENT,3,7,0.29999999999999999,0.69999999999999996,0.57888611917666122,0.42111388082333878,0.27888611917666123,,,,,"{""2026"": 10}","{""2026"": 16}",8,"[0.10779126740630099, 0.6032218525388546]"
terrain,joint_mov_environment::STRIKE_ONE_SIDED__GRAPPLE_ONE_SIDED,2018,CAT,12,INSUFFICIENT,6,INSUFFICIENT,4,2,0.66666666666666663,0.33333333333333331,0.57376258679566761,0.42623741320433239,-0.092904079870999023,,,,,"{""2018"": 6}","{""2018"": 12}",6,"[0.299993315138392, 0.9032285888942195]"
terrain,joint_mov_environment::STRIKE_ONE_SIDED__GRAPPLE_ONE_SIDED,2019,CAT,21,INSUFFICIENT,15,INSUFFICIENT,12,3,0.80000000000000004,0.20000000000000001,0.67743839255333771,0.32256160744666229,-0.12256160744666234,,,,,"{""2019"": 15}","{""2019"": 21}",14,"[0.5481455128483065, 0.9295245065301844]"
terrain,joint_mov_environment::STRIKE_ONE_SIDED__GRAPPLE_ONE_SIDED,2020,CAT,10,INSUFFICIENT,7,INSUFFICIENT,1,6,0.14285714285714285,0.8571428571428571,0.64032979674923995,0.35967020325076005,0.49747265389209711,,,,,"{""2020"": 7}","{""2020"": 10}",7,"[0.02567962434474355, 0.5131278292743189]"
terrain,joint_mov_environment::STRIKE_ONE_SIDED__GRAPPLE_ONE_SIDED,2021,CAT,17,INSUFFICIENT,11,INSUFFICIENT,8,3,0.72727272727272729,0.27272727272727271,0.59552306900186813,0.40447693099813187,-0.13174965827085916,,,,,"{""2021"": 11}","{""2021"": 17}",11,"[0.43435469882387084, 0.902539407099751]"
terrain,joint_mov_environment::STRIKE_ONE_SIDED__GRAPPLE_ONE_SIDED,2022,CAT,18,INSUFFICIENT,13,INSUFFICIENT,6,7,0.46153846153846156,0.53846153846153844,0.59472418618924783,0.40527581381075217,0.13318572465078626,,,,,"{""2022"": 13}","{""2022"": 18}",10,"[0.23206067809538303, 0.7085620428549398]"
terrain,joint_mov_environment::STRIKE_ONE_SIDED__GRAPPLE_ONE_SIDED,2023,CAT,30,THIN_EXPLORATORY,15,INSUFFICIENT,9,6,0.59999999999999998,0.40000000000000002,0.66663722427199679,0.33336277572800321,0.066637224271996809,,,,,"{""2023"": 15}","{""2023"": 30}",15,"[0.357468301206246, 0.8017550385865841]"
terrain,joint_mov_environment::STRIKE_ONE_SIDED__GRAPPLE_ONE_SIDED,2024,CAT,26,THIN_EXPLORATORY,13,INSUFFICIENT,8,5,0.61538461538461542,0.38461538461538464,0.60834873627985153,0.39165126372014847,-0.0070358791047638869,,,,,"{""2024"": 13}","{""2024"": 26}",12,"[0.355228915126657, 0.8229029220223743]"
terrain,joint_mov_environment::STRIKE_ONE_SIDED__GRAPPLE_ONE_SIDED,2025,CAT,30,THIN_EXPLORATORY,18,INSUFFICIENT,12,6,0.66666666666666663,0.33333333333333331,0.63844855482030138,0.36155144517969862,-0.028218111846365246,,,,,"{""2025"": 18}","{""2025"": 30}",14,"[0.43749467295945105, 0.837212252491663]"
terrain,joint_mov_environment::STRIKE_ONE_SIDED__GRAPPLE_ONE_SIDED,2026,CAT,16,INSUFFICIENT,10,INSUFFICIENT,3,7,0.29999999999999999,0.69999999999999996,0.60895248007048319,0.39104751992951681,0.3089524800704832,,,,,"{""2026"": 10}","{""2026"": 16}",8,"[0.10779126740630099, 0.6032218525388546]"
terrain,joint_mov_environment::STRIKE_ONE_SIDED__GRAPPLE_ONE_SIDED,2018,SELECT,12,INSUFFICIENT,6,INSUFFICIENT,4,2,0.66666666666666663,0.33333333333333331,0.55671021342277527,0.44328978657722473,-0.10995645324389136,,,,,"{""2018"": 6}","{""2018"": 12}",6,"[0.299993315138392, 0.9032285888942195]"
terrain,joint_mov_environment::STRIKE_ONE_SIDED__GRAPPLE_ONE_SIDED,2019,SELECT,21,INSUFFICIENT,15,INSUFFICIENT,12,3,0.80000000000000004,0.20000000000000001,0.65738527973492944,0.34261472026507056,-0.1426147202650706,,,,,"{""2019"": 15}","{""2019"": 21}",14,"[0.5481455128483065, 0.9295245065301844]"
terrain,joint_mov_environment::STRIKE_ONE_SIDED__GRAPPLE_ONE_SIDED,2020,SELECT,10,INSUFFICIENT,7,INSUFFICIENT,1,6,0.14285714285714285,0.8571428571428571,0.66099262418913596,0.33900737581086404,0.51813548133199316,,,,,"{""2020"": 7}","{""2020"": 10}",7,"[0.02567962434474355, 0.5131278292743189]"
terrain,joint_mov_environment::STRIKE_ONE_SIDED__GRAPPLE_ONE_SIDED,2021,SELECT,17,INSUFFICIENT,11,INSUFFICIENT,8,3,0.72727272727272729,0.27272727272727271,0.59552306900186813,0.40447693099813187,-0.13174965827085916,,,,,"{""2021"": 11}","{""2021"": 17}",11,"[0.43435469882387084, 0.902539407099751]"
terrain,joint_mov_environment::STRIKE_ONE_SIDED__GRAPPLE_ONE_SIDED,2022,SELECT,18,INSUFFICIENT,13,INSUFFICIENT,6,7,0.46153846153846156,0.53846153846153844,0.60661292373279752,0.39338707626720248,0.14507446219433595,,,,,"{""2022"": 13}","{""2022"": 18}",10,"[0.23206067809538303, 0.7085620428549398]"
terrain,joint_mov_environment::STRIKE_ONE_SIDED__GRAPPLE_ONE_SIDED,2023,SELECT,30,THIN_EXPLORATORY,15,INSUFFICIENT,9,6,0.59999999999999998,0.40000000000000002,0.66663722427199679,0.33336277572800321,0.066637224271996809,,,,,"{""2023"": 15}","{""2023"": 30}",15,"[0.357468301206246, 0.8017550385865841]"
terrain,joint_mov_environment::STRIKE_ONE_SIDED__GRAPPLE_ONE_SIDED,2024,SELECT,26,THIN_EXPLORATORY,13,INSUFFICIENT,8,5,0.61538461538461542,0.38461538461538464,0.60834873627985153,0.39165126372014847,-0.0070358791047638869,,,,,"{""2024"": 13}","{""2024"": 26}",12,"[0.355228915126657, 0.8229029220223743]"
terrain,joint_mov_environment::STRIKE_ONE_SIDED__GRAPPLE_ONE_SIDED,2025,SELECT,30,THIN_EXPLORATORY,18,INSUFFICIENT,12,6,0.66666666666666663,0.33333333333333331,0.64276348430676811,0.35723651569323189,-0.023903182359898523,,,,,"{""2025"": 18}","{""2025"": 30}",14,"[0.43749467295945105, 0.837212252491663]"
terrain,joint_mov_environment::STRIKE_ONE_SIDED__GRAPPLE_ONE_SIDED,2026,SELECT,16,INSUFFICIENT,10,INSUFFICIENT,3,7,0.29999999999999999,0.69999999999999996,0.57888611917666122,0.42111388082333878,0.27888611917666123,,,,,"{""2026"": 10}","{""2026"": 16}",8,"[0.10779126740630099, 0.6032218525388546]"
terrain,joint_mov_environment::STRIKE_ONE_SIDED__GRAPPLE_TWO_SIDED,2018,LINEAR_MIN,1,INSUFFICIENT,1,INSUFFICIENT,1,0,1,0,0.46102145334635136,0.53897854665364864,-0.53897854665364864,,,,,"{""2018"": 1}","{""2018"": 1}",1,"[0.20654931437723745, 1.0]"
terrain,joint_mov_environment::STRIKE_ONE_SIDED__GRAPPLE_TWO_SIDED,2019,LINEAR_MIN,1,INSUFFICIENT,0,INSUFFICIENT,0,0,,,,,,,,,,{},"{""2019"": 1}",0,"[null, null]"
terrain,joint_mov_environment::STRIKE_ONE_SIDED__GRAPPLE_TWO_SIDED,2020,LINEAR_MIN,2,INSUFFICIENT,1,INSUFFICIENT,0,1,0,1,0.56999247288035237,0.43000752711964763,0.56999247288035237,,,,,"{""2020"": 1}","{""2020"": 2}",1,"[0.0, 0.7934506856227626]"
terrain,joint_mov_environment::STRIKE_ONE_SIDED__GRAPPLE_TWO_SIDED,2021,LINEAR_MIN,0,INSUFFICIENT,0,INSUFFICIENT,0,0,,,,,,,,,,{},{},0,"[null, null]"
terrain,joint_mov_environment::STRIKE_ONE_SIDED__GRAPPLE_TWO_SIDED,2022,LINEAR_MIN,2,INSUFFICIENT,2,INSUFFICIENT,1,1,0.5,0.5,0.62824224631969361,0.37175775368030639,0.12824224631969361,,,,,"{""2022"": 2}","{""2022"": 2}",2,"[0.09453120573423074, 0.9054687942657693]"
terrain,joint_mov_environment::STRIKE_ONE_SIDED__GRAPPLE_TWO_SIDED,2023,LINEAR_MIN,2,INSUFFICIENT,1,INSUFFICIENT,1,0,1,0,0.80262810093171599,0.19737189906828401,-0.19737189906828401,,,,,"{""2023"": 1}","{""2023"": 2}",1,"[0.20654931437723745, 1.0]"
terrain,joint_mov_environment::STRIKE_ONE_SIDED__GRAPPLE_TWO_SIDED,2024,LINEAR_MIN,2,INSUFFICIENT,1,INSUFFICIENT,0,1,0,1,0.60748172979227399,0.39251827020772601,0.60748172979227399,,,,,"{""2024"": 1}","{""2024"": 2}",1,"[0.0, 0.7934506856227626]"
terrain,joint_mov_environment::STRIKE_ONE_SIDED__GRAPPLE_TWO_SIDED,2025,LINEAR_MIN,1,INSUFFICIENT,1,INSUFFICIENT,1,0,1,0,0.53129435845007311,0.46870564154992689,-0.46870564154992689,,,,,"{""2025"": 1}","{""2025"": 1}",1,"[0.20654931437723745, 1.0]"
terrain,joint_mov_environment::STRIKE_ONE_SIDED__GRAPPLE_TWO_SIDED,2026,LINEAR_MIN,1,INSUFFICIENT,1,INSUFFICIENT,1,0,1,0,0.68480939594851276,0.31519060405148724,-0.31519060405148724,,,,,"{""2026"": 1}","{""2026"": 1}",1,"[0.20654931437723745, 1.0]"
terrain,joint_mov_environment::STRIKE_ONE_SIDED__GRAPPLE_TWO_SIDED,2018,XGB,1,INSUFFICIENT,1,INSUFFICIENT,1,0,1,0,0.55518460273742676,0.44481539726257324,-0.44481539726257324,,,,,"{""2018"": 1}","{""2018"": 1}",1,"[0.20654931437723745, 1.0]"
terrain,joint_mov_environment::STRIKE_ONE_SIDED__GRAPPLE_TWO_SIDED,2019,XGB,1,INSUFFICIENT,0,INSUFFICIENT,0,0,,,,,,,,,,{},"{""2019"": 1}",0,"[null, null]"
terrain,joint_mov_environment::STRIKE_ONE_SIDED__GRAPPLE_TWO_SIDED,2020,XGB,2,INSUFFICIENT,1,INSUFFICIENT,0,1,0,1,0.69630318880081177,0.30369681119918823,0.69630318880081177,,,,,"{""2020"": 1}","{""2020"": 2}",1,"[0.0, 0.7934506856227626]"
terrain,joint_mov_environment::STRIKE_ONE_SIDED__GRAPPLE_TWO_SIDED,2021,XGB,0,INSUFFICIENT,0,INSUFFICIENT,0,0,,,,,,,,,,{},{},0,"[null, null]"
terrain,joint_mov_environment::STRIKE_ONE_SIDED__GRAPPLE_TWO_SIDED,2022,XGB,2,INSUFFICIENT,2,INSUFFICIENT,1,1,0.5,0.5,0.61062848567962646,0.38937151432037354,0.11062848567962646,,,,,"{""2022"": 2}","{""2022"": 2}",2,"[0.09453120573423074, 0.9054687942657693]"
terrain,joint_mov_environment::STRIKE_ONE_SIDED__GRAPPLE_TWO_SIDED,2023,XGB,2,INSUFFICIENT,1,INSUFFICIENT,1,0,1,0,0.76929336786270142,0.23070663213729858,-0.23070663213729858,,,,,"{""2023"": 1}","{""2023"": 2}",1,"[0.20654931437723745, 1.0]"
terrain,joint_mov_environment::STRIKE_ONE_SIDED__GRAPPLE_TWO_SIDED,2024,XGB,2,INSUFFICIENT,1,INSUFFICIENT,0,1,0,1,0.52787160873413086,0.47212839126586914,0.52787160873413086,,,,,"{""2024"": 1}","{""2024"": 2}",1,"[0.0, 0.7934506856227626]"
terrain,joint_mov_environment::STRIKE_ONE_SIDED__GRAPPLE_TWO_SIDED,2025,XGB,1,INSUFFICIENT,1,INSUFFICIENT,1,0,1,0,0.63311481475830078,0.36688518524169922,-0.36688518524169922,,,,,"{""2025"": 1}","{""2025"": 1}",1,"[0.20654931437723745, 1.0]"
terrain,joint_mov_environment::STRIKE_ONE_SIDED__GRAPPLE_TWO_SIDED,2026,XGB,1,INSUFFICIENT,1,INSUFFICIENT,1,0,1,0,0.72612756490707397,0.27387243509292603,-0.27387243509292603,,,,,"{""2026"": 1}","{""2026"": 1}",1,"[0.20654931437723745, 1.0]"
terrain,joint_mov_environment::STRIKE_ONE_SIDED__GRAPPLE_TWO_SIDED,2018,LGBM,1,INSUFFICIENT,1,INSUFFICIENT,1,0,1,0,0.6557094200744682,0.3442905799255318,-0.3442905799255318,,,,,"{""2018"": 1}","{""2018"": 1}",1,"[0.20654931437723745, 1.0]"
terrain,joint_mov_environment::STRIKE_ONE_SIDED__GRAPPLE_TWO_SIDED,2019,LGBM,1,INSUFFICIENT,0,INSUFFICIENT,0,0,,,,,,,,,,{},"{""2019"": 1}",0,"[null, null]"
terrain,joint_mov_environment::STRIKE_ONE_SIDED__GRAPPLE_TWO_SIDED,2020,LGBM,2,INSUFFICIENT,1,INSUFFICIENT,0,1,0,1,0.72445879021344184,0.27554120978655816,0.72445879021344184,,,,,"{""2020"": 1}","{""2020"": 2}",1,"[0.0, 0.7934506856227626]"
terrain,joint_mov_environment::STRIKE_ONE_SIDED__GRAPPLE_TWO_SIDED,2021,LGBM,0,INSUFFICIENT,0,INSUFFICIENT,0,0,,,,,,,,,,{},{},0,"[null, null]"
terrain,joint_mov_environment::STRIKE_ONE_SIDED__GRAPPLE_TWO_SIDED,2022,LGBM,2,INSUFFICIENT,2,INSUFFICIENT,1,1,0.5,0.5,0.6112553057950838,0.3887446942049162,0.1112553057950838,,,,,"{""2022"": 2}","{""2022"": 2}",2,"[0.09453120573423074, 0.9054687942657693]"
terrain,joint_mov_environment::STRIKE_ONE_SIDED__GRAPPLE_TWO_SIDED,2023,LGBM,2,INSUFFICIENT,1,INSUFFICIENT,1,0,1,0,0.7879886598027156,0.2120113401972844,-0.2120113401972844,,,,,"{""2023"": 1}","{""2023"": 2}",1,"[0.20654931437723745, 1.0]"
terrain,joint_mov_environment::STRIKE_ONE_SIDED__GRAPPLE_TWO_SIDED,2024,LGBM,2,INSUFFICIENT,1,INSUFFICIENT,0,1,0,1,0.54526034340091212,0.45473965659908788,0.54526034340091212,,,,,"{""2024"": 1}","{""2024"": 2}",1,"[0.0, 0.7934506856227626]"
terrain,joint_mov_environment::STRIKE_ONE_SIDED__GRAPPLE_TWO_SIDED,2025,LGBM,1,INSUFFICIENT,1,INSUFFICIENT,1,0,1,0,0.60417928052799896,0.39582071947200104,-0.39582071947200104,,,,,"{""2025"": 1}","{""2025"": 1}",1,"[0.20654931437723745, 1.0]"
terrain,joint_mov_environment::STRIKE_ONE_SIDED__GRAPPLE_TWO_SIDED,2026,LGBM,1,INSUFFICIENT,1,INSUFFICIENT,1,0,1,0,0.65773627985957384,0.34226372014042616,-0.34226372014042616,,,,,"{""2026"": 1}","{""2026"": 1}",1,"[0.20654931437723745, 1.0]"
terrain,joint_mov_environment::STRIKE_ONE_SIDED__GRAPPLE_TWO_SIDED,2018,CAT,1,INSUFFICIENT,1,INSUFFICIENT,1,0,1,0,0.52745858313268001,0.47254141686731999,-0.47254141686731999,,,,,"{""2018"": 1}","{""2018"": 1}",1,"[0.20654931437723745, 1.0]"
terrain,joint_mov_environment::STRIKE_ONE_SIDED__GRAPPLE_TWO_SIDED,2019,CAT,1,INSUFFICIENT,0,INSUFFICIENT,0,0,,,,,,,,,,{},"{""2019"": 1}",0,"[null, null]"
terrain,joint_mov_environment::STRIKE_ONE_SIDED__GRAPPLE_TWO_SIDED,2020,CAT,2,INSUFFICIENT,1,INSUFFICIENT,0,1,0,1,0.71769118350758132,0.28230881649241868,0.71769118350758132,,,,,"{""2020"": 1}","{""2020"": 2}",1,"[0.0, 0.7934506856227626]"
terrain,joint_mov_environment::STRIKE_ONE_SIDED__GRAPPLE_TWO_SIDED,2021,CAT,0,INSUFFICIENT,0,INSUFFICIENT,0,0,,,,,,,,,,{},{},0,"[null, null]"
terrain,joint_mov_environment::STRIKE_ONE_SIDED__GRAPPLE_TWO_SIDED,2022,CAT,2,INSUFFICIENT,2,INSUFFICIENT,1,1,0.5,0.5,0.63424038573960662,0.36575961426039338,0.13424038573960662,,,,,"{""2022"": 2}","{""2022"": 2}",2,"[0.09453120573423074, 0.9054687942657693]"
terrain,joint_mov_environment::STRIKE_ONE_SIDED__GRAPPLE_TWO_SIDED,2023,CAT,2,INSUFFICIENT,1,INSUFFICIENT,1,0,1,0,0.80135790446429844,0.19864209553570156,-0.19864209553570156,,,,,"{""2023"": 1}","{""2023"": 2}",1,"[0.20654931437723745, 1.0]"
terrain,joint_mov_environment::STRIKE_ONE_SIDED__GRAPPLE_TWO_SIDED,2024,CAT,2,INSUFFICIENT,1,INSUFFICIENT,0,1,0,1,0.5776983625062706,0.4223016374937294,0.5776983625062706,,,,,"{""2024"": 1}","{""2024"": 2}",1,"[0.0, 0.7934506856227626]"
terrain,joint_mov_environment::STRIKE_ONE_SIDED__GRAPPLE_TWO_SIDED,2025,CAT,1,INSUFFICIENT,1,INSUFFICIENT,1,0,1,0,0.63503782669029141,0.36496217330970859,-0.36496217330970859,,,,,"{""2025"": 1}","{""2025"": 1}",1,"[0.20654931437723745, 1.0]"
terrain,joint_mov_environment::STRIKE_ONE_SIDED__GRAPPLE_TWO_SIDED,2026,CAT,1,INSUFFICIENT,1,INSUFFICIENT,1,0,1,0,0.75437727291329404,0.24562272708670596,-0.24562272708670596,,,,,"{""2026"": 1}","{""2026"": 1}",1,"[0.20654931437723745, 1.0]"
terrain,joint_mov_environment::STRIKE_ONE_SIDED__GRAPPLE_TWO_SIDED,2018,SELECT,1,INSUFFICIENT,1,INSUFFICIENT,1,0,1,0,0.55518460273742676,0.44481539726257324,-0.44481539726257324,,,,,"{""2018"": 1}","{""2018"": 1}",1,"[0.20654931437723745, 1.0]"
terrain,joint_mov_environment::STRIKE_ONE_SIDED__GRAPPLE_TWO_SIDED,2019,SELECT,1,INSUFFICIENT,0,INSUFFICIENT,0,0,,,,,,,,,,{},"{""2019"": 1}",0,"[null, null]"
terrain,joint_mov_environment::STRIKE_ONE_SIDED__GRAPPLE_TWO_SIDED,2020,SELECT,2,INSUFFICIENT,1,INSUFFICIENT,0,1,0,1,0.72445879021344184,0.27554120978655816,0.72445879021344184,,,,,"{""2020"": 1}","{""2020"": 2}",1,"[0.0, 0.7934506856227626]"
terrain,joint_mov_environment::STRIKE_ONE_SIDED__GRAPPLE_TWO_SIDED,2021,SELECT,0,INSUFFICIENT,0,INSUFFICIENT,0,0,,,,,,,,,,{},{},0,"[null, null]"
terrain,joint_mov_environment::STRIKE_ONE_SIDED__GRAPPLE_TWO_SIDED,2022,SELECT,2,INSUFFICIENT,2,INSUFFICIENT,1,1,0.5,0.5,0.6112553057950838,0.3887446942049162,0.1112553057950838,,,,,"{""2022"": 2}","{""2022"": 2}",2,"[0.09453120573423074, 0.9054687942657693]"
terrain,joint_mov_environment::STRIKE_ONE_SIDED__GRAPPLE_TWO_SIDED,2023,SELECT,2,INSUFFICIENT,1,INSUFFICIENT,1,0,1,0,0.80135790446429844,0.19864209553570156,-0.19864209553570156,,,,,"{""2023"": 1}","{""2023"": 2}",1,"[0.20654931437723745, 1.0]"
terrain,joint_mov_environment::STRIKE_ONE_SIDED__GRAPPLE_TWO_SIDED,2024,SELECT,2,INSUFFICIENT,1,INSUFFICIENT,0,1,0,1,0.5776983625062706,0.4223016374937294,0.5776983625062706,,,,,"{""2024"": 1}","{""2024"": 2}",1,"[0.0, 0.7934506856227626]"
terrain,joint_mov_environment::STRIKE_ONE_SIDED__GRAPPLE_TWO_SIDED,2025,SELECT,1,INSUFFICIENT,1,INSUFFICIENT,1,0,1,0,0.60417928052799896,0.39582071947200104,-0.39582071947200104,,,,,"{""2025"": 1}","{""2025"": 1}",1,"[0.20654931437723745, 1.0]"
terrain,joint_mov_environment::STRIKE_ONE_SIDED__GRAPPLE_TWO_SIDED,2026,SELECT,1,INSUFFICIENT,1,INSUFFICIENT,1,0,1,0,0.65773627985957384,0.34226372014042616,-0.34226372014042616,,,,,"{""2026"": 1}","{""2026"": 1}",1,"[0.20654931437723745, 1.0]"
terrain,joint_mov_environment::STRIKE_TWO_SIDED__GRAPPLE_LOW,2018,LINEAR_MIN,5,INSUFFICIENT,5,INSUFFICIENT,4,1,0.80000000000000004,0.20000000000000001,0.84507216687348341,0.15492783312651659,0.045072166873483366,,,,,"{""2018"": 5}","{""2018"": 5}",5,"[0.37553462976252533, 0.9637758913675698]"
terrain,joint_mov_environment::STRIKE_TWO_SIDED__GRAPPLE_LOW,2019,LINEAR_MIN,12,INSUFFICIENT,5,INSUFFICIENT,5,0,1,0,0.85537524974926848,0.14462475025073152,-0.14462475025073152,,,,,"{""2019"": 5}","{""2019"": 12}",5,"[0.5655175352168251, 1.0]"
terrain,joint_mov_environment::STRIKE_TWO_SIDED__GRAPPLE_LOW,2020,LINEAR_MIN,9,INSUFFICIENT,4,INSUFFICIENT,4,0,1,0,0.89237486472870731,0.10762513527129269,-0.10762513527129269,,,,,"{""2020"": 4}","{""2020"": 9}",4,"[0.5101091635454027, 1.0]"
terrain,joint_mov_environment::STRIKE_TWO_SIDED__GRAPPLE_LOW,2021,LINEAR_MIN,25,THIN_EXPLORATORY,9,INSUFFICIENT,8,1,0.88888888888888884,0.1111111111111111,0.79925059595418058,0.20074940404581942,-0.089638292934708264,,,,,"{""2021"": 9}","{""2021"": 25}",9,"[0.5650002944233439, 0.9801091123614551]"
terrain,joint_mov_environment::STRIKE_TWO_SIDED__GRAPPLE_LOW,2022,LINEAR_MIN,17,INSUFFICIENT,7,INSUFFICIENT,4,3,0.5714285714285714,0.42857142857142855,0.82193008383696409,0.17806991616303591,0.25050151240839269,,,,,"{""2022"": 7}","{""2022"": 17}",6,"[0.2504583645276572, 0.8417801447485302]"
terrain,joint_mov_environment::STRIKE_TWO_SIDED__GRAPPLE_LOW,2023,LINEAR_MIN,19,INSUFFICIENT,11,INSUFFICIENT,10,1,0.90909090909090906,0.090909090909090912,0.84478989536086435,0.15521010463913565,-0.064301013730044709,,,,,"{""2023"": 11}","{""2023"": 19}",8,"[0.6226415635484043, 0.9837678271141151]"
terrain,joint_mov_environment::STRIKE_TWO_SIDED__GRAPPLE_LOW,2024,LINEAR_MIN,27,THIN_EXPLORATORY,12,INSUFFICIENT,9,3,0.75,0.25,0.85750811105509095,0.14249188894490905,0.10750811105509095,,,,,"{""2024"": 12}","{""2024"": 27}",11,"[0.46769466506643426, 0.9110583316059453]"
terrain,joint_mov_environment::STRIKE_TWO_SIDED__GRAPPLE_LOW,2025,LINEAR_MIN,24,INSUFFICIENT,12,INSUFFICIENT,10,2,0.83333333333333337,0.16666666666666666,0.84010203523925187,0.15989796476074813,0.006768701905918495,,,,,"{""2025"": 12}","{""2025"": 24}",11,"[0.5519691377470266, 0.9530348578161463]"
terrain,joint_mov_environment::STRIKE_TWO_SIDED__GRAPPLE_LOW,2026,LINEAR_MIN,13,INSUFFICIENT,10,INSUFFICIENT,10,0,1,0,0.8797987959397966,0.1202012040602034,-0.1202012040602034,,,,,"{""2026"": 10}","{""2026"": 13}",9,"[0.7224672001371107, 0.9999999999999999]"
terrain,joint_mov_environment::STRIKE_TWO_SIDED__GRAPPLE_LOW,2018,XGB,5,INSUFFICIENT,5,INSUFFICIENT,4,1,0.80000000000000004,0.20000000000000001,0.79660702943801875,0.20339297056198125,-0.00339297056198129,,,,,"{""2018"": 5}","{""2018"": 5}",5,"[0.37553462976252533, 0.9637758913675698]"
terrain,joint_mov_environment::STRIKE_TWO_SIDED__GRAPPLE_LOW,2019,XGB,12,INSUFFICIENT,5,INSUFFICIENT,5,0,1,0,0.81693725585937504,0.18306274414062496,-0.18306274414062496,,,,,"{""2019"": 5}","{""2019"": 12}",5,"[0.5655175352168251, 1.0]"
terrain,joint_mov_environment::STRIKE_TWO_SIDED__GRAPPLE_LOW,2020,XGB,9,INSUFFICIENT,4,INSUFFICIENT,4,0,1,0,0.81659667193889618,0.18340332806110382,-0.18340332806110382,,,,,"{""2020"": 4}","{""2020"": 9}",4,"[0.5101091635454027, 1.0]"
terrain,joint_mov_environment::STRIKE_TWO_SIDED__GRAPPLE_LOW,2021,XGB,25,THIN_EXPLORATORY,9,INSUFFICIENT,8,1,0.88888888888888884,0.1111111111111111,0.68482122156355119,0.31517877843644881,-0.20406766732533765,,,,,"{""2021"": 9}","{""2021"": 25}",9,"[0.5650002944233439, 0.9801091123614551]"
terrain,joint_mov_environment::STRIKE_TWO_SIDED__GRAPPLE_LOW,2022,XGB,17,INSUFFICIENT,7,INSUFFICIENT,4,3,0.5714285714285714,0.42857142857142855,0.73805586780820576,0.26194413219179424,0.16662729637963436,,,,,"{""2022"": 7}","{""2022"": 17}",6,"[0.2504583645276572, 0.8417801447485302]"
terrain,joint_mov_environment::STRIKE_TWO_SIDED__GRAPPLE_LOW,2023,XGB,19,INSUFFICIENT,11,INSUFFICIENT,10,1,0.90909090909090906,0.090909090909090912,0.79467472163113684,0.20532527836886316,-0.11441618745977222,,,,,"{""2023"": 11}","{""2023"": 19}",8,"[0.6226415635484043, 0.9837678271141151]"
terrain,joint_mov_environment::STRIKE_TWO_SIDED__GRAPPLE_LOW,2024,XGB,27,THIN_EXPLORATORY,12,INSUFFICIENT,9,3,0.75,0.25,0.75996106863021851,0.24003893136978149,0.0099610686302185059,,,,,"{""2024"": 12}","{""2024"": 27}",11,"[0.46769466506643426, 0.9110583316059453]"
terrain,joint_mov_environment::STRIKE_TWO_SIDED__GRAPPLE_LOW,2025,XGB,24,INSUFFICIENT,12,INSUFFICIENT,10,2,0.83333333333333337,0.16666666666666666,0.80400691429773963,0.19599308570226037,-0.029326419035593743,,,,,"{""2025"": 12}","{""2025"": 24}",11,"[0.5519691377470266, 0.9530348578161463]"
terrain,joint_mov_environment::STRIKE_TWO_SIDED__GRAPPLE_LOW,2026,XGB,13,INSUFFICIENT,10,INSUFFICIENT,10,0,1,0,0.86078553199768071,0.13921446800231929,-0.13921446800231929,,,,,"{""2026"": 10}","{""2026"": 13}",9,"[0.7224672001371107, 0.9999999999999999]"
terrain,joint_mov_environment::STRIKE_TWO_SIDED__GRAPPLE_LOW,2018,LGBM,5,INSUFFICIENT,5,INSUFFICIENT,4,1,0.80000000000000004,0.20000000000000001,0.78198354946160886,0.21801645053839114,-0.018016450538391182,,,,,"{""2018"": 5}","{""2018"": 5}",5,"[0.37553462976252533, 0.9637758913675698]"
terrain,joint_mov_environment::STRIKE_TWO_SIDED__GRAPPLE_LOW,2019,LGBM,12,INSUFFICIENT,5,INSUFFICIENT,5,0,1,0,0.82832616455977115,0.17167383544022885,-0.17167383544022885,,,,,"{""2019"": 5}","{""2019"": 12}",5,"[0.5655175352168251, 1.0]"
terrain,joint_mov_environment::STRIKE_TWO_SIDED__GRAPPLE_LOW,2020,LGBM,9,INSUFFICIENT,4,INSUFFICIENT,4,0,1,0,0.84613257294749311,0.15386742705250689,-0.15386742705250689,,,,,"{""2020"": 4}","{""2020"": 9}",4,"[0.5101091635454027, 1.0]"
terrain,joint_mov_environment::STRIKE_TWO_SIDED__GRAPPLE_LOW,2021,LGBM,25,THIN_EXPLORATORY,9,INSUFFICIENT,8,1,0.88888888888888884,0.1111111111111111,0.69401714801621084,0.30598285198378916,-0.194871740872678,,,,,"{""2021"": 9}","{""2021"": 25}",9,"[0.5650002944233439, 0.9801091123614551]"
terrain,joint_mov_environment::STRIKE_TWO_SIDED__GRAPPLE_LOW,2022,LGBM,17,INSUFFICIENT,7,INSUFFICIENT,4,3,0.5714285714285714,0.42857142857142855,0.7553232096319622,0.2446767903680378,0.1838946382033908,,,,,"{""2022"": 7}","{""2022"": 17}",6,"[0.2504583645276572, 0.8417801447485302]"
terrain,joint_mov_environment::STRIKE_TWO_SIDED__GRAPPLE_LOW,2023,LGBM,19,INSUFFICIENT,11,INSUFFICIENT,10,1,0.90909090909090906,0.090909090909090912,0.80997679507582643,0.19002320492417357,-0.099114114015082633,,,,,"{""2023"": 11}","{""2023"": 19}",8,"[0.6226415635484043, 0.9837678271141151]"
terrain,joint_mov_environment::STRIKE_TWO_SIDED__GRAPPLE_LOW,2024,LGBM,27,THIN_EXPLORATORY,12,INSUFFICIENT,9,3,0.75,0.25,0.77771761239649406,0.22228238760350594,0.027717612396494062,,,,,"{""2024"": 12}","{""2024"": 27}",11,"[0.46769466506643426, 0.9110583316059453]"
terrain,joint_mov_environment::STRIKE_TWO_SIDED__GRAPPLE_LOW,2025,LGBM,24,INSUFFICIENT,12,INSUFFICIENT,10,2,0.83333333333333337,0.16666666666666666,0.79405163640643683,0.20594836359356317,-0.039281696926896537,,,,,"{""2025"": 12}","{""2025"": 24}",11,"[0.5519691377470266, 0.9530348578161463]"
terrain,joint_mov_environment::STRIKE_TWO_SIDED__GRAPPLE_LOW,2026,LGBM,13,INSUFFICIENT,10,INSUFFICIENT,10,0,1,0,0.84214002647945085,0.15785997352054915,-0.15785997352054915,,,,,"{""2026"": 10}","{""2026"": 13}",9,"[0.7224672001371107, 0.9999999999999999]"
terrain,joint_mov_environment::STRIKE_TWO_SIDED__GRAPPLE_LOW,2018,CAT,5,INSUFFICIENT,5,INSUFFICIENT,4,1,0.80000000000000004,0.20000000000000001,0.77717326748738469,0.22282673251261531,-0.022826732512615355,,,,,"{""2018"": 5}","{""2018"": 5}",5,"[0.37553462976252533, 0.9637758913675698]"
terrain,joint_mov_environment::STRIKE_TWO_SIDED__GRAPPLE_LOW,2019,CAT,12,INSUFFICIENT,5,INSUFFICIENT,5,0,1,0,0.83957887743257076,0.16042112256742924,-0.16042112256742924,,,,,"{""2019"": 5}","{""2019"": 12}",5,"[0.5655175352168251, 1.0]"
terrain,joint_mov_environment::STRIKE_TWO_SIDED__GRAPPLE_LOW,2020,CAT,9,INSUFFICIENT,4,INSUFFICIENT,4,0,1,0,0.83094734533756709,0.16905265466243291,-0.16905265466243291,,,,,"{""2020"": 4}","{""2020"": 9}",4,"[0.5101091635454027, 1.0]"
terrain,joint_mov_environment::STRIKE_TWO_SIDED__GRAPPLE_LOW,2021,CAT,25,THIN_EXPLORATORY,9,INSUFFICIENT,8,1,0.88888888888888884,0.1111111111111111,0.71758887137899963,0.28241112862100037,-0.17130001750988921,,,,,"{""2021"": 9}","{""2021"": 25}",9,"[0.5650002944233439, 0.9801091123614551]"
terrain,joint_mov_environment::STRIKE_TWO_SIDED__GRAPPLE_LOW,2022,CAT,17,INSUFFICIENT,7,INSUFFICIENT,4,3,0.5714285714285714,0.42857142857142855,0.75508169364031474,0.24491830635968526,0.18365312221174335,,,,,"{""2022"": 7}","{""2022"": 17}",6,"[0.2504583645276572, 0.8417801447485302]"
terrain,joint_mov_environment::STRIKE_TWO_SIDED__GRAPPLE_LOW,2023,CAT,19,INSUFFICIENT,11,INSUFFICIENT,10,1,0.90909090909090906,0.090909090909090912,0.79377906204101945,0.20622093795898055,-0.11531184704988962,,,,,"{""2023"": 11}","{""2023"": 19}",8,"[0.6226415635484043, 0.9837678271141151]"
terrain,joint_mov_environment::STRIKE_TWO_SIDED__GRAPPLE_LOW,2024,CAT,27,THIN_EXPLORATORY,12,INSUFFICIENT,9,3,0.75,0.25,0.83398110930427949,0.16601889069572051,0.083981109304279489,,,,,"{""2024"": 12}","{""2024"": 27}",11,"[0.46769466506643426, 0.9110583316059453]"
terrain,joint_mov_environment::STRIKE_TWO_SIDED__GRAPPLE_LOW,2025,CAT,24,INSUFFICIENT,12,INSUFFICIENT,10,2,0.83333333333333337,0.16666666666666666,0.78018745838989823,0.21981254161010177,-0.053145874943435145,,,,,"{""2025"": 12}","{""2025"": 24}",11,"[0.5519691377470266, 0.9530348578161463]"
terrain,joint_mov_environment::STRIKE_TWO_SIDED__GRAPPLE_LOW,2026,CAT,13,INSUFFICIENT,10,INSUFFICIENT,10,0,1,0,0.85423246236067862,0.14576753763932138,-0.14576753763932138,,,,,"{""2026"": 10}","{""2026"": 13}",9,"[0.7224672001371107, 0.9999999999999999]"
terrain,joint_mov_environment::STRIKE_TWO_SIDED__GRAPPLE_LOW,2018,SELECT,5,INSUFFICIENT,5,INSUFFICIENT,4,1,0.80000000000000004,0.20000000000000001,0.79660702943801875,0.20339297056198125,-0.00339297056198129,,,,,"{""2018"": 5}","{""2018"": 5}",5,"[0.37553462976252533, 0.9637758913675698]"
terrain,joint_mov_environment::STRIKE_TWO_SIDED__GRAPPLE_LOW,2019,SELECT,12,INSUFFICIENT,5,INSUFFICIENT,5,0,1,0,0.81693725585937504,0.18306274414062496,-0.18306274414062496,,,,,"{""2019"": 5}","{""2019"": 12}",5,"[0.5655175352168251, 1.0]"
terrain,joint_mov_environment::STRIKE_TWO_SIDED__GRAPPLE_LOW,2020,SELECT,9,INSUFFICIENT,4,INSUFFICIENT,4,0,1,0,0.84613257294749311,0.15386742705250689,-0.15386742705250689,,,,,"{""2020"": 4}","{""2020"": 9}",4,"[0.5101091635454027, 1.0]"
terrain,joint_mov_environment::STRIKE_TWO_SIDED__GRAPPLE_LOW,2021,SELECT,25,THIN_EXPLORATORY,9,INSUFFICIENT,8,1,0.88888888888888884,0.1111111111111111,0.71758887137899963,0.28241112862100037,-0.17130001750988921,,,,,"{""2021"": 9}","{""2021"": 25}",9,"[0.5650002944233439, 0.9801091123614551]"
terrain,joint_mov_environment::STRIKE_TWO_SIDED__GRAPPLE_LOW,2022,SELECT,17,INSUFFICIENT,7,INSUFFICIENT,4,3,0.5714285714285714,0.42857142857142855,0.7553232096319622,0.2446767903680378,0.1838946382033908,,,,,"{""2022"": 7}","{""2022"": 17}",6,"[0.2504583645276572, 0.8417801447485302]"
terrain,joint_mov_environment::STRIKE_TWO_SIDED__GRAPPLE_LOW,2023,SELECT,19,INSUFFICIENT,11,INSUFFICIENT,10,1,0.90909090909090906,0.090909090909090912,0.79377906204101945,0.20622093795898055,-0.11531184704988962,,,,,"{""2023"": 11}","{""2023"": 19}",8,"[0.6226415635484043, 0.9837678271141151]"
terrain,joint_mov_environment::STRIKE_TWO_SIDED__GRAPPLE_LOW,2024,SELECT,27,THIN_EXPLORATORY,12,INSUFFICIENT,9,3,0.75,0.25,0.83398110930427949,0.16601889069572051,0.083981109304279489,,,,,"{""2024"": 12}","{""2024"": 27}",11,"[0.46769466506643426, 0.9110583316059453]"
terrain,joint_mov_environment::STRIKE_TWO_SIDED__GRAPPLE_LOW,2025,SELECT,24,INSUFFICIENT,12,INSUFFICIENT,10,2,0.83333333333333337,0.16666666666666666,0.79405163640643683,0.20594836359356317,-0.039281696926896537,,,,,"{""2025"": 12}","{""2025"": 24}",11,"[0.5519691377470266, 0.9530348578161463]"
terrain,joint_mov_environment::STRIKE_TWO_SIDED__GRAPPLE_LOW,2026,SELECT,13,INSUFFICIENT,10,INSUFFICIENT,10,0,1,0,0.84214002647945085,0.15785997352054915,-0.15785997352054915,,,,,"{""2026"": 10}","{""2026"": 13}",9,"[0.7224672001371107, 0.9999999999999999]"
terrain,joint_mov_environment::STRIKE_TWO_SIDED__GRAPPLE_ONE_SIDED,2018,LINEAR_MIN,0,INSUFFICIENT,0,INSUFFICIENT,0,0,,,,,,,,,,{},{},0,"[null, null]"
terrain,joint_mov_environment::STRIKE_TWO_SIDED__GRAPPLE_ONE_SIDED,2019,LINEAR_MIN,0,INSUFFICIENT,0,INSUFFICIENT,0,0,,,,,,,,,,{},{},0,"[null, null]"
terrain,joint_mov_environment::STRIKE_TWO_SIDED__GRAPPLE_ONE_SIDED,2020,LINEAR_MIN,0,INSUFFICIENT,0,INSUFFICIENT,0,0,,,,,,,,,,{},{},0,"[null, null]"
terrain,joint_mov_environment::STRIKE_TWO_SIDED__GRAPPLE_ONE_SIDED,2021,LINEAR_MIN,2,INSUFFICIENT,1,INSUFFICIENT,0,1,0,1,0.75584216677387417,0.24415783322612583,0.75584216677387417,,,,,"{""2021"": 1}","{""2021"": 2}",1,"[0.0, 0.7934506856227626]"
terrain,joint_mov_environment::STRIKE_TWO_SIDED__GRAPPLE_ONE_SIDED,2022,LINEAR_MIN,0,INSUFFICIENT,0,INSUFFICIENT,0,0,,,,,,,,,,{},{},0,"[null, null]"
terrain,joint_mov_environment::STRIKE_TWO_SIDED__GRAPPLE_ONE_SIDED,2023,LINEAR_MIN,2,INSUFFICIENT,2,INSUFFICIENT,2,0,1,0,0.77106543669250249,0.22893456330749751,-0.22893456330749751,,,,,"{""2023"": 2}","{""2023"": 2}",2,"[0.34238022750665303, 1.0]"
terrain,joint_mov_environment::STRIKE_TWO_SIDED__GRAPPLE_ONE_SIDED,2024,LINEAR_MIN,5,INSUFFICIENT,4,INSUFFICIENT,3,1,0.75,0.25,0.74535747940333474,0.25464252059666526,-0.0046425205966652561,,,,,"{""2024"": 4}","{""2024"": 5}",4,"[0.30064184258240184, 0.9544127391902995]"
terrain,joint_mov_environment::STRIKE_TWO_SIDED__GRAPPLE_ONE_SIDED,2025,LINEAR_MIN,6,INSUFFICIENT,4,INSUFFICIENT,2,2,0.5,0.5,0.76656616902215657,0.23343383097784343,0.26656616902215657,,,,,"{""2025"": 4}","{""2025"": 6}",3,"[0.15003898915214947, 0.8499610108478506]"
terrain,joint_mov_environment::STRIKE_TWO_SIDED__GRAPPLE_ONE_SIDED,2026,LINEAR_MIN,2,INSUFFICIENT,2,INSUFFICIENT,2,0,1,0,0.69155860466468877,0.30844139533531123,-0.30844139533531123,,,,,"{""2026"": 2}","{""2026"": 2}",2,"[0.34238022750665303, 1.0]"
terrain,joint_mov_environment::STRIKE_TWO_SIDED__GRAPPLE_ONE_SIDED,2018,XGB,0,INSUFFICIENT,0,INSUFFICIENT,0,0,,,,,,,,,,{},{},0,"[null, null]"
terrain,joint_mov_environment::STRIKE_TWO_SIDED__GRAPPLE_ONE_SIDED,2019,XGB,0,INSUFFICIENT,0,INSUFFICIENT,0,0,,,,,,,,,,{},{},0,"[null, null]"
terrain,joint_mov_environment::STRIKE_TWO_SIDED__GRAPPLE_ONE_SIDED,2020,XGB,0,INSUFFICIENT,0,INSUFFICIENT,0,0,,,,,,,,,,{},{},0,"[null, null]"
terrain,joint_mov_environment::STRIKE_TWO_SIDED__GRAPPLE_ONE_SIDED,2021,XGB,2,INSUFFICIENT,1,INSUFFICIENT,0,1,0,1,0.6316993236541748,0.3683006763458252,0.6316993236541748,,,,,"{""2021"": 1}","{""2021"": 2}",1,"[0.0, 0.7934506856227626]"
terrain,joint_mov_environment::STRIKE_TWO_SIDED__GRAPPLE_ONE_SIDED,2022,XGB,0,INSUFFICIENT,0,INSUFFICIENT,0,0,,,,,,,,,,{},{},0,"[null, null]"
terrain,joint_mov_environment::STRIKE_TWO_SIDED__GRAPPLE_ONE_SIDED,2023,XGB,2,INSUFFICIENT,2,INSUFFICIENT,2,0,1,0,0.72881320118904114,0.27118679881095886,-0.27118679881095886,,,,,"{""2023"": 2}","{""2023"": 2}",2,"[0.34238022750665303, 1.0]"
terrain,joint_mov_environment::STRIKE_TWO_SIDED__GRAPPLE_ONE_SIDED,2024,XGB,5,INSUFFICIENT,4,INSUFFICIENT,3,1,0.75,0.25,0.67401473224163055,0.32598526775836945,-0.075985267758369446,,,,,"{""2024"": 4}","{""2024"": 5}",4,"[0.30064184258240184, 0.9544127391902995]"
terrain,joint_mov_environment::STRIKE_TWO_SIDED__GRAPPLE_ONE_SIDED,2025,XGB,6,INSUFFICIENT,4,INSUFFICIENT,2,2,0.5,0.5,0.64956355094909668,0.35043644905090332,0.14956355094909668,,,,,"{""2025"": 4}","{""2025"": 6}",3,"[0.15003898915214947, 0.8499610108478506]"
terrain,joint_mov_environment::STRIKE_TWO_SIDED__GRAPPLE_ONE_SIDED,2026,XGB,2,INSUFFICIENT,2,INSUFFICIENT,2,0,1,0,0.65495875477790833,0.34504124522209167,-0.34504124522209167,,,,,"{""2026"": 2}","{""2026"": 2}",2,"[0.34238022750665303, 1.0]"
terrain,joint_mov_environment::STRIKE_TWO_SIDED__GRAPPLE_ONE_SIDED,2018,LGBM,0,INSUFFICIENT,0,INSUFFICIENT,0,0,,,,,,,,,,{},{},0,"[null, null]"
terrain,joint_mov_environment::STRIKE_TWO_SIDED__GRAPPLE_ONE_SIDED,2019,LGBM,0,INSUFFICIENT,0,INSUFFICIENT,0,0,,,,,,,,,,{},{},0,"[null, null]"
terrain,joint_mov_environment::STRIKE_TWO_SIDED__GRAPPLE_ONE_SIDED,2020,LGBM,0,INSUFFICIENT,0,INSUFFICIENT,0,0,,,,,,,,,,{},{},0,"[null, null]"
terrain,joint_mov_environment::STRIKE_TWO_SIDED__GRAPPLE_ONE_SIDED,2021,LGBM,2,INSUFFICIENT,1,INSUFFICIENT,0,1,0,1,0.62406635877301431,0.37593364122698569,0.62406635877301431,,,,,"{""2021"": 1}","{""2021"": 2}",1,"[0.0, 0.7934506856227626]"
terrain,joint_mov_environment::STRIKE_TWO_SIDED__GRAPPLE_ONE_SIDED,2022,LGBM,0,INSUFFICIENT,0,INSUFFICIENT,0,0,,,,,,,,,,{},{},0,"[null, null]"
terrain,joint_mov_environment::STRIKE_TWO_SIDED__GRAPPLE_ONE_SIDED,2023,LGBM,2,INSUFFICIENT,2,INSUFFICIENT,2,0,1,0,0.7470987654063832,0.2529012345936168,-0.2529012345936168,,,,,"{""2023"": 2}","{""2023"": 2}",2,"[0.34238022750665303, 1.0]"
terrain,joint_mov_environment::STRIKE_TWO_SIDED__GRAPPLE_ONE_SIDED,2024,LGBM,5,INSUFFICIENT,4,INSUFFICIENT,3,1,0.75,0.25,0.65131749151365059,0.34868250848634941,-0.098682508486349407,,,,,"{""2024"": 4}","{""2024"": 5}",4,"[0.30064184258240184, 0.9544127391902995]"
terrain,joint_mov_environment::STRIKE_TWO_SIDED__GRAPPLE_ONE_SIDED,2025,LGBM,6,INSUFFICIENT,4,INSUFFICIENT,2,2,0.5,0.5,0.67201435121371844,0.32798564878628156,0.17201435121371844,,,,,"{""2025"": 4}","{""2025"": 6}",3,"[0.15003898915214947, 0.8499610108478506]"
terrain,joint_mov_environment::STRIKE_TWO_SIDED__GRAPPLE_ONE_SIDED,2026,LGBM,2,INSUFFICIENT,2,INSUFFICIENT,2,0,1,0,0.63462177787005558,0.36537822212994442,-0.36537822212994442,,,,,"{""2026"": 2}","{""2026"": 2}",2,"[0.34238022750665303, 1.0]"
terrain,joint_mov_environment::STRIKE_TWO_SIDED__GRAPPLE_ONE_SIDED,2018,CAT,0,INSUFFICIENT,0,INSUFFICIENT,0,0,,,,,,,,,,{},{},0,"[null, null]"
terrain,joint_mov_environment::STRIKE_TWO_SIDED__GRAPPLE_ONE_SIDED,2019,CAT,0,INSUFFICIENT,0,INSUFFICIENT,0,0,,,,,,,,,,{},{},0,"[null, null]"
terrain,joint_mov_environment::STRIKE_TWO_SIDED__GRAPPLE_ONE_SIDED,2020,CAT,0,INSUFFICIENT,0,INSUFFICIENT,0,0,,,,,,,,,,{},{},0,"[null, null]"
terrain,joint_mov_environment::STRIKE_TWO_SIDED__GRAPPLE_ONE_SIDED,2021,CAT,2,INSUFFICIENT,1,INSUFFICIENT,0,1,0,1,0.65004275375496801,0.34995724624503199,0.65004275375496801,,,,,"{""2021"": 1}","{""2021"": 2}",1,"[0.0, 0.7934506856227626]"
terrain,joint_mov_environment::STRIKE_TWO_SIDED__GRAPPLE_ONE_SIDED,2022,CAT,0,INSUFFICIENT,0,INSUFFICIENT,0,0,,,,,,,,,,{},{},0,"[null, null]"
terrain,joint_mov_environment::STRIKE_TWO_SIDED__GRAPPLE_ONE_SIDED,2023,CAT,2,INSUFFICIENT,2,INSUFFICIENT,2,0,1,0,0.73204865168970512,0.26795134831029488,-0.26795134831029488,,,,,"{""2023"": 2}","{""2023"": 2}",2,"[0.34238022750665303, 1.0]"
terrain,joint_mov_environment::STRIKE_TWO_SIDED__GRAPPLE_ONE_SIDED,2024,CAT,5,INSUFFICIENT,4,INSUFFICIENT,3,1,0.75,0.25,0.65987020053911016,0.34012979946088984,-0.090129799460889837,,,,,"{""2024"": 4}","{""2024"": 5}",4,"[0.30064184258240184, 0.9544127391902995]"
terrain,joint_mov_environment::STRIKE_TWO_SIDED__GRAPPLE_ONE_SIDED,2025,CAT,6,INSUFFICIENT,4,INSUFFICIENT,2,2,0.5,0.5,0.64417606113262948,0.35582393886737052,0.14417606113262948,,,,,"{""2025"": 4}","{""2025"": 6}",3,"[0.15003898915214947, 0.8499610108478506]"
terrain,joint_mov_environment::STRIKE_TWO_SIDED__GRAPPLE_ONE_SIDED,2026,CAT,2,INSUFFICIENT,2,INSUFFICIENT,2,0,1,0,0.66790550850997166,0.33209449149002834,-0.33209449149002834,,,,,"{""2026"": 2}","{""2026"": 2}",2,"[0.34238022750665303, 1.0]"
terrain,joint_mov_environment::STRIKE_TWO_SIDED__GRAPPLE_ONE_SIDED,2018,SELECT,0,INSUFFICIENT,0,INSUFFICIENT,0,0,,,,,,,,,,{},{},0,"[null, null]"
terrain,joint_mov_environment::STRIKE_TWO_SIDED__GRAPPLE_ONE_SIDED,2019,SELECT,0,INSUFFICIENT,0,INSUFFICIENT,0,0,,,,,,,,,,{},{},0,"[null, null]"
terrain,joint_mov_environment::STRIKE_TWO_SIDED__GRAPPLE_ONE_SIDED,2020,SELECT,0,INSUFFICIENT,0,INSUFFICIENT,0,0,,,,,,,,,,{},{},0,"[null, null]"
terrain,joint_mov_environment::STRIKE_TWO_SIDED__GRAPPLE_ONE_SIDED,2021,SELECT,2,INSUFFICIENT,1,INSUFFICIENT,0,1,0,1,0.65004275375496801,0.34995724624503199,0.65004275375496801,,,,,"{""2021"": 1}","{""2021"": 2}",1,"[0.0, 0.7934506856227626]"
terrain,joint_mov_environment::STRIKE_TWO_SIDED__GRAPPLE_ONE_SIDED,2022,SELECT,0,INSUFFICIENT,0,INSUFFICIENT,0,0,,,,,,,,,,{},{},0,"[null, null]"
terrain,joint_mov_environment::STRIKE_TWO_SIDED__GRAPPLE_ONE_SIDED,2023,SELECT,2,INSUFFICIENT,2,INSUFFICIENT,2,0,1,0,0.73204865168970512,0.26795134831029488,-0.26795134831029488,,,,,"{""2023"": 2}","{""2023"": 2}",2,"[0.34238022750665303, 1.0]"
terrain,joint_mov_environment::STRIKE_TWO_SIDED__GRAPPLE_ONE_SIDED,2024,SELECT,5,INSUFFICIENT,4,INSUFFICIENT,3,1,0.75,0.25,0.65987020053911016,0.34012979946088984,-0.090129799460889837,,,,,"{""2024"": 4}","{""2024"": 5}",4,"[0.30064184258240184, 0.9544127391902995]"
terrain,joint_mov_environment::STRIKE_TWO_SIDED__GRAPPLE_ONE_SIDED,2025,SELECT,6,INSUFFICIENT,4,INSUFFICIENT,2,2,0.5,0.5,0.67201435121371844,0.32798564878628156,0.17201435121371844,,,,,"{""2025"": 4}","{""2025"": 6}",3,"[0.15003898915214947, 0.8499610108478506]"
terrain,joint_mov_environment::STRIKE_TWO_SIDED__GRAPPLE_ONE_SIDED,2026,SELECT,2,INSUFFICIENT,2,INSUFFICIENT,2,0,1,0,0.63462177787005558,0.36537822212994442,-0.36537822212994442,,,,,"{""2026"": 2}","{""2026"": 2}",2,"[0.34238022750665303, 1.0]"
terrain,joint_mov_environment::UNASSIGNABLE_BY_CONTRACT,2018,LINEAR_MIN,96,MODERATE_UNCERTAINTY,51,MODERATE_UNCERTAINTY,28,23,0.5490196078431373,0.45098039215686275,0.63715929047507736,0.36284070952492264,0.088139682631940053,0.64251274551808812,0.2276526976562176,0,0,"{""2018"": 51}","{""2018"": 96}",28,"[0.41384708550368815, 0.6773248145062598]"
terrain,joint_mov_environment::UNASSIGNABLE_BY_CONTRACT,2019,LINEAR_MIN,116,NORMAL,51,MODERATE_UNCERTAINTY,26,25,0.50980392156862742,0.49019607843137253,0.61657001144363033,0.38342998855636967,0.10676608987500291,0.66438342319299126,0.2381467682877382,0,0,"{""2019"": 51}","{""2019"": 116}",31,"[0.37680923894569696, 0.6414251410562926]"
terrain,joint_mov_environment::UNASSIGNABLE_BY_CONTRACT,2020,LINEAR_MIN,95,MODERATE_UNCERTAINTY,53,MODERATE_UNCERTAINTY,36,17,0.67924528301886788,0.32075471698113206,0.62429395437804469,0.37570604562195531,-0.054951328640823194,0.60226026185440129,0.20651860084041421,0,0,"{""2020"": 53}","{""2020"": 95}",32,"[0.545185201490326, 0.7890778592086491]"
terrain,joint_mov_environment::UNASSIGNABLE_BY_CONTRACT,2021,LINEAR_MIN,77,MODERATE_UNCERTAINTY,40,THIN_EXPLORATORY,30,10,0.75,0.25,0.63013377015135286,0.36986622984864714,-0.11986622984864714,0.61059673480715426,0.20799040910125929,0,0,"{""2021"": 40}","{""2021"": 77}",27,"[0.5980603857923197, 0.858128813609037]"
terrain,joint_mov_environment::UNASSIGNABLE_BY_CONTRACT,2022,LINEAR_MIN,85,MODERATE_UNCERTAINTY,43,THIN_EXPLORATORY,31,12,0.72093023255813948,0.27906976744186046,0.6246399901976134,0.3753600098023866,-0.096290242360526079,0.58865689789420972,0.19954017517162961,0,0,"{""2022"": 43}","{""2022"": 85}",29,"[0.5730897131812113, 0.8325338621376251]"
terrain,joint_mov_environment::UNASSIGNABLE_BY_CONTRACT,2023,LINEAR_MIN,112,NORMAL,59,MODERATE_UNCERTAINTY,37,22,0.6271186440677966,0.3728813559322034,0.6264462122086103,0.3735537877913897,-0.00067243185918630655,0.62929824233726672,0.21869110935835842,0,0,"{""2023"": 59}","{""2023"": 112}",30,"[0.4995359106706382, 0.7391600120767886]"
terrain,joint_mov_environment::UNASSIGNABLE_BY_CONTRACT,2024,LINEAR_MIN,80,MODERATE_UNCERTAINTY,40,THIN_EXPLORATORY,28,12,0.69999999999999996,0.29999999999999999,0.64572736521471297,0.35427263478528703,-0.054272634785286988,0.56430357416361376,0.18944956659938553,0,0,"{""2024"": 40}","{""2024"": 80}",22,"[0.5456998118185507, 0.8192515477025347]"
terrain,joint_mov_environment::UNASSIGNABLE_BY_CONTRACT,2025,LINEAR_MIN,86,MODERATE_UNCERTAINTY,53,MODERATE_UNCERTAINTY,37,16,0.69811320754716977,0.30188679245283018,0.66488238196993255,0.33511761803006745,-0.033230825577237222,0.58077073019769154,0.1968503499856461,0,0,"{""2025"": 53}","{""2025"": 86}",31,"[0.5646316733114988, 0.8048169727242108]"
terrain,joint_mov_environment::UNASSIGNABLE_BY_CONTRACT,2026,LINEAR_MIN,74,MODERATE_UNCERTAINTY,44,THIN_EXPLORATORY,33,11,0.75,0.25,0.68397619359083672,0.31602380640916328,-0.066023806409163277,0.55859963980480321,0.18546915684064891,0,0,"{""2026"": 44}","{""2026"": 74}",21,"[0.6055943364104086, 0.8542578617103511]"
terrain,joint_mov_environment::UNASSIGNABLE_BY_CONTRACT,2018,XGB,96,MODERATE_UNCERTAINTY,51,MODERATE_UNCERTAINTY,28,23,0.5490196078431373,0.45098039215686275,0.6234640017444012,0.3765359982555988,0.074444393901263894,0.65211770098963251,0.23185330927928224,0.0096049554715445344,0.0042006116230645955,"{""2018"": 51}","{""2018"": 96}",28,"[0.41384708550368815, 0.6773248145062598]"
terrain,joint_mov_environment::UNASSIGNABLE_BY_CONTRACT,2019,XGB,116,NORMAL,51,MODERATE_UNCERTAINTY,26,25,0.50980392156862742,0.49019607843137253,0.6042402269793492,0.3957597730206508,0.094436305410721788,0.68825509260117568,0.24737446524702991,0.023871669408184557,0.0092276969592916969,"{""2019"": 51}","{""2019"": 116}",31,"[0.37680923894569696, 0.6414251410562926]"
terrain,joint_mov_environment::UNASSIGNABLE_BY_CONTRACT,2020,XGB,95,MODERATE_UNCERTAINTY,53,MODERATE_UNCERTAINTY,36,17,0.67924528301886788,0.32075471698113206,0.6155469749333724,0.3844530250666276,-0.063698308085495481,0.60660808440924263,0.20960259688656876,0.0043478225548413589,0.0030839960461545705,"{""2020"": 53}","{""2020"": 95}",32,"[0.545185201490326, 0.7890778592086491]"
terrain,joint_mov_environment::UNASSIGNABLE_BY_CONTRACT,2021,XGB,77,MODERATE_UNCERTAINTY,40,THIN_EXPLORATORY,30,10,0.75,0.25,0.61440722420811655,0.38559277579188345,-0.13559277579188345,0.61921211592807812,0.21242388260604264,0.0086153811209237173,0.0044334735047833942,"{""2021"": 40}","{""2021"": 77}",27,"[0.5980603857923197, 0.858128813609037]"
terrain,joint_mov_environment::UNASSIGNABLE_BY_CONTRACT,2022,XGB,85,MODERATE_UNCERTAINTY,43,THIN_EXPLORATORY,31,12,0.72093023255813948,0.27906976744186046,0.62447142393090005,0.37552857606909995,-0.096458808627239434,0.61805753055040047,0.21244238719462846,0.029400632656190716,0.012902212022998856,"{""2022"": 43}","{""2022"": 85}",29,"[0.5730897131812113, 0.8325338621376251]"
terrain,joint_mov_environment::UNASSIGNABLE_BY_CONTRACT,2023,XGB,112,NORMAL,59,MODERATE_UNCERTAINTY,37,22,0.6271186440677966,0.3728813559322034,0.61240021101499009,0.38759978898500991,-0.014718433052806512,0.64639207376819352,0.22636360517047377,0.017093831430926947,0.007672495812115405,"{""2023"": 59}","{""2023"": 112}",30,"[0.4995359106706382, 0.7391600120767886]"
terrain,joint_mov_environment::UNASSIGNABLE_BY_CONTRACT,2024,XGB,80,MODERATE_UNCERTAINTY,40,THIN_EXPLORATORY,28,12,0.69999999999999996,0.29999999999999999,0.60398635715246196,0.39601364284753804,-0.096013642847537994,0.60192220108687533,0.20645720158328115,0.037618626923261525,0.017007634983895615,"{""2024"": 40}","{""2024"": 80}",22,"[0.5456998118185507, 0.8192515477025347]"
terrain,joint_mov_environment::UNASSIGNABLE_BY_CONTRACT,2025,XGB,86,MODERATE_UNCERTAINTY,53,MODERATE_UNCERTAINTY,37,16,0.69811320754716977,0.30188679245283018,0.66917081036657655,0.33082918963342345,-0.028942397180593216,0.56765848817010855,0.19157417965895523,-0.01311224202758301,-0.0052761703266908846,"{""2025"": 53}","{""2025"": 86}",31,"[0.5646316733114988, 0.8048169727242108]"
terrain,joint_mov_environment::UNASSIGNABLE_BY_CONTRACT,2026,XGB,74,MODERATE_UNCERTAINTY,44,THIN_EXPLORATORY,33,11,0.75,0.25,0.67046324773268262,0.32953675226731738,-0.079536752267317379,0.56201924848934659,0.18658368272799211,0.0034196086845434139,0.0011145258873432101,"{""2026"": 44}","{""2026"": 74}",21,"[0.6055943364104086, 0.8542578617103511]"
terrain,joint_mov_environment::UNASSIGNABLE_BY_CONTRACT,2018,LGBM,96,MODERATE_UNCERTAINTY,51,MODERATE_UNCERTAINTY,28,23,0.5490196078431373,0.45098039215686275,0.61842829681868172,0.38157170318131828,0.069408688975544419,0.65581166456522222,0.23226285941892258,0.013298919047134103,0.0046101617627049138,"{""2018"": 51}","{""2018"": 96}",28,"[0.41384708550368815, 0.6773248145062598]"
terrain,joint_mov_environment::UNASSIGNABLE_BY_CONTRACT,2019,LGBM,116,NORMAL,51,MODERATE_UNCERTAINTY,26,25,0.50980392156862742,0.49019607843137253,0.58228556910877483,0.41771443089122517,0.072481647540147409,0.68267259180899176,0.24553287881135319,0.01828916861600054,0.0073861105236149634,"{""2019"": 51}","{""2019"": 116}",31,"[0.37680923894569696, 0.6414251410562926]"
terrain,joint_mov_environment::UNASSIGNABLE_BY_CONTRACT,2020,LGBM,95,MODERATE_UNCERTAINTY,53,MODERATE_UNCERTAINTY,36,17,0.67924528301886788,0.32075471698113206,0.60902012380938353,0.39097987619061647,-0.070225159209484356,0.62740105544939218,0.21921985294623264,0.025140793594990888,0.012701252105818442,"{""2020"": 53}","{""2020"": 95}",32,"[0.545185201490326, 0.7890778592086491]"
terrain,joint_mov_environment::UNASSIGNABLE_BY_CONTRACT,2021,LGBM,77,MODERATE_UNCERTAINTY,40,THIN_EXPLORATORY,30,10,0.75,0.25,0.61742509045185689,0.38257490954814311,-0.13257490954814311,0.61898441283649686,0.21211329962994077,0.0083876780293425553,0.0041228905286814967,"{""2021"": 40}","{""2021"": 77}",27,"[0.5980603857923197, 0.858128813609037]"
terrain,joint_mov_environment::UNASSIGNABLE_BY_CONTRACT,2022,LGBM,85,MODERATE_UNCERTAINTY,43,THIN_EXPLORATORY,31,12,0.72093023255813948,0.27906976744186046,0.62126282882254003,0.37873717117745997,-0.099667403735599458,0.62286476588996675,0.21468180061217751,0.034207867995757021,0.015141625440547925,"{""2022"": 43}","{""2022"": 85}",29,"[0.5730897131812113, 0.8325338621376251]"
terrain,joint_mov_environment::UNASSIGNABLE_BY_CONTRACT,2023,LGBM,112,NORMAL,59,MODERATE_UNCERTAINTY,37,22,0.6271186440677966,0.3728813559322034,0.61473977997951912,0.38526022002048088,-0.012378864088277486,0.64666763589172249,0.22632271747306351,0.017369393554455683,0.0076316081147051393,"{""2023"": 59}","{""2023"": 112}",30,"[0.4995359106706382, 0.7391600120767886]"
terrain,joint_mov_environment::UNASSIGNABLE_BY_CONTRACT,2024,LGBM,80,MODERATE_UNCERTAINTY,40,THIN_EXPLORATORY,28,12,0.69999999999999996,0.29999999999999999,0.62821993795723685,0.37178006204276315,-0.071780062042763104,0.59011756365453816,0.20082242858252886,0.025813989490924345,0.01137286198314329,"{""2024"": 40}","{""2024"": 80}",22,"[0.5456998118185507, 0.8192515477025347]"
terrain,joint_mov_environment::UNASSIGNABLE_BY_CONTRACT,2025,LGBM,86,MODERATE_UNCERTAINTY,53,MODERATE_UNCERTAINTY,37,16,0.69811320754716977,0.30188679245283018,0.66981174321328663,0.33018825678671337,-0.028301464333883142,0.55770537434902456,0.18718404557733137,-0.023065355848666962,-0.0096663044083147125,"{""2025"": 53}","{""2025"": 86}",31,"[0.5646316733114988, 0.8048169727242108]"
terrain,joint_mov_environment::UNASSIGNABLE_BY_CONTRACT,2026,LGBM,74,MODERATE_UNCERTAINTY,44,THIN_EXPLORATORY,33,11,0.75,0.25,0.67862934648338991,0.32137065351661009,-0.071370653516610094,0.57821956327193291,0.19416457638302423,0.019619923467129631,0.008695419542375328,"{""2026"": 44}","{""2026"": 74}",21,"[0.6055943364104086, 0.8542578617103511]"
terrain,joint_mov_environment::UNASSIGNABLE_BY_CONTRACT,2018,CAT,96,MODERATE_UNCERTAINTY,51,MODERATE_UNCERTAINTY,28,23,0.5490196078431373,0.45098039215686275,0.63401116301977278,0.36598883698022722,0.08499155517663548,0.64649563469353188,0.22906140747203502,0.003982889175443702,0.0014087098158173832,"{""2018"": 51}","{""2018"": 96}",28,"[0.41384708550368815, 0.6773248145062598]"
terrain,joint_mov_environment::UNASSIGNABLE_BY_CONTRACT,2019,CAT,116,NORMAL,51,MODERATE_UNCERTAINTY,26,25,0.50980392156862742,0.49019607843137253,0.59519357005433837,0.40480642994566163,0.085389648485710956,0.66784088904773953,0.23862278775299728,0.0034574658547482772,0.00047601946525904174,"{""2019"": 51}","{""2019"": 116}",31,"[0.37680923894569696, 0.6414251410562926]"
terrain,joint_mov_environment::UNASSIGNABLE_BY_CONTRACT,2020,CAT,95,MODERATE_UNCERTAINTY,53,MODERATE_UNCERTAINTY,36,17,0.67924528301886788,0.32075471698113206,0.62187027225841629,0.37812972774158371,-0.057375010760451595,0.60922807810189816,0.21145916395948719,0.0069678162474968146,0.0049405631190729887,"{""2020"": 53}","{""2020"": 95}",32,"[0.545185201490326, 0.7890778592086491]"
terrain,joint_mov_environment::UNASSIGNABLE_BY_CONTRACT,2021,CAT,77,MODERATE_UNCERTAINTY,40,THIN_EXPLORATORY,30,10,0.75,0.25,0.61381557737196613,0.38618442262803387,-0.13618442262803387,0.63262914948567495,0.2171152975725395,0.022032414678520702,0.0091248884712802469,"{""2021"": 40}","{""2021"": 77}",27,"[0.5980603857923197, 0.858128813609037]"
terrain,joint_mov_environment::UNASSIGNABLE_BY_CONTRACT,2022,CAT,85,MODERATE_UNCERTAINTY,43,THIN_EXPLORATORY,31,12,0.72093023255813948,0.27906976744186046,0.62985853578162554,0.37014146421837446,-0.091071696776513944,0.59096426602367924,0.19958687569803746,0.002307368129469493,4.6700526407898185e-05,"{""2022"": 43}","{""2022"": 85}",29,"[0.5730897131812113, 0.8325338621376251]"
terrain,joint_mov_environment::UNASSIGNABLE_BY_CONTRACT,2023,CAT,112,NORMAL,59,MODERATE_UNCERTAINTY,37,22,0.6271186440677966,0.3728813559322034,0.6195163852208484,0.3804836147791516,-0.0076022588469482066,0.65942886502230247,0.23220318678274984,0.030130622685035569,0.013512077424391439,"{""2023"": 59}","{""2023"": 112}",30,"[0.4995359106706382, 0.7391600120767886]"
terrain,joint_mov_environment::UNASSIGNABLE_BY_CONTRACT,2024,CAT,80,MODERATE_UNCERTAINTY,40,THIN_EXPLORATORY,28,12,0.69999999999999996,0.29999999999999999,0.64172441328714391,0.35827558671285609,-0.058275586712856042,0.5797886148389223,0.19719519646727424,0.015485040675308436,0.0077456298678886884,"{""2024"": 40}","{""2024"": 80}",22,"[0.5456998118185507, 0.8192515477025347]"
terrain,joint_mov_environment::UNASSIGNABLE_BY_CONTRACT,2025,CAT,86,MODERATE_UNCERTAINTY,53,MODERATE_UNCERTAINTY,37,16,0.69811320754716977,0.30188679245283018,0.66516323576501613,0.33483676423498387,-0.032949971782153642,0.56902153862430649,0.19188801594995197,-0.011749191573385017,-0.0049623340356941331,"{""2025"": 53}","{""2025"": 86}",31,"[0.5646316733114988, 0.8048169727242108]"
terrain,joint_mov_environment::UNASSIGNABLE_BY_CONTRACT,2026,CAT,74,MODERATE_UNCERTAINTY,44,THIN_EXPLORATORY,33,11,0.75,0.25,0.66751158335705763,0.33248841664294237,-0.082488416642942375,0.55522334811158924,0.18442921771703844,-0.003376291693213965,-0.0010399391236104679,"{""2026"": 44}","{""2026"": 74}",21,"[0.6055943364104086, 0.8542578617103511]"
terrain,joint_mov_environment::UNASSIGNABLE_BY_CONTRACT,2018,SELECT,96,MODERATE_UNCERTAINTY,51,MODERATE_UNCERTAINTY,28,23,0.5490196078431373,0.45098039215686275,0.6234640017444012,0.3765359982555988,0.074444393901263894,0.65211770098963251,0.23185330927928224,0.0096049554715445344,0.0042006116230645955,"{""2018"": 51}","{""2018"": 96}",28,"[0.41384708550368815, 0.6773248145062598]"
terrain,joint_mov_environment::UNASSIGNABLE_BY_CONTRACT,2019,SELECT,116,NORMAL,51,MODERATE_UNCERTAINTY,26,25,0.50980392156862742,0.49019607843137253,0.6042402269793492,0.3957597730206508,0.094436305410721788,0.68825509260117568,0.24737446524702991,0.023871669408184557,0.0092276969592916969,"{""2019"": 51}","{""2019"": 116}",31,"[0.37680923894569696, 0.6414251410562926]"
terrain,joint_mov_environment::UNASSIGNABLE_BY_CONTRACT,2020,SELECT,95,MODERATE_UNCERTAINTY,53,MODERATE_UNCERTAINTY,36,17,0.67924528301886788,0.32075471698113206,0.60902012380938353,0.39097987619061647,-0.070225159209484356,0.62740105544939218,0.21921985294623264,0.025140793594990888,0.012701252105818442,"{""2020"": 53}","{""2020"": 95}",32,"[0.545185201490326, 0.7890778592086491]"
terrain,joint_mov_environment::UNASSIGNABLE_BY_CONTRACT,2021,SELECT,77,MODERATE_UNCERTAINTY,40,THIN_EXPLORATORY,30,10,0.75,0.25,0.61381557737196613,0.38618442262803387,-0.13618442262803387,0.63262914948567495,0.2171152975725395,0.022032414678520702,0.0091248884712802469,"{""2021"": 40}","{""2021"": 77}",27,"[0.5980603857923197, 0.858128813609037]"
terrain,joint_mov_environment::UNASSIGNABLE_BY_CONTRACT,2022,SELECT,85,MODERATE_UNCERTAINTY,43,THIN_EXPLORATORY,31,12,0.72093023255813948,0.27906976744186046,0.62126282882254003,0.37873717117745997,-0.099667403735599458,0.62286476588996675,0.21468180061217751,0.034207867995757021,0.015141625440547925,"{""2022"": 43}","{""2022"": 85}",29,"[0.5730897131812113, 0.8325338621376251]"
terrain,joint_mov_environment::UNASSIGNABLE_BY_CONTRACT,2023,SELECT,112,NORMAL,59,MODERATE_UNCERTAINTY,37,22,0.6271186440677966,0.3728813559322034,0.6195163852208484,0.3804836147791516,-0.0076022588469482066,0.65942886502230247,0.23220318678274984,0.030130622685035569,0.013512077424391439,"{""2023"": 59}","{""2023"": 112}",30,"[0.4995359106706382, 0.7391600120767886]"
terrain,joint_mov_environment::UNASSIGNABLE_BY_CONTRACT,2024,SELECT,80,MODERATE_UNCERTAINTY,40,THIN_EXPLORATORY,28,12,0.69999999999999996,0.29999999999999999,0.64172441328714391,0.35827558671285609,-0.058275586712856042,0.5797886148389223,0.19719519646727424,0.015485040675308436,0.0077456298678886884,"{""2024"": 40}","{""2024"": 80}",22,"[0.5456998118185507, 0.8192515477025347]"
terrain,joint_mov_environment::UNASSIGNABLE_BY_CONTRACT,2025,SELECT,86,MODERATE_UNCERTAINTY,53,MODERATE_UNCERTAINTY,37,16,0.69811320754716977,0.30188679245283018,0.66981174321328663,0.33018825678671337,-0.028301464333883142,0.55770537434902456,0.18718404557733137,-0.023065355848666962,-0.0096663044083147125,"{""2025"": 53}","{""2025"": 86}",31,"[0.5646316733114988, 0.8048169727242108]"
terrain,joint_mov_environment::UNASSIGNABLE_BY_CONTRACT,2026,SELECT,74,MODERATE_UNCERTAINTY,44,THIN_EXPLORATORY,33,11,0.75,0.25,0.67862934648338991,0.32137065351661009,-0.071370653516610094,0.57821956327193291,0.19416457638302423,0.019619923467129631,0.008695419542375328,"{""2026"": 44}","{""2026"": 74}",21,"[0.6055943364104086, 0.8542578617103511]"
terrain,scheduled_rounds::3.0,2018,LINEAR_MIN,425,NORMAL,211,NORMAL,126,85,0.59715639810426535,0.40284360189573459,0.64257291979180475,0.35742708020819525,0.045416521687539402,0.63776744346002667,0.22224532981402986,0,0,"{""2018"": 211}","{""2018"": 425}",39,"[0.5298116789897023, 0.6610267198233426]"
terrain,scheduled_rounds::3.0,2019,LINEAR_MIN,462,NORMAL,201,NORMAL,127,74,0.63184079601990051,0.36815920398009949,0.64183730217916268,0.35816269782083732,0.0099965061592621751,0.63265039875920737,0.22070175467849346,0,0,"{""2019"": 201}","{""2019"": 462}",42,"[0.5632739063664495, 0.6954627786050874]"
terrain,scheduled_rounds::3.0,2020,LINEAR_MIN,397,NORMAL,197,NORMAL,121,76,0.6142131979695431,0.38578680203045684,0.63181384866241908,0.36818615133758092,0.017600650692875974,0.64991206480724684,0.22987680380497241,0,0,"{""2020"": 197}","{""2020"": 397}",41,"[0.5446715923550425, 0.6793857325829067]"
terrain,scheduled_rounds::3.0,2021,LINEAR_MIN,440,NORMAL,214,NORMAL,149,65,0.69626168224299068,0.30373831775700932,0.63776249938479512,0.36223750061520488,-0.058499182858195553,0.62728403316203052,0.2178447401903435,0,0,"{""2021"": 214}","{""2021"": 440}",43,"[0.6316347503269782, 0.7539667805053168]"
terrain,scheduled_rounds::3.0,2022,LINEAR_MIN,454,NORMAL,240,NORMAL,151,89,0.62916666666666665,0.37083333333333335,0.66647612108348919,0.33352387891651081,0.037309454416822541,0.6410538643434921,0.22399734429174475,0,0,"{""2022"": 240}","{""2022"": 454}",42,"[0.5664705795377835, 0.6877929911439805]"
terrain,scheduled_rounds::3.0,2023,LINEAR_MIN,456,NORMAL,234,NORMAL,141,93,0.60256410256410253,0.39743589743589741,0.64586098066332187,0.35413901933667813,0.043296878099219338,0.64870359504129227,0.22786605172274227,0,0,"{""2023"": 234}","{""2023"": 456}",43,"[0.5386927864457116, 0.6631223228207792]"
terrain,scheduled_rounds::3.0,2024,LINEAR_MIN,447,NORMAL,195,NORMAL,121,74,0.62051282051282053,0.37948717948717947,0.66150553771785403,0.33849446228214597,0.040992717205033502,0.62712514304078293,0.21833174926941804,0,0,"{""2024"": 195}","{""2024"": 447}",42,"[0.5506965183302774, 0.6856726990288771]"
terrain,scheduled_rounds::3.0,2025,LINEAR_MIN,454,NORMAL,226,NORMAL,147,79,0.65044247787610621,0.34955752212389379,0.6572778038103092,0.3427221961896908,0.0068353259342029959,0.60139129398997693,0.20709174970012709,0,0,"{""2025"": 226}","{""2025"": 454}",42,"[0.5862318214643824, 0.7096242888688223]"
terrain,scheduled_rounds::3.0,2026,LINEAR_MIN,302,NORMAL,165,NORMAL,107,58,0.64848484848484844,0.3515151515151515,0.67615360631065835,0.32384639368934165,0.027668757825809909,0.57626412554595419,0.19732466444574634,0,0,"{""2026"": 165}","{""2026"": 302}",27,"[0.5730110984404385, 0.7172019827675181]"
terrain,scheduled_rounds::3.0,2018,XGB,425,NORMAL,211,NORMAL,126,85,0.59715639810426535,0.40284360189573459,0.62835306028054227,0.37164693971945773,0.031196662176276924,0.61912805199220555,0.21683749053842546,-0.018639391467821162,-0.0054078392756043998,"{""2018"": 211}","{""2018"": 425}",39,"[0.5298116789897023, 0.6610267198233426]"
terrain,scheduled_rounds::3.0,2019,XGB,462,NORMAL,201,NORMAL,127,74,0.63184079601990051,0.36815920398009949,0.64189122683966338,0.35810877316033662,0.010050430819762868,0.62253569399035091,0.21547118567966286,-0.010114704768856505,-0.0052305689988306281,"{""2019"": 201}","{""2019"": 462}",42,"[0.5632739063664495, 0.6954627786050874]"
terrain,scheduled_rounds::3.0,2020,XGB,397,NORMAL,197,NORMAL,121,76,0.6142131979695431,0.38578680203045684,0.62362262455339967,0.37637737544660033,0.0094094265838565727,0.62910873460948824,0.22045135085448669,-0.020803330197758603,-0.0094254529504857083,"{""2020"": 197}","{""2020"": 397}",41,"[0.5446715923550425, 0.6793857325829067]"
terrain,scheduled_rounds::3.0,2021,XGB,440,NORMAL,214,NORMAL,149,65,0.69626168224299068,0.30373831775700932,0.64412838192743671,0.35587161807256329,-0.052133300315553965,0.60737910827233632,0.21058117092635781,-0.019904924889694028,-0.0072635692639856616,"{""2021"": 214}","{""2021"": 440}",43,"[0.6316347503269782, 0.7539667805053168]"
terrain,scheduled_rounds::3.0,2022,XGB,454,NORMAL,240,NORMAL,151,89,0.62916666666666665,0.37083333333333335,0.65700681768357749,0.34299318231642251,0.027840151016910841,0.63973635831666131,0.22432030042800519,-0.0013175060268308077,0.00032295613626045794,"{""2022"": 240}","{""2022"": 454}",42,"[0.5664705795377835, 0.6877929911439805]"
terrain,scheduled_rounds::3.0,2023,XGB,456,NORMAL,234,NORMAL,141,93,0.60256410256410253,0.39743589743589741,0.64019104392610049,0.35980895607389951,0.037626941361997956,0.65763187207362506,0.23167881910804244,0.0089282770323328136,0.0038127673853001563,"{""2023"": 234}","{""2023"": 456}",43,"[0.5386927864457116, 0.6631223228207792]"
terrain,scheduled_rounds::3.0,2024,XGB,447,NORMAL,195,NORMAL,121,74,0.62051282051282053,0.37948717948717947,0.62783338366410668,0.37216661633589332,0.0073205631512861524,0.62817731436564639,0.21951878195527388,0.0010521713248633326,0.0011870326858558636,"{""2024"": 195}","{""2024"": 447}",42,"[0.5506965183302774, 0.6856726990288771]"
terrain,scheduled_rounds::3.0,2025,XGB,454,NORMAL,226,NORMAL,147,79,0.65044247787610621,0.34955752212389379,0.66147179426872627,0.33852820573127373,0.011029316392620059,0.5900375027294289,0.2024089824425874,-0.011353791260548203,-0.004682767257539697,"{""2025"": 226}","{""2025"": 454}",42,"[0.5862318214643824, 0.7096242888688223]"
terrain,scheduled_rounds::3.0,2026,XGB,302,NORMAL,165,NORMAL,107,58,0.64848484848484844,0.3515151515151515,0.67827899266373026,0.32172100733626974,0.029794144178881821,0.59180390914465819,0.20354930533969795,0.015539783598704037,0.0062246408939515769,"{""2026"": 165}","{""2026"": 302}",27,"[0.5730110984404385, 0.7172019827675181]"
terrain,scheduled_rounds::3.0,2018,LGBM,425,NORMAL,211,NORMAL,126,85,0.59715639810426535,0.40284360189573459,0.6198047225994352,0.3801952774005648,0.022648324495169847,0.62024959784859945,0.21626381863676433,-0.017517845611427305,-0.0059815111772655149,"{""2018"": 211}","{""2018"": 425}",39,"[0.5298116789897023, 0.6610267198233426]"
terrain,scheduled_rounds::3.0,2019,LGBM,462,NORMAL,201,NORMAL,127,74,0.63184079601990051,0.36815920398009949,0.63278601020430603,0.36721398979569397,0.00094521418440551841,0.61656453301514791,0.21322464524373819,-0.016085865744059617,-0.0074771094347553038,"{""2019"": 201}","{""2019"": 462}",42,"[0.5632739063664495, 0.6954627786050874]"
terrain,scheduled_rounds::3.0,2020,LGBM,397,NORMAL,197,NORMAL,121,76,0.6142131979695431,0.38578680203045684,0.62315091589281357,0.37684908410718643,0.0089377179232704718,0.64229292085618961,0.226574825325774,-0.0076191439510572608,-0.0033019784791983812,"{""2020"": 197}","{""2020"": 397}",41,"[0.5446715923550425, 0.6793857325829067]"
terrain,scheduled_rounds::3.0,2021,LGBM,440,NORMAL,214,NORMAL,149,65,0.69626168224299068,0.30373831775700932,0.64668011128745806,0.35331988871254194,-0.049581570955532617,0.60238655340602898,0.2081618298605763,-0.024897479756001428,-0.0096829103297671557,"{""2021"": 214}","{""2021"": 440}",43,"[0.6316347503269782, 0.7539667805053168]"
terrain,scheduled_rounds::3.0,2022,LGBM,454,NORMAL,240,NORMAL,151,89,0.62916666666666665,0.37083333333333335,0.66277107937240798,0.33722892062759202,0.033604412705741327,0.64259860476953345,0.22560572850958147,0.0015447404260413883,0.0016083842178367441,"{""2022"": 240}","{""2022"": 454}",42,"[0.5664705795377835, 0.6877929911439805]"
terrain,scheduled_rounds::3.0,2023,LGBM,456,NORMAL,234,NORMAL,141,93,0.60256410256410253,0.39743589743589741,0.64626514662619217,0.35373485337380783,0.043701044062089633,0.66184998980788956,0.23336935612703968,0.01314639476659733,0.0055033044042974164,"{""2023"": 234}","{""2023"": 456}",43,"[0.5386927864457116, 0.6631223228207792]"
terrain,scheduled_rounds::3.0,2024,LGBM,447,NORMAL,195,NORMAL,121,74,0.62051282051282053,0.37948717948717947,0.64201917290564503,0.35798082709435497,0.021506352392824502,0.61446760703340553,0.21382700374427527,-0.012657536007377346,-0.0045047455251427792,"{""2024"": 195}","{""2024"": 447}",42,"[0.5506965183302774, 0.6856726990288771]"
terrain,scheduled_rounds::3.0,2025,LGBM,454,NORMAL,226,NORMAL,147,79,0.65044247787610621,0.34955752212389379,0.65932288270978023,0.34067711729021977,0.0088804048336740271,0.59506397310760395,0.20447928652071931,-0.006327320882373073,-0.002612463179407771,"{""2025"": 226}","{""2025"": 454}",42,"[0.5862318214643824, 0.7096242888688223]"
terrain,scheduled_rounds::3.0,2026,LGBM,302,NORMAL,165,NORMAL,107,58,0.64848484848484844,0.3515151515151515,0.67835442203827823,0.32164557796172177,0.029869573553429785,0.60746390120500482,0.20896909018193935,0.031199775659050646,0.011644425736192988,"{""2026"": 165}","{""2026"": 302}",27,"[0.5730110984404385, 0.7172019827675181]"
terrain,scheduled_rounds::3.0,2018,CAT,425,NORMAL,211,NORMAL,126,85,0.59715639810426535,0.40284360189573459,0.6305625930704809,0.3694374069295191,0.033406194966215552,0.6162793483657889,0.21463880780569497,-0.021488095094237946,-0.0076065220083348702,"{""2018"": 211}","{""2018"": 425}",39,"[0.5298116789897023, 0.6610267198233426]"
terrain,scheduled_rounds::3.0,2019,CAT,462,NORMAL,201,NORMAL,127,74,0.63184079601990051,0.36815920398009949,0.64430393211219905,0.35569606788780095,0.012463136092298543,0.60918257163144784,0.21021040135803945,-0.023467827127759595,-0.010491353320454056,"{""2019"": 201}","{""2019"": 462}",42,"[0.5632739063664495, 0.6954627786050874]"
terrain,scheduled_rounds::3.0,2020,CAT,397,NORMAL,197,NORMAL,121,76,0.6142131979695431,0.38578680203045684,0.62429135126982693,0.37570864873017307,0.010078153300283832,0.6357430727697756,0.22345775227719883,-0.014168992037471259,-0.0064190515277735552,"{""2020"": 197}","{""2020"": 397}",41,"[0.5446715923550425, 0.6793857325829067]"
terrain,scheduled_rounds::3.0,2021,CAT,440,NORMAL,214,NORMAL,149,65,0.69626168224299068,0.30373831775700932,0.64441820103394143,0.35558179896605857,-0.051843481209049247,0.62173001508596648,0.21591559257217055,-0.005554018076063847,-0.0019291476181729358,"{""2021"": 214}","{""2021"": 440}",43,"[0.6316347503269782, 0.7539667805053168]"
terrain,scheduled_rounds::3.0,2022,CAT,454,NORMAL,240,NORMAL,151,89,0.62916666666666665,0.37083333333333335,0.67062241527026623,0.32937758472973377,0.041455748603599574,0.63458834620378579,0.22128050303344987,-0.0064655181397063255,-0.0027168412582948462,"{""2022"": 240}","{""2022"": 454}",42,"[0.5664705795377835, 0.6877929911439805]"
terrain,scheduled_rounds::3.0,2023,CAT,456,NORMAL,234,NORMAL,141,93,0.60256410256410253,0.39743589743589741,0.63996786022145302,0.36003213977854698,0.037403757657350489,0.66039281998738797,0.23334620553015281,0.011689224946095707,0.0054801538074105037,"{""2023"": 234}","{""2023"": 456}",43,"[0.5386927864457116, 0.6631223228207792]"
terrain,scheduled_rounds::3.0,2024,CAT,447,NORMAL,195,NORMAL,121,74,0.62051282051282053,0.37948717948717947,0.66082106892363646,0.33917893107636354,0.040308248410815928,0.61831779809373588,0.21538919421744232,-0.0088073449470470588,-0.0029425550519757062,"{""2024"": 195}","{""2024"": 447}",42,"[0.5506965183302774, 0.6856726990288771]"
terrain,scheduled_rounds::3.0,2025,CAT,454,NORMAL,226,NORMAL,147,79,0.65044247787610621,0.34955752212389379,0.65261457083128493,0.34738542916871507,0.0021720929551787282,0.59732565783472968,0.20530117226793398,-0.0040656361552471936,-0.0017905774321930875,"{""2025"": 226}","{""2025"": 454}",42,"[0.5862318214643824, 0.7096242888688223]"
terrain,scheduled_rounds::3.0,2026,CAT,302,NORMAL,165,NORMAL,107,58,0.64848484848484844,0.3515151515151515,0.67449278221152142,0.32550721778847858,0.026007933726672983,0.59846638057813806,0.20539860105636365,0.022202255032183947,0.0080739366106173278,"{""2026"": 165}","{""2026"": 302}",27,"[0.5730110984404385, 0.7172019827675181]"
terrain,scheduled_rounds::3.0,2018,SELECT,425,NORMAL,211,NORMAL,126,85,0.59715639810426535,0.40284360189573459,0.62835306028054227,0.37164693971945773,0.031196662176276924,0.61912805199220555,0.21683749053842546,-0.018639391467821162,-0.0054078392756043998,"{""2018"": 211}","{""2018"": 425}",39,"[0.5298116789897023, 0.6610267198233426]"
terrain,scheduled_rounds::3.0,2019,SELECT,462,NORMAL,201,NORMAL,127,74,0.63184079601990051,0.36815920398009949,0.64189122683966338,0.35810877316033662,0.010050430819762868,0.62253569399035091,0.21547118567966286,-0.010114704768856505,-0.0052305689988306281,"{""2019"": 201}","{""2019"": 462}",42,"[0.5632739063664495, 0.6954627786050874]"
terrain,scheduled_rounds::3.0,2020,SELECT,397,NORMAL,197,NORMAL,121,76,0.6142131979695431,0.38578680203045684,0.62315091589281357,0.37684908410718643,0.0089377179232704718,0.64229292085618961,0.226574825325774,-0.0076191439510572608,-0.0033019784791983812,"{""2020"": 197}","{""2020"": 397}",41,"[0.5446715923550425, 0.6793857325829067]"
terrain,scheduled_rounds::3.0,2021,SELECT,440,NORMAL,214,NORMAL,149,65,0.69626168224299068,0.30373831775700932,0.64441820103394143,0.35558179896605857,-0.051843481209049247,0.62173001508596648,0.21591559257217055,-0.005554018076063847,-0.0019291476181729358,"{""2021"": 214}","{""2021"": 440}",43,"[0.6316347503269782, 0.7539667805053168]"
terrain,scheduled_rounds::3.0,2022,SELECT,454,NORMAL,240,NORMAL,151,89,0.62916666666666665,0.37083333333333335,0.66277107937240798,0.33722892062759202,0.033604412705741327,0.64259860476953345,0.22560572850958147,0.0015447404260413883,0.0016083842178367441,"{""2022"": 240}","{""2022"": 454}",42,"[0.5664705795377835, 0.6877929911439805]"
terrain,scheduled_rounds::3.0,2023,SELECT,456,NORMAL,234,NORMAL,141,93,0.60256410256410253,0.39743589743589741,0.63996786022145302,0.36003213977854698,0.037403757657350489,0.66039281998738797,0.23334620553015281,0.011689224946095707,0.0054801538074105037,"{""2023"": 234}","{""2023"": 456}",43,"[0.5386927864457116, 0.6631223228207792]"
terrain,scheduled_rounds::3.0,2024,SELECT,447,NORMAL,195,NORMAL,121,74,0.62051282051282053,0.37948717948717947,0.66082106892363646,0.33917893107636354,0.040308248410815928,0.61831779809373588,0.21538919421744232,-0.0088073449470470588,-0.0029425550519757062,"{""2024"": 195}","{""2024"": 447}",42,"[0.5506965183302774, 0.6856726990288771]"
terrain,scheduled_rounds::3.0,2025,SELECT,454,NORMAL,226,NORMAL,147,79,0.65044247787610621,0.34955752212389379,0.65932288270978023,0.34067711729021977,0.0088804048336740271,0.59506397310760395,0.20447928652071931,-0.006327320882373073,-0.002612463179407771,"{""2025"": 226}","{""2025"": 454}",42,"[0.5862318214643824, 0.7096242888688223]"
terrain,scheduled_rounds::3.0,2026,SELECT,302,NORMAL,165,NORMAL,107,58,0.64848484848484844,0.3515151515151515,0.67835442203827823,0.32164557796172177,0.029869573553429785,0.60746390120500482,0.20896909018193935,0.031199775659050646,0.011644425736192988,"{""2026"": 165}","{""2026"": 302}",27,"[0.5730110984404385, 0.7172019827675181]"
terrain,scheduled_rounds::5.0,2018,LINEAR_MIN,45,THIN_EXPLORATORY,30,THIN_EXPLORATORY,25,5,0.83333333333333337,0.16666666666666666,0.77884569586546137,0.22115430413453863,-0.054487637467871997,0.45948039158226417,0.14732640738735331,0,0,"{""2018"": 30}","{""2018"": 45}",29,"[0.6643564949358398, 0.9266345762815145]"
terrain,scheduled_rounds::5.0,2019,LINEAR_MIN,45,THIN_EXPLORATORY,30,THIN_EXPLORATORY,25,5,0.83333333333333337,0.16666666666666666,0.77691478345742782,0.22308521654257218,-0.056418549875905555,0.48226927828307581,0.1585471796304391,0,0,"{""2019"": 30}","{""2019"": 45}",29,"[0.6643564949358398, 0.9266345762815145]"
terrain,scheduled_rounds::5.0,2020,LINEAR_MIN,46,THIN_EXPLORATORY,23,INSUFFICIENT,17,6,0.73913043478260865,0.2608695652173913,0.79716867391238277,0.20283132608761723,0.058038239129774127,,,,,"{""2020"": 23}","{""2020"": 46}",21,"[0.5352999516257462, 0.8745138395501366]"
terrain,scheduled_rounds::5.0,2021,LINEAR_MIN,52,MODERATE_UNCERTAINTY,25,THIN_EXPLORATORY,17,8,0.68000000000000005,0.32000000000000001,0.73582449292783736,0.26417550707216264,0.05582449292783731,0.55236495791611206,0.18589170034029498,0,0,"{""2021"": 25}","{""2021"": 52}",21,"[0.48410269273102247, 0.8279480969309202]"
terrain,scheduled_rounds::5.0,2022,LINEAR_MIN,51,MODERATE_UNCERTAINTY,28,THIN_EXPLORATORY,20,8,0.7142857142857143,0.2857142857142857,0.76021053040194408,0.23978946959805592,0.045924816116229783,0.46758172930677805,0.14987903111142747,0,0,"{""2022"": 28}","{""2022"": 51}",25,"[0.5294071156670428, 0.8474600394333092]"
terrain,scheduled_rounds::5.0,2023,LINEAR_MIN,49,THIN_EXPLORATORY,24,INSUFFICIENT,17,7,0.70833333333333337,0.29166666666666669,0.75253479460259687,0.24746520539740313,0.044201461269263498,,,,,"{""2023"": 24}","{""2023"": 49}",22,"[0.5083230633550337, 0.8508535180303913]"
terrain,scheduled_rounds::5.0,2024,LINEAR_MIN,55,MODERATE_UNCERTAINTY,28,THIN_EXPLORATORY,20,8,0.7142857142857143,0.2857142857142857,0.77906350009242953,0.22093649990757047,0.064777785806715227,0.58749729793138827,0.20076341233274439,0,0,"{""2024"": 28}","{""2024"": 55}",26,"[0.5294071156670428, 0.8474600394333092]"
terrain,scheduled_rounds::5.0,2025,LINEAR_MIN,50,MODERATE_UNCERTAINTY,26,THIN_EXPLORATORY,16,10,0.61538461538461542,0.38461538461538464,0.69459808646596,0.30540191353404,0.079213471081344577,0.57401476237530835,0.20153575060682349,0,0,"{""2025"": 26}","{""2025"": 50}",24,"[0.4253485008511553, 0.7757140556428721]"
terrain,scheduled_rounds::5.0,2026,LINEAR_MIN,30,THIN_EXPLORATORY,18,INSUFFICIENT,14,4,0.77777777777777779,0.22222222222222221,0.78964412931435346,0.21035587068564654,0.01186635153657567,,,,,"{""2026"": 18}","{""2026"": 30}",17,"[0.5478541568378739, 0.9099907189139831]"
terrain,scheduled_rounds::5.0,2018,XGB,45,THIN_EXPLORATORY,30,THIN_EXPLORATORY,25,5,0.83333333333333337,0.16666666666666666,0.73879699210325878,0.26120300789674122,-0.094536341230074594,0.46376477309201553,0.14978269487148976,0.0042843815097513742,0.0024562874841364268,"{""2018"": 30}","{""2018"": 45}",29,"[0.6643564949358398, 0.9266345762815145]"
terrain,scheduled_rounds::5.0,2019,XGB,45,THIN_EXPLORATORY,30,THIN_EXPLORATORY,25,5,0.83333333333333337,0.16666666666666666,0.72043821314970657,0.27956178685029343,-0.1128951201836268,0.49459578282797056,0.16109163718332781,0.012326504544894711,0.0025444575528886957,"{""2019"": 30}","{""2019"": 45}",29,"[0.6643564949358398, 0.9266345762815145]"
terrain,scheduled_rounds::5.0,2020,XGB,46,THIN_EXPLORATORY,23,INSUFFICIENT,17,6,0.73913043478260865,0.2608695652173913,0.78132060558899585,0.21867939441100415,0.042190170806387206,,,,,"{""2020"": 23}","{""2020"": 46}",21,"[0.5352999516257462, 0.8745138395501366]"
terrain,scheduled_rounds::5.0,2021,XGB,52,MODERATE_UNCERTAINTY,25,THIN_EXPLORATORY,17,8,0.68000000000000005,0.32000000000000001,0.69731143712997434,0.30268856287002566,0.017311437129974294,0.58546657770459709,0.20010363922413277,0.033101619788485068,0.014211938883837755,"{""2021"": 25}","{""2021"": 52}",21,"[0.48410269273102247, 0.8279480969309202]"
terrain,scheduled_rounds::5.0,2022,XGB,51,MODERATE_UNCERTAINTY,28,THIN_EXPLORATORY,20,8,0.7142857142857143,0.2857142857142857,0.71147407804216656,0.28852592195783344,-0.0028116362435477438,0.47024535754602498,0.1512518271937672,0.0026636282392468922,0.001372796082339717,"{""2022"": 28}","{""2022"": 51}",25,"[0.5294071156670428, 0.8474600394333092]"
terrain,scheduled_rounds::5.0,2023,XGB,49,THIN_EXPLORATORY,24,INSUFFICIENT,17,7,0.70833333333333337,0.29166666666666669,0.72533910349011421,0.27466089650988579,0.017005770156780842,,,,,"{""2023"": 24}","{""2023"": 49}",22,"[0.5083230633550337, 0.8508535180303913]"
terrain,scheduled_rounds::5.0,2024,XGB,55,MODERATE_UNCERTAINTY,28,THIN_EXPLORATORY,20,8,0.7142857142857143,0.2857142857142857,0.70355426945856636,0.29644573054143364,-0.01073144482714794,0.55232381475267189,0.18586603219758444,-0.035173483178716387,-0.014897380135159915,"{""2024"": 28}","{""2024"": 55}",26,"[0.5294071156670428, 0.8474600394333092]"
terrain,scheduled_rounds::5.0,2025,XGB,50,MODERATE_UNCERTAINTY,26,THIN_EXPLORATORY,16,10,0.61538461538461542,0.38461538461538464,0.66792620259981894,0.33207379740018106,0.052541587215203522,0.60651447419602378,0.21115710165191512,0.032499711820715302,0.0096213510450916286,"{""2025"": 26}","{""2025"": 50}",24,"[0.4253485008511553, 0.7757140556428721]"
terrain,scheduled_rounds::5.0,2026,XGB,30,THIN_EXPLORATORY,18,INSUFFICIENT,14,4,0.77777777777777779,0.22222222222222221,0.76552208264668786,0.23447791735331214,-0.012255695131089928,,,,,"{""2026"": 18}","{""2026"": 30}",17,"[0.5478541568378739, 0.9099907189139831]"
terrain,scheduled_rounds::5.0,2018,LGBM,45,THIN_EXPLORATORY,30,THIN_EXPLORATORY,25,5,0.83333333333333337,0.16666666666666666,0.71479629852179127,0.28520370147820873,-0.1185370348115421,0.47346612993552928,0.15080560290532377,0.013985738353265205,0.0034791955179704357,"{""2018"": 30}","{""2018"": 45}",29,"[0.6643564949358398, 0.9266345762815145]"
terrain,scheduled_rounds::5.0,2019,LGBM,45,THIN_EXPLORATORY,30,THIN_EXPLORATORY,25,5,0.83333333333333337,0.16666666666666666,0.73566991502090207,0.26433008497909793,-0.097663418312431305,0.48391108828864943,0.15611773832526088,0.0016418100055736161,-0.0024294413051782326,"{""2019"": 30}","{""2019"": 45}",29,"[0.6643564949358398, 0.9266345762815145]"
terrain,scheduled_rounds::5.0,2020,LGBM,46,THIN_EXPLORATORY,23,INSUFFICIENT,17,6,0.73913043478260865,0.2608695652173913,0.80059287849619154,0.19940712150380846,0.061462443713582893,,,,,"{""2020"": 23}","{""2020"": 46}",21,"[0.5352999516257462, 0.8745138395501366]"
terrain,scheduled_rounds::5.0,2021,LGBM,52,MODERATE_UNCERTAINTY,25,THIN_EXPLORATORY,17,8,0.68000000000000005,0.32000000000000001,0.70269839906976506,0.29730160093023494,0.022698399069765007,0.58723300513969057,0.20136635571103251,0.034868047223578495,0.015474655370737547,"{""2021"": 25}","{""2021"": 52}",21,"[0.48410269273102247, 0.8279480969309202]"
terrain,scheduled_rounds::5.0,2022,LGBM,51,MODERATE_UNCERTAINTY,28,THIN_EXPLORATORY,20,8,0.7142857142857143,0.2857142857142857,0.72570070591935154,0.27429929408064846,0.011414991633637239,0.45203747964238783,0.14446230164967017,-0.015544249664390192,-0.0054167294617573237,"{""2022"": 28}","{""2022"": 51}",25,"[0.5294071156670428, 0.8474600394333092]"
terrain,scheduled_rounds::5.0,2023,LGBM,49,THIN_EXPLORATORY,24,INSUFFICIENT,17,7,0.70833333333333337,0.29166666666666669,0.73050042297643614,0.26949957702356386,0.022167089643102766,,,,,"{""2023"": 24}","{""2023"": 49}",22,"[0.5083230633550337, 0.8508535180303913]"
terrain,scheduled_rounds::5.0,2024,LGBM,55,MODERATE_UNCERTAINTY,28,THIN_EXPLORATORY,20,8,0.7142857142857143,0.2857142857142857,0.71326559262911537,0.28673440737088463,-0.0010201216565989268,0.54355523893902802,0.18388543744146713,-0.043942058992360325,-0.016877974891277212,"{""2024"": 28}","{""2024"": 55}",26,"[0.5294071156670428, 0.8474600394333092]"
terrain,scheduled_rounds::5.0,2025,LGBM,50,MODERATE_UNCERTAINTY,26,THIN_EXPLORATORY,16,10,0.61538461538461542,0.38461538461538464,0.66095407365682546,0.33904592634317454,0.045569458272210039,0.5965690684804732,0.20759662619279384,0.022554306105164814,0.0060608755859703402,"{""2025"": 26}","{""2025"": 50}",24,"[0.4253485008511553, 0.7757140556428721]"
terrain,scheduled_rounds::5.0,2026,LGBM,30,THIN_EXPLORATORY,18,INSUFFICIENT,14,4,0.77777777777777779,0.22222222222222221,0.74171398864680294,0.25828601135319706,-0.036063789130974855,,,,,"{""2026"": 18}","{""2026"": 30}",17,"[0.5478541568378739, 0.9099907189139831]"
terrain,scheduled_rounds::5.0,2018,CAT,45,THIN_EXPLORATORY,30,THIN_EXPLORATORY,25,5,0.83333333333333337,0.16666666666666666,0.73523548828463492,0.26476451171536508,-0.098097845048698451,0.4816840091670595,0.1547897520736759,0.022203617584795287,0.0074633446863225624,"{""2018"": 30}","{""2018"": 45}",29,"[0.6643564949358398, 0.9266345762815145]"
terrain,scheduled_rounds::5.0,2019,CAT,45,THIN_EXPLORATORY,30,THIN_EXPLORATORY,25,5,0.83333333333333337,0.16666666666666666,0.7416441300808595,0.2583558699191405,-0.091689203252473872,0.4808702369930215,0.15718535030933192,-0.0013990412900542477,-0.0013618293211071857,"{""2019"": 30}","{""2019"": 45}",29,"[0.6643564949358398, 0.9266345762815145]"
terrain,scheduled_rounds::5.0,2020,CAT,46,THIN_EXPLORATORY,23,INSUFFICIENT,17,6,0.73913043478260865,0.2608695652173913,0.79189486031481759,0.20810513968518241,0.052764425532208947,,,,,"{""2020"": 23}","{""2020"": 46}",21,"[0.5352999516257462, 0.8745138395501366]"
terrain,scheduled_rounds::5.0,2021,CAT,52,MODERATE_UNCERTAINTY,25,THIN_EXPLORATORY,17,8,0.68000000000000005,0.32000000000000001,0.6941631620976797,0.3058368379023203,0.014163162097679649,0.59051467574586669,0.20281854034264846,0.038149717829754612,0.016926840002353439,"{""2021"": 25}","{""2021"": 52}",21,"[0.48410269273102247, 0.8279480969309202]"
terrain,scheduled_rounds::5.0,2022,CAT,51,MODERATE_UNCERTAINTY,28,THIN_EXPLORATORY,20,8,0.7142857142857143,0.2857142857142857,0.73815577765035589,0.26184422234964411,0.023870063364641592,0.42972659910416011,0.13493088550635438,-0.037855130202617895,-0.014948145605073099,"{""2022"": 28}","{""2022"": 51}",25,"[0.5294071156670428, 0.8474600394333092]"
terrain,scheduled_rounds::5.0,2023,CAT,49,THIN_EXPLORATORY,24,INSUFFICIENT,17,7,0.70833333333333337,0.29166666666666669,0.73139399924036741,0.26860600075963259,0.023060665907034039,,,,,"{""2023"": 24}","{""2023"": 49}",22,"[0.5083230633550337, 0.8508535180303913]"
terrain,scheduled_rounds::5.0,2024,CAT,55,MODERATE_UNCERTAINTY,28,THIN_EXPLORATORY,20,8,0.7142857142857143,0.2857142857142857,0.7462367119923472,0.2537632880076528,0.0319509977066329,0.57302579562926925,0.19520595524378656,-0.014471502302119164,-0.0055574570889578246,"{""2024"": 28}","{""2024"": 55}",26,"[0.5294071156670428, 0.8474600394333092]"
terrain,scheduled_rounds::5.0,2025,CAT,50,MODERATE_UNCERTAINTY,26,THIN_EXPLORATORY,16,10,0.61538461538461542,0.38461538461538464,0.6585670762914021,0.3414329237085979,0.043182460906786679,0.60774325336006974,0.21369588174211782,0.033728490984761259,0.012160131135294306,"{""2025"": 26}","{""2025"": 50}",24,"[0.4253485008511553, 0.7757140556428721]"
terrain,scheduled_rounds::5.0,2026,CAT,30,THIN_EXPLORATORY,18,INSUFFICIENT,14,4,0.77777777777777779,0.22222222222222221,0.74609068911191501,0.25390931088808499,-0.031687088665862784,,,,,"{""2026"": 18}","{""2026"": 30}",17,"[0.5478541568378739, 0.9099907189139831]"
terrain,scheduled_rounds::5.0,2018,SELECT,45,THIN_EXPLORATORY,30,THIN_EXPLORATORY,25,5,0.83333333333333337,0.16666666666666666,0.73879699210325878,0.26120300789674122,-0.094536341230074594,0.46376477309201553,0.14978269487148976,0.0042843815097513742,0.0024562874841364268,"{""2018"": 30}","{""2018"": 45}",29,"[0.6643564949358398, 0.9266345762815145]"
terrain,scheduled_rounds::5.0,2019,SELECT,45,THIN_EXPLORATORY,30,THIN_EXPLORATORY,25,5,0.83333333333333337,0.16666666666666666,0.72043821314970657,0.27956178685029343,-0.1128951201836268,0.49459578282797056,0.16109163718332781,0.012326504544894711,0.0025444575528886957,"{""2019"": 30}","{""2019"": 45}",29,"[0.6643564949358398, 0.9266345762815145]"
terrain,scheduled_rounds::5.0,2020,SELECT,46,THIN_EXPLORATORY,23,INSUFFICIENT,17,6,0.73913043478260865,0.2608695652173913,0.80059287849619154,0.19940712150380846,0.061462443713582893,,,,,"{""2020"": 23}","{""2020"": 46}",21,"[0.5352999516257462, 0.8745138395501366]"
terrain,scheduled_rounds::5.0,2021,SELECT,52,MODERATE_UNCERTAINTY,25,THIN_EXPLORATORY,17,8,0.68000000000000005,0.32000000000000001,0.6941631620976797,0.3058368379023203,0.014163162097679649,0.59051467574586669,0.20281854034264846,0.038149717829754612,0.016926840002353439,"{""2021"": 25}","{""2021"": 52}",21,"[0.48410269273102247, 0.8279480969309202]"
terrain,scheduled_rounds::5.0,2022,SELECT,51,MODERATE_UNCERTAINTY,28,THIN_EXPLORATORY,20,8,0.7142857142857143,0.2857142857142857,0.72570070591935154,0.27429929408064846,0.011414991633637239,0.45203747964238783,0.14446230164967017,-0.015544249664390192,-0.0054167294617573237,"{""2022"": 28}","{""2022"": 51}",25,"[0.5294071156670428, 0.8474600394333092]"
terrain,scheduled_rounds::5.0,2023,SELECT,49,THIN_EXPLORATORY,24,INSUFFICIENT,17,7,0.70833333333333337,0.29166666666666669,0.73139399924036741,0.26860600075963259,0.023060665907034039,,,,,"{""2023"": 24}","{""2023"": 49}",22,"[0.5083230633550337, 0.8508535180303913]"
terrain,scheduled_rounds::5.0,2024,SELECT,55,MODERATE_UNCERTAINTY,28,THIN_EXPLORATORY,20,8,0.7142857142857143,0.2857142857142857,0.7462367119923472,0.2537632880076528,0.0319509977066329,0.57302579562926925,0.19520595524378656,-0.014471502302119164,-0.0055574570889578246,"{""2024"": 28}","{""2024"": 55}",26,"[0.5294071156670428, 0.8474600394333092]"
terrain,scheduled_rounds::5.0,2025,SELECT,50,MODERATE_UNCERTAINTY,26,THIN_EXPLORATORY,16,10,0.61538461538461542,0.38461538461538464,0.66095407365682546,0.33904592634317454,0.045569458272210039,0.5965690684804732,0.20759662619279384,0.022554306105164814,0.0060608755859703402,"{""2025"": 26}","{""2025"": 50}",24,"[0.4253485008511553, 0.7757140556428721]"
terrain,scheduled_rounds::5.0,2026,SELECT,30,THIN_EXPLORATORY,18,INSUFFICIENT,14,4,0.77777777777777779,0.22222222222222221,0.74171398864680294,0.25828601135319706,-0.036063789130974855,,,,,"{""2026"": 18}","{""2026"": 30}",17,"[0.5478541568378739, 0.9099907189139831]"
terrain,era::2018–2020,2018,LINEAR_MIN,470,NORMAL,241,NORMAL,151,90,0.62655601659751037,0.37344398340248963,0.65953633590055871,0.34046366409944129,0.032980319303048344,0.61557403451258741,0.21291932287294976,0,0,"{""2018"": 241}","{""2018"": 470}",39,"[0.563948249739187, 0.6851925628250464]"
terrain,era::2018–2020,2019,LINEAR_MIN,507,NORMAL,231,NORMAL,152,79,0.65800865800865804,0.34199134199134201,0.65937983221530094,0.34062016778469906,0.0013711742066429,0.61312038311295647,0.21262973194497992,0,0,"{""2019"": 231}","{""2019"": 507}",42,"[0.5946975685296276, 0.71615044087461]"
terrain,era::2018–2020,2020,LINEAR_MIN,443,NORMAL,220,NORMAL,138,82,0.62727272727272732,0.37272727272727274,0.64910094402946072,0.35089905597053928,0.02182821675673341,0.63424651281676747,0.223572057007389,0,0,"{""2020"": 220}","{""2020"": 443}",41,"[0.5617074523339457, 0.6884696162709288]"
terrain,era::2018–2020,2021,LINEAR_MIN,0,INSUFFICIENT,0,INSUFFICIENT,0,0,,,,,,,,,,{},{},0,"[null, null]"
terrain,era::2018–2020,2022,LINEAR_MIN,0,INSUFFICIENT,0,INSUFFICIENT,0,0,,,,,,,,,,{},{},0,"[null, null]"
terrain,era::2018–2020,2023,LINEAR_MIN,0,INSUFFICIENT,0,INSUFFICIENT,0,0,,,,,,,,,,{},{},0,"[null, null]"
terrain,era::2018–2020,2024,LINEAR_MIN,0,INSUFFICIENT,0,INSUFFICIENT,0,0,,,,,,,,,,{},{},0,"[null, null]"
terrain,era::2018–2020,2025,LINEAR_MIN,0,INSUFFICIENT,0,INSUFFICIENT,0,0,,,,,,,,,,{},{},0,"[null, null]"
terrain,era::2018–2020,2026,LINEAR_MIN,0,INSUFFICIENT,0,INSUFFICIENT,0,0,,,,,,,,,,{},{},0,"[null, null]"
terrain,era::2018–2020,2018,XGB,470,NORMAL,241,NORMAL,151,90,0.62655601659751037,0.37344398340248963,0.64210126756137831,0.35789873243862169,0.01554525096386794,0.59978822474321924,0.20849042053839198,-0.01578580976936815,-0.0044289023345578243,"{""2018"": 241}","{""2018"": 470}",39,"[0.563948249739187, 0.6851925628250464]"
terrain,era::2018–2020,2019,XGB,507,NORMAL,231,NORMAL,152,79,0.65800865800865804,0.34199134199134201,0.65209213415265599,0.34790786584734401,-0.0059165238560020539,0.60592012111211968,0.20840890665416481,-0.0072002620008368573,-0.0042208252908151308,"{""2019"": 231}","{""2019"": 507}",42,"[0.5946975685296276, 0.71615044087461]"
terrain,era::2018–2020,2020,XGB,443,NORMAL,220,NORMAL,138,82,0.62727272727272732,0.37272727272727274,0.64010923166166656,0.35989076833833344,0.012836504388939241,0.61720534538664129,0.21530588726588309,-0.017041167430126423,-0.0082661697415058639,"{""2020"": 220}","{""2020"": 443}",41,"[0.5617074523339457, 0.6884696162709288]"
terrain,era::2018–2020,2021,XGB,0,INSUFFICIENT,0,INSUFFICIENT,0,0,,,,,,,,,,{},{},0,"[null, null]"
terrain,era::2018–2020,2022,XGB,0,INSUFFICIENT,0,INSUFFICIENT,0,0,,,,,,,,,,{},{},0,"[null, null]"
terrain,era::2018–2020,2023,XGB,0,INSUFFICIENT,0,INSUFFICIENT,0,0,,,,,,,,,,{},{},0,"[null, null]"
terrain,era::2018–2020,2024,XGB,0,INSUFFICIENT,0,INSUFFICIENT,0,0,,,,,,,,,,{},{},0,"[null, null]"
terrain,era::2018–2020,2025,XGB,0,INSUFFICIENT,0,INSUFFICIENT,0,0,,,,,,,,,,{},{},0,"[null, null]"
terrain,era::2018–2020,2026,XGB,0,INSUFFICIENT,0,INSUFFICIENT,0,0,,,,,,,,,,{},{},0,"[null, null]"
terrain,era::2018–2020,2018,LGBM,470,NORMAL,241,NORMAL,151,90,0.62655601659751037,0.37344398340248963,0.63162940010014346,0.36837059989985654,0.0050733835026330887,0.60197779686357,0.20811549302704144,-0.01359623764901745,-0.0048038298459083442,"{""2018"": 241}","{""2018"": 470}",39,"[0.563948249739187, 0.6851925628250464]"
terrain,era::2018–2020,2019,LGBM,507,NORMAL,231,NORMAL,152,79,0.65800865800865804,0.34199134199134201,0.64614755628438347,0.35385244371561653,-0.01186110172427457,0.59933681292079732,0.20580816382575412,-0.013783570192159195,-0.0068215681192258151,"{""2019"": 231}","{""2019"": 507}",42,"[0.5946975685296276, 0.71615044087461]"
terrain,era::2018–2020,2020,LGBM,443,NORMAL,220,NORMAL,138,82,0.62727272727272732,0.37272727272727274,0.64170166652862126,0.35829833347137874,0.014428939255893947,0.62934418128026726,0.22104203789126484,-0.0049023315365001891,-0.0025300191161241538,"{""2020"": 220}","{""2020"": 443}",41,"[0.5617074523339457, 0.6884696162709288]"
terrain,era::2018–2020,2021,LGBM,0,INSUFFICIENT,0,INSUFFICIENT,0,0,,,,,,,,,,{},{},0,"[null, null]"
terrain,era::2018–2020,2022,LGBM,0,INSUFFICIENT,0,INSUFFICIENT,0,0,,,,,,,,,,{},{},0,"[null, null]"
terrain,era::2018–2020,2023,LGBM,0,INSUFFICIENT,0,INSUFFICIENT,0,0,,,,,,,,,,{},{},0,"[null, null]"
terrain,era::2018–2020,2024,LGBM,0,INSUFFICIENT,0,INSUFFICIENT,0,0,,,,,,,,,,{},{},0,"[null, null]"
terrain,era::2018–2020,2025,LGBM,0,INSUFFICIENT,0,INSUFFICIENT,0,0,,,,,,,,,,{},{},0,"[null, null]"
terrain,era::2018–2020,2026,LGBM,0,INSUFFICIENT,0,INSUFFICIENT,0,0,,,,,,,,,,{},{},0,"[null, null]"
terrain,era::2018–2020,2018,CAT,470,NORMAL,241,NORMAL,151,90,0.62655601659751037,0.37344398340248963,0.64359241405149592,0.35640758594850408,0.017036397453985552,0.59952474182652782,0.20718871788054738,-0.016049292686059532,-0.0057306049924024079,"{""2018"": 241}","{""2018"": 470}",39,"[0.563948249739187, 0.6851925628250464]"
terrain,era::2018–2020,2019,CAT,507,NORMAL,231,NORMAL,152,79,0.65800865800865804,0.34199134199134201,0.65694551626397313,0.34305448373602687,-0.0010631417446849145,0.5925186320680158,0.2033240310919735,-0.020601751044940712,-0.0093057008530064121,"{""2019"": 231}","{""2019"": 507}",42,"[0.5946975685296276, 0.71615044087461]"
terrain,era::2018–2020,2020,CAT,443,NORMAL,220,NORMAL,138,82,0.62727272727272732,0.37272727272727274,0.64181353630634863,0.35818646369365137,0.014540809033621316,0.62393149863662356,0.21822719219114342,-0.010315014180143895,-0.0053448648162455403,"{""2020"": 220}","{""2020"": 443}",41,"[0.5617074523339457, 0.6884696162709288]"
terrain,era::2018–2020,2021,CAT,0,INSUFFICIENT,0,INSUFFICIENT,0,0,,,,,,,,,,{},{},0,"[null, null]"
terrain,era::2018–2020,2022,CAT,0,INSUFFICIENT,0,INSUFFICIENT,0,0,,,,,,,,,,{},{},0,"[null, null]"
terrain,era::2018–2020,2023,CAT,0,INSUFFICIENT,0,INSUFFICIENT,0,0,,,,,,,,,,{},{},0,"[null, null]"
terrain,era::2018–2020,2024,CAT,0,INSUFFICIENT,0,INSUFFICIENT,0,0,,,,,,,,,,{},{},0,"[null, null]"
terrain,era::2018–2020,2025,CAT,0,INSUFFICIENT,0,INSUFFICIENT,0,0,,,,,,,,,,{},{},0,"[null, null]"
terrain,era::2018–2020,2026,CAT,0,INSUFFICIENT,0,INSUFFICIENT,0,0,,,,,,,,,,{},{},0,"[null, null]"
terrain,era::2018–2020,2018,SELECT,470,NORMAL,241,NORMAL,151,90,0.62655601659751037,0.37344398340248963,0.64210126756137831,0.35789873243862169,0.01554525096386794,0.59978822474321924,0.20849042053839198,-0.01578580976936815,-0.0044289023345578243,"{""2018"": 241}","{""2018"": 470}",39,"[0.563948249739187, 0.6851925628250464]"
terrain,era::2018–2020,2019,SELECT,507,NORMAL,231,NORMAL,152,79,0.65800865800865804,0.34199134199134201,0.65209213415265599,0.34790786584734401,-0.0059165238560020539,0.60592012111211968,0.20840890665416481,-0.0072002620008368573,-0.0042208252908151308,"{""2019"": 231}","{""2019"": 507}",42,"[0.5946975685296276, 0.71615044087461]"
terrain,era::2018–2020,2020,SELECT,443,NORMAL,220,NORMAL,138,82,0.62727272727272732,0.37272727272727274,0.64170166652862126,0.35829833347137874,0.014428939255893947,0.62934418128026726,0.22104203789126484,-0.0049023315365001891,-0.0025300191161241538,"{""2020"": 220}","{""2020"": 443}",41,"[0.5617074523339457, 0.6884696162709288]"
terrain,era::2018–2020,2021,SELECT,0,INSUFFICIENT,0,INSUFFICIENT,0,0,,,,,,,,,,{},{},0,"[null, null]"
terrain,era::2018–2020,2022,SELECT,0,INSUFFICIENT,0,INSUFFICIENT,0,0,,,,,,,,,,{},{},0,"[null, null]"
terrain,era::2018–2020,2023,SELECT,0,INSUFFICIENT,0,INSUFFICIENT,0,0,,,,,,,,,,{},{},0,"[null, null]"
terrain,era::2018–2020,2024,SELECT,0,INSUFFICIENT,0,INSUFFICIENT,0,0,,,,,,,,,,{},{},0,"[null, null]"
terrain,era::2018–2020,2025,SELECT,0,INSUFFICIENT,0,INSUFFICIENT,0,0,,,,,,,,,,{},{},0,"[null, null]"
terrain,era::2018–2020,2026,SELECT,0,INSUFFICIENT,0,INSUFFICIENT,0,0,,,,,,,,,,{},{},0,"[null, null]"
terrain,era::2021–2023,2018,LINEAR_MIN,0,INSUFFICIENT,0,INSUFFICIENT,0,0,,,,,,,,,,{},{},0,"[null, null]"
terrain,era::2021–2023,2019,LINEAR_MIN,0,INSUFFICIENT,0,INSUFFICIENT,0,0,,,,,,,,,,{},{},0,"[null, null]"
terrain,era::2021–2023,2020,LINEAR_MIN,0,INSUFFICIENT,0,INSUFFICIENT,0,0,,,,,,,,,,{},{},0,"[null, null]"
terrain,era::2021–2023,2021,LINEAR_MIN,492,NORMAL,239,NORMAL,166,73,0.69456066945606698,0.30543933054393307,0.64802003009013431,0.35197996990986569,-0.046540639365932668,0.619447309809947,0.21450237200519195,0,0,"{""2021"": 239}","{""2021"": 492}",43,"[0.6334711596008739, 0.7494947493161371]"
terrain,era::2021–2023,2022,LINEAR_MIN,505,NORMAL,268,NORMAL,171,97,0.63805970149253732,0.36194029850746268,0.67626926832571577,0.32373073167428423,0.038209566833178443,0.6229299099366713,0.21625363992962204,0,0,"{""2022"": 268}","{""2022"": 505}",42,"[0.5789487104962859, 0.6932687809821209]"
terrain,era::2021–2023,2023,LINEAR_MIN,505,NORMAL,258,NORMAL,158,100,0.61240310077519378,0.38759689922480622,0.65578412614604509,0.34421587385395491,0.043381025370851312,0.63796212606125868,0.22307539300030871,0,0,"{""2023"": 258}","{""2023"": 505}",43,"[0.551719360415051, 0.6697887241381966]"
terrain,era::2021–2023,2024,LINEAR_MIN,0,INSUFFICIENT,0,INSUFFICIENT,0,0,,,,,,,,,,{},{},0,"[null, null]"
terrain,era::2021–2023,2025,LINEAR_MIN,0,INSUFFICIENT,0,INSUFFICIENT,0,0,,,,,,,,,,{},{},0,"[null, null]"
terrain,era::2021–2023,2026,LINEAR_MIN,0,INSUFFICIENT,0,INSUFFICIENT,0,0,,,,,,,,,,{},{},0,"[null, null]"
terrain,era::2021–2023,2018,XGB,0,INSUFFICIENT,0,INSUFFICIENT,0,0,,,,,,,,,,{},{},0,"[null, null]"
terrain,era::2021–2023,2019,XGB,0,INSUFFICIENT,0,INSUFFICIENT,0,0,,,,,,,,,,{},{},0,"[null, null]"
terrain,era::2021–2023,2020,XGB,0,INSUFFICIENT,0,INSUFFICIENT,0,0,,,,,,,,,,{},{},0,"[null, null]"
terrain,era::2021–2023,2021,XGB,492,NORMAL,239,NORMAL,166,73,0.69456066945606698,0.30543933054393307,0.64969146301556835,0.35030853698443165,-0.044869206440498632,0.60508700256441372,0.20948519480687822,-0.014360307245533041,-0.0050171771983137546,"{""2021"": 239}","{""2021"": 492}",43,"[0.6334711596008739, 0.7494947493161371]"
terrain,era::2021–2023,2022,XGB,505,NORMAL,268,NORMAL,171,97,0.63805970149253732,0.36194029850746268,0.66269742697477341,0.33730257302522659,0.024637725482236084,0.62202834331077383,0.2166862808363684,-0.00090156662589731945,0.0004326409067463491,"{""2022"": 268}","{""2022"": 505}",42,"[0.5789487104962859, 0.6932687809821209]"
terrain,era::2021–2023,2023,XGB,505,NORMAL,258,NORMAL,158,100,0.61240310077519378,0.38759689922480622,0.64811179365298544,0.35188820634701456,0.035708692877791659,0.6507035941387006,0.22820430903993502,0.012741468077442057,0.0051289160396263082,"{""2023"": 258}","{""2023"": 505}",43,"[0.551719360415051, 0.6697887241381966]"
terrain,era::2021–2023,2024,XGB,0,INSUFFICIENT,0,INSUFFICIENT,0,0,,,,,,,,,,{},{},0,"[null, null]"
terrain,era::2021–2023,2025,XGB,0,INSUFFICIENT,0,INSUFFICIENT,0,0,,,,,,,,,,{},{},0,"[null, null]"
terrain,era::2021–2023,2026,XGB,0,INSUFFICIENT,0,INSUFFICIENT,0,0,,,,,,,,,,{},{},0,"[null, null]"
terrain,era::2021–2023,2018,LGBM,0,INSUFFICIENT,0,INSUFFICIENT,0,0,,,,,,,,,,{},{},0,"[null, null]"
terrain,era::2021–2023,2019,LGBM,0,INSUFFICIENT,0,INSUFFICIENT,0,0,,,,,,,,,,{},{},0,"[null, null]"
terrain,era::2021–2023,2020,LGBM,0,INSUFFICIENT,0,INSUFFICIENT,0,0,,,,,,,,,,{},{},0,"[null, null]"
terrain,era::2021–2023,2021,LGBM,492,NORMAL,239,NORMAL,166,73,0.69456066945606698,0.30543933054393307,0.65253976482117215,0.34746023517882785,-0.042020904634894829,0.60080145421498943,0.20745100620476631,-0.018645855594957503,-0.0070513658004256576,"{""2021"": 239}","{""2021"": 492}",43,"[0.6334711596008739, 0.7494947493161371]"
terrain,era::2021–2023,2022,LGBM,505,NORMAL,268,NORMAL,171,97,0.63805970149253732,0.36194029850746268,0.66934581647432745,0.33065418352567255,0.031286114981790125,0.62268923348759286,0.21712805704660568,-0.0002406764490783336,0.00087441711698363345,"{""2022"": 268}","{""2022"": 505}",42,"[0.5789487104962859, 0.6932687809821209]"
terrain,era::2021–2023,2023,LGBM,505,NORMAL,258,NORMAL,158,100,0.61240310077519378,0.38759689922480622,0.65410098628668012,0.34589901371331988,0.041697885511486343,0.65214481248541711,0.22882956748893304,0.014182686424158552,0.0057541744886243154,"{""2023"": 258}","{""2023"": 505}",43,"[0.551719360415051, 0.6697887241381966]"
terrain,era::2021–2023,2024,LGBM,0,INSUFFICIENT,0,INSUFFICIENT,0,0,,,,,,,,,,{},{},0,"[null, null]"
terrain,era::2021–2023,2025,LGBM,0,INSUFFICIENT,0,INSUFFICIENT,0,0,,,,,,,,,,{},{},0,"[null, null]"
terrain,era::2021–2023,2026,LGBM,0,INSUFFICIENT,0,INSUFFICIENT,0,0,,,,,,,,,,{},{},0,"[null, null]"
terrain,era::2021–2023,2018,CAT,0,INSUFFICIENT,0,INSUFFICIENT,0,0,,,,,,,,,,{},{},0,"[null, null]"
terrain,era::2021–2023,2019,CAT,0,INSUFFICIENT,0,INSUFFICIENT,0,0,,,,,,,,,,{},{},0,"[null, null]"
terrain,era::2021–2023,2020,CAT,0,INSUFFICIENT,0,INSUFFICIENT,0,0,,,,,,,,,,{},{},0,"[null, null]"
terrain,era::2021–2023,2021,CAT,492,NORMAL,239,NORMAL,166,73,0.69456066945606698,0.30543933054393307,0.64962164884395579,0.35037835115604421,-0.044939020612111191,0.61846481222612337,0.21454560802933348,-0.00098249758382341575,4.3236024141537867e-05,"{""2021"": 239}","{""2021"": 492}",43,"[0.6334711596008739, 0.7494947493161371]"
terrain,era::2021–2023,2022,CAT,505,NORMAL,268,NORMAL,171,97,0.63805970149253732,0.36194029850746268,0.67767813969803692,0.32232186030196308,0.039618438205499595,0.61318488008889949,0.21225890120226079,-0.0097450298477717145,-0.0039947387273612314,"{""2022"": 268}","{""2022"": 505}",42,"[0.5789487104962859, 0.6932687809821209]"
terrain,era::2021–2023,2023,CAT,505,NORMAL,258,NORMAL,158,100,0.61240310077519378,0.38759689922480622,0.64847261733949135,0.35152738266050865,0.036069516564297577,0.65049751224513708,0.22852189383756877,0.012535386183878533,0.0054465008372600737,"{""2023"": 258}","{""2023"": 505}",43,"[0.551719360415051, 0.6697887241381966]"
terrain,era::2021–2023,2024,CAT,0,INSUFFICIENT,0,INSUFFICIENT,0,0,,,,,,,,,,{},{},0,"[null, null]"
terrain,era::2021–2023,2025,CAT,0,INSUFFICIENT,0,INSUFFICIENT,0,0,,,,,,,,,,{},{},0,"[null, null]"
terrain,era::2021–2023,2026,CAT,0,INSUFFICIENT,0,INSUFFICIENT,0,0,,,,,,,,,,{},{},0,"[null, null]"
terrain,era::2021–2023,2018,SELECT,0,INSUFFICIENT,0,INSUFFICIENT,0,0,,,,,,,,,,{},{},0,"[null, null]"
terrain,era::2021–2023,2019,SELECT,0,INSUFFICIENT,0,INSUFFICIENT,0,0,,,,,,,,,,{},{},0,"[null, null]"
terrain,era::2021–2023,2020,SELECT,0,INSUFFICIENT,0,INSUFFICIENT,0,0,,,,,,,,,,{},{},0,"[null, null]"
terrain,era::2021–2023,2021,SELECT,492,NORMAL,239,NORMAL,166,73,0.69456066945606698,0.30543933054393307,0.64962164884395579,0.35037835115604421,-0.044939020612111191,0.61846481222612337,0.21454560802933348,-0.00098249758382341575,4.3236024141537867e-05,"{""2021"": 239}","{""2021"": 492}",43,"[0.6334711596008739, 0.7494947493161371]"
terrain,era::2021–2023,2022,SELECT,505,NORMAL,268,NORMAL,171,97,0.63805970149253732,0.36194029850746268,0.66934581647432745,0.33065418352567255,0.031286114981790125,0.62268923348759286,0.21712805704660568,-0.0002406764490783336,0.00087441711698363345,"{""2022"": 268}","{""2022"": 505}",42,"[0.5789487104962859, 0.6932687809821209]"
terrain,era::2021–2023,2023,SELECT,505,NORMAL,258,NORMAL,158,100,0.61240310077519378,0.38759689922480622,0.64847261733949135,0.35152738266050865,0.036069516564297577,0.65049751224513708,0.22852189383756877,0.012535386183878533,0.0054465008372600737,"{""2023"": 258}","{""2023"": 505}",43,"[0.551719360415051, 0.6697887241381966]"
terrain,era::2021–2023,2024,SELECT,0,INSUFFICIENT,0,INSUFFICIENT,0,0,,,,,,,,,,{},{},0,"[null, null]"
terrain,era::2021–2023,2025,SELECT,0,INSUFFICIENT,0,INSUFFICIENT,0,0,,,,,,,,,,{},{},0,"[null, null]"
terrain,era::2021–2023,2026,SELECT,0,INSUFFICIENT,0,INSUFFICIENT,0,0,,,,,,,,,,{},{},0,"[null, null]"
terrain,era::2024–2026,2018,LINEAR_MIN,0,INSUFFICIENT,0,INSUFFICIENT,0,0,,,,,,,,,,{},{},0,"[null, null]"
terrain,era::2024–2026,2019,LINEAR_MIN,0,INSUFFICIENT,0,INSUFFICIENT,0,0,,,,,,,,,,{},{},0,"[null, null]"
terrain,era::2024–2026,2020,LINEAR_MIN,0,INSUFFICIENT,0,INSUFFICIENT,0,0,,,,,,,,,,{},{},0,"[null, null]"
terrain,era::2024–2026,2021,LINEAR_MIN,0,INSUFFICIENT,0,INSUFFICIENT,0,0,,,,,,,,,,{},{},0,"[null, null]"
terrain,era::2024–2026,2022,LINEAR_MIN,0,INSUFFICIENT,0,INSUFFICIENT,0,0,,,,,,,,,,{},{},0,"[null, null]"
terrain,era::2024–2026,2023,LINEAR_MIN,0,INSUFFICIENT,0,INSUFFICIENT,0,0,,,,,,,,,,{},{},0,"[null, null]"
terrain,era::2024–2026,2024,LINEAR_MIN,502,NORMAL,223,NORMAL,141,82,0.63228699551569512,0.36771300448430494,0.67626617873349582,0.32373382126650418,0.043979183217800699,0.6221494494844465,0.2161258594298357,0,0,"{""2024"": 223}","{""2024"": 502}",42,"[0.5672589981607394, 0.6928345504644982]"
terrain,era::2024–2026,2025,LINEAR_MIN,504,NORMAL,252,NORMAL,163,89,0.64682539682539686,0.3531746031746032,0.66112830916367016,0.33887169083632984,0.014302912338273299,0.59856673120433668,0.20651851169843705,0,0,"{""2025"": 252}","{""2025"": 504}",42,"[0.586012616907334, 0.7032290108613021]"
terrain,era::2024–2026,2026,LINEAR_MIN,332,NORMAL,183,NORMAL,121,62,0.66120218579234968,0.33879781420765026,0.68731660857331678,0.31268339142668322,0.026114422780967095,0.56182699538545222,0.19214732456323771,0,0,"{""2026"": 183}","{""2026"": 332}",27,"[0.5899415114612316, 0.7258342289573894]"
terrain,era::2024–2026,2018,XGB,0,INSUFFICIENT,0,INSUFFICIENT,0,0,,,,,,,,,,{},{},0,"[null, null]"
terrain,era::2024–2026,2019,XGB,0,INSUFFICIENT,0,INSUFFICIENT,0,0,,,,,,,,,,{},{},0,"[null, null]"
terrain,era::2024–2026,2020,XGB,0,INSUFFICIENT,0,INSUFFICIENT,0,0,,,,,,,,,,{},{},0,"[null, null]"
terrain,era::2024–2026,2021,XGB,0,INSUFFICIENT,0,INSUFFICIENT,0,0,,,,,,,,,,{},{},0,"[null, null]"
terrain,era::2024–2026,2022,XGB,0,INSUFFICIENT,0,INSUFFICIENT,0,0,,,,,,,,,,{},{},0,"[null, null]"
terrain,era::2024–2026,2023,XGB,0,INSUFFICIENT,0,INSUFFICIENT,0,0,,,,,,,,,,{},{},0,"[null, null]"
terrain,era::2024–2026,2024,XGB,502,NORMAL,223,NORMAL,141,82,0.63228699551569512,0.36771300448430494,0.63734093883112408,0.36265906116887592,0.0050539433154289659,0.61865310813621444,0.21529332458659539,-0.0034963413482318809,-0.00083253484324028793,"{""2024"": 223}","{""2024"": 502}",42,"[0.5672589981607394, 0.6928345504644982]"
terrain,era::2024–2026,2025,XGB,504,NORMAL,252,NORMAL,163,89,0.64682539682539686,0.3531746031746032,0.66213772528701353,0.33786227471298647,0.015312328461616675,0.59173750772201394,0.20331156617053392,-0.0068292234823226017,-0.0032069455279031319,"{""2025"": 252}","{""2025"": 504}",42,"[0.586012616907334, 0.7032290108613021]"
terrain,era::2024–2026,2026,XGB,332,NORMAL,183,NORMAL,121,62,0.66120218579234968,0.33879781420765026,0.68686028020303758,0.31313971979696242,0.025658094410687893,0.57808975187123124,0.1980624512369111,0.016262756485778979,0.0059151266736733616,"{""2026"": 183}","{""2026"": 332}",27,"[0.5899415114612316, 0.7258342289573894]"
terrain,era::2024–2026,2018,LGBM,0,INSUFFICIENT,0,INSUFFICIENT,0,0,,,,,,,,,,{},{},0,"[null, null]"
terrain,era::2024–2026,2019,LGBM,0,INSUFFICIENT,0,INSUFFICIENT,0,0,,,,,,,,,,{},{},0,"[null, null]"
terrain,era::2024–2026,2020,LGBM,0,INSUFFICIENT,0,INSUFFICIENT,0,0,,,,,,,,,,{},{},0,"[null, null]"
terrain,era::2024–2026,2021,LGBM,0,INSUFFICIENT,0,INSUFFICIENT,0,0,,,,,,,,,,{},{},0,"[null, null]"
terrain,era::2024–2026,2022,LGBM,0,INSUFFICIENT,0,INSUFFICIENT,0,0,,,,,,,,,,{},{},0,"[null, null]"
terrain,era::2024–2026,2023,LGBM,0,INSUFFICIENT,0,INSUFFICIENT,0,0,,,,,,,,,,{},{},0,"[null, null]"
terrain,era::2024–2026,2024,LGBM,502,NORMAL,223,NORMAL,141,82,0.63228699551569512,0.36771300448430494,0.65096491170500459,0.34903508829499541,0.018677916189309474,0.60556381193635367,0.21006752456724104,-0.0165856375480927,-0.0060583348625946349,"{""2024"": 223}","{""2024"": 502}",42,"[0.5672589981607394, 0.6928345504644982]"
terrain,era::2024–2026,2025,LGBM,504,NORMAL,252,NORMAL,163,89,0.64682539682539686,0.3531746031746032,0.65949118018844366,0.34050881981155634,0.012665783363046801,0.59521926072543951,0.20480091680434606,-0.0033474704788969429,-0.0017175948940909814,"{""2025"": 252}","{""2025"": 504}",42,"[0.586012616907334, 0.7032290108613021]"
terrain,era::2024–2026,2026,LGBM,332,NORMAL,183,NORMAL,121,62,0.66120218579234968,0.33879781420765026,0.68458651055714936,0.31541348944285064,0.02338432476479968,0.59234254537541409,0.20286714558098051,0.030515549989961886,0.010719821017742793,"{""2026"": 183}","{""2026"": 332}",27,"[0.5899415114612316, 0.7258342289573894]"
terrain,era::2024–2026,2018,CAT,0,INSUFFICIENT,0,INSUFFICIENT,0,0,,,,,,,,,,{},{},0,"[null, null]"
terrain,era::2024–2026,2019,CAT,0,INSUFFICIENT,0,INSUFFICIENT,0,0,,,,,,,,,,{},{},0,"[null, null]"
terrain,era::2024–2026,2020,CAT,0,INSUFFICIENT,0,INSUFFICIENT,0,0,,,,,,,,,,{},{},0,"[null, null]"
terrain,era::2024–2026,2021,CAT,0,INSUFFICIENT,0,INSUFFICIENT,0,0,,,,,,,,,,{},{},0,"[null, null]"
terrain,era::2024–2026,2022,CAT,0,INSUFFICIENT,0,INSUFFICIENT,0,0,,,,,,,,,,{},{},0,"[null, null]"
terrain,era::2024–2026,2023,CAT,0,INSUFFICIENT,0,INSUFFICIENT,0,0,,,,,,,,,,{},{},0,"[null, null]"
terrain,era::2024–2026,2024,CAT,502,NORMAL,223,NORMAL,141,82,0.63228699551569512,0.36771300448430494,0.67154590303091866,0.32845409696908134,0.03925890751522354,0.61263090989191948,0.21285497587097432,-0.009518539592526961,-0.0032708835588613531,"{""2024"": 223}","{""2024"": 502}",42,"[0.5672589981607394, 0.6928345504644982]"
terrain,era::2024–2026,2025,CAT,504,NORMAL,252,NORMAL,163,89,0.64682539682539686,0.3531746031746032,0.65322871822002726,0.34677128177997274,0.0064033213946304013,0.59840048911909027,0.20616729308669898,-0.00016624208524632485,-0.00035121861173803922,"{""2025"": 252}","{""2025"": 504}",42,"[0.586012616907334, 0.7032290108613021]"
terrain,era::2024–2026,2026,CAT,332,NORMAL,183,NORMAL,121,62,0.66120218579234968,0.33879781420765026,0.68153519928369122,0.31846480071630878,0.020333013491341534,0.58304596077706583,0.19922256739723018,0.021218965391613592,0.007075242833992427,"{""2026"": 183}","{""2026"": 332}",27,"[0.5899415114612316, 0.7258342289573894]"
terrain,era::2024–2026,2018,SELECT,0,INSUFFICIENT,0,INSUFFICIENT,0,0,,,,,,,,,,{},{},0,"[null, null]"
terrain,era::2024–2026,2019,SELECT,0,INSUFFICIENT,0,INSUFFICIENT,0,0,,,,,,,,,,{},{},0,"[null, null]"
terrain,era::2024–2026,2020,SELECT,0,INSUFFICIENT,0,INSUFFICIENT,0,0,,,,,,,,,,{},{},0,"[null, null]"
terrain,era::2024–2026,2021,SELECT,0,INSUFFICIENT,0,INSUFFICIENT,0,0,,,,,,,,,,{},{},0,"[null, null]"
terrain,era::2024–2026,2022,SELECT,0,INSUFFICIENT,0,INSUFFICIENT,0,0,,,,,,,,,,{},{},0,"[null, null]"
terrain,era::2024–2026,2023,SELECT,0,INSUFFICIENT,0,INSUFFICIENT,0,0,,,,,,,,,,{},{},0,"[null, null]"
terrain,era::2024–2026,2024,SELECT,502,NORMAL,223,NORMAL,141,82,0.63228699551569512,0.36771300448430494,0.67154590303091866,0.32845409696908134,0.03925890751522354,0.61263090989191948,0.21285497587097432,-0.009518539592526961,-0.0032708835588613531,"{""2024"": 223}","{""2024"": 502}",42,"[0.5672589981607394, 0.6928345504644982]"
terrain,era::2024–2026,2025,SELECT,504,NORMAL,252,NORMAL,163,89,0.64682539682539686,0.3531746031746032,0.65949118018844366,0.34050881981155634,0.012665783363046801,0.59521926072543951,0.20480091680434606,-0.0033474704788969429,-0.0017175948940909814,"{""2025"": 252}","{""2025"": 504}",42,"[0.586012616907334, 0.7032290108613021]"
terrain,era::2024–2026,2026,SELECT,332,NORMAL,183,NORMAL,121,62,0.66120218579234968,0.33879781420765026,0.68458651055714936,0.31541348944285064,0.02338432476479968,0.59234254537541409,0.20286714558098051,0.030515549989961886,0.010719821017742793,"{""2026"": 183}","{""2026"": 332}",27,"[0.5899415114612316, 0.7258342289573894]"
